{"type":"FeatureCollection","features":[{"type":"Feature","geometry":{"type":"Polygon","coordinates":[[[-133.1969,56.335],[-133.1754,56.329],[-133.1735,56.3264],[-133.1788,56.325],[-133.1708,56.3258],[-133.1686,56.3188],[-133.1572,56.3151],[-133.1316,56.2837],[-133.1175,56.2754],[-133.1143,56.2639],[-133.0937,56.2496],[-133.0736,56.247],[-133.0683,56.2368],[-133.0729,56.2334],[-133.064,56.2193],[-133.0763,56.2008],[-133.0709,56.1935],[-133.0762,56.1914],[-133.0731,56.1874],[-133.0931,56.1763],[-133.0936,56.1709],[-133.104,56.1698],[-133.101,56.1659],[-133.1103,56.1494],[-133.1104,56.1545],[-133.1364,56.1545],[-133.1363,56.1402],[-133.1884,56.1402],[-133.1879,56.0822],[-133.1358,56.0819],[-133.1361,56.0679],[-133.1101,56.0679],[-133.1104,56.0386],[-133.0587,56.0389],[-133.0588,56.0452],[-133.0366,56.0502],[-133.0429,56.0536],[-133.0403,56.0558],[-133.0293,56.0519],[-133.0129,56.0562],[-132.9909,56.0411],[-132.9842,56.0526],[-132.9701,56.0377],[-132.9712,56.0206],[-132.9324,56.0125],[-132.9249,56.0225],[-132.9084,56.0293],[-132.904,56.0264],[-132.9045,56.0096],[-132.8916,56.0097],[-132.8916,55.9952],[-132.8787,55.9952],[-132.8786,55.988],[-132.7758,55.988],[-132.7757,55.9807],[-132.731,55.9807],[-132.7246,55.9669],[-132.6814,55.9765],[-132.3696,55.7992],[-132.1989,55.6344],[-132.2772,55.6338],[-132.0239,55.4539],[-131.9414,55.3128],[-131.855,55.0886],[-131.843,55.0891],[-131.8213,55.0582],[-131.7754,54.9688],[-131.8162,54.968],[-131.7943,54.944],[-131.7623,54.6868],[-131.2031,54.6913],[-131.0537,54.6872],[-130.7266,54.6699],[-130.6479,54.6489],[-130.6416,54.6807],[-130.6431,54.6947],[-130.6257,54.7381],[-130.659,54.7631],[-130.6289,54.7827],[-130.5682,54.7922],[-130.4594,54.8485],[-130.3445,54.9188],[-130.2733,54.974],[-130.1876,55.0628],[-130.1809,55.0913],[-130.1524,55.1246],[-130.1461,55.1428],[-130.1028,55.1926],[-129.9742,55.2819],[-129.9766,55.3004],[-130.0211,55.3379],[-130.0412,55.4517],[-130.0899,55.498],[-130.1279,55.581],[-130.1117,55.6829],[-130.1478,55.7149],[-130.1524,55.7663],[-130.1248,55.8056],[-130.0835,55.8217],[-130.0038,55.9074],[-130.0038,55.9119],[-130.0177,55.9119],[-130.0035,56.0081],[-130.1038,56.1228],[-130.2462,56.0964],[-130.3501,56.1285],[-130.426,56.1416],[-130.4679,56.2431],[-130.5405,56.2475],[-130.6233,56.2669],[-130.782,56.3668],[-131.0873,56.406],[-131.1735,56.4495],[-131.472,56.5527],[-131.5811,56.6122],[-131.8353,56.5992],[-131.8607,56.703],[-131.9011,56.7537],[-131.8729,56.806],[-132.1236,56.8736],[-132.116,56.8903],[-132.1602,56.9033],[-132.2144,56.8922],[-132.2389,56.8778],[-132.2358,56.8691],[-132.2423,56.8582],[-132.261,56.8555],[-132.2682,56.8479],[-132.279,56.8453],[-132.2841,56.8172],[-132.2984,56.811],[-132.2967,56.806],[-132.3033,56.7989],[-132.3461,56.7829],[-132.3442,56.7769],[-132.3485,56.7713],[-132.3682,56.7777],[-132.3824,56.7749],[-132.4011,56.7789],[-132.4134,56.7728],[-132.4315,56.7732],[-132.4398,56.7703],[-132.4497,56.7533],[-132.473,56.7298],[-132.4937,56.7283],[-132.5328,56.7137],[-132.5742,56.721],[-132.5932,56.6697],[-132.5669,56.6295],[-132.5401,56.6192],[-132.5416,56.6058],[-132.5183,56.5862],[-132.6014,56.5369],[-132.6827,56.5195],[-132.7289,56.494],[-132.7567,56.4844],[-132.8915,56.4835],[-132.956,56.4733],[-133.0069,56.4595],[-133.0435,56.4416],[-133.1691,56.3551],[-133.1416,56.3434],[-133.1969,56.335]]]},"properties":{"geoid":"02001","state":"02","district":"1","name":"State House District 1","chamber":"House"}},{"type":"Feature","geometry":{"type":"Polygon","coordinates":[[[-143.8933,59.9842],[-143.8933,59.9427],[-143.8622,59.9426],[-143.6427,59.9888],[-143.5395,59.9999],[-143.117,60.0195],[-142.826,60.0511],[-142.7574,60.0522],[-142.578,60.0435],[-142.4955,60.0331],[-142.4536,60.0203],[-142.2973,60.0118],[-142.1381,59.9875],[-142.0211,59.9772],[-141.9396,59.964],[-141.755,59.9187],[-141.4061,59.8238],[-141.0522,59.7378],[-140.9129,59.6985],[-140.6761,59.6689],[-140.4251,59.657],[-139.9028,59.498],[-139.7164,59.4343],[-139.5819,59.3784],[-139.3903,59.3174],[-139.2619,59.2816],[-138.967,59.2115],[-138.8739,59.1802],[-138.7585,59.1265],[-138.6377,59.0796],[-138.3499,59.0224],[-138.2525,58.9894],[-138.2241,58.9689],[-138.1154,58.9198],[-138.0215,58.8614],[-138.0115,58.8387],[-138.0271,58.8186],[-138.0293,58.8055],[-138.0171,58.7713],[-137.996,58.7495],[-137.8696,58.6916],[-137.7759,58.6408],[-137.7684,58.6272],[-137.7622,58.5965],[-137.7206,58.5709],[-137.6751,58.5548],[-137.6026,58.5417],[-137.4505,58.4643],[-137.3742,58.4409],[-137.3158,58.4101],[-137.2475,58.3928],[-137.1203,58.3297],[-137.0724,58.3236],[-137.0451,58.3301],[-137.0145,58.3443],[-136.9748,58.296],[-136.9378,58.2686],[-136.8978,58.2595],[-136.8807,58.2508],[-136.8552,58.2308],[-136.8532,58.2192],[-136.844,58.2068],[-136.8144,58.1888],[-136.762,58.1794],[-136.7115,58.1557],[-136.6584,58.1456],[-136.5906,58.152],[-136.5448,58.1644],[-136.5154,58.1806],[-136.5103,58.1535],[-136.6152,58.1207],[-136.6502,58.1026],[-136.6615,58.0638],[-136.6789,58.0363],[-136.6791,58.0143],[-136.6694,57.9986],[-136.6511,57.9938],[-136.6562,57.9785],[-136.6485,57.9583],[-136.6605,57.9389],[-136.6621,57.9203],[-136.6586,57.9015],[-136.6446,57.8838],[-136.6167,57.8692],[-136.5378,57.8477],[-136.4647,57.8373],[-136.4544,57.8307],[-136.4075,57.7499],[-136.2379,57.5345],[-136.0468,57.2718],[-135.8599,56.9924],[-135.1998,56.5064],[-134.846,56.234],[-134.6664,56.1476],[-134.5328,56.0283],[-134.4942,55.9996],[-134.4903,55.9927],[-134.493,55.9775],[-134.5125,55.9559],[-134.6016,55.9229],[-134.6221,55.9087],[-134.6385,55.8892],[-134.6457,55.8715],[-134.6413,55.8579],[-134.6023,55.8225],[-134.5694,55.804],[-134.421,55.7486],[-134.192,55.6931],[-134.0466,55.8505],[-134.0367,55.8809],[-134.027,55.892],[-134.0192,55.8649],[-134.0022,55.8473],[-134.0128,55.8197],[-134.0074,55.8059],[-133.9959,55.7952],[-133.9653,55.7807],[-133.9366,55.776],[-133.8962,55.7781],[-133.8557,55.7948],[-133.838,55.7933],[-133.849,55.7781],[-133.8485,55.7634],[-133.8318,55.7415],[-133.8796,55.7155],[-133.8877,55.6836],[-133.8675,55.6573],[-133.8422,55.6472],[-133.8127,55.6451],[-133.7982,55.6332],[-133.8139,55.603],[-133.8104,55.5864],[-133.8293,55.5709],[-133.8361,55.5461],[-133.8348,55.5333],[-133.8457,55.5252],[-133.8612,55.5016],[-133.8614,55.4806],[-133.8979,55.4591],[-133.9072,55.434],[-133.8972,55.4149],[-133.8739,55.3988],[-133.833,55.3886],[-133.7716,55.3943],[-133.7722,55.3791],[-133.7614,55.3463],[-133.7784,55.3196],[-133.7756,55.2822],[-133.7617,55.2658],[-133.7076,55.2294],[-133.6912,55.1985],[-133.6482,55.1815],[-133.6115,55.1765],[-133.6602,55.1172],[-133.767,55.0259],[-133.7905,55.0006],[-133.7845,54.9535],[-133.7561,54.8773],[-133.7416,54.8229],[-133.7245,54.795],[-133.6489,54.632],[-132.9257,54.659],[-131.7623,54.6868],[-131.7943,54.944],[-131.8162,54.968],[-131.7754,54.9688],[-131.8213,55.0582],[-131.843,55.0891],[-131.855,55.0886],[-131.9414,55.3128],[-132.0239,55.4539],[-132.2772,55.6338],[-132.1989,55.6344],[-132.3696,55.7992],[-132.6814,55.9765],[-132.7246,55.9669],[-132.731,55.9807],[-132.7757,55.9807],[-132.7758,55.988],[-132.8786,55.988],[-132.8787,55.9952],[-132.8916,55.9952],[-132.8916,56.0097],[-132.9045,56.0096],[-132.904,56.0264],[-132.9084,56.0293],[-132.9249,56.0225],[-132.9324,56.0125],[-132.9712,56.0206],[-132.9701,56.0377],[-132.9842,56.0526],[-132.9909,56.0411],[-133.0129,56.0562],[-133.0293,56.0519],[-133.0403,56.0558],[-133.0429,56.0536],[-133.0366,56.0502],[-133.0588,56.0452],[-133.0587,56.0389],[-133.1104,56.0386],[-133.1101,56.0679],[-133.1361,56.0679],[-133.1358,56.0819],[-133.1879,56.0822],[-133.1884,56.1402],[-133.1363,56.1402],[-133.1364,56.1545],[-133.1104,56.1545],[-133.1103,56.1494],[-133.101,56.1659],[-133.104,56.1698],[-133.0936,56.1709],[-133.0931,56.1763],[-133.0731,56.1874],[-133.0762,56.1914],[-133.0709,56.1935],[-133.0763,56.2008],[-133.064,56.2193],[-133.0729,56.2334],[-133.0683,56.2368],[-133.0736,56.247],[-133.0937,56.2496],[-133.1143,56.2639],[-133.1175,56.2754],[-133.1316,56.2837],[-133.1572,56.3151],[-133.1686,56.3188],[-133.1708,56.3258],[-133.1788,56.325],[-133.1735,56.3264],[-133.1754,56.329],[-133.1967,56.3356],[-133.1416,56.3434],[-133.1691,56.3551],[-133.049,56.4381],[-133.0128,56.4573],[-132.956,56.4733],[-132.8915,56.4835],[-132.7539,56.4851],[-132.6827,56.5195],[-132.6097,56.5332],[-132.5183,56.5862],[-132.5416,56.6058],[-132.5401,56.6192],[-132.5669,56.6295],[-132.5932,56.6697],[-132.5742,56.721],[-132.5328,56.7137],[-132.4937,56.7283],[-132.473,56.7298],[-132.4497,56.7533],[-132.4398,56.7703],[-132.4315,56.7732],[-132.4134,56.7728],[-132.4011,56.7789],[-132.3824,56.7749],[-132.3682,56.7777],[-132.3485,56.7713],[-132.3442,56.7769],[-132.3461,56.7829],[-132.3033,56.7989],[-132.2967,56.806],[-132.2984,56.811],[-132.2841,56.8172],[-132.279,56.8453],[-132.2682,56.8479],[-132.261,56.8555],[-132.2423,56.8582],[-132.2358,56.8691],[-132.2389,56.8778],[-132.2144,56.8922],[-132.1602,56.9033],[-132.116,56.8903],[-132.0452,57.0451],[-132.369,57.0915],[-132.2479,57.2113],[-132.3698,57.3497],[-132.5537,57.4965],[-132.6609,57.6167],[-132.7511,57.696],[-132.8694,57.8397],[-133.0701,58.0003],[-133.1723,58.1537],[-133.7017,57.7913],[-133.8134,57.8363],[-134.1784,58.1597],[-134.4178,58.1149],[-134.4226,58.1076],[-134.4476,58.0983],[-134.5106,58.0928],[-134.5384,58.0982],[-134.5477,58.0853],[-134.5673,58.0786],[-134.5602,58.0694],[-134.5513,58.0665],[-134.557,58.0556],[-134.5778,58.0541],[-134.5881,58.0597],[-134.6285,58.061],[-134.666,58.0324],[-134.6978,58.032],[-134.7234,58.0571],[-134.7632,58.0791],[-134.7847,58.0966],[-134.7769,58.099],[-134.7703,58.1163],[-134.7727,58.1665],[-134.7554,58.1749],[-134.7557,58.1867],[-134.743,58.1891],[-134.7097,58.2282],[-134.6954,58.2769],[-135.0714,58.4989],[-134.9985,58.1313],[-135.2518,58.1663],[-135.4551,58.318],[-135.4551,58.368],[-135.4586,58.3576],[-135.4667,58.3532],[-135.4928,58.3536],[-135.5118,58.36],[-135.5403,58.3448],[-135.5944,58.3709],[-135.6298,58.3806],[-135.6287,58.386],[-135.6376,58.3816],[-135.6551,58.385],[-135.7111,58.3776],[-135.7334,58.3675],[-135.8575,58.3673],[-135.8577,58.3871],[-135.9117,58.3786],[-136.0383,58.3821],[-136.0576,58.3936],[-136.062,58.4017],[-136.0558,58.4076],[-136.0605,58.4096],[-136.0559,58.4144],[-136.0626,58.4216],[-136.0643,58.4343],[-136.0869,58.4464],[-136.0877,58.4544],[-136.0757,58.4582],[-136.0725,58.4674],[-136.0976,58.4719],[-136.103,58.4782],[-136.0998,58.482],[-136.1047,58.4972],[-136.0958,58.5066],[-136.0991,58.5119],[-136.1205,58.5171],[-136.1459,58.5559],[-136.1616,58.567],[-136.1757,58.5685],[-136.1926,58.5832],[-136.1972,58.6027],[-136.2071,58.6144],[-136.2539,58.6332],[-136.281,58.6568],[-136.3517,58.6863],[-136.3769,58.7063],[-136.3876,58.7089],[-136.3916,58.718],[-136.4699,58.7403],[-136.4375,58.761],[-136.4491,58.768],[-136.4546,58.7783],[-136.4778,58.7835],[-136.4905,58.7971],[-136.5075,58.7992],[-136.5595,58.8312],[-136.5831,58.8393],[-136.6028,58.8407],[-136.6142,58.8467],[-136.6621,58.8419],[-136.6669,58.8439],[-136.6694,58.8543],[-136.7062,58.8588],[-136.7124,58.8664],[-136.745,58.8771],[-136.7714,58.8728],[-136.875,58.8886],[-136.8919,58.8861],[-136.9191,58.8968],[-136.9249,58.9001],[-136.9326,58.9224],[-136.9174,58.9344],[-136.9158,58.9416],[-136.9209,58.9522],[-136.9462,58.9722],[-136.968,58.9757],[-137.0036,58.9982],[-137,59.0031],[-137.007,59.0168],[-137.0162,59.0195],[-137.0305,59.0137],[-137.0457,59.0209],[-137.0686,59.0458],[-137.0681,59.0515],[-137.0753,59.054],[-137.1046,59.056],[-137.2828,59],[-137.4517,58.9083],[-137.5261,58.9064],[-137.5,58.9854],[-137.5421,59.1064],[-137.6074,59.2438],[-138.6262,59.7686],[-138.6686,59.8097],[-138.6795,59.8454],[-138.7074,59.9063],[-138.7985,59.9246],[-139.0537,59.9948],[-139.1988,60.0883],[-139.0721,60.3194],[-139.0748,60.3525],[-139.693,60.3352],[-139.9811,60.182],[-140.4582,60.3081],[-140.5204,60.2198],[-140.7688,60.2602],[-141.0018,60.3059],[-141.0018,60.3917],[-141.2134,60.3917],[-141.2135,60.4353],[-141.7906,60.4352],[-141.7912,60.523],[-143.1935,60.5218],[-143.8933,60.0242],[-143.8933,59.9842]]]},"properties":{"geoid":"02002","state":"02","district":"2","name":"State House District 2","chamber":"House"}},{"type":"Feature","geometry":{"type":"Polygon","coordinates":[[[-137.1046,59.056],[-137.0681,59.0515],[-137.0686,59.0458],[-137.0457,59.0209],[-137.0305,59.0137],[-137.0162,59.0195],[-137.007,59.0168],[-137,59.0031],[-137.0036,58.9982],[-136.968,58.9757],[-136.9462,58.9722],[-136.9209,58.9522],[-136.9158,58.9416],[-136.9174,58.9344],[-136.9326,58.9224],[-136.9249,58.9001],[-136.9191,58.8968],[-136.8919,58.8861],[-136.875,58.8886],[-136.7714,58.8728],[-136.745,58.8771],[-136.7124,58.8664],[-136.7062,58.8588],[-136.6694,58.8543],[-136.6669,58.8439],[-136.6621,58.8419],[-136.6142,58.8467],[-136.6028,58.8407],[-136.5831,58.8393],[-136.5595,58.8312],[-136.5075,58.7992],[-136.4905,58.7971],[-136.4778,58.7835],[-136.4546,58.7783],[-136.4491,58.768],[-136.4375,58.761],[-136.4699,58.7403],[-136.3916,58.718],[-136.3876,58.7089],[-136.3769,58.7063],[-136.3517,58.6863],[-136.281,58.6568],[-136.2539,58.6332],[-136.2071,58.6144],[-136.1972,58.6027],[-136.1926,58.5832],[-136.1757,58.5685],[-136.1616,58.567],[-136.1459,58.5559],[-136.1205,58.5171],[-136.0991,58.5119],[-136.0958,58.5066],[-136.1047,58.4972],[-136.0998,58.482],[-136.103,58.4782],[-136.0976,58.4719],[-136.0725,58.4674],[-136.0757,58.4582],[-136.0877,58.4544],[-136.0869,58.4464],[-136.0643,58.4343],[-136.0626,58.4216],[-136.0559,58.4144],[-136.0605,58.4096],[-136.0558,58.4076],[-136.062,58.4017],[-136.0576,58.3936],[-136.0383,58.3821],[-135.9117,58.3786],[-135.8577,58.3871],[-135.8575,58.3673],[-135.7334,58.3675],[-135.7111,58.3776],[-135.6551,58.385],[-135.6376,58.3816],[-135.6287,58.386],[-135.6298,58.3806],[-135.5944,58.3709],[-135.5403,58.3448],[-135.5118,58.36],[-135.4928,58.3536],[-135.4667,58.3532],[-135.4586,58.3576],[-135.4551,58.368],[-135.4551,58.318],[-135.2518,58.1663],[-134.9985,58.1313],[-135.0714,58.4989],[-134.7243,58.2939],[-134.6851,58.3161],[-134.6069,58.3417],[-134.6014,58.3595],[-134.5953,58.3615],[-134.5975,58.3719],[-134.5913,58.3733],[-134.5868,58.3822],[-134.5652,58.3833],[-134.565,58.3791],[-134.5565,58.3812],[-134.5531,58.3759],[-134.5155,58.3846],[-134.5134,58.392],[-134.5452,58.4132],[-134.5475,58.4177],[-134.5394,58.4206],[-134.5376,58.4272],[-134.5416,58.4224],[-134.5654,58.4234],[-134.5694,58.4315],[-134.5587,58.4453],[-134.5644,58.4589],[-134.54,58.4702],[-134.5508,58.4756],[-134.5532,58.4794],[-134.5485,58.4827],[-134.5683,58.4941],[-134.5812,58.4865],[-134.5748,58.4863],[-134.5797,58.48],[-134.5713,58.4842],[-134.5656,58.4747],[-134.58,58.4743],[-134.5927,58.4842],[-134.6049,58.485],[-134.5963,58.497],[-134.5859,58.4942],[-134.5715,58.4991],[-134.579,58.5036],[-134.5741,58.5079],[-134.6004,58.5085],[-134.571,58.5168],[-134.599,58.5218],[-134.5725,58.5206],[-134.5661,58.5342],[-134.5752,58.5324],[-134.5761,58.5386],[-134.5636,58.5424],[-134.5714,58.5435],[-134.5698,58.5462],[-134.5861,58.5421],[-134.5881,58.5342],[-134.5831,58.5371],[-134.5803,58.5313],[-134.6031,58.5223],[-134.6225,58.5274],[-134.5971,58.5335],[-134.603,58.5368],[-134.6327,58.5352],[-134.6524,58.5289],[-134.6922,58.532],[-134.6906,58.5407],[-134.6648,58.5407],[-134.6374,58.5472],[-134.6335,58.5604],[-134.6244,58.5695],[-134.6255,58.5815],[-134.6491,58.573],[-134.6602,58.5772],[-134.6582,58.5879],[-134.6474,58.5952],[-134.6585,58.5916],[-134.67,58.5944],[-134.6622,58.5894],[-134.6624,58.5823],[-134.6784,58.5792],[-134.6889,58.5804],[-134.681,58.5923],[-134.6885,58.594],[-134.6743,58.5968],[-134.6708,58.6018],[-134.6884,58.5964],[-134.7021,58.5981],[-134.6811,58.6112],[-134.6871,58.6181],[-134.6304,58.6525],[-134.6347,58.6592],[-134.658,58.6597],[-134.658,58.6647],[-134.6273,58.6664],[-134.6231,58.6725],[-134.6538,58.6814],[-134.6612,58.6937],[-134.6538,58.6909],[-134.6559,58.6982],[-134.6507,58.7093],[-134.6274,58.7227],[-134.5808,58.7322],[-134.5533,58.7511],[-134.4602,58.7707],[-134.4095,58.8064],[-134.3436,58.816],[-134.3004,58.817],[-134.2877,58.8254],[-134.292,58.8415],[-134.2836,58.8566],[-134.2674,58.8685],[-134.3365,58.9234],[-134.3135,58.9622],[-134.4071,58.9792],[-134.3819,59.0388],[-134.4471,59.0892],[-134.4834,59.1316],[-134.5656,59.1311],[-134.6791,59.1923],[-134.7007,59.249],[-134.9599,59.2809],[-135.0305,59.3463],[-134.9897,59.3871],[-135.101,59.4275],[-135.0773,59.4518],[-135.0276,59.4747],[-135.0289,59.5637],[-135.1178,59.6231],[-135.1576,59.6257],[-135.2198,59.6628],[-135.2337,59.6961],[-135.2528,59.6983],[-135.3601,59.7376],[-135.4792,59.798],[-135.9526,59.6622],[-136.1929,59.64],[-136.3539,59.5998],[-136.2398,59.5594],[-136.2385,59.5243],[-136.305,59.4645],[-136.3682,59.449],[-136.4772,59.4658],[-136.4774,59.3762],[-136.4692,59.2841],[-136.4958,59.2751],[-136.4897,59.2598],[-136.5844,59.1659],[-136.8287,59.16],[-136.8767,59.1362],[-137.1046,59.056]]]},"properties":{"geoid":"02003","state":"02","district":"3","name":"State House District 3","chamber":"House"}},{"type":"Feature","geometry":{"type":"Polygon","coordinates":[[[-134.7821,58.0968],[-134.7632,58.0791],[-134.7106,58.0476],[-134.6978,58.032],[-134.6788,58.0339],[-134.6731,58.0296],[-134.6285,58.061],[-134.5881,58.0597],[-134.5778,58.0541],[-134.557,58.0556],[-134.5513,58.0665],[-134.5602,58.0694],[-134.5673,58.0786],[-134.5477,58.0853],[-134.5384,58.0982],[-134.5106,58.0928],[-134.4476,58.0983],[-134.4226,58.1076],[-134.4178,58.1149],[-134.1784,58.1597],[-133.8134,57.8363],[-133.7017,57.7913],[-133.1723,58.1537],[-133.27,58.2271],[-133.3454,58.2763],[-133.4615,58.3877],[-133.3773,58.4305],[-133.5578,58.5231],[-133.7071,58.6123],[-133.8405,58.7294],[-133.9724,58.7673],[-134.2581,58.861],[-134.2674,58.8685],[-134.2836,58.8566],[-134.292,58.8415],[-134.2877,58.8254],[-134.3004,58.817],[-134.3436,58.816],[-134.4095,58.8064],[-134.4602,58.7707],[-134.5533,58.7511],[-134.5808,58.7322],[-134.6274,58.7227],[-134.6507,58.7093],[-134.6559,58.6982],[-134.6538,58.6909],[-134.6612,58.6937],[-134.6538,58.6814],[-134.6231,58.6725],[-134.6273,58.6664],[-134.658,58.6647],[-134.658,58.6597],[-134.6347,58.6592],[-134.6304,58.6525],[-134.6871,58.6181],[-134.6811,58.6112],[-134.7021,58.5981],[-134.6884,58.5964],[-134.6708,58.6018],[-134.6743,58.5968],[-134.6885,58.594],[-134.681,58.5923],[-134.6889,58.5804],[-134.6784,58.5792],[-134.6624,58.5823],[-134.6622,58.5894],[-134.67,58.5944],[-134.6585,58.5916],[-134.6474,58.5952],[-134.6582,58.5879],[-134.6602,58.5772],[-134.6491,58.573],[-134.6255,58.5815],[-134.6244,58.5695],[-134.6335,58.5604],[-134.6374,58.5472],[-134.6648,58.5407],[-134.6906,58.5407],[-134.6922,58.532],[-134.6524,58.5289],[-134.6327,58.5352],[-134.603,58.5368],[-134.5971,58.5335],[-134.6225,58.5274],[-134.6031,58.5223],[-134.5803,58.5313],[-134.5831,58.5371],[-134.5881,58.5342],[-134.5861,58.5421],[-134.5698,58.5462],[-134.5714,58.5435],[-134.5636,58.5424],[-134.5761,58.5386],[-134.5752,58.5324],[-134.5661,58.5342],[-134.5725,58.5206],[-134.599,58.5218],[-134.571,58.5168],[-134.6004,58.5085],[-134.5741,58.5079],[-134.579,58.5036],[-134.5715,58.4991],[-134.5859,58.4942],[-134.5963,58.497],[-134.6049,58.485],[-134.5927,58.4842],[-134.58,58.4743],[-134.5656,58.4747],[-134.5713,58.4842],[-134.5797,58.48],[-134.5748,58.4863],[-134.5812,58.4865],[-134.5683,58.4941],[-134.5485,58.4827],[-134.5532,58.4794],[-134.5508,58.4756],[-134.54,58.4702],[-134.5644,58.4589],[-134.5587,58.4453],[-134.5694,58.4315],[-134.5654,58.4234],[-134.5416,58.4224],[-134.5376,58.4272],[-134.539,58.421],[-134.5474,58.4166],[-134.5143,58.3931],[-134.5134,58.3867],[-134.5531,58.3759],[-134.5565,58.3812],[-134.5835,58.3839],[-134.5915,58.3731],[-134.5975,58.3719],[-134.5953,58.3615],[-134.6014,58.3595],[-134.6069,58.3417],[-134.6851,58.3161],[-134.7243,58.2939],[-134.6954,58.2769],[-134.7088,58.2312],[-134.743,58.1891],[-134.7557,58.1867],[-134.7554,58.1749],[-134.7727,58.1665],[-134.7703,58.1163],[-134.7769,58.099],[-134.7821,58.0968]]]},"properties":{"geoid":"02004","state":"02","district":"4","name":"State House District 4","chamber":"House"}},{"type":"Feature","geometry":{"type":"MultiPolygon","coordinates":[[[[-152.0226,59.2158],[-152.0336,59.206],[-151.9697,59.1786],[-151.979,59.1572],[-151.9814,59.1367],[-151.9715,59.1203],[-151.9499,59.1055],[-151.9197,59.0934],[-151.8554,59.0776],[-151.4442,59.0997],[-151.2553,59.1378],[-150.9922,59.1808],[-150.8011,59.2318],[-150.4565,59.3087],[-149.6213,59.5275],[-149.4675,59.7338],[-149.2696,59.8454],[-148.9802,59.8937],[-148.6055,59.8843],[-148.4372,59.8928],[-148.2185,59.8756],[-148.1007,59.8157],[-148.0397,59.769],[-147.9564,59.7441],[-147.8194,59.7367],[-147.6872,59.7417],[-147.5208,59.7741],[-147.3348,59.8339],[-147.281,59.8787],[-147.2809,59.9236],[-147.2711,59.9634],[-147.2417,59.9983],[-147.1616,60.053],[-147.1019,60.0813],[-146.9393,60.1038],[-146.1793,60.2801],[-145.9766,60.3147],[-145.8243,60.3151],[-145.6217,60.2558],[-145.3177,60.1797],[-145.098,60.1461],[-144.776,60.1296],[-144.6073,60.0783],[-144.5397,60.0101],[-144.6417,59.9244],[-144.7778,59.8299],[-144.7781,59.7786],[-144.6768,59.7274],[-144.5422,59.7193],[-144.4105,59.7463],[-144.1441,59.9195],[-144.0336,59.9197],[-143.9467,59.9308],[-143.8933,59.9427],[-143.8933,60.0242],[-143.1935,60.5218],[-141.966,60.5219],[-141.966,60.6086],[-142.8428,60.6085],[-142.8428,60.7775],[-143.3627,60.7775],[-143.3628,60.8642],[-143.7172,60.8642],[-143.7172,61.0375],[-144.4261,61.0375],[-144.4261,61.1241],[-144.4164,61.1241],[-144.4164,61.2108],[-144.8363,61.2108],[-144.8456,61.2005],[-144.8679,61.1919],[-144.8674,61.1849],[-144.8852,61.1768],[-144.9038,61.1539],[-144.8916,61.1447],[-144.8484,61.1312],[-144.8817,61.1355],[-144.8844,61.1292],[-144.9417,61.1126],[-144.9589,61.1131],[-144.9788,61.1204],[-144.9771,61.1251],[-144.9857,61.1336],[-144.9857,61.1615],[-145.01,61.1686],[-145.0374,61.1648],[-145.0623,61.1489],[-145.0771,61.1466],[-145.1547,61.1474],[-145.195,61.1564],[-145.2201,61.157],[-145.2401,61.149],[-145.2554,61.1316],[-145.2555,61.1258],[-145.2917,61.1218],[-145.3065,61.1148],[-145.3178,61.1147],[-145.3526,61.1451],[-145.4283,61.1365],[-145.4784,61.12],[-145.494,61.1082],[-145.501,61.0947],[-145.5185,61.084],[-145.565,61.0751],[-145.5602,61.0825],[-145.5612,61.0919],[-145.5798,61.1137],[-145.748,61.1053],[-145.7738,61.1098],[-145.8325,61.099],[-145.8364,61.1034],[-145.8438,61.1012],[-145.8438,61.023],[-146.6083,61.023],[-146.6102,61.0199],[-146.7299,61.023],[-146.7296,61.0496],[-146.7918,61.0389],[-146.7945,61.0307],[-146.8543,60.9933],[-146.8616,60.9746],[-146.8828,60.9612],[-146.9376,60.9385],[-146.979,60.9293],[-146.985,60.9364],[-147.0456,60.9415],[-147.0563,60.9464],[-147.146,60.9396],[-147.26,60.9173],[-147.2388,60.9036],[-147.2236,60.9093],[-147.2084,60.9077],[-147.2209,60.896],[-147.2231,60.8852],[-147.2105,60.892],[-147.2018,60.9065],[-147.1914,60.901],[-147.1715,60.9051],[-147.173,60.9003],[-147.1937,60.8929],[-147.1698,60.8963],[-147.1715,60.8873],[-147.1651,60.8878],[-147.1596,60.895],[-147.1682,60.8967],[-147.1503,60.9008],[-147.153,60.9075],[-147.1495,60.9108],[-147.1339,60.9134],[-147.0966,60.9028],[-147.095,60.8906],[-147.0786,60.899],[-147.0716,60.8939],[-147.0792,60.881],[-147.0916,60.8721],[-147.1395,60.853],[-147.1903,60.8591],[-147.1935,60.8625],[-147.175,60.8787],[-147.1789,60.8815],[-147.206,60.8726],[-147.2167,60.8732],[-147.2255,60.8823],[-147.2239,60.8736],[-147.2142,60.8701],[-147.2288,60.8651],[-147.2498,60.8723],[-147.3006,60.8714],[-147.319,60.8772],[-147.3644,60.8778],[-147.3834,60.8717],[-147.3728,60.8803],[-147.3766,60.8861],[-147.4094,60.8933],[-147.4306,60.8789],[-147.4234,60.8758],[-147.4207,60.8655],[-147.4332,60.8636],[-147.4554,60.8691],[-147.4535,60.8735],[-147.4613,60.8758],[-147.4533,60.8957],[-147.5155,60.8966],[-147.5867,60.8747],[-147.5683,60.8722],[-147.554,60.8769],[-147.5552,60.8734],[-147.5482,60.8686],[-147.5553,60.8681],[-147.5524,60.8635],[-147.5954,60.8662],[-147.6021,60.849],[-147.6645,60.8389],[-147.6678,60.8421],[-147.7445,60.8123],[-147.7691,60.813],[-147.777,60.8089],[-147.8253,60.8126],[-147.8732,60.8254],[-147.9137,60.8234],[-147.9199,60.8102],[-147.9647,60.8026],[-148.0344,60.7818],[-148.0483,60.7865],[-148.0993,60.7855],[-148.1345,60.7918],[-148.1896,60.7915],[-148.3479,60.8041],[-148.3571,60.8007],[-148.3874,60.8034],[-148.3914,60.8076],[-148.455,60.8027],[-148.4513,60.7906],[-148.4633,60.7835],[-148.5111,60.7809],[-148.5111,60.7763],[-148.6571,60.7763],[-148.6571,60.7619],[-148.7457,60.7619],[-148.7456,60.733],[-148.6571,60.733],[-148.6571,60.473],[-148.6645,60.473],[-148.6645,60.423],[-148.9452,60.4228],[-148.9383,60.413],[-148.9412,60.4096],[-148.928,60.4075],[-148.9212,60.4005],[-148.9284,60.3915],[-148.9242,60.3887],[-148.9259,60.3796],[-148.9168,60.3734],[-148.8747,60.3659],[-148.8729,60.3616],[-148.9472,60.3048],[-148.9642,60.2788],[-148.9834,60.2641],[-149.0328,60.25],[-149.0414,60.2551],[-149.0559,60.2481],[-149.066,60.2391],[-149.0646,60.2259],[-149.0738,60.2198],[-149.0745,60.2064],[-149.0651,60.2007],[-149.1534,60.179],[-149.1818,60.1646],[-149.172,60.1473],[-149.1845,60.1278],[-149.177,60.1238],[-149.202,60.1132],[-149.3592,60.1118],[-149.3592,60.1263],[-149.3882,60.1263],[-149.4462,60.1552],[-149.4752,60.1552],[-149.4749,60.0979],[-149.515,60.0985],[-149.5224,60.1013],[-149.5331,60.1754],[-149.5745,60.1783],[-149.5905,60.1951],[-149.5922,60.208],[-149.6217,60.2138],[-149.7349,60.2035],[-149.7344,60.188],[-149.7153,60.175],[-149.677,60.1647],[-149.6834,60.126],[-150.056,60.1244],[-150.0561,59.9556],[-150.2168,59.9541],[-150.2188,59.9009],[-150.2913,59.8666],[-150.2821,59.8538],[-150.3375,59.7569],[-150.3424,59.6958],[-150.7467,59.6943],[-150.7472,59.6788],[-150.76,59.6501],[-150.8172,59.6439],[-150.8167,59.5868],[-150.8514,59.5867],[-150.8439,59.5325],[-150.8698,59.5328],[-150.8718,59.479],[-150.9766,59.4702],[-150.9765,59.4328],[-150.7781,59.4328],[-150.7608,59.4191],[-150.7636,59.4081],[-150.7868,59.3782],[-150.8529,59.3421],[-150.8541,59.3369],[-150.8794,59.3217],[-150.8976,59.2799],[-150.8937,59.2724],[-150.8885,59.2736],[-150.8903,59.2686],[-150.8863,59.2688],[-150.8914,59.2641],[-150.8875,59.264],[-150.9417,59.2335],[-150.9624,59.1978],[-150.9926,59.2025],[-151.0054,59.2092],[-151.1271,59.2109],[-151.1652,59.2029],[-151.2299,59.2081],[-151.2488,59.2018],[-151.3032,59.2096],[-151.4598,59.2072],[-151.5751,59.174],[-151.5805,59.1655],[-151.5918,59.1621],[-151.6677,59.1647],[-151.7263,59.1556],[-151.7437,59.1577],[-151.7534,59.1645],[-151.7651,59.1775],[-151.7617,59.1911],[-151.8126,59.2042],[-151.8015,59.2089],[-151.8236,59.2028],[-151.8412,59.2115],[-151.8743,59.2122],[-151.9771,59.2552],[-152.0226,59.2158]]],[[[-146.5083,59.3907],[-146.4983,59.368],[-146.4693,59.35],[-146.4108,59.3357],[-146.3619,59.3355],[-146.2823,59.3485],[-146.2535,59.3577],[-146.2185,59.3835],[-146.187,59.3909],[-146.163,59.4032],[-146.1486,59.4188],[-146.1454,59.4352],[-146.1517,59.4496],[-146.1667,59.463],[-146.1711,59.4822],[-146.1855,59.497],[-146.21,59.5114],[-146.2429,59.52],[-146.2371,59.5324],[-146.2374,59.5446],[-146.2552,59.567],[-146.3011,59.5845],[-146.3585,59.5861],[-146.4005,59.5747],[-146.4264,59.5555],[-146.4327,59.5342],[-146.4206,59.5136],[-146.432,59.5001],[-146.4357,59.4872],[-146.4278,59.4667],[-146.4556,59.4539],[-146.4914,59.4231],[-146.5083,59.3907]]],[[[-152.4665,58.915],[-152.4526,58.8849],[-152.4259,58.8734],[-152.4138,58.8476],[-152.4014,58.8367],[-152.3609,58.823],[-152.3146,58.82],[-152.2755,58.8273],[-152.2496,58.8407],[-152.1954,58.8406],[-152.1341,58.8581],[-152.1086,58.8446],[-152.0668,58.833],[-152.0172,58.8285],[-151.9649,58.8448],[-151.9364,58.8674],[-151.8832,58.8807],[-151.8607,58.8999],[-151.8516,58.9173],[-151.8576,58.936],[-151.8678,58.9464],[-151.9372,58.9883],[-151.9649,58.9923],[-152.0196,59.0109],[-152.0589,59.012],[-152.0834,59.005],[-152.1454,59.0179],[-152.1882,59.0161],[-152.2457,58.9935],[-152.2727,59.0032],[-152.3235,59.0075],[-152.414,58.9922],[-152.4374,58.9735],[-152.4409,58.9661],[-152.4375,58.9484],[-152.4573,58.9345],[-152.4665,58.915]]],[[[-154.9337,57.2947],[-154.9312,57.2824],[-154.914,57.2667],[-154.8311,57.2306],[-154.7986,57.2275],[-154.7671,57.2145],[-154.6858,57.2142],[-154.6798,57.1981],[-154.6198,57.1624],[-154.6011,57.0364],[-154.6285,57.002],[-154.6086,56.9703],[-154.5775,56.9528],[-154.5024,56.9408],[-154.4401,56.9236],[-154.3877,56.8956],[-154.3932,56.849],[-154.3928,56.8397],[-154.3855,56.8303],[-154.2178,56.7205],[-154.2393,56.6929],[-154.2367,56.6676],[-154.3054,56.652],[-154.3521,56.6325],[-154.43,56.6546],[-154.4589,56.6531],[-154.5075,56.6588],[-154.5405,56.6558],[-154.5975,56.636],[-154.6687,56.5978],[-154.7581,56.5598],[-154.8124,56.5238],[-154.8938,56.4447],[-154.889,56.4126],[-154.8629,56.3839],[-154.7949,56.3593],[-154.7257,56.3552],[-154.6571,56.3732],[-154.6289,56.3861],[-154.582,56.4268],[-154.4982,56.4558],[-154.4299,56.4411],[-154.3783,56.4461],[-154.3406,56.4644],[-154.275,56.4466],[-154.2336,56.4435],[-154.1882,56.449],[-154.1533,56.46],[-154.1054,56.4501],[-154.0579,56.4484],[-153.9191,56.457],[-153.8812,56.4775],[-153.8247,56.4971],[-153.8066,56.5094],[-153.7624,56.5567],[-153.7582,56.5685],[-153.7649,56.5881],[-153.7909,56.6101],[-153.8421,56.6206],[-153.8834,56.6187],[-153.9051,56.6116],[-153.9821,56.609],[-153.9863,56.6259],[-153.9998,56.635],[-153.957,56.6333],[-153.9199,56.6425],[-153.9026,56.6533],[-153.8901,56.6717],[-153.8574,56.6764],[-153.8349,56.688],[-153.8004,56.6899],[-153.7835,56.6976],[-153.7476,56.745],[-153.7497,56.7591],[-153.7604,56.7765],[-153.7191,56.7787],[-153.6945,56.7856],[-153.6486,56.8042],[-153.6152,56.8344],[-153.5445,56.8424],[-153.4887,56.8637],[-153.4509,56.9003],[-153.4494,56.9134],[-153.4546,56.9264],[-153.4769,56.9413],[-153.4628,56.9477],[-153.4577,56.956],[-153.459,56.9638],[-153.4491,56.9708],[-153.4045,56.9508],[-153.3577,56.95],[-153.32,56.9409],[-153.2743,56.9427],[-153.2388,56.9523],[-153.2055,56.9532],[-153.1691,56.967],[-153.1468,56.9875],[-153.1215,57.0015],[-153.1104,57.0116],[-153.1114,57.0225],[-153.0983,57.0403],[-153.0012,57.0644],[-152.938,57.0662],[-152.9043,57.0724],[-152.8342,57.0944],[-152.7929,57.1229],[-152.7774,57.1414],[-152.7744,57.1606],[-152.7852,57.1925],[-152.8356,57.2174],[-152.7018,57.2249],[-152.6427,57.2354],[-152.5377,57.3008],[-152.526,57.3294],[-152.4156,57.3845],[-152.4021,57.3803],[-152.4021,57.3563],[-152.3831,57.3354],[-152.3377,57.3216],[-152.3149,57.3186],[-152.2585,57.3234],[-152.2274,57.332],[-152.1863,57.3532],[-152.1597,57.3804],[-152.1565,57.4059],[-152.1824,57.4248],[-152.2165,57.4382],[-152.2224,57.4753],[-152.0635,57.5712],[-152.0513,57.5954],[-152.0535,57.6037],[-152.031,57.6286],[-152.0349,57.6533],[-152.0461,57.6654],[-152.0798,57.6863],[-152.121,57.8046],[-152.138,57.8298],[-152.1824,57.8499],[-152.2552,57.8663],[-152.2289,57.9045],[-152.2202,57.9302],[-152.2356,57.9499],[-152.2656,57.9711],[-152.3117,57.9766],[-152.3334,58.0019],[-152.3802,58.0184],[-152.4145,58.0366],[-152.4589,58.0463],[-152.4745,58.0454],[-152.4533,58.0593],[-152.4042,58.0592],[-152.345,58.048],[-152.3123,58.0496],[-152.2607,58.0734],[-152.0553,58.1045],[-152.0335,58.1118],[-151.9664,58.1537],[-151.934,58.1257],[-151.8842,58.113],[-151.8417,58.1131],[-151.7822,58.1288],[-151.7346,58.1568],[-151.7066,58.1878],[-151.6983,58.2154],[-151.7014,58.2225],[-151.6905,58.2351],[-151.6966,58.2598],[-151.7252,58.2875],[-151.7552,58.3034],[-151.7073,58.3313],[-151.7023,58.3415],[-151.704,58.3573],[-151.7128,58.374],[-151.7287,58.3862],[-151.7505,58.3947],[-151.795,58.4006],[-151.824,58.3989],[-151.8545,58.3915],[-151.8952,58.3717],[-151.9323,58.3907],[-152.0243,58.4126],[-152.0719,58.44],[-152.1033,58.4472],[-152.1821,58.452],[-152.1819,58.4579],[-152.1163,58.4627],[-152.0798,58.4786],[-152.0609,58.5008],[-152.0655,58.5268],[-152.1135,58.5617],[-152.1537,58.5734],[-152.1828,58.574],[-152.179,58.5934],[-152.1893,58.6203],[-152.2116,58.6372],[-152.2129,58.6486],[-152.2477,58.6807],[-152.3126,58.7004],[-152.3426,58.7014],[-152.3848,58.6904],[-152.3808,58.7113],[-152.393,58.7305],[-152.4092,58.7419],[-152.4345,58.7508],[-152.4736,58.7573],[-152.5456,58.7424],[-152.5746,58.7253],[-152.61,58.6923],[-152.7191,58.6354],[-152.7329,58.6224],[-152.7346,58.6111],[-152.7675,58.5866],[-152.7751,58.5494],[-152.8197,58.5427],[-152.8469,58.5315],[-152.8617,58.52],[-152.8809,58.4898],[-152.9223,58.4722],[-153.1231,58.3302],[-153.1853,58.283],[-153.2,58.2663],[-153.2713,58.2385],[-153.2882,58.2255],[-153.3147,58.193],[-153.3675,58.1793],[-153.431,58.1282],[-153.4702,58.1087],[-153.5001,58.0796],[-153.5066,58.0662],[-153.5048,58.0403],[-153.4967,58.0278],[-153.4802,58.0188],[-153.5545,58.0028],[-153.6344,57.9714],[-153.7449,57.94],[-153.7866,57.9177],[-153.8246,57.927],[-153.8706,57.9288],[-153.9171,57.9166],[-153.9415,57.9004],[-153.9435,57.8857],[-153.9686,57.8749],[-153.9783,57.8615],[-154.1059,57.7886],[-154.1284,57.7707],[-154.2401,57.7155],[-154.2662,57.716],[-154.3297,57.6932],[-154.407,57.6905],[-154.4809,57.6319],[-154.5105,57.632],[-154.5727,57.6206],[-154.589,57.6129],[-154.6163,57.5938],[-154.6252,57.5729],[-154.6716,57.5571],[-154.723,57.528],[-154.7457,57.5071],[-154.7528,57.4872],[-154.7902,57.4614],[-154.8169,57.4243],[-154.8154,57.4128],[-154.8886,57.3819],[-154.9156,57.3499],[-154.9103,57.3351],[-154.9265,57.3164],[-154.9337,57.2947]]]]},"properties":{"geoid":"02005","state":"02","district":"5","name":"State House District 5","chamber":"House"}},{"type":"Feature","geometry":{"type":"Polygon","coordinates":[[[-152.3518,59.6923],[-152.3608,59.6801],[-151.8718,59.6727],[-151.8861,59.4169],[-151.8946,59.404],[-151.9087,59.3983],[-151.894,59.3931],[-151.8963,59.3889],[-151.89,59.3831],[-151.8726,59.3827],[-151.8641,59.3786],[-151.864,59.3733],[-151.8615,59.3764],[-151.8521,59.3724],[-151.8726,59.3728],[-151.7992,59.3571],[-151.7864,59.35],[-151.7811,59.3385],[-151.7818,59.3421],[-151.7754,59.3411],[-151.7788,59.3379],[-151.7722,59.335],[-151.7766,59.3335],[-151.7684,59.3261],[-151.7654,59.3285],[-151.7651,59.3233],[-151.7601,59.3239],[-151.7743,59.3203],[-151.7715,59.3134],[-151.7639,59.3153],[-151.7701,59.313],[-151.7795,59.3265],[-151.7907,59.3318],[-151.7988,59.3275],[-151.8027,59.3188],[-151.8779,59.3196],[-151.8765,59.3138],[-151.8935,59.3063],[-151.8909,59.3006],[-151.9216,59.3061],[-151.9372,59.3136],[-151.9417,59.3256],[-151.9613,59.3294],[-151.9714,59.3182],[-151.9911,59.3127],[-151.9907,59.3019],[-151.984,59.2975],[-151.9772,59.2812],[-151.9842,59.2742],[-151.976,59.2607],[-151.9792,59.2549],[-151.9193,59.2283],[-151.8743,59.2122],[-151.8412,59.2115],[-151.8236,59.2028],[-151.8015,59.2089],[-151.8126,59.2042],[-151.7617,59.1911],[-151.765,59.1773],[-151.7437,59.1577],[-151.7263,59.1556],[-151.6673,59.1647],[-151.5918,59.1621],[-151.5805,59.1655],[-151.5751,59.174],[-151.4598,59.2072],[-151.3032,59.2096],[-151.2488,59.2018],[-151.2299,59.2081],[-151.1652,59.2029],[-151.1271,59.2109],[-151.0054,59.2092],[-150.965,59.1969],[-150.9417,59.2335],[-150.8875,59.264],[-150.8914,59.2641],[-150.8863,59.2688],[-150.8903,59.2686],[-150.8885,59.2736],[-150.8937,59.2724],[-150.8976,59.2799],[-150.8794,59.3217],[-150.8541,59.3369],[-150.8529,59.3421],[-150.7868,59.3782],[-150.7636,59.4081],[-150.7608,59.4191],[-150.7781,59.4328],[-150.9765,59.4328],[-150.9766,59.4702],[-150.8718,59.479],[-150.8698,59.5328],[-150.8439,59.5325],[-150.8514,59.5867],[-150.8167,59.5868],[-150.8172,59.6439],[-150.76,59.6501],[-150.7472,59.6788],[-150.7467,59.6943],[-150.3424,59.6958],[-150.3375,59.7569],[-150.2821,59.8538],[-150.2913,59.8666],[-150.2188,59.9009],[-150.2168,59.9541],[-150.2736,59.9733],[-150.2784,59.992],[-150.3018,60.012],[-150.3181,60.0172],[-150.3526,60.0251],[-150.3772,60.0176],[-150.4313,60.0394],[-150.4431,60.0393],[-150.4612,60.0305],[-150.5177,60.0451],[-150.5567,60.0466],[-150.569,60.0578],[-150.5647,60.0563],[-150.5664,60.0642],[-150.5801,60.0704],[-150.6031,60.098],[-150.6204,60.1054],[-150.6144,60.1112],[-150.7097,60.1543],[-150.7562,60.1833],[-150.7489,60.1889],[-150.7571,60.2],[-150.7773,60.2088],[-150.8077,60.2135],[-150.8411,60.246],[-150.8873,60.2618],[-150.9102,60.2761],[-150.969,60.2798],[-150.9838,60.2901],[-151.0186,60.3004],[-151.0584,60.2981],[-151.0853,60.2902],[-151.1026,60.278],[-151.1069,60.2657],[-151.1255,60.2624],[-151.1636,60.2331],[-151.1754,60.2463],[-151.1692,60.2563],[-151.1902,60.2615],[-151.1896,60.2658],[-151.202,60.2747],[-151.2187,60.2768],[-151.2075,60.2828],[-151.2238,60.2864],[-151.214,60.291],[-151.2131,60.2998],[-151.1847,60.2999],[-151.1853,60.3607],[-151.1986,60.3591],[-151.1881,60.3645],[-151.1871,60.3722],[-151.1916,60.3723],[-151.193,60.3783],[-151.1478,60.4204],[-151.1238,60.4365],[-151.1475,60.4526],[-151.156,60.4526],[-151.1559,60.4571],[-151.1911,60.4468],[-151.2083,60.4249],[-151.2322,60.4235],[-151.2443,60.4257],[-151.2677,60.4543],[-151.2676,60.4604],[-151.2799,60.4694],[-151.7383,60.4779],[-151.7991,60.3966],[-151.8229,60.3513],[-151.9405,60.2496],[-152.3518,59.6923]]]},"properties":{"geoid":"02006","state":"02","district":"6","name":"State House District 6","chamber":"House"}},{"type":"Feature","geometry":{"type":"Polygon","coordinates":[[[-151.7305,60.4884],[-151.7383,60.4779],[-151.2799,60.4694],[-151.2676,60.4604],[-151.2677,60.4543],[-151.2443,60.4257],[-151.2322,60.4235],[-151.2083,60.4249],[-151.1911,60.4468],[-151.1559,60.4571],[-151.1558,60.4734],[-150.983,60.4739],[-150.9991,60.484],[-150.9992,60.5022],[-151.0284,60.5022],[-151.0294,60.5092],[-151.0586,60.5067],[-151.0579,60.5167],[-151.0814,60.5165],[-151.0832,60.5347],[-151.0725,60.5383],[-151.0726,60.5456],[-151.0873,60.5456],[-151.0873,60.5636],[-151.1161,60.5636],[-151.1162,60.5961],[-151.1308,60.5961],[-151.1308,60.6033],[-151.2484,60.6033],[-151.2483,60.5817],[-151.3082,60.5817],[-151.3082,60.5889],[-151.6815,60.5842],[-151.7305,60.4884]]]},"properties":{"geoid":"02007","state":"02","district":"7","name":"State House District 7","chamber":"House"}},{"type":"Feature","geometry":{"type":"Polygon","coordinates":[[[-151.6787,60.5902],[-151.6815,60.5842],[-151.3082,60.5889],[-151.3082,60.5817],[-151.2483,60.5817],[-151.2484,60.6033],[-151.1308,60.6033],[-151.1308,60.5961],[-151.1162,60.5961],[-151.1161,60.5636],[-151.0873,60.5636],[-151.0873,60.5456],[-151.0726,60.5456],[-151.0725,60.5383],[-151.0832,60.5347],[-151.0814,60.5165],[-151.0579,60.5167],[-151.0586,60.5067],[-151.0294,60.5092],[-151.0284,60.5022],[-150.9992,60.5022],[-150.9991,60.484],[-150.983,60.4739],[-151.1558,60.4734],[-151.156,60.4526],[-151.1475,60.4526],[-151.1238,60.4365],[-151.1478,60.4204],[-151.193,60.3783],[-151.1916,60.3723],[-151.1871,60.3722],[-151.1881,60.3645],[-151.1986,60.3591],[-151.1853,60.3607],[-151.1847,60.2999],[-151.2131,60.2998],[-151.214,60.291],[-151.2238,60.2864],[-151.2075,60.2828],[-151.2187,60.2768],[-151.202,60.2747],[-151.1896,60.2658],[-151.1902,60.2615],[-151.1692,60.2563],[-151.1754,60.2463],[-151.1636,60.2331],[-151.1255,60.2624],[-151.1069,60.2657],[-151.1026,60.278],[-151.0853,60.2902],[-151.0584,60.2981],[-151.0186,60.3004],[-150.9838,60.2901],[-150.969,60.2798],[-150.9123,60.2767],[-150.8873,60.2618],[-150.8411,60.246],[-150.8077,60.2135],[-150.7773,60.2088],[-150.7571,60.2],[-150.7489,60.1889],[-150.7562,60.1833],[-150.7097,60.1543],[-150.6144,60.1112],[-150.6204,60.1054],[-150.6031,60.098],[-150.5801,60.0704],[-150.5664,60.0642],[-150.5647,60.0563],[-150.569,60.0578],[-150.5567,60.0466],[-150.5177,60.0451],[-150.4612,60.0305],[-150.4431,60.0393],[-150.4313,60.0394],[-150.3772,60.0176],[-150.3526,60.0251],[-150.3181,60.0172],[-150.3018,60.012],[-150.2784,59.992],[-150.2736,59.9733],[-150.2168,59.9541],[-150.0561,59.9556],[-150.056,60.1244],[-149.6834,60.126],[-149.677,60.1647],[-149.7153,60.175],[-149.7344,60.188],[-149.7349,60.2035],[-149.6217,60.2138],[-149.5922,60.208],[-149.5905,60.1951],[-149.5757,60.1788],[-149.5331,60.1754],[-149.5224,60.1013],[-149.514,60.0983],[-149.4749,60.0979],[-149.4752,60.1552],[-149.4462,60.1552],[-149.3882,60.1263],[-149.3592,60.1263],[-149.3592,60.1118],[-149.202,60.1132],[-149.1794,60.1209],[-149.177,60.1238],[-149.1845,60.1278],[-149.172,60.1473],[-149.1818,60.1646],[-149.1534,60.179],[-149.0651,60.2007],[-149.0745,60.2064],[-149.0738,60.2198],[-149.0646,60.2259],[-149.066,60.2391],[-149.0559,60.2481],[-149.0414,60.2551],[-149.0328,60.25],[-148.9834,60.2641],[-148.9642,60.2788],[-148.9472,60.3048],[-148.8729,60.3616],[-148.8747,60.3659],[-148.9168,60.3734],[-148.9259,60.3796],[-148.9242,60.3887],[-148.9284,60.3915],[-148.9212,60.4005],[-148.928,60.4075],[-148.9412,60.4096],[-148.9383,60.413],[-148.9452,60.4228],[-148.6645,60.423],[-148.6645,60.473],[-148.6571,60.473],[-148.6571,60.733],[-149.0377,60.733],[-149.0341,60.8485],[-149.0637,60.8774],[-149.1819,60.9063],[-149.3594,60.9063],[-150.0692,61.0796],[-150.2465,61.0796],[-150.4242,61.1663],[-150.7791,61.0796],[-150.8926,61.04],[-151.022,61.0016],[-151.0975,60.9889],[-151.3775,60.9169],[-151.4864,60.8625],[-151.6458,60.6594],[-151.6787,60.5902]]]},"properties":{"geoid":"02008","state":"02","district":"8","name":"State House District 8","chamber":"House"}},{"type":"Feature","geometry":{"type":"Polygon","coordinates":[[[-149.8509,61.1087],[-149.8354,61.0937],[-149.8294,61.076],[-149.8346,61.0223],[-149.3594,60.9063],[-149.1819,60.9063],[-149.0637,60.8774],[-149.0341,60.8485],[-149.0377,60.733],[-148.7456,60.733],[-148.7457,60.7619],[-148.6571,60.7619],[-148.6571,60.7763],[-148.5111,60.7763],[-148.5111,60.8052],[-148.5407,60.8052],[-148.5407,60.8124],[-148.585,60.8124],[-148.585,60.8052],[-148.7458,60.8052],[-148.7459,60.8197],[-148.7383,60.8197],[-148.7384,60.8485],[-148.4721,60.8485],[-148.4721,61.0708],[-149.1602,61.0701],[-149.1611,61.0613],[-149.2205,61.1005],[-149.2299,61.0938],[-149.5623,61.0594],[-149.5333,61.1156],[-149.5367,61.1156],[-149.5365,61.1229],[-149.5444,61.1229],[-149.5442,61.1267],[-149.5667,61.1339],[-149.5737,61.1411],[-149.5818,61.141],[-149.5818,61.1486],[-149.5965,61.152],[-149.5967,61.1593],[-149.612,61.1628],[-149.6118,61.1664],[-149.7144,61.1665],[-149.7157,61.1099],[-149.8509,61.1087]]]},"properties":{"geoid":"02009","state":"02","district":"9","name":"State House District 9","chamber":"House"}},{"type":"Feature","geometry":{"type":"Polygon","coordinates":[[[-149.9664,61.0626],[-149.9674,61.0548],[-149.8346,61.0223],[-149.8294,61.076],[-149.8354,61.0937],[-149.8557,61.1149],[-149.8563,61.1448],[-149.8919,61.1446],[-149.922,61.1375],[-149.9224,61.1286],[-149.9354,61.1188],[-149.9322,61.1145],[-149.9424,61.1149],[-149.9623,61.0969],[-149.9664,61.0626]]]},"properties":{"geoid":"02010","state":"02","district":"10","name":"State House District 10","chamber":"House"}},{"type":"Feature","geometry":{"type":"Polygon","coordinates":[[[-149.8567,61.1375],[-149.8564,61.1173],[-149.851,61.1087],[-149.7148,61.1102],[-149.7144,61.1378],[-149.8567,61.1375]]]},"properties":{"geoid":"02011","state":"02","district":"11","name":"State House District 11","chamber":"House"}},{"type":"Feature","geometry":{"type":"Polygon","coordinates":[[[-149.8563,61.1445],[-149.8562,61.1375],[-149.7144,61.1378],[-149.7144,61.1665],[-149.7184,61.1664],[-149.7185,61.1805],[-149.8083,61.1808],[-149.809,61.1672],[-149.8563,61.1664],[-149.8563,61.1445]]]},"properties":{"geoid":"02012","state":"02","district":"12","name":"State House District 12","chamber":"House"}},{"type":"Feature","geometry":{"type":"Polygon","coordinates":[[[-149.9221,61.1519],[-149.922,61.1375],[-149.8919,61.1446],[-149.8563,61.1448],[-149.8563,61.1664],[-149.8381,61.1664],[-149.8382,61.1808],[-149.8866,61.1808],[-149.8865,61.1736],[-149.9172,61.1725],[-149.9127,61.1591],[-149.922,61.1591],[-149.9221,61.1519]]]},"properties":{"geoid":"02013","state":"02","district":"13","name":"State House District 13","chamber":"House"}},{"type":"Feature","geometry":{"type":"Polygon","coordinates":[[[-149.9364,61.1899],[-149.9289,61.1864],[-149.9278,61.1728],[-149.8865,61.1736],[-149.8866,61.1808],[-149.8382,61.1808],[-149.8383,61.2025],[-149.9132,61.1975],[-149.9297,61.1953],[-149.9274,61.1934],[-149.9364,61.1899]]]},"properties":{"geoid":"02014","state":"02","district":"14","name":"State House District 14","chamber":"House"}},{"type":"Feature","geometry":{"type":"Polygon","coordinates":[[[-150.0148,61.0669],[-149.9674,61.0548],[-149.9623,61.0969],[-149.9424,61.1149],[-149.9322,61.1145],[-149.9352,61.1192],[-149.9221,61.129],[-149.9221,61.1519],[-150.0117,61.152],[-150.0148,61.0669]]]},"properties":{"geoid":"02015","state":"02","district":"15","name":"State House District 15","chamber":"House"}},{"type":"Feature","geometry":{"type":"Polygon","coordinates":[[[-150.4099,61.1682],[-150.4242,61.1663],[-150.2465,61.0796],[-150.0692,61.0796],[-150.0148,61.0663],[-150.0117,61.152],[-149.9221,61.1519],[-149.922,61.1591],[-149.9127,61.1591],[-149.9172,61.1725],[-149.9278,61.1728],[-149.9289,61.1864],[-149.9364,61.1899],[-149.9274,61.1934],[-149.9312,61.2042],[-149.9033,61.2205],[-149.937,61.2229],[-149.9705,61.2322],[-149.9875,61.2241],[-150.4099,61.1682]]]},"properties":{"geoid":"02016","state":"02","district":"16","name":"State House District 16","chamber":"House"}},{"type":"Feature","geometry":{"type":"Polygon","coordinates":[[[-149.9324,61.202],[-149.9297,61.1953],[-149.8681,61.1978],[-149.8682,61.2016],[-149.8383,61.2025],[-149.8383,61.2077],[-149.8233,61.2097],[-149.8234,61.2133],[-149.8266,61.2176],[-149.9037,61.2202],[-149.9324,61.202]]]},"properties":{"geoid":"02017","state":"02","district":"17","name":"State House District 17","chamber":"House"}},{"type":"Feature","geometry":{"type":"Polygon","coordinates":[[[-149.9686,61.2332],[-149.937,61.2229],[-149.9037,61.2186],[-149.8367,61.2176],[-149.8313,61.2277],[-149.8159,61.2278],[-149.8139,61.2315],[-149.7935,61.2313],[-149.7917,61.2244],[-149.7185,61.2206],[-149.7115,61.2242],[-149.7116,61.2322],[-149.6492,61.2579],[-149.6357,61.2677],[-149.6317,61.2778],[-149.5962,61.2879],[-149.5893,61.2982],[-149.6076,61.2981],[-149.6177,61.291],[-149.6352,61.2882],[-149.6589,61.2937],[-149.6682,61.2886],[-149.688,61.2935],[-149.7148,61.2867],[-149.7116,61.2895],[-149.7297,61.2954],[-149.7429,61.2909],[-149.7484,61.2964],[-149.7783,61.2963],[-149.779,61.3269],[-149.8163,61.3382],[-149.8976,61.2674],[-149.9686,61.2332]]]},"properties":{"geoid":"02018","state":"02","district":"18","name":"State House District 18","chamber":"House"}},{"type":"Feature","geometry":{"type":"Polygon","coordinates":[[[-149.8383,61.2077],[-149.8383,61.1954],[-149.813,61.1989],[-149.8084,61.2047],[-149.7935,61.2043],[-149.7935,61.2313],[-149.8313,61.2277],[-149.8367,61.2176],[-149.8266,61.2176],[-149.8233,61.2097],[-149.8383,61.2077]]]},"properties":{"geoid":"02019","state":"02","district":"19","name":"State House District 19","chamber":"House"}},{"type":"Feature","geometry":{"type":"Polygon","coordinates":[[[-149.8383,61.1954],[-149.8381,61.1664],[-149.809,61.1672],[-149.8083,61.1808],[-149.7634,61.1808],[-149.7625,61.2025],[-149.7784,61.2025],[-149.7784,61.2097],[-149.7934,61.2097],[-149.7935,61.2043],[-149.8084,61.2047],[-149.813,61.1989],[-149.8383,61.1954]]]},"properties":{"geoid":"02020","state":"02","district":"20","name":"State House District 20","chamber":"House"}},{"type":"Feature","geometry":{"type":"Polygon","coordinates":[[[-149.7784,61.2097],[-149.7784,61.2025],[-149.7625,61.2025],[-149.7634,61.1808],[-149.7185,61.1805],[-149.7183,61.2098],[-149.7784,61.2097]]]},"properties":{"geoid":"02021","state":"02","district":"21","name":"State House District 21","chamber":"House"}},{"type":"Feature","geometry":{"type":"Polygon","coordinates":[[[-149.7934,61.2198],[-149.7934,61.2097],[-149.7183,61.2098],[-149.7185,61.2206],[-149.7335,61.2206],[-149.7335,61.2242],[-149.7917,61.2244],[-149.7934,61.2198]]]},"properties":{"geoid":"02022","state":"02","district":"22","name":"State House District 22","chamber":"House"}},{"type":"Feature","geometry":{"type":"Polygon","coordinates":[[[-149.7187,61.2224],[-149.7184,61.1664],[-149.6118,61.1664],[-149.612,61.1628],[-149.5967,61.1593],[-149.5965,61.152],[-149.5818,61.1486],[-149.5818,61.141],[-149.5737,61.1411],[-149.5667,61.1339],[-149.5442,61.1267],[-149.5444,61.1229],[-149.5365,61.1229],[-149.5367,61.1156],[-149.5333,61.1156],[-149.5623,61.0594],[-149.2299,61.0938],[-149.2205,61.1005],[-149.1611,61.0613],[-149.1602,61.0701],[-148.9363,61.0713],[-148.9329,61.0831],[-148.9187,61.093],[-148.9029,61.1264],[-148.9118,61.1366],[-148.9532,61.1367],[-148.9643,61.1437],[-148.9722,61.1567],[-148.9709,61.1742],[-148.9847,61.1875],[-148.9957,61.1916],[-149.0497,61.1932],[-149.0625,61.1987],[-149.066,61.2076],[-149.147,61.2224],[-149.1583,61.2314],[-149.1577,61.2395],[-149.1861,61.2562],[-149.1939,61.2667],[-149.2298,61.2793],[-149.2605,61.2791],[-149.2827,61.2898],[-149.342,61.3074],[-149.3568,61.3066],[-149.4058,61.3242],[-149.4392,61.3206],[-149.4641,61.3248],[-149.4706,61.3187],[-149.5151,61.3222],[-149.5108,61.3148],[-149.5389,61.3155],[-149.5411,61.323],[-149.5704,61.327],[-149.571,61.3203],[-149.5843,61.3199],[-149.5845,61.3083],[-149.5938,61.2893],[-149.631,61.2783],[-149.6357,61.2677],[-149.6474,61.2589],[-149.7116,61.2322],[-149.7115,61.2242],[-149.7187,61.2224]]]},"properties":{"geoid":"02023","state":"02","district":"23","name":"State House District 23","chamber":"House"}},{"type":"Feature","geometry":{"type":"Polygon","coordinates":[[[-149.8163,61.3382],[-149.779,61.3269],[-149.7783,61.2963],[-149.7484,61.2964],[-149.7429,61.2909],[-149.7297,61.2954],[-149.7116,61.2895],[-149.7148,61.2867],[-149.688,61.2935],[-149.6682,61.2886],[-149.6589,61.2937],[-149.6352,61.2882],[-149.6177,61.291],[-149.6076,61.2981],[-149.5893,61.2982],[-149.5843,61.3199],[-149.5713,61.3202],[-149.5707,61.3267],[-149.5644,61.3287],[-149.5404,61.3227],[-149.5389,61.3155],[-149.5096,61.3148],[-149.5151,61.3222],[-149.4706,61.3187],[-149.4641,61.3248],[-149.4392,61.3206],[-149.4058,61.3242],[-149.3568,61.3066],[-149.342,61.3074],[-149.2827,61.2898],[-149.2605,61.2791],[-149.2298,61.2793],[-149.1939,61.2667],[-149.1861,61.2562],[-149.1678,61.2488],[-149.1577,61.2395],[-149.1583,61.2314],[-149.147,61.2224],[-149.066,61.2076],[-149.0625,61.1987],[-149.0497,61.1932],[-148.9957,61.1916],[-148.9709,61.1742],[-148.9722,61.1567],[-148.9643,61.1437],[-148.9532,61.1367],[-148.9219,61.1379],[-148.9045,61.1319],[-148.9029,61.1264],[-148.9187,61.093],[-148.9329,61.0831],[-148.9363,61.0713],[-148.4721,61.0708],[-148.4721,61.1663],[-148.4624,61.1663],[-148.4625,61.4263],[-149.1801,61.4262],[-149.18,61.4551],[-149.2404,61.4551],[-149.2404,61.484],[-149.3594,61.484],[-149.7484,61.3974],[-149.8163,61.3382]]]},"properties":{"geoid":"02024","state":"02","district":"24","name":"State House District 24","chamber":"House"}},{"type":"Feature","geometry":{"type":"Polygon","coordinates":[[[-149.2509,61.5051],[-149.2436,61.4975],[-149.2498,61.484],[-149.2404,61.484],[-149.2404,61.4551],[-149.18,61.4551],[-149.1801,61.4262],[-148.4825,61.429],[-148.5138,61.4399],[-148.5432,61.4404],[-148.5533,61.4325],[-148.5695,61.4322],[-148.5872,61.4387],[-148.5668,61.4429],[-148.5727,61.4497],[-148.6435,61.4662],[-148.7678,61.4662],[-148.7913,61.4721],[-148.774,61.4826],[-148.9408,61.5255],[-148.9339,61.5283],[-148.9398,61.5321],[-148.9229,61.5366],[-148.8963,61.5369],[-148.8954,61.5317],[-148.8855,61.5295],[-148.8904,61.5252],[-148.881,61.5311],[-148.8836,61.535],[-148.8843,61.5301],[-148.8942,61.5318],[-148.8964,61.5373],[-148.9142,61.5354],[-148.9099,61.5466],[-148.928,61.5481],[-148.939,61.5571],[-148.9336,61.5575],[-148.9369,61.5538],[-148.9301,61.5504],[-148.9171,61.5506],[-148.9226,61.556],[-148.9091,61.5607],[-148.8728,61.5867],[-148.891,61.599],[-148.8913,61.6064],[-148.9066,61.6175],[-148.9058,61.6214],[-148.8925,61.6264],[-148.8859,61.6372],[-148.8402,61.6573],[-148.8803,61.6686],[-148.8855,61.674],[-148.8835,61.6832],[-148.8924,61.6902],[-148.8925,61.7021],[-148.9307,61.702],[-148.9504,61.6956],[-148.9472,61.6874],[-148.9517,61.6849],[-148.9908,61.6755],[-149.0591,61.6716],[-149.0895,61.6573],[-149.1081,61.6545],[-149.1169,61.6463],[-149.1562,61.6462],[-149.1524,61.64],[-149.1393,61.6389],[-149.1424,61.6283],[-149.1798,61.6283],[-149.1894,61.6331],[-149.2311,61.6191],[-149.2376,61.613],[-149.2086,61.61],[-149.2087,61.5993],[-149.1781,61.5994],[-149.178,61.5456],[-149.1726,61.5362],[-149.1916,61.5235],[-149.2136,61.5202],[-149.2088,61.5166],[-149.2119,61.5137],[-149.2509,61.5051]]]},"properties":{"geoid":"02025","state":"02","district":"25","name":"State House District 25","chamber":"House"}},{"type":"Feature","geometry":{"type":"Polygon","coordinates":[[[-149.7724,61.5143],[-149.6731,61.5127],[-149.6731,61.508],[-149.6589,61.508],[-149.6229,61.5171],[-149.6339,61.5104],[-149.6355,61.5046],[-149.6125,61.4961],[-149.6152,61.4945],[-149.5849,61.4338],[-149.3594,61.484],[-149.2498,61.484],[-149.2436,61.4975],[-149.2511,61.5051],[-149.2119,61.5137],[-149.2088,61.5166],[-149.2136,61.5202],[-149.184,61.5265],[-149.1724,61.5392],[-149.178,61.5456],[-149.1781,61.5994],[-149.2434,61.5995],[-149.2505,61.581],[-149.2665,61.5626],[-149.3536,61.571],[-149.3599,61.5633],[-149.4505,61.5597],[-149.4532,61.5639],[-149.5598,61.5461],[-149.5713,61.548],[-149.5714,61.5543],[-149.6017,61.5506],[-149.6018,61.5558],[-149.6319,61.5553],[-149.6321,61.5752],[-149.6496,61.5764],[-149.6957,61.5681],[-149.7225,61.5744],[-149.7246,61.5564],[-149.7542,61.5548],[-149.7551,61.5465],[-149.7507,61.5463],[-149.7552,61.542],[-149.7526,61.5309],[-149.7564,61.5189],[-149.7724,61.5143]]]},"properties":{"geoid":"02026","state":"02","district":"26","name":"State House District 26","chamber":"House"}},{"type":"Feature","geometry":{"type":"Polygon","coordinates":[[[-149.723,61.6295],[-149.7225,61.5744],[-149.6957,61.5681],[-149.6496,61.5764],[-149.6321,61.5752],[-149.6319,61.5553],[-149.6018,61.5558],[-149.6017,61.5506],[-149.5714,61.5543],[-149.5713,61.548],[-149.5595,61.5461],[-149.4532,61.5639],[-149.4505,61.5597],[-149.3599,61.5633],[-149.3535,61.5711],[-149.3598,61.5712],[-149.3599,61.5785],[-149.3825,61.5813],[-149.375,61.5742],[-149.3901,61.5742],[-149.3901,61.5778],[-149.3977,61.5763],[-149.3988,61.5826],[-149.4017,61.5793],[-149.4204,61.5846],[-149.4204,61.5994],[-149.4982,61.5995],[-149.4963,61.6066],[-149.5115,61.6067],[-149.5115,61.6282],[-149.4859,61.6305],[-149.4808,61.6444],[-149.4853,61.649],[-149.5155,61.6413],[-149.5408,61.648],[-149.5603,61.6427],[-149.5786,61.644],[-149.595,61.6503],[-149.5972,61.6458],[-149.6213,61.6474],[-149.649,61.6389],[-149.6634,61.642],[-149.7019,61.6332],[-149.7158,61.6368],[-149.7228,61.6351],[-149.723,61.6295]]]},"properties":{"geoid":"02027","state":"02","district":"27","name":"State House District 27","chamber":"House"}},{"type":"Feature","geometry":{"type":"Polygon","coordinates":[[[-149.5116,61.6247],[-149.5115,61.6067],[-149.4963,61.6066],[-149.4982,61.5995],[-149.4204,61.5994],[-149.4204,61.5846],[-149.4017,61.5793],[-149.3988,61.5826],[-149.3977,61.5763],[-149.375,61.5742],[-149.375,61.5778],[-149.3826,61.5778],[-149.3825,61.5813],[-149.375,61.5814],[-149.3599,61.5785],[-149.3598,61.5712],[-149.2977,61.5629],[-149.2665,61.5626],[-149.2505,61.581],[-149.2434,61.5995],[-149.2087,61.5993],[-149.2086,61.61],[-149.2442,61.6142],[-149.3963,61.6138],[-149.3868,61.62],[-149.3898,61.6396],[-149.4433,61.6355],[-149.446,61.649],[-149.4814,61.644],[-149.4814,61.6345],[-149.4859,61.6305],[-149.5115,61.6282],[-149.5116,61.6247]]]},"properties":{"geoid":"02028","state":"02","district":"28","name":"State House District 28","chamber":"House"}},{"type":"Feature","geometry":{"type":"Polygon","coordinates":[[[-150.0069,62.6178],[-149.9955,62.6068],[-149.9088,62.5751],[-149.8789,62.5376],[-149.8459,62.5436],[-149.8164,62.5355],[-149.8551,62.5216],[-149.868,62.5098],[-149.8632,62.5022],[-149.8465,62.5021],[-149.8301,62.5095],[-149.8145,62.506],[-149.747,62.5096],[-149.6526,62.4919],[-149.6898,62.4771],[-149.6704,62.455],[-149.6794,62.4473],[-149.6968,62.4449],[-149.6884,62.4374],[-149.6947,62.424],[-149.7338,62.4134],[-149.7377,62.4091],[-149.7355,62.4034],[-149.7458,62.3998],[-149.749,62.3908],[-149.7965,62.3741],[-149.7279,62.3781],[-149.7218,62.3714],[-149.7005,62.3655],[-149.6952,62.3713],[-149.6881,62.3684],[-149.6579,62.3733],[-149.6412,62.3639],[-149.5764,62.3642],[-149.575,62.3597],[-149.5388,62.3462],[-149.5334,62.3382],[-149.4804,62.3206],[-149.4736,62.31],[-149.4618,62.3042],[-149.3506,62.3018],[-149.3268,62.2972],[-149.3276,62.2937],[-149.3027,62.2801],[-149.2573,62.2684],[-149.274,62.2517],[-149.2915,62.2069],[-149.3092,62.1866],[-149.3338,62.1721],[-149.3716,62.1668],[-149.38,62.1588],[-149.3765,62.1526],[-149.3824,62.1423],[-149.4093,62.1277],[-149.4291,62.1227],[-149.3732,62.117],[-149.2994,62.093],[-149.2322,62.078],[-149.1956,62.0779],[-149.1686,62.0864],[-149.154,62.0745],[-149.1659,61.9475],[-149.1693,61.9451],[-149.1665,61.9388],[-149.1752,61.9249],[-149.1766,61.907],[-149.183,61.9014],[-149.1811,61.8874],[-149.1878,61.8843],[-149.187,61.8702],[-149.1954,61.8673],[-149.1945,61.8571],[-149.2538,61.8479],[-149.2742,61.8369],[-149.2738,61.8275],[-149.2884,61.8116],[-149.3047,61.8077],[-149.3097,61.7973],[-149.3012,61.7842],[-149.311,61.7737],[-149.3064,61.7676],[-149.311,61.7598],[-149.3222,61.7495],[-149.3559,61.7406],[-149.3714,61.7302],[-149.3908,61.7283],[-149.3838,61.7189],[-149.3898,61.7123],[-149.3879,61.7012],[-149.366,61.6862],[-149.4134,61.6862],[-149.4048,61.6777],[-149.4235,61.6708],[-149.428,61.659],[-149.4771,61.6548],[-149.4814,61.644],[-149.446,61.649],[-149.4433,61.6355],[-149.3898,61.6396],[-149.3868,61.62],[-149.3963,61.6138],[-149.2376,61.613],[-149.1945,61.6325],[-149.1424,61.6283],[-149.1393,61.6389],[-149.1524,61.64],[-149.1562,61.6462],[-149.1169,61.6463],[-149.1081,61.6545],[-149.0895,61.6573],[-149.0591,61.6716],[-148.9908,61.6755],[-148.9517,61.6849],[-148.9472,61.6874],[-148.9504,61.6956],[-148.9284,61.7026],[-148.8921,61.7021],[-148.8924,61.6902],[-148.8835,61.6832],[-148.8855,61.674],[-148.8803,61.6686],[-148.8402,61.6573],[-148.8859,61.6372],[-148.8925,61.6264],[-148.9058,61.6214],[-148.9066,61.6175],[-148.8913,61.6064],[-148.891,61.599],[-148.8728,61.5867],[-148.9091,61.5607],[-148.9226,61.556],[-148.9171,61.5506],[-148.9301,61.5504],[-148.9369,61.5538],[-148.9336,61.5575],[-148.939,61.5571],[-148.928,61.5481],[-148.9099,61.5466],[-148.9142,61.5354],[-148.8964,61.5373],[-148.8942,61.5318],[-148.8843,61.5301],[-148.8836,61.535],[-148.881,61.5311],[-148.8904,61.5252],[-148.8855,61.5295],[-148.8954,61.5317],[-148.8963,61.5369],[-148.9229,61.5366],[-148.9398,61.5321],[-148.9339,61.5283],[-148.9408,61.5255],[-148.774,61.4826],[-148.7913,61.4721],[-148.7678,61.4662],[-148.6435,61.4662],[-148.5727,61.4497],[-148.5668,61.4429],[-148.5872,61.4387],[-148.5695,61.4322],[-148.5533,61.4325],[-148.5432,61.4404],[-148.5138,61.4399],[-148.4838,61.4302],[-148.483,61.4263],[-148.4625,61.4263],[-148.4624,61.1663],[-148.4721,61.1663],[-148.4721,60.8485],[-148.7384,60.8485],[-148.7383,60.8197],[-148.7459,60.8197],[-148.7458,60.8052],[-148.585,60.8052],[-148.585,60.8124],[-148.5407,60.8124],[-148.5407,60.8052],[-148.5111,60.8052],[-148.5111,60.7809],[-148.4961,60.78],[-148.4577,60.7863],[-148.4507,60.7922],[-148.4558,60.7958],[-148.4521,60.8002],[-148.455,60.8027],[-148.3914,60.8076],[-148.3874,60.8034],[-148.3571,60.8007],[-148.3479,60.8041],[-148.1896,60.7915],[-148.1345,60.7918],[-148.0993,60.7855],[-148.0483,60.7865],[-148.0338,60.7819],[-147.9647,60.8026],[-147.9199,60.8102],[-147.9137,60.8234],[-147.8732,60.8254],[-147.8253,60.8126],[-147.777,60.8089],[-147.7691,60.813],[-147.7445,60.8123],[-147.6678,60.8421],[-147.6645,60.8389],[-147.6021,60.849],[-147.5954,60.8662],[-147.5524,60.8635],[-147.5553,60.8681],[-147.5482,60.8686],[-147.5552,60.8734],[-147.554,60.8769],[-147.5683,60.8722],[-147.5867,60.8747],[-147.5155,60.8966],[-147.4533,60.8957],[-147.4613,60.8758],[-147.4535,60.8735],[-147.4554,60.8691],[-147.4332,60.8636],[-147.4207,60.8655],[-147.4234,60.8758],[-147.4306,60.8789],[-147.4094,60.8933],[-147.3766,60.8861],[-147.3728,60.8803],[-147.3834,60.8717],[-147.3644,60.8778],[-147.319,60.8772],[-147.3006,60.8714],[-147.2498,60.8723],[-147.2288,60.8651],[-147.2142,60.8701],[-147.2239,60.8736],[-147.2255,60.8823],[-147.2167,60.8732],[-147.206,60.8726],[-147.1789,60.8815],[-147.175,60.8787],[-147.1923,60.8606],[-147.1475,60.8522],[-147.0916,60.8721],[-147.0792,60.881],[-147.0716,60.8939],[-147.0786,60.899],[-147.095,60.8906],[-147.0966,60.9028],[-147.1339,60.9134],[-147.1495,60.9108],[-147.153,60.9075],[-147.1503,60.9008],[-147.1682,60.8967],[-147.1596,60.895],[-147.1651,60.8878],[-147.1715,60.8873],[-147.1698,60.8963],[-147.1937,60.8929],[-147.173,60.9003],[-147.1715,60.9051],[-147.1914,60.901],[-147.2018,60.9065],[-147.2105,60.892],[-147.2231,60.8852],[-147.2209,60.896],[-147.2084,60.9077],[-147.2236,60.9093],[-147.2388,60.9036],[-147.26,60.9173],[-147.146,60.9396],[-147.0563,60.9464],[-147.0456,60.9415],[-146.985,60.9364],[-146.979,60.9293],[-146.9376,60.9385],[-146.8828,60.9612],[-146.8616,60.9746],[-146.8543,60.9933],[-146.7945,61.0307],[-146.7918,61.0389],[-146.7296,61.0496],[-146.7299,61.023],[-146.6102,61.0199],[-146.6083,61.023],[-145.8438,61.023],[-145.8438,61.1012],[-145.8364,61.1034],[-145.8325,61.099],[-145.7989,61.1079],[-145.7677,61.11],[-145.7463,61.1053],[-145.5798,61.1137],[-145.5612,61.0919],[-145.5602,61.0825],[-145.565,61.0751],[-145.5185,61.084],[-145.501,61.0947],[-145.494,61.1082],[-145.4784,61.12],[-145.4283,61.1365],[-145.3526,61.1451],[-145.3178,61.1147],[-145.3065,61.1148],[-145.2917,61.1218],[-145.2555,61.1258],[-145.2554,61.1316],[-145.2401,61.149],[-145.2201,61.157],[-145.195,61.1564],[-145.1547,61.1474],[-145.0771,61.1466],[-145.0623,61.1489],[-145.0374,61.1648],[-145.01,61.1686],[-144.9857,61.1615],[-144.9842,61.128],[-144.9682,61.1151],[-144.9402,61.1129],[-144.8844,61.1292],[-144.8817,61.1355],[-144.8484,61.1312],[-144.8916,61.1447],[-144.9038,61.1539],[-144.8852,61.1768],[-144.8674,61.1849],[-144.8679,61.1919],[-144.8456,61.2005],[-144.8363,61.2108],[-145.3835,61.2123],[-145.3539,61.2439],[-145.3247,61.2496],[-145.2764,61.2702],[-145.2663,61.2899],[-145.2692,61.2974],[-145.2857,61.3148],[-145.3167,61.3227],[-145.3119,61.3436],[-145.2773,61.3666],[-145.2641,61.3786],[-145.2666,61.3828],[-145.23,61.3896],[-145.2022,61.4004],[-145.1473,61.4334],[-145.1312,61.4447],[-145.1219,61.4617],[-145.1621,61.4907],[-145.2029,61.4927],[-145.2305,61.506],[-145.2602,61.5255],[-145.2706,61.5415],[-145.2715,61.5588],[-145.2279,61.5952],[-145.2328,61.603],[-145.2314,61.616],[-145.2132,61.6557],[-145.2154,61.6832],[-145.1959,61.6919],[-145.1774,61.7163],[-145.1625,61.7457],[-145.1629,61.7561],[-145.1827,61.7796],[-145.2346,61.8248],[-145.3003,61.8995],[-145.3215,61.9355],[-145.324,61.9514],[-145.35,61.9693],[-145.376,61.9766],[-145.4839,62.0469],[-145.4826,62.0664],[-145.4747,62.0774],[-145.5101,62.0709],[-145.5133,62.0718],[-145.51,62.0804],[-145.5629,62.083],[-145.5749,62.0778],[-145.6196,62.0781],[-145.6241,62.0684],[-145.6482,62.0686],[-145.6629,62.0719],[-145.654,62.0759],[-145.6519,62.0865],[-145.6849,62.0795],[-145.6972,62.0844],[-145.7116,62.0823],[-145.7234,62.0903],[-145.7725,62.0856],[-145.7832,62.0795],[-145.8027,62.0831],[-145.8144,62.0746],[-145.8781,62.0679],[-145.889,62.0722],[-145.93,62.0718],[-145.9382,62.0773],[-145.9562,62.0787],[-145.9719,62.073],[-145.9631,62.0669],[-145.9706,62.0619],[-145.9924,62.0589],[-146.0009,62.0655],[-146.0067,62.0572],[-146.0261,62.0558],[-146.0239,62.0487],[-146.0441,62.0509],[-146.0483,62.038],[-146.0581,62.0444],[-146.0752,62.0422],[-146.0783,62.0395],[-146.0659,62.0346],[-146.0677,62.0277],[-146.091,62.0321],[-146.0907,62.026],[-146.0991,62.0237],[-146.0975,62.0193],[-146.1119,62.0237],[-146.1239,62.0191],[-146.1228,62.0252],[-146.1343,62.0266],[-146.1553,62.0198],[-146.1648,62.0261],[-146.1777,62.0168],[-146.1924,62.0194],[-146.2209,62.0114],[-146.236,62.012],[-146.2427,62.0071],[-146.2982,62.0036],[-146.3824,61.985],[-146.4261,61.9636],[-146.4283,61.949],[-146.458,61.9547],[-146.5509,62.0005],[-146.5738,61.9969],[-146.6461,62.0016],[-146.6587,62.0061],[-146.6836,62.0015],[-146.6814,61.9952],[-146.6994,61.9917],[-146.7061,61.982],[-146.7281,61.9869],[-146.7459,61.9779],[-146.7679,61.9812],[-146.7646,61.9739],[-146.7811,61.9665],[-146.793,61.9688],[-146.8048,61.9623],[-146.8225,61.9655],[-146.8195,61.9569],[-146.8242,61.9542],[-146.8419,61.9608],[-146.8568,61.9504],[-146.9028,61.9532],[-146.9147,61.944],[-146.9273,61.9511],[-146.9347,61.9486],[-146.9311,61.9382],[-146.9426,61.9366],[-146.9475,61.9421],[-146.961,61.9399],[-146.961,62.1639],[-146.9798,62.1639],[-146.9798,62.2505],[-146.424,62.2505],[-146.424,62.5105],[-146.4369,62.5105],[-146.4369,62.857],[-146.4501,62.857],[-146.4501,62.9579],[-146.4943,62.9579],[-146.4943,63.4776],[-148.0256,63.4776],[-148.0256,63.3332],[-149.1167,63.3332],[-149.203,63.2978],[-149.2132,63.2909],[-149.2135,63.2838],[-149.2231,63.274],[-149.2577,63.2546],[-149.249,63.2445],[-149.3649,63.1864],[-149.3869,63.1705],[-149.3895,63.1638],[-149.4201,63.148],[-149.4233,63.1423],[-149.4514,63.1323],[-149.4564,63.125],[-149.4824,63.1123],[-149.5267,63.0806],[-149.5462,63.0619],[-149.5665,63.0483],[-149.5815,63.0441],[-149.5874,63.0358],[-149.589,63.0158],[-149.6244,62.9898],[-149.6373,62.9621],[-149.659,62.9521],[-149.6689,62.9375],[-149.6551,62.9212],[-149.6272,62.9149],[-149.5857,62.8945],[-149.5869,62.8832],[-149.6511,62.8356],[-149.6387,62.8275],[-149.6563,62.8168],[-149.6601,62.8056],[-149.6717,62.7934],[-149.6979,62.7749],[-149.6916,62.7677],[-149.7082,62.7644],[-149.7135,62.7563],[-149.7079,62.7535],[-149.7113,62.7474],[-149.7437,62.7329],[-149.7523,62.723],[-149.81,62.7136],[-149.8222,62.7049],[-149.8475,62.7009],[-149.8618,62.6794],[-149.9016,62.6712],[-149.9052,62.6644],[-149.9022,62.6642],[-149.9065,62.663],[-149.9361,62.6591],[-149.9633,62.647],[-149.9695,62.6337],[-149.9805,62.6286],[-149.9802,62.623],[-150.0069,62.6178]]]},"properties":{"geoid":"02029","state":"02","district":"29","name":"State House District 29","chamber":"House"}},{"type":"Feature","geometry":{"type":"Polygon","coordinates":[[[-153.0019,62.7258],[-153.0017,61.4262],[-151.3328,61.4262],[-151.3328,61.2529],[-150.974,61.2529],[-150.974,61.1663],[-150.7791,61.0796],[-150.4242,61.1663],[-149.9875,61.2241],[-149.8976,61.2674],[-149.7484,61.3974],[-149.5849,61.4338],[-149.6152,61.4945],[-149.6125,61.4961],[-149.6355,61.5046],[-149.6339,61.5104],[-149.6229,61.5171],[-149.6589,61.508],[-149.6731,61.508],[-149.6731,61.5127],[-149.7722,61.5128],[-149.7564,61.5189],[-149.7526,61.5309],[-149.7552,61.542],[-149.7507,61.5463],[-149.7551,61.5465],[-149.7542,61.5548],[-149.7246,61.5564],[-149.7228,61.6351],[-149.7019,61.6332],[-149.6626,61.6421],[-149.649,61.6389],[-149.6213,61.6474],[-149.5972,61.6458],[-149.5947,61.6503],[-149.5784,61.644],[-149.5603,61.6427],[-149.5408,61.648],[-149.5267,61.6422],[-149.5013,61.6428],[-149.4874,61.649],[-149.4803,61.6466],[-149.4759,61.6551],[-149.428,61.659],[-149.4235,61.6708],[-149.4048,61.6777],[-149.4134,61.6862],[-149.366,61.6862],[-149.3879,61.7012],[-149.3898,61.7123],[-149.3838,61.7189],[-149.3908,61.7283],[-149.3714,61.7302],[-149.3559,61.7406],[-149.3222,61.7495],[-149.311,61.7598],[-149.3064,61.7676],[-149.311,61.7737],[-149.3012,61.7842],[-149.3097,61.7973],[-149.3047,61.8077],[-149.2884,61.8116],[-149.2738,61.8275],[-149.2742,61.8369],[-149.2538,61.8479],[-149.1939,61.8575],[-149.1954,61.8673],[-149.187,61.8702],[-149.1878,61.8843],[-149.1811,61.8874],[-149.183,61.9014],[-149.1766,61.907],[-149.1752,61.9249],[-149.1665,61.9388],[-149.1693,61.9451],[-149.1659,61.9475],[-149.154,62.0745],[-149.1686,62.0864],[-149.1956,62.0779],[-149.2322,62.078],[-149.2994,62.093],[-149.3732,62.117],[-149.4291,62.1227],[-149.4093,62.1277],[-149.3824,62.1423],[-149.3765,62.1526],[-149.38,62.1588],[-149.3716,62.1668],[-149.3338,62.1721],[-149.3092,62.1866],[-149.2915,62.2069],[-149.274,62.2517],[-149.2573,62.2684],[-149.3027,62.2801],[-149.3276,62.2937],[-149.3268,62.2972],[-149.3506,62.3018],[-149.4618,62.3042],[-149.4736,62.31],[-149.4804,62.3206],[-149.5334,62.3382],[-149.5388,62.3462],[-149.575,62.3597],[-149.5764,62.3642],[-149.6412,62.3639],[-149.6579,62.3733],[-149.6881,62.3684],[-149.6952,62.3713],[-149.7005,62.3655],[-149.7218,62.3714],[-149.7279,62.3781],[-149.7965,62.3741],[-149.749,62.3908],[-149.7458,62.3998],[-149.7355,62.4034],[-149.7377,62.4091],[-149.7338,62.4134],[-149.6947,62.424],[-149.6884,62.4374],[-149.6968,62.4449],[-149.6794,62.4473],[-149.6704,62.455],[-149.6898,62.4771],[-149.6526,62.4919],[-149.747,62.5096],[-149.8145,62.506],[-149.8301,62.5095],[-149.8465,62.5021],[-149.8632,62.5022],[-149.868,62.5098],[-149.8551,62.5216],[-149.8164,62.5355],[-149.8459,62.5436],[-149.8789,62.5376],[-149.9088,62.5751],[-149.9955,62.6068],[-150.0074,62.6178],[-149.9802,62.623],[-149.9805,62.6286],[-149.9695,62.6337],[-149.9633,62.647],[-149.9361,62.6591],[-149.9065,62.663],[-149.9022,62.6642],[-149.9052,62.6644],[-149.9016,62.6712],[-149.8618,62.6794],[-149.8475,62.7009],[-149.8222,62.7049],[-149.81,62.7136],[-149.7523,62.723],[-149.7437,62.7329],[-149.7113,62.7474],[-149.7079,62.7535],[-149.7135,62.7563],[-149.7082,62.7644],[-149.6916,62.7677],[-149.6979,62.7749],[-149.6717,62.7934],[-149.6601,62.8056],[-149.6563,62.8168],[-149.6387,62.8275],[-149.6511,62.8356],[-149.5869,62.8832],[-149.5857,62.8945],[-149.6272,62.9149],[-149.6551,62.9212],[-149.6689,62.9375],[-149.659,62.9521],[-149.6373,62.9621],[-149.6244,62.9898],[-149.589,63.0158],[-149.5874,63.0358],[-149.5815,63.0441],[-149.5665,63.0483],[-149.5462,63.0619],[-149.5267,63.0806],[-149.4824,63.1123],[-149.4564,63.125],[-149.4514,63.1323],[-149.4233,63.1423],[-149.4201,63.148],[-149.3895,63.1638],[-149.3869,63.1705],[-149.3649,63.1864],[-149.249,63.2445],[-149.2577,63.2546],[-149.2231,63.274],[-149.2135,63.2838],[-149.2132,63.2909],[-149.203,63.2978],[-149.1167,63.3332],[-148.0256,63.3332],[-148.0256,63.4776],[-147,63.4776],[-146.9999,64.2572],[-147.7738,64.2582],[-147.7914,64.2618],[-147.8205,64.2812],[-147.8835,64.2928],[-147.8923,64.2973],[-147.8943,64.3063],[-147.9253,64.3123],[-147.9311,64.322],[-147.9728,64.3285],[-148.0032,64.3466],[-148.0431,64.3428],[-149.1326,64.3438],[-149.1327,64.3582],[-150.7294,64.3582],[-151.282,63.9973],[-151.4076,63.9973],[-151.433,64.0078],[-151.5163,64.0206],[-151.4897,64.0446],[-151.5649,64.055],[-151.5649,64.0694],[-151.7761,64.0732],[-151.794,64.0694],[-151.8597,64.0189],[-151.8404,64.0118],[-151.8305,63.9972],[-152.0558,63.9972],[-152.0551,63.824],[-152.2293,63.824],[-152.2284,63.6508],[-152.8734,63.6507],[-152.8734,63.4775],[-152.8109,63.4775],[-152.8109,63.3476],[-152.6195,63.3476],[-152.6195,63.3043],[-152.4281,63.3043],[-152.4281,63.1832],[-153.0019,62.7258]]]},"properties":{"geoid":"02030","state":"02","district":"30","name":"State House District 30","chamber":"House"}},{"type":"Feature","geometry":{"type":"Polygon","coordinates":[[[-147.8211,64.8357],[-147.8125,64.831],[-147.7956,64.831],[-147.7955,64.8274],[-147.7785,64.8274],[-147.7785,64.813],[-147.7108,64.813],[-147.7107,64.8058],[-147.6937,64.8058],[-147.694,64.8192],[-147.7108,64.8194],[-147.7102,64.8318],[-147.7026,64.8456],[-147.6787,64.8548],[-147.6768,64.8626],[-147.7448,64.8635],[-147.7533,64.8597],[-147.7513,64.8621],[-147.7735,64.8639],[-147.777,64.8573],[-147.7952,64.8555],[-147.8077,64.8486],[-147.8126,64.8368],[-147.8211,64.8357]]]},"properties":{"geoid":"02031","state":"02","district":"31","name":"State House District 31","chamber":"House"}},{"type":"Feature","geometry":{"type":"Polygon","coordinates":[[[-147.7111,64.8204],[-147.6703,64.8166],[-147.6681,64.7936],[-147.6495,64.7949],[-147.6073,64.7799],[-147.5342,64.7784],[-147.4947,64.7716],[-147.4706,64.7751],[-147.4101,64.768],[-147.4269,64.7733],[-147.4269,64.7769],[-147.4155,64.7769],[-147.3879,64.7913],[-147.4419,64.7913],[-147.4393,64.8147],[-147.4433,64.822],[-147.4658,64.8239],[-147.4726,64.8321],[-147.4996,64.8327],[-147.509,64.8382],[-147.4987,64.8455],[-147.5066,64.8439],[-147.5124,64.849],[-147.5352,64.8523],[-147.5267,64.8526],[-147.5241,64.8779],[-147.5751,64.8779],[-147.5751,64.8707],[-147.643,64.8707],[-147.643,64.8743],[-147.6514,64.8743],[-147.6515,64.8707],[-147.6598,64.8707],[-147.6598,64.8635],[-147.6788,64.8635],[-147.6787,64.8548],[-147.7026,64.8456],[-147.7111,64.8204]]]},"properties":{"geoid":"02032","state":"02","district":"32","name":"State House District 32","chamber":"House"}},{"type":"Feature","geometry":{"type":"Polygon","coordinates":[[[-147.5817,64.8825],[-147.5756,64.8779],[-147.5241,64.8779],[-147.5267,64.8526],[-147.5352,64.8523],[-147.5124,64.849],[-147.5066,64.8439],[-147.4987,64.8455],[-147.509,64.8382],[-147.4996,64.8327],[-147.4726,64.8321],[-147.4658,64.8239],[-147.4433,64.822],[-147.4393,64.8147],[-147.4419,64.7913],[-147.3884,64.7921],[-147.4155,64.7769],[-147.4269,64.7769],[-147.4269,64.7733],[-147.4101,64.768],[-147.4744,64.7735],[-147.4499,64.77],[-147.451,64.7651],[-147.4257,64.7544],[-147.4212,64.7496],[-147.4239,64.7462],[-147.3995,64.7409],[-147.3832,64.7442],[-147.3453,64.7236],[-147.3179,64.7199],[-147.2634,64.7281],[-147.1489,64.7045],[-147.124,64.7045],[-147.1246,64.7193],[-147.1158,64.7193],[-147.1166,64.8132],[-147.0792,64.8218],[-147.0708,64.8315],[-147.0561,64.8329],[-147.049,64.8281],[-147.0369,64.8326],[-147.036,64.8286],[-147.0286,64.8281],[-146.9941,64.8318],[-146.9912,64.8365],[-146.9956,64.8386],[-146.9851,64.8383],[-146.9926,64.841],[-146.9855,64.8429],[-146.9891,64.8456],[-147.0079,64.8434],[-147.0098,64.852],[-147.0007,64.8664],[-147.0655,64.8663],[-147.1462,64.8504],[-147.1759,64.8493],[-147.3129,64.8741],[-147.3073,64.8755],[-147.31,64.8728],[-147.3033,64.871],[-147.298,64.8748],[-147.3046,64.8713],[-147.3076,64.8759],[-147.3555,64.8798],[-147.3921,64.8779],[-147.4142,64.8923],[-147.5406,64.8923],[-147.5817,64.8825]]]},"properties":{"geoid":"02033","state":"02","district":"33","name":"State House District 33","chamber":"House"}},{"type":"Feature","geometry":{"type":"Polygon","coordinates":[[[-147.8301,64.9036],[-147.824,64.8719],[-147.8111,64.8719],[-147.7973,64.863],[-147.7636,64.864],[-147.7513,64.8621],[-147.7533,64.8597],[-147.7448,64.8635],[-147.6598,64.8635],[-147.6598,64.8707],[-147.6515,64.8707],[-147.6514,64.8743],[-147.643,64.8743],[-147.643,64.8707],[-147.5751,64.8707],[-147.5756,64.8794],[-147.5826,64.8825],[-147.5795,64.8851],[-147.5389,64.8924],[-147.4142,64.8923],[-147.3921,64.8779],[-147.3555,64.8798],[-147.3076,64.8759],[-147.3046,64.8713],[-147.298,64.8748],[-147.3033,64.871],[-147.31,64.8728],[-147.3073,64.8755],[-147.3129,64.8741],[-147.1759,64.8493],[-147.1462,64.8504],[-147.0655,64.8663],[-147.0007,64.8664],[-147.0104,64.8495],[-147.0024,64.8412],[-146.9856,64.8441],[-146.9926,64.841],[-146.9851,64.8383],[-146.9956,64.8386],[-146.9912,64.8365],[-146.9958,64.8343],[-146.9931,64.8322],[-147.0286,64.8281],[-147.036,64.8286],[-147.0369,64.8326],[-147.049,64.8281],[-147.0561,64.8329],[-147.0708,64.8315],[-147.0792,64.8218],[-147.1166,64.8132],[-147.1158,64.7193],[-147.1246,64.7193],[-147.124,64.7045],[-147.1489,64.7045],[-147.2634,64.7281],[-147.325,64.719],[-147.302,64.713],[-147.2893,64.703],[-147.2916,64.6944],[-147.2771,64.6917],[-147.2832,64.6901],[-147.2764,64.688],[-147.2757,64.6812],[-147.2507,64.6733],[-147.2329,64.6561],[-147.2354,64.6478],[-147.2012,64.6334],[-147.2001,64.6266],[-147.1147,64.6055],[-147.1036,64.5974],[-147.1049,64.5922],[-147.0959,64.5778],[-147.0717,64.572],[-147.0696,64.5655],[-147.035,64.5467],[-147.0403,64.5368],[-147.0198,64.5221],[-146.9982,64.5161],[-147.0011,64.5064],[-146.9795,64.492],[-146.9835,64.4833],[-146.9778,64.4754],[-146.987,64.4693],[-147.0159,64.4646],[-147.0107,64.4574],[-147.0196,64.4518],[-147.0214,64.444],[-147.0293,64.4421],[-147.0241,64.4317],[-146.9956,64.4175],[-146.9857,64.417],[-146.9749,64.4074],[-146.9176,64.3946],[-146.9061,64.3732],[-146.907,64.367],[-146.898,64.36],[-146.8726,64.3592],[-146.8786,64.3559],[-146.8721,64.3486],[-146.8773,64.3453],[-146.8645,64.3388],[-146.8777,64.3322],[-146.901,64.3323],[-146.8932,64.3269],[-146.8456,64.308],[-146.8074,64.3064],[-146.7751,64.3108],[-146.7586,64.301],[-146.7156,64.2935],[-146.6848,64.2573],[-146.6552,64.2572],[-146.5954,64.2624],[-146.4864,64.2818],[-146.3447,64.2764],[-146.3356,64.2834],[-146.3351,64.2892],[-146.3237,64.2884],[-146.3019,64.3011],[-146.2323,64.3108],[-146.2297,64.3346],[-146.2209,64.3425],[-146.2429,64.3555],[-146.2187,64.3682],[-146.2066,64.3664],[-146.193,64.3744],[-146.1756,64.3719],[-146.1576,64.3827],[-146.1381,64.3813],[-146.1217,64.3873],[-146.0736,64.3871],[-146.0419,64.3772],[-146.0038,64.3811],[-145.9777,64.3918],[-145.9696,64.4014],[-145.9232,64.4124],[-145.9295,64.4189],[-145.9259,64.4245],[-145.8674,64.4312],[-145.8041,64.4309],[-145.7653,64.4405],[-145.7586,64.4488],[-145.7499,64.4501],[-145.7424,64.4642],[-145.7154,64.4523],[-145.7028,64.4566],[-145.7015,64.4512],[-145.6829,64.4446],[-145.635,64.4399],[-145.6202,64.4348],[-145.6243,64.431],[-145.6181,64.4263],[-145.5581,64.4241],[-145.5289,64.4181],[-145.4981,64.4232],[-145.4798,64.435],[-145.467,64.435],[-145.4505,64.4485],[-145.4347,64.4444],[-145.4181,64.4509],[-145.3741,64.4552],[-145.3655,64.465],[-145.3724,64.4683],[-145.3782,64.4857],[-145.3172,64.4912],[-145.3025,64.4969],[-145.27,64.4909],[-145.2332,64.4973],[-145.2075,64.5084],[-145.1584,64.4992],[-145.1462,64.5046],[-145.0828,64.5073],[-145.0626,64.5228],[-145.0386,64.5291],[-145.0393,64.5419],[-145.0165,64.542],[-144.9826,64.57],[-144.9436,64.5776],[-144.8257,64.5664],[-144.798,64.5683],[-144.7884,64.5803],[-144.7481,64.5928],[-144.731,64.5869],[-144.6897,64.5887],[-144.6721,64.5829],[-144.6417,64.5879],[-144.6223,64.5985],[-144.6013,64.5954],[-144.5525,64.6006],[-144.5467,64.5906],[-144.5117,64.5924],[-144.4601,64.5833],[-144.4494,64.5917],[-144.4145,64.5939],[-144.3194,64.6178],[-144.3152,64.6223],[-144.3274,64.6278],[-144.3145,64.6342],[-144.316,64.6451],[-144.2959,64.6428],[-144.2222,64.6497],[-144.1901,64.6411],[-144.1506,64.6561],[-144.1296,64.6495],[-144.1047,64.6566],[-144.0899,64.6522],[-144.0725,64.6541],[-144.0558,64.6677],[-144.0748,64.6888],[-144.0608,64.6962],[-144.0603,64.7046],[-144.0737,64.7099],[-144.1093,64.7108],[-144.1189,64.7204],[-144.0954,64.7417],[-144.1033,64.7455],[-144.1008,64.7479],[-144.0724,64.751],[-144.0298,64.7676],[-144.0291,64.7723],[-144.0353,64.7772],[-144.0739,64.7801],[-144.0912,64.7894],[-144.1186,64.791],[-144.1278,64.7991],[-144.0767,64.821],[-144.0844,64.8263],[-144.0809,64.8332],[-144.0887,64.8435],[-144.1047,64.8492],[-144.0666,64.8622],[-144.078,64.8767],[-144.0567,64.8922],[-144.0519,64.9008],[-144.0874,64.9159],[-144.0301,64.9366],[-144.0118,64.9379],[-143.9983,64.9489],[-144.0005,64.9552],[-143.9869,64.9672],[-144.0117,64.9807],[-144.0494,64.9841],[-144.0576,64.991],[-144.0945,65.0005],[-144.0954,65.0049],[-144.0897,65.0086],[-144.1001,65.0195],[-144.0855,65.0216],[-144.0551,65.0155],[-144.0471,65.032],[-144.0251,65.0425],[-143.9896,65.0491],[-143.9611,65.0479],[-143.9211,65.0588],[-143.9221,65.0658],[-143.9037,65.0745],[-143.8957,65.0879],[-143.8841,65.0911],[-143.8997,65.0932],[-143.9142,65.1027],[-143.9288,65.1022],[-143.9328,65.1089],[-143.9824,65.1201],[-144.0122,65.1107],[-144.0567,65.1189],[-144.0912,65.1124],[-144.1285,65.1197],[-144.1372,65.1095],[-144.1466,65.108],[-144.1574,65.1144],[-144.1911,65.1186],[-144.2167,65.1114],[-144.2447,65.1187],[-144.2689,65.1118],[-144.2826,65.1165],[-144.2993,65.1108],[-144.3234,65.1116],[-144.3314,65.1077],[-144.3299,65.0957],[-144.339,65.0868],[-144.3652,65.0864],[-144.3671,65.0826],[-144.4205,65.0732],[-144.4437,65.0584],[-144.4567,65.0592],[-144.4671,65.0722],[-144.4977,65.0817],[-144.5401,65.0681],[-144.5648,65.0774],[-144.5953,65.0782],[-144.6117,65.0877],[-144.6666,65.0981],[-144.6849,65.1061],[-144.708,65.1056],[-144.7104,65.0939],[-144.7528,65.0995],[-144.8259,65.1207],[-144.8503,65.1188],[-144.8494,65.1239],[-144.8775,65.1363],[-144.8987,65.1383],[-144.9158,65.1258],[-144.9413,65.1263],[-144.9835,65.137],[-145.0109,65.1245],[-145.0223,65.124],[-145.0248,65.119],[-145.0827,65.1052],[-145.0863,65.0983],[-145.1373,65.0959],[-145.1436,65.101],[-145.2259,65.0692],[-145.2912,65.0675],[-145.3027,65.0718],[-145.3246,65.0667],[-145.3497,65.0699],[-145.3616,65.0662],[-145.3725,65.0695],[-145.3676,65.0768],[-145.3956,65.0858],[-145.4243,65.0852],[-145.4311,65.0762],[-145.4412,65.0729],[-145.4376,65.0691],[-145.4407,65.0667],[-145.4848,65.0634],[-145.4917,65.0707],[-145.5208,65.0658],[-145.5233,65.048],[-145.5857,65.0475],[-145.6152,65.0376],[-145.628,65.0403],[-145.6503,65.0343],[-145.6586,65.041],[-145.6592,65.0514],[-145.6857,65.0613],[-145.6771,65.0659],[-145.6761,65.0719],[-145.7103,65.0775],[-145.7706,65.0704],[-145.7787,65.08],[-145.7589,65.0887],[-145.7502,65.0996],[-145.6756,65.1159],[-145.6708,65.1291],[-145.6339,65.1368],[-145.628,65.1426],[-145.6342,65.1464],[-145.6344,65.1551],[-145.6757,65.1599],[-145.6663,65.1665],[-145.6793,65.1754],[-145.6773,65.1849],[-145.6894,65.1891],[-145.7311,65.1826],[-145.7718,65.1909],[-145.7816,65.1891],[-145.8039,65.1965],[-145.8172,65.1942],[-145.8335,65.2036],[-145.8655,65.2017],[-145.8705,65.1912],[-145.9217,65.1729],[-145.9345,65.162],[-145.927,65.1511],[-145.9292,65.1451],[-145.9453,65.1368],[-145.945,65.1328],[-145.9837,65.1246],[-146.0242,65.1083],[-146.0271,65.1046],[-146.024,65.1024],[-146.0357,65.0947],[-146.0522,65.0922],[-146.0586,65.0871],[-146.0571,65.0835],[-146.0866,65.0677],[-146.1715,65.0642],[-146.2171,65.04],[-146.2262,65.028],[-146.2368,65.0313],[-146.3349,65.0279],[-146.3866,65.0315],[-146.4331,65.0238],[-146.4706,65.0278],[-146.5038,65.0193],[-146.5239,65.0203],[-146.5285,65.0302],[-146.4687,65.0789],[-146.534,65.0865],[-146.5644,65.0977],[-146.5708,65.0932],[-146.6108,65.0912],[-146.6679,65.0927],[-146.6933,65.0991],[-146.7804,65.0803],[-146.8118,65.0817],[-146.8361,65.0771],[-146.882,65.0804],[-146.9382,65.0561],[-146.9636,65.0533],[-146.9759,65.0603],[-147.0134,65.0585],[-147.0258,65.0567],[-147.0231,65.0519],[-147.0333,65.0495],[-147.1017,65.039],[-147.1403,65.0445],[-147.1452,65.051],[-147.1422,65.0557],[-147.1524,65.0575],[-147.1503,65.0601],[-147.1601,65.0655],[-147.1927,65.0714],[-147.3538,65.0663],[-147.3783,65.0595],[-147.3941,65.0508],[-147.3925,65.0469],[-147.4101,65.042],[-147.4347,65.0469],[-147.4584,65.0413],[-147.4779,65.0451],[-147.4976,65.0291],[-147.5459,65.0412],[-147.5222,65.0278],[-147.5432,65.0244],[-147.5674,65.0073],[-147.614,65.0094],[-147.6704,64.9909],[-147.6613,64.9674],[-147.6707,64.9581],[-147.6661,64.9487],[-147.7552,64.9404],[-147.7926,64.9283],[-147.8275,64.9107],[-147.8301,64.9036]]]},"properties":{"geoid":"02034","state":"02","district":"34","name":"State House District 34","chamber":"House"}},{"type":"Feature","geometry":{"type":"Polygon","coordinates":[[[-148.6633,64.5908],[-148.6482,64.5854],[-148.6356,64.5875],[-148.6283,64.5927],[-148.6347,64.598],[-148.6068,64.6131],[-148.596,64.6163],[-148.5778,64.6103],[-148.5507,64.6172],[-148.517,64.6036],[-148.4575,64.5898],[-148.4249,64.5749],[-148.4446,64.5663],[-148.4201,64.5614],[-148.4131,64.5438],[-148.3933,64.5346],[-148.4031,64.5313],[-148.379,64.5224],[-148.3709,64.5259],[-148.3508,64.522],[-148.3508,64.5163],[-148.327,64.5122],[-148.3262,64.5056],[-148.318,64.5049],[-148.32,64.4995],[-148.3044,64.4971],[-148.2981,64.4874],[-148.2709,64.4918],[-148.2409,64.4849],[-148.2489,64.4819],[-148.2317,64.4693],[-148.2375,64.4637],[-148.223,64.4603],[-148.2281,64.4557],[-148.2154,64.4558],[-148.2191,64.4515],[-148.211,64.4488],[-148.2237,64.4353],[-148.189,64.4198],[-148.1864,64.4163],[-148.191,64.4118],[-148.1758,64.4101],[-148.1761,64.4009],[-148.1528,64.3993],[-148.1435,64.3907],[-148.1161,64.3835],[-148.1214,64.3794],[-148.1046,64.3776],[-148.1086,64.3622],[-148.0698,64.3552],[-148.0652,64.3489],[-148.0431,64.3428],[-148.0032,64.3466],[-147.9728,64.3285],[-147.9311,64.322],[-147.9253,64.3123],[-147.8943,64.3063],[-147.8923,64.2973],[-147.8835,64.2928],[-147.8205,64.2812],[-147.8078,64.2703],[-147.7795,64.259],[-146.6847,64.2572],[-146.7035,64.2758],[-146.7123,64.2924],[-146.7586,64.301],[-146.7751,64.3108],[-146.8074,64.3064],[-146.8456,64.308],[-146.901,64.3323],[-146.8777,64.3322],[-146.8645,64.3388],[-146.8773,64.3453],[-146.8721,64.3486],[-146.8786,64.3559],[-146.8726,64.3592],[-146.898,64.36],[-146.907,64.367],[-146.9061,64.3732],[-146.9176,64.3946],[-146.9749,64.4074],[-146.9857,64.417],[-146.9956,64.4175],[-147.0241,64.4317],[-147.0293,64.4421],[-147.0214,64.444],[-147.0196,64.4518],[-147.0107,64.4574],[-147.0159,64.4646],[-146.987,64.4693],[-146.9778,64.4754],[-146.9835,64.4833],[-146.9795,64.492],[-147.0011,64.5064],[-146.9982,64.5161],[-147.0198,64.5221],[-147.0403,64.5368],[-147.035,64.5467],[-147.0696,64.5655],[-147.0717,64.572],[-147.0959,64.5778],[-147.1049,64.5922],[-147.1036,64.5974],[-147.1147,64.6055],[-147.2001,64.6266],[-147.2012,64.6334],[-147.2354,64.6478],[-147.2329,64.6561],[-147.2507,64.6733],[-147.2757,64.6812],[-147.2764,64.688],[-147.2832,64.6901],[-147.2771,64.6917],[-147.2916,64.6944],[-147.2893,64.703],[-147.302,64.713],[-147.325,64.719],[-147.2996,64.7216],[-147.3453,64.7236],[-147.3832,64.7442],[-147.3995,64.7409],[-147.4239,64.7462],[-147.4212,64.7496],[-147.4263,64.7548],[-147.4609,64.7722],[-147.6073,64.7799],[-147.6495,64.7949],[-147.6681,64.7936],[-147.6703,64.8166],[-147.6939,64.8166],[-147.6937,64.8058],[-147.7107,64.8058],[-147.7108,64.813],[-147.7785,64.813],[-147.7785,64.8274],[-147.821,64.8346],[-147.8126,64.8368],[-147.8077,64.8486],[-147.7952,64.8555],[-147.777,64.8573],[-147.7735,64.8639],[-147.7973,64.863],[-147.8111,64.8719],[-147.824,64.8719],[-147.8295,64.8924],[-147.8275,64.9107],[-147.8586,64.896],[-147.8937,64.8943],[-147.889,64.8911],[-147.902,64.8894],[-147.9223,64.8912],[-147.9301,64.8973],[-147.927,64.9006],[-147.934,64.9022],[-147.9288,64.9046],[-147.9494,64.9078],[-147.9556,64.9154],[-147.9809,64.9189],[-148.0756,64.9261],[-148.1467,64.9188],[-148.2057,64.8916],[-148.275,64.8668],[-148.3171,64.8397],[-148.4392,64.806],[-148.4901,64.7872],[-148.5842,64.773],[-148.6482,64.7721],[-148.6482,64.5973],[-148.6633,64.5908]]]},"properties":{"geoid":"02035","state":"02","district":"35","name":"State House District 35","chamber":"House"}},{"type":"Feature","geometry":{"type":"Polygon","coordinates":[[[-161.0482,62.5524],[-161.0482,62.2059],[-160.916,62.2059],[-160.916,61.9459],[-159.265,61.946],[-159.265,62.0326],[-158.5314,62.0326],[-158.5314,62.1193],[-157.0639,62.1193],[-157.0639,62.0326],[-153.7619,62.0327],[-153.7619,62.1193],[-153.395,62.1193],[-153.395,62.206],[-153.0701,62.206],[-153.0701,62.2926],[-153.0017,62.2926],[-153.0019,62.7258],[-152.4281,63.1832],[-152.4281,63.3043],[-152.6195,63.3043],[-152.6195,63.3476],[-152.8109,63.3476],[-152.8109,63.4775],[-152.8734,63.4775],[-152.8734,63.6507],[-152.2284,63.6508],[-152.2293,63.824],[-152.0551,63.824],[-152.0558,63.9972],[-151.8305,63.9972],[-151.8404,64.0118],[-151.8597,64.0189],[-151.794,64.0694],[-151.7761,64.0732],[-151.5649,64.0694],[-151.5649,64.055],[-151.4897,64.0446],[-151.5163,64.0206],[-151.433,64.0078],[-151.4076,63.9973],[-151.282,63.9973],[-150.7294,64.3582],[-149.1327,64.3582],[-149.1326,64.3438],[-148.0467,64.3438],[-148.0652,64.3489],[-148.0698,64.3552],[-148.1086,64.3622],[-148.1046,64.3776],[-148.1214,64.3794],[-148.1161,64.3835],[-148.1435,64.3907],[-148.1528,64.3993],[-148.1761,64.4009],[-148.1758,64.4101],[-148.191,64.4118],[-148.1864,64.4163],[-148.189,64.4198],[-148.2237,64.4353],[-148.211,64.4488],[-148.2191,64.4515],[-148.2154,64.4558],[-148.2281,64.4557],[-148.223,64.4603],[-148.2375,64.4637],[-148.2317,64.4693],[-148.2489,64.4819],[-148.2409,64.4849],[-148.2709,64.4918],[-148.2981,64.4874],[-148.3044,64.4971],[-148.32,64.4995],[-148.318,64.5049],[-148.3262,64.5056],[-148.327,64.5122],[-148.3508,64.5163],[-148.3508,64.522],[-148.3709,64.5259],[-148.379,64.5224],[-148.4031,64.5313],[-148.3933,64.5346],[-148.4131,64.5438],[-148.4201,64.5614],[-148.4446,64.5663],[-148.4249,64.5749],[-148.4575,64.5898],[-148.517,64.6036],[-148.5507,64.6172],[-148.5778,64.6103],[-148.596,64.6163],[-148.6347,64.598],[-148.6283,64.5927],[-148.6356,64.5875],[-148.6596,64.5881],[-148.6633,64.5908],[-148.6482,64.5973],[-148.6482,64.7721],[-148.5842,64.773],[-148.4901,64.7872],[-148.4392,64.806],[-148.3171,64.8397],[-148.275,64.8668],[-148.1449,64.9191],[-148.0878,64.926],[-148.0439,64.9248],[-147.9556,64.9154],[-147.9494,64.9078],[-147.9288,64.9046],[-147.934,64.9022],[-147.927,64.9006],[-147.9301,64.8973],[-147.9223,64.8912],[-147.9008,64.8894],[-147.889,64.8911],[-147.8937,64.8943],[-147.8586,64.896],[-147.7926,64.9283],[-147.7552,64.9404],[-147.6661,64.9487],[-147.6707,64.9581],[-147.6613,64.9674],[-147.6704,64.9909],[-147.614,65.0094],[-147.5674,65.0073],[-147.5432,65.0244],[-147.5222,65.0278],[-147.5459,65.0412],[-147.4976,65.0291],[-147.4779,65.0451],[-147.4584,65.0413],[-147.4347,65.0469],[-147.4101,65.042],[-147.3925,65.0469],[-147.3941,65.0508],[-147.3783,65.0595],[-147.3546,65.0662],[-147.3048,65.0656],[-147.2221,65.0731],[-147.1604,65.0657],[-147.1503,65.0601],[-147.1524,65.0575],[-147.1422,65.0557],[-147.1452,65.051],[-147.1403,65.0445],[-147.1017,65.039],[-147.0333,65.0495],[-147.0231,65.0519],[-147.0258,65.0567],[-147.0134,65.0585],[-146.9759,65.0603],[-146.9636,65.0533],[-146.9382,65.0561],[-146.882,65.0804],[-146.8361,65.0771],[-146.8118,65.0817],[-146.7804,65.0803],[-146.6921,65.0991],[-146.6679,65.0927],[-146.6108,65.0912],[-146.5708,65.0932],[-146.5644,65.0977],[-146.534,65.0865],[-146.4687,65.0789],[-146.5285,65.0302],[-146.521,65.0197],[-146.5038,65.0193],[-146.4706,65.0278],[-146.4328,65.0239],[-146.3866,65.0315],[-146.3349,65.0279],[-146.2368,65.0313],[-146.2262,65.028],[-146.2171,65.04],[-146.1715,65.0642],[-146.0866,65.0677],[-146.0571,65.0835],[-146.0586,65.0871],[-146.0522,65.0922],[-146.0357,65.0947],[-146.024,65.1024],[-146.0271,65.1046],[-146.0242,65.1083],[-145.9837,65.1246],[-145.945,65.1328],[-145.9453,65.1368],[-145.9292,65.1451],[-145.927,65.1511],[-145.9345,65.162],[-145.9217,65.1729],[-145.8705,65.1912],[-145.8655,65.2017],[-145.8335,65.2036],[-145.8172,65.1942],[-145.8039,65.1965],[-145.7816,65.1891],[-145.7718,65.1909],[-145.7311,65.1826],[-145.6894,65.1891],[-145.6773,65.1849],[-145.6793,65.1754],[-145.6663,65.1665],[-145.6757,65.1599],[-145.6344,65.1551],[-145.6342,65.1464],[-145.628,65.1426],[-145.6339,65.1368],[-145.6708,65.1291],[-145.6756,65.1159],[-145.7502,65.0996],[-145.7589,65.0887],[-145.7787,65.08],[-145.7706,65.0704],[-145.7103,65.0775],[-145.6761,65.0719],[-145.6771,65.0659],[-145.6857,65.0613],[-145.6592,65.0514],[-145.6586,65.041],[-145.6503,65.0343],[-145.628,65.0403],[-145.6152,65.0376],[-145.5857,65.0475],[-145.5233,65.048],[-145.5208,65.0658],[-145.4917,65.0707],[-145.4848,65.0634],[-145.4407,65.0667],[-145.4376,65.0691],[-145.4412,65.0729],[-145.4311,65.0762],[-145.4243,65.0852],[-145.3956,65.0858],[-145.3676,65.0768],[-145.3725,65.0695],[-145.3616,65.0662],[-145.3497,65.0699],[-145.3246,65.0667],[-145.3027,65.0718],[-145.2912,65.0675],[-145.2259,65.0692],[-145.1436,65.101],[-145.1373,65.0959],[-145.0863,65.0983],[-145.0827,65.1052],[-145.0248,65.119],[-145.0223,65.124],[-145.0109,65.1245],[-144.9835,65.137],[-144.9413,65.1263],[-144.9158,65.1258],[-144.8987,65.1383],[-144.8775,65.1363],[-144.8494,65.1239],[-144.8503,65.1188],[-144.8259,65.1207],[-144.7528,65.0995],[-144.7104,65.0939],[-144.708,65.1056],[-144.6849,65.1061],[-144.6666,65.0981],[-144.6117,65.0877],[-144.5953,65.0782],[-144.5648,65.0774],[-144.5401,65.0681],[-144.4977,65.0817],[-144.4671,65.0722],[-144.4567,65.0592],[-144.4437,65.0584],[-144.4205,65.0732],[-144.3671,65.0826],[-144.3652,65.0864],[-144.339,65.0868],[-144.3299,65.0957],[-144.3314,65.1077],[-144.3234,65.1116],[-144.2993,65.1108],[-144.2826,65.1165],[-144.2689,65.1118],[-144.2447,65.1187],[-144.2167,65.1114],[-144.1911,65.1186],[-144.1574,65.1144],[-144.1466,65.108],[-144.1372,65.1095],[-144.1285,65.1197],[-144.0912,65.1124],[-144.0567,65.1189],[-144.0122,65.1107],[-143.9943,65.1183],[-143.9736,65.1193],[-143.8841,65.0911],[-143.8957,65.0879],[-143.9037,65.0745],[-143.9221,65.0658],[-143.9211,65.0588],[-143.9611,65.0479],[-143.9896,65.0491],[-144.0251,65.0425],[-144.0471,65.032],[-144.0551,65.0155],[-144.0855,65.0216],[-144.1001,65.0195],[-144.0897,65.0086],[-144.0954,65.0049],[-144.0945,65.0005],[-144.0576,64.991],[-144.0494,64.9841],[-144.0117,64.9807],[-143.9869,64.9672],[-144.0005,64.9552],[-143.9983,64.9489],[-144.0118,64.9379],[-144.0301,64.9366],[-144.0874,64.9159],[-144.0519,64.9008],[-144.0567,64.8922],[-144.078,64.8767],[-144.0666,64.8622],[-144.1047,64.8492],[-144.0887,64.8435],[-144.0809,64.8332],[-144.0844,64.8263],[-144.0767,64.821],[-144.1278,64.7991],[-144.1186,64.791],[-144.0912,64.7894],[-144.0739,64.7801],[-144.0353,64.7772],[-144.0291,64.7723],[-144.0298,64.7676],[-144.0724,64.751],[-144.1008,64.7479],[-144.1033,64.7455],[-144.0954,64.7417],[-144.1189,64.7204],[-144.1093,64.7108],[-144.0737,64.7099],[-144.0603,64.7046],[-144.0608,64.6962],[-144.0748,64.6888],[-144.0558,64.6677],[-144.0725,64.6541],[-144.0899,64.6522],[-144.1047,64.6566],[-144.1296,64.6495],[-144.1506,64.6561],[-144.1901,64.6411],[-144.2222,64.6497],[-144.2959,64.6428],[-144.316,64.6451],[-144.3145,64.6342],[-144.3274,64.6278],[-144.3152,64.6223],[-144.3194,64.6178],[-144.4145,64.5939],[-144.4494,64.5917],[-144.4601,64.5833],[-144.5117,64.5924],[-144.5467,64.5906],[-144.5525,64.6006],[-144.6013,64.5954],[-144.6223,64.5985],[-144.6417,64.5879],[-144.6721,64.5829],[-144.6897,64.5887],[-144.731,64.5869],[-144.7481,64.5928],[-144.7884,64.5803],[-144.798,64.5683],[-144.8257,64.5664],[-144.9436,64.5776],[-144.9826,64.57],[-145.0165,64.542],[-145.0393,64.5419],[-145.0386,64.5291],[-145.0626,64.5228],[-145.0828,64.5073],[-145.1462,64.5046],[-145.1584,64.4992],[-145.2075,64.5084],[-145.2332,64.4973],[-145.27,64.4909],[-145.3025,64.4969],[-145.3172,64.4912],[-145.3782,64.4857],[-145.3724,64.4683],[-145.3655,64.465],[-145.3741,64.4552],[-145.4181,64.4509],[-145.4347,64.4444],[-145.4505,64.4485],[-145.467,64.435],[-145.4798,64.435],[-145.4981,64.4232],[-145.5289,64.4181],[-145.5581,64.4241],[-145.6181,64.4263],[-145.6243,64.431],[-145.6202,64.4348],[-145.635,64.4399],[-145.6829,64.4446],[-145.7015,64.4512],[-145.7028,64.4566],[-145.7154,64.4523],[-145.7424,64.4642],[-145.7499,64.4501],[-145.7586,64.4488],[-145.7653,64.4405],[-145.8041,64.4309],[-145.8674,64.4312],[-145.9259,64.4245],[-145.9295,64.4189],[-145.9232,64.4124],[-145.9696,64.4014],[-145.9777,64.3918],[-146.0038,64.3811],[-146.0419,64.3772],[-146.0736,64.3871],[-146.1217,64.3873],[-146.1381,64.3813],[-146.1576,64.3827],[-146.1756,64.3719],[-146.193,64.3744],[-146.2066,64.3664],[-146.2187,64.3682],[-146.2429,64.3555],[-146.2209,64.3425],[-146.2297,64.3346],[-146.2323,64.3108],[-146.3019,64.3011],[-146.3237,64.2884],[-146.3351,64.2892],[-146.3356,64.2834],[-146.3447,64.2764],[-146.4864,64.2818],[-146.5954,64.2624],[-146.6552,64.2572],[-146.9999,64.2572],[-147,63.4776],[-146.4943,63.4776],[-146.4943,62.9579],[-146.4501,62.9579],[-146.4501,62.857],[-146.4369,62.857],[-146.4369,62.5105],[-146.424,62.5105],[-146.424,62.2505],[-146.9798,62.2505],[-146.9798,62.1639],[-146.961,62.1639],[-146.961,61.9399],[-146.9475,61.9421],[-146.9426,61.9366],[-146.9311,61.9382],[-146.9347,61.9486],[-146.9273,61.9511],[-146.9147,61.944],[-146.9028,61.9532],[-146.8568,61.9504],[-146.8419,61.9608],[-146.8242,61.9542],[-146.8195,61.9569],[-146.8225,61.9655],[-146.8048,61.9623],[-146.793,61.9688],[-146.7811,61.9665],[-146.7646,61.9739],[-146.7679,61.9812],[-146.7459,61.9779],[-146.7281,61.9869],[-146.7061,61.982],[-146.6994,61.9917],[-146.6814,61.9952],[-146.6836,62.0015],[-146.6587,62.0061],[-146.6461,62.0016],[-146.5738,61.9969],[-146.5509,62.0005],[-146.458,61.9547],[-146.4283,61.949],[-146.4261,61.9636],[-146.3824,61.985],[-146.2982,62.0036],[-146.2427,62.0071],[-146.236,62.012],[-146.2209,62.0114],[-146.1924,62.0194],[-146.1777,62.0168],[-146.1648,62.0261],[-146.1553,62.0198],[-146.1343,62.0266],[-146.1228,62.0252],[-146.1239,62.0191],[-146.1119,62.0237],[-146.0975,62.0193],[-146.0991,62.0237],[-146.0907,62.026],[-146.091,62.0321],[-146.0677,62.0277],[-146.0659,62.0346],[-146.0783,62.0395],[-146.0752,62.0422],[-146.0581,62.0444],[-146.0483,62.038],[-146.0441,62.0509],[-146.0239,62.0487],[-146.0261,62.0558],[-146.0067,62.0572],[-146.0009,62.0655],[-145.9924,62.0589],[-145.9706,62.0619],[-145.9631,62.0669],[-145.9719,62.073],[-145.9562,62.0787],[-145.9382,62.0773],[-145.93,62.0718],[-145.889,62.0722],[-145.8781,62.0679],[-145.8144,62.0746],[-145.8027,62.0831],[-145.7832,62.0795],[-145.7725,62.0856],[-145.7234,62.0903],[-145.7116,62.0823],[-145.6972,62.0844],[-145.6849,62.0795],[-145.6519,62.0865],[-145.654,62.0759],[-145.6629,62.0719],[-145.6482,62.0686],[-145.6241,62.0684],[-145.6196,62.0781],[-145.5749,62.0778],[-145.5629,62.083],[-145.51,62.0804],[-145.5133,62.0718],[-145.5101,62.0709],[-145.4747,62.0774],[-145.4826,62.0664],[-145.4839,62.0469],[-145.376,61.9766],[-145.35,61.9693],[-145.324,61.9514],[-145.3215,61.9355],[-145.3003,61.8995],[-145.2346,61.8248],[-145.1827,61.7796],[-145.1629,61.7561],[-145.1625,61.7457],[-145.1774,61.7163],[-145.1959,61.6919],[-145.2154,61.6832],[-145.2132,61.6557],[-145.2314,61.616],[-145.2328,61.603],[-145.2279,61.5952],[-145.2715,61.5588],[-145.2706,61.5415],[-145.2602,61.5255],[-145.2305,61.506],[-145.2029,61.4927],[-145.1621,61.4907],[-145.1219,61.4617],[-145.1312,61.4447],[-145.1473,61.4334],[-145.2022,61.4004],[-145.23,61.3896],[-145.2666,61.3828],[-145.2641,61.3786],[-145.2773,61.3666],[-145.3119,61.3436],[-145.3167,61.3227],[-145.2857,61.3148],[-145.2692,61.2974],[-145.2663,61.2899],[-145.2764,61.2702],[-145.3247,61.2496],[-145.3539,61.2439],[-145.3817,61.2107],[-144.4164,61.2108],[-144.4164,61.1241],[-144.4261,61.1241],[-144.4261,61.0375],[-143.7172,61.0375],[-143.7172,60.8642],[-143.3628,60.8642],[-143.3627,60.7775],[-142.8428,60.7775],[-142.8428,60.6085],[-141.966,60.6086],[-141.966,60.5219],[-141.7912,60.523],[-141.7906,60.4352],[-141.2135,60.4353],[-141.2134,60.3917],[-141.0018,60.3917],[-141.0009,68.4984],[-146,68.5],[-146,68],[-155.3187,68],[-155.3187,67.8618],[-155.369,67.8618],[-155.369,67.7752],[-155.1428,67.7752],[-155.1428,67.6886],[-154.9167,67.6886],[-154.9166,67.6021],[-154.6905,67.6021],[-154.6905,67.5155],[-154.7489,67.5155],[-154.7489,67.2558],[-154.3031,67.2558],[-154.3031,67.1692],[-154.1463,67.1692],[-154.1462,66.8228],[-154.2103,66.8228],[-154.2103,66.7363],[-154.8604,66.7362],[-154.8604,66.5631],[-155.5106,66.5631],[-155.5106,66.4765],[-155.555,66.4765],[-155.555,66.3033],[-155.9825,66.3033],[-155.9825,66.3899],[-156.1963,66.3899],[-156.1962,66.4766],[-156.6238,66.4764],[-156.6238,66.3033],[-157.0513,66.3033],[-157.0513,66.4764],[-157.9063,66.4764],[-157.9063,66.13],[-158.9722,66.13],[-158.9722,65.9568],[-159.6048,65.9568],[-159.6048,65.7836],[-159.5936,65.7836],[-159.5935,65.5238],[-159.3856,65.5238],[-159.3855,65.4372],[-159.3774,65.4372],[-159.3774,65.264],[-159.5827,65.264],[-159.5827,65.0909],[-159.5722,65.0908],[-159.5722,64.9176],[-159.7749,64.9176],[-159.7749,64.7444],[-159.9623,64.7444],[-159.9623,64.3979],[-159.9473,64.3979],[-159.9473,64.0515],[-159.7375,64.0515],[-159.7375,63.7916],[-159.9327,63.7916],[-159.9327,63.705],[-160.1115,63.705],[-160.1115,63.6184],[-160.4974,63.6183],[-160.4974,63.5317],[-160.6903,63.5317],[-160.6903,63.3585],[-160.6674,63.3585],[-160.6674,63.2718],[-160.858,63.2718],[-160.858,62.9993],[-160.9434,62.9993],[-160.9434,62.8989],[-160.9962,62.8989],[-160.9962,62.5524],[-161.0482,62.5524]]]},"properties":{"geoid":"02036","state":"02","district":"36","name":"State House District 36","chamber":"House"}},{"type":"Feature","geometry":{"type":"MultiPolygon","coordinates":[[[[-165.0362,54.5766],[-165.027,54.5208],[-165.0083,54.4914],[-164.9956,54.4573],[-164.9726,54.4409],[-164.9249,54.3917],[-164.9013,54.3747],[-164.8713,54.364],[-164.7764,54.3391],[-164.7406,54.3373],[-164.706,54.3442],[-164.6633,54.3375],[-164.6171,54.3389],[-164.4871,54.3696],[-164.4572,54.364],[-164.415,54.3688],[-164.3861,54.3847],[-164.3163,54.4114],[-164.2767,54.4372],[-164.25,54.4679],[-164.2492,54.478],[-164.2366,54.4999],[-164.2396,54.5137],[-164.2279,54.5237],[-164.1227,54.5561],[-163.9529,54.5684],[-163.7579,54.572],[-163.7128,54.5702],[-163.5936,54.5411],[-163.5641,54.5396],[-163.5262,54.5517],[-163.5011,54.582],[-163.4662,54.5869],[-163.4359,54.6028],[-163.4139,54.6004],[-163.2251,54.6173],[-163.1262,54.6158],[-163.0591,54.6062],[-163.0256,54.6112],[-162.9998,54.6235],[-162.9548,54.6598],[-162.9519,54.666],[-162.962,54.6821],[-162.9686,54.7087],[-163.0122,54.7391],[-163.0282,54.7572],[-163.0578,54.7734],[-163.0708,54.7887],[-163.1049,54.8094],[-163.1272,54.8127],[-163.1417,54.8203],[-163.1373,54.8298],[-163.1205,54.8355],[-163.1101,54.8462],[-163.0794,54.8538],[-163.0629,54.8696],[-163.0632,54.8795],[-162.9678,54.8825],[-162.9307,54.8591],[-162.8939,54.8442],[-162.8468,54.8484],[-162.8042,54.8664],[-162.7915,54.8783],[-162.7908,54.8888],[-162.7326,54.8958],[-162.7068,54.9092],[-162.6939,54.9081],[-162.6511,54.9222],[-162.643,54.9333],[-162.6133,54.9134],[-162.5914,54.9069],[-162.5789,54.9085],[-162.6064,54.8902],[-162.6146,54.8779],[-162.6189,54.8452],[-162.6,54.8268],[-162.5694,54.8151],[-162.5126,54.8115],[-162.4831,54.7927],[-162.5331,54.7766],[-162.547,54.7646],[-162.5549,54.7493],[-162.5496,54.7254],[-162.5262,54.6947],[-162.507,54.6827],[-162.4599,54.6665],[-162.4836,54.6401],[-162.4903,54.6224],[-162.4775,54.5952],[-162.4642,54.5875],[-162.4784,54.5756],[-162.4838,54.5585],[-162.4798,54.5409],[-162.4651,54.5249],[-162.4285,54.5077],[-162.365,54.5077],[-162.3378,54.5178],[-162.3218,54.5319],[-162.3151,54.5457],[-162.3173,54.5724],[-162.3219,54.5758],[-162.2794,54.5823],[-162.2527,54.6034],[-162.2423,54.6167],[-162.2405,54.6405],[-162.2059,54.635],[-162.1873,54.6396],[-162.1611,54.6265],[-162.1048,54.6183],[-162.0629,54.6252],[-162.048,54.6319],[-162.0347,54.6448],[-162.0285,54.6591],[-162.0333,54.6811],[-162.0566,54.7045],[-162.0119,54.7184],[-161.9833,54.7121],[-161.9647,54.7169],[-161.9358,54.6952],[-161.841,54.6845],[-161.8094,54.6929],[-161.7827,54.7068],[-161.7658,54.7277],[-161.7102,54.7392],[-161.6984,54.7474],[-161.6728,54.7378],[-161.6398,54.7362],[-161.6049,54.7424],[-161.5903,54.7498],[-161.5766,54.7607],[-161.5663,54.7848],[-161.5647,54.7972],[-161.5767,54.8142],[-161.6157,54.8389],[-161.6301,54.8403],[-161.641,54.8637],[-161.6524,54.875],[-161.7173,54.8957],[-161.6881,54.9076],[-161.6667,54.9281],[-161.6723,54.9592],[-161.6278,54.9575],[-161.5846,54.9679],[-161.5535,54.9545],[-161.493,54.9545],[-161.4701,54.9497],[-161.4513,54.955],[-161.4408,54.9638],[-161.417,54.9632],[-161.3849,54.974],[-161.3595,54.9915],[-161.3531,55.0196],[-161.3737,55.046],[-161.4176,55.0621],[-161.4177,55.0668],[-161.3987,55.072],[-161.3754,55.0892],[-161.3136,55.0866],[-161.2723,55.1001],[-161.2547,55.1134],[-161.2465,55.127],[-161.2512,55.1465],[-161.2432,55.1635],[-161.2532,55.1867],[-161.2485,55.1933],[-161.1814,55.2042],[-161.1555,55.2225],[-161.1317,55.2139],[-161.1066,55.2123],[-161.0586,55.2201],[-161.0265,55.2391],[-161.016,55.2514],[-161.0129,55.263],[-161.0197,55.2847],[-161.0311,55.2947],[-161.069,55.3124],[-161.09,55.3166],[-161.1286,55.3134],[-161.1728,55.2954],[-161.1856,55.2858],[-161.2395,55.2985],[-161.193,55.3081],[-161.1537,55.3238],[-161.1388,55.3375],[-160.9959,55.3812],[-160.9328,55.4057],[-160.9079,55.4204],[-160.859,55.4199],[-160.8877,55.3966],[-160.8924,55.3807],[-160.9311,55.3565],[-160.9534,55.3254],[-160.9386,55.2918],[-160.9439,55.2638],[-160.9386,55.2526],[-160.9224,55.2381],[-160.9427,55.2023],[-160.9415,55.1885],[-160.9356,55.1782],[-160.9051,55.1595],[-160.9015,55.1356],[-160.9077,55.113],[-160.8997,55.0953],[-160.8677,55.0756],[-160.8368,55.0682],[-160.7864,55.0708],[-160.7234,55.0998],[-160.7097,55.1121],[-160.6783,55.1074],[-160.649,55.0963],[-160.6077,55.0984],[-160.5987,55.0941],[-160.6025,55.0832],[-160.5984,55.064],[-160.5733,55.037],[-160.5195,55.0251],[-160.4783,55.0295],[-160.4608,55.0358],[-160.4309,55.0649],[-160.4272,55.0761],[-160.4318,55.0947],[-160.4469,55.1082],[-160.4394,55.1197],[-160.4179,55.1323],[-160.4115,55.1463],[-160.3769,55.1654],[-160.3668,55.1965],[-160.3212,55.1935],[-160.2927,55.198],[-160.2784,55.2051],[-160.2425,55.2411],[-160.2341,55.2568],[-160.2382,55.2725],[-160.2214,55.2892],[-160.2158,55.3083],[-160.2193,55.3225],[-160.239,55.3403],[-160.2257,55.3467],[-160.2036,55.3358],[-160.2005,55.3232],[-160.1908,55.3154],[-160.182,55.2886],[-160.1676,55.2798],[-160.156,55.2538],[-160.1301,55.2387],[-160.1496,55.2102],[-160.1497,55.1964],[-160.1902,55.1853],[-160.2146,55.1601],[-160.2456,55.1524],[-160.271,55.1389],[-160.2853,55.1246],[-160.2885,55.1116],[-160.2778,55.0889],[-160.2627,55.0729],[-160.2619,55.0352],[-160.2444,55.0226],[-160.2929,55.0007],[-160.3014,54.9863],[-160.2977,54.9765],[-160.3269,54.9597],[-160.3361,54.9499],[-160.3434,54.9309],[-160.3432,54.8944],[-160.3158,54.8433],[-160.3028,54.8297],[-160.2581,54.8069],[-160.242,54.8035],[-160.2077,54.8073],[-160.1554,54.829],[-160.113,54.8549],[-160.1012,54.8695],[-160.094,54.8904],[-160.0659,54.8811],[-160.0345,54.8796],[-159.9868,54.8912],[-159.9588,54.9132],[-159.953,54.9294],[-159.937,54.919],[-159.875,54.9042],[-159.8461,54.9024],[-159.816,54.9095],[-159.7757,54.9378],[-159.7676,54.9566],[-159.774,54.9685],[-159.7609,54.9718],[-159.7347,54.9902],[-159.7245,55.0178],[-159.7035,54.9998],[-159.707,54.9975],[-159.6766,54.9872],[-159.5803,54.9876],[-159.5648,54.9914],[-159.5433,54.9764],[-159.5408,54.9601],[-159.5466,54.9336],[-159.5414,54.924],[-159.5033,54.9008],[-159.4574,54.8925],[-159.4318,54.8942],[-159.4169,54.8723],[-159.3623,54.8283],[-159.3337,54.8186],[-159.2774,54.8112],[-159.2266,54.8207],[-159.2015,54.8337],[-159.1327,54.8855],[-159.1118,54.9157],[-159.1133,54.9303],[-159.126,54.9497],[-159.1416,54.9605],[-159.2501,54.9981],[-159.2551,55.0062],[-159.2123,55.0258],[-159.2032,55.0433],[-159.2092,55.0772],[-159.2334,55.0986],[-159.3036,55.1165],[-159.322,55.1182],[-159.3485,55.1129],[-159.3761,55.1232],[-159.4109,55.1235],[-159.4047,55.1597],[-159.4081,55.1744],[-159.4271,55.2011],[-159.4203,55.223],[-159.4198,55.2499],[-159.3995,55.2598],[-159.3974,55.2804],[-159.4018,55.3022],[-159.4153,55.3154],[-159.4478,55.3291],[-159.4826,55.3363],[-159.5443,55.3284],[-159.573,55.3121],[-159.6091,55.2678],[-159.6434,55.2547],[-159.6602,55.2429],[-159.7043,55.2399],[-159.7379,55.2223],[-159.7668,55.2931],[-159.8042,55.324],[-159.8433,55.34],[-159.8836,55.3452],[-159.9326,55.337],[-159.9619,55.3687],[-159.9964,55.3902],[-160.0505,55.3958],[-160.0593,55.4162],[-160.0412,55.4489],[-160.002,55.4591],[-159.9951,55.4685],[-159.9633,55.4897],[-159.9511,55.5076],[-159.6553,55.5289],[-159.6334,55.5236],[-159.5847,55.5243],[-159.5382,55.532],[-159.505,55.5581],[-159.5108,55.5862],[-159.5215,55.6009],[-159.4888,55.6089],[-159.4469,55.6385],[-158,55.6394],[-157.0987,56.2383],[-157.1298,56.2687],[-156.3307,56.7493],[-156.3307,57.0508],[-156.3117,57.0679],[-156.3165,57.1055],[-156.2628,57.1336],[-156.2278,57.1625],[-156.2145,57.1952],[-156.2254,57.2173],[-156.2418,57.2322],[-156.247,57.2438],[-156.1967,57.3102],[-156.1842,57.3172],[-156.1672,57.3459],[-156.1418,57.3536],[-156.0984,57.3798],[-155.9789,57.3959],[-155.9398,57.4129],[-155.8445,57.4975],[-155.7193,57.4974],[-155.668,57.5084],[-155.6455,57.5224],[-155.6326,57.5868],[-155.6395,57.6023],[-155.601,57.6108],[-155.5891,57.6083],[-155.4599,57.6376],[-155.3609,57.625],[-155.3004,57.6429],[-155.2809,57.6568],[-155.277,57.6761],[-155.2458,57.6816],[-155.21,57.7163],[-155.1501,57.75],[-155.1507,57.772],[-155.1609,57.7906],[-155.0994,57.7912],[-155.0789,57.7953],[-155.0435,57.8124],[-154.994,57.8632],[-154.9697,57.9279],[-154.9407,57.9751],[-154.8938,57.9835],[-154.8653,57.9676],[-154.8009,57.9591],[-154.7477,57.9692],[-154.709,57.9823],[-154.5891,57.9898],[-154.5396,57.9882],[-154.3907,57.9993],[-154.3351,58.0267],[-154.2882,58.0308],[-154.2655,58.0382],[-154.2205,58.0662],[-154.2118,58.0803],[-154.1552,58.091],[-154.1337,58.1001],[-154.1196,58.1132],[-154.1104,58.1314],[-154.1089,58.146],[-154.0828,58.154],[-154.059,58.1752],[-154.039,58.2304],[-153.97,58.3127],[-153.926,58.3198],[-153.9093,58.3291],[-153.8586,58.3743],[-153.8585,58.3976],[-153.8839,58.4385],[-153.8818,58.4565],[-153.8444,58.4723],[-153.8211,58.4878],[-153.8107,58.5154],[-153.7784,58.504],[-153.6924,58.4935],[-153.628,58.5083],[-153.6098,58.5197],[-153.5927,58.5423],[-153.5152,58.5484],[-153.4918,58.5555],[-153.4615,58.5726],[-153.447,58.5984],[-153.4579,58.6235],[-153.4788,58.6417],[-153.3716,58.6733],[-153.318,58.713],[-153.278,58.7069],[-153.2448,58.7075],[-153.187,58.7293],[-153.1668,58.7552],[-153.1659,58.765],[-153.1766,58.7847],[-153.2025,58.8013],[-153.1864,58.8076],[-153.167,58.823],[-153.1523,58.8476],[-153.1516,58.8576],[-153.1651,58.8927],[-153.1841,58.9057],[-153.0212,59.0025],[-151.8554,59.0776],[-151.9197,59.0934],[-151.9499,59.1055],[-151.9715,59.1203],[-151.9814,59.1367],[-151.979,59.1572],[-151.9697,59.1786],[-152.0336,59.206],[-151.9769,59.2561],[-151.9787,59.2691],[-151.9842,59.2748],[-151.9772,59.2812],[-151.984,59.2975],[-151.9907,59.3019],[-151.9911,59.3127],[-151.9714,59.3182],[-151.9628,59.3289],[-151.9417,59.3256],[-151.9372,59.3136],[-151.9216,59.3061],[-151.8909,59.3006],[-151.8935,59.3063],[-151.8765,59.3138],[-151.8779,59.3196],[-151.8027,59.3188],[-151.7988,59.3275],[-151.7907,59.3318],[-151.7795,59.3265],[-151.7701,59.313],[-151.7639,59.3153],[-151.7715,59.3134],[-151.7743,59.3203],[-151.7601,59.3239],[-151.7651,59.3233],[-151.7654,59.3285],[-151.7684,59.3261],[-151.7766,59.3335],[-151.7722,59.335],[-151.7788,59.3379],[-151.7754,59.3411],[-151.7818,59.3421],[-151.7811,59.3385],[-151.7864,59.35],[-151.7992,59.3571],[-151.8726,59.3728],[-151.8521,59.3724],[-151.8615,59.3764],[-151.864,59.3733],[-151.8641,59.3786],[-151.8726,59.3827],[-151.89,59.3831],[-151.8963,59.3889],[-151.894,59.3931],[-151.9087,59.3983],[-151.8946,59.404],[-151.8861,59.4169],[-151.8718,59.6727],[-152.3608,59.6801],[-151.9405,60.2496],[-151.8229,60.3513],[-151.7991,60.3966],[-151.7208,60.5014],[-151.6458,60.6594],[-151.4864,60.8625],[-151.3775,60.9169],[-151.0975,60.9889],[-151.022,61.0016],[-150.8926,61.04],[-150.7791,61.0796],[-150.974,61.1663],[-150.974,61.2529],[-151.3328,61.2529],[-151.3328,61.4262],[-153.0017,61.4262],[-153.0017,62.2926],[-153.0701,62.2926],[-153.0701,62.206],[-153.395,62.206],[-153.395,62.1193],[-153.7619,62.1193],[-153.7619,62.0327],[-157.0639,62.0326],[-157.0639,62.1193],[-158.5314,62.1193],[-158.5314,62.0326],[-159.265,62.0326],[-159.265,61.946],[-160.9076,61.9459],[-160.8606,61.7159],[-160.8528,61.7179],[-160.7534,61.282],[-159.4494,61.0047],[-159.2228,60.9694],[-159.0587,60.9354],[-158.9592,60.9082],[-158.9337,60.9119],[-158.8969,60.9062],[-158.9419,60.9062],[-158.9419,60.8195],[-159.0151,60.8195],[-159.0151,60.7328],[-159.1907,60.7328],[-159.1907,60.6462],[-159.3662,60.6462],[-159.3662,60.4729],[-159.4345,60.4729],[-159.4345,60.3862],[-159.6082,60.3862],[-159.6082,60.2129],[-159.7819,60.2129],[-159.7819,60.1262],[-159.8455,60.1262],[-159.8455,59.9528],[-160.0174,59.9528],[-160.0174,59.7795],[-160.2485,59.7795],[-160.2485,59.6062],[-160.4186,59.6062],[-160.4205,59.5536],[-160.4282,59.5533],[-160.4427,59.5428],[-160.4544,59.543],[-160.481,59.5226],[-160.4985,59.5222],[-160.5094,59.5103],[-160.5178,59.5083],[-160.5098,59.5062],[-160.5132,59.4998],[-160.5487,59.4908],[-160.5742,59.4763],[-160.5981,59.4712],[-160.6254,59.4728],[-160.6403,59.4647],[-160.6746,59.4615],[-160.6901,59.4667],[-160.6914,59.4724],[-160.7047,59.4695],[-160.7007,59.4646],[-160.7159,59.46],[-160.7158,59.4561],[-160.7302,59.4597],[-160.7364,59.455],[-160.7489,59.4634],[-160.7614,59.4565],[-160.7706,59.4584],[-160.7675,59.4536],[-160.7745,59.4495],[-160.8061,59.4495],[-160.8161,59.4394],[-160.8354,59.4338],[-160.8357,59.4287],[-160.8467,59.4216],[-160.8406,59.4136],[-160.8423,59.4077],[-160.8546,59.4045],[-160.8532,59.4006],[-160.9279,59.3826],[-160.9461,59.3557],[-160.9644,59.346],[-161.0213,59.3314],[-161.0297,59.3173],[-161.0349,59.3161],[-161.0399,59.3213],[-161.0753,59.3122],[-161.0923,59.3015],[-161.1033,59.3044],[-161.1236,59.2956],[-161.1465,59.293],[-161.1773,59.2902],[-161.1852,59.2951],[-161.2227,59.2962],[-161.2398,59.2904],[-161.275,59.2932],[-161.2955,59.2809],[-161.3,59.2835],[-161.3261,59.2735],[-161.3301,59.2679],[-161.342,59.2688],[-161.3389,59.2621],[-161.3728,59.2481],[-161.3811,59.2504],[-161.3894,59.2458],[-161.3847,59.2513],[-161.3698,59.2549],[-161.3879,59.2655],[-161.3977,59.2652],[-161.3947,59.2705],[-161.4122,59.2769],[-161.409,59.2845],[-161.4284,59.2856],[-161.4394,59.2898],[-161.4409,59.296],[-161.4566,59.3012],[-161.4927,59.3021],[-161.5086,59.3084],[-161.5329,59.3096],[-161.5828,59.292],[-161.6113,59.3101],[-161.6236,59.31],[-161.6272,59.3193],[-161.6396,59.3235],[-161.658,59.3093],[-161.7074,59.2912],[-161.7482,59.29],[-161.7919,59.3023],[-161.8224,59.3017],[-161.8334,59.2972],[-161.853,59.3054],[-161.8718,59.3039],[-161.8902,59.3085],[-161.9084,59.3021],[-161.9178,59.3041],[-161.9257,59.2993],[-161.9237,59.2968],[-161.9444,59.2894],[-161.9555,59.2917],[-161.9909,59.3374],[-162.117,59.3262],[-162.1321,59.3062],[-162.1666,59.2751],[-162.171,59.2476],[-162.1638,59.2245],[-162.1022,59.1288],[-162.0731,59.1],[-162.0077,59.0553],[-162.0011,59.0702],[-161.9533,59.0327],[-161.9025,58.9776],[-161.8818,58.9441],[-161.8872,58.8713],[-161.8818,58.8575],[-161.8575,58.8304],[-161.8566,58.8152],[-161.8512,58.808],[-161.8892,58.7843],[-161.8978,58.762],[-161.9332,58.7483],[-161.9483,58.7325],[-161.9492,58.7243],[-162.0731,58.7244],[-162.1851,58.7061],[-162.269,58.6676],[-162.2807,58.6463],[-162.2777,58.6329],[-162.2704,58.6221],[-162.2303,58.5986],[-162.199,58.59],[-162.1717,58.5899],[-162.1322,58.5714],[-162.0818,58.5649],[-162.0431,58.5683],[-161.9986,58.5611],[-161.9715,58.5677],[-161.9302,58.5663],[-161.909,58.5727],[-161.8636,58.5687],[-161.8609,58.5391],[-161.8176,58.5057],[-161.7492,58.496],[-161.617,58.5068],[-161.587,58.5184],[-161.5723,58.5352],[-161.5715,58.5438],[-161.5213,58.5516],[-161.4899,58.5619],[-161.4578,58.586],[-161.322,58.6116],[-161.234,58.6435],[-161.177,58.6071],[-161.1868,58.5733],[-161.1773,58.5426],[-161.1589,58.5124],[-161.141,58.5033],[-161.0958,58.49],[-161.0675,58.4898],[-161.0156,58.5031],[-160.9648,58.4957],[-160.9334,58.4961],[-160.8741,58.5101],[-160.8184,58.5396],[-160.7933,58.5601],[-160.7873,58.5816],[-160.7,58.6721],[-160.6891,58.6903],[-160.6016,58.7933],[-160.5935,58.8217],[-160.5981,58.8342],[-160.6087,58.8436],[-160.3431,58.8805],[-160.3269,58.8584],[-160.3337,58.8483],[-160.3105,58.8126],[-160.2976,58.7991],[-160.2734,58.7887],[-160.234,58.774],[-160.1722,58.7693],[-160.1271,58.7801],[-160.0892,58.8063],[-160.0282,58.7641],[-160.0144,58.7598],[-160.0044,58.7446],[-159.9391,58.7179],[-159.8939,58.715],[-159.8117,58.7354],[-159.7481,58.7603],[-159.7189,58.7767],[-159.7017,58.7964],[-159.6469,58.7861],[-159.5447,58.7784],[-159.4047,58.666],[-159.1514,58.4158],[-159.1622,58.4036],[-159.1624,58.3952],[-159.1484,58.3703],[-159.1079,58.3475],[-159.0477,58.3343],[-159.0187,58.3341],[-158.9655,58.3528],[-158.9117,58.3429],[-158.8767,58.3419],[-158.8103,58.3472],[-158.7727,58.3549],[-158.7201,58.3761],[-158.6895,58.4017],[-158.6382,58.4132],[-158.6144,58.4337],[-158.6047,58.4463],[-158.6052,58.4556],[-158.213,58.5426],[-158.1479,58.5438],[-158.0698,58.4903],[-158.8935,56.9998],[-158.8936,56.9451],[-158.9816,56.9111],[-159.0816,56.8529],[-159.1739,56.8145],[-159.3512,56.7577],[-159.4257,56.7402],[-159.5023,56.7028],[-159.581,56.6729],[-159.8702,56.5909],[-159.9051,56.5782],[-159.9606,56.5435],[-159.9941,56.5164],[-160.0691,56.4803],[-160.2254,56.4336],[-160.3056,56.3692],[-160.4132,56.3217],[-160.4394,56.2988],[-160.4787,56.2358],[-160.5137,56.203],[-160.5457,56.1153],[-160.584,56.0794],[-160.616,56.0674],[-160.9296,56.0794],[-161.0447,56.0714],[-161.2111,56.0674],[-161.4287,56.0116],[-161.6004,55.9867],[-161.7295,55.9549],[-161.8257,55.9427],[-161.8583,55.9325],[-161.9062,55.9122],[-162.0022,55.8487],[-162.0114,55.8511],[-162.0329,55.8443],[-162.0436,55.832],[-162.0608,55.8251],[-162.1036,55.8195],[-162.1342,55.8091],[-162.1723,55.7735],[-162.3032,55.7171],[-162.4151,55.6266],[-162.5002,55.5729],[-162.5472,55.5287],[-162.5709,55.5158],[-162.6084,55.4978],[-162.645,55.4885],[-162.6816,55.4632],[-162.727,55.4589],[-162.8302,55.4294],[-162.87,55.4153],[-162.9352,55.3821],[-162.9499,55.3604],[-162.9828,55.3356],[-163.1413,55.232],[-163.2075,55.2197],[-163.2907,55.1934],[-163.4589,55.1281],[-163.5679,55.1002],[-163.6307,55.0932],[-163.6661,55.0945],[-163.7703,55.1088],[-163.8039,55.1058],[-163.8587,55.089],[-163.9127,55.0906],[-163.9502,55.0788],[-164.0474,55.0207],[-164.0856,55.0157],[-164.1579,55.0157],[-164.2041,55.0006],[-164.2678,54.9642],[-164.2979,54.9526],[-164.3075,54.9515],[-164.361,54.9691],[-164.4182,54.9796],[-164.5212,54.9691],[-164.5722,54.9439],[-164.5825,54.9345],[-164.6143,54.9239],[-164.6277,54.9115],[-164.644,54.8854],[-164.6512,54.8442],[-164.6985,54.8015],[-164.7061,54.7735],[-164.7828,54.6917],[-164.8352,54.6873],[-164.8769,54.6754],[-164.9995,54.6262],[-165.0196,54.6067],[-165.0362,54.5766]]],[[[177.112,51.8905],[177.1196,51.8587],[177.1425,51.8422],[177.169,51.8293],[177.2003,51.8244],[177.2135,51.8177],[177.2423,51.7905],[177.2549,51.7897],[177.2986,51.7629],[177.3453,51.7577],[177.3826,51.7662],[177.4152,51.791],[177.4203,51.819],[177.4194,51.8267],[177.41,51.8337],[177.4162,51.8712],[177.4555,51.8614],[177.5193,51.8669],[177.5464,51.8616],[177.5986,51.8732],[177.6355,51.8707],[177.6692,51.8814],[177.6873,51.8954],[177.736,51.9021],[177.7906,51.8924],[177.8192,51.8954],[177.8371,51.9023],[177.8608,51.9223],[177.8741,51.944],[177.874,51.9561],[177.8457,51.9838],[177.8116,51.9953],[177.7705,52.0015],[177.7418,51.9955],[177.7032,52.007],[177.7264,52.036],[177.7346,52.0381],[177.7604,52.0612],[177.7679,52.0765],[177.7696,52.0978],[177.7646,52.121],[177.7457,52.1416],[177.7038,52.163],[177.644,52.1844],[177.5867,52.1895],[177.5306,52.1707],[177.4981,52.1516],[177.4692,52.124],[177.4606,52.0946],[177.4515,52.094],[177.426,52.0778],[177.4142,52.0532],[177.4164,52.0381],[177.3209,52.0212],[177.2874,52.0055],[177.26,51.9787],[177.166,51.949],[177.1396,51.9356],[177.1213,51.9179],[177.112,51.8905]]],[[[175.7653,52.3873],[175.7635,52.3807],[175.7745,52.3656],[175.8314,52.3056],[175.8625,52.2896],[175.8966,52.2813],[175.9709,52.2887],[176.0099,52.2996],[176.0244,52.3157],[176.0374,52.3213],[176.054,52.3367],[176.0629,52.3502],[176.0645,52.3634],[176.0434,52.3903],[176.0049,52.4095],[175.9686,52.4161],[175.9318,52.4314],[175.8986,52.4319],[175.8748,52.4397],[175.8419,52.4403],[175.7948,52.4248],[175.7748,52.4077],[175.7653,52.3873]]],[[[173.7738,52.7816],[173.7732,52.7734],[173.7887,52.7497],[173.838,52.716],[174.018,52.6718],[174.0572,52.6717],[174.0793,52.6633],[174.1083,52.6645],[174.1625,52.6567],[174.2118,52.6742],[174.2378,52.7033],[174.2366,52.7482],[174.2214,52.7677],[174.1993,52.7803],[174.1286,52.8012],[174.0955,52.8009],[174.0501,52.7891],[173.9887,52.8124],[173.9648,52.8115],[173.9061,52.8313],[173.8706,52.8348],[173.802,52.8197],[173.7816,52.8021],[173.7738,52.7816]]],[[[173.2734,52.4105],[173.2726,52.3975],[173.2806,52.3776],[173.304,52.3565],[173.3215,52.35],[173.3491,52.3492],[173.3795,52.3381],[173.4358,52.3346],[173.4623,52.3277],[173.5337,52.3318],[173.5811,52.3191],[173.5974,52.308],[173.6386,52.2943],[173.6726,52.2925],[173.6924,52.3019],[173.7137,52.2981],[173.7477,52.3],[173.7943,52.325],[173.8141,52.3533],[173.7982,52.3925],[173.7946,52.4333],[173.7806,52.4508],[173.8124,52.4628],[173.8446,52.4889],[173.8549,52.5139],[173.8556,52.5283],[173.8478,52.5372],[173.8042,52.561],[173.7781,52.5661],[173.6922,52.5614],[173.6567,52.5641],[173.6391,52.5569],[173.6083,52.5599],[173.559,52.5471],[173.5347,52.5283],[173.4987,52.5169],[173.4805,52.5026],[173.4216,52.5073],[173.3937,52.4998],[173.37,52.483],[173.3367,52.4762],[173.304,52.4547],[173.2734,52.4105]]],[[[172.3493,52.9222],[172.3478,52.9067],[172.3626,52.887],[172.4194,52.8597],[172.4504,52.8524],[172.4791,52.8552],[172.5873,52.8091],[172.6396,52.7798],[172.6801,52.7486],[172.7161,52.7324],[172.7602,52.7274],[172.8144,52.7308],[172.8573,52.6957],[172.9015,52.6816],[172.9431,52.6888],[173.036,52.7285],[173.0442,52.7382],[173.0458,52.7488],[173.1033,52.7298],[173.2096,52.7397],[173.2677,52.72],[173.3063,52.6989],[173.3302,52.6928],[173.362,52.6958],[173.3985,52.7105],[173.4143,52.7282],[173.4217,52.7556],[173.4034,52.7776],[173.4483,52.7812],[173.4687,52.775],[173.5261,52.7745],[173.5514,52.7849],[173.5694,52.799],[173.5806,52.8155],[173.5771,52.8304],[173.5676,52.8419],[173.5375,52.8668],[173.5162,52.874],[173.4895,52.9001],[173.4317,52.9175],[173.3926,52.9074],[173.3838,52.9411],[173.3714,52.9603],[173.3219,52.9921],[173.2789,53.0017],[173.2384,52.9998],[173.2159,53.0204],[173.1322,53.044],[173.0618,53.0418],[172.9943,53.0475],[172.9542,53.039],[172.913,53.0508],[172.8883,53.0541],[172.8366,53.051],[172.7636,53.0653],[172.6828,53.0549],[172.6232,53.0532],[172.5862,53.0439],[172.5623,53.0306],[172.5277,53.0233],[172.4957,53.0044],[172.4453,52.984],[172.4278,52.9715],[172.3996,52.9688],[172.3764,52.9596],[172.3539,52.9358],[172.3493,52.9222]]],[[[-155.8368,55.8008],[-155.8368,55.783],[-155.8262,55.7593],[-155.7943,55.7296],[-155.7198,55.7118],[-155.5814,55.6999],[-155.5281,55.7058],[-155.4748,55.7415],[-155.4747,55.7771],[-155.4852,55.8186],[-155.4745,55.8483],[-155.4531,55.8839],[-155.4744,55.9136],[-155.5811,55.9307],[-155.6341,55.9255],[-155.6768,55.9077],[-155.7515,55.8542],[-155.8048,55.8364],[-155.8261,55.8186],[-155.8368,55.8008]]],[[[-156.902,56.1654],[-156.8974,56.1377],[-156.8836,56.1228],[-156.8529,56.1094],[-156.8172,56.1041],[-156.8201,56.0706],[-156.8354,56.0602],[-156.8465,56.0302],[-156.8381,56.0127],[-156.8264,56.0076],[-156.8334,55.9842],[-156.8222,55.9676],[-156.7931,55.9558],[-156.7322,55.9535],[-156.6478,55.9623],[-156.612,55.9829],[-156.5533,56.0271],[-156.548,56.0386],[-156.5474,56.0486],[-156.5534,56.0584],[-156.5502,56.0766],[-156.556,56.0902],[-156.5893,56.1093],[-156.6098,56.1321],[-156.6759,56.1525],[-156.6538,56.1676],[-156.6494,56.1842],[-156.6511,56.201],[-156.6601,56.215],[-156.6733,56.2241],[-156.678,56.2399],[-156.6906,56.2572],[-156.7074,56.2674],[-156.7702,56.2798],[-156.82,56.2765],[-156.842,56.2701],[-156.8722,56.247],[-156.8807,56.2323],[-156.878,56.2233],[-156.898,56.2017],[-156.8968,56.1735],[-156.902,56.1654]]],[[[-159.9103,54.8142],[-159.9117,54.8093],[-159.8996,54.7943],[-159.8351,54.7455],[-159.8135,54.7404],[-159.7654,54.7398],[-159.7468,54.7427],[-159.6886,54.7656],[-159.6692,54.7335],[-159.6524,54.7178],[-159.6248,54.7079],[-159.5479,54.6993],[-159.4693,54.721],[-159.4429,54.7384],[-159.4252,54.76],[-159.4164,54.782],[-159.4168,54.7922],[-159.4406,54.8175],[-159.4976,54.8555],[-159.5561,54.8803],[-159.6019,54.8819],[-159.6363,54.8718],[-159.6813,54.8874],[-159.7293,54.8942],[-159.7611,54.8913],[-159.8546,54.8644],[-159.8858,54.8472],[-159.9103,54.8142]]],[[[-160.0976,58.5999],[-160.0894,58.579],[-160.0591,58.5478],[-160.0085,58.5347],[-159.9213,58.544],[-159.8805,58.563],[-159.8681,58.5725],[-159.8626,58.5857],[-159.8677,58.6105],[-159.9053,58.6467],[-160.0046,58.6656],[-160.0749,58.6399],[-160.0976,58.5999]]],[[[-160.5441,58.6878],[-160.5443,58.6743],[-160.5287,58.6542],[-160.4753,58.6272],[-160.4331,58.6222],[-160.3876,58.6276],[-160.4011,58.6126],[-160.4143,58.5869],[-160.4078,58.5673],[-160.3969,58.5539],[-160.3676,58.542],[-160.3336,58.5357],[-160.301,58.5358],[-160.2588,58.5446],[-160.2256,58.5655],[-160.2154,58.5783],[-160.2122,58.595],[-160.1684,58.6186],[-160.1541,58.6371],[-160.1527,58.6582],[-160.1103,58.6816],[-160.097,58.6973],[-160.0963,58.7053],[-160.1019,58.7248],[-160.1166,58.739],[-160.1376,58.7489],[-160.1877,58.7563],[-160.2141,58.7555],[-160.2639,58.7718],[-160.3232,58.7751],[-160.3676,58.7941],[-160.416,58.7984],[-160.4522,58.7919],[-160.4904,58.7736],[-160.5205,58.741],[-160.5258,58.7302],[-160.5254,58.7086],[-160.5375,58.7003],[-160.5441,58.6878]]],[[[-161.1945,55.159],[-161.189,55.1454],[-161.1661,55.1221],[-161.1329,55.1097],[-161.0957,55.1035],[-161.0589,55.1118],[-161.02,55.1292],[-161.0054,55.1635],[-161.0192,55.1824],[-161.0439,55.2011],[-161.0627,55.2068],[-161.1091,55.208],[-161.1489,55.201],[-161.175,55.1844],[-161.1945,55.159]]],[[[-162.819,54.8112],[-162.8178,54.7994],[-162.8026,54.7758],[-162.7835,54.7653],[-162.7402,54.7531],[-162.7068,54.755],[-162.6778,54.7627],[-162.644,54.7891],[-162.6372,54.8048],[-162.6502,54.8234],[-162.6729,54.8434],[-162.6927,54.8528],[-162.7252,54.8574],[-162.7694,54.8534],[-162.807,54.8295],[-162.819,54.8112]]],[[[-163.0137,54.3851],[-163.014,54.3671],[-163.0048,54.3516],[-162.9833,54.3378],[-162.9526,54.3257],[-162.922,54.326],[-162.8901,54.3308],[-162.8752,54.339],[-162.8507,54.3225],[-162.8179,54.3148],[-162.7984,54.2982],[-162.78,54.2932],[-162.7682,54.2704],[-162.7466,54.2526],[-162.7265,54.2421],[-162.7001,54.238],[-162.6599,54.2423],[-162.6521,54.2483],[-162.6234,54.2525],[-162.5918,54.244],[-162.5469,54.248],[-162.5266,54.258],[-162.4923,54.2938],[-162.4771,54.2989],[-162.4294,54.2985],[-162.4043,54.3058],[-162.359,54.3285],[-162.3374,54.3257],[-162.2822,54.331],[-162.2502,54.3467],[-162.2384,54.3699],[-162.2415,54.3886],[-162.2482,54.3993],[-162.2778,54.4194],[-162.3544,54.4567],[-162.3956,54.4643],[-162.4117,54.4591],[-162.4419,54.4753],[-162.5057,54.478],[-162.5452,54.497],[-162.5827,54.5058],[-162.6106,54.5004],[-162.6359,54.5118],[-162.6637,54.5128],[-162.6916,54.5264],[-162.7225,54.5298],[-162.7331,54.5266],[-162.77,54.5378],[-162.7996,54.5395],[-162.8245,54.5493],[-162.8606,54.5543],[-162.8807,54.5532],[-162.9068,54.544],[-162.9388,54.5211],[-162.9448,54.5054],[-162.9356,54.4777],[-162.9494,54.4674],[-162.9646,54.4462],[-162.9657,54.4373],[-162.9599,54.428],[-162.995,54.4148],[-163.0084,54.4002],[-163.0137,54.3851]]],[[[-163.2709,55.4317],[-163.2624,55.3942],[-163.2471,55.3745],[-163.1963,55.3508],[-163.1539,55.3431],[-163.1069,55.3488],[-163.071,55.3613],[-163.0492,55.3819],[-163.0279,55.4208],[-163.0332,55.4428],[-163.076,55.4887],[-163.1365,55.525],[-163.1739,55.5321],[-163.2323,55.5217],[-163.26,55.5062],[-163.2679,55.4943],[-163.2715,55.477],[-163.2671,55.4668],[-163.2521,55.4538],[-163.2709,55.4317]]],[[[-168.135,53.9515],[-168.1325,53.9274],[-168.1164,53.9055],[-168.083,53.883],[-168.0553,53.8763],[-168.0229,53.8749],[-167.9841,53.8865],[-167.9632,53.9013],[-167.9535,53.9212],[-167.959,53.9637],[-167.97,53.9774],[-167.9936,53.9904],[-168.0022,53.988],[-168.0226,53.9941],[-168.0492,53.995],[-168.083,53.9924],[-168.111,53.9816],[-168.135,53.9515]]],[[[-169.3263,52.7654],[-169.3266,52.7535],[-169.3197,52.7395],[-169.2915,52.7226],[-169.2676,52.7163],[-169.2281,52.7146],[-169.1407,52.741],[-169.0817,52.7712],[-169.0794,52.778],[-169.0301,52.7794],[-169.0062,52.7856],[-168.9777,52.8056],[-168.9514,52.8075],[-168.9036,52.8272],[-168.8752,52.8306],[-168.8495,52.8409],[-168.827,52.8584],[-168.7692,52.8527],[-168.743,52.8547],[-168.69,52.8757],[-168.6765,52.8864],[-168.6758,52.8948],[-168.6483,52.8987],[-168.6097,52.9157],[-168.6025,52.9234],[-168.6044,52.9354],[-168.592,52.9374],[-168.5852,52.9465],[-168.5647,52.9515],[-168.5571,52.9582],[-168.522,52.9337],[-168.4763,52.9195],[-168.4309,52.9218],[-168.4027,52.9293],[-168.3764,52.9415],[-168.3731,52.947],[-168.3536,52.9482],[-168.3372,52.9569],[-168.3148,52.9821],[-168.3126,52.989],[-168.3193,53.0092],[-168.3409,53.03],[-168.3205,53.0501],[-168.3222,53.0686],[-168.334,53.0832],[-168.3025,53.0961],[-168.2577,53.1419],[-168.2512,53.1387],[-168.2163,53.1414],[-168.1699,53.1586],[-168.1552,53.1772],[-168.1511,53.1905],[-168.157,53.2043],[-168.1322,53.2193],[-168.0689,53.2297],[-168.044,53.2442],[-168.0263,53.2261],[-168.0105,53.2203],[-167.8708,53.2059],[-167.8292,53.192],[-167.7684,53.182],[-167.6693,53.172],[-167.5925,53.174],[-167.5221,53.186],[-167.4486,53.2139],[-167.4064,53.2498],[-167.4042,53.258],[-167.3864,53.2609],[-167.3644,53.2765],[-167.3282,53.2716],[-167.2874,53.276],[-167.2551,53.2873],[-167.2257,53.3108],[-167.2199,53.3255],[-167.1068,53.367],[-167.055,53.3724],[-167.0363,53.3818],[-166.9896,53.3732],[-166.9559,53.3753],[-166.9274,53.3851],[-166.8829,53.3776],[-166.8201,53.3848],[-166.8035,53.3816],[-166.7603,53.3947],[-166.7248,53.3942],[-166.5892,53.4572],[-166.5808,53.465],[-166.5812,53.4725],[-166.5421,53.4824],[-166.5223,53.4933],[-166.3787,53.6021],[-166.2211,53.6453],[-166.2101,53.6546],[-166.1749,53.6598],[-166.1485,53.6719],[-166.1247,53.691],[-166.0986,53.6997],[-166.0815,53.7255],[-166.0462,53.7458],[-166.0021,53.7571],[-165.9764,53.7711],[-165.9303,53.8189],[-165.9227,53.846],[-165.938,53.8842],[-165.9559,53.9017],[-165.9611,53.9162],[-165.8869,53.9703],[-165.8281,53.9782],[-165.789,54.0162],[-165.7501,54.0166],[-165.7175,54.0251],[-165.7027,54.0341],[-165.6572,54.0363],[-165.6323,53.9976],[-165.6067,53.9768],[-165.5632,53.9673],[-165.5198,53.9721],[-165.4686,53.9864],[-165.4133,54.0083],[-165.4031,54.0171],[-165.381,54.0164],[-165.3029,53.9807],[-165.2696,53.9807],[-165.1845,54.017],[-165.0273,54.0129],[-164.9228,54.0285],[-164.881,54.0434],[-164.8656,54.0753],[-164.846,54.0833],[-164.8412,54.0902],[-164.8219,54.1308],[-164.7762,54.1359],[-164.754,54.1549],[-164.7145,54.1661],[-164.6921,54.1822],[-164.6824,54.2019],[-164.6806,54.2322],[-164.6878,54.2501],[-164.7089,54.264],[-164.7585,54.2782],[-164.8054,54.2824],[-164.9112,54.2547],[-164.9662,54.2264],[-164.975,54.2149],[-165.0315,54.2089],[-165.0635,54.1867],[-165.0669,54.1801],[-165.1503,54.1805],[-165.2438,54.1593],[-165.2712,54.1441],[-165.321,54.1445],[-165.319,54.1492],[-165.2589,54.1668],[-165.2428,54.1779],[-165.232,54.1957],[-165.2321,54.2165],[-165.263,54.2365],[-165.3452,54.251],[-165.3885,54.2881],[-165.3891,54.2993],[-165.4068,54.3267],[-165.4313,54.3407],[-165.499,54.3491],[-165.542,54.3487],[-165.5787,54.3414],[-165.624,54.3494],[-165.6556,54.3471],[-165.6962,54.3322],[-165.7252,54.3063],[-165.7673,54.2552],[-165.769,54.2392],[-165.7891,54.2391],[-165.8366,54.2582],[-165.9372,54.277],[-166.0339,54.261],[-166.0611,54.2494],[-166.0685,54.2399],[-166.1375,54.2143],[-166.1651,54.1951],[-166.1735,54.1733],[-166.1838,54.1611],[-166.1841,54.1509],[-166.1991,54.1355],[-166.2024,54.1198],[-166.199,54.1035],[-166.1821,54.0905],[-166.1723,54.0752],[-166.1405,54.0571],[-166.1408,54.0469],[-166.1808,54.0509],[-166.2081,54.048],[-166.2432,54.0302],[-166.2616,54.0351],[-166.2864,54.0337],[-166.3051,54.0511],[-166.3544,54.0611],[-166.5111,54.0578],[-166.7558,54.0688],[-166.7852,54.066],[-166.8202,54.048],[-166.9104,54.04],[-166.9365,54.0272],[-166.9887,54.0239],[-167.0091,54.0151],[-167.054,54.0086],[-167.0766,53.9983],[-167.0915,53.9859],[-167.0957,53.9759],[-167.1446,53.9632],[-167.1607,53.9539],[-167.1742,53.9321],[-167.1763,53.9119],[-167.2121,53.9006],[-167.2301,53.8883],[-167.2429,53.8547],[-167.2435,53.8426],[-167.2336,53.8258],[-167.2341,53.8142],[-167.1649,53.7738],[-167.1382,53.7094],[-167.1539,53.6936],[-167.1557,53.6783],[-167.2152,53.6582],[-167.2338,53.6441],[-167.2444,53.6294],[-167.247,53.6147],[-167.2394,53.5832],[-167.2304,53.5667],[-167.2963,53.5397],[-167.3411,53.5436],[-167.3605,53.5401],[-167.3927,53.5283],[-167.4118,53.5153],[-167.4224,53.4981],[-167.4442,53.4933],[-167.5027,53.4953],[-167.5421,53.4785],[-167.5552,53.4654],[-167.608,53.4581],[-167.6481,53.4421],[-167.7277,53.434],[-167.7524,53.4215],[-167.7612,53.4316],[-167.7306,53.4509],[-167.7105,53.4731],[-167.7011,53.4876],[-167.696,53.5146],[-167.6982,53.5242],[-167.7182,53.5486],[-167.7623,53.568],[-167.8042,53.5718],[-167.875,53.5691],[-167.8851,53.5714],[-167.9013,53.5875],[-167.9256,53.6019],[-167.9483,53.6104],[-167.9924,53.615],[-168.0403,53.6103],[-168.0803,53.6205],[-168.1629,53.5979],[-168.1854,53.5987],[-168.284,53.5711],[-168.3091,53.5556],[-168.3182,53.5395],[-168.364,53.5303],[-168.4153,53.5094],[-168.4252,53.4863],[-168.4767,53.4506],[-168.4964,53.4211],[-168.4868,53.3901],[-168.4776,53.3787],[-168.5043,53.3629],[-168.6669,53.3152],[-168.6893,53.3033],[-168.6991,53.2804],[-168.7176,53.2799],[-168.7398,53.2715],[-168.7814,53.2407],[-168.8194,53.2217],[-168.8594,53.1882],[-168.8831,53.1502],[-168.8806,53.1409],[-168.8906,53.1239],[-168.8907,53.1085],[-168.8728,53.0817],[-168.9056,53.0655],[-168.9282,53.066],[-168.9654,53.0507],[-168.9921,53.0241],[-168.9995,53.0106],[-169.0033,52.9966],[-169.0001,52.9828],[-169.0233,52.9871],[-169.0657,52.9813],[-169.1094,52.9584],[-169.1295,52.9629],[-169.1971,52.9649],[-169.2339,52.9459],[-169.2588,52.9133],[-169.2554,52.8845],[-169.2268,52.8612],[-169.1882,52.8507],[-169.2943,52.8116],[-169.312,52.7965],[-169.3263,52.7654]]],[[[-169.8796,56.6148],[-169.8802,56.602],[-169.8682,56.587],[-169.8048,56.5474],[-169.7637,56.5407],[-169.7275,56.5146],[-169.6761,56.4962],[-169.5813,56.4832],[-169.5266,56.493],[-169.4794,56.5269],[-169.4205,56.5493],[-169.3775,56.5877],[-169.3823,56.6148],[-169.4016,56.6366],[-169.4387,56.6537],[-169.4742,56.6561],[-169.5093,56.6675],[-169.6219,56.6613],[-169.7473,56.675],[-169.8025,56.674],[-169.8294,56.6698],[-169.8626,56.652],[-169.8776,56.6305],[-169.8796,56.6148]]],[[[-170.0505,57.1869],[-170.044,57.1651],[-170.0225,57.1443],[-169.9891,57.1304],[-169.969,57.128],[-169.9303,57.1321],[-169.8869,57.1454],[-169.849,57.1762],[-169.8477,57.1849],[-169.8712,57.2215],[-169.9097,57.2363],[-169.94,57.2389],[-170.008,57.2253],[-170.0422,57.205],[-170.0505,57.1869]]],[[[-170.273,52.7485],[-170.2749,52.7376],[-170.2674,52.7248],[-170.2636,52.6973],[-170.2501,52.6811],[-170.2134,52.669],[-170.1738,52.6629],[-170.0866,52.6626],[-170.0484,52.6706],[-170.0193,52.6824],[-169.9818,52.712],[-169.9755,52.7381],[-169.9038,52.7406],[-169.8763,52.7467],[-169.8488,52.7631],[-169.8203,52.7594],[-169.785,52.7367],[-169.738,52.721],[-169.7031,52.7161],[-169.6597,52.7262],[-169.6391,52.7368],[-169.6275,52.7507],[-169.6188,52.7806],[-169.5886,52.8006],[-169.5866,52.8141],[-169.5929,52.8315],[-169.5882,52.8398],[-169.5879,52.8729],[-169.5934,52.8895],[-169.6076,52.9019],[-169.6156,52.9033],[-169.6149,52.9121],[-169.6336,52.9291],[-169.62,52.9361],[-169.6071,52.9596],[-169.5875,52.97],[-169.5804,52.9824],[-169.5751,53.0018],[-169.5806,53.0322],[-169.6141,53.0698],[-169.6642,53.0857],[-169.6855,53.1091],[-169.7006,53.1165],[-169.7591,53.1341],[-169.8141,53.1266],[-169.8608,53.105],[-169.873,53.0892],[-169.8834,53.0515],[-169.8794,53.0393],[-169.8651,53.0244],[-169.833,53.01],[-169.8429,52.9695],[-169.8177,52.9374],[-169.8277,52.9328],[-169.8855,52.9326],[-169.9082,52.9225],[-169.9105,52.9352],[-169.9298,52.9516],[-169.9634,52.9632],[-170.0023,52.9648],[-170.0461,52.9731],[-170.0866,52.9712],[-170.1165,52.9631],[-170.1769,52.9351],[-170.1986,52.9164],[-170.2034,52.8976],[-170.1901,52.8628],[-170.1528,52.8358],[-170.2068,52.8228],[-170.2332,52.8001],[-170.247,52.7789],[-170.2673,52.7642],[-170.273,52.7485]]],[[[-170.5227,57.1934],[-170.5209,57.1822],[-170.5108,57.1743],[-170.5195,57.1622],[-170.4953,57.1283],[-170.4707,57.1137],[-170.4148,57.1047],[-170.4427,57.1023],[-170.492,57.0802],[-170.5084,57.0624],[-170.5085,57.0464],[-170.502,57.0332],[-170.4873,57.0125],[-170.4783,57.0072],[-170.4441,56.9961],[-170.3995,56.9958],[-170.3541,57.0023],[-170.3061,57.0295],[-170.301,57.0418],[-170.3054,57.0567],[-170.2589,57.0621],[-170.2232,57.0766],[-170.1653,57.1134],[-170.1371,57.1221],[-170.1118,57.1367],[-170.0783,57.1695],[-170.0808,57.1923],[-170.0639,57.1976],[-170.0298,57.2209],[-170.0124,57.2541],[-170.0165,57.2666],[-170.0654,57.2979],[-170.1095,57.3053],[-170.1589,57.3044],[-170.191,57.2974],[-170.2069,57.2907],[-170.2229,57.2752],[-170.2617,57.2641],[-170.2908,57.2706],[-170.3345,57.2724],[-170.3641,57.2687],[-170.3953,57.258],[-170.4382,57.2549],[-170.4602,57.2387],[-170.4901,57.2255],[-170.5227,57.1934]]],[[[-170.926,52.5586],[-170.9274,52.5499],[-170.9129,52.5303],[-170.8876,52.5138],[-170.8484,52.5052],[-170.8283,52.4919],[-170.7938,52.4871],[-170.7638,52.4898],[-170.7382,52.5001],[-170.6744,52.5399],[-170.5757,52.5549],[-170.5361,52.5738],[-170.474,52.6384],[-170.4747,52.6738],[-170.481,52.6904],[-170.5083,52.7212],[-170.5263,52.7292],[-170.5641,52.7422],[-170.6304,52.7516],[-170.6805,52.7496],[-170.7321,52.7298],[-170.7704,52.7211],[-170.8187,52.6885],[-170.8654,52.6691],[-170.8889,52.6493],[-170.9235,52.575],[-170.926,52.5586]]],[[[-171.3933,52.4809],[-171.3866,52.4486],[-171.3773,52.4314],[-171.3584,52.4125],[-171.2943,52.3931],[-171.2643,52.3912],[-171.2063,52.3989],[-171.1731,52.4152],[-171.1365,52.4457],[-171.1149,52.4828],[-171.1118,52.5076],[-171.0646,52.5212],[-171.0495,52.531],[-171.0336,52.5485],[-171.0188,52.5858],[-171.0201,52.5968],[-171.0311,52.6101],[-171.0697,52.6271],[-171.1402,52.6396],[-171.1792,52.6387],[-171.2059,52.6249],[-171.2486,52.5809],[-171.2805,52.5798],[-171.3124,52.5707],[-171.3744,52.5371],[-171.3871,52.5148],[-171.3933,52.4809]]],[[[-172.7207,52.2644],[-172.7075,52.2342],[-172.676,52.2106],[-172.6595,52.2111],[-172.6162,52.1991],[-172.5106,52.1999],[-172.4749,52.2151],[-172.4501,52.2173],[-172.4272,52.2254],[-172.3779,52.2284],[-172.335,52.2523],[-172.2877,52.2657],[-172.266,52.2818],[-172.2502,52.2841],[-172.2284,52.2962],[-172.2107,52.3163],[-172.2105,52.3271],[-172.2263,52.3549],[-172.2243,52.3694],[-172.2313,52.3799],[-172.2745,52.4058],[-172.3324,52.4199],[-172.3795,52.4413],[-172.4483,52.4431],[-172.484,52.4367],[-172.6332,52.3879],[-172.6815,52.3306],[-172.7013,52.3146],[-172.7143,52.2948],[-172.7173,52.2815],[-172.7126,52.2763],[-172.7207,52.2644]]],[[[-175.2248,52.233],[-175.223,52.2206],[-175.2053,52.1912],[-175.1765,52.1707],[-175.1525,52.163],[-175.1131,52.1657],[-175.0787,52.1772],[-175.0642,52.1861],[-175.0363,52.2176],[-175.0365,52.229],[-175.0536,52.2513],[-175.0959,52.2743],[-175.1198,52.2805],[-175.1751,52.2716],[-175.2046,52.2591],[-175.2248,52.233]]],[[[-175.6098,52.183],[-175.6091,52.1674],[-175.5987,52.1467],[-175.5613,52.1226],[-175.5124,52.1074],[-175.4725,52.1131],[-175.437,52.1328],[-175.4043,52.1716],[-175.4037,52.182],[-175.4107,52.1968],[-175.4368,52.217],[-175.492,52.2376],[-175.5328,52.2366],[-175.5793,52.2202],[-175.604,52.1987],[-175.6098,52.183]]],[[[-177.5517,51.9155],[-177.5465,51.8894],[-177.5326,51.873],[-177.4867,51.8436],[-177.469,51.8399],[-177.4298,51.8411],[-177.3809,51.8557],[-177.3524,51.8717],[-177.3363,51.889],[-177.3326,51.9008],[-177.3393,51.9272],[-177.3647,51.9568],[-177.4222,51.9764],[-177.4595,51.9829],[-177.4936,51.9746],[-177.5091,51.9657],[-177.5429,51.9351],[-177.5517,51.9155]]],[[[-178.3078,51.8816],[-178.3071,51.8584],[-178.2725,51.8231],[-178.2335,51.8019],[-178.1603,51.7789],[-178.132,51.7579],[-178.1645,51.7469],[-178.1923,51.7208],[-178.1922,51.7038],[-178.2037,51.6925],[-178.206,51.6793],[-178.2032,51.6613],[-178.1894,51.6337],[-178.1318,51.6099],[-178.0902,51.6037],[-178.0834,51.5951],[-178.0507,51.5799],[-178.0269,51.5742],[-178.0108,51.5758],[-178.0021,51.5669],[-177.9713,51.5524],[-177.9283,51.5419],[-177.8994,51.5402],[-177.86,51.5511],[-177.8305,51.57],[-177.8205,51.5844],[-177.8179,51.5981],[-177.8187,51.6187],[-177.8249,51.6311],[-177.8104,51.633],[-177.7834,51.6479],[-177.7519,51.6374],[-177.7503,51.6277],[-177.7277,51.611],[-177.6997,51.6023],[-177.6577,51.5987],[-177.5812,51.6133],[-177.5627,51.6229],[-177.5538,51.6398],[-177.5414,51.6412],[-177.5129,51.6319],[-177.481,51.6322],[-177.452,51.6402],[-177.403,51.6704],[-177.3723,51.6416],[-177.3503,51.635],[-177.3176,51.636],[-177.2811,51.6276],[-177.2286,51.632],[-177.163,51.6528],[-177.1269,51.6534],[-177.08,51.6742],[-177.0341,51.7327],[-177.0364,51.7463],[-177.0276,51.767],[-177.0361,51.7818],[-177.0345,51.7967],[-177.0403,51.8077],[-177.0244,51.8096],[-176.9837,51.8338],[-176.983,51.8258],[-177.0015,51.8027],[-177.0042,51.7878],[-176.9943,51.7622],[-176.9684,51.7481],[-176.9702,51.7437],[-177.0339,51.704],[-177.0454,51.6907],[-177.0637,51.6647],[-177.0653,51.6489],[-177.0727,51.6424],[-177.0743,51.6209],[-177.0688,51.6097],[-177.0687,51.5928],[-177.0589,51.5785],[-177.0426,51.5661],[-176.998,51.5455],[-176.9428,51.5371],[-176.9179,51.5385],[-176.894,51.5468],[-176.8621,51.5704],[-176.8297,51.5588],[-176.8014,51.5594],[-176.7473,51.5777],[-176.7345,51.5742],[-176.6987,51.5784],[-176.663,51.5941],[-176.6512,51.6039],[-176.6248,51.6049],[-176.6015,51.6117],[-176.5398,51.6484],[-176.5153,51.6478],[-176.4565,51.6764],[-176.4479,51.6742],[-176.4031,51.6839],[-176.339,51.6787],[-176.2552,51.6954],[-176.23,51.7113],[-176.2113,51.7331],[-176.163,51.72],[-176.1332,51.7216],[-176.0906,51.7409],[-176.0788,51.7391],[-176.0583,51.7447],[-176.0418,51.7558],[-176.0026,51.7484],[-175.9647,51.7554],[-175.9266,51.776],[-175.913,51.8004],[-175.882,51.7939],[-175.8498,51.7955],[-175.8271,51.8054],[-175.8146,51.8153],[-175.7986,51.8391],[-175.8059,51.8665],[-175.7906,51.8625],[-175.7526,51.8638],[-175.7119,51.8732],[-175.6922,51.8858],[-175.6556,51.8977],[-175.6359,51.9112],[-175.6153,51.9043],[-175.5854,51.9049],[-175.5257,51.9153],[-175.5131,51.9268],[-175.4987,51.9216],[-175.47,51.9218],[-175.4462,51.9306],[-175.41,51.9302],[-175.3487,51.9626],[-175.3069,51.9523],[-175.2371,51.9615],[-175.2039,51.9552],[-175.1645,51.9578],[-175.1002,51.949],[-175.0564,51.9482],[-175.0407,51.9541],[-175.0003,51.9545],[-174.8693,51.9891],[-174.8613,51.98],[-174.8325,51.9727],[-174.8058,51.973],[-174.7451,51.9556],[-174.6879,51.9575],[-174.5943,51.9784],[-174.5507,51.9614],[-174.4809,51.9525],[-174.4425,51.9639],[-174.4231,51.9618],[-174.3786,51.9685],[-174.3504,51.9803],[-174.3233,52.0102],[-174.314,52.0362],[-174.2772,52.0454],[-174.2503,52.0393],[-174.1811,52.0474],[-174.151,52.0432],[-174.1243,52.0486],[-174.0766,52.049],[-174.0499,52.0552],[-174.0264,52.0472],[-174.0022,52.0287],[-173.9707,52.0142],[-173.854,51.9913],[-173.8152,51.9898],[-173.7765,51.9986],[-173.7737,52.0029],[-173.7349,51.9989],[-173.71,52.0068],[-173.6802,52.0009],[-173.6379,52.0037],[-173.6174,52.0009],[-173.5849,51.9825],[-173.5186,51.9716],[-173.4873,51.9712],[-173.4279,51.9849],[-173.3931,51.9797],[-173.3567,51.9808],[-173.3099,51.999],[-173.3045,52.0054],[-173.2558,52.0053],[-173.2432,52.0094],[-173.2389,52.0087],[-173.2372,51.9883],[-173.2249,51.9746],[-173.1761,51.9489],[-173.1513,51.9471],[-173.1032,51.9595],[-173.0852,51.9749],[-173.0781,51.9935],[-173.0803,52.0186],[-173.07,52.026],[-173.0488,52.0224],[-173.0033,52.028],[-172.976,52.0203],[-172.9498,52.0191],[-172.9231,52.0242],[-172.8847,52.0433],[-172.8765,52.0559],[-172.8669,52.0564],[-172.8392,52.0716],[-172.8199,52.105],[-172.8288,52.1234],[-172.8425,52.1364],[-172.8666,52.1489],[-172.8949,52.1555],[-172.9252,52.1552],[-172.9437,52.1466],[-173.1515,52.1616],[-173.2241,52.1557],[-173.2832,52.1613],[-173.3098,52.155],[-173.343,52.1665],[-173.4408,52.1688],[-173.4557,52.1917],[-173.479,52.2071],[-173.5063,52.2131],[-173.5651,52.2037],[-173.5873,52.2122],[-173.6017,52.2125],[-173.7321,52.1833],[-173.7851,52.1856],[-173.8406,52.2013],[-173.8718,52.2029],[-173.8986,52.199],[-173.9364,52.1846],[-173.9905,52.1831],[-173.9805,52.2116],[-173.9647,52.224],[-173.9556,52.24],[-173.9218,52.2678],[-173.9046,52.2937],[-173.9028,52.3192],[-173.9218,52.3474],[-173.9182,52.3629],[-173.9229,52.3781],[-173.9402,52.3963],[-173.9859,52.4121],[-173.9954,52.4243],[-174.0309,52.4394],[-174.0654,52.4426],[-174.1106,52.4683],[-174.1579,52.473],[-174.1864,52.4717],[-174.245,52.4548],[-174.3127,52.4567],[-174.3288,52.4507],[-174.3557,52.4265],[-174.3758,52.4218],[-174.3908,52.4099],[-174.4064,52.3908],[-174.4107,52.3764],[-174.4688,52.3729],[-174.4947,52.367],[-174.5249,52.3482],[-174.5369,52.3289],[-174.5376,52.317],[-174.5178,52.2845],[-174.4944,52.2653],[-174.5246,52.2676],[-174.5535,52.2595],[-174.589,52.2287],[-174.6178,52.2334],[-174.6685,52.2252],[-174.6961,52.2094],[-174.7186,52.1901],[-174.7316,52.1714],[-174.7598,52.1671],[-174.7947,52.1502],[-174.8271,52.1598],[-174.8499,52.1554],[-174.8537,52.1622],[-174.8661,52.1656],[-174.9252,52.1639],[-174.9645,52.1543],[-174.9932,52.1364],[-175.0594,52.1366],[-175.0839,52.1257],[-175.1024,52.1086],[-175.1551,52.1095],[-175.1931,52.1044],[-175.2316,52.0902],[-175.2966,52.0888],[-175.3267,52.0758],[-175.341,52.0775],[-175.3843,52.0633],[-175.4124,52.036],[-175.4412,52.0431],[-175.4704,52.0428],[-175.5177,52.0284],[-175.5491,52.0099],[-175.5723,52.0145],[-175.5989,52.0125],[-175.6115,52.0182],[-175.6361,52.0175],[-175.6477,52.0222],[-175.6776,52.0193],[-175.7132,52.0263],[-175.7393,52.0213],[-175.7782,52.0401],[-175.8065,52.0437],[-175.8303,52.0854],[-175.8537,52.0965],[-175.8952,52.0969],[-175.9278,52.0911],[-175.9353,52.1049],[-175.9669,52.1214],[-175.9771,52.1413],[-175.9919,52.1497],[-176.0399,52.1622],[-176.0806,52.159],[-176.0931,52.1646],[-176.1484,52.1715],[-176.1691,52.1696],[-176.2244,52.1531],[-176.2854,52.0941],[-176.2931,52.0654],[-176.2914,52.0534],[-176.2811,52.0434],[-176.2799,52.0234],[-176.2675,52.0054],[-176.2655,51.9873],[-176.2471,51.9653],[-176.253,51.958],[-176.252,51.9483],[-176.2429,51.9267],[-176.2693,51.919],[-176.326,51.9224],[-176.3399,51.9163],[-176.4291,51.9154],[-176.4528,51.9079],[-176.4489,51.9333],[-176.4528,51.944],[-176.4729,51.9636],[-176.4696,51.9812],[-176.4815,52.0182],[-176.4885,52.026],[-176.5412,52.0509],[-176.6013,52.0566],[-176.6619,52.0401],[-176.6915,52.0177],[-176.7386,52.0208],[-176.8025,52.0167],[-176.827,52.0091],[-176.8478,51.9955],[-176.8755,51.9597],[-176.8974,51.907],[-176.9102,51.8896],[-176.9189,51.8821],[-176.9387,51.8827],[-176.971,51.8611],[-176.9752,51.8761],[-176.9672,51.8895],[-176.97,51.9245],[-177.0169,51.965],[-177.0797,51.986],[-177.1489,51.9984],[-177.2062,51.9931],[-177.2489,51.9735],[-177.2675,51.9596],[-177.2844,51.9131],[-177.2829,51.8631],[-177.2983,51.8562],[-177.3089,51.8368],[-177.3245,51.8321],[-177.3637,51.838],[-177.4062,51.8362],[-177.4236,51.8287],[-177.4457,51.8095],[-177.4887,51.8049],[-177.5153,51.792],[-177.5421,51.7883],[-177.5643,51.796],[-177.5539,51.8005],[-177.5383,51.8209],[-177.542,51.8332],[-177.5331,51.8423],[-177.5323,51.8551],[-177.5384,51.8731],[-177.5678,51.8972],[-177.6149,51.905],[-177.7039,51.8972],[-177.7354,51.8884],[-177.7734,51.8957],[-177.8119,51.8908],[-177.8268,51.8964],[-177.8345,51.9141],[-177.8467,51.9225],[-177.8655,51.9258],[-177.8899,51.9526],[-177.9132,51.9644],[-177.947,51.9713],[-178.0023,51.9657],[-178.0324,51.9727],[-178.065,51.9648],[-178.0869,51.9754],[-178.1072,51.9765],[-178.2284,51.9569],[-178.2584,51.9421],[-178.2988,51.9037],[-178.3078,51.8816]]],[[[-178.4312,51.4891],[-178.4309,51.4766],[-178.4157,51.4554],[-178.3874,51.4368],[-178.3541,51.4297],[-178.3318,51.4308],[-178.3043,51.4213],[-178.2486,51.4232],[-178.2181,51.4315],[-178.1984,51.4437],[-178.1878,51.4726],[-178.1876,51.4822],[-178.2089,51.5092],[-178.2386,51.5299],[-178.279,51.542],[-178.3106,51.5405],[-178.3221,51.5353],[-178.36,51.5375],[-178.3901,51.5292],[-178.4229,51.509],[-178.4312,51.4891]]],[[[-178.9573,51.7808],[-178.95,51.7602],[-178.9417,51.7533],[-178.8685,51.7117],[-178.828,51.6948],[-178.7962,51.6934],[-178.7494,51.7002],[-178.7009,51.7165],[-178.6635,51.7474],[-178.6466,51.7994],[-178.6586,51.8071],[-178.6903,51.8495],[-178.7191,51.8653],[-178.7727,51.8853],[-178.8394,51.8883],[-178.8904,51.8731],[-178.9153,51.8581],[-178.9396,51.8336],[-178.9573,51.7808]]],[[[-179.1495,51.5766],[-179.1489,51.5542],[-179.1411,51.538],[-179.1273,51.5234],[-179.1025,51.5135],[-179.0711,51.5093],[-179.0024,51.5216],[-178.971,51.5378],[-178.9552,51.5535],[-178.9503,51.5648],[-178.9256,51.5381],[-178.9003,51.5223],[-178.8761,51.512],[-178.8689,51.5131],[-178.8364,51.492],[-178.8002,51.4859],[-178.7148,51.4938],[-178.6908,51.5007],[-178.6653,51.518],[-178.6364,51.5248],[-178.5966,51.5108],[-178.5502,51.5085],[-178.5177,51.5206],[-178.5013,51.5327],[-178.4406,51.5509],[-178.4267,51.5618],[-178.4217,51.5873],[-178.4361,51.6097],[-178.4704,51.6287],[-178.5045,51.6335],[-178.5593,51.658],[-178.593,51.6562],[-178.6343,51.6665],[-178.6601,51.6659],[-178.7259,51.6527],[-178.7523,51.636],[-178.7683,51.6166],[-178.8446,51.6376],[-178.8908,51.6285],[-178.9341,51.6048],[-178.9486,51.5873],[-178.9546,51.5985],[-179.0008,51.6317],[-179.0388,51.6435],[-179.0783,51.6436],[-179.124,51.6263],[-179.1499,51.5954],[-179.1495,51.5766]]],[[[-179.2302,51.2839],[-179.2311,51.2675],[-179.2206,51.228],[-179.2079,51.2027],[-179.1838,51.1838],[-179.1369,51.1751],[-179.0736,51.179],[-179.0242,51.2098],[-178.9789,51.2552],[-178.9286,51.2704],[-178.9081,51.2818],[-178.8996,51.2934],[-178.8565,51.3049],[-178.8424,51.3155],[-178.8281,51.335],[-178.8256,51.3675],[-178.8352,51.3908],[-178.8522,51.4104],[-178.8732,51.4248],[-178.9228,51.447],[-178.9694,51.4571],[-178.9901,51.4568],[-179.0339,51.4388],[-179.0618,51.4176],[-179.0776,51.399],[-179.0932,51.3909],[-179.1067,51.3652],[-179.1076,51.3537],[-179.1502,51.3506],[-179.1965,51.3298],[-179.2257,51.2993],[-179.2302,51.2839]]],[[[179.3887,51.9419],[179.3897,51.9238],[179.4235,51.8858],[179.4429,51.8759],[179.4568,51.8599],[179.4846,51.848],[179.6232,51.819],[179.6717,51.8257],[179.7175,51.841],[179.7353,51.855],[179.7572,51.8548],[179.7851,51.8626],[179.825,51.892],[179.8359,51.9175],[179.851,51.9359],[179.8597,51.9604],[179.8571,51.9776],[179.8471,51.9925],[179.8192,52.01],[179.7903,52.0184],[179.7822,52.0334],[179.771,52.0408],[179.7184,52.0534],[179.679,52.0753],[179.6584,52.0783],[179.5409,52.0642],[179.5209,52.0542],[179.5083,52.0397],[179.4503,52.0313],[179.4296,52.0236],[179.4087,52.0054],[179.4014,51.9731],[179.4046,51.9684],[179.3887,51.9419]]],[[[178.5318,51.6497],[178.5306,51.6247],[178.5518,51.5999],[178.5632,51.5998],[178.5769,51.5872],[178.6246,51.569],[178.6672,51.5427],[178.708,51.5374],[178.7407,51.5235],[178.7902,51.4925],[178.8235,51.4876],[178.862,51.4941],[178.8727,51.4897],[178.896,51.4925],[178.9454,51.4606],[178.9502,51.4451],[178.9694,51.4288],[178.9957,51.422],[179.1019,51.3661],[179.122,51.3532],[179.13,51.3334],[179.1507,51.3163],[179.1811,51.3054],[179.2182,51.295],[179.2555,51.2937],[179.2821,51.2998],[179.2981,51.311],[179.3093,51.3063],[179.3382,51.3051],[179.3582,51.3059],[179.357,51.3107],[179.4031,51.3068],[179.4594,51.316],[179.5109,51.3083],[179.5437,51.3191],[179.568,51.3394],[179.5784,51.3543],[179.5769,51.3768],[179.5532,51.4],[179.5354,51.4065],[179.5225,51.4191],[179.4777,51.4311],[179.4521,51.4507],[179.4252,51.4628],[179.3711,51.4652],[179.3556,51.4581],[179.3319,51.4668],[179.2871,51.4698],[179.2646,51.4923],[179.2268,51.5129],[179.1872,51.5169],[179.1703,51.523],[179.1165,51.5692],[179.0947,51.576],[179.0874,51.5835],[179.0889,51.6062],[179.0779,51.6211],[179.0402,51.64],[179.0152,51.6456],[178.9995,51.6425],[178.9724,51.6464],[178.9221,51.6686],[178.8657,51.6756],[178.7699,51.6978],[178.737,51.6949],[178.6988,51.7096],[178.6073,51.7165],[178.5595,51.7017],[178.5433,51.6823],[178.5318,51.6497]]],[[[178.1238,51.844],[178.1209,51.8325],[178.1251,51.814],[178.1405,51.7965],[178.1848,51.7702],[178.1973,51.7673],[178.2071,51.7467],[178.2499,51.7245],[178.2937,51.7205],[178.2979,51.7236],[178.3075,51.7188],[178.3284,51.7192],[178.3704,51.704],[178.4005,51.7036],[178.4692,51.7187],[178.4963,51.7445],[178.498,51.7637],[178.4928,51.7769],[178.479,51.79],[178.4413,51.8093],[178.4312,51.827],[178.3684,51.8605],[178.3322,51.8709],[178.198,51.8889],[178.1555,51.8753],[178.1238,51.844]]],[[[178.0035,52.0496],[178.0004,52.0333],[178.0151,52.015],[178.0106,52.0007],[178.0163,51.9787],[178.0597,51.9481],[178.1006,51.9399],[178.1428,51.9393],[178.1959,51.9488],[178.2605,51.9102],[178.2893,51.9009],[178.3309,51.8986],[178.3711,51.9068],[178.3838,51.891],[178.413,51.8754],[178.5021,51.8469],[178.5316,51.8467],[178.5807,51.8596],[178.6257,51.8884],[178.6446,51.9061],[178.6669,51.9303],[178.6702,51.9441],[178.6713,51.9599],[178.6639,51.9828],[178.6433,51.9976],[178.5124,52.0434],[178.4688,52.0412],[178.4027,52.0217],[178.3785,52.0289],[178.2672,52.0375],[178.2474,52.0675],[178.1888,52.0987],[178.1627,52.1067],[178.122,52.1074],[178.0769,52.1],[178.0462,52.0886],[178.0206,52.0719],[178.0035,52.0496]]],[[[177.9339,51.8723],[177.9355,51.8611],[177.9481,51.8466],[177.964,51.8349],[177.9972,51.822],[178.0449,51.8215],[178.0664,51.8272],[178.084,51.8353],[178.098,51.8507],[178.1013,51.863],[178.0937,51.8945],[178.069,51.9145],[178.0343,51.9226],[177.997,51.922],[177.9744,51.9146],[177.9455,51.8956],[177.9339,51.8723]]],[[[177.2802,52.1276],[177.2906,52.1022],[177.3214,52.0804],[177.3451,52.0721],[177.3868,52.0752],[177.415,52.0848],[177.4356,52.097],[177.4466,52.1145],[177.446,52.1351],[177.4379,52.1469],[177.4088,52.1676],[177.3805,52.1745],[177.3405,52.1703],[177.3154,52.161],[177.2888,52.1442],[177.2802,52.1276]]]]},"properties":{"geoid":"02037","state":"02","district":"37","name":"State House District 37","chamber":"House"}},{"type":"Feature","geometry":{"type":"MultiPolygon","coordinates":[[[[-166.2078,61.4732],[-166.1836,61.4545],[-166.0313,61.3953],[-166.0326,61.3784],[-166.0238,61.3611],[-165.9986,61.3355],[-165.9904,61.3164],[-165.9535,61.2941],[-165.94,61.2759],[-165.9231,61.2648],[-165.8376,61.2387],[-165.8337,61.227],[-165.8229,61.2171],[-165.7869,61.1981],[-165.7434,61.1252],[-165.7169,61.0965],[-165.6637,61.0578],[-165.6068,61.04],[-165.5388,61.0268],[-165.4167,61.0125],[-165.3466,61.0154],[-165.2902,61.0341],[-165.2584,61.0506],[-165.246,61.0535],[-165.2366,61.0501],[-165.2548,61.0347],[-165.2618,61.0215],[-165.3011,60.9902],[-165.3021,60.9664],[-165.2932,60.9544],[-165.2743,60.9464],[-165.276,60.9378],[-165.263,60.9231],[-165.2371,60.9105],[-165.2235,60.8965],[-165.1705,60.8769],[-165.1775,60.848],[-165.1575,60.8293],[-165.1756,60.8072],[-165.1762,60.7963],[-165.1591,60.7765],[-165.141,60.7662],[-165.1439,60.7587],[-165.1392,60.7501],[-165.1234,60.7366],[-165.1468,60.7255],[-165.1642,60.7077],[-165.222,60.6954],[-165.2424,60.6833],[-165.2459,60.675],[-165.2914,60.6655],[-165.3228,60.6518],[-165.3402,60.6383],[-165.4107,60.6322],[-165.4456,60.6235],[-165.4751,60.6066],[-165.4791,60.5976],[-165.5183,60.566],[-165.5204,60.552],[-165.5138,60.5396],[-165.4675,60.5027],[-165.4482,60.495],[-165.4435,60.4847],[-165.4056,60.4655],[-165.3875,60.4595],[-165.3336,60.4593],[-165.2882,60.4426],[-165.2396,60.4432],[-165.2354,60.4252],[-165.1414,60.358],[-164.9719,60.277],[-164.8511,60.249],[-164.7488,60.2403],[-164.7111,60.2079],[-164.6586,60.1755],[-164.5974,60.1582],[-164.5747,60.133],[-164.5215,60.092],[-164.4882,60.055],[-164.4457,60.0305],[-164.4286,60.0279],[-164.3901,60.0109],[-164.3428,60.0029],[-164.3643,59.9992],[-164.4203,59.9781],[-164.4497,59.9533],[-164.4208,59.907],[-164.4157,59.8849],[-164.3465,59.8484],[-164.3367,59.8296],[-164.3132,59.8063],[-164.2746,59.7783],[-164.1932,59.7373],[-164.1248,59.7163],[-164.1111,59.6941],[-164.0808,59.6705],[-164.0133,59.6378],[-163.9762,59.6343],[-163.9197,59.6405],[-163.8471,59.6179],[-163.8119,59.6208],[-163.761,59.6397],[-163.7446,59.6548],[-163.7399,59.6686],[-163.7489,59.6864],[-163.7878,59.7092],[-163.8137,59.7169],[-163.8969,59.7146],[-163.9529,59.7359],[-163.966,59.7471],[-163.9997,59.755],[-163.9937,59.7638],[-163.7844,59.7406],[-163.7077,59.7411],[-163.33,59.7697],[-163.1459,59.7956],[-163.1057,59.7782],[-163.0256,59.7675],[-162.9748,59.7728],[-162.9472,59.7683],[-162.8687,59.7804],[-162.8261,59.8007],[-162.8159,59.8128],[-162.818,59.8403],[-162.7076,59.8802],[-162.6984,59.8918],[-162.6064,59.8883],[-162.5626,59.8968],[-162.4498,59.8846],[-162.452,59.8763],[-162.4417,59.8441],[-162.4114,59.8233],[-162.3643,59.8109],[-162.3176,59.8125],[-162.2278,59.8065],[-162.1944,59.8122],[-162.1867,59.8189],[-162.1783,59.8148],[-162.1385,59.7724],[-162.1069,59.7542],[-162.0982,59.7337],[-162.0683,59.7164],[-162.0649,59.7],[-162.0426,59.6707],[-162.0127,59.6456],[-162.0031,59.6447],[-161.8713,59.5248],[-161.8948,59.5076],[-161.9144,59.4693],[-161.9585,59.4478],[-162.0019,59.4374],[-162.0536,59.409],[-162.0613,59.398],[-162.0648,59.36],[-162.117,59.3262],[-161.9909,59.3374],[-161.9555,59.2917],[-161.9444,59.2894],[-161.9237,59.2968],[-161.9257,59.2993],[-161.9178,59.3041],[-161.9084,59.3021],[-161.8902,59.3085],[-161.8718,59.3039],[-161.853,59.3054],[-161.8334,59.2972],[-161.8224,59.3017],[-161.7919,59.3023],[-161.7482,59.29],[-161.7074,59.2912],[-161.658,59.3093],[-161.6396,59.3235],[-161.6272,59.3193],[-161.6236,59.31],[-161.6113,59.3101],[-161.5828,59.292],[-161.5329,59.3096],[-161.5086,59.3084],[-161.4927,59.3021],[-161.4566,59.3012],[-161.4409,59.296],[-161.4394,59.2898],[-161.4284,59.2856],[-161.409,59.2845],[-161.4122,59.2769],[-161.3947,59.2705],[-161.3977,59.2652],[-161.3879,59.2655],[-161.3698,59.2549],[-161.3847,59.2513],[-161.3894,59.2458],[-161.3811,59.2504],[-161.3713,59.2484],[-161.3389,59.2621],[-161.342,59.2688],[-161.3301,59.2679],[-161.3261,59.2735],[-161.3,59.2835],[-161.2955,59.2809],[-161.275,59.2932],[-161.2398,59.2904],[-161.2227,59.2962],[-161.1852,59.2951],[-161.1773,59.2902],[-161.1465,59.293],[-161.1236,59.2956],[-161.1033,59.3044],[-161.0923,59.3015],[-161.0753,59.3122],[-161.0399,59.3213],[-161.0349,59.3161],[-161.0297,59.3173],[-161.0213,59.3314],[-160.9644,59.346],[-160.9461,59.3557],[-160.9279,59.3826],[-160.8532,59.4006],[-160.8546,59.4045],[-160.8423,59.4077],[-160.8406,59.4136],[-160.8467,59.4216],[-160.8357,59.4287],[-160.8354,59.4338],[-160.8161,59.4394],[-160.8061,59.4495],[-160.7745,59.4495],[-160.7675,59.4536],[-160.7706,59.4584],[-160.7614,59.4565],[-160.7489,59.4634],[-160.7364,59.455],[-160.7302,59.4597],[-160.7158,59.4561],[-160.7159,59.46],[-160.7007,59.4646],[-160.7047,59.4695],[-160.6914,59.4724],[-160.6901,59.4667],[-160.6746,59.4615],[-160.6403,59.4647],[-160.6254,59.4728],[-160.5981,59.4712],[-160.5742,59.4763],[-160.5487,59.4908],[-160.5132,59.4998],[-160.5098,59.5062],[-160.5178,59.5083],[-160.5094,59.5103],[-160.4985,59.5222],[-160.481,59.5226],[-160.4544,59.543],[-160.4427,59.5428],[-160.4282,59.5533],[-160.4205,59.5536],[-160.4186,59.6062],[-160.2485,59.6062],[-160.2485,59.7795],[-160.0174,59.7795],[-160.0174,59.9528],[-159.8455,59.9528],[-159.8455,60.1262],[-159.7819,60.1262],[-159.7819,60.2129],[-159.6082,60.2129],[-159.6082,60.3862],[-159.4345,60.3862],[-159.4345,60.4729],[-159.3662,60.4729],[-159.3662,60.6462],[-159.1907,60.6462],[-159.1907,60.7328],[-159.0151,60.7328],[-159.0151,60.8195],[-158.9419,60.8195],[-158.9419,60.9062],[-158.8969,60.9062],[-158.9337,60.9119],[-158.9592,60.9082],[-159.0587,60.9354],[-159.2228,60.9694],[-159.4494,61.0047],[-160.7534,61.282],[-160.8528,61.7179],[-160.954,61.6857],[-161.0273,61.6535],[-161.0842,61.6155],[-161.1226,61.6],[-161.4496,61.5688],[-161.5698,61.5374],[-161.6971,61.5301],[-161.9003,61.4803],[-162.0134,61.4771],[-162.1721,61.5048],[-162.3283,61.5184],[-162.3687,61.5039],[-162.4414,61.4994],[-162.4762,61.504],[-162.47,61.5244],[-162.4762,61.5328],[-162.4684,61.5433],[-162.4801,61.5527],[-162.5058,61.5564],[-162.7175,61.5369],[-162.754,61.5427],[-162.8636,61.4939],[-162.8577,61.5519],[-162.8449,61.5616],[-162.8317,61.5624],[-162.8303,61.5687],[-162.839,61.5788],[-162.8638,61.5859],[-162.8755,61.5846],[-162.8973,61.5967],[-162.9234,61.6001],[-162.9225,61.6057],[-162.9286,61.6022],[-162.9329,61.6071],[-162.9515,61.6074],[-162.956,61.6112],[-162.9486,61.6132],[-162.9602,61.6147],[-162.9515,61.6188],[-162.9551,61.6205],[-162.9723,61.6191],[-162.966,61.623],[-162.9774,61.6281],[-162.9731,61.63],[-162.9826,61.6348],[-162.9781,61.6375],[-162.9925,61.6452],[-162.9878,61.6466],[-162.9955,61.6479],[-162.9877,61.6542],[-162.9776,61.6534],[-162.9895,61.6607],[-162.9847,61.6638],[-162.9961,61.6663],[-162.9876,61.6686],[-162.9906,61.6727],[-162.9997,61.6716],[-162.9944,61.6775],[-163.0028,61.6758],[-162.9955,61.6789],[-163.0136,61.6786],[-163.0144,61.685],[-163.021,61.6827],[-163.0148,61.6813],[-163.0186,61.6803],[-163.0385,61.6881],[-163.035,61.6925],[-163.0421,61.698],[-163.0359,61.699],[-163.0507,61.6987],[-163.0505,61.7029],[-163.0428,61.7018],[-163.0522,61.7118],[-163.0596,61.7113],[-163.0504,61.7188],[-163.0533,61.7227],[-163.0412,61.7209],[-163.0258,61.7275],[-163.037,61.7322],[-163.0292,61.7382],[-163.0439,61.7375],[-163.0474,61.7417],[-163.0331,61.7454],[-163.0308,61.7548],[-163.0232,61.7569],[-163.0652,61.7698],[-163.0679,61.7731],[-163.0548,61.7762],[-163.0723,61.7774],[-163.057,61.7847],[-163.0821,61.7834],[-163.0704,61.791],[-163.1098,61.7869],[-163.1082,61.7819],[-163.0857,61.7809],[-163.112,61.7766],[-163.1002,61.7722],[-163.1029,61.7697],[-163.1255,61.7692],[-163.1363,61.78],[-163.1462,61.7766],[-163.1444,61.7701],[-163.1693,61.7709],[-163.1721,61.7626],[-163.1897,61.7518],[-163.2079,61.75],[-163.2094,61.741],[-163.2501,61.7531],[-163.2763,61.7465],[-163.279,61.7508],[-163.2706,61.7573],[-163.2828,61.7601],[-163.3002,61.7535],[-163.3127,61.7592],[-163.3339,61.7579],[-163.3638,61.741],[-163.3639,61.7466],[-163.3858,61.7468],[-163.3981,61.7548],[-163.3997,61.7612],[-163.3921,61.7698],[-163.3948,61.7723],[-163.4346,61.7577],[-163.437,61.7554],[-163.4291,61.7536],[-163.4369,61.7515],[-163.4617,61.7564],[-163.4391,61.7591],[-163.4409,61.7713],[-163.4584,61.7671],[-163.4936,61.7757],[-163.4939,61.7656],[-163.515,61.7621],[-163.5226,61.7686],[-163.5359,61.7584],[-163.5869,61.7736],[-163.6037,61.7834],[-163.5972,61.7884],[-163.6075,61.7903],[-163.6348,61.7868],[-163.6369,61.7751],[-163.6317,61.7674],[-163.6353,61.7662],[-163.7084,61.785],[-163.7143,61.7753],[-163.6994,61.7556],[-163.7062,61.7562],[-163.7434,61.7702],[-163.7342,61.7744],[-163.7371,61.7836],[-163.771,61.7873],[-163.8054,61.8034],[-163.8459,61.8088],[-163.8715,61.7948],[-163.8738,61.8017],[-163.8664,61.813],[-163.8216,61.8114],[-163.8148,61.8149],[-163.8207,61.818],[-163.8295,61.837],[-163.8608,61.8561],[-163.8782,61.8494],[-163.8969,61.8283],[-163.8962,61.8214],[-163.883,61.814],[-163.8867,61.8101],[-163.9739,61.815],[-163.9879,61.8243],[-163.9915,61.8325],[-164.0065,61.8343],[-163.9915,61.8455],[-163.9903,61.867],[-163.9782,61.8709],[-163.9802,61.8755],[-164.0025,61.882],[-163.9993,61.8978],[-164.0105,61.9034],[-164.0515,61.898],[-164.0514,61.89],[-164.0591,61.8832],[-164.0922,61.873],[-164.0948,61.8548],[-164.1324,61.8427],[-164.1184,61.8336],[-164.1183,61.8277],[-164.1407,61.8056],[-164.1856,61.807],[-164.2246,61.7909],[-164.2217,61.7666],[-164.2906,61.7696],[-164.3052,61.7909],[-164.3739,61.7951],[-164.38,61.7929],[-164.379,61.7873],[-164.3712,61.785],[-164.3731,61.7809],[-164.3932,61.7784],[-164.4385,61.7596],[-164.4435,61.7535],[-164.4314,61.748],[-164.4345,61.7421],[-164.4805,61.742],[-164.5033,61.7318],[-164.5368,61.73],[-164.5455,61.7191],[-164.5863,61.7177],[-164.6037,61.7085],[-164.6465,61.7326],[-164.6483,61.7429],[-164.6261,61.7513],[-164.5587,61.7337],[-164.5488,61.7432],[-164.5419,61.763],[-164.5863,61.7746],[-164.6252,61.7741],[-164.6585,61.7599],[-164.6792,61.7619],[-164.7351,61.7502],[-164.7907,61.7565],[-164.8242,61.7529],[-164.8302,61.743],[-164.8139,61.7368],[-164.8181,61.7336],[-164.8574,61.7326],[-164.8706,61.7238],[-164.8839,61.7259],[-164.8968,61.7208],[-164.9035,61.7126],[-164.9133,61.7202],[-164.9215,61.7153],[-164.9115,61.7088],[-164.9133,61.7059],[-164.9427,61.6993],[-164.9488,61.6911],[-164.9458,61.6843],[-164.9543,61.6812],[-164.9379,61.6795],[-164.9332,61.6738],[-164.9228,61.6777],[-164.9224,61.6731],[-164.9542,61.6687],[-164.9649,61.6626],[-164.9841,61.6625],[-164.9956,61.6443],[-165.0593,61.6376],[-165.0858,61.6316],[-165.0794,61.6314],[-165.0907,61.6248],[-165.1434,61.6327],[-165.1162,61.6428],[-165.1203,61.6443],[-165.1455,61.6399],[-165.1598,61.6466],[-165.1906,61.6496],[-165.1989,61.6609],[-165.2198,61.6646],[-165.2082,61.676],[-165.2169,61.6803],[-165.2349,61.6773],[-165.2262,61.6679],[-165.2315,61.6633],[-165.2558,61.6622],[-165.2647,61.6719],[-165.2897,61.6596],[-165.3121,61.6738],[-165.3584,61.6587],[-165.3262,61.648],[-165.3101,61.6532],[-165.2964,61.6502],[-165.3005,61.6473],[-165.3072,61.6485],[-165.297,61.6501],[-165.3138,61.6525],[-165.3262,61.6476],[-165.3352,61.6526],[-165.3405,61.6507],[-165.3368,61.6456],[-165.3421,61.6443],[-165.39,61.6468],[-165.3958,61.6499],[-165.3877,61.6494],[-165.3865,61.6562],[-165.395,61.6585],[-165.4376,61.6564],[-165.4462,61.6693],[-165.5063,61.6714],[-165.5179,61.6843],[-165.5461,61.6771],[-165.5165,61.6677],[-165.5092,61.6594],[-165.535,61.6525],[-165.539,61.6399],[-165.5829,61.6447],[-165.6176,61.6314],[-165.625,61.6428],[-165.6119,61.6526],[-165.6302,61.6651],[-165.6297,61.6708],[-165.5802,61.6644],[-165.5834,61.6778],[-165.6143,61.6863],[-165.6315,61.6705],[-165.6664,61.6752],[-165.6847,61.6701],[-165.6789,61.6655],[-165.7008,61.6623],[-165.661,61.6545],[-165.696,61.6389],[-165.6912,61.634],[-165.6949,61.6277],[-165.6889,61.623],[-165.7055,61.6208],[-165.7001,61.6125],[-165.7198,61.6154],[-165.742,61.6121],[-165.7307,61.6065],[-165.7375,61.5984],[-165.7614,61.5997],[-165.7688,61.6106],[-165.7865,61.6142],[-165.8002,61.6057],[-165.9387,61.618],[-165.966,61.6059],[-166.024,61.5584],[-166.0638,61.5357],[-166.0638,61.5321],[-166.0507,61.5331],[-166.0417,61.5162],[-166.0389,61.4834],[-166.2078,61.4732]]],[[[-167.5582,60.2244],[-167.5603,60.206],[-167.5364,60.1782],[-167.517,60.1728],[-167.5152,60.1643],[-167.5054,60.157],[-167.4732,60.1489],[-167.4646,60.1247],[-167.4364,60.1088],[-167.443,60.0955],[-167.4408,60.0565],[-167.4348,60.0457],[-167.4008,60.0261],[-167.3585,60.0185],[-167.3241,60.0185],[-167.2934,59.9992],[-167.2227,59.9939],[-167.1378,59.944],[-167.1029,59.9369],[-167.042,59.9358],[-166.9406,59.9119],[-166.8681,59.8813],[-166.8289,59.8523],[-166.7865,59.8427],[-166.7368,59.8383],[-166.6543,59.8024],[-166.6261,59.7971],[-166.5642,59.7961],[-166.4617,59.7959],[-166.4297,59.8016],[-166.3664,59.7797],[-166.3219,59.7731],[-166.3006,59.7601],[-166.2739,59.7338],[-166.2421,59.7171],[-166.1769,59.6998],[-166.0997,59.6941],[-166.0579,59.6955],[-166.0125,59.7054],[-165.9648,59.723],[-165.8249,59.8067],[-165.803,59.8091],[-165.7733,59.8205],[-165.739,59.8414],[-165.699,59.8351],[-165.6578,59.8363],[-165.6253,59.8464],[-165.5604,59.8529],[-165.4955,59.8702],[-165.4609,59.895],[-165.4452,59.9164],[-165.4391,59.936],[-165.412,59.9541],[-165.4025,59.9679],[-165.4519,59.9904],[-165.4532,59.9992],[-165.4624,60.0096],[-165.4797,60.0216],[-165.5394,60.035],[-165.5534,60.0542],[-165.5666,60.0587],[-165.5674,60.0702],[-165.5732,60.0751],[-165.5602,60.0894],[-165.5575,60.0992],[-165.564,60.1127],[-165.5597,60.1333],[-165.5621,60.1402],[-165.5772,60.1508],[-165.5762,60.1657],[-165.5885,60.1789],[-165.5704,60.1979],[-165.5666,60.2156],[-165.5755,60.2317],[-165.5883,60.2414],[-165.5707,60.259],[-165.5744,60.2733],[-165.5653,60.2831],[-165.5615,60.3017],[-165.5745,60.3212],[-165.5862,60.3298],[-165.617,60.3449],[-165.6495,60.3488],[-165.6474,60.3623],[-165.6715,60.3835],[-165.7385,60.4056],[-165.7825,60.4049],[-165.8284,60.39],[-165.8477,60.3986],[-165.8994,60.4032],[-165.9495,60.3938],[-165.9814,60.3741],[-166.0095,60.3877],[-165.9983,60.4004],[-165.9998,60.4113],[-166.0307,60.4389],[-166.0542,60.4695],[-166.0849,60.4859],[-166.1524,60.5107],[-166.2086,60.5052],[-166.2493,60.4911],[-166.2709,60.4786],[-166.2763,60.4516],[-166.3164,60.439],[-166.3498,60.4177],[-166.4029,60.4262],[-166.4172,60.4361],[-166.4436,60.4445],[-166.5058,60.4476],[-166.5288,60.4443],[-166.5702,60.4229],[-166.6201,60.4129],[-166.6663,60.3858],[-166.7393,60.3879],[-166.7633,60.3813],[-166.8005,60.3628],[-166.8126,60.3506],[-166.8447,60.345],[-166.8734,60.3312],[-166.886,60.3176],[-166.9187,60.3045],[-166.9438,60.2781],[-166.968,60.2775],[-167.0181,60.2662],[-167.0447,60.2779],[-167.1026,60.29],[-167.1205,60.2912],[-167.1535,60.2824],[-167.2052,60.2883],[-167.2551,60.2838],[-167.3098,60.2907],[-167.3367,60.2874],[-167.3711,60.2757],[-167.4118,60.2716],[-167.4377,60.2628],[-167.5081,60.2631],[-167.5405,60.2493],[-167.5508,60.2406],[-167.5582,60.2244]]],[[[-172.8857,60.2088],[-172.8904,60.1821],[-172.881,60.1688],[-172.8483,60.1488],[-172.7995,60.1388],[-172.7618,60.1407],[-172.6942,60.1546],[-172.6557,60.1785],[-172.6343,60.2007],[-172.6375,60.2193],[-172.6492,60.2369],[-172.6986,60.2584],[-172.7315,60.2622],[-172.7969,60.2488],[-172.867,60.2221],[-172.8857,60.2088]]],[[[-173.2322,60.6543],[-173.2368,60.6456],[-173.2322,60.6368],[-173.1402,60.5755],[-173.154,60.5646],[-173.1632,60.5383],[-173.1565,60.5221],[-173.1653,60.5143],[-173.1705,60.4965],[-173.1678,60.4811],[-173.1583,60.4675],[-173.1449,60.4571],[-173.0953,60.4418],[-173.0674,60.4399],[-172.9315,60.3897],[-172.9254,60.3526],[-172.9102,60.3396],[-172.8778,60.3263],[-172.8479,60.3184],[-172.8024,60.3186],[-172.7154,60.2962],[-172.6525,60.2698],[-172.5961,60.2586],[-172.565,60.2581],[-172.523,60.2711],[-172.496,60.2742],[-172.4538,60.2706],[-172.4075,60.2788],[-172.3884,60.2755],[-172.3792,60.2607],[-172.3616,60.252],[-172.2955,60.2388],[-172.2675,60.2445],[-172.2467,60.2412],[-172.1895,60.2508],[-172.1435,60.2715],[-172.1204,60.2873],[-172.1088,60.3034],[-172.1091,60.314],[-172.145,60.3402],[-172.2601,60.3796],[-172.3199,60.4168],[-172.3475,60.4277],[-172.3936,60.4365],[-172.4626,60.4387],[-172.4995,60.4321],[-172.53,60.4357],[-172.6878,60.4801],[-172.7603,60.5142],[-172.8153,60.5579],[-172.8196,60.596],[-172.815,60.6025],[-172.8288,60.6222],[-172.861,60.6376],[-172.9438,60.6507],[-172.9531,60.6945],[-172.9623,60.7098],[-172.9898,60.7318],[-173.0125,60.7404],[-173.0591,60.7477],[-173.1004,60.7452],[-173.1586,60.7288],[-173.177,60.72],[-173.1908,60.7069],[-173.1908,60.6894],[-173.2184,60.6762],[-173.2322,60.6543]]]]},"properties":{"geoid":"02038","state":"02","district":"38","name":"State House District 38","chamber":"House"}},{"type":"Feature","geometry":{"type":"MultiPolygon","coordinates":[[[[-168.2315,65.6262],[-168.2187,65.5961],[-168.1762,65.5627],[-168.1676,65.5469],[-168.153,65.5389],[-168.1266,65.5305],[-168.0654,65.5225],[-168.0044,65.5042],[-167.938,65.4999],[-167.8969,65.4767],[-167.7567,65.4472],[-167.6647,65.4054],[-167.6064,65.3856],[-167.4886,65.3604],[-167.4009,65.3473],[-167.0703,65.3275],[-166.9489,65.3079],[-166.9775,65.2976],[-167.0085,65.2767],[-167.0724,65.1998],[-167.0843,65.1557],[-167.073,65.1384],[-167.0409,65.1092],[-166.979,65.0694],[-166.8782,65.03],[-166.8245,65.0175],[-166.829,64.9993],[-166.7833,64.9797],[-166.7619,64.9635],[-166.5892,64.9083],[-166.5227,64.8711],[-166.5172,64.8574],[-166.5702,64.8334],[-166.5822,64.8221],[-166.5867,64.8015],[-166.5776,64.778],[-166.5859,64.7663],[-166.5902,64.7389],[-166.5078,64.6314],[-166.4913,64.619],[-166.2814,64.545],[-166.3309,64.5259],[-166.3539,64.5064],[-166.3511,64.4779],[-166.3145,64.4544],[-166.272,64.4378],[-166.2123,64.4299],[-166.1539,64.433],[-166.1335,64.4382],[-166.0957,64.4598],[-166.0709,64.4902],[-166.0778,64.5205],[-165.8502,64.4939],[-165.6807,64.4836],[-165.3359,64.4444],[-165.0322,64.388],[-164.8042,64.4011],[-164.7548,64.4078],[-164.3554,64.5084],[-164.2663,64.5183],[-164.1809,64.5196],[-163.9762,64.5083],[-163.8508,64.5194],[-163.8141,64.5312],[-163.7504,64.5196],[-163.657,64.5219],[-163.6123,64.5179],[-163.5362,64.5036],[-163.4577,64.4821],[-163.4319,64.4667],[-163.3638,64.4456],[-163.3497,64.4377],[-163.3233,64.4079],[-163.2419,64.3607],[-163.2154,64.3533],[-163.1658,64.3499],[-162.7958,64.2757],[-162.7281,64.2875],[-162.6327,64.3319],[-162.5948,64.3384],[-162.5579,64.3558],[-162.5126,64.3926],[-162.492,64.4404],[-162.4867,64.4709],[-162.472,64.4868],[-162.4419,64.5041],[-162.3135,64.5428],[-162.2374,64.5244],[-162.0279,64.4613],[-162.0021,64.4588],[-161.5908,64.3355],[-161.5547,64.3287],[-161.4934,64.3284],[-161.4432,64.3401],[-161.4139,64.3586],[-161.3268,64.334],[-161.2534,64.2989],[-161.0754,64.2067],[-161.0765,64.1275],[-161.0623,64.1134],[-161.0706,64.085],[-161.0457,64.0225],[-161.0185,63.9986],[-161.0093,63.9793],[-160.9446,63.9215],[-160.9201,63.8597],[-160.8801,63.8122],[-160.877,63.7969],[-160.8862,63.7714],[-161.0085,63.6777],[-161.0981,63.6561],[-161.14,63.6252],[-161.1425,63.6042],[-161.2021,63.5874],[-161.225,63.5645],[-161.2603,63.5427],[-161.2701,63.5302],[-161.3144,63.5192],[-161.4243,63.5161],[-161.512,63.5197],[-161.6031,63.5042],[-161.6419,63.5122],[-161.6878,63.5146],[-161.7459,63.5033],[-161.8404,63.4933],[-161.8962,63.5082],[-161.9249,63.5364],[-161.957,63.5572],[-162.2227,63.5969],[-162.2254,63.6096],[-162.2499,63.6284],[-162.2546,63.6465],[-162.3044,63.672],[-162.3944,63.6883],[-162.453,63.6891],[-162.481,63.685],[-162.544,63.6947],[-162.5843,63.6914],[-162.6913,63.6677],[-162.7862,63.6241],[-162.816,63.6034],[-162.8264,63.5764],[-162.7729,63.5297],[-162.7476,63.5179],[-162.7111,63.5087],[-162.6798,63.4916],[-162.642,63.485],[-162.5797,63.4868],[-162.5526,63.4826],[-162.4683,63.4943],[-162.4378,63.492],[-162.7003,63.2912],[-162.7395,63.2689],[-162.8064,63.266],[-162.8709,63.2536],[-162.9169,63.2308],[-162.9377,63.2151],[-162.9547,63.1899],[-162.9581,63.1768],[-162.9779,63.1659],[-163.0262,63.1535],[-163.1187,63.1016],[-163.2525,63.0925],[-163.3498,63.1237],[-163.4552,63.175],[-163.5847,63.2058],[-163.6134,63.2287],[-163.6581,63.2497],[-163.7718,63.2762],[-163.8236,63.2838],[-163.8706,63.2842],[-163.9329,63.3002],[-164.0158,63.314],[-164.1289,63.3153],[-164.25,63.3035],[-164.3955,63.2799],[-164.4957,63.2512],[-164.6093,63.1995],[-164.7277,63.1247],[-164.7468,63.1104],[-164.7438,63.0932],[-164.8303,63.0823],[-164.8802,63.0654],[-164.8998,63.0523],[-164.9067,63.0449],[-164.893,63.0191],[-164.9125,63],[-164.907,62.9842],[-164.8966,62.9795],[-164.9029,62.957],[-164.8955,62.9486],[-164.918,62.9283],[-164.9221,62.9125],[-164.9159,62.9026],[-164.9369,62.8862],[-164.9393,62.8775],[-164.9965,62.8666],[-165.0288,62.8432],[-165.0363,62.8289],[-165.0381,62.8206],[-165.015,62.8004],[-165.0169,62.7844],[-164.9867,62.7607],[-165.0219,62.7562],[-165.063,62.734],[-165.126,62.7405],[-165.1652,62.7359],[-165.2219,62.7225],[-165.2473,62.7099],[-165.259,62.6922],[-165.2551,62.6723],[-165.2457,62.6623],[-165.2481,62.648],[-165.2393,62.6341],[-165.2131,62.6144],[-165.277,62.6092],[-165.3116,62.5955],[-165.3387,62.576],[-165.3508,62.5478],[-165.3462,62.5267],[-165.3836,62.497],[-165.3884,62.4853],[-165.3796,62.4696],[-165.4187,62.4404],[-165.4489,62.391],[-165.5259,62.3534],[-165.6213,62.2918],[-165.6594,62.2642],[-165.6689,62.2508],[-165.7216,62.2226],[-165.7396,62.2049],[-165.7925,62.1903],[-165.8135,62.1762],[-165.8206,62.1662],[-165.8746,62.1502],[-165.8926,62.1382],[-165.9018,62.1193],[-165.9484,62.1247],[-166.0058,62.1234],[-166.0492,62.108],[-166.0962,62.0735],[-166.1261,62.0387],[-166.1298,62.0253],[-166.1183,62.0097],[-166.0759,61.9831],[-166.082,61.9636],[-166.0949,61.9467],[-166.1125,61.8731],[-166.1718,61.8522],[-166.1978,61.8343],[-166.2297,61.7983],[-166.2376,61.7806],[-166.2379,61.7409],[-166.2573,61.7096],[-166.2621,61.6933],[-166.2602,61.6587],[-166.2864,61.6031],[-166.2886,61.5808],[-166.2808,61.5629],[-166.2541,61.5223],[-166.2078,61.4732],[-166.0389,61.4834],[-166.0417,61.5162],[-166.0507,61.5331],[-166.0638,61.5321],[-166.0638,61.5357],[-166.024,61.5584],[-165.966,61.6059],[-165.9387,61.618],[-165.8002,61.6057],[-165.7865,61.6142],[-165.7688,61.6106],[-165.7614,61.5997],[-165.7375,61.5984],[-165.7307,61.6065],[-165.742,61.6121],[-165.7198,61.6154],[-165.7001,61.6125],[-165.7055,61.6208],[-165.6889,61.623],[-165.6949,61.6277],[-165.6912,61.634],[-165.696,61.6389],[-165.661,61.6545],[-165.7008,61.6623],[-165.6789,61.6655],[-165.6847,61.6701],[-165.6664,61.6752],[-165.6315,61.6705],[-165.6143,61.6863],[-165.5834,61.6778],[-165.5802,61.6644],[-165.6297,61.6708],[-165.6302,61.6651],[-165.6119,61.6526],[-165.625,61.6428],[-165.6176,61.6314],[-165.5829,61.6447],[-165.539,61.6399],[-165.535,61.6525],[-165.5092,61.6594],[-165.5165,61.6677],[-165.5461,61.6771],[-165.5179,61.6843],[-165.5063,61.6714],[-165.4462,61.6693],[-165.4376,61.6564],[-165.395,61.6585],[-165.3865,61.6562],[-165.3877,61.6494],[-165.3958,61.6499],[-165.39,61.6468],[-165.3421,61.6443],[-165.3368,61.6456],[-165.3405,61.6507],[-165.3352,61.6526],[-165.3262,61.6476],[-165.3138,61.6525],[-165.297,61.6501],[-165.3072,61.6485],[-165.3005,61.6473],[-165.2964,61.6502],[-165.3101,61.6532],[-165.3262,61.648],[-165.3584,61.6587],[-165.3121,61.6738],[-165.2897,61.6596],[-165.2647,61.6719],[-165.2558,61.6622],[-165.2315,61.6633],[-165.2262,61.6679],[-165.2349,61.6773],[-165.2169,61.6803],[-165.2082,61.676],[-165.2198,61.6646],[-165.1989,61.6609],[-165.1906,61.6496],[-165.1598,61.6466],[-165.1455,61.6399],[-165.1203,61.6443],[-165.1162,61.6428],[-165.1434,61.6327],[-165.0907,61.6248],[-165.0794,61.6314],[-165.0858,61.6316],[-165.0593,61.6376],[-164.9956,61.6443],[-164.9841,61.6625],[-164.9649,61.6626],[-164.9542,61.6687],[-164.9224,61.6731],[-164.9228,61.6777],[-164.9332,61.6738],[-164.9379,61.6795],[-164.9543,61.6812],[-164.9458,61.6843],[-164.9488,61.6911],[-164.9427,61.6993],[-164.9133,61.7059],[-164.9115,61.7088],[-164.9215,61.7153],[-164.9133,61.7202],[-164.9035,61.7126],[-164.8968,61.7208],[-164.8839,61.7259],[-164.8706,61.7238],[-164.8574,61.7326],[-164.8181,61.7336],[-164.8139,61.7368],[-164.8302,61.743],[-164.8242,61.7529],[-164.7907,61.7565],[-164.7351,61.7502],[-164.6792,61.7619],[-164.6585,61.7599],[-164.6252,61.7741],[-164.5863,61.7746],[-164.5419,61.763],[-164.5488,61.7432],[-164.5587,61.7337],[-164.6261,61.7513],[-164.6483,61.7429],[-164.6465,61.7326],[-164.6037,61.7085],[-164.5863,61.7177],[-164.5455,61.7191],[-164.5368,61.73],[-164.5033,61.7318],[-164.4805,61.742],[-164.4345,61.7421],[-164.4314,61.748],[-164.4435,61.7535],[-164.4385,61.7596],[-164.3932,61.7784],[-164.3731,61.7809],[-164.3712,61.785],[-164.379,61.7873],[-164.38,61.7929],[-164.3739,61.7951],[-164.3052,61.7909],[-164.2906,61.7696],[-164.2217,61.7666],[-164.2246,61.7909],[-164.1856,61.807],[-164.1407,61.8056],[-164.1183,61.8277],[-164.1184,61.8336],[-164.1324,61.8427],[-164.0948,61.8548],[-164.0922,61.873],[-164.0591,61.8832],[-164.0514,61.89],[-164.0515,61.898],[-164.0105,61.9034],[-163.9993,61.8978],[-164.0025,61.882],[-163.9802,61.8755],[-163.9782,61.8709],[-163.9903,61.867],[-163.9915,61.8455],[-164.0065,61.8343],[-163.9915,61.8325],[-163.9879,61.8243],[-163.9739,61.815],[-163.8867,61.8101],[-163.883,61.814],[-163.8962,61.8214],[-163.8969,61.8283],[-163.8782,61.8494],[-163.8608,61.8561],[-163.8295,61.837],[-163.8207,61.818],[-163.8148,61.8149],[-163.8216,61.8114],[-163.8664,61.813],[-163.8738,61.8017],[-163.8715,61.7948],[-163.8459,61.8088],[-163.8054,61.8034],[-163.771,61.7873],[-163.7371,61.7836],[-163.7342,61.7744],[-163.7434,61.7702],[-163.7062,61.7562],[-163.6994,61.7556],[-163.7143,61.7753],[-163.7084,61.785],[-163.6353,61.7662],[-163.6317,61.7674],[-163.6369,61.7751],[-163.6348,61.7868],[-163.6075,61.7903],[-163.5972,61.7884],[-163.6037,61.7834],[-163.5869,61.7736],[-163.5359,61.7584],[-163.5226,61.7686],[-163.515,61.7621],[-163.4939,61.7656],[-163.4936,61.7757],[-163.4584,61.7671],[-163.4409,61.7713],[-163.4391,61.7591],[-163.4617,61.7564],[-163.4369,61.7515],[-163.4291,61.7536],[-163.437,61.7554],[-163.4346,61.7577],[-163.3948,61.7723],[-163.3921,61.7698],[-163.3997,61.7612],[-163.3981,61.7548],[-163.3858,61.7468],[-163.3639,61.7466],[-163.3638,61.741],[-163.3339,61.7579],[-163.3127,61.7592],[-163.3002,61.7535],[-163.2828,61.7601],[-163.2706,61.7573],[-163.279,61.7508],[-163.2763,61.7465],[-163.2501,61.7531],[-163.2094,61.741],[-163.2079,61.75],[-163.1897,61.7518],[-163.1721,61.7626],[-163.1693,61.7709],[-163.1444,61.7701],[-163.1462,61.7766],[-163.1363,61.78],[-163.1255,61.7692],[-163.1029,61.7697],[-163.1002,61.7722],[-163.112,61.7766],[-163.0857,61.7809],[-163.1082,61.7819],[-163.1098,61.7869],[-163.0704,61.791],[-163.0821,61.7834],[-163.057,61.7847],[-163.0723,61.7774],[-163.0548,61.7762],[-163.0679,61.7731],[-163.0652,61.7698],[-163.0232,61.7569],[-163.0308,61.7548],[-163.0331,61.7454],[-163.0474,61.7417],[-163.0439,61.7375],[-163.0292,61.7382],[-163.037,61.7322],[-163.0258,61.7275],[-163.0412,61.7209],[-163.0533,61.7227],[-163.0504,61.7188],[-163.0596,61.7113],[-163.0522,61.7118],[-163.0428,61.7018],[-163.0505,61.7029],[-163.0507,61.6987],[-163.0359,61.699],[-163.0421,61.698],[-163.035,61.6925],[-163.0385,61.6881],[-163.0186,61.6803],[-163.0148,61.6813],[-163.021,61.6827],[-163.0144,61.685],[-163.0136,61.6786],[-162.9955,61.6789],[-163.0028,61.6758],[-162.9944,61.6775],[-162.9997,61.6716],[-162.9906,61.6727],[-162.9876,61.6686],[-162.9961,61.6663],[-162.9847,61.6638],[-162.9895,61.6607],[-162.9776,61.6534],[-162.9877,61.6542],[-162.9955,61.6479],[-162.9878,61.6466],[-162.9925,61.6452],[-162.9781,61.6375],[-162.9826,61.6348],[-162.9731,61.63],[-162.9774,61.6281],[-162.966,61.623],[-162.9723,61.6191],[-162.9551,61.6205],[-162.9515,61.6188],[-162.9602,61.6147],[-162.9486,61.6132],[-162.956,61.6112],[-162.9515,61.6074],[-162.9329,61.6071],[-162.9286,61.6022],[-162.9225,61.6057],[-162.9234,61.6001],[-162.8973,61.5967],[-162.8755,61.5846],[-162.8638,61.5859],[-162.839,61.5788],[-162.8303,61.5687],[-162.8317,61.5624],[-162.8449,61.5616],[-162.8577,61.5519],[-162.8636,61.4939],[-162.754,61.5427],[-162.7175,61.5369],[-162.5058,61.5564],[-162.4801,61.5527],[-162.4684,61.5433],[-162.4762,61.5328],[-162.47,61.5244],[-162.4762,61.504],[-162.4414,61.4994],[-162.3687,61.5039],[-162.3283,61.5184],[-162.1721,61.5048],[-162.0134,61.4771],[-161.9003,61.4803],[-161.6971,61.5301],[-161.5698,61.5374],[-161.4496,61.5688],[-161.1226,61.6],[-161.0842,61.6155],[-161.0273,61.6535],[-160.954,61.6857],[-160.8606,61.7159],[-160.9076,61.9459],[-160.916,61.9459],[-160.916,62.2059],[-161.0482,62.2059],[-161.0482,62.5524],[-160.9962,62.5524],[-160.9962,62.8989],[-160.9434,62.8989],[-160.9434,62.9993],[-160.858,62.9993],[-160.858,63.2718],[-160.6674,63.2718],[-160.6674,63.3585],[-160.6903,63.3585],[-160.6903,63.5317],[-160.4974,63.5317],[-160.4974,63.6183],[-160.1115,63.6184],[-160.1115,63.705],[-159.9327,63.705],[-159.9327,63.7916],[-159.7375,63.7916],[-159.7375,64.0515],[-159.9473,64.0515],[-159.9473,64.3979],[-159.9623,64.3979],[-159.9623,64.7444],[-159.7749,64.7444],[-159.7749,64.9176],[-159.5722,64.9176],[-159.5722,65.0908],[-159.5827,65.0909],[-159.5827,65.264],[-159.3774,65.264],[-159.3774,65.4372],[-159.3855,65.4372],[-159.3856,65.5238],[-159.8017,65.5238],[-159.8017,65.4372],[-163.7554,65.4372],[-163.7554,65.6104],[-163.9635,65.6104],[-163.9635,65.7836],[-164.2442,65.7836],[-164.2442,66.1299],[-164.3189,66.1299],[-164.3189,66.4763],[-164.3959,66.4763],[-164.3959,66.5819],[-164.4614,66.6265],[-164.6916,66.6004],[-164.8804,66.5726],[-165.4344,66.4752],[-165.7777,66.3974],[-166.094,66.316],[-166.3171,66.2519],[-166.7195,66.148],[-167.0079,66.0514],[-167.1784,65.9996],[-167.3083,65.9443],[-167.5208,65.8782],[-167.8834,65.8033],[-168.0771,65.7561],[-168.1551,65.7284],[-168.2001,65.6994],[-168.2213,65.6754],[-168.2315,65.6262]]],[[[-161.4369,64.1336],[-161.4324,64.1053],[-161.4144,64.0868],[-161.3732,64.0697],[-161.306,64.062],[-161.2523,64.066],[-161.2099,64.082],[-161.1845,64.1062],[-161.1854,64.1262],[-161.1767,64.1469],[-161.197,64.164],[-161.2235,64.1764],[-161.3104,64.1894],[-161.3557,64.1838],[-161.3933,64.172],[-161.4202,64.1584],[-161.4369,64.1336]]],[[[-161.8593,63.6109],[-161.857,63.588],[-161.8392,63.5704],[-161.7845,63.5538],[-161.752,63.5521],[-161.7118,63.5551],[-161.6752,63.5663],[-161.6415,63.5885],[-161.634,63.6043],[-161.6495,63.6276],[-161.6771,63.6426],[-161.7148,63.6525],[-161.7585,63.6545],[-161.8262,63.6425],[-161.8558,63.6216],[-161.8593,63.6109]]],[[[-168.214,64.9843],[-168.2101,64.9514],[-168.187,64.9349],[-168.137,64.9184],[-168.0909,64.9111],[-168.037,64.9093],[-167.9761,64.9229],[-167.9531,64.933],[-167.9191,64.9608],[-167.9138,64.9699],[-167.9164,64.9886],[-167.9243,65.0027],[-167.9531,65.0235],[-168.0049,65.0389],[-168.0761,65.0433],[-168.1691,65.0241],[-168.2079,65.0033],[-168.214,64.9843]]],[[[-168.8692,65.6209],[-168.8659,65.6069],[-168.8461,65.5925],[-168.8084,65.5785],[-168.7661,65.5715],[-168.7332,65.5722],[-168.6735,65.5842],[-168.6337,65.6014],[-168.6268,65.6124],[-168.6285,65.6258],[-168.6379,65.6399],[-168.666,65.6598],[-168.7106,65.6731],[-168.7349,65.6743],[-168.7946,65.6712],[-168.8201,65.6652],[-168.8567,65.6406],[-168.8692,65.6209]]],[[[-168.9717,65.7139],[-168.9719,65.6888],[-168.8809,65.6858],[-168.7855,65.7163],[-168.7674,65.7307],[-168.7617,65.74],[-168.7625,65.7512],[-168.7809,65.7645],[-168.7871,65.7846],[-168.8357,65.8107],[-168.8928,65.8214],[-168.9508,65.8188],[-168.971,65.8146],[-168.9717,65.7139]]],[[[-171.9547,63.5209],[-171.9653,63.4729],[-171.9442,63.4547],[-171.9311,63.4256],[-171.9066,63.3986],[-171.8849,63.3776],[-171.8557,63.3612],[-171.8392,63.3427],[-171.7723,63.3153],[-171.7443,63.3132],[-171.6515,63.291],[-171.5946,63.2696],[-171.5336,63.2666],[-171.4819,63.2545],[-171.4356,63.2527],[-171.3989,63.2576],[-171.3262,63.2827],[-171.2805,63.2856],[-171.2514,63.2926],[-171.1913,63.3247],[-171.1736,63.3364],[-171.166,63.3482],[-171.1279,63.3502],[-171.0484,63.3737],[-170.9082,63.3699],[-170.5969,63.3116],[-170.5153,63.2879],[-170.4391,63.2516],[-170.3834,63.2108],[-170.4009,63.1937],[-170.4005,63.1822],[-170.3944,63.1711],[-170.3594,63.1477],[-170.328,63.1387],[-170.2598,63.1367],[-170.2486,63.132],[-170.2018,63.1312],[-170.1767,63.1253],[-170.1154,63.1272],[-169.9528,63.0641],[-169.9014,63.0374],[-169.8838,63.0201],[-169.8777,62.9971],[-169.8633,62.9801],[-169.8646,62.9447],[-169.839,62.9259],[-169.7279,62.8963],[-169.6388,62.8849],[-169.591,62.8879],[-169.5521,62.9029],[-169.5253,62.9247],[-169.4616,62.9328],[-169.4363,62.9474],[-169.4199,62.9739],[-169.4273,63.0003],[-169.4511,63.0386],[-169.4065,63.0475],[-169.368,63.0611],[-169.2823,63.1144],[-169.2638,63.1185],[-169.1426,63.1278],[-169.0278,63.1245],[-168.9228,63.0996],[-168.9466,63.0745],[-168.9487,63.0625],[-168.9404,63.0463],[-168.9175,63.0311],[-168.8373,63.0162],[-168.8032,63.0177],[-168.7641,63.0276],[-168.7007,63.0569],[-168.6828,63.0847],[-168.6967,63.1092],[-168.7335,63.1316],[-168.6928,63.1589],[-168.6666,63.186],[-168.636,63.2046],[-168.6093,63.2294],[-168.6043,63.2516],[-168.5867,63.2725],[-168.5786,63.3087],[-168.5877,63.3252],[-168.6084,63.3351],[-168.7047,63.3547],[-169.035,63.3875],[-169.2346,63.3907],[-169.4555,63.415],[-169.4838,63.4356],[-169.5694,63.4729],[-169.6023,63.4806],[-169.793,63.4907],[-169.9266,63.5267],[-169.9641,63.5821],[-169.9856,63.623],[-170.1681,63.7199],[-170.2432,63.7454],[-170.2968,63.7556],[-170.504,63.7534],[-170.6199,63.7235],[-170.6567,63.7235],[-170.7052,63.7131],[-170.8472,63.6661],[-170.9109,63.6379],[-170.9592,63.6259],[-171.165,63.659],[-171.2513,63.6674],[-171.5356,63.7219],[-171.5207,63.7502],[-171.527,63.7765],[-171.5488,63.8005],[-171.6175,63.8336],[-171.6747,63.8437],[-171.7147,63.8361],[-171.7764,63.8377],[-171.8161,63.8212],[-171.846,63.7999],[-171.8559,63.7857],[-171.8403,63.7694],[-171.8403,63.7528],[-171.8353,63.7434],[-171.8652,63.7055],[-171.8602,63.6747],[-171.89,63.6558],[-171.9049,63.6392],[-171.9099,63.6179],[-171.9248,63.6108],[-171.9447,63.5706],[-171.9547,63.5209]]]]},"properties":{"geoid":"02039","state":"02","district":"39","name":"State House District 39","chamber":"House"}},{"type":"Feature","geometry":{"type":"Polygon","coordinates":[[[-166.9717,68.3452],[-166.9721,68.3224],[-166.942,68.3026],[-166.8606,68.2875],[-166.7596,68.2946],[-166.652,68.2883],[-166.4714,68.2647],[-166.2853,68.2244],[-166.1775,68.185],[-166.1292,68.1546],[-166.0959,68.1183],[-166.0339,68.0918],[-165.966,68.0725],[-165.8695,68.0551],[-165.6844,68.0347],[-165.596,68.0347],[-165.5164,68.0236],[-164.6552,67.6924],[-164.2303,67.5751],[-164.1754,67.5476],[-164.1167,67.5],[-164.0045,67.3978],[-163.9628,67.3385],[-163.8825,67.215],[-163.9625,67.1967],[-164.0027,67.1726],[-163.9912,67.1479],[-163.9114,67.1047],[-163.7815,67.0698],[-163.6177,67.0487],[-163.3405,67.0259],[-163.0495,66.9866],[-162.8768,66.9478],[-162.832,66.9268],[-162.8931,66.8997],[-162.9784,66.871],[-163.6262,66.6242],[-163.7561,66.639],[-163.9008,66.6427],[-164.221,66.6385],[-164.4614,66.6265],[-164.3959,66.5819],[-164.3959,66.4763],[-164.3189,66.4763],[-164.3189,66.1299],[-164.2442,66.1299],[-164.2442,65.7836],[-163.9635,65.7836],[-163.9635,65.6104],[-163.7554,65.6104],[-163.7554,65.4372],[-159.8017,65.4372],[-159.8017,65.5238],[-159.5935,65.5238],[-159.5936,65.7836],[-159.6048,65.7836],[-159.6048,65.9568],[-158.9722,65.9568],[-158.9722,66.13],[-157.9063,66.13],[-157.9063,66.4764],[-157.0513,66.4764],[-157.0513,66.3033],[-156.6238,66.3033],[-156.6238,66.4764],[-156.1962,66.4766],[-156.1963,66.3899],[-155.9825,66.3899],[-155.9825,66.3033],[-155.555,66.3033],[-155.555,66.4765],[-155.5106,66.4765],[-155.5106,66.5631],[-154.8604,66.5631],[-154.8604,66.7362],[-154.2103,66.7363],[-154.2103,66.8228],[-154.1462,66.8228],[-154.1463,67.1692],[-154.3031,67.1692],[-154.3031,67.2558],[-154.7489,67.2558],[-154.7489,67.5155],[-154.6905,67.5155],[-154.6905,67.6021],[-154.9166,67.6021],[-154.9167,67.6886],[-155.1428,67.6886],[-155.1428,67.7752],[-155.369,67.7752],[-155.369,67.8618],[-155.3187,67.8618],[-155.3187,68],[-146,68],[-146,68.5],[-141.0009,68.4984],[-141.0028,69.7036],[-141.1336,69.7254],[-141.3779,69.7441],[-141.3838,69.75],[-141.4529,69.7728],[-141.5915,69.8146],[-141.6769,69.8352],[-141.914,69.872],[-142.0578,69.9034],[-142.3076,69.9757],[-142.3495,69.9945],[-142.4252,70.0115],[-142.4803,70.0339],[-142.7063,70.0882],[-142.8582,70.1143],[-143.0279,70.1512],[-143.0503,70.1598],[-143.1044,70.1692],[-143.1414,70.1876],[-143.2264,70.202],[-143.3608,70.1963],[-143.4114,70.1836],[-143.4447,70.1856],[-143.4914,70.1959],[-143.5757,70.1994],[-143.8306,70.1703],[-143.9406,70.1697],[-144.0116,70.1567],[-144.0569,70.1387],[-144.1431,70.1319],[-144.367,70.0923],[-144.434,70.0927],[-144.5291,70.0791],[-144.6815,70.0158],[-144.8433,70.0396],[-144.9266,70.04],[-144.9861,70.0703],[-145.065,70.0876],[-145.2794,70.089],[-145.3355,70.0987],[-145.3666,70.1127],[-145.4501,70.1332],[-145.5646,70.1446],[-145.7419,70.1992],[-145.9818,70.2423],[-146.104,70.2533],[-146.2061,70.2547],[-146.2492,70.2673],[-146.3779,70.2838],[-146.4569,70.2804],[-146.609,70.2873],[-146.709,70.2824],[-146.7465,70.2919],[-146.7779,70.3157],[-146.8415,70.335],[-146.9265,70.3508],[-147.0964,70.3586],[-147.1719,70.3502],[-147.1826,70.3698],[-147.2259,70.389],[-147.2773,70.4025],[-147.3284,70.4074],[-147.3725,70.4305],[-147.4552,70.4457],[-147.5624,70.4466],[-147.6113,70.4365],[-147.6226,70.4471],[-147.6525,70.4597],[-147.7075,70.4696],[-147.7794,70.4719],[-147.7756,70.4849],[-147.7785,70.4917],[-147.8185,70.52],[-147.8996,70.5421],[-148.0035,70.5456],[-148.052,70.5388],[-148.0996,70.524],[-148.1269,70.5013],[-148.1691,70.5177],[-148.2104,70.5182],[-148.2339,70.5289],[-148.2925,70.5375],[-148.4213,70.5329],[-148.5027,70.5043],[-148.5149,70.4897],[-148.5155,70.4775],[-148.487,70.4533],[-148.5489,70.473],[-148.6518,70.4782],[-148.7118,70.5077],[-148.7873,70.5254],[-148.9749,70.5337],[-149.0905,70.5654],[-149.4073,70.6038],[-149.7191,70.6219],[-149.796,70.6119],[-149.9295,70.6148],[-149.9934,70.6042],[-150.0335,70.5877],[-150.1179,70.6062],[-150.2427,70.6043],[-150.3232,70.5786],[-150.3452,70.5532],[-150.4353,70.5578],[-150.5008,70.5489],[-150.6015,70.5513],[-150.6523,70.5449],[-150.7952,70.5484],[-150.8711,70.5355],[-150.9297,70.5143],[-151.0446,70.4976],[-151.1898,70.4929],[-151.315,70.4634],[-151.3693,70.4734],[-151.5489,70.4911],[-151.5477,70.5041],[-151.5033,70.536],[-151.5168,70.5714],[-151.5462,70.583],[-151.6127,70.5936],[-152.0464,70.8132],[-152.0582,70.8412],[-152.0807,70.8441],[-152.1519,70.8751],[-152.3424,70.9071],[-152.3964,70.9109],[-152.5098,70.9347],[-152.6799,70.9346],[-152.8168,70.9605],[-152.8625,70.9642],[-152.939,70.9611],[-153.0001,70.9699],[-153.0527,70.9677],[-153.137,70.9741],[-153.2743,70.971],[-153.4451,70.9409],[-153.5124,70.9359],[-153.7424,70.9451],[-153.8992,70.9362],[-154.4377,71.0236],[-154.4988,71.0554],[-154.6263,71.1007],[-154.8213,71.159],[-155.0033,71.2001],[-155.1465,71.2235],[-155.3002,71.2353],[-155.4589,71.2686],[-155.6579,71.287],[-155.7562,71.2834],[-155.8274,71.3287],[-155.9264,71.3577],[-156.248,71.4062],[-156.2947,71.4085],[-156.4006,71.4354],[-156.4877,71.4398],[-156.5823,71.4277],[-156.6423,71.3961],[-156.7609,71.3729],[-156.9408,71.3112],[-157.2396,71.1571],[-157.3483,71.088],[-157.5324,71.0076],[-157.8152,70.9273],[-157.9315,70.9022],[-158.1715,70.871],[-158.3335,70.872],[-158.4522,70.8849],[-158.5527,70.9028],[-158.6208,70.9456],[-158.6778,70.9592],[-158.734,70.9631],[-158.905,70.9554],[-159.0794,70.9328],[-159.2384,70.9203],[-159.5975,70.8647],[-159.7555,70.8305],[-159.8794,70.7772],[-160.0424,70.7199],[-160.2446,70.636],[-160.304,70.6034],[-160.4142,70.5613],[-160.6651,70.4764],[-160.9079,70.4157],[-161.0381,70.3899],[-161.3151,70.3473],[-161.5049,70.3507],[-161.8702,70.3828],[-161.9487,70.3747],[-162.4652,70.2172],[-162.6059,70.1468],[-162.8188,69.999],[-163.1336,69.8387],[-163.2063,69.757],[-163.2878,69.6324],[-163.2896,69.4304],[-163.3332,69.3593],[-163.3806,69.3202],[-163.5719,69.2231],[-163.6508,69.1687],[-163.7923,69.108],[-163.9331,69.0698],[-164.0204,69.0331],[-164.2794,68.9796],[-164.4809,68.9685],[-164.6387,68.9664],[-164.7956,68.9491],[-165.357,68.9089],[-165.6209,68.9037],[-166.2002,68.9338],[-166.2783,68.9271],[-166.3474,68.9004],[-166.3661,68.8689],[-166.3273,68.7818],[-166.3413,68.7131],[-166.3333,68.6961],[-166.3712,68.6513],[-166.3615,68.6346],[-166.3677,68.575],[-166.4349,68.5306],[-166.4439,68.4785],[-166.4578,68.4661],[-166.85,68.4016],[-166.9129,68.3853],[-166.9716,68.3561],[-166.9717,68.3452]]]},"properties":{"geoid":"02040","state":"02","district":"40","name":"State House District 40","chamber":"House"}}]}