{"type":"FeatureCollection","features":[{"type":"Feature","geometry":{"type":"Polygon","coordinates":[[[-88.203,35.008],[-88.198,34.9903],[-88.1725,34.9569],[-88.1597,34.929],[-88.1282,34.9031],[-88.0979,34.8922],[-88.0752,34.8954],[-88.0508,34.9062],[-88.0352,34.9055],[-87.9732,34.8826],[-87.9523,34.8677],[-87.9335,34.8389],[-87.9146,34.8468],[-87.8947,34.8773],[-87.8784,34.8758],[-87.8329,34.8592],[-87.7355,34.8586],[-87.7406,34.8537],[-87.7311,34.8395],[-87.7243,34.8403],[-87.7187,34.832],[-87.7112,34.833],[-87.7109,34.8407],[-87.6904,34.8216],[-87.6827,34.8249],[-87.6812,34.8199],[-87.6984,34.8053],[-87.6871,34.8057],[-87.6861,34.812],[-87.6795,34.8138],[-87.6732,34.8013],[-87.6645,34.8053],[-87.6618,34.8168],[-87.6278,34.8301],[-87.6306,34.8435],[-87.6411,34.8436],[-87.6439,34.8509],[-87.6432,34.8582],[-87.6351,34.8584],[-87.631,34.8581],[-87.6305,34.8501],[-87.6213,34.8511],[-87.6214,34.8599],[-87.6287,34.8617],[-87.6263,34.8734],[-87.6215,34.8761],[-87.6277,34.9092],[-87.6188,34.9055],[-87.6098,34.9132],[-87.5833,34.914],[-87.5883,34.9005],[-87.585,34.8964],[-87.5786,34.8965],[-87.5754,34.9068],[-87.5693,34.9036],[-87.5541,34.9071],[-87.5392,34.8891],[-87.5318,34.8976],[-87.5211,34.8976],[-87.5154,34.9053],[-87.5014,34.8937],[-87.4956,34.9027],[-87.4637,34.9006],[-87.4496,34.9043],[-87.448,34.9154],[-87.4419,34.917],[-87.4402,34.9246],[-87.4295,34.9249],[-87.4332,34.9323],[-87.4293,34.9471],[-87.4356,34.9553],[-87.4312,34.9597],[-87.4308,34.9745],[-87.4381,34.9854],[-87.4371,35.0028],[-88.203,35.008]]]},"properties":{"geoid":"01001","state":"01","district":"1","name":"State House District 1","chamber":"House"}},{"type":"Feature","geometry":{"type":"Polygon","coordinates":[[[-87.6717,34.7847],[-87.6137,34.799],[-87.5915,34.8093],[-87.5806,34.8218],[-87.5255,34.8323],[-87.4845,34.8137],[-87.4253,34.7998],[-87.3702,34.805],[-87.3442,34.7965],[-87.2979,34.7508],[-87.2297,34.764],[-87.1716,34.7429],[-87.1389,34.7241],[-87.125,34.7016],[-87.0901,34.6728],[-87.0498,34.6497],[-87.0389,34.6796],[-87.0193,34.6814],[-87.0188,34.6887],[-87.0014,34.6886],[-87.0011,34.7846],[-87.0107,34.7814],[-87.0157,34.7873],[-87.0149,34.7913],[-87.0049,34.791],[-87.0085,34.8073],[-87.0021,34.8098],[-87.0019,34.836],[-86.9914,34.8357],[-87.0014,34.849],[-86.9737,34.8484],[-86.9737,34.86],[-86.9875,34.8884],[-86.9886,34.9101],[-87.0208,34.9018],[-87.0268,34.9091],[-87.0421,34.9104],[-87.0452,34.9022],[-87.0631,34.9104],[-87.0619,34.9162],[-87.042,34.9276],[-87.0423,34.9503],[-87.0365,34.9582],[-87.0054,34.9764],[-87.008,34.9875],[-87.0301,34.9955],[-87.4371,35.0028],[-87.4381,34.9854],[-87.4308,34.9745],[-87.4312,34.9597],[-87.4356,34.9553],[-87.4293,34.9471],[-87.4332,34.9323],[-87.4295,34.9249],[-87.4402,34.9246],[-87.4419,34.917],[-87.448,34.9154],[-87.4484,34.9049],[-87.4637,34.9006],[-87.4956,34.9027],[-87.5014,34.8937],[-87.5154,34.9053],[-87.5211,34.8976],[-87.5318,34.8976],[-87.5392,34.8891],[-87.5541,34.9071],[-87.5693,34.9036],[-87.5754,34.9068],[-87.5786,34.8965],[-87.585,34.8964],[-87.5883,34.9005],[-87.5833,34.914],[-87.6098,34.9132],[-87.6188,34.9055],[-87.6277,34.9092],[-87.6215,34.8761],[-87.6263,34.8734],[-87.6287,34.8617],[-87.6214,34.8599],[-87.6213,34.8511],[-87.6305,34.8501],[-87.631,34.8581],[-87.6351,34.8584],[-87.6432,34.8582],[-87.6439,34.8509],[-87.6411,34.8436],[-87.6293,34.8401],[-87.6278,34.8301],[-87.6393,34.8243],[-87.627,34.8252],[-87.6258,34.8141],[-87.6303,34.8111],[-87.6273,34.806],[-87.6628,34.7953],[-87.6717,34.7847]]]},"properties":{"geoid":"01002","state":"01","district":"2","name":"State House District 2","chamber":"House"}},{"type":"Feature","geometry":{"type":"Polygon","coordinates":[[[-87.9335,34.8389],[-87.9203,34.8045],[-87.8613,34.763],[-87.8438,34.7457],[-87.807,34.7321],[-87.7673,34.7346],[-87.7667,34.7198],[-87.7534,34.7112],[-87.7664,34.7075],[-87.7575,34.7049],[-87.7552,34.6991],[-87.7493,34.699],[-87.7494,34.7034],[-87.6876,34.6942],[-87.6877,34.7053],[-87.6788,34.7053],[-87.6789,34.7149],[-87.6713,34.7091],[-87.6677,34.7113],[-87.6676,34.7054],[-87.6649,34.71],[-87.6524,34.701],[-87.6346,34.6977],[-87.5819,34.6996],[-87.582,34.7578],[-87.5729,34.7576],[-87.5723,34.7868],[-87.6032,34.7874],[-87.6037,34.772],[-87.617,34.773],[-87.6143,34.7593],[-87.6179,34.7397],[-87.6353,34.7403],[-87.6343,34.7796],[-87.6436,34.7927],[-87.6719,34.7846],[-87.6628,34.7953],[-87.6273,34.806],[-87.6303,34.8111],[-87.6258,34.8141],[-87.627,34.8252],[-87.6393,34.8243],[-87.6392,34.8276],[-87.6581,34.8187],[-87.6646,34.8141],[-87.6646,34.8052],[-87.6732,34.8013],[-87.6795,34.8138],[-87.6861,34.812],[-87.6869,34.8058],[-87.696,34.8047],[-87.6951,34.8104],[-87.6812,34.8199],[-87.6827,34.8249],[-87.6904,34.8216],[-87.7109,34.8407],[-87.7112,34.833],[-87.7187,34.832],[-87.7243,34.8403],[-87.7311,34.8395],[-87.7406,34.8537],[-87.7355,34.8586],[-87.8333,34.8593],[-87.8877,34.8773],[-87.8981,34.8738],[-87.9158,34.8457],[-87.9335,34.8389]]]},"properties":{"geoid":"01003","state":"01","district":"3","name":"State House District 3","chamber":"House"}},{"type":"Feature","geometry":{"type":"Polygon","coordinates":[[[-86.9887,34.6113],[-86.9808,34.5616],[-86.9552,34.5557],[-86.9633,34.5496],[-86.957,34.5325],[-86.9533,34.5323],[-86.9653,34.5158],[-86.9647,34.4893],[-86.9555,34.4885],[-86.9406,34.4759],[-86.9411,34.4814],[-86.9298,34.4862],[-86.9175,34.4858],[-86.914,34.4789],[-86.9066,34.4903],[-86.8983,34.4931],[-86.8997,34.431],[-86.8811,34.4264],[-86.8803,34.4184],[-86.8922,34.4088],[-86.8499,34.4036],[-86.8264,34.4133],[-86.8087,34.4052],[-86.8158,34.4123],[-86.8132,34.4224],[-86.8229,34.4265],[-86.8176,34.4472],[-86.8398,34.4475],[-86.8409,34.4646],[-86.8277,34.4769],[-86.832,34.4843],[-86.8252,34.502],[-86.828,34.5175],[-86.8238,34.5211],[-86.807,34.5184],[-86.8064,34.5419],[-86.8003,34.5526],[-86.7901,34.5508],[-86.7869,34.6626],[-86.7334,34.6839],[-86.7354,34.6943],[-86.7422,34.6994],[-86.7513,34.6955],[-86.7522,34.6995],[-86.7702,34.6998],[-86.7681,34.718],[-86.7767,34.7182],[-86.7734,34.726],[-86.7773,34.7273],[-86.7729,34.7419],[-86.7853,34.743],[-86.7864,34.729],[-86.9086,34.7304],[-86.913,34.7204],[-86.906,34.7104],[-86.9062,34.6975],[-86.9121,34.6825],[-86.9013,34.6533],[-86.8941,34.65],[-86.9692,34.6272],[-86.9887,34.6113]]]},"properties":{"geoid":"01004","state":"01","district":"4","name":"State House District 4","chamber":"House"}},{"type":"Feature","geometry":{"type":"Polygon","coordinates":[[[-87.0635,34.9138],[-87.0608,34.907],[-87.0452,34.9022],[-87.0466,34.907],[-87.0418,34.9105],[-87.0265,34.909],[-87.0208,34.9018],[-86.9886,34.9101],[-86.9875,34.8884],[-86.9737,34.86],[-86.9737,34.8484],[-87.0014,34.849],[-86.9914,34.8357],[-87.0019,34.836],[-87.0021,34.8098],[-87.0085,34.8073],[-87.0049,34.791],[-87.0149,34.7913],[-87.0157,34.7873],[-87.0107,34.7814],[-87.0011,34.7846],[-87.0014,34.6886],[-87.0188,34.6887],[-87.0193,34.6814],[-87.0416,34.6774],[-87.0465,34.6507],[-87.0293,34.6498],[-86.9803,34.6186],[-86.9692,34.6272],[-86.8941,34.65],[-86.9013,34.6533],[-86.9121,34.6825],[-86.9062,34.6975],[-86.906,34.7104],[-86.913,34.7204],[-86.9086,34.7304],[-86.8181,34.7292],[-86.8137,34.7503],[-86.8339,34.7584],[-86.8239,34.7736],[-86.8237,34.8029],[-86.8326,34.8029],[-86.8316,34.8465],[-86.8761,34.844],[-86.8757,34.8612],[-86.8488,34.8609],[-86.8486,34.8751],[-86.8754,34.8757],[-86.8736,34.9629],[-86.8777,34.9922],[-87.0301,34.9955],[-87.008,34.9875],[-87.0054,34.9764],[-87.0365,34.9582],[-87.0423,34.9503],[-87.042,34.9276],[-87.0635,34.9138]]]},"properties":{"geoid":"01005","state":"01","district":"5","name":"State House District 5","chamber":"House"}},{"type":"Feature","geometry":{"type":"Polygon","coordinates":[[[-86.8777,34.9922],[-86.8736,34.9629],[-86.8754,34.8757],[-86.8486,34.8751],[-86.8488,34.8609],[-86.8757,34.8612],[-86.8761,34.844],[-86.8316,34.8465],[-86.8326,34.8029],[-86.8237,34.8029],[-86.8239,34.7736],[-86.8339,34.7584],[-86.8259,34.7528],[-86.8115,34.7503],[-86.8016,34.7621],[-86.791,34.7602],[-86.7859,34.7728],[-86.7718,34.7728],[-86.7716,34.7945],[-86.7492,34.7939],[-86.7492,34.7794],[-86.7317,34.7793],[-86.7316,34.7866],[-86.7141,34.7865],[-86.7135,34.8157],[-86.6873,34.8155],[-86.7225,34.8596],[-86.7349,34.8597],[-86.7393,34.8463],[-86.7323,34.838],[-86.7407,34.838],[-86.7417,34.8309],[-86.7611,34.8307],[-86.7801,34.8061],[-86.7853,34.8058],[-86.784,34.8846],[-86.6844,34.8815],[-86.6853,34.8742],[-86.6654,34.8729],[-86.6427,34.8604],[-86.6427,34.8804],[-86.6339,34.8808],[-86.6331,34.9137],[-86.6334,34.9327],[-86.6421,34.9328],[-86.6414,34.9917],[-86.8777,34.9922]]]},"properties":{"geoid":"01006","state":"01","district":"6","name":"State House District 6","chamber":"House"}},{"type":"Feature","geometry":{"type":"Polygon","coordinates":[[[-87.6434,34.7928],[-87.6343,34.7796],[-87.6353,34.7403],[-87.6179,34.7397],[-87.6143,34.7593],[-87.617,34.773],[-87.6037,34.772],[-87.6032,34.7874],[-87.5723,34.7868],[-87.5729,34.7576],[-87.582,34.7578],[-87.5819,34.6996],[-87.5907,34.6998],[-87.5908,34.6819],[-87.5719,34.6751],[-87.5719,34.6713],[-87.5904,34.6707],[-87.5906,34.6625],[-87.5585,34.6242],[-87.5652,34.6162],[-87.5722,34.6196],[-87.5886,34.6157],[-87.5897,34.6093],[-87.5988,34.6034],[-87.6178,34.6189],[-87.618,34.5956],[-87.6357,34.5719],[-87.5297,34.5671],[-87.5297,34.3046],[-87.1099,34.2993],[-87.1062,34.5744],[-87.09,34.5799],[-87.0877,34.5723],[-87.079,34.5775],[-87.0674,34.5721],[-87.0633,34.576],[-87.0707,34.5761],[-87.0707,34.5832],[-87.0479,34.5967],[-87.0453,34.5892],[-87.038,34.5959],[-87.0351,34.5871],[-87.0296,34.5905],[-87.0349,34.6005],[-87.0317,34.6047],[-87.0512,34.605],[-87.0535,34.6197],[-87.0788,34.6217],[-87.0732,34.6235],[-87.0699,34.6325],[-87.0699,34.6489],[-87.0628,34.6487],[-87.0628,34.6523],[-87.0316,34.6406],[-87.0352,34.6389],[-87.0333,34.6254],[-87.0343,34.6334],[-87.0384,34.6345],[-87.0394,34.6195],[-87.0321,34.62],[-87.0262,34.6384],[-87.0094,34.6308],[-87.015,34.6278],[-87.0102,34.6273],[-87.0143,34.6194],[-87.0049,34.6249],[-86.9995,34.6194],[-87.0025,34.6151],[-86.9954,34.6129],[-86.9803,34.6186],[-87.0293,34.6498],[-87.0516,34.6499],[-87.0855,34.6695],[-87.125,34.7016],[-87.1389,34.7241],[-87.1716,34.7429],[-87.2297,34.764],[-87.2979,34.7508],[-87.3442,34.7965],[-87.3702,34.805],[-87.4253,34.7998],[-87.4845,34.8137],[-87.5244,34.8324],[-87.5806,34.8218],[-87.5961,34.8071],[-87.6434,34.7928]]]},"properties":{"geoid":"01007","state":"01","district":"7","name":"State House District 7","chamber":"House"}},{"type":"Feature","geometry":{"type":"Polygon","coordinates":[[[-87.1102,34.3778],[-87.0879,34.3912],[-87.0782,34.3918],[-87.0703,34.4016],[-87.0632,34.3912],[-87.0509,34.3905],[-87.0353,34.3908],[-87.0348,34.3958],[-87.0281,34.3929],[-87.0134,34.4006],[-87.0115,34.411],[-86.9993,34.4131],[-86.9951,34.4272],[-86.9989,34.43],[-86.9867,34.4319],[-86.9883,34.4358],[-87.0032,34.4359],[-87.0071,34.4448],[-86.9976,34.4429],[-86.995,34.4611],[-86.975,34.4635],[-86.9978,34.4743],[-86.9845,34.5038],[-86.9912,34.5047],[-86.997,34.4972],[-87.0097,34.4928],[-87.0106,34.4863],[-87.0166,34.4964],[-87.0247,34.4934],[-87.0294,34.4967],[-87.0339,34.4906],[-87.0393,34.4952],[-87.0377,34.5008],[-87.0508,34.5081],[-87.0533,34.5173],[-87.0401,34.5171],[-87.0402,34.514],[-87.0303,34.5169],[-87.0365,34.5149],[-87.0366,34.5096],[-87.0215,34.5166],[-86.9996,34.5162],[-86.9978,34.5089],[-86.9961,34.5143],[-86.9831,34.5171],[-86.9844,34.561],[-86.9808,34.5614],[-86.9869,34.6135],[-87.0025,34.6151],[-86.9995,34.6194],[-87.0049,34.6249],[-87.0143,34.6194],[-87.0102,34.6273],[-87.015,34.6278],[-87.0094,34.6308],[-87.0262,34.6384],[-87.0321,34.62],[-87.0394,34.6195],[-87.0384,34.6345],[-87.0343,34.6334],[-87.0333,34.6254],[-87.0352,34.6389],[-87.0316,34.6406],[-87.0628,34.6523],[-87.0628,34.6487],[-87.0699,34.6489],[-87.0699,34.6325],[-87.0732,34.6235],[-87.0788,34.6217],[-87.0535,34.6197],[-87.0512,34.605],[-87.0317,34.6047],[-87.0349,34.6005],[-87.0296,34.5905],[-87.0351,34.5871],[-87.038,34.5959],[-87.0453,34.5892],[-87.0479,34.5967],[-87.0707,34.5832],[-87.0707,34.5761],[-87.0633,34.576],[-87.0674,34.5721],[-87.079,34.5775],[-87.0877,34.5723],[-87.09,34.5799],[-87.1062,34.5744],[-87.1102,34.3778]]]},"properties":{"geoid":"01008","state":"01","district":"8","name":"State House District 8","chamber":"House"}},{"type":"Feature","geometry":{"type":"Polygon","coordinates":[[[-87.1102,34.3709],[-87.1101,34.3138],[-86.5819,34.3047],[-86.5813,34.3711],[-86.5509,34.5552],[-86.5649,34.5737],[-86.593,34.5828],[-86.6164,34.5759],[-86.6426,34.5502],[-86.6587,34.5501],[-86.6732,34.5581],[-86.6806,34.5823],[-86.7041,34.589],[-86.7209,34.5833],[-86.7573,34.5536],[-86.7804,34.55],[-86.8003,34.5526],[-86.8064,34.5418],[-86.807,34.5184],[-86.8238,34.5211],[-86.828,34.5175],[-86.8252,34.502],[-86.832,34.4843],[-86.8277,34.4769],[-86.8409,34.4646],[-86.8398,34.4475],[-86.8176,34.4472],[-86.8229,34.4265],[-86.8132,34.4224],[-86.8158,34.4123],[-86.8087,34.4052],[-86.8287,34.4133],[-86.8486,34.4039],[-86.8648,34.4036],[-86.8939,34.4102],[-86.8803,34.4183],[-86.8811,34.4264],[-86.8997,34.431],[-86.8983,34.4931],[-86.9066,34.4903],[-86.914,34.4789],[-86.9175,34.4858],[-86.9298,34.4862],[-86.9411,34.4814],[-86.9406,34.4759],[-86.9555,34.4885],[-86.9647,34.4893],[-86.9653,34.5158],[-86.9533,34.5323],[-86.957,34.5325],[-86.9633,34.5496],[-86.9552,34.5557],[-86.9732,34.5623],[-86.9844,34.561],[-86.9832,34.517],[-86.9961,34.5143],[-86.9978,34.5089],[-86.9996,34.5162],[-87.0215,34.5166],[-87.0366,34.5096],[-87.0365,34.5149],[-87.0303,34.5169],[-87.0402,34.514],[-87.0401,34.5171],[-87.0533,34.5173],[-87.0508,34.5081],[-87.0377,34.5008],[-87.0393,34.4952],[-87.0339,34.4906],[-87.0294,34.4967],[-87.0247,34.4934],[-87.0166,34.4964],[-87.0106,34.4863],[-87.0097,34.4928],[-86.997,34.4972],[-86.9912,34.5047],[-86.9845,34.5038],[-86.9978,34.4743],[-86.975,34.4635],[-86.995,34.4611],[-86.9976,34.4429],[-87.0072,34.4426],[-87.0032,34.4359],[-86.9883,34.4358],[-86.9867,34.4318],[-86.9983,34.4305],[-86.9951,34.4272],[-86.9993,34.4131],[-87.0115,34.411],[-87.0134,34.4007],[-87.0281,34.3929],[-87.0348,34.3958],[-87.0354,34.3908],[-87.063,34.3912],[-87.0703,34.4016],[-87.0782,34.3918],[-87.1058,34.3814],[-87.1102,34.3709]]]},"properties":{"geoid":"01009","state":"01","district":"9","name":"State House District 9","chamber":"House"}},{"type":"Feature","geometry":{"type":"Polygon","coordinates":[[[-86.79,34.5524],[-86.7573,34.5536],[-86.7205,34.5836],[-86.7022,34.589],[-86.6778,34.5795],[-86.6742,34.5596],[-86.6685,34.5539],[-86.6509,34.549],[-86.641,34.551],[-86.6142,34.5772],[-86.586,34.5827],[-86.5858,34.5957],[-86.5804,34.5957],[-86.5794,34.5894],[-86.5767,34.5937],[-86.5766,34.5881],[-86.5622,34.5954],[-86.5673,34.614],[-86.5666,34.6488],[-86.574,34.6715],[-86.6018,34.6604],[-86.6106,34.6616],[-86.6095,34.6981],[-86.615,34.6982],[-86.6145,34.7128],[-86.6441,34.7162],[-86.7071,34.6946],[-86.7066,34.7084],[-86.7293,34.7065],[-86.7332,34.7025],[-86.7509,34.7068],[-86.7506,34.7184],[-86.7642,34.7181],[-86.7681,34.7212],[-86.7678,34.7338],[-86.7767,34.735],[-86.7773,34.7273],[-86.7734,34.726],[-86.7767,34.7182],[-86.7681,34.718],[-86.7702,34.6998],[-86.7522,34.6995],[-86.7513,34.6955],[-86.7422,34.6994],[-86.7354,34.6943],[-86.7334,34.6839],[-86.7869,34.6626],[-86.79,34.5524]]]},"properties":{"geoid":"01010","state":"01","district":"10","name":"State House District 10","chamber":"House"}},{"type":"Feature","geometry":{"type":"Polygon","coordinates":[[[-86.9042,34.2474],[-86.8997,34.2332],[-86.8903,34.2328],[-86.8799,34.2116],[-86.8514,34.2206],[-86.8517,34.1908],[-86.8475,34.1917],[-86.8471,34.2094],[-86.8341,34.2097],[-86.8342,34.2013],[-86.8167,34.2098],[-86.8207,34.2003],[-86.8285,34.2008],[-86.8299,34.1925],[-86.8168,34.192],[-86.8146,34.1987],[-86.8146,34.1928],[-86.8085,34.1915],[-86.8007,34.1766],[-86.7952,34.1802],[-86.7953,34.1765],[-86.7872,34.1764],[-86.7814,34.1647],[-86.7733,34.1637],[-86.7751,34.1516],[-86.7674,34.1354],[-86.7716,34.133],[-86.7603,34.1312],[-86.7626,34.1254],[-86.7523,34.1187],[-86.7495,34.1247],[-86.7416,34.1211],[-86.7485,34.1132],[-86.742,34.1101],[-86.7467,34.1067],[-86.7407,34.1014],[-86.7434,34.0947],[-86.7397,34.0824],[-86.7483,34.0904],[-86.7641,34.0847],[-86.7694,34.0938],[-86.7795,34.0887],[-86.8119,34.0932],[-86.8317,34.0906],[-86.8328,34.0821],[-86.8232,34.0794],[-86.8245,34.0553],[-86.8159,34.0533],[-86.8226,34.0381],[-86.8114,34.0371],[-86.8094,34.0223],[-86.8011,34.0362],[-86.7993,34.0125],[-86.7877,34.0321],[-86.782,34.0314],[-86.7779,34.023],[-86.7665,34.0226],[-86.7663,34.0335],[-86.7135,34.039],[-86.7158,34.0463],[-86.711,34.0473],[-86.7017,34.0356],[-86.7097,34.029],[-86.7203,34.0324],[-86.7236,34.0178],[-86.7357,34.0108],[-86.7266,34.0089],[-86.7051,34.0193],[-86.6758,34.0411],[-86.6704,34.0204],[-86.6394,34.021],[-86.6249,34.034],[-86.6057,34.0352],[-86.6101,34.0242],[-86.6064,34.0115],[-86.5976,34.004],[-86.5923,34.0056],[-86.5909,34.0127],[-86.5839,34.0123],[-86.5857,34.0222],[-86.5743,34.0244],[-86.5688,34.0192],[-86.5704,34.0326],[-86.5612,34.0251],[-86.5531,34.0403],[-86.5528,34.0526],[-86.5444,34.0582],[-86.5388,34.0525],[-86.5436,34.0487],[-86.5297,34.0493],[-86.5236,34.0421],[-86.5133,34.0558],[-86.5054,34.0473],[-86.4945,34.0445],[-86.5045,34.0292],[-86.5204,34.0345],[-86.5323,34.0292],[-86.5409,34.0198],[-86.5249,34.0151],[-86.5411,34.0044],[-86.5491,33.9912],[-86.5679,33.986],[-86.5744,33.9786],[-86.5725,33.9729],[-86.5496,33.9713],[-86.5505,33.9654],[-86.5436,33.9618],[-86.5688,33.9473],[-86.5677,33.9429],[-86.5574,33.9418],[-86.5652,33.933],[-86.548,33.9224],[-86.538,33.9251],[-86.533,33.9177],[-86.4987,33.9251],[-86.4985,33.9766],[-86.4641,33.9766],[-86.4641,33.9838],[-86.4486,33.9853],[-86.447,33.9889],[-86.4487,34.0076],[-86.4672,34.0168],[-86.45,34.0249],[-86.4499,34.0378],[-86.4634,34.0386],[-86.4623,34.049],[-86.4672,34.0544],[-86.4837,34.0494],[-86.4823,34.0724],[-86.4944,34.0679],[-86.4909,34.0777],[-86.4785,34.0834],[-86.4654,34.0828],[-86.4561,34.0994],[-86.4454,34.0872],[-86.4392,34.1008],[-86.4316,34.0978],[-86.4248,34.105],[-86.3958,34.1081],[-86.389,34.0967],[-86.3809,34.0944],[-86.3832,34.0834],[-86.3688,34.0806],[-86.355,34.0577],[-86.3429,34.0528],[-86.3324,34.0378],[-86.3227,34.0723],[-86.3035,34.0991],[-86.409,34.205],[-86.4451,34.2495],[-86.4441,34.2591],[-86.4563,34.2634],[-86.4511,34.2745],[-86.4596,34.2746],[-86.4594,34.2891],[-86.477,34.2894],[-86.4775,34.3028],[-86.8994,34.3097],[-86.8954,34.2862],[-86.9003,34.282],[-86.8935,34.2638],[-86.9039,34.2604],[-86.9042,34.2474]]]},"properties":{"geoid":"01011","state":"01","district":"11","name":"State House District 11","chamber":"House"}},{"type":"Feature","geometry":{"type":"Polygon","coordinates":[[[-87.1498,33.9932],[-87.1382,33.9776],[-87.1369,33.9666],[-87.1118,33.959],[-87.1052,33.936],[-87.0856,33.9192],[-87.082,33.9064],[-87.1008,33.8984],[-87.0918,33.8901],[-87.0071,33.8889],[-87.0069,33.8662],[-87.0006,33.87],[-86.9922,33.8596],[-86.9597,33.858],[-86.9627,33.8676],[-86.9489,33.8614],[-86.9518,33.8715],[-86.9421,33.8666],[-86.9202,33.8727],[-86.9243,33.877],[-86.9199,33.884],[-86.9211,33.8947],[-86.9274,33.8984],[-86.9253,33.9081],[-86.9167,33.9156],[-86.9085,33.9127],[-86.8868,33.9168],[-86.8832,33.9242],[-86.8858,33.9338],[-86.877,33.9363],[-86.8596,33.9291],[-86.86,33.9351],[-86.8414,33.9493],[-86.8352,33.9505],[-86.82,33.9415],[-86.8241,33.9527],[-86.8207,33.9576],[-86.7918,33.9525],[-86.7877,33.9579],[-86.792,33.9633],[-86.7827,33.9692],[-86.7725,33.9656],[-86.7755,33.9729],[-86.7628,33.9754],[-86.7625,33.985],[-86.7573,33.9904],[-86.7613,33.9955],[-86.7415,33.9989],[-86.744,34.0079],[-86.7236,34.0177],[-86.7203,34.0324],[-86.7087,34.0293],[-86.7009,34.0378],[-86.7128,34.0472],[-86.7135,34.039],[-86.7663,34.0335],[-86.7665,34.0226],[-86.7779,34.023],[-86.7852,34.0329],[-86.7993,34.0125],[-86.8011,34.0362],[-86.8094,34.0223],[-86.8114,34.0371],[-86.8226,34.0381],[-86.8159,34.0533],[-86.8245,34.0553],[-86.8232,34.0794],[-86.8328,34.0821],[-86.8317,34.0906],[-86.8119,34.0932],[-86.7795,34.0887],[-86.7694,34.0938],[-86.7641,34.0847],[-86.7483,34.0904],[-86.7397,34.0824],[-86.7434,34.0947],[-86.7407,34.1014],[-86.7467,34.1067],[-86.742,34.1101],[-86.7485,34.1132],[-86.7418,34.1214],[-86.7495,34.1247],[-86.7523,34.1187],[-86.7626,34.1254],[-86.7603,34.1312],[-86.7716,34.133],[-86.7674,34.1354],[-86.7751,34.1516],[-86.7733,34.1637],[-86.7814,34.1647],[-86.7872,34.1764],[-86.7953,34.1765],[-86.7952,34.1802],[-86.8007,34.1766],[-86.8085,34.1915],[-86.8146,34.1928],[-86.8146,34.1987],[-86.8168,34.192],[-86.8299,34.1925],[-86.8285,34.2008],[-86.8207,34.2003],[-86.817,34.21],[-86.8298,34.2014],[-86.8342,34.2013],[-86.8341,34.2097],[-86.8471,34.2094],[-86.8475,34.1917],[-86.8517,34.1908],[-86.8514,34.2206],[-86.8752,34.2162],[-86.8734,34.2109],[-86.8836,34.2108],[-86.8822,34.2081],[-86.8993,34.222],[-86.9197,34.2224],[-86.9217,34.2155],[-86.9263,34.2156],[-86.9228,34.1974],[-86.9309,34.1938],[-86.9703,34.1959],[-86.9675,34.2003],[-86.9718,34.2055],[-86.9888,34.2037],[-86.9984,34.2203],[-87.0091,34.2248],[-87.0026,34.2469],[-86.9889,34.2559],[-86.9984,34.2958],[-87.0136,34.2896],[-87.0229,34.2645],[-87.0427,34.2521],[-87.041,34.246],[-87.0507,34.2391],[-87.0633,34.235],[-87.0756,34.2482],[-87.0812,34.2474],[-87.0881,34.233],[-87.1102,34.2284],[-87.112,33.9924],[-87.1498,33.9932]]]},"properties":{"geoid":"01012","state":"01","district":"12","name":"State House District 12","chamber":"House"}},{"type":"Feature","geometry":{"type":"Polygon","coordinates":[[[-87.5586,33.99],[-87.5558,33.9733],[-87.5374,33.9695],[-87.541,33.9595],[-87.5344,33.9424],[-87.528,33.9387],[-87.5101,33.943],[-87.5059,33.915],[-87.4914,33.9087],[-87.4921,33.8983],[-87.4617,33.8962],[-87.4587,33.9011],[-87.4505,33.891],[-87.4447,33.8927],[-87.4446,33.8712],[-87.4188,33.8662],[-87.4237,33.8507],[-87.4203,33.8426],[-87.428,33.8254],[-87.4196,33.8176],[-87.4008,33.807],[-87.3869,33.8153],[-87.3307,33.8173],[-87.3567,33.7666],[-87.3438,33.7688],[-87.3287,33.7417],[-87.3215,33.7521],[-87.3249,33.7583],[-87.3078,33.7775],[-87.2867,33.7764],[-87.2733,33.8013],[-87.2654,33.802],[-87.259,33.7946],[-87.2607,33.7902],[-87.2527,33.7857],[-87.2436,33.7829],[-87.236,33.7877],[-87.2348,33.7828],[-87.2242,33.7783],[-87.2334,33.775],[-87.2401,33.7653],[-87.2425,33.7478],[-87.2534,33.7428],[-87.2382,33.7385],[-87.2097,33.7409],[-87.211,33.7339],[-87.1995,33.7101],[-87.1917,33.706],[-87.1937,33.6983],[-87.1872,33.6804],[-87.1777,33.6769],[-87.1771,33.6631],[-87.1554,33.6648],[-87.1414,33.6774],[-87.1401,33.6614],[-87.1251,33.6584],[-87.12,33.6611],[-87.1213,33.666],[-87.1046,33.6721],[-87.1072,33.6801],[-87.1009,33.6802],[-87.1039,33.6855],[-87.1005,33.6877],[-87.1046,33.6918],[-87.0807,33.6954],[-87.0834,33.7033],[-87.0666,33.7137],[-87.0667,33.7257],[-87.0626,33.7288],[-87.0668,33.7291],[-87.0669,33.7364],[-87.0623,33.7364],[-87.0623,33.7439],[-87.0579,33.7439],[-87.0652,33.7589],[-87.0714,33.7582],[-87.0709,33.766],[-87.0628,33.7738],[-87.0628,33.7808],[-87.0462,33.7877],[-87.0464,33.7948],[-87.0391,33.8025],[-87.0245,33.7857],[-87.0222,33.7727],[-87.0059,33.7726],[-87.006,33.7872],[-86.9709,33.7865],[-86.9712,33.8012],[-86.9537,33.8008],[-86.9543,33.8449],[-86.963,33.8449],[-86.9634,33.8582],[-86.9922,33.8596],[-86.9996,33.8698],[-87.0069,33.8662],[-87.0071,33.8889],[-87.0918,33.8901],[-87.1007,33.899],[-87.0821,33.9079],[-87.0928,33.9282],[-87.1052,33.936],[-87.1115,33.9587],[-87.1369,33.9666],[-87.1437,33.9864],[-87.1689,34.0051],[-87.1898,34.003],[-87.2,33.9849],[-87.2167,33.9939],[-87.557,33.9996],[-87.5586,33.99]]]},"properties":{"geoid":"01013","state":"01","district":"13","name":"State House District 13","chamber":"House"}},{"type":"Feature","geometry":{"type":"Polygon","coordinates":[[[-87.6366,34.1251],[-87.636,33.872],[-87.5316,33.8676],[-87.5283,33.692],[-87.4238,33.6891],[-87.4237,33.6021],[-87.3711,33.6017],[-87.371,33.5871],[-87.3185,33.5874],[-87.3182,33.5142],[-87.2669,33.5129],[-87.2755,33.5208],[-87.2687,33.5306],[-87.257,33.5154],[-87.2495,33.5146],[-87.2373,33.5383],[-87.2139,33.5364],[-87.199,33.5497],[-87.1868,33.5523],[-87.1863,33.5567],[-87.1969,33.5624],[-87.2049,33.5771],[-87.1969,33.5993],[-87.1796,33.5993],[-87.1794,33.6138],[-87.1444,33.6134],[-87.1445,33.6282],[-87.0927,33.6279],[-87.0927,33.6569],[-87.0578,33.6564],[-87.0573,33.6855],[-87.0398,33.6854],[-87.0372,33.6908],[-87.0153,33.6932],[-87.0123,33.6975],[-86.9979,33.6858],[-86.9986,33.6943],[-86.9928,33.6911],[-86.9853,33.695],[-86.9895,33.6986],[-86.9847,33.7039],[-86.975,33.7074],[-86.9653,33.7044],[-86.9649,33.7112],[-86.9541,33.7089],[-86.9636,33.7206],[-86.9534,33.7332],[-86.9446,33.7259],[-86.9421,33.7381],[-86.9184,33.7374],[-86.9181,33.7441],[-86.9228,33.744],[-86.9285,33.7574],[-86.936,33.7626],[-86.9342,33.7716],[-86.949,33.7795],[-86.9558,33.8008],[-86.9712,33.8012],[-86.9709,33.7865],[-87.006,33.7872],[-87.0059,33.7726],[-87.0222,33.7727],[-87.0245,33.7857],[-87.0391,33.8025],[-87.0464,33.7948],[-87.0462,33.7877],[-87.0628,33.7808],[-87.0628,33.7738],[-87.0709,33.766],[-87.0714,33.7582],[-87.0652,33.7589],[-87.0579,33.7439],[-87.0623,33.7439],[-87.0623,33.7364],[-87.0669,33.7364],[-87.0668,33.7291],[-87.0626,33.7288],[-87.0667,33.7257],[-87.0666,33.7137],[-87.0834,33.7033],[-87.0807,33.6954],[-87.1046,33.6918],[-87.1005,33.6877],[-87.1039,33.6855],[-87.1009,33.6802],[-87.1072,33.6801],[-87.1046,33.6721],[-87.1213,33.666],[-87.12,33.6611],[-87.1251,33.6584],[-87.1401,33.6614],[-87.1414,33.6774],[-87.1554,33.6648],[-87.1771,33.6631],[-87.1777,33.6769],[-87.1872,33.6804],[-87.1937,33.6983],[-87.1917,33.706],[-87.1995,33.7101],[-87.211,33.7339],[-87.2097,33.7409],[-87.2382,33.7385],[-87.2534,33.7428],[-87.2425,33.7478],[-87.2401,33.7653],[-87.2334,33.775],[-87.2242,33.7783],[-87.2348,33.7828],[-87.236,33.7877],[-87.2436,33.7829],[-87.2527,33.7857],[-87.2607,33.7902],[-87.259,33.7946],[-87.2654,33.802],[-87.2733,33.8013],[-87.2867,33.7764],[-87.3078,33.7775],[-87.3249,33.7583],[-87.3215,33.7521],[-87.3287,33.7417],[-87.3438,33.7688],[-87.3567,33.7666],[-87.3307,33.8173],[-87.3869,33.8153],[-87.4008,33.807],[-87.4196,33.8176],[-87.428,33.8254],[-87.4203,33.8426],[-87.4237,33.8507],[-87.4188,33.8662],[-87.4446,33.8712],[-87.4447,33.8927],[-87.4505,33.891],[-87.4587,33.9011],[-87.4617,33.8962],[-87.4921,33.8983],[-87.4914,33.9087],[-87.5059,33.915],[-87.5101,33.943],[-87.528,33.9387],[-87.5346,33.9425],[-87.541,33.9595],[-87.5373,33.9694],[-87.5562,33.9737],[-87.5585,33.9938],[-87.557,33.9996],[-87.2167,33.9939],[-87.2,33.9849],[-87.1898,34.003],[-87.1711,34.0053],[-87.151,33.9932],[-87.112,33.9924],[-87.1102,34.2284],[-87.0881,34.233],[-87.0812,34.2474],[-87.0756,34.2482],[-87.0633,34.235],[-87.0507,34.2391],[-87.041,34.246],[-87.0427,34.2521],[-87.0229,34.2645],[-87.0136,34.2896],[-86.9984,34.2958],[-86.9889,34.2559],[-87.0026,34.2469],[-87.0091,34.2248],[-86.9984,34.2203],[-86.9888,34.2037],[-86.9718,34.2055],[-86.9675,34.2003],[-86.9703,34.1959],[-86.9305,34.1939],[-86.9228,34.1974],[-86.9263,34.2156],[-86.9217,34.2155],[-86.9193,34.2224],[-86.8993,34.222],[-86.8822,34.2081],[-86.8798,34.2124],[-86.8863,34.2183],[-86.8833,34.2232],[-86.8903,34.2328],[-86.8997,34.2332],[-86.9041,34.245],[-86.9039,34.2604],[-86.8935,34.2638],[-86.9003,34.282],[-86.8954,34.2862],[-86.8994,34.3097],[-87.1101,34.3138],[-87.1099,34.2993],[-87.125,34.2992],[-87.6347,34.307],[-87.6344,34.2379],[-87.626,34.2449],[-87.6238,34.2666],[-87.6125,34.2719],[-87.6186,34.2831],[-87.6055,34.2843],[-87.6064,34.288],[-87.6008,34.2891],[-87.5953,34.2765],[-87.588,34.274],[-87.5876,34.2651],[-87.5741,34.2547],[-87.5789,34.2474],[-87.5734,34.244],[-87.585,34.2331],[-87.5827,34.2136],[-87.592,34.2001],[-87.5902,34.196],[-87.6166,34.1982],[-87.6202,34.194],[-87.6146,34.1937],[-87.622,34.1915],[-87.6353,34.1709],[-87.6366,34.1251]]]},"properties":{"geoid":"01014","state":"01","district":"14","name":"State House District 14","chamber":"House"}},{"type":"Feature","geometry":{"type":"Polygon","coordinates":[[[-87.1798,33.328],[-87.1796,33.3211],[-87.1622,33.321],[-87.162,33.3066],[-87.1271,33.306],[-87.1268,33.2908],[-87.0875,33.2907],[-87.0875,33.2797],[-87.0658,33.2759],[-87.0657,33.2469],[-86.9899,33.246],[-86.9829,33.246],[-86.9827,33.253],[-86.9696,33.2602],[-86.9696,33.2675],[-86.9478,33.2671],[-86.9478,33.2744],[-86.9262,33.2782],[-86.9261,33.2965],[-86.9173,33.3038],[-86.9085,33.304],[-86.9086,33.3077],[-86.8997,33.3078],[-86.8998,33.3151],[-86.8914,33.3187],[-86.8913,33.3258],[-86.8771,33.3257],[-86.8833,33.3146],[-86.8792,33.308],[-86.8845,33.3039],[-86.8825,33.2891],[-86.8868,33.2896],[-86.88,33.2787],[-86.89,33.2781],[-86.8939,33.2719],[-86.8906,33.2682],[-86.904,33.2682],[-86.8959,33.256],[-86.8833,33.2555],[-86.8818,33.2462],[-86.8606,33.2545],[-86.8526,33.2513],[-86.8397,33.2541],[-86.8396,33.2628],[-86.844,33.2629],[-86.8463,33.2731],[-86.8528,33.2772],[-86.8414,33.2949],[-86.8529,33.2991],[-86.86,33.3079],[-86.8548,33.3137],[-86.8599,33.3173],[-86.8392,33.3322],[-86.8307,33.3318],[-86.8304,33.3608],[-86.8134,33.3605],[-86.7978,33.3673],[-86.8076,33.386],[-86.8681,33.3493],[-86.8776,33.3564],[-86.8925,33.3564],[-86.8941,33.3658],[-86.9068,33.3625],[-86.9166,33.3659],[-86.9404,33.3537],[-86.944,33.3467],[-86.9386,33.3421],[-86.9428,33.3369],[-87,33.3316],[-87.0267,33.3429],[-87.0363,33.3343],[-87.0402,33.3344],[-87.0404,33.342],[-87.0575,33.3417],[-87.0577,33.3647],[-87.084,33.348],[-87.0926,33.3346],[-87.1046,33.3327],[-87.1188,33.3377],[-87.1232,33.3507],[-87.1388,33.3397],[-87.1443,33.3416],[-87.1445,33.3468],[-87.1518,33.3379],[-87.1565,33.3402],[-87.1798,33.328]]]},"properties":{"geoid":"01015","state":"01","district":"15","name":"State House District 15","chamber":"House"}},{"type":"Feature","geometry":{"type":"Polygon","coordinates":[[[-87.952,33.8839],[-87.9465,33.5241],[-87.6876,33.5211],[-87.6996,33.5019],[-87.6796,33.4714],[-87.674,33.4531],[-87.6556,33.436],[-87.645,33.4352],[-87.6424,33.4306],[-87.6414,33.4162],[-87.6461,33.4116],[-87.6362,33.3866],[-87.6119,33.3694],[-87.601,33.305],[-87.5911,33.3036],[-87.5933,33.327],[-87.5846,33.3317],[-87.5746,33.3237],[-87.5692,33.309],[-87.5702,33.2896],[-87.5522,33.2809],[-87.5423,33.2638],[-87.5308,33.2814],[-87.5152,33.2911],[-87.5209,33.2995],[-87.5211,33.3127],[-87.5001,33.3225],[-87.497,33.2983],[-87.4807,33.2875],[-87.4822,33.2748],[-87.4679,33.2616],[-87.4625,33.2648],[-87.4608,33.258],[-87.4567,33.2598],[-87.4509,33.2538],[-87.4307,33.2537],[-87.4229,33.2603],[-87.4213,33.2696],[-87.4039,33.2775],[-87.387,33.2661],[-87.3774,33.2526],[-87.3944,33.243],[-87.3969,33.2293],[-87.3883,33.2297],[-87.3853,33.2228],[-87.3847,33.2288],[-87.3753,33.2268],[-87.3737,33.221],[-87.3621,33.2175],[-87.365,33.2097],[-87.3586,33.2082],[-87.355,33.213],[-87.3414,33.2048],[-87.3408,33.2099],[-87.3365,33.2101],[-87.339,33.2154],[-87.3317,33.2193],[-87.3321,33.2143],[-87.3169,33.2126],[-87.3165,33.2217],[-87.3053,33.2172],[-87.306,33.2114],[-87.2941,33.2102],[-87.2858,33.2248],[-87.2384,33.2471],[-87.237,33.2541],[-87.2466,33.2606],[-87.2528,33.2757],[-87.2477,33.2827],[-87.2379,33.2854],[-87.231,33.3018],[-87.2137,33.3126],[-87.198,33.3413],[-87.18,33.343],[-87.179,33.3274],[-87.161,33.3385],[-87.1517,33.338],[-87.1445,33.3468],[-87.1412,33.3388],[-87.1232,33.3507],[-87.1188,33.3377],[-87.0948,33.334],[-87.084,33.348],[-87.0577,33.3647],[-87.0567,33.3859],[-87.0745,33.3858],[-87.0769,33.4093],[-87.0716,33.4095],[-87.0774,33.4148],[-87.0776,33.4268],[-87.089,33.4319],[-87.0897,33.4389],[-87.082,33.4431],[-87.0831,33.4383],[-87.0729,33.4426],[-87.0687,33.4386],[-87.0661,33.4427],[-87.0585,33.437],[-87.0337,33.4369],[-87.0232,33.4484],[-87.0181,33.4661],[-87.003,33.4639],[-87.0162,33.4812],[-87.0143,33.486],[-87.0293,33.4833],[-87.0343,33.4884],[-87.0406,33.4822],[-87.0443,33.4872],[-87.0502,33.4821],[-87.0503,33.4914],[-87.0653,33.4934],[-87.0597,33.497],[-87.0728,33.5062],[-87.0816,33.4928],[-87.0857,33.498],[-87.1037,33.4881],[-87.1119,33.4974],[-87.0943,33.5097],[-87.0979,33.5119],[-87.0964,33.5204],[-87.0857,33.5276],[-87.0745,33.5325],[-87.0614,33.5231],[-87.0608,33.5406],[-87.0508,33.547],[-87.0486,33.5372],[-87.0383,33.5401],[-87.0382,33.5326],[-87.0328,33.5402],[-87.022,33.5434],[-87.022,33.5529],[-87.0347,33.555],[-87.0112,33.5739],[-87.0204,33.5782],[-87.0164,33.5798],[-87.0203,33.5816],[-87.018,33.5868],[-87.0236,33.5854],[-87.0198,33.5918],[-87.0297,33.5892],[-87.0226,33.5969],[-87.0248,33.6051],[-87.0149,33.6016],[-87.0051,33.6065],[-87.0069,33.6147],[-87.018,33.6151],[-87.0178,33.6086],[-87.0224,33.6087],[-87.0193,33.6123],[-87.0227,33.6234],[-87.005,33.626],[-87.0052,33.6415],[-87.0141,33.6471],[-87.0074,33.656],[-86.9732,33.6557],[-86.9708,33.6635],[-86.9746,33.6845],[-86.9853,33.695],[-86.9928,33.6911],[-86.9986,33.6943],[-86.9979,33.6858],[-87.0123,33.6975],[-87.0153,33.6932],[-87.0372,33.6908],[-87.0398,33.6854],[-87.0573,33.6855],[-87.0578,33.6564],[-87.0927,33.6569],[-87.0927,33.6279],[-87.1445,33.6282],[-87.1444,33.6134],[-87.1794,33.6138],[-87.1796,33.5993],[-87.1969,33.5993],[-87.2049,33.5771],[-87.1969,33.5624],[-87.1863,33.5567],[-87.1868,33.5523],[-87.199,33.5497],[-87.2139,33.5364],[-87.2373,33.5383],[-87.2495,33.5146],[-87.257,33.5154],[-87.2687,33.5306],[-87.2755,33.5208],[-87.2669,33.5129],[-87.3182,33.5142],[-87.3185,33.5874],[-87.371,33.5871],[-87.3711,33.6017],[-87.4237,33.6021],[-87.4238,33.6891],[-87.5283,33.692],[-87.5316,33.8676],[-87.636,33.872],[-87.6359,33.9153],[-87.9518,33.9199],[-87.952,33.8839]]]},"properties":{"geoid":"01016","state":"01","district":"16","name":"State House District 16","chamber":"House"}},{"type":"Feature","geometry":{"type":"Polygon","coordinates":[[[-88.2745,33.5343],[-87.9465,33.524],[-87.9518,33.9199],[-87.6359,33.9153],[-87.6353,34.1709],[-87.622,34.1915],[-87.6146,34.1937],[-87.6202,34.194],[-87.6166,34.1982],[-87.5902,34.196],[-87.592,34.2001],[-87.5827,34.2136],[-87.585,34.2331],[-87.5734,34.244],[-87.5789,34.2474],[-87.5741,34.2547],[-87.5876,34.2651],[-87.5857,34.2697],[-87.597,34.2788],[-87.599,34.2891],[-87.6186,34.2831],[-87.6125,34.2719],[-87.6238,34.2666],[-87.626,34.2449],[-87.6344,34.2379],[-87.6347,34.307],[-88.1736,34.3211],[-88.2745,33.5343]]]},"properties":{"geoid":"01017","state":"01","district":"17","name":"State House District 17","chamber":"House"}},{"type":"Feature","geometry":{"type":"Polygon","coordinates":[[[-88.1735,34.322],[-87.5297,34.3046],[-87.5297,34.5671],[-87.6356,34.5709],[-87.618,34.5956],[-87.6178,34.6189],[-87.5988,34.6034],[-87.5897,34.6093],[-87.5886,34.6157],[-87.5722,34.6196],[-87.5652,34.6162],[-87.5585,34.6242],[-87.5906,34.6625],[-87.5904,34.6707],[-87.5729,34.6703],[-87.5719,34.6751],[-87.5908,34.6819],[-87.5907,34.6998],[-87.6346,34.6977],[-87.6524,34.701],[-87.6649,34.71],[-87.6676,34.7054],[-87.6677,34.7113],[-87.6713,34.7091],[-87.6789,34.7149],[-87.6788,34.7053],[-87.6877,34.7053],[-87.6876,34.6942],[-87.7494,34.7034],[-87.7493,34.699],[-87.7552,34.6991],[-87.7575,34.7049],[-87.7664,34.7075],[-87.7534,34.7112],[-87.7667,34.7198],[-87.7673,34.7346],[-87.8058,34.7319],[-87.8358,34.7412],[-87.9174,34.8015],[-87.9276,34.8167],[-87.9392,34.8504],[-87.9525,34.8679],[-87.9732,34.8826],[-88.0409,34.9066],[-88.0584,34.9043],[-88.0791,34.8944],[-88.0976,34.8947],[-88.1735,34.322]]]},"properties":{"geoid":"01018","state":"01","district":"18","name":"State House District 18","chamber":"House"}},{"type":"Feature","geometry":{"type":"Polygon","coordinates":[[[-86.7853,34.8078],[-86.7801,34.8061],[-86.7611,34.8307],[-86.7417,34.8309],[-86.7407,34.838],[-86.7323,34.838],[-86.7393,34.8463],[-86.7349,34.8597],[-86.7225,34.8596],[-86.6873,34.8155],[-86.6985,34.8156],[-86.6871,34.8043],[-86.6876,34.7645],[-86.7142,34.7626],[-86.7143,34.7553],[-86.6699,34.7419],[-86.6723,34.7847],[-86.6692,34.7933],[-86.6607,34.7933],[-86.6606,34.8225],[-86.6427,34.8224],[-86.6418,34.8124],[-86.63,34.8089],[-86.6165,34.7961],[-86.6167,34.7678],[-86.6085,34.7655],[-86.6124,34.7552],[-86.5964,34.7299],[-86.5852,34.7332],[-86.5814,34.7528],[-86.5644,34.7708],[-86.5615,34.78],[-86.5548,34.78],[-86.5523,34.7925],[-86.5537,34.8292],[-86.5715,34.8293],[-86.5714,34.8619],[-86.6329,34.8554],[-86.6604,34.8668],[-86.6651,34.8728],[-86.6853,34.8742],[-86.6845,34.8815],[-86.784,34.8846],[-86.7853,34.8078]]]},"properties":{"geoid":"01019","state":"01","district":"19","name":"State House District 19","chamber":"House"}},{"type":"Feature","geometry":{"type":"Polygon","coordinates":[[[-86.586,34.5847],[-86.5577,34.5678],[-86.5505,34.5536],[-86.5506,34.5394],[-86.5345,34.5043],[-86.5288,34.5029],[-86.5385,34.5211],[-86.5335,34.5157],[-86.5259,34.5184],[-86.5233,34.5267],[-86.5182,34.5254],[-86.5287,34.5568],[-86.514,34.5576],[-86.5139,34.5649],[-86.4957,34.5646],[-86.4951,34.5812],[-86.5029,34.5923],[-86.5075,34.5911],[-86.5071,34.6199],[-86.5119,34.62],[-86.5118,34.6311],[-86.5165,34.6312],[-86.5172,34.6404],[-86.5128,34.6403],[-86.5188,34.6505],[-86.5148,34.6569],[-86.4987,34.6604],[-86.4559,34.6609],[-86.4393,34.6543],[-86.4374,34.6657],[-86.4252,34.6801],[-86.4308,34.6827],[-86.4288,34.6915],[-86.4137,34.7057],[-86.4165,34.7104],[-86.4348,34.7079],[-86.4481,34.7189],[-86.4792,34.7154],[-86.4835,34.7226],[-86.486,34.7189],[-86.497,34.7228],[-86.5015,34.7264],[-86.5013,34.7447],[-86.4925,34.7445],[-86.4925,34.7482],[-86.5013,34.7483],[-86.5012,34.7553],[-86.5099,34.7555],[-86.51,34.7521],[-86.5255,34.7555],[-86.5293,34.7476],[-86.535,34.7524],[-86.5566,34.7394],[-86.5557,34.7266],[-86.543,34.7224],[-86.545,34.7123],[-86.5337,34.7113],[-86.5337,34.7002],[-86.5449,34.6983],[-86.5439,34.7051],[-86.5699,34.7052],[-86.5682,34.6914],[-86.5806,34.6905],[-86.5667,34.6494],[-86.5673,34.614],[-86.5619,34.5974],[-86.5761,34.5881],[-86.5767,34.5937],[-86.5794,34.5894],[-86.5804,34.5957],[-86.5858,34.5957],[-86.586,34.5847]]]},"properties":{"geoid":"01020","state":"01","district":"20","name":"State House District 20","chamber":"House"}},{"type":"Feature","geometry":{"type":"Polygon","coordinates":[[[-86.6429,34.8764],[-86.6427,34.8604],[-86.6329,34.8554],[-86.5714,34.8619],[-86.5715,34.8293],[-86.5537,34.8292],[-86.5523,34.7925],[-86.5548,34.78],[-86.5615,34.78],[-86.5644,34.7708],[-86.5814,34.7528],[-86.5852,34.7332],[-86.5964,34.7299],[-86.5961,34.7253],[-86.5926,34.7201],[-86.5736,34.7195],[-86.577,34.7163],[-86.5699,34.7052],[-86.5439,34.7051],[-86.5449,34.6983],[-86.5349,34.6979],[-86.5337,34.7113],[-86.545,34.7123],[-86.543,34.7224],[-86.5557,34.7266],[-86.5566,34.7394],[-86.535,34.7524],[-86.5293,34.7476],[-86.5255,34.7555],[-86.51,34.7521],[-86.5099,34.7555],[-86.4953,34.7557],[-86.501,34.7626],[-86.5006,34.7711],[-86.4921,34.7711],[-86.4925,34.7809],[-86.4831,34.785],[-86.4845,34.7934],[-86.4723,34.8053],[-86.4815,34.8198],[-86.474,34.8256],[-86.4892,34.8211],[-86.4996,34.8312],[-86.5,34.8807],[-86.518,34.8808],[-86.5182,34.8955],[-86.527,34.8955],[-86.5271,34.9028],[-86.5539,34.9027],[-86.5541,34.9321],[-86.5318,34.9323],[-86.5225,34.9377],[-86.5402,34.9375],[-86.554,34.959],[-86.5473,34.9639],[-86.5434,34.9771],[-86.5283,34.9813],[-86.5225,34.9907],[-86.6414,34.9917],[-86.6421,34.9328],[-86.6334,34.9327],[-86.6331,34.9137],[-86.6339,34.8808],[-86.6423,34.8808],[-86.6429,34.8764]]]},"properties":{"geoid":"01021","state":"01","district":"21","name":"State House District 21","chamber":"House"}},{"type":"Feature","geometry":{"type":"Polygon","coordinates":[[[-86.5541,34.9321],[-86.5539,34.9027],[-86.5271,34.9028],[-86.527,34.8955],[-86.5182,34.8955],[-86.518,34.8808],[-86.5,34.8807],[-86.4996,34.8312],[-86.4892,34.8211],[-86.4737,34.8246],[-86.4815,34.8198],[-86.4729,34.802],[-86.4845,34.7934],[-86.4831,34.785],[-86.49,34.7853],[-86.4921,34.7711],[-86.5006,34.7711],[-86.501,34.7626],[-86.4952,34.7559],[-86.5012,34.7546],[-86.5013,34.7483],[-86.4925,34.7482],[-86.4925,34.7445],[-86.5013,34.7447],[-86.5015,34.7264],[-86.4895,34.7191],[-86.4835,34.7226],[-86.4792,34.7154],[-86.4481,34.7189],[-86.4348,34.7079],[-86.4181,34.7115],[-86.4137,34.7057],[-86.4288,34.6915],[-86.4308,34.6827],[-86.4252,34.6801],[-86.4374,34.6657],[-86.4393,34.6543],[-86.4559,34.6609],[-86.4987,34.6604],[-86.5148,34.6569],[-86.5188,34.6505],[-86.5128,34.6403],[-86.5172,34.6404],[-86.5165,34.6312],[-86.5118,34.6311],[-86.5119,34.62],[-86.5071,34.6199],[-86.5075,34.5911],[-86.5029,34.5923],[-86.4951,34.5812],[-86.4957,34.5646],[-86.5139,34.5649],[-86.514,34.5576],[-86.5287,34.5568],[-86.5182,34.5254],[-86.5233,34.5267],[-86.5259,34.5184],[-86.5335,34.5157],[-86.5385,34.5211],[-86.5288,34.5029],[-86.5317,34.5013],[-86.5,34.4823],[-86.4689,34.4756],[-86.4529,34.4841],[-86.424,34.4795],[-86.4122,34.4943],[-86.3891,34.4997],[-86.3867,34.5076],[-86.3921,34.5079],[-86.3908,34.5201],[-86.3874,34.5169],[-86.381,34.5205],[-86.3692,34.5137],[-86.3553,34.5235],[-86.3345,34.5094],[-86.3245,34.5291],[-86.311,34.5395],[-86.313,34.5503],[-86.3066,34.561],[-86.3298,34.5656],[-86.3316,34.573],[-86.2997,34.5802],[-86.3073,34.5825],[-86.3035,34.5934],[-86.327,34.5997],[-86.237,34.6],[-86.2305,34.6069],[-86.2327,34.6166],[-86.2115,34.6353],[-86.2127,34.6557],[-86.2215,34.6648],[-86.2283,34.6638],[-86.225,34.668],[-86.2302,34.6875],[-86.2352,34.6769],[-86.247,34.69],[-86.2546,34.6792],[-86.2574,34.6634],[-86.2694,34.6731],[-86.2818,34.6733],[-86.2851,34.6599],[-86.2932,34.6699],[-86.3057,34.658],[-86.3021,34.6709],[-86.2891,34.6751],[-86.2933,34.6812],[-86.2775,34.6768],[-86.2659,34.6835],[-86.2702,34.6848],[-86.268,34.6983],[-86.2864,34.7091],[-86.2709,34.708],[-86.2756,34.7164],[-86.2716,34.724],[-86.2512,34.7245],[-86.239,34.7315],[-86.2284,34.7455],[-86.221,34.7453],[-86.2196,34.7516],[-86.1829,34.7598],[-86.1749,34.7662],[-86.171,34.7795],[-86.1945,34.7923],[-86.2027,34.8119],[-86.2509,34.8117],[-86.2546,34.8385],[-86.2664,34.8439],[-86.2438,34.8524],[-86.2673,34.885],[-86.2693,34.904],[-86.2778,34.9068],[-86.2873,34.9217],[-86.2804,34.9394],[-86.2722,34.9241],[-86.2569,34.9265],[-86.2592,34.9454],[-86.287,34.9577],[-86.2894,34.9686],[-86.2952,34.9672],[-86.3127,34.9755],[-86.309,34.9822],[-86.3113,34.9911],[-86.5231,34.9906],[-86.5283,34.9813],[-86.5434,34.9771],[-86.5473,34.9639],[-86.5541,34.9587],[-86.5402,34.9375],[-86.5225,34.9377],[-86.5318,34.9323],[-86.5541,34.9321]]]},"properties":{"geoid":"01022","state":"01","district":"22","name":"State House District 22","chamber":"House"}},{"type":"Feature","geometry":{"type":"MultiPolygon","coordinates":[[[[-86.313,34.9758],[-86.2952,34.9672],[-86.2894,34.9686],[-86.287,34.9577],[-86.2592,34.9454],[-86.2569,34.9265],[-86.2722,34.9241],[-86.2804,34.9394],[-86.2873,34.9217],[-86.2778,34.9068],[-86.2693,34.904],[-86.2673,34.885],[-86.2438,34.8524],[-86.2664,34.8439],[-86.2546,34.8385],[-86.2509,34.8117],[-86.2027,34.8119],[-86.1945,34.7923],[-86.171,34.7795],[-86.1749,34.7662],[-86.1829,34.7598],[-86.2196,34.7516],[-86.221,34.7453],[-86.2284,34.7455],[-86.239,34.7315],[-86.2512,34.7245],[-86.2716,34.724],[-86.2756,34.7164],[-86.2709,34.708],[-86.2864,34.7091],[-86.268,34.6983],[-86.2703,34.6858],[-86.2665,34.6822],[-86.2775,34.6768],[-86.2933,34.6812],[-86.2891,34.6751],[-86.2996,34.6733],[-86.3063,34.6591],[-86.3021,34.6578],[-86.3007,34.6658],[-86.2932,34.6699],[-86.2851,34.6599],[-86.2818,34.6733],[-86.2694,34.6731],[-86.2574,34.6634],[-86.2546,34.6792],[-86.247,34.69],[-86.2352,34.6769],[-86.2302,34.6875],[-86.225,34.668],[-86.2283,34.6638],[-86.2215,34.6648],[-86.2127,34.6557],[-86.2115,34.6355],[-86.2327,34.6166],[-86.2305,34.6069],[-86.237,34.6],[-86.1485,34.5991],[-86.1494,34.5497],[-86.1551,34.5502],[-86.1433,34.5412],[-86.1441,34.5343],[-86.1498,34.5336],[-86.1398,34.5333],[-86.1478,34.5209],[-86.1277,34.5339],[-86.1196,34.5245],[-86.1098,34.5286],[-86.109,34.5199],[-86.0949,34.5196],[-86.0999,34.5154],[-86.0957,34.5135],[-86.1046,34.5069],[-86.0999,34.5042],[-86.0957,34.488],[-86.0877,34.4818],[-86.0897,34.4683],[-86.0834,34.4646],[-86.0583,34.4759],[-86.0394,34.4769],[-86.0348,34.4734],[-86.0214,34.4817],[-86.0038,34.48],[-85.9842,34.4865],[-85.9842,34.4909],[-85.9612,34.5006],[-85.9385,34.5254],[-85.7855,34.6246],[-85.693,34.7442],[-85.6734,34.7449],[-85.6602,34.755],[-85.6345,34.7981],[-85.6269,34.8321],[-85.6179,34.834],[-85.601,34.847],[-85.6022,34.8514],[-85.5831,34.8604],[-85.6052,34.9847],[-86.3113,34.9911],[-86.309,34.9822],[-86.313,34.9758]]],[[[-86.1543,34.5303],[-86.1498,34.5302],[-86.1498,34.5336],[-86.1543,34.5303]]]]},"properties":{"geoid":"01023","state":"01","district":"23","name":"State House District 23","chamber":"House"}},{"type":"Feature","geometry":{"type":"Polygon","coordinates":[[[-85.9873,34.4205],[-85.965,34.4039],[-85.93,34.3526],[-85.9215,34.3144],[-85.9269,34.3031],[-85.9208,34.3008],[-85.9243,34.2889],[-85.9112,34.2894],[-85.8789,34.275],[-85.8523,34.3137],[-85.8029,34.369],[-85.7754,34.4109],[-85.7752,34.3907],[-85.7106,34.3913],[-85.6928,34.3751],[-85.6928,34.3687],[-85.6853,34.3694],[-85.6722,34.3518],[-85.6642,34.3619],[-85.6478,34.364],[-85.6455,34.3695],[-85.6366,34.3666],[-85.6286,34.3729],[-85.6299,34.3809],[-85.6202,34.3872],[-85.6273,34.3971],[-85.6155,34.3939],[-85.6111,34.4062],[-85.5992,34.4157],[-85.6007,34.4209],[-85.5894,34.4242],[-85.5905,34.4291],[-85.5797,34.4397],[-85.5839,34.458],[-85.5782,34.4615],[-85.5811,34.4691],[-85.5702,34.4686],[-85.5768,34.4844],[-85.56,34.4903],[-85.5592,34.5024],[-85.5444,34.5001],[-85.5342,34.5136],[-85.523,34.5168],[-85.5237,34.5248],[-85.5136,34.5238],[-85.5831,34.8604],[-85.6022,34.8514],[-85.601,34.847],[-85.6179,34.834],[-85.6269,34.8321],[-85.6345,34.7981],[-85.6602,34.755],[-85.6734,34.7449],[-85.693,34.7442],[-85.7855,34.6246],[-85.9385,34.5254],[-85.9623,34.4998],[-85.9846,34.4906],[-85.9662,34.4829],[-85.9658,34.4786],[-85.987,34.438],[-85.9873,34.4205]]]},"properties":{"geoid":"01024","state":"01","district":"24","name":"State House District 24","chamber":"House"}},{"type":"Feature","geometry":{"type":"Polygon","coordinates":[[[-86.8186,34.7306],[-86.7864,34.729],[-86.7862,34.7419],[-86.7763,34.743],[-86.7719,34.7331],[-86.7678,34.7338],[-86.7681,34.7212],[-86.7506,34.7184],[-86.7509,34.7068],[-86.7332,34.7025],[-86.7293,34.7065],[-86.7066,34.7084],[-86.7071,34.6946],[-86.6532,34.7172],[-86.6563,34.7254],[-86.6529,34.7371],[-86.7143,34.7553],[-86.7142,34.7626],[-86.6876,34.7645],[-86.6871,34.8043],[-86.6985,34.8156],[-86.7135,34.8157],[-86.7141,34.7865],[-86.7316,34.7866],[-86.7317,34.7793],[-86.7492,34.7794],[-86.7492,34.7939],[-86.7716,34.7945],[-86.7718,34.7728],[-86.7859,34.7728],[-86.791,34.7602],[-86.8016,34.7621],[-86.8053,34.7536],[-86.8115,34.7543],[-86.8186,34.7306]]]},"properties":{"geoid":"01025","state":"01","district":"25","name":"State House District 25","chamber":"House"}},{"type":"Feature","geometry":{"type":"Polygon","coordinates":[[[-86.4169,34.2149],[-86.3035,34.0991],[-86.1935,34.1817],[-86.1747,34.1827],[-86.1672,34.1875],[-86.1056,34.1862],[-86.1086,34.3151],[-86.1272,34.3159],[-86.1278,34.3204],[-86.1573,34.3281],[-86.172,34.3231],[-86.1731,34.3287],[-86.1831,34.3269],[-86.1878,34.341],[-86.1974,34.3419],[-86.1974,34.3527],[-86.2153,34.355],[-86.2221,34.3676],[-86.237,34.3632],[-86.2335,34.3673],[-86.2409,34.371],[-86.2409,34.3759],[-86.2661,34.3712],[-86.2661,34.3656],[-86.2486,34.3702],[-86.2503,34.3661],[-86.2661,34.3642],[-86.2665,34.3521],[-86.2507,34.3525],[-86.2507,34.3454],[-86.2748,34.3414],[-86.2749,34.3378],[-86.2606,34.3412],[-86.2425,34.3381],[-86.2422,34.3309],[-86.2939,34.3307],[-86.2902,34.3274],[-86.3012,34.3232],[-86.3013,34.3125],[-86.2961,34.3091],[-86.2877,34.3125],[-86.2881,34.3055],[-86.2827,34.3036],[-86.2837,34.3099],[-86.2769,34.3099],[-86.2782,34.3047],[-86.2672,34.3067],[-86.2661,34.2978],[-86.275,34.3031],[-86.2743,34.2976],[-86.2787,34.2973],[-86.2824,34.2987],[-86.2805,34.3026],[-86.2883,34.3049],[-86.2899,34.3016],[-86.2926,34.3053],[-86.2867,34.2946],[-86.2984,34.2946],[-86.2965,34.2884],[-86.3027,34.2779],[-86.3081,34.2794],[-86.3226,34.2715],[-86.3238,34.2582],[-86.2841,34.2581],[-86.2693,34.2205],[-86.2797,34.213],[-86.2932,34.2233],[-86.2937,34.2202],[-86.302,34.2229],[-86.3062,34.2165],[-86.3115,34.2211],[-86.3211,34.2197],[-86.3255,34.2134],[-86.3412,34.2196],[-86.3608,34.2094],[-86.3674,34.2202],[-86.38,34.2226],[-86.394,34.2111],[-86.4093,34.2205],[-86.4169,34.2149]]]},"properties":{"geoid":"01026","state":"01","district":"26","name":"State House District 26","chamber":"House"}},{"type":"Feature","geometry":{"type":"Polygon","coordinates":[[[-86.5818,34.3093],[-86.5819,34.3047],[-86.4775,34.3028],[-86.477,34.2894],[-86.4594,34.2891],[-86.4596,34.2746],[-86.4511,34.2745],[-86.4563,34.2634],[-86.4441,34.2591],[-86.4451,34.2495],[-86.4169,34.2149],[-86.4093,34.2205],[-86.394,34.2111],[-86.38,34.2226],[-86.3674,34.2202],[-86.3608,34.2094],[-86.3412,34.2196],[-86.3255,34.2134],[-86.3211,34.2197],[-86.3115,34.2211],[-86.3062,34.2165],[-86.302,34.2229],[-86.2954,34.2235],[-86.2797,34.213],[-86.2693,34.2205],[-86.2841,34.2581],[-86.3238,34.2582],[-86.3228,34.2709],[-86.3081,34.2794],[-86.3027,34.2779],[-86.2965,34.2884],[-86.2984,34.2946],[-86.2867,34.2946],[-86.2926,34.3053],[-86.2899,34.3016],[-86.2883,34.3049],[-86.2805,34.3026],[-86.2824,34.2987],[-86.2787,34.2973],[-86.2743,34.2976],[-86.275,34.3031],[-86.2661,34.2978],[-86.2672,34.3067],[-86.2782,34.3047],[-86.2769,34.3099],[-86.2837,34.3099],[-86.2827,34.3036],[-86.2881,34.3055],[-86.2877,34.3125],[-86.2961,34.3091],[-86.3013,34.3125],[-86.3012,34.3232],[-86.2902,34.3274],[-86.2939,34.3307],[-86.2422,34.3309],[-86.2425,34.3381],[-86.2606,34.3412],[-86.2749,34.3378],[-86.2748,34.3414],[-86.2507,34.3454],[-86.2507,34.3525],[-86.2665,34.3521],[-86.2661,34.3642],[-86.2503,34.3661],[-86.2486,34.3702],[-86.2661,34.3656],[-86.2661,34.3712],[-86.2409,34.3759],[-86.2409,34.371],[-86.2335,34.3673],[-86.237,34.3632],[-86.2221,34.3676],[-86.2153,34.355],[-86.1974,34.3527],[-86.1974,34.3419],[-86.1878,34.341],[-86.1831,34.3269],[-86.1731,34.3287],[-86.172,34.3231],[-86.1573,34.3281],[-86.1278,34.3204],[-86.1272,34.3159],[-86.1086,34.3151],[-86.11,34.3929],[-86.1188,34.393],[-86.1189,34.4038],[-86.11,34.4039],[-86.1104,34.4278],[-86.0577,34.476],[-86.0744,34.4667],[-86.0891,34.4675],[-86.0877,34.4818],[-86.0957,34.488],[-86.0999,34.5042],[-86.1046,34.5069],[-86.0947,34.5194],[-86.1098,34.5203],[-86.111,34.5293],[-86.1196,34.5245],[-86.1283,34.5338],[-86.1478,34.5209],[-86.1398,34.5333],[-86.1543,34.5301],[-86.1542,34.5338],[-86.1441,34.5343],[-86.1433,34.5412],[-86.1551,34.5502],[-86.1494,34.5497],[-86.1485,34.5991],[-86.327,34.5997],[-86.3035,34.5934],[-86.3073,34.5825],[-86.2997,34.5802],[-86.3316,34.573],[-86.3298,34.5656],[-86.3066,34.5611],[-86.313,34.5503],[-86.311,34.5395],[-86.333,34.5183],[-86.3299,34.513],[-86.3376,34.5097],[-86.3553,34.5235],[-86.3692,34.5137],[-86.381,34.5205],[-86.3874,34.5169],[-86.3911,34.52],[-86.3921,34.5079],[-86.3867,34.5076],[-86.3891,34.4997],[-86.4122,34.4943],[-86.4246,34.4793],[-86.4529,34.4841],[-86.4689,34.4756],[-86.5015,34.483],[-86.5334,34.5028],[-86.5502,34.546],[-86.5813,34.3711],[-86.5818,34.3093]]]},"properties":{"geoid":"01027","state":"01","district":"27","name":"State House District 27","chamber":"House"}},{"type":"Feature","geometry":{"type":"Polygon","coordinates":[[[-86.2899,33.9841],[-86.2744,33.9886],[-86.2678,33.9753],[-86.2516,33.9656],[-86.2302,33.9828],[-86.1988,33.9888],[-86.1898,33.9835],[-86.1922,33.9731],[-86.168,33.9651],[-86.167,33.9285],[-86.1476,33.9191],[-86.1427,33.8994],[-86.1352,33.8965],[-86.1294,33.9027],[-86.1087,33.9021],[-86.0451,33.9318],[-86.0276,33.9435],[-86.0396,33.9536],[-86.0349,33.9601],[-86.0348,33.9518],[-86.0259,33.9462],[-86.0131,33.9596],[-86.0087,33.9573],[-86.0089,33.9684],[-86.0049,33.9672],[-86.0002,33.9751],[-85.9943,33.972],[-85.996,33.9678],[-85.9873,33.968],[-86.0009,33.976],[-86.0169,33.9719],[-86.005,33.9779],[-86.005,33.9829],[-85.9896,33.9821],[-85.9951,33.9757],[-85.9816,33.9724],[-85.9718,33.9631],[-85.9671,33.9694],[-85.9784,33.9753],[-85.9599,33.9715],[-85.9533,33.9757],[-85.9522,33.9648],[-85.9449,33.9648],[-85.9447,33.9712],[-85.9368,33.9649],[-85.9348,33.9798],[-85.9443,33.981],[-85.9426,33.9954],[-85.9255,33.9804],[-85.9211,33.9834],[-85.9302,34.0001],[-85.923,34.0117],[-85.9253,34.0154],[-85.9456,34.0158],[-85.9562,34.0108],[-85.9526,34.0063],[-85.9607,34.0064],[-85.9601,34.0096],[-85.9777,34.0171],[-85.9779,34.0245],[-85.9569,34.0246],[-85.9535,34.0609],[-85.9579,34.0635],[-85.9622,34.0537],[-85.971,34.0535],[-85.9795,34.046],[-85.9879,34.0282],[-86.001,34.0283],[-85.9975,34.0326],[-86.0053,34.029],[-85.9969,34.0397],[-86.0259,34.0287],[-86.0288,34.0349],[-86.0493,34.0474],[-86.0902,34.0332],[-86.0829,34.0452],[-86.0859,34.0481],[-86.1111,34.0335],[-86.1114,34.05],[-86.1229,34.0648],[-86.117,34.0718],[-86.1241,34.0707],[-86.1111,34.0845],[-86.1886,34.0417],[-86.262,34.0136],[-86.2823,33.9969],[-86.2899,33.9841]]]},"properties":{"geoid":"01028","state":"01","district":"28","name":"State House District 28","chamber":"House"}},{"type":"Feature","geometry":{"type":"Polygon","coordinates":[[[-86.1458,34.1871],[-86.128,34.1491],[-86.1222,34.1556],[-86.1041,34.1503],[-86.0787,34.117],[-86.1236,34.0735],[-86.1241,34.07],[-86.117,34.0718],[-86.1229,34.0648],[-86.1114,34.05],[-86.1111,34.0335],[-86.0859,34.0481],[-86.0829,34.0452],[-86.0902,34.0332],[-86.0493,34.0474],[-86.0288,34.0349],[-86.0259,34.0287],[-85.9969,34.0397],[-86.0053,34.029],[-85.9975,34.0326],[-86.001,34.0283],[-85.9879,34.0282],[-85.9795,34.046],[-85.971,34.0535],[-85.9622,34.0537],[-85.9579,34.0635],[-85.9535,34.0609],[-85.9569,34.0246],[-85.9779,34.0245],[-85.9777,34.0171],[-85.9601,34.0096],[-85.9607,34.0064],[-85.9526,34.0063],[-85.9562,34.0108],[-85.9456,34.0158],[-85.9253,34.0154],[-85.923,34.0117],[-85.9302,34.0001],[-85.9217,33.9806],[-85.8998,33.975],[-85.8996,33.9648],[-85.9053,33.9641],[-85.9052,33.9601],[-85.8991,33.9596],[-85.9084,33.9577],[-85.8998,33.954],[-85.8996,33.9064],[-85.9343,33.9064],[-85.9345,33.921],[-85.9518,33.9209],[-85.9518,33.9136],[-85.9692,33.9146],[-85.9692,33.8929],[-85.9865,33.8937],[-85.9864,33.8792],[-85.995,33.8796],[-85.9952,33.8649],[-86.0215,33.8661],[-86.0213,33.8515],[-86.0488,33.8527],[-86.0491,33.8416],[-86.0664,33.8411],[-86.0517,33.8271],[-86.0651,33.8037],[-86.0449,33.7719],[-86.0416,33.723],[-86.0367,33.7287],[-86.0207,33.7186],[-86.0129,33.7468],[-86.0087,33.7469],[-86.0087,33.7558],[-86.0045,33.7578],[-85.9918,33.7576],[-85.9915,33.754],[-85.9229,33.7537],[-85.9225,33.7506],[-85.8946,33.7605],[-85.8873,33.7505],[-85.8541,33.7541],[-85.8471,33.7611],[-85.8478,33.7862],[-85.8401,33.7877],[-85.8608,33.8169],[-85.8469,33.819],[-85.847,33.8254],[-85.8344,33.8202],[-85.8362,33.8355],[-85.8483,33.8451],[-85.8198,33.8712],[-85.8135,33.8881],[-85.8081,33.8916],[-85.807,33.8835],[-85.7947,33.8704],[-85.788,33.8689],[-85.7852,33.8626],[-85.7781,33.8651],[-85.7819,33.8575],[-85.7695,33.8545],[-85.758,33.8645],[-85.7586,33.8531],[-85.7415,33.8622],[-85.719,33.8625],[-85.7106,33.855],[-85.6995,33.8635],[-85.6619,33.8771],[-85.6675,33.8865],[-85.6627,33.8981],[-85.6584,33.9016],[-85.6541,33.8942],[-85.6452,33.894],[-85.6424,33.9027],[-85.6365,33.8974],[-85.6364,33.9048],[-85.6322,33.9047],[-85.6351,33.909],[-85.6274,33.9181],[-85.6262,33.9074],[-85.619,33.9117],[-85.6191,33.9044],[-85.6067,33.9007],[-85.5971,33.8897],[-85.5325,33.8892],[-85.5294,33.956],[-85.739,33.9685],[-85.7371,33.9892],[-85.7969,34.0995],[-85.791,34.1251],[-85.7971,34.1287],[-85.8097,34.1257],[-85.8332,34.1099],[-85.8414,34.1107],[-85.8436,34.2],[-86.1061,34.2008],[-86.1056,34.1862],[-86.1458,34.1871]]]},"properties":{"geoid":"01029","state":"01","district":"29","name":"State House District 29","chamber":"House"}},{"type":"Feature","geometry":{"type":"Polygon","coordinates":[[[-86.3969,33.7853],[-86.388,33.7741],[-86.3689,33.7774],[-86.3786,33.7608],[-86.3712,33.7596],[-86.3662,33.7521],[-86.3732,33.7495],[-86.374,33.7397],[-86.3802,33.7368],[-86.3571,33.7266],[-86.3723,33.7066],[-86.3697,33.7014],[-86.3589,33.7044],[-86.3593,33.7004],[-86.3509,33.6969],[-86.3211,33.7342],[-86.2871,33.749],[-86.277,33.7578],[-86.2756,33.7526],[-86.2893,33.7223],[-86.2802,33.697],[-86.2817,33.6787],[-86.3021,33.6706],[-86.3245,33.6358],[-86.3019,33.6327],[-86.301,33.6449],[-86.2774,33.6464],[-86.2619,33.6582],[-86.2428,33.6482],[-86.2229,33.6513],[-86.2127,33.66],[-86.203,33.6557],[-86.1791,33.6563],[-86.1724,33.6598],[-86.1743,33.6623],[-86.2037,33.6797],[-86.205,33.6895],[-86.2006,33.6947],[-86.1788,33.6982],[-86.1692,33.6763],[-86.1525,33.6725],[-86.1454,33.6794],[-86.1458,33.7043],[-86.1374,33.7154],[-86.1211,33.7112],[-86.1166,33.7238],[-86.0992,33.7364],[-86.0816,33.743],[-86.0604,33.761],[-86.0441,33.7634],[-86.0487,33.7787],[-86.0644,33.7978],[-86.0648,33.8096],[-86.0514,33.8252],[-86.0658,33.8419],[-86.0491,33.8416],[-86.0488,33.8527],[-86.0213,33.8515],[-86.0215,33.8661],[-85.9952,33.8649],[-85.995,33.8796],[-85.9864,33.8792],[-85.9865,33.8937],[-85.9692,33.8929],[-85.9692,33.9146],[-85.9518,33.9136],[-85.9518,33.9209],[-85.9345,33.921],[-85.9343,33.9064],[-85.8996,33.9064],[-85.8998,33.954],[-85.9084,33.9577],[-85.8991,33.9596],[-85.9052,33.9601],[-85.9053,33.9641],[-85.8996,33.9648],[-85.8998,33.975],[-85.9255,33.9804],[-85.9426,33.9954],[-85.9443,33.981],[-85.9348,33.9798],[-85.9368,33.9649],[-85.9447,33.9712],[-85.9449,33.9648],[-85.9522,33.9648],[-85.9533,33.9757],[-85.9599,33.9715],[-85.9784,33.9753],[-85.9671,33.9694],[-85.9718,33.9631],[-85.9816,33.9724],[-85.9951,33.9757],[-85.9896,33.9821],[-86.005,33.9829],[-86.005,33.9779],[-86.0169,33.9719],[-86.0009,33.976],[-85.9873,33.968],[-85.996,33.9678],[-85.9943,33.972],[-86.0002,33.9751],[-86.0049,33.9672],[-86.0089,33.9684],[-86.0087,33.9573],[-86.0131,33.9596],[-86.0259,33.9462],[-86.0348,33.9518],[-86.0349,33.9601],[-86.0396,33.9536],[-86.0276,33.9435],[-86.0451,33.9318],[-86.1087,33.9021],[-86.1294,33.9027],[-86.1352,33.8965],[-86.1427,33.8994],[-86.1476,33.9191],[-86.167,33.9285],[-86.168,33.9651],[-86.1922,33.9731],[-86.1898,33.9835],[-86.1988,33.9888],[-86.2302,33.9828],[-86.2516,33.9656],[-86.2678,33.9753],[-86.2744,33.9886],[-86.29,33.9837],[-86.2823,33.9969],[-86.262,34.0136],[-86.1886,34.0417],[-86.1344,34.0706],[-86.1044,34.0883],[-86.0789,34.1143],[-86.1041,34.1503],[-86.1222,34.1556],[-86.128,34.1491],[-86.1459,34.1871],[-86.1935,34.1817],[-86.3034,34.0992],[-86.3227,34.0723],[-86.3324,34.0465],[-86.3337,33.9821],[-86.3416,33.9773],[-86.3393,33.9715],[-86.3514,33.9603],[-86.35,33.9564],[-86.3702,33.9398],[-86.3256,33.9401],[-86.3276,33.9371],[-86.3222,33.9324],[-86.3479,33.9122],[-86.348,33.9014],[-86.3393,33.8949],[-86.3425,33.8867],[-86.3663,33.8726],[-86.3821,33.8554],[-86.3792,33.8363],[-86.3858,33.8242],[-86.3714,33.8007],[-86.3969,33.7853]]]},"properties":{"geoid":"01030","state":"01","district":"30","name":"State House District 30","chamber":"House"}},{"type":"Feature","geometry":{"type":"Polygon","coordinates":[[[-86.4133,32.7506],[-86.411,32.5432],[-86.395,32.5445],[-86.391,32.5688],[-86.3814,32.5686],[-86.382,32.5763],[-86.3533,32.5748],[-86.3544,32.5705],[-86.346,32.5634],[-86.3535,32.5364],[-86.341,32.5345],[-86.3373,32.5184],[-86.3514,32.5031],[-86.352,32.4908],[-86.3445,32.4962],[-86.3435,32.4821],[-86.3285,32.4819],[-86.3281,32.4751],[-86.3212,32.4752],[-86.3262,32.4679],[-86.3077,32.4683],[-86.3119,32.4901],[-86.3054,32.4888],[-86.2903,32.4726],[-86.2786,32.4858],[-86.2609,32.4872],[-86.2669,32.5047],[-86.2538,32.5066],[-86.258,32.522],[-86.214,32.5269],[-86.2029,32.5435],[-86.1903,32.5521],[-86.1905,32.5675],[-86.1971,32.5698],[-86.2013,32.5804],[-86.1874,32.5939],[-86.1859,32.6157],[-86.1728,32.6233],[-86.1562,32.6219],[-86.1674,32.5908],[-86.1542,32.5797],[-86.1218,32.5907],[-86.1058,32.6167],[-86.0894,32.6287],[-86.0938,32.6168],[-86.0888,32.6063],[-86.0953,32.6001],[-86.0883,32.5805],[-86.1011,32.5739],[-86.0991,32.553],[-86.0778,32.5479],[-86.0749,32.553],[-86.0791,32.5612],[-86.0637,32.5634],[-86.0497,32.5559],[-86.0426,32.5414],[-86.0223,32.5347],[-85.9992,32.5575],[-86.0024,32.5797],[-85.9706,32.5773],[-85.9704,32.5706],[-85.9483,32.5367],[-85.9607,32.5368],[-85.9529,32.523],[-85.9525,32.5096],[-85.9419,32.5051],[-85.9371,32.4941],[-85.9456,32.4885],[-85.9549,32.4712],[-85.9663,32.4649],[-85.9692,32.4523],[-85.9606,32.4421],[-85.9444,32.4443],[-85.93,32.4543],[-85.8931,32.4473],[-85.8803,32.4494],[-85.8822,32.455],[-85.8745,32.4729],[-85.8526,32.4757],[-85.8554,32.4804],[-85.8739,32.4836],[-85.8904,32.5001],[-85.8853,32.5454],[-85.8946,32.6147],[-85.8877,32.6476],[-85.9117,32.6778],[-85.9075,32.6993],[-85.8913,32.715],[-85.8934,32.7277],[-85.8803,32.74],[-85.8799,32.7545],[-85.9549,32.7548],[-85.9556,32.7691],[-85.9728,32.7692],[-85.9722,32.7549],[-86.3195,32.7537],[-86.3192,32.7678],[-86.3356,32.7681],[-86.3368,32.7538],[-86.4133,32.7506]]]},"properties":{"geoid":"01031","state":"01","district":"31","name":"State House District 31","chamber":"House"}},{"type":"Feature","geometry":{"type":"Polygon","coordinates":[[[-86.379,33.3899],[-86.3529,33.3725],[-86.3411,33.3546],[-86.3449,33.3485],[-86.3622,33.3469],[-86.3681,33.3417],[-86.3642,33.3288],[-86.3675,33.3184],[-86.361,33.3072],[-86.336,33.3063],[-86.3359,33.2992],[-86.3269,33.2988],[-86.327,33.2941],[-86.3189,33.3003],[-86.3216,33.2922],[-86.2504,33.3134],[-86.2349,33.3253],[-86.2382,33.3488],[-86.2996,33.3347],[-86.2894,33.3458],[-86.2754,33.3476],[-86.2705,33.3604],[-86.2614,33.3631],[-86.2681,33.3655],[-86.2593,33.4227],[-86.2666,33.4226],[-86.268,33.4352],[-86.2529,33.44],[-86.2445,33.4506],[-86.1967,33.4606],[-86.1941,33.4436],[-86.1835,33.4349],[-86.2128,33.4299],[-86.221,33.4161],[-86.197,33.4015],[-86.2347,33.3704],[-86.2129,33.3513],[-86.1521,33.356],[-86.1479,33.353],[-86.1479,33.3618],[-86.1412,33.3706],[-86.1457,33.3698],[-86.143,33.3774],[-86.1549,33.3783],[-86.1506,33.3887],[-86.1422,33.3975],[-86.1377,33.3991],[-86.1363,33.3941],[-86.1323,33.4086],[-86.1098,33.4332],[-86.0703,33.4462],[-86.0787,33.4484],[-86.0848,33.4571],[-86.0748,33.4577],[-86.0717,33.4658],[-86.0785,33.4664],[-86.0786,33.4617],[-86.0902,33.4566],[-86.1057,33.455],[-86.1028,33.4601],[-86.1063,33.4624],[-86.118,33.4587],[-86.1166,33.4762],[-86.11,33.4715],[-86.1037,33.4969],[-86.0744,33.5141],[-86.0431,33.5136],[-86.0414,33.5177],[-86.0411,33.5339],[-86.0463,33.5417],[-86.0415,33.5445],[-86.0528,33.5379],[-86.0628,33.546],[-86.0644,33.5393],[-86.0702,33.5411],[-86.0766,33.5533],[-86.0815,33.5423],[-86.0948,33.5481],[-86.1082,33.5881],[-86.0844,33.5864],[-86.0831,33.5804],[-86.0773,33.5802],[-86.081,33.5857],[-86.0393,33.5848],[-86.0411,33.6038],[-86.0339,33.6039],[-86.0348,33.6097],[-86.0218,33.6077],[-86.0267,33.6231],[-85.9913,33.6226],[-85.99,33.6187],[-85.9295,33.6253],[-85.9022,33.6514],[-85.8572,33.6569],[-85.862,33.6513],[-85.8392,33.6295],[-85.865,33.6168],[-85.8821,33.5998],[-85.8784,33.5969],[-85.8689,33.6023],[-85.8645,33.6118],[-85.852,33.6155],[-85.8481,33.6118],[-85.8554,33.6052],[-85.8388,33.6082],[-85.8446,33.602],[-85.8383,33.5987],[-85.8286,33.6075],[-85.8279,33.6233],[-85.821,33.6295],[-85.823,33.6259],[-85.8164,33.6273],[-85.8164,33.6232],[-85.8101,33.6218],[-85.8089,33.6303],[-85.816,33.6342],[-85.8093,33.6406],[-85.8162,33.6409],[-85.8096,33.6515],[-85.8233,33.65],[-85.8218,33.6644],[-85.818,33.6645],[-85.8172,33.6571],[-85.7603,33.6583],[-85.7601,33.7375],[-85.7742,33.7355],[-85.7821,33.7286],[-85.7779,33.7225],[-85.7837,33.7173],[-85.8079,33.7268],[-85.7948,33.7348],[-85.7898,33.7502],[-85.8038,33.7493],[-85.8037,33.7419],[-85.8212,33.742],[-85.8296,33.7355],[-85.8475,33.7388],[-85.838,33.7313],[-85.8216,33.7283],[-85.824,33.7013],[-85.8324,33.6987],[-85.827,33.6973],[-85.8341,33.69],[-85.8586,33.7063],[-85.8731,33.7055],[-85.8817,33.6944],[-85.8826,33.699],[-85.91,33.6837],[-85.9236,33.6894],[-86.0133,33.6887],[-86.0496,33.6735],[-86.0796,33.6758],[-86.1008,33.6327],[-86.1173,33.6195],[-86.1174,33.634],[-86.1262,33.6346],[-86.126,33.6293],[-86.1303,33.6294],[-86.1369,33.6362],[-86.1459,33.6344],[-86.1561,33.6221],[-86.1579,33.6124],[-86.153,33.6109],[-86.1621,33.6048],[-86.1266,33.6038],[-86.1261,33.5959],[-86.1347,33.5916],[-86.1239,33.5908],[-86.138,33.5914],[-86.1413,33.5844],[-86.1345,33.5833],[-86.1393,33.5782],[-86.1674,33.5725],[-86.1739,33.5661],[-86.1709,33.557],[-86.1806,33.562],[-86.1847,33.5538],[-86.1927,33.5531],[-86.1918,33.5419],[-86.2266,33.5205],[-86.2342,33.4951],[-86.2588,33.4896],[-86.2656,33.4964],[-86.2645,33.5136],[-86.2806,33.511],[-86.2868,33.5033],[-86.2868,33.488],[-86.2978,33.4795],[-86.305,33.4571],[-86.3243,33.4432],[-86.3459,33.411],[-86.3644,33.4062],[-86.379,33.3899]]]},"properties":{"geoid":"01032","state":"01","district":"32","name":"State House District 32","chamber":"House"}},{"type":"Feature","geometry":{"type":"Polygon","coordinates":[[[-86.5223,33.0044],[-86.5105,32.9836],[-86.5182,32.9705],[-86.516,32.9294],[-86.5058,32.9133],[-86.4905,32.9056],[-86.4787,32.8727],[-86.4582,32.8683],[-86.4485,32.8586],[-86.4476,32.8511],[-86.4607,32.8335],[-86.457,32.8139],[-86.4425,32.8125],[-86.4438,32.8045],[-86.4287,32.7923],[-86.4134,32.7882],[-86.4059,32.773],[-86.388,32.7575],[-86.3368,32.7538],[-86.3356,32.7681],[-86.3192,32.7678],[-86.3195,32.7537],[-86.0072,32.755],[-86.0071,32.7964],[-85.9997,32.8015],[-86.0071,32.8022],[-86.0076,32.8129],[-86.0135,32.8198],[-86.0075,32.8251],[-86.0139,32.8264],[-86.0076,32.8278],[-86.0093,33.1046],[-86.1744,33.1044],[-86.1728,33.1957],[-86.1206,33.1945],[-86.1182,33.2963],[-85.9803,33.2942],[-85.9765,33.3819],[-85.9527,33.3816],[-85.9535,33.3864],[-85.9734,33.4061],[-85.9803,33.4061],[-85.9825,33.4111],[-85.9781,33.4144],[-85.9962,33.417],[-86.0085,33.4155],[-86.0117,33.4042],[-86.0446,33.4043],[-86.0534,33.4088],[-86.0534,33.4048],[-86.062,33.4049],[-86.0643,33.3963],[-86.0738,33.3963],[-86.0715,33.4002],[-86.0758,33.4006],[-86.0758,33.3963],[-86.0834,33.3963],[-86.0835,33.4014],[-86.0884,33.4014],[-86.0885,33.3965],[-86.1149,33.3989],[-86.1176,33.3909],[-86.1303,33.3953],[-86.1261,33.4001],[-86.1311,33.4054],[-86.1363,33.3941],[-86.1377,33.3991],[-86.1422,33.3975],[-86.1506,33.3887],[-86.1549,33.3783],[-86.1421,33.3764],[-86.1479,33.353],[-86.1521,33.356],[-86.2129,33.3513],[-86.2347,33.3704],[-86.197,33.4015],[-86.221,33.4161],[-86.2128,33.4299],[-86.1835,33.4349],[-86.1941,33.4436],[-86.1967,33.4606],[-86.2445,33.4506],[-86.2529,33.44],[-86.268,33.4352],[-86.2666,33.4226],[-86.2593,33.4227],[-86.2681,33.3655],[-86.2614,33.3631],[-86.2705,33.3604],[-86.2754,33.3476],[-86.2894,33.3458],[-86.2996,33.3347],[-86.2382,33.3488],[-86.2349,33.3253],[-86.2504,33.3134],[-86.3216,33.2922],[-86.3189,33.3003],[-86.327,33.2941],[-86.3269,33.2988],[-86.3359,33.2992],[-86.336,33.3063],[-86.361,33.3072],[-86.3583,33.2945],[-86.3962,33.2744],[-86.4103,33.2729],[-86.4335,33.2826],[-86.4251,33.2574],[-86.4355,33.242],[-86.458,33.2414],[-86.4664,33.2262],[-86.462,33.2],[-86.4701,33.1959],[-86.4893,33.2007],[-86.5031,33.1791],[-86.5027,33.174],[-86.4877,33.167],[-86.4818,33.1455],[-86.4638,33.1338],[-86.4599,33.1251],[-86.4841,33.1132],[-86.4935,33.0992],[-86.5111,33.0884],[-86.506,33.0677],[-86.5205,33.056],[-86.5166,33.0232],[-86.5223,33.0044]]]},"properties":{"geoid":"01033","state":"01","district":"33","name":"State House District 33","chamber":"House"}},{"type":"Feature","geometry":{"type":"Polygon","coordinates":[[[-86.9634,33.8582],[-86.963,33.8449],[-86.9543,33.8449],[-86.9537,33.8153],[-86.9365,33.8153],[-86.8839,33.8432],[-86.7591,33.8406],[-86.6453,33.773],[-86.6478,33.7659],[-86.639,33.7658],[-86.6392,33.7694],[-86.633,33.7657],[-86.5778,33.7653],[-86.5775,33.802],[-86.5218,33.8019],[-86.5119,33.811],[-86.505,33.8086],[-86.4453,33.826],[-86.4302,33.8195],[-86.3962,33.8437],[-86.3911,33.8533],[-86.366,33.8729],[-86.3457,33.883],[-86.3392,33.8937],[-86.348,33.9014],[-86.3479,33.9122],[-86.3223,33.9335],[-86.3276,33.9371],[-86.3256,33.9401],[-86.3702,33.9398],[-86.35,33.9564],[-86.3514,33.9603],[-86.3393,33.9715],[-86.3416,33.9773],[-86.3337,33.9821],[-86.3324,34.0378],[-86.3429,34.0528],[-86.355,34.0577],[-86.3688,34.0806],[-86.3832,34.0834],[-86.3809,34.0944],[-86.389,34.0967],[-86.3958,34.1081],[-86.4248,34.105],[-86.4316,34.0978],[-86.4392,34.1008],[-86.4454,34.0872],[-86.4541,34.0991],[-86.4593,34.0981],[-86.4619,34.0856],[-86.4901,34.0783],[-86.4944,34.0679],[-86.4823,34.0724],[-86.4837,34.0494],[-86.4672,34.0544],[-86.4623,34.049],[-86.4634,34.0386],[-86.4499,34.0378],[-86.45,34.0249],[-86.4672,34.0168],[-86.4487,34.0076],[-86.4471,33.9889],[-86.4486,33.9853],[-86.4641,33.9838],[-86.4641,33.9766],[-86.4985,33.9766],[-86.4987,33.9251],[-86.533,33.9177],[-86.538,33.9251],[-86.548,33.9224],[-86.5652,33.933],[-86.5574,33.9418],[-86.5677,33.9429],[-86.5688,33.9473],[-86.5436,33.9618],[-86.5505,33.9654],[-86.5496,33.9713],[-86.5725,33.9729],[-86.5744,33.9786],[-86.5679,33.986],[-86.5491,33.9912],[-86.5411,34.0044],[-86.5249,34.0151],[-86.5409,34.0198],[-86.5323,34.0292],[-86.5204,34.0345],[-86.5045,34.0292],[-86.4945,34.0445],[-86.5054,34.0473],[-86.5133,34.0558],[-86.5236,34.0421],[-86.5297,34.0493],[-86.5436,34.0487],[-86.5388,34.0525],[-86.5444,34.0582],[-86.5528,34.0526],[-86.5531,34.0403],[-86.5612,34.0251],[-86.5704,34.0326],[-86.5688,34.0192],[-86.5743,34.0244],[-86.5857,34.0222],[-86.5839,34.0123],[-86.5909,34.0127],[-86.5923,34.0056],[-86.5976,34.004],[-86.6064,34.0115],[-86.6101,34.0242],[-86.6057,34.0352],[-86.6249,34.034],[-86.6394,34.021],[-86.6704,34.0204],[-86.6758,34.0411],[-86.7262,34.0091],[-86.7425,34.0094],[-86.7418,33.9988],[-86.7613,33.9955],[-86.7573,33.9904],[-86.7625,33.985],[-86.7628,33.9754],[-86.7755,33.9729],[-86.7725,33.9656],[-86.7827,33.9692],[-86.792,33.9633],[-86.7877,33.9579],[-86.7918,33.9525],[-86.8207,33.9576],[-86.8241,33.9527],[-86.82,33.9415],[-86.8352,33.9505],[-86.8414,33.9493],[-86.86,33.9351],[-86.8596,33.9291],[-86.877,33.9363],[-86.8858,33.9338],[-86.8832,33.9242],[-86.8868,33.9168],[-86.9085,33.9127],[-86.9167,33.9156],[-86.9253,33.9081],[-86.9274,33.8984],[-86.9211,33.8947],[-86.9199,33.884],[-86.9243,33.877],[-86.9202,33.8727],[-86.9421,33.8666],[-86.9518,33.8715],[-86.9478,33.8617],[-86.9624,33.8677],[-86.9593,33.8586],[-86.9634,33.8582]]]},"properties":{"geoid":"01034","state":"01","district":"34","name":"State House District 34","chamber":"House"}},{"type":"Feature","geometry":{"type":"Polygon","coordinates":[[[-86.1744,33.105],[-86.0093,33.1046],[-86.0092,33.0903],[-85.9746,33.0905],[-85.9747,33.1053],[-85.6537,33.1066],[-85.6531,33.2121],[-85.6488,33.212],[-85.6483,33.2265],[-85.6527,33.2266],[-85.6505,33.3062],[-85.6414,33.306],[-85.6412,33.317],[-85.6455,33.3206],[-85.6411,33.3239],[-85.6499,33.3242],[-85.6435,33.4959],[-85.7654,33.4986],[-85.7656,33.4835],[-85.7827,33.4836],[-85.7827,33.4693],[-85.8878,33.4694],[-85.8877,33.4768],[-85.8701,33.4768],[-85.8693,33.4916],[-85.8524,33.4916],[-85.8519,33.4987],[-85.7969,33.5418],[-85.7946,33.5856],[-85.8756,33.586],[-85.8387,33.6061],[-85.8554,33.6052],[-85.8481,33.6118],[-85.8577,33.6154],[-85.8652,33.6112],[-85.8689,33.6023],[-85.8784,33.5969],[-85.8821,33.5998],[-85.865,33.6168],[-85.8392,33.6295],[-85.862,33.6513],[-85.8572,33.6569],[-85.9022,33.6514],[-85.9295,33.6253],[-85.99,33.6187],[-85.9913,33.6226],[-86.0267,33.6231],[-86.0218,33.6077],[-86.0348,33.6097],[-86.0339,33.6039],[-86.0411,33.6038],[-86.0393,33.5848],[-86.081,33.5857],[-86.0773,33.5802],[-86.0831,33.5804],[-86.0844,33.5864],[-86.1082,33.5881],[-86.0948,33.5481],[-86.0815,33.5423],[-86.0766,33.5533],[-86.0702,33.5411],[-86.0644,33.5393],[-86.0628,33.546],[-86.0528,33.5379],[-86.0415,33.5445],[-86.0463,33.5417],[-86.0411,33.5339],[-86.0414,33.5178],[-86.0431,33.5136],[-86.0744,33.5141],[-86.1037,33.4969],[-86.11,33.4715],[-86.1166,33.4762],[-86.118,33.4587],[-86.1063,33.4624],[-86.1028,33.4601],[-86.1057,33.455],[-86.0902,33.4566],[-86.0786,33.4617],[-86.0785,33.4664],[-86.0717,33.4658],[-86.0748,33.4577],[-86.0848,33.4571],[-86.0787,33.4484],[-86.0703,33.4462],[-86.1098,33.4332],[-86.1323,33.4086],[-86.1261,33.4001],[-86.1303,33.3953],[-86.1174,33.3909],[-86.1149,33.3989],[-86.0885,33.3965],[-86.0884,33.4014],[-86.0835,33.4014],[-86.0834,33.3963],[-86.0758,33.3963],[-86.0758,33.4006],[-86.0715,33.4002],[-86.0738,33.3963],[-86.0643,33.3963],[-86.062,33.4049],[-86.0534,33.4048],[-86.0534,33.4088],[-86.0446,33.4043],[-86.0119,33.4042],[-86.0087,33.4153],[-85.9966,33.4171],[-85.9781,33.4144],[-85.9825,33.4111],[-85.9803,33.4061],[-85.9735,33.4062],[-85.9613,33.3965],[-85.9527,33.3816],[-85.9765,33.3819],[-85.9803,33.2942],[-86.1182,33.2963],[-86.1206,33.1945],[-86.1728,33.1957],[-86.1744,33.105]]]},"properties":{"geoid":"01035","state":"01","district":"35","name":"State House District 35","chamber":"House"}},{"type":"Feature","geometry":{"type":"Polygon","coordinates":[[[-86.394,33.5805],[-86.3899,33.5754],[-86.3918,33.5682],[-86.3758,33.5424],[-86.3418,33.5682],[-86.3077,33.5728],[-86.3076,33.5656],[-86.322,33.5627],[-86.3261,33.5469],[-86.3391,33.5384],[-86.3367,33.5301],[-86.3234,33.5218],[-86.3242,33.5146],[-86.338,33.5185],[-86.3205,33.5074],[-86.3184,33.483],[-86.3243,33.4678],[-86.3186,33.461],[-86.311,33.4606],[-86.3106,33.4526],[-86.3041,33.4582],[-86.297,33.4808],[-86.2868,33.488],[-86.2868,33.5033],[-86.2806,33.511],[-86.2645,33.5136],[-86.2656,33.4964],[-86.2588,33.4896],[-86.2342,33.4951],[-86.2266,33.5205],[-86.1918,33.5419],[-86.1927,33.5531],[-86.1847,33.5538],[-86.1806,33.562],[-86.1709,33.557],[-86.1739,33.5661],[-86.1674,33.5725],[-86.1393,33.5782],[-86.1345,33.5833],[-86.1413,33.5844],[-86.138,33.5914],[-86.1239,33.5908],[-86.1347,33.5916],[-86.1261,33.5959],[-86.1266,33.6038],[-86.1621,33.6048],[-86.153,33.6109],[-86.1579,33.6124],[-86.1561,33.6221],[-86.1459,33.6344],[-86.1369,33.6362],[-86.1303,33.6294],[-86.126,33.6293],[-86.1262,33.6346],[-86.1174,33.634],[-86.1173,33.6195],[-86.1008,33.6327],[-86.0796,33.6758],[-86.0496,33.6735],[-86.0133,33.6887],[-85.9236,33.6894],[-85.91,33.6837],[-85.8826,33.699],[-85.8817,33.6944],[-85.8731,33.7055],[-85.8586,33.7063],[-85.8341,33.69],[-85.827,33.6973],[-85.8324,33.6987],[-85.824,33.7013],[-85.8216,33.7283],[-85.838,33.7313],[-85.8475,33.7388],[-85.8296,33.7355],[-85.8212,33.742],[-85.8037,33.7419],[-85.8038,33.7493],[-85.7921,33.7509],[-85.7945,33.7352],[-85.8079,33.7268],[-85.7897,33.7186],[-85.7783,33.7209],[-85.7821,33.7286],[-85.7739,33.7357],[-85.7601,33.7375],[-85.7603,33.6583],[-85.8172,33.6571],[-85.818,33.6645],[-85.8218,33.6644],[-85.8203,33.6561],[-85.825,33.6523],[-85.8096,33.6515],[-85.8162,33.6409],[-85.8093,33.6406],[-85.816,33.6342],[-85.8089,33.6303],[-85.8077,33.6162],[-85.786,33.6156],[-85.7515,33.6291],[-85.7595,33.63],[-85.7646,33.645],[-85.743,33.6506],[-85.7193,33.6496],[-85.7056,33.6604],[-85.7133,33.6664],[-85.715,33.6777],[-85.7262,33.6753],[-85.7222,33.7518],[-85.7316,33.7551],[-85.734,33.7707],[-85.7614,33.782],[-85.7707,33.778],[-85.7883,33.7812],[-85.79,33.7956],[-85.8167,33.7787],[-85.8471,33.7729],[-85.8472,33.7608],[-85.8684,33.75],[-85.8873,33.7505],[-85.8946,33.7605],[-85.9225,33.7506],[-85.9229,33.7537],[-85.9915,33.754],[-85.9918,33.7576],[-86.0045,33.7578],[-86.0087,33.7558],[-86.0087,33.7469],[-86.0129,33.7468],[-86.013,33.7357],[-86.0212,33.7185],[-86.0367,33.7287],[-86.0379,33.7231],[-86.0432,33.7242],[-86.0433,33.7621],[-86.0583,33.7617],[-86.0816,33.743],[-86.1154,33.7249],[-86.1211,33.7112],[-86.1348,33.7161],[-86.1413,33.7119],[-86.1462,33.7022],[-86.1442,33.6831],[-86.1525,33.6725],[-86.1692,33.6763],[-86.1788,33.6982],[-86.2006,33.6947],[-86.205,33.6895],[-86.2037,33.6797],[-86.1743,33.6623],[-86.1724,33.6598],[-86.1791,33.6563],[-86.203,33.6557],[-86.2127,33.66],[-86.2229,33.6513],[-86.2426,33.6482],[-86.2619,33.6582],[-86.2681,33.657],[-86.2774,33.6464],[-86.3007,33.6451],[-86.3006,33.6333],[-86.3097,33.6313],[-86.3446,33.645],[-86.3546,33.6439],[-86.3543,33.6336],[-86.3484,33.6271],[-86.3504,33.6117],[-86.3168,33.6181],[-86.317,33.6051],[-86.3244,33.5989],[-86.3555,33.5945],[-86.3601,33.5915],[-86.3546,33.5884],[-86.3571,33.5843],[-86.3875,33.5854],[-86.394,33.5805]]]},"properties":{"geoid":"01036","state":"01","district":"36","name":"State House District 36","chamber":"House"}},{"type":"Feature","geometry":{"type":"Polygon","coordinates":[[[-85.6539,33.1213],[-85.6537,33.1066],[-85.5932,33.1073],[-85.5932,32.7285],[-85.5768,32.7288],[-85.5768,32.7364],[-85.5681,32.7365],[-85.5681,32.729],[-85.5317,32.7269],[-85.5243,32.7176],[-85.5424,32.7144],[-85.5081,32.6924],[-85.5069,32.6624],[-85.473,32.6648],[-85.4411,32.6505],[-85.426,32.6517],[-85.41,32.642],[-85.4077,32.6486],[-85.3835,32.6484],[-85.3645,32.6662],[-85.3369,32.6638],[-85.3408,32.6428],[-85.3529,32.6436],[-85.3723,32.6319],[-85.3714,32.6235],[-85.3379,32.6001],[-85.3374,32.6149],[-85.313,32.6128],[-85.2924,32.6213],[-85.2979,32.6244],[-85.2932,32.6303],[-85.3024,32.6523],[-85.3134,32.6599],[-85.2942,32.6692],[-85.2932,32.7307],[-85.3771,32.7303],[-85.3749,32.7481],[-85.3794,32.7793],[-85.3984,32.8429],[-85.3972,32.8562],[-85.3868,32.854],[-85.3761,32.8574],[-85.3776,32.8612],[-85.359,32.8582],[-85.3367,32.8643],[-85.3176,32.9012],[-85.3019,32.8998],[-85.2754,32.9092],[-85.2581,32.907],[-85.2513,32.8991],[-85.2391,32.9037],[-85.226,32.9001],[-85.2202,32.9044],[-85.1965,32.9019],[-85.2042,32.8864],[-85.187,32.8816],[-85.3044,33.4829],[-85.3477,33.5014],[-85.3545,33.4992],[-85.3526,33.4924],[-85.6435,33.4959],[-85.6499,33.3242],[-85.6411,33.3239],[-85.6455,33.3206],[-85.6412,33.317],[-85.6414,33.306],[-85.6505,33.3062],[-85.6527,33.2266],[-85.6483,33.2265],[-85.6488,33.212],[-85.6531,33.2121],[-85.6539,33.1213]]]},"properties":{"geoid":"01037","state":"01","district":"37","name":"State House District 37","chamber":"House"}},{"type":"Feature","geometry":{"type":"Polygon","coordinates":[[[-85.3982,32.8445],[-85.3794,32.7793],[-85.3749,32.7481],[-85.3771,32.7303],[-85.2932,32.7307],[-85.2942,32.6692],[-85.3134,32.6599],[-85.3024,32.6523],[-85.2932,32.6303],[-85.2979,32.6244],[-85.2924,32.6213],[-85.313,32.6128],[-85.3374,32.6149],[-85.3372,32.6001],[-85.3549,32.6119],[-85.3579,32.595],[-85.364,32.6141],[-85.3714,32.6141],[-85.3708,32.5682],[-85.3094,32.5535],[-85.2983,32.5403],[-85.3108,32.5381],[-85.3116,32.5293],[-85.3197,32.5202],[-85.3142,32.5115],[-85.3119,32.4689],[-85.1385,32.4713],[-85.1405,32.4756],[-85.1317,32.4944],[-85.1353,32.5005],[-85.0993,32.5192],[-85.1184,32.5257],[-85.1411,32.5422],[-85.1577,32.5466],[-85.1587,32.5674],[-85.1646,32.5719],[-85.1715,32.57],[-85.1751,32.5823],[-85.1515,32.577],[-85.1444,32.5816],[-85.114,32.5845],[-85.118,32.5975],[-85.0803,32.6036],[-85.0822,32.6163],[-85.0909,32.6251],[-85.0831,32.6362],[-85.1001,32.6346],[-85.1053,32.6435],[-85.0885,32.6578],[-85.0935,32.6697],[-85.1126,32.6834],[-85.117,32.692],[-85.1227,32.716],[-85.1133,32.7358],[-85.1331,32.7446],[-85.1429,32.7595],[-85.137,32.7709],[-85.1223,32.7744],[-85.1397,32.7852],[-85.1422,32.7921],[-85.153,32.795],[-85.1684,32.8128],[-85.1648,32.8198],[-85.168,32.8292],[-85.1539,32.841],[-85.1563,32.8505],[-85.1619,32.8564],[-85.1701,32.8525],[-85.1829,32.859],[-85.187,32.8816],[-85.2042,32.8864],[-85.1965,32.9019],[-85.2202,32.9044],[-85.226,32.9001],[-85.2391,32.9037],[-85.2513,32.8991],[-85.2581,32.907],[-85.2723,32.9095],[-85.3019,32.8998],[-85.3172,32.9014],[-85.3282,32.8865],[-85.3359,32.8648],[-85.359,32.8582],[-85.3776,32.8612],[-85.3761,32.8574],[-85.3868,32.854],[-85.3972,32.8562],[-85.3982,32.8445]]]},"properties":{"geoid":"01038","state":"01","district":"38","name":"State House District 38","chamber":"House"}},{"type":"Feature","geometry":{"type":"Polygon","coordinates":[[[-86.1189,34.4001],[-86.1188,34.393],[-86.11,34.3929],[-86.1061,34.2008],[-85.8436,34.2],[-85.8414,34.1107],[-85.8332,34.1099],[-85.8097,34.1257],[-85.7971,34.1287],[-85.791,34.1251],[-85.7969,34.0995],[-85.7371,33.9892],[-85.739,33.9685],[-85.5294,33.956],[-85.5301,33.9414],[-85.4958,33.9424],[-85.4953,33.9569],[-85.4256,33.9571],[-85.4254,33.9606],[-85.3988,33.9641],[-85.4705,34.3282],[-85.5141,34.5245],[-85.5245,34.5242],[-85.523,34.5168],[-85.5342,34.5136],[-85.5444,34.5001],[-85.5592,34.5024],[-85.56,34.4903],[-85.5768,34.4844],[-85.5702,34.4686],[-85.5811,34.4691],[-85.5782,34.4615],[-85.5839,34.458],[-85.5797,34.4397],[-85.5905,34.4291],[-85.5894,34.4242],[-85.6007,34.4209],[-85.5992,34.4157],[-85.6111,34.4062],[-85.6155,34.3939],[-85.6273,34.3971],[-85.6202,34.3872],[-85.6299,34.3809],[-85.6286,34.3729],[-85.6361,34.3669],[-85.6455,34.3695],[-85.6478,34.364],[-85.6628,34.3626],[-85.6722,34.3518],[-85.6853,34.3694],[-85.6928,34.3687],[-85.6928,34.3751],[-85.7106,34.3913],[-85.7752,34.3907],[-85.7754,34.4109],[-85.8029,34.369],[-85.8523,34.3137],[-85.8789,34.275],[-85.9112,34.2894],[-85.9243,34.2889],[-85.9208,34.3008],[-85.9269,34.3031],[-85.9215,34.3144],[-85.93,34.3526],[-85.965,34.4039],[-85.9867,34.4175],[-85.987,34.438],[-85.9662,34.4829],[-85.9893,34.4869],[-86.0038,34.48],[-86.0214,34.4817],[-86.0348,34.4734],[-86.0577,34.476],[-86.1104,34.4278],[-86.11,34.4039],[-86.1189,34.4038],[-86.1189,34.4001]]]},"properties":{"geoid":"01039","state":"01","district":"39","name":"State House District 39","chamber":"House"}},{"type":"Feature","geometry":{"type":"Polygon","coordinates":[[[-85.8877,33.4739],[-85.8878,33.4694],[-85.7827,33.4693],[-85.7827,33.4836],[-85.7656,33.4835],[-85.7654,33.4986],[-85.3526,33.4924],[-85.3545,33.4992],[-85.3477,33.5014],[-85.3044,33.4829],[-85.3988,33.9641],[-85.4254,33.9606],[-85.4256,33.9571],[-85.4953,33.9569],[-85.4958,33.9424],[-85.5301,33.9414],[-85.5325,33.8892],[-85.5971,33.8897],[-85.6067,33.9007],[-85.6191,33.9044],[-85.619,33.9117],[-85.6262,33.9074],[-85.6274,33.9181],[-85.6351,33.909],[-85.6322,33.9047],[-85.6364,33.9048],[-85.6365,33.8974],[-85.6424,33.9027],[-85.6452,33.894],[-85.6541,33.8942],[-85.6584,33.9016],[-85.6627,33.8981],[-85.6675,33.8865],[-85.6609,33.8776],[-85.6995,33.8635],[-85.7106,33.855],[-85.719,33.8625],[-85.7415,33.8622],[-85.7586,33.8531],[-85.7589,33.8646],[-85.7659,33.8561],[-85.775,33.8536],[-85.7819,33.8575],[-85.7781,33.8651],[-85.7852,33.8626],[-85.807,33.8835],[-85.8074,33.8917],[-85.8131,33.8887],[-85.8198,33.8712],[-85.8483,33.8451],[-85.8362,33.8355],[-85.8344,33.8202],[-85.847,33.8254],[-85.8469,33.819],[-85.8608,33.8169],[-85.8401,33.7877],[-85.8478,33.7862],[-85.8471,33.7729],[-85.8167,33.7787],[-85.79,33.7956],[-85.7899,33.7832],[-85.7844,33.7788],[-85.7614,33.782],[-85.734,33.7707],[-85.7316,33.7551],[-85.7222,33.7518],[-85.7262,33.6753],[-85.715,33.6777],[-85.7133,33.6664],[-85.7056,33.6604],[-85.7193,33.6496],[-85.743,33.6506],[-85.7646,33.645],[-85.7595,33.63],[-85.7515,33.6291],[-85.786,33.6156],[-85.8077,33.6162],[-85.8164,33.6273],[-85.823,33.6259],[-85.821,33.6295],[-85.8279,33.6233],[-85.8274,33.6107],[-85.8322,33.6034],[-85.8397,33.5983],[-85.8446,33.602],[-85.8756,33.586],[-85.7946,33.5856],[-85.7969,33.5418],[-85.8519,33.4987],[-85.8524,33.4916],[-85.8693,33.4916],[-85.8701,33.4768],[-85.8877,33.4739]]]},"properties":{"geoid":"01040","state":"01","district":"40","name":"State House District 40","chamber":"House"}},{"type":"Feature","geometry":{"type":"Polygon","coordinates":[[[-86.8173,33.0786],[-86.8023,33.0688],[-86.61,33.07],[-86.6091,33.0664],[-86.6187,33.0603],[-86.6164,33.0539],[-86.6017,33.0543],[-86.5983,33.0462],[-86.5675,33.0274],[-86.564,33.0199],[-86.5505,33.0188],[-86.5369,33.0244],[-86.5173,33.0206],[-86.5205,33.056],[-86.506,33.0677],[-86.5111,33.0884],[-86.4935,33.0992],[-86.4841,33.1132],[-86.4599,33.1251],[-86.4638,33.1338],[-86.4818,33.1455],[-86.4877,33.167],[-86.5027,33.174],[-86.5016,33.1822],[-86.4893,33.2007],[-86.4701,33.1959],[-86.462,33.2],[-86.4664,33.2262],[-86.458,33.2414],[-86.4355,33.242],[-86.4251,33.2574],[-86.4335,33.2826],[-86.4045,33.2727],[-86.3583,33.2945],[-86.3675,33.3184],[-86.3642,33.3288],[-86.3681,33.3417],[-86.3412,33.3518],[-86.3529,33.3725],[-86.3788,33.3881],[-86.3782,33.5024],[-86.4132,33.5024],[-86.4145,33.4936],[-86.4176,33.4957],[-86.4215,33.4871],[-86.4352,33.4824],[-86.4613,33.4567],[-86.4777,33.463],[-86.4984,33.4596],[-86.5008,33.4477],[-86.5301,33.4318],[-86.5286,33.4233],[-86.5686,33.3956],[-86.5783,33.3768],[-86.5767,33.3713],[-86.595,33.3538],[-86.6321,33.3482],[-86.6302,33.34],[-86.6377,33.3339],[-86.6406,33.3231],[-86.6721,33.3024],[-86.6572,33.2841],[-86.6646,33.2808],[-86.687,33.2837],[-86.7022,33.272],[-86.7021,33.266],[-86.7115,33.2591],[-86.7078,33.255],[-86.7167,33.2464],[-86.7379,33.2511],[-86.7537,33.2483],[-86.7739,33.2353],[-86.7731,33.2281],[-86.7787,33.2258],[-86.7855,33.2115],[-86.7985,33.2179],[-86.8009,33.2142],[-86.7878,33.1989],[-86.7769,33.1659],[-86.8018,33.1696],[-86.8008,33.1477],[-86.8094,33.1485],[-86.8097,33.1297],[-86.7996,33.1229],[-86.8096,33.1158],[-86.8131,33.1033],[-86.8067,33.0931],[-86.8147,33.0926],[-86.8173,33.0786]]]},"properties":{"geoid":"01041","state":"01","district":"41","name":"State House District 41","chamber":"House"}},{"type":"Feature","geometry":{"type":"Polygon","coordinates":[[[-87.0192,32.837],[-87.0177,32.6633],[-86.7715,32.6607],[-86.7627,32.6465],[-86.7388,32.6283],[-86.7347,32.6194],[-86.7178,32.6101],[-86.6821,32.5736],[-86.6801,32.5936],[-86.6673,32.6081],[-86.6595,32.5997],[-86.5633,32.6027],[-86.5478,32.612],[-86.5519,32.574],[-86.541,32.532],[-86.5334,32.5234],[-86.5229,32.5189],[-86.5115,32.5302],[-86.513,32.5403],[-86.4781,32.5415],[-86.4638,32.5326],[-86.451,32.5428],[-86.4402,32.5222],[-86.412,32.4917],[-86.4133,32.7506],[-86.3711,32.7506],[-86.3967,32.7629],[-86.4134,32.7882],[-86.4287,32.7923],[-86.4438,32.8045],[-86.4425,32.8125],[-86.457,32.8139],[-86.4607,32.8335],[-86.4476,32.8511],[-86.4485,32.8586],[-86.4582,32.8683],[-86.4787,32.8727],[-86.4905,32.9056],[-86.5058,32.9133],[-86.5163,32.9302],[-86.5182,32.9705],[-86.5105,32.9836],[-86.5221,33.0033],[-86.5173,33.0206],[-86.5369,33.0244],[-86.5505,33.0188],[-86.564,33.0199],[-86.5675,33.0274],[-86.5983,33.0462],[-86.6017,33.0543],[-86.6164,33.0539],[-86.6187,33.0603],[-86.6091,33.0664],[-86.61,33.07],[-86.7303,33.0693],[-86.7257,33.0395],[-86.7173,33.0216],[-86.7385,33.0184],[-86.7455,33.0228],[-86.7562,33.0147],[-86.7627,33.0164],[-86.7573,32.9963],[-86.7773,33.0015],[-86.7758,32.9914],[-86.7928,32.9849],[-86.7853,32.976],[-86.7888,32.9655],[-86.7813,32.9592],[-86.7844,32.9566],[-86.7802,32.9456],[-86.8065,32.9371],[-86.7911,32.9238],[-86.795,32.9218],[-86.7859,32.918],[-86.7912,32.9113],[-86.7873,32.9007],[-86.7914,32.891],[-86.8139,32.9],[-86.8222,32.8936],[-86.8483,32.8925],[-86.8616,32.9051],[-86.8762,32.9019],[-86.8761,32.8363],[-87.0192,32.837]]]},"properties":{"geoid":"01042","state":"01","district":"42","name":"State House District 42","chamber":"House"}},{"type":"Feature","geometry":{"type":"Polygon","coordinates":[[[-86.8603,33.3158],[-86.8549,33.3139],[-86.86,33.3079],[-86.8528,33.299],[-86.8264,33.2965],[-86.8199,33.3203],[-86.8085,33.3373],[-86.7797,33.3541],[-86.7829,33.3147],[-86.7785,33.3156],[-86.7787,33.3049],[-86.77,33.3047],[-86.7744,33.2975],[-86.7529,33.2968],[-86.7485,33.3116],[-86.7314,33.3144],[-86.7179,33.3287],[-86.7044,33.3282],[-86.6715,33.3486],[-86.6741,33.3512],[-86.6678,33.3608],[-86.6613,33.3574],[-86.6658,33.3764],[-86.6612,33.3733],[-86.6514,33.3779],[-86.6456,33.3839],[-86.647,33.3879],[-86.6527,33.3833],[-86.6477,33.3938],[-86.6681,33.3884],[-86.6633,33.4011],[-86.6658,33.4149],[-86.6945,33.4202],[-86.6886,33.4322],[-86.7006,33.4411],[-86.7004,33.4303],[-86.7177,33.4308],[-86.7179,33.4162],[-86.7523,33.4172],[-86.7524,33.399],[-86.7612,33.3956],[-86.761,33.3883],[-86.7784,33.3887],[-86.7786,33.3669],[-86.8044,33.3675],[-86.8046,33.3634],[-86.8134,33.3605],[-86.8304,33.3608],[-86.8307,33.3318],[-86.8392,33.3322],[-86.8603,33.3158]]]},"properties":{"geoid":"01043","state":"01","district":"43","name":"State House District 43","chamber":"House"}},{"type":"Feature","geometry":{"type":"Polygon","coordinates":[[[-86.6907,33.6822],[-86.6876,33.6755],[-86.674,33.6785],[-86.6783,33.6731],[-86.6597,33.6729],[-86.6654,33.667],[-86.6631,33.6607],[-86.6564,33.6585],[-86.661,33.6555],[-86.6586,33.6493],[-86.6477,33.6452],[-86.65,33.6419],[-86.6419,33.6337],[-86.6498,33.6201],[-86.6378,33.6201],[-86.6378,33.6268],[-86.6303,33.627],[-86.652,33.599],[-86.6384,33.5689],[-86.6234,33.5699],[-86.6172,33.5637],[-86.6058,33.5705],[-86.5805,33.5638],[-86.5715,33.5555],[-86.552,33.561],[-86.5513,33.62],[-86.5428,33.6198],[-86.5428,33.6344],[-86.5337,33.6344],[-86.5339,33.6488],[-86.5251,33.6487],[-86.5251,33.7212],[-86.5339,33.7212],[-86.5338,33.7355],[-86.5426,33.7356],[-86.5428,33.7652],[-86.6059,33.7652],[-86.6027,33.7453],[-86.6147,33.7364],[-86.622,33.7222],[-86.6324,33.7227],[-86.6442,33.7103],[-86.6598,33.7139],[-86.6742,33.6935],[-86.6853,33.6903],[-86.6907,33.6822]]]},"properties":{"geoid":"01044","state":"01","district":"44","name":"State House District 44","chamber":"House"}},{"type":"Feature","geometry":{"type":"Polygon","coordinates":[[[-86.7443,33.2827],[-86.7365,33.2819],[-86.7309,33.2755],[-86.7339,33.2685],[-86.7195,33.2637],[-86.7219,33.2604],[-86.7022,33.2659],[-86.7022,33.2721],[-86.687,33.2837],[-86.6646,33.2808],[-86.6572,33.2841],[-86.6721,33.3024],[-86.6406,33.3231],[-86.6377,33.3339],[-86.6302,33.34],[-86.6321,33.3482],[-86.595,33.3538],[-86.5767,33.3713],[-86.5783,33.3768],[-86.5686,33.3956],[-86.5286,33.4233],[-86.5301,33.4318],[-86.5008,33.4477],[-86.4984,33.4596],[-86.4777,33.463],[-86.4613,33.4567],[-86.4352,33.4824],[-86.4215,33.4871],[-86.4176,33.4957],[-86.4145,33.4936],[-86.4132,33.5024],[-86.4469,33.5024],[-86.4491,33.5058],[-86.4418,33.5097],[-86.4415,33.519],[-86.4312,33.5276],[-86.448,33.5364],[-86.4339,33.5483],[-86.4319,33.5615],[-86.4222,33.5658],[-86.4172,33.5931],[-86.4559,33.5791],[-86.5617,33.561],[-86.5715,33.5555],[-86.5847,33.5656],[-86.607,33.5707],[-86.6087,33.5653],[-86.6043,33.5617],[-86.6087,33.5616],[-86.6087,33.5546],[-86.6217,33.5556],[-86.6239,33.5471],[-86.6684,33.546],[-86.6983,33.5335],[-86.6946,33.5319],[-86.7034,33.518],[-86.7007,33.5154],[-86.693,33.5228],[-86.6917,33.5105],[-86.6882,33.5104],[-86.7083,33.4891],[-86.6982,33.4887],[-86.6989,33.4924],[-86.6917,33.4921],[-86.6869,33.4994],[-86.6782,33.4994],[-86.674,33.5043],[-86.6726,33.5004],[-86.6566,33.4974],[-86.6567,33.5033],[-86.6504,33.5069],[-86.6513,33.4996],[-86.6358,33.4871],[-86.6349,33.4814],[-86.6288,33.4807],[-86.6465,33.4668],[-86.5989,33.4648],[-86.6201,33.4498],[-86.6419,33.4224],[-86.6578,33.4179],[-86.641,33.4335],[-86.6451,33.437],[-86.661,33.4272],[-86.6669,33.4164],[-86.6633,33.4014],[-86.6681,33.3884],[-86.6496,33.3946],[-86.6527,33.3833],[-86.647,33.3879],[-86.6456,33.3839],[-86.6612,33.3733],[-86.6658,33.3764],[-86.6613,33.3574],[-86.6678,33.3608],[-86.6741,33.3512],[-86.6715,33.3486],[-86.7044,33.3282],[-86.7223,33.3251],[-86.7199,33.3153],[-86.7057,33.3174],[-86.7023,33.313],[-86.7443,33.2827]]]},"properties":{"geoid":"01045","state":"01","district":"45","name":"State House District 45","chamber":"House"}},{"type":"Feature","geometry":{"type":"Polygon","coordinates":[[[-86.8758,33.3539],[-86.8674,33.3496],[-86.8201,33.3785],[-86.8277,33.3763],[-86.8213,33.3831],[-86.8325,33.3876],[-86.8324,33.3991],[-86.8449,33.4017],[-86.8395,33.4034],[-86.8433,33.412],[-86.8392,33.419],[-86.8276,33.4224],[-86.8214,33.4179],[-86.8215,33.4395],[-86.808,33.4403],[-86.8102,33.4439],[-86.7918,33.4601],[-86.7717,33.4613],[-86.7703,33.4665],[-86.7597,33.4697],[-86.7567,33.4624],[-86.7418,33.4765],[-86.7512,33.4787],[-86.7488,33.4841],[-86.7395,33.4834],[-86.7012,33.5151],[-86.7029,33.5113],[-86.6917,33.5105],[-86.6926,33.5225],[-86.7007,33.5154],[-86.7261,33.5149],[-86.732,33.5096],[-86.7313,33.5033],[-86.7394,33.5043],[-86.7442,33.5168],[-86.77,33.5026],[-86.7763,33.4962],[-86.7742,33.4835],[-86.7869,33.4842],[-86.7872,33.4747],[-86.7922,33.4775],[-86.8091,33.4736],[-86.8221,33.4652],[-86.816,33.4476],[-86.8413,33.4336],[-86.8417,33.4256],[-86.8561,33.4124],[-86.8564,33.4211],[-86.8664,33.411],[-86.8656,33.3907],[-86.8614,33.3921],[-86.8569,33.3761],[-86.8655,33.3757],[-86.8758,33.3539]]]},"properties":{"geoid":"01046","state":"01","district":"46","name":"State House District 46","chamber":"House"}},{"type":"Feature","geometry":{"type":"Polygon","coordinates":[[[-86.8449,33.4018],[-86.8324,33.3991],[-86.8325,33.3876],[-86.8213,33.3831],[-86.8277,33.3763],[-86.8066,33.3861],[-86.7978,33.3673],[-86.7786,33.3669],[-86.7784,33.3887],[-86.761,33.3883],[-86.7612,33.3956],[-86.7524,33.399],[-86.7523,33.416],[-86.7651,33.4098],[-86.7741,33.4138],[-86.7854,33.4071],[-86.7882,33.4104],[-86.7836,33.4147],[-86.7915,33.4254],[-86.7769,33.4343],[-86.7744,33.4412],[-86.7684,33.4406],[-86.7678,33.4517],[-86.7569,33.4623],[-86.7581,33.4684],[-86.7845,33.4579],[-86.7918,33.4601],[-86.8102,33.4439],[-86.808,33.4403],[-86.8215,33.4395],[-86.8214,33.4179],[-86.8276,33.4224],[-86.8392,33.419],[-86.8433,33.412],[-86.8395,33.4034],[-86.8449,33.4018]]]},"properties":{"geoid":"01047","state":"01","district":"47","name":"State House District 47","chamber":"House"}},{"type":"Feature","geometry":{"type":"Polygon","coordinates":[[[-86.7915,33.4255],[-86.7836,33.4147],[-86.7882,33.4104],[-86.7854,33.4071],[-86.7741,33.4138],[-86.7651,33.4098],[-86.7561,33.4121],[-86.7523,33.4172],[-86.7179,33.4162],[-86.7177,33.4308],[-86.7004,33.4303],[-86.6986,33.4411],[-86.6886,33.4322],[-86.6945,33.4202],[-86.6639,33.4166],[-86.661,33.4272],[-86.6451,33.437],[-86.641,33.4336],[-86.6578,33.4181],[-86.6533,33.4181],[-86.6419,33.4224],[-86.6201,33.4498],[-86.599,33.4671],[-86.6465,33.4668],[-86.6288,33.4807],[-86.6349,33.4814],[-86.6358,33.4871],[-86.6513,33.4996],[-86.6504,33.5069],[-86.6567,33.5033],[-86.6566,33.4974],[-86.6726,33.5004],[-86.674,33.5043],[-86.6782,33.4994],[-86.6869,33.4994],[-86.6917,33.4921],[-86.6989,33.4924],[-86.6982,33.4887],[-86.7083,33.4891],[-86.6882,33.5104],[-86.7029,33.5113],[-86.7012,33.5151],[-86.7395,33.4834],[-86.7488,33.4841],[-86.7512,33.4787],[-86.7418,33.4765],[-86.7675,33.4524],[-86.7695,33.4393],[-86.7744,33.4412],[-86.7769,33.4343],[-86.7915,33.4255]]]},"properties":{"geoid":"01048","state":"01","district":"48","name":"State House District 48","chamber":"House"}},{"type":"Feature","geometry":{"type":"Polygon","coordinates":[[[-87.3148,33.0587],[-87.3013,33.0656],[-87.2858,33.0644],[-87.282,33.071],[-87.2622,33.0812],[-87.2255,33.0453],[-87.2186,33.043],[-87.2101,33.0521],[-87.1988,33.0462],[-87.1923,33.0493],[-87.1936,33.0568],[-87.1881,33.0562],[-87.1791,33.0385],[-87.1835,33.0368],[-87.1815,33.0286],[-87.1703,33.0299],[-87.169,33.0237],[-87.1585,33.0328],[-87.1618,33.0407],[-87.1579,33.0566],[-87.136,33.0437],[-87.1492,32.9998],[-87.1463,32.9799],[-87.1403,32.9779],[-87.139,32.9376],[-87.1481,32.9216],[-87.1303,32.9047],[-87.1351,32.9004],[-87.1434,32.9024],[-87.1487,32.8879],[-87.1596,32.8822],[-87.1646,32.8844],[-87.1596,32.8887],[-87.1718,32.8893],[-87.1675,32.8711],[-87.1731,32.8755],[-87.1866,32.8691],[-87.1862,32.8611],[-87.1933,32.8539],[-87.1967,32.8569],[-87.2066,32.85],[-87.2077,32.843],[-87.2005,32.8422],[-87.2034,32.8354],[-87.2125,32.8352],[-86.8761,32.8363],[-86.8762,32.9019],[-86.8616,32.9051],[-86.8483,32.8925],[-86.8222,32.8936],[-86.8139,32.9],[-86.7914,32.891],[-86.7873,32.9007],[-86.7912,32.9113],[-86.7859,32.918],[-86.795,32.9218],[-86.7911,32.9238],[-86.8065,32.9371],[-86.7802,32.9456],[-86.7844,32.9566],[-86.7813,32.9592],[-86.7888,32.9655],[-86.7853,32.976],[-86.7928,32.9849],[-86.7758,32.9914],[-86.7773,33.0015],[-86.7573,32.9963],[-86.7627,33.0164],[-86.7562,33.0147],[-86.7455,33.0228],[-86.7385,33.0184],[-86.7172,33.0219],[-86.7257,33.0395],[-86.7303,33.0693],[-86.8023,33.0688],[-86.8173,33.0782],[-86.8147,33.0926],[-86.8067,33.0931],[-86.8131,33.1033],[-86.8096,33.1158],[-86.7996,33.1229],[-86.8096,33.1293],[-86.8094,33.1485],[-86.8225,33.1503],[-86.822,33.1809],[-86.8387,33.1808],[-86.8476,33.1858],[-86.848,33.1897],[-86.8255,33.1916],[-86.8268,33.2005],[-86.841,33.1979],[-86.8508,33.2101],[-86.8631,33.2117],[-86.8268,33.215],[-86.8246,33.2189],[-86.8395,33.2262],[-86.8397,33.2362],[-86.8288,33.2439],[-86.8316,33.2548],[-86.8391,33.2535],[-86.8368,33.2666],[-86.844,33.2666],[-86.8397,33.2541],[-86.8526,33.2513],[-86.8606,33.2545],[-86.8818,33.2462],[-86.8833,33.2555],[-86.8959,33.256],[-86.8963,33.2619],[-86.904,33.2663],[-86.9029,33.2706],[-86.8906,33.2682],[-86.8939,33.2719],[-86.89,33.2781],[-86.88,33.2787],[-86.8868,33.2896],[-86.8825,33.2891],[-86.8845,33.3039],[-86.8792,33.308],[-86.8833,33.3146],[-86.8771,33.3257],[-86.8913,33.3258],[-86.8914,33.3187],[-86.8998,33.3151],[-86.8997,33.3078],[-86.9086,33.3077],[-86.9085,33.304],[-86.9173,33.3038],[-86.9261,33.2965],[-86.9262,33.2782],[-86.9478,33.2744],[-86.9478,33.2671],[-86.9696,33.2675],[-86.9696,33.2602],[-86.9827,33.253],[-86.9829,33.246],[-87.0766,33.2468],[-87.1041,33.2215],[-87.1215,33.2215],[-87.1219,33.2358],[-87.1521,33.2325],[-87.1992,33.1966],[-87.1993,33.1307],[-87.2819,33.1331],[-87.3116,33.0939],[-87.3148,33.0587]]]},"properties":{"geoid":"01049","state":"01","district":"49","name":"State House District 49","chamber":"House"}},{"type":"Feature","geometry":{"type":"Polygon","coordinates":[[[-86.5778,33.7665],[-86.5428,33.7652],[-86.5426,33.7356],[-86.5338,33.7355],[-86.5339,33.7212],[-86.5251,33.7212],[-86.5251,33.6487],[-86.5339,33.6488],[-86.5337,33.6344],[-86.5428,33.6344],[-86.5428,33.6198],[-86.5513,33.62],[-86.552,33.5609],[-86.4563,33.579],[-86.4172,33.5931],[-86.4222,33.5658],[-86.4319,33.5615],[-86.4339,33.5483],[-86.448,33.5364],[-86.4312,33.5276],[-86.4415,33.519],[-86.4418,33.5097],[-86.4491,33.5058],[-86.4469,33.5024],[-86.3782,33.5024],[-86.3787,33.391],[-86.3644,33.4062],[-86.3459,33.411],[-86.3243,33.4432],[-86.3106,33.4526],[-86.311,33.4606],[-86.3186,33.461],[-86.3243,33.4678],[-86.3184,33.483],[-86.3205,33.5074],[-86.338,33.5185],[-86.3242,33.5146],[-86.3234,33.5218],[-86.3367,33.5301],[-86.3391,33.5384],[-86.3261,33.5469],[-86.322,33.5627],[-86.3076,33.5656],[-86.3077,33.5728],[-86.3418,33.5682],[-86.3758,33.5424],[-86.3918,33.5682],[-86.3899,33.5754],[-86.394,33.5806],[-86.3875,33.5854],[-86.3571,33.5843],[-86.3546,33.5884],[-86.3601,33.5915],[-86.3555,33.5945],[-86.3244,33.5989],[-86.317,33.6051],[-86.3168,33.6181],[-86.3504,33.6117],[-86.3484,33.6271],[-86.3543,33.6336],[-86.3546,33.6439],[-86.345,33.6451],[-86.3245,33.6358],[-86.3021,33.6706],[-86.2817,33.6787],[-86.2802,33.697],[-86.2893,33.7223],[-86.2756,33.7526],[-86.277,33.7578],[-86.2871,33.749],[-86.3211,33.7342],[-86.3509,33.6969],[-86.3593,33.7004],[-86.3589,33.7044],[-86.3697,33.7014],[-86.3699,33.7144],[-86.3571,33.7266],[-86.3802,33.7368],[-86.374,33.7397],[-86.3732,33.7495],[-86.3669,33.7496],[-86.3712,33.7596],[-86.3786,33.7608],[-86.3678,33.7748],[-86.372,33.7792],[-86.388,33.7741],[-86.3969,33.7833],[-86.3714,33.8007],[-86.3858,33.8242],[-86.3792,33.8363],[-86.384,33.8508],[-86.3772,33.8619],[-86.4302,33.8195],[-86.4453,33.826],[-86.505,33.8086],[-86.5119,33.811],[-86.5218,33.8019],[-86.5775,33.802],[-86.5778,33.7665]]]},"properties":{"geoid":"01050","state":"01","district":"50","name":"State House District 50","chamber":"House"}},{"type":"Feature","geometry":{"type":"Polygon","coordinates":[[[-86.9636,33.7206],[-86.9472,33.7091],[-86.9522,33.7079],[-86.9519,33.6914],[-86.9431,33.6911],[-86.943,33.6859],[-86.9504,33.6874],[-86.951,33.6706],[-86.9328,33.6614],[-86.9318,33.6524],[-86.9061,33.6494],[-86.9125,33.6703],[-86.9075,33.6713],[-86.8993,33.6558],[-86.8724,33.656],[-86.8658,33.6385],[-86.8788,33.6358],[-86.8787,33.6315],[-86.8477,33.6287],[-86.844,33.6321],[-86.8352,33.6306],[-86.8309,33.6232],[-86.8135,33.6226],[-86.8133,33.6326],[-86.7959,33.6283],[-86.7959,33.636],[-86.783,33.6336],[-86.7741,33.6418],[-86.7683,33.6536],[-86.759,33.6583],[-86.7655,33.6693],[-86.7438,33.6623],[-86.7394,33.6721],[-86.7438,33.6684],[-86.7483,33.679],[-86.7347,33.691],[-86.733,33.7013],[-86.711,33.7084],[-86.6983,33.7022],[-86.6936,33.7047],[-86.6859,33.6899],[-86.6742,33.6935],[-86.6598,33.7139],[-86.6442,33.7103],[-86.6324,33.7227],[-86.622,33.7222],[-86.6147,33.7364],[-86.6027,33.7453],[-86.6014,33.7545],[-86.6059,33.7652],[-86.6392,33.7694],[-86.639,33.7658],[-86.6478,33.7659],[-86.6453,33.773],[-86.7591,33.8406],[-86.8839,33.8432],[-86.9365,33.8153],[-86.9537,33.8153],[-86.9557,33.799],[-86.949,33.7795],[-86.9342,33.7716],[-86.9359,33.7625],[-86.9176,33.7406],[-86.924,33.736],[-86.9421,33.7381],[-86.9428,33.7269],[-86.952,33.7337],[-86.9636,33.7206]]]},"properties":{"geoid":"01051","state":"01","district":"51","name":"State House District 51","chamber":"House"}},{"type":"Feature","geometry":{"type":"Polygon","coordinates":[[[-86.9264,33.4775],[-86.9126,33.4643],[-86.9005,33.4717],[-86.9005,33.4599],[-86.8847,33.4699],[-86.8828,33.4574],[-86.8718,33.4633],[-86.8606,33.4576],[-86.8498,33.4663],[-86.8423,33.4657],[-86.8483,33.4504],[-86.8457,33.4388],[-86.8179,33.45],[-86.8235,33.4637],[-86.8139,33.4713],[-86.7924,33.4774],[-86.7872,33.4747],[-86.7869,33.4842],[-86.7742,33.4835],[-86.7763,33.4962],[-86.7701,33.5024],[-86.7868,33.4917],[-86.7892,33.5001],[-86.8018,33.4968],[-86.8048,33.5021],[-86.8025,33.4898],[-86.8262,33.4836],[-86.8172,33.4991],[-86.8396,33.49],[-86.8397,33.4806],[-86.8481,33.4807],[-86.8553,33.4921],[-86.8643,33.4853],[-86.8756,33.4853],[-86.8766,33.4891],[-86.8827,33.4849],[-86.8875,33.4932],[-86.9027,33.4938],[-86.9051,33.4823],[-86.9162,33.4866],[-86.9264,33.4775]]]},"properties":{"geoid":"01052","state":"01","district":"52","name":"State House District 52","chamber":"House"}},{"type":"Feature","geometry":{"type":"Polygon","coordinates":[[[-86.6728,34.7619],[-86.6699,34.7419],[-86.6529,34.7371],[-86.6558,34.7133],[-86.6441,34.7162],[-86.6145,34.7128],[-86.615,34.6982],[-86.6095,34.6981],[-86.6106,34.6616],[-86.6018,34.6604],[-86.574,34.6715],[-86.5806,34.6905],[-86.5682,34.6914],[-86.5699,34.7055],[-86.577,34.7163],[-86.5736,34.7195],[-86.5954,34.7236],[-86.6002,34.7402],[-86.6124,34.7553],[-86.6085,34.7655],[-86.6167,34.7678],[-86.6165,34.7961],[-86.63,34.8089],[-86.6418,34.8124],[-86.6427,34.8224],[-86.6606,34.8225],[-86.6607,34.7933],[-86.6695,34.7929],[-86.6728,34.7619]]]},"properties":{"geoid":"01053","state":"01","district":"53","name":"State House District 53","chamber":"House"}},{"type":"Feature","geometry":{"type":"Polygon","coordinates":[[[-86.8791,33.5234],[-86.8652,33.5184],[-86.8504,33.5271],[-86.8494,33.5211],[-86.8268,33.5211],[-86.8234,33.5154],[-86.8147,33.5195],[-86.8078,33.512],[-86.7932,33.5204],[-86.7878,33.5341],[-86.7616,33.5336],[-86.7711,33.529],[-86.7557,33.5332],[-86.774,33.518],[-86.7745,33.5123],[-86.7612,33.5131],[-86.7656,33.5097],[-86.7619,33.5064],[-86.7442,33.5168],[-86.7394,33.5043],[-86.7313,33.5033],[-86.7286,33.5137],[-86.7034,33.518],[-86.6947,33.5318],[-86.7237,33.5248],[-86.7198,33.5389],[-86.7017,33.5517],[-86.6944,33.565],[-86.7147,33.5716],[-86.7124,33.5743],[-86.7171,33.5773],[-86.7446,33.5502],[-86.7878,33.5546],[-86.7902,33.5427],[-86.8098,33.5452],[-86.8155,33.5332],[-86.8238,33.5366],[-86.8276,33.5461],[-86.8706,33.5317],[-86.8727,33.5236],[-86.8791,33.5234]]]},"properties":{"geoid":"01054","state":"01","district":"54","name":"State House District 54","chamber":"House"}},{"type":"Feature","geometry":{"type":"Polygon","coordinates":[[[-86.953,33.465],[-86.9529,33.4577],[-86.9438,33.4647],[-86.9355,33.4609],[-86.9429,33.4547],[-86.931,33.45],[-86.9139,33.4652],[-86.9264,33.4775],[-86.9162,33.4866],[-86.9051,33.4823],[-86.9027,33.4938],[-86.8875,33.4932],[-86.8827,33.4849],[-86.8766,33.4891],[-86.8756,33.4853],[-86.8643,33.4853],[-86.8553,33.4921],[-86.8481,33.4807],[-86.8405,33.4805],[-86.8396,33.49],[-86.8172,33.4991],[-86.8262,33.4836],[-86.8031,33.4893],[-86.8048,33.5021],[-86.8018,33.4968],[-86.7892,33.5001],[-86.7868,33.4917],[-86.7617,33.5062],[-86.7656,33.5097],[-86.7612,33.5131],[-86.7745,33.5123],[-86.774,33.5179],[-86.7557,33.5332],[-86.7711,33.529],[-86.7616,33.5336],[-86.7878,33.5341],[-86.7992,33.5157],[-86.8305,33.5009],[-86.8365,33.5058],[-86.8669,33.4965],[-86.8707,33.5014],[-86.8629,33.5051],[-86.8629,33.5099],[-86.8725,33.5136],[-86.8921,33.503],[-86.8957,33.5053],[-86.8904,33.5096],[-86.9022,33.5154],[-86.8942,33.5269],[-86.8969,33.5309],[-86.9151,33.5362],[-86.9251,33.548],[-86.9332,33.5451],[-86.9363,33.5487],[-86.9353,33.495],[-86.9492,33.4792],[-86.953,33.465]]]},"properties":{"geoid":"01055","state":"01","district":"55","name":"State House District 55","chamber":"House"}},{"type":"Feature","geometry":{"type":"Polygon","coordinates":[[[-87.0577,33.3647],[-87.0575,33.3417],[-87.0404,33.342],[-87.0402,33.3344],[-87.0363,33.3343],[-87.0267,33.3429],[-87,33.3316],[-86.9428,33.3369],[-86.9386,33.3421],[-86.944,33.3467],[-86.9404,33.3537],[-86.9166,33.3659],[-86.9068,33.3625],[-86.8941,33.3658],[-86.8925,33.3564],[-86.8758,33.3539],[-86.8655,33.3757],[-86.8569,33.3761],[-86.8614,33.3921],[-86.8656,33.3907],[-86.8664,33.411],[-86.8564,33.4211],[-86.8561,33.4124],[-86.8417,33.4256],[-86.8413,33.4336],[-86.816,33.4476],[-86.8204,33.4495],[-86.8457,33.4388],[-86.8483,33.4504],[-86.8415,33.4609],[-86.8423,33.4657],[-86.8482,33.4668],[-86.9084,33.4293],[-86.9056,33.4334],[-86.9155,33.4406],[-86.9244,33.4326],[-86.9309,33.4325],[-86.9354,33.4381],[-86.9477,33.4277],[-86.962,33.4346],[-86.9651,33.4446],[-86.9707,33.4334],[-86.9688,33.4221],[-86.9821,33.4247],[-86.9849,33.4068],[-86.9901,33.4031],[-86.9902,33.4069],[-86.9981,33.4068],[-87.0125,33.3927],[-87.025,33.3929],[-87.0224,33.3875],[-87.0278,33.3915],[-87.0577,33.3647]]]},"properties":{"geoid":"01056","state":"01","district":"56","name":"State House District 56","chamber":"House"}},{"type":"Feature","geometry":{"type":"Polygon","coordinates":[[[-87.1118,33.4978],[-87.1037,33.4881],[-87.0857,33.498],[-87.0816,33.4928],[-87.0728,33.5062],[-87.0597,33.497],[-87.0653,33.4934],[-87.0503,33.4914],[-87.0502,33.4821],[-87.0443,33.4872],[-87.0406,33.4822],[-87.0343,33.4884],[-87.0293,33.4833],[-87.0143,33.486],[-87.0162,33.4812],[-87.0038,33.4671],[-87.003,33.4639],[-87.0181,33.4661],[-87.0232,33.4484],[-87.0337,33.4369],[-87.0585,33.437],[-87.0661,33.4427],[-87.0687,33.4386],[-87.0729,33.4426],[-87.0831,33.4383],[-87.082,33.4431],[-87.0897,33.4389],[-87.089,33.4319],[-87.0776,33.4268],[-87.0774,33.4148],[-87.0716,33.4095],[-87.0769,33.4093],[-87.0745,33.3858],[-87.0567,33.3859],[-87.0577,33.3647],[-87.0278,33.3915],[-87.0224,33.3875],[-87.025,33.3929],[-87.0125,33.3927],[-86.9981,33.4068],[-86.9902,33.4069],[-86.9901,33.4031],[-86.9849,33.4068],[-86.9821,33.4247],[-86.9688,33.4221],[-86.9707,33.4334],[-86.9651,33.4446],[-86.962,33.4346],[-86.9477,33.4277],[-86.9354,33.4381],[-86.9309,33.4325],[-86.9244,33.4326],[-86.9155,33.4406],[-86.9056,33.4334],[-86.9084,33.4293],[-86.8606,33.4576],[-86.8718,33.4633],[-86.8828,33.4574],[-86.8831,33.4698],[-86.8922,33.4683],[-86.9005,33.4599],[-86.903,33.4718],[-86.931,33.45],[-86.9429,33.4547],[-86.9355,33.4596],[-86.9415,33.4647],[-86.9529,33.4577],[-86.9524,33.4737],[-86.9353,33.495],[-86.9351,33.5469],[-86.9441,33.5507],[-86.9499,33.5457],[-86.956,33.5526],[-86.9667,33.5536],[-86.9632,33.5365],[-86.9855,33.5384],[-87.0023,33.5662],[-87.0062,33.566],[-87.0048,33.5708],[-87.0132,33.5642],[-87.0104,33.574],[-87.0347,33.555],[-87.022,33.5529],[-87.022,33.5434],[-87.0328,33.5402],[-87.0353,33.5326],[-87.0383,33.5401],[-87.0486,33.5372],[-87.0508,33.547],[-87.0608,33.5406],[-87.0614,33.5231],[-87.0745,33.5325],[-87.0857,33.5276],[-87.0964,33.5204],[-87.0979,33.5119],[-87.0943,33.5097],[-87.1118,33.4978]]]},"properties":{"geoid":"01057","state":"01","district":"57","name":"State House District 57","chamber":"House"}},{"type":"Feature","geometry":{"type":"Polygon","coordinates":[[[-86.7237,33.5269],[-86.6684,33.546],[-86.6239,33.5471],[-86.6217,33.5556],[-86.6087,33.5546],[-86.6087,33.5616],[-86.6043,33.5617],[-86.6087,33.5653],[-86.607,33.5707],[-86.6172,33.5637],[-86.6234,33.5699],[-86.6384,33.5689],[-86.652,33.599],[-86.6303,33.627],[-86.6378,33.6268],[-86.6378,33.6201],[-86.6498,33.6201],[-86.6419,33.6337],[-86.65,33.6419],[-86.6477,33.6452],[-86.6586,33.6493],[-86.661,33.6555],[-86.6564,33.6585],[-86.6654,33.6665],[-86.6618,33.6749],[-86.6778,33.6727],[-86.6724,33.6663],[-86.683,33.6655],[-86.6814,33.6604],[-86.6939,33.6604],[-86.6984,33.6557],[-86.6934,33.652],[-86.6946,33.6434],[-86.7093,33.6285],[-86.6856,33.6282],[-86.6858,33.615],[-86.689,33.6084],[-86.7154,33.6066],[-86.7235,33.5908],[-86.7163,33.5909],[-86.7193,33.5813],[-86.7124,33.5743],[-86.7147,33.5716],[-86.6944,33.565],[-86.7017,33.5517],[-86.7198,33.5389],[-86.7237,33.5269]]]},"properties":{"geoid":"01058","state":"01","district":"58","name":"State House District 58","chamber":"House"}},{"type":"Feature","geometry":{"type":"Polygon","coordinates":[[[-86.8592,33.5352],[-86.8276,33.5461],[-86.8238,33.5366],[-86.8155,33.5332],[-86.8098,33.5452],[-86.7902,33.5427],[-86.7878,33.5546],[-86.7446,33.5502],[-86.7395,33.559],[-86.7257,33.5664],[-86.7165,33.5774],[-86.7163,33.5909],[-86.7235,33.5908],[-86.7166,33.598],[-86.7175,33.6046],[-86.689,33.6084],[-86.6855,33.6157],[-86.6856,33.6282],[-86.7093,33.6285],[-86.6946,33.6434],[-86.6934,33.652],[-86.6984,33.6559],[-86.6939,33.6604],[-86.6814,33.6604],[-86.683,33.6655],[-86.6724,33.6663],[-86.6778,33.6684],[-86.6739,33.669],[-86.6783,33.6731],[-86.674,33.6785],[-86.6876,33.6755],[-86.691,33.6816],[-86.6859,33.6899],[-86.6926,33.7038],[-86.7132,33.7084],[-86.733,33.7013],[-86.7347,33.691],[-86.7483,33.679],[-86.7438,33.6684],[-86.7394,33.6721],[-86.7438,33.6623],[-86.7655,33.6693],[-86.7591,33.658],[-86.7683,33.6536],[-86.783,33.6336],[-86.7959,33.636],[-86.7959,33.6283],[-86.8133,33.6326],[-86.8135,33.6226],[-86.8174,33.6227],[-86.809,33.6084],[-86.7968,33.6104],[-86.7961,33.5933],[-86.7909,33.5932],[-86.7843,33.6022],[-86.7909,33.5892],[-86.7882,33.5749],[-86.8006,33.5752],[-86.8062,33.5935],[-86.852,33.5874],[-86.8546,33.5981],[-86.8562,33.5861],[-86.8417,33.5598],[-86.8489,33.5598],[-86.8592,33.5352]]]},"properties":{"geoid":"01059","state":"01","district":"59","name":"State House District 59","chamber":"House"}},{"type":"Feature","geometry":{"type":"Polygon","coordinates":[[[-87.0297,33.5898],[-87.0198,33.5918],[-87.0236,33.5854],[-87.018,33.5868],[-87.0203,33.5816],[-87.0164,33.5798],[-87.0204,33.5782],[-87.0098,33.5735],[-87.0132,33.5642],[-87.0048,33.5708],[-87.0062,33.566],[-87.0023,33.5662],[-86.9855,33.5384],[-86.9632,33.5365],[-86.9667,33.5536],[-86.956,33.5526],[-86.9499,33.5457],[-86.9441,33.5507],[-86.9332,33.5451],[-86.9251,33.548],[-86.9151,33.5362],[-86.8969,33.5309],[-86.8942,33.5269],[-86.9022,33.5154],[-86.8904,33.5096],[-86.8957,33.5053],[-86.8921,33.503],[-86.8725,33.5136],[-86.8629,33.5099],[-86.8629,33.5051],[-86.8707,33.5014],[-86.8669,33.4965],[-86.8365,33.5058],[-86.8305,33.5009],[-86.8076,33.5118],[-86.8147,33.5195],[-86.8234,33.5154],[-86.8268,33.5211],[-86.8494,33.5211],[-86.8504,33.5271],[-86.8652,33.5184],[-86.8791,33.5232],[-86.8727,33.5236],[-86.8706,33.5317],[-86.8557,33.5382],[-86.8489,33.5598],[-86.8417,33.5598],[-86.8562,33.5861],[-86.8546,33.5981],[-86.852,33.5874],[-86.8062,33.5935],[-86.8006,33.5752],[-86.7882,33.5749],[-86.7909,33.5892],[-86.7843,33.6022],[-86.7909,33.5932],[-86.7961,33.5933],[-86.7968,33.6104],[-86.809,33.6084],[-86.8174,33.6227],[-86.8309,33.6232],[-86.8352,33.6306],[-86.844,33.6321],[-86.8477,33.6287],[-86.8787,33.6315],[-86.8788,33.6358],[-86.8658,33.6385],[-86.8724,33.656],[-86.8993,33.6558],[-86.9075,33.6713],[-86.9125,33.6703],[-86.9061,33.6494],[-86.9318,33.6524],[-86.9328,33.6614],[-86.951,33.6706],[-86.9504,33.6874],[-86.943,33.6859],[-86.9431,33.6911],[-86.9519,33.6914],[-86.9522,33.7079],[-86.9472,33.7091],[-86.9649,33.7112],[-86.9653,33.7044],[-86.9753,33.7074],[-86.9895,33.6986],[-86.9746,33.6843],[-86.9705,33.6671],[-86.9732,33.6557],[-87.0074,33.656],[-87.0075,33.6511],[-87.0121,33.6507],[-87.014,33.6459],[-87.0093,33.6475],[-87.0052,33.6415],[-87.005,33.626],[-87.0227,33.6234],[-87.0193,33.6123],[-87.0224,33.6087],[-87.0178,33.6086],[-87.018,33.6151],[-87.0069,33.6147],[-87.0051,33.6065],[-87.0149,33.6016],[-87.0248,33.6051],[-87.0226,33.5969],[-87.0297,33.5898]]]},"properties":{"geoid":"01060","state":"01","district":"60","name":"State House District 60","chamber":"House"}},{"type":"Feature","geometry":{"type":"Polygon","coordinates":[[[-88.3108,33.2367],[-88.3116,33.2298],[-88.2977,33.2258],[-88.2735,33.2266],[-88.2742,33.2147],[-88.2583,33.2035],[-88.2485,33.2197],[-88.2277,33.2279],[-88.2281,33.235],[-88.2174,33.2377],[-88.2177,33.2437],[-88.2243,33.2431],[-88.2277,33.2713],[-88.2123,33.2817],[-88.1957,33.2849],[-88.1823,33.2741],[-88.1774,33.2464],[-88.169,33.2488],[-88.1725,33.2216],[-88.1567,33.2153],[-88.1506,33.2045],[-88.131,33.2009],[-88.1175,33.1927],[-88.076,33.1992],[-88.0766,33.1924],[-88.071,33.1937],[-88.0697,33.1897],[-88.0305,33.2003],[-87.9808,33.2002],[-87.9651,33.2151],[-87.9592,33.233],[-87.9443,33.2472],[-87.9423,33.2599],[-87.9293,33.2642],[-87.9239,33.287],[-87.9198,33.2888],[-87.9079,33.2802],[-87.9032,33.2648],[-87.8882,33.2728],[-87.8766,33.2706],[-87.8707,33.2622],[-87.8383,33.2539],[-87.838,33.2841],[-87.7785,33.2788],[-87.715,33.266],[-87.655,33.2372],[-87.6287,33.2328],[-87.6193,33.2268],[-87.6181,33.2303],[-87.6036,33.2296],[-87.6036,33.2374],[-87.5894,33.2407],[-87.5477,33.2378],[-87.5512,33.2428],[-87.5423,33.2638],[-87.5522,33.2809],[-87.5702,33.2896],[-87.5692,33.309],[-87.5746,33.3237],[-87.5846,33.3317],[-87.5933,33.327],[-87.5911,33.3036],[-87.601,33.305],[-87.6119,33.3694],[-87.6362,33.3866],[-87.6461,33.4116],[-87.6414,33.4162],[-87.6424,33.4306],[-87.645,33.4352],[-87.6556,33.436],[-87.674,33.4531],[-87.6796,33.4714],[-87.6996,33.5019],[-87.6876,33.5211],[-88.2745,33.534],[-88.3108,33.2367]]]},"properties":{"geoid":"01061","state":"01","district":"61","name":"State House District 61","chamber":"House"}},{"type":"Feature","geometry":{"type":"Polygon","coordinates":[[[-87.7161,33.0087],[-87.6204,33.0046],[-87.3185,33.0062],[-87.3116,33.0939],[-87.2819,33.1331],[-87.1993,33.1307],[-87.1992,33.1966],[-87.1521,33.2325],[-87.1435,33.2325],[-87.1435,33.2362],[-87.1219,33.2358],[-87.1215,33.2215],[-87.1041,33.2215],[-87.0766,33.2468],[-87.0657,33.2469],[-87.0658,33.2759],[-87.0875,33.2797],[-87.0875,33.2907],[-87.1268,33.2908],[-87.1271,33.306],[-87.162,33.3066],[-87.1622,33.321],[-87.1796,33.3211],[-87.18,33.343],[-87.1948,33.3431],[-87.2137,33.3126],[-87.231,33.3018],[-87.2379,33.2854],[-87.2477,33.2827],[-87.2527,33.2758],[-87.2466,33.2606],[-87.237,33.2541],[-87.2384,33.2471],[-87.2858,33.2248],[-87.2941,33.2102],[-87.306,33.2114],[-87.3053,33.2172],[-87.3165,33.2217],[-87.3169,33.2126],[-87.3321,33.2143],[-87.3317,33.2193],[-87.339,33.2154],[-87.3365,33.2101],[-87.3408,33.2099],[-87.3414,33.2048],[-87.355,33.213],[-87.3586,33.2082],[-87.365,33.2097],[-87.3621,33.2175],[-87.3737,33.221],[-87.3753,33.2268],[-87.3847,33.2288],[-87.3853,33.2228],[-87.3883,33.2297],[-87.3969,33.2293],[-87.3944,33.243],[-87.3774,33.2526],[-87.387,33.2661],[-87.4041,33.2776],[-87.4213,33.2696],[-87.4292,33.2542],[-87.4936,33.2493],[-87.5217,33.2266],[-87.5205,33.2187],[-87.5092,33.2165],[-87.4871,33.2257],[-87.492,33.2224],[-87.4912,33.2116],[-87.4852,33.2061],[-87.4753,33.2062],[-87.4739,33.1994],[-87.4791,33.1972],[-87.4551,33.1894],[-87.4656,33.182],[-87.4647,33.1737],[-87.4542,33.1727],[-87.4561,33.1597],[-87.4519,33.1591],[-87.4493,33.1445],[-87.4559,33.1391],[-87.4539,33.1362],[-87.4696,33.1413],[-87.4884,33.1299],[-87.526,33.1482],[-87.5388,33.1449],[-87.5532,33.1493],[-87.5554,33.1407],[-87.5489,33.1403],[-87.5535,33.1285],[-87.5301,33.1286],[-87.5273,33.1178],[-87.5546,33.1096],[-87.5635,33.0992],[-87.5752,33.0985],[-87.5764,33.093],[-87.589,33.0856],[-87.5845,33.0835],[-87.5859,33.0788],[-87.6031,33.063],[-87.6301,33.0598],[-87.6237,33.0462],[-87.638,33.0401],[-87.6252,33.0139],[-87.6365,33.0097],[-87.6431,33.019],[-87.643,33.0275],[-87.6561,33.0312],[-87.6644,33.0155],[-87.6692,33.0159],[-87.6735,33.027],[-87.6861,33.0106],[-87.6935,33.0122],[-87.698,33.0195],[-87.7052,33.0134],[-87.7127,33.0156],[-87.7161,33.0087]]]},"properties":{"geoid":"01062","state":"01","district":"62","name":"State House District 62","chamber":"House"}},{"type":"Feature","geometry":{"type":"Polygon","coordinates":[[[-87.5767,33.2372],[-87.5763,33.22],[-87.5668,33.1998],[-87.5507,33.1991],[-87.5431,33.1965],[-87.5423,33.1913],[-87.526,33.1872],[-87.5248,33.1714],[-87.5028,33.1759],[-87.5133,33.1857],[-87.4858,33.1956],[-87.5257,33.1972],[-87.5243,33.2092],[-87.5286,33.2156],[-87.5205,33.2187],[-87.5217,33.2266],[-87.4934,33.2494],[-87.4509,33.2538],[-87.4567,33.2598],[-87.4608,33.258],[-87.4625,33.2648],[-87.4679,33.2616],[-87.4822,33.2748],[-87.4807,33.2875],[-87.4969,33.2981],[-87.5007,33.3225],[-87.5211,33.3127],[-87.5209,33.2995],[-87.5152,33.2911],[-87.5394,33.2725],[-87.5512,33.2428],[-87.5477,33.2378],[-87.5767,33.2372]]]},"properties":{"geoid":"01063","state":"01","district":"63","name":"State House District 63","chamber":"House"}},{"type":"Feature","geometry":{"type":"Polygon","coordinates":[[[-87.8524,30.5473],[-87.7636,30.5455],[-87.7635,30.5275],[-87.7509,30.5274],[-87.7509,30.4726],[-87.7424,30.4726],[-87.7424,30.436],[-87.6832,30.4361],[-87.6831,30.3484],[-87.6547,30.3483],[-87.6534,30.3703],[-87.6025,30.3703],[-87.6022,30.3631],[-87.5729,30.363],[-87.573,30.3998],[-87.5646,30.3998],[-87.5646,30.4291],[-87.5814,30.429],[-87.5817,30.5111],[-87.6284,30.5244],[-87.6292,30.5367],[-87.6517,30.5462],[-87.6576,30.5568],[-87.6715,30.5634],[-87.6763,30.5767],[-87.6939,30.5906],[-87.6989,30.6048],[-87.7131,30.6184],[-87.7083,30.6258],[-87.7082,30.6514],[-87.7248,30.6513],[-87.7247,30.6568],[-87.73,30.6569],[-87.7298,30.6606],[-87.7162,30.6622],[-87.7161,30.6696],[-87.7075,30.6783],[-87.713,30.6913],[-87.7059,30.6914],[-87.7058,30.7022],[-87.6935,30.7048],[-87.7021,30.7442],[-87.689,30.7492],[-87.6874,30.7658],[-87.6813,30.7746],[-87.6488,30.7866],[-87.6409,30.7817],[-87.6373,30.8037],[-87.6795,30.8515],[-87.7083,30.8413],[-87.7281,30.8633],[-87.7511,30.8665],[-87.7511,30.8713],[-87.7692,30.8747],[-87.775,30.8371],[-87.7765,30.8631],[-87.7829,30.8759],[-87.8075,30.8624],[-87.8085,30.8527],[-87.8017,30.8591],[-87.8022,30.8436],[-87.794,30.8463],[-87.7987,30.8153],[-87.7907,30.7986],[-87.8061,30.7835],[-87.8228,30.7802],[-87.8522,30.7548],[-87.8328,30.7393],[-87.8184,30.7438],[-87.8181,30.7131],[-87.8224,30.7104],[-87.8067,30.7033],[-87.7939,30.7057],[-87.7897,30.6854],[-87.7925,30.664],[-87.8054,30.6765],[-87.8183,30.6776],[-87.8216,30.6768],[-87.817,30.6694],[-87.8266,30.6694],[-87.8393,30.6589],[-87.8402,30.6523],[-87.8192,30.645],[-87.8174,30.6305],[-87.8223,30.6211],[-87.8174,30.6039],[-87.852,30.6038],[-87.8524,30.5473]]]},"properties":{"geoid":"01064","state":"01","district":"64","name":"State House District 64","chamber":"House"}},{"type":"Feature","geometry":{"type":"Polygon","coordinates":[[[-88.4732,31.8939],[-88.432,31.1143],[-88.3299,31.1144],[-88.3298,31.1438],[-88.0226,31.1443],[-87.9888,31.1733],[-87.9735,31.1643],[-87.9742,31.1568],[-87.9663,31.1483],[-87.9437,31.1497],[-87.9397,31.1458],[-87.9466,31.1217],[-87.9762,31.0895],[-87.9759,31.0824],[-87.9648,31.0689],[-87.9448,31.0663],[-87.9409,31.0506],[-87.9371,31.054],[-87.9275,31.0509],[-87.9292,31.0453],[-87.9162,31.036],[-87.9115,31.0377],[-87.9162,31.0435],[-87.9113,31.0434],[-87.9143,31.0502],[-87.9111,31.0541],[-87.8718,31.0417],[-87.8663,31.0456],[-87.8734,31.0532],[-87.8713,31.0485],[-87.866,31.0489],[-87.8628,31.0615],[-87.8539,31.0621],[-87.8372,31.0528],[-87.8354,31.0417],[-87.8411,31.0253],[-87.8579,30.9943],[-87.8733,30.9769],[-87.8884,30.9681],[-87.8757,30.9584],[-87.8734,30.9498],[-87.8871,30.9435],[-87.9021,30.9458],[-87.9004,30.9377],[-87.8477,30.9517],[-87.8225,30.9538],[-87.8163,30.9406],[-87.7929,30.9232],[-87.7741,30.8917],[-87.7668,30.8943],[-87.7584,30.8903],[-87.7675,30.8829],[-87.768,30.8742],[-87.7236,30.8592],[-87.7175,30.8617],[-87.7142,30.8923],[-87.7315,30.9031],[-87.6847,30.9339],[-87.6905,30.9414],[-87.6968,30.9416],[-87.6884,30.9496],[-87.692,30.9603],[-87.6996,30.9619],[-87.7033,30.9698],[-87.6982,30.9828],[-87.7149,30.9794],[-87.635,31.0337],[-87.6154,31.041],[-87.6159,31.2445],[-87.6412,31.2444],[-87.6625,31.253],[-87.6764,31.262],[-87.6906,31.2829],[-87.7022,31.2856],[-87.7143,31.3021],[-87.7382,31.3027],[-87.75,31.2969],[-87.7601,31.2996],[-87.7716,31.2937],[-87.7933,31.3005],[-87.7993,31.3168],[-87.8049,31.3189],[-87.809,31.3066],[-87.7848,31.2821],[-87.7845,31.2767],[-87.7996,31.2695],[-87.826,31.2786],[-87.8337,31.2591],[-87.8408,31.2559],[-87.8501,31.26],[-87.8533,31.256],[-87.843,31.2558],[-87.8375,31.2484],[-87.8446,31.2379],[-87.8357,31.2286],[-87.8413,31.2254],[-87.8546,31.2372],[-87.8638,31.2311],[-87.8495,31.2061],[-87.8599,31.2046],[-87.868,31.2146],[-87.875,31.2147],[-87.8767,31.1984],[-87.8887,31.2048],[-87.8992,31.1974],[-87.9062,31.1992],[-87.9154,31.1907],[-87.9142,31.1867],[-87.9216,31.1855],[-87.9466,31.1929],[-87.9501,31.2009],[-87.9395,31.2194],[-87.9306,31.2253],[-87.9431,31.2433],[-87.9634,31.2502],[-87.9718,31.2596],[-87.9829,31.2552],[-87.987,31.2583],[-87.973,31.2709],[-87.9529,31.2701],[-87.9574,31.2818],[-87.9472,31.295],[-87.9608,31.3044],[-87.9638,31.314],[-87.9561,31.3164],[-87.9263,31.3107],[-87.9218,31.3395],[-87.9114,31.3371],[-87.9167,31.3254],[-87.9081,31.323],[-87.8888,31.3624],[-87.8928,31.3723],[-87.8873,31.3922],[-87.8911,31.3961],[-87.8898,31.386],[-87.8956,31.3814],[-87.9121,31.3909],[-87.9212,31.3873],[-87.9178,31.3757],[-87.9261,31.3799],[-87.9404,31.3749],[-87.946,31.3772],[-87.9349,31.3844],[-87.9309,31.3952],[-87.9121,31.3945],[-87.9045,31.401],[-87.9137,31.4081],[-87.9274,31.4057],[-87.9111,31.4244],[-87.9198,31.4354],[-87.9354,31.4412],[-87.9155,31.4498],[-87.9191,31.4671],[-87.9063,31.4929],[-87.9255,31.5038],[-87.9365,31.5219],[-87.9277,31.5266],[-87.9026,31.5278],[-87.9081,31.5038],[-87.9012,31.5036],[-87.8982,31.5102],[-87.886,31.5108],[-87.8917,31.514],[-87.8923,31.5287],[-87.8803,31.5458],[-87.8569,31.5406],[-87.8499,31.5217],[-87.8558,31.5126],[-87.8333,31.5228],[-87.8371,31.5196],[-87.8343,31.5162],[-87.8258,31.5232],[-87.8183,31.519],[-87.8141,31.5222],[-87.7996,31.5199],[-87.7882,31.5071],[-87.7711,31.5159],[-87.7514,31.4904],[-87.7337,31.5013],[-87.7244,31.5005],[-87.7179,31.5168],[-87.7187,31.528],[-87.6934,31.5559],[-87.6977,31.5623],[-87.733,31.5713],[-87.7353,31.5597],[-87.7521,31.5534],[-87.7614,31.5672],[-87.758,31.577],[-87.7369,31.5861],[-87.7311,31.5946],[-87.7201,31.5965],[-87.7166,31.6067],[-87.7209,31.6063],[-87.7221,31.6134],[-87.7076,31.6248],[-87.7053,31.6317],[-87.7525,31.6574],[-87.7708,31.6852],[-87.7948,31.6853],[-87.7945,31.7143],[-87.7839,31.7142],[-87.7896,31.6997],[-87.7804,31.6961],[-87.7674,31.6953],[-87.7648,31.7034],[-87.7701,31.7065],[-87.7551,31.7016],[-87.752,31.7052],[-87.7569,31.715],[-87.7424,31.7186],[-87.7507,31.7297],[-87.7436,31.7354],[-87.7458,31.7428],[-87.7173,31.7707],[-87.7207,31.7763],[-87.7132,31.7765],[-87.7129,31.7835],[-87.7211,31.7816],[-87.7209,31.7908],[-87.6983,31.8022],[-87.6864,31.7944],[-87.6874,31.7725],[-87.6809,31.7752],[-87.6695,31.7894],[-87.6743,31.8206],[-87.6902,31.8286],[-87.7058,31.8557],[-87.7398,31.8086],[-87.7418,31.848],[-87.7467,31.8518],[-87.7469,31.863],[-87.7516,31.8175],[-87.7637,31.8118],[-87.7641,31.8022],[-87.7775,31.7977],[-87.7847,31.8071],[-87.7942,31.8069],[-87.8119,31.7932],[-87.819,31.7952],[-87.8113,31.814],[-87.8163,31.8216],[-87.824,31.8118],[-87.8296,31.8358],[-87.843,31.8413],[-87.8454,31.8671],[-87.8568,31.8815],[-87.8591,31.9021],[-87.8569,31.8962],[-87.8504,31.9026],[-87.8272,31.8979],[-87.813,31.9149],[-87.8039,31.9141],[-87.8051,31.9382],[-87.8238,31.951],[-87.8083,31.9485],[-87.7867,31.9547],[-87.7932,31.9626],[-87.7909,31.9734],[-87.8053,31.9905],[-88.0735,31.9902],[-88.0905,32.0071],[-88.094,32.0054],[-88.0926,31.9933],[-88.104,31.9968],[-88.1174,32.0168],[-88.1133,32.0374],[-88.1174,32.0551],[-88.0916,32.0711],[-88.0682,32.0624],[-88.0447,32.0823],[-88.0521,32.1035],[-88.0427,32.1211],[-88.0395,32.1413],[-88.0358,32.145],[-88.0224,32.1442],[-88.016,32.1556],[-88.0071,32.1853],[-88.0128,32.2031],[-88.0075,32.2193],[-88.0152,32.238],[-88.0087,32.2491],[-88.0088,32.2591],[-88.0201,32.2718],[-88.0191,32.2852],[-88.0043,32.2831],[-88.0062,32.2953],[-87.9901,32.2947],[-87.9773,32.3082],[-87.9656,32.2972],[-87.9457,32.3051],[-87.9379,32.303],[-87.9382,32.2937],[-87.9455,32.2848],[-87.9336,32.2824],[-87.9282,32.2878],[-87.9297,32.3101],[-88.4215,32.3087],[-88.4732,31.8939]]]},"properties":{"geoid":"01065","state":"01","district":"65","name":"State House District 65","chamber":"House"}},{"type":"Feature","geometry":{"type":"Polygon","coordinates":[[[-87.7313,30.9032],[-87.7142,30.8923],[-87.7171,30.8621],[-87.7236,30.8592],[-87.7195,30.8515],[-87.7119,30.8497],[-87.7083,30.8413],[-87.7019,30.8413],[-87.7014,30.8469],[-87.6795,30.8515],[-87.6373,30.8037],[-87.6411,30.7811],[-87.6488,30.7866],[-87.6776,30.7777],[-87.6873,30.766],[-87.689,30.7492],[-87.7021,30.7442],[-87.6935,30.7048],[-87.7043,30.7036],[-87.7059,30.6914],[-87.713,30.6913],[-87.7069,30.6798],[-87.7161,30.6696],[-87.7162,30.6622],[-87.73,30.6604],[-87.7248,30.6513],[-87.7082,30.6514],[-87.7083,30.6258],[-87.7131,30.6184],[-87.6989,30.6048],[-87.6939,30.5906],[-87.6763,30.5767],[-87.6715,30.5634],[-87.6576,30.5568],[-87.6517,30.5462],[-87.6291,30.5366],[-87.6284,30.5244],[-87.5817,30.5111],[-87.5814,30.429],[-87.5646,30.4291],[-87.5646,30.4144],[-87.5099,30.4145],[-87.51,30.3953],[-87.4957,30.3761],[-87.5004,30.371],[-87.4964,30.3696],[-87.4982,30.3528],[-87.4921,30.3486],[-87.4952,30.347],[-87.492,30.3309],[-87.463,30.334],[-87.4511,30.3456],[-87.4514,30.3672],[-87.4387,30.3808],[-87.4407,30.3915],[-87.4296,30.4065],[-87.403,30.4104],[-87.3666,30.4366],[-87.3708,30.4469],[-87.3999,30.451],[-87.4251,30.4656],[-87.4356,30.4805],[-87.4339,30.4877],[-87.4284,30.4885],[-87.431,30.4983],[-87.4504,30.5145],[-87.4445,30.5142],[-87.4473,30.522],[-87.4438,30.5239],[-87.448,30.5266],[-87.439,30.5303],[-87.4416,30.5375],[-87.4351,30.5491],[-87.4254,30.5603],[-87.418,30.5621],[-87.4185,30.5701],[-87.4119,30.5742],[-87.4076,30.6009],[-87.3967,30.6089],[-87.3943,30.6456],[-87.3968,30.6548],[-87.4031,30.6575],[-87.4065,30.6751],[-87.419,30.6785],[-87.4496,30.699],[-87.458,30.6964],[-87.4681,30.7002],[-87.4793,30.7096],[-87.4813,30.717],[-87.5019,30.7213],[-87.5106,30.7329],[-87.53,30.741],[-87.536,30.7612],[-87.546,30.7721],[-87.5454,30.7794],[-87.5796,30.8109],[-87.6001,30.8205],[-87.6043,30.8314],[-87.6152,30.8342],[-87.6267,30.8473],[-87.626,30.8574],[-87.6349,30.8665],[-87.6291,30.8804],[-87.6203,30.8874],[-87.6218,30.8977],[-87.6155,30.9021],[-87.589,30.9614],[-87.5988,30.9975],[-87.1637,30.999],[-87.1612,31.0076],[-87.1415,31.0138],[-87.1462,31.0171],[-87.1348,31.0244],[-87.1331,31.0325],[-87.1276,31.025],[-87.1262,31.0309],[-87.1153,31.0347],[-87.1167,31.0445],[-87.1094,31.0426],[-87.1097,31.0538],[-87.1005,31.0541],[-87.0983,31.0698],[-87.0852,31.0763],[-87.0819,31.0909],[-87.0487,31.1098],[-87.0473,31.1033],[-87.0298,31.108],[-87.0041,31.1016],[-86.991,31.0853],[-86.9858,31.0898],[-86.9865,31.0692],[-86.9736,31.0725],[-86.9655,31.083],[-86.958,31.0809],[-86.9493,31.0951],[-86.9263,31.0874],[-86.9218,31.0933],[-86.9273,31.0941],[-86.9265,31.0993],[-86.9179,31.0965],[-86.9175,31.1009],[-86.9298,31.1056],[-86.9242,31.121],[-86.9317,31.1375],[-86.9431,31.144],[-86.9381,31.1593],[-86.9551,31.161],[-86.9586,31.1664],[-86.9426,31.2019],[-86.9479,31.2355],[-86.9442,31.2431],[-86.9264,31.2426],[-86.9212,31.2503],[-86.9223,31.2616],[-87.4892,31.2601],[-87.5073,31.2488],[-87.5259,31.247],[-87.536,31.2373],[-87.559,31.2273],[-87.5865,31.239],[-87.6159,31.2445],[-87.6154,31.041],[-87.635,31.0337],[-87.7149,30.9794],[-87.6982,30.9828],[-87.7033,30.9698],[-87.6996,30.9619],[-87.692,30.9603],[-87.6884,30.9496],[-87.6968,30.9416],[-87.6905,30.9414],[-87.6847,30.9339],[-87.7313,30.9032]]]},"properties":{"geoid":"01066","state":"01","district":"66","name":"State House District 66","chamber":"House"}},{"type":"Feature","geometry":{"type":"Polygon","coordinates":[[[-87.5254,32.6191],[-87.5245,32.4492],[-87.4444,32.4504],[-87.4227,32.4457],[-87.4217,32.3081],[-87.4731,32.3076],[-87.4719,32.2635],[-87.4444,32.2689],[-87.4362,32.2652],[-87.4375,32.2585],[-87.4232,32.2443],[-87.4084,32.2366],[-87.3919,32.2397],[-87.3867,32.2325],[-87.3886,32.2229],[-87.3746,32.222],[-87.3736,32.2098],[-87.3622,32.2028],[-87.3635,32.1961],[-87.354,32.202],[-87.3504,32.1976],[-87.3459,32.1983],[-87.3476,32.202],[-87.3284,32.1952],[-87.3252,32.1994],[-87.3206,32.1931],[-87.3232,32.1836],[-87.3175,32.1849],[-87.3163,32.1803],[-87.3106,32.1852],[-87.3125,32.1774],[-87.3072,32.1758],[-87.3046,32.1674],[-87.2984,32.1673],[-87.3021,32.1636],[-87.2918,32.1674],[-87.2826,32.1445],[-87.2741,32.1451],[-87.2725,32.1493],[-87.2694,32.144],[-87.2566,32.1447],[-87.2583,32.1397],[-87.252,32.1426],[-87.2612,32.1238],[-87.2584,32.1204],[-87.2449,32.122],[-87.2356,32.1134],[-87.2339,32.1014],[-87.2232,32.0935],[-87.205,32.0936],[-87.196,32.0844],[-87.19,32.0861],[-87.1947,32.0757],[-87.1888,32.0676],[-87.1756,32.0647],[-87.1779,32.0558],[-87.1741,32.0524],[-87.1779,32.0475],[-86.907,32.048],[-86.9083,32.225],[-86.8103,32.2247],[-86.8104,32.2376],[-86.8197,32.2336],[-86.8344,32.2367],[-86.8545,32.2558],[-86.8647,32.2736],[-86.8584,32.2841],[-86.8473,32.2879],[-86.849,32.2922],[-86.8261,32.306],[-86.8505,32.3099],[-86.8504,32.3289],[-86.8149,32.3408],[-86.8069,32.3518],[-86.8154,32.3708],[-86.8291,32.3808],[-86.8451,32.4052],[-86.8445,32.4165],[-86.8244,32.4247],[-86.8499,32.4383],[-86.8667,32.4378],[-86.8599,32.4506],[-86.8644,32.4584],[-86.8697,32.4585],[-86.8691,32.4683],[-86.8852,32.4822],[-86.8791,32.4864],[-86.8841,32.4909],[-86.8819,32.4955],[-86.8904,32.5025],[-86.8905,32.5135],[-86.9038,32.5305],[-86.9019,32.5359],[-86.9067,32.537],[-86.9031,32.5406],[-86.9067,32.5435],[-86.9047,32.5541],[-86.8996,32.557],[-86.8987,32.5774],[-86.9054,32.5889],[-86.9059,32.6081],[-86.9123,32.6115],[-86.9109,32.6291],[-86.9189,32.6438],[-86.9132,32.648],[-86.9212,32.6565],[-86.9176,32.6642],[-87.0177,32.6633],[-87.0192,32.837],[-87.3192,32.8315],[-87.3195,32.8751],[-87.4212,32.8745],[-87.4214,32.8308],[-87.4722,32.8306],[-87.4739,32.6559],[-87.5252,32.6557],[-87.5254,32.6191]]]},"properties":{"geoid":"01067","state":"01","district":"67","name":"State House District 67","chamber":"House"}},{"type":"Feature","geometry":{"type":"Polygon","coordinates":[[[-88.1182,32.0534],[-88.1134,32.0412],[-88.1174,32.0168],[-88.1136,32.0062],[-88.0951,31.9931],[-88.0913,31.9948],[-88.0942,32.0037],[-88.0905,32.0071],[-88.0735,31.9902],[-87.8053,31.9905],[-87.7909,31.9734],[-87.7932,31.9626],[-87.7867,31.9547],[-87.8083,31.9485],[-87.8238,31.951],[-87.8051,31.9382],[-87.8039,31.9141],[-87.813,31.9149],[-87.8272,31.8979],[-87.8504,31.9026],[-87.8569,31.8962],[-87.8591,31.9021],[-87.8568,31.8815],[-87.8454,31.8671],[-87.843,31.8413],[-87.8296,31.8358],[-87.824,31.8118],[-87.8163,31.8216],[-87.8113,31.814],[-87.819,31.7952],[-87.8119,31.7932],[-87.7942,31.8069],[-87.7847,31.8071],[-87.7775,31.7977],[-87.7641,31.8022],[-87.7637,31.8118],[-87.7516,31.8175],[-87.7464,31.8631],[-87.7467,31.8518],[-87.7418,31.848],[-87.7407,31.8093],[-87.7058,31.8557],[-87.6902,31.8286],[-87.6745,31.8209],[-87.669,31.7993],[-87.6695,31.7894],[-87.6871,31.7723],[-87.6864,31.7944],[-87.6983,31.8022],[-87.7209,31.7908],[-87.7211,31.7816],[-87.7129,31.7835],[-87.7132,31.7765],[-87.7207,31.7763],[-87.7173,31.7707],[-87.7458,31.7428],[-87.7436,31.7354],[-87.7507,31.7297],[-87.7424,31.7186],[-87.7569,31.715],[-87.752,31.7052],[-87.7551,31.7016],[-87.7701,31.7065],[-87.7648,31.7034],[-87.7674,31.6953],[-87.7804,31.6961],[-87.7896,31.6997],[-87.7839,31.7142],[-87.7945,31.7143],[-87.7948,31.6853],[-87.7708,31.6852],[-87.7525,31.6574],[-87.7053,31.6317],[-87.7076,31.6248],[-87.7221,31.6134],[-87.7209,31.6063],[-87.7166,31.6067],[-87.7201,31.5965],[-87.7311,31.5946],[-87.7369,31.5861],[-87.758,31.577],[-87.7614,31.5676],[-87.7521,31.5534],[-87.7353,31.5597],[-87.733,31.5713],[-87.6931,31.5582],[-87.7068,31.5371],[-87.7187,31.528],[-87.7179,31.5168],[-87.7244,31.5005],[-87.7337,31.5013],[-87.7514,31.4904],[-87.7633,31.5016],[-87.7699,31.5156],[-87.7835,31.507],[-87.7914,31.5076],[-87.8056,31.5223],[-87.8183,31.519],[-87.8261,31.5232],[-87.835,31.5162],[-87.8333,31.5228],[-87.8558,31.5126],[-87.8499,31.5217],[-87.8569,31.5406],[-87.8803,31.5458],[-87.8923,31.5287],[-87.8917,31.514],[-87.886,31.5108],[-87.8982,31.5102],[-87.9012,31.5036],[-87.9081,31.5038],[-87.9026,31.5278],[-87.9277,31.5266],[-87.9365,31.5219],[-87.9255,31.5038],[-87.9063,31.4929],[-87.9191,31.4671],[-87.9155,31.4498],[-87.9354,31.4412],[-87.9198,31.4354],[-87.9111,31.4244],[-87.9274,31.4057],[-87.9137,31.4081],[-87.9045,31.401],[-87.9121,31.3945],[-87.9309,31.3952],[-87.9349,31.3844],[-87.9457,31.3763],[-87.9261,31.3799],[-87.9178,31.3757],[-87.9212,31.3873],[-87.9121,31.3909],[-87.8956,31.3814],[-87.8895,31.387],[-87.8924,31.396],[-87.8873,31.39],[-87.8928,31.3723],[-87.8893,31.3607],[-87.9072,31.3237],[-87.916,31.3241],[-87.9101,31.3341],[-87.9197,31.3406],[-87.9263,31.3107],[-87.9631,31.3146],[-87.9619,31.3058],[-87.9472,31.295],[-87.9574,31.2818],[-87.9529,31.2701],[-87.973,31.2709],[-87.987,31.2583],[-87.9829,31.2552],[-87.9718,31.2596],[-87.9634,31.2502],[-87.9475,31.2466],[-87.931,31.2271],[-87.9503,31.2042],[-87.9466,31.1929],[-87.9405,31.1898],[-87.9142,31.1867],[-87.9154,31.1907],[-87.9062,31.1992],[-87.8992,31.1974],[-87.8859,31.2054],[-87.8858,31.2014],[-87.8767,31.1984],[-87.8757,31.214],[-87.8698,31.2158],[-87.8599,31.2046],[-87.8495,31.2061],[-87.8638,31.2311],[-87.8546,31.2372],[-87.8413,31.2254],[-87.8356,31.2297],[-87.8446,31.2379],[-87.8375,31.2484],[-87.8434,31.256],[-87.8523,31.2537],[-87.8525,31.2585],[-87.8346,31.2584],[-87.8241,31.2793],[-87.7996,31.2695],[-87.7839,31.2778],[-87.809,31.3066],[-87.8089,31.3153],[-87.804,31.319],[-87.7989,31.3162],[-87.7933,31.3005],[-87.7716,31.2937],[-87.7601,31.2996],[-87.75,31.2969],[-87.7382,31.3027],[-87.7143,31.3021],[-87.7022,31.2856],[-87.6906,31.2829],[-87.6764,31.262],[-87.6606,31.2519],[-87.6412,31.2444],[-87.5865,31.239],[-87.5593,31.2273],[-87.5396,31.2351],[-87.5259,31.247],[-87.5073,31.2488],[-87.4892,31.2601],[-87.4275,31.2604],[-87.4208,31.2765],[-87.3958,31.2991],[-87.3598,31.3177],[-87.3461,31.3505],[-87.3322,31.3553],[-87.3184,31.3782],[-87.2967,31.4013],[-87.2743,31.411],[-87.2686,31.4207],[-87.2251,31.4549],[-87.2241,31.4477],[-87.2025,31.4329],[-87.1939,31.421],[-87.1477,31.4256],[-87.1514,31.3795],[-87.13,31.3704],[-87.1299,31.3483],[-87.1237,31.3431],[-87.0847,31.3419],[-87.0548,31.3487],[-87.0197,31.2994],[-87.0123,31.3019],[-87.0192,31.3178],[-86.9931,31.3418],[-86.9872,31.363],[-86.9542,31.4005],[-86.9555,31.4051],[-86.9444,31.407],[-86.9053,31.3927],[-86.9101,31.4144],[-86.9213,31.4178],[-86.9112,31.438],[-86.8769,31.4387],[-86.8684,31.4332],[-86.8581,31.4335],[-86.8463,31.4372],[-86.8404,31.4465],[-86.8308,31.4505],[-86.8633,31.4747],[-86.8722,31.478],[-86.8971,31.4753],[-86.9015,31.4844],[-86.8928,31.4849],[-86.881,31.4961],[-86.8672,31.5008],[-86.8749,31.5078],[-86.8585,31.5224],[-86.838,31.5252],[-86.8435,31.5357],[-86.8525,31.5363],[-86.8665,31.5466],[-86.8746,31.578],[-86.8881,31.5922],[-86.8938,31.6162],[-86.9068,31.6327],[-86.9069,31.8306],[-87.5026,31.8292],[-87.5311,31.8394],[-87.5332,31.859],[-87.5174,31.8965],[-87.5168,31.9154],[-87.4944,31.9201],[-87.4872,31.9262],[-87.5208,31.9557],[-87.5219,31.9658],[-87.5149,31.9681],[-87.522,31.9716],[-87.5159,31.986],[-87.518,31.9954],[-87.5457,32.0026],[-87.5515,32.0247],[-87.5569,32.0286],[-87.5598,32.0538],[-87.5664,32.0531],[-87.577,32.0854],[-87.564,32.1233],[-87.555,32.1327],[-87.5219,32.1328],[-87.5222,32.2571],[-87.5141,32.266],[-87.5037,32.269],[-87.4722,32.2649],[-87.4731,32.3076],[-87.4217,32.3081],[-87.4227,32.4457],[-87.4444,32.4504],[-87.5245,32.4492],[-87.5245,32.482],[-87.7106,32.4808],[-87.7132,32.4446],[-87.6992,32.4229],[-87.6942,32.396],[-87.7064,32.3345],[-87.7123,32.3262],[-87.7306,32.3305],[-87.7526,32.3284],[-87.7715,32.32],[-87.7866,32.323],[-87.792,32.3289],[-87.7999,32.3198],[-87.795,32.2787],[-87.7903,32.2786],[-87.7903,32.2914],[-87.7829,32.2921],[-87.7836,32.2989],[-87.7787,32.299],[-87.7688,32.2901],[-87.7682,32.2824],[-87.7639,32.2826],[-87.764,32.287],[-87.7322,32.2805],[-87.7385,32.2773],[-87.7359,32.2613],[-87.7014,32.2414],[-87.7344,32.2021],[-87.729,32.1984],[-87.7307,32.1792],[-87.7361,32.1764],[-87.7348,32.1583],[-87.7505,32.1464],[-87.7519,32.14],[-87.7572,32.1406],[-87.7453,32.1282],[-87.7591,32.119],[-87.7739,32.116],[-87.773,32.1018],[-87.7831,32.0967],[-87.8117,32.0944],[-87.8321,32.0982],[-87.8593,32.0884],[-87.8537,32.0805],[-87.8527,32.0633],[-87.837,32.0512],[-87.8364,32.0394],[-87.8438,32.0381],[-87.8539,32.0477],[-87.8667,32.0449],[-87.8791,32.051],[-87.8928,32.0507],[-87.8967,32.0562],[-87.9172,32.0562],[-87.9213,32.0513],[-87.9273,32.0557],[-87.9161,32.062],[-87.9179,32.0721],[-87.9022,32.0682],[-87.8968,32.072],[-87.8898,32.0889],[-87.9009,32.088],[-87.8958,32.0967],[-87.9057,32.1172],[-87.9014,32.1329],[-87.9058,32.1424],[-87.9188,32.1394],[-87.9339,32.155],[-87.9548,32.1617],[-87.9688,32.1743],[-88.0092,32.1706],[-88.0214,32.145],[-88.039,32.1425],[-88.0427,32.1211],[-88.0521,32.1035],[-88.0447,32.0823],[-88.0682,32.0624],[-88.0916,32.0711],[-88.1182,32.0534]]]},"properties":{"geoid":"01068","state":"01","district":"68","name":"State House District 68","chamber":"House"}},{"type":"Feature","geometry":{"type":"Polygon","coordinates":[[[-87.5772,32.0839],[-87.5664,32.0531],[-87.5598,32.0538],[-87.5569,32.0286],[-87.5515,32.0247],[-87.5455,32.0023],[-87.518,31.9954],[-87.5159,31.986],[-87.522,31.9716],[-87.5149,31.9681],[-87.5219,31.9658],[-87.5208,31.9557],[-87.4872,31.9262],[-87.4944,31.9201],[-87.5173,31.9145],[-87.5174,31.8965],[-87.5345,31.8509],[-87.5282,31.837],[-87.5026,31.8292],[-86.9069,31.8306],[-86.9089,31.9617],[-86.405,31.9638],[-86.406,32.0368],[-86.3964,32.037],[-86.3965,32.044],[-86.4062,32.0438],[-86.4083,32.21],[-86.3898,32.2272],[-86.3736,32.226],[-86.3661,32.2144],[-86.3489,32.2108],[-86.3446,32.2405],[-86.3228,32.22],[-86.3008,32.2195],[-86.2954,32.2417],[-86.307,32.2786],[-86.307,32.3073],[-86.32,32.3132],[-86.3248,32.3097],[-86.3288,32.3142],[-86.3404,32.3144],[-86.3549,32.3232],[-86.3849,32.3232],[-86.3899,32.3323],[-86.3876,32.3391],[-86.3949,32.347],[-86.4361,32.3313],[-86.4431,32.3192],[-86.4432,32.3005],[-86.4847,32.2845],[-86.4893,32.2873],[-86.4848,32.29],[-86.4897,32.2934],[-86.4882,32.2989],[-86.484,32.2991],[-86.4909,32.3025],[-86.4827,32.3131],[-86.4883,32.3184],[-86.4802,32.3151],[-86.4817,32.324],[-86.4734,32.3244],[-86.4785,32.3283],[-86.475,32.332],[-86.4864,32.3295],[-86.4786,32.3398],[-86.4985,32.3394],[-86.4903,32.3482],[-86.4926,32.3631],[-86.486,32.3669],[-86.476,32.3647],[-86.4625,32.3781],[-86.4613,32.4035],[-86.456,32.409],[-86.4645,32.4204],[-86.4601,32.4254],[-86.4628,32.4356],[-86.4422,32.4396],[-86.4605,32.4524],[-86.4603,32.4597],[-86.4507,32.4603],[-86.4536,32.4894],[-86.4789,32.4893],[-86.487,32.5074],[-86.4954,32.511],[-86.5115,32.5302],[-86.5255,32.5172],[-86.5407,32.5313],[-86.552,32.5753],[-86.5478,32.612],[-86.5633,32.6027],[-86.6595,32.5997],[-86.6673,32.6081],[-86.6801,32.5936],[-86.6821,32.5736],[-86.7178,32.6101],[-86.7347,32.6194],[-86.7388,32.6283],[-86.7627,32.6465],[-86.7715,32.6607],[-86.9176,32.6642],[-86.9212,32.6565],[-86.9132,32.648],[-86.9189,32.6438],[-86.9109,32.6291],[-86.9123,32.6115],[-86.9059,32.6081],[-86.9054,32.5889],[-86.8987,32.5774],[-86.8996,32.557],[-86.9047,32.5541],[-86.9067,32.5435],[-86.9031,32.5406],[-86.9067,32.537],[-86.9019,32.5359],[-86.9038,32.5305],[-86.8905,32.5135],[-86.8904,32.5025],[-86.8819,32.4955],[-86.8841,32.4909],[-86.8791,32.4864],[-86.8852,32.4822],[-86.8691,32.4683],[-86.8697,32.4585],[-86.8644,32.4584],[-86.8599,32.4506],[-86.8667,32.4378],[-86.8499,32.4383],[-86.8244,32.4247],[-86.8445,32.4165],[-86.8451,32.4052],[-86.8291,32.3808],[-86.8154,32.3708],[-86.8069,32.3518],[-86.8149,32.3408],[-86.8504,32.3289],[-86.8505,32.3099],[-86.8261,32.306],[-86.849,32.2922],[-86.8473,32.2879],[-86.8584,32.2841],[-86.8647,32.2736],[-86.8545,32.2558],[-86.8344,32.2367],[-86.8197,32.2336],[-86.8104,32.2376],[-86.8103,32.2247],[-86.9083,32.225],[-86.907,32.048],[-87.1779,32.0475],[-87.1741,32.0524],[-87.1779,32.0558],[-87.1756,32.0647],[-87.1888,32.0676],[-87.1947,32.0757],[-87.19,32.0861],[-87.196,32.0844],[-87.205,32.0936],[-87.2232,32.0935],[-87.2339,32.1014],[-87.2356,32.1134],[-87.2449,32.122],[-87.2598,32.1219],[-87.252,32.1426],[-87.2583,32.1397],[-87.2566,32.1447],[-87.2694,32.144],[-87.2725,32.1493],[-87.2741,32.1451],[-87.2826,32.1445],[-87.2918,32.1674],[-87.3021,32.1636],[-87.2984,32.1673],[-87.3046,32.1674],[-87.3072,32.1758],[-87.3125,32.1774],[-87.3106,32.1852],[-87.3163,32.1803],[-87.3175,32.1849],[-87.3232,32.1836],[-87.3206,32.1931],[-87.3252,32.1994],[-87.3284,32.1952],[-87.3476,32.202],[-87.3459,32.1983],[-87.3504,32.1976],[-87.354,32.202],[-87.3649,32.1969],[-87.362,32.2024],[-87.3735,32.2096],[-87.3746,32.222],[-87.3886,32.2229],[-87.3867,32.2325],[-87.3916,32.2394],[-87.4091,32.2367],[-87.4232,32.2443],[-87.4375,32.2585],[-87.4362,32.2652],[-87.4446,32.2689],[-87.4708,32.263],[-87.477,32.268],[-87.5037,32.269],[-87.5141,32.266],[-87.5222,32.2571],[-87.5219,32.1328],[-87.555,32.1327],[-87.564,32.1233],[-87.5772,32.0839]]]},"properties":{"geoid":"01069","state":"01","district":"69","name":"State House District 69","chamber":"House"}},{"type":"Feature","geometry":{"type":"Polygon","coordinates":[[[-87.5728,33.1409],[-87.5554,33.1407],[-87.5559,33.1474],[-87.5475,33.1504],[-87.5473,33.146],[-87.5388,33.1449],[-87.526,33.1482],[-87.4884,33.1299],[-87.4696,33.1413],[-87.4555,33.1354],[-87.4493,33.1445],[-87.4519,33.1591],[-87.4561,33.1597],[-87.4542,33.1727],[-87.4647,33.1737],[-87.4656,33.182],[-87.4551,33.1894],[-87.4791,33.1972],[-87.4739,33.1994],[-87.4753,33.2062],[-87.4852,33.2061],[-87.4912,33.2116],[-87.492,33.2224],[-87.4871,33.2257],[-87.5092,33.2165],[-87.5232,33.2189],[-87.5286,33.2156],[-87.5243,33.2092],[-87.5257,33.1972],[-87.4858,33.1956],[-87.5133,33.1857],[-87.5028,33.1759],[-87.5248,33.1714],[-87.526,33.1872],[-87.5423,33.1913],[-87.5431,33.1965],[-87.5507,33.1991],[-87.5689,33.1997],[-87.5631,33.1861],[-87.5728,33.1409]]]},"properties":{"geoid":"01070","state":"01","district":"70","name":"State House District 70","chamber":"House"}},{"type":"Feature","geometry":{"type":"Polygon","coordinates":[[[-88.4213,32.3098],[-87.9307,32.3106],[-87.9282,32.2878],[-87.9336,32.2824],[-87.9455,32.2848],[-87.9382,32.2937],[-87.9379,32.303],[-87.9457,32.3051],[-87.9656,32.2972],[-87.9773,32.3082],[-87.9901,32.2947],[-88.0062,32.2953],[-88.0043,32.2831],[-88.0191,32.2852],[-88.0202,32.2736],[-88.0084,32.2552],[-88.0152,32.238],[-88.0075,32.2193],[-88.0128,32.2031],[-88.0071,32.1853],[-88.0111,32.17],[-87.9688,32.1743],[-87.9548,32.1617],[-87.9339,32.155],[-87.9188,32.1394],[-87.9091,32.1436],[-87.9031,32.1377],[-87.9057,32.1172],[-87.8958,32.0964],[-87.9009,32.088],[-87.8898,32.0889],[-87.9022,32.0682],[-87.9179,32.0721],[-87.9161,32.062],[-87.9251,32.0597],[-87.9252,32.0534],[-87.8967,32.0562],[-87.8928,32.0507],[-87.8791,32.051],[-87.8667,32.0449],[-87.8539,32.0477],[-87.8455,32.0387],[-87.8364,32.0394],[-87.8371,32.0515],[-87.8531,32.0639],[-87.8537,32.0805],[-87.8593,32.0884],[-87.8321,32.0982],[-87.8117,32.0944],[-87.7831,32.0967],[-87.773,32.1018],[-87.7739,32.116],[-87.7591,32.119],[-87.7453,32.1282],[-87.7572,32.1406],[-87.7519,32.14],[-87.7505,32.1464],[-87.7348,32.1583],[-87.7361,32.1764],[-87.7307,32.1792],[-87.729,32.1984],[-87.7344,32.2021],[-87.7014,32.2414],[-87.7359,32.2613],[-87.7385,32.2773],[-87.7322,32.2805],[-87.764,32.287],[-87.7639,32.2826],[-87.7682,32.2824],[-87.7688,32.2901],[-87.7787,32.299],[-87.7836,32.2989],[-87.7829,32.2921],[-87.7903,32.2914],[-87.7903,32.2786],[-87.795,32.2787],[-87.8,32.3195],[-87.792,32.3289],[-87.7866,32.323],[-87.7715,32.32],[-87.7526,32.3284],[-87.7306,32.3305],[-87.7123,32.3262],[-87.7064,32.3345],[-87.6963,32.3712],[-87.6953,32.4082],[-87.7132,32.4446],[-87.7106,32.4808],[-87.7287,32.4809],[-87.7285,32.5245],[-87.8126,32.5246],[-87.8186,32.5179],[-87.8234,32.5204],[-87.8238,32.53],[-87.8166,32.5376],[-87.8233,32.5443],[-87.8433,32.5473],[-87.8534,32.5321],[-87.8624,32.5327],[-87.8745,32.5457],[-87.875,32.5718],[-87.8984,32.5923],[-87.8988,32.5975],[-87.8826,32.6097],[-87.8668,32.6088],[-87.8621,32.6065],[-87.8638,32.5957],[-87.8554,32.5901],[-87.8409,32.6058],[-87.8598,32.6212],[-87.879,32.622],[-87.9048,32.6146],[-87.9167,32.6285],[-87.9308,32.632],[-88.0099,32.6007],[-88.0579,32.5939],[-88.0806,32.6221],[-88.0798,32.6363],[-88.0747,32.6417],[-88.0562,32.6441],[-88.0527,32.6608],[-88.058,32.6744],[-88.0409,32.6903],[-88.0537,32.6974],[-88.0703,32.6865],[-88.0933,32.6838],[-88.1101,32.6908],[-88.1168,32.6985],[-88.0879,32.7074],[-88.0815,32.7206],[-88.1033,32.7427],[-88.1088,32.7727],[-88.1002,32.7802],[-88.0778,32.7733],[-88.0645,32.7922],[-88.0748,32.8054],[-88.1037,32.7969],[-88.1351,32.8338],[-88.1433,32.8319],[-88.1495,32.824],[-88.1613,32.8299],[-88.1783,32.8285],[-88.1815,32.8361],[-88.1671,32.8376],[-88.1585,32.8458],[-88.1557,32.859],[-88.1657,32.8607],[-88.1808,32.8727],[-88.1898,32.9107],[-88.2033,32.9168],[-88.2075,32.9241],[-88.1983,32.9356],[-88.1797,32.9313],[-88.1732,32.9352],[-88.1723,32.9429],[-88.1872,32.952],[-88.1892,32.9584],[-88.1853,32.9619],[-88.1669,32.954],[-88.1581,32.9609],[-88.1573,32.9646],[-88.1685,32.9721],[-88.1718,33.0087],[-88.1632,33.0195],[-88.1429,33.0254],[-88.1488,33.0378],[-88.1432,33.0359],[-88.1409,33.0412],[-88.1305,33.0365],[-88.1169,33.0423],[-88.1078,33.0336],[-88.0905,33.0391],[-88.085,33.0361],[-88.0798,33.0386],[-88.0851,33.0415],[-88.084,33.0456],[-88.0738,33.0442],[-88.0743,33.0493],[-88.0802,33.0487],[-88.0749,33.0528],[-88.065,33.0513],[-88.0571,33.0397],[-88.0494,33.0391],[-88.0434,33.0326],[-88.0466,33.0367],[-88.0414,33.0414],[-88.0314,33.0425],[-88.0393,33.059],[-88.0323,33.0529],[-88.0273,33.0559],[-88.0313,33.0616],[-88.0114,33.0713],[-87.99,33.0729],[-87.9807,33.081],[-87.9688,33.0776],[-87.9383,33.1147],[-87.9334,33.1132],[-87.9267,33.1214],[-87.9234,33.117],[-87.9131,33.1235],[-87.9061,33.1214],[-87.9024,33.1281],[-87.8851,33.1318],[-87.8648,33.1434],[-87.8564,33.1402],[-87.8378,33.1537],[-87.838,33.1369],[-87.8117,33.1369],[-87.7847,33.1293],[-87.7538,33.1455],[-87.7469,33.1579],[-87.7324,33.168],[-87.7126,33.1512],[-87.7026,33.1576],[-87.6925,33.1571],[-87.6855,33.1363],[-87.6733,33.1247],[-87.654,33.1158],[-87.6438,33.1296],[-87.6213,33.1445],[-87.5882,33.1558],[-87.5904,33.1614],[-87.6213,33.1481],[-87.6351,33.1507],[-87.6114,33.1802],[-87.5819,33.1862],[-87.5817,33.1921],[-87.5775,33.19],[-87.5775,33.2006],[-87.5668,33.1998],[-87.5763,33.22],[-87.5766,33.239],[-87.6036,33.2374],[-87.6036,33.2296],[-87.6181,33.2303],[-87.6193,33.2268],[-87.6287,33.2328],[-87.655,33.2372],[-87.7171,33.2666],[-87.7785,33.2788],[-87.838,33.2841],[-87.8383,33.2539],[-87.8707,33.2622],[-87.8766,33.2706],[-87.8882,33.2728],[-87.9032,33.2648],[-87.9079,33.2802],[-87.9198,33.2888],[-87.9239,33.287],[-87.9293,33.2642],[-87.9423,33.2599],[-87.9443,33.2472],[-87.9592,33.233],[-87.9651,33.2151],[-87.981,33.2001],[-88.0305,33.2003],[-88.0697,33.1897],[-88.071,33.1937],[-88.0766,33.1924],[-88.076,33.1992],[-88.1174,33.1927],[-88.1311,33.2009],[-88.1442,33.2012],[-88.1583,33.2165],[-88.1725,33.2216],[-88.169,33.2488],[-88.1774,33.2464],[-88.1823,33.2741],[-88.1957,33.2849],[-88.2123,33.2817],[-88.2277,33.2713],[-88.2243,33.2431],[-88.2177,33.2437],[-88.2174,33.2377],[-88.2281,33.235],[-88.2277,33.2279],[-88.2485,33.2197],[-88.2583,33.2035],[-88.2742,33.2147],[-88.2735,33.2266],[-88.3116,33.2298],[-88.4213,32.3098]]]},"properties":{"geoid":"01071","state":"01","district":"71","name":"State House District 71","chamber":"House"}},{"type":"Feature","geometry":{"type":"Polygon","coordinates":[[[-88.2073,32.9248],[-88.2033,32.9168],[-88.1898,32.9107],[-88.1808,32.8727],[-88.1657,32.8607],[-88.1557,32.859],[-88.1585,32.8458],[-88.1671,32.8376],[-88.1815,32.8361],[-88.1783,32.8285],[-88.1613,32.8299],[-88.1495,32.824],[-88.1433,32.8319],[-88.1351,32.8338],[-88.1037,32.7969],[-88.0748,32.8054],[-88.0645,32.7922],[-88.0778,32.7733],[-88.1002,32.7802],[-88.1088,32.7727],[-88.1033,32.7427],[-88.0815,32.7206],[-88.0879,32.7074],[-88.1168,32.6985],[-88.1101,32.6908],[-88.0933,32.6838],[-88.0703,32.6865],[-88.0537,32.6974],[-88.0409,32.6903],[-88.058,32.6744],[-88.0527,32.6608],[-88.0562,32.6441],[-88.077,32.6408],[-88.0811,32.6284],[-88.0792,32.6197],[-88.0573,32.5934],[-87.9802,32.6097],[-87.9308,32.632],[-87.9167,32.6285],[-87.9048,32.6146],[-87.879,32.622],[-87.8598,32.6212],[-87.8409,32.6058],[-87.8554,32.5901],[-87.8638,32.5957],[-87.8621,32.6065],[-87.8668,32.6088],[-87.8826,32.6097],[-87.8988,32.5975],[-87.8984,32.5923],[-87.875,32.5718],[-87.8745,32.5457],[-87.8624,32.5327],[-87.8534,32.5321],[-87.8433,32.5473],[-87.8233,32.5443],[-87.8166,32.5376],[-87.8238,32.53],[-87.8234,32.5204],[-87.8186,32.5179],[-87.8126,32.5246],[-87.7285,32.5245],[-87.7287,32.4809],[-87.5245,32.482],[-87.5252,32.6557],[-87.4739,32.6559],[-87.4722,32.8306],[-87.4214,32.8308],[-87.4212,32.8745],[-87.3195,32.8751],[-87.3192,32.8315],[-87.2034,32.8354],[-87.2005,32.8422],[-87.2077,32.843],[-87.2066,32.85],[-87.1967,32.8569],[-87.1933,32.8539],[-87.1862,32.8611],[-87.1866,32.8691],[-87.1731,32.8755],[-87.1673,32.8715],[-87.1718,32.8893],[-87.1596,32.8887],[-87.1646,32.8844],[-87.1596,32.8822],[-87.1487,32.8879],[-87.1434,32.9024],[-87.1351,32.9004],[-87.1303,32.9047],[-87.1481,32.9216],[-87.139,32.9376],[-87.1403,32.9779],[-87.1463,32.9799],[-87.1492,32.9998],[-87.1358,33.0432],[-87.1579,33.0566],[-87.1618,33.0407],[-87.1585,33.0328],[-87.169,33.0237],[-87.1703,33.0299],[-87.1815,33.0286],[-87.1835,33.0368],[-87.1791,33.0385],[-87.1881,33.0562],[-87.1936,33.0568],[-87.1923,33.0493],[-87.1988,33.0462],[-87.2101,33.0521],[-87.2186,33.043],[-87.2255,33.0453],[-87.2623,33.0812],[-87.282,33.071],[-87.2858,33.0644],[-87.3013,33.0656],[-87.3148,33.0587],[-87.3185,33.0062],[-87.7157,33.0068],[-87.7127,33.0156],[-87.7052,33.0134],[-87.698,33.0195],[-87.6935,33.0122],[-87.6853,33.011],[-87.6735,33.027],[-87.6692,33.0159],[-87.6644,33.0155],[-87.6561,33.0312],[-87.643,33.0275],[-87.6431,33.019],[-87.6365,33.0097],[-87.6266,33.0132],[-87.6245,33.0166],[-87.638,33.0401],[-87.6237,33.0462],[-87.6301,33.0598],[-87.6031,33.063],[-87.5859,33.0788],[-87.5845,33.0835],[-87.589,33.0856],[-87.5764,33.093],[-87.5752,33.0985],[-87.5635,33.0992],[-87.5546,33.1096],[-87.5279,33.1169],[-87.5301,33.1286],[-87.5535,33.1285],[-87.5489,33.1403],[-87.5728,33.1409],[-87.5631,33.1861],[-87.569,33.1998],[-87.5775,33.2006],[-87.5775,33.19],[-87.5817,33.1921],[-87.5819,33.1862],[-87.6114,33.1802],[-87.6351,33.1507],[-87.6213,33.1481],[-87.5904,33.1614],[-87.5882,33.1558],[-87.6213,33.1445],[-87.6438,33.1296],[-87.654,33.1158],[-87.6733,33.1247],[-87.6855,33.1363],[-87.6925,33.1571],[-87.7026,33.1576],[-87.7126,33.1512],[-87.7324,33.168],[-87.7469,33.1579],[-87.7538,33.1455],[-87.7847,33.1293],[-87.8117,33.1369],[-87.838,33.1369],[-87.8378,33.1537],[-87.8564,33.1402],[-87.8648,33.1434],[-87.8851,33.1318],[-87.9024,33.1281],[-87.9061,33.1214],[-87.9131,33.1235],[-87.9234,33.117],[-87.9267,33.1214],[-87.9334,33.1132],[-87.9383,33.1147],[-87.9688,33.0776],[-87.9807,33.081],[-87.99,33.0729],[-88.0114,33.0713],[-88.0313,33.0616],[-88.0273,33.0559],[-88.0323,33.0529],[-88.0393,33.059],[-88.0314,33.0425],[-88.0414,33.0414],[-88.0466,33.0367],[-88.0434,33.0326],[-88.0494,33.0391],[-88.0571,33.0397],[-88.065,33.0513],[-88.0749,33.0528],[-88.0802,33.0487],[-88.0743,33.0493],[-88.0738,33.0442],[-88.084,33.0456],[-88.0851,33.0415],[-88.0798,33.0386],[-88.085,33.0361],[-88.1031,33.0375],[-88.1057,33.0334],[-88.1161,33.0422],[-88.1313,33.0364],[-88.1418,33.0412],[-88.1432,33.0359],[-88.1503,33.0362],[-88.1429,33.0254],[-88.1632,33.0195],[-88.1718,33.0087],[-88.1685,32.9721],[-88.1573,32.9646],[-88.1581,32.9609],[-88.1669,32.954],[-88.1853,32.9619],[-88.1892,32.9584],[-88.1872,32.952],[-88.1723,32.9429],[-88.1732,32.9352],[-88.1797,32.9313],[-88.1983,32.9356],[-88.2073,32.9248]]]},"properties":{"geoid":"01072","state":"01","district":"72","name":"State House District 72","chamber":"House"}},{"type":"Feature","geometry":{"type":"Polygon","coordinates":[[[-86.8631,33.2118],[-86.8508,33.2101],[-86.841,33.1979],[-86.8268,33.2005],[-86.8255,33.1916],[-86.848,33.1897],[-86.8476,33.1858],[-86.8387,33.1808],[-86.822,33.1809],[-86.8225,33.1503],[-86.8009,33.1475],[-86.8018,33.1696],[-86.7768,33.1678],[-86.788,33.1993],[-86.801,33.2146],[-86.7942,33.2175],[-86.7855,33.2115],[-86.7787,33.2258],[-86.7731,33.2281],[-86.7739,33.2353],[-86.7537,33.2483],[-86.7143,33.248],[-86.7078,33.255],[-86.7115,33.259],[-86.7075,33.263],[-86.7219,33.2604],[-86.7195,33.2637],[-86.733,33.2671],[-86.7309,33.2755],[-86.7443,33.2856],[-86.7023,33.313],[-86.7057,33.3174],[-86.7194,33.3151],[-86.7267,33.3216],[-86.7314,33.3144],[-86.7485,33.3116],[-86.7529,33.2968],[-86.7744,33.2975],[-86.77,33.3047],[-86.7787,33.3049],[-86.7785,33.3156],[-86.7829,33.3147],[-86.7797,33.3541],[-86.8025,33.343],[-86.8199,33.3203],[-86.8264,33.2965],[-86.8436,33.2964],[-86.8415,33.29],[-86.8527,33.2815],[-86.8447,33.2649],[-86.8368,33.2666],[-86.8391,33.2535],[-86.8316,33.2548],[-86.8288,33.2443],[-86.8397,33.2362],[-86.8394,33.2258],[-86.8246,33.2189],[-86.8268,33.215],[-86.8631,33.2118]]]},"properties":{"geoid":"01073","state":"01","district":"73","name":"State House District 73","chamber":"House"}},{"type":"Feature","geometry":{"type":"Polygon","coordinates":[[[-86.2887,32.4083],[-86.2739,32.4105],[-86.271,32.3724],[-86.2635,32.3784],[-86.2468,32.3803],[-86.2441,32.3707],[-86.244,32.3591],[-86.2713,32.366],[-86.2611,32.3494],[-86.2651,32.328],[-86.2609,32.3164],[-86.2764,32.3025],[-86.247,32.3039],[-86.2515,32.3102],[-86.2391,32.3105],[-86.2388,32.3068],[-86.2291,32.3157],[-86.2454,32.3272],[-86.2314,32.3311],[-86.2094,32.3714],[-86.2177,32.4121],[-86.2289,32.4217],[-86.2769,32.4244],[-86.2842,32.4231],[-86.2887,32.4083]]]},"properties":{"geoid":"01074","state":"01","district":"74","name":"State House District 74","chamber":"House"}},{"type":"Feature","geometry":{"type":"Polygon","coordinates":[[[-86.2668,32.5051],[-86.2371,32.495],[-86.2371,32.4861],[-86.23,32.4898],[-86.2214,32.4802],[-86.2271,32.4779],[-86.2278,32.4697],[-86.2215,32.4681],[-86.2127,32.4742],[-86.2009,32.4513],[-86.1897,32.4567],[-86.1812,32.4486],[-86.1949,32.4392],[-86.19,32.4321],[-86.1802,32.433],[-86.1798,32.4142],[-86.1707,32.4114],[-86.1709,32.4052],[-86.1599,32.4092],[-86.1084,32.3988],[-86.1048,32.3934],[-86.1029,32.3665],[-86.1387,32.368],[-86.1714,32.3619],[-86.1735,32.3525],[-86.166,32.3481],[-86.1621,32.328],[-86.1742,32.3088],[-86.1755,32.2949],[-86.1906,32.2919],[-86.119,32.2279],[-86.1172,32.1681],[-86.1126,32.1559],[-86.0838,32.1591],[-86.0831,32.1637],[-86.0667,32.1684],[-86.0381,32.1447],[-85.9979,32.1416],[-85.9993,32.2502],[-85.9865,32.2506],[-85.9866,32.2723],[-85.9186,32.2766],[-85.9487,32.2955],[-85.9543,32.3022],[-85.9585,32.3235],[-85.9664,32.3251],[-85.9669,32.332],[-85.9914,32.3361],[-85.9942,32.3606],[-86.0003,32.3627],[-85.999,32.3672],[-86.0054,32.3691],[-86.0148,32.3851],[-86.011,32.4051],[-86.0203,32.41],[-86.0232,32.4192],[-86.0084,32.4283],[-85.9926,32.4301],[-85.9905,32.4353],[-85.9965,32.4458],[-85.9921,32.4525],[-85.9842,32.4396],[-85.9767,32.4431],[-85.9743,32.4463],[-85.9803,32.4523],[-85.9681,32.4511],[-85.9663,32.4649],[-85.9549,32.4712],[-85.9456,32.4885],[-85.9371,32.4941],[-85.9419,32.5051],[-85.9525,32.5096],[-85.9529,32.523],[-85.9607,32.5368],[-85.9483,32.5367],[-85.9704,32.5706],[-85.9706,32.5773],[-86.0024,32.5797],[-85.9992,32.5575],[-86.0203,32.5357],[-86.0309,32.5354],[-86.044,32.5427],[-86.0501,32.5562],[-86.0637,32.5634],[-86.0791,32.5612],[-86.0749,32.553],[-86.0778,32.5479],[-86.1011,32.5538],[-86.1011,32.5739],[-86.0883,32.5805],[-86.0953,32.6001],[-86.0888,32.6063],[-86.0938,32.6168],[-86.0894,32.6287],[-86.1058,32.6167],[-86.1218,32.5907],[-86.1542,32.5797],[-86.1674,32.5908],[-86.1562,32.6219],[-86.1731,32.6232],[-86.1864,32.6152],[-86.1874,32.5939],[-86.2013,32.5804],[-86.1971,32.5698],[-86.1905,32.5675],[-86.1903,32.5521],[-86.2029,32.5435],[-86.2156,32.5259],[-86.258,32.522],[-86.2538,32.5066],[-86.2668,32.5051]]]},"properties":{"geoid":"01075","state":"01","district":"75","name":"State House District 75","chamber":"House"}},{"type":"Feature","geometry":{"type":"Polygon","coordinates":[[[-86.3487,32.3206],[-86.3404,32.3144],[-86.3288,32.3142],[-86.3248,32.3097],[-86.32,32.3132],[-86.307,32.3073],[-86.307,32.2786],[-86.2954,32.2417],[-86.3011,32.2112],[-86.3093,32.1956],[-86.3081,32.1612],[-86.268,32.1615],[-86.2423,32.1508],[-86.2301,32.1517],[-86.2146,32.163],[-86.2232,32.1831],[-86.2229,32.1926],[-86.2182,32.194],[-86.211,32.1851],[-86.1771,32.1725],[-86.1748,32.1587],[-86.1583,32.1606],[-86.1445,32.1794],[-86.1388,32.1751],[-86.1384,32.1533],[-86.1118,32.1542],[-86.1172,32.1681],[-86.119,32.2279],[-86.1906,32.2919],[-86.1755,32.2949],[-86.1742,32.3088],[-86.1621,32.328],[-86.166,32.3481],[-86.1735,32.3525],[-86.1714,32.3619],[-86.1961,32.3626],[-86.2087,32.3545],[-86.2084,32.3439],[-86.224,32.3442],[-86.2324,32.33],[-86.2454,32.3272],[-86.2291,32.3157],[-86.2389,32.3067],[-86.2391,32.3105],[-86.2532,32.309],[-86.2471,32.3039],[-86.2764,32.3025],[-86.2609,32.3164],[-86.2649,32.3275],[-86.3349,32.3273],[-86.3252,32.3442],[-86.3065,32.3445],[-86.3067,32.3518],[-86.3376,32.3506],[-86.3487,32.3206]]]},"properties":{"geoid":"01076","state":"01","district":"76","name":"State House District 76","chamber":"House"}},{"type":"Feature","geometry":{"type":"Polygon","coordinates":[[[-86.35,32.3725],[-86.3433,32.3486],[-86.3067,32.3518],[-86.3065,32.3445],[-86.3252,32.3442],[-86.3349,32.3273],[-86.3299,32.3265],[-86.2649,32.3275],[-86.261,32.3492],[-86.2713,32.366],[-86.244,32.3591],[-86.2467,32.3803],[-86.2635,32.3784],[-86.271,32.3724],[-86.2727,32.3954],[-86.2785,32.3936],[-86.2822,32.3999],[-86.2907,32.3997],[-86.2979,32.3902],[-86.2983,32.3802],[-86.309,32.3797],[-86.3161,32.3956],[-86.3196,32.3926],[-86.3122,32.3823],[-86.35,32.3725]]]},"properties":{"geoid":"01077","state":"01","district":"77","name":"State House District 77","chamber":"House"}},{"type":"Feature","geometry":{"type":"Polygon","coordinates":[[[-86.4985,32.3397],[-86.4786,32.3398],[-86.4864,32.3295],[-86.4744,32.3313],[-86.4785,32.3283],[-86.4738,32.3236],[-86.4819,32.3237],[-86.4794,32.3155],[-86.4883,32.3184],[-86.4827,32.3139],[-86.4911,32.3016],[-86.484,32.2991],[-86.4897,32.2938],[-86.4847,32.2845],[-86.4432,32.3005],[-86.4431,32.3192],[-86.4361,32.3313],[-86.3949,32.347],[-86.3876,32.3391],[-86.3899,32.3323],[-86.3849,32.3232],[-86.3792,32.3259],[-86.3487,32.3206],[-86.3411,32.3479],[-86.35,32.3725],[-86.3122,32.3823],[-86.3196,32.3926],[-86.3161,32.3956],[-86.309,32.3797],[-86.2983,32.3802],[-86.2979,32.3902],[-86.2907,32.3997],[-86.2822,32.3999],[-86.2753,32.393],[-86.2739,32.4105],[-86.2888,32.4082],[-86.2842,32.4231],[-86.2773,32.4243],[-86.2289,32.4217],[-86.2192,32.4146],[-86.2122,32.3989],[-86.2092,32.374],[-86.224,32.3442],[-86.2184,32.3425],[-86.2084,32.3439],[-86.2087,32.3545],[-86.1961,32.3626],[-86.1687,32.3621],[-86.1382,32.3681],[-86.1029,32.3665],[-86.1012,32.3749],[-86.1084,32.3988],[-86.1599,32.4092],[-86.1709,32.4052],[-86.1707,32.4114],[-86.1798,32.4142],[-86.1802,32.433],[-86.19,32.4321],[-86.1949,32.4392],[-86.1812,32.4486],[-86.1897,32.4567],[-86.2009,32.4513],[-86.2127,32.4742],[-86.2215,32.4681],[-86.2278,32.4697],[-86.2271,32.4779],[-86.2214,32.4802],[-86.23,32.4898],[-86.2367,32.486],[-86.2371,32.495],[-86.262,32.5017],[-86.2662,32.4938],[-86.2609,32.4872],[-86.2789,32.4856],[-86.2886,32.4726],[-86.2981,32.4768],[-86.3054,32.4888],[-86.3132,32.489],[-86.3079,32.4671],[-86.316,32.4496],[-86.3253,32.4424],[-86.3118,32.4302],[-86.3067,32.419],[-86.3107,32.4117],[-86.3503,32.4334],[-86.3984,32.4269],[-86.3969,32.4137],[-86.4251,32.4024],[-86.4447,32.3998],[-86.4596,32.4054],[-86.4625,32.3781],[-86.4764,32.3646],[-86.4919,32.3643],[-86.4903,32.3482],[-86.4985,32.3397]]]},"properties":{"geoid":"01078","state":"01","district":"78","name":"State House District 78","chamber":"House"}},{"type":"Feature","geometry":{"type":"Polygon","coordinates":[[[-85.548,32.628],[-85.535,32.6176],[-85.5397,32.6009],[-85.5229,32.6029],[-85.5079,32.6078],[-85.5071,32.6185],[-85.4954,32.633],[-85.4817,32.6366],[-85.4818,32.6091],[-85.506,32.5923],[-85.4978,32.5777],[-85.5004,32.5695],[-85.5039,32.5628],[-85.5281,32.5554],[-85.5241,32.5424],[-85.4797,32.533],[-85.449,32.5338],[-85.4421,32.5279],[-85.4387,32.5333],[-85.4348,32.5297],[-85.4313,32.5384],[-85.4257,32.5333],[-85.4257,32.5407],[-85.4291,32.5406],[-85.4233,32.548],[-85.4266,32.5539],[-85.4243,32.5575],[-85.4209,32.5551],[-85.4221,32.562],[-85.4118,32.5708],[-85.4331,32.5846],[-85.4329,32.5928],[-85.4174,32.5969],[-85.4219,32.6143],[-85.4392,32.6144],[-85.4394,32.636],[-85.4453,32.636],[-85.4395,32.6492],[-85.473,32.6648],[-85.4995,32.6646],[-85.5069,32.6624],[-85.5033,32.6527],[-85.5096,32.6374],[-85.5148,32.6379],[-85.5183,32.6309],[-85.5383,32.6351],[-85.548,32.628]]]},"properties":{"geoid":"01079","state":"01","district":"79","name":"State House District 79","chamber":"House"}},{"type":"Feature","geometry":{"type":"Polygon","coordinates":[[[-85.1751,32.5823],[-85.1715,32.57],[-85.1646,32.5719],[-85.1587,32.5674],[-85.1577,32.5466],[-85.1411,32.5422],[-85.1184,32.5257],[-85.0993,32.5192],[-85.1353,32.5005],[-85.1317,32.4944],[-85.1405,32.4756],[-85.1385,32.4713],[-85.1475,32.4712],[-85.1503,32.4611],[-85.1153,32.4654],[-85.1222,32.445],[-85.1135,32.4361],[-85.1068,32.4107],[-85.0954,32.4093],[-85.0897,32.4238],[-85.0401,32.4437],[-85.0418,32.4749],[-85.0122,32.4729],[-85.0094,32.4776],[-84.9953,32.4774],[-84.9965,32.5016],[-85.0071,32.5239],[-85.0153,32.5277],[-85.0208,32.5428],[-85.0314,32.5442],[-85.0357,32.554],[-85.0675,32.5795],[-85.0803,32.6036],[-85.118,32.5975],[-85.114,32.5845],[-85.1444,32.5816],[-85.1515,32.577],[-85.1751,32.5823]]]},"properties":{"geoid":"01080","state":"01","district":"80","name":"State House District 80","chamber":"House"}},{"type":"Feature","geometry":{"type":"Polygon","coordinates":[[[-86.0139,32.8264],[-86.0075,32.8251],[-86.0135,32.8198],[-86.0076,32.8129],[-86.0071,32.8022],[-85.9997,32.8015],[-86.0071,32.7964],[-86.0072,32.755],[-85.9722,32.7549],[-85.9728,32.7692],[-85.9556,32.7691],[-85.9549,32.7548],[-85.8799,32.7545],[-85.8803,32.74],[-85.8936,32.7272],[-85.8913,32.715],[-85.9075,32.6993],[-85.9116,32.6844],[-85.9059,32.6676],[-85.8877,32.6476],[-85.8946,32.6031],[-85.8853,32.5454],[-85.8911,32.5169],[-85.8861,32.4931],[-85.7972,32.4942],[-85.7986,32.5811],[-85.7127,32.5818],[-85.7128,32.5957],[-85.6959,32.5959],[-85.6963,32.6214],[-85.6856,32.6259],[-85.6765,32.6425],[-85.6635,32.6494],[-85.6632,32.6565],[-85.653,32.6492],[-85.641,32.6557],[-85.634,32.6543],[-85.6353,32.6594],[-85.6274,32.6673],[-85.6108,32.6487],[-85.6092,32.642],[-85.6152,32.6322],[-85.5963,32.6373],[-85.5833,32.6246],[-85.5602,32.6336],[-85.548,32.628],[-85.537,32.6353],[-85.5183,32.6309],[-85.5148,32.6379],[-85.5045,32.6423],[-85.5081,32.6924],[-85.5424,32.7144],[-85.5243,32.7176],[-85.5311,32.7265],[-85.5681,32.729],[-85.5681,32.7365],[-85.5768,32.7364],[-85.5768,32.7288],[-85.5932,32.7285],[-85.5932,33.1073],[-85.9747,33.1053],[-85.9746,33.0905],[-86.0092,33.0903],[-86.0076,32.8278],[-86.0139,32.8264]]]},"properties":{"geoid":"01081","state":"01","district":"81","name":"State House District 81","chamber":"House"}},{"type":"Feature","geometry":{"type":"Polygon","coordinates":[[[-86.0232,32.4193],[-86.0203,32.41],[-86.011,32.4051],[-86.0148,32.3851],[-86.0054,32.3691],[-85.999,32.3672],[-86.0003,32.3627],[-85.9942,32.3606],[-85.9914,32.3361],[-85.9669,32.332],[-85.9664,32.3251],[-85.9585,32.3235],[-85.9541,32.3019],[-85.9405,32.2873],[-85.9205,32.2808],[-85.9193,32.2744],[-85.8987,32.275],[-85.8987,32.3053],[-85.8779,32.2916],[-85.8713,32.2736],[-85.8788,32.2654],[-85.8772,32.2484],[-85.8562,32.232],[-85.4335,32.2346],[-85.4386,32.4971],[-85.4893,32.4969],[-85.4986,32.5007],[-85.4967,32.536],[-85.5219,32.5409],[-85.5291,32.5502],[-85.5281,32.5554],[-85.5019,32.5664],[-85.4978,32.5777],[-85.506,32.5923],[-85.4904,32.6064],[-85.483,32.6066],[-85.4817,32.6366],[-85.4926,32.6348],[-85.5024,32.6257],[-85.5079,32.6078],[-85.5397,32.6009],[-85.5356,32.6195],[-85.5597,32.6335],[-85.5756,32.6246],[-85.5876,32.6256],[-85.5963,32.6373],[-85.6152,32.6322],[-85.6092,32.642],[-85.6108,32.6487],[-85.6274,32.6673],[-85.6353,32.6594],[-85.634,32.6543],[-85.641,32.6557],[-85.653,32.6492],[-85.6632,32.6565],[-85.6635,32.6494],[-85.6765,32.6425],[-85.6856,32.6259],[-85.6963,32.6214],[-85.6959,32.5959],[-85.7128,32.5957],[-85.7127,32.5818],[-85.7986,32.5811],[-85.7972,32.4942],[-85.8861,32.4931],[-85.8703,32.4815],[-85.8527,32.477],[-85.8745,32.4729],[-85.8822,32.455],[-85.8793,32.4498],[-85.8931,32.4473],[-85.93,32.4543],[-85.9572,32.4408],[-85.964,32.4496],[-85.9768,32.454],[-85.9806,32.4505],[-85.9744,32.4457],[-85.9837,32.4394],[-85.9921,32.4525],[-85.9965,32.4458],[-85.9905,32.4353],[-85.9926,32.4301],[-86.0084,32.4283],[-86.0232,32.4193]]]},"properties":{"geoid":"01082","state":"01","district":"82","name":"State House District 82","chamber":"House"}},{"type":"Feature","geometry":{"type":"Polygon","coordinates":[[[-85.4997,32.5209],[-85.4952,32.5092],[-85.4976,32.5001],[-85.4386,32.4971],[-85.434,32.4098],[-85.3568,32.4105],[-85.3802,32.3806],[-85.3811,32.3737],[-85.3682,32.352],[-85.3444,32.349],[-85.3167,32.3567],[-85.2411,32.3392],[-85.2082,32.3365],[-85.1887,32.3276],[-85.167,32.3283],[-85.1281,32.3459],[-85.107,32.3469],[-85.0944,32.3554],[-85.0716,32.352],[-85.0481,32.3405],[-85.0306,32.3392],[-85.0175,32.3441],[-85.0111,32.3572],[-85.0103,32.3509],[-85.0028,32.347],[-84.9839,32.3624],[-84.9853,32.3725],[-84.9722,32.3769],[-84.9863,32.3803],[-84.9884,32.3852],[-84.983,32.392],[-84.9687,32.3915],[-84.9799,32.4001],[-84.981,32.4061],[-84.9794,32.4122],[-84.963,32.4242],[-84.9718,32.4428],[-84.9953,32.4532],[-84.9985,32.4687],[-84.9953,32.4774],[-85.0094,32.4776],[-85.0122,32.4729],[-85.0418,32.4749],[-85.0401,32.4437],[-85.0897,32.4238],[-85.0974,32.4088],[-85.1068,32.4107],[-85.1135,32.4361],[-85.1222,32.445],[-85.1153,32.4654],[-85.1445,32.4601],[-85.1503,32.4611],[-85.1475,32.4712],[-85.3119,32.4689],[-85.3142,32.5115],[-85.3197,32.5202],[-85.3116,32.5293],[-85.3108,32.5381],[-85.2983,32.5403],[-85.3094,32.5535],[-85.3708,32.5682],[-85.3714,32.6141],[-85.364,32.6141],[-85.3586,32.5949],[-85.3549,32.6119],[-85.3714,32.6235],[-85.3723,32.6319],[-85.3529,32.6436],[-85.3408,32.6428],[-85.3369,32.6638],[-85.3431,32.6664],[-85.3653,32.6659],[-85.3835,32.6484],[-85.4077,32.6486],[-85.4076,32.6422],[-85.426,32.6517],[-85.4419,32.6507],[-85.4395,32.6433],[-85.4439,32.6433],[-85.4453,32.636],[-85.4394,32.636],[-85.4392,32.6144],[-85.4219,32.6143],[-85.4174,32.5969],[-85.4329,32.5928],[-85.4331,32.5846],[-85.4118,32.5708],[-85.4221,32.562],[-85.4209,32.5551],[-85.4243,32.5575],[-85.4266,32.5539],[-85.4233,32.548],[-85.4291,32.5406],[-85.4257,32.5407],[-85.4257,32.5333],[-85.4313,32.5384],[-85.4348,32.5297],[-85.4387,32.5333],[-85.4421,32.5279],[-85.4495,32.5339],[-85.4966,32.5361],[-85.4997,32.5209]]]},"properties":{"geoid":"01083","state":"01","district":"83","name":"State House District 83","chamber":"House"}},{"type":"Feature","geometry":{"type":"Polygon","coordinates":[[[-85.9993,32.2502],[-85.9969,32.051],[-85.9841,32.0475],[-85.9759,32.0544],[-85.9503,32.0545],[-85.9546,32.0618],[-85.9463,32.0619],[-85.9463,32.0546],[-85.9118,32.0548],[-85.9115,32.0474],[-85.8937,32.0474],[-85.8927,31.9891],[-85.889,31.9889],[-85.889,31.9818],[-85.8843,31.9819],[-85.8843,31.9673],[-85.79,31.9673],[-85.791,31.8804],[-85.6577,31.8803],[-85.6781,31.856],[-85.6683,31.8348],[-85.6746,31.8197],[-85.6712,31.7959],[-85.6625,31.7851],[-85.6662,31.7725],[-85.6712,31.7609],[-85.6895,31.7526],[-85.7042,31.737],[-85.7033,31.7242],[-85.709,31.7117],[-85.7061,31.7072],[-85.7206,31.6931],[-85.716,31.688],[-85.717,31.6551],[-85.7357,31.6245],[-85.7484,31.6183],[-85.5854,31.6176],[-85.4164,31.6195],[-85.416,31.7067],[-85.2161,31.7024],[-85.2091,31.7117],[-85.2109,31.7255],[-85.2051,31.7426],[-85.1887,31.7462],[-85.1824,31.7534],[-85.1654,31.76],[-85.1543,31.7739],[-85.1266,31.763],[-85.1257,31.7682],[-85.1419,31.782],[-85.1322,31.7952],[-85.1319,31.8271],[-85.1418,31.8393],[-85.1377,31.8459],[-85.1407,31.8575],[-85.1284,31.8776],[-85.1341,31.8922],[-85.112,31.8948],[-85.1122,31.9028],[-85.108,31.9052],[-85.1131,31.9119],[-85.0789,31.9402],[-85.0867,31.9592],[-85.0678,31.9674],[-85.0709,31.9817],[-85.0673,31.9956],[-85.0551,32.0107],[-85.0537,32.0207],[-85.0488,32.0217],[-85.0571,32.0299],[-85.0535,32.0378],[-85.0588,32.047],[-85.0558,32.0744],[-85.0448,32.0858],[-85.0619,32.1329],[-85.0456,32.1438],[-85.0113,32.1805],[-84.9637,32.1959],[-84.9646,32.2036],[-84.9802,32.2078],[-84.9733,32.2177],[-84.9282,32.2199],[-84.9127,32.2434],[-84.9232,32.2446],[-84.9244,32.2501],[-84.9072,32.249],[-84.9012,32.2584],[-84.8882,32.2597],[-84.9346,32.2989],[-85.0033,32.3228],[-85.0081,32.3367],[-85.0029,32.3469],[-85.0103,32.3509],[-85.0086,32.3573],[-85.0181,32.3436],[-85.031,32.3391],[-85.0944,32.3554],[-85.1079,32.3466],[-85.1281,32.3459],[-85.1584,32.3305],[-85.1886,32.3276],[-85.2082,32.3365],[-85.2411,32.3392],[-85.3167,32.3567],[-85.3444,32.349],[-85.3682,32.352],[-85.3811,32.3737],[-85.3802,32.3806],[-85.3568,32.4105],[-85.434,32.4098],[-85.4335,32.2346],[-85.8562,32.232],[-85.8772,32.2484],[-85.8788,32.2654],[-85.8713,32.2736],[-85.8779,32.2915],[-85.8938,32.2985],[-85.898,32.3053],[-85.8987,32.275],[-85.9866,32.2723],[-85.9865,32.2506],[-85.9993,32.2502]]]},"properties":{"geoid":"01084","state":"01","district":"84","name":"State House District 84","chamber":"House"}},{"type":"Feature","geometry":{"type":"Polygon","coordinates":[[[-85.4406,31.264],[-85.4245,31.2491],[-85.4307,31.2412],[-85.4321,31.2285],[-85.3972,31.2246],[-85.3976,31.21],[-85.3932,31.2092],[-85.4016,31.1907],[-85.3757,31.1949],[-85.3796,31.2018],[-85.3682,31.2012],[-85.3613,31.216],[-85.333,31.1967],[-85.333,31.2049],[-85.3368,31.2061],[-85.3327,31.2108],[-85.3241,31.2106],[-85.3238,31.2232],[-85.2942,31.224],[-85.3231,31.2471],[-85.3195,31.2616],[-85.3232,31.2618],[-85.3233,31.2688],[-85.3146,31.2697],[-85.2914,31.2986],[-85.2741,31.3106],[-85.0877,31.3087],[-85.0838,31.3182],[-85.0894,31.336],[-85.0859,31.3531],[-85.0918,31.3552],[-85.0923,31.364],[-85.0776,31.3989],[-85.08,31.4105],[-85.0759,31.4249],[-85.066,31.4305],[-85.0716,31.4684],[-85.045,31.5182],[-85.0483,31.526],[-85.0414,31.5425],[-85.058,31.5708],[-85.0582,31.6202],[-85.0862,31.6386],[-85.0791,31.6548],[-85.0924,31.66],[-85.1255,31.695],[-85.1265,31.7168],[-85.1189,31.7327],[-85.1273,31.7626],[-85.1324,31.7673],[-85.1543,31.7739],[-85.1654,31.76],[-85.1824,31.7534],[-85.1887,31.7462],[-85.2051,31.7426],[-85.2109,31.7255],[-85.2091,31.7117],[-85.2161,31.7024],[-85.416,31.7067],[-85.4171,31.2862],[-85.4389,31.2865],[-85.4406,31.264]]]},"properties":{"geoid":"01085","state":"01","district":"85","name":"State House District 85","chamber":"House"}},{"type":"Feature","geometry":{"type":"Polygon","coordinates":[[[-85.4883,31.0002],[-85.4883,30.9971],[-85.0025,31.0007],[-84.9994,31.0138],[-85.0094,31.0324],[-85.0088,31.0456],[-85.0286,31.0746],[-85.0261,31.0842],[-85.0356,31.1082],[-85.0547,31.1208],[-85.064,31.1425],[-85.0766,31.1569],[-85.1002,31.1655],[-85.0985,31.1802],[-85.1075,31.1865],[-85.107,31.2027],[-85.0987,31.2113],[-85.0968,31.2257],[-85.1124,31.2596],[-85.1146,31.2773],[-85.0932,31.2897],[-85.0877,31.3087],[-85.2741,31.3106],[-85.2914,31.2986],[-85.3146,31.2697],[-85.3233,31.2688],[-85.3232,31.2618],[-85.3195,31.2616],[-85.3231,31.2471],[-85.2942,31.224],[-85.3238,31.2232],[-85.3241,31.2106],[-85.3327,31.2108],[-85.3368,31.2061],[-85.333,31.2049],[-85.333,31.1967],[-85.3613,31.216],[-85.3682,31.2012],[-85.3796,31.2018],[-85.3757,31.1949],[-85.4016,31.1907],[-85.3932,31.2092],[-85.3976,31.21],[-85.3972,31.2246],[-85.4321,31.2285],[-85.4288,31.2128],[-85.4478,31.2096],[-85.4478,31.2033],[-85.4369,31.1993],[-85.4518,31.1962],[-85.4596,31.1992],[-85.4519,31.1926],[-85.4561,31.1854],[-85.4518,31.1849],[-85.4517,31.1706],[-85.4094,31.1684],[-85.4085,31.1563],[-85.4023,31.1563],[-85.4029,31.1372],[-85.4257,31.1309],[-85.4336,31.1504],[-85.4516,31.1558],[-85.4559,31.1341],[-85.4644,31.1342],[-85.4564,31.1409],[-85.4736,31.1378],[-85.4854,31.1414],[-85.4883,31.0002]]]},"properties":{"geoid":"01086","state":"01","district":"86","name":"State House District 86","chamber":"House"}},{"type":"Feature","geometry":{"type":"Polygon","coordinates":[[[-86.1935,31.1922],[-86.1872,30.994],[-85.4883,30.9971],[-85.4854,31.1414],[-85.4736,31.1378],[-85.4564,31.1409],[-85.4644,31.1342],[-85.4559,31.1341],[-85.4516,31.1558],[-85.4336,31.1504],[-85.4257,31.1309],[-85.4027,31.1392],[-85.4023,31.1563],[-85.4085,31.1563],[-85.4094,31.1684],[-85.4517,31.1706],[-85.4518,31.1849],[-85.4561,31.1854],[-85.4519,31.1926],[-85.4596,31.1992],[-85.4518,31.1962],[-85.4369,31.1993],[-85.4478,31.2033],[-85.4478,31.2096],[-85.4288,31.2128],[-85.4321,31.2285],[-85.4809,31.2402],[-85.4858,31.2586],[-85.4859,31.2459],[-85.5038,31.2464],[-85.5163,31.2524],[-85.5461,31.2539],[-85.5652,31.2633],[-85.5855,31.2642],[-85.6035,31.2725],[-85.6353,31.2756],[-85.6661,31.2673],[-85.6751,31.2556],[-85.6712,31.2497],[-85.6788,31.2389],[-85.689,31.2362],[-85.6893,31.2223],[-85.6943,31.2193],[-85.6923,31.2106],[-85.7103,31.1952],[-86.1167,31.193],[-86.1167,31.1821],[-86.1249,31.182],[-86.1255,31.1928],[-86.1935,31.1922]]]},"properties":{"geoid":"01087","state":"01","district":"87","name":"State House District 87","chamber":"House"}},{"type":"Feature","geometry":{"type":"Polygon","coordinates":[[[-86.513,32.5396],[-86.5108,32.5286],[-86.487,32.5074],[-86.4789,32.4893],[-86.4536,32.4894],[-86.4507,32.4603],[-86.4603,32.4597],[-86.4605,32.4524],[-86.4422,32.4396],[-86.4628,32.4356],[-86.4601,32.4254],[-86.4645,32.4204],[-86.4563,32.4058],[-86.4447,32.3998],[-86.4251,32.4024],[-86.3969,32.4137],[-86.3984,32.4269],[-86.3503,32.4334],[-86.3198,32.4198],[-86.315,32.4117],[-86.3089,32.4133],[-86.3067,32.4193],[-86.3129,32.4321],[-86.3253,32.4424],[-86.316,32.4496],[-86.3077,32.4683],[-86.3262,32.4679],[-86.3212,32.4752],[-86.3281,32.4751],[-86.3285,32.4819],[-86.3435,32.4821],[-86.3445,32.4962],[-86.352,32.4908],[-86.3514,32.5031],[-86.3373,32.5184],[-86.341,32.5345],[-86.3535,32.5364],[-86.346,32.5634],[-86.3544,32.5705],[-86.3533,32.5748],[-86.382,32.5763],[-86.3814,32.5686],[-86.391,32.5688],[-86.395,32.5445],[-86.411,32.5432],[-86.4123,32.5487],[-86.412,32.4917],[-86.4402,32.5222],[-86.451,32.5428],[-86.4638,32.5326],[-86.4781,32.5415],[-86.513,32.5396]]]},"properties":{"geoid":"01088","state":"01","district":"88","name":"State House District 88","chamber":"House"}},{"type":"Feature","geometry":{"type":"Polygon","coordinates":[[[-86.1994,31.8079],[-86.1994,31.7904],[-86.1483,31.791],[-86.1471,31.663],[-86.1601,31.6602],[-86.1589,31.6475],[-86.1707,31.6373],[-86.1691,31.6333],[-86.1796,31.6276],[-86.1797,31.6164],[-85.7891,31.618],[-85.7913,31.2693],[-85.7875,31.2675],[-85.7506,31.2605],[-85.7476,31.2553],[-85.742,31.2578],[-85.7436,31.2736],[-85.7381,31.2881],[-85.7422,31.294],[-85.7415,31.312],[-85.7475,31.3141],[-85.7479,31.3308],[-85.756,31.3324],[-85.7559,31.339],[-85.7404,31.3351],[-85.72,31.3406],[-85.7084,31.3381],[-85.7029,31.3812],[-85.6789,31.4173],[-85.6966,31.4291],[-85.7038,31.4292],[-85.7048,31.4574],[-85.699,31.4665],[-85.6965,31.4906],[-85.6791,31.5096],[-85.663,31.5175],[-85.6528,31.5124],[-85.6472,31.5185],[-85.6367,31.5176],[-85.6299,31.5229],[-85.6066,31.5224],[-85.5861,31.5189],[-85.5791,31.5057],[-85.5704,31.5153],[-85.5456,31.5119],[-85.5246,31.4984],[-85.5127,31.5146],[-85.4946,31.5084],[-85.4878,31.5159],[-85.4892,31.5278],[-85.4759,31.5512],[-85.4819,31.5556],[-85.48,31.566],[-85.4658,31.5656],[-85.4525,31.5524],[-85.4283,31.5435],[-85.4199,31.5619],[-85.416,31.5609],[-85.4164,31.6195],[-85.7483,31.618],[-85.7357,31.6245],[-85.717,31.6551],[-85.716,31.688],[-85.7206,31.6931],[-85.7061,31.7072],[-85.709,31.7117],[-85.7033,31.7242],[-85.7042,31.737],[-85.6895,31.7526],[-85.6712,31.7609],[-85.6662,31.7725],[-85.6625,31.7851],[-85.6712,31.7959],[-85.6746,31.8197],[-85.6683,31.8348],[-85.6781,31.856],[-85.6577,31.8803],[-85.791,31.8804],[-85.79,31.9673],[-85.8843,31.9673],[-85.8843,31.9819],[-85.889,31.9818],[-85.889,31.9889],[-85.8927,31.9891],[-85.8937,32.0474],[-85.9115,32.0474],[-85.9118,32.0548],[-85.9463,32.0546],[-85.9463,32.0619],[-85.9546,32.0618],[-85.9503,32.0545],[-85.9759,32.0544],[-85.9841,32.0475],[-85.9969,32.051],[-85.9956,31.9676],[-86.1914,31.9665],[-86.1857,31.9623],[-86.175,31.931],[-86.1778,31.9251],[-86.1731,31.8924],[-86.1824,31.8701],[-86.1862,31.8387],[-86.1829,31.8324],[-86.1936,31.8189],[-86.1929,31.8121],[-86.1994,31.8079]]]},"properties":{"geoid":"01089","state":"01","district":"89","name":"State House District 89","chamber":"House"}},{"type":"Feature","geometry":{"type":"Polygon","coordinates":[[[-87.4275,31.2627],[-86.764,31.2613],[-86.7728,31.2432],[-86.7636,31.2218],[-86.7726,31.2107],[-86.7652,31.2073],[-86.7725,31.2022],[-86.7629,31.1969],[-86.7658,31.1924],[-86.7627,31.187],[-86.7672,31.183],[-86.7635,31.1811],[-86.7572,31.193],[-86.7414,31.1953],[-86.7334,31.1916],[-86.736,31.1857],[-86.7207,31.1834],[-86.7164,31.1854],[-86.7208,31.1912],[-86.7003,31.1922],[-86.6991,31.3406],[-86.7028,31.3454],[-86.6835,31.3528],[-86.6786,31.3578],[-86.6811,31.3623],[-86.6675,31.369],[-86.6754,31.3895],[-86.6658,31.3921],[-86.6621,31.4023],[-86.6694,31.4152],[-86.6654,31.4188],[-86.6745,31.4294],[-86.6712,31.434],[-86.7012,31.4366],[-86.7016,31.5239],[-86.3999,31.5271],[-86.3967,31.4508],[-86.3752,31.4679],[-86.3773,31.4723],[-86.3703,31.4737],[-86.3647,31.4871],[-86.3385,31.4876],[-86.3306,31.5018],[-86.3193,31.5053],[-86.32,31.5117],[-86.3014,31.5212],[-86.2989,31.5285],[-86.2891,31.5286],[-86.2802,31.5285],[-86.277,31.4556],[-86.2602,31.4557],[-86.2619,31.4412],[-86.194,31.4401],[-86.1938,31.448],[-86.1625,31.4465],[-86.1501,31.4519],[-86.1195,31.439],[-86.1187,31.4456],[-86.1049,31.4426],[-86.0973,31.4639],[-86.087,31.471],[-86.0604,31.4551],[-86.0485,31.4777],[-86.0422,31.479],[-86.0148,31.4697],[-86.0202,31.4538],[-86.0095,31.4371],[-86.0008,31.4367],[-85.9943,31.4452],[-85.9881,31.4351],[-85.969,31.4328],[-85.9599,31.4425],[-85.9499,31.4418],[-85.9232,31.4557],[-85.9221,31.4629],[-85.9132,31.4642],[-85.9044,31.4725],[-85.9141,31.4908],[-85.9201,31.5514],[-85.9298,31.575],[-85.9463,31.5968],[-85.9461,31.619],[-86.1797,31.6164],[-86.1796,31.6276],[-86.1691,31.6333],[-86.1707,31.6373],[-86.1589,31.6475],[-86.1601,31.6602],[-86.1471,31.663],[-86.1483,31.791],[-86.1994,31.7904],[-86.1994,31.8079],[-86.1929,31.8121],[-86.1936,31.8189],[-86.1829,31.8324],[-86.1862,31.8387],[-86.1824,31.8701],[-86.1731,31.8924],[-86.1778,31.9251],[-86.175,31.931],[-86.1857,31.9623],[-86.1914,31.9665],[-85.9956,31.9676],[-85.9979,32.1416],[-86.0381,32.1447],[-86.0667,32.1684],[-86.0969,32.1559],[-86.1384,32.1533],[-86.1388,32.1751],[-86.1445,32.1794],[-86.1583,32.1606],[-86.1748,32.1587],[-86.1771,32.1725],[-86.211,32.1851],[-86.2182,32.194],[-86.2229,32.1926],[-86.2232,32.1831],[-86.2146,32.163],[-86.2301,32.1517],[-86.2423,32.1508],[-86.268,32.1615],[-86.3081,32.1612],[-86.3093,32.1956],[-86.3008,32.2195],[-86.3228,32.22],[-86.3446,32.2405],[-86.3489,32.2108],[-86.3661,32.2144],[-86.3736,32.226],[-86.3898,32.2272],[-86.4083,32.21],[-86.4062,32.0438],[-86.3965,32.044],[-86.3964,32.037],[-86.406,32.0368],[-86.405,31.9638],[-86.9089,31.9617],[-86.9068,31.6327],[-86.8938,31.6162],[-86.8881,31.5922],[-86.8746,31.578],[-86.8665,31.5466],[-86.8525,31.5363],[-86.8435,31.5357],[-86.838,31.5252],[-86.8585,31.5224],[-86.8749,31.5078],[-86.8672,31.5008],[-86.881,31.4961],[-86.8928,31.4849],[-86.9015,31.4844],[-86.8971,31.4753],[-86.8722,31.478],[-86.8633,31.4747],[-86.8308,31.4505],[-86.8404,31.4465],[-86.8463,31.4372],[-86.8581,31.4335],[-86.8684,31.4332],[-86.8769,31.4387],[-86.9112,31.438],[-86.9213,31.4178],[-86.9101,31.4144],[-86.9053,31.3927],[-86.9444,31.407],[-86.9555,31.4051],[-86.9542,31.4005],[-86.9872,31.363],[-86.9931,31.3418],[-87.0192,31.3178],[-87.0123,31.3019],[-87.0221,31.2991],[-87.0272,31.3135],[-87.0414,31.3255],[-87.0438,31.3379],[-87.0545,31.3485],[-87.0847,31.3419],[-87.1237,31.3431],[-87.1299,31.3483],[-87.13,31.3704],[-87.1514,31.3795],[-87.1477,31.4256],[-87.1939,31.421],[-87.2283,31.4542],[-87.2686,31.4207],[-87.2743,31.411],[-87.2967,31.4013],[-87.3184,31.3782],[-87.3322,31.3553],[-87.3461,31.3505],[-87.3598,31.3177],[-87.3948,31.3],[-87.4208,31.2765],[-87.4275,31.2627]]]},"properties":{"geoid":"01090","state":"01","district":"90","name":"State House District 90","chamber":"House"}},{"type":"Feature","geometry":{"type":"Polygon","coordinates":[[[-86.1964,31.4254],[-86.1951,31.3545],[-86.1817,31.3764],[-86.1569,31.3976],[-86.135,31.3568],[-86.1155,31.353],[-86.0986,31.3353],[-86.0987,31.3235],[-86.1051,31.3116],[-86.1027,31.3055],[-86.1081,31.2975],[-86.098,31.2966],[-86.0824,31.3034],[-86.0817,31.2948],[-86.0708,31.2957],[-86.0433,31.3057],[-86.0379,31.3037],[-86.0413,31.2937],[-86.0171,31.2828],[-86.0109,31.2897],[-85.9856,31.2907],[-85.97,31.2851],[-85.958,31.2949],[-85.9303,31.2967],[-85.916,31.2832],[-85.9474,31.2551],[-85.9787,31.2542],[-85.9817,31.2434],[-86.005,31.2396],[-85.9998,31.2295],[-86.0131,31.1953],[-85.7914,31.1963],[-85.7891,31.618],[-85.9461,31.619],[-85.9463,31.5968],[-85.9298,31.575],[-85.9201,31.5514],[-85.9141,31.4908],[-85.9044,31.4725],[-85.9415,31.4455],[-85.9552,31.4402],[-85.9599,31.4425],[-85.9749,31.4315],[-85.9903,31.4364],[-85.9923,31.4449],[-86.0008,31.4367],[-86.0095,31.4371],[-86.0202,31.4538],[-86.0148,31.4697],[-86.0422,31.479],[-86.0485,31.4777],[-86.0604,31.4551],[-86.087,31.471],[-86.0973,31.4639],[-86.1049,31.4426],[-86.1187,31.4456],[-86.1195,31.439],[-86.1328,31.4417],[-86.1443,31.4513],[-86.1625,31.4465],[-86.1938,31.448],[-86.1964,31.4254]]]},"properties":{"geoid":"01091","state":"01","district":"91","name":"State House District 91","chamber":"House"}},{"type":"Feature","geometry":{"type":"Polygon","coordinates":[[[-87.1645,31.0024],[-87.1637,30.999],[-86.7056,30.9945],[-86.1872,30.994],[-86.1935,31.1922],[-86.1255,31.1928],[-86.1254,31.1821],[-86.1167,31.1821],[-86.1167,31.193],[-86.0131,31.1953],[-85.9998,31.2295],[-86.005,31.2396],[-85.9817,31.2434],[-85.9787,31.2542],[-85.9474,31.2551],[-85.916,31.2832],[-85.9303,31.2967],[-85.958,31.2949],[-85.97,31.2851],[-85.9856,31.2907],[-86.0109,31.2897],[-86.0171,31.2828],[-86.0413,31.2937],[-86.0379,31.3037],[-86.0433,31.3057],[-86.0708,31.2957],[-86.0817,31.2948],[-86.0824,31.3034],[-86.098,31.2966],[-86.1081,31.2975],[-86.1027,31.3055],[-86.1051,31.3116],[-86.0987,31.3235],[-86.0986,31.3353],[-86.1155,31.353],[-86.135,31.3568],[-86.1569,31.3976],[-86.1817,31.3764],[-86.1951,31.3545],[-86.194,31.4401],[-86.2619,31.4412],[-86.2602,31.4557],[-86.277,31.4556],[-86.2802,31.5285],[-86.2989,31.5285],[-86.3014,31.5212],[-86.32,31.5117],[-86.3236,31.5014],[-86.3306,31.5018],[-86.3385,31.4876],[-86.3647,31.4871],[-86.3703,31.4737],[-86.3773,31.4723],[-86.3752,31.4679],[-86.3957,31.4507],[-86.3999,31.5271],[-86.7016,31.5239],[-86.7012,31.4366],[-86.6712,31.434],[-86.6745,31.4294],[-86.6654,31.4188],[-86.6694,31.4152],[-86.6621,31.4028],[-86.6658,31.3921],[-86.6754,31.3895],[-86.6675,31.369],[-86.6811,31.3623],[-86.6786,31.3578],[-86.6835,31.3528],[-86.7028,31.3454],[-86.6991,31.3406],[-86.7003,31.1922],[-86.7208,31.1912],[-86.7164,31.1854],[-86.7208,31.1834],[-86.736,31.1857],[-86.7334,31.1916],[-86.7414,31.1953],[-86.7572,31.193],[-86.7635,31.1811],[-86.767,31.1828],[-86.7629,31.1969],[-86.7725,31.2022],[-86.7652,31.2073],[-86.7726,31.2107],[-86.7636,31.2218],[-86.7728,31.2432],[-86.764,31.2613],[-86.9225,31.2618],[-86.9212,31.2503],[-86.9264,31.2426],[-86.9442,31.2431],[-86.9479,31.2355],[-86.9426,31.2019],[-86.9586,31.1664],[-86.9551,31.161],[-86.9381,31.1593],[-86.9431,31.144],[-86.9317,31.1375],[-86.9242,31.121],[-86.9298,31.1056],[-86.9175,31.1009],[-86.9179,31.0965],[-86.9265,31.0993],[-86.9273,31.0941],[-86.9218,31.0933],[-86.9258,31.0877],[-86.9493,31.0951],[-86.958,31.0809],[-86.9655,31.083],[-86.9736,31.0725],[-86.9865,31.0692],[-86.9858,31.0898],[-86.991,31.0853],[-87.0041,31.1016],[-87.0298,31.108],[-87.0473,31.1033],[-87.0487,31.1098],[-87.0819,31.0909],[-87.0852,31.0763],[-87.0983,31.0698],[-87.1005,31.0541],[-87.1097,31.0538],[-87.1094,31.0426],[-87.1167,31.0445],[-87.1158,31.0341],[-87.1262,31.0309],[-87.1276,31.025],[-87.1326,31.0329],[-87.1348,31.0244],[-87.1462,31.0171],[-87.1415,31.0138],[-87.1612,31.0076],[-87.1645,31.0024]]]},"properties":{"geoid":"01092","state":"01","district":"92","name":"State House District 92","chamber":"House"}},{"type":"Feature","geometry":{"type":"Polygon","coordinates":[[[-85.7916,31.2546],[-85.7914,31.1963],[-85.7103,31.1952],[-85.6923,31.2106],[-85.6943,31.2193],[-85.6893,31.2223],[-85.689,31.2362],[-85.6788,31.2389],[-85.6712,31.2497],[-85.6751,31.2556],[-85.6661,31.2673],[-85.636,31.2756],[-85.6035,31.2725],[-85.5855,31.2642],[-85.5652,31.2633],[-85.5461,31.2539],[-85.5163,31.2524],[-85.5038,31.2464],[-85.4859,31.2459],[-85.4858,31.2586],[-85.4809,31.2402],[-85.4321,31.2285],[-85.4307,31.2412],[-85.4245,31.2491],[-85.4406,31.264],[-85.4389,31.2865],[-85.4171,31.2862],[-85.416,31.5609],[-85.4199,31.5619],[-85.4283,31.5435],[-85.4525,31.5524],[-85.4658,31.5656],[-85.48,31.566],[-85.4819,31.5556],[-85.4759,31.5512],[-85.4892,31.5278],[-85.4878,31.5159],[-85.4946,31.5084],[-85.5127,31.5146],[-85.5246,31.4984],[-85.5456,31.5119],[-85.5704,31.5153],[-85.5791,31.5057],[-85.5861,31.5189],[-85.6066,31.5224],[-85.6299,31.5229],[-85.6367,31.5176],[-85.6472,31.5185],[-85.6528,31.5124],[-85.663,31.5175],[-85.6791,31.5096],[-85.6965,31.4906],[-85.699,31.4665],[-85.7048,31.4574],[-85.7038,31.4292],[-85.6966,31.4291],[-85.6789,31.4173],[-85.7029,31.3812],[-85.7084,31.3381],[-85.72,31.3406],[-85.7404,31.3351],[-85.7559,31.339],[-85.756,31.3324],[-85.7479,31.3308],[-85.7475,31.3141],[-85.7415,31.312],[-85.7422,31.294],[-85.7381,31.2881],[-85.7436,31.2736],[-85.742,31.2578],[-85.7476,31.2553],[-85.7506,31.2605],[-85.7913,31.2693],[-85.7916,31.2546]]]},"properties":{"geoid":"01093","state":"01","district":"93","name":"State House District 93","chamber":"House"}},{"type":"Feature","geometry":{"type":"Polygon","coordinates":[[[-88.0195,30.3759],[-88.0219,30.3549],[-87.8315,30.3567],[-87.8338,30.363],[-87.8281,30.37],[-87.8037,30.3702],[-87.7908,30.3554],[-87.7172,30.3557],[-87.7171,30.436],[-87.7424,30.436],[-87.7424,30.4726],[-87.7509,30.4726],[-87.7509,30.5274],[-87.7635,30.5275],[-87.7636,30.5455],[-87.8524,30.5455],[-87.8522,30.5745],[-87.8734,30.5746],[-87.8762,30.582],[-87.894,30.5818],[-87.8971,30.5749],[-87.8922,30.5526],[-87.8975,30.5493],[-87.9907,30.5492],[-87.9917,30.5406],[-88.0008,30.5311],[-88.0195,30.3759]]]},"properties":{"geoid":"01094","state":"01","district":"94","name":"State House District 94","chamber":"House"}},{"type":"Feature","geometry":{"type":"Polygon","coordinates":[[[-88.0369,30.1994],[-88.0373,30.1466],[-88.0142,30.1601],[-88.0036,30.1734],[-87.9874,30.1779],[-87.8072,30.1774],[-87.6478,30.1992],[-87.5183,30.2295],[-87.5184,30.2839],[-87.4524,30.3002],[-87.4501,30.3111],[-87.4837,30.3048],[-87.5047,30.3089],[-87.5047,30.324],[-87.492,30.3309],[-87.4952,30.347],[-87.4921,30.3486],[-87.4982,30.3528],[-87.4964,30.3696],[-87.5003,30.3716],[-87.4957,30.3761],[-87.51,30.3953],[-87.5099,30.4145],[-87.5646,30.4144],[-87.5646,30.3998],[-87.573,30.3998],[-87.5729,30.363],[-87.6022,30.3631],[-87.6025,30.3703],[-87.6534,30.3703],[-87.6547,30.3483],[-87.6831,30.3484],[-87.6832,30.4361],[-87.7171,30.436],[-87.7172,30.3557],[-87.7908,30.3554],[-87.8037,30.3702],[-87.8281,30.37],[-87.8338,30.363],[-87.8315,30.3567],[-88.0219,30.3549],[-88.0369,30.1994]]]},"properties":{"geoid":"01095","state":"01","district":"95","name":"State House District 95","chamber":"House"}},{"type":"Feature","geometry":{"type":"Polygon","coordinates":[[[-88.0263,30.7534],[-88.0142,30.7379],[-88.0125,30.7169],[-88.0017,30.7046],[-88.0089,30.682],[-87.9911,30.6673],[-87.9878,30.6371],[-87.9907,30.5492],[-87.8975,30.5493],[-87.8922,30.5526],[-87.8971,30.5749],[-87.8936,30.5821],[-87.8762,30.582],[-87.8734,30.5746],[-87.852,30.5745],[-87.852,30.6038],[-87.8174,30.6039],[-87.8223,30.6211],[-87.8174,30.6305],[-87.8192,30.645],[-87.8402,30.6523],[-87.8393,30.6589],[-87.8266,30.6694],[-87.817,30.6694],[-87.8216,30.6768],[-87.8183,30.6776],[-87.8054,30.6765],[-87.7925,30.664],[-87.7897,30.6854],[-87.7939,30.7057],[-87.8067,30.7033],[-87.8224,30.7104],[-87.8181,30.7131],[-87.8184,30.7438],[-87.8344,30.7401],[-87.8574,30.7602],[-87.8564,30.7715],[-87.8783,30.7829],[-87.9118,30.7917],[-87.9207,30.805],[-87.9342,30.8087],[-87.9511,30.8215],[-87.9634,30.8206],[-87.9894,30.8097],[-87.9924,30.7913],[-88.0167,30.7811],[-88.0222,30.7745],[-88.0202,30.7646],[-88.0263,30.7534]]]},"properties":{"geoid":"01096","state":"01","district":"96","name":"State House District 96","chamber":"House"}},{"type":"Feature","geometry":{"type":"Polygon","coordinates":[[[-88.1146,30.6831],[-88.1053,30.6764],[-88.0871,30.6765],[-88.1006,30.6716],[-88.107,30.6635],[-88.0721,30.6614],[-88.0753,30.6485],[-88.0959,30.6366],[-88.0946,30.6315],[-88.1007,30.6291],[-88.0962,30.6198],[-88.0873,30.6185],[-88.0875,30.611],[-88.0732,30.6139],[-88.0725,30.6104],[-88.055,30.6079],[-88.0562,30.6425],[-88.0503,30.6463],[-88.0207,30.6441],[-87.9881,30.6299],[-87.992,30.6704],[-88.0089,30.682],[-88.0017,30.7046],[-88.0137,30.7197],[-88.0142,30.7379],[-88.0263,30.7515],[-88.0202,30.7646],[-88.0222,30.7745],[-88.0142,30.7833],[-87.9924,30.7913],[-87.9916,30.8064],[-87.9871,30.8114],[-87.9485,30.8227],[-88.0283,30.8222],[-88.0182,30.8372],[-88.0267,30.8408],[-88.0396,30.834],[-88.0419,30.8246],[-88.0581,30.8194],[-88.0591,30.8135],[-88.0719,30.8168],[-88.0842,30.8136],[-88.0964,30.8204],[-88.1045,30.8003],[-88.093,30.7566],[-88.0706,30.7564],[-88.0644,30.7381],[-88.0848,30.7369],[-88.0735,30.7275],[-88.0761,30.7189],[-88.0663,30.7175],[-88.0716,30.7038],[-88.079,30.6986],[-88.0754,30.6923],[-88.0894,30.6914],[-88.0897,30.6819],[-88.1008,30.6826],[-88.1003,30.6874],[-88.1077,30.6884],[-88.1066,30.684],[-88.1146,30.6831]]]},"properties":{"geoid":"01097","state":"01","district":"97","name":"State House District 97","chamber":"House"}},{"type":"Feature","geometry":{"type":"Polygon","coordinates":[[[-88.1935,30.8536],[-88.1864,30.839],[-88.1637,30.8201],[-88.1742,30.8143],[-88.1747,30.7489],[-88.1611,30.7491],[-88.1621,30.7208],[-88.1362,30.7184],[-88.1357,30.7361],[-88.122,30.7446],[-88.1157,30.7354],[-88.1206,30.7199],[-88.1023,30.7079],[-88.0918,30.7072],[-88.0954,30.7186],[-88.0761,30.7189],[-88.0735,30.7275],[-88.0848,30.7369],[-88.0644,30.7381],[-88.0706,30.7564],[-88.093,30.7566],[-88.1045,30.8003],[-88.0964,30.8204],[-88.0842,30.8136],[-88.0719,30.8168],[-88.0591,30.8135],[-88.0581,30.8194],[-88.0419,30.8246],[-88.0396,30.834],[-88.0267,30.8408],[-88.0182,30.8372],[-88.0283,30.8222],[-87.9485,30.8227],[-87.9445,30.827],[-87.9447,30.8367],[-87.9545,30.8494],[-87.981,30.8619],[-87.9864,30.8719],[-87.9797,30.889],[-87.9556,30.9088],[-87.9524,30.9248],[-87.9239,30.9363],[-87.9283,30.9463],[-87.9405,30.9519],[-87.9459,30.9641],[-87.9649,30.9668],[-87.9566,30.9898],[-87.9584,31.0031],[-87.9648,31.0082],[-87.9539,31.0125],[-87.95,31.0206],[-87.9544,31.0127],[-87.9734,31.0113],[-87.9769,31.0016],[-87.9842,30.9992],[-87.9885,30.9858],[-88.0088,31.0039],[-88.0236,30.9932],[-88.042,31.0027],[-88.0675,31.0047],[-88.0732,30.9838],[-88.092,30.989],[-88.0901,30.9565],[-88.107,30.9526],[-88.0931,30.9354],[-88.0883,30.9141],[-88.0616,30.9098],[-88.0846,30.8776],[-88.0895,30.8775],[-88.0901,30.8587],[-88.1027,30.8621],[-88.1027,30.8696],[-88.1153,30.8787],[-88.1149,30.8827],[-88.1383,30.8756],[-88.1384,30.8675],[-88.1436,30.8756],[-88.1528,30.8736],[-88.1635,30.8783],[-88.1828,30.8538],[-88.1935,30.8536]]]},"properties":{"geoid":"01098","state":"01","district":"98","name":"State House District 98","chamber":"House"}},{"type":"Feature","geometry":{"type":"Polygon","coordinates":[[[-88.2766,30.7568],[-88.2764,30.741],[-88.2606,30.7394],[-88.2492,30.7244],[-88.2255,30.7173],[-88.2254,30.683],[-88.2076,30.6859],[-88.2076,30.6922],[-88.1907,30.6902],[-88.1908,30.7021],[-88.1993,30.7086],[-88.1677,30.7134],[-88.1226,30.707],[-88.114,30.7012],[-88.1146,30.6895],[-88.0897,30.6819],[-88.0894,30.6914],[-88.0754,30.6923],[-88.079,30.6986],[-88.0716,30.7038],[-88.0663,30.7175],[-88.0806,30.7218],[-88.0954,30.7186],[-88.0918,30.7072],[-88.1023,30.7079],[-88.1206,30.7199],[-88.1157,30.7354],[-88.122,30.7446],[-88.1357,30.7361],[-88.1362,30.7184],[-88.1621,30.7208],[-88.1611,30.7491],[-88.1747,30.7489],[-88.1742,30.8143],[-88.1637,30.8201],[-88.1844,30.837],[-88.1988,30.8341],[-88.2331,30.8376],[-88.2452,30.8293],[-88.2494,30.8185],[-88.2354,30.8151],[-88.2343,30.7985],[-88.2257,30.7928],[-88.2256,30.7635],[-88.2492,30.7774],[-88.2754,30.784],[-88.2766,30.7568]]]},"properties":{"geoid":"01099","state":"01","district":"99","name":"State House District 99","chamber":"House"}},{"type":"Feature","geometry":{"type":"Polygon","coordinates":[[[-88.408,30.6369],[-88.4062,30.5897],[-88.3991,30.6058],[-88.3853,30.6077],[-88.3854,30.6155],[-88.3523,30.6055],[-88.3522,30.5978],[-88.3436,30.5891],[-88.3379,30.5905],[-88.3348,30.6004],[-88.3147,30.5858],[-88.2937,30.5908],[-88.2855,30.5813],[-88.2723,30.5816],[-88.2842,30.5726],[-88.2831,30.5346],[-88.2424,30.5482],[-88.2434,30.536],[-88.2398,30.537],[-88.2026,30.5596],[-88.2213,30.5701],[-88.2209,30.5889],[-88.2417,30.5889],[-88.2415,30.6061],[-88.2271,30.6069],[-88.2167,30.6163],[-88.2077,30.6158],[-88.2073,30.6612],[-88.22,30.6612],[-88.2186,30.6765],[-88.2316,30.6758],[-88.2295,30.6815],[-88.2509,30.6735],[-88.25,30.6943],[-88.2681,30.6884],[-88.2776,30.6922],[-88.2946,30.6867],[-88.3031,30.6897],[-88.3076,30.6778],[-88.3154,30.6741],[-88.336,30.6708],[-88.348,30.674],[-88.3518,30.667],[-88.3787,30.6554],[-88.393,30.64],[-88.408,30.6369]]]},"properties":{"geoid":"01100","state":"01","district":"100","name":"State House District 100","chamber":"House"}},{"type":"Feature","geometry":{"type":"Polygon","coordinates":[[[-88.3465,30.6743],[-88.336,30.6708],[-88.3138,30.6745],[-88.3076,30.6778],[-88.3031,30.6897],[-88.2946,30.6867],[-88.2776,30.6922],[-88.2681,30.6884],[-88.2553,30.6949],[-88.25,30.6943],[-88.2509,30.6735],[-88.2295,30.6815],[-88.2316,30.6758],[-88.2186,30.6765],[-88.22,30.6612],[-88.1747,30.6612],[-88.1692,30.6646],[-88.1699,30.676],[-88.1274,30.6761],[-88.1226,30.7066],[-88.1677,30.7134],[-88.1993,30.7086],[-88.1908,30.7021],[-88.1907,30.6902],[-88.2076,30.6922],[-88.2076,30.6859],[-88.2254,30.683],[-88.2255,30.7173],[-88.2492,30.7244],[-88.261,30.7396],[-88.3023,30.7489],[-88.3292,30.7632],[-88.3315,30.7565],[-88.3409,30.7513],[-88.3367,30.7416],[-88.3389,30.7201],[-88.3362,30.7159],[-88.3291,30.7185],[-88.3267,30.7101],[-88.3392,30.6991],[-88.3465,30.6743]]]},"properties":{"geoid":"01101","state":"01","district":"101","name":"State House District 101","chamber":"House"}},{"type":"Feature","geometry":{"type":"Polygon","coordinates":[[[-88.432,31.1143],[-88.408,30.6369],[-88.393,30.64],[-88.3787,30.6554],[-88.3671,30.658],[-88.3461,30.6738],[-88.3392,30.6991],[-88.3267,30.7101],[-88.3291,30.7185],[-88.3362,30.7159],[-88.3389,30.7201],[-88.3367,30.7416],[-88.3409,30.7513],[-88.3315,30.7565],[-88.3292,30.7632],[-88.2764,30.741],[-88.2765,30.7838],[-88.25,30.7778],[-88.2256,30.7635],[-88.2257,30.7928],[-88.2343,30.7985],[-88.2354,30.8151],[-88.2494,30.8185],[-88.2378,30.8357],[-88.1844,30.837],[-88.1936,30.8536],[-88.1828,30.8538],[-88.1635,30.8783],[-88.1528,30.8736],[-88.1436,30.8756],[-88.1384,30.8675],[-88.1383,30.8756],[-88.1149,30.8827],[-88.1153,30.8787],[-88.1027,30.8696],[-88.1027,30.8621],[-88.0901,30.8587],[-88.0895,30.8775],[-88.0846,30.8776],[-88.0616,30.9098],[-88.0883,30.9141],[-88.0931,30.9354],[-88.107,30.9544],[-88.0901,30.9565],[-88.0883,30.9763],[-88.0922,30.9886],[-88.0732,30.9838],[-88.0675,31.0047],[-88.042,31.0027],[-88.0236,30.9932],[-88.0088,31.0039],[-87.9885,30.9858],[-87.9842,30.9992],[-87.9769,31.0016],[-87.9734,31.0113],[-87.9544,31.0127],[-87.95,31.0206],[-87.9539,31.0125],[-87.9648,31.0082],[-87.9584,31.0031],[-87.9566,30.9898],[-87.9649,30.9668],[-87.9459,30.9641],[-87.9405,30.9519],[-87.9283,30.9463],[-87.9239,30.9363],[-87.9528,30.9243],[-87.9584,30.9045],[-87.9835,30.8836],[-87.985,30.8665],[-87.9505,30.845],[-87.9442,30.8338],[-87.9511,30.8215],[-87.9342,30.8087],[-87.9207,30.805],[-87.9118,30.7917],[-87.8783,30.7829],[-87.8564,30.7715],[-87.8578,30.761],[-87.8517,30.7552],[-87.8228,30.7802],[-87.8061,30.7835],[-87.7907,30.7986],[-87.7987,30.8153],[-87.794,30.8463],[-87.8022,30.8436],[-87.8017,30.8591],[-87.8085,30.8527],[-87.8075,30.8624],[-87.7829,30.8759],[-87.7765,30.8631],[-87.7742,30.8371],[-87.7678,30.8822],[-87.7584,30.8903],[-87.7668,30.8943],[-87.7741,30.8917],[-87.7929,30.9232],[-87.8163,30.9406],[-87.8225,30.9538],[-87.8477,30.9517],[-87.9004,30.9377],[-87.9039,30.9436],[-87.8871,30.9435],[-87.8738,30.9491],[-87.8729,30.9548],[-87.8884,30.9681],[-87.8733,30.9769],[-87.8579,30.9943],[-87.8411,31.0253],[-87.8354,31.0417],[-87.8372,31.0528],[-87.8539,31.0621],[-87.8628,31.0615],[-87.866,31.0489],[-87.8713,31.0485],[-87.8734,31.0532],[-87.8663,31.0456],[-87.8718,31.0417],[-87.9111,31.0541],[-87.9143,31.0502],[-87.9113,31.0434],[-87.9162,31.0435],[-87.9115,31.0377],[-87.9162,31.036],[-87.9292,31.0453],[-87.9275,31.0509],[-87.9371,31.054],[-87.9409,31.0506],[-87.9448,31.0663],[-87.9648,31.0689],[-87.9759,31.0824],[-87.9762,31.0895],[-87.9466,31.1217],[-87.9397,31.1458],[-87.9437,31.1497],[-87.9663,31.1483],[-87.9742,31.1568],[-87.9735,31.1643],[-87.9888,31.1733],[-88.0226,31.1443],[-88.3298,31.1438],[-88.3299,31.1144],[-88.432,31.1143]]]},"properties":{"geoid":"01102","state":"01","district":"102","name":"State House District 102","chamber":"House"}},{"type":"Feature","geometry":{"type":"Polygon","coordinates":[[[-88.1677,30.664],[-88.1614,30.6596],[-88.1611,30.6485],[-88.1393,30.6532],[-88.1264,30.6615],[-88.1226,30.6521],[-88.14,30.6382],[-88.1551,30.6361],[-88.1623,30.6085],[-88.1263,30.6045],[-88.1227,30.6017],[-88.1261,30.5943],[-88.1147,30.5925],[-88.1052,30.5773],[-88.0895,30.5656],[-88.0639,30.5801],[-88.055,30.6079],[-88.0725,30.6104],[-88.0732,30.6139],[-88.0875,30.611],[-88.0873,30.6185],[-88.1003,30.6247],[-88.1007,30.6291],[-88.0938,30.6332],[-88.0959,30.6366],[-88.0753,30.6485],[-88.0721,30.6614],[-88.107,30.6635],[-88.1006,30.6716],[-88.0871,30.6765],[-88.1145,30.6794],[-88.1066,30.6871],[-88.1146,30.6895],[-88.1152,30.7022],[-88.1226,30.707],[-88.1274,30.6761],[-88.1633,30.676],[-88.1652,30.668],[-88.1578,30.6661],[-88.156,30.6705],[-88.156,30.665],[-88.1677,30.664]]]},"properties":{"geoid":"01103","state":"01","district":"103","name":"State House District 103","chamber":"House"}},{"type":"Feature","geometry":{"type":"Polygon","coordinates":[[[-88.2417,30.5893],[-88.2209,30.5889],[-88.2213,30.5701],[-88.2026,30.5596],[-88.2258,30.5442],[-88.2083,30.5305],[-88.193,30.5267],[-88.1804,30.5374],[-88.1746,30.5345],[-88.1692,30.5519],[-88.142,30.5511],[-88.1435,30.5547],[-88.172,30.5547],[-88.1691,30.5944],[-88.1569,30.6186],[-88.157,30.6337],[-88.1469,30.635],[-88.1468,30.6402],[-88.14,30.6382],[-88.1226,30.6521],[-88.1264,30.6615],[-88.1393,30.6532],[-88.1611,30.6485],[-88.1614,30.6596],[-88.1678,30.6639],[-88.156,30.665],[-88.156,30.6705],[-88.1578,30.6661],[-88.1652,30.668],[-88.1633,30.676],[-88.1699,30.676],[-88.1712,30.6623],[-88.2073,30.6611],[-88.2077,30.6158],[-88.2167,30.6163],[-88.2271,30.6069],[-88.2415,30.6061],[-88.2417,30.5893]]]},"properties":{"geoid":"01104","state":"01","district":"104","name":"State House District 104","chamber":"House"}},{"type":"Feature","geometry":{"type":"Polygon","coordinates":[[[-88.4062,30.5897],[-88.3844,30.1585],[-88.3598,30.1745],[-88.3477,30.1901],[-88.3249,30.1802],[-88.303,30.178],[-88.162,30.2001],[-88.1316,30.1736],[-88.1034,30.1664],[-88.0749,30.1471],[-88.0373,30.1466],[-88.0371,30.2224],[-88.0008,30.5311],[-87.9908,30.5447],[-87.9881,30.6299],[-88.0207,30.6441],[-88.0546,30.6441],[-88.0569,30.6252],[-88.0524,30.6123],[-88.0604,30.5866],[-88.0665,30.5771],[-88.0862,30.5648],[-88.1052,30.5773],[-88.1147,30.5925],[-88.1261,30.5943],[-88.1227,30.6017],[-88.1263,30.6045],[-88.1624,30.6085],[-88.1691,30.5944],[-88.1727,30.5563],[-88.1435,30.5547],[-88.142,30.5511],[-88.1694,30.5518],[-88.1746,30.5345],[-88.1804,30.5374],[-88.193,30.5267],[-88.2083,30.5305],[-88.2257,30.544],[-88.2434,30.536],[-88.2424,30.5482],[-88.2831,30.5346],[-88.2842,30.5726],[-88.2711,30.5795],[-88.2856,30.5814],[-88.2936,30.5907],[-88.3147,30.5858],[-88.3348,30.6004],[-88.3379,30.5905],[-88.3436,30.5891],[-88.3522,30.5978],[-88.3523,30.6055],[-88.3854,30.6155],[-88.3853,30.6077],[-88.3991,30.6058],[-88.4062,30.5897]]]},"properties":{"geoid":"01105","state":"01","district":"105","name":"State House District 105","chamber":"House"}}]}