{"type":"FeatureCollection","features":[{"type":"Feature","geometry":{"type":"Polygon","coordinates":[[[-91.2374,36.3899],[-91.1662,36.3897],[-91.1663,36.375],[-91.1184,36.3741],[-91.1347,36.3633],[-91.1059,36.3432],[-91.1152,36.3308],[-91.0397,36.3299],[-91.0377,36.3262],[-91.0223,36.3279],[-91.0224,36.3215],[-91.0049,36.3215],[-91.0051,36.3128],[-90.9306,36.3118],[-90.9362,36.3011],[-90.9248,36.2905],[-90.9295,36.2891],[-90.9262,36.2819],[-90.9336,36.2774],[-90.9343,36.2612],[-90.9255,36.2574],[-90.9298,36.2556],[-90.9254,36.2513],[-90.9166,36.2509],[-90.9177,36.2088],[-90.9585,36.2088],[-90.9565,36.1505],[-90.7475,36.1491],[-90.7657,36.1319],[-90.7712,36.1175],[-90.7064,36.1166],[-90.7069,36.0836],[-90.6006,36.0821],[-90.6017,36.0294],[-90.5978,36.0284],[-90.5531,36.0279],[-90.5529,36.0375],[-90.5664,36.0385],[-90.5676,36.0638],[-90.5742,36.0602],[-90.5725,36.0638],[-90.5794,36.0638],[-90.5795,36.0602],[-90.5906,36.0639],[-90.5905,36.0675],[-90.5838,36.0675],[-90.5876,36.082],[-90.5748,36.0758],[-90.5793,36.0717],[-90.5659,36.071],[-90.5613,36.0746],[-90.5612,36.0783],[-90.5667,36.0784],[-90.5641,36.0855],[-90.5296,36.0855],[-90.5249,36.0964],[-90.5032,36.0998],[-90.5053,36.1046],[-90.4877,36.1042],[-90.484,36.0872],[-90.475,36.0901],[-90.4771,36.1004],[-90.4702,36.1003],[-90.4705,36.0929],[-90.4574,36.0892],[-90.4578,36.0673],[-90.4488,36.0672],[-90.4491,36.0545],[-90.4401,36.0563],[-90.4451,36.049],[-90.4509,36.0526],[-90.4737,36.0492],[-90.4676,36.045],[-90.4679,36.0381],[-90.4588,36.0381],[-90.4603,35.9651],[-90.3873,35.9647],[-90.386,35.9885],[-90.3518,36.0251],[-90.3543,36.0303],[-90.3483,36.0351],[-90.3482,36.0416],[-90.3369,36.0472],[-90.3333,36.0676],[-90.3206,36.0713],[-90.3196,36.0896],[-90.3002,36.0977],[-90.2931,36.1144],[-90.273,36.1168],[-90.2354,36.1394],[-90.2312,36.1536],[-90.2353,36.1595],[-90.2203,36.1845],[-90.2044,36.1869],[-90.2002,36.1965],[-90.1881,36.2055],[-90.1695,36.2141],[-90.1557,36.2138],[-90.1419,36.2277],[-90.1263,36.2292],[-90.1248,36.2353],[-90.1309,36.2414],[-90.124,36.2431],[-90.1171,36.2635],[-90.0835,36.2721],[-90.0757,36.2811],[-90.079,36.2899],[-90.0641,36.3031],[-90.0695,36.3133],[-90.0824,36.322],[-90.0755,36.3343],[-90.078,36.3493],[-90.068,36.3565],[-90.0635,36.3671],[-90.0628,36.3772],[-90.0667,36.378],[-90.0635,36.3841],[-90.0815,36.4011],[-90.1156,36.4058],[-90.1136,36.4096],[-90.1189,36.4125],[-90.1287,36.4114],[-90.1274,36.4167],[-90.1385,36.4137],[-90.1344,36.4229],[-90.1443,36.426],[-90.1343,36.4365],[-90.1373,36.4502],[-90.134,36.4538],[-90.141,36.4585],[-90.143,36.468],[-90.145,36.4629],[-90.1554,36.4638],[-90.153,36.4708],[-90.1424,36.4714],[-90.1442,36.4762],[-90.1595,36.4802],[-90.1601,36.4875],[-90.1562,36.4891],[-90.1601,36.4944],[-90.1535,36.493],[-90.1523,36.498],[-91.2356,36.4975],[-91.2374,36.3899]]]},"properties":{"geoid":"05001","state":"05","district":"1","name":"State House District 1","chamber":"House"}},{"type":"Feature","geometry":{"type":"Polygon","coordinates":[[[-91.9384,36.4352],[-91.9201,36.4324],[-91.9249,36.2565],[-91.5661,36.25],[-91.5663,36.2352],[-91.457,36.2333],[-91.458,36.2041],[-91.3508,36.2012],[-91.3498,36.231],[-91.3322,36.2308],[-91.3315,36.2446],[-91.2594,36.2434],[-91.2589,36.2579],[-91.2409,36.2577],[-91.2419,36.2257],[-91.2347,36.2421],[-91.2279,36.2352],[-91.2268,36.2245],[-91.2039,36.2186],[-91.1983,36.2212],[-91.1953,36.2125],[-91.1853,36.2064],[-91.1616,36.2051],[-91.1555,36.1965],[-91.1575,36.1901],[-91.144,36.1805],[-91.1487,36.1766],[-91.1425,36.1669],[-91.1363,36.1678],[-91.1331,36.1608],[-91.126,36.1606],[-91.1199,36.1538],[-91.0829,36.151],[-91.0863,36.1328],[-91.0787,36.1254],[-91.0719,36.1265],[-91.0812,36.1214],[-91.0735,36.1149],[-91.0638,36.1184],[-91.0657,36.1415],[-91.0549,36.1515],[-90.9565,36.1505],[-90.9585,36.2088],[-90.9177,36.2088],[-90.9166,36.2509],[-90.9254,36.2513],[-90.9298,36.2556],[-90.9255,36.2574],[-90.9343,36.2612],[-90.9336,36.2774],[-90.9262,36.2819],[-90.9295,36.2891],[-90.9248,36.2905],[-90.9362,36.3011],[-90.9306,36.3118],[-91.0051,36.3128],[-91.0049,36.3215],[-91.0224,36.3215],[-91.0223,36.3279],[-91.0377,36.3262],[-91.0397,36.3299],[-91.1152,36.3308],[-91.1059,36.3432],[-91.1347,36.3633],[-91.1184,36.3741],[-91.1663,36.375],[-91.1662,36.3897],[-91.2374,36.3898],[-91.2356,36.4975],[-91.9364,36.4987],[-91.9384,36.4352]]]},"properties":{"geoid":"05002","state":"05","district":"2","name":"State House District 2","chamber":"House"}},{"type":"Feature","geometry":{"type":"Polygon","coordinates":[[[-92.5952,36.3554],[-92.5857,36.345],[-92.5763,36.3424],[-92.5348,36.3509],[-92.5211,36.3588],[-92.5171,36.3695],[-92.5038,36.3783],[-92.5002,36.3745],[-92.478,36.3829],[-92.4615,36.3778],[-92.4612,36.3827],[-92.4448,36.3794],[-92.4342,36.3709],[-92.4338,36.363],[-92.4251,36.3628],[-92.4264,36.3261],[-92.4396,36.3301],[-92.4359,36.3093],[-92.4268,36.313],[-92.3906,36.3108],[-92.386,36.3147],[-92.3472,36.31],[-92.3177,36.2825],[-92.2962,36.2911],[-92.2915,36.2792],[-92.2779,36.2788],[-92.2649,36.2637],[-92.2243,36.2627],[-92.2271,36.2657],[-92.2107,36.2744],[-92.1657,36.2901],[-92.1585,36.2876],[-92.1592,36.2613],[-91.9249,36.2565],[-91.9201,36.4324],[-91.9385,36.4325],[-91.9364,36.4987],[-92.5291,36.4985],[-92.5331,36.3866],[-92.5495,36.3869],[-92.5539,36.3784],[-92.5952,36.3554]]]},"properties":{"geoid":"05003","state":"05","district":"3","name":"State House District 3","chamber":"House"}},{"type":"Feature","geometry":{"type":"Polygon","coordinates":[[[-92.8907,36.1142],[-92.8369,36.1138],[-92.8378,36.0701],[-92.4116,36.0627],[-92.4105,36.092],[-92.3042,36.0902],[-92.3051,36.0611],[-92.1974,36.0592],[-92.1956,36.133],[-92.2152,36.1335],[-92.2139,36.1751],[-92.1599,36.1738],[-92.1585,36.2876],[-92.1713,36.2898],[-92.1855,36.2806],[-92.2107,36.2744],[-92.2271,36.2657],[-92.2243,36.2627],[-92.2649,36.2637],[-92.2779,36.2788],[-92.2915,36.2792],[-92.2962,36.2911],[-92.3177,36.2825],[-92.3472,36.31],[-92.386,36.3147],[-92.3906,36.3108],[-92.4268,36.313],[-92.4359,36.3093],[-92.4396,36.3301],[-92.4264,36.3261],[-92.4251,36.3628],[-92.4338,36.363],[-92.4342,36.3709],[-92.4448,36.3794],[-92.4612,36.3827],[-92.4615,36.3778],[-92.478,36.3829],[-92.5002,36.3745],[-92.5038,36.3783],[-92.5171,36.3695],[-92.5211,36.3588],[-92.5348,36.3509],[-92.5843,36.3442],[-92.5941,36.3519],[-92.5932,36.3583],[-92.5543,36.3782],[-92.5495,36.3869],[-92.5331,36.3866],[-92.5291,36.4985],[-92.854,36.4979],[-92.8546,36.4646],[-92.8607,36.4726],[-92.8736,36.4757],[-92.8849,36.4909],[-92.8907,36.1142]]]},"properties":{"geoid":"05004","state":"05","district":"4","name":"State House District 4","chamber":"House"}},{"type":"Feature","geometry":{"type":"Polygon","coordinates":[[[-93.3011,36.1359],[-93.3008,36.1215],[-92.8907,36.1142],[-92.8883,36.3332],[-92.9337,36.3335],[-92.9339,36.3189],[-92.9546,36.3236],[-92.9782,36.3135],[-93.0002,36.3134],[-93.0052,36.3197],[-93.018,36.32],[-93.0225,36.3272],[-93.0599,36.3391],[-93.0623,36.3482],[-93.0838,36.3623],[-93.0887,36.3759],[-93.08,36.3875],[-93.088,36.3933],[-93.1517,36.3947],[-93.1535,36.3336],[-93.1663,36.3383],[-93.1856,36.3269],[-93.1974,36.3273],[-93.21,36.3437],[-93.2329,36.3402],[-93.2327,36.3547],[-93.2417,36.3548],[-93.2413,36.3694],[-93.2618,36.3696],[-93.2617,36.3812],[-93.2962,36.3815],[-93.3011,36.1359]]]},"properties":{"geoid":"05005","state":"05","district":"5","name":"State House District 5","chamber":"House"}},{"type":"Feature","geometry":{"type":"Polygon","coordinates":[[[-93.8904,36.3783],[-93.8851,36.3722],[-93.8756,36.3795],[-93.8815,36.3715],[-93.8777,36.3683],[-93.867,36.3766],[-93.8646,36.3449],[-93.8678,36.3433],[-93.8647,36.3419],[-93.8681,36.336],[-93.8623,36.3394],[-93.8624,36.3342],[-93.8528,36.3341],[-93.8587,36.3216],[-93.855,36.3173],[-93.8496,36.3306],[-93.842,36.325],[-93.8436,36.322],[-93.8331,36.3232],[-93.8327,36.3129],[-93.8215,36.309],[-93.8149,36.3129],[-93.8151,36.3065],[-93.6575,36.303],[-93.6547,36.2981],[-93.6602,36.2945],[-93.6567,36.2871],[-93.6639,36.2843],[-93.6632,36.2753],[-93.6522,36.2768],[-93.6482,36.2827],[-93.6433,36.2779],[-93.6395,36.2831],[-93.631,36.2779],[-93.6417,36.2673],[-93.6258,36.2592],[-93.5751,36.2578],[-93.5748,36.2898],[-93.5637,36.2902],[-93.5637,36.2989],[-93.5581,36.2987],[-93.5579,36.3074],[-93.5496,36.3073],[-93.5496,36.3158],[-93.5312,36.3119],[-93.5312,36.3206],[-93.4778,36.3204],[-93.4774,36.3294],[-93.4949,36.3291],[-93.4949,36.3418],[-93.3926,36.3329],[-93.3738,36.3171],[-93.3736,36.3115],[-93.3412,36.2977],[-93.2976,36.2966],[-93.2962,36.3815],[-93.2617,36.3812],[-93.2618,36.3696],[-93.2413,36.3694],[-93.2417,36.3548],[-93.2327,36.3547],[-93.2329,36.3402],[-93.21,36.3437],[-93.1974,36.3273],[-93.1856,36.3269],[-93.1663,36.3383],[-93.1535,36.3336],[-93.1517,36.3947],[-93.088,36.3933],[-93.08,36.3875],[-93.0887,36.3759],[-93.0838,36.3623],[-93.0623,36.3482],[-93.0599,36.3391],[-93.0225,36.3272],[-93.018,36.32],[-93.0052,36.3197],[-93.0002,36.3134],[-92.98,36.3131],[-92.9546,36.3236],[-92.9339,36.3189],[-92.9337,36.3335],[-92.8881,36.3332],[-92.8849,36.4909],[-92.8736,36.4757],[-92.8607,36.4726],[-92.8546,36.4646],[-92.854,36.4979],[-93.8667,36.4987],[-93.8667,36.3863],[-93.8727,36.3843],[-93.8724,36.3934],[-93.8822,36.3941],[-93.8788,36.3882],[-93.8835,36.3905],[-93.8812,36.3851],[-93.8904,36.3783]]]},"properties":{"geoid":"05006","state":"05","district":"6","name":"State House District 6","chamber":"House"}},{"type":"Feature","geometry":{"type":"Polygon","coordinates":[[[-94.127,36.2949],[-94.1179,36.2933],[-94.1167,36.286],[-94.1101,36.2896],[-94.0787,36.2812],[-94.0613,36.2853],[-94.0436,36.2787],[-94.0468,36.2733],[-94.0692,36.2704],[-94.0662,36.2583],[-94.054,36.2561],[-94.0371,36.2613],[-94.0271,36.2541],[-94.0263,36.2405],[-94.0081,36.2456],[-93.9986,36.2372],[-93.997,36.2253],[-94.0084,36.2225],[-94.0095,36.216],[-94.0019,36.2166],[-93.9953,36.2097],[-93.9819,36.2115],[-93.9767,36.2038],[-93.9734,36.2052],[-93.9759,36.2223],[-93.9721,36.2285],[-93.9585,36.2219],[-93.9555,36.2327],[-93.9434,36.2319],[-93.9443,36.2361],[-93.8699,36.2348],[-93.869,36.3074],[-93.8151,36.3066],[-93.8149,36.3129],[-93.8215,36.309],[-93.8327,36.3129],[-93.8331,36.3232],[-93.8436,36.322],[-93.842,36.325],[-93.8496,36.3306],[-93.8558,36.3177],[-93.8587,36.3216],[-93.8528,36.3341],[-93.8624,36.3342],[-93.8623,36.3394],[-93.8681,36.336],[-93.8647,36.3419],[-93.8678,36.3433],[-93.8646,36.3449],[-93.867,36.3766],[-93.8777,36.3683],[-93.8815,36.3715],[-93.8756,36.3795],[-93.8851,36.3722],[-93.8904,36.3782],[-93.8812,36.3851],[-93.8835,36.3905],[-93.8788,36.3882],[-93.8822,36.3941],[-93.8724,36.3934],[-93.8727,36.3843],[-93.8667,36.3863],[-93.8667,36.4991],[-94.0734,36.4987],[-94.0594,36.484],[-94.0634,36.4629],[-94.0566,36.4527],[-94.0577,36.4364],[-94.0529,36.4296],[-94.0697,36.4164],[-94.0711,36.4083],[-94.0835,36.4086],[-94.084,36.395],[-94.0885,36.3952],[-94.0841,36.3917],[-94.0912,36.3834],[-94.0856,36.3782],[-94.0652,36.3743],[-94.054,36.3583],[-94.0739,36.356],[-94.0859,36.3463],[-94.0915,36.3228],[-94.0973,36.3241],[-94.0986,36.3314],[-94.1174,36.3331],[-94.1165,36.3432],[-94.1254,36.3478],[-94.127,36.2949]]]},"properties":{"geoid":"05007","state":"05","district":"7","name":"State House District 7","chamber":"House"}},{"type":"Feature","geometry":{"type":"Polygon","coordinates":[[[-94.2449,36.4607],[-94.227,36.452],[-94.2127,36.4605],[-94.2027,36.4584],[-94.2109,36.4456],[-94.2086,36.4301],[-94.2164,36.4248],[-94.2,36.4148],[-94.2003,36.4053],[-94.1847,36.3992],[-94.1834,36.3883],[-94.1701,36.3771],[-94.1702,36.3707],[-94.1606,36.3705],[-94.1572,36.356],[-94.1162,36.3551],[-94.1174,36.3331],[-94.0986,36.3314],[-94.0973,36.3241],[-94.0915,36.3228],[-94.0859,36.3463],[-94.0739,36.356],[-94.054,36.3583],[-94.0652,36.3743],[-94.0856,36.3782],[-94.0912,36.3834],[-94.0841,36.3917],[-94.0885,36.3952],[-94.084,36.395],[-94.0835,36.4086],[-94.0711,36.4083],[-94.0697,36.4164],[-94.0529,36.4296],[-94.0577,36.4364],[-94.0566,36.4527],[-94.0634,36.4629],[-94.0594,36.484],[-94.0638,36.4844],[-94.0651,36.4942],[-94.0713,36.4978],[-94.1841,36.4988],[-94.1846,36.487],[-94.1662,36.4868],[-94.1671,36.4686],[-94.1895,36.4777],[-94.2078,36.4769],[-94.2198,36.4709],[-94.2442,36.4712],[-94.2449,36.4607]]]},"properties":{"geoid":"05008","state":"05","district":"8","name":"State House District 8","chamber":"House"}},{"type":"Feature","geometry":{"type":"Polygon","coordinates":[[[-94.1391,36.1699],[-94.1347,36.1672],[-94.1351,36.1527],[-94.077,36.1515],[-94.0767,36.1462],[-94.0681,36.1422],[-94.0616,36.1482],[-94.0508,36.1469],[-94.0458,36.1535],[-94.0453,36.1777],[-94.0514,36.1831],[-94.0574,36.2089],[-94.1334,36.2103],[-94.1336,36.203],[-94.1234,36.202],[-94.1326,36.1744],[-94.139,36.1745],[-94.1391,36.1699]]]},"properties":{"geoid":"05009","state":"05","district":"9","name":"State House District 9","chamber":"House"}},{"type":"Feature","geometry":{"type":"Polygon","coordinates":[[[-94.2922,36.4274],[-94.2835,36.4053],[-94.2878,36.4012],[-94.2881,36.3882],[-94.2802,36.3871],[-94.2793,36.3804],[-94.2578,36.3702],[-94.2578,36.3612],[-94.1701,36.3562],[-94.161,36.3614],[-94.1606,36.3705],[-94.1702,36.3707],[-94.1701,36.3771],[-94.1834,36.3883],[-94.1847,36.3992],[-94.2003,36.4053],[-94.2,36.4148],[-94.2164,36.4248],[-94.2086,36.4301],[-94.2109,36.4456],[-94.2027,36.4584],[-94.2127,36.4605],[-94.227,36.452],[-94.2449,36.4605],[-94.2404,36.4457],[-94.2503,36.4528],[-94.2594,36.4473],[-94.2661,36.4513],[-94.2663,36.4462],[-94.2659,36.4551],[-94.2917,36.4419],[-94.2922,36.4274]]]},"properties":{"geoid":"05010","state":"05","district":"10","name":"State House District 10","chamber":"House"}},{"type":"Feature","geometry":{"type":"Polygon","coordinates":[[[-94.1619,36.2148],[-94.1614,36.1749],[-94.1326,36.1744],[-94.1233,36.2029],[-94.1336,36.203],[-94.1334,36.2103],[-94.0175,36.2081],[-94.0143,36.216],[-94.0248,36.2153],[-94.0259,36.2219],[-94.0002,36.23],[-93.9986,36.2372],[-94.0128,36.2465],[-94.0268,36.2408],[-94.0271,36.2541],[-94.0334,36.2602],[-94.0662,36.2583],[-94.0692,36.2704],[-94.0468,36.2733],[-94.0436,36.2787],[-94.0613,36.2853],[-94.0787,36.2812],[-94.1101,36.2896],[-94.1167,36.286],[-94.1179,36.2933],[-94.1271,36.2935],[-94.1277,36.2574],[-94.1177,36.2569],[-94.1155,36.2389],[-94.1551,36.2399],[-94.1597,36.2372],[-94.1619,36.2148]]]},"properties":{"geoid":"05011","state":"05","district":"11","name":"State House District 11","chamber":"House"}},{"type":"Feature","geometry":{"type":"Polygon","coordinates":[[[-94.6179,36.4995],[-94.5846,36.2912],[-94.5647,36.2909],[-94.5644,36.2872],[-94.5067,36.2896],[-94.5058,36.2969],[-94.4796,36.2963],[-94.4793,36.3035],[-94.4393,36.3029],[-94.4389,36.3173],[-94.4076,36.3167],[-94.4069,36.336],[-94.359,36.3393],[-94.369,36.3502],[-94.3624,36.3528],[-94.3623,36.3596],[-94.3534,36.3595],[-94.3624,36.3613],[-94.362,36.3777],[-94.3306,36.3774],[-94.3304,36.3847],[-94.3359,36.3879],[-94.336,36.406],[-94.3297,36.4099],[-94.3004,36.4094],[-94.2839,36.4025],[-94.2877,36.4236],[-94.2923,36.4237],[-94.2917,36.4419],[-94.2871,36.4455],[-94.2659,36.4551],[-94.2663,36.4462],[-94.2661,36.4513],[-94.2594,36.4473],[-94.2503,36.4528],[-94.2391,36.4458],[-94.245,36.4602],[-94.2442,36.4712],[-94.2395,36.4724],[-94.2198,36.4709],[-94.2139,36.4759],[-94.1895,36.4777],[-94.1669,36.4695],[-94.1662,36.4868],[-94.1846,36.487],[-94.1841,36.4988],[-94.6179,36.4995]]]},"properties":{"geoid":"05012","state":"05","district":"12","name":"State House District 12","chamber":"House"}},{"type":"Feature","geometry":{"type":"Polygon","coordinates":[[[-94.2634,36.3157],[-94.2589,36.3155],[-94.2591,36.3109],[-94.25,36.3134],[-94.2501,36.3072],[-94.2074,36.3089],[-94.2121,36.2915],[-94.1904,36.2915],[-94.1895,36.2975],[-94.179,36.3002],[-94.1716,36.2974],[-94.1709,36.323],[-94.1619,36.3235],[-94.1664,36.3418],[-94.1524,36.3415],[-94.1519,36.3558],[-94.1572,36.356],[-94.1579,36.3614],[-94.1654,36.3616],[-94.1701,36.3562],[-94.2401,36.3576],[-94.245,36.3361],[-94.2581,36.3355],[-94.2634,36.3157]]]},"properties":{"geoid":"05013","state":"05","district":"13","name":"State House District 13","chamber":"House"}},{"type":"Feature","geometry":{"type":"Polygon","coordinates":[[[-94.4103,36.325],[-94.4078,36.3058],[-94.3989,36.3054],[-94.404,36.2816],[-94.3501,36.2834],[-94.3405,36.2991],[-94.3144,36.3053],[-94.2996,36.2972],[-94.2817,36.2968],[-94.2819,36.282],[-94.2508,36.2818],[-94.25,36.3134],[-94.2591,36.3109],[-94.2633,36.3209],[-94.2589,36.3227],[-94.2581,36.3355],[-94.245,36.3361],[-94.2401,36.3576],[-94.2578,36.3612],[-94.2578,36.3702],[-94.2793,36.3804],[-94.2802,36.3871],[-94.2879,36.3879],[-94.2872,36.4003],[-94.3004,36.4094],[-94.3297,36.4099],[-94.3375,36.4037],[-94.3306,36.3774],[-94.362,36.3777],[-94.3624,36.3613],[-94.3534,36.3595],[-94.3623,36.3596],[-94.3624,36.3528],[-94.369,36.3502],[-94.359,36.3393],[-94.4069,36.336],[-94.4103,36.325]]]},"properties":{"geoid":"05014","state":"05","district":"14","name":"State House District 14","chamber":"House"}},{"type":"Feature","geometry":{"type":"Polygon","coordinates":[[[-94.1727,36.3075],[-94.1725,36.2659],[-94.1457,36.2686],[-94.1454,36.2741],[-94.1408,36.274],[-94.145,36.2831],[-94.1299,36.2827],[-94.1282,36.2864],[-94.1254,36.3478],[-94.1165,36.3432],[-94.1162,36.3551],[-94.1519,36.3558],[-94.1524,36.3415],[-94.1664,36.3418],[-94.1619,36.3235],[-94.1709,36.323],[-94.1727,36.3075]]]},"properties":{"geoid":"05015","state":"05","district":"15","name":"State House District 15","chamber":"House"}},{"type":"Feature","geometry":{"type":"Polygon","coordinates":[[[-94.3964,36.2602],[-94.3865,36.2578],[-94.3871,36.2294],[-94.3693,36.2292],[-94.3621,36.2364],[-94.3378,36.2324],[-94.3379,36.2291],[-94.3153,36.2287],[-94.3156,36.2143],[-94.1819,36.2115],[-94.1769,36.2296],[-94.1556,36.2399],[-94.1155,36.2389],[-94.1177,36.2569],[-94.1277,36.2574],[-94.1271,36.2826],[-94.145,36.2831],[-94.1408,36.274],[-94.1525,36.2654],[-94.1725,36.2659],[-94.1716,36.2974],[-94.179,36.3002],[-94.1895,36.2975],[-94.1904,36.2915],[-94.2121,36.2915],[-94.2074,36.3089],[-94.2501,36.3072],[-94.2508,36.2818],[-94.2819,36.282],[-94.2817,36.2968],[-94.2996,36.2972],[-94.3129,36.3052],[-94.3403,36.2992],[-94.3501,36.2834],[-94.3801,36.2801],[-94.3964,36.2602]]]},"properties":{"geoid":"05016","state":"05","district":"16","name":"State House District 16","chamber":"House"}},{"type":"Feature","geometry":{"type":"Polygon","coordinates":[[[-94.5846,36.2912],[-94.5522,36.1021],[-94.3911,36.0994],[-94.3898,36.1427],[-94.3362,36.142],[-94.3336,36.2147],[-94.3156,36.2143],[-94.3153,36.2287],[-94.3379,36.2291],[-94.3378,36.2324],[-94.3621,36.2364],[-94.3693,36.2292],[-94.3871,36.2294],[-94.3865,36.2578],[-94.3964,36.2602],[-94.3801,36.2801],[-94.404,36.2816],[-94.3989,36.3054],[-94.4078,36.3058],[-94.4076,36.3167],[-94.4389,36.3173],[-94.4393,36.3029],[-94.4793,36.3035],[-94.4796,36.2963],[-94.5058,36.2969],[-94.5067,36.2896],[-94.5503,36.2905],[-94.556,36.287],[-94.5846,36.2912]]]},"properties":{"geoid":"05017","state":"05","district":"17","name":"State House District 17","chamber":"House"}},{"type":"Feature","geometry":{"type":"Polygon","coordinates":[[[-94.3544,36.1351],[-94.3454,36.1348],[-94.3458,36.1205],[-94.3356,36.121],[-94.3338,36.128],[-94.3178,36.1292],[-94.2922,36.1267],[-94.2681,36.115],[-94.239,36.1125],[-94.2344,36.1072],[-94.2347,36.0938],[-94.2241,36.0933],[-94.2263,36.0808],[-94.2115,36.0786],[-94.2127,36.0928],[-94.1937,36.0927],[-94.1926,36.1176],[-94.1774,36.1173],[-94.1831,36.1391],[-94.2031,36.1394],[-94.2192,36.1875],[-94.1791,36.1864],[-94.1862,36.1754],[-94.1614,36.1749],[-94.1619,36.2148],[-94.1597,36.2372],[-94.1551,36.2399],[-94.1769,36.2296],[-94.1819,36.2115],[-94.3336,36.2147],[-94.3362,36.142],[-94.3542,36.1422],[-94.3544,36.1351]]]},"properties":{"geoid":"05018","state":"05","district":"18","name":"State House District 18","chamber":"House"}},{"type":"Feature","geometry":{"type":"Polygon","coordinates":[[[-94.2194,36.1806],[-94.2124,36.1758],[-94.2085,36.1577],[-94.212,36.157],[-94.2031,36.1394],[-94.1831,36.1391],[-94.1774,36.1173],[-94.1219,36.1153],[-94.1135,36.1213],[-94.1113,36.1353],[-94.0641,36.1368],[-94.0767,36.1462],[-94.077,36.1515],[-94.1351,36.1527],[-94.139,36.1745],[-94.1862,36.1754],[-94.1791,36.1864],[-94.2192,36.1875],[-94.2194,36.1806]]]},"properties":{"geoid":"05019","state":"05","district":"19","name":"State House District 19","chamber":"House"}},{"type":"Feature","geometry":{"type":"Polygon","coordinates":[[[-94.1937,36.0932],[-94.1929,36.0884],[-94.1876,36.0957],[-94.1774,36.0956],[-94.1751,36.0849],[-94.1435,36.0861],[-94.1494,36.0734],[-94.1259,36.0722],[-94.127,36.0536],[-94.1194,36.0524],[-94.1177,36.0451],[-94.1052,36.0441],[-94.1004,36.0493],[-94.0836,36.0393],[-94.0834,36.0452],[-94.0734,36.0458],[-94.0741,36.0556],[-94.0645,36.0555],[-94.0605,36.0622],[-94.0681,36.0697],[-94.0799,36.0715],[-94.0855,36.0784],[-94.0808,36.0811],[-94.0837,36.0858],[-94.0786,36.0902],[-94.0563,36.0896],[-94.056,36.1041],[-94.0515,36.104],[-94.0511,36.1367],[-94.1113,36.1353],[-94.1135,36.1213],[-94.122,36.1153],[-94.1926,36.1176],[-94.1937,36.0932]]]},"properties":{"geoid":"05020","state":"05","district":"20","name":"State House District 20","chamber":"House"}},{"type":"Feature","geometry":{"type":"Polygon","coordinates":[[[-94.1997,36.0636],[-94.1878,36.0271],[-94.1544,36.0264],[-94.1549,36.0182],[-94.1498,36.0209],[-94.1497,36.0293],[-94.1228,36.0309],[-94.1329,36.0426],[-94.1323,36.0491],[-94.1186,36.0509],[-94.127,36.0536],[-94.1259,36.0722],[-94.1494,36.0734],[-94.1435,36.0861],[-94.1751,36.0849],[-94.1758,36.0631],[-94.1997,36.0636]]]},"properties":{"geoid":"05021","state":"05","district":"21","name":"State House District 21","chamber":"House"}},{"type":"Feature","geometry":{"type":"Polygon","coordinates":[[[-94.3037,36.0099],[-94.304,36.0007],[-94.2951,36.0006],[-94.2948,36.0143],[-94.2768,36.0177],[-94.2679,36.0249],[-94.268,36.017],[-94.2642,36.0159],[-94.268,36.0138],[-94.2682,36.0002],[-94.2239,35.9991],[-94.2233,36.0135],[-94.2142,36.0133],[-94.2143,36.0278],[-94.1878,36.0271],[-94.1999,36.0637],[-94.1758,36.0631],[-94.1753,36.0931],[-94.1875,36.0958],[-94.1929,36.0884],[-94.1932,36.0926],[-94.2127,36.0928],[-94.2115,36.0786],[-94.2888,36.0796],[-94.2934,36.0724],[-94.3028,36.0723],[-94.3037,36.0099]]]},"properties":{"geoid":"05022","state":"05","district":"22","name":"State House District 22","chamber":"House"}},{"type":"Feature","geometry":{"type":"Polygon","coordinates":[[[-94.5522,36.1021],[-94.5224,35.9316],[-94.4752,35.9309],[-94.4763,35.9018],[-94.4311,35.901],[-94.4319,35.8719],[-94.4069,35.8713],[-94.4059,35.8423],[-94.3968,35.8423],[-94.3968,35.8499],[-94.3705,35.8495],[-94.3702,35.8566],[-94.3608,35.8564],[-94.3611,35.8635],[-94.3567,35.8635],[-94.3565,35.8704],[-94.3519,35.8706],[-94.3427,35.8886],[-94.3246,35.8848],[-94.3242,35.9002],[-94.3118,35.9282],[-94.2788,35.9291],[-94.2736,35.921],[-94.2366,35.9185],[-94.228,35.9113],[-94.2168,35.916],[-94.217,35.9044],[-94.2341,35.9048],[-94.2418,35.8983],[-94.2418,35.8837],[-94.1721,35.8834],[-94.1718,35.8956],[-94.116,35.8956],[-94.1157,35.9067],[-94.107,35.9074],[-94.1124,35.9147],[-94.1224,35.9141],[-94.1229,35.9292],[-94.1284,35.9326],[-94.1126,35.945],[-94.111,35.954],[-94.1165,35.9629],[-94.1125,35.9814],[-94.1246,35.9823],[-94.1289,35.9931],[-94.1378,35.9933],[-94.1395,36.0116],[-94.1552,36.0117],[-94.1544,36.0264],[-94.2143,36.0278],[-94.2142,36.0133],[-94.2233,36.0135],[-94.2239,35.9991],[-94.2682,36.0002],[-94.268,36.0138],[-94.2642,36.0159],[-94.268,36.017],[-94.2679,36.0249],[-94.2723,36.0249],[-94.2768,36.0177],[-94.2948,36.0143],[-94.2951,36.0006],[-94.304,36.0007],[-94.3028,36.0723],[-94.2934,36.0724],[-94.2888,36.0796],[-94.224,36.0788],[-94.2241,36.0933],[-94.2347,36.0938],[-94.2344,36.1072],[-94.2389,36.1125],[-94.2681,36.115],[-94.2922,36.1267],[-94.3178,36.1292],[-94.3338,36.128],[-94.3356,36.121],[-94.3458,36.1205],[-94.3454,36.1348],[-94.3544,36.1349],[-94.3542,36.1422],[-94.3898,36.1427],[-94.3911,36.0994],[-94.5522,36.1021]]]},"properties":{"geoid":"05023","state":"05","district":"23","name":"State House District 23","chamber":"House"}},{"type":"Feature","geometry":{"type":"Polygon","coordinates":[[[-94.5224,35.9316],[-94.4495,35.498],[-94.3187,35.4944],[-94.32,35.4361],[-94.25,35.4346],[-94.2508,35.4056],[-94.2411,35.4054],[-94.2425,35.3563],[-94.2195,35.355],[-94.1765,35.3773],[-94.1377,35.3811],[-94.1318,35.3891],[-94.1334,35.4028],[-94.1615,35.435],[-94.1553,35.4431],[-94.1382,35.4508],[-94.1153,35.4509],[-94.0807,35.4433],[-94.0775,35.5322],[-94.1495,35.5337],[-94.1497,35.5267],[-94.221,35.5248],[-94.2207,35.5432],[-94.2026,35.5427],[-94.2004,35.6076],[-94.2534,35.6087],[-94.251,35.6819],[-94.2319,35.6814],[-94.2315,35.71],[-94.2143,35.7093],[-94.2125,35.753],[-94.2654,35.7543],[-94.2638,35.7978],[-94.2414,35.7989],[-94.2449,35.8013],[-94.2432,35.8143],[-94.2321,35.8312],[-94.2352,35.8836],[-94.2418,35.8837],[-94.2443,35.8942],[-94.2343,35.9047],[-94.217,35.9044],[-94.2168,35.916],[-94.228,35.9113],[-94.2366,35.9185],[-94.2736,35.921],[-94.2788,35.9291],[-94.3118,35.9282],[-94.3242,35.9002],[-94.3246,35.8848],[-94.3427,35.8886],[-94.3519,35.8706],[-94.3565,35.8704],[-94.3567,35.8635],[-94.3611,35.8635],[-94.3608,35.8564],[-94.3702,35.8566],[-94.3705,35.8495],[-94.3968,35.8499],[-94.3968,35.8423],[-94.4059,35.8423],[-94.4069,35.8713],[-94.4319,35.8719],[-94.4311,35.901],[-94.4763,35.9018],[-94.4752,35.9309],[-94.5224,35.9316]]]},"properties":{"geoid":"05024","state":"05","district":"24","name":"State House District 24","chamber":"House"}},{"type":"Feature","geometry":{"type":"Polygon","coordinates":[[[-94.2649,35.7614],[-94.2654,35.7543],[-94.2125,35.753],[-94.2143,35.7093],[-94.2315,35.71],[-94.2319,35.6814],[-94.251,35.6819],[-94.2534,35.6087],[-94.2004,35.6076],[-94.2026,35.5427],[-94.2207,35.5432],[-94.221,35.5248],[-94.1497,35.5267],[-94.1495,35.5337],[-94.0775,35.5322],[-94.0807,35.4433],[-94.0378,35.4587],[-93.9681,35.4693],[-93.9274,35.4683],[-93.9157,35.464],[-93.8973,35.4477],[-93.8854,35.4469],[-93.8832,35.4968],[-93.9011,35.4969],[-93.9009,35.5025],[-93.8922,35.5022],[-93.8922,35.5057],[-93.9184,35.5138],[-93.9178,35.5283],[-93.9357,35.5287],[-93.9352,35.5473],[-93.9437,35.5546],[-93.9437,35.558],[-93.9348,35.5581],[-93.9321,35.6379],[-93.9528,35.6394],[-93.9647,35.6298],[-93.9567,35.6411],[-94.021,35.6449],[-94.0204,35.6614],[-93.9842,35.6607],[-93.9828,35.704],[-93.965,35.7033],[-93.9642,35.732],[-93.9117,35.7308],[-93.9112,35.7453],[-93.8929,35.7451],[-93.8923,35.7594],[-93.9631,35.761],[-93.9606,35.8333],[-93.9519,35.8331],[-93.9441,36.0911],[-93.8879,36.2351],[-93.9443,36.2361],[-93.9434,36.2319],[-93.9555,36.2327],[-93.9583,36.2219],[-93.9721,36.2285],[-93.9757,36.2237],[-93.9751,36.2037],[-93.9819,36.2115],[-93.9953,36.2097],[-94.0019,36.2166],[-94.0088,36.2153],[-94.0084,36.2225],[-93.9974,36.2241],[-94.002,36.2305],[-94.0252,36.223],[-94.0256,36.2158],[-94.0137,36.2149],[-94.0175,36.2081],[-94.0574,36.2089],[-94.0514,36.1831],[-94.0453,36.1777],[-94.0458,36.1535],[-94.0508,36.1469],[-94.0616,36.1482],[-94.0681,36.142],[-94.0641,36.1368],[-94.0511,36.1367],[-94.0515,36.104],[-94.056,36.1041],[-94.057,36.089],[-94.0786,36.0902],[-94.0855,36.0792],[-94.0778,36.0698],[-94.0681,36.0697],[-94.0605,36.0622],[-94.0645,36.0555],[-94.0741,36.0556],[-94.0734,36.0458],[-94.0834,36.0452],[-94.0836,36.0393],[-94.1004,36.0493],[-94.1105,36.044],[-94.1177,36.0451],[-94.1186,36.0509],[-94.1292,36.0507],[-94.1329,36.0426],[-94.1228,36.0309],[-94.1497,36.0293],[-94.1498,36.0209],[-94.1549,36.0182],[-94.1552,36.0117],[-94.1395,36.0116],[-94.1378,35.9933],[-94.1289,35.9931],[-94.1246,35.9823],[-94.1125,35.9814],[-94.1165,35.9629],[-94.111,35.954],[-94.1126,35.945],[-94.1284,35.9326],[-94.1229,35.9292],[-94.1224,35.9141],[-94.1124,35.9147],[-94.107,35.9074],[-94.1157,35.9067],[-94.116,35.8956],[-94.1718,35.8956],[-94.1721,35.8834],[-94.2352,35.8836],[-94.2331,35.8253],[-94.243,35.815],[-94.2428,35.797],[-94.2638,35.7978],[-94.2649,35.7614]]]},"properties":{"geoid":"05025","state":"05","district":"25","name":"State House District 25","chamber":"House"}},{"type":"Feature","geometry":{"type":"Polygon","coordinates":[[[-94.021,35.645],[-93.9567,35.6411],[-93.9647,35.6298],[-93.9528,35.6394],[-93.9321,35.6379],[-93.9348,35.5581],[-93.9437,35.558],[-93.9437,35.5546],[-93.9352,35.5473],[-93.9357,35.5287],[-93.9178,35.5283],[-93.9184,35.5138],[-93.8922,35.5057],[-93.8922,35.5022],[-93.9009,35.5025],[-93.9011,35.4969],[-93.8832,35.4968],[-93.8854,35.4469],[-93.8571,35.4826],[-93.8227,35.4812],[-93.8058,35.4582],[-93.8069,35.4242],[-93.7893,35.3962],[-93.7611,35.3781],[-93.7508,35.3649],[-93.7185,35.3694],[-93.71,35.3752],[-93.6959,35.7686],[-93.5192,35.7635],[-93.5171,35.8233],[-93.5261,35.8236],[-93.5236,35.8815],[-93.506,35.881],[-93.5049,35.9251],[-93.4869,35.9243],[-93.4862,35.9534],[-93.4684,35.9532],[-93.4681,35.9676],[-93.4508,35.9675],[-93.4457,36.0808],[-93.4803,36.0816],[-93.4795,36.1251],[-93.3008,36.1215],[-93.2976,36.2966],[-93.3412,36.2977],[-93.3736,36.3115],[-93.3738,36.3171],[-93.3926,36.3329],[-93.4949,36.3418],[-93.4949,36.3291],[-93.4774,36.3294],[-93.4778,36.3204],[-93.5312,36.3206],[-93.5312,36.3119],[-93.5496,36.3158],[-93.5496,36.3073],[-93.5579,36.3074],[-93.5581,36.2987],[-93.5637,36.2989],[-93.5637,36.2902],[-93.5748,36.2898],[-93.5751,36.2578],[-93.5826,36.2579],[-93.629,36.2604],[-93.6418,36.2675],[-93.631,36.2779],[-93.6398,36.2832],[-93.6433,36.2779],[-93.6482,36.2827],[-93.6518,36.277],[-93.6626,36.2749],[-93.6639,36.2843],[-93.6567,36.2871],[-93.6602,36.2945],[-93.6547,36.2981],[-93.6575,36.303],[-93.869,36.3074],[-93.8699,36.2348],[-93.8879,36.2351],[-93.9441,36.0911],[-93.9519,35.8331],[-93.9606,35.8333],[-93.9631,35.761],[-93.8923,35.7594],[-93.8929,35.7451],[-93.9112,35.7453],[-93.9117,35.7308],[-93.9642,35.732],[-93.965,35.7033],[-93.9828,35.704],[-93.9842,35.6607],[-94.0204,35.6614],[-94.021,35.645]]]},"properties":{"geoid":"05026","state":"05","district":"26","name":"State House District 26","chamber":"House"}},{"type":"Feature","geometry":{"type":"Polygon","coordinates":[[[-93.526,35.8266],[-93.5171,35.8233],[-93.5196,35.7345],[-92.6314,35.7184],[-92.6298,35.7908],[-92.4168,35.7886],[-92.4148,35.8839],[-92.3786,35.891],[-92.3439,35.8774],[-92.3447,35.9024],[-92.3089,35.9019],[-92.3083,35.9164],[-92.2542,35.9155],[-92.2536,35.9299],[-92.2004,35.9294],[-92.2007,35.9139],[-92.1514,35.9138],[-92.152,35.8859],[-92.1212,35.8852],[-92.1254,35.8914],[-92.1076,35.891],[-92.1006,35.8873],[-92.107,35.8874],[-92.1079,35.8824],[-92.1033,35.8818],[-92.0798,35.8964],[-92.0798,35.9275],[-92.0659,35.9309],[-92.0465,35.9441],[-92.0312,35.9406],[-92.0272,35.9224],[-92.0166,35.9162],[-92.0013,35.9215],[-91.9856,35.9381],[-91.9694,35.9404],[-91.9565,35.9344],[-91.9364,35.9121],[-91.896,35.8825],[-91.8607,35.8812],[-91.8495,35.8673],[-91.7534,35.9428],[-91.7105,35.9418],[-91.7095,36.001],[-91.6822,36.0006],[-91.682,36.0116],[-91.6912,36.0118],[-91.6911,36.0191],[-91.6818,36.0227],[-91.6799,36.1647],[-91.675,36.1647],[-91.6742,36.2086],[-91.6921,36.2091],[-91.6914,36.2532],[-92.1569,36.2612],[-92.1599,36.1738],[-92.2139,36.1751],[-92.2152,36.1335],[-92.1956,36.133],[-92.1974,36.0592],[-92.3051,36.0611],[-92.3042,36.0902],[-92.4105,36.092],[-92.4116,36.0627],[-92.8195,36.0693],[-92.8378,36.0701],[-92.8369,36.1138],[-93.4795,36.1251],[-93.4803,36.0816],[-93.4457,36.0808],[-93.4508,35.9675],[-93.4681,35.9676],[-93.4684,35.9532],[-93.4862,35.9534],[-93.4869,35.9243],[-93.5049,35.9251],[-93.506,35.881],[-93.5236,35.8815],[-93.526,35.8266]]]},"properties":{"geoid":"05027","state":"05","district":"27","name":"State House District 27","chamber":"House"}},{"type":"Feature","geometry":{"type":"Polygon","coordinates":[[[-92.0798,35.8975],[-92.0535,35.8963],[-92.0541,35.8821],[-92.0319,35.8815],[-92.0301,35.8696],[-92.0483,35.8698],[-92.048,35.86],[-92.0342,35.8587],[-92.0122,35.8702],[-91.9997,35.8646],[-91.9926,35.8691],[-91.9932,35.8376],[-91.9756,35.837],[-91.976,35.8224],[-91.9899,35.8224],[-91.9855,35.8195],[-91.9836,35.7984],[-91.9977,35.8063],[-92.0025,35.8023],[-92.0234,35.8022],[-92.0442,35.8243],[-92.065,35.8246],[-92.063,35.7809],[-92.0468,35.7628],[-92.0203,35.7627],[-92.0128,35.7596],[-92.0101,35.7517],[-92.0311,35.7516],[-92.032,35.7079],[-91.8068,35.7046],[-91.7896,35.7118],[-91.7901,35.6816],[-91.7317,35.6812],[-91.7324,35.6916],[-91.7126,35.6923],[-91.7044,35.697],[-91.6893,35.7197],[-91.7065,35.732],[-91.6954,35.7409],[-91.6989,35.754],[-91.6411,35.7598],[-91.6538,35.7653],[-91.6633,35.7634],[-91.6575,35.77],[-91.6686,35.7722],[-91.668,35.8037],[-91.6644,35.8036],[-91.6673,35.8073],[-91.603,35.8058],[-91.614,35.7995],[-91.6116,35.7929],[-91.6219,35.7811],[-91.5821,35.7711],[-91.5822,35.7614],[-91.5766,35.7613],[-91.5789,35.7456],[-91.5703,35.7344],[-91.5575,35.7307],[-91.5494,35.7303],[-91.5489,35.7594],[-91.5317,35.7594],[-91.5311,35.7739],[-91.4505,35.7742],[-91.4499,35.7891],[-91.4147,35.7876],[-91.4149,35.7731],[-91.2829,35.7732],[-91.2801,35.7752],[-91.2884,35.7815],[-91.2818,35.7849],[-91.281,35.792],[-91.2712,35.7882],[-91.2472,35.7998],[-91.2612,35.804],[-91.2595,35.8111],[-91.2546,35.8079],[-91.2306,35.8139],[-91.2394,35.8212],[-91.2323,35.8245],[-91.2469,35.8287],[-91.2483,35.8336],[-91.2356,35.8333],[-91.2285,35.8434],[-91.2088,35.8493],[-91.2216,35.8517],[-91.2097,35.8627],[-91.2185,35.8808],[-91.2129,35.8818],[-91.2101,35.8729],[-91.2058,35.8723],[-91.211,35.883],[-91.198,35.8838],[-91.2029,35.8878],[-91.1985,35.89],[-90.8729,35.8809],[-90.8722,35.9244],[-90.8602,35.9252],[-90.8659,35.9412],[-90.8604,35.945],[-90.8648,35.9473],[-90.8569,35.95],[-90.8615,35.9556],[-90.8514,35.9635],[-90.8497,35.972],[-90.932,36.0268],[-90.9405,36.0212],[-90.9415,35.9857],[-91.0186,35.9884],[-90.9674,36.0599],[-90.9941,36.061],[-90.9941,36.0684],[-91.0286,36.0697],[-91.0285,36.077],[-91.0595,36.0842],[-91.0592,36.0923],[-91.0897,36.0957],[-91.0816,36.0964],[-91.0815,36.1127],[-91.0735,36.1149],[-91.0811,36.1217],[-91.0718,36.1262],[-91.0787,36.1254],[-91.0861,36.1324],[-91.0829,36.151],[-91.1197,36.1537],[-91.126,36.1606],[-91.1329,36.1606],[-91.1363,36.1678],[-91.1449,36.1695],[-91.1487,36.1777],[-91.144,36.1805],[-91.1575,36.1901],[-91.1555,36.1965],[-91.1612,36.2048],[-91.1853,36.2064],[-91.1953,36.2125],[-91.1983,36.2212],[-91.2039,36.2186],[-91.2268,36.2245],[-91.2279,36.2352],[-91.2343,36.2419],[-91.2419,36.2257],[-91.2409,36.2577],[-91.2589,36.2579],[-91.2594,36.2434],[-91.3315,36.2446],[-91.3322,36.2308],[-91.3498,36.231],[-91.3508,36.2012],[-91.458,36.2041],[-91.4577,36.2335],[-91.5663,36.2352],[-91.5661,36.25],[-91.6914,36.2532],[-91.6921,36.2091],[-91.6742,36.2086],[-91.675,36.1647],[-91.6799,36.1647],[-91.6818,36.0227],[-91.6911,36.0191],[-91.6912,36.0118],[-91.682,36.0116],[-91.6822,36.0006],[-91.7095,36.001],[-91.7105,35.9418],[-91.7534,35.9428],[-91.8495,35.8673],[-91.8607,35.8812],[-91.896,35.8825],[-91.9364,35.9121],[-91.9565,35.9344],[-91.9702,35.9405],[-91.9856,35.9381],[-92.0013,35.9215],[-92.0166,35.9162],[-92.0272,35.9224],[-92.0312,35.9406],[-92.0465,35.9441],[-92.0659,35.9309],[-92.0798,35.9275],[-92.0798,35.8975]]]},"properties":{"geoid":"05028","state":"05","district":"28","name":"State House District 28","chamber":"House"}},{"type":"Feature","geometry":{"type":"Polygon","coordinates":[[[-92.986,34.332],[-92.9508,34.3317],[-92.9522,34.2825],[-92.9389,34.2857],[-92.9352,34.2711],[-92.9279,34.27],[-92.9312,34.2571],[-92.7261,34.2545],[-92.7254,34.2692],[-92.6726,34.2686],[-92.6687,34.4145],[-92.621,34.4111],[-92.6214,34.4153],[-92.6165,34.4146],[-92.6243,34.42],[-92.6234,34.4254],[-92.6015,34.439],[-92.5972,34.4526],[-92.5895,34.4556],[-92.5063,34.4538],[-92.5031,34.5263],[-92.5584,34.5271],[-92.556,34.5128],[-92.5736,34.5098],[-92.5741,34.5025],[-92.5784,34.5025],[-92.5821,34.5137],[-92.6127,34.5149],[-92.6162,34.5295],[-92.6247,34.5219],[-92.6328,34.5216],[-92.645,34.5317],[-92.6892,34.5026],[-92.697,34.5027],[-92.6967,34.5102],[-92.7361,34.4739],[-92.7383,34.5032],[-92.9151,34.5061],[-92.9135,34.4484],[-92.9478,34.449],[-92.9481,34.3892],[-92.9839,34.3892],[-92.986,34.332]]]},"properties":{"geoid":"05029","state":"05","district":"29","name":"State House District 29","chamber":"House"}},{"type":"Feature","geometry":{"type":"Polygon","coordinates":[[[-91.0909,36.0966],[-91.0592,36.0923],[-91.0595,36.0842],[-91.0285,36.077],[-91.0286,36.0697],[-90.9941,36.0684],[-90.9941,36.061],[-90.9674,36.0599],[-91.0186,35.9884],[-90.9415,35.9857],[-90.9405,36.0212],[-90.932,36.0268],[-90.8497,35.972],[-90.8514,35.9635],[-90.8615,35.9556],[-90.8569,35.95],[-90.8648,35.9473],[-90.8604,35.945],[-90.8659,35.9412],[-90.8602,35.9252],[-90.8722,35.9244],[-90.8729,35.8809],[-90.7853,35.8797],[-90.7806,35.8609],[-90.7661,35.8481],[-90.7482,35.8523],[-90.731,35.8485],[-90.7007,35.8508],[-90.6945,35.8578],[-90.6939,35.8719],[-90.6581,35.8752],[-90.6583,35.8698],[-90.6492,35.8697],[-90.6491,35.875],[-90.64,35.8751],[-90.6398,35.8795],[-90.6045,35.8785],[-90.6037,35.9291],[-90.6433,35.9295],[-90.6368,35.9402],[-90.6237,35.9489],[-90.6228,35.9659],[-90.5855,35.9656],[-90.5845,36.0292],[-90.6016,36.0293],[-90.6006,36.0821],[-90.7069,36.0836],[-90.7064,36.1166],[-90.7712,36.1175],[-90.7657,36.1319],[-90.7475,36.1491],[-91.0549,36.1515],[-91.0657,36.1415],[-91.0638,36.1184],[-91.0815,36.1127],[-91.0816,36.0964],[-91.0909,36.0966]]]},"properties":{"geoid":"05030","state":"05","district":"30","name":"State House District 30","chamber":"House"}},{"type":"Feature","geometry":{"type":"Polygon","coordinates":[[[-90.5905,36.0675],[-90.584,36.0602],[-90.5676,36.0638],[-90.5664,36.0385],[-90.5529,36.0375],[-90.5563,36.0268],[-90.5845,36.0292],[-90.5855,35.9656],[-90.4603,35.9651],[-90.4588,36.0381],[-90.4679,36.0381],[-90.4676,36.045],[-90.4737,36.0492],[-90.4509,36.0526],[-90.4451,36.049],[-90.4401,36.0563],[-90.4491,36.0545],[-90.4488,36.0672],[-90.4578,36.0673],[-90.4574,36.0892],[-90.4705,36.0929],[-90.4702,36.1003],[-90.4771,36.1004],[-90.475,36.0901],[-90.484,36.0872],[-90.4877,36.1042],[-90.5053,36.1046],[-90.5032,36.0998],[-90.5249,36.0964],[-90.5296,36.0855],[-90.5641,36.0855],[-90.5667,36.0784],[-90.5612,36.0783],[-90.5613,36.0746],[-90.5659,36.071],[-90.5793,36.0717],[-90.5748,36.0758],[-90.5876,36.082],[-90.5838,36.0675],[-90.5905,36.0675]]]},"properties":{"geoid":"05031","state":"05","district":"31","name":"State House District 31","chamber":"House"}},{"type":"Feature","geometry":{"type":"Polygon","coordinates":[[[-90.787,35.786],[-90.7859,35.778],[-90.7547,35.7779],[-90.7549,35.787],[-90.7462,35.7895],[-90.7448,35.7951],[-90.7317,35.7961],[-90.7277,35.8042],[-90.7304,35.807],[-90.7251,35.807],[-90.7213,35.8142],[-90.678,35.814],[-90.6823,35.8212],[-90.6923,35.8213],[-90.6974,35.8357],[-90.6854,35.836],[-90.677,35.8475],[-90.6575,35.8569],[-90.6498,35.8539],[-90.6496,35.8589],[-90.6407,35.8588],[-90.64,35.8751],[-90.6489,35.8751],[-90.6492,35.8697],[-90.6583,35.8698],[-90.6581,35.8752],[-90.6939,35.8719],[-90.6945,35.8578],[-90.7027,35.8503],[-90.7661,35.8504],[-90.7663,35.8431],[-90.7748,35.8429],[-90.7749,35.8358],[-90.7843,35.8357],[-90.787,35.786]]]},"properties":{"geoid":"05032","state":"05","district":"32","name":"State House District 32","chamber":"House"}},{"type":"Feature","geometry":{"type":"Polygon","coordinates":[[[-90.6499,35.8505],[-90.6226,35.8498],[-90.6415,35.8264],[-90.642,35.8119],[-90.6247,35.8018],[-90.6246,35.8064],[-90.584,35.8073],[-90.5847,35.7926],[-90.571,35.7929],[-90.5711,35.7633],[-90.5,35.765],[-90.5006,35.7073],[-90.2868,35.6999],[-90.2869,35.4384],[-90.2238,35.4377],[-90.1619,35.5427],[-90.0554,35.6906],[-90.0576,35.7056],[-90.0453,35.7055],[-89.9638,35.826],[-89.9647,35.9241],[-89.9721,35.9316],[-89.9707,35.9427],[-89.9828,35.9447],[-89.983,35.9555],[-89.9873,35.9555],[-89.9831,35.9635],[-89.9788,35.9605],[-89.9743,35.964],[-89.9956,35.999],[-90.3779,35.9957],[-90.3862,35.988],[-90.3873,35.9647],[-90.6228,35.9659],[-90.6237,35.9489],[-90.6368,35.9402],[-90.6433,35.9295],[-90.6037,35.9291],[-90.6045,35.8785],[-90.6398,35.8795],[-90.6407,35.8588],[-90.6496,35.8589],[-90.6499,35.8505]]]},"properties":{"geoid":"05033","state":"05","district":"33","name":"State House District 33","chamber":"House"}},{"type":"Feature","geometry":{"type":"Polygon","coordinates":[[[-90.2237,35.4377],[-90.1401,35.4368],[-90.1294,35.4421],[-90.121,35.465],[-90.1123,35.474],[-90.1011,35.4781],[-90.079,35.4769],[-90.0672,35.4648],[-90.0741,35.4341],[-90.062,35.4152],[-90.0695,35.4081],[-90.0543,35.3893],[-90.0446,35.3931],[-90.0416,35.3966],[-90.0568,35.4039],[-90.0506,35.4096],[-90.0027,35.43],[-90.0125,35.4637],[-90.0362,35.4837],[-90.0482,35.5038],[-90.0495,35.5202],[-90.0386,35.5492],[-90.0079,35.5601],[-89.9897,35.5602],[-89.9581,35.5412],[-89.9587,35.5238],[-89.9265,35.5116],[-89.9089,35.5142],[-89.9021,35.5281],[-89.9051,35.5365],[-89.9134,35.5359],[-89.9107,35.5475],[-89.9421,35.557],[-89.9576,35.5885],[-89.9444,35.6022],[-89.9113,35.6176],[-89.8903,35.6164],[-89.8578,35.6337],[-89.8522,35.6426],[-89.8518,35.6593],[-89.8613,35.6702],[-89.8764,35.6667],[-89.8853,35.6547],[-89.8989,35.6509],[-89.9302,35.6614],[-89.9558,35.6904],[-89.9578,35.7274],[-89.9379,35.7442],[-89.9075,35.7593],[-89.8928,35.7506],[-89.8631,35.7571],[-89.8524,35.7554],[-89.8503,35.7465],[-89.8442,35.7431],[-89.8255,35.7452],[-89.7994,35.7581],[-89.7996,35.7883],[-89.7817,35.8052],[-89.7654,35.8112],[-89.7292,35.8025],[-89.7058,35.8139],[-89.6948,35.823],[-89.6955,35.8357],[-89.7679,35.86],[-89.7741,35.8692],[-89.7717,35.8837],[-89.7467,35.9095],[-89.7333,35.9119],[-89.7149,35.9062],[-89.6764,35.8767],[-89.6607,35.8755],[-89.6436,35.8897],[-89.641,35.907],[-89.6465,35.9237],[-89.7185,35.9631],[-89.7229,35.9891],[-89.7331,36.0008],[-89.9956,35.999],[-89.9743,35.964],[-89.9788,35.9605],[-89.9831,35.9635],[-89.9873,35.9555],[-89.983,35.9555],[-89.9828,35.9447],[-89.9707,35.9427],[-89.9721,35.9316],[-89.9647,35.9241],[-89.9638,35.826],[-90.0453,35.7055],[-90.0576,35.7056],[-90.0554,35.6906],[-90.1619,35.5427],[-90.2237,35.4377]]]},"properties":{"geoid":"05034","state":"05","district":"34","name":"State House District 34","chamber":"House"}},{"type":"Feature","geometry":{"type":"Polygon","coordinates":[[[-90.6133,35.1805],[-90.6115,35.1452],[-90.5896,35.1446],[-90.2681,35.1477],[-90.1922,35.171],[-90.1759,35.1651],[-90.1758,35.1527],[-90.1675,35.1491],[-90.1662,35.1224],[-90.1387,35.1315],[-90.1039,35.1193],[-90.0856,35.1216],[-90.0681,35.1361],[-90.0654,35.1514],[-90.1027,35.172],[-90.1173,35.1917],[-90.1157,35.1988],[-90.0967,35.1948],[-90.0888,35.2122],[-90.0782,35.2097],[-90.0758,35.2208],[-90.0943,35.2488],[-90.1121,35.2557],[-90.1489,35.2543],[-90.169,35.2805],[-90.1641,35.2955],[-90.157,35.3016],[-90.1386,35.299],[-90.11,35.305],[-90.0954,35.3507],[-90.0783,35.3749],[-90.0792,35.3825],[-90.1131,35.4106],[-90.1293,35.4138],[-90.1414,35.4089],[-90.1461,35.3998],[-90.1357,35.3767],[-90.1653,35.374],[-90.1785,35.3821],[-90.1689,35.4219],[-90.1401,35.4368],[-90.5024,35.4416],[-90.5031,35.354],[-90.6113,35.3539],[-90.6133,35.1805]]]},"properties":{"geoid":"05035","state":"05","district":"35","name":"State House District 35","chamber":"House"}},{"type":"Feature","geometry":{"type":"Polygon","coordinates":[[[-90.6976,35.8294],[-90.6923,35.8213],[-90.678,35.8169],[-90.6787,35.7924],[-90.6697,35.7924],[-90.6645,35.7398],[-90.6795,35.7306],[-90.6771,35.7049],[-90.6048,35.7045],[-90.607,35.6198],[-90.4656,35.6204],[-90.4655,35.6121],[-90.4732,35.6123],[-90.4733,35.5912],[-90.4659,35.5912],[-90.4658,35.5719],[-90.3758,35.5706],[-90.3758,35.556],[-90.3579,35.556],[-90.358,35.5477],[-90.287,35.5472],[-90.2868,35.6999],[-90.5006,35.7073],[-90.5,35.765],[-90.5711,35.7633],[-90.571,35.7929],[-90.5847,35.7926],[-90.584,35.8073],[-90.6246,35.8064],[-90.6247,35.8018],[-90.642,35.8119],[-90.6415,35.8264],[-90.6226,35.8498],[-90.6499,35.8499],[-90.6498,35.8539],[-90.6575,35.8569],[-90.677,35.8475],[-90.6854,35.836],[-90.6974,35.8357],[-90.6976,35.8294]]]},"properties":{"geoid":"05036","state":"05","district":"36","name":"State House District 36","chamber":"House"}},{"type":"Feature","geometry":{"type":"Polygon","coordinates":[[[-91.0464,34.912],[-90.8411,34.9063],[-90.8475,34.9109],[-90.8402,34.9271],[-90.8445,34.9351],[-90.8569,34.9416],[-90.861,34.9563],[-90.8739,34.9552],[-90.8871,34.9696],[-90.8824,34.9856],[-90.8907,34.9895],[-90.834,35.0159],[-90.7611,35.0154],[-90.7581,35.0106],[-90.7477,35.0096],[-90.7261,35.0163],[-90.7251,35.0221],[-90.7067,35.0229],[-90.6903,35.0223],[-90.6904,35.0184],[-90.6728,35.0184],[-90.6727,35.0222],[-90.6616,35.0149],[-90.6249,35.0156],[-90.6201,35.0373],[-90.6192,35.0862],[-90.6103,35.0956],[-90.6135,35.1036],[-90.6113,35.3539],[-90.5031,35.354],[-90.5024,35.4416],[-90.2869,35.4384],[-90.287,35.5472],[-90.3595,35.5482],[-90.3828,35.5269],[-90.3948,35.5271],[-90.3953,35.5154],[-90.4265,35.5338],[-90.4372,35.5313],[-90.4519,35.5354],[-90.455,35.5293],[-90.4885,35.5396],[-90.5156,35.5291],[-90.5552,35.531],[-90.5553,35.5601],[-90.6084,35.562],[-90.6089,35.5337],[-90.8229,35.5355],[-90.822,35.5793],[-91.0388,35.5763],[-91.0464,34.912]]]},"properties":{"geoid":"05037","state":"05","district":"37","name":"State House District 37","chamber":"House"}},{"type":"Feature","geometry":{"type":"Polygon","coordinates":[[[-91.3381,35.713],[-91.2426,35.7122],[-91.2446,35.7269],[-91.2031,35.7264],[-91.2027,35.7119],[-91.037,35.7084],[-91.0388,35.5763],[-90.822,35.5793],[-90.8229,35.5355],[-90.6089,35.5337],[-90.6084,35.562],[-90.5908,35.5619],[-90.5553,35.5601],[-90.5552,35.531],[-90.5156,35.5291],[-90.4885,35.5396],[-90.455,35.5293],[-90.4519,35.5354],[-90.4372,35.5313],[-90.4265,35.5338],[-90.3953,35.5154],[-90.3948,35.5271],[-90.3828,35.5269],[-90.3581,35.5477],[-90.3579,35.556],[-90.3758,35.556],[-90.3758,35.5706],[-90.4658,35.5719],[-90.4659,35.5912],[-90.4733,35.5912],[-90.4732,35.6123],[-90.4655,35.6121],[-90.4656,35.6204],[-90.607,35.6198],[-90.6048,35.7045],[-90.6773,35.7053],[-90.6795,35.7306],[-90.6645,35.7398],[-90.6697,35.7924],[-90.6787,35.7924],[-90.678,35.814],[-90.7212,35.8142],[-90.7251,35.807],[-90.7304,35.807],[-90.7277,35.8042],[-90.7317,35.7961],[-90.7448,35.7951],[-90.7462,35.7895],[-90.7549,35.787],[-90.7547,35.7779],[-90.7859,35.778],[-90.7843,35.8357],[-90.7749,35.8358],[-90.7748,35.8429],[-90.7663,35.8431],[-90.7661,35.8481],[-90.7806,35.8609],[-90.7853,35.8797],[-91.1985,35.89],[-91.2029,35.8878],[-91.198,35.8838],[-91.211,35.883],[-91.2058,35.8723],[-91.2101,35.8729],[-91.2129,35.8818],[-91.2185,35.8808],[-91.2097,35.8627],[-91.2216,35.8517],[-91.2088,35.8493],[-91.2285,35.8434],[-91.2356,35.8333],[-91.2483,35.8336],[-91.2469,35.8287],[-91.2323,35.8245],[-91.2394,35.8212],[-91.2306,35.8139],[-91.2546,35.8079],[-91.2595,35.8111],[-91.2612,35.804],[-91.2493,35.803],[-91.2479,35.7989],[-91.2712,35.7882],[-91.281,35.792],[-91.2818,35.7849],[-91.2883,35.781],[-91.28,35.7746],[-91.2912,35.7729],[-91.2906,35.7658],[-91.3124,35.765],[-91.3107,35.757],[-91.3186,35.7563],[-91.3181,35.7492],[-91.3333,35.7403],[-91.3276,35.7302],[-91.3381,35.713]]]},"properties":{"geoid":"05038","state":"05","district":"38","name":"State House District 38","chamber":"House"}},{"type":"Feature","geometry":{"type":"Polygon","coordinates":[[[-91.7701,35.291],[-91.7493,35.2685],[-91.7087,35.2692],[-91.7074,35.2628],[-91.7047,35.2669],[-91.6762,35.2551],[-91.6709,35.2615],[-91.6609,35.2577],[-91.6653,35.2534],[-91.6432,35.2569],[-91.6472,35.2682],[-91.6399,35.2675],[-91.6413,35.2602],[-91.6368,35.2667],[-91.6149,35.2641],[-91.6131,35.2585],[-91.6224,35.2589],[-91.6318,35.2507],[-91.6165,35.2393],[-91.62,35.2209],[-91.6119,35.208],[-91.5913,35.2028],[-91.5884,35.196],[-91.5428,35.2082],[-91.5356,35.1991],[-91.5442,35.1924],[-91.5423,35.1878],[-91.5183,35.1944],[-91.5069,35.189],[-91.5029,35.2041],[-91.4982,35.1996],[-91.5018,35.1927],[-91.4957,35.1896],[-91.4844,35.2034],[-91.4821,35.1915],[-91.4721,35.1929],[-91.4765,35.185],[-91.4571,35.1872],[-91.4523,35.1955],[-91.4458,35.1824],[-91.4295,35.1816],[-91.4264,35.1852],[-91.4308,35.1929],[-91.4135,35.194],[-91.4088,35.2113],[-91.4023,35.2149],[-91.3961,35.2101],[-91.3948,35.1944],[-91.3807,35.188],[-91.3776,35.1971],[-91.3906,35.2022],[-91.3799,35.2157],[-91.3948,35.2216],[-91.3782,35.2223],[-91.3892,35.235],[-91.3848,35.2466],[-91.3726,35.2557],[-91.3713,35.2641],[-91.3785,35.2671],[-91.3807,35.2544],[-91.3916,35.2521],[-91.4006,35.2646],[-91.4118,35.2648],[-91.4131,35.3039],[-91.4287,35.2931],[-91.4374,35.2961],[-91.4383,35.3054],[-91.4272,35.3109],[-91.4356,35.3138],[-91.4248,35.3318],[-91.4308,35.3379],[-91.441,35.3393],[-91.4448,35.3463],[-91.4289,35.3508],[-91.423,35.3581],[-91.4384,35.3689],[-91.4316,35.3716],[-91.411,35.3609],[-91.4109,35.3676],[-91.4224,35.3693],[-91.4257,35.3751],[-91.4064,35.3864],[-91.3922,35.3751],[-91.3849,35.3747],[-91.3844,35.3793],[-91.4007,35.3931],[-91.3688,35.4079],[-91.3722,35.4211],[-91.3678,35.4297],[-91.3628,35.4289],[-91.3609,35.4113],[-91.3554,35.4081],[-91.349,35.4117],[-91.3455,35.4243],[-91.3578,35.4291],[-91.3477,35.4379],[-91.3503,35.445],[-91.2521,35.4459],[-91.2521,35.5349],[-91.2124,35.5349],[-91.2119,35.5932],[-91.1405,35.5945],[-91.0919,35.5899],[-91.0921,35.6217],[-91.0384,35.6197],[-91.037,35.7084],[-91.2027,35.7119],[-91.2031,35.7264],[-91.2446,35.7269],[-91.2426,35.7122],[-91.3382,35.713],[-91.3276,35.7302],[-91.3333,35.7405],[-91.3181,35.7492],[-91.3186,35.7563],[-91.3107,35.757],[-91.3121,35.7653],[-91.291,35.7656],[-91.292,35.7717],[-91.4149,35.7731],[-91.4147,35.7876],[-91.4499,35.7891],[-91.4505,35.7742],[-91.4683,35.7735],[-91.4692,35.7439],[-91.4772,35.7442],[-91.4781,35.7295],[-91.4694,35.7293],[-91.4696,35.7149],[-91.4713,35.6519],[-91.48,35.6445],[-91.4794,35.637],[-91.4881,35.6308],[-91.5063,35.6369],[-91.5078,35.6163],[-91.5795,35.6172],[-91.5821,35.5303],[-91.648,35.5323],[-91.6402,35.518],[-91.6506,35.5063],[-91.6478,35.5006],[-91.6389,35.5026],[-91.6506,35.4851],[-91.6446,35.4874],[-91.6403,35.4831],[-91.6515,35.4738],[-91.6434,35.4644],[-91.6509,35.4625],[-91.6551,35.4543],[-91.6524,35.45],[-91.6455,35.4533],[-91.6483,35.4432],[-91.6383,35.443],[-91.6406,35.3553],[-91.7151,35.3564],[-91.7172,35.3469],[-91.707,35.3395],[-91.7391,35.3209],[-91.7464,35.325],[-91.7489,35.3014],[-91.7701,35.291]]]},"properties":{"geoid":"05039","state":"05","district":"39","name":"State House District 39","chamber":"House"}},{"type":"Feature","geometry":{"type":"Polygon","coordinates":[[[-91.9039,35.3321],[-91.895,35.3367],[-91.8259,35.3358],[-91.8234,35.3394],[-91.8077,35.326],[-91.784,35.3204],[-91.7841,35.313],[-91.7743,35.3105],[-91.7697,35.291],[-91.7489,35.3014],[-91.7464,35.325],[-91.7391,35.3209],[-91.707,35.3395],[-91.7172,35.3469],[-91.7151,35.3564],[-91.6406,35.3553],[-91.6383,35.443],[-91.6483,35.4432],[-91.6455,35.4533],[-91.6524,35.45],[-91.6551,35.4543],[-91.6509,35.4625],[-91.6434,35.4644],[-91.6515,35.4738],[-91.6403,35.4831],[-91.6446,35.4874],[-91.6506,35.4851],[-91.6389,35.5026],[-91.6478,35.5006],[-91.6506,35.5063],[-91.6402,35.518],[-91.648,35.5323],[-91.5821,35.5303],[-91.5795,35.6172],[-91.5078,35.6163],[-91.5063,35.6369],[-91.4881,35.6308],[-91.4794,35.637],[-91.48,35.6445],[-91.4713,35.6519],[-91.4694,35.7293],[-91.4781,35.7295],[-91.4772,35.7442],[-91.4692,35.7439],[-91.4683,35.7735],[-91.5311,35.7739],[-91.5317,35.7594],[-91.5489,35.7594],[-91.5494,35.7303],[-91.5575,35.7307],[-91.5703,35.7344],[-91.5789,35.7456],[-91.5766,35.7613],[-91.5822,35.7614],[-91.5821,35.7711],[-91.6219,35.7811],[-91.6116,35.7929],[-91.614,35.7995],[-91.603,35.8058],[-91.6673,35.8073],[-91.6644,35.8036],[-91.668,35.8037],[-91.6686,35.7722],[-91.6575,35.77],[-91.6633,35.7634],[-91.6538,35.7653],[-91.6411,35.7598],[-91.6989,35.754],[-91.6954,35.7409],[-91.7065,35.732],[-91.6893,35.7197],[-91.7044,35.697],[-91.7126,35.6923],[-91.7324,35.6916],[-91.7317,35.6812],[-91.7901,35.6816],[-91.7929,35.5641],[-91.8993,35.5659],[-91.9026,35.454],[-91.892,35.4529],[-91.885,35.4581],[-91.873,35.4554],[-91.8624,35.4423],[-91.8669,35.4377],[-91.85,35.4365],[-91.8522,35.3584],[-91.9032,35.359],[-91.9039,35.3321]]]},"properties":{"geoid":"05040","state":"05","district":"40","name":"State House District 40","chamber":"House"}},{"type":"Feature","geometry":{"type":"Polygon","coordinates":[[[-92.4183,35.7183],[-92.2408,35.7121],[-92.2508,35.4363],[-92.1811,35.4354],[-92.1812,35.4209],[-92.1724,35.4209],[-92.1725,35.4062],[-92.1652,35.4062],[-92.2077,35.3841],[-92.2046,35.3774],[-92.2213,35.3776],[-92.2277,35.3631],[-91.8522,35.3584],[-91.85,35.4365],[-91.8669,35.4377],[-91.8624,35.4423],[-91.873,35.4554],[-91.885,35.4581],[-91.892,35.4529],[-91.9026,35.454],[-91.8993,35.5659],[-91.7929,35.5641],[-91.7896,35.7118],[-91.8068,35.7046],[-92.032,35.7079],[-92.0311,35.7516],[-92.0101,35.7517],[-92.0128,35.7596],[-92.0203,35.7627],[-92.0468,35.7628],[-92.063,35.7809],[-92.065,35.8246],[-92.0442,35.8243],[-92.0227,35.802],[-92.0025,35.8023],[-91.9977,35.8063],[-91.9811,35.7997],[-91.9855,35.8195],[-91.9899,35.8224],[-91.976,35.8224],[-91.9756,35.837],[-91.9932,35.8376],[-91.9926,35.8691],[-91.9997,35.8646],[-92.0122,35.8702],[-92.0342,35.8587],[-92.0483,35.8601],[-92.0483,35.8698],[-92.0297,35.8707],[-92.0319,35.8815],[-92.0541,35.8821],[-92.0535,35.8963],[-92.0823,35.896],[-92.1033,35.8818],[-92.1079,35.8824],[-92.107,35.8874],[-92.1006,35.8873],[-92.1076,35.891],[-92.1254,35.8914],[-92.1212,35.8852],[-92.152,35.8859],[-92.1514,35.9138],[-92.2007,35.9139],[-92.2004,35.9294],[-92.2536,35.9299],[-92.2542,35.9155],[-92.3083,35.9164],[-92.3089,35.9019],[-92.3447,35.9024],[-92.3439,35.8774],[-92.3786,35.891],[-92.4148,35.8839],[-92.4183,35.7183]]]},"properties":{"geoid":"05041","state":"05","district":"41","name":"State House District 41","chamber":"House"}},{"type":"Feature","geometry":{"type":"Polygon","coordinates":[[[-92.5315,35.2242],[-92.5293,35.2192],[-92.523,35.2219],[-92.5252,35.2179],[-92.5191,35.2168],[-92.5276,35.2096],[-92.5244,35.2049],[-92.5291,35.1899],[-92.5002,35.1754],[-92.5034,35.1719],[-92.4981,35.165],[-92.4743,35.1647],[-92.4661,35.1565],[-92.4625,35.1607],[-92.4382,35.1597],[-92.4376,35.1554],[-92.3998,35.1561],[-92.3997,35.125],[-92.3564,35.1171],[-92.3301,35.1186],[-92.3294,35.133],[-92.2326,35.1305],[-92.2312,35.1793],[-92.226,35.1763],[-92.2225,35.1813],[-92.2312,35.1815],[-92.2343,35.1858],[-92.2271,35.188],[-92.2396,35.1958],[-92.2265,35.1896],[-92.2219,35.193],[-92.2196,35.2758],[-92.1948,35.2785],[-92.1898,35.294],[-92.1843,35.2926],[-92.182,35.3626],[-92.2277,35.3631],[-92.2213,35.3776],[-92.2046,35.3774],[-92.2077,35.3841],[-92.1652,35.4062],[-92.1725,35.4062],[-92.1724,35.4209],[-92.1812,35.4209],[-92.1811,35.4354],[-92.2508,35.4363],[-92.2426,35.6466],[-92.2522,35.649],[-92.2544,35.655],[-92.2674,35.658],[-92.2789,35.6442],[-92.2789,35.6406],[-92.2694,35.6402],[-92.2695,35.6329],[-92.2607,35.6327],[-92.2653,35.6262],[-92.2613,35.6255],[-92.2603,35.6169],[-92.2644,35.5992],[-92.2701,35.6064],[-92.2964,35.6031],[-92.2965,35.597],[-92.3524,35.5983],[-92.3504,35.5836],[-92.364,35.5818],[-92.3597,35.5653],[-92.3745,35.5543],[-92.37,35.5476],[-92.3636,35.5569],[-92.359,35.5554],[-92.3555,35.5527],[-92.3607,35.5489],[-92.3581,35.5438],[-92.3666,35.5427],[-92.3701,35.5355],[-92.3876,35.536],[-92.4072,35.5296],[-92.409,35.5338],[-92.4177,35.5346],[-92.418,35.5446],[-92.4262,35.5457],[-92.4268,35.5523],[-92.4342,35.5527],[-92.4417,35.5284],[-92.436,35.5256],[-92.4418,35.5276],[-92.4606,35.5201],[-92.468,35.4988],[-92.4631,35.4986],[-92.4586,35.4694],[-92.4794,35.4703],[-92.4849,35.2756],[-92.4932,35.2742],[-92.499,35.267],[-92.4939,35.2662],[-92.5142,35.257],[-92.5035,35.2469],[-92.5039,35.2405],[-92.511,35.2399],[-92.5116,35.2451],[-92.5152,35.2331],[-92.5222,35.2315],[-92.5217,35.2276],[-92.5277,35.2308],[-92.5315,35.2242]]]},"properties":{"geoid":"05042","state":"05","district":"42","name":"State House District 42","chamber":"House"}},{"type":"Feature","geometry":{"type":"MultiPolygon","coordinates":[[[[-93.0408,35.1082],[-93.0276,35.0991],[-93.0253,35.0909],[-93.0406,35.0769],[-92.7069,35.072],[-92.6774,35.0778],[-92.6495,35.1071],[-92.6339,35.1149],[-92.6219,35.1095],[-92.6209,35.0985],[-92.6452,35.0843],[-92.6483,35.0773],[-92.6338,35.0755],[-92.6021,35.083],[-92.5748,35.1112],[-92.5544,35.1134],[-92.5438,35.126],[-92.5343,35.1149],[-92.5217,35.1146],[-92.5159,35.129],[-92.5059,35.1384],[-92.5132,35.1437],[-92.5042,35.1473],[-92.5015,35.1633],[-92.5073,35.1669],[-92.5005,35.1687],[-92.5034,35.1723],[-92.4997,35.1747],[-92.5291,35.1899],[-92.5244,35.2049],[-92.5276,35.2096],[-92.5191,35.2168],[-92.5252,35.2179],[-92.523,35.2219],[-92.5293,35.2192],[-92.5315,35.2247],[-92.5277,35.2308],[-92.5217,35.2276],[-92.5222,35.2315],[-92.5152,35.2331],[-92.5116,35.2451],[-92.511,35.2399],[-92.5043,35.24],[-92.5035,35.2469],[-92.5142,35.257],[-92.4939,35.2662],[-92.499,35.267],[-92.4932,35.2742],[-92.4849,35.2756],[-92.4794,35.4703],[-92.4586,35.4694],[-92.4631,35.4986],[-92.468,35.4988],[-92.4609,35.5195],[-92.4393,35.5283],[-92.4342,35.5527],[-92.4268,35.5523],[-92.4262,35.5457],[-92.418,35.5446],[-92.4177,35.5346],[-92.409,35.5338],[-92.4072,35.5296],[-92.3876,35.536],[-92.3701,35.5355],[-92.3666,35.5427],[-92.3581,35.5438],[-92.3607,35.5489],[-92.3555,35.5527],[-92.359,35.5554],[-92.3636,35.5569],[-92.37,35.5476],[-92.3745,35.5543],[-92.3597,35.5653],[-92.364,35.5818],[-92.3504,35.5836],[-92.3524,35.5983],[-92.2965,35.597],[-92.2964,35.6031],[-92.2701,35.6064],[-92.2644,35.5992],[-92.2603,35.6169],[-92.2613,35.6255],[-92.2653,35.6262],[-92.2607,35.6327],[-92.2695,35.6329],[-92.2694,35.6402],[-92.2789,35.6406],[-92.2789,35.6442],[-92.2663,35.6584],[-92.2426,35.6466],[-92.2408,35.7121],[-92.4184,35.716],[-92.4168,35.7886],[-92.6298,35.7908],[-92.6314,35.7184],[-92.6494,35.719],[-92.6496,35.7042],[-92.5961,35.7033],[-92.5964,35.6887],[-92.574,35.6884],[-92.5744,35.6741],[-92.562,35.6738],[-92.5617,35.6596],[-92.5441,35.6592],[-92.5456,35.5876],[-92.5419,35.574],[-92.5353,35.5726],[-92.617,35.5737],[-92.6175,35.5596],[-92.6355,35.56],[-92.6352,35.5744],[-92.7243,35.5756],[-92.725,35.5472],[-92.8493,35.5495],[-92.8551,35.1738],[-92.925,35.168],[-92.9557,35.1404],[-92.9788,35.1315],[-92.9753,35.1252],[-92.9808,35.1232],[-92.9813,35.1168],[-93.0119,35.1144],[-93.0187,35.1185],[-93.0241,35.1122],[-93.0408,35.1082]]],[[[-92.4414,35.5276],[-92.436,35.5256],[-92.436,35.5274],[-92.4414,35.5276]]]]},"properties":{"geoid":"05043","state":"05","district":"43","name":"State House District 43","chamber":"House"}},{"type":"Feature","geometry":{"type":"Polygon","coordinates":[[[-93.2227,35.5557],[-93.115,35.5536],[-93.116,35.4958],[-93.0985,35.4955],[-93.0989,35.4518],[-93.1344,35.4526],[-93.1715,35.4243],[-93.1726,35.3813],[-93.1904,35.3812],[-93.1909,35.3669],[-93.1816,35.3589],[-93.1732,35.3625],[-93.1742,35.3202],[-93.1558,35.3107],[-93.1203,35.2962],[-93.1186,35.3074],[-93.0483,35.3017],[-93.0486,35.2842],[-93.0662,35.2846],[-93.0634,35.2719],[-93.0577,35.2713],[-93.069,35.268],[-93.0619,35.2556],[-93.0767,35.2596],[-93.0768,35.2557],[-93.0856,35.2559],[-93.0871,35.2154],[-93.088,35.184],[-93.0762,35.1745],[-93.0811,35.1663],[-93.0715,35.1592],[-93.053,35.1567],[-92.9802,35.1718],[-92.9606,35.1698],[-92.943,35.1765],[-92.9199,35.1762],[-92.8964,35.1696],[-92.8551,35.1738],[-92.8493,35.5495],[-92.725,35.5472],[-92.7243,35.5756],[-92.6352,35.5744],[-92.6355,35.56],[-92.6175,35.5596],[-92.617,35.5737],[-92.5353,35.5726],[-92.5419,35.574],[-92.5456,35.5876],[-92.5441,35.6592],[-92.5617,35.6596],[-92.562,35.6738],[-92.5744,35.6741],[-92.574,35.6884],[-92.5964,35.6887],[-92.5961,35.7033],[-92.6496,35.7042],[-92.6494,35.719],[-93.1645,35.7289],[-93.1678,35.5978],[-93.2213,35.5991],[-93.2227,35.5557]]]},"properties":{"geoid":"05044","state":"05","district":"44","name":"State House District 44","chamber":"House"}},{"type":"Feature","geometry":{"type":"Polygon","coordinates":[[[-93.71,35.3752],[-93.6879,35.3777],[-93.6736,35.4011],[-93.6667,35.4047],[-93.6479,35.3904],[-93.6248,35.3806],[-93.5849,35.385],[-93.582,35.4606],[-93.5267,35.4589],[-93.5202,35.4513],[-93.5245,35.4495],[-93.5253,35.4258],[-93.4831,35.4247],[-93.4702,35.4127],[-93.4472,35.4297],[-93.4252,35.4231],[-93.427,35.3933],[-93.4178,35.3681],[-93.3969,35.3466],[-93.4223,35.3372],[-93.42,35.3275],[-93.3259,35.3388],[-93.2866,35.3202],[-93.2507,35.2837],[-93.2346,35.2739],[-93.2094,35.3015],[-93.1743,35.3176],[-93.1732,35.3625],[-93.1822,35.3592],[-93.1908,35.372],[-93.1904,35.3812],[-93.1726,35.3813],[-93.1715,35.4243],[-93.1344,35.4526],[-93.0989,35.4518],[-93.0985,35.4955],[-93.116,35.4958],[-93.115,35.5536],[-93.2227,35.5557],[-93.2213,35.5991],[-93.1678,35.5978],[-93.1645,35.7289],[-93.5196,35.7345],[-93.5192,35.7635],[-93.6959,35.7686],[-93.71,35.3752]]]},"properties":{"geoid":"05045","state":"05","district":"45","name":"State House District 45","chamber":"House"}},{"type":"Feature","geometry":{"type":"Polygon","coordinates":[[[-94.2105,35.1485],[-94.2106,35.1452],[-94.1755,35.1443],[-94.1758,35.1296],[-94.1397,35.129],[-94.1418,35.0557],[-94.0735,35.0542],[-94.0744,35.0264],[-93.705,35.0197],[-93.7044,35.0466],[-93.7091,35.0468],[-93.7068,35.1349],[-93.6633,35.1338],[-93.6629,35.1482],[-93.5297,35.1455],[-93.5291,35.16],[-93.5113,35.1597],[-93.511,35.1742],[-93.4939,35.1739],[-93.4939,35.1808],[-93.4841,35.1806],[-93.4839,35.2019],[-93.4748,35.2016],[-93.4745,35.2098],[-93.4571,35.2086],[-93.457,35.2159],[-93.2799,35.2126],[-93.2782,35.3124],[-93.2937,35.3245],[-93.3295,35.3395],[-93.3718,35.3306],[-93.42,35.3275],[-93.4223,35.3372],[-93.3969,35.3466],[-93.4178,35.3681],[-93.427,35.3933],[-93.4252,35.4231],[-93.4472,35.4297],[-93.4702,35.4127],[-93.4831,35.4247],[-93.5253,35.4258],[-93.5245,35.4495],[-93.5202,35.4513],[-93.5267,35.4589],[-93.582,35.4606],[-93.5849,35.385],[-93.6248,35.3806],[-93.6669,35.4046],[-93.6891,35.377],[-93.7479,35.3646],[-93.7997,35.4085],[-93.8069,35.4242],[-93.8058,35.4582],[-93.8227,35.4812],[-93.8571,35.4826],[-93.88,35.4497],[-93.8926,35.4462],[-93.9284,35.4684],[-93.9681,35.4693],[-94.027,35.4609],[-94.0744,35.445],[-94.0769,35.4125],[-94.0822,35.2148],[-94.0643,35.2145],[-94.0648,35.1999],[-94.047,35.1995],[-94.0466,35.2141],[-94.0289,35.2142],[-94.0337,35.1986],[-94.0438,35.1915],[-94.0389,35.1811],[-94.0479,35.1778],[-94.0477,35.1851],[-94.0651,35.1855],[-94.0654,35.1818],[-94.0827,35.1819],[-94.0875,35.1831],[-94.0883,35.1892],[-94.0956,35.1833],[-94.1379,35.1875],[-94.138,35.1841],[-94.1513,35.1837],[-94.1514,35.1801],[-94.1741,35.1802],[-94.183,35.1734],[-94.2098,35.174],[-94.2105,35.1485]]]},"properties":{"geoid":"05046","state":"05","district":"46","name":"State House District 46","chamber":"House"}},{"type":"Feature","geometry":{"type":"Polygon","coordinates":[[[-94.4432,35.0627],[-94.3599,35.0609],[-94.3596,35.0678],[-94.3411,35.0674],[-94.3403,35.1036],[-94.274,35.1021],[-94.2674,35.1096],[-94.2658,35.1031],[-94.2526,35.1032],[-94.2495,35.1102],[-94.2277,35.1098],[-94.2211,35.1229],[-94.1491,35.1221],[-94.1496,35.1291],[-94.1758,35.1296],[-94.1755,35.1443],[-94.2106,35.1452],[-94.2098,35.174],[-94.183,35.1734],[-94.1741,35.1802],[-94.1514,35.1801],[-94.1513,35.1837],[-94.138,35.1841],[-94.1379,35.1875],[-94.0956,35.1833],[-94.0883,35.1892],[-94.0875,35.1831],[-94.0827,35.1819],[-94.0654,35.1818],[-94.0651,35.1855],[-94.0477,35.1851],[-94.0479,35.1778],[-94.0389,35.1811],[-94.0438,35.1915],[-94.0337,35.1986],[-94.0289,35.2142],[-94.0466,35.2141],[-94.047,35.1995],[-94.0648,35.1999],[-94.0643,35.2145],[-94.0822,35.2148],[-94.0744,35.445],[-94.0856,35.4428],[-94.114,35.4508],[-94.1367,35.4509],[-94.1553,35.4431],[-94.1613,35.4328],[-94.134,35.4042],[-94.1314,35.3919],[-94.1351,35.3834],[-94.1457,35.378],[-94.1765,35.3773],[-94.2195,35.355],[-94.2589,35.3539],[-94.2699,35.3452],[-94.2704,35.3165],[-94.2869,35.3184],[-94.2939,35.2962],[-94.32,35.2977],[-94.3426,35.2745],[-94.3467,35.2763],[-94.3579,35.2668],[-94.3668,35.267],[-94.373,35.2743],[-94.4357,35.2752],[-94.4432,35.0627]]]},"properties":{"geoid":"05047","state":"05","district":"47","name":"State House District 47","chamber":"House"}},{"type":"Feature","geometry":{"type":"Polygon","coordinates":[[[-94.4495,35.498],[-94.431,35.3932],[-94.4235,35.4113],[-94.4237,35.44],[-94.4114,35.4484],[-94.389,35.4495],[-94.3583,35.4291],[-94.3754,35.4229],[-94.3764,35.3927],[-94.3656,35.3923],[-94.3652,35.3742],[-94.3445,35.3729],[-94.3213,35.3643],[-94.2842,35.3436],[-94.2425,35.3563],[-94.2411,35.4054],[-94.2508,35.4056],[-94.25,35.4346],[-94.32,35.4361],[-94.3187,35.4944],[-94.4495,35.498]]]},"properties":{"geoid":"05048","state":"05","district":"48","name":"State House District 48","chamber":"House"}},{"type":"Feature","geometry":{"type":"Polygon","coordinates":[[[-94.4317,35.392],[-94.421,35.3844],[-94.4212,35.3783],[-94.3659,35.3778],[-94.3656,35.3923],[-94.3764,35.3927],[-94.3754,35.4229],[-94.3583,35.4291],[-94.3864,35.4488],[-94.4156,35.4468],[-94.4259,35.4362],[-94.4234,35.4117],[-94.4317,35.392]]]},"properties":{"geoid":"05049","state":"05","district":"49","name":"State House District 49","chamber":"House"}},{"type":"Feature","geometry":{"type":"Polygon","coordinates":[[[-94.4349,35.3881],[-94.4315,35.3694],[-94.4343,35.3124],[-94.4132,35.3119],[-94.4141,35.3279],[-94.395,35.3274],[-94.3928,35.3359],[-94.3682,35.3486],[-94.3652,35.3571],[-94.3406,35.3482],[-94.3404,35.3591],[-94.3257,35.3656],[-94.3445,35.3729],[-94.3652,35.3742],[-94.3659,35.3778],[-94.4212,35.3783],[-94.421,35.3844],[-94.4319,35.3918],[-94.4349,35.3881]]]},"properties":{"geoid":"05050","state":"05","district":"50","name":"State House District 50","chamber":"House"}},{"type":"Feature","geometry":{"type":"Polygon","coordinates":[[[-94.4357,35.2756],[-94.373,35.2743],[-94.3668,35.267],[-94.3579,35.2668],[-94.3467,35.2763],[-94.3426,35.2745],[-94.32,35.2977],[-94.2939,35.2962],[-94.2869,35.3184],[-94.2704,35.3165],[-94.2699,35.3452],[-94.2887,35.345],[-94.3257,35.3656],[-94.3404,35.3591],[-94.3406,35.3482],[-94.3652,35.3571],[-94.3682,35.3486],[-94.3928,35.3359],[-94.395,35.3274],[-94.4141,35.3279],[-94.4132,35.3119],[-94.4343,35.3124],[-94.4357,35.2756]]]},"properties":{"geoid":"05051","state":"05","district":"51","name":"State House District 51","chamber":"House"}},{"type":"Feature","geometry":{"type":"Polygon","coordinates":[[[-94.4543,34.7346],[-94.4544,34.7289],[-94.4492,34.7285],[-94.3168,34.7265],[-94.3177,34.6974],[-94.0352,34.6929],[-94.0353,34.6836],[-93.9299,34.6801],[-93.9302,34.666],[-93.8793,34.6656],[-93.8791,34.6908],[-93.8702,34.6908],[-93.8699,34.7125],[-93.8169,34.7112],[-93.8168,34.7185],[-93.7811,34.7181],[-93.7809,34.7324],[-93.7458,34.7321],[-93.7453,34.7466],[-93.3944,34.7434],[-93.3945,34.7724],[-93.2878,34.7732],[-93.2883,34.8609],[-93.3059,34.8611],[-93.3057,34.8755],[-93.2883,34.8753],[-93.2882,34.89],[-93.3584,34.8896],[-93.3584,34.9633],[-93.3405,34.9632],[-93.339,35.0384],[-93.3568,35.0387],[-93.3533,35.0388],[-93.3531,35.0534],[-93.2824,35.0519],[-93.282,35.0804],[-93.2285,35.0798],[-93.2284,35.109],[-93.2104,35.1087],[-93.2101,35.1232],[-93.2283,35.1236],[-93.2275,35.1528],[-93.0799,35.1506],[-93.0847,35.162],[-93.0765,35.1757],[-93.0879,35.184],[-93.1092,35.1713],[-93.1253,35.1751],[-93.1366,35.1894],[-93.1393,35.2081],[-93.154,35.2331],[-93.1829,35.2617],[-93.1998,35.2717],[-93.2393,35.2757],[-93.2782,35.3124],[-93.2799,35.2126],[-93.457,35.2159],[-93.4571,35.2086],[-93.4745,35.2098],[-93.4748,35.2016],[-93.4839,35.2019],[-93.4841,35.1806],[-93.4939,35.1808],[-93.4939,35.1739],[-93.511,35.1742],[-93.5113,35.1597],[-93.5291,35.16],[-93.5297,35.1455],[-93.6629,35.1482],[-93.6633,35.1338],[-93.7068,35.1349],[-93.7091,35.0468],[-93.7044,35.0466],[-93.705,35.0197],[-94.0744,35.0264],[-94.0735,35.0542],[-94.1418,35.0557],[-94.1397,35.129],[-94.1496,35.1291],[-94.1497,35.1215],[-94.2211,35.1229],[-94.2277,35.1098],[-94.2495,35.1102],[-94.2526,35.1032],[-94.2658,35.1031],[-94.2674,35.1096],[-94.274,35.1021],[-94.3403,35.1036],[-94.3411,35.0674],[-94.3596,35.0678],[-94.3599,35.0609],[-94.4432,35.0625],[-94.4543,34.7346]]]},"properties":{"geoid":"05052","state":"05","district":"52","name":"State House District 52","chamber":"House"}},{"type":"Feature","geometry":{"type":"Polygon","coordinates":[[[-93.2343,35.2744],[-93.1998,35.2717],[-93.1829,35.2617],[-93.154,35.2331],[-93.1398,35.2092],[-93.1377,35.1923],[-93.1299,35.1792],[-93.1112,35.1709],[-93.088,35.184],[-93.0856,35.2559],[-93.0768,35.2557],[-93.0767,35.2596],[-93.0619,35.2556],[-93.069,35.268],[-93.0577,35.2713],[-93.0634,35.2719],[-93.0662,35.2846],[-93.0486,35.2842],[-93.0483,35.3017],[-93.1186,35.3074],[-93.1203,35.2962],[-93.1742,35.3202],[-93.2094,35.3015],[-93.2343,35.2744]]]},"properties":{"geoid":"05053","state":"05","district":"53","name":"State House District 53","chamber":"House"}},{"type":"Feature","geometry":{"type":"Polygon","coordinates":[[[-93.3591,34.9302],[-93.3584,34.8896],[-93.2882,34.89],[-93.2883,34.8753],[-93.3057,34.8755],[-93.3059,34.8611],[-93.2883,34.8609],[-93.2878,34.7732],[-92.9693,34.7723],[-92.9697,34.6888],[-92.9599,34.6956],[-92.9418,34.692],[-92.9418,34.688],[-92.9349,34.6879],[-92.9388,34.6729],[-92.9266,34.6696],[-92.8962,34.672],[-92.8916,34.6681],[-92.8925,34.6501],[-92.8847,34.6532],[-92.8835,34.6604],[-92.8793,34.6497],[-92.8424,34.6497],[-92.8273,34.6309],[-92.7783,34.6254],[-92.7053,34.6255],[-92.7056,34.6202],[-92.6791,34.6194],[-92.6788,34.634],[-92.6372,34.6318],[-92.6365,34.6458],[-92.6304,34.6455],[-92.6394,34.6663],[-92.6373,34.6805],[-92.6456,34.6954],[-92.6394,34.7038],[-92.6436,34.71],[-92.6565,34.7064],[-92.6512,34.8517],[-92.7554,34.8537],[-92.7539,34.9116],[-92.6496,34.9102],[-92.6483,34.9391],[-92.5446,34.9364],[-92.5442,34.9529],[-92.4831,34.9525],[-92.4705,34.9436],[-92.4669,34.931],[-92.4492,34.9442],[-92.4496,34.9577],[-92.4317,34.9575],[-92.4227,34.975],[-92.4182,35.0123],[-92.425,35.0193],[-92.4204,35.0478],[-92.4296,35.0668],[-92.4545,35.07],[-92.4548,35.0624],[-92.4667,35.0647],[-92.4815,35.0589],[-92.4924,35.0601],[-92.492,35.0709],[-92.5324,35.0716],[-92.5408,35.0774],[-92.5409,35.0887],[-92.5503,35.1103],[-92.5614,35.1152],[-92.576,35.1102],[-92.601,35.0835],[-92.6353,35.0753],[-92.6482,35.0791],[-92.621,35.0981],[-92.6214,35.1088],[-92.6311,35.1151],[-92.6495,35.1071],[-92.6774,35.0778],[-92.705,35.0721],[-93.0406,35.0769],[-93.0253,35.0909],[-93.0276,35.0991],[-93.0392,35.1036],[-93.0399,35.1097],[-93.0241,35.1122],[-93.0187,35.1185],[-93.0119,35.1144],[-92.9813,35.1168],[-92.9808,35.1232],[-92.9753,35.1252],[-92.9788,35.1315],[-92.9557,35.1404],[-92.9294,35.1653],[-92.9009,35.17],[-92.9206,35.1763],[-92.9988,35.1691],[-93.0443,35.157],[-93.0707,35.159],[-93.0811,35.1663],[-93.0847,35.1615],[-93.0799,35.1506],[-93.2275,35.1528],[-93.2283,35.1236],[-93.2101,35.1232],[-93.2104,35.1087],[-93.2284,35.109],[-93.2285,35.0798],[-93.282,35.0804],[-93.2824,35.0519],[-93.3531,35.0534],[-93.3533,35.0388],[-93.3568,35.0387],[-93.339,35.0384],[-93.3405,34.9632],[-93.3584,34.9633],[-93.3591,34.9302]]]},"properties":{"geoid":"05054","state":"05","district":"54","name":"State House District 54","chamber":"House"}},{"type":"Feature","geometry":{"type":"Polygon","coordinates":[[[-92.5547,35.1147],[-92.5413,35.0898],[-92.5408,35.0774],[-92.5322,35.0716],[-92.492,35.0709],[-92.4924,35.0601],[-92.4815,35.0589],[-92.4667,35.0647],[-92.4548,35.0624],[-92.4545,35.07],[-92.4296,35.0668],[-92.4367,35.0918],[-92.4802,35.0925],[-92.4797,35.107],[-92.4975,35.1069],[-92.4997,35.1111],[-92.507,35.1076],[-92.5339,35.1148],[-92.5431,35.1261],[-92.5547,35.1147]]]},"properties":{"geoid":"05055","state":"05","district":"55","name":"State House District 55","chamber":"House"}},{"type":"Feature","geometry":{"type":"Polygon","coordinates":[[[-92.5241,35.1146],[-92.507,35.1076],[-92.4997,35.1111],[-92.4975,35.1069],[-92.4797,35.107],[-92.4802,35.0925],[-92.4367,35.0918],[-92.4368,35.0814],[-92.4204,35.0478],[-92.4052,35.0475],[-92.3931,35.0649],[-92.3727,35.0544],[-92.3495,35.0595],[-92.3485,35.1107],[-92.3565,35.1115],[-92.3569,35.1175],[-92.3998,35.125],[-92.3998,35.1561],[-92.4376,35.1554],[-92.4382,35.1597],[-92.4625,35.1607],[-92.4661,35.1565],[-92.4742,35.1647],[-92.4977,35.1648],[-92.4994,35.1695],[-92.5058,35.169],[-92.5069,35.1653],[-92.5015,35.1631],[-92.5041,35.1475],[-92.5132,35.1437],[-92.5059,35.1384],[-92.5241,35.1146]]]},"properties":{"geoid":"05056","state":"05","district":"56","name":"State House District 56","chamber":"House"}},{"type":"Feature","geometry":{"type":"Polygon","coordinates":[[[-92.3727,35.0544],[-92.366,35.0462],[-92.3393,35.0454],[-92.3299,35.0388],[-92.3272,35.0425],[-92.2884,35.0452],[-92.277,35.0299],[-92.2595,35.0297],[-92.2589,35.0153],[-92.089,35.0118],[-92.088,35.0244],[-92.0663,35.0224],[-92.0661,35.0274],[-92.0573,35.027],[-92.0617,35.0315],[-92.0748,35.0298],[-92.0693,35.0372],[-92.0438,35.0367],[-92.0483,35.0294],[-92.0309,35.0291],[-92.0307,35.0364],[-92.0178,35.036],[-92.0159,35.0754],[-92.0114,35.0759],[-92.012,35.072],[-91.9958,35.059],[-91.9806,35.0581],[-91.9799,35.1114],[-91.9117,35.1069],[-91.9093,35.1394],[-91.8736,35.1423],[-91.8555,35.1389],[-91.8558,35.1241],[-91.8345,35.1237],[-91.7915,35.1517],[-91.7622,35.1777],[-91.7896,35.1791],[-91.8005,35.1949],[-91.8075,35.1965],[-91.8169,35.215],[-91.8264,35.2128],[-91.8331,35.2184],[-91.8547,35.2151],[-91.8536,35.2704],[-91.8006,35.2696],[-91.7997,35.3087],[-91.7923,35.3145],[-91.791,35.323],[-91.8077,35.326],[-91.8234,35.3394],[-91.8259,35.3358],[-91.895,35.3367],[-91.904,35.33],[-91.9032,35.359],[-92.182,35.3626],[-92.1843,35.2926],[-92.1898,35.294],[-92.1948,35.2785],[-92.2196,35.2758],[-92.2219,35.193],[-92.2265,35.1896],[-92.2396,35.1958],[-92.2271,35.188],[-92.2343,35.1858],[-92.2312,35.1815],[-92.2225,35.1813],[-92.226,35.1763],[-92.2312,35.1793],[-92.2326,35.1305],[-92.3294,35.133],[-92.3301,35.1186],[-92.3564,35.1191],[-92.3565,35.1115],[-92.3485,35.1107],[-92.3495,35.0595],[-92.3727,35.0544]]]},"properties":{"geoid":"05057","state":"05","district":"57","name":"State House District 57","chamber":"House"}},{"type":"Feature","geometry":{"type":"Polygon","coordinates":[[[-91.8547,35.216],[-91.8298,35.2184],[-91.8264,35.2128],[-91.8154,35.2144],[-91.8075,35.1965],[-91.8005,35.1949],[-91.7896,35.1791],[-91.7712,35.1775],[-91.7678,35.1809],[-91.7474,35.1741],[-91.7393,35.1577],[-91.7452,35.1518],[-91.6806,35.1512],[-91.6801,35.1659],[-91.6444,35.1654],[-91.6431,35.2381],[-91.6254,35.238],[-91.632,35.2543],[-91.6122,35.2608],[-91.6368,35.2667],[-91.6413,35.2602],[-91.6399,35.2675],[-91.6472,35.2682],[-91.6432,35.2569],[-91.6653,35.2534],[-91.6609,35.2543],[-91.6653,35.2614],[-91.6762,35.2551],[-91.7047,35.2669],[-91.7074,35.2628],[-91.7087,35.2692],[-91.7493,35.2685],[-91.7597,35.2839],[-91.7697,35.29],[-91.7748,35.3111],[-91.7841,35.313],[-91.784,35.3204],[-91.7922,35.3205],[-91.7924,35.3144],[-91.7997,35.3087],[-91.8006,35.2696],[-91.8536,35.2704],[-91.8547,35.216]]]},"properties":{"geoid":"05058","state":"05","district":"58","name":"State House District 58","chamber":"House"}},{"type":"Feature","geometry":{"type":"Polygon","coordinates":[[[-92.0181,35.0181],[-92.0183,35.0108],[-92.0031,35.0106],[-92.0079,34.9967],[-91.9931,34.9966],[-91.9901,34.9926],[-91.9991,34.9842],[-91.9936,34.982],[-91.9994,34.9646],[-91.9833,34.9617],[-91.9847,34.9526],[-91.9466,34.9521],[-91.9465,34.9672],[-91.8915,34.966],[-91.8917,34.9515],[-91.8828,34.9514],[-91.883,34.9369],[-91.8742,34.9367],[-91.8741,34.9222],[-91.8037,34.9215],[-91.8015,35.0415],[-91.7894,35.0395],[-91.7658,35.0501],[-91.7446,35.0471],[-91.7109,35.0628],[-91.7013,35.063],[-91.6868,35.0599],[-91.6889,35.0567],[-91.68,35.0505],[-91.6692,35.0547],[-91.652,35.0496],[-91.6441,35.0429],[-91.6394,35.0266],[-91.6084,35.0206],[-91.6034,35.0263],[-91.5852,35.0252],[-91.5841,35.0916],[-91.4653,35.0895],[-91.4617,35.1026],[-91.4598,35.0922],[-91.4521,35.0883],[-91.452,35.1021],[-91.4248,35.1036],[-91.4284,35.1116],[-91.4368,35.1046],[-91.4441,35.1049],[-91.4389,35.1184],[-91.4519,35.1367],[-91.4483,35.1415],[-91.438,35.1351],[-91.4286,35.1367],[-91.4349,35.1438],[-91.4339,35.1529],[-91.4597,35.1552],[-91.4634,35.1598],[-91.4567,35.1692],[-91.4377,35.1654],[-91.4211,35.1783],[-91.4458,35.1824],[-91.4523,35.1955],[-91.4571,35.1872],[-91.4765,35.185],[-91.4721,35.1929],[-91.4821,35.1915],[-91.4844,35.2034],[-91.4957,35.1896],[-91.5018,35.1927],[-91.4982,35.1996],[-91.5029,35.2041],[-91.5069,35.189],[-91.5183,35.1944],[-91.5423,35.1878],[-91.5442,35.1924],[-91.5356,35.1991],[-91.5428,35.2082],[-91.5884,35.196],[-91.5913,35.2028],[-91.6119,35.208],[-91.62,35.2209],[-91.6165,35.2393],[-91.6255,35.2439],[-91.6254,35.238],[-91.6431,35.2381],[-91.6444,35.1654],[-91.6801,35.1659],[-91.6806,35.1512],[-91.7452,35.1518],[-91.7393,35.1577],[-91.7438,35.1703],[-91.7622,35.1777],[-91.7915,35.1517],[-91.8345,35.1237],[-91.8558,35.1241],[-91.8555,35.1389],[-91.8736,35.1423],[-91.9093,35.1394],[-91.9117,35.1069],[-91.9799,35.1114],[-91.9806,35.0581],[-91.9958,35.059],[-92.012,35.072],[-92.0114,35.076],[-92.0169,35.0744],[-92.0181,35.0181]]]},"properties":{"geoid":"05059","state":"05","district":"59","name":"State House District 59","chamber":"House"}},{"type":"Feature","geometry":{"type":"Polygon","coordinates":[[[-92.1098,34.6339],[-92.1091,34.6229],[-92.0297,34.6217],[-92.0303,34.4895],[-91.5956,34.4805],[-91.5933,34.6118],[-91.5379,34.6108],[-91.535,34.7279],[-91.4809,34.7284],[-91.4788,34.7852],[-91.4721,34.7917],[-91.4591,34.7912],[-91.4588,34.7949],[-91.4453,34.7932],[-91.4496,34.8068],[-91.4635,34.8153],[-91.4575,34.8166],[-91.4644,34.8236],[-91.4561,34.8278],[-91.4576,34.8413],[-91.471,34.8509],[-91.4634,34.8587],[-91.4648,34.8718],[-91.4538,34.883],[-91.461,34.8879],[-91.4613,34.8938],[-91.4564,34.8962],[-91.4437,34.8913],[-91.4386,34.9036],[-91.4533,34.9018],[-91.4571,34.911],[-91.474,34.9227],[-91.4603,34.9347],[-91.4758,34.9516],[-91.4741,34.9616],[-91.4886,34.9648],[-91.4866,34.9695],[-91.4769,34.9707],[-91.4915,34.9775],[-91.4973,35.0042],[-91.4807,35.004],[-91.4791,35.0191],[-91.4597,35.023],[-91.472,35.0324],[-91.4531,35.0314],[-91.4629,35.0384],[-91.4417,35.0522],[-91.4388,35.0611],[-91.4603,35.0521],[-91.4778,35.0577],[-91.4744,35.0674],[-91.4603,35.0633],[-91.4459,35.068],[-91.4681,35.0839],[-91.4653,35.0895],[-91.584,35.0916],[-91.5852,35.0252],[-91.6034,35.0263],[-91.6084,35.0206],[-91.6394,35.0266],[-91.6441,35.0429],[-91.652,35.0496],[-91.6692,35.0547],[-91.68,35.0505],[-91.6889,35.0567],[-91.6868,35.0599],[-91.7013,35.063],[-91.7109,35.0628],[-91.7446,35.0471],[-91.7658,35.0501],[-91.7894,35.0395],[-91.8014,35.0416],[-91.8037,34.9215],[-91.8741,34.9222],[-91.8742,34.9367],[-91.883,34.9369],[-91.8828,34.9514],[-91.8917,34.9515],[-91.8915,34.966],[-91.9465,34.9672],[-91.9466,34.9521],[-91.9819,34.9526],[-91.9822,34.9379],[-91.9643,34.9377],[-91.9647,34.923],[-91.99,34.921],[-91.9716,34.8957],[-91.9765,34.8858],[-91.9723,34.8838],[-91.9719,34.8734],[-91.9572,34.8726],[-91.9551,34.8787],[-91.9483,34.8794],[-91.9506,34.8585],[-91.969,34.8566],[-91.9901,34.8618],[-91.9989,34.8556],[-92.0158,34.8611],[-92.0202,34.8566],[-92.023,34.861],[-92.0353,34.8529],[-92.0444,34.8569],[-92.0463,34.8658],[-92.0412,34.8666],[-92.0403,34.8753],[-92.035,34.8742],[-92.0405,34.8783],[-92.0345,34.8914],[-92.0356,34.9037],[-92.0414,34.9069],[-92.0379,34.909],[-92.0376,34.9236],[-92.0723,34.9246],[-92.0788,34.7218],[-92.0971,34.722],[-92.0928,34.7047],[-92.0988,34.6624],[-92.1077,34.648],[-92.1098,34.6339]]]},"properties":{"geoid":"05060","state":"05","district":"60","name":"State House District 60","chamber":"House"}},{"type":"Feature","geometry":{"type":"Polygon","coordinates":[[[-91.7115,34.243],[-91.7117,34.2339],[-91.5991,34.2315],[-91.5923,34.227],[-91.5972,34.2167],[-91.5948,34.2122],[-91.5795,34.2154],[-91.5825,34.2177],[-91.5765,34.2234],[-91.5367,34.2232],[-91.5283,34.215],[-91.5307,34.2022],[-91.5235,34.1914],[-91.5274,34.1833],[-91.5147,34.1719],[-91.5208,34.1637],[-91.515,34.1566],[-91.5156,34.1433],[-91.4952,34.1493],[-91.4968,34.1309],[-91.4924,34.127],[-91.4762,34.1354],[-91.4524,34.1342],[-91.4507,34.128],[-91.4427,34.1258],[-91.4482,34.1212],[-91.4442,34.1169],[-91.4472,34.1129],[-91.4421,34.1132],[-91.4397,34.1056],[-91.3547,34.106],[-91.3542,34.1204],[-91.2837,34.122],[-91.2832,34.1555],[-91.2479,34.1555],[-91.2474,34.1772],[-91.2295,34.1772],[-91.2295,34.1842],[-91.2116,34.1842],[-91.2115,34.1916],[-91.2032,34.1915],[-91.2021,34.2294],[-91.2109,34.2295],[-91.21,34.2585],[-91.2282,34.2599],[-91.2276,34.2734],[-91.2365,34.2737],[-91.2364,34.2808],[-91.2631,34.2819],[-91.2629,34.2979],[-91.2791,34.2981],[-91.2769,34.386],[-91.2945,34.386],[-91.2943,34.4008],[-91.3116,34.4011],[-91.3109,34.4305],[-91.2758,34.4298],[-91.2745,34.4736],[-91.2153,34.4728],[-91.2089,34.4825],[-91.2178,34.4871],[-91.2288,34.4794],[-91.2404,34.4875],[-91.2521,34.4877],[-91.2552,34.4925],[-91.2518,34.5023],[-91.2668,34.5048],[-91.2611,34.514],[-91.2611,34.5267],[-91.3005,34.5329],[-91.2931,34.5455],[-91.2927,34.5765],[-91.2869,34.5887],[-91.2951,34.5909],[-91.2987,34.5796],[-91.3065,34.5802],[-91.306,34.5985],[-91.3296,34.6057],[-91.3415,34.6197],[-91.3321,34.6379],[-91.3141,34.6432],[-91.3151,34.6499],[-91.2131,34.6486],[-91.2111,34.7217],[-91.193,34.7213],[-91.1905,34.8088],[-91.1553,34.8082],[-91.1553,34.829],[-91.1782,34.8532],[-91.1802,34.8665],[-91.1878,34.8674],[-91.1876,34.8745],[-91.1771,34.8745],[-91.1711,34.8743],[-91.1713,34.8671],[-91.1627,34.8671],[-91.1623,34.8812],[-91.1662,34.8816],[-91.1661,34.8891],[-91.1735,34.8871],[-91.178,34.8963],[-91.1869,34.8964],[-91.1909,34.9092],[-91.1524,34.9108],[-91.1497,35.0025],[-91.0454,35.001],[-91.0384,35.6197],[-91.0921,35.6217],[-91.0919,35.5899],[-91.1405,35.5945],[-91.2119,35.5932],[-91.2124,35.5349],[-91.2521,35.5349],[-91.2521,35.4459],[-91.3503,35.445],[-91.3477,35.4379],[-91.3578,35.4291],[-91.3455,35.4243],[-91.349,35.4117],[-91.3554,35.4081],[-91.3609,35.4113],[-91.3628,35.4289],[-91.3678,35.4297],[-91.3722,35.4211],[-91.3688,35.4079],[-91.4007,35.3931],[-91.3844,35.3793],[-91.3849,35.3747],[-91.3922,35.3751],[-91.4064,35.3864],[-91.4257,35.3751],[-91.4224,35.3693],[-91.4109,35.3676],[-91.411,35.3609],[-91.4316,35.3716],[-91.4384,35.3689],[-91.423,35.3581],[-91.4289,35.3508],[-91.4448,35.3463],[-91.441,35.3393],[-91.4308,35.3379],[-91.4248,35.3318],[-91.4356,35.3138],[-91.4272,35.3109],[-91.4383,35.3054],[-91.4374,35.2961],[-91.4287,35.2931],[-91.414,35.3046],[-91.4118,35.2648],[-91.4006,35.2646],[-91.3887,35.2513],[-91.3797,35.2556],[-91.3781,35.2673],[-91.371,35.2605],[-91.389,35.2361],[-91.3782,35.2223],[-91.3948,35.2216],[-91.3799,35.2157],[-91.3906,35.2022],[-91.3776,35.1971],[-91.379,35.1894],[-91.3937,35.1932],[-91.3967,35.2116],[-91.4041,35.2147],[-91.4131,35.1943],[-91.4304,35.1932],[-91.4264,35.1839],[-91.4359,35.1824],[-91.4213,35.1774],[-91.4377,35.1654],[-91.454,35.1699],[-91.4631,35.1611],[-91.4597,35.1552],[-91.4339,35.1529],[-91.4349,35.1438],[-91.4286,35.1367],[-91.438,35.1351],[-91.4483,35.1415],[-91.4519,35.1367],[-91.4389,35.1184],[-91.4441,35.1049],[-91.4368,35.1046],[-91.4288,35.1116],[-91.4242,35.1048],[-91.452,35.1021],[-91.4521,35.0883],[-91.4598,35.0922],[-91.4628,35.102],[-91.4684,35.0845],[-91.4459,35.068],[-91.4603,35.0633],[-91.4744,35.0674],[-91.4783,35.0582],[-91.4603,35.0521],[-91.44,35.0617],[-91.4397,35.056],[-91.4629,35.0384],[-91.4531,35.0314],[-91.4716,35.0331],[-91.4593,35.0239],[-91.4791,35.0191],[-91.479,35.0055],[-91.4973,35.0042],[-91.4915,34.9775],[-91.4769,34.9707],[-91.4866,34.9695],[-91.4886,34.9648],[-91.4741,34.9616],[-91.4758,34.9516],[-91.4603,34.9347],[-91.474,34.9227],[-91.4571,34.911],[-91.4533,34.9018],[-91.4386,34.9036],[-91.4437,34.8913],[-91.4564,34.8962],[-91.4613,34.8938],[-91.461,34.8879],[-91.4538,34.883],[-91.4648,34.8718],[-91.4634,34.8587],[-91.471,34.8509],[-91.4576,34.8413],[-91.4561,34.8278],[-91.4644,34.8236],[-91.4575,34.8166],[-91.4635,34.8153],[-91.4496,34.8068],[-91.4453,34.7932],[-91.4588,34.7949],[-91.4591,34.7912],[-91.4721,34.7917],[-91.4788,34.7852],[-91.4809,34.7284],[-91.535,34.7279],[-91.5379,34.6108],[-91.5933,34.6118],[-91.5956,34.4805],[-91.616,34.4795],[-91.622,34.4655],[-91.6309,34.4653],[-91.6312,34.4509],[-91.6137,34.4506],[-91.614,34.4107],[-91.64,34.41],[-91.6495,34.4014],[-91.6661,34.4035],[-91.673,34.3862],[-91.6887,34.3897],[-91.676,34.3793],[-91.677,34.3658],[-91.7082,34.3651],[-91.7115,34.243]]]},"properties":{"geoid":"05061","state":"05","district":"61","name":"State House District 61","chamber":"House"}},{"type":"Feature","geometry":{"type":"Polygon","coordinates":[[[-91.4513,33.7396],[-91.292,33.7375],[-91.2958,33.635],[-91.2779,33.6347],[-91.2805,33.5179],[-91.2458,33.5172],[-91.2424,33.5615],[-91.2185,33.569],[-91.1661,33.5697],[-91.1408,33.5865],[-91.1298,33.6006],[-91.1344,33.6228],[-91.1525,33.6381],[-91.1768,33.6517],[-91.2109,33.6566],[-91.224,33.6647],[-91.2306,33.6812],[-91.2199,33.6968],[-91.1604,33.7066],[-91.1309,33.6749],[-91.0907,33.6576],[-91.0339,33.6736],[-91.0302,33.6876],[-91.0592,33.7145],[-91.0688,33.7161],[-91.0964,33.7058],[-91.1176,33.7053],[-91.1488,33.7314],[-91.141,33.7581],[-91.1449,33.7683],[-91.1331,33.7833],[-91.1087,33.7717],[-91.0534,33.7783],[-91.0194,33.7641],[-90.9998,33.7693],[-90.9888,33.7831],[-90.9916,33.7923],[-91.0005,33.7995],[-91.0491,33.816],[-91.0694,33.8433],[-91.0713,33.8708],[-91.033,33.8998],[-91.0102,33.9322],[-91.0191,33.9421],[-91.0865,33.9578],[-91.0907,33.9887],[-91.0864,34.0061],[-91.0731,34.0086],[-91.0467,33.9924],[-91.0189,34.0032],[-90.999,33.9656],[-90.9832,33.9602],[-90.9662,33.9647],[-90.9614,33.9792],[-90.9799,33.9979],[-90.9882,34.0192],[-90.9646,34.0268],[-90.9195,34.0213],[-90.894,34.0262],[-90.8865,34.0377],[-90.888,34.0549],[-90.8711,34.0802],[-90.8728,34.0879],[-90.8831,34.0967],[-90.9189,34.0928],[-90.9456,34.108],[-90.9586,34.1224],[-90.9586,34.1355],[-90.91,34.1655],[-90.8944,34.1611],[-90.8646,34.1406],[-90.8453,34.1369],[-90.8226,34.1441],[-90.8072,34.1637],[-90.8095,34.1777],[-90.8175,34.1832],[-90.8544,34.1868],[-90.8867,34.1825],[-90.9082,34.1921],[-90.9345,34.2179],[-90.9355,34.2378],[-90.9229,34.2465],[-90.9063,34.2444],[-90.8923,34.2229],[-90.8471,34.2061],[-90.8381,34.22],[-90.8405,34.238],[-90.8318,34.2769],[-90.8167,34.2806],[-90.7656,34.2695],[-90.7529,34.2746],[-90.738,34.2893],[-90.7364,34.3121],[-90.7687,34.3478],[-90.7698,34.3569],[-90.7644,34.3637],[-90.7496,34.3681],[-90.7158,34.3603],[-90.6763,34.3713],[-90.6815,34.3526],[-90.6915,34.3386],[-90.6931,34.3226],[-90.686,34.3158],[-90.6693,34.3131],[-90.6615,34.3152],[-90.6575,34.3222],[-90.6669,34.3558],[-90.6554,34.3718],[-90.6571,34.3774],[-90.6409,34.3889],[-90.6096,34.3916],[-90.5862,34.4092],[-90.5777,34.4324],[-90.5874,34.4548],[-90.5927,34.4906],[-90.5793,34.518],[-90.5441,34.5377],[-90.5396,34.5539],[-90.5738,34.5921],[-90.5916,34.621],[-90.5832,34.652],[-90.5684,34.6689],[-90.5701,34.6934],[-90.5562,34.6936],[-90.5419,34.6839],[-90.5401,34.6764],[-90.5526,34.6593],[-90.5549,34.6452],[-90.5465,34.631],[-90.5342,34.6275],[-90.506,34.6382],[-90.4709,34.6677],[-90.4629,34.6838],[-90.4662,34.6991],[-90.4742,34.7053],[-90.5296,34.6958],[-90.5719,34.7128],[-90.5678,34.7333],[-90.5583,34.7392],[-90.5456,34.7389],[-90.5394,34.7553],[-90.5478,34.7833],[-90.5408,34.7958],[-90.5211,34.8019],[-90.5111,34.7983],[-90.5114,34.79],[-90.4928,34.7725],[-90.4925,34.7647],[-90.4941,34.7576],[-90.5242,34.7314],[-90.4917,34.7214],[-90.465,34.7273],[-90.4495,34.7378],[-90.4507,34.7521],[-90.4766,34.794],[-90.4704,34.8116],[-90.4554,34.8208],[-90.4829,34.8593],[-90.4843,34.8753],[-90.4776,34.8848],[-90.4636,34.8916],[-90.4386,34.8846],[-90.4294,34.8664],[-90.4497,34.8399],[-90.4387,34.8252],[-90.4079,34.8266],[-90.4085,34.904],[-90.943,34.9068],[-91.0464,34.912],[-91.0454,35.001],[-91.1497,35.0025],[-91.1524,34.9108],[-91.1909,34.9092],[-91.1869,34.8964],[-91.178,34.8963],[-91.1735,34.8871],[-91.1661,34.8891],[-91.1662,34.8816],[-91.1623,34.8812],[-91.1627,34.8671],[-91.1713,34.8671],[-91.1711,34.8743],[-91.1771,34.8745],[-91.1876,34.8745],[-91.1878,34.8674],[-91.1802,34.8665],[-91.1782,34.8532],[-91.1553,34.829],[-91.1553,34.8082],[-91.1905,34.8088],[-91.193,34.7213],[-91.2111,34.7217],[-91.2131,34.6486],[-91.3151,34.6499],[-91.3141,34.6432],[-91.3321,34.6379],[-91.3415,34.6197],[-91.3296,34.6057],[-91.306,34.5985],[-91.3065,34.5802],[-91.2987,34.5796],[-91.2951,34.5909],[-91.2869,34.5887],[-91.2927,34.5765],[-91.2931,34.5455],[-91.3005,34.5329],[-91.2611,34.5267],[-91.2611,34.514],[-91.2668,34.5048],[-91.2518,34.5023],[-91.2552,34.4925],[-91.2521,34.4877],[-91.2404,34.4875],[-91.2288,34.4794],[-91.2178,34.4871],[-91.2089,34.4825],[-91.2153,34.4728],[-91.2745,34.4736],[-91.2758,34.4298],[-91.3109,34.4305],[-91.3116,34.4011],[-91.2943,34.4008],[-91.2945,34.386],[-91.2769,34.386],[-91.2791,34.2981],[-91.2629,34.2979],[-91.2631,34.2819],[-91.2364,34.2808],[-91.2365,34.2737],[-91.2276,34.2734],[-91.2282,34.2599],[-91.21,34.2585],[-91.2109,34.2295],[-91.2021,34.2294],[-91.2032,34.1915],[-91.2115,34.1916],[-91.2116,34.1842],[-91.2295,34.1842],[-91.2295,34.1772],[-91.2474,34.1772],[-91.2479,34.1555],[-91.2832,34.1555],[-91.2837,34.122],[-91.3542,34.1204],[-91.3547,34.106],[-91.442,34.1041],[-91.438,34.0965],[-91.4424,34.0877],[-91.4315,34.0877],[-91.4451,34.0806],[-91.4335,34.0612],[-91.4373,34.0255],[-91.4061,34.0012],[-91.3879,33.9798],[-91.3929,33.9743],[-91.3881,33.9714],[-91.389,33.9119],[-91.3911,33.8683],[-91.4489,33.8675],[-91.4513,33.7396]]]},"properties":{"geoid":"05062","state":"05","district":"62","name":"State House District 62","chamber":"House"}},{"type":"Feature","geometry":{"type":"Polygon","coordinates":[[[-90.8906,34.9895],[-90.8824,34.9856],[-90.8871,34.9696],[-90.8739,34.9552],[-90.861,34.9563],[-90.8569,34.9416],[-90.8445,34.9351],[-90.8402,34.9271],[-90.8475,34.9109],[-90.8411,34.9063],[-90.4085,34.904],[-90.4079,34.8266],[-90.3669,34.8403],[-90.3384,34.8585],[-90.3229,34.8463],[-90.3108,34.8445],[-90.3027,34.8569],[-90.3151,34.8641],[-90.3177,34.8711],[-90.2579,34.8934],[-90.2465,34.9034],[-90.2413,34.919],[-90.2459,34.9487],[-90.273,34.9603],[-90.3052,34.9877],[-90.3105,35.0046],[-90.3046,35.0219],[-90.2917,35.0415],[-90.2648,35.0404],[-90.2523,35.0318],[-90.2109,35.0254],[-90.1912,35.0402],[-90.1805,35.0556],[-90.1793,35.0678],[-90.1878,35.0732],[-90.174,35.1143],[-90.1662,35.1224],[-90.1675,35.1491],[-90.1758,35.1527],[-90.1759,35.1651],[-90.1934,35.1711],[-90.2681,35.1477],[-90.6115,35.1452],[-90.6135,35.1036],[-90.6103,35.0956],[-90.6192,35.0862],[-90.6201,35.0373],[-90.6249,35.0156],[-90.6616,35.0149],[-90.6727,35.0222],[-90.6728,35.0184],[-90.6904,35.0184],[-90.6903,35.0223],[-90.7067,35.0229],[-90.7251,35.0221],[-90.7261,35.0163],[-90.7477,35.0096],[-90.7581,35.0106],[-90.7611,35.0154],[-90.834,35.0159],[-90.8906,34.9895]]]},"properties":{"geoid":"05063","state":"05","district":"63","name":"State House District 63","chamber":"House"}},{"type":"Feature","geometry":{"type":"Polygon","coordinates":[[[-92.0699,34.1552],[-92.0737,34.1502],[-92.0614,34.1506],[-92.0593,34.0634],[-91.9537,34.0642],[-91.9537,34.0934],[-91.9424,34.0935],[-91.938,34.0789],[-91.8992,34.0708],[-91.8971,34.0627],[-91.888,34.057],[-91.89,34.0302],[-91.875,34.0147],[-91.8668,34.013],[-91.8491,34.0134],[-91.8491,34.0288],[-91.8392,34.0285],[-91.8349,34.035],[-91.7443,34.0358],[-91.7445,34.0505],[-91.7247,34.0342],[-91.7036,34.0336],[-91.6926,34.0225],[-91.6845,34.004],[-91.6881,33.9961],[-91.6844,33.9897],[-91.6952,33.978],[-91.6207,33.9777],[-91.6213,33.9495],[-91.5502,33.9435],[-91.5538,33.8709],[-91.4879,33.8688],[-91.4865,33.8622],[-91.4794,33.8629],[-91.4806,33.8686],[-91.3911,33.8683],[-91.3881,33.9714],[-91.3929,33.9743],[-91.3879,33.9798],[-91.407,34.002],[-91.4359,34.0229],[-91.4387,34.031],[-91.4334,34.0489],[-91.4345,34.0663],[-91.4533,34.0856],[-91.4652,34.083],[-91.46,34.0714],[-91.4632,34.0639],[-91.4825,34.0586],[-91.4905,34.0632],[-91.4904,34.0745],[-91.5092,34.0751],[-91.5308,34.0983],[-91.5452,34.1045],[-91.5636,34.1047],[-91.5868,34.0874],[-91.6028,34.0869],[-91.6107,34.0968],[-91.6047,34.1156],[-91.6103,34.1294],[-91.6216,34.1283],[-91.6481,34.1378],[-91.6585,34.1484],[-91.7038,34.1751],[-91.7274,34.1753],[-91.7674,34.1668],[-91.7853,34.2005],[-91.8211,34.2098],[-91.8517,34.2242],[-91.8517,34.2091],[-91.8565,34.2129],[-91.8686,34.2072],[-91.8955,34.2094],[-91.8948,34.195],[-91.9507,34.1947],[-91.9511,34.2129],[-92.0294,34.2127],[-92.0699,34.1552]]]},"properties":{"geoid":"05064","state":"05","district":"64","name":"State House District 64","chamber":"House"}},{"type":"Feature","geometry":{"type":"Polygon","coordinates":[[[-92.1437,34.4916],[-92.1068,34.4666],[-92.1064,34.4534],[-92.1211,34.4382],[-92.122,34.4281],[-92.0694,34.3912],[-92.0678,34.3528],[-92.0507,34.3241],[-92.0515,34.2709],[-92.0626,34.2745],[-92.0617,34.2669],[-92.0775,34.2673],[-92.0782,34.2617],[-92.0893,34.253],[-92.0895,34.2415],[-92.0778,34.2274],[-92.0909,34.2194],[-92.0909,34.2082],[-92.0783,34.2084],[-92.0779,34.2123],[-92.0723,34.2056],[-92.0868,34.2054],[-92.0869,34.1972],[-92.0932,34.1916],[-92.085,34.1917],[-92.085,34.1885],[-92.1128,34.1804],[-92.1128,34.1495],[-92.0737,34.1502],[-92.0294,34.2127],[-91.9511,34.2129],[-91.9507,34.1947],[-91.8948,34.195],[-91.8955,34.2094],[-91.8686,34.2072],[-91.8565,34.2129],[-91.8517,34.2091],[-91.8517,34.2242],[-91.8211,34.2098],[-91.7853,34.2005],[-91.7674,34.1668],[-91.7274,34.1753],[-91.7038,34.1751],[-91.6585,34.1484],[-91.6481,34.1378],[-91.6216,34.1283],[-91.6103,34.1294],[-91.6047,34.1156],[-91.6106,34.0965],[-91.6024,34.0868],[-91.5868,34.0874],[-91.5636,34.1047],[-91.5452,34.1045],[-91.5308,34.0983],[-91.5092,34.0751],[-91.4904,34.0745],[-91.4904,34.0631],[-91.4822,34.0586],[-91.4622,34.065],[-91.4629,34.0852],[-91.4451,34.0806],[-91.4315,34.0877],[-91.4424,34.0878],[-91.438,34.0966],[-91.4482,34.1209],[-91.4427,34.1258],[-91.4507,34.128],[-91.4522,34.1341],[-91.4762,34.1354],[-91.4924,34.127],[-91.4968,34.1309],[-91.4952,34.1493],[-91.5157,34.1434],[-91.515,34.1566],[-91.5208,34.1637],[-91.5147,34.1719],[-91.5274,34.1833],[-91.5235,34.1914],[-91.5307,34.2022],[-91.5283,34.215],[-91.5367,34.2232],[-91.5765,34.2234],[-91.5825,34.2177],[-91.5795,34.2154],[-91.5948,34.2122],[-91.5972,34.2167],[-91.5923,34.227],[-91.5991,34.2315],[-91.7117,34.2339],[-91.7082,34.3651],[-91.677,34.3658],[-91.676,34.3793],[-91.6887,34.3897],[-91.673,34.3862],[-91.6661,34.4035],[-91.6495,34.4014],[-91.64,34.41],[-91.614,34.4107],[-91.6137,34.4506],[-91.6312,34.4509],[-91.6309,34.4653],[-91.622,34.4655],[-91.616,34.4795],[-92.1437,34.4916]]]},"properties":{"geoid":"05065","state":"05","district":"65","name":"State House District 65","chamber":"House"}},{"type":"Feature","geometry":{"type":"Polygon","coordinates":[[[-92.2369,34.7775],[-92.2145,34.78],[-92.2002,34.7761],[-92.1995,34.7669],[-92.2067,34.7631],[-92.2098,34.7539],[-92.206,34.7489],[-92.2085,34.7437],[-92.1614,34.7154],[-92.1506,34.7027],[-92.1542,34.6735],[-92.1732,34.6409],[-92.1703,34.629],[-92.1503,34.602],[-92.1656,34.5825],[-92.1676,34.5733],[-92.1606,34.5626],[-92.1267,34.5586],[-92.1173,34.548],[-92.1194,34.5369],[-92.1456,34.5153],[-92.1463,34.4941],[-92.0303,34.4895],[-92.0297,34.6217],[-92.1091,34.6229],[-92.1085,34.6451],[-92.0988,34.6624],[-92.0929,34.7045],[-92.0971,34.722],[-92.0788,34.7218],[-92.0732,34.8962],[-92.0913,34.898],[-92.104,34.89],[-92.1123,34.8658],[-92.1277,34.8675],[-92.1314,34.8591],[-92.1431,34.851],[-92.1921,34.8257],[-92.2369,34.7775]]]},"properties":{"geoid":"05066","state":"05","district":"66","name":"State House District 66","chamber":"House"}},{"type":"Feature","geometry":{"type":"Polygon","coordinates":[[[-92.2334,34.8199],[-92.2224,34.8184],[-92.2225,34.8146],[-92.203,34.8143],[-92.1914,34.8261],[-92.1336,34.8572],[-92.1277,34.8675],[-92.1123,34.8658],[-92.1069,34.8873],[-92.0902,34.8995],[-92.1231,34.8959],[-92.1249,34.8862],[-92.1442,34.8901],[-92.145,34.8818],[-92.1915,34.8804],[-92.2024,34.8545],[-92.2236,34.8545],[-92.2312,34.8471],[-92.2334,34.8199]]]},"properties":{"geoid":"05067","state":"05","district":"67","name":"State House District 67","chamber":"House"}},{"type":"Feature","geometry":{"type":"Polygon","coordinates":[[[-92.0897,35.0147],[-92.0708,35.0116],[-92.0737,34.9247],[-92.0376,34.9236],[-92.0379,34.909],[-92.0414,34.9069],[-92.0356,34.9037],[-92.0345,34.8914],[-92.0405,34.8783],[-92.035,34.8742],[-92.0406,34.8749],[-92.0471,34.8592],[-92.0353,34.8529],[-92.023,34.861],[-92.0202,34.8566],[-92.0158,34.8611],[-91.9989,34.8556],[-91.9901,34.8618],[-91.969,34.8566],[-91.9504,34.8586],[-91.9483,34.8794],[-91.9551,34.8787],[-91.9572,34.8726],[-91.9728,34.8748],[-91.9723,34.8838],[-91.9765,34.8858],[-91.9716,34.8957],[-91.9907,34.9234],[-91.9647,34.923],[-91.9643,34.9377],[-91.9822,34.9379],[-91.9833,34.9617],[-91.9994,34.9646],[-91.9936,34.982],[-91.9991,34.9842],[-91.9901,34.9926],[-91.9931,34.9966],[-92.0079,34.9967],[-92.0031,35.0106],[-92.0183,35.0108],[-92.0177,35.036],[-92.0307,35.0364],[-92.0309,35.0291],[-92.0483,35.0294],[-92.0438,35.0367],[-92.0693,35.0372],[-92.0748,35.0298],[-92.0617,35.0315],[-92.0573,35.027],[-92.0661,35.0274],[-92.0663,35.0224],[-92.088,35.0244],[-92.0897,35.0147]]]},"properties":{"geoid":"05068","state":"05","district":"68","name":"State House District 68","chamber":"House"}},{"type":"Feature","geometry":{"type":"Polygon","coordinates":[[[-92.4669,34.931],[-92.4508,34.9027],[-92.4536,34.8891],[-92.4646,34.8719],[-92.4642,34.8617],[-92.4568,34.8523],[-92.435,34.8413],[-92.4347,34.8732],[-92.425,34.8729],[-92.4297,34.8722],[-92.4248,34.868],[-92.4061,34.8859],[-92.3888,34.8831],[-92.3859,34.8869],[-92.3725,34.8867],[-92.3725,34.8981],[-92.3634,34.8975],[-92.3637,34.8865],[-92.3593,34.8862],[-92.3591,34.8951],[-92.3524,34.9003],[-92.3534,34.9298],[-92.248,34.9279],[-92.2492,34.8849],[-92.2216,34.8835],[-92.2063,34.8722],[-92.1962,34.8721],[-92.1899,34.881],[-92.145,34.8818],[-92.1442,34.8901],[-92.1249,34.8862],[-92.1231,34.8959],[-92.1027,34.8962],[-92.1019,34.8999],[-92.0732,34.8962],[-92.0708,35.0116],[-92.2589,35.0153],[-92.2595,35.0297],[-92.277,35.0299],[-92.2884,35.0452],[-92.3272,35.0425],[-92.3299,35.0388],[-92.3393,35.0454],[-92.366,35.0462],[-92.3682,35.0525],[-92.3931,35.0649],[-92.4052,35.0475],[-92.4209,35.0478],[-92.4205,35.0406],[-92.4238,35.0406],[-92.425,35.0193],[-92.4182,35.0123],[-92.4227,34.975],[-92.4317,34.9575],[-92.4496,34.9577],[-92.4492,34.9442],[-92.4669,34.931]]]},"properties":{"geoid":"05069","state":"05","district":"69","name":"State House District 69","chamber":"House"}},{"type":"Feature","geometry":{"type":"Polygon","coordinates":[[[-92.3545,34.9037],[-92.3195,34.9006],[-92.3211,34.828],[-92.3121,34.828],[-92.2947,34.8129],[-92.2773,34.8125],[-92.2771,34.8217],[-92.2657,34.8192],[-92.2665,34.8028],[-92.2573,34.7946],[-92.2605,34.7827],[-92.2658,34.7808],[-92.2343,34.7784],[-92.203,34.8143],[-92.2333,34.8182],[-92.2315,34.8464],[-92.2236,34.8545],[-92.2027,34.8542],[-92.1962,34.8721],[-92.2083,34.8725],[-92.2216,34.8835],[-92.2492,34.8849],[-92.248,34.9279],[-92.3534,34.9298],[-92.3545,34.9037]]]},"properties":{"geoid":"05070","state":"05","district":"70","name":"State House District 70","chamber":"House"}},{"type":"Feature","geometry":{"type":"Polygon","coordinates":[[[-92.435,34.845],[-92.413,34.8203],[-92.3826,34.8165],[-92.3762,34.7998],[-92.3397,34.8215],[-92.3127,34.8095],[-92.3127,34.8058],[-92.286,34.8054],[-92.2804,34.8125],[-92.2947,34.8129],[-92.3121,34.828],[-92.3211,34.828],[-92.3195,34.9006],[-92.3528,34.901],[-92.3547,34.895],[-92.3591,34.8951],[-92.3593,34.8862],[-92.3637,34.8865],[-92.3634,34.8975],[-92.3725,34.8981],[-92.3725,34.8867],[-92.3859,34.8869],[-92.3888,34.8831],[-92.4061,34.8859],[-92.4248,34.868],[-92.4297,34.8722],[-92.425,34.8729],[-92.4347,34.8732],[-92.435,34.845]]]},"properties":{"geoid":"05071","state":"05","district":"71","name":"State House District 71","chamber":"House"}},{"type":"Feature","geometry":{"type":"Polygon","coordinates":[[[-92.3786,34.7984],[-92.3562,34.791],[-92.3166,34.7873],[-92.2939,34.7589],[-92.2583,34.7484],[-92.2085,34.7437],[-92.2067,34.7631],[-92.1995,34.7669],[-92.2037,34.779],[-92.2658,34.7808],[-92.2605,34.7827],[-92.2573,34.7946],[-92.2665,34.8028],[-92.2657,34.8192],[-92.2771,34.8217],[-92.2773,34.8125],[-92.2826,34.8125],[-92.286,34.8054],[-92.3127,34.8058],[-92.3127,34.8095],[-92.3397,34.8215],[-92.3786,34.7984]]]},"properties":{"geoid":"05072","state":"05","district":"72","name":"State House District 72","chamber":"House"}},{"type":"Feature","geometry":{"type":"Polygon","coordinates":[[[-92.4987,34.8189],[-92.4973,34.8124],[-92.4431,34.802],[-92.4418,34.7964],[-92.4265,34.7869],[-92.4216,34.7737],[-92.4111,34.7727],[-92.4113,34.7691],[-92.4018,34.7725],[-92.3902,34.7685],[-92.3908,34.788],[-92.3507,34.7684],[-92.3406,34.7684],[-92.3408,34.7621],[-92.3142,34.7658],[-92.2971,34.7552],[-92.2819,34.7543],[-92.2968,34.7616],[-92.3126,34.7854],[-92.3786,34.7984],[-92.3771,34.8063],[-92.3826,34.8165],[-92.411,34.8193],[-92.4364,34.843],[-92.4681,34.8597],[-92.4787,34.8607],[-92.4954,34.8426],[-92.4987,34.8189]]]},"properties":{"geoid":"05073","state":"05","district":"73","name":"State House District 73","chamber":"House"}},{"type":"Feature","geometry":{"type":"Polygon","coordinates":[[[-92.3914,34.7852],[-92.3913,34.7539],[-92.35,34.7526],[-92.3502,34.7455],[-92.2889,34.7437],[-92.2618,34.7342],[-92.2628,34.7493],[-92.2971,34.7552],[-92.3142,34.7658],[-92.3408,34.7621],[-92.3406,34.7684],[-92.3508,34.7685],[-92.3852,34.7866],[-92.3914,34.7852]]]},"properties":{"geoid":"05074","state":"05","district":"74","name":"State House District 74","chamber":"House"}},{"type":"Feature","geometry":{"type":"Polygon","coordinates":[[[-92.4802,34.738],[-92.4732,34.7307],[-92.4645,34.7306],[-92.447,34.7303],[-92.4468,34.7379],[-92.4402,34.7373],[-92.4383,34.7313],[-92.4298,34.7303],[-92.4299,34.7223],[-92.4126,34.7182],[-92.4185,34.7291],[-92.4077,34.7317],[-92.4243,34.7392],[-92.4227,34.744],[-92.4073,34.7436],[-92.4053,34.7579],[-92.3913,34.7539],[-92.3902,34.7685],[-92.4207,34.7732],[-92.4266,34.787],[-92.4418,34.7964],[-92.4431,34.802],[-92.4686,34.8081],[-92.4764,34.8017],[-92.4714,34.7941],[-92.4736,34.7851],[-92.4586,34.7699],[-92.4622,34.7599],[-92.4724,34.7614],[-92.4726,34.7473],[-92.4802,34.738]]]},"properties":{"geoid":"05075","state":"05","district":"75","name":"State House District 75","chamber":"House"}},{"type":"Feature","geometry":{"type":"Polygon","coordinates":[[[-92.3914,34.7517],[-92.391,34.743],[-92.3723,34.7403],[-92.3728,34.7279],[-92.3588,34.7279],[-92.3586,34.7195],[-92.3422,34.7177],[-92.3458,34.6908],[-92.3252,34.6901],[-92.3263,34.6999],[-92.3025,34.7253],[-92.2847,34.7289],[-92.2826,34.7414],[-92.3502,34.7455],[-92.35,34.7526],[-92.3914,34.7517]]]},"properties":{"geoid":"05076","state":"05","district":"76","name":"State House District 76","chamber":"House"}},{"type":"Feature","geometry":{"type":"Polygon","coordinates":[[[-92.4547,34.7045],[-92.4485,34.6891],[-92.4491,34.6722],[-92.3819,34.6698],[-92.3511,34.6839],[-92.3422,34.7177],[-92.3586,34.7195],[-92.3588,34.7279],[-92.3728,34.7279],[-92.3723,34.7403],[-92.391,34.743],[-92.3938,34.7576],[-92.4053,34.7579],[-92.4073,34.7436],[-92.4227,34.744],[-92.4243,34.7392],[-92.4077,34.7317],[-92.4185,34.7291],[-92.4086,34.7184],[-92.4085,34.7111],[-92.4547,34.7045]]]},"properties":{"geoid":"05077","state":"05","district":"77","name":"State House District 77","chamber":"House"}},{"type":"Feature","geometry":{"type":"Polygon","coordinates":[[[-92.7554,34.856],[-92.6512,34.8517],[-92.6565,34.7064],[-92.6436,34.71],[-92.6394,34.7038],[-92.6456,34.6976],[-92.6372,34.6798],[-92.6394,34.6663],[-92.6311,34.6462],[-92.6194,34.6372],[-92.6202,34.6314],[-92.5259,34.6439],[-92.5147,34.6478],[-92.5144,34.6575],[-92.4667,34.6563],[-92.4437,34.6628],[-92.4433,34.672],[-92.4491,34.6722],[-92.4485,34.6891],[-92.4544,34.7072],[-92.4346,34.7051],[-92.4085,34.7111],[-92.4105,34.7202],[-92.4299,34.7223],[-92.4298,34.7303],[-92.4383,34.7313],[-92.4402,34.7373],[-92.4468,34.7379],[-92.447,34.7303],[-92.4645,34.7306],[-92.4732,34.7307],[-92.4802,34.738],[-92.4726,34.7473],[-92.4724,34.7614],[-92.4622,34.7599],[-92.4586,34.7699],[-92.4736,34.7851],[-92.4714,34.7941],[-92.4764,34.8017],[-92.4686,34.8081],[-92.4973,34.8124],[-92.4967,34.8383],[-92.4787,34.8607],[-92.4615,34.8568],[-92.4649,34.8711],[-92.4508,34.902],[-92.4658,34.9247],[-92.4691,34.9416],[-92.4803,34.9515],[-92.5442,34.9529],[-92.5446,34.9364],[-92.6482,34.9392],[-92.6496,34.9102],[-92.7539,34.9116],[-92.7554,34.856]]]},"properties":{"geoid":"05078","state":"05","district":"78","name":"State House District 78","chamber":"House"}},{"type":"Feature","geometry":{"type":"Polygon","coordinates":[[[-92.4452,34.627],[-92.3466,34.6256],[-92.3443,34.6692],[-92.318,34.6679],[-92.3186,34.6898],[-92.3471,34.6911],[-92.3546,34.6807],[-92.3819,34.6698],[-92.4433,34.672],[-92.4452,34.627]]]},"properties":{"geoid":"05079","state":"05","district":"79","name":"State House District 79","chamber":"House"}},{"type":"Feature","geometry":{"type":"Polygon","coordinates":[[[-92.3487,34.5826],[-92.2442,34.5809],[-92.2458,34.4936],[-92.1437,34.4916],[-92.1485,34.4988],[-92.1456,34.5153],[-92.1175,34.5422],[-92.1228,34.5565],[-92.1606,34.5626],[-92.1676,34.5733],[-92.1656,34.5825],[-92.1503,34.602],[-92.1703,34.629],[-92.1732,34.6409],[-92.1542,34.6735],[-92.1506,34.7027],[-92.1591,34.7138],[-92.1896,34.7344],[-92.2143,34.745],[-92.2628,34.7493],[-92.2618,34.7342],[-92.2826,34.7414],[-92.2847,34.7289],[-92.3025,34.7253],[-92.3263,34.6999],[-92.3252,34.6901],[-92.3186,34.6898],[-92.318,34.6679],[-92.3443,34.6692],[-92.3487,34.5826]]]},"properties":{"geoid":"05080","state":"05","district":"80","name":"State House District 80","chamber":"House"}},{"type":"Feature","geometry":{"type":"Polygon","coordinates":[[[-92.5462,34.6015],[-92.5119,34.6124],[-92.5123,34.5993],[-92.4866,34.5977],[-92.4892,34.5944],[-92.484,34.5917],[-92.4771,34.6056],[-92.4677,34.6092],[-92.4677,34.6055],[-92.4552,34.6052],[-92.4469,34.5995],[-92.4484,34.5695],[-92.349,34.5672],[-92.3465,34.6256],[-92.4452,34.627],[-92.4436,34.6628],[-92.4667,34.6563],[-92.5144,34.6575],[-92.5214,34.636],[-92.5153,34.6326],[-92.5247,34.6278],[-92.5254,34.6187],[-92.5312,34.6152],[-92.5425,34.6243],[-92.5357,34.6069],[-92.5398,34.6082],[-92.5462,34.6015]]]},"properties":{"geoid":"05081","state":"05","district":"81","name":"State House District 81","chamber":"House"}},{"type":"Feature","geometry":{"type":"Polygon","coordinates":[[[-92.6656,34.5187],[-92.645,34.5317],[-92.6328,34.5216],[-92.6247,34.5219],[-92.6162,34.5295],[-92.6127,34.5149],[-92.5821,34.5137],[-92.5826,34.5064],[-92.5741,34.5025],[-92.5736,34.5098],[-92.556,34.5128],[-92.5584,34.5271],[-92.4759,34.526],[-92.4478,34.507],[-92.4237,34.5079],[-92.4256,34.5218],[-92.4297,34.5218],[-92.4292,34.54],[-92.4501,34.5402],[-92.4491,34.5591],[-92.4413,34.5558],[-92.449,34.5623],[-92.4469,34.5995],[-92.4724,34.6094],[-92.4871,34.5916],[-92.4866,34.5977],[-92.5123,34.5993],[-92.5119,34.6124],[-92.5561,34.5974],[-92.6316,34.5448],[-92.6647,34.5385],[-92.6656,34.5187]]]},"properties":{"geoid":"05082","state":"05","district":"82","name":"State House District 82","chamber":"House"}},{"type":"Feature","geometry":{"type":"Polygon","coordinates":[[[-92.98,34.6516],[-92.98,34.6372],[-92.8754,34.6352],[-92.8769,34.5912],[-92.808,34.5904],[-92.809,34.5622],[-92.7915,34.562],[-92.7932,34.5036],[-92.7383,34.5032],[-92.7387,34.4739],[-92.7173,34.4879],[-92.6967,34.5102],[-92.697,34.5027],[-92.6892,34.5026],[-92.6656,34.5187],[-92.6647,34.5385],[-92.6316,34.5448],[-92.6119,34.5616],[-92.5398,34.6082],[-92.5357,34.6069],[-92.5425,34.6243],[-92.5333,34.6151],[-92.5257,34.6183],[-92.5247,34.6278],[-92.5153,34.6326],[-92.5214,34.636],[-92.5193,34.6466],[-92.5147,34.6478],[-92.6202,34.6314],[-92.6223,34.6421],[-92.6365,34.6458],[-92.6372,34.6318],[-92.6788,34.634],[-92.6791,34.6194],[-92.7056,34.6202],[-92.7053,34.6255],[-92.8004,34.6273],[-92.8273,34.6309],[-92.8424,34.6497],[-92.8793,34.6497],[-92.8835,34.6604],[-92.8847,34.6532],[-92.8925,34.6501],[-92.8916,34.6681],[-92.8962,34.672],[-92.9266,34.6696],[-92.9388,34.6729],[-92.9349,34.6879],[-92.9599,34.6956],[-92.9698,34.6848],[-92.9791,34.6849],[-92.98,34.6516]]]},"properties":{"geoid":"05083","state":"05","district":"83","name":"State House District 83","chamber":"House"}},{"type":"Feature","geometry":{"type":"Polygon","coordinates":[[[-93.0889,34.5114],[-93.0722,34.5089],[-93.0702,34.4981],[-93.057,34.4974],[-93.0586,34.4906],[-93.0422,34.487],[-93.039,34.4805],[-93.0456,34.4515],[-93.0532,34.4481],[-93.0568,34.4372],[-93.05,34.437],[-93.0555,34.4338],[-93.0369,34.4315],[-93.0382,34.4355],[-93.0289,34.4358],[-93.0306,34.4411],[-93.0017,34.4395],[-92.9914,34.4432],[-92.9704,34.4291],[-92.969,34.4526],[-92.9638,34.4573],[-92.9528,34.4444],[-92.9477,34.4449],[-92.9478,34.449],[-92.9135,34.4484],[-92.9151,34.5061],[-92.7932,34.5036],[-92.7915,34.562],[-92.809,34.5622],[-92.808,34.5904],[-92.8769,34.5912],[-92.8757,34.6241],[-92.8845,34.6242],[-92.8848,34.6171],[-92.9007,34.6167],[-92.9057,34.6209],[-92.9057,34.6167],[-92.9492,34.6174],[-92.9495,34.6252],[-92.9585,34.6261],[-93.0122,34.6186],[-93.0063,34.6102],[-93.0209,34.5997],[-93.0018,34.5927],[-92.9954,34.5816],[-93.0242,34.5518],[-93.0526,34.5521],[-93.0522,34.5594],[-93.061,34.5594],[-93.0615,34.5522],[-93.0885,34.5526],[-93.0889,34.5114]]]},"properties":{"geoid":"05084","state":"05","district":"84","name":"State House District 84","chamber":"House"}},{"type":"Feature","geometry":{"type":"Polygon","coordinates":[[[-93.4066,34.4292],[-93.3813,34.4264],[-93.3669,34.4307],[-93.3567,34.44],[-93.3286,34.4428],[-93.312,34.4509],[-93.2906,34.4286],[-93.2398,34.4432],[-93.211,34.4439],[-93.2122,34.4567],[-93.2176,34.463],[-93.1891,34.466],[-93.1919,34.4695],[-93.184,34.4706],[-93.1976,34.474],[-93.1856,34.4746],[-93.1821,34.4706],[-93.1313,34.4842],[-93.1267,34.4991],[-93.1237,34.5009],[-93.1215,34.4963],[-93.1154,34.5095],[-93.089,34.5093],[-93.0885,34.5526],[-93.0615,34.5522],[-93.061,34.5594],[-93.0522,34.5594],[-93.0526,34.5521],[-93.0242,34.5518],[-92.9952,34.582],[-93.002,34.5929],[-93.0209,34.5997],[-93.0063,34.6102],[-93.0122,34.6186],[-92.9585,34.6261],[-92.9495,34.6252],[-92.9492,34.6174],[-92.9057,34.6167],[-92.9057,34.6209],[-92.9007,34.6167],[-92.8848,34.6171],[-92.8845,34.6242],[-92.8757,34.6241],[-92.8754,34.6352],[-92.98,34.6372],[-92.9791,34.6849],[-92.9698,34.6848],[-92.9693,34.7723],[-93.3945,34.7724],[-93.3939,34.6852],[-93.4022,34.6852],[-93.4066,34.4292]]]},"properties":{"geoid":"05085","state":"05","district":"85","name":"State House District 85","chamber":"House"}},{"type":"Feature","geometry":{"type":"Polygon","coordinates":[[[-94.4702,34.1941],[-94.4701,34.1902],[-94.0983,34.1911],[-94.0898,34.1841],[-94.0975,34.1773],[-94.0964,34.1628],[-94.1029,34.1598],[-94.0909,34.1562],[-94.0908,34.152],[-94.0647,34.1576],[-94.0479,34.148],[-94.0028,34.1614],[-94.0012,34.1459],[-94.0075,34.143],[-93.9975,34.1332],[-93.9978,34.104],[-93.9933,34.0932],[-93.9981,34.0903],[-93.9978,34.0749],[-93.9927,34.06],[-94.0153,34.0542],[-94.0226,34.0451],[-94.0416,34.0346],[-94.0565,34.033],[-94.0695,34.0225],[-94.0651,34.0112],[-94.0691,34.0068],[-94.0666,34.0014],[-94.063,34.0029],[-94.0696,33.9957],[-94.0659,33.9948],[-94.0645,33.9827],[-94.0682,33.9795],[-94.0576,33.9681],[-94.0614,33.9621],[-93.9833,33.9605],[-93.9653,33.9516],[-93.9642,33.9842],[-93.9336,33.983],[-93.9368,33.9981],[-93.9287,33.9972],[-93.929,34.0119],[-93.8231,34.0089],[-93.8207,34.1838],[-93.9259,34.1865],[-93.9244,34.263],[-93.937,34.263],[-93.9354,34.3502],[-93.4082,34.3395],[-93.4022,34.6852],[-93.3939,34.6852],[-93.3944,34.7434],[-93.7453,34.7466],[-93.7458,34.7321],[-93.7809,34.7324],[-93.7811,34.7181],[-93.8168,34.7185],[-93.8169,34.7112],[-93.8699,34.7125],[-93.8702,34.6908],[-93.8791,34.6908],[-93.8793,34.6656],[-93.9302,34.666],[-93.9299,34.6801],[-94.0353,34.6836],[-94.0352,34.6929],[-94.3177,34.6974],[-94.3168,34.7265],[-94.4544,34.7289],[-94.4702,34.1941]]]},"properties":{"geoid":"05086","state":"05","district":"86","name":"State House District 86","chamber":"House"}},{"type":"Feature","geometry":{"type":"Polygon","coordinates":[[[-94.4859,33.6379],[-94.466,33.6362],[-94.4592,33.645],[-94.4483,33.6424],[-94.4485,33.6344],[-94.4627,33.6308],[-94.4606,33.6247],[-94.4527,33.6225],[-94.453,33.6172],[-94.4717,33.6026],[-94.4575,33.6004],[-94.4511,33.5912],[-94.4307,33.5916],[-94.4125,33.569],[-94.4035,33.5685],[-94.3806,33.5819],[-94.3801,33.5688],[-94.3956,33.5665],[-94.4015,33.5605],[-94.3817,33.544],[-94.3527,33.5442],[-94.3473,33.5516],[-94.3526,33.5619],[-94.3437,33.568],[-94.3355,33.5647],[-94.3315,33.5531],[-94.3202,33.549],[-94.3095,33.5516],[-94.2998,33.5747],[-94.2879,33.5825],[-94.2807,33.5751],[-94.2903,33.5677],[-94.2908,33.559],[-94.2773,33.5573],[-94.26,33.5804],[-94.2425,33.5897],[-94.2367,33.5871],[-94.2369,33.58],[-94.2511,33.5651],[-94.2507,33.5571],[-94.2283,33.5523],[-94.2058,33.5671],[-94.1954,33.5552],[-94.1898,33.5618],[-94.1945,33.5737],[-94.2017,33.5775],[-94.2117,33.5738],[-94.2173,33.5802],[-94.1967,33.5812],[-94.1838,33.5947],[-94.1618,33.5887],[-94.157,33.5758],[-94.142,33.5811],[-94.1514,33.5685],[-94.1449,33.5652],[-94.1351,33.571],[-94.1287,33.5509],[-94.1225,33.5535],[-94.1207,33.567],[-94.0919,33.5751],[-94.0725,33.5723],[-94.0735,33.5848],[-94.0676,33.5699],[-94.0569,33.5679],[-94.0557,33.5634],[-94.0601,33.5593],[-94.0726,33.5595],[-94.0721,33.5539],[-94.0618,33.5495],[-94.0454,33.5512],[-94.0018,33.5649],[-93.9942,33.558],[-93.9981,33.5446],[-93.9862,33.5347],[-93.9787,33.5401],[-93.9734,33.5538],[-93.9837,33.5634],[-93.9793,33.5704],[-93.964,33.5725],[-93.9582,33.553],[-93.9501,33.5501],[-93.9435,33.553],[-93.9315,33.5801],[-93.9189,33.5796],[-93.9101,33.5693],[-93.9032,33.5709],[-93.9044,33.5796],[-93.9164,33.5875],[-93.9057,33.5953],[-93.898,33.5902],[-93.898,33.5801],[-93.8797,33.5907],[-93.8631,33.6102],[-93.8359,33.6029],[-93.8265,33.6057],[-93.8259,33.6099],[-93.8337,33.6071],[-93.8433,33.6181],[-93.8519,33.6138],[-93.8587,33.6161],[-93.8613,33.6282],[-93.872,33.6339],[-93.8843,33.6273],[-93.8962,33.6397],[-93.9058,33.6361],[-93.9101,33.6288],[-93.9158,33.6291],[-93.9118,33.64],[-93.9017,33.6488],[-93.9147,33.658],[-93.9147,33.6643],[-93.9318,33.6626],[-93.9302,33.6551],[-93.9401,33.6476],[-93.9471,33.6607],[-93.9648,33.6688],[-93.9677,33.6766],[-93.9607,33.6944],[-93.9667,33.7041],[-93.9512,33.7077],[-93.9561,33.7132],[-93.9513,33.7209],[-93.9536,33.7276],[-93.9595,33.7273],[-93.9615,33.7118],[-93.9694,33.7278],[-93.9629,33.735],[-93.9682,33.7414],[-93.9592,33.7392],[-93.9588,33.7344],[-93.9526,33.7392],[-93.9593,33.7551],[-93.9658,33.7543],[-93.9618,33.7582],[-93.969,33.7659],[-93.9691,33.7738],[-93.9592,33.7773],[-93.9634,33.7794],[-93.9603,33.7858],[-93.9682,33.7877],[-93.9692,33.7938],[-93.9646,33.7959],[-93.9788,33.8168],[-93.9883,33.8193],[-93.9941,33.8308],[-94.0028,33.8332],[-94.0015,33.8382],[-94.0088,33.8483],[-94.0192,33.8504],[-94.0156,33.8532],[-94.0218,33.8574],[-94.017,33.8678],[-94.0196,33.8724],[-94.0529,33.8861],[-94.0533,33.9041],[-94.0563,33.9095],[-94.0605,33.908],[-94.0702,33.9271],[-94.0711,33.9313],[-94.0648,33.9332],[-94.0703,33.9387],[-94.0649,33.9455],[-94.0696,33.9557],[-94.0576,33.968],[-94.0682,33.9795],[-94.0645,33.9827],[-94.0659,33.9948],[-94.0696,33.9957],[-94.063,34.0029],[-94.0666,34.0014],[-94.0691,34.0068],[-94.0651,34.0112],[-94.0695,34.0225],[-94.0565,34.033],[-94.0416,34.0346],[-94.0226,34.0451],[-94.0153,34.0542],[-93.9927,34.06],[-93.9978,34.0749],[-93.9981,34.0903],[-93.9933,34.0932],[-93.9978,34.104],[-93.9975,34.1332],[-94.0075,34.143],[-94.0012,34.1459],[-94.0028,34.1614],[-94.0479,34.148],[-94.0647,34.1576],[-94.0908,34.152],[-94.0909,34.1562],[-94.1029,34.1598],[-94.0964,34.1628],[-94.0975,34.1773],[-94.0898,34.1841],[-94.0983,34.1911],[-94.4703,34.1902],[-94.4859,33.6379]]]},"properties":{"geoid":"05087","state":"05","district":"87","name":"State House District 87","chamber":"House"}},{"type":"Feature","geometry":{"type":"Polygon","coordinates":[[[-94.0712,33.9309],[-94.0605,33.908],[-94.0563,33.9095],[-94.0533,33.9041],[-94.0529,33.8861],[-94.0196,33.8724],[-94.017,33.8678],[-94.0218,33.8574],[-94.0156,33.8532],[-94.0192,33.8504],[-94.0088,33.8483],[-94.0015,33.8382],[-94.0028,33.8332],[-93.9941,33.8308],[-93.9883,33.8193],[-93.9788,33.8168],[-93.9646,33.7959],[-93.9692,33.7938],[-93.9682,33.7877],[-93.9603,33.7858],[-93.9634,33.7794],[-93.9592,33.7773],[-93.9691,33.7738],[-93.969,33.7659],[-93.9618,33.7582],[-93.9658,33.7543],[-93.9593,33.7551],[-93.9526,33.7392],[-93.9588,33.7344],[-93.9592,33.7392],[-93.9682,33.7414],[-93.9629,33.735],[-93.9694,33.7278],[-93.9615,33.7118],[-93.9595,33.7273],[-93.9536,33.7276],[-93.9513,33.7209],[-93.9561,33.7132],[-93.9512,33.7077],[-93.9667,33.7041],[-93.9607,33.6944],[-93.9677,33.6766],[-93.9648,33.6688],[-93.9471,33.6607],[-93.9401,33.6476],[-93.9302,33.6551],[-93.9313,33.663],[-93.9135,33.6635],[-93.9149,33.6582],[-93.9017,33.6482],[-93.9118,33.64],[-93.9155,33.6289],[-93.8941,33.6396],[-93.8845,33.6274],[-93.872,33.6339],[-93.8613,33.6282],[-93.858,33.6156],[-93.8433,33.6181],[-93.8338,33.6072],[-93.8249,33.6084],[-93.835,33.6028],[-93.8631,33.6102],[-93.8797,33.5907],[-93.898,33.5801],[-93.898,33.5902],[-93.9057,33.5953],[-93.9164,33.5875],[-93.9044,33.5796],[-93.9032,33.5709],[-93.9101,33.5693],[-93.9189,33.5796],[-93.9315,33.5801],[-93.9435,33.553],[-93.9501,33.5501],[-93.9582,33.553],[-93.964,33.5725],[-93.9793,33.5704],[-93.9837,33.5634],[-93.9733,33.5544],[-93.9844,33.535],[-93.9981,33.5446],[-93.9942,33.558],[-94.0007,33.5645],[-94.0089,33.5653],[-94.0227,33.5569],[-94.0433,33.5522],[-94.0431,33.5189],[-94.0009,33.516],[-93.9877,33.5004],[-93.9867,33.4885],[-93.9727,33.4882],[-93.9864,33.4798],[-93.9892,33.471],[-94.0076,33.4607],[-93.9847,33.4639],[-93.9841,33.4592],[-93.7863,33.456],[-93.7863,33.4631],[-93.7688,33.4663],[-93.7688,33.4702],[-93.7515,33.4697],[-93.7478,33.4797],[-93.7267,33.4825],[-93.4832,33.4762],[-93.4712,33.8253],[-93.4609,33.8251],[-93.4571,33.9615],[-93.4652,33.9588],[-93.4671,33.9642],[-93.4759,33.9623],[-93.4791,33.9574],[-93.476,33.9518],[-93.4905,33.9567],[-93.4981,33.9537],[-93.4938,33.9487],[-93.5006,33.9487],[-93.4995,33.9455],[-93.5282,33.9429],[-93.5317,33.9548],[-93.545,33.9508],[-93.5682,33.957],[-93.5688,33.9611],[-93.5789,33.9566],[-93.5911,33.9644],[-93.6168,33.9593],[-93.6256,33.9699],[-93.6301,33.9682],[-93.6279,33.9738],[-93.6405,33.9741],[-93.6467,33.9829],[-93.6821,33.9834],[-93.7,33.9952],[-93.7224,33.9967],[-93.7498,34.0069],[-93.929,34.0119],[-93.9287,33.9972],[-93.9368,33.9981],[-93.9336,33.983],[-93.9642,33.9842],[-93.9653,33.9516],[-93.9833,33.9605],[-94.0614,33.9621],[-94.0696,33.9557],[-94.0649,33.9455],[-94.0703,33.9387],[-94.0648,33.9332],[-94.0712,33.9309]]]},"properties":{"geoid":"05088","state":"05","district":"88","name":"State House District 88","chamber":"House"}},{"type":"Feature","geometry":{"type":"Polygon","coordinates":[[[-93.937,34.2631],[-93.9244,34.263],[-93.9258,34.1865],[-93.8207,34.1838],[-93.8231,34.0089],[-93.7498,34.0069],[-93.7224,33.9967],[-93.7,33.9952],[-93.6821,33.9834],[-93.6467,33.9829],[-93.6405,33.9741],[-93.6279,33.9738],[-93.6301,33.9682],[-93.6256,33.9699],[-93.6168,33.9593],[-93.5911,33.9644],[-93.5789,33.9566],[-93.5688,33.9611],[-93.5682,33.957],[-93.545,33.9508],[-93.5317,33.9548],[-93.5282,33.9429],[-93.4995,33.9455],[-93.5006,33.9487],[-93.4938,33.9487],[-93.4981,33.9537],[-93.4905,33.9567],[-93.476,33.9518],[-93.4791,33.9574],[-93.4759,33.9623],[-93.457,33.9613],[-93.4609,33.8251],[-93.4712,33.8253],[-93.4831,33.4799],[-93.4755,33.4797],[-93.4693,33.4969],[-93.4625,33.497],[-93.4357,33.5188],[-93.3929,33.5228],[-93.3766,33.5315],[-93.3436,33.5289],[-93.3453,33.532],[-93.3379,33.5361],[-93.3257,33.538],[-93.3233,33.5456],[-93.2865,33.5447],[-93.2831,33.5527],[-93.271,33.5438],[-93.2294,33.5404],[-93.1672,33.5562],[-93.1125,33.5577],[-93.1044,33.7771],[-93.0866,33.7763],[-93.0787,33.7821],[-93.0824,33.7852],[-93.0703,33.7887],[-93.0545,33.7826],[-93.057,33.7797],[-93.0511,33.7765],[-93.0437,33.7791],[-93.036,33.7701],[-93.009,33.7786],[-92.9924,33.7775],[-92.993,33.7823],[-92.9814,33.7837],[-92.9817,33.7883],[-92.9697,33.7879],[-92.9447,33.8012],[-92.9427,33.797],[-92.9362,33.8075],[-92.9398,33.8109],[-92.9321,33.8127],[-92.9292,33.8224],[-92.9271,33.8144],[-92.9174,33.8215],[-92.8962,33.8061],[-92.8934,33.8109],[-92.8997,33.8163],[-92.8878,33.8242],[-92.8933,33.8344],[-92.8769,33.8397],[-92.8829,33.8553],[-92.9,33.8569],[-92.906,33.8629],[-92.9001,33.8668],[-92.9065,33.8747],[-92.9028,33.8823],[-92.9126,33.8939],[-92.8936,33.9048],[-92.9094,33.9095],[-92.9084,33.9178],[-92.9201,33.9261],[-92.914,33.9338],[-92.9193,33.936],[-92.9255,33.929],[-92.9337,33.9324],[-92.9349,33.9385],[-92.9282,33.9469],[-92.9386,33.9498],[-92.9385,33.9681],[-92.9483,33.9623],[-92.9516,33.9692],[-92.9612,33.9736],[-92.9535,33.9772],[-92.9491,33.9863],[-92.8931,33.9833],[-92.8861,34.1557],[-93.0288,34.1616],[-93.0353,34.1488],[-93.0569,34.1462],[-93.0415,34.1133],[-93.0553,34.1118],[-93.0685,34.0919],[-93.0776,34.0922],[-93.0619,34.1064],[-93.0811,34.1068],[-93.0874,34.1142],[-93.0875,34.1106],[-93.0982,34.1074],[-93.0959,34.1145],[-93.1112,34.1076],[-93.107,34.1184],[-93.1023,34.1147],[-93.098,34.118],[-93.1108,34.1256],[-93.1413,34.1276],[-93.1807,34.1419],[-93.1972,34.1585],[-93.1933,34.1754],[-93.1801,34.1752],[-93.1964,34.1903],[-93.1916,34.1993],[-93.2008,34.2034],[-93.2036,34.21],[-93.1843,34.2129],[-93.183,34.2477],[-93.1995,34.2481],[-93.1983,34.2773],[-93.251,34.2784],[-93.2639,34.2891],[-93.2541,34.3011],[-93.2642,34.3144],[-93.2574,34.3173],[-93.2557,34.3294],[-93.2485,34.3299],[-93.2474,34.3751],[-93.23,34.3751],[-93.2297,34.3943],[-93.2474,34.3949],[-93.2463,34.4403],[-93.2906,34.4286],[-93.312,34.4509],[-93.3286,34.4428],[-93.3567,34.44],[-93.3669,34.4307],[-93.3813,34.4264],[-93.4066,34.4292],[-93.4082,34.3395],[-93.9354,34.3502],[-93.937,34.2631]]]},"properties":{"geoid":"05089","state":"05","district":"89","name":"State House District 89","chamber":"House"}},{"type":"Feature","geometry":{"type":"Polygon","coordinates":[[[-93.2644,34.292],[-93.251,34.2784],[-93.1983,34.2773],[-93.1995,34.2481],[-93.183,34.2477],[-93.1845,34.2114],[-93.2036,34.2102],[-93.2008,34.2034],[-93.1916,34.1993],[-93.1964,34.1903],[-93.1801,34.1752],[-93.1964,34.1722],[-93.1972,34.1585],[-93.1889,34.1494],[-93.1795,34.1411],[-93.1632,34.1387],[-93.1416,34.1277],[-93.1113,34.1257],[-93.098,34.118],[-93.1023,34.1147],[-93.107,34.1184],[-93.1112,34.1076],[-93.0959,34.1145],[-93.0982,34.1074],[-93.0875,34.1106],[-93.0874,34.1142],[-93.0811,34.1068],[-93.0619,34.1064],[-93.0776,34.0922],[-93.0685,34.0919],[-93.0553,34.1118],[-93.0415,34.1133],[-93.0573,34.1451],[-93.0503,34.1498],[-93.0353,34.1488],[-93.0285,34.1617],[-92.6784,34.1496],[-92.6726,34.2686],[-92.7254,34.2692],[-92.7261,34.2545],[-92.9312,34.2571],[-92.9279,34.27],[-92.9352,34.2711],[-92.9389,34.2857],[-92.9522,34.2825],[-92.9508,34.3317],[-92.986,34.3318],[-92.9839,34.3892],[-92.9481,34.3892],[-92.9477,34.4449],[-92.9553,34.4464],[-92.9616,34.4571],[-92.9689,34.4529],[-92.9704,34.4291],[-92.9909,34.4431],[-93.0017,34.4395],[-93.0267,34.4421],[-93.0309,34.4408],[-93.0289,34.4358],[-93.0382,34.4355],[-93.0402,34.4312],[-93.0555,34.4338],[-93.05,34.437],[-93.0567,34.4372],[-93.0557,34.4403],[-93.0649,34.4374],[-93.0699,34.4446],[-93.0863,34.4418],[-93.085,34.4283],[-93.1055,34.4265],[-93.1081,34.4167],[-93.1396,34.4121],[-93.1396,34.4176],[-93.1573,34.4177],[-93.1585,34.425],[-93.1672,34.4202],[-93.1671,34.4542],[-93.1859,34.4588],[-93.1891,34.466],[-93.2176,34.463],[-93.2122,34.4567],[-93.211,34.4439],[-93.2463,34.4403],[-93.2474,34.3949],[-93.2297,34.3943],[-93.23,34.3751],[-93.2474,34.3751],[-93.2485,34.3299],[-93.2557,34.3294],[-93.2574,34.3173],[-93.2642,34.3142],[-93.2541,34.3011],[-93.2644,34.292]]]},"properties":{"geoid":"05090","state":"05","district":"90","name":"State House District 90","chamber":"House"}},{"type":"Feature","geometry":{"type":"Polygon","coordinates":[[[-93.1976,34.474],[-93.1854,34.4736],[-93.184,34.4706],[-93.1919,34.4695],[-93.189,34.4609],[-93.1671,34.4542],[-93.1672,34.4202],[-93.1585,34.425],[-93.1573,34.4177],[-93.1396,34.4176],[-93.1396,34.4121],[-93.1086,34.4166],[-93.1055,34.4265],[-93.0852,34.4282],[-93.0881,34.434],[-93.0829,34.4381],[-93.0863,34.4418],[-93.067,34.4446],[-93.0649,34.4374],[-93.0579,34.4379],[-93.0532,34.4481],[-93.0456,34.4515],[-93.0387,34.4744],[-93.0422,34.487],[-93.0586,34.4906],[-93.057,34.4974],[-93.0702,34.4981],[-93.0722,34.5089],[-93.0821,34.5088],[-93.0834,34.5131],[-93.089,34.5093],[-93.1154,34.5095],[-93.1215,34.4963],[-93.1237,34.5009],[-93.1267,34.4991],[-93.1313,34.4842],[-93.1821,34.4706],[-93.1856,34.4746],[-93.1976,34.474]]]},"properties":{"geoid":"05091","state":"05","district":"91","name":"State House District 91","chamber":"House"}},{"type":"Feature","geometry":{"type":"Polygon","coordinates":[[[-92.6784,34.1496],[-92.4936,34.1443],[-92.4913,34.1327],[-92.4759,34.1356],[-92.4762,34.1317],[-92.4671,34.1338],[-92.4687,34.1374],[-92.4488,34.1232],[-92.4314,34.1264],[-92.4122,34.113],[-92.4059,34.1157],[-92.4004,34.1095],[-92.4055,34.1085],[-92.4031,34.1044],[-92.3908,34.1026],[-92.3883,34.0949],[-92.3838,34.0965],[-92.3749,34.0864],[-92.3704,34.0769],[-92.3743,34.075],[-92.3555,34.0672],[-92.3541,34.0717],[-92.3476,34.0707],[-92.3367,34.0595],[-92.2333,34.0624],[-92.2325,34.2309],[-92.2128,34.2304],[-92.208,34.4928],[-92.2458,34.4936],[-92.2442,34.5809],[-92.3487,34.5823],[-92.349,34.5672],[-92.4484,34.5695],[-92.449,34.5623],[-92.4413,34.5558],[-92.4491,34.5591],[-92.4501,34.5402],[-92.4292,34.54],[-92.4297,34.5218],[-92.4256,34.5218],[-92.4241,34.5055],[-92.4523,34.5087],[-92.4759,34.526],[-92.5031,34.5263],[-92.5063,34.4538],[-92.5895,34.4556],[-92.5972,34.4526],[-92.6015,34.439],[-92.6234,34.4254],[-92.6243,34.42],[-92.6165,34.4146],[-92.6214,34.4153],[-92.621,34.4111],[-92.6687,34.4145],[-92.6784,34.1496]]]},"properties":{"geoid":"05092","state":"05","district":"92","name":"State House District 92","chamber":"House"}},{"type":"Feature","geometry":{"type":"Polygon","coordinates":[[[-92.2568,33.9831],[-92.2552,33.9746],[-92.2028,33.9759],[-92.2029,33.9832],[-92.1942,33.987],[-92.1898,33.9762],[-92.1422,33.9736],[-92.1389,33.9618],[-92.1259,33.9518],[-92.1193,33.9362],[-92.1183,33.9277],[-92.1242,33.9229],[-92.1203,33.9102],[-92.1039,33.9003],[-92.0746,33.8648],[-92.0803,33.847],[-92.0758,33.8404],[-92.0913,33.8218],[-92.0809,33.8094],[-92.0885,33.8057],[-92.0716,33.7993],[-92.0744,33.7907],[-92.0616,33.7752],[-92.0691,33.7677],[-92.0567,33.7629],[-92.06,33.7603],[-92.0552,33.7515],[-92.0596,33.7453],[-92.0541,33.7417],[-92.0577,33.7361],[-92.0428,33.7218],[-92.0378,33.7235],[-92.0446,33.717],[-92.0367,33.7044],[-91.9759,33.7044],[-91.9759,33.6971],[-91.8165,33.6988],[-91.8163,33.7045],[-91.821,33.7045],[-91.8205,33.7919],[-91.6637,33.7922],[-91.5577,33.7833],[-91.5502,33.9435],[-91.6213,33.9495],[-91.6207,33.9777],[-91.6952,33.978],[-91.6848,33.9882],[-91.6881,33.9962],[-91.6845,34.0039],[-91.7015,34.0325],[-91.7247,34.0342],[-91.7445,34.0505],[-91.7443,34.0358],[-91.8349,34.035],[-91.8392,34.0285],[-91.8491,34.0288],[-91.8491,34.0134],[-91.8736,34.0142],[-91.89,34.0302],[-91.888,34.057],[-91.8971,34.0627],[-91.8992,34.0708],[-91.938,34.0789],[-91.9424,34.0935],[-91.9537,34.0934],[-91.9537,34.0642],[-92.0593,34.0634],[-92.0614,34.1506],[-92.1128,34.1495],[-92.1128,34.1804],[-92.085,34.1885],[-92.085,34.1917],[-92.0932,34.1916],[-92.0869,34.1972],[-92.0868,34.2054],[-92.0723,34.2056],[-92.0779,34.2123],[-92.0783,34.2084],[-92.0909,34.2082],[-92.0909,34.2194],[-92.0778,34.2274],[-92.0895,34.2415],[-92.0893,34.253],[-92.0782,34.2617],[-92.0775,34.2673],[-92.0617,34.2669],[-92.0626,34.2745],[-92.0515,34.2709],[-92.0507,34.3241],[-92.0678,34.3528],[-92.0694,34.3912],[-92.122,34.4281],[-92.1211,34.4382],[-92.1064,34.4534],[-92.1068,34.4666],[-92.1437,34.4916],[-92.208,34.4928],[-92.2128,34.2304],[-92.2325,34.2309],[-92.2302,34.0507],[-92.2358,34.0398],[-92.233,34.0277],[-92.2429,34.0222],[-92.2464,33.9939],[-92.2568,33.9831]]]},"properties":{"geoid":"05093","state":"05","district":"93","name":"State House District 93","chamber":"House"}},{"type":"Feature","geometry":{"type":"Polygon","coordinates":[[[-92.2715,33.4818],[-92.2715,33.469],[-92.2456,33.4282],[-92.2406,33.407],[-92.2219,33.3911],[-92.1998,33.3872],[-92.1999,33.3595],[-92.0792,33.3571],[-92.0787,33.237],[-92.0698,33.241],[-92.0731,33.2512],[-92.0648,33.2496],[-92.0591,33.2576],[-92.0523,33.2528],[-92.0444,33.2568],[-92.0482,33.2634],[-92.0365,33.2679],[-92.0418,33.2783],[-92.0305,33.2827],[-92.0265,33.2744],[-92.0102,33.285],[-92.006,33.2824],[-92.001,33.2866],[-92.0092,33.2973],[-92.0005,33.3042],[-91.9938,33.3044],[-91.9944,33.298],[-91.9771,33.3019],[-91.9733,33.3204],[-91.9893,33.3483],[-91.9832,33.3457],[-91.9716,33.35],[-91.9669,33.3576],[-91.97,33.3681],[-91.9597,33.3785],[-91.9866,33.387],[-91.9902,33.3983],[-91.4574,33.389],[-91.4548,33.5053],[-91.4512,33.5078],[-91.4535,33.5637],[-91.3495,33.5636],[-91.3508,33.5193],[-91.3463,33.5193],[-91.346,33.5336],[-91.3331,33.5335],[-91.3334,33.5262],[-91.3241,33.5259],[-91.3246,33.5187],[-91.2805,33.5179],[-91.2779,33.6347],[-91.2958,33.635],[-91.292,33.7375],[-91.4514,33.7381],[-91.4489,33.8675],[-91.4806,33.8686],[-91.4794,33.8629],[-91.4865,33.8622],[-91.4879,33.8688],[-91.5556,33.8709],[-91.5577,33.7833],[-91.6637,33.7922],[-91.8205,33.7919],[-91.821,33.7045],[-91.8163,33.7045],[-91.8165,33.6988],[-91.9759,33.6971],[-91.9762,33.6115],[-92.0277,33.6064],[-92.0301,33.6263],[-92.0498,33.6223],[-92.0541,33.6307],[-92.0608,33.632],[-92.0609,33.6382],[-92.0657,33.6383],[-92.0658,33.6328],[-92.0799,33.6356],[-92.0762,33.6283],[-92.1061,33.6248],[-92.1062,33.6191],[-92.0896,33.6162],[-92.0897,33.6097],[-92.1095,33.6024],[-92.1588,33.5958],[-92.178,33.6028],[-92.2047,33.6042],[-92.2038,33.5988],[-92.2175,33.5782],[-92.2236,33.5812],[-92.2235,33.5739],[-92.2397,33.5727],[-92.2317,33.5704],[-92.2376,33.5642],[-92.2315,33.5541],[-92.2324,33.543],[-92.2206,33.5345],[-92.2192,33.522],[-92.2137,33.516],[-92.2019,33.5155],[-92.2019,33.5049],[-92.2158,33.4973],[-92.2715,33.5008],[-92.2715,33.4818]]]},"properties":{"geoid":"05094","state":"05","district":"94","name":"State House District 94","chamber":"House"}},{"type":"Feature","geometry":{"type":"Polygon","coordinates":[[[-92.1437,33.0988],[-92.1327,33.097],[-92.1351,33.089],[-92.1291,33.0701],[-92.1141,33.0698],[-92.1087,33.0521],[-92.1153,33.0472],[-92.1098,33.0423],[-92.1088,33.0325],[-92.0827,33.0312],[-92.0783,33.0169],[-92.0689,33.008],[-91.1659,33.0043],[-91.1608,33.0208],[-91.1276,33.035],[-91.1207,33.0577],[-91.1502,33.0821],[-91.1729,33.0886],[-91.1816,33.0988],[-91.1999,33.1068],[-91.2018,33.124],[-91.1924,33.1373],[-91.1832,33.1418],[-91.1631,33.1422],[-91.1505,33.1309],[-91.1339,33.1291],[-91.1027,33.1304],[-91.086,33.1363],[-91.0804,33.1801],[-91.1003,33.2194],[-91.0708,33.2274],[-91.0505,33.2512],[-91.0439,33.2758],[-91.0552,33.2863],[-91.078,33.2836],[-91.0856,33.275],[-91.0985,33.2387],[-91.1058,33.2415],[-91.1177,33.2612],[-91.1281,33.2686],[-91.1255,33.2801],[-91.1414,33.2988],[-91.1422,33.349],[-91.1208,33.3633],[-91.1032,33.3856],[-91.0644,33.4185],[-91.0581,33.4294],[-91.0584,33.448],[-91.0707,33.4559],[-91.0886,33.4499],[-91.0975,33.4335],[-91.0966,33.4122],[-91.1197,33.3893],[-91.1457,33.3791],[-91.1697,33.3804],[-91.2065,33.4001],[-91.2068,33.4123],[-91.1996,33.4182],[-91.1753,33.4171],[-91.1327,33.4296],[-91.118,33.4479],[-91.1191,33.4624],[-91.133,33.4822],[-91.1689,33.4982],[-91.1772,33.4859],[-91.1695,33.4529],[-91.1772,33.4439],[-91.2065,33.4339],[-91.2355,33.4392],[-91.2317,33.4569],[-91.2075,33.4695],[-91.1825,33.4998],[-91.1854,33.5075],[-91.2188,33.5294],[-91.2341,33.5614],[-91.2424,33.5615],[-91.2448,33.5536],[-91.2458,33.5172],[-91.3246,33.5187],[-91.3241,33.5259],[-91.3334,33.5262],[-91.3331,33.5335],[-91.346,33.5336],[-91.3463,33.5193],[-91.3508,33.5193],[-91.3495,33.5636],[-91.4535,33.5637],[-91.4512,33.5078],[-91.4548,33.5053],[-91.4574,33.389],[-91.9902,33.3983],[-91.9866,33.387],[-91.9597,33.3785],[-91.97,33.3681],[-91.9669,33.3576],[-91.9716,33.35],[-91.9832,33.3457],[-91.9893,33.3483],[-91.9733,33.3204],[-91.9771,33.3021],[-91.9944,33.298],[-91.9938,33.3044],[-92.0018,33.3035],[-92.0092,33.2972],[-92.0011,33.2869],[-92.0037,33.2839],[-92.0102,33.285],[-92.0263,33.2745],[-92.0305,33.2827],[-92.0418,33.2783],[-92.0365,33.2679],[-92.0482,33.2634],[-92.0444,33.2568],[-92.0523,33.2528],[-92.0591,33.2576],[-92.0648,33.2496],[-92.0731,33.2512],[-92.0714,33.2383],[-92.0862,33.2403],[-92.0903,33.2352],[-92.0855,33.2333],[-92.0932,33.2217],[-92.1032,33.2184],[-92.1044,33.2239],[-92.1161,33.2232],[-92.1145,33.2075],[-92.1285,33.2088],[-92.1387,33.1883],[-92.131,33.1891],[-92.1283,33.1831],[-92.1351,33.1837],[-92.1291,33.1802],[-92.1372,33.1612],[-92.1117,33.1587],[-92.1082,33.1463],[-92.1192,33.1449],[-92.1131,33.1341],[-92.1187,33.1208],[-92.128,33.1199],[-92.1371,33.1017],[-92.1437,33.0988]]]},"properties":{"geoid":"05095","state":"05","district":"95","name":"State House District 95","chamber":"House"}},{"type":"Feature","geometry":{"type":"Polygon","coordinates":[[[-92.9612,33.974],[-92.9483,33.9623],[-92.9385,33.9681],[-92.9386,33.9498],[-92.9282,33.9469],[-92.9349,33.9385],[-92.9337,33.9324],[-92.9255,33.929],[-92.9193,33.936],[-92.914,33.9338],[-92.9201,33.9261],[-92.9084,33.9178],[-92.9094,33.9095],[-92.8931,33.9038],[-92.9126,33.8939],[-92.9028,33.8823],[-92.9065,33.8747],[-92.9001,33.8668],[-92.906,33.8629],[-92.8998,33.8569],[-92.8838,33.8561],[-92.8763,33.8419],[-92.8789,33.837],[-92.8933,33.8344],[-92.8878,33.8242],[-92.8954,33.8226],[-92.8993,33.8151],[-92.8932,33.8101],[-92.7573,33.8066],[-92.76,33.7244],[-92.7417,33.7236],[-92.7434,33.6799],[-92.7264,33.6793],[-92.7269,33.665],[-92.692,33.664],[-92.6919,33.6552],[-92.6979,33.6512],[-92.7088,33.6502],[-92.7154,33.655],[-92.7254,33.6505],[-92.7264,33.6381],[-92.7356,33.6243],[-92.7316,33.6137],[-92.7136,33.6057],[-92.7102,33.5946],[-92.7175,33.5525],[-92.7243,33.5548],[-92.7282,33.564],[-92.7411,33.5563],[-92.7499,33.5436],[-92.7644,33.5532],[-92.771,33.5484],[-92.7749,33.5518],[-92.7759,33.5442],[-92.7789,33.5491],[-92.8151,33.5487],[-92.8184,33.5246],[-92.8281,33.5146],[-92.8322,33.5008],[-92.8365,33.5039],[-92.839,33.4978],[-92.8469,33.4994],[-92.8526,33.4925],[-92.8541,33.4628],[-92.9064,33.4637],[-92.9069,33.435],[-92.9426,33.4354],[-92.9442,33.3764],[-92.8041,33.3728],[-92.8045,33.3256],[-92.77,33.3251],[-92.7697,33.2961],[-92.7353,33.2954],[-92.7352,33.2809],[-92.7262,33.2809],[-92.7261,33.2774],[-92.6655,33.2798],[-92.6655,33.2658],[-92.6483,33.2655],[-92.6485,33.3088],[-92.5967,33.308],[-92.5962,33.1912],[-92.476,33.1892],[-92.4753,33.1727],[-92.4852,33.1676],[-92.4807,33.1629],[-92.4809,33.1455],[-92.4678,33.1453],[-92.4677,33.1312],[-92.4594,33.1312],[-92.4594,33.1236],[-92.442,33.1236],[-92.4334,33.1452],[-92.4074,33.1485],[-92.4076,33.1561],[-92.3903,33.1556],[-92.3919,33.011],[-92.0689,33.008],[-92.0783,33.0169],[-92.0827,33.0312],[-92.1088,33.0325],[-92.1098,33.0423],[-92.1153,33.0472],[-92.1087,33.0521],[-92.1141,33.0698],[-92.1291,33.0701],[-92.1351,33.089],[-92.1327,33.097],[-92.1437,33.0983],[-92.1371,33.1017],[-92.128,33.1199],[-92.1187,33.1208],[-92.1131,33.1341],[-92.1192,33.1449],[-92.1082,33.1463],[-92.1117,33.1587],[-92.1372,33.1612],[-92.1291,33.1802],[-92.1351,33.1837],[-92.1283,33.1831],[-92.1312,33.1892],[-92.1386,33.188],[-92.1361,33.1963],[-92.1281,33.2092],[-92.1145,33.2075],[-92.1161,33.2232],[-92.1044,33.2239],[-92.1032,33.2184],[-92.0954,33.2206],[-92.0855,33.2333],[-92.0896,33.2377],[-92.0848,33.2409],[-92.0808,33.2374],[-92.0792,33.3571],[-92.1999,33.3595],[-92.1998,33.3872],[-92.2219,33.3911],[-92.2406,33.407],[-92.2456,33.4282],[-92.2715,33.469],[-92.2715,33.5008],[-92.2158,33.4973],[-92.2019,33.5049],[-92.2019,33.5155],[-92.2137,33.516],[-92.2192,33.522],[-92.2206,33.5345],[-92.2324,33.543],[-92.2315,33.5541],[-92.2376,33.5642],[-92.2317,33.5704],[-92.2397,33.5727],[-92.2235,33.5739],[-92.2236,33.5812],[-92.2175,33.5782],[-92.2038,33.5988],[-92.2047,33.6042],[-92.178,33.6028],[-92.1588,33.5958],[-92.1095,33.6024],[-92.0897,33.6097],[-92.0896,33.6162],[-92.1062,33.6191],[-92.1061,33.6248],[-92.0762,33.6283],[-92.0799,33.6356],[-92.0658,33.6328],[-92.0657,33.6383],[-92.0609,33.6382],[-92.0608,33.632],[-92.0541,33.6307],[-92.0498,33.6223],[-92.0301,33.6263],[-92.0277,33.6064],[-91.9762,33.6115],[-91.9759,33.7044],[-92.0367,33.7044],[-92.0446,33.717],[-92.0378,33.7235],[-92.0428,33.7218],[-92.0575,33.7357],[-92.0541,33.7417],[-92.0596,33.7453],[-92.0552,33.7515],[-92.06,33.7603],[-92.0567,33.7629],[-92.0692,33.768],[-92.0616,33.7752],[-92.0744,33.7907],[-92.0716,33.7993],[-92.0885,33.8057],[-92.0809,33.8094],[-92.0909,33.8169],[-92.0897,33.8246],[-92.0758,33.8404],[-92.0803,33.847],[-92.0746,33.8648],[-92.1039,33.9003],[-92.1203,33.9102],[-92.1242,33.9229],[-92.1183,33.9277],[-92.1193,33.9362],[-92.1259,33.9518],[-92.1389,33.9618],[-92.1422,33.9736],[-92.1898,33.9762],[-92.1942,33.987],[-92.2029,33.9832],[-92.2028,33.9759],[-92.2552,33.9746],[-92.2561,33.9854],[-92.2464,33.9939],[-92.243,34.0221],[-92.233,34.0277],[-92.2358,34.0398],[-92.231,34.0463],[-92.2306,34.0624],[-92.3367,34.0595],[-92.3476,34.0707],[-92.3541,34.0717],[-92.3555,34.0672],[-92.3743,34.075],[-92.3704,34.0769],[-92.3749,34.0864],[-92.3838,34.0965],[-92.3883,34.0949],[-92.3908,34.1026],[-92.4031,34.1044],[-92.4055,34.1085],[-92.4004,34.1095],[-92.4059,34.1157],[-92.4122,34.113],[-92.4314,34.1264],[-92.4488,34.1232],[-92.4687,34.1374],[-92.4671,34.1338],[-92.4762,34.1317],[-92.4759,34.1356],[-92.4913,34.1327],[-92.4936,34.1443],[-92.8861,34.1557],[-92.8931,33.9833],[-92.9491,33.9863],[-92.9535,33.9772],[-92.9612,33.974]]]},"properties":{"geoid":"05096","state":"05","district":"96","name":"State House District 96","chamber":"House"}},{"type":"Feature","geometry":{"type":"Polygon","coordinates":[[[-92.9888,33.0178],[-92.3919,33.011],[-92.3903,33.1556],[-92.4076,33.1561],[-92.4074,33.1485],[-92.4334,33.1452],[-92.442,33.1236],[-92.4594,33.1236],[-92.4594,33.1312],[-92.4677,33.1312],[-92.4678,33.1453],[-92.4809,33.1455],[-92.4807,33.1629],[-92.4852,33.1676],[-92.4753,33.1727],[-92.476,33.1892],[-92.5962,33.1912],[-92.5967,33.308],[-92.6485,33.3088],[-92.6483,33.2655],[-92.6655,33.2658],[-92.6655,33.2798],[-92.7261,33.2774],[-92.7262,33.2809],[-92.7352,33.2809],[-92.7353,33.2954],[-92.7697,33.2961],[-92.77,33.3251],[-92.8045,33.3256],[-92.8041,33.3728],[-92.9785,33.3771],[-92.9888,33.0178]]]},"properties":{"geoid":"05097","state":"05","district":"97","name":"State House District 97","chamber":"House"}},{"type":"Feature","geometry":{"type":"Polygon","coordinates":[[[-93.6241,33.3076],[-93.4804,33.3033],[-93.4804,33.3112],[-93.4258,33.3089],[-93.429,33.3157],[-93.4208,33.3288],[-93.3318,33.2756],[-93.2493,33.2513],[-93.2248,33.2571],[-93.2244,33.2668],[-93.2402,33.2712],[-93.2361,33.2974],[-93.2067,33.2964],[-93.1886,33.314],[-93.1883,33.3248],[-93.1624,33.3239],[-93.1628,33.3096],[-93.137,33.3089],[-93.1366,33.3232],[-93.1193,33.323],[-93.1185,33.3482],[-93.0763,33.3471],[-93.067,33.3543],[-93.0454,33.3533],[-93.0452,33.3571],[-93.0366,33.3568],[-93.0363,33.3642],[-93.0271,33.3641],[-93.0269,33.3712],[-93.0187,33.3712],[-93.0184,33.3781],[-92.9442,33.3764],[-92.9426,33.4354],[-92.9069,33.435],[-92.9064,33.4637],[-92.8541,33.4628],[-92.8526,33.4925],[-92.8469,33.4994],[-92.839,33.4978],[-92.8365,33.5039],[-92.8322,33.5008],[-92.8281,33.5146],[-92.8184,33.5246],[-92.8151,33.5487],[-92.7789,33.5491],[-92.7759,33.5442],[-92.7749,33.5518],[-92.771,33.5484],[-92.7644,33.5532],[-92.7499,33.5436],[-92.7411,33.5563],[-92.7289,33.5639],[-92.72,33.5522],[-92.7149,33.5566],[-92.7101,33.5807],[-92.7135,33.6055],[-92.7316,33.6137],[-92.7356,33.6243],[-92.7264,33.6381],[-92.7254,33.6505],[-92.7154,33.655],[-92.7088,33.6502],[-92.6979,33.6512],[-92.6919,33.6552],[-92.692,33.664],[-92.7269,33.665],[-92.7264,33.6793],[-92.7434,33.6799],[-92.7417,33.7236],[-92.76,33.7244],[-92.7573,33.8066],[-92.8928,33.8101],[-92.8963,33.8061],[-92.9174,33.8215],[-92.9271,33.8144],[-92.9288,33.8225],[-92.9321,33.8127],[-92.9398,33.8109],[-92.9362,33.8075],[-92.9427,33.797],[-92.9447,33.8012],[-92.9697,33.7879],[-92.9817,33.7883],[-92.9814,33.7837],[-92.993,33.7823],[-92.9924,33.7775],[-93.009,33.7786],[-93.036,33.7701],[-93.0437,33.7791],[-93.0511,33.7765],[-93.057,33.7797],[-93.0545,33.7826],[-93.0703,33.7887],[-93.0824,33.7852],[-93.0787,33.7821],[-93.0866,33.7763],[-93.1044,33.7771],[-93.1125,33.5577],[-93.1672,33.5562],[-93.2353,33.5401],[-93.271,33.5438],[-93.2831,33.5527],[-93.2865,33.5447],[-93.3233,33.5456],[-93.3257,33.538],[-93.3379,33.5361],[-93.3453,33.532],[-93.3436,33.5289],[-93.3766,33.5315],[-93.3929,33.5228],[-93.4357,33.5188],[-93.4625,33.497],[-93.4693,33.4969],[-93.4755,33.4797],[-93.509,33.4737],[-93.5093,33.4534],[-93.5268,33.4212],[-93.523,33.4165],[-93.527,33.4117],[-93.5181,33.4069],[-93.5212,33.4],[-93.516,33.3934],[-93.5237,33.3795],[-93.5207,33.3753],[-93.5588,33.377],[-93.5716,33.3838],[-93.5714,33.3891],[-93.5799,33.3892],[-93.5803,33.3785],[-93.6031,33.3787],[-93.6004,33.3428],[-93.6142,33.3389],[-93.6153,33.3235],[-93.6241,33.3076]]]},"properties":{"geoid":"05098","state":"05","district":"98","name":"State House District 98","chamber":"House"}},{"type":"Feature","geometry":{"type":"Polygon","coordinates":[[[-94.0431,33.3438],[-94.043,33.0193],[-92.9888,33.0176],[-92.9785,33.3771],[-93.0184,33.3781],[-93.0187,33.3712],[-93.0269,33.3712],[-93.0271,33.3641],[-93.0363,33.3642],[-93.0366,33.3568],[-93.0452,33.3571],[-93.0454,33.3533],[-93.067,33.3543],[-93.0763,33.3471],[-93.1185,33.3482],[-93.1193,33.323],[-93.1366,33.3232],[-93.137,33.3089],[-93.1628,33.3096],[-93.1624,33.3239],[-93.1883,33.3248],[-93.1886,33.314],[-93.2067,33.2964],[-93.2361,33.2974],[-93.2402,33.2712],[-93.2244,33.2668],[-93.2248,33.2571],[-93.2563,33.2512],[-93.3318,33.2756],[-93.4208,33.3288],[-93.429,33.3157],[-93.4258,33.3089],[-93.4804,33.3112],[-93.4804,33.3033],[-93.624,33.307],[-93.6153,33.3235],[-93.6142,33.3389],[-93.6004,33.3428],[-93.6031,33.3787],[-93.5803,33.3785],[-93.5799,33.3892],[-93.5714,33.3891],[-93.5716,33.3838],[-93.5588,33.377],[-93.5207,33.3753],[-93.5237,33.3795],[-93.516,33.3934],[-93.5212,33.4],[-93.5181,33.4069],[-93.527,33.4117],[-93.523,33.4165],[-93.5268,33.4212],[-93.5093,33.4534],[-93.5118,33.4684],[-93.5021,33.4768],[-93.7267,33.4825],[-93.7478,33.4797],[-93.7515,33.4697],[-93.7688,33.4702],[-93.7688,33.4663],[-93.7863,33.4631],[-93.7863,33.456],[-93.9772,33.4591],[-93.9776,33.4447],[-93.9969,33.4447],[-94.0033,33.4404],[-94.0034,33.4345],[-94.0022,33.4305],[-93.943,33.4295],[-93.945,33.3422],[-94.0431,33.3438]]]},"properties":{"geoid":"05099","state":"05","district":"99","name":"State House District 99","chamber":"House"}},{"type":"Feature","geometry":{"type":"Polygon","coordinates":[[[-94.0433,33.4941],[-94.0431,33.3438],[-93.945,33.3422],[-93.943,33.4295],[-94.0022,33.4305],[-94.0034,33.4346],[-94.0033,33.4404],[-93.9968,33.4448],[-93.9776,33.4447],[-93.9772,33.4591],[-93.9841,33.4592],[-93.9847,33.4639],[-93.9968,33.4598],[-94.0076,33.4607],[-94.0067,33.464],[-93.9895,33.4707],[-93.9864,33.4798],[-93.9727,33.4882],[-93.9867,33.4885],[-93.9883,33.5014],[-94.0044,33.5168],[-94.0431,33.5189],[-94.0433,33.4941]]]},"properties":{"geoid":"05100","state":"05","district":"100","name":"State House District 100","chamber":"House"}}]}