{"type":"FeatureCollection","features":[{"type":"Feature","geometry":{"type":"Polygon","coordinates":[[[-123.7192,41.5956],[-123.7157,41.5913],[-123.6989,41.5957],[-123.6976,41.5909],[-123.6823,41.5949],[-123.6813,41.5867],[-123.6891,41.5821],[-123.6815,41.5718],[-123.6939,41.5519],[-123.6825,41.5431],[-123.67,41.5441],[-123.648,41.535],[-123.6426,41.5227],[-123.6461,41.5124],[-123.6345,41.4861],[-123.6378,41.4824],[-123.6266,41.4668],[-123.6116,41.4616],[-123.6159,41.453],[-123.6124,41.449],[-123.622,41.4326],[-123.6486,41.4208],[-123.6389,41.4074],[-123.6416,41.4002],[-123.656,41.3953],[-123.6555,41.3884],[-123.6614,41.3821],[-123.5012,41.3826],[-123.4881,41.3771],[-123.4741,41.3662],[-123.4825,41.3536],[-123.4782,41.3286],[-123.4596,41.3102],[-123.4555,41.2928],[-123.4628,41.2842],[-123.4438,41.2732],[-123.4421,41.2514],[-123.4549,41.2357],[-123.4344,41.2229],[-123.4347,41.2125],[-123.4171,41.197],[-123.404,41.1745],[-123.3935,41.1707],[-123.3927,41.1612],[-123.3841,41.1577],[-123.3812,41.1513],[-123.3532,41.1631],[-123.3296,41.1517],[-123.325,41.1415],[-123.2951,41.1407],[-123.2839,41.1235],[-123.2734,41.1229],[-123.2584,41.0936],[-123.2395,41.0758],[-123.2032,41.0718],[-123.1883,41.0776],[-123.1091,41.0754],[-123.1059,41.0658],[-123.0963,41.0594],[-123.0801,41.0576],[-123.0552,41.0467],[-123.046,41.0335],[-123.0476,41.0247],[-123.0368,41.0041],[-122.9801,41.0143],[-122.9596,41.0102],[-122.9443,40.9942],[-122.935,40.9924],[-122.9175,40.994],[-122.9145,41.0069],[-122.9015,41.0146],[-122.9024,41.0238],[-122.8974,41.0292],[-122.9092,41.0412],[-122.9233,41.072],[-122.9421,41.0701],[-122.9532,41.0743],[-122.9661,41.0809],[-122.971,41.0902],[-122.9691,41.1034],[-122.9742,41.1096],[-122.9599,41.124],[-122.9653,41.1383],[-122.9517,41.1503],[-122.9613,41.1815],[-122.9513,41.1856],[-122.9384,41.1781],[-122.9292,41.1787],[-122.9248,41.1867],[-122.9154,41.1872],[-122.9069,41.1959],[-122.8859,41.2051],[-122.8439,41.2002],[-122.8252,41.21],[-122.8113,41.2025],[-122.8021,41.203],[-122.7812,41.2182],[-122.777,41.2308],[-122.7583,41.2408],[-122.7253,41.2475],[-122.7246,41.2611],[-122.712,41.2748],[-122.6874,41.2813],[-122.6791,41.279],[-122.6773,41.285],[-122.6635,41.2916],[-122.6529,41.2897],[-122.6515,41.2996],[-122.6456,41.3047],[-122.6477,41.3223],[-122.6421,41.3266],[-122.6275,41.332],[-122.5989,41.3245],[-122.5891,41.3268],[-122.581,41.3377],[-122.587,41.3497],[-122.5858,41.3576],[-122.5727,41.368],[-122.5517,41.3617],[-122.5404,41.3532],[-122.5427,41.3501],[-122.5358,41.3415],[-122.5039,41.343],[-122.5025,41.3329],[-122.4788,41.3201],[-122.5019,41.3091],[-122.4992,41.292],[-122.5133,41.2837],[-122.5139,41.2552],[-122.5082,41.2453],[-122.5175,41.2398],[-122.5123,41.2265],[-122.5226,41.2135],[-122.495,41.1924],[-122.4977,41.1786],[-122.4759,41.1765],[-122.446,41.1592],[-122.4506,41.1469],[-122.446,41.1333],[-122.4519,41.1082],[-122.4571,41.0966],[-122.4681,41.0968],[-122.4933,41.086],[-122.5134,41.0882],[-122.5398,41.0726],[-122.5379,41.065],[-122.5276,41.0642],[-122.5232,41.0592],[-122.5289,41.0365],[-122.5278,41.0144],[-122.5379,41.0024],[-122.5545,41.0036],[-122.5692,40.985],[-122.5892,40.9854],[-122.5914,40.9767],[-122.5985,40.9758],[-122.6031,40.9594],[-122.6074,40.9577],[-122.6032,40.9406],[-122.6128,40.9212],[-122.6,40.9003],[-122.6099,40.8846],[-122.6254,40.8792],[-122.6264,40.8671],[-122.6344,40.8613],[-122.6397,40.845],[-122.6554,40.8415],[-122.6661,40.8259],[-122.6552,40.8082],[-122.6614,40.8005],[-122.6581,40.7875],[-122.6705,40.7728],[-122.7005,40.7589],[-122.7063,40.7496],[-122.7174,40.7472],[-122.7199,40.7394],[-122.7066,40.7253],[-122.7224,40.6955],[-122.73,40.6922],[-122.7439,40.695],[-122.7523,40.6896],[-122.7426,40.6788],[-122.7412,40.6654],[-122.7336,40.6624],[-122.727,40.6505],[-122.7362,40.6363],[-122.7097,40.6312],[-122.7109,40.6132],[-122.7061,40.6102],[-122.701,40.5877],[-122.6931,40.5753],[-122.6988,40.5693],[-122.7231,40.5752],[-122.7413,40.5641],[-122.7439,40.5538],[-122.7675,40.5552],[-122.7852,40.5409],[-122.7822,40.5319],[-122.7936,40.5234],[-122.7933,40.5145],[-122.846,40.5052],[-122.8521,40.501],[-122.8464,40.4935],[-122.851,40.4859],[-122.8765,40.4804],[-122.8836,40.4748],[-122.9011,40.4456],[-122.9177,40.4498],[-122.9279,40.4471],[-122.9378,40.4369],[-122.9386,40.4289],[-122.9542,40.4215],[-122.961,40.426],[-122.9749,40.4196],[-122.9987,40.4181],[-122.9966,40.3964],[-123.0164,40.3856],[-123.0183,40.3724],[-123.0393,40.3627],[-123.044,40.347],[-123.0569,40.3492],[-123.0655,40.3451],[-123.064,40.3375],[-123.0688,40.3322],[-123.0617,40.3134],[-123.0688,40.3083],[-123.0654,40.287],[-123.0567,40.2854],[-123.0252,40.3037],[-123.0138,40.3031],[-122.9769,40.3151],[-122.9498,40.308],[-122.9344,40.3132],[-122.9296,40.3075],[-122.919,40.3066],[-122.9071,40.3178],[-122.9036,40.3162],[-122.884,40.3422],[-122.8727,40.3489],[-122.8538,40.3428],[-122.8059,40.3559],[-122.7881,40.3553],[-122.7587,40.3633],[-122.7525,40.3605],[-122.7488,40.3657],[-122.7302,40.3583],[-122.7317,40.347],[-122.7096,40.3482],[-122.6773,40.3363],[-122.6737,40.3304],[-122.6506,40.3284],[-122.6219,40.3404],[-122.6252,40.3475],[-122.6102,40.3464],[-122.5969,40.3572],[-122.5858,40.3593],[-122.5813,40.3673],[-122.564,40.3656],[-122.5506,40.3784],[-122.5417,40.3765],[-122.5409,40.3824],[-122.5322,40.3798],[-122.522,40.3878],[-122.5246,40.3945],[-122.5138,40.3884],[-122.505,40.3894],[-122.5001,40.3825],[-122.4705,40.3839],[-122.4629,40.3756],[-122.4529,40.3785],[-122.444,40.3733],[-122.4179,40.3797],[-122.4126,40.3745],[-122.3958,40.3721],[-122.3422,40.3709],[-122.321,40.3749],[-122.3104,40.3711],[-122.2941,40.3805],[-122.2809,40.3758],[-122.257,40.3794],[-122.2518,40.3872],[-122.2355,40.3854],[-122.2272,40.3893],[-122.1995,40.3778],[-122.1936,40.3923],[-122.1873,40.3814],[-122.1731,40.3791],[-122.1885,40.3875],[-122.1829,40.3925],[-122.1294,40.3988],[-122.129,40.4038],[-122.1113,40.4054],[-122.099,40.4148],[-122.0968,40.4099],[-122.0916,40.4143],[-122.0912,40.4105],[-122.0521,40.4204],[-122.031,40.4173],[-122.0219,40.4241],[-122.0148,40.421],[-122.0099,40.4268],[-121.941,40.4153],[-121.9148,40.426],[-121.9007,40.421],[-121.8798,40.4361],[-121.8571,40.4419],[-121.8341,40.4373],[-121.8067,40.445],[-121.7877,40.4437],[-121.7763,40.4376],[-121.7346,40.4356],[-121.7198,40.4486],[-121.6983,40.4483],[-121.6858,40.4531],[-121.672,40.4504],[-121.6463,40.4347],[-121.614,40.4391],[-121.5931,40.4311],[-121.5651,40.4458],[-121.4976,40.4456],[-121.4944,40.4404],[-121.4979,40.432],[-121.4738,40.4246],[-121.4796,40.4195],[-121.4843,40.3966],[-121.4828,40.3829],[-121.4735,40.3746],[-121.481,40.3666],[-121.4724,40.3516],[-121.4286,40.3503],[-121.4121,40.3427],[-121.3804,40.3403],[-121.3673,40.331],[-121.3675,40.3229],[-121.3423,40.3098],[-121.3566,40.2975],[-121.3667,40.3011],[-121.3768,40.298],[-121.3703,40.288],[-121.3632,40.2875],[-121.3599,40.2775],[-121.3494,40.2734],[-121.3527,40.2685],[-121.349,40.2645],[-121.3673,40.2449],[-121.3617,40.2256],[-121.3677,40.2127],[-121.385,40.2103],[-121.4074,40.1914],[-121.4344,40.1959],[-121.4441,40.1907],[-121.4361,40.1819],[-121.4451,40.1777],[-121.4429,40.1619],[-121.4462,40.1559],[-121.4419,40.1521],[-121.4045,40.1516],[-121.4049,40.1155],[-121.3859,40.1159],[-121.3861,40.1086],[-121.3765,40.1086],[-121.3768,40.086],[-121.3668,40.0861],[-121.3671,40.0719],[-121.3768,40.0717],[-121.3771,40.0571],[-121.382,40.057],[-121.3823,40.0518],[-121.4004,40.0521],[-121.4003,40.0305],[-121.4096,40.0306],[-121.4096,40.0157],[-121.4195,40.0158],[-121.4198,39.9875],[-121.4103,39.9873],[-121.4103,39.9585],[-121.4198,39.9586],[-121.4206,39.9294],[-121.4111,39.9294],[-121.411,39.9151],[-121.43,39.9148],[-121.43,39.9003],[-121.411,39.9004],[-121.4119,39.8714],[-121.399,39.8713],[-121.3985,39.8629],[-121.3801,39.8628],[-121.3802,39.8554],[-121.3612,39.8555],[-121.3605,39.8407],[-121.3511,39.8403],[-121.3508,39.8257],[-121.3323,39.8257],[-121.3323,39.8111],[-121.3185,39.8109],[-121.3169,39.7967],[-121.3077,39.7966],[-121.3078,39.7894],[-121.2941,39.7893],[-121.2849,39.7816],[-121.2859,39.7676],[-121.2683,39.7688],[-121.268,39.7542],[-121.2506,39.754],[-121.2483,39.74],[-121.2297,39.7402],[-121.2294,39.7257],[-121.2109,39.7257],[-121.2087,39.7004],[-121.1905,39.6999],[-121.1903,39.6854],[-121.1712,39.6856],[-121.1711,39.6711],[-121.163,39.671],[-121.1629,39.6638],[-121.1551,39.6639],[-121.1551,39.6568],[-121.1364,39.6568],[-121.1367,39.6282],[-121.1166,39.628],[-121.1163,39.621],[-121.0975,39.6209],[-121.0977,39.6137],[-121.0889,39.6135],[-121.0889,39.6033],[-121.0793,39.6034],[-121.0767,39.5973],[-121.0095,39.6395],[-121.0244,39.559],[-121.0483,39.5483],[-121.0582,39.537],[-121.0487,39.517],[-121.0344,39.5145],[-121.0221,39.3916],[-121.0256,39.3894],[-121.0346,39.3955],[-121.0419,39.3882],[-121.0498,39.3954],[-121.0631,39.3909],[-121.084,39.3946],[-121.0869,39.3864],[-121.0964,39.3877],[-121.1016,39.381],[-121.1279,39.38],[-121.1271,39.3726],[-121.1368,39.3681],[-121.1451,39.3558],[-121.1438,39.3497],[-121.1548,39.3486],[-121.1575,39.3325],[-121.1625,39.3326],[-121.165,39.3386],[-121.178,39.3387],[-121.1845,39.3308],[-121.1956,39.3296],[-121.2064,39.3165],[-121.2001,39.3024],[-121.2149,39.2929],[-121.2184,39.2842],[-121.2426,39.2835],[-121.2661,39.2727],[-121.2592,39.2564],[-121.2693,39.2521],[-121.2688,39.2402],[-121.2795,39.2305],[-121.2795,39.0346],[-121.2696,39.0273],[-121.2685,39.0312],[-121.2495,39.028],[-121.241,39.0214],[-121.2329,39.0247],[-121.2218,39.012],[-121.2059,39.0119],[-121.1989,39.0175],[-121.1864,39.0129],[-121.1794,39.02],[-121.1726,39.0185],[-121.1525,39.0268],[-121.1374,39.0379],[-121.1251,39.0325],[-121.1232,39.0244],[-121.1077,39.0176],[-121.1051,39.0121],[-121.0895,39.0144],[-121.0803,39.0069],[-121.0686,39.0052],[-121.0381,39.016],[-121.0304,39.0372],[-121.0217,39.0392],[-121.0202,39.0461],[-121.0145,39.0475],[-121.0047,39.0411],[-121.0008,39.0236],[-121.004,39.0152],[-120.992,39.0065],[-121.0178,38.9698],[-121.0026,38.9608],[-121.0102,38.9518],[-121.0337,38.9406],[-121.0411,38.9261],[-121.0362,38.9138],[-120.9995,38.9182],[-120.992,38.9272],[-120.9651,38.9328],[-120.9578,38.9391],[-120.9386,38.9356],[-120.9406,38.961],[-120.9362,38.9639],[-120.9021,38.9532],[-120.8958,38.9437],[-120.8771,38.9315],[-120.8538,38.9285],[-120.8255,38.9386],[-120.7879,38.9369],[-120.787,38.9249],[-120.7955,38.9217],[-120.798,38.897],[-120.8127,38.8926],[-120.8116,38.9006],[-120.8166,38.8912],[-120.8216,38.8931],[-120.8182,38.8708],[-120.8302,38.8797],[-120.8331,38.8741],[-120.8327,38.8578],[-120.8171,38.8338],[-120.8226,38.8138],[-120.8172,38.7833],[-120.8271,38.7733],[-120.8137,38.7733],[-120.8217,38.7661],[-120.8106,38.7719],[-120.8063,38.7647],[-120.8014,38.769],[-120.7928,38.7683],[-120.7913,38.7629],[-120.7817,38.7639],[-120.7767,38.777],[-120.7837,38.7819],[-120.7725,38.7834],[-120.766,38.7772],[-120.7593,38.7808],[-120.7542,38.7752],[-120.7423,38.7772],[-120.7366,38.7718],[-120.7197,38.7786],[-120.6978,38.7693],[-120.7079,38.768],[-120.7095,38.7601],[-120.717,38.755],[-120.7202,38.7573],[-120.7298,38.7445],[-120.7423,38.7414],[-120.7606,38.7461],[-120.7554,38.7358],[-120.7405,38.7318],[-120.7362,38.7233],[-120.7173,38.7184],[-120.7933,38.7035],[-120.7849,38.6943],[-120.7601,38.6821],[-120.7635,38.6779],[-120.7377,38.6798],[-120.7188,38.6736],[-120.7127,38.6562],[-120.7016,38.6533],[-120.7153,38.6435],[-120.7265,38.6455],[-120.7273,38.6508],[-120.7424,38.6484],[-120.7425,38.6371],[-120.7354,38.6337],[-120.7398,38.6227],[-120.7367,38.6178],[-120.7286,38.6178],[-120.7015,38.6253],[-120.7039,38.6094],[-120.7356,38.5901],[-120.7457,38.579],[-120.7899,38.5715],[-120.7915,38.5663],[-120.8176,38.5628],[-120.8359,38.5515],[-120.8425,38.5558],[-120.856,38.5487],[-120.8566,38.5427],[-120.8624,38.5433],[-120.8635,38.5353],[-120.871,38.5363],[-120.8763,38.5433],[-120.8837,38.5365],[-120.8807,38.5295],[-120.8858,38.5248],[-120.9024,38.5312],[-120.9108,38.5206],[-120.9268,38.5149],[-120.9364,38.5194],[-120.9404,38.5285],[-120.9558,38.5224],[-120.9357,38.4951],[-120.9355,38.499],[-120.9113,38.5012],[-120.9045,38.4679],[-120.8934,38.4636],[-120.8874,38.4498],[-120.8982,38.4497],[-120.9001,38.4201],[-120.9084,38.4049],[-120.9061,38.3902],[-120.9288,38.3607],[-120.9195,38.3417],[-120.9045,38.3318],[-120.8985,38.3337],[-120.907,38.3301],[-120.9072,38.3229],[-120.899,38.2965],[-120.9136,38.2886],[-120.9116,38.2767],[-120.9184,38.2734],[-120.9193,38.259],[-120.9086,38.2511],[-120.8911,38.2567],[-120.8796,38.254],[-120.8914,38.2286],[-120.8829,38.2307],[-120.8801,38.2406],[-120.8557,38.2483],[-120.8468,38.2643],[-120.822,38.2755],[-120.8177,38.2835],[-120.8105,38.2816],[-120.8077,38.2887],[-120.7985,38.2856],[-120.7549,38.2883],[-120.7383,38.3078],[-120.6882,38.3189],[-120.6749,38.3307],[-120.6565,38.3309],[-120.6385,38.3408],[-120.6318,38.3399],[-120.6283,38.3554],[-120.6197,38.3577],[-120.6185,38.3665],[-120.6101,38.3707],[-120.6171,38.3782],[-120.6081,38.398],[-120.5743,38.4018],[-120.5716,38.4139],[-120.5408,38.4231],[-120.5376,38.4185],[-120.5301,38.4189],[-120.4954,38.4496],[-120.4614,38.4462],[-120.4232,38.4733],[-120.3881,38.4667],[-120.3807,38.461],[-120.3649,38.4666],[-120.331,38.4652],[-120.2948,38.4772],[-120.2691,38.4778],[-120.2599,38.4867],[-120.2409,38.4854],[-120.2094,38.5008],[-120.1643,38.4942],[-120.1394,38.4983],[-120.1234,38.496],[-120.1034,38.5054],[-120.0725,38.5099],[-120.0726,38.4471],[-120.0537,38.4556],[-119.8847,38.3562],[-119.8376,38.3824],[-119.8147,38.3875],[-119.8014,38.4015],[-119.7706,38.4067],[-119.7506,38.4174],[-119.7129,38.4185],[-119.6985,38.4093],[-119.6936,38.3789],[-119.7,38.3652],[-119.6392,38.3269],[-119.6279,38.3481],[-119.6356,38.3539],[-119.6066,38.3672],[-119.6221,38.3939],[-119.6012,38.4054],[-119.5837,38.3969],[-119.563,38.409],[-119.5614,38.4198],[-119.57,38.4349],[-119.5564,38.4475],[-119.5562,38.4697],[-119.5425,38.4806],[-119.5429,38.4997],[-119.5575,38.5021],[-119.5562,38.5166],[-119.5609,38.5255],[-119.5669,38.5253],[-119.571,38.5417],[-119.5843,38.552],[-119.5955,38.5903],[-119.6191,38.6035],[-119.621,38.6135],[-119.6149,38.6382],[-119.6147,38.6659],[-119.5986,38.6709],[-119.5911,38.6831],[-119.5918,38.6901],[-119.5795,38.7067],[-120.001,38.9996],[-120.0065,39.2729],[-119.9957,40.3758],[-119.9992,41.9949],[-120.9901,41.9931],[-122.378,42.0095],[-123.044,42.0031],[-123.1457,42.0088],[-123.347,41.9993],[-123.5179,42.0008],[-123.5199,41.9952],[-123.5409,41.9853],[-123.5333,41.9552],[-123.5544,41.9301],[-123.5536,41.9147],[-123.5595,41.906],[-123.578,41.903],[-123.5936,41.9063],[-123.6063,41.8808],[-123.6171,41.8818],[-123.6245,41.8884],[-123.6422,41.8897],[-123.6523,41.8789],[-123.6465,41.8766],[-123.6514,41.8729],[-123.6495,41.8603],[-123.6615,41.8565],[-123.6713,41.845],[-123.6708,41.8354],[-123.6829,41.8371],[-123.7037,41.8295],[-123.703,41.8197],[-123.6944,41.8156],[-123.69,41.8032],[-123.6721,41.796],[-123.6746,41.7856],[-123.6883,41.7812],[-123.6783,41.7385],[-123.6661,41.7322],[-123.6602,41.7141],[-123.6701,41.7017],[-123.6628,41.6935],[-123.6896,41.6694],[-123.6853,41.66],[-123.6884,41.6527],[-123.6804,41.634],[-123.6966,41.6339],[-123.7192,41.5956]]]},"properties":{"geoid":"06001","state":"06","district":"1","name":"Assembly District 1","chamber":"Assembly"}},{"type":"Feature","geometry":{"type":"Polygon","coordinates":[[[-124.482,40.4403],[-124.4724,40.4128],[-124.4281,40.3618],[-124.4279,40.3388],[-124.4183,40.3143],[-124.4279,40.2888],[-124.4282,40.2581],[-124.4213,40.2371],[-124.411,40.2253],[-124.3337,40.1672],[-124.2878,40.1377],[-124.2721,40.1337],[-124.2312,40.0934],[-124.1538,40.0635],[-124.1441,40.0524],[-124.1441,40.0182],[-124.1333,39.9999],[-124.1086,39.9788],[-124.0786,39.9723],[-124.0354,39.9311],[-124.0055,39.8893],[-123.9829,39.8768],[-123.9735,39.8536],[-123.9536,39.827],[-123.9105,39.7996],[-123.901,39.7805],[-123.904,39.7571],[-123.8957,39.7114],[-123.8803,39.6891],[-123.8572,39.6747],[-123.8519,39.6428],[-123.8525,39.5924],[-123.8346,39.5492],[-123.8526,39.5148],[-123.8678,39.5083],[-123.8751,39.4942],[-123.8744,39.4826],[-123.8889,39.4439],[-123.8904,39.3901],[-123.8968,39.3749],[-123.8949,39.3483],[-123.8931,39.3375],[-123.881,39.3193],[-123.8802,39.3042],[-123.8634,39.2548],[-123.8501,39.2314],[-123.8408,39.1873],[-123.8092,39.141],[-123.8075,39.1272],[-123.762,39.0411],[-123.7631,39.0087],[-123.7766,39.005],[-123.7972,38.9899],[-123.8099,38.9612],[-123.8065,38.9405],[-123.7847,38.8937],[-123.7379,38.8574],[-123.7178,38.8279],[-123.6926,38.8103],[-123.6827,38.797],[-123.66,38.7843],[-123.6413,38.7644],[-123.592,38.7402],[-123.5869,38.7281],[-123.5661,38.709],[-123.5106,38.6809],[-123.4885,38.6515],[-123.4705,38.6386],[-123.4484,38.6063],[-123.3942,38.5539],[-123.3609,38.5102],[-123.3238,38.4986],[-123.3067,38.4787],[-123.2692,38.4576],[-123.2364,38.4504],[-123.2202,38.442],[-123.1962,38.4101],[-123.1648,38.3883],[-123.1557,38.3684],[-123.1343,38.3458],[-123.1413,38.3113],[-123.1345,38.2963],[-123.0027,38.2957],[-122.9936,38.3001],[-122.9948,38.3062],[-122.97,38.3101],[-122.9661,38.317],[-122.9468,38.3112],[-122.9343,38.314],[-122.9354,38.3096],[-122.9256,38.3127],[-122.9216,38.3086],[-122.9165,38.3128],[-122.921,38.3168],[-122.9111,38.3212],[-122.9066,38.3199],[-122.9092,38.3143],[-122.8987,38.3175],[-122.8795,38.3134],[-122.8829,38.328],[-122.8876,38.328],[-122.891,38.35],[-122.8882,38.3571],[-122.8792,38.357],[-122.8793,38.3641],[-122.8518,38.3689],[-122.8423,38.3641],[-122.8049,38.3682],[-122.7813,38.3652],[-122.8121,38.3844],[-122.8141,38.388],[-122.8063,38.392],[-122.8174,38.393],[-122.8159,38.4036],[-122.7679,38.4281],[-122.7234,38.4335],[-122.712,38.431],[-122.6645,38.4421],[-122.6744,38.4588],[-122.6608,38.4649],[-122.6428,38.4623],[-122.5596,38.4275],[-122.542,38.4424],[-122.5105,38.4353],[-122.4969,38.4403],[-122.5002,38.4528],[-122.506,38.4557],[-122.4969,38.4557],[-122.5096,38.4575],[-122.5061,38.465],[-122.516,38.4709],[-122.5297,38.4697],[-122.5313,38.4785],[-122.5449,38.4963],[-122.5353,38.5017],[-122.55,38.5112],[-122.5417,38.5133],[-122.5439,38.52],[-122.5542,38.5262],[-122.5666,38.5256],[-122.574,38.5404],[-122.5873,38.5526],[-122.6208,38.5603],[-122.6227,38.5677],[-122.6318,38.5694],[-122.6302,38.5785],[-122.6466,38.5991],[-122.6284,38.6227],[-122.6341,38.6376],[-122.6239,38.6506],[-122.6233,38.6644],[-122.6335,38.6692],[-122.6255,38.6744],[-122.6395,38.6891],[-122.637,38.6937],[-122.6469,38.7065],[-122.6742,38.7064],[-122.6955,38.7131],[-122.7007,38.7286],[-122.7104,38.7321],[-122.7093,38.749],[-122.7242,38.7566],[-122.7227,38.763],[-122.7482,38.7878],[-122.7478,38.8033],[-122.7914,38.8304],[-122.7958,38.8388],[-122.8121,38.8384],[-122.8216,38.8501],[-122.8214,38.8579],[-122.8401,38.858],[-122.84,38.866],[-122.8585,38.8658],[-122.8578,38.8733],[-122.8761,38.8729],[-122.8757,38.8808],[-122.8946,38.8808],[-122.8939,38.8955],[-122.9114,38.8952],[-122.9114,38.9015],[-122.9489,38.9002],[-122.9491,38.9254],[-122.9619,38.9255],[-122.9602,38.9325],[-122.9699,38.9327],[-122.9683,38.9465],[-122.9777,38.9467],[-122.9774,38.9829],[-122.9867,38.983],[-122.9866,38.9973],[-123.0186,38.993],[-123.0186,38.9966],[-123.028,38.9966],[-123.028,39.0065],[-123.0373,39.0065],[-123.0375,39.0137],[-123.0468,39.0138],[-123.047,39.0209],[-123.0562,39.0211],[-123.0561,39.0499],[-123.0652,39.05],[-123.0651,39.0644],[-123.0838,39.0645],[-123.0837,39.0718],[-123.093,39.072],[-123.0942,39.0953],[-123.085,39.0953],[-123.0875,39.1384],[-123.0781,39.1387],[-123.0778,39.1738],[-123.0458,39.1735],[-123.0401,39.1925],[-123.0348,39.1924],[-123.0341,39.1997],[-123.0243,39.2071],[-123.0208,39.2207],[-123.0125,39.221],[-123.0127,39.2362],[-122.9948,39.2359],[-122.9945,39.2568],[-123.0036,39.2574],[-123.0045,39.2782],[-123.0196,39.278],[-123.0197,39.3218],[-123.0287,39.3218],[-123.0287,39.3366],[-123.0377,39.3362],[-123.0379,39.3639],[-123.0486,39.3641],[-123.0475,39.3786],[-123.0571,39.3787],[-123.0563,39.4076],[-123.0751,39.4077],[-123.0749,39.4366],[-123.0701,39.4365],[-123.0731,39.4527],[-123.063,39.4525],[-123.0632,39.5035],[-123.0444,39.5036],[-123.0444,39.5112],[-123.025,39.5112],[-123.0252,39.5187],[-122.9367,39.5164],[-122.9367,39.5307],[-122.8903,39.529],[-122.8845,39.6108],[-122.8904,39.6229],[-122.8927,39.7089],[-122.9129,39.7087],[-122.9125,39.7482],[-122.9384,39.7481],[-122.9377,39.7982],[-122.944,39.8031],[-122.9467,39.8335],[-122.9601,39.8452],[-122.9505,39.8685],[-122.9533,39.8728],[-122.9474,39.8924],[-122.9506,39.907],[-122.9205,39.9165],[-122.9206,39.9289],[-122.9098,39.9364],[-122.9268,39.9451],[-122.9255,39.9689],[-122.9352,39.9772],[-122.9388,39.9913],[-122.9519,39.9988],[-122.9494,40.0121],[-122.9564,40.0199],[-122.9498,40.031],[-122.9542,40.0454],[-122.9489,40.0497],[-122.9528,40.0597],[-122.9684,40.0688],[-122.9732,40.0776],[-122.9673,40.0887],[-122.9614,40.0898],[-122.9611,40.1],[-122.9737,40.13],[-122.9686,40.139],[-122.9896,40.1451],[-122.9845,40.1534],[-122.9839,40.172],[-122.9701,40.1863],[-122.98,40.2147],[-122.9751,40.2326],[-122.9857,40.2488],[-123.0186,40.2628],[-123.0371,40.2614],[-123.0612,40.2778],[-123.0686,40.3047],[-123.0617,40.3134],[-123.0688,40.3322],[-123.064,40.3375],[-123.0655,40.3451],[-123.0569,40.3492],[-123.044,40.347],[-123.0393,40.3627],[-123.0183,40.3724],[-123.0164,40.3856],[-122.9966,40.3964],[-122.9987,40.4181],[-122.9749,40.4196],[-122.961,40.426],[-122.9542,40.4215],[-122.9386,40.4289],[-122.9378,40.4369],[-122.9279,40.4471],[-122.9177,40.4498],[-122.9011,40.4456],[-122.8836,40.4748],[-122.8765,40.4804],[-122.851,40.4859],[-122.8464,40.4935],[-122.8521,40.501],[-122.846,40.5052],[-122.7933,40.5145],[-122.7936,40.5234],[-122.7822,40.5319],[-122.7852,40.5409],[-122.7675,40.5552],[-122.7439,40.5538],[-122.7413,40.5641],[-122.7231,40.5752],[-122.6988,40.5693],[-122.6931,40.5753],[-122.701,40.5877],[-122.7061,40.6102],[-122.7109,40.6132],[-122.7097,40.6312],[-122.7362,40.6363],[-122.727,40.6505],[-122.7336,40.6624],[-122.7412,40.6654],[-122.7426,40.6788],[-122.7523,40.6896],[-122.7439,40.695],[-122.73,40.6922],[-122.7224,40.6955],[-122.7066,40.7253],[-122.7199,40.7394],[-122.7174,40.7472],[-122.7063,40.7496],[-122.7005,40.7589],[-122.6705,40.7728],[-122.6581,40.7875],[-122.6614,40.8005],[-122.6552,40.8082],[-122.6661,40.8259],[-122.6554,40.8415],[-122.6397,40.845],[-122.6344,40.8613],[-122.6264,40.8671],[-122.6254,40.8792],[-122.6099,40.8846],[-122.6,40.9003],[-122.6128,40.9212],[-122.6032,40.9406],[-122.6074,40.9577],[-122.6031,40.9594],[-122.5985,40.9758],[-122.5914,40.9767],[-122.5892,40.9854],[-122.5692,40.985],[-122.5545,41.0036],[-122.5379,41.0024],[-122.5278,41.0144],[-122.5289,41.0365],[-122.5232,41.0592],[-122.5276,41.0642],[-122.5379,41.065],[-122.5398,41.0726],[-122.5134,41.0882],[-122.4933,41.086],[-122.4681,41.0968],[-122.4571,41.0966],[-122.4519,41.1082],[-122.446,41.1333],[-122.4506,41.1469],[-122.446,41.1592],[-122.4759,41.1765],[-122.4977,41.1786],[-122.495,41.1924],[-122.5226,41.2135],[-122.5123,41.2265],[-122.5175,41.2398],[-122.5082,41.2453],[-122.5139,41.2552],[-122.5133,41.2837],[-122.4992,41.292],[-122.5019,41.3091],[-122.4788,41.3201],[-122.5025,41.3329],[-122.5039,41.343],[-122.5358,41.3415],[-122.5427,41.3501],[-122.5404,41.3532],[-122.5517,41.3617],[-122.5727,41.368],[-122.5858,41.3576],[-122.587,41.3497],[-122.581,41.3377],[-122.5891,41.3268],[-122.5989,41.3245],[-122.6275,41.332],[-122.6421,41.3266],[-122.6477,41.3223],[-122.6456,41.3047],[-122.6515,41.2996],[-122.6529,41.2897],[-122.6635,41.2916],[-122.6773,41.285],[-122.6791,41.279],[-122.6874,41.2813],[-122.712,41.2748],[-122.7246,41.2611],[-122.7253,41.2475],[-122.7583,41.2408],[-122.777,41.2308],[-122.7812,41.2182],[-122.8021,41.203],[-122.8113,41.2025],[-122.8252,41.21],[-122.8439,41.2002],[-122.8859,41.2051],[-122.9069,41.1959],[-122.9154,41.1872],[-122.9248,41.1867],[-122.9292,41.1787],[-122.9384,41.1781],[-122.9513,41.1856],[-122.9613,41.1815],[-122.9517,41.1503],[-122.9653,41.1383],[-122.9599,41.124],[-122.9742,41.1096],[-122.9691,41.1034],[-122.971,41.0902],[-122.9661,41.0809],[-122.9532,41.0743],[-122.9421,41.0701],[-122.9233,41.072],[-122.9092,41.0412],[-122.8974,41.0292],[-122.9024,41.0238],[-122.903,41.0116],[-122.9145,41.0069],[-122.9175,40.994],[-122.9417,40.9926],[-122.952,41.0064],[-122.9801,41.0143],[-123.0371,41.0042],[-123.0476,41.0247],[-123.046,41.0335],[-123.0552,41.0467],[-123.0801,41.0576],[-123.0963,41.0594],[-123.1059,41.0658],[-123.1091,41.0754],[-123.1883,41.0776],[-123.2032,41.0718],[-123.2395,41.0758],[-123.2584,41.0936],[-123.2734,41.1229],[-123.2839,41.1235],[-123.2951,41.1407],[-123.325,41.1415],[-123.3296,41.1517],[-123.3532,41.1631],[-123.3812,41.1513],[-123.3841,41.1577],[-123.3927,41.1612],[-123.3935,41.1707],[-123.404,41.1745],[-123.4171,41.197],[-123.4347,41.2125],[-123.4344,41.2229],[-123.4549,41.2357],[-123.4421,41.2514],[-123.4438,41.2732],[-123.4628,41.2842],[-123.4555,41.2928],[-123.4569,41.3003],[-123.4634,41.3177],[-123.4786,41.3296],[-123.4825,41.3536],[-123.4741,41.3662],[-123.481,41.372],[-123.5012,41.3826],[-123.6614,41.3821],[-123.6555,41.3884],[-123.656,41.3953],[-123.6416,41.4002],[-123.6389,41.4074],[-123.6486,41.4208],[-123.622,41.4326],[-123.6124,41.449],[-123.6159,41.453],[-123.6116,41.4616],[-123.6266,41.4668],[-123.6378,41.4824],[-123.6345,41.4861],[-123.6461,41.5124],[-123.6426,41.5227],[-123.648,41.535],[-123.67,41.5441],[-123.6825,41.5431],[-123.6939,41.5519],[-123.6815,41.5718],[-123.6891,41.5821],[-123.6813,41.5867],[-123.6823,41.5949],[-123.6976,41.5909],[-123.6989,41.5957],[-123.7157,41.5913],[-123.7191,41.5953],[-123.7161,41.6065],[-123.6975,41.6267],[-123.6966,41.6339],[-123.6804,41.634],[-123.6884,41.6527],[-123.6853,41.66],[-123.6896,41.6694],[-123.6628,41.6935],[-123.6701,41.7017],[-123.6602,41.7141],[-123.6661,41.7322],[-123.6783,41.7385],[-123.6883,41.7812],[-123.6746,41.7856],[-123.6721,41.796],[-123.69,41.8032],[-123.6944,41.8156],[-123.703,41.8197],[-123.7038,41.8291],[-123.6829,41.8371],[-123.6708,41.8354],[-123.6713,41.845],[-123.6615,41.8565],[-123.6495,41.8603],[-123.6514,41.8729],[-123.6465,41.8766],[-123.6523,41.8789],[-123.6422,41.8897],[-123.6245,41.8884],[-123.6171,41.8818],[-123.6063,41.8808],[-123.5936,41.9063],[-123.578,41.903],[-123.5595,41.906],[-123.5536,41.9147],[-123.5544,41.9301],[-123.5333,41.9552],[-123.5409,41.9853],[-123.5199,41.9952],[-123.5179,42.0008],[-123.624,41.9998],[-123.6572,41.9951],[-124.3288,41.9983],[-124.307,41.9929],[-124.2886,41.9696],[-124.2848,41.9568],[-124.2919,41.9285],[-124.2761,41.9031],[-124.285,41.8595],[-124.3119,41.8588],[-124.333,41.877],[-124.3476,41.8832],[-124.4012,41.8856],[-124.4113,41.8821],[-124.435,41.8565],[-124.4407,41.8387],[-124.4389,41.8245],[-124.4108,41.7883],[-124.3921,41.7724],[-124.3692,41.7634],[-124.3306,41.7338],[-124.3003,41.7241],[-124.2624,41.7019],[-124.2117,41.6812],[-124.2098,41.6352],[-124.1901,41.6082],[-124.185,41.5658],[-124.1605,41.5434],[-124.1579,41.519],[-124.1365,41.4643],[-124.1332,41.4323],[-124.14,41.3818],[-124.1766,41.3904],[-124.2065,41.3847],[-124.2311,41.3689],[-124.2424,41.3433],[-124.2382,41.3214],[-124.22,41.303],[-124.1923,41.292],[-124.1634,41.2932],[-124.1607,41.2893],[-124.1733,41.261],[-124.1764,41.2371],[-124.1955,41.1846],[-124.2194,41.1777],[-124.2376,41.166],[-124.2472,41.1528],[-124.2525,41.1341],[-124.2496,41.099],[-124.2312,41.0655],[-124.2271,41.0466],[-124.205,41.0136],[-124.1827,41.0013],[-124.1976,40.9505],[-124.2326,40.8693],[-124.2927,40.7881],[-124.2993,40.7685],[-124.3429,40.7088],[-124.4034,40.6132],[-124.4477,40.5297],[-124.456,40.484],[-124.4759,40.4598],[-124.482,40.4403]]]},"properties":{"geoid":"06002","state":"06","district":"2","name":"Assembly District 2","chamber":"Assembly"}},{"type":"Feature","geometry":{"type":"Polygon","coordinates":[[[-123.0659,40.286],[-123.0442,40.2642],[-123.0186,40.2628],[-122.9857,40.2488],[-122.9751,40.2326],[-122.98,40.2147],[-122.9701,40.1863],[-122.9839,40.172],[-122.9845,40.1534],[-122.9896,40.1451],[-122.9686,40.139],[-122.9737,40.13],[-122.9611,40.1],[-122.9614,40.0898],[-122.9673,40.0887],[-122.9732,40.0776],[-122.9684,40.0688],[-122.9528,40.0597],[-122.9489,40.0497],[-122.9542,40.0454],[-122.9498,40.031],[-122.9564,40.0199],[-122.9494,40.0121],[-122.9519,39.9988],[-122.9388,39.9913],[-122.9352,39.9772],[-122.9255,39.9689],[-122.9268,39.9451],[-122.9098,39.9364],[-122.9206,39.9289],[-122.9205,39.9165],[-122.9506,39.907],[-122.9474,39.8924],[-122.9533,39.8728],[-122.9505,39.8685],[-122.9601,39.8452],[-122.9467,39.8335],[-122.944,39.8031],[-122.9377,39.7982],[-122.9384,39.7481],[-122.9125,39.7482],[-122.9129,39.7087],[-122.8927,39.7089],[-122.8854,39.5801],[-122.7356,39.5807],[-122.7365,39.5085],[-122.7316,39.4792],[-122.7326,39.4508],[-122.7417,39.4352],[-122.7391,39.3833],[-122.136,39.3855],[-122.1362,39.4145],[-122.1256,39.4146],[-122.0089,39.4136],[-122.0037,39.3978],[-122.0102,39.3839],[-121.89,39.3839],[-121.8839,39.3739],[-121.8935,39.3585],[-121.8991,39.3573],[-121.8944,39.3411],[-121.9046,39.3259],[-121.9077,39.3023],[-121.9169,39.2957],[-121.921,39.2811],[-121.9369,39.2679],[-121.9468,39.2498],[-121.9483,39.2408],[-121.94,39.2287],[-121.9414,39.2217],[-121.9361,39.221],[-121.9283,39.1987],[-121.9365,39.1947],[-121.9345,39.1899],[-121.9455,39.1798],[-121.9342,39.161],[-121.9172,39.1473],[-121.9205,39.1413],[-121.9378,39.144],[-121.939,39.1354],[-121.9214,39.1222],[-121.9111,39.1231],[-121.9131,39.1143],[-121.9055,39.1148],[-121.9058,39.1031],[-121.8944,39.0961],[-121.8952,39.0868],[-121.8897,39.0812],[-121.8946,39.079],[-121.8891,39.0724],[-121.8698,39.0669],[-121.8494,39.0714],[-121.8385,39.0641],[-121.8396,39.0469],[-121.8296,39.038],[-121.8307,39.0327],[-121.8229,39.0294],[-121.821,39.0203],[-121.8265,39.0112],[-121.7953,38.9961],[-121.8021,38.9898],[-121.8195,38.9883],[-121.8214,38.9747],[-121.8333,38.9702],[-121.832,38.9605],[-121.8406,38.9548],[-121.8301,38.9384],[-121.8373,38.9261],[-121.8289,38.9185],[-121.8048,38.9145],[-121.8058,38.9108],[-121.8153,38.9112],[-121.8122,38.9088],[-121.7911,38.9045],[-121.7936,38.9007],[-121.804,38.9017],[-121.8068,38.8903],[-121.8167,38.8845],[-121.8152,38.8771],[-121.8024,38.8646],[-121.7858,38.8632],[-121.7839,38.8564],[-121.7653,38.8642],[-121.7584,38.8624],[-121.7593,38.8684],[-121.7486,38.8713],[-121.7448,38.8642],[-121.7296,38.8584],[-121.7231,38.8513],[-121.731,38.8358],[-121.7234,38.8256],[-121.7233,38.8038],[-121.7013,38.803],[-121.6907,38.7956],[-121.6934,38.7898],[-121.6864,38.7754],[-121.6926,38.7677],[-121.67,38.7593],[-121.6774,38.7501],[-121.6737,38.7431],[-121.668,38.7545],[-121.6585,38.755],[-121.6632,38.7692],[-121.6541,38.7645],[-121.6389,38.7672],[-121.6462,38.7741],[-121.6344,38.7679],[-121.628,38.7789],[-121.631,38.7829],[-121.6245,38.7854],[-121.6049,38.7794],[-121.5932,38.7643],[-121.5934,38.754],[-121.6029,38.7358],[-121.3646,38.7288],[-121.3649,38.7518],[-121.4032,38.7517],[-121.4003,38.8025],[-121.4466,38.8025],[-121.4466,38.8061],[-121.442,38.8061],[-121.4416,38.8126],[-121.4326,38.8106],[-121.4325,38.8243],[-121.4262,38.8243],[-121.4247,38.8119],[-121.4186,38.8172],[-121.3954,38.8171],[-121.3956,38.8243],[-121.3771,38.8244],[-121.377,38.8098],[-121.3204,38.81],[-121.3188,38.8061],[-121.3081,38.8054],[-121.305,38.8571],[-121.3355,38.8536],[-121.3355,38.8584],[-121.3494,38.8517],[-121.3493,38.8681],[-121.3307,38.8645],[-121.3306,38.8727],[-121.3218,38.8741],[-121.3213,38.8822],[-121.3401,38.8861],[-121.3401,38.8973],[-121.3584,38.8973],[-121.3584,38.9265],[-121.3446,38.9265],[-121.3401,38.9119],[-121.3177,38.9118],[-121.3031,38.903],[-121.2724,38.9084],[-121.2651,38.9011],[-121.2519,38.9008],[-121.2461,38.8865],[-121.1804,38.8914],[-121.1814,38.9029],[-121.1896,38.9118],[-121.1857,38.923],[-121.1956,38.927],[-121.1959,38.9343],[-121.2093,38.9342],[-121.2098,38.9414],[-121.2283,38.9416],[-121.2286,38.9698],[-121.2182,38.9767],[-121.2199,38.9883],[-121.2121,38.9927],[-121.2174,39.0125],[-121.222,39.0121],[-121.2329,39.0247],[-121.241,39.0214],[-121.2495,39.028],[-121.2685,39.0312],[-121.2696,39.0273],[-121.2795,39.0346],[-121.2795,39.2305],[-121.2688,39.2402],[-121.2693,39.2521],[-121.2592,39.2564],[-121.2661,39.2727],[-121.2426,39.2835],[-121.2184,39.2842],[-121.2149,39.2929],[-121.2001,39.3024],[-121.2064,39.3165],[-121.1956,39.3296],[-121.1845,39.3308],[-121.178,39.3387],[-121.165,39.3386],[-121.1625,39.3326],[-121.1575,39.3325],[-121.1548,39.3486],[-121.1438,39.3497],[-121.1451,39.3558],[-121.1368,39.3681],[-121.1271,39.3726],[-121.1279,39.38],[-121.1016,39.381],[-121.0964,39.3877],[-121.0869,39.3864],[-121.084,39.3946],[-121.0631,39.3909],[-121.0498,39.3954],[-121.0419,39.3882],[-121.0346,39.3955],[-121.0256,39.3894],[-121.0221,39.3916],[-121.0344,39.5145],[-121.0487,39.517],[-121.0582,39.537],[-121.0483,39.5483],[-121.0244,39.559],[-121.0095,39.6395],[-121.0767,39.5973],[-121.0793,39.6034],[-121.0889,39.6033],[-121.0889,39.6135],[-121.0977,39.6137],[-121.0975,39.6209],[-121.1163,39.621],[-121.1166,39.628],[-121.1367,39.6282],[-121.1364,39.6568],[-121.1551,39.6568],[-121.1551,39.6639],[-121.1629,39.6638],[-121.163,39.671],[-121.1711,39.6711],[-121.1712,39.6856],[-121.1903,39.6854],[-121.1905,39.6999],[-121.2087,39.7004],[-121.2109,39.7257],[-121.2294,39.7257],[-121.2297,39.7402],[-121.2483,39.74],[-121.2506,39.754],[-121.268,39.7542],[-121.2683,39.7688],[-121.2859,39.7676],[-121.2849,39.7816],[-121.2941,39.7893],[-121.3078,39.7894],[-121.3077,39.7966],[-121.3169,39.7967],[-121.3185,39.8109],[-121.3323,39.8111],[-121.3323,39.8257],[-121.3508,39.8257],[-121.3511,39.8403],[-121.3605,39.8407],[-121.3612,39.8555],[-121.3802,39.8554],[-121.3801,39.8628],[-121.3985,39.8629],[-121.399,39.8713],[-121.4119,39.8714],[-121.411,39.9004],[-121.43,39.9003],[-121.43,39.9148],[-121.411,39.9151],[-121.4111,39.9294],[-121.4206,39.9294],[-121.4198,39.9586],[-121.4103,39.9585],[-121.4103,39.9873],[-121.4198,39.9875],[-121.4195,40.0158],[-121.4096,40.0157],[-121.4096,40.0306],[-121.4003,40.0305],[-121.4004,40.0521],[-121.3823,40.0518],[-121.382,40.057],[-121.3771,40.0571],[-121.3768,40.0717],[-121.3671,40.0719],[-121.3668,40.0861],[-121.3768,40.086],[-121.3765,40.1086],[-121.3861,40.1086],[-121.3859,40.1159],[-121.4049,40.1155],[-121.4045,40.1516],[-121.4419,40.1521],[-121.4462,40.1559],[-121.4429,40.1619],[-121.4451,40.1777],[-121.4361,40.1819],[-121.4441,40.1907],[-121.4344,40.1959],[-121.4074,40.1914],[-121.385,40.2103],[-121.3677,40.2127],[-121.3617,40.2256],[-121.3673,40.2449],[-121.349,40.2645],[-121.3527,40.2685],[-121.3494,40.2734],[-121.3599,40.2775],[-121.3632,40.2875],[-121.3703,40.288],[-121.3768,40.298],[-121.3667,40.3011],[-121.3566,40.2975],[-121.3423,40.3098],[-121.3675,40.3229],[-121.3673,40.331],[-121.3804,40.3403],[-121.4121,40.3427],[-121.4286,40.3503],[-121.4724,40.3516],[-121.481,40.3666],[-121.4735,40.3746],[-121.4828,40.3829],[-121.4843,40.3966],[-121.4796,40.4195],[-121.4738,40.4246],[-121.4979,40.432],[-121.4944,40.4404],[-121.4976,40.4456],[-121.5651,40.4458],[-121.5931,40.4311],[-121.614,40.4391],[-121.6463,40.4347],[-121.672,40.4504],[-121.6858,40.4531],[-121.6983,40.4483],[-121.7198,40.4486],[-121.7346,40.4356],[-121.7763,40.4376],[-121.7877,40.4437],[-121.8067,40.445],[-121.8341,40.4373],[-121.8514,40.4426],[-121.8796,40.4362],[-121.9009,40.4209],[-121.9148,40.426],[-121.941,40.4153],[-122.0099,40.4268],[-122.0148,40.421],[-122.0219,40.4241],[-122.031,40.4173],[-122.0521,40.4204],[-122.0912,40.4105],[-122.0916,40.4143],[-122.0968,40.4099],[-122.099,40.4148],[-122.1113,40.4054],[-122.129,40.4038],[-122.1294,40.3988],[-122.1829,40.3925],[-122.1885,40.3875],[-122.1731,40.3791],[-122.1873,40.3814],[-122.1936,40.3923],[-122.1994,40.3778],[-122.2272,40.3893],[-122.2355,40.3854],[-122.2518,40.3872],[-122.257,40.3794],[-122.2809,40.3758],[-122.2941,40.3805],[-122.3104,40.3711],[-122.321,40.3749],[-122.3422,40.3709],[-122.3958,40.3721],[-122.4126,40.3745],[-122.4179,40.3797],[-122.444,40.3733],[-122.4529,40.3785],[-122.4629,40.3756],[-122.4705,40.3839],[-122.5001,40.3825],[-122.505,40.3894],[-122.5138,40.3884],[-122.5246,40.3945],[-122.522,40.3878],[-122.5322,40.3798],[-122.5409,40.3824],[-122.5417,40.3765],[-122.5506,40.3784],[-122.564,40.3656],[-122.5813,40.3673],[-122.5858,40.3593],[-122.5969,40.3572],[-122.6102,40.3464],[-122.6252,40.3475],[-122.6219,40.3404],[-122.6506,40.3284],[-122.6737,40.3304],[-122.6773,40.3363],[-122.7096,40.3482],[-122.7317,40.347],[-122.7302,40.3583],[-122.7488,40.3657],[-122.7525,40.3605],[-122.7587,40.3633],[-122.7881,40.3553],[-122.8059,40.3559],[-122.8538,40.3428],[-122.8727,40.3489],[-122.884,40.3422],[-122.9036,40.3162],[-122.9071,40.3178],[-122.919,40.3066],[-122.9296,40.3075],[-122.9344,40.3132],[-122.9498,40.308],[-122.9769,40.3151],[-123.0138,40.3031],[-123.0252,40.3037],[-123.0413,40.291],[-123.0659,40.286]]]},"properties":{"geoid":"06003","state":"06","district":"3","name":"Assembly District 3","chamber":"Assembly"}},{"type":"Feature","geometry":{"type":"Polygon","coordinates":[[[-123.0942,39.0889],[-123.093,39.072],[-123.0837,39.0718],[-123.0838,39.0645],[-123.0651,39.0644],[-123.0652,39.05],[-123.0561,39.0499],[-123.0562,39.0211],[-123.047,39.0209],[-123.0468,39.0138],[-123.0375,39.0137],[-123.0373,39.0065],[-123.028,39.0065],[-123.028,38.9966],[-123.0186,38.9966],[-123.0186,38.993],[-122.9866,38.9973],[-122.9867,38.983],[-122.9774,38.9829],[-122.9777,38.9467],[-122.9683,38.9465],[-122.9699,38.9327],[-122.9602,38.9325],[-122.9619,38.9255],[-122.9491,38.9254],[-122.9489,38.9002],[-122.9114,38.9015],[-122.9114,38.8952],[-122.8939,38.8955],[-122.8946,38.8808],[-122.8757,38.8808],[-122.8761,38.8729],[-122.8578,38.8733],[-122.8585,38.8658],[-122.84,38.866],[-122.8401,38.858],[-122.8214,38.8579],[-122.8216,38.8501],[-122.8121,38.8384],[-122.7958,38.8388],[-122.7914,38.8304],[-122.7478,38.8033],[-122.7482,38.7878],[-122.7227,38.763],[-122.7242,38.7566],[-122.7093,38.749],[-122.7104,38.7321],[-122.7007,38.7286],[-122.6955,38.7131],[-122.6742,38.7064],[-122.6475,38.7069],[-122.637,38.6937],[-122.6395,38.6891],[-122.6255,38.6744],[-122.6335,38.6693],[-122.6234,38.6646],[-122.6231,38.6534],[-122.6341,38.6376],[-122.6284,38.6227],[-122.6466,38.5981],[-122.6302,38.5785],[-122.6318,38.5694],[-122.6227,38.5677],[-122.6208,38.5603],[-122.5873,38.5526],[-122.574,38.5404],[-122.5666,38.5256],[-122.5542,38.5262],[-122.5439,38.52],[-122.5417,38.5133],[-122.55,38.5112],[-122.5353,38.5017],[-122.5449,38.4963],[-122.5313,38.4785],[-122.5297,38.4696],[-122.5159,38.4709],[-122.5058,38.4647],[-122.5096,38.4574],[-122.4798,38.4513],[-122.4979,38.4246],[-122.4706,38.4049],[-122.4658,38.3902],[-122.448,38.3793],[-122.4569,38.3707],[-122.4496,38.3611],[-122.4571,38.3458],[-122.4616,38.3471],[-122.4684,38.3405],[-122.485,38.3395],[-122.4904,38.3326],[-122.4936,38.3383],[-122.5067,38.3387],[-122.5158,38.348],[-122.4947,38.3045],[-122.503,38.3018],[-122.503,38.2908],[-122.4954,38.292],[-122.4924,38.287],[-122.4777,38.2944],[-122.4748,38.2828],[-122.4654,38.2809],[-122.4661,38.2764],[-122.4122,38.2697],[-122.3935,38.2535],[-122.379,38.2506],[-122.3738,38.2438],[-122.3653,38.246],[-122.3642,38.2153],[-122.3507,38.2018],[-122.3496,38.194],[-122.3603,38.1971],[-122.3579,38.1826],[-122.3687,38.1827],[-122.3676,38.1588],[-122.3968,38.1615],[-122.4068,38.1556],[-122.1954,38.155],[-122.1988,38.1593],[-122.1953,38.1673],[-122.2034,38.1688],[-122.2151,38.1797],[-122.2152,38.1888],[-122.2093,38.1901],[-122.2045,38.2054],[-122.1939,38.2137],[-122.193,38.2231],[-122.2119,38.2508],[-122.2015,38.2489],[-122.1933,38.2564],[-122.2131,38.2592],[-122.2166,38.2647],[-122.2121,38.2731],[-122.1882,38.2717],[-122.2034,38.2934],[-122.1988,38.3012],[-122.2061,38.3158],[-122.0648,38.3159],[-122.068,38.3186],[-122.0616,38.3261],[-122.0736,38.3615],[-122.1261,38.4275],[-122.1232,38.4496],[-122.1047,38.4909],[-122.1041,38.5134],[-122.0574,38.5174],[-122.0356,38.4961],[-122.0135,38.4887],[-121.9411,38.5333],[-121.909,38.5296],[-121.8844,38.539],[-121.8601,38.5385],[-121.7858,38.5231],[-121.7717,38.5323],[-121.7651,38.5259],[-121.7387,38.5376],[-121.712,38.538],[-121.6947,38.5271],[-121.6937,38.3137],[-121.5933,38.3131],[-121.584,38.3317],[-121.5752,38.3272],[-121.5594,38.3426],[-121.5372,38.3476],[-121.521,38.3612],[-121.5243,38.379],[-121.5148,38.3872],[-121.5133,38.3988],[-121.5326,38.4315],[-121.5038,38.4396],[-121.5041,38.4666],[-121.511,38.4735],[-121.5427,38.4764],[-121.559,38.4996],[-121.5518,38.5139],[-121.5244,38.5201],[-121.5305,38.5303],[-121.5135,38.5402],[-121.5113,38.5463],[-121.521,38.5662],[-121.5063,38.5863],[-121.5087,38.5968],[-121.5158,38.6027],[-121.5277,38.6046],[-121.5499,38.5994],[-121.5583,38.6082],[-121.5669,38.6451],[-121.5761,38.6486],[-121.5872,38.6427],[-121.5941,38.6441],[-121.6311,38.679],[-121.6324,38.695],[-121.6055,38.7189],[-121.6026,38.7369],[-121.5934,38.754],[-121.5939,38.7657],[-121.6049,38.7794],[-121.627,38.7851],[-121.6344,38.7679],[-121.6462,38.7741],[-121.6389,38.7672],[-121.6541,38.7645],[-121.6632,38.7692],[-121.6585,38.755],[-121.668,38.7545],[-121.6738,38.7431],[-121.6772,38.7509],[-121.67,38.7593],[-121.6926,38.7677],[-121.6864,38.7754],[-121.6934,38.7898],[-121.6907,38.7956],[-121.7013,38.803],[-121.7233,38.8038],[-121.7234,38.8256],[-121.731,38.8358],[-121.7231,38.8513],[-121.7296,38.8584],[-121.7448,38.8642],[-121.7486,38.8713],[-121.7593,38.8684],[-121.7584,38.8624],[-121.7653,38.8642],[-121.7839,38.8564],[-121.7858,38.8632],[-121.8017,38.8643],[-121.8148,38.8766],[-121.8167,38.8845],[-121.8068,38.8903],[-121.804,38.9017],[-121.7936,38.9007],[-121.7911,38.9045],[-121.8122,38.9088],[-121.8153,38.9112],[-121.8058,38.9108],[-121.8048,38.9145],[-121.8289,38.9185],[-121.8373,38.9261],[-121.8301,38.9384],[-121.8406,38.9548],[-121.832,38.9605],[-121.8333,38.9702],[-121.8214,38.9747],[-121.8195,38.9883],[-121.8021,38.9898],[-121.7954,38.9964],[-121.8265,39.0112],[-121.821,39.0203],[-121.8229,39.0294],[-121.8307,39.0327],[-121.8296,39.038],[-121.8396,39.0469],[-121.8385,39.0641],[-121.8494,39.0714],[-121.8698,39.0669],[-121.8891,39.0724],[-121.8946,39.079],[-121.8897,39.0812],[-121.8952,39.0868],[-121.8944,39.0961],[-121.9058,39.1031],[-121.9055,39.1148],[-121.9131,39.1143],[-121.9111,39.1231],[-121.9214,39.1222],[-121.939,39.1354],[-121.9378,39.144],[-121.9205,39.1413],[-121.9172,39.1473],[-121.9342,39.161],[-121.9455,39.1798],[-121.9345,39.1899],[-121.9365,39.1947],[-121.9283,39.1987],[-121.9361,39.221],[-121.9414,39.2217],[-121.94,39.2287],[-121.9483,39.2408],[-121.9468,39.2498],[-121.9369,39.2679],[-121.921,39.2811],[-121.9169,39.2957],[-121.9077,39.3023],[-121.9046,39.3259],[-121.8944,39.3411],[-121.8991,39.3573],[-121.8935,39.3585],[-121.8839,39.3739],[-121.89,39.3839],[-122.0102,39.3839],[-122.0037,39.3978],[-122.0089,39.4136],[-122.1256,39.4146],[-122.1362,39.4145],[-122.136,39.3855],[-122.7391,39.3833],[-122.7417,39.4352],[-122.7326,39.4508],[-122.7316,39.4792],[-122.7365,39.5085],[-122.7356,39.5807],[-122.8854,39.5801],[-122.8903,39.529],[-122.9367,39.5307],[-122.9367,39.5164],[-123.0252,39.5187],[-123.025,39.5112],[-123.0444,39.5112],[-123.0444,39.5036],[-123.0632,39.5035],[-123.063,39.4525],[-123.0731,39.4527],[-123.0701,39.4365],[-123.0749,39.4366],[-123.0751,39.4077],[-123.0563,39.4076],[-123.0571,39.3787],[-123.0475,39.3786],[-123.0486,39.3641],[-123.0379,39.3639],[-123.0377,39.3362],[-123.0287,39.3366],[-123.0287,39.3218],[-123.0197,39.3218],[-123.0196,39.278],[-123.0045,39.2782],[-123.0036,39.2574],[-122.9945,39.2568],[-122.9948,39.2359],[-123.0127,39.2362],[-123.0125,39.221],[-123.0208,39.2207],[-123.0243,39.2071],[-123.0341,39.1997],[-123.0348,39.1924],[-123.0401,39.1925],[-123.0458,39.1735],[-123.0778,39.1738],[-123.0781,39.1387],[-123.0875,39.1384],[-123.085,39.0953],[-123.0942,39.0953],[-123.0942,39.0889]]]},"properties":{"geoid":"06004","state":"06","district":"4","name":"Assembly District 4","chamber":"Assembly"}},{"type":"Feature","geometry":{"type":"Polygon","coordinates":[[[-121.4466,38.8061],[-121.4466,38.8025],[-121.4002,38.8024],[-121.4032,38.7517],[-121.3649,38.7518],[-121.3646,38.7288],[-121.3925,38.7286],[-121.1425,38.7121],[-121.1338,38.7054],[-121.119,38.7179],[-121.0274,38.5083],[-121.0114,38.5125],[-121.0074,38.5192],[-120.9948,38.5136],[-120.9747,38.5159],[-120.9699,38.521],[-120.9467,38.5232],[-120.9413,38.5286],[-120.9364,38.5194],[-120.927,38.515],[-120.9108,38.5206],[-120.9024,38.5312],[-120.8858,38.5248],[-120.8807,38.5295],[-120.8837,38.5365],[-120.8763,38.5433],[-120.871,38.5363],[-120.8635,38.5353],[-120.8624,38.5433],[-120.8566,38.5427],[-120.856,38.5487],[-120.8425,38.5558],[-120.8359,38.5515],[-120.8176,38.5628],[-120.7915,38.5663],[-120.7899,38.5715],[-120.7457,38.579],[-120.7034,38.6102],[-120.7015,38.6253],[-120.7286,38.6178],[-120.7367,38.6178],[-120.7397,38.6226],[-120.7354,38.6337],[-120.7425,38.6371],[-120.7424,38.6484],[-120.7273,38.6508],[-120.7265,38.6455],[-120.7153,38.6435],[-120.7016,38.6533],[-120.7127,38.6562],[-120.7188,38.6736],[-120.7377,38.6798],[-120.7635,38.6779],[-120.7601,38.6821],[-120.7849,38.6943],[-120.7933,38.7035],[-120.7173,38.7184],[-120.7362,38.7233],[-120.7405,38.7318],[-120.7554,38.7358],[-120.7606,38.7461],[-120.7423,38.7414],[-120.7298,38.7445],[-120.7202,38.7573],[-120.717,38.755],[-120.7095,38.7601],[-120.7079,38.768],[-120.6978,38.7691],[-120.6997,38.773],[-120.7082,38.7718],[-120.7203,38.7786],[-120.7366,38.7718],[-120.7423,38.7772],[-120.753,38.7747],[-120.7593,38.7808],[-120.7654,38.7771],[-120.7725,38.7834],[-120.7812,38.7829],[-120.7766,38.7765],[-120.7813,38.7642],[-120.7913,38.7629],[-120.7937,38.7686],[-120.8063,38.7647],[-120.8106,38.7719],[-120.8217,38.7661],[-120.8137,38.7733],[-120.8271,38.7734],[-120.8172,38.7833],[-120.8226,38.8138],[-120.8171,38.8338],[-120.8327,38.8578],[-120.8331,38.8741],[-120.8302,38.8797],[-120.8182,38.8708],[-120.8216,38.8931],[-120.8166,38.8912],[-120.8116,38.9006],[-120.8127,38.8926],[-120.798,38.897],[-120.7955,38.9217],[-120.787,38.9249],[-120.7879,38.9369],[-120.8255,38.9386],[-120.8538,38.9285],[-120.8771,38.9315],[-120.8958,38.9437],[-120.9021,38.9532],[-120.9362,38.9639],[-120.9406,38.961],[-120.9386,38.9356],[-120.9578,38.9391],[-120.9651,38.9328],[-120.992,38.9272],[-120.9995,38.9182],[-121.0362,38.9138],[-121.0411,38.9261],[-121.0337,38.9406],[-121.0102,38.9518],[-121.0026,38.9608],[-121.0178,38.9698],[-120.992,39.0065],[-121.004,39.0152],[-121.0008,39.0236],[-121.0047,39.0411],[-121.0145,39.0475],[-121.0202,39.0461],[-121.0217,39.0392],[-121.0304,39.0372],[-121.0381,39.016],[-121.0686,39.0052],[-121.0803,39.0069],[-121.0895,39.0144],[-121.1051,39.0121],[-121.1077,39.0176],[-121.1232,39.0244],[-121.1251,39.0325],[-121.138,39.0379],[-121.1525,39.0268],[-121.1726,39.0185],[-121.1794,39.02],[-121.1874,39.0125],[-121.1989,39.0175],[-121.2059,39.0119],[-121.2174,39.0125],[-121.2121,38.9927],[-121.2199,38.9883],[-121.2182,38.9767],[-121.2286,38.9698],[-121.2283,38.9416],[-121.2098,38.9414],[-121.2093,38.9342],[-121.1959,38.9343],[-121.1956,38.927],[-121.1857,38.923],[-121.1896,38.9118],[-121.1814,38.9029],[-121.1805,38.8913],[-121.2461,38.8865],[-121.2519,38.9008],[-121.2651,38.9011],[-121.2724,38.9084],[-121.3031,38.903],[-121.3177,38.9118],[-121.3401,38.9119],[-121.3446,38.9265],[-121.3584,38.9265],[-121.3584,38.8973],[-121.3401,38.8973],[-121.3401,38.8861],[-121.3213,38.8822],[-121.3218,38.8741],[-121.3306,38.8727],[-121.3307,38.8645],[-121.3493,38.8681],[-121.3494,38.8517],[-121.3355,38.8584],[-121.3355,38.8536],[-121.305,38.8571],[-121.3081,38.8054],[-121.3188,38.8061],[-121.3204,38.81],[-121.377,38.8098],[-121.3771,38.8244],[-121.3956,38.8243],[-121.3954,38.8171],[-121.4186,38.8172],[-121.4247,38.8119],[-121.4262,38.8243],[-121.4325,38.8243],[-121.4326,38.8106],[-121.4416,38.8126],[-121.442,38.8061],[-121.4466,38.8061]]]},"properties":{"geoid":"06005","state":"06","district":"5","name":"Assembly District 5","chamber":"Assembly"}},{"type":"Feature","geometry":{"type":"Polygon","coordinates":[[[-121.6342,38.6898],[-121.6287,38.6754],[-121.5941,38.6441],[-121.5872,38.6427],[-121.5761,38.6486],[-121.5669,38.6451],[-121.5583,38.6082],[-121.5499,38.5994],[-121.5277,38.6046],[-121.5087,38.5968],[-121.5083,38.5805],[-121.521,38.5662],[-121.5109,38.5408],[-121.5218,38.5232],[-121.4697,38.5176],[-121.4772,38.5182],[-121.4717,38.5249],[-121.4665,38.5225],[-121.4734,38.5368],[-121.4742,38.5568],[-121.4647,38.5472],[-121.4231,38.5468],[-121.4132,38.5396],[-121.3907,38.5397],[-121.3909,38.5444],[-121.3789,38.5471],[-121.3751,38.5531],[-121.3795,38.5589],[-121.3424,38.5633],[-121.3274,38.577],[-121.3291,38.5804],[-121.3461,38.5778],[-121.3553,38.5903],[-121.3553,38.6101],[-121.3287,38.6135],[-121.3277,38.6491],[-121.4053,38.6386],[-121.4106,38.6399],[-121.4107,38.6471],[-121.4235,38.6516],[-121.4199,38.66],[-121.415,38.6583],[-121.4176,38.6744],[-121.4036,38.6723],[-121.406,38.6906],[-121.4014,38.6905],[-121.4013,38.7045],[-121.3312,38.7024],[-121.3088,38.7228],[-121.4936,38.7352],[-121.6029,38.7358],[-121.6065,38.7171],[-121.6342,38.6898]]]},"properties":{"geoid":"06006","state":"06","district":"6","name":"Assembly District 6","chamber":"Assembly"}},{"type":"Feature","geometry":{"type":"Polygon","coordinates":[[[-121.4235,38.6516],[-121.4107,38.6471],[-121.4106,38.6399],[-121.4053,38.6386],[-121.3277,38.6491],[-121.3287,38.6135],[-121.3553,38.6101],[-121.3553,38.5903],[-121.3461,38.5778],[-121.3291,38.5804],[-121.3274,38.577],[-121.3424,38.5633],[-121.3795,38.5589],[-121.3751,38.5531],[-121.3863,38.5431],[-121.3349,38.529],[-121.335,38.5439],[-121.2427,38.5256],[-121.2425,38.5058],[-121.2233,38.5019],[-121.1879,38.5343],[-121.1874,38.5811],[-121.1706,38.6059],[-121.1505,38.6149],[-121.1416,38.6102],[-121.1422,38.6171],[-121.0791,38.6323],[-121.119,38.7179],[-121.1338,38.7054],[-121.1425,38.7121],[-121.3088,38.7228],[-121.3312,38.7024],[-121.4013,38.7045],[-121.4014,38.6905],[-121.406,38.6906],[-121.4036,38.6723],[-121.4176,38.6744],[-121.415,38.6583],[-121.4199,38.66],[-121.4235,38.6516]]]},"properties":{"geoid":"06007","state":"06","district":"7","name":"Assembly District 7","chamber":"Assembly"}},{"type":"Feature","geometry":{"type":"Polygon","coordinates":[[[-120.8937,38.1984],[-120.89,38.194],[-120.8922,38.1837],[-120.8431,38.1838],[-120.8447,38.1773],[-120.8394,38.1722],[-120.8508,38.1611],[-120.8392,38.159],[-120.828,38.1483],[-120.8131,38.1505],[-120.8108,38.1455],[-120.8102,38.1501],[-120.8035,38.1354],[-120.7883,38.1354],[-120.7908,38.1312],[-120.7852,38.1169],[-120.7743,38.1125],[-120.7916,38.1172],[-120.7976,38.1127],[-120.7871,38.1076],[-120.7899,38.102],[-120.7848,38.1013],[-120.7804,38.0912],[-120.7882,38.0903],[-120.7882,38.0246],[-120.7785,38.0246],[-120.797,38.0174],[-120.7756,38.0136],[-120.7749,38.0205],[-120.7611,38.0256],[-120.749,38.0183],[-120.7216,38.0279],[-120.709,38.0204],[-120.6906,38.0246],[-120.6496,37.9888],[-120.6511,37.9997],[-120.6463,38.0041],[-120.6063,37.9743],[-120.6156,37.9648],[-120.614,37.9523],[-120.6055,37.94],[-120.6223,37.9357],[-120.6177,37.9286],[-120.6227,37.9286],[-120.6161,37.9233],[-120.6121,37.9275],[-120.6022,37.9236],[-120.5996,37.9195],[-120.6057,37.9205],[-120.6033,37.9127],[-120.5892,37.9002],[-120.5895,37.8941],[-120.5955,37.8908],[-120.5993,37.8941],[-120.5978,37.8841],[-120.6064,37.8775],[-120.6051,37.8736],[-120.6349,37.8609],[-120.6534,37.832],[-120.3873,37.6335],[-120.3188,37.5208],[-120.3164,37.5053],[-120.2991,37.4888],[-120.3002,37.4843],[-120.2796,37.4579],[-120.2751,37.4407],[-120.2841,37.4325],[-120.2834,37.4244],[-120.247,37.3802],[-120.2035,37.3133],[-120.1877,37.3011],[-120.1827,37.2914],[-120.1866,37.2803],[-120.1785,37.2624],[-120.1438,37.2392],[-120.0901,37.2215],[-120.0622,37.198],[-120.0521,37.1831],[-120.1151,37.1657],[-120.1646,37.1627],[-120.1741,37.1659],[-120.1876,37.1603],[-120.2273,37.1634],[-120.2439,37.157],[-120.2899,37.1526],[-120.3038,37.1411],[-120.3109,37.1411],[-120.3109,37.12],[-120.28,37.1223],[-120.2422,37.1362],[-120.2202,37.1378],[-120.2204,37.1133],[-120.2298,37.1097],[-120.2204,37.1025],[-120.2022,37.1055],[-120.2022,37.0909],[-120.1656,37.0909],[-120.166,37.1128],[-120.147,37.1128],[-120.1471,37.0835],[-120.1659,37.0837],[-120.1659,37.0546],[-120.1723,37.0546],[-120.1102,37.0038],[-120.1075,37.0233],[-120.0789,37.0254],[-120.0743,37.0212],[-120.074,37.04],[-120.0563,37.0397],[-120.0554,36.9868],[-120.0415,36.9868],[-120.0416,36.9817],[-120.0362,36.9817],[-120.042,36.9741],[-120.0334,36.979],[-120.0377,36.9598],[-120.033,36.9598],[-120.033,36.9526],[-120.0195,36.9526],[-120.0195,36.9599],[-120.0133,36.9597],[-120.0037,36.938],[-120.0103,36.938],[-120.0149,36.9319],[-120.0324,36.9354],[-120.022,36.9236],[-120.0275,36.9295],[-120.0334,36.9237],[-120.0466,36.9238],[-120.0466,36.9166],[-120.056,36.9166],[-120.0561,36.8229],[-120.0423,36.8155],[-120.0278,36.8145],[-120.0137,36.8281],[-119.9924,36.8289],[-119.9903,36.8378],[-119.9847,36.8408],[-119.9705,36.8329],[-119.9435,36.834],[-119.9345,36.838],[-119.9281,36.8485],[-119.9154,36.845],[-119.9061,36.8502],[-119.8967,36.8441],[-119.9023,36.8435],[-119.9016,36.8369],[-119.8895,36.837],[-119.8885,36.8216],[-119.8704,36.8224],[-119.867,36.8294],[-119.8564,36.8295],[-119.8508,36.8234],[-119.8416,36.8227],[-119.8444,36.8104],[-119.8411,36.8082],[-119.8174,36.8083],[-119.8175,36.793],[-119.8069,36.7849],[-119.7995,36.7904],[-119.7995,36.7958],[-119.7917,36.7946],[-119.7927,36.8085],[-119.7734,36.8104],[-119.7744,36.823],[-119.7541,36.8231],[-119.7542,36.8086],[-119.7317,36.8085],[-119.7317,36.7868],[-119.7359,36.7868],[-119.7363,36.7808],[-119.7317,36.7793],[-119.7318,36.7652],[-119.7363,36.7634],[-119.7004,36.7607],[-119.7003,36.7932],[-119.6865,36.7942],[-119.6731,36.7939],[-119.6731,36.7611],[-119.664,36.7612],[-119.664,36.7575],[-119.6324,36.7575],[-119.6293,36.7614],[-119.6182,36.7586],[-119.6101,36.7648],[-119.5561,36.7646],[-119.5562,36.743],[-119.5427,36.743],[-119.543,36.7357],[-119.5293,36.7358],[-119.534,36.7212],[-119.511,36.7251],[-119.5111,36.699],[-119.5015,36.6992],[-119.4919,36.7058],[-119.4693,36.706],[-119.4574,36.7058],[-119.4574,36.6985],[-119.4128,36.6982],[-119.4125,36.7117],[-119.3946,36.709],[-119.3947,36.7053],[-119.3402,36.7045],[-119.3402,36.7151],[-119.2977,36.7234],[-119.287,36.7305],[-119.2862,36.7134],[-119.295,36.715],[-119.3044,36.7094],[-119.3046,36.6606],[-118.9848,36.6571],[-118.9824,36.7416],[-118.555,36.7391],[-118.5555,36.7447],[-118.3606,36.7448],[-118.3513,36.741],[-118.339,36.7278],[-118.3347,36.7053],[-118.3661,36.6904],[-118.352,36.6829],[-118.3475,36.6723],[-118.3312,36.6694],[-118.3295,36.6654],[-118.3382,36.6554],[-118.3188,36.6389],[-118.3213,36.6274],[-118.3028,36.619],[-118.2939,36.6051],[-118.2816,36.6045],[-118.2746,36.5973],[-118.278,36.5923],[-118.289,36.5907],[-118.288,36.5837],[-118.2941,36.5774],[-118.2898,36.5732],[-118.292,36.5622],[-118.252,36.5421],[-118.2509,36.5256],[-118.2467,36.5214],[-118.2388,36.5236],[-118.2414,36.5],[-118.235,36.4937],[-118.2499,36.4824],[-118.237,36.477],[-118.2326,36.4663],[-118.2159,36.4567],[-118.2096,36.4421],[-118.2148,36.435],[-118.2098,36.4303],[-118.1749,36.4265],[-118.1568,36.4326],[-118.1388,36.4189],[-118.1403,36.4035],[-118.1629,36.3894],[-118.141,36.3716],[-118.1305,36.3703],[-118.1242,36.3519],[-118.1003,36.3461],[-118.0976,36.3311],[-118.1125,36.322],[-118.1118,36.3083],[-118.1216,36.3068],[-118.1201,36.3022],[-118.127,36.3002],[-118.1276,36.2803],[-118.1174,36.2712],[-118.1194,36.2556],[-118.1052,36.2336],[-118.1092,36.2255],[-118.1056,36.2134],[-118.0907,36.1973],[-118.0737,36.1894],[-118.07,36.1786],[-118.0593,36.1701],[-118.0626,36.1622],[-118.0597,36.1508],[-118.0735,36.1403],[-118.0646,36.1104],[-118.0683,36.1085],[-118.0673,36.0934],[-118.0631,36.0892],[-118.058,36.0919],[-118.0516,36.0835],[-118.0517,36.0595],[-118.0427,36.0485],[-118.0463,36.0422],[-118.0395,36.0342],[-118.0414,36.0298],[-118.0371,36.0291],[-118.0336,36.0089],[-118.0121,35.9983],[-118.0036,35.9837],[-118.0045,35.9772],[-118.0146,35.9729],[-118.0168,35.9546],[-118.0111,35.9546],[-118.0069,35.9465],[-117.9919,35.9438],[-117.9833,35.9266],[-117.9903,35.914],[-117.982,35.8947],[-117.9891,35.8813],[-117.9808,35.8675],[-117.9967,35.8695],[-118.0074,35.8582],[-118.0029,35.8413],[-118.0062,35.829],[-117.9986,35.823],[-118.0077,35.8171],[-118.0081,35.7889],[-117.923,35.7867],[-117.9244,35.7984],[-117.9193,35.7984],[-115.7359,35.7936],[-115.7357,35.8091],[-115.6484,35.8092],[-116.4882,36.4591],[-117.5001,37.2204],[-117.8759,37.4973],[-118.7142,38.1021],[-119.5854,38.7132],[-119.5795,38.7056],[-119.5918,38.6901],[-119.5915,38.6822],[-119.5993,38.6702],[-119.6147,38.6659],[-119.6205,38.6107],[-119.6191,38.6035],[-119.6089,38.5947],[-119.5955,38.5903],[-119.5843,38.552],[-119.571,38.5417],[-119.5669,38.5253],[-119.5609,38.5255],[-119.5562,38.5166],[-119.5575,38.5021],[-119.5429,38.4997],[-119.5423,38.4812],[-119.5461,38.4741],[-119.5562,38.4697],[-119.5564,38.4475],[-119.57,38.4349],[-119.5614,38.4198],[-119.563,38.409],[-119.5837,38.3969],[-119.6012,38.4054],[-119.6221,38.3939],[-119.6066,38.3672],[-119.6356,38.3539],[-119.6279,38.3481],[-119.6392,38.3269],[-119.7,38.3652],[-119.6943,38.3851],[-119.6987,38.4098],[-119.7079,38.4173],[-119.7506,38.4174],[-119.7706,38.4067],[-119.8014,38.4015],[-119.8147,38.3875],[-119.8376,38.3824],[-119.8847,38.3562],[-120.0537,38.4556],[-120.0726,38.4471],[-120.0725,38.5099],[-120.1034,38.5054],[-120.1115,38.4985],[-120.1252,38.4958],[-120.1394,38.4983],[-120.1643,38.4942],[-120.2077,38.501],[-120.2409,38.4854],[-120.2599,38.4867],[-120.2691,38.4778],[-120.2948,38.4772],[-120.331,38.4652],[-120.3649,38.4666],[-120.3807,38.461],[-120.3881,38.4667],[-120.4232,38.4733],[-120.4614,38.4462],[-120.4954,38.4496],[-120.5301,38.4189],[-120.5376,38.4185],[-120.5408,38.4231],[-120.5716,38.4139],[-120.5743,38.4018],[-120.6087,38.3975],[-120.6171,38.3782],[-120.6101,38.3707],[-120.6185,38.3665],[-120.6197,38.3577],[-120.6283,38.3554],[-120.6318,38.3399],[-120.6385,38.3408],[-120.6565,38.3309],[-120.6749,38.3307],[-120.6882,38.3189],[-120.7383,38.3078],[-120.7549,38.2883],[-120.7985,38.2856],[-120.8073,38.2889],[-120.8105,38.2816],[-120.8177,38.2835],[-120.822,38.2755],[-120.8468,38.2643],[-120.8557,38.2483],[-120.8801,38.2406],[-120.8926,38.2195],[-120.8811,38.2148],[-120.8819,38.2035],[-120.8937,38.1984]]]},"properties":{"geoid":"06008","state":"06","district":"8","name":"Assembly District 8","chamber":"Assembly"}},{"type":"Feature","geometry":{"type":"Polygon","coordinates":[[[-121.6856,38.1597],[-121.5804,38.1261],[-121.5755,38.1295],[-121.5841,38.1202],[-121.5835,38.1135],[-121.564,38.1014],[-121.58,38.0944],[-121.5754,38.0765],[-121.5606,38.0709],[-121.5562,38.0607],[-121.5116,38.0531],[-121.489,38.0384],[-121.4598,38.056],[-121.4489,38.0525],[-121.4446,38.0442],[-121.4188,38.0442],[-121.4178,38.0588],[-121.3722,38.0581],[-121.3699,38.0507],[-121.3607,38.0504],[-121.3611,38.058],[-121.3106,38.0578],[-121.3227,38.0363],[-121.3004,38.0354],[-121.3011,38.0428],[-121.2953,38.0442],[-121.2949,38.0372],[-121.2785,38.0372],[-121.2771,38.0576],[-121.2594,38.0576],[-121.2575,38.0033],[-121.2798,37.9945],[-121.2499,37.982],[-121.2369,37.949],[-121.2291,37.9508],[-121.2334,37.9485],[-121.2259,37.9427],[-121.2314,37.9413],[-121.2213,37.9438],[-121.2187,37.9375],[-121.2231,37.9363],[-121.2141,37.931],[-121.2328,37.9314],[-121.226,37.9133],[-121.1979,37.9159],[-121.1999,37.9212],[-121.1824,37.9121],[-121.1915,37.9121],[-121.193,37.9017],[-121.2206,37.9052],[-121.2208,37.9004],[-121.2225,37.9043],[-121.2195,37.8721],[-121.2384,37.8771],[-121.2416,37.8675],[-121.2535,37.8737],[-121.2556,37.8829],[-121.2662,37.8809],[-121.2644,37.8556],[-121.2815,37.8585],[-121.279,37.8821],[-121.3021,37.879],[-121.3033,37.8972],[-121.327,37.8972],[-121.3324,37.8747],[-121.3176,37.8601],[-121.324,37.8478],[-121.3101,37.8262],[-121.3207,37.8209],[-121.315,37.8183],[-121.3199,37.8157],[-121.3177,37.8125],[-121.3321,37.8082],[-121.3331,37.8184],[-121.3396,37.8222],[-121.3421,37.8173],[-121.348,37.8218],[-121.3539,37.8169],[-121.3762,37.8223],[-121.3839,37.8117],[-121.4143,37.8028],[-121.3982,37.8033],[-121.3985,37.7654],[-121.3877,37.7652],[-121.3892,37.7546],[-121.385,37.7546],[-121.385,37.7499],[-121.3801,37.7517],[-121.38,37.7398],[-121.3618,37.7459],[-121.3711,37.7397],[-121.3617,37.7398],[-121.3617,37.73],[-121.3438,37.7425],[-121.343,37.5998],[-121.3387,37.5935],[-121.329,37.5948],[-121.2694,37.6416],[-121.2694,37.6383],[-121.2223,37.6418],[-121.2098,37.6376],[-121.049,37.6387],[-121.0445,37.6431],[-121.0491,37.6458],[-121.0495,37.6628],[-121.0361,37.6678],[-121.0616,37.6892],[-121.0682,37.689],[-121.0744,37.7],[-121.0545,37.7036],[-121.0559,37.7117],[-121.0433,37.7118],[-121.0432,37.7041],[-121.0128,37.7038],[-121.0001,37.6964],[-120.9718,37.7016],[-120.9399,37.6998],[-120.9398,37.6944],[-120.9299,37.6945],[-120.9298,37.689],[-120.9215,37.689],[-120.9216,37.6925],[-120.917,37.6818],[-120.9076,37.6818],[-120.9072,37.6672],[-120.8983,37.6662],[-120.9028,37.6637],[-120.9028,37.6529],[-120.8936,37.653],[-120.8931,37.6312],[-120.9005,37.628],[-120.8978,37.6198],[-120.8848,37.6093],[-120.8882,37.6093],[-120.8882,37.5948],[-120.8776,37.5948],[-120.8699,37.5876],[-120.8654,37.591],[-120.86,37.5884],[-120.8603,37.5943],[-120.8564,37.5947],[-120.7436,37.5947],[-120.7124,37.5511],[-120.5991,37.5511],[-120.3873,37.6335],[-120.6534,37.832],[-120.6349,37.8609],[-120.6051,37.8736],[-120.6064,37.8775],[-120.5978,37.8841],[-120.5993,37.8941],[-120.5929,37.8911],[-120.5884,37.8981],[-120.6022,37.9105],[-120.6057,37.9205],[-120.5996,37.9195],[-120.6022,37.9236],[-120.6121,37.9275],[-120.6161,37.9233],[-120.6227,37.9286],[-120.6177,37.9286],[-120.6223,37.9357],[-120.6055,37.94],[-120.614,37.9523],[-120.6156,37.9648],[-120.6063,37.9743],[-120.6174,37.985],[-120.6463,38.0041],[-120.6511,37.9997],[-120.6496,37.9888],[-120.6906,38.0246],[-120.709,38.0204],[-120.7216,38.0279],[-120.749,38.0183],[-120.7611,38.0256],[-120.7749,38.0205],[-120.7756,38.0136],[-120.797,38.0174],[-120.7785,38.0246],[-120.7882,38.0246],[-120.7882,38.0903],[-120.7804,38.0912],[-120.7848,38.1013],[-120.7899,38.102],[-120.7871,38.1076],[-120.7976,38.1127],[-120.7916,38.1172],[-120.7743,38.1125],[-120.7852,38.1169],[-120.7908,38.1312],[-120.7883,38.1354],[-120.8035,38.1354],[-120.8102,38.1501],[-120.8108,38.1455],[-120.8131,38.1505],[-120.828,38.1483],[-120.8392,38.159],[-120.8508,38.1611],[-120.8394,38.1722],[-120.8447,38.1773],[-120.8431,38.1838],[-120.8922,38.1837],[-120.89,38.194],[-120.8936,38.1985],[-120.8819,38.2035],[-120.8836,38.2092],[-120.8799,38.2113],[-120.8856,38.2187],[-120.8925,38.2191],[-120.8879,38.2223],[-120.8918,38.2296],[-120.8796,38.254],[-120.8911,38.2567],[-120.9086,38.2511],[-120.9193,38.259],[-120.9184,38.2734],[-120.9116,38.2767],[-120.9136,38.2886],[-120.899,38.2965],[-120.9072,38.3229],[-120.907,38.3301],[-120.8985,38.3337],[-120.9045,38.3318],[-120.9195,38.3417],[-120.9288,38.3607],[-120.9061,38.3902],[-120.9084,38.4049],[-120.9001,38.4201],[-120.8995,38.4456],[-120.8982,38.4497],[-120.8874,38.4498],[-120.8897,38.4581],[-120.9045,38.4679],[-120.9113,38.5012],[-120.9355,38.499],[-120.9357,38.4951],[-120.9558,38.5224],[-120.9946,38.5136],[-121.0057,38.5195],[-121.0116,38.5124],[-121.0275,38.5083],[-121.0791,38.6323],[-121.1422,38.6171],[-121.1416,38.6102],[-121.1505,38.6149],[-121.1706,38.6059],[-121.1874,38.5811],[-121.1879,38.5343],[-121.2233,38.5019],[-121.2425,38.5058],[-121.2427,38.5256],[-121.335,38.5439],[-121.3349,38.529],[-121.371,38.5388],[-121.3699,38.5192],[-121.3628,38.5181],[-121.3627,38.5139],[-121.3699,38.5139],[-121.3723,38.4962],[-121.2702,38.4962],[-121.2702,38.4891],[-121.2754,38.4856],[-121.2608,38.4851],[-121.2607,38.4723],[-121.2565,38.4723],[-121.2831,38.4466],[-121.2811,38.4409],[-121.2764,38.4423],[-121.2809,38.4382],[-121.2701,38.429],[-121.2805,38.4298],[-121.2862,38.4211],[-121.2977,38.4289],[-121.3033,38.4132],[-121.3144,38.4187],[-121.3543,38.3815],[-121.3468,38.3614],[-121.3585,38.3728],[-121.4176,38.3723],[-121.4174,38.3795],[-121.4453,38.3793],[-121.4453,38.3721],[-121.4501,38.372],[-121.4546,38.4088],[-121.4652,38.4044],[-121.4628,38.4019],[-121.4725,38.3921],[-121.4809,38.3942],[-121.4933,38.4557],[-121.5011,38.4591],[-121.5049,38.4386],[-121.5326,38.4315],[-121.5133,38.3988],[-121.5148,38.3872],[-121.5243,38.379],[-121.5216,38.3601],[-121.5372,38.3476],[-121.5594,38.3426],[-121.5752,38.3272],[-121.584,38.3317],[-121.605,38.2966],[-121.6007,38.2784],[-121.604,38.2701],[-121.6002,38.2578],[-121.6021,38.2216],[-121.6135,38.1975],[-121.6629,38.1819],[-121.6856,38.1597]]]},"properties":{"geoid":"06009","state":"06","district":"9","name":"Assembly District 9","chamber":"Assembly"}},{"type":"Feature","geometry":{"type":"Polygon","coordinates":[[[-121.559,38.4996],[-121.5427,38.4764],[-121.5089,38.4728],[-121.5019,38.4557],[-121.4943,38.4586],[-121.4809,38.3942],[-121.4725,38.3921],[-121.4628,38.4019],[-121.4652,38.4044],[-121.4546,38.4088],[-121.4501,38.372],[-121.4453,38.3721],[-121.4453,38.3793],[-121.4174,38.3795],[-121.4176,38.3723],[-121.3585,38.3728],[-121.3468,38.3614],[-121.3543,38.3815],[-121.3144,38.4187],[-121.3033,38.4132],[-121.2977,38.4289],[-121.2862,38.4211],[-121.2805,38.4298],[-121.2701,38.429],[-121.2809,38.4382],[-121.2764,38.4423],[-121.2811,38.4409],[-121.2831,38.4466],[-121.2565,38.4723],[-121.2607,38.4723],[-121.2608,38.4851],[-121.2754,38.4856],[-121.2702,38.4891],[-121.2702,38.4962],[-121.3723,38.4962],[-121.3699,38.5139],[-121.3627,38.5139],[-121.3628,38.5181],[-121.3699,38.5192],[-121.371,38.5388],[-121.3909,38.5444],[-121.3907,38.5397],[-121.4132,38.5396],[-121.4231,38.5468],[-121.4647,38.5472],[-121.4742,38.5568],[-121.4734,38.5368],[-121.4665,38.5225],[-121.4717,38.5249],[-121.4772,38.5182],[-121.4697,38.5176],[-121.5218,38.5232],[-121.5126,38.5417],[-121.5305,38.5303],[-121.5252,38.519],[-121.5518,38.5139],[-121.559,38.4996]]]},"properties":{"geoid":"06010","state":"06","district":"10","name":"Assembly District 10","chamber":"Assembly"}},{"type":"Feature","geometry":{"type":"Polygon","coordinates":[[[-122.407,38.1556],[-122.3475,38.0733],[-122.2653,38.0599],[-122.2453,38.064],[-122.2008,38.0579],[-122.1839,38.054],[-122.16,38.0334],[-122.124,38.0357],[-122.0611,38.0621],[-122.0284,38.0592],[-121.9774,38.0668],[-121.9354,38.0488],[-121.9068,38.045],[-121.8747,38.0507],[-121.8621,38.0661],[-121.8468,38.06],[-121.8321,38.0311],[-121.817,38.0215],[-121.7831,38.0185],[-121.7517,38.0243],[-121.7508,38.0091],[-121.7564,37.9921],[-121.7302,37.9688],[-121.7043,37.9688],[-121.7053,37.9587],[-121.7003,37.9588],[-121.6961,37.968],[-121.6914,37.9679],[-121.6945,37.9615],[-121.6822,37.9629],[-121.6842,37.9404],[-121.6832,37.9327],[-121.6779,37.9328],[-121.678,37.9183],[-121.6843,37.9182],[-121.6648,37.8965],[-121.6781,37.8965],[-121.6781,37.8837],[-121.6632,37.8784],[-121.6596,37.8674],[-121.6296,37.8556],[-121.625,37.8452],[-121.6125,37.8462],[-121.6137,37.8674],[-121.6171,37.8674],[-121.615,37.8819],[-121.6231,37.8819],[-121.6231,37.8893],[-121.5691,37.8912],[-121.5662,37.8988],[-121.5728,37.9043],[-121.5633,37.9106],[-121.5651,37.9192],[-121.5564,37.9233],[-121.5636,37.9434],[-121.5576,37.9465],[-121.5674,37.944],[-121.5635,37.9547],[-121.5752,37.955],[-121.5651,37.9598],[-121.5802,37.9764],[-121.5724,37.979],[-121.5825,37.9839],[-121.5761,37.9949],[-121.5789,37.9985],[-121.569,38.0014],[-121.5798,38.0064],[-121.5779,38.0108],[-121.5671,38.012],[-121.5726,38.018],[-121.5575,38.0166],[-121.5642,38.0297],[-121.5714,38.0304],[-121.573,38.0422],[-121.5802,38.0413],[-121.5799,38.0321],[-121.5849,38.0383],[-121.5822,38.0684],[-121.5729,38.0737],[-121.58,38.0944],[-121.564,38.1014],[-121.5835,38.1135],[-121.5841,38.1202],[-121.5755,38.1295],[-121.5804,38.1261],[-121.6856,38.1597],[-121.6629,38.1819],[-121.6135,38.1975],[-121.6021,38.2216],[-121.6002,38.2578],[-121.604,38.2701],[-121.6007,38.2784],[-121.6052,38.2961],[-121.5933,38.3131],[-121.6937,38.3137],[-121.6947,38.5271],[-121.712,38.538],[-121.7387,38.5376],[-121.7651,38.5259],[-121.7717,38.5323],[-121.7858,38.5231],[-121.8601,38.5385],[-121.8844,38.539],[-121.909,38.5296],[-121.9411,38.5333],[-122.0135,38.4887],[-122.0356,38.4961],[-122.0574,38.5174],[-122.1041,38.5134],[-122.1047,38.4909],[-122.1232,38.4496],[-122.1261,38.4275],[-122.0736,38.3615],[-122.0616,38.3261],[-122.068,38.3186],[-122.0648,38.3159],[-122.2061,38.3158],[-122.1988,38.3012],[-122.2034,38.2934],[-122.1882,38.2717],[-122.2121,38.2731],[-122.2166,38.2647],[-122.2131,38.2592],[-122.1933,38.2564],[-122.2015,38.2489],[-122.2119,38.2508],[-122.193,38.2231],[-122.1939,38.2137],[-122.2045,38.2054],[-122.2093,38.1901],[-122.2152,38.1888],[-122.2151,38.1797],[-122.2034,38.1688],[-122.1953,38.1673],[-122.1988,38.1593],[-122.1954,38.155],[-122.407,38.1556]]]},"properties":{"geoid":"06011","state":"06","district":"11","name":"Assembly District 11","chamber":"Assembly"}},{"type":"Feature","geometry":{"type":"Polygon","coordinates":[[[-123.1328,38.2961],[-123.111,38.2673],[-123.0496,38.2143],[-123.0313,38.1815],[-123.0272,38.1642],[-123.0148,38.1491],[-123.0638,38.0365],[-123.0812,38.019],[-123.0851,38.0084],[-123.0794,37.9719],[-123.059,37.9528],[-123.0225,37.9421],[-122.9532,37.9411],[-122.9192,37.9548],[-122.9023,37.9774],[-122.8893,37.9741],[-122.8505,37.9456],[-122.8421,37.9233],[-122.8298,37.9103],[-122.789,37.8938],[-122.778,37.8749],[-122.7579,37.8605],[-122.7158,37.8456],[-122.6757,37.8485],[-122.6123,37.8152],[-122.528,37.8151],[-122.5289,37.8201],[-122.5207,37.8253],[-122.4991,37.8199],[-122.4912,37.8266],[-122.4781,37.8253],[-122.4778,37.8332],[-122.4187,37.8525],[-122.4416,37.9739],[-122.376,38.0485],[-122.3475,38.0733],[-122.4075,38.1578],[-122.3968,38.1615],[-122.3676,38.1588],[-122.3687,38.1827],[-122.3579,38.1826],[-122.3603,38.1971],[-122.3496,38.194],[-122.3507,38.2018],[-122.3642,38.2153],[-122.3665,38.2472],[-122.3738,38.2438],[-122.379,38.2506],[-122.3935,38.2535],[-122.4122,38.2697],[-122.4661,38.2764],[-122.4654,38.2809],[-122.4748,38.2828],[-122.4777,38.2944],[-122.4924,38.287],[-122.4954,38.292],[-122.503,38.2908],[-122.503,38.3018],[-122.4947,38.3045],[-122.5158,38.348],[-122.5067,38.3387],[-122.4936,38.3383],[-122.4904,38.3326],[-122.485,38.3395],[-122.4571,38.3458],[-122.4496,38.3611],[-122.4574,38.3682],[-122.4481,38.3795],[-122.4658,38.3902],[-122.4706,38.4049],[-122.4979,38.4246],[-122.4798,38.4513],[-122.5052,38.4561],[-122.4966,38.4465],[-122.5002,38.4372],[-122.5105,38.4353],[-122.5416,38.4425],[-122.5596,38.4275],[-122.6428,38.4623],[-122.6608,38.4649],[-122.6744,38.4588],[-122.6645,38.4421],[-122.712,38.431],[-122.7234,38.4335],[-122.7679,38.4281],[-122.8159,38.4036],[-122.8174,38.393],[-122.8063,38.392],[-122.8141,38.388],[-122.8121,38.3844],[-122.7813,38.3652],[-122.8049,38.3682],[-122.8423,38.3641],[-122.8518,38.3689],[-122.8793,38.3641],[-122.8792,38.357],[-122.8882,38.3571],[-122.891,38.35],[-122.8876,38.328],[-122.8829,38.328],[-122.8795,38.3134],[-122.8987,38.3175],[-122.9092,38.3143],[-122.9066,38.3199],[-122.9111,38.3212],[-122.921,38.3168],[-122.9165,38.3128],[-122.9216,38.3086],[-122.9256,38.3127],[-122.9354,38.3096],[-122.9343,38.314],[-122.9468,38.3112],[-122.9661,38.317],[-122.97,38.3101],[-122.9948,38.3062],[-122.9936,38.3001],[-123.0027,38.2957],[-123.1328,38.2961]]]},"properties":{"geoid":"06012","state":"06","district":"12","name":"Assembly District 12","chamber":"Assembly"}},{"type":"Feature","geometry":{"type":"Polygon","coordinates":[[[-121.5851,38.0403],[-121.5799,38.0321],[-121.5802,38.0413],[-121.573,38.0422],[-121.5714,38.0304],[-121.5642,38.0297],[-121.5575,38.0166],[-121.5721,38.0184],[-121.5671,38.012],[-121.5799,38.0078],[-121.5688,38.0022],[-121.5792,37.9981],[-121.5761,37.9949],[-121.5824,37.9835],[-121.5724,37.979],[-121.5802,37.9764],[-121.565,37.959],[-121.5752,37.955],[-121.5635,37.9547],[-121.5674,37.944],[-121.5578,37.947],[-121.5636,37.9434],[-121.5564,37.9236],[-121.5651,37.9192],[-121.5633,37.9106],[-121.5728,37.9043],[-121.5659,37.8977],[-121.5759,37.8883],[-121.5793,37.8706],[-121.5734,37.8658],[-121.5794,37.8602],[-121.569,37.8606],[-121.5705,37.8576],[-121.562,37.8531],[-121.5603,37.8586],[-121.5525,37.8611],[-121.5475,37.8552],[-121.5406,37.8576],[-121.54,37.8488],[-121.5341,37.8495],[-121.5382,37.8374],[-121.552,37.83],[-121.5571,37.8158],[-121.5567,37.5427],[-121.5406,37.5298],[-121.5015,37.525],[-121.496,37.5049],[-121.4821,37.5014],[-121.4693,37.4897],[-121.4719,37.4818],[-121.329,37.5948],[-121.3387,37.5935],[-121.343,37.5998],[-121.3438,37.7425],[-121.3617,37.73],[-121.3617,37.7398],[-121.3711,37.7397],[-121.3618,37.7459],[-121.38,37.7398],[-121.3801,37.7517],[-121.385,37.7499],[-121.385,37.7546],[-121.3892,37.7546],[-121.3877,37.7652],[-121.3985,37.7654],[-121.3982,37.8033],[-121.4142,37.8033],[-121.3839,37.8117],[-121.3762,37.8223],[-121.3539,37.8169],[-121.348,37.8218],[-121.3421,37.8173],[-121.3396,37.8222],[-121.3331,37.8184],[-121.3321,37.8082],[-121.3177,37.8125],[-121.3199,37.8157],[-121.315,37.8183],[-121.3207,37.8209],[-121.3101,37.8262],[-121.324,37.8478],[-121.3176,37.8601],[-121.3324,37.8747],[-121.327,37.8972],[-121.3033,37.8972],[-121.3021,37.879],[-121.279,37.8821],[-121.2815,37.8585],[-121.2644,37.8556],[-121.2662,37.8809],[-121.2556,37.8829],[-121.2535,37.8737],[-121.2416,37.8675],[-121.2384,37.8771],[-121.2195,37.8721],[-121.2225,37.9043],[-121.2208,37.9004],[-121.2206,37.9052],[-121.193,37.9017],[-121.1915,37.9121],[-121.1824,37.9121],[-121.1999,37.9212],[-121.1979,37.9159],[-121.226,37.9133],[-121.2328,37.9314],[-121.2141,37.931],[-121.2231,37.9363],[-121.2187,37.9375],[-121.2213,37.9438],[-121.2314,37.9413],[-121.2259,37.9427],[-121.2334,37.9485],[-121.2291,37.9508],[-121.2369,37.949],[-121.2499,37.982],[-121.2798,37.9945],[-121.2575,38.0033],[-121.2594,38.0576],[-121.2771,38.0576],[-121.2785,38.0372],[-121.2949,38.0372],[-121.2953,38.0442],[-121.3011,38.0428],[-121.3004,38.0354],[-121.3227,38.0363],[-121.3106,38.0578],[-121.3611,38.058],[-121.3607,38.0504],[-121.3699,38.0507],[-121.3722,38.0581],[-121.4178,38.0588],[-121.4188,38.0442],[-121.4446,38.0442],[-121.4489,38.0525],[-121.4598,38.056],[-121.4881,38.0383],[-121.5116,38.0531],[-121.5562,38.0607],[-121.5606,38.0709],[-121.5729,38.0742],[-121.5822,38.0684],[-121.5851,38.0403]]]},"properties":{"geoid":"06013","state":"06","district":"13","name":"Assembly District 13","chamber":"Assembly"}},{"type":"Feature","geometry":{"type":"Polygon","coordinates":[[[-122.4416,37.9724],[-122.4323,37.9298],[-122.3738,37.8837],[-122.3559,37.8357],[-122.2861,37.8505],[-122.2691,37.8467],[-122.2661,37.852],[-122.2642,37.8379],[-122.2523,37.8345],[-122.2567,37.8275],[-122.2435,37.8187],[-122.2151,37.8122],[-122.2068,37.8221],[-122.2008,37.814],[-122.1893,37.8144],[-122.1867,37.8235],[-122.1669,37.8134],[-122.1574,37.818],[-122.1773,37.8309],[-122.1858,37.8312],[-122.1845,37.8359],[-122.1796,37.8358],[-122.1838,37.8401],[-122.1704,37.8469],[-122.1886,37.8504],[-122.195,37.8567],[-122.1914,37.8627],[-122.1942,37.8658],[-122.207,37.8659],[-122.2129,37.8576],[-122.2214,37.8655],[-122.2164,37.8691],[-122.2217,37.8796],[-122.2174,37.8795],[-122.2253,37.8903],[-122.2071,37.8964],[-122.227,37.9056],[-122.2451,37.9212],[-122.2555,37.9215],[-122.2711,37.9398],[-122.2537,37.9457],[-122.256,37.9489],[-122.2376,37.9582],[-122.2468,37.964],[-122.2432,37.9711],[-122.2345,37.974],[-122.235,37.9844],[-122.2282,37.9926],[-122.2311,37.9964],[-122.2096,37.9962],[-122.2097,38.0076],[-122.2298,38.0104],[-122.2333,38.0024],[-122.2537,38.0142],[-122.2473,38.0204],[-122.2342,38.0216],[-122.2341,38.0443],[-122.238,38.0451],[-122.2315,38.0497],[-122.2401,38.0533],[-122.2247,38.0561],[-122.2252,38.061],[-122.2453,38.064],[-122.2653,38.0599],[-122.3475,38.0733],[-122.376,38.0485],[-122.4416,37.9724]]]},"properties":{"geoid":"06014","state":"06","district":"14","name":"Assembly District 14","chamber":"Assembly"}},{"type":"Feature","geometry":{"type":"Polygon","coordinates":[[[-122.2711,37.9398],[-122.2555,37.9215],[-122.2458,37.9216],[-122.227,37.9056],[-122.2107,37.8996],[-122.2071,37.9017],[-122.2141,37.9039],[-122.2037,37.9091],[-122.1957,37.9216],[-122.1532,37.9125],[-122.1417,37.916],[-122.1366,37.9095],[-122.1213,37.9094],[-122.118,37.9298],[-122.1012,37.9394],[-122.0958,37.9338],[-122.1038,37.9302],[-122.1039,37.925],[-122.0963,37.9251],[-122.1,37.9174],[-122.0918,37.9173],[-122.0862,37.9261],[-122.0735,37.9263],[-122.0735,37.9333],[-122.055,37.9325],[-122.0596,37.9386],[-122.052,37.9395],[-122.0467,37.9338],[-122.0359,37.9394],[-122.0338,37.932],[-122.0263,37.9315],[-122.002,37.9463],[-121.9853,37.9343],[-121.9806,37.9239],[-121.9806,37.927],[-121.9604,37.9269],[-121.9577,37.9376],[-121.957,37.9341],[-121.9381,37.934],[-121.9386,37.9267],[-121.9327,37.9267],[-121.9326,37.9218],[-121.919,37.9235],[-121.9136,37.9198],[-121.9145,37.9464],[-121.9056,37.9463],[-121.9055,37.939],[-121.8735,37.9382],[-121.8681,37.9442],[-121.8665,37.9382],[-121.8423,37.9375],[-121.8414,37.9431],[-121.8367,37.9433],[-121.8324,37.9305],[-121.8272,37.9331],[-121.8239,37.9296],[-121.8237,37.9181],[-121.8322,37.9182],[-121.8317,37.8958],[-121.8052,37.8963],[-121.8052,37.8907],[-121.8147,37.8868],[-121.8049,37.8701],[-121.8146,37.8676],[-121.814,37.8603],[-121.823,37.8602],[-121.8231,37.8529],[-121.8321,37.8531],[-121.8322,37.839],[-121.8231,37.8391],[-121.8231,37.8274],[-121.8146,37.8245],[-121.8049,37.8123],[-121.7977,37.8144],[-121.7926,37.809],[-121.805,37.7898],[-121.7987,37.7684],[-121.8104,37.7716],[-121.8115,37.7664],[-121.8008,37.7581],[-121.557,37.8165],[-121.552,37.83],[-121.5382,37.8374],[-121.5341,37.8493],[-121.54,37.8488],[-121.5406,37.8576],[-121.5475,37.8552],[-121.5528,37.8612],[-121.5603,37.8586],[-121.562,37.8531],[-121.5705,37.8576],[-121.569,37.8606],[-121.5786,37.858],[-121.5734,37.8658],[-121.5793,37.8706],[-121.5759,37.8883],[-121.5707,37.8921],[-121.6231,37.8893],[-121.6231,37.8819],[-121.615,37.8819],[-121.6128,37.8459],[-121.625,37.8452],[-121.6296,37.8556],[-121.6596,37.8674],[-121.6632,37.8784],[-121.6781,37.8837],[-121.6781,37.8965],[-121.6648,37.8965],[-121.6843,37.9182],[-121.678,37.9183],[-121.6779,37.9328],[-121.6832,37.9327],[-121.6842,37.9404],[-121.6822,37.9629],[-121.6945,37.9615],[-121.6914,37.9679],[-121.6961,37.968],[-121.7003,37.9588],[-121.7053,37.9587],[-121.7043,37.9688],[-121.7302,37.9688],[-121.7564,37.9921],[-121.7508,38.0091],[-121.7517,38.0243],[-121.7831,38.0185],[-121.817,38.0215],[-121.8321,38.0311],[-121.8468,38.06],[-121.8621,38.0661],[-121.8747,38.0507],[-121.9068,38.045],[-121.9354,38.0488],[-121.9774,38.0668],[-122.0284,38.0592],[-122.0611,38.0621],[-122.1431,38.0318],[-122.1646,38.0347],[-122.1839,38.054],[-122.2252,38.061],[-122.2247,38.0561],[-122.2401,38.0533],[-122.2315,38.0497],[-122.238,38.0451],[-122.2341,38.0443],[-122.2342,38.0216],[-122.2473,38.0204],[-122.2537,38.0142],[-122.2333,38.0024],[-122.2298,38.0104],[-122.2097,38.0076],[-122.2096,37.9962],[-122.2311,37.9964],[-122.2282,37.9926],[-122.235,37.9844],[-122.2345,37.974],[-122.2432,37.9711],[-122.2468,37.964],[-122.2376,37.9582],[-122.256,37.9489],[-122.2537,37.9457],[-122.2711,37.9398]]]},"properties":{"geoid":"06015","state":"06","district":"15","name":"Assembly District 15","chamber":"Assembly"}},{"type":"Feature","geometry":{"type":"Polygon","coordinates":[[[-122.2253,37.8903],[-122.2174,37.8795],[-122.2217,37.8796],[-122.2164,37.8691],[-122.2214,37.8655],[-122.2129,37.8576],[-122.2073,37.8657],[-122.1952,37.8662],[-122.1914,37.8627],[-122.195,37.8567],[-122.1886,37.8504],[-122.1704,37.8469],[-122.1838,37.8401],[-122.1796,37.8358],[-122.1845,37.8359],[-122.1858,37.8312],[-122.1688,37.8263],[-122.1407,37.8047],[-122.1137,37.8027],[-122.1212,37.7919],[-122.1155,37.7829],[-122.1101,37.7889],[-122.0989,37.7843],[-122.093,37.7884],[-122.097,37.7824],[-122.0894,37.772],[-122.0941,37.7643],[-122.0746,37.7461],[-122.0745,37.7392],[-122.0811,37.7334],[-122.0753,37.7207],[-122.0656,37.7202],[-122.0592,37.7527],[-122.0513,37.7315],[-122.0543,37.7151],[-122.047,37.7262],[-122.0369,37.7241],[-122.0326,37.7391],[-122.0324,37.7335],[-122.0235,37.7382],[-122.0022,37.7245],[-122.0201,37.708],[-122.0212,37.7015],[-122.0013,37.7037],[-121.9713,37.7296],[-121.96,37.7185],[-121.9105,37.7304],[-121.9102,37.706],[-121.9035,37.6974],[-121.9037,37.6807],[-121.8986,37.6768],[-121.9107,37.67],[-121.8882,37.6436],[-121.8811,37.6235],[-121.8114,37.6236],[-121.8101,37.6199],[-121.8187,37.614],[-121.8138,37.61],[-121.8211,37.5995],[-121.8353,37.5995],[-121.8651,37.5771],[-121.8503,37.5273],[-121.8587,37.5269],[-121.8591,37.5207],[-121.8658,37.5204],[-121.8649,37.5172],[-121.88,37.5214],[-121.8808,37.5079],[-121.8701,37.4807],[-121.8653,37.4846],[-121.4712,37.4828],[-121.4693,37.4897],[-121.4821,37.5014],[-121.496,37.5049],[-121.5015,37.525],[-121.5406,37.5298],[-121.5567,37.5427],[-121.557,37.8165],[-121.8014,37.7583],[-121.8115,37.7664],[-121.8104,37.7716],[-121.7987,37.7684],[-121.805,37.7898],[-121.7926,37.809],[-121.7977,37.8144],[-121.8049,37.8123],[-121.8146,37.8245],[-121.8231,37.8274],[-121.8231,37.8391],[-121.8322,37.839],[-121.8324,37.8458],[-121.8321,37.8531],[-121.8231,37.8529],[-121.823,37.8602],[-121.814,37.8603],[-121.8146,37.8676],[-121.8049,37.8701],[-121.8147,37.8868],[-121.8052,37.8907],[-121.8052,37.8963],[-121.8317,37.8958],[-121.8322,37.9182],[-121.8237,37.9181],[-121.8239,37.9296],[-121.8272,37.9331],[-121.8324,37.9305],[-121.8367,37.9433],[-121.8414,37.9431],[-121.8423,37.9375],[-121.8665,37.9382],[-121.8681,37.9442],[-121.8735,37.9382],[-121.9055,37.939],[-121.9056,37.9463],[-121.9145,37.9464],[-121.9136,37.9198],[-121.919,37.9235],[-121.9326,37.9218],[-121.9327,37.9267],[-121.9386,37.9267],[-121.9381,37.934],[-121.957,37.9341],[-121.9577,37.9376],[-121.9604,37.9269],[-121.9806,37.927],[-121.9806,37.9239],[-121.9853,37.9343],[-122.002,37.9463],[-122.0263,37.9315],[-122.0338,37.932],[-122.0359,37.9394],[-122.0467,37.9338],[-122.052,37.9395],[-122.0596,37.9386],[-122.055,37.9325],[-122.0735,37.9333],[-122.0735,37.9263],[-122.0862,37.9261],[-122.0918,37.9173],[-122.1,37.9174],[-122.0963,37.9251],[-122.1039,37.925],[-122.1038,37.9302],[-122.0958,37.9338],[-122.1012,37.9394],[-122.118,37.9298],[-122.1213,37.9094],[-122.1366,37.9095],[-122.1417,37.916],[-122.1532,37.9125],[-122.1957,37.9216],[-122.2037,37.9091],[-122.2141,37.9039],[-122.2073,37.9012],[-122.2159,37.9003],[-122.2069,37.8961],[-122.2253,37.8903]]]},"properties":{"geoid":"06016","state":"06","district":"16","name":"Assembly District 16","chamber":"Assembly"}},{"type":"Feature","geometry":{"type":"Polygon","coordinates":[[[-122.4719,37.732],[-122.4565,37.724],[-122.4493,37.735],[-122.428,37.732],[-122.4534,37.7082],[-122.2818,37.7082],[-122.3279,37.7812],[-122.3323,37.7821],[-122.3738,37.8837],[-122.4323,37.9298],[-122.4187,37.8525],[-122.454,37.839],[-122.4487,37.8086],[-122.4211,37.8129],[-122.4152,37.7968],[-122.4235,37.7957],[-122.4215,37.7857],[-122.4364,37.7931],[-122.4346,37.7842],[-122.4428,37.783],[-122.4358,37.7691],[-122.4564,37.7515],[-122.4666,37.7528],[-122.4719,37.732]]]},"properties":{"geoid":"06017","state":"06","district":"17","name":"Assembly District 17","chamber":"Assembly"}},{"type":"Feature","geometry":{"type":"Polygon","coordinates":[[[-122.3559,37.8357],[-122.3323,37.7821],[-122.3279,37.7812],[-122.2809,37.7072],[-122.2341,37.707],[-122.2162,37.6955],[-122.2091,37.6961],[-122.2055,37.7026],[-122.2097,37.7111],[-122.189,37.7179],[-122.1981,37.7262],[-122.1754,37.7253],[-122.1703,37.7277],[-122.1742,37.7311],[-122.1698,37.7322],[-122.1716,37.735],[-122.1461,37.7428],[-122.139,37.7309],[-122.1306,37.7337],[-122.1245,37.7286],[-122.12,37.732],[-122.1066,37.7225],[-122.0957,37.7303],[-122.0798,37.7248],[-122.0811,37.7334],[-122.0745,37.7392],[-122.0746,37.7461],[-122.0941,37.7643],[-122.0894,37.772],[-122.097,37.7824],[-122.093,37.7883],[-122.0989,37.7843],[-122.1101,37.7889],[-122.1155,37.7829],[-122.1212,37.7919],[-122.1138,37.8027],[-122.1407,37.8047],[-122.1574,37.818],[-122.1669,37.8134],[-122.1864,37.8235],[-122.186,37.8183],[-122.1932,37.8137],[-122.2008,37.814],[-122.2068,37.8221],[-122.2151,37.8122],[-122.2435,37.8187],[-122.2567,37.8275],[-122.2523,37.8345],[-122.2642,37.8379],[-122.2661,37.852],[-122.2691,37.8467],[-122.2861,37.8505],[-122.3559,37.8357]]]},"properties":{"geoid":"06018","state":"06","district":"18","name":"Assembly District 18","chamber":"Assembly"}},{"type":"Feature","geometry":{"type":"MultiPolygon","coordinates":[[[[-123.1738,37.7757],[-123.17,37.7559],[-123.1568,37.7378],[-123.1261,37.7167],[-123.0929,37.7137],[-123.0749,37.6901],[-123.0686,37.673],[-123.0407,37.6503],[-123.0011,37.6398],[-122.9867,37.6418],[-122.963,37.652],[-122.9414,37.6766],[-122.9359,37.7025],[-122.95,37.7322],[-122.9975,37.7708],[-123.0338,37.7784],[-123.0488,37.7998],[-123.0705,37.8138],[-123.0953,37.8219],[-123.1323,37.8197],[-123.166,37.7969],[-123.1738,37.7757]]],[[[-122.6123,37.8152],[-122.5882,37.7894],[-122.5847,37.7792],[-122.5705,37.6653],[-122.4957,37.6656],[-122.4879,37.6609],[-122.4827,37.6667],[-122.4685,37.6437],[-122.4539,37.6318],[-122.4399,37.6367],[-122.4492,37.6454],[-122.4341,37.6463],[-122.4372,37.6524],[-122.4238,37.6721],[-122.415,37.6729],[-122.4067,37.667],[-122.4079,37.6748],[-122.3966,37.6747],[-122.408,37.6755],[-122.4081,37.6848],[-122.4265,37.693],[-122.421,37.6992],[-122.4134,37.6978],[-122.4051,37.7084],[-122.4534,37.7082],[-122.428,37.732],[-122.4493,37.735],[-122.4565,37.724],[-122.4719,37.7311],[-122.4666,37.7528],[-122.4564,37.7515],[-122.4358,37.7691],[-122.4428,37.783],[-122.4346,37.7842],[-122.4364,37.7931],[-122.4215,37.7857],[-122.4235,37.7957],[-122.4152,37.7968],[-122.4211,37.8129],[-122.4487,37.8086],[-122.454,37.839],[-122.4778,37.8332],[-122.4781,37.8253],[-122.4912,37.8266],[-122.4991,37.8199],[-122.5229,37.8249],[-122.5289,37.8201],[-122.5277,37.8151],[-122.6123,37.8152]]]]},"properties":{"geoid":"06019","state":"06","district":"19","name":"Assembly District 19","chamber":"Assembly"}},{"type":"Feature","geometry":{"type":"Polygon","coordinates":[[[-122.2809,37.7072],[-122.1492,37.5458],[-122.1243,37.5692],[-122.1101,37.5655],[-122.11,37.5605],[-122.0996,37.5649],[-122.0945,37.5619],[-122.0952,37.5667],[-122.0901,37.5644],[-122.0837,37.5684],[-122.079,37.5664],[-122.0838,37.5652],[-122.0808,37.5614],[-122.0701,37.5635],[-122.0602,37.574],[-122.0643,37.5868],[-122.0567,37.5926],[-122.0503,37.5835],[-122.0374,37.5875],[-122.0183,37.5744],[-121.9784,37.6067],[-121.9576,37.5895],[-121.95,37.5981],[-121.9396,37.5988],[-121.9329,37.5917],[-121.9327,37.6056],[-121.9275,37.6056],[-121.9276,37.6287],[-121.9484,37.6509],[-121.9147,37.6502],[-121.9148,37.6339],[-121.9095,37.6262],[-121.9013,37.6204],[-121.8899,37.6257],[-121.8887,37.6219],[-121.8811,37.6235],[-121.8882,37.6436],[-121.9107,37.67],[-121.8986,37.6768],[-121.9037,37.6807],[-121.9035,37.6974],[-121.9102,37.706],[-121.9105,37.7304],[-121.96,37.7185],[-121.9713,37.7296],[-122.0013,37.7037],[-122.0212,37.7015],[-122.0201,37.708],[-122.0022,37.7245],[-122.0235,37.7382],[-122.0324,37.7335],[-122.0326,37.7391],[-122.0369,37.7241],[-122.047,37.7262],[-122.0543,37.7151],[-122.0513,37.7315],[-122.0592,37.7527],[-122.0656,37.7202],[-122.0753,37.7207],[-122.0884,37.7302],[-122.1011,37.7291],[-122.1066,37.7225],[-122.12,37.732],[-122.1245,37.7286],[-122.1306,37.7337],[-122.139,37.7309],[-122.1461,37.7428],[-122.1716,37.735],[-122.1698,37.7322],[-122.1742,37.7311],[-122.1703,37.7277],[-122.1754,37.7253],[-122.1981,37.7262],[-122.189,37.7179],[-122.2097,37.7111],[-122.2055,37.7026],[-122.2091,37.6961],[-122.2162,37.6955],[-122.2341,37.707],[-122.2809,37.7072]]]},"properties":{"geoid":"06020","state":"06","district":"20","name":"Assembly District 20","chamber":"Assembly"}},{"type":"Feature","geometry":{"type":"Polygon","coordinates":[[[-122.4727,37.6338],[-122.4628,37.6193],[-122.451,37.6175],[-122.4458,37.622],[-122.382,37.5589],[-122.3455,37.5112],[-122.3289,37.5008],[-122.2904,37.4901],[-122.291,37.4847],[-122.28,37.4755],[-122.2911,37.4695],[-122.277,37.4627],[-122.2794,37.4603],[-122.2743,37.4562],[-122.268,37.4564],[-122.2639,37.4481],[-122.2573,37.4472],[-122.2469,37.4555],[-122.231,37.4483],[-122.2261,37.4595],[-122.2209,37.4586],[-122.2137,37.4707],[-122.2061,37.4652],[-122.1998,37.4702],[-122.1916,37.4685],[-122.1807,37.4833],[-122.151,37.4662],[-122.1449,37.4582],[-122.1285,37.4518],[-122.1221,37.4536],[-122.1239,37.4611],[-122.1133,37.4675],[-122.0964,37.4661],[-122.0968,37.4619],[-122.0815,37.4778],[-122.1096,37.4976],[-122.2818,37.7082],[-122.4051,37.7084],[-122.4134,37.6978],[-122.421,37.6992],[-122.4265,37.693],[-122.4081,37.6848],[-122.408,37.6755],[-122.3966,37.6747],[-122.4079,37.6748],[-122.4067,37.667],[-122.415,37.6729],[-122.4238,37.6721],[-122.4372,37.6524],[-122.4341,37.6463],[-122.4492,37.6454],[-122.4399,37.6367],[-122.4439,37.6345],[-122.4539,37.6318],[-122.464,37.6388],[-122.4727,37.6338]]]},"properties":{"geoid":"06021","state":"06","district":"21","name":"Assembly District 21","chamber":"Assembly"}},{"type":"Feature","geometry":{"type":"Polygon","coordinates":[[[-121.4868,37.4757],[-121.4843,37.466],[-121.4629,37.4515],[-121.4619,37.4388],[-121.4726,37.4233],[-121.4564,37.4067],[-121.4567,37.3955],[-121.4482,37.3917],[-121.4361,37.3961],[-121.4241,37.3936],[-121.4125,37.3894],[-121.4091,37.3807],[-121.4237,37.3588],[-121.4207,37.3447],[-121.4091,37.3306],[-121.4119,37.3244],[-121.4058,37.311],[-121.4235,37.2953],[-121.4496,37.2939],[-121.4487,37.2903],[-121.4591,37.2823],[-121.454,37.2772],[-121.4557,37.2494],[-121.4487,37.2373],[-121.4227,37.2224],[-121.4169,37.2113],[-121.4088,37.1825],[-121.4134,37.1723],[-121.4077,37.169],[-121.4046,37.156],[-121.3934,37.1481],[-121.3836,37.1515],[-121.3843,37.1662],[-121.3609,37.1843],[-121.3487,37.1811],[-121.3284,37.1659],[-121.3129,37.1701],[-121.2986,37.166],[-121.2811,37.1836],[-121.2621,37.1593],[-121.2371,37.1572],[-121.2268,37.1348],[-121.0674,37.2622],[-121.0675,37.246],[-121.0492,37.2459],[-121.0491,37.2385],[-121.0308,37.2425],[-121.0309,37.2385],[-121.0125,37.2384],[-121.0128,37.2458],[-121.0086,37.2382],[-120.9943,37.2384],[-120.9944,37.2494],[-120.9853,37.2493],[-120.9853,37.253],[-120.9598,37.2493],[-120.9625,37.2667],[-120.9551,37.2681],[-120.958,37.2728],[-120.939,37.2984],[-120.9247,37.2924],[-120.924,37.2857],[-120.9071,37.2882],[-120.8967,37.2965],[-120.8808,37.2976],[-120.8718,37.2852],[-120.8513,37.2954],[-120.8513,37.3059],[-120.8225,37.3057],[-120.8197,37.3129],[-120.833,37.313],[-120.8327,37.342],[-120.8144,37.3419],[-120.8142,37.3568],[-120.8235,37.3568],[-120.8231,37.3816],[-120.8084,37.3834],[-120.8044,37.3941],[-120.796,37.3968],[-120.7948,37.4413],[-120.7893,37.4413],[-120.7887,37.4486],[-120.7763,37.4486],[-120.7766,37.4412],[-120.7675,37.4412],[-120.7677,37.434],[-120.7586,37.4339],[-120.7554,37.4266],[-120.7017,37.4265],[-120.7014,37.4338],[-120.6761,37.4337],[-120.6738,37.427],[-120.6648,37.4246],[-120.6417,37.4321],[-120.6334,37.4292],[-120.6391,37.4292],[-120.6385,37.4255],[-120.6264,37.4228],[-120.6265,37.4184],[-120.631,37.4184],[-120.6313,37.4039],[-120.5761,37.4039],[-120.576,37.4184],[-120.5213,37.4184],[-120.5213,37.4039],[-120.4872,37.404],[-120.4826,37.4184],[-120.4698,37.4136],[-120.4689,37.406],[-120.4553,37.415],[-120.4495,37.4011],[-120.3702,37.4223],[-120.3116,37.4556],[-120.284,37.4629],[-120.3002,37.4843],[-120.2991,37.4888],[-120.3164,37.5053],[-120.3188,37.5208],[-120.3877,37.6334],[-120.5991,37.5511],[-120.7124,37.5511],[-120.7436,37.5947],[-120.8564,37.5947],[-120.8603,37.5943],[-120.86,37.5884],[-120.8654,37.591],[-120.8699,37.5876],[-120.8776,37.5948],[-120.8882,37.5948],[-120.8882,37.6093],[-120.8848,37.6093],[-120.8978,37.6198],[-120.9005,37.628],[-120.8931,37.6312],[-120.8936,37.653],[-120.9028,37.6529],[-120.9028,37.6637],[-120.8983,37.6662],[-120.9072,37.6672],[-120.9076,37.6818],[-120.917,37.6818],[-120.9216,37.6925],[-120.9215,37.689],[-120.9298,37.689],[-120.9299,37.6945],[-120.9398,37.6944],[-120.9399,37.6998],[-120.9718,37.7016],[-121.0001,37.6964],[-121.0128,37.7038],[-121.0432,37.7041],[-121.0433,37.7118],[-121.0559,37.7117],[-121.0545,37.7036],[-121.0744,37.7],[-121.0682,37.689],[-121.0616,37.6892],[-121.0361,37.6678],[-121.0495,37.6628],[-121.0491,37.6458],[-121.0445,37.6431],[-121.049,37.6387],[-121.2098,37.6376],[-121.2223,37.6418],[-121.2694,37.6383],[-121.2694,37.6416],[-121.4745,37.4793],[-121.4868,37.4757]]]},"properties":{"geoid":"06022","state":"06","district":"22","name":"Assembly District 22","chamber":"Assembly"}},{"type":"Feature","geometry":{"type":"Polygon","coordinates":[[[-122.5882,37.5794],[-122.571,37.4845],[-122.5373,37.4507],[-122.5099,37.4416],[-122.5035,37.4119],[-122.467,37.3499],[-122.484,37.2499],[-122.4817,37.2291],[-122.4722,37.2122],[-122.4659,37.1819],[-122.4456,37.15],[-122.4213,37.1351],[-122.4134,37.1218],[-122.3969,37.1099],[-122.3931,37.0872],[-122.3697,37.062],[-122.3364,37.0539],[-122.3139,37.0548],[-122.2894,37.1135],[-122.3118,37.1475],[-122.3177,37.1869],[-122.2427,37.19],[-122.2426,37.2151],[-122.1528,37.2154],[-122.1523,37.2861],[-122.1505,37.2759],[-122.1317,37.2609],[-122.1216,37.2586],[-122.1042,37.2343],[-122.0898,37.2233],[-122.0788,37.223],[-122.0635,37.2101],[-122.0584,37.2171],[-122.0309,37.2135],[-122.0311,37.224],[-122.0044,37.2291],[-122.0052,37.2405],[-121.9952,37.2466],[-121.9919,37.2629],[-121.9626,37.2641],[-121.9515,37.2544],[-121.9414,37.2726],[-121.9338,37.2747],[-121.9342,37.2824],[-121.9235,37.2814],[-121.9226,37.2899],[-121.918,37.2899],[-121.9181,37.2944],[-121.9317,37.2944],[-121.9317,37.298],[-121.9374,37.2942],[-121.9381,37.3024],[-121.944,37.307],[-121.9454,37.3015],[-121.9699,37.301],[-121.9801,37.3028],[-121.9777,37.3081],[-122.0343,37.3123],[-122.0323,37.294],[-122.0499,37.2926],[-122.0506,37.2974],[-122.058,37.2974],[-122.0596,37.2901],[-122.0641,37.2901],[-122.064,37.2827],[-122.0582,37.2827],[-122.0582,37.2791],[-122.0686,37.2792],[-122.0684,37.3003],[-122.0962,37.3009],[-122.0781,37.3232],[-122.0894,37.3267],[-122.0828,37.3311],[-122.0905,37.3396],[-122.082,37.332],[-122.0697,37.3297],[-122.0682,37.3355],[-122.0638,37.3341],[-122.0676,37.3375],[-122.0621,37.3381],[-122.0633,37.3667],[-122.0569,37.3855],[-122.0474,37.3865],[-122.045,37.3945],[-122.0502,37.4047],[-122.0373,37.4019],[-122.0349,37.4263],[-122.0598,37.4268],[-122.0597,37.4641],[-122.0815,37.4778],[-122.0968,37.4619],[-122.0964,37.4661],[-122.1133,37.4675],[-122.1239,37.4611],[-122.1221,37.4536],[-122.1285,37.4518],[-122.1449,37.4582],[-122.151,37.4662],[-122.1807,37.4833],[-122.1916,37.4685],[-122.1998,37.4702],[-122.2061,37.4652],[-122.2137,37.4707],[-122.2209,37.4586],[-122.2261,37.4595],[-122.231,37.4483],[-122.2469,37.4555],[-122.2573,37.4472],[-122.2639,37.4481],[-122.268,37.4564],[-122.2743,37.4562],[-122.2794,37.4603],[-122.277,37.4627],[-122.2911,37.4695],[-122.28,37.4755],[-122.291,37.4847],[-122.2904,37.4901],[-122.3289,37.5008],[-122.3455,37.5112],[-122.382,37.5589],[-122.4458,37.622],[-122.451,37.6175],[-122.4628,37.6193],[-122.4727,37.6321],[-122.4641,37.6388],[-122.4827,37.6667],[-122.4879,37.6609],[-122.4957,37.6656],[-122.5705,37.6653],[-122.5675,37.6392],[-122.5882,37.5794]]]},"properties":{"geoid":"06023","state":"06","district":"23","name":"Assembly District 23","chamber":"Assembly"}},{"type":"Feature","geometry":{"type":"Polygon","coordinates":[[[-122.1492,37.5458],[-122.1096,37.4976],[-122.0519,37.4593],[-122.0362,37.465],[-121.9967,37.4672],[-121.98,37.4609],[-121.9496,37.4614],[-121.9455,37.4692],[-121.9315,37.4609],[-121.9329,37.4554],[-121.9276,37.4569],[-121.9232,37.4428],[-121.9284,37.4305],[-121.9252,37.424],[-121.9311,37.4198],[-121.9177,37.4031],[-121.9242,37.3971],[-121.9289,37.3998],[-121.9407,37.3957],[-121.9356,37.3849],[-121.9477,37.378],[-121.9458,37.3736],[-121.918,37.3735],[-121.9027,37.3643],[-121.8773,37.3612],[-121.8661,37.3542],[-121.8274,37.3806],[-121.8192,37.379],[-121.8153,37.3905],[-121.8037,37.3903],[-121.806,37.3949],[-121.8004,37.3915],[-121.7926,37.4006],[-121.7838,37.3915],[-121.7864,37.4042],[-121.7819,37.4046],[-121.7902,37.4138],[-121.7806,37.4124],[-121.7796,37.4174],[-121.7917,37.4286],[-121.8171,37.434],[-121.8237,37.4396],[-121.8353,37.4388],[-121.8521,37.4805],[-121.8558,37.4845],[-121.8701,37.4807],[-121.8808,37.5079],[-121.88,37.5214],[-121.8649,37.5172],[-121.8658,37.5204],[-121.8591,37.5207],[-121.8587,37.5269],[-121.8503,37.5273],[-121.8651,37.5771],[-121.8353,37.5995],[-121.8211,37.5995],[-121.8138,37.61],[-121.8187,37.614],[-121.8101,37.6199],[-121.8114,37.6236],[-121.8887,37.6219],[-121.8899,37.6257],[-121.9013,37.6204],[-121.9148,37.6339],[-121.9147,37.6502],[-121.9484,37.6509],[-121.9276,37.6287],[-121.9275,37.6056],[-121.9327,37.6056],[-121.9329,37.5917],[-121.9396,37.5988],[-121.95,37.5981],[-121.9576,37.5895],[-121.9784,37.6067],[-122.0183,37.5744],[-122.0374,37.5875],[-122.0503,37.5835],[-122.0567,37.5926],[-122.0643,37.5868],[-122.0602,37.574],[-122.0701,37.5635],[-122.0808,37.5614],[-122.0838,37.5652],[-122.079,37.5664],[-122.0837,37.5684],[-122.0901,37.5644],[-122.0952,37.5667],[-122.0945,37.5619],[-122.0996,37.5649],[-122.11,37.5605],[-122.1101,37.5655],[-122.1243,37.5692],[-122.1492,37.5458]]]},"properties":{"geoid":"06024","state":"06","district":"24","name":"Assembly District 24","chamber":"Assembly"}},{"type":"Feature","geometry":{"type":"Polygon","coordinates":[[[-121.9503,37.3307],[-121.9227,37.3284],[-121.9002,37.3321],[-121.9024,37.3189],[-121.8925,37.3239],[-121.8856,37.3148],[-121.8776,37.32],[-121.8738,37.3165],[-121.8832,37.3101],[-121.8689,37.2861],[-121.8815,37.2821],[-121.8768,37.2757],[-121.8453,37.275],[-121.841,37.266],[-121.8311,37.266],[-121.8307,37.2442],[-121.8261,37.2424],[-121.8041,37.243],[-121.8038,37.2394],[-121.7914,37.2355],[-121.7911,37.2395],[-121.7701,37.2416],[-121.7475,37.2295],[-121.6861,37.1853],[-121.6633,37.1624],[-121.6708,37.1565],[-121.6652,37.1516],[-121.6547,37.1586],[-121.6489,37.1697],[-121.6307,37.1617],[-121.6297,37.1658],[-121.6202,37.1671],[-121.5972,37.1485],[-121.5852,37.1527],[-121.5833,37.1375],[-121.6003,37.133],[-121.5833,37.1118],[-121.5888,37.108],[-121.5817,37.0951],[-121.5752,37.0973],[-121.5634,37.0807],[-121.5555,37.0834],[-121.5473,37.0739],[-121.5561,37.0676],[-121.5375,37.0336],[-121.5299,37.0311],[-121.5165,37.0097],[-121.511,37.006],[-121.4947,37.0165],[-121.4753,36.9841],[-121.4492,36.9889],[-121.4322,36.9725],[-121.4263,36.981],[-121.4013,36.973],[-121.4004,36.9611],[-121.383,36.9692],[-121.3834,36.9605],[-121.2154,36.9612],[-121.2321,36.9689],[-121.2466,36.9852],[-121.2415,36.9974],[-121.2331,36.9993],[-121.2382,37.0093],[-121.2333,37.0117],[-121.2486,37.0337],[-121.2406,37.0318],[-121.2245,37.0397],[-121.2245,37.0562],[-121.2126,37.0551],[-121.2082,37.0613],[-121.2096,37.0682],[-121.2455,37.0891],[-121.2304,37.0969],[-121.2305,37.1048],[-121.2173,37.123],[-121.2323,37.1399],[-121.2366,37.1567],[-121.2621,37.1593],[-121.2811,37.1836],[-121.2986,37.166],[-121.3129,37.1701],[-121.3284,37.1659],[-121.3596,37.1845],[-121.3843,37.1662],[-121.3836,37.1515],[-121.399,37.1501],[-121.4134,37.1723],[-121.4088,37.1825],[-121.4218,37.2213],[-121.4417,37.2311],[-121.4557,37.2494],[-121.454,37.2772],[-121.4581,37.2841],[-121.4436,37.2966],[-121.4368,37.292],[-121.4235,37.2953],[-121.4058,37.311],[-121.4119,37.3244],[-121.4091,37.3306],[-121.4207,37.3447],[-121.4237,37.3588],[-121.4091,37.3807],[-121.4125,37.3894],[-121.4241,37.3936],[-121.4361,37.3961],[-121.4482,37.3917],[-121.4567,37.3955],[-121.4564,37.4067],[-121.4726,37.4233],[-121.4619,37.4388],[-121.4629,37.4515],[-121.4843,37.466],[-121.4868,37.4757],[-121.473,37.4823],[-121.8558,37.4845],[-121.8353,37.4388],[-121.8237,37.4396],[-121.8171,37.434],[-121.7917,37.4286],[-121.7796,37.4174],[-121.7806,37.4124],[-121.7902,37.4138],[-121.7819,37.4046],[-121.7864,37.4042],[-121.7838,37.3915],[-121.7926,37.4006],[-121.8004,37.3915],[-121.806,37.3949],[-121.8037,37.3903],[-121.8153,37.3905],[-121.8192,37.379],[-121.8274,37.3806],[-121.8661,37.3542],[-121.8766,37.361],[-121.9009,37.3638],[-121.918,37.3735],[-121.933,37.3749],[-121.9383,37.3727],[-121.9361,37.3659],[-121.9417,37.3707],[-121.9318,37.3574],[-121.9321,37.3379],[-121.9502,37.3381],[-121.9503,37.3307]]]},"properties":{"geoid":"06025","state":"06","district":"25","name":"Assembly District 25","chamber":"Assembly"}},{"type":"Feature","geometry":{"type":"Polygon","coordinates":[[[-122.0962,37.3009],[-122.0684,37.3003],[-122.0686,37.2792],[-122.0645,37.279],[-122.0582,37.2791],[-122.0582,37.2827],[-122.064,37.2827],[-122.0641,37.2901],[-122.0596,37.2901],[-122.058,37.2974],[-122.0506,37.2974],[-122.0499,37.2926],[-122.0323,37.294],[-122.0343,37.3123],[-121.9777,37.3081],[-121.9801,37.3028],[-121.9699,37.301],[-121.9454,37.3015],[-121.944,37.307],[-121.9381,37.3024],[-121.9374,37.2942],[-121.9317,37.298],[-121.9317,37.2944],[-121.9087,37.2949],[-121.9097,37.3017],[-121.9017,37.3093],[-121.9002,37.3321],[-121.9502,37.3299],[-121.9502,37.3381],[-121.9321,37.3379],[-121.9297,37.348],[-121.9318,37.3574],[-121.9415,37.3665],[-121.9417,37.3707],[-121.9361,37.3659],[-121.9383,37.3727],[-121.9351,37.3723],[-121.9458,37.3736],[-121.9477,37.378],[-121.9356,37.3849],[-121.9407,37.3957],[-121.9289,37.3998],[-121.9242,37.3971],[-121.9177,37.4031],[-121.9311,37.4198],[-121.9252,37.424],[-121.9284,37.4305],[-121.9232,37.4428],[-121.9276,37.4569],[-121.9326,37.4551],[-121.9312,37.4606],[-121.9449,37.4692],[-121.9496,37.4614],[-121.98,37.4609],[-121.9967,37.4672],[-122.0362,37.465],[-122.0503,37.4589],[-122.0597,37.4641],[-122.0598,37.4268],[-122.0349,37.4263],[-122.0373,37.4019],[-122.0502,37.4047],[-122.045,37.3945],[-122.0474,37.3865],[-122.0569,37.3855],[-122.0633,37.3667],[-122.0621,37.3381],[-122.0676,37.3375],[-122.0638,37.3341],[-122.0682,37.3355],[-122.0697,37.3297],[-122.082,37.332],[-122.0905,37.3396],[-122.0828,37.3311],[-122.0894,37.3267],[-122.0781,37.3232],[-122.0962,37.3009]]]},"properties":{"geoid":"06026","state":"06","district":"26","name":"Assembly District 26","chamber":"Assembly"}},{"type":"Feature","geometry":{"type":"Polygon","coordinates":[[[-121.2486,37.0337],[-121.2333,37.0117],[-121.2382,37.0093],[-121.2331,36.9993],[-121.2447,36.9935],[-121.2459,36.983],[-121.2321,36.9689],[-121.2117,36.9574],[-121.2292,36.941],[-121.2343,36.9261],[-121.2242,36.9199],[-121.2217,36.9104],[-121.1983,36.9143],[-121.1843,36.909],[-121.1843,36.8964],[-121.1691,36.885],[-121.1636,36.8692],[-121.1526,36.8654],[-121.1415,36.8367],[-120.9337,36.7519],[-120.6037,36.4882],[-120.5972,36.4882],[-120.5966,36.3285],[-120.6179,36.3188],[-120.6588,36.3162],[-120.6828,36.2943],[-120.6829,36.2868],[-120.6726,36.2805],[-120.6804,36.2671],[-120.673,36.2577],[-120.6815,36.252],[-120.6797,36.2467],[-120.6517,36.2307],[-120.6269,36.2032],[-120.6392,36.1965],[-120.6447,36.1792],[-120.652,36.1741],[-120.6497,36.1682],[-120.6631,36.1712],[-120.6642,36.1657],[-120.6721,36.1632],[-120.6647,36.1473],[-120.6676,36.1381],[-120.6565,36.1326],[-120.6532,36.1188],[-120.6454,36.1162],[-120.6461,36.1047],[-120.6142,36.0951],[-120.608,36.1027],[-120.5994,36.1009],[-120.5898,36.0896],[-120.5961,36.0782],[-120.5882,36.0669],[-120.5666,36.0529],[-120.5454,36.0461],[-120.5404,36.0367],[-120.527,36.0357],[-120.5298,36.0243],[-120.52,36.0209],[-120.5176,36.0275],[-120.4793,36.0107],[-120.4774,36.0008],[-120.4497,35.9884],[-120.4331,35.9689],[-120.4085,35.976],[-120.394,35.9679],[-120.3604,35.9644],[-120.3625,35.9594],[-120.3565,35.9481],[-120.3359,35.9371],[-120.3367,35.9236],[-120.3323,35.9155],[-120.3151,35.9072],[-119.9589,36.1814],[-119.9592,36.401],[-119.9773,36.4009],[-119.9772,36.4155],[-120.0133,36.4152],[-120.0132,36.4299],[-120.0313,36.4299],[-120.0313,36.459],[-120.0177,36.4674],[-120.0106,36.481],[-119.9994,36.4883],[-119.8456,36.4891],[-119.8453,36.5327],[-119.8269,36.5327],[-119.8268,36.5402],[-119.8269,36.5762],[-119.8449,36.5761],[-119.8446,36.6341],[-119.8627,36.634],[-119.8624,36.663],[-119.9073,36.6622],[-119.9075,36.6773],[-119.9344,36.6771],[-119.9343,36.7425],[-119.9164,36.7426],[-119.9163,36.7789],[-119.8489,36.7791],[-119.8341,36.7719],[-119.8444,36.7814],[-119.8416,36.8227],[-119.8646,36.8299],[-119.8704,36.8224],[-119.8885,36.8216],[-119.8895,36.837],[-119.9016,36.8369],[-119.9023,36.8435],[-119.8967,36.8441],[-119.9061,36.8502],[-119.9154,36.845],[-119.9281,36.8485],[-119.9345,36.838],[-119.9435,36.834],[-119.9705,36.8329],[-119.9847,36.8408],[-119.9903,36.8378],[-119.9924,36.8289],[-120.0137,36.8281],[-120.0278,36.8145],[-120.0423,36.8155],[-120.0561,36.8229],[-120.056,36.9166],[-120.0466,36.9166],[-120.0466,36.9238],[-120.0334,36.9237],[-120.0275,36.9295],[-120.022,36.9236],[-120.0324,36.9354],[-120.0149,36.9319],[-120.0103,36.938],[-120.0037,36.938],[-120.0133,36.9597],[-120.0195,36.9599],[-120.0195,36.9526],[-120.033,36.9526],[-120.033,36.9598],[-120.0377,36.9598],[-120.0334,36.979],[-120.042,36.9741],[-120.0362,36.9817],[-120.0416,36.9817],[-120.0415,36.9868],[-120.0554,36.9868],[-120.0563,37.0397],[-120.074,37.04],[-120.0743,37.0212],[-120.0789,37.0254],[-120.1075,37.0233],[-120.1102,37.0038],[-120.1723,37.0546],[-120.1659,37.0546],[-120.1659,37.0837],[-120.1471,37.0835],[-120.147,37.1128],[-120.166,37.1128],[-120.1656,37.0909],[-120.2022,37.0909],[-120.2022,37.1055],[-120.2204,37.1025],[-120.2298,37.1097],[-120.2204,37.1133],[-120.2202,37.1378],[-120.2422,37.1362],[-120.28,37.1223],[-120.3109,37.12],[-120.3109,37.1411],[-120.3038,37.1411],[-120.2899,37.1526],[-120.2439,37.157],[-120.223,37.164],[-120.1876,37.1603],[-120.1741,37.1659],[-120.1646,37.1627],[-120.1151,37.1657],[-120.0521,37.1831],[-120.0622,37.198],[-120.0901,37.2215],[-120.1438,37.2392],[-120.1785,37.2624],[-120.1866,37.2803],[-120.1827,37.2914],[-120.1877,37.3011],[-120.2035,37.3133],[-120.247,37.3802],[-120.2834,37.4244],[-120.2844,37.4317],[-120.275,37.4436],[-120.284,37.4629],[-120.3116,37.4556],[-120.3702,37.4223],[-120.4495,37.4011],[-120.4553,37.415],[-120.4689,37.406],[-120.4698,37.4136],[-120.4826,37.4184],[-120.4872,37.404],[-120.5213,37.4039],[-120.5213,37.4184],[-120.576,37.4184],[-120.5761,37.4039],[-120.6313,37.4039],[-120.631,37.4184],[-120.6265,37.4184],[-120.6264,37.4228],[-120.6385,37.4255],[-120.6391,37.4292],[-120.6334,37.4292],[-120.6417,37.4321],[-120.6648,37.4246],[-120.6738,37.427],[-120.6761,37.4337],[-120.7014,37.4338],[-120.7017,37.4265],[-120.7554,37.4266],[-120.7586,37.4339],[-120.7677,37.434],[-120.7675,37.4412],[-120.7766,37.4412],[-120.7763,37.4486],[-120.7887,37.4486],[-120.7893,37.4413],[-120.7948,37.4413],[-120.796,37.3968],[-120.8044,37.3941],[-120.8084,37.3834],[-120.8231,37.3816],[-120.8235,37.3568],[-120.8142,37.3568],[-120.8144,37.3419],[-120.8327,37.342],[-120.833,37.313],[-120.8197,37.3129],[-120.8225,37.3057],[-120.8513,37.3059],[-120.8513,37.2954],[-120.8718,37.2852],[-120.8808,37.2976],[-120.8967,37.2965],[-120.9071,37.2882],[-120.924,37.2857],[-120.9247,37.2924],[-120.939,37.2984],[-120.958,37.2728],[-120.9551,37.2681],[-120.9625,37.2667],[-120.9598,37.2493],[-120.9853,37.253],[-120.9853,37.2493],[-120.9944,37.2494],[-120.9943,37.2384],[-121.0086,37.2382],[-121.0128,37.2458],[-121.0125,37.2384],[-121.0309,37.2385],[-121.0308,37.2425],[-121.0491,37.2385],[-121.0492,37.2459],[-121.0675,37.246],[-121.0674,37.2622],[-121.2268,37.1348],[-121.2173,37.123],[-121.2305,37.1048],[-121.2304,37.0969],[-121.2455,37.0891],[-121.2096,37.0682],[-121.2082,37.0613],[-121.2126,37.0551],[-121.2245,37.0562],[-121.2245,37.0397],[-121.2406,37.0318],[-121.2486,37.0337]]]},"properties":{"geoid":"06027","state":"06","district":"27","name":"Assembly District 27","chamber":"Assembly"}},{"type":"Feature","geometry":{"type":"Polygon","coordinates":[[[-122.3177,37.1869],[-122.3118,37.1475],[-122.2894,37.1135],[-122.3139,37.0548],[-122.2903,37.0321],[-122.2764,37.0248],[-122.2657,37.0001],[-122.2511,36.9858],[-122.172,36.9427],[-122.1059,36.9172],[-122.0852,36.9413],[-122.0409,36.9409],[-122.0006,36.9546],[-122.0017,36.9681],[-121.9961,36.9812],[-121.9874,36.9899],[-121.9844,37.0036],[-121.9734,37.0133],[-121.9697,37.0064],[-121.9635,37.0121],[-121.9349,37.0102],[-121.9281,37.0151],[-121.9214,36.991],[-121.9155,36.9938],[-121.911,37.0031],[-121.9024,37.0034],[-121.9002,37.0194],[-121.904,37.0212],[-121.894,37.0305],[-121.8958,37.0422],[-121.8817,37.0521],[-121.887,37.0594],[-121.8754,37.0601],[-121.8684,37.0765],[-121.8413,37.0656],[-121.8364,37.054],[-121.8441,37.0413],[-121.8301,37.0336],[-121.8274,37.0224],[-121.8182,37.0165],[-121.822,37.0168],[-121.8047,37.0076],[-121.8012,36.9971],[-121.7936,37.0125],[-121.7789,37.0268],[-121.7542,37.0155],[-121.7397,37.0013],[-121.7353,36.9926],[-121.7397,36.9891],[-121.7146,36.9973],[-121.7147,36.9941],[-121.6958,36.9884],[-121.683,37.003],[-121.6684,37.0027],[-121.6645,37.0092],[-121.656,37.0116],[-121.6354,37.0103],[-121.6309,37.0152],[-121.6393,37.0213],[-121.6373,37.0271],[-121.6335,37.0259],[-121.6305,37.0417],[-121.6499,37.0527],[-121.6462,37.0589],[-121.6333,37.0553],[-121.6245,37.0617],[-121.6284,37.0662],[-121.6169,37.0702],[-121.6304,37.0887],[-121.6165,37.0953],[-121.6287,37.1083],[-121.5953,37.1199],[-121.5893,37.1079],[-121.5833,37.1118],[-121.6003,37.133],[-121.5833,37.1375],[-121.5852,37.1527],[-121.5972,37.1485],[-121.6202,37.1671],[-121.6297,37.1658],[-121.6307,37.1617],[-121.6489,37.1697],[-121.6547,37.1586],[-121.6652,37.1516],[-121.6708,37.1565],[-121.6633,37.1624],[-121.6861,37.1853],[-121.7475,37.2295],[-121.7701,37.2416],[-121.7911,37.2395],[-121.7914,37.2355],[-121.8038,37.2394],[-121.8041,37.243],[-121.8261,37.2424],[-121.8307,37.2442],[-121.8311,37.266],[-121.841,37.266],[-121.8453,37.275],[-121.8768,37.2757],[-121.8815,37.2821],[-121.8689,37.2861],[-121.8832,37.3101],[-121.8738,37.3165],[-121.8776,37.32],[-121.8882,37.3152],[-121.8925,37.3239],[-121.9024,37.3189],[-121.9017,37.3093],[-121.9097,37.3017],[-121.9087,37.2949],[-121.9181,37.2946],[-121.9235,37.2814],[-121.9342,37.2824],[-121.9338,37.2747],[-121.9414,37.2726],[-121.9515,37.2544],[-121.9626,37.2641],[-121.9919,37.2629],[-121.9952,37.2466],[-122.0052,37.2405],[-122.0044,37.2291],[-122.0311,37.224],[-122.0309,37.2135],[-122.0584,37.2171],[-122.0655,37.2103],[-122.079,37.2231],[-122.0898,37.2233],[-122.1042,37.2343],[-122.1216,37.2586],[-122.1317,37.2609],[-122.1505,37.2759],[-122.1523,37.2861],[-122.1528,37.2154],[-122.2426,37.2151],[-122.2427,37.19],[-122.3177,37.1869]]]},"properties":{"geoid":"06028","state":"06","district":"28","name":"Assembly District 28","chamber":"Assembly"}},{"type":"Feature","geometry":{"type":"Polygon","coordinates":[[[-121.8731,36.9704],[-121.8378,36.9401],[-121.7999,36.9261],[-121.806,36.9043],[-121.8053,36.8981],[-121.7988,36.8944],[-121.8047,36.8878],[-121.7932,36.88],[-121.785,36.8857],[-121.7695,36.8851],[-121.7541,36.9028],[-121.7477,36.8954],[-121.7501,36.8785],[-121.74,36.8599],[-121.7547,36.8539],[-121.7424,36.8432],[-121.7385,36.8323],[-121.7446,36.8271],[-121.745,36.8133],[-121.7547,36.7942],[-121.7468,36.7675],[-121.7595,36.7765],[-121.7668,36.7721],[-121.7502,36.7534],[-121.7419,36.7516],[-121.7312,36.7284],[-121.7346,36.7254],[-121.735,36.6787],[-121.7503,36.6753],[-121.7405,36.6592],[-121.7253,36.6526],[-121.7256,36.6467],[-121.7074,36.6421],[-121.6977,36.6327],[-121.7075,36.6147],[-121.6929,36.6015],[-121.6824,36.5987],[-121.6723,36.577],[-121.6621,36.5769],[-121.6621,36.562],[-121.6531,36.5618],[-121.6532,36.5473],[-121.6267,36.541],[-121.6133,36.5329],[-121.6146,36.5301],[-121.5872,36.5244],[-121.5714,36.5036],[-121.5622,36.5036],[-121.5624,36.4959],[-121.5483,36.4873],[-121.5451,36.4748],[-121.5302,36.4747],[-121.5298,36.4597],[-121.521,36.4598],[-121.5217,36.438],[-121.5127,36.438],[-121.5128,36.4307],[-121.4992,36.4308],[-121.5006,36.4137],[-121.4968,36.4133],[-121.5016,36.4098],[-121.4675,36.4008],[-121.4662,36.3939],[-121.4447,36.3796],[-121.4411,36.3687],[-121.4284,36.3722],[-121.4217,36.3604],[-121.4122,36.3548],[-121.3685,36.3469],[-121.3685,36.3432],[-121.3598,36.3413],[-121.3609,36.336],[-121.3378,36.3413],[-121.3374,36.3357],[-121.319,36.343],[-121.3159,36.3322],[-121.3332,36.3245],[-121.3391,36.3144],[-121.3309,36.3144],[-121.3223,36.2801],[-121.3022,36.2803],[-121.2831,36.2327],[-121.2633,36.2328],[-121.2628,36.1963],[-121.2523,36.1831],[-121.256,36.1764],[-121.24,36.1765],[-121.237,36.1711],[-121.2414,36.1614],[-121.2319,36.1635],[-121.234,36.1546],[-121.2469,36.1469],[-121.2439,36.1414],[-121.2309,36.1344],[-121.2264,36.1371],[-121.2261,36.126],[-121.2086,36.126],[-121.1925,36.1089],[-121.1808,36.11],[-121.1626,36.0963],[-121.1732,36.0864],[-121.1657,36.0813],[-121.1709,36.075],[-121.1688,36.0677],[-121.141,36.0677],[-121.1412,36.0719],[-121.1276,36.0684],[-121.1228,36.057],[-121.1094,36.0534],[-121.1093,36.0458],[-121.1004,36.0459],[-121.1003,36.0369],[-121.0885,36.0331],[-121.0854,36.0236],[-121.0474,36.0232],[-121.0401,36.008],[-121.028,36.0012],[-121.0183,35.9878],[-121.004,35.9876],[-121.0055,35.9822],[-120.9866,35.9844],[-120.9962,35.9703],[-120.9887,35.975],[-120.9752,35.966],[-120.9633,35.9647],[-120.9684,35.9526],[-120.9597,35.948],[-120.9574,35.9594],[-120.9484,35.963],[-120.9437,35.9739],[-120.9357,35.9753],[-120.9177,35.9588],[-120.9034,35.9579],[-120.9191,35.9512],[-120.8864,35.9514],[-120.8865,35.947],[-120.8746,35.943],[-120.8759,35.947],[-120.8644,35.9221],[-120.8602,35.9221],[-120.8672,35.9285],[-120.873,35.95],[-120.8539,35.9532],[-120.8331,35.9614],[-120.8331,35.9655],[-120.819,35.9655],[-120.7914,35.9864],[-120.7153,36.0246],[-120.7078,36.0191],[-120.6985,36.0196],[-120.687,36.0292],[-120.6786,36.0238],[-120.6625,36.035],[-120.6672,36.0483],[-120.6573,36.0644],[-120.6751,36.0818],[-120.6731,36.0865],[-120.6509,36.0733],[-120.6495,36.0657],[-120.6338,36.056],[-120.6278,36.0604],[-120.6121,36.0557],[-120.6045,36.0627],[-120.6092,36.0801],[-120.5944,36.0921],[-120.5981,36.0997],[-120.608,36.1027],[-120.6142,36.0951],[-120.6336,36.1033],[-120.6419,36.1013],[-120.6488,36.108],[-120.6454,36.1162],[-120.6532,36.1188],[-120.6557,36.1318],[-120.6676,36.1381],[-120.6647,36.1473],[-120.672,36.1643],[-120.6642,36.1657],[-120.6631,36.1712],[-120.6499,36.168],[-120.652,36.1741],[-120.6447,36.1792],[-120.6392,36.1965],[-120.6269,36.2032],[-120.6517,36.2307],[-120.6797,36.2467],[-120.6815,36.252],[-120.673,36.2577],[-120.6804,36.2671],[-120.6726,36.2805],[-120.6829,36.2868],[-120.6828,36.2943],[-120.6588,36.3162],[-120.6179,36.3188],[-120.5966,36.3285],[-120.5972,36.4882],[-120.6037,36.4882],[-120.9337,36.7519],[-121.1415,36.8367],[-121.1526,36.8654],[-121.1636,36.8692],[-121.1691,36.885],[-121.1843,36.8964],[-121.1843,36.909],[-121.1983,36.9143],[-121.2217,36.9104],[-121.2242,36.9199],[-121.2343,36.9261],[-121.2292,36.941],[-121.2118,36.9571],[-121.2145,36.9612],[-121.3834,36.9605],[-121.383,36.9692],[-121.4004,36.9611],[-121.4013,36.973],[-121.4263,36.981],[-121.4322,36.9725],[-121.4492,36.9889],[-121.4753,36.9841],[-121.4947,37.0165],[-121.511,37.006],[-121.5165,37.0097],[-121.5299,37.0311],[-121.5375,37.0336],[-121.5561,37.0676],[-121.5473,37.0739],[-121.5555,37.0834],[-121.5634,37.0807],[-121.5752,37.0973],[-121.5817,37.0951],[-121.5953,37.1199],[-121.6287,37.1083],[-121.6165,37.0953],[-121.6304,37.0887],[-121.6169,37.0702],[-121.6284,37.0662],[-121.6245,37.0617],[-121.6333,37.0553],[-121.6462,37.0589],[-121.6494,37.0545],[-121.6305,37.0418],[-121.6335,37.0259],[-121.6373,37.0271],[-121.6393,37.0213],[-121.6309,37.0152],[-121.6329,37.0115],[-121.656,37.0116],[-121.6645,37.0092],[-121.6684,37.0027],[-121.683,37.003],[-121.6958,36.9884],[-121.7147,36.9941],[-121.7146,36.9973],[-121.7397,36.9891],[-121.7353,36.9926],[-121.7397,37.0013],[-121.7542,37.0155],[-121.7789,37.0268],[-121.7936,37.0125],[-121.7979,36.9978],[-121.8014,36.9972],[-121.8071,37.0097],[-121.8097,37.0079],[-121.8044,36.9932],[-121.807,36.9887],[-121.8162,36.9944],[-121.8326,36.9872],[-121.8596,36.9865],[-121.8731,36.9704]]]},"properties":{"geoid":"06029","state":"06","district":"29","name":"Assembly District 29","chamber":"Assembly"}},{"type":"Feature","geometry":{"type":"Polygon","coordinates":[[[-122.1059,36.9172],[-122.0764,36.9102],[-122.0011,36.6477],[-122.0407,36.6001],[-122.0444,36.5805],[-122.0375,36.5604],[-122.0175,36.5374],[-122.022,36.5089],[-122.009,36.4753],[-121.9995,36.4665],[-121.9979,36.4433],[-121.9814,36.4209],[-121.9704,36.3834],[-121.9719,36.3578],[-121.9591,36.2871],[-121.9442,36.2696],[-121.9012,36.2397],[-121.8802,36.2103],[-121.8464,36.1903],[-121.8024,36.1783],[-121.7707,36.162],[-121.7278,36.129],[-121.6744,36.0647],[-121.6482,35.9986],[-121.6318,35.9789],[-121.6204,35.9691],[-121.5893,35.9593],[-121.5615,35.9438],[-121.532,35.8848],[-121.501,35.8427],[-121.4561,35.8177],[-121.4285,35.7859],[-121.3935,35.7634],[-121.3937,35.75],[-121.3793,35.727],[-121.379,35.706],[-121.3664,35.6804],[-121.3477,35.665],[-121.3396,35.6424],[-121.3235,35.625],[-121.286,35.6084],[-121.2466,35.6004],[-121.2201,35.5869],[-121.2016,35.5837],[-121.1778,35.5613],[-121.1511,35.5164],[-121.0416,35.42],[-121.015,35.4106],[-120.9896,35.4111],[-120.9597,35.3965],[-120.9333,35.3927],[-120.9283,35.3868],[-120.9308,35.375],[-120.9234,35.3484],[-120.9533,35.2848],[-120.9613,35.25],[-120.9439,35.2138],[-120.9053,35.1772],[-120.8569,35.1428],[-120.822,35.1314],[-120.7911,35.1139],[-120.7463,35.1093],[-120.7255,35.1136],[-120.7179,35.1092],[-120.706,35.127],[-120.6881,35.1144],[-120.6386,35.129],[-120.6309,35.1012],[-120.6005,35.0953],[-120.6006,35.0907],[-120.5916,35.0907],[-120.5899,35.084],[-120.5848,35.0827],[-120.5782,35.0914],[-120.5673,35.0835],[-120.5624,35.0937],[-120.5416,35.0912],[-120.5165,35.0719],[-120.5231,35.0776],[-120.5141,35.0789],[-120.5105,35.071],[-120.4866,35.0527],[-120.4759,35.0606],[-120.4606,35.0395],[-120.4671,35.0347],[-120.4621,35.0296],[-120.468,35.0259],[-120.4564,35.0148],[-120.4606,35.015],[-120.4476,35.008],[-120.4675,34.9946],[-120.4839,34.992],[-120.436,34.9871],[-120.3359,34.9311],[-120.312,34.9038],[-120.2994,34.9071],[-120.3002,34.9154],[-120.2922,34.9319],[-120.2952,34.9485],[-120.304,34.9565],[-120.3019,34.9634],[-120.3156,34.9749],[-120.316,34.984],[-120.3263,34.9857],[-120.3339,34.9956],[-120.3345,35.0063],[-120.3238,35.0173],[-120.3099,35.0092],[-120.2902,35.0154],[-120.2786,35.0116],[-120.2737,35.0208],[-120.2614,35.0266],[-120.2575,35.0176],[-120.25,35.0301],[-120.2407,35.0224],[-120.2099,35.0206],[-120.2033,35.0287],[-120.1884,35.0304],[-120.1864,35.0366],[-120.1805,35.038],[-120.1849,35.0491],[-120.1801,35.0616],[-120.1729,35.0643],[-120.1746,35.0702],[-120.149,35.0845],[-120.1429,35.0822],[-120.1432,35.0957],[-120.13,35.0961],[-120.1276,35.0909],[-120.1169,35.1067],[-120.1096,35.1035],[-120.1022,35.1134],[-120.0979,35.1095],[-120.0933,35.1142],[-120.0821,35.1147],[-120.0793,35.1127],[-120.0849,35.1076],[-120.0724,35.1047],[-120.0673,35.0968],[-120.044,35.086],[-120.0396,35.0892],[-120.0233,35.0803],[-120.014,35.0814],[-120.0136,35.0756],[-120.002,35.0732],[-119.9926,35.0629],[-119.9797,35.0619],[-119.9801,35.0576],[-119.9427,35.0544],[-119.9284,35.0598],[-119.902,35.0358],[-119.8897,35.0406],[-119.8545,35.0321],[-119.8442,35.0155],[-119.8308,35.0058],[-119.801,34.9989],[-119.7893,34.9887],[-119.7804,34.9907],[-119.7456,34.9737],[-119.727,34.9761],[-119.7186,34.9715],[-119.7006,34.9767],[-119.6732,34.9735],[-119.6443,34.9536],[-119.6131,34.9495],[-119.5799,34.9228],[-119.5358,34.8976],[-119.4725,34.9012],[-119.4726,35.0767],[-119.4905,35.0767],[-119.4904,35.0916],[-119.5618,35.0878],[-119.5538,35.1801],[-119.6673,35.175],[-119.6666,35.2626],[-119.8094,35.2637],[-119.8092,35.3509],[-119.8804,35.3511],[-119.88,35.4391],[-119.9932,35.4395],[-119.9974,35.4687],[-120.0151,35.4688],[-120.0143,35.4834],[-120.0329,35.4835],[-120.033,35.4983],[-120.0509,35.4982],[-120.051,35.5131],[-120.069,35.5129],[-120.0688,35.5266],[-120.0868,35.5264],[-120.0862,35.6144],[-120.194,35.6144],[-120.1944,35.7894],[-120.2158,35.7901],[-120.2199,35.8189],[-120.2487,35.828],[-120.2593,35.8451],[-120.2563,35.8554],[-120.2402,35.8659],[-120.2452,35.8731],[-120.2433,35.8777],[-120.2627,35.8961],[-120.2782,35.9068],[-120.3229,35.9078],[-120.3367,35.9236],[-120.336,35.9372],[-120.3565,35.9481],[-120.3625,35.9594],[-120.3604,35.9644],[-120.394,35.9679],[-120.4085,35.976],[-120.4331,35.9689],[-120.4497,35.9884],[-120.4774,36.0008],[-120.4793,36.0107],[-120.5176,36.0275],[-120.52,36.0209],[-120.5298,36.0243],[-120.527,36.0357],[-120.5404,36.0367],[-120.5454,36.0461],[-120.5666,36.0529],[-120.5882,36.0669],[-120.5961,36.0782],[-120.5898,36.0896],[-120.5981,36.0988],[-120.5944,36.0921],[-120.6092,36.0801],[-120.6045,36.0627],[-120.6133,36.0555],[-120.6271,36.0604],[-120.6363,36.0571],[-120.6495,36.0657],[-120.6509,36.0733],[-120.6731,36.0865],[-120.6751,36.0818],[-120.6573,36.0644],[-120.6672,36.0483],[-120.6625,36.035],[-120.6786,36.0238],[-120.687,36.0292],[-120.6985,36.0196],[-120.7078,36.0191],[-120.7153,36.0246],[-120.7914,35.9864],[-120.819,35.9655],[-120.8331,35.9655],[-120.8331,35.9614],[-120.8539,35.9532],[-120.873,35.95],[-120.8672,35.9285],[-120.8602,35.9221],[-120.8689,35.9266],[-120.8759,35.947],[-120.8746,35.943],[-120.8865,35.947],[-120.8864,35.9514],[-120.9191,35.9512],[-120.9034,35.9579],[-120.9177,35.9588],[-120.9357,35.9753],[-120.9437,35.9739],[-120.9484,35.963],[-120.9574,35.9594],[-120.9597,35.948],[-120.9684,35.9526],[-120.9633,35.9647],[-120.9752,35.966],[-120.9887,35.975],[-120.9962,35.9703],[-120.9866,35.9844],[-121.0055,35.9822],[-121.004,35.9876],[-121.0183,35.9878],[-121.028,36.0012],[-121.0401,36.008],[-121.0474,36.0232],[-121.0854,36.0236],[-121.0885,36.0331],[-121.1003,36.0369],[-121.1004,36.0459],[-121.1093,36.0458],[-121.1094,36.0534],[-121.1183,36.0535],[-121.1229,36.0642],[-121.1369,36.0719],[-121.1412,36.0719],[-121.141,36.0677],[-121.1688,36.0677],[-121.1709,36.075],[-121.1657,36.0813],[-121.1734,36.0851],[-121.1646,36.0985],[-121.1808,36.11],[-121.1925,36.1089],[-121.2086,36.126],[-121.2261,36.126],[-121.2264,36.1371],[-121.2309,36.1344],[-121.2439,36.1414],[-121.2469,36.1469],[-121.234,36.1546],[-121.2319,36.1635],[-121.2414,36.1614],[-121.237,36.1711],[-121.24,36.1765],[-121.256,36.1764],[-121.2523,36.1831],[-121.2628,36.1963],[-121.2633,36.2328],[-121.2831,36.2327],[-121.3022,36.2803],[-121.3223,36.2801],[-121.3309,36.3144],[-121.3391,36.3144],[-121.3332,36.3245],[-121.3159,36.3322],[-121.319,36.343],[-121.3374,36.3357],[-121.3378,36.3413],[-121.3609,36.336],[-121.3598,36.3413],[-121.3685,36.3432],[-121.3685,36.3469],[-121.4122,36.3548],[-121.4217,36.3604],[-121.4284,36.3722],[-121.4411,36.3687],[-121.4447,36.3796],[-121.4662,36.3939],[-121.4675,36.4008],[-121.5016,36.4098],[-121.4968,36.4133],[-121.5006,36.4137],[-121.4992,36.4308],[-121.5128,36.4307],[-121.5127,36.438],[-121.5217,36.438],[-121.521,36.4598],[-121.5298,36.4597],[-121.5302,36.4747],[-121.5451,36.4748],[-121.5483,36.4873],[-121.5624,36.4959],[-121.5622,36.5036],[-121.5714,36.5036],[-121.5872,36.5244],[-121.6146,36.5301],[-121.6133,36.5329],[-121.6267,36.541],[-121.6532,36.5473],[-121.6531,36.5618],[-121.6621,36.562],[-121.6621,36.5769],[-121.6723,36.577],[-121.6824,36.5987],[-121.6929,36.6015],[-121.7075,36.6147],[-121.6977,36.6327],[-121.7074,36.6421],[-121.7256,36.6467],[-121.7253,36.6526],[-121.7405,36.6592],[-121.7503,36.6753],[-121.735,36.6787],[-121.7346,36.7254],[-121.7312,36.7284],[-121.7419,36.7516],[-121.7502,36.7534],[-121.7668,36.7721],[-121.7595,36.7765],[-121.7468,36.7675],[-121.7547,36.7942],[-121.745,36.8133],[-121.7446,36.8271],[-121.7385,36.8323],[-121.7424,36.8432],[-121.7547,36.8539],[-121.74,36.8599],[-121.7501,36.8785],[-121.7477,36.8954],[-121.7541,36.9028],[-121.7695,36.8851],[-121.785,36.8857],[-121.7932,36.88],[-121.8047,36.8878],[-121.7988,36.8944],[-121.8053,36.8981],[-121.806,36.9043],[-121.7999,36.9261],[-121.8378,36.9401],[-121.8733,36.9703],[-121.86,36.9864],[-121.8326,36.9872],[-121.8162,36.9944],[-121.807,36.9887],[-121.8044,36.9931],[-121.8156,37.016],[-121.8274,37.0224],[-121.8301,37.0336],[-121.8441,37.0413],[-121.8364,37.054],[-121.8439,37.0683],[-121.8684,37.0765],[-121.8754,37.0601],[-121.887,37.0594],[-121.8817,37.0521],[-121.8958,37.0422],[-121.894,37.0305],[-121.904,37.0212],[-121.9002,37.0194],[-121.9024,37.0034],[-121.911,37.0031],[-121.9155,36.9938],[-121.9214,36.991],[-121.9281,37.0151],[-121.9349,37.0102],[-121.9635,37.0121],[-121.9697,37.0064],[-121.9734,37.0133],[-121.9844,37.0036],[-121.9874,36.9899],[-121.9961,36.9812],[-122.0017,36.9681],[-122.0006,36.9546],[-122.0409,36.9409],[-122.0852,36.9413],[-122.1059,36.9172]]]},"properties":{"geoid":"06030","state":"06","district":"30","name":"Assembly District 30","chamber":"Assembly"}},{"type":"Feature","geometry":{"type":"Polygon","coordinates":[[[-120.0313,36.433],[-120.0313,36.4299],[-120.0132,36.4299],[-120.0133,36.4152],[-119.9772,36.4155],[-119.9773,36.4009],[-119.7531,36.4019],[-119.7463,36.4168],[-119.714,36.4189],[-119.7057,36.427],[-119.6936,36.4245],[-119.6716,36.4311],[-119.6665,36.4188],[-119.5569,36.5021],[-119.5614,36.5034],[-119.5616,36.5107],[-119.5752,36.5107],[-119.5754,36.518],[-119.5683,36.5234],[-119.5753,36.5259],[-119.599,36.5543],[-119.5951,36.5543],[-119.5952,36.5616],[-119.6018,36.5616],[-119.6018,36.5652],[-119.593,36.5652],[-119.593,36.5723],[-119.6018,36.5715],[-119.6018,36.5786],[-119.5971,36.5796],[-119.5996,36.5849],[-119.595,36.5908],[-119.6106,36.5916],[-119.6106,36.6053],[-119.5658,36.6051],[-119.5749,36.5959],[-119.5479,36.5981],[-119.5478,36.6038],[-119.5299,36.6048],[-119.5301,36.5903],[-119.5211,36.5902],[-119.5209,36.6119],[-119.5161,36.6119],[-119.5208,36.6193],[-119.4932,36.6213],[-119.4842,36.6188],[-119.4786,36.6108],[-119.4488,36.6187],[-119.4487,36.626],[-119.4308,36.6258],[-119.4308,36.6186],[-119.413,36.6185],[-119.4129,36.5752],[-119.3051,36.5737],[-119.3044,36.7094],[-119.295,36.715],[-119.2862,36.7134],[-119.2851,36.7282],[-119.2892,36.7306],[-119.2974,36.7234],[-119.3402,36.7151],[-119.3402,36.7045],[-119.3947,36.7053],[-119.3946,36.709],[-119.4125,36.7117],[-119.4128,36.6982],[-119.4574,36.6985],[-119.4574,36.7058],[-119.4693,36.706],[-119.4919,36.7058],[-119.5015,36.6992],[-119.5111,36.699],[-119.511,36.7251],[-119.534,36.7212],[-119.5293,36.7358],[-119.543,36.7357],[-119.5427,36.743],[-119.5562,36.743],[-119.5561,36.7646],[-119.6101,36.7648],[-119.6182,36.7586],[-119.6293,36.7614],[-119.6324,36.7575],[-119.664,36.7575],[-119.664,36.7612],[-119.6731,36.7611],[-119.6731,36.7939],[-119.6865,36.7942],[-119.7003,36.7932],[-119.7004,36.7607],[-119.7337,36.7626],[-119.7317,36.7792],[-119.7363,36.7795],[-119.7363,36.7855],[-119.7317,36.7868],[-119.7317,36.8085],[-119.7542,36.8086],[-119.7541,36.8231],[-119.7744,36.823],[-119.7734,36.8104],[-119.7927,36.8085],[-119.7917,36.7946],[-119.7995,36.7958],[-119.8047,36.7849],[-119.8175,36.793],[-119.8174,36.8083],[-119.8444,36.8083],[-119.8444,36.7814],[-119.8341,36.7719],[-119.8489,36.7791],[-119.9163,36.7789],[-119.9164,36.7426],[-119.9343,36.7425],[-119.9343,36.7352],[-119.9344,36.6771],[-119.9075,36.6773],[-119.9073,36.6622],[-119.8624,36.663],[-119.8627,36.634],[-119.8446,36.6341],[-119.8449,36.5761],[-119.8269,36.5762],[-119.8268,36.5402],[-119.8269,36.5327],[-119.8453,36.5327],[-119.8456,36.4891],[-119.9998,36.4882],[-120.0106,36.481],[-120.0177,36.4674],[-120.0313,36.459],[-120.0313,36.433]]]},"properties":{"geoid":"06031","state":"06","district":"31","name":"Assembly District 31","chamber":"Assembly"}},{"type":"Feature","geometry":{"type":"Polygon","coordinates":[[[-119.8094,35.2742],[-119.8094,35.2637],[-119.6666,35.2626],[-119.6673,35.175],[-119.5538,35.1801],[-119.5618,35.0878],[-119.4904,35.0916],[-119.4905,35.0767],[-119.4726,35.0767],[-119.4725,34.9014],[-119.3837,34.9008],[-119.3819,34.874],[-119.2764,34.8725],[-119.2772,34.8573],[-119.2426,34.8576],[-119.2425,34.8143],[-118.9779,34.8117],[-118.978,34.7898],[-118.8804,34.7887],[-118.8946,34.818],[-118.8804,34.8178],[-118.8833,34.8094],[-118.8721,34.8032],[-118.8541,34.8033],[-118.854,34.8178],[-118.5876,34.8183],[-118.5877,34.8341],[-118.5612,34.8412],[-118.5536,34.8495],[-118.5374,34.8497],[-118.5164,34.8578],[-118.4898,34.8562],[-118.4469,34.8848],[-118.4545,34.9004],[-118.4096,34.9093],[-118.3458,34.9358],[-118.3147,34.97],[-118.2612,35.0041],[-118.2532,35.0328],[-118.2431,35.0451],[-118.2434,35.0538],[-118.2567,35.0532],[-118.2572,35.0801],[-118.2251,35.0829],[-118.2212,35.0798],[-118.2212,35.0681],[-118.2166,35.0702],[-118.2033,35.0829],[-118.1831,35.1187],[-118.1458,35.1644],[-118.0872,35.2184],[-118.0877,35.2491],[-118.0783,35.2561],[-118.0643,35.2865],[-118.0559,35.2916],[-118.0469,35.3078],[-118.0378,35.3463],[-118.0435,35.3587],[-118.0284,35.3768],[-118.0232,35.396],[-118.0259,35.4193],[-118.0121,35.427],[-117.9995,35.4475],[-117.9976,35.4436],[-117.9783,35.4465],[-117.966,35.4557],[-117.9609,35.4482],[-117.9398,35.4404],[-117.9127,35.458],[-117.9003,35.4515],[-117.8944,35.4554],[-117.8817,35.4503],[-117.8628,35.4557],[-117.8445,35.4689],[-117.8264,35.4714],[-117.7746,35.4636],[-117.7676,35.4575],[-117.7681,35.4739],[-117.7627,35.4713],[-117.7621,35.4768],[-117.7497,35.4797],[-117.7516,35.4737],[-117.7396,35.4648],[-117.7273,35.4737],[-117.7035,35.4675],[-117.6883,35.458],[-117.6725,35.4663],[-117.6552,35.4627],[-117.6516,35.4576],[-117.63,35.4575],[-117.6343,35.6516],[-117.6165,35.6516],[-117.6165,35.6807],[-117.6522,35.6808],[-117.6521,35.7099],[-117.6343,35.7098],[-117.6343,35.7977],[-117.9244,35.7984],[-117.923,35.7867],[-118.0081,35.7889],[-118.0077,35.8171],[-117.9986,35.823],[-118.0062,35.829],[-118.0029,35.8413],[-118.0074,35.8582],[-117.9967,35.8695],[-117.9808,35.8675],[-117.9891,35.8813],[-117.982,35.8947],[-117.9903,35.914],[-117.9833,35.9266],[-117.9919,35.9438],[-118.0069,35.9465],[-118.0111,35.9546],[-118.0168,35.9546],[-118.0146,35.9729],[-118.0045,35.9772],[-118.0036,35.9837],[-118.0121,35.9983],[-118.0336,36.0089],[-118.0371,36.0291],[-118.0414,36.0298],[-118.0395,36.0342],[-118.0463,36.0422],[-118.0427,36.0485],[-118.0517,36.0595],[-118.0516,36.0835],[-118.058,36.0919],[-118.0631,36.0892],[-118.0673,36.0934],[-118.0683,36.1085],[-118.0646,36.1104],[-118.0735,36.1403],[-118.0597,36.1508],[-118.0626,36.1622],[-118.0593,36.1701],[-118.07,36.1786],[-118.0737,36.1894],[-118.0907,36.1973],[-118.1056,36.2134],[-118.1092,36.2255],[-118.1052,36.2336],[-118.1194,36.2556],[-118.1174,36.2712],[-118.1276,36.2803],[-118.127,36.3002],[-118.1201,36.3022],[-118.1216,36.3068],[-118.1118,36.3083],[-118.1125,36.322],[-118.0976,36.3311],[-118.1003,36.3461],[-118.1242,36.3519],[-118.1305,36.3703],[-118.141,36.3716],[-118.1629,36.3894],[-118.1403,36.4035],[-118.1388,36.4189],[-118.1568,36.4326],[-118.1749,36.4265],[-118.2098,36.4303],[-118.2148,36.435],[-118.2096,36.4421],[-118.2159,36.4567],[-118.2326,36.4663],[-118.237,36.477],[-118.2499,36.4824],[-118.235,36.4937],[-118.2414,36.5],[-118.2388,36.5236],[-118.2467,36.5214],[-118.2509,36.5256],[-118.252,36.5421],[-118.292,36.5622],[-118.2898,36.5732],[-118.2941,36.5774],[-118.288,36.5837],[-118.289,36.5907],[-118.278,36.5923],[-118.2746,36.5973],[-118.2816,36.6045],[-118.2939,36.6051],[-118.3028,36.619],[-118.3213,36.6274],[-118.3188,36.6389],[-118.3382,36.6554],[-118.3295,36.6654],[-118.3312,36.6694],[-118.3475,36.6723],[-118.352,36.6829],[-118.3661,36.6904],[-118.3347,36.7053],[-118.339,36.7278],[-118.3513,36.741],[-118.3606,36.7448],[-118.5555,36.7447],[-118.555,36.7391],[-118.9824,36.7416],[-118.9848,36.6571],[-119.3046,36.6606],[-119.305,36.5882],[-119.2641,36.5871],[-119.2407,36.5601],[-119.2149,36.5451],[-119.2263,36.533],[-119.234,36.5314],[-119.2465,36.5128],[-119.2332,36.4991],[-119.2149,36.4943],[-119.2147,36.4859],[-119.2051,36.4858],[-119.2054,36.4718],[-119.1466,36.4723],[-119.1436,36.4627],[-119.1347,36.4572],[-119.1348,36.45],[-119.1168,36.45],[-119.1167,36.4427],[-119.0982,36.4246],[-119.0851,36.4282],[-119.0868,36.4228],[-119.0809,36.4227],[-119.0809,36.4173],[-119.072,36.4174],[-119.072,36.4137],[-119.063,36.4137],[-119.0627,36.4066],[-119.0411,36.4065],[-119.029,36.4004],[-119.0408,36.3885],[-119.0823,36.3803],[-119.0996,36.3712],[-119.1001,36.3584],[-119.1163,36.3585],[-119.1149,36.3258],[-119.1704,36.3264],[-119.1711,36.312],[-119.1982,36.3122],[-119.1943,36.2975],[-119.2032,36.2975],[-119.2073,36.2833],[-119.2166,36.2834],[-119.2172,36.2768],[-119.2211,36.2796],[-119.2188,36.2831],[-119.2251,36.2832],[-119.2248,36.3272],[-119.2338,36.3272],[-119.2339,36.3345],[-119.243,36.3346],[-119.2431,36.3429],[-119.2204,36.3491],[-119.2459,36.3422],[-119.2875,36.3418],[-119.2879,36.3338],[-119.3052,36.3335],[-119.3142,36.3357],[-119.3143,36.3419],[-119.3231,36.3419],[-119.3231,36.3492],[-119.3143,36.3493],[-119.3143,36.3532],[-119.3228,36.3525],[-119.3223,36.3564],[-119.297,36.3563],[-119.297,36.3644],[-119.3088,36.3708],[-119.3322,36.3741],[-119.3321,36.371],[-119.3947,36.3709],[-119.3946,36.342],[-119.4035,36.342],[-119.4036,36.3598],[-119.4296,36.3636],[-119.4282,36.3555],[-119.4394,36.3567],[-119.4371,36.3382],[-119.4214,36.339],[-119.4095,36.329],[-119.4214,36.3274],[-119.4211,36.2035],[-119.3843,36.2034],[-119.3846,36.2256],[-119.3695,36.2257],[-119.3544,36.233],[-119.3564,36.245],[-119.3494,36.2452],[-119.3458,36.2403],[-119.3224,36.2404],[-119.3222,36.2476],[-119.313,36.2477],[-119.3129,36.226],[-119.3033,36.2261],[-119.3033,36.2111],[-119.172,36.2108],[-119.1716,36.1963],[-119.1177,36.1962],[-119.1185,36.2244],[-119.1006,36.2241],[-119.1006,36.2332],[-119.0771,36.2337],[-119.0645,36.2244],[-119.0567,36.2035],[-119.0464,36.1999],[-119.0449,36.1347],[-119.036,36.1347],[-119.036,36.1309],[-119.0449,36.1309],[-119.0449,36.1236],[-119.0179,36.1236],[-119.0181,36.1164],[-119.0271,36.1133],[-119.0269,36.1094],[-119.0019,36.1095],[-119.0088,36.1038],[-119.0087,36.0852],[-118.9774,36.0803],[-118.9775,36.0733],[-118.9661,36.0714],[-118.9683,36.066],[-118.9628,36.0613],[-118.9493,36.0587],[-118.9446,36.0505],[-118.9371,36.0509],[-118.9506,36.0442],[-118.966,36.0479],[-118.9776,36.0439],[-118.9777,36.0332],[-118.9909,36.0332],[-118.9822,36.0296],[-118.9822,36.0223],[-118.9732,36.022],[-118.9733,36.0077],[-118.9822,36.0078],[-118.9823,35.9872],[-118.961,35.9659],[-118.9478,35.9445],[-118.9478,35.9205],[-118.9652,35.9205],[-118.9652,35.9273],[-118.9755,35.9274],[-118.9755,35.917],[-119.0002,35.9134],[-119.0001,35.8593],[-118.9812,35.8447],[-118.9623,35.8379],[-118.9944,35.8272],[-118.9897,35.8211],[-118.9818,35.8207],[-118.9847,35.8092],[-118.9906,35.8092],[-118.9928,35.7979],[-118.9969,35.798],[-118.9807,35.7907],[-119.0534,35.7908],[-119.0527,35.7508],[-119.0648,35.7192],[-119.0625,35.7015],[-119.0666,35.6894],[-119.051,35.6894],[-119.0449,35.6565],[-119.039,35.6538],[-119.0307,35.6506],[-119.0216,35.6578],[-119.0272,35.6633],[-119.0095,35.6631],[-119.0093,35.6557],[-118.9767,35.6507],[-118.9671,35.6423],[-118.9597,35.6444],[-118.9656,35.6362],[-118.9626,35.6321],[-118.988,35.626],[-118.9859,35.6168],[-118.9716,35.6116],[-118.968,35.5975],[-118.9714,35.5926],[-118.9594,35.586],[-118.9578,35.4415],[-118.9497,35.4413],[-118.9498,35.4324],[-118.959,35.4258],[-118.9463,35.4314],[-118.9485,35.4212],[-118.942,35.4242],[-118.9239,35.4198],[-118.9141,35.4125],[-118.9132,35.3969],[-118.9498,35.3962],[-118.9497,35.3832],[-118.938,35.3833],[-118.9378,35.3796],[-118.9265,35.3856],[-118.9135,35.3803],[-118.8964,35.3836],[-118.8964,35.3617],[-118.862,35.362],[-118.8439,35.3744],[-118.8432,35.3382],[-118.8027,35.3279],[-118.7686,35.2993],[-118.7527,35.2924],[-118.7526,35.2094],[-118.8063,35.2092],[-118.8059,35.1805],[-118.8151,35.1803],[-118.8152,35.1912],[-118.824,35.191],[-118.8237,35.1656],[-118.8421,35.1655],[-118.8781,35.1654],[-118.8781,35.1942],[-118.9335,35.1939],[-118.9322,35.2087],[-118.95,35.2087],[-118.9498,35.194],[-118.9676,35.194],[-118.9684,35.1797],[-118.9769,35.1792],[-118.977,35.1541],[-118.9962,35.1466],[-119.0036,35.1701],[-119.0031,35.2596],[-119.0212,35.262],[-119.0205,35.2571],[-119.039,35.2598],[-119.0434,35.2561],[-119.0434,35.2669],[-119.0526,35.267],[-119.0505,35.2814],[-119.0744,35.2816],[-119.0745,35.296],[-119.0922,35.2961],[-119.0922,35.3108],[-119.0744,35.3107],[-119.0745,35.3347],[-119.0608,35.3382],[-119.0583,35.3631],[-119.0407,35.3685],[-119.0029,35.3684],[-119.0039,35.3792],[-119.0192,35.3872],[-119.0187,35.3962],[-119.0029,35.3975],[-119.0054,35.4018],[-118.9986,35.406],[-118.9987,35.4122],[-119.0076,35.4123],[-119.0044,35.42],[-119.0128,35.4194],[-119.0123,35.4268],[-119.0012,35.436],[-119.0052,35.4413],[-119.0166,35.4414],[-119.0192,35.4564],[-119.0268,35.4592],[-119.0262,35.4633],[-119.0472,35.4594],[-119.052,35.4523],[-119.0557,35.4544],[-119.054,35.4413],[-119.305,35.4418],[-119.3053,35.3984],[-119.3232,35.3985],[-119.3233,35.3877],[-119.3051,35.3877],[-119.3055,35.3692],[-119.3411,35.3766],[-119.3412,35.3621],[-119.3947,35.3621],[-119.3991,35.3693],[-119.4675,35.3692],[-119.4675,35.3839],[-119.5136,35.3828],[-119.5451,35.3679],[-119.5612,35.3778],[-119.5462,35.3902],[-119.554,35.3902],[-119.5631,35.3829],[-119.7584,35.383],[-119.7908,35.3643],[-119.7844,35.3537],[-119.7911,35.3498],[-119.7922,35.3371],[-119.8092,35.3454],[-119.8094,35.2742]]]},"properties":{"geoid":"06032","state":"06","district":"32","name":"Assembly District 32","chamber":"Assembly"}},{"type":"Feature","geometry":{"type":"Polygon","coordinates":[[[-120.3151,35.9072],[-120.2769,35.9065],[-120.2433,35.8777],[-120.2452,35.8731],[-120.2402,35.8659],[-120.2563,35.8554],[-120.2593,35.8451],[-120.2445,35.824],[-120.2199,35.8189],[-120.214,35.7893],[-118.9807,35.7907],[-118.9969,35.798],[-118.9928,35.7979],[-118.9906,35.8092],[-118.9847,35.8092],[-118.9818,35.8207],[-118.9897,35.8211],[-118.9944,35.8272],[-118.9623,35.8379],[-118.9812,35.8447],[-119.0001,35.8593],[-119.0002,35.9134],[-118.9755,35.917],[-118.9755,35.9274],[-118.9652,35.9273],[-118.9652,35.9205],[-118.9478,35.9205],[-118.9478,35.9445],[-118.9613,35.9663],[-118.9819,35.9864],[-118.9822,36.0078],[-118.9733,36.0077],[-118.9732,36.022],[-118.9822,36.0223],[-118.9822,36.0296],[-118.9909,36.0332],[-118.9777,36.0332],[-118.9776,36.0439],[-118.966,36.0479],[-118.9506,36.0442],[-118.9371,36.0509],[-118.9446,36.0505],[-118.9493,36.0587],[-118.9628,36.0613],[-118.9683,36.066],[-118.9661,36.0714],[-118.9775,36.0733],[-118.9774,36.0803],[-119.0087,36.0852],[-119.0088,36.1038],[-119.0019,36.1095],[-119.0269,36.1094],[-119.0271,36.1133],[-119.0181,36.1164],[-119.0179,36.1236],[-119.0449,36.1236],[-119.0449,36.1309],[-119.036,36.1309],[-119.036,36.1347],[-119.0449,36.1347],[-119.0464,36.1999],[-119.0567,36.2035],[-119.0645,36.2244],[-119.0771,36.2337],[-119.1006,36.2332],[-119.1006,36.2241],[-119.1185,36.2244],[-119.1177,36.1962],[-119.1716,36.1963],[-119.172,36.2108],[-119.3033,36.2111],[-119.3033,36.2261],[-119.3129,36.226],[-119.313,36.2477],[-119.3222,36.2476],[-119.3224,36.2404],[-119.3458,36.2403],[-119.3494,36.2452],[-119.3564,36.245],[-119.3544,36.233],[-119.3695,36.2257],[-119.3846,36.2256],[-119.3843,36.2034],[-119.4211,36.2035],[-119.4214,36.3274],[-119.4095,36.329],[-119.4214,36.339],[-119.4371,36.3382],[-119.4394,36.3567],[-119.4282,36.3555],[-119.4296,36.3636],[-119.4036,36.3598],[-119.4035,36.342],[-119.3946,36.342],[-119.3947,36.3709],[-119.3321,36.371],[-119.3322,36.3741],[-119.3088,36.3708],[-119.297,36.3644],[-119.297,36.3563],[-119.3223,36.3564],[-119.3228,36.3525],[-119.3143,36.3532],[-119.3143,36.3493],[-119.3231,36.3492],[-119.3231,36.3419],[-119.3143,36.3419],[-119.3142,36.3357],[-119.3052,36.3335],[-119.2879,36.3338],[-119.2875,36.3418],[-119.2459,36.3422],[-119.2204,36.3491],[-119.2431,36.3429],[-119.243,36.3346],[-119.2339,36.3345],[-119.2338,36.3272],[-119.2248,36.3272],[-119.2251,36.2832],[-119.2188,36.2831],[-119.2211,36.2796],[-119.2172,36.2768],[-119.2166,36.2834],[-119.2073,36.2833],[-119.2032,36.2975],[-119.1943,36.2975],[-119.1982,36.3122],[-119.1711,36.312],[-119.1704,36.3264],[-119.1149,36.3258],[-119.1163,36.3585],[-119.1001,36.3584],[-119.0996,36.3712],[-119.0823,36.3803],[-119.0408,36.3885],[-119.029,36.4004],[-119.0411,36.4065],[-119.0627,36.4066],[-119.063,36.4137],[-119.072,36.4137],[-119.072,36.4174],[-119.0809,36.4173],[-119.0809,36.4227],[-119.0868,36.4228],[-119.0851,36.4282],[-119.0982,36.4246],[-119.1167,36.4427],[-119.1168,36.45],[-119.1348,36.45],[-119.1347,36.4572],[-119.1436,36.4627],[-119.1466,36.4723],[-119.2054,36.4718],[-119.2051,36.4858],[-119.2147,36.4859],[-119.2149,36.4943],[-119.2332,36.4991],[-119.2465,36.5128],[-119.234,36.5314],[-119.2143,36.5443],[-119.2407,36.5601],[-119.2641,36.5871],[-119.305,36.5882],[-119.3051,36.5737],[-119.4128,36.5752],[-119.413,36.6185],[-119.4308,36.6186],[-119.4308,36.6258],[-119.4487,36.626],[-119.4488,36.6187],[-119.4786,36.6108],[-119.4842,36.6188],[-119.4932,36.6213],[-119.5208,36.6193],[-119.5161,36.6119],[-119.5209,36.6119],[-119.5211,36.5902],[-119.5301,36.5903],[-119.5299,36.6048],[-119.5478,36.6038],[-119.5479,36.5981],[-119.5749,36.5959],[-119.5658,36.6051],[-119.6106,36.6053],[-119.6106,36.5916],[-119.595,36.5908],[-119.5996,36.5849],[-119.5971,36.5796],[-119.6018,36.5786],[-119.6018,36.5715],[-119.593,36.5723],[-119.593,36.5652],[-119.6018,36.5652],[-119.6018,36.5616],[-119.5952,36.5616],[-119.5951,36.5543],[-119.599,36.5543],[-119.5753,36.5259],[-119.5683,36.5234],[-119.5754,36.518],[-119.5752,36.5107],[-119.5616,36.5107],[-119.5614,36.5034],[-119.5569,36.5021],[-119.6664,36.4189],[-119.6716,36.4311],[-119.6936,36.4245],[-119.7057,36.427],[-119.714,36.4189],[-119.7463,36.4168],[-119.7531,36.4019],[-119.9592,36.401],[-119.9589,36.1814],[-120.3151,35.9072]]]},"properties":{"geoid":"06033","state":"06","district":"33","name":"Assembly District 33","chamber":"Assembly"}},{"type":"Feature","geometry":{"type":"Polygon","coordinates":[[[-118.8945,34.818],[-118.7384,34.4991],[-118.7053,34.5187],[-118.6819,34.5452],[-118.6775,34.5398],[-118.6677,34.5396],[-118.6627,34.5598],[-118.659,34.5552],[-118.6574,34.5593],[-118.6624,34.5725],[-118.6562,34.5879],[-118.6448,34.5777],[-118.6326,34.575],[-118.6317,34.5698],[-118.6241,34.5722],[-118.6269,34.5672],[-118.62,34.5667],[-118.6266,34.5599],[-118.6246,34.5492],[-118.6156,34.5585],[-118.6183,34.544],[-118.5939,34.5567],[-118.5847,34.5436],[-118.5805,34.5489],[-118.5849,34.5529],[-118.5804,34.5517],[-118.5734,34.5622],[-118.5637,34.5645],[-118.5771,34.5537],[-118.5666,34.5513],[-118.5761,34.5524],[-118.5736,34.5473],[-118.5819,34.5399],[-118.5721,34.5373],[-118.5872,34.5321],[-118.5821,34.525],[-118.589,34.5255],[-118.5885,34.5037],[-118.5379,34.5039],[-118.5422,34.4835],[-118.5202,34.4817],[-118.5201,34.4889],[-118.5113,34.489],[-118.5113,34.4963],[-118.4938,34.4961],[-118.4939,34.4888],[-118.5025,34.4824],[-118.4752,34.4812],[-118.4749,34.4889],[-118.4661,34.4882],[-118.4661,34.4959],[-118.4604,34.4923],[-118.458,34.4959],[-118.4401,34.4959],[-118.4403,34.4813],[-118.3775,34.4812],[-118.379,34.4673],[-118.3432,34.4674],[-118.3433,34.4611],[-118.33,34.467],[-118.3357,34.4376],[-118.3257,34.4375],[-118.3248,34.3792],[-118.2664,34.379],[-118.2607,34.3861],[-118.2618,34.3825],[-118.2492,34.3792],[-118.1912,34.3815],[-118.1462,34.3775],[-118.0587,34.3832],[-117.9744,34.3805],[-117.9774,34.388],[-117.9676,34.4035],[-117.9711,34.4303],[-117.9762,34.4309],[-117.973,34.4385],[-117.9759,34.4702],[-117.9915,34.4702],[-117.9922,34.4992],[-118.0301,34.4992],[-118.0305,34.5147],[-118.0558,34.5276],[-118.0707,34.5287],[-118.0825,34.5379],[-118.1144,34.5058],[-118.1109,34.5215],[-118.1144,34.5324],[-118.1305,34.5462],[-118.1339,34.5931],[-118.1424,34.6018],[-118.121,34.6018],[-118.1279,34.6459],[-118.1655,34.6457],[-118.1661,34.7187],[-118.1394,34.7187],[-118.1556,34.8207],[-117.4942,34.8212],[-117.4448,34.6751],[-117.4188,34.6768],[-117.4179,34.6708],[-117.4158,34.6762],[-117.4032,34.6747],[-117.4008,34.6599],[-117.3615,34.6598],[-117.3591,34.6452],[-117.392,34.6453],[-117.3899,34.6012],[-117.4008,34.6012],[-117.3985,34.572],[-117.3742,34.5722],[-117.3741,34.5573],[-117.3475,34.5571],[-117.3476,34.5647],[-117.3107,34.567],[-117.3024,34.5629],[-117.2874,34.5335],[-117.3033,34.5236],[-117.3038,34.5],[-117.3125,34.4999],[-117.3121,34.4707],[-117.2791,34.469],[-117.2961,34.4469],[-117.305,34.4064],[-117.3099,34.4071],[-117.3106,34.398],[-117.3551,34.3977],[-117.355,34.3687],[-117.3725,34.3688],[-117.3726,34.3623],[-117.4125,34.34],[-117.417,34.3296],[-117.4244,34.3287],[-117.4255,34.3398],[-117.4334,34.3398],[-117.4343,34.3629],[-117.4441,34.3458],[-117.4797,34.3375],[-117.4809,34.3195],[-117.4532,34.2929],[-117.4491,34.254],[-117.4093,34.2248],[-117.3999,34.2207],[-117.3953,34.2286],[-117.3864,34.2293],[-117.3882,34.2203],[-117.3794,34.2237],[-117.3726,34.2134],[-117.357,34.2156],[-117.3482,34.2084],[-117.3357,34.2084],[-117.3354,34.2191],[-117.3482,34.2229],[-117.3482,34.2265],[-117.3344,34.2301],[-117.3351,34.2224],[-117.3216,34.2216],[-117.3267,34.2187],[-117.3316,34.2009],[-117.3252,34.1943],[-117.3049,34.2008],[-117.3097,34.1892],[-117.2973,34.1839],[-117.2963,34.1908],[-117.2788,34.191],[-117.2831,34.2011],[-117.2874,34.201],[-117.2873,34.2104],[-117.279,34.208],[-117.2698,34.19],[-117.2262,34.1935],[-117.2268,34.1648],[-117.2086,34.1643],[-117.2086,34.1573],[-117.1998,34.1574],[-117.2,34.1465],[-117.1736,34.1499],[-117.1736,34.1428],[-117.1651,34.146],[-117.1726,34.1368],[-117.1825,34.1357],[-117.1806,34.1324],[-117.2022,34.1358],[-117.2022,34.1321],[-117.1956,34.1321],[-117.2,34.1272],[-117.2149,34.1315],[-117.2131,34.1271],[-117.2044,34.1262],[-117.2044,34.1076],[-117.2088,34.1026],[-117.1994,34.1026],[-117.1999,34.099],[-117.1824,34.099],[-117.1828,34.1058],[-117.1955,34.1212],[-117.1607,34.1211],[-117.1324,34.1134],[-117.1259,34.1167],[-117.1257,34.1097],[-117.0995,34.1093],[-117.0948,34.0985],[-117.0861,34.0986],[-117.0861,34.0913],[-117.0689,34.0915],[-117.0602,34.0842],[-117.0686,34.077],[-117.0606,34.077],[-117.0604,34.0806],[-117.0488,34.0784],[-117.0328,34.0957],[-117.0138,34.1044],[-116.9234,34.0892],[-116.9099,34.0997],[-116.9071,34.1205],[-116.7178,34.1222],[-116.7179,34.1341],[-116.6991,34.1343],[-116.6993,34.1485],[-116.6824,34.1487],[-116.6829,34.1771],[-116.6476,34.1781],[-116.647,34.2068],[-116.5117,34.2054],[-116.511,34.1985],[-116.4973,34.2019],[-116.4619,34.1881],[-116.4409,34.1948],[-116.4225,34.1934],[-116.4203,34.1662],[-116.335,34.1637],[-116.335,34.1674],[-116.3215,34.1713],[-116.2645,34.1716],[-116.2646,34.1388],[-116.2558,34.1387],[-116.2558,34.1206],[-116.0544,34.1211],[-116.0544,34.1071],[-116.0367,34.107],[-116.0365,34.0748],[-116.0243,34.0676],[-116.0267,34.0533],[-116.0332,34.0507],[-116.038,34.0373],[-116.0464,34.0343],[-115.3162,34.0341],[-115.3161,34.0778],[-115.1361,34.0797],[-115.1136,34.0871],[-115.1245,34.0991],[-115.1262,34.1076],[-115.1458,34.1209],[-115.1372,34.13],[-115.1401,34.1336],[-115.1339,34.1335],[-115.1171,34.1464],[-115.122,34.1579],[-115.1058,34.2427],[-115.1507,34.2656],[-115.1496,34.276],[-115.166,34.2766],[-115.1288,34.2791],[-115.1018,34.2598],[-115.0667,34.4115],[-115.0884,34.418],[-115.0573,34.4889],[-115.0485,34.4906],[-115.0475,34.4947],[-115.0536,34.4931],[-115.067,34.505],[-115.0847,34.5287],[-115.1137,34.5438],[-115.1599,34.5443],[-115.1182,34.591],[-115.1178,34.6001],[-115.1248,34.6049],[-115.1246,34.6125],[-115.1391,34.6116],[-115.1559,34.6252],[-115.1633,34.624],[-115.1679,34.6553],[-115.1803,34.6692],[-115.136,34.6803],[-115.0299,34.683],[-115.0225,34.6931],[-115.0017,34.6914],[-114.9879,34.7511],[-115.0109,34.7392],[-114.9893,34.8372],[-114.9663,34.8434],[-115.0267,34.8294],[-115.051,34.83],[-115.0589,34.8599],[-115.0631,34.9196],[-114.9844,34.9187],[-114.9778,35.0427],[-114.9573,35.0501],[-114.9482,35.2552],[-115.6484,35.8092],[-115.7357,35.8091],[-115.7359,35.7936],[-117.6343,35.7973],[-117.6343,35.7098],[-117.6521,35.7099],[-117.6522,35.6808],[-117.6165,35.6807],[-117.6165,35.6516],[-117.6343,35.6516],[-117.63,35.4575],[-117.6516,35.4576],[-117.6552,35.4627],[-117.6725,35.4663],[-117.6883,35.458],[-117.7035,35.4675],[-117.7273,35.4737],[-117.7396,35.4648],[-117.7516,35.4737],[-117.7497,35.4797],[-117.7621,35.4768],[-117.7627,35.4713],[-117.7681,35.4739],[-117.7676,35.4575],[-117.7746,35.4636],[-117.8264,35.4714],[-117.8445,35.4689],[-117.8628,35.4557],[-117.8817,35.4503],[-117.8944,35.4554],[-117.9003,35.4515],[-117.9127,35.458],[-117.9398,35.4404],[-117.9609,35.4482],[-117.966,35.4557],[-117.9783,35.4465],[-117.9976,35.4436],[-117.9995,35.4475],[-118.0121,35.427],[-118.0259,35.4193],[-118.0232,35.396],[-118.0284,35.3768],[-118.0435,35.3587],[-118.0378,35.3463],[-118.0469,35.3078],[-118.0559,35.2916],[-118.0643,35.2865],[-118.0783,35.2561],[-118.0877,35.2491],[-118.0872,35.2184],[-118.1458,35.1644],[-118.1831,35.1187],[-118.2033,35.0829],[-118.2166,35.0702],[-118.2212,35.0681],[-118.2212,35.0798],[-118.2251,35.0829],[-118.2572,35.0801],[-118.2567,35.0532],[-118.2434,35.0538],[-118.2431,35.0451],[-118.2533,35.0327],[-118.2593,35.0061],[-118.3147,34.97],[-118.3421,34.9383],[-118.4096,34.9093],[-118.4545,34.9004],[-118.4469,34.8848],[-118.4898,34.8562],[-118.5164,34.8578],[-118.5374,34.8497],[-118.5536,34.8495],[-118.5612,34.8412],[-118.5877,34.8341],[-118.5876,34.8183],[-118.854,34.8178],[-118.8541,34.8033],[-118.8721,34.8032],[-118.8833,34.8094],[-118.8804,34.8178],[-118.8945,34.818]]]},"properties":{"geoid":"06034","state":"06","district":"34","name":"Assembly District 34","chamber":"Assembly"}},{"type":"Feature","geometry":{"type":"Polygon","coordinates":[[[-120.1944,35.7894],[-120.194,35.6144],[-120.0862,35.6144],[-120.0868,35.5264],[-120.0688,35.5266],[-120.069,35.5129],[-120.051,35.5131],[-120.0509,35.4982],[-120.033,35.4983],[-120.0329,35.4835],[-120.0143,35.4834],[-120.0151,35.4688],[-119.9974,35.4687],[-119.9932,35.4395],[-119.88,35.4391],[-119.8804,35.3511],[-119.8092,35.3509],[-119.8088,35.345],[-119.7922,35.3371],[-119.7911,35.3498],[-119.7844,35.3537],[-119.7908,35.3643],[-119.7584,35.383],[-119.5631,35.3829],[-119.554,35.3902],[-119.5462,35.3902],[-119.5612,35.3778],[-119.5451,35.3679],[-119.5136,35.3828],[-119.4675,35.3839],[-119.4675,35.3692],[-119.3991,35.3693],[-119.3947,35.3621],[-119.3412,35.3621],[-119.3411,35.3766],[-119.3055,35.3692],[-119.3051,35.3877],[-119.3233,35.3877],[-119.3232,35.3985],[-119.3053,35.3984],[-119.305,35.4418],[-119.054,35.4413],[-119.0557,35.4544],[-119.052,35.4523],[-119.0472,35.4594],[-119.0262,35.4633],[-119.0268,35.4592],[-119.0192,35.4564],[-119.0166,35.4414],[-119.0052,35.4413],[-119.0012,35.436],[-119.0123,35.4268],[-119.0128,35.4194],[-119.0044,35.42],[-119.0076,35.4123],[-118.9987,35.4122],[-118.9986,35.406],[-119.0054,35.4018],[-119.0029,35.3975],[-119.0187,35.3962],[-119.0192,35.3872],[-119.0039,35.3792],[-119.0029,35.3684],[-119.0407,35.3685],[-119.0583,35.3631],[-119.0608,35.3382],[-119.0745,35.3347],[-119.0744,35.3107],[-119.0922,35.3108],[-119.0922,35.2961],[-119.0745,35.296],[-119.0744,35.2816],[-119.0505,35.2814],[-119.0526,35.267],[-119.0434,35.2669],[-119.0434,35.2561],[-119.039,35.2598],[-119.0205,35.2571],[-119.0212,35.262],[-119.0031,35.2596],[-119.0036,35.1701],[-118.9962,35.1466],[-118.977,35.1541],[-118.9769,35.1792],[-118.9684,35.1797],[-118.9676,35.194],[-118.9498,35.194],[-118.95,35.2087],[-118.9322,35.2087],[-118.9335,35.1939],[-118.8781,35.1942],[-118.8781,35.1654],[-118.8421,35.1655],[-118.8237,35.1656],[-118.824,35.191],[-118.8152,35.1912],[-118.8151,35.1803],[-118.8059,35.1805],[-118.8063,35.2092],[-118.7526,35.2094],[-118.7527,35.2924],[-118.7686,35.2993],[-118.8027,35.3279],[-118.8432,35.3382],[-118.8439,35.3744],[-118.862,35.362],[-118.8964,35.3617],[-118.8964,35.3836],[-118.9135,35.3803],[-118.9265,35.3856],[-118.9378,35.3796],[-118.938,35.3833],[-118.9497,35.3832],[-118.9498,35.3962],[-118.9132,35.3969],[-118.9141,35.4125],[-118.9239,35.4198],[-118.942,35.4242],[-118.9485,35.4212],[-118.9463,35.4314],[-118.959,35.4258],[-118.9498,35.4324],[-118.9497,35.4413],[-118.9578,35.4415],[-118.9594,35.586],[-118.9714,35.5926],[-118.968,35.5975],[-118.9716,35.6116],[-118.9859,35.6168],[-118.988,35.626],[-118.9626,35.6321],[-118.9656,35.6362],[-118.9597,35.6444],[-118.9671,35.6423],[-118.9767,35.6507],[-119.0093,35.6557],[-119.0095,35.6631],[-119.0272,35.6633],[-119.0216,35.6578],[-119.0307,35.6506],[-119.039,35.6538],[-119.0449,35.6565],[-119.051,35.6894],[-119.0666,35.6894],[-119.0625,35.7015],[-119.0648,35.7192],[-119.0527,35.7508],[-119.0534,35.7908],[-120.1944,35.7894]]]},"properties":{"geoid":"06035","state":"06","district":"35","name":"Assembly District 35","chamber":"Assembly"}},{"type":"Feature","geometry":{"type":"Polygon","coordinates":[[[-117.1368,33.5984],[-117.1185,33.598],[-117.1331,33.5815],[-117.1365,33.5689],[-117.1302,33.5646],[-117.1209,33.5725],[-117.0946,33.5712],[-117.0837,33.5835],[-117.0831,33.5751],[-117.0769,33.5717],[-117.0317,33.5686],[-117.0312,33.5558],[-117.0442,33.5446],[-117.0188,33.5376],[-117.0123,33.5368],[-116.9824,33.5616],[-116.9794,33.5747],[-116.9719,33.5765],[-116.9481,33.5654],[-116.946,33.5175],[-116.8973,33.5103],[-116.8968,33.503],[-116.9126,33.4834],[-116.9145,33.4639],[-116.8986,33.4561],[-116.8966,33.4501],[-116.9045,33.4512],[-116.9035,33.4466],[-116.8786,33.4405],[-116.8877,33.4346],[-116.8838,33.4269],[-116.0849,33.4263],[-116.0812,33.0749],[-116.1033,33.0748],[-116.1062,32.6184],[-114.7195,32.7187],[-114.7016,32.7456],[-114.6882,32.7375],[-114.6174,32.7283],[-114.6151,32.7345],[-114.5818,32.7349],[-114.5817,32.7423],[-114.5645,32.7423],[-114.5644,32.7496],[-114.5392,32.7498],[-114.5391,32.7569],[-114.5269,32.7571],[-114.5324,32.7769],[-114.5296,32.7955],[-114.5103,32.8165],[-114.4941,32.8233],[-114.469,32.8452],[-114.4629,32.9079],[-114.4766,32.9236],[-114.4809,32.9363],[-114.4685,32.9539],[-114.4684,32.9707],[-114.4754,32.9752],[-114.4929,32.9718],[-114.5029,33.0112],[-114.5201,33.03],[-114.5752,33.0365],[-114.5898,33.0262],[-114.6188,33.0272],[-114.646,33.0489],[-114.6578,33.0338],[-114.6651,33.0339],[-114.6737,33.0419],[-114.6743,33.0572],[-114.687,33.071],[-114.689,33.084],[-114.7065,33.0882],[-114.7037,33.1138],[-114.6799,33.1591],[-114.6754,33.1855],[-114.6787,33.2034],[-114.6736,33.2231],[-114.6895,33.2464],[-114.6721,33.2585],[-114.6805,33.2736],[-114.7217,33.287],[-114.7312,33.3024],[-114.7079,33.3233],[-114.698,33.3524],[-114.7073,33.3825],[-114.7253,33.405],[-114.7018,33.4084],[-114.6879,33.4179],[-114.6737,33.4192],[-114.6567,33.4128],[-114.6433,33.4167],[-114.6296,33.4281],[-114.6229,33.4566],[-114.5924,33.4987],[-114.5695,33.5092],[-114.561,33.5167],[-114.5589,33.5318],[-114.5242,33.5531],[-114.5368,33.571],[-114.5406,33.5914],[-114.5218,33.6125],[-114.5312,33.6239],[-114.5238,33.6347],[-114.5332,33.6517],[-114.5141,33.6602],[-114.5303,33.6668],[-114.5315,33.6751],[-114.524,33.6859],[-114.4965,33.6969],[-114.4942,33.7079],[-114.4966,33.7192],[-114.5123,33.7342],[-114.5049,33.7605],[-114.528,33.815],[-114.52,33.8254],[-114.5299,33.8576],[-114.5147,33.8586],[-114.503,33.868],[-114.5043,33.8769],[-114.5257,33.8994],[-114.5124,33.8984],[-114.5092,33.9072],[-114.5358,33.9275],[-114.5287,33.9478],[-114.5215,33.9559],[-114.4999,33.9618],[-114.4679,33.9929],[-114.4593,33.9947],[-114.4592,34],[-114.4673,34.0052],[-114.4659,34.011],[-114.4548,34.011],[-114.4405,34.0193],[-114.4349,34.0378],[-114.4394,34.0538],[-114.4342,34.0874],[-114.4205,34.1035],[-114.4117,34.11],[-114.3906,34.1101],[-114.3665,34.1186],[-114.3505,34.1341],[-114.3216,34.1381],[-114.287,34.1707],[-114.257,34.1728],[-114.2297,34.1869],[-114.2252,34.2036],[-114.1781,34.24],[-114.1746,34.2473],[-114.1661,34.25],[-114.1646,34.2597],[-114.1315,34.2604],[-114.1383,34.3032],[-114.1572,34.3179],[-114.1769,34.3493],[-114.1995,34.3614],[-114.2261,34.3659],[-114.2643,34.4013],[-114.2887,34.4066],[-114.2948,34.4214],[-114.3261,34.4373],[-114.3354,34.45],[-114.3737,34.4469],[-114.3867,34.4579],[-114.3781,34.5073],[-114.3808,34.5297],[-114.4052,34.5696],[-114.4368,34.5961],[-114.4253,34.6008],[-114.4242,34.6105],[-114.4387,34.6215],[-114.4415,34.6425],[-114.458,34.6571],[-114.4505,34.6668],[-114.4652,34.6912],[-114.4705,34.7114],[-114.4875,34.7166],[-114.492,34.7257],[-114.5166,34.7367],[-114.5527,34.7669],[-114.571,34.7943],[-114.5868,34.8357],[-114.6239,34.8597],[-114.6344,34.8729],[-114.6367,34.8891],[-114.6309,34.9073],[-114.6298,34.943],[-114.6352,34.9651],[-114.6291,34.9861],[-114.6335,35.0019],[-114.9482,35.2552],[-114.9573,35.0501],[-114.9778,35.0427],[-114.9844,34.9187],[-115.0631,34.9196],[-115.0589,34.8599],[-115.051,34.83],[-115.0267,34.8294],[-114.9663,34.8434],[-114.9893,34.8372],[-115.0109,34.7392],[-114.9879,34.7511],[-115.0017,34.6914],[-115.0225,34.6931],[-115.0299,34.683],[-115.136,34.6803],[-115.1803,34.6692],[-115.1679,34.6553],[-115.1633,34.624],[-115.1559,34.6252],[-115.1391,34.6116],[-115.1246,34.6125],[-115.1248,34.6049],[-115.1178,34.6001],[-115.1182,34.591],[-115.1599,34.5443],[-115.1137,34.5438],[-115.0847,34.5287],[-115.067,34.505],[-115.0536,34.4931],[-115.0475,34.4947],[-115.0485,34.4906],[-115.0573,34.4889],[-115.0884,34.418],[-115.0667,34.4115],[-115.1018,34.2598],[-115.1288,34.2791],[-115.166,34.2766],[-115.1496,34.276],[-115.1507,34.2656],[-115.1058,34.2427],[-115.122,34.1579],[-115.1171,34.1464],[-115.1339,34.1335],[-115.1401,34.1336],[-115.1372,34.13],[-115.1458,34.1209],[-115.1262,34.1076],[-115.1245,34.0991],[-115.1136,34.0871],[-115.193,34.0635],[-115.2328,34.0358],[-115.2559,33.8383],[-115.3232,33.7777],[-115.3966,33.7726],[-115.3966,33.7674],[-115.4157,33.7563],[-115.4208,33.7287],[-115.4514,33.7223],[-115.4522,33.7023],[-115.5793,33.6743],[-115.7235,33.6602],[-115.8022,33.6604],[-115.8022,33.6655],[-115.829,33.6714],[-115.8704,33.6706],[-115.8838,33.6657],[-115.9641,33.6796],[-115.961,33.6861],[-115.9797,33.6846],[-115.9959,33.6924],[-116.0648,33.7684],[-116.1458,33.8341],[-116.2563,33.8913],[-116.2666,33.8893],[-116.2749,33.8988],[-116.277,33.894],[-116.3188,33.915],[-116.4063,33.9469],[-116.4062,33.9321],[-116.423,33.9323],[-116.4232,33.9181],[-116.4118,33.9181],[-116.4062,33.9125],[-116.4065,33.9038],[-116.3972,33.9039],[-116.3972,33.8969],[-116.3883,33.8966],[-116.3784,33.8892],[-116.3735,33.8798],[-116.3856,33.8775],[-116.3866,33.8598],[-116.3533,33.8595],[-116.3529,33.8458],[-116.3103,33.8439],[-116.3068,33.8357],[-116.3267,33.8166],[-116.3012,33.8103],[-116.3018,33.7595],[-116.2652,33.7443],[-116.2684,33.7437],[-116.2688,33.722],[-116.2775,33.7219],[-116.2775,33.7146],[-116.2644,33.7147],[-116.2716,33.7028],[-116.2687,33.6854],[-116.2513,33.6854],[-116.2513,33.671],[-116.2339,33.671],[-116.2334,33.6192],[-116.2247,33.6202],[-116.2334,33.5982],[-116.2503,33.5982],[-116.2503,33.5837],[-116.2849,33.584],[-116.285,33.5981],[-116.268,33.5981],[-116.2681,33.6127],[-116.3215,33.6126],[-116.3215,33.6707],[-116.373,33.6702],[-116.3733,33.642],[-116.3992,33.642],[-116.4037,33.6254],[-116.4117,33.6215],[-116.4227,33.6361],[-116.4381,33.6359],[-116.4427,33.6265],[-116.4602,33.6273],[-116.4602,33.6125],[-116.4775,33.6124],[-116.4775,33.627],[-116.4948,33.6269],[-116.495,33.656],[-116.5121,33.6559],[-116.5122,33.6849],[-116.6172,33.6874],[-116.624,33.6603],[-116.6457,33.6375],[-116.67,33.6676],[-116.7041,33.6872],[-116.717,33.7004],[-116.7303,33.7057],[-116.7621,33.6982],[-116.7714,33.7023],[-116.7564,33.7077],[-116.7718,33.7092],[-116.8001,33.7212],[-116.8176,33.7365],[-116.848,33.7409],[-116.8415,33.7288],[-116.8758,33.7295],[-116.8933,33.7348],[-116.8933,33.7298],[-116.9227,33.7304],[-116.9273,33.7117],[-116.9672,33.7148],[-116.9672,33.7228],[-116.9607,33.7236],[-116.9628,33.7295],[-116.9558,33.7349],[-116.9576,33.7463],[-116.9482,33.7441],[-116.9456,33.7477],[-117.0607,33.7437],[-117.071,33.7348],[-117.0731,33.7219],[-117.0808,33.7218],[-117.0806,33.7181],[-117.1198,33.7143],[-117.1196,33.6996],[-117.1365,33.6996],[-117.1368,33.6415],[-117.1191,33.6416],[-117.1189,33.627],[-117.1232,33.627],[-117.1233,33.6343],[-117.1368,33.6342],[-117.1368,33.5984]]]},"properties":{"geoid":"06036","state":"06","district":"36","name":"Assembly District 36","chamber":"Assembly"}},{"type":"Feature","geometry":{"type":"MultiPolygon","coordinates":[[[[-120.7343,34.9048],[-120.7307,34.8864],[-120.7203,34.8692],[-120.6733,34.8386],[-120.6998,34.7709],[-120.7021,34.7483],[-120.6932,34.73],[-120.6647,34.6963],[-120.6865,34.645],[-120.7013,34.63],[-120.7072,34.6162],[-120.7133,34.575],[-120.708,34.5549],[-120.6845,34.5271],[-120.6561,34.5086],[-120.6326,34.5027],[-120.5943,34.5041],[-120.5594,34.4885],[-120.5531,34.471],[-120.5357,34.4527],[-120.5302,34.4289],[-120.501,34.4031],[-120.451,34.3912],[-120.3869,34.4057],[-120.3245,34.4097],[-120.2871,34.4176],[-120.1351,34.4221],[-120.0907,34.4093],[-120.0448,34.4125],[-120.0244,34.4093],[-119.9165,34.3726],[-119.8839,34.3561],[-119.8379,34.3543],[-119.7971,34.3653],[-119.7136,34.336],[-119.6661,34.3545],[-119.6514,34.3667],[-119.6175,34.3687],[-119.5848,34.3617],[-119.5558,34.345],[-119.501,34.3269],[-119.4767,34.3732],[-119.4777,34.3796],[-119.4456,34.4043],[-119.4546,34.4216],[-119.4531,34.4289],[-119.4447,34.4295],[-119.4404,34.4418],[-119.4437,34.9012],[-119.5358,34.8976],[-119.5799,34.9228],[-119.6131,34.9495],[-119.6443,34.9536],[-119.6732,34.9735],[-119.7006,34.9767],[-119.7186,34.9715],[-119.727,34.9761],[-119.7456,34.9737],[-119.7804,34.9907],[-119.7893,34.9887],[-119.801,34.9989],[-119.8308,35.0058],[-119.8442,35.0155],[-119.8545,35.0321],[-119.8897,35.0406],[-119.902,35.0358],[-119.9284,35.0598],[-119.9427,35.0544],[-119.9801,35.0576],[-119.9797,35.0619],[-119.9926,35.0629],[-120.002,35.0732],[-120.0136,35.0756],[-120.014,35.0814],[-120.0233,35.0803],[-120.0396,35.0892],[-120.044,35.086],[-120.0673,35.0968],[-120.0724,35.1047],[-120.0849,35.1076],[-120.0793,35.1127],[-120.0821,35.1147],[-120.0933,35.1142],[-120.0979,35.1095],[-120.1022,35.1134],[-120.1096,35.1035],[-120.1169,35.1067],[-120.1276,35.0909],[-120.13,35.0961],[-120.1432,35.0957],[-120.1429,35.0822],[-120.149,35.0845],[-120.1746,35.0702],[-120.1729,35.0643],[-120.1801,35.0616],[-120.1849,35.0491],[-120.1805,35.038],[-120.1864,35.0366],[-120.1884,35.0304],[-120.2033,35.0287],[-120.2099,35.0206],[-120.2407,35.0224],[-120.25,35.0301],[-120.2575,35.0176],[-120.2614,35.0266],[-120.2737,35.0208],[-120.2786,35.0116],[-120.2902,35.0154],[-120.3099,35.0092],[-120.3238,35.0173],[-120.3345,35.0063],[-120.3339,34.9956],[-120.3263,34.9857],[-120.316,34.984],[-120.3156,34.9749],[-120.3019,34.9634],[-120.304,34.9565],[-120.2952,34.9485],[-120.2922,34.9319],[-120.3002,34.9154],[-120.2994,34.9071],[-120.312,34.9038],[-120.3359,34.9311],[-120.436,34.9871],[-120.4839,34.992],[-120.4675,34.9946],[-120.4476,35.008],[-120.4606,35.015],[-120.4564,35.0148],[-120.468,35.0259],[-120.4621,35.0296],[-120.4671,35.0347],[-120.4606,35.0395],[-120.4759,35.0606],[-120.4866,35.0527],[-120.5105,35.071],[-120.5132,35.0785],[-120.5231,35.0776],[-120.5165,35.0719],[-120.5416,35.0912],[-120.5624,35.0937],[-120.5673,35.0835],[-120.5783,35.0914],[-120.5848,35.0827],[-120.5911,35.0854],[-120.5916,35.0907],[-120.6006,35.0907],[-120.6005,35.0953],[-120.6287,35.0998],[-120.6386,35.129],[-120.6881,35.1144],[-120.706,35.127],[-120.7179,35.1092],[-120.6896,35.0988],[-120.6878,35.0775],[-120.6974,35.018],[-120.7144,34.9635],[-120.7268,34.9438],[-120.7272,34.9233],[-120.7343,34.9048]]],[[[-119.1172,33.5056],[-119.1189,33.5],[-119.1072,33.5],[-119.1097,33.4623],[-119.1062,33.445],[-119.0941,33.4269],[-119.0719,33.4138],[-119.027,33.4129],[-118.9887,33.4234],[-118.9785,33.4311],[-118.9638,33.4668],[-118.9628,33.4852],[-118.971,33.5107],[-118.9821,33.5243],[-119.0009,33.5359],[-119.0307,33.5401],[-119.0765,33.5351],[-119.1042,33.5229],[-119.1172,33.5056]]],[[[-120.5823,34.1075],[-120.5815,34.0915],[-120.567,34.0686],[-120.5501,34.0573],[-120.5234,34.0511],[-120.5259,34.033],[-120.5188,34.0141],[-120.4882,33.9843],[-120.4668,33.9761],[-120.4118,33.977],[-120.3956,33.9674],[-120.3671,33.961],[-120.3323,33.9684],[-120.299,33.9685],[-120.28,33.9539],[-120.2731,33.9296],[-120.2645,33.9189],[-120.2387,33.9041],[-120.2211,33.8842],[-120.1496,33.848],[-120.1173,33.8416],[-120.0278,33.8665],[-120.001,33.8852],[-119.9808,33.8923],[-119.9392,33.8986],[-119.9189,33.9144],[-119.9048,33.9397],[-119.8552,33.9075],[-119.8232,33.8994],[-119.7728,33.9124],[-119.7075,33.9104],[-119.6367,33.9383],[-119.6021,33.9368],[-119.5389,33.9477],[-119.5122,33.9622],[-119.4923,33.9832],[-119.4681,34.0631],[-119.5121,34.0935],[-119.5483,34.1078],[-119.5741,34.1081],[-119.6143,34.0994],[-119.6549,34.0712],[-119.693,34.0949],[-119.751,34.1126],[-119.7926,34.1064],[-119.8292,34.1187],[-119.9134,34.1301],[-119.9478,34.125],[-119.9655,34.1126],[-119.9819,34.0894],[-119.9916,34.0649],[-120.0102,34.084],[-120.0452,34.0906],[-120.0803,34.0864],[-120.1029,34.0745],[-120.135,34.0788],[-120.1711,34.0733],[-120.1976,34.0581],[-120.2249,34.0613],[-120.2528,34.058],[-120.2716,34.0741],[-120.2847,34.0948],[-120.3386,34.1217],[-120.3552,34.145],[-120.4188,34.1606],[-120.4491,34.1506],[-120.4717,34.1341],[-120.4974,34.1499],[-120.5381,34.1503],[-120.5678,34.1356],[-120.5823,34.1075]]]]},"properties":{"geoid":"06037","state":"06","district":"37","name":"Assembly District 37","chamber":"Assembly"}},{"type":"Feature","geometry":{"type":"MultiPolygon","coordinates":[[[[-119.501,34.3269],[-119.467,34.2937],[-119.4286,34.2778],[-119.402,34.2723],[-119.3759,34.2499],[-119.3345,34.2365],[-119.2857,34.1408],[-119.2509,34.1062],[-119.218,34.0625],[-119.159,34.0403],[-119.0579,34.0194],[-119.0609,34.0843],[-119.0809,34.101],[-119.0799,34.1097],[-119.0986,34.1332],[-119.0964,34.1704],[-119.1067,34.1849],[-119.1112,34.2095],[-119.12,34.2218],[-119.0341,34.2169],[-119.0067,34.2469],[-118.9794,34.2645],[-118.9345,34.272],[-118.9099,34.2816],[-118.9101,34.2898],[-118.9205,34.2896],[-118.9205,34.2958],[-118.9097,34.3065],[-118.9097,34.3152],[-118.9054,34.3152],[-118.901,34.3395],[-118.8911,34.341],[-118.8876,34.3498],[-118.8817,34.344],[-118.874,34.344],[-118.8728,34.3529],[-118.8623,34.3573],[-118.8137,34.3604],[-118.8342,34.3453],[-118.821,34.3439],[-118.8178,34.34],[-118.8214,34.3373],[-118.8092,34.3402],[-118.7963,34.3353],[-118.7964,34.3515],[-118.7615,34.3515],[-118.7673,34.3572],[-118.7678,34.3692],[-118.7629,34.3727],[-118.728,34.3651],[-118.7245,34.3586],[-118.7119,34.3541],[-118.6918,34.3634],[-118.6706,34.3607],[-118.8804,34.7887],[-118.978,34.7898],[-118.9779,34.8117],[-119.2425,34.8143],[-119.2426,34.8576],[-119.2772,34.8573],[-119.2764,34.8725],[-119.3819,34.874],[-119.3837,34.9008],[-119.4437,34.9012],[-119.4404,34.4418],[-119.4447,34.4295],[-119.4531,34.4289],[-119.4546,34.4217],[-119.4456,34.4043],[-119.4777,34.3796],[-119.4767,34.3732],[-119.501,34.3269]]],[[[-119.4865,34],[-119.4923,33.9832],[-119.4726,33.9706],[-119.433,33.9559],[-119.3805,33.9536],[-119.3328,33.9677],[-119.3116,33.98],[-119.2962,33.9972],[-119.2931,34.0202],[-119.2976,34.0366],[-119.3121,34.0544],[-119.3425,34.069],[-119.3679,34.0704],[-119.397,34.0638],[-119.4513,34.0664],[-119.4681,34.0631],[-119.4865,34]]],[[[-119.6361,33.2807],[-119.6313,33.245],[-119.6053,33.2069],[-119.5742,33.1865],[-119.512,33.1678],[-119.445,33.1653],[-119.3945,33.1808],[-119.3759,33.1922],[-119.3607,33.2215],[-119.3621,33.2452],[-119.3797,33.2676],[-119.43,33.301],[-119.5191,33.3337],[-119.5435,33.3342],[-119.5992,33.3233],[-119.6259,33.305],[-119.6361,33.2807]]]]},"properties":{"geoid":"06038","state":"06","district":"38","name":"Assembly District 38","chamber":"Assembly"}},{"type":"Feature","geometry":{"type":"Polygon","coordinates":[[[-118.1661,34.7187],[-118.1655,34.6457],[-118.1279,34.6459],[-118.121,34.6018],[-118.1424,34.6018],[-118.1339,34.5931],[-118.1305,34.5462],[-118.1144,34.5324],[-118.1109,34.5215],[-118.1144,34.5058],[-118.0825,34.5379],[-118.0707,34.5287],[-118.0558,34.5276],[-118.0305,34.5147],[-118.0301,34.4992],[-117.9922,34.4992],[-117.9915,34.4702],[-117.9759,34.4702],[-117.9757,34.4388],[-117.9393,34.4391],[-117.9391,34.4318],[-117.9231,34.4316],[-117.9217,34.4261],[-117.8966,34.4264],[-117.8913,34.4212],[-117.8888,34.4265],[-117.6761,34.4261],[-117.6759,34.4044],[-117.6585,34.4043],[-117.6586,34.3971],[-117.6552,34.3972],[-117.6599,34.4989],[-117.6356,34.4991],[-117.616,34.5063],[-117.451,34.5065],[-117.4509,34.4848],[-117.4687,34.485],[-117.4686,34.4777],[-117.4348,34.4776],[-117.4346,34.4632],[-117.4084,34.463],[-117.4085,34.4558],[-117.4171,34.4558],[-117.4171,34.4512],[-117.3861,34.4355],[-117.3718,34.4375],[-117.3963,34.4062],[-117.3882,34.4049],[-117.3881,34.4122],[-117.3816,34.4122],[-117.3815,34.4049],[-117.3639,34.4031],[-117.3639,34.3977],[-117.3596,34.3977],[-117.3597,34.4049],[-117.3716,34.4049],[-117.3619,34.4122],[-117.3553,34.407],[-117.3552,34.3977],[-117.3106,34.398],[-117.3099,34.4071],[-117.305,34.4064],[-117.2961,34.4469],[-117.2792,34.4681],[-117.2796,34.4713],[-117.3121,34.4707],[-117.3125,34.4999],[-117.3038,34.5],[-117.3033,34.5236],[-117.2874,34.5335],[-117.3024,34.5629],[-117.3107,34.567],[-117.3476,34.5647],[-117.3475,34.5571],[-117.3741,34.5573],[-117.3742,34.5722],[-117.3985,34.572],[-117.4008,34.6012],[-117.3899,34.6012],[-117.392,34.6453],[-117.3591,34.6452],[-117.3615,34.6598],[-117.4008,34.6599],[-117.4032,34.6747],[-117.4158,34.6762],[-117.4179,34.6708],[-117.4188,34.6768],[-117.4448,34.6751],[-117.4942,34.8212],[-118.1556,34.8207],[-118.1394,34.7187],[-118.1661,34.7187]]]},"properties":{"geoid":"06039","state":"06","district":"39","name":"Assembly District 39","chamber":"Assembly"}},{"type":"Feature","geometry":{"type":"Polygon","coordinates":[[[-118.7419,34.5058],[-118.6368,34.2918],[-118.6325,34.2419],[-118.571,34.2318],[-118.571,34.2282],[-118.5623,34.2282],[-118.5623,34.2203],[-118.5186,34.221],[-118.5186,34.2084],[-118.5099,34.2084],[-118.5099,34.2211],[-118.4731,34.2214],[-118.473,34.2319],[-118.4675,34.2319],[-118.4674,34.25],[-118.4722,34.2501],[-118.4676,34.2905],[-118.504,34.3266],[-118.5083,34.3339],[-118.5038,34.3373],[-118.493,34.3308],[-118.419,34.3299],[-118.4208,34.3256],[-118.4159,34.3245],[-118.4136,34.3299],[-118.4052,34.3298],[-118.4049,34.3221],[-118.3963,34.3181],[-118.4055,34.3079],[-118.4012,34.2971],[-118.4091,34.2937],[-118.4094,34.289],[-118.4012,34.288],[-118.3967,34.297],[-118.3874,34.2988],[-118.3824,34.2933],[-118.3869,34.2915],[-118.3858,34.2848],[-118.3698,34.2861],[-118.3674,34.2804],[-118.2995,34.2861],[-118.2995,34.2934],[-118.2906,34.2934],[-118.2863,34.2928],[-118.2867,34.2785],[-118.2383,34.2806],[-118.2328,34.2888],[-118.2262,34.2892],[-118.214,34.2798],[-118.197,34.2834],[-118.188,34.2936],[-118.1897,34.3807],[-118.2492,34.3792],[-118.2618,34.3825],[-118.2607,34.3861],[-118.2664,34.379],[-118.3248,34.3792],[-118.3257,34.4375],[-118.3357,34.4376],[-118.33,34.467],[-118.3433,34.4611],[-118.3432,34.4674],[-118.379,34.4673],[-118.3775,34.4812],[-118.4403,34.4813],[-118.4401,34.4959],[-118.458,34.4959],[-118.4604,34.4923],[-118.4661,34.4959],[-118.4661,34.4882],[-118.4749,34.4889],[-118.4752,34.4812],[-118.5025,34.4824],[-118.4939,34.4888],[-118.4938,34.4961],[-118.5113,34.4963],[-118.5113,34.489],[-118.5201,34.4889],[-118.5202,34.4817],[-118.5314,34.4817],[-118.5425,34.4845],[-118.5379,34.5039],[-118.5885,34.5037],[-118.589,34.5255],[-118.5821,34.525],[-118.5872,34.5321],[-118.5721,34.5373],[-118.5819,34.5399],[-118.5736,34.5473],[-118.5761,34.5524],[-118.5666,34.5513],[-118.5771,34.5537],[-118.5637,34.5645],[-118.5734,34.5622],[-118.5804,34.5517],[-118.5849,34.5529],[-118.5805,34.5489],[-118.5847,34.5436],[-118.5939,34.5567],[-118.6183,34.544],[-118.6156,34.5585],[-118.6246,34.5492],[-118.6266,34.5599],[-118.62,34.5667],[-118.6269,34.5672],[-118.6241,34.5722],[-118.631,34.5695],[-118.6326,34.575],[-118.6581,34.5874],[-118.6624,34.5716],[-118.6574,34.5593],[-118.659,34.5552],[-118.6627,34.5598],[-118.6677,34.5396],[-118.6775,34.5398],[-118.6819,34.5452],[-118.7053,34.5187],[-118.7384,34.4991],[-118.7419,34.5058]]]},"properties":{"geoid":"06040","state":"06","district":"40","name":"Assembly District 40","chamber":"Assembly"}},{"type":"Feature","geometry":{"type":"Polygon","coordinates":[[[-118.2388,34.2523],[-118.2216,34.2516],[-118.2319,34.2182],[-118.222,34.2129],[-118.2221,34.2062],[-118.215,34.2064],[-118.2167,34.1978],[-118.2081,34.1876],[-118.1889,34.1786],[-118.1905,34.1703],[-118.1804,34.141],[-118.1861,34.1337],[-118.177,34.1231],[-118.1703,34.1269],[-118.1489,34.1257],[-118.1306,34.1173],[-118.1276,34.118],[-118.1312,34.1297],[-118.1138,34.1329],[-118.114,34.1369],[-118.0945,34.1369],[-118.086,34.1314],[-118.0837,34.1405],[-118.079,34.1422],[-118.0866,34.1452],[-118.0678,34.1503],[-118.068,34.1568],[-118.0384,34.1573],[-118.0385,34.1669],[-118.0297,34.1669],[-118.0301,34.1794],[-118.0164,34.1767],[-118.0214,34.1736],[-118.02,34.1302],[-118.0039,34.1304],[-118.0037,34.1245],[-117.995,34.1304],[-117.9877,34.1295],[-117.9863,34.1396],[-117.969,34.1437],[-117.9673,34.1478],[-117.9666,34.1437],[-117.9513,34.1437],[-117.9513,34.1507],[-117.9596,34.152],[-117.9596,34.1652],[-117.8988,34.1685],[-117.8856,34.1602],[-117.8815,34.1721],[-117.8641,34.1721],[-117.8646,34.1792],[-117.8511,34.1793],[-117.8463,34.1578],[-117.839,34.1628],[-117.8366,34.1559],[-117.8257,34.1616],[-117.8375,34.1615],[-117.8379,34.1722],[-117.8466,34.1722],[-117.8447,34.1794],[-117.7943,34.1797],[-117.7939,34.1651],[-117.8027,34.1651],[-117.8028,34.1578],[-117.8115,34.1578],[-117.8118,34.1254],[-117.8203,34.1269],[-117.8202,34.1176],[-117.8255,34.1139],[-117.8377,34.1139],[-117.8377,34.0975],[-117.842,34.1012],[-117.8405,34.0958],[-117.8535,34.0862],[-117.8534,34.0827],[-117.8419,34.0809],[-117.8475,34.0723],[-117.8267,34.0642],[-117.8073,34.065],[-117.7807,34.0776],[-117.7868,34.0883],[-117.7768,34.0862],[-117.77,34.0957],[-117.7644,34.0897],[-117.7621,34.0928],[-117.7561,34.09],[-117.7562,34.1104],[-117.7506,34.1085],[-117.75,34.1126],[-117.7412,34.1081],[-117.7368,34.1108],[-117.7368,34.0989],[-117.7324,34.0987],[-117.7323,34.0903],[-117.728,34.0904],[-117.728,34.0795],[-117.7112,34.0795],[-117.6996,34.1068],[-117.6111,34.1067],[-117.6159,34.1149],[-117.6162,34.135],[-117.5367,34.1366],[-117.5367,34.1405],[-117.5412,34.1383],[-117.5409,34.165],[-117.4882,34.1666],[-117.4882,34.1794],[-117.4839,34.1793],[-117.4839,34.1722],[-117.4535,34.1773],[-117.4536,34.1713],[-117.441,34.1785],[-117.4383,34.1845],[-117.4458,34.1986],[-117.4765,34.2379],[-117.4713,34.2634],[-117.4559,34.2685],[-117.4514,34.2753],[-117.4532,34.2929],[-117.4789,34.3161],[-117.4817,34.3345],[-117.476,34.3397],[-117.4434,34.3462],[-117.4343,34.3629],[-117.4334,34.3398],[-117.4255,34.3398],[-117.4244,34.3287],[-117.416,34.3299],[-117.4125,34.34],[-117.3726,34.3623],[-117.3725,34.3688],[-117.355,34.3687],[-117.3553,34.407],[-117.3619,34.4122],[-117.3716,34.4085],[-117.3716,34.4049],[-117.3597,34.4049],[-117.3596,34.3977],[-117.3639,34.3977],[-117.3639,34.4031],[-117.3815,34.4049],[-117.3816,34.4122],[-117.3881,34.4122],[-117.3882,34.4049],[-117.3944,34.4048],[-117.3718,34.4375],[-117.3861,34.4355],[-117.4171,34.4512],[-117.4171,34.4558],[-117.4085,34.4558],[-117.4084,34.463],[-117.4346,34.4632],[-117.4348,34.4776],[-117.4686,34.4777],[-117.4687,34.485],[-117.4509,34.4848],[-117.451,34.5065],[-117.616,34.5063],[-117.6356,34.4991],[-117.6599,34.4989],[-117.6552,34.3972],[-117.6586,34.3971],[-117.6585,34.4043],[-117.6759,34.4044],[-117.6761,34.4261],[-117.8888,34.4265],[-117.8913,34.4212],[-117.8966,34.4264],[-117.9217,34.4261],[-117.9231,34.4316],[-117.9391,34.4318],[-117.9393,34.4391],[-117.9727,34.4397],[-117.9762,34.4309],[-117.9711,34.4303],[-117.9676,34.4035],[-117.9774,34.388],[-117.9744,34.3805],[-118.0587,34.3832],[-118.1462,34.3775],[-118.1897,34.3807],[-118.188,34.2936],[-118.197,34.2834],[-118.214,34.2798],[-118.2262,34.2892],[-118.2328,34.2888],[-118.2385,34.2806],[-118.2388,34.2523]]]},"properties":{"geoid":"06041","state":"06","district":"41","name":"Assembly District 41","chamber":"Assembly"}},{"type":"Feature","geometry":{"type":"Polygon","coordinates":[[[-119.12,34.2218],[-119.1112,34.2095],[-119.1067,34.1849],[-119.0964,34.1704],[-119.0986,34.1332],[-119.0799,34.1097],[-119.0809,34.101],[-119.0609,34.0843],[-119.0579,34.0194],[-119.0274,34.0149],[-118.9524,33.993],[-118.874,33.9833],[-118.8528,33.9626],[-118.8209,33.9482],[-118.7865,33.9514],[-118.7464,33.9755],[-118.7275,33.9803],[-118.7046,33.9778],[-118.6665,33.9806],[-118.6483,33.9867],[-118.5631,33.9878],[-118.5152,34.0269],[-118.4945,34.0506],[-118.4838,34.0414],[-118.4773,34.0467],[-118.471,34.0413],[-118.4592,34.0508],[-118.4484,34.0494],[-118.4456,34.0553],[-118.4544,34.0656],[-118.4555,34.0758],[-118.4456,34.0736],[-118.4341,34.0827],[-118.4228,34.08],[-118.427,34.0906],[-118.42,34.0945],[-118.4214,34.1299],[-118.4555,34.1329],[-118.4709,34.13],[-118.479,34.1228],[-118.4805,34.1299],[-118.4906,34.1312],[-118.5039,34.1277],[-118.5348,34.1316],[-118.5572,34.1266],[-118.615,34.1493],[-118.629,34.1473],[-118.6455,34.1657],[-118.6586,34.1694],[-118.6586,34.1767],[-118.6682,34.1768],[-118.668,34.1992],[-118.7032,34.1947],[-118.7049,34.204],[-118.7154,34.2163],[-118.6875,34.2164],[-118.6757,34.2242],[-118.6697,34.2202],[-118.6677,34.2403],[-118.6325,34.2404],[-118.6368,34.2918],[-118.6751,34.3636],[-118.6918,34.3634],[-118.7119,34.3541],[-118.7245,34.3586],[-118.728,34.3651],[-118.7629,34.3727],[-118.7678,34.3692],[-118.7673,34.3572],[-118.7615,34.3515],[-118.7964,34.3515],[-118.7963,34.3353],[-118.8092,34.3402],[-118.8214,34.3373],[-118.8178,34.34],[-118.821,34.3439],[-118.8342,34.3453],[-118.8137,34.3604],[-118.8623,34.3573],[-118.8728,34.3529],[-118.874,34.344],[-118.8817,34.344],[-118.8876,34.3498],[-118.8911,34.341],[-118.901,34.3395],[-118.9054,34.3152],[-118.9097,34.3152],[-118.9097,34.3065],[-118.9205,34.2958],[-118.9205,34.2896],[-118.9101,34.2898],[-118.9099,34.2816],[-118.9345,34.272],[-118.9794,34.2645],[-119.0067,34.2469],[-119.0341,34.2169],[-119.12,34.2218]]]},"properties":{"geoid":"06042","state":"06","district":"42","name":"Assembly District 42","chamber":"Assembly"}},{"type":"Feature","geometry":{"type":"Polygon","coordinates":[[[-118.5083,34.3339],[-118.4676,34.2907],[-118.4722,34.2501],[-118.4674,34.25],[-118.4675,34.2319],[-118.473,34.2319],[-118.4731,34.2164],[-118.4267,34.2073],[-118.4313,34.1939],[-118.44,34.1939],[-118.44,34.1721],[-118.3878,34.1721],[-118.4018,34.1903],[-118.36,34.1866],[-118.3612,34.1947],[-118.3703,34.1964],[-118.3703,34.2012],[-118.3623,34.2012],[-118.363,34.2068],[-118.343,34.2066],[-118.3665,34.2299],[-118.3666,34.2442],[-118.3729,34.2543],[-118.396,34.2587],[-118.4019,34.2647],[-118.4004,34.2714],[-118.3891,34.273],[-118.3891,34.277],[-118.373,34.2739],[-118.3698,34.2861],[-118.3858,34.2848],[-118.3869,34.2915],[-118.3824,34.2933],[-118.3874,34.2988],[-118.3967,34.297],[-118.4012,34.288],[-118.4094,34.289],[-118.4091,34.2937],[-118.4012,34.2971],[-118.4055,34.3079],[-118.3963,34.3181],[-118.4049,34.3221],[-118.4052,34.3298],[-118.4136,34.3299],[-118.4159,34.3245],[-118.4208,34.3256],[-118.419,34.3299],[-118.493,34.3308],[-118.5038,34.3373],[-118.5083,34.3339]]]},"properties":{"geoid":"06043","state":"06","district":"43","name":"Assembly District 43","chamber":"Assembly"}},{"type":"Feature","geometry":{"type":"Polygon","coordinates":[[[-118.4757,34.1263],[-118.4555,34.1329],[-118.4301,34.1321],[-118.4154,34.1264],[-118.4075,34.1294],[-118.3973,34.1191],[-118.3891,34.1233],[-118.3758,34.1219],[-118.3713,34.1268],[-118.3751,34.1311],[-118.3718,34.1369],[-118.3639,34.1367],[-118.3612,34.1427],[-118.3452,34.1423],[-118.3221,34.1557],[-118.3129,34.154],[-118.3087,34.1614],[-118.2711,34.1522],[-118.2448,34.1518],[-118.242,34.1559],[-118.2278,34.1472],[-118.1816,34.1499],[-118.1905,34.1703],[-118.1889,34.1786],[-118.2081,34.1876],[-118.2167,34.1978],[-118.215,34.2064],[-118.2221,34.2062],[-118.222,34.2129],[-118.2319,34.2182],[-118.2216,34.2516],[-118.2388,34.2522],[-118.2385,34.2816],[-118.2867,34.2785],[-118.2863,34.2928],[-118.2995,34.2934],[-118.2995,34.2861],[-118.3269,34.2861],[-118.3268,34.2824],[-118.3517,34.2825],[-118.3517,34.2788],[-118.3695,34.2835],[-118.373,34.2739],[-118.3891,34.277],[-118.3891,34.273],[-118.4004,34.2714],[-118.4019,34.2647],[-118.396,34.2587],[-118.3729,34.2543],[-118.3666,34.2442],[-118.3665,34.2299],[-118.343,34.2066],[-118.363,34.2068],[-118.3623,34.2012],[-118.3703,34.2012],[-118.3703,34.1964],[-118.3612,34.1947],[-118.3616,34.186],[-118.4018,34.1903],[-118.3878,34.1721],[-118.44,34.1721],[-118.44,34.1794],[-118.4695,34.1793],[-118.4682,34.1521],[-118.4757,34.1263]]]},"properties":{"geoid":"06044","state":"06","district":"44","name":"Assembly District 44","chamber":"Assembly"}},{"type":"Feature","geometry":{"type":"Polygon","coordinates":[[[-117.5137,34.1214],[-117.4054,34.1213],[-117.4052,34.085],[-117.3943,34.085],[-117.3965,34.0786],[-117.391,34.0796],[-117.3897,34.0684],[-117.3659,34.0673],[-117.366,34.0832],[-117.3441,34.0849],[-117.3334,34.0961],[-117.3183,34.0943],[-117.3183,34.0885],[-117.3039,34.0771],[-117.3049,34.0712],[-117.2953,34.0673],[-117.2727,34.0714],[-117.2595,34.0831],[-117.2437,34.0854],[-117.2437,34.0667],[-117.2043,34.0667],[-117.1763,34.061],[-117.1628,34.0541],[-117.1563,34.0406],[-117.1388,34.0333],[-117.1388,34.0448],[-117.1214,34.0482],[-117.1216,34.0699],[-117.0994,34.0714],[-117.0994,34.0768],[-117.1125,34.086],[-117.1125,34.0914],[-117.1346,34.0918],[-117.1345,34.0991],[-117.1999,34.099],[-117.1994,34.1026],[-117.2088,34.1026],[-117.2044,34.1076],[-117.2044,34.1262],[-117.2131,34.1271],[-117.2149,34.1315],[-117.2,34.1272],[-117.1956,34.1321],[-117.2022,34.1321],[-117.2022,34.1358],[-117.1806,34.1324],[-117.1825,34.1357],[-117.1726,34.1368],[-117.1651,34.146],[-117.1736,34.1428],[-117.1736,34.1499],[-117.2,34.1465],[-117.1998,34.1574],[-117.2086,34.1573],[-117.2086,34.1643],[-117.2268,34.1648],[-117.2262,34.1935],[-117.2698,34.19],[-117.279,34.208],[-117.2873,34.2104],[-117.2874,34.201],[-117.2831,34.2011],[-117.2788,34.191],[-117.2963,34.1908],[-117.2973,34.1839],[-117.3097,34.1892],[-117.3049,34.2008],[-117.3136,34.2009],[-117.3223,34.1942],[-117.3316,34.2009],[-117.3267,34.2187],[-117.3216,34.2216],[-117.3351,34.2224],[-117.3344,34.2301],[-117.3482,34.2265],[-117.3482,34.2229],[-117.3354,34.2191],[-117.3357,34.2084],[-117.3482,34.2084],[-117.357,34.2156],[-117.3726,34.2134],[-117.3794,34.2237],[-117.3882,34.2203],[-117.3864,34.2293],[-117.3953,34.2286],[-117.3999,34.2207],[-117.4487,34.2535],[-117.4517,34.2782],[-117.4559,34.2685],[-117.4713,34.2634],[-117.4765,34.2379],[-117.4383,34.1845],[-117.5137,34.1214]]]},"properties":{"geoid":"06045","state":"06","district":"45","name":"Assembly District 45","chamber":"Assembly"}},{"type":"Feature","geometry":{"type":"Polygon","coordinates":[[[-118.7154,34.2163],[-118.7049,34.204],[-118.7032,34.1947],[-118.668,34.1992],[-118.6682,34.1768],[-118.6586,34.1767],[-118.6586,34.1694],[-118.6455,34.1657],[-118.629,34.1473],[-118.615,34.1493],[-118.5534,34.126],[-118.5348,34.1316],[-118.5039,34.1277],[-118.4907,34.1312],[-118.4805,34.1299],[-118.479,34.1228],[-118.4682,34.1518],[-118.4695,34.1793],[-118.44,34.1794],[-118.44,34.1939],[-118.4313,34.1939],[-118.4313,34.2012],[-118.4267,34.2012],[-118.4267,34.2073],[-118.4731,34.2164],[-118.4731,34.2214],[-118.5099,34.2211],[-118.5099,34.2084],[-118.5186,34.2084],[-118.5186,34.221],[-118.5623,34.2203],[-118.5623,34.2282],[-118.571,34.2282],[-118.571,34.2318],[-118.6181,34.2373],[-118.6203,34.2427],[-118.6677,34.2403],[-118.6697,34.2202],[-118.6757,34.2242],[-118.6875,34.2164],[-118.7154,34.2163]]]},"properties":{"geoid":"06046","state":"06","district":"46","name":"Assembly District 46","chamber":"Assembly"}},{"type":"Feature","geometry":{"type":"Polygon","coordinates":[[[-117.2878,34.0027],[-117.2864,33.9899],[-117.2689,33.9899],[-117.2666,33.9857],[-117.2621,33.9878],[-117.2615,33.9828],[-117.2253,33.9823],[-117.2265,33.967],[-117.2178,33.9683],[-117.2178,33.9613],[-117.1652,33.9612],[-117.1651,33.968],[-117.1584,33.9611],[-117.1476,33.9611],[-117.1477,33.9538],[-117.1389,33.9502],[-117.139,33.9455],[-117.1218,33.9525],[-117.1211,33.979],[-117.1252,33.9806],[-117.0876,33.9744],[-117.0521,33.9474],[-117.0342,33.9435],[-117.0341,33.9251],[-117.0231,33.926],[-117.0232,33.9335],[-117.0211,33.9298],[-117.009,33.9333],[-117.0079,33.9262],[-116.9988,33.9263],[-116.999,33.918],[-116.9902,33.9225],[-116.9902,33.9152],[-116.9728,33.9186],[-116.9727,33.9133],[-116.964,33.9095],[-116.964,33.9034],[-116.958,33.9037],[-116.9577,33.8894],[-116.9813,33.8895],[-116.9862,33.8748],[-116.9994,33.8692],[-116.9984,33.8493],[-116.9635,33.8454],[-116.9634,33.831],[-116.9724,33.831],[-116.9724,33.8238],[-116.9547,33.8238],[-116.9547,33.8166],[-116.946,33.8166],[-116.946,33.8132],[-116.9547,33.813],[-116.9416,33.805],[-116.9327,33.7869],[-116.9257,33.7872],[-116.9283,33.7801],[-116.9326,33.7804],[-116.9107,33.7605],[-116.9151,33.7604],[-116.9149,33.755],[-116.9102,33.7551],[-116.9089,33.7478],[-116.9195,33.7478],[-116.9191,33.7299],[-116.8933,33.7298],[-116.8933,33.7348],[-116.8758,33.7295],[-116.8415,33.7288],[-116.848,33.7409],[-116.8156,33.7359],[-116.8001,33.7212],[-116.7718,33.7092],[-116.7561,33.7075],[-116.7714,33.7023],[-116.7621,33.6982],[-116.7303,33.7057],[-116.717,33.7004],[-116.7041,33.6872],[-116.67,33.6676],[-116.6457,33.6375],[-116.624,33.6603],[-116.6172,33.6874],[-116.5122,33.6849],[-116.5121,33.6559],[-116.495,33.656],[-116.4948,33.6269],[-116.4775,33.627],[-116.4775,33.6124],[-116.4602,33.6125],[-116.4602,33.6273],[-116.4427,33.6265],[-116.4381,33.6359],[-116.4227,33.6361],[-116.4117,33.6215],[-116.4037,33.6254],[-116.3992,33.642],[-116.3733,33.642],[-116.373,33.6702],[-116.3215,33.6707],[-116.3215,33.6126],[-116.2681,33.6127],[-116.268,33.5981],[-116.285,33.5981],[-116.2849,33.584],[-116.2503,33.5837],[-116.2503,33.5982],[-116.2334,33.5982],[-116.2247,33.6202],[-116.2334,33.6192],[-116.2339,33.671],[-116.2513,33.671],[-116.2513,33.6854],[-116.2687,33.6854],[-116.2716,33.7028],[-116.2644,33.7147],[-116.2775,33.7146],[-116.2775,33.7219],[-116.2688,33.722],[-116.2684,33.7437],[-116.2652,33.7443],[-116.3018,33.7595],[-116.3012,33.8103],[-116.3267,33.8166],[-116.3068,33.8357],[-116.3103,33.8439],[-116.3529,33.8458],[-116.3533,33.8595],[-116.3866,33.8598],[-116.3856,33.8775],[-116.3735,33.8798],[-116.3784,33.8892],[-116.3883,33.8966],[-116.3972,33.8969],[-116.3972,33.9039],[-116.4065,33.9038],[-116.4062,33.9125],[-116.4118,33.9181],[-116.4232,33.9181],[-116.423,33.9323],[-116.4062,33.9321],[-116.4063,33.9469],[-116.3188,33.915],[-116.277,33.894],[-116.2749,33.8988],[-116.2666,33.8893],[-116.2563,33.8913],[-116.1458,33.8341],[-116.0648,33.7684],[-115.9981,33.6937],[-115.9797,33.6846],[-115.961,33.6861],[-115.9641,33.6796],[-115.883,33.6656],[-115.8704,33.6706],[-115.829,33.6714],[-115.8022,33.6655],[-115.8022,33.6604],[-115.7219,33.6603],[-115.5822,33.6738],[-115.4522,33.7023],[-115.4514,33.7223],[-115.4208,33.7287],[-115.4157,33.7563],[-115.3966,33.7674],[-115.3966,33.7726],[-115.3232,33.7777],[-115.2847,33.8094],[-115.2558,33.8385],[-115.233,34.0354],[-115.193,34.0635],[-115.1361,34.0797],[-115.3161,34.0778],[-115.3162,34.0341],[-116.0464,34.0343],[-116.038,34.0373],[-116.0332,34.0507],[-116.0267,34.0533],[-116.0243,34.0676],[-116.0365,34.0748],[-116.0367,34.107],[-116.0544,34.1071],[-116.0544,34.1211],[-116.2558,34.1206],[-116.2558,34.1387],[-116.2646,34.1388],[-116.2645,34.1716],[-116.3215,34.1713],[-116.335,34.1674],[-116.335,34.1637],[-116.4203,34.1662],[-116.4225,34.1934],[-116.4409,34.1948],[-116.4618,34.1881],[-116.4973,34.2019],[-116.511,34.1985],[-116.5117,34.2054],[-116.647,34.2068],[-116.6476,34.1781],[-116.6829,34.1771],[-116.6824,34.1487],[-116.6993,34.1485],[-116.6991,34.1343],[-116.7179,34.1341],[-116.7178,34.1222],[-116.9071,34.1205],[-116.9099,34.0997],[-116.9234,34.0892],[-117.0138,34.1044],[-117.0328,34.0957],[-117.0488,34.0784],[-117.0604,34.0806],[-117.0606,34.077],[-117.0686,34.077],[-117.0602,34.0842],[-117.0689,34.0915],[-117.0861,34.0913],[-117.0861,34.0986],[-117.0948,34.0985],[-117.0995,34.1093],[-117.1257,34.1097],[-117.1259,34.1167],[-117.1324,34.1134],[-117.1607,34.1211],[-117.1955,34.1212],[-117.1828,34.1058],[-117.1824,34.099],[-117.1345,34.0991],[-117.1346,34.0918],[-117.1125,34.0914],[-117.1125,34.086],[-117.0994,34.0768],[-117.0994,34.0714],[-117.1216,34.0699],[-117.1214,34.0482],[-117.1388,34.0448],[-117.1388,34.0333],[-117.1658,34.0446],[-117.1873,34.0308],[-117.1915,34.0311],[-117.191,34.0394],[-117.2013,34.0337],[-117.2065,34.0359],[-117.2085,34.0312],[-117.2305,34.0375],[-117.2294,34.0269],[-117.2401,34.028],[-117.2397,34.0183],[-117.2875,34.0183],[-117.2878,34.0027]]]},"properties":{"geoid":"06047","state":"06","district":"47","name":"Assembly District 47","chamber":"Assembly"}},{"type":"Feature","geometry":{"type":"Polygon","coordinates":[[[-118.0169,34.11],[-118.0156,34.1029],[-118.0073,34.1056],[-117.9922,34.0951],[-117.9997,34.0857],[-118.0077,34.058],[-118.0011,34.0548],[-117.9992,34.059],[-117.9824,34.0627],[-117.9905,34.05],[-117.9855,34.0466],[-117.9753,34.0574],[-117.9631,34.0453],[-117.968,34.0407],[-117.9586,34.0337],[-117.9496,34.0422],[-117.9519,34.048],[-117.9441,34.0532],[-117.9477,34.042],[-117.9346,34.0362],[-117.9354,34.028],[-117.9176,34.0247],[-117.9234,34.0122],[-117.9149,34.0073],[-117.8728,34.0026],[-117.8739,34.0116],[-117.8679,34.0157],[-117.8825,34.0128],[-117.8954,34.0264],[-117.8896,34.0296],[-117.8889,34.0435],[-117.867,34.0466],[-117.8619,34.0531],[-117.8525,34.0535],[-117.855,34.0591],[-117.8469,34.0625],[-117.8458,34.0578],[-117.8261,34.0624],[-117.8385,34.0717],[-117.8475,34.0723],[-117.8419,34.0809],[-117.8534,34.0827],[-117.8535,34.0862],[-117.8405,34.0958],[-117.842,34.1012],[-117.8377,34.0975],[-117.8377,34.1139],[-117.8255,34.1139],[-117.8202,34.1176],[-117.8203,34.1269],[-117.8118,34.1254],[-117.8115,34.1578],[-117.8028,34.1578],[-117.8027,34.1651],[-117.7939,34.1651],[-117.7943,34.1797],[-117.8447,34.1794],[-117.8466,34.1722],[-117.8379,34.1722],[-117.8375,34.1615],[-117.8257,34.1616],[-117.8366,34.1559],[-117.839,34.1628],[-117.8463,34.1578],[-117.8511,34.1793],[-117.8646,34.1792],[-117.8641,34.1721],[-117.8815,34.1721],[-117.8856,34.1602],[-117.8988,34.1685],[-117.9596,34.1652],[-117.9596,34.152],[-117.9513,34.1507],[-117.9513,34.1437],[-117.9666,34.1437],[-117.9673,34.1478],[-117.969,34.1437],[-117.9863,34.1396],[-117.9877,34.1295],[-117.995,34.1304],[-118.0039,34.1245],[-118.0061,34.1304],[-118.0086,34.1191],[-118.0121,34.1203],[-118.0169,34.11]]]},"properties":{"geoid":"06048","state":"06","district":"48","name":"Assembly District 48","chamber":"Assembly"}},{"type":"Feature","geometry":{"type":"Polygon","coordinates":[[[-118.178,34.099],[-118.1553,34.0987],[-118.1607,34.0934],[-118.1618,34.071],[-118.1653,34.0623],[-118.1693,34.0623],[-118.1696,34.0442],[-118.1572,34.0443],[-118.1573,34.0363],[-118.1517,34.034],[-118.1151,34.0337],[-118.1077,34.027],[-118.0931,34.0355],[-118.1065,34.0404],[-118.0945,34.046],[-118.0711,34.0298],[-118.0752,34.0409],[-118.0674,34.0628],[-118.0729,34.0721],[-118.0053,34.0643],[-117.9996,34.0859],[-117.9922,34.0951],[-118.0073,34.1056],[-118.0156,34.1029],[-118.016,34.1137],[-118.0121,34.1203],[-118.0086,34.1191],[-118.0067,34.1293],[-118.0203,34.1309],[-118.0214,34.1736],[-118.0176,34.1795],[-118.0301,34.1794],[-118.0297,34.1669],[-118.0385,34.1669],[-118.0384,34.1573],[-118.068,34.1568],[-118.0678,34.1503],[-118.0861,34.1457],[-118.0789,34.1396],[-118.0837,34.1405],[-118.086,34.1314],[-118.0945,34.1369],[-118.114,34.1369],[-118.1138,34.1329],[-118.1312,34.1297],[-118.1276,34.118],[-118.1306,34.1173],[-118.1489,34.1257],[-118.1681,34.1239],[-118.178,34.1103],[-118.178,34.099]]]},"properties":{"geoid":"06049","state":"06","district":"49","name":"Assembly District 49","chamber":"Assembly"}},{"type":"Feature","geometry":{"type":"Polygon","coordinates":[[[-117.6286,34.0809],[-117.603,34.0684],[-117.5241,34.0677],[-117.5243,34.0335],[-117.3753,34.0339],[-117.3754,34.0194],[-117.3362,34.0194],[-117.3267,34.0319],[-117.3303,34.0321],[-117.3282,34.0378],[-117.3375,34.0338],[-117.331,34.044],[-117.326,34.0395],[-117.2994,34.0448],[-117.2909,34.0365],[-117.2921,34.0297],[-117.2961,34.0298],[-117.2961,34.0183],[-117.2397,34.0183],[-117.2401,34.028],[-117.2294,34.0269],[-117.2305,34.0375],[-117.2085,34.0312],[-117.2065,34.0359],[-117.2013,34.0337],[-117.191,34.0394],[-117.1915,34.0311],[-117.1878,34.0307],[-117.1658,34.0446],[-117.1555,34.0414],[-117.1634,34.0546],[-117.1764,34.061],[-117.2043,34.0667],[-117.2437,34.0667],[-117.2437,34.0854],[-117.2595,34.0831],[-117.2727,34.0714],[-117.3005,34.0687],[-117.3069,34.0741],[-117.3039,34.0771],[-117.3093,34.085],[-117.3183,34.0885],[-117.3183,34.0943],[-117.3253,34.0922],[-117.3254,34.0953],[-117.3334,34.0961],[-117.3441,34.0849],[-117.366,34.0832],[-117.3659,34.0673],[-117.3897,34.0684],[-117.391,34.0796],[-117.3965,34.0786],[-117.3943,34.085],[-117.4052,34.085],[-117.4054,34.1213],[-117.5137,34.1214],[-117.4536,34.1713],[-117.4535,34.1773],[-117.4839,34.1722],[-117.4839,34.1793],[-117.4882,34.1794],[-117.4882,34.1666],[-117.5409,34.165],[-117.5412,34.1383],[-117.5367,34.1405],[-117.5367,34.1366],[-117.6162,34.135],[-117.6159,34.1149],[-117.6111,34.1067],[-117.6285,34.1066],[-117.6286,34.0809]]]},"properties":{"geoid":"06050","state":"06","district":"50","name":"Assembly District 50","chamber":"Assembly"}},{"type":"Feature","geometry":{"type":"Polygon","coordinates":[[[-118.5631,33.9878],[-118.5574,33.9877],[-118.5377,33.9669],[-118.4435,34.0166],[-118.4527,34.0276],[-118.4032,34.0295],[-118.3995,34.0441],[-118.4055,34.0438],[-118.4214,34.0595],[-118.4143,34.0643],[-118.4061,34.0528],[-118.4059,34.0571],[-118.3837,34.0571],[-118.3835,34.0629],[-118.3722,34.0622],[-118.3758,34.0701],[-118.3907,34.0721],[-118.3907,34.0765],[-118.3614,34.0761],[-118.3614,34.0649],[-118.344,34.0649],[-118.3459,34.0572],[-118.323,34.0547],[-118.3153,34.0617],[-118.3091,34.0835],[-118.2985,34.0836],[-118.3064,34.0908],[-118.2917,34.0909],[-118.2918,34.1077],[-118.3093,34.1054],[-118.3075,34.1136],[-118.2742,34.1199],[-118.2654,34.1137],[-118.2793,34.1551],[-118.3096,34.1613],[-118.3129,34.154],[-118.3221,34.1557],[-118.3452,34.1423],[-118.3612,34.1427],[-118.3639,34.1367],[-118.3718,34.1369],[-118.3751,34.1311],[-118.3713,34.1268],[-118.3758,34.1219],[-118.3891,34.1233],[-118.3972,34.119],[-118.4075,34.1294],[-118.4196,34.1277],[-118.4231,34.1147],[-118.42,34.0945],[-118.427,34.0906],[-118.4228,34.08],[-118.4341,34.0827],[-118.4456,34.0736],[-118.4555,34.0758],[-118.4544,34.0656],[-118.4456,34.0553],[-118.4484,34.0494],[-118.4592,34.0508],[-118.471,34.0413],[-118.4773,34.0467],[-118.4838,34.0414],[-118.4945,34.0506],[-118.5152,34.0269],[-118.5631,33.9878]]]},"properties":{"geoid":"06051","state":"06","district":"51","name":"Assembly District 51","chamber":"Assembly"}},{"type":"Feature","geometry":{"type":"Polygon","coordinates":[[[-118.3093,34.1077],[-118.2918,34.1077],[-118.2917,34.0802],[-118.2612,34.0696],[-118.2542,34.0592],[-118.2453,34.0712],[-118.237,34.0687],[-118.2242,34.0819],[-118.2127,34.0865],[-118.2153,34.0635],[-118.1927,34.0638],[-118.1922,34.0165],[-118.1759,34.0115],[-118.1759,34.0183],[-118.1587,34.0107],[-118.1537,34.0196],[-118.1462,34.0181],[-118.1475,34.0098],[-118.1276,34.008],[-118.1267,34.0131],[-118.1434,34.0239],[-118.1442,34.0335],[-118.1573,34.0363],[-118.1572,34.0443],[-118.1696,34.0442],[-118.1693,34.0623],[-118.1653,34.0623],[-118.1618,34.071],[-118.1607,34.0934],[-118.1553,34.0987],[-118.178,34.0986],[-118.178,34.1103],[-118.1658,34.1256],[-118.177,34.1231],[-118.1861,34.1337],[-118.1804,34.141],[-118.1838,34.1491],[-118.1982,34.1516],[-118.2088,34.1465],[-118.2278,34.1472],[-118.242,34.1559],[-118.2448,34.1518],[-118.2783,34.1532],[-118.2654,34.1137],[-118.2742,34.1199],[-118.2913,34.118],[-118.3075,34.1136],[-118.3093,34.1077]]]},"properties":{"geoid":"06052","state":"06","district":"52","name":"Assembly District 52","chamber":"Assembly"}},{"type":"Feature","geometry":{"type":"Polygon","coordinates":[[[-117.8359,34.0537],[-117.833,34.042],[-117.8282,34.0436],[-117.8287,34.0376],[-117.8246,34.0376],[-117.8277,34.0306],[-117.8183,34.0344],[-117.8107,34.0293],[-117.8016,34.0429],[-117.7852,34.0324],[-117.7852,34.0261],[-117.7677,34.0194],[-117.7676,34.0235],[-117.746,34.0201],[-117.734,34.0115],[-117.698,34.0117],[-117.6976,33.9827],[-117.6889,33.9828],[-117.6888,33.9764],[-117.6802,33.9682],[-117.6505,33.9686],[-117.6503,33.9534],[-117.611,33.9601],[-117.6109,33.9718],[-117.5584,33.9884],[-117.5583,34.0335],[-117.5243,34.0335],[-117.5241,34.0677],[-117.6112,34.0705],[-117.6286,34.0808],[-117.6285,34.1067],[-117.6322,34.107],[-117.6996,34.1068],[-117.7112,34.0795],[-117.728,34.0795],[-117.728,34.0904],[-117.7323,34.0903],[-117.7324,34.0987],[-117.7368,34.0989],[-117.7368,34.1108],[-117.7412,34.1081],[-117.75,34.1126],[-117.7506,34.1085],[-117.7562,34.1104],[-117.7561,34.09],[-117.7621,34.0928],[-117.7644,34.0897],[-117.77,34.0957],[-117.7768,34.0862],[-117.7868,34.0883],[-117.781,34.0837],[-117.781,34.0773],[-117.8087,34.0646],[-117.827,34.0642],[-117.825,34.0603],[-117.8359,34.0537]]]},"properties":{"geoid":"06053","state":"06","district":"53","name":"Assembly District 53","chamber":"Assembly"}},{"type":"Feature","geometry":{"type":"Polygon","coordinates":[[[-118.3267,34.0478],[-118.309,34.0472],[-118.309,34.037],[-118.2866,34.0368],[-118.2739,34.0381],[-118.2588,34.0528],[-118.2454,34.0479],[-118.2381,34.0433],[-118.2379,33.9893],[-118.2303,33.9892],[-118.2297,33.9957],[-118.2236,33.9964],[-118.2236,33.9916],[-118.2128,33.9897],[-118.2126,33.984],[-118.204,33.9831],[-118.2034,33.9967],[-118.1842,33.9942],[-118.1737,33.9863],[-118.1778,33.997],[-118.1701,33.9995],[-118.1521,33.9922],[-118.1702,33.9882],[-118.167,33.9794],[-118.1294,33.971],[-118.1213,33.973],[-118.1143,33.9889],[-118.0973,34.0013],[-118.0929,34.0137],[-118.073,34.0306],[-118.0945,34.046],[-118.1065,34.0404],[-118.0931,34.0355],[-118.1077,34.027],[-118.1151,34.0337],[-118.1442,34.0335],[-118.1434,34.0239],[-118.1267,34.0131],[-118.1276,34.008],[-118.1475,34.0098],[-118.1462,34.0181],[-118.1537,34.0196],[-118.1587,34.0107],[-118.1759,34.0183],[-118.1759,34.0115],[-118.1812,34.012],[-118.1813,34.0157],[-118.1922,34.0165],[-118.1927,34.0638],[-118.2153,34.0635],[-118.2127,34.0865],[-118.2242,34.0819],[-118.237,34.0687],[-118.2453,34.0712],[-118.2542,34.0592],[-118.2612,34.0696],[-118.2917,34.0802],[-118.2917,34.0909],[-118.3064,34.0908],[-118.2985,34.0836],[-118.3091,34.0835],[-118.3153,34.0617],[-118.3267,34.0478]]]},"properties":{"geoid":"06054","state":"06","district":"54","name":"Assembly District 54","chamber":"Assembly"}},{"type":"Feature","geometry":{"type":"Polygon","coordinates":[[[-118.456,34.01],[-118.445,33.9946],[-118.4478,33.9904],[-118.4303,33.972],[-118.4031,33.9839],[-118.3805,33.9764],[-118.3718,33.9773],[-118.3758,33.983],[-118.3352,33.9818],[-118.3352,33.989],[-118.3002,33.9951],[-118.3003,34.0369],[-118.309,34.037],[-118.309,34.0472],[-118.3267,34.0478],[-118.323,34.0547],[-118.3459,34.0572],[-118.344,34.0649],[-118.3614,34.0649],[-118.3614,34.0761],[-118.3907,34.0765],[-118.3907,34.0721],[-118.3758,34.0701],[-118.3722,34.0622],[-118.3835,34.0629],[-118.3837,34.0571],[-118.4059,34.0571],[-118.4061,34.0528],[-118.4143,34.0643],[-118.4214,34.0595],[-118.4055,34.0438],[-118.3995,34.0441],[-118.4032,34.0295],[-118.4527,34.0276],[-118.4435,34.0166],[-118.456,34.01]]]},"properties":{"geoid":"06055","state":"06","district":"55","name":"Assembly District 55","chamber":"Assembly"}},{"type":"Feature","geometry":{"type":"Polygon","coordinates":[[[-118.1227,33.9745],[-118.0932,33.9503],[-118.0868,33.9599],[-118.0888,33.9669],[-118.0683,33.9616],[-118.0706,33.9648],[-118.0664,33.9647],[-118.0662,33.9698],[-118.0737,33.9701],[-118.0749,33.9746],[-118.0549,33.9682],[-118.0558,33.9615],[-118.0473,33.9556],[-118.0496,33.9533],[-118.0359,33.9535],[-118.0034,33.9383],[-118.0008,33.9293],[-117.99,33.9319],[-117.9765,33.928],[-117.9765,33.9461],[-117.7831,33.9463],[-117.7936,33.9538],[-117.7937,33.9681],[-117.8024,33.9683],[-117.8025,33.9756],[-117.785,34.0049],[-117.7675,34.0047],[-117.7677,34.0194],[-117.7852,34.0261],[-117.7852,34.0324],[-117.8016,34.0429],[-117.8107,34.0293],[-117.8183,34.0344],[-117.8277,34.0306],[-117.8246,34.0376],[-117.8287,34.0376],[-117.8282,34.0436],[-117.833,34.042],[-117.8359,34.0537],[-117.8261,34.0624],[-117.8458,34.0578],[-117.8469,34.0625],[-117.855,34.0591],[-117.8525,34.0535],[-117.8619,34.0531],[-117.867,34.0466],[-117.8889,34.0435],[-117.8896,34.0296],[-117.8954,34.0264],[-117.8825,34.0128],[-117.8679,34.0157],[-117.8739,34.0116],[-117.8728,34.0026],[-117.9149,34.0073],[-117.9234,34.0122],[-117.9176,34.0247],[-117.9354,34.028],[-117.9346,34.0362],[-117.9477,34.042],[-117.9441,34.0532],[-117.9519,34.048],[-117.9496,34.0422],[-117.9586,34.0337],[-117.968,34.0407],[-117.9631,34.0453],[-117.9753,34.0574],[-117.9855,34.0466],[-117.9905,34.05],[-117.9824,34.0627],[-117.9992,34.059],[-118.0011,34.0548],[-118.0077,34.058],[-118.0053,34.0643],[-118.0729,34.0721],[-118.0674,34.0628],[-118.0752,34.0409],[-118.0711,34.0298],[-118.0929,34.0137],[-118.0973,34.0013],[-118.1098,33.9938],[-118.1227,33.9745]]]},"properties":{"geoid":"06056","state":"06","district":"56","name":"Assembly District 56","chamber":"Assembly"}},{"type":"Feature","geometry":{"type":"Polygon","coordinates":[[[-118.3178,33.9618],[-118.2809,33.96],[-118.2806,33.9285],[-118.2538,33.928],[-118.2541,33.9433],[-118.2491,33.9433],[-118.2474,33.9543],[-118.234,33.9533],[-118.234,33.9482],[-118.2286,33.9483],[-118.2302,33.9747],[-118.239,33.9772],[-118.2381,34.0433],[-118.2588,34.0528],[-118.2739,34.0381],[-118.3003,34.0369],[-118.3002,33.9951],[-118.3171,33.995],[-118.3178,33.9618]]]},"properties":{"geoid":"06057","state":"06","district":"57","name":"Assembly District 57","chamber":"Assembly"}},{"type":"Feature","geometry":{"type":"Polygon","coordinates":[[[-117.6296,33.8834],[-117.6208,33.8813],[-117.6124,33.8647],[-117.6102,33.869],[-117.6076,33.8608],[-117.602,33.8593],[-117.5614,33.855],[-117.5424,33.8658],[-117.5319,33.8431],[-117.5364,33.8317],[-117.5322,33.8357],[-117.5304,33.8322],[-117.5364,33.8303],[-117.5368,33.8238],[-117.5243,33.8238],[-117.5281,33.8293],[-117.5191,33.8294],[-117.5021,33.8244],[-117.5019,33.8323],[-117.4845,33.8364],[-117.4836,33.8524],[-117.4914,33.8653],[-117.4859,33.8673],[-117.4933,33.8674],[-117.4933,33.8726],[-117.5014,33.8726],[-117.5026,33.8767],[-117.4967,33.8777],[-117.4939,33.8868],[-117.4812,33.8868],[-117.476,33.8817],[-117.465,33.8898],[-117.4608,33.8847],[-117.4541,33.8885],[-117.3836,33.8868],[-117.3835,33.9226],[-117.3892,33.93],[-117.3753,33.9381],[-117.3704,33.9465],[-117.3558,33.9442],[-117.3464,33.9498],[-117.3485,33.983],[-117.3426,33.983],[-117.3557,33.9956],[-117.3445,34.0123],[-117.3351,34.0133],[-117.3341,34.0066],[-117.3267,34.0101],[-117.305,34.0047],[-117.3093,33.9974],[-117.2876,33.9974],[-117.2875,34.0183],[-117.2961,34.0183],[-117.2961,34.0298],[-117.2921,34.0297],[-117.2909,34.0365],[-117.2994,34.0448],[-117.326,34.0395],[-117.331,34.044],[-117.3375,34.0338],[-117.3282,34.0378],[-117.3303,34.0321],[-117.3267,34.0319],[-117.3371,34.0193],[-117.3754,34.0194],[-117.3753,34.0339],[-117.5583,34.0335],[-117.5584,33.9884],[-117.5932,33.9774],[-117.5931,33.9608],[-117.5582,33.9609],[-117.5583,33.955],[-117.5496,33.9572],[-117.5538,33.95],[-117.5492,33.9496],[-117.5422,33.9567],[-117.5254,33.9586],[-117.5232,33.9625],[-117.5238,33.9459],[-117.5117,33.9412],[-117.5173,33.93],[-117.512,33.9149],[-117.5149,33.9023],[-117.5236,33.9021],[-117.5262,33.9079],[-117.5399,33.8974],[-117.5508,33.8962],[-117.5569,33.902],[-117.5584,33.8949],[-117.5666,33.8937],[-117.5712,33.9017],[-117.5783,33.8925],[-117.5897,33.8966],[-117.5939,33.8818],[-117.6296,33.8834]]]},"properties":{"geoid":"06058","state":"06","district":"58","name":"Assembly District 58","chamber":"Assembly"}},{"type":"Feature","geometry":{"type":"Polygon","coordinates":[[[-117.9577,33.8767],[-117.9331,33.8738],[-117.9243,33.8755],[-117.9244,33.8812],[-117.9161,33.8858],[-117.9127,33.8813],[-117.8965,33.8815],[-117.8902,33.888],[-117.8804,33.8891],[-117.879,33.874],[-117.8851,33.8535],[-117.8671,33.8464],[-117.8673,33.8428],[-117.8364,33.8471],[-117.831,33.8421],[-117.8356,33.835],[-117.8298,33.7671],[-117.8201,33.7671],[-117.8224,33.7523],[-117.8185,33.7486],[-117.8143,33.7487],[-117.8143,33.7553],[-117.812,33.75],[-117.8059,33.7544],[-117.8095,33.7508],[-117.8036,33.7454],[-117.8024,33.7352],[-117.7811,33.7486],[-117.7642,33.7735],[-117.7517,33.7736],[-117.7523,33.7674],[-117.7416,33.7607],[-117.7415,33.7539],[-117.7171,33.7485],[-117.7067,33.7388],[-117.6996,33.7579],[-117.6775,33.7479],[-117.6719,33.7494],[-117.6782,33.755],[-117.6842,33.7735],[-117.6784,33.7739],[-117.6765,33.78],[-117.6672,33.7821],[-117.6591,33.7681],[-117.6614,33.7643],[-117.6251,33.7626],[-117.6246,33.8014],[-117.621,33.7974],[-117.6073,33.7974],[-117.6621,33.8575],[-117.6743,33.858],[-117.6751,33.8687],[-117.669,33.8808],[-117.6763,33.8886],[-117.6548,33.8887],[-117.6552,33.9249],[-117.611,33.9242],[-117.611,33.9601],[-117.6503,33.9534],[-117.6505,33.9686],[-117.6802,33.9682],[-117.6888,33.9764],[-117.6889,33.9828],[-117.6976,33.9827],[-117.698,34.0117],[-117.734,34.0115],[-117.746,34.0201],[-117.7677,34.0235],[-117.7675,34.0047],[-117.785,34.0049],[-117.8025,33.9756],[-117.8024,33.9683],[-117.7937,33.9681],[-117.7936,33.9538],[-117.7831,33.9463],[-117.9196,33.9476],[-117.92,33.9319],[-117.9287,33.9319],[-117.92,33.9246],[-117.933,33.9246],[-117.9303,33.9112],[-117.9417,33.9137],[-117.9417,33.9086],[-117.9575,33.9065],[-117.9484,33.8851],[-117.9577,33.8767]]]},"properties":{"geoid":"06059","state":"06","district":"59","name":"Assembly District 59","chamber":"Assembly"}},{"type":"Feature","geometry":{"type":"Polygon","coordinates":[[[-117.356,33.9946],[-117.3426,33.983],[-117.3311,33.9847],[-117.3316,33.9962],[-117.3094,33.9937],[-117.3048,33.9863],[-117.3094,33.9834],[-117.3137,33.9607],[-117.292,33.943],[-117.2611,33.8662],[-117.3196,33.8657],[-117.3226,33.8583],[-117.3313,33.8582],[-117.3311,33.8366],[-117.3139,33.8297],[-117.3135,33.8228],[-117.3225,33.8226],[-117.3224,33.8152],[-117.3128,33.815],[-117.3128,33.8003],[-117.302,33.7998],[-117.296,33.7887],[-117.3068,33.7814],[-117.3066,33.7721],[-117.3013,33.7722],[-117.3011,33.7424],[-117.2625,33.7428],[-117.2624,33.7356],[-117.2581,33.7357],[-117.2581,33.7143],[-117.2406,33.7141],[-117.2406,33.7214],[-117.2355,33.7233],[-117.2305,33.7179],[-117.2369,33.7141],[-117.2233,33.7141],[-117.2235,33.743],[-117.1933,33.743],[-117.1932,33.7358],[-117.1847,33.7357],[-117.1805,33.7466],[-117.1847,33.7459],[-117.1892,33.7544],[-117.1844,33.7577],[-117.1365,33.7577],[-117.1365,33.7359],[-117.1162,33.7318],[-117.0895,33.7388],[-117.0895,33.729],[-117.0808,33.7286],[-117.0808,33.7218],[-117.0731,33.7219],[-117.071,33.7348],[-117.0607,33.7437],[-116.9456,33.7477],[-116.9482,33.7441],[-116.9576,33.7463],[-116.9558,33.7349],[-116.9628,33.7295],[-116.9607,33.7236],[-116.9672,33.7228],[-116.9672,33.7148],[-116.9273,33.7117],[-116.9237,33.7156],[-116.9195,33.7478],[-116.9089,33.7478],[-116.9089,33.7514],[-116.9149,33.755],[-116.9151,33.7604],[-116.9107,33.7605],[-116.9326,33.7804],[-116.9283,33.7801],[-116.9257,33.7872],[-116.9327,33.7869],[-116.9416,33.805],[-116.9547,33.813],[-116.946,33.8132],[-116.946,33.8166],[-116.9547,33.8166],[-116.9547,33.8238],[-116.9724,33.8238],[-116.9724,33.831],[-116.9634,33.831],[-116.9635,33.8454],[-116.9984,33.8493],[-116.9994,33.8692],[-116.9862,33.8748],[-116.9813,33.8895],[-116.9577,33.8894],[-116.958,33.9037],[-116.964,33.9034],[-116.964,33.9095],[-116.9727,33.9133],[-116.9728,33.9186],[-116.9902,33.9152],[-116.9902,33.9225],[-116.999,33.918],[-116.9988,33.9263],[-117.0079,33.9262],[-117.009,33.9333],[-117.0211,33.9298],[-117.0232,33.9335],[-117.0231,33.926],[-117.0341,33.9251],[-117.0342,33.9435],[-117.0521,33.9474],[-117.0872,33.9742],[-117.1154,33.9811],[-117.1253,33.9799],[-117.1211,33.979],[-117.1218,33.9525],[-117.139,33.9455],[-117.1389,33.9502],[-117.1477,33.9538],[-117.1476,33.9611],[-117.1584,33.9611],[-117.1651,33.968],[-117.1652,33.9612],[-117.2178,33.9613],[-117.2178,33.9683],[-117.2265,33.967],[-117.2253,33.9823],[-117.2615,33.9828],[-117.2621,33.9878],[-117.2666,33.9857],[-117.2689,33.9899],[-117.2864,33.9899],[-117.2869,33.9979],[-117.3093,33.9974],[-117.305,34.0047],[-117.3267,34.0101],[-117.3341,34.0066],[-117.3338,34.0133],[-117.3445,34.0123],[-117.356,33.9946]]]},"properties":{"geoid":"06060","state":"06","district":"60","name":"Assembly District 60","chamber":"Assembly"}},{"type":"Feature","geometry":{"type":"Polygon","coordinates":[[[-118.5377,33.9669],[-118.4989,33.9162],[-118.4222,33.9163],[-118.4288,33.931],[-118.3787,33.9309],[-118.3743,33.9172],[-118.3786,33.9154],[-118.3787,33.8946],[-118.3613,33.8947],[-118.3613,33.8729],[-118.3438,33.8772],[-118.3438,33.8934],[-118.3265,33.9019],[-118.2917,33.9019],[-118.2915,33.9289],[-118.2811,33.9289],[-118.2809,33.96],[-118.3178,33.96],[-118.3176,33.9891],[-118.3352,33.989],[-118.3352,33.9818],[-118.3758,33.983],[-118.3718,33.9773],[-118.3803,33.9764],[-118.4034,33.9839],[-118.4303,33.972],[-118.4478,33.9904],[-118.445,33.9946],[-118.456,34.01],[-118.5377,33.9669]]]},"properties":{"geoid":"06061","state":"06","district":"61","name":"Assembly District 61","chamber":"Assembly"}},{"type":"Feature","geometry":{"type":"Polygon","coordinates":[[[-118.239,33.9894],[-118.2376,33.9747],[-118.2302,33.9747],[-118.2256,33.9294],[-118.2303,33.929],[-118.2288,33.9227],[-118.2199,33.923],[-118.2169,33.9123],[-118.1867,33.9071],[-118.1881,33.8947],[-118.1799,33.8927],[-118.1824,33.8891],[-118.1869,33.8925],[-118.188,33.8854],[-118.1513,33.882],[-118.1466,33.8603],[-118.157,33.8602],[-118.1555,33.8544],[-118.1677,33.8543],[-118.1643,33.8471],[-118.1674,33.8201],[-118.164,33.8276],[-118.156,33.8251],[-118.15,33.8324],[-118.1427,33.8324],[-118.1427,33.8467],[-118.1249,33.8471],[-118.125,33.8324],[-118.0818,33.8313],[-118.0788,33.8387],[-118.0676,33.838],[-118.0688,33.8324],[-118.059,33.8352],[-118.059,33.8462],[-118.082,33.846],[-118.0864,33.8496],[-118.0864,33.846],[-118.0992,33.8459],[-118.1031,33.8584],[-118.1083,33.8584],[-118.1094,33.9098],[-118.1424,33.9105],[-118.143,33.9025],[-118.1535,33.9074],[-118.1492,33.9137],[-118.1704,33.9236],[-118.1617,33.9285],[-118.1659,33.9385],[-118.1563,33.951],[-118.1776,33.9577],[-118.1853,33.9556],[-118.2062,33.9763],[-118.2026,33.9826],[-118.1701,33.9801],[-118.1725,33.9865],[-118.1842,33.9942],[-118.2034,33.9967],[-118.204,33.9831],[-118.2126,33.984],[-118.2128,33.9897],[-118.2236,33.9916],[-118.2236,33.9964],[-118.2297,33.9957],[-118.2303,33.9892],[-118.239,33.9894]]]},"properties":{"geoid":"06062","state":"06","district":"62","name":"Assembly District 62","chamber":"Assembly"}},{"type":"Feature","geometry":{"type":"Polygon","coordinates":[[[-117.6763,33.8886],[-117.669,33.8808],[-117.6751,33.8687],[-117.6743,33.858],[-117.6621,33.8575],[-117.5801,33.768],[-117.5364,33.7577],[-117.534,33.7104],[-117.4746,33.7038],[-117.413,33.659],[-117.4158,33.6536],[-117.4073,33.656],[-117.4099,33.6486],[-117.4016,33.6505],[-117.3904,33.6396],[-117.3631,33.6391],[-117.3633,33.6265],[-117.3275,33.626],[-117.328,33.6125],[-117.3057,33.6165],[-117.2906,33.6332],[-117.2964,33.6525],[-117.2878,33.6561],[-117.2539,33.6559],[-117.2535,33.6486],[-117.2404,33.6487],[-117.2403,33.6559],[-117.2234,33.656],[-117.2234,33.627],[-117.1711,33.627],[-117.1699,33.6415],[-117.1664,33.6415],[-117.1657,33.6342],[-117.1541,33.6342],[-117.154,33.6415],[-117.1455,33.6415],[-117.1454,33.6342],[-117.1233,33.6343],[-117.1232,33.627],[-117.1189,33.627],[-117.1191,33.6416],[-117.1368,33.6415],[-117.1365,33.6996],[-117.1196,33.6996],[-117.1198,33.7143],[-117.0806,33.7181],[-117.0808,33.7286],[-117.0895,33.729],[-117.0895,33.7388],[-117.1162,33.7318],[-117.1365,33.7359],[-117.1365,33.7577],[-117.1847,33.7577],[-117.1892,33.7503],[-117.1805,33.7466],[-117.1847,33.7357],[-117.1932,33.7358],[-117.1933,33.743],[-117.2235,33.743],[-117.2233,33.7141],[-117.2369,33.7141],[-117.2305,33.7179],[-117.2355,33.7233],[-117.2406,33.7214],[-117.2406,33.7141],[-117.2581,33.7143],[-117.2581,33.7357],[-117.2624,33.7356],[-117.2625,33.7428],[-117.3011,33.7424],[-117.3013,33.7722],[-117.3066,33.7721],[-117.3068,33.7814],[-117.296,33.7887],[-117.302,33.7998],[-117.3128,33.8003],[-117.3128,33.815],[-117.3224,33.8152],[-117.3225,33.8226],[-117.3135,33.8228],[-117.3139,33.8297],[-117.3311,33.8359],[-117.3313,33.8582],[-117.3226,33.8583],[-117.3196,33.8657],[-117.2611,33.8662],[-117.292,33.943],[-117.3137,33.9607],[-117.3094,33.9834],[-117.3048,33.9863],[-117.3094,33.9937],[-117.3316,33.9962],[-117.3327,33.983],[-117.3485,33.983],[-117.3469,33.9488],[-117.356,33.9441],[-117.3704,33.9465],[-117.3753,33.9381],[-117.3892,33.93],[-117.3835,33.9226],[-117.3836,33.8868],[-117.4541,33.8885],[-117.4608,33.8847],[-117.465,33.8898],[-117.476,33.8817],[-117.4812,33.8868],[-117.4941,33.8867],[-117.4967,33.8777],[-117.5026,33.8767],[-117.5014,33.8726],[-117.4933,33.8726],[-117.4933,33.8674],[-117.4859,33.8673],[-117.4914,33.8653],[-117.4836,33.8524],[-117.4845,33.8364],[-117.5019,33.8323],[-117.5021,33.8244],[-117.5191,33.8294],[-117.5281,33.8293],[-117.5243,33.8238],[-117.5368,33.8238],[-117.5364,33.8303],[-117.5304,33.8322],[-117.5322,33.8357],[-117.5364,33.8317],[-117.5319,33.8431],[-117.5424,33.8658],[-117.5614,33.855],[-117.602,33.8593],[-117.6076,33.8608],[-117.6102,33.869],[-117.6124,33.8647],[-117.6208,33.8813],[-117.6296,33.8834],[-117.5939,33.8818],[-117.5897,33.8966],[-117.5783,33.8925],[-117.5712,33.9017],[-117.5666,33.8937],[-117.5584,33.8949],[-117.5569,33.902],[-117.5508,33.8962],[-117.5399,33.8974],[-117.5262,33.9079],[-117.5236,33.9021],[-117.5149,33.9023],[-117.512,33.9149],[-117.5173,33.93],[-117.5117,33.9412],[-117.5238,33.9459],[-117.5232,33.9625],[-117.5538,33.95],[-117.5496,33.9572],[-117.5583,33.955],[-117.5582,33.9609],[-117.5931,33.9608],[-117.5932,33.9774],[-117.6109,33.9718],[-117.611,33.9242],[-117.6552,33.9249],[-117.6548,33.8887],[-117.6763,33.8886]]]},"properties":{"geoid":"06063","state":"06","district":"63","name":"Assembly District 63","chamber":"Assembly"}},{"type":"Feature","geometry":{"type":"Polygon","coordinates":[[[-118.2062,33.9796],[-118.1853,33.9556],[-118.1776,33.9577],[-118.1563,33.951],[-118.1659,33.9385],[-118.1617,33.9285],[-118.1704,33.9236],[-118.1492,33.9137],[-118.1535,33.9074],[-118.1427,33.9025],[-118.1424,33.9105],[-118.1094,33.9098],[-118.1082,33.8869],[-118.0955,33.8874],[-118.0954,33.8785],[-118.0727,33.8804],[-118.0685,33.8876],[-118.0384,33.8878],[-118.0289,33.8826],[-118.0288,33.8733],[-118.0114,33.8734],[-118.0115,33.8808],[-118.0028,33.8809],[-118.0029,33.8882],[-117.9941,33.8882],[-117.9941,33.8955],[-117.9853,33.8955],[-117.9854,33.9028],[-117.95,33.9065],[-117.9417,33.9086],[-117.9417,33.9137],[-117.9303,33.9112],[-117.933,33.9246],[-117.92,33.9246],[-117.92,33.9282],[-117.9287,33.9298],[-117.92,33.9319],[-117.92,33.9461],[-117.9765,33.9461],[-117.9765,33.928],[-117.99,33.9319],[-118.0008,33.9293],[-118.0034,33.9383],[-118.0363,33.9537],[-118.0456,33.9553],[-118.0457,33.9506],[-118.0558,33.9615],[-118.0549,33.9682],[-118.0734,33.975],[-118.0737,33.9701],[-118.0662,33.9698],[-118.0664,33.9647],[-118.0706,33.9648],[-118.0683,33.9616],[-118.0888,33.9669],[-118.0868,33.9599],[-118.0932,33.9503],[-118.1213,33.973],[-118.1294,33.971],[-118.167,33.9794],[-118.1702,33.9882],[-118.1521,33.9922],[-118.1701,33.9995],[-118.1779,33.9956],[-118.1701,33.9801],[-118.2062,33.9796]]]},"properties":{"geoid":"06064","state":"06","district":"64","name":"Assembly District 64","chamber":"Assembly"}},{"type":"Feature","geometry":{"type":"Polygon","coordinates":[[[-118.352,33.6666],[-118.3191,33.6595],[-118.2742,33.6634],[-118.237,33.6906],[-118.2216,33.6906],[-118.249,33.7559],[-118.2408,33.7583],[-118.2454,33.7639],[-118.2207,33.7825],[-118.2277,33.79],[-118.2224,33.8042],[-118.2266,33.8295],[-118.2239,33.8065],[-118.23,33.7925],[-118.2375,33.8005],[-118.2584,33.7994],[-118.2565,33.8048],[-118.2646,33.8045],[-118.2646,33.7991],[-118.2865,33.7976],[-118.2849,33.8462],[-118.2705,33.8466],[-118.2633,33.8395],[-118.2646,33.8475],[-118.2066,33.8466],[-118.2003,33.8602],[-118.2018,33.8544],[-118.1643,33.8539],[-118.1555,33.8544],[-118.157,33.8602],[-118.1466,33.8603],[-118.1513,33.882],[-118.188,33.8854],[-118.1869,33.8925],[-118.1824,33.8891],[-118.1799,33.8927],[-118.1881,33.8947],[-118.1867,33.9071],[-118.2169,33.9123],[-118.2199,33.923],[-118.2288,33.9227],[-118.2275,33.9431],[-118.234,33.9533],[-118.2488,33.9534],[-118.2491,33.9433],[-118.2541,33.9433],[-118.2538,33.928],[-118.2915,33.9289],[-118.2905,33.8664],[-118.2981,33.8656],[-118.2944,33.8705],[-118.2991,33.8705],[-118.2993,33.8657],[-118.3091,33.8656],[-118.3099,33.7819],[-118.3003,33.7801],[-118.2971,33.7845],[-118.2922,33.7791],[-118.2801,33.779],[-118.2798,33.7718],[-118.2907,33.7562],[-118.2924,33.727],[-118.3112,33.727],[-118.3204,33.7187],[-118.3424,33.6939],[-118.352,33.6666]]]},"properties":{"geoid":"06065","state":"06","district":"65","name":"Assembly District 65","chamber":"Assembly"}},{"type":"Feature","geometry":{"type":"Polygon","coordinates":[[[-118.4963,33.9162],[-118.444,33.8391],[-118.4845,33.8032],[-118.4856,33.7537],[-118.467,33.7255],[-118.4286,33.7013],[-118.3859,33.6867],[-118.352,33.6666],[-118.3424,33.6939],[-118.3204,33.7187],[-118.3112,33.727],[-118.2924,33.727],[-118.2907,33.7562],[-118.2799,33.7715],[-118.2801,33.779],[-118.2922,33.7791],[-118.2971,33.7845],[-118.3003,33.7801],[-118.3099,33.7819],[-118.3091,33.8656],[-118.2993,33.8657],[-118.2991,33.8705],[-118.2944,33.8705],[-118.2981,33.8656],[-118.2905,33.8664],[-118.2917,33.9019],[-118.3265,33.9019],[-118.3438,33.8934],[-118.3438,33.8772],[-118.3613,33.8729],[-118.3613,33.8947],[-118.3787,33.8946],[-118.3786,33.9154],[-118.3743,33.9172],[-118.3787,33.9309],[-118.4288,33.931],[-118.4222,33.9163],[-118.4963,33.9162]]]},"properties":{"geoid":"06066","state":"06","district":"66","name":"Assembly District 66","chamber":"Assembly"}},{"type":"Feature","geometry":{"type":"Polygon","coordinates":[[[-118.1086,33.8869],[-118.1083,33.8584],[-118.1031,33.8584],[-118.0992,33.8459],[-118.0864,33.846],[-118.0864,33.8496],[-118.082,33.846],[-118.059,33.8462],[-118.059,33.8352],[-118.0688,33.8324],[-118.0676,33.838],[-118.0788,33.8387],[-118.0817,33.8251],[-118.0633,33.8241],[-118.0631,33.8104],[-118.0545,33.8104],[-118.0545,33.8032],[-118.0328,33.8007],[-118.0371,33.7921],[-118.0111,33.792],[-118.0109,33.8042],[-118.0182,33.8063],[-118.0107,33.8063],[-118.0119,33.8111],[-117.9759,33.8158],[-117.9802,33.8103],[-117.972,33.8114],[-117.9753,33.8073],[-117.9676,33.8068],[-117.9719,33.8031],[-117.9371,33.8005],[-117.9412,33.7923],[-117.9239,33.7988],[-117.9174,33.7961],[-117.9149,33.7889],[-117.8914,33.7919],[-117.9324,33.8327],[-117.9751,33.855],[-117.9199,33.8545],[-117.9199,33.8631],[-117.9069,33.8632],[-117.9067,33.8542],[-117.8831,33.8597],[-117.8804,33.8891],[-117.8902,33.888],[-117.8965,33.8815],[-117.9127,33.8813],[-117.9161,33.8858],[-117.9244,33.8812],[-117.9243,33.8755],[-117.9331,33.8738],[-117.9574,33.8766],[-117.9484,33.8851],[-117.954,33.8913],[-117.9526,33.8998],[-117.9575,33.9065],[-117.9766,33.9064],[-117.9766,33.9028],[-117.9854,33.9028],[-117.9853,33.8955],[-117.9941,33.8955],[-117.9941,33.8882],[-118.0029,33.8882],[-118.0028,33.8809],[-118.0115,33.8808],[-118.0114,33.8734],[-118.0288,33.8733],[-118.0289,33.8826],[-118.0384,33.8878],[-118.0685,33.8876],[-118.0727,33.8804],[-118.0938,33.8785],[-118.0955,33.8874],[-118.1086,33.8869]]]},"properties":{"geoid":"06067","state":"06","district":"67","name":"Assembly District 67","chamber":"Assembly"}},{"type":"Feature","geometry":{"type":"Polygon","coordinates":[[[-117.9746,33.8549],[-117.9324,33.8327],[-117.8914,33.7919],[-117.9041,33.7925],[-117.9047,33.7889],[-117.8975,33.7889],[-117.8974,33.7745],[-117.8892,33.7739],[-117.9114,33.7452],[-117.9158,33.7245],[-117.9295,33.702],[-117.9195,33.7021],[-117.9194,33.6956],[-117.8677,33.6919],[-117.8554,33.7047],[-117.8487,33.7001],[-117.8376,33.7113],[-117.8446,33.7156],[-117.8338,33.7275],[-117.8335,33.7338],[-117.8425,33.7338],[-117.8435,33.742],[-117.8338,33.7439],[-117.8303,33.7581],[-117.8349,33.7617],[-117.8313,33.7635],[-117.8311,33.7952],[-117.8356,33.835],[-117.831,33.8421],[-117.8364,33.8471],[-117.8673,33.8428],[-117.8671,33.8464],[-117.8851,33.8535],[-117.8831,33.8597],[-117.9067,33.8542],[-117.9069,33.8632],[-117.9199,33.8631],[-117.9199,33.8545],[-117.9746,33.8549]]]},"properties":{"geoid":"06068","state":"06","district":"68","name":"Assembly District 68","chamber":"Assembly"}},{"type":"Feature","geometry":{"type":"MultiPolygon","coordinates":[[[[-118.6682,33.4859],[-118.6659,33.4673],[-118.6551,33.4453],[-118.6186,33.4062],[-118.5911,33.3909],[-118.5479,33.3768],[-118.5512,33.3694],[-118.5475,33.3405],[-118.5349,33.3152],[-118.5104,33.2897],[-118.4867,33.2769],[-118.4377,33.267],[-118.3856,33.2654],[-118.3633,33.2551],[-118.328,33.2481],[-118.2807,33.2591],[-118.2491,33.2841],[-118.2413,33.323],[-118.2577,33.3641],[-118.3041,33.4036],[-118.3164,33.4341],[-118.3594,33.4649],[-118.4208,33.4818],[-118.4629,33.5104],[-118.4933,33.5157],[-118.5068,33.5249],[-118.5294,33.5312],[-118.6259,33.529],[-118.6557,33.5108],[-118.6682,33.4859]]],[[[-118.2889,33.8025],[-118.2829,33.7976],[-118.2646,33.7991],[-118.2646,33.8045],[-118.2565,33.8048],[-118.2584,33.7994],[-118.2375,33.8005],[-118.23,33.7925],[-118.2239,33.8065],[-118.2266,33.8295],[-118.2224,33.8042],[-118.2277,33.79],[-118.2207,33.7825],[-118.2454,33.7639],[-118.2408,33.7583],[-118.249,33.7559],[-118.2216,33.6906],[-118.1658,33.6916],[-118.1478,33.6941],[-118.1141,33.7461],[-118.092,33.7585],[-118.0966,33.7795],[-118.0847,33.8029],[-118.0632,33.8197],[-118.0633,33.8241],[-118.0817,33.8251],[-118.0818,33.8313],[-118.125,33.8324],[-118.1249,33.8471],[-118.1427,33.8467],[-118.1427,33.8324],[-118.15,33.8324],[-118.156,33.8251],[-118.164,33.8276],[-118.1674,33.8201],[-118.1643,33.8471],[-118.1677,33.8544],[-118.2018,33.8544],[-118.2003,33.8602],[-118.2066,33.8466],[-118.2646,33.8475],[-118.2633,33.8395],[-118.2705,33.8466],[-118.2849,33.8462],[-118.2889,33.8025]]],[[[-118.6782,33.0397],[-118.6702,33],[-118.6447,33],[-118.6355,32.9656],[-118.6088,32.9277],[-118.5969,32.8905],[-118.5625,32.8494],[-118.5532,32.8288],[-118.5382,32.8128],[-118.5076,32.7969],[-118.4647,32.7602],[-118.4365,32.75],[-118.4083,32.7519],[-118.3784,32.7702],[-118.3535,32.7658],[-118.3238,32.7735],[-118.2958,32.7983],[-118.2888,32.8208],[-118.2972,32.8451],[-118.3289,32.875],[-118.4489,32.9618],[-118.4895,33.0106],[-118.4956,33.0263],[-118.515,33.0499],[-118.5421,33.0738],[-118.5783,33.0862],[-118.6326,33.0845],[-118.6638,33.0668],[-118.6782,33.0397]]]]},"properties":{"geoid":"06069","state":"06","district":"69","name":"Assembly District 69","chamber":"Assembly"}},{"type":"Feature","geometry":{"type":"Polygon","coordinates":[[[-118.0971,33.7746],[-118.0428,33.7748],[-118.0427,33.7497],[-118.0334,33.7562],[-118.0191,33.7539],[-118.0157,33.7443],[-118.007,33.7444],[-118.0068,33.7301],[-117.9892,33.7302],[-117.9889,33.6867],[-117.9401,33.6855],[-117.9171,33.7216],[-117.9086,33.75],[-117.8892,33.7739],[-117.8974,33.7745],[-117.8975,33.7889],[-117.9047,33.7889],[-117.9041,33.7925],[-117.9149,33.7889],[-117.9174,33.7961],[-117.9241,33.7988],[-117.9412,33.7923],[-117.9371,33.8005],[-117.9719,33.8031],[-117.9676,33.8068],[-117.9753,33.8073],[-117.972,33.8114],[-117.9802,33.8103],[-117.9758,33.8158],[-118.0119,33.8111],[-118.0107,33.8063],[-118.0182,33.8063],[-118.0109,33.8042],[-118.0111,33.792],[-118.0371,33.7921],[-118.0328,33.8007],[-118.0545,33.8032],[-118.0545,33.8104],[-118.0631,33.8104],[-118.0632,33.8197],[-118.0847,33.8029],[-118.0971,33.7746]]]},"properties":{"geoid":"06070","state":"06","district":"70","name":"Assembly District 70","chamber":"Assembly"}},{"type":"Feature","geometry":{"type":"Polygon","coordinates":[[[-117.6959,33.613],[-117.6947,33.6068],[-117.6745,33.5963],[-117.6741,33.5431],[-117.6476,33.5268],[-117.6392,33.5291],[-117.6373,33.5204],[-117.6307,33.5164],[-117.6198,33.5192],[-117.6223,33.5089],[-117.6125,33.4835],[-117.595,33.4835],[-117.5799,33.4908],[-117.5784,33.4834],[-117.5734,33.4834],[-117.5734,33.469],[-117.579,33.4647],[-117.5712,33.461],[-117.5714,33.4546],[-117.5382,33.4549],[-117.5095,33.4703],[-117.5098,33.5052],[-117.3643,33.5049],[-117.3708,33.4907],[-117.2415,33.4488],[-117.2414,33.4319],[-116.8838,33.4269],[-116.8877,33.4346],[-116.8786,33.4377],[-116.9035,33.4466],[-116.9045,33.4512],[-116.8966,33.4501],[-116.8986,33.4561],[-116.9145,33.4639],[-116.9126,33.4834],[-116.8968,33.503],[-116.8973,33.5103],[-116.946,33.5175],[-116.946,33.5579],[-116.9498,33.558],[-116.9481,33.5654],[-116.9605,33.572],[-116.9794,33.5747],[-116.982,33.562],[-117.0123,33.5368],[-117.0442,33.5446],[-117.0312,33.5558],[-117.0321,33.5688],[-117.0769,33.5717],[-117.0831,33.5751],[-117.0837,33.5835],[-117.0946,33.5712],[-117.1209,33.5725],[-117.1302,33.5646],[-117.1365,33.5689],[-117.1331,33.5815],[-117.1185,33.598],[-117.1367,33.5978],[-117.1368,33.6342],[-117.1454,33.6342],[-117.1455,33.6415],[-117.154,33.6415],[-117.1541,33.6342],[-117.1657,33.6342],[-117.1664,33.6415],[-117.1711,33.6415],[-117.1711,33.627],[-117.2234,33.627],[-117.2234,33.656],[-117.2403,33.6559],[-117.2404,33.6487],[-117.2535,33.6486],[-117.2539,33.6559],[-117.2878,33.6561],[-117.2964,33.6525],[-117.2906,33.6332],[-117.3057,33.6165],[-117.328,33.6125],[-117.3275,33.626],[-117.3633,33.6265],[-117.3631,33.6391],[-117.3904,33.6396],[-117.4016,33.6505],[-117.4099,33.6486],[-117.4073,33.656],[-117.4158,33.6536],[-117.413,33.659],[-117.4746,33.7038],[-117.534,33.7104],[-117.5364,33.7577],[-117.5801,33.768],[-117.6073,33.7974],[-117.621,33.7974],[-117.6246,33.8014],[-117.6251,33.7626],[-117.6614,33.7643],[-117.6591,33.7681],[-117.6672,33.7821],[-117.6842,33.7735],[-117.6782,33.755],[-117.652,33.7422],[-117.648,33.7319],[-117.652,33.7328],[-117.6423,33.7171],[-117.6549,33.7067],[-117.642,33.7038],[-117.6208,33.6859],[-117.623,33.6752],[-117.6532,33.6564],[-117.6625,33.6418],[-117.6959,33.613]]]},"properties":{"geoid":"06071","state":"06","district":"71","name":"Assembly District 71","chamber":"Assembly"}},{"type":"Feature","geometry":{"type":"Polygon","coordinates":[[[-118.1415,33.7036],[-118.1478,33.6941],[-118.1259,33.6972],[-118.0965,33.6537],[-118.0336,33.6094],[-118.0009,33.5932],[-117.934,33.5493],[-117.8164,33.4909],[-117.7509,33.419],[-117.7509,33.4405],[-117.7676,33.4503],[-117.7319,33.4832],[-117.7334,33.5028],[-117.7388,33.5074],[-117.7343,33.5099],[-117.7402,33.5112],[-117.7332,33.5201],[-117.737,33.5396],[-117.7211,33.5432],[-117.7143,33.5712],[-117.703,33.5715],[-117.6875,33.5576],[-117.6765,33.5635],[-117.6745,33.5963],[-117.6947,33.6068],[-117.6957,33.6134],[-117.6635,33.6408],[-117.6532,33.6564],[-117.6267,33.6699],[-117.6206,33.6833],[-117.642,33.7038],[-117.6549,33.7067],[-117.7182,33.6374],[-117.72,33.6289],[-117.7266,33.6347],[-117.7209,33.6283],[-117.7412,33.6311],[-117.7478,33.619],[-117.7535,33.6267],[-117.7744,33.6184],[-117.7762,33.5996],[-117.8141,33.611],[-117.8221,33.6207],[-117.8563,33.6381],[-117.8628,33.6576],[-117.8543,33.6661],[-117.8629,33.6717],[-117.8747,33.6629],[-117.8832,33.6654],[-117.9115,33.6256],[-117.9394,33.6324],[-117.9448,33.6405],[-117.9418,33.6478],[-117.9451,33.6433],[-117.9547,33.6432],[-117.9395,33.6871],[-117.9889,33.6867],[-117.9892,33.7302],[-118.0068,33.7301],[-118.007,33.7444],[-118.0157,33.7443],[-118.0191,33.7539],[-118.0334,33.7562],[-118.0427,33.7497],[-118.0428,33.7748],[-118.0971,33.7744],[-118.092,33.7585],[-118.1141,33.7461],[-118.1415,33.7036]]]},"properties":{"geoid":"06072","state":"06","district":"72","name":"Assembly District 72","chamber":"Assembly"}},{"type":"Feature","geometry":{"type":"Polygon","coordinates":[[[-117.9546,33.6437],[-117.9451,33.6433],[-117.9418,33.6478],[-117.9448,33.6405],[-117.9394,33.6324],[-117.9115,33.6256],[-117.8832,33.6654],[-117.8747,33.6629],[-117.8627,33.6716],[-117.8543,33.6661],[-117.8628,33.6576],[-117.8563,33.6381],[-117.8221,33.6207],[-117.8141,33.611],[-117.7762,33.5996],[-117.7744,33.6184],[-117.7535,33.6267],[-117.7478,33.619],[-117.7412,33.6311],[-117.7209,33.6283],[-117.7266,33.6347],[-117.72,33.6289],[-117.7183,33.6372],[-117.6771,33.6861],[-117.6423,33.7171],[-117.6551,33.745],[-117.6775,33.7479],[-117.6996,33.7579],[-117.7067,33.7388],[-117.7171,33.7485],[-117.7415,33.7539],[-117.7416,33.7607],[-117.7523,33.7674],[-117.7517,33.7736],[-117.7642,33.7735],[-117.7811,33.7486],[-117.8024,33.7352],[-117.8036,33.7454],[-117.8095,33.7508],[-117.8059,33.7544],[-117.812,33.75],[-117.8143,33.7553],[-117.8143,33.7487],[-117.8185,33.7486],[-117.8224,33.7523],[-117.8201,33.7671],[-117.8282,33.7657],[-117.8314,33.7731],[-117.8349,33.7617],[-117.8304,33.7596],[-117.8322,33.7472],[-117.8435,33.742],[-117.8425,33.7338],[-117.8335,33.7338],[-117.8341,33.726],[-117.8446,33.7156],[-117.8376,33.7113],[-117.8487,33.7001],[-117.8554,33.7047],[-117.8677,33.6919],[-117.9194,33.6956],[-117.9195,33.7021],[-117.9295,33.702],[-117.9423,33.681],[-117.9546,33.6437]]]},"properties":{"geoid":"06073","state":"06","district":"73","name":"Assembly District 73","chamber":"Assembly"}},{"type":"Feature","geometry":{"type":"Polygon","coordinates":[[[-117.7676,33.4503],[-117.7509,33.4405],[-117.7509,33.419],[-117.7414,33.4101],[-117.7136,33.4088],[-117.6479,33.3636],[-117.6362,33.3491],[-117.5715,33.3123],[-117.5496,33.2944],[-117.4356,33.1775],[-117.4101,33.1335],[-117.3589,33.1642],[-117.3597,33.1688],[-117.3528,33.1689],[-117.3528,33.1748],[-117.3443,33.1761],[-117.3441,33.1798],[-117.2994,33.1826],[-117.2989,33.1756],[-117.283,33.173],[-117.271,33.1772],[-117.2706,33.1531],[-117.2569,33.1571],[-117.2531,33.1458],[-117.2468,33.1458],[-117.2463,33.1348],[-117.2212,33.132],[-117.2124,33.1549],[-117.2187,33.1535],[-117.2159,33.1582],[-117.219,33.1597],[-117.213,33.1592],[-117.2179,33.1629],[-117.2095,33.1682],[-117.2157,33.1755],[-117.2248,33.1739],[-117.2283,33.1795],[-117.2175,33.1819],[-117.2201,33.1907],[-117.2096,33.1866],[-117.2086,33.1947],[-117.2122,33.1939],[-117.2159,33.2041],[-117.1923,33.2011],[-117.1923,33.2071],[-117.2006,33.21],[-117.1998,33.2061],[-117.2052,33.2063],[-117.2062,33.2102],[-117.2015,33.2111],[-117.208,33.2111],[-117.2047,33.2267],[-117.2153,33.2249],[-117.2152,33.2316],[-117.2223,33.2303],[-117.2172,33.2376],[-117.2294,33.2348],[-117.2294,33.2284],[-117.2628,33.2374],[-117.2557,33.2466],[-117.2449,33.2406],[-117.2429,33.2598],[-117.2493,33.2589],[-117.2493,33.2635],[-117.2367,33.2673],[-117.245,33.2671],[-117.2475,33.2811],[-117.2425,33.2883],[-117.2424,33.3025],[-117.2492,33.3218],[-117.2601,33.3219],[-117.2601,33.3292],[-117.2492,33.3289],[-117.2494,33.3396],[-117.2535,33.3398],[-117.2538,33.3582],[-117.2621,33.3583],[-117.2558,33.4022],[-117.2502,33.4006],[-117.2491,33.409],[-117.2381,33.4131],[-117.2249,33.432],[-117.2414,33.4319],[-117.2415,33.4488],[-117.3708,33.4907],[-117.3643,33.5049],[-117.5098,33.5052],[-117.5095,33.4703],[-117.5382,33.4549],[-117.5714,33.4546],[-117.5712,33.461],[-117.579,33.4647],[-117.5734,33.469],[-117.5734,33.4834],[-117.5784,33.4834],[-117.5799,33.4908],[-117.595,33.4835],[-117.6125,33.4835],[-117.6223,33.5089],[-117.6198,33.5192],[-117.6307,33.5164],[-117.6373,33.5204],[-117.6392,33.5291],[-117.6476,33.5268],[-117.6741,33.5431],[-117.6726,33.5685],[-117.6855,33.5574],[-117.703,33.5715],[-117.7152,33.57],[-117.7211,33.5432],[-117.737,33.5396],[-117.7332,33.5201],[-117.7402,33.5112],[-117.7343,33.5099],[-117.7388,33.5074],[-117.7334,33.5028],[-117.7319,33.4832],[-117.7676,33.4503]]]},"properties":{"geoid":"06074","state":"06","district":"74","name":"Assembly District 74","chamber":"Assembly"}},{"type":"Feature","geometry":{"type":"Polygon","coordinates":[[[-117.2621,33.3583],[-117.2538,33.3582],[-117.2492,33.3289],[-117.2601,33.3292],[-117.2601,33.3219],[-117.2492,33.3218],[-117.2415,33.2927],[-117.2475,33.2811],[-117.245,33.2671],[-117.2367,33.2673],[-117.2364,33.2597],[-117.2307,33.2673],[-117.2014,33.2528],[-117.1562,33.2529],[-117.1423,33.2212],[-117.1087,33.1674],[-117.0927,33.171],[-117.0948,33.1764],[-117.0857,33.1744],[-117.0856,33.1795],[-117.0761,33.1641],[-117.0523,33.1633],[-117.0584,33.1707],[-117.067,33.1709],[-117.067,33.1926],[-117.0758,33.1963],[-117.0762,33.2034],[-117.085,33.2038],[-117.086,33.211],[-117.0633,33.2116],[-117.0584,33.2031],[-117.0495,33.2032],[-117.0417,33.1966],[-117.0456,33.1961],[-117.0337,33.1965],[-117.0336,33.1854],[-117.0073,33.1857],[-117.012,33.1775],[-117.0082,33.1675],[-117.0245,33.171],[-117.0148,33.1627],[-117.0231,33.163],[-117.0239,33.149],[-117.0147,33.1522],[-117.0151,33.134],[-116.9985,33.1348],[-116.9987,33.1164],[-117.0029,33.1126],[-116.981,33.109],[-116.981,33.1054],[-116.9634,33.1057],[-116.9638,33.0933],[-116.9551,33.0937],[-116.9551,33.0988],[-116.9415,33.0987],[-116.9323,33.0912],[-116.9056,33.0909],[-116.9051,33.0832],[-116.9139,33.0833],[-116.9138,33.0796],[-116.9463,33.0801],[-116.9464,33.0951],[-116.9508,33.0952],[-116.948,33.0878],[-116.9549,33.0877],[-116.9577,33.0801],[-116.9716,33.0801],[-116.9714,33.0752],[-116.9777,33.0737],[-116.9712,33.0567],[-116.9839,33.067],[-117.0271,33.0636],[-117.0232,33.0598],[-117.0377,33.05],[-117.0524,33.0239],[-117.0601,32.9947],[-117.0663,32.9933],[-117.0669,32.9644],[-117.0955,32.9647],[-117.1101,32.9414],[-117.1167,32.9133],[-117.1155,32.8932],[-117.1098,32.8943],[-117.1054,32.8874],[-117.0574,32.9021],[-117.0703,32.8875],[-117.0533,32.8873],[-117.0529,32.8552],[-117.0287,32.8477],[-117.0239,32.8398],[-117.0367,32.8384],[-117.0382,32.8314],[-117.01,32.8156],[-117.0112,32.8203],[-117.0021,32.8196],[-116.9961,32.8257],[-116.9993,32.829],[-116.964,32.8296],[-116.966,32.8111],[-116.9527,32.8105],[-116.956,32.8152],[-116.95,32.8169],[-116.9492,32.8229],[-116.9446,32.8159],[-116.9493,32.8151],[-116.9493,32.8085],[-116.9379,32.8087],[-116.9361,32.8139],[-116.94,32.8169],[-116.9298,32.8131],[-116.9137,32.8229],[-116.9092,32.8206],[-116.9131,32.816],[-116.9095,32.8122],[-116.9154,32.8097],[-116.9129,32.8078],[-116.9183,32.8093],[-116.9214,32.8018],[-116.9065,32.8005],[-116.9013,32.8032],[-116.902,32.8082],[-116.8964,32.8064],[-116.901,32.794],[-116.9247,32.7965],[-116.9163,32.7886],[-116.9167,32.7818],[-116.9254,32.7814],[-116.9274,32.776],[-116.9364,32.7816],[-116.9346,32.7847],[-116.9469,32.7866],[-116.9426,32.7805],[-116.9558,32.7779],[-116.957,32.7677],[-116.9622,32.768],[-116.959,32.7757],[-116.9757,32.7732],[-116.977,32.7798],[-117.0004,32.7782],[-116.996,32.7704],[-117.0013,32.7682],[-116.9818,32.7723],[-116.9906,32.7698],[-116.991,32.7647],[-116.9987,32.7653],[-116.9945,32.7624],[-117.0013,32.7629],[-117.0014,32.7524],[-117.0057,32.7526],[-116.9842,32.7448],[-116.9582,32.7458],[-116.9427,32.7395],[-116.9406,32.7334],[-116.9594,32.7048],[-116.9786,32.7079],[-116.9887,32.6965],[-117.0131,32.6902],[-117.0164,32.6749],[-117.0008,32.6787],[-116.9973,32.6723],[-116.9886,32.6779],[-116.9778,32.6707],[-116.9626,32.672],[-116.9581,32.6856],[-116.9496,32.6854],[-116.9495,32.678],[-116.9408,32.678],[-116.945,32.6852],[-116.9278,32.6843],[-116.9277,32.667],[-116.9366,32.6652],[-116.9376,32.6587],[-116.9297,32.6468],[-116.9267,32.6279],[-116.9257,32.6082],[-116.9314,32.6048],[-116.9289,32.5985],[-116.966,32.5877],[-116.9651,32.5844],[-116.9516,32.5858],[-116.9537,32.5746],[-116.9478,32.5676],[-116.9364,32.5675],[-116.9366,32.5602],[-116.9278,32.5601],[-116.928,32.5511],[-116.1062,32.6184],[-116.1033,33.0748],[-116.0812,33.0749],[-116.0849,33.4263],[-117.0309,33.4269],[-117.0309,33.4299],[-117.2249,33.432],[-117.2381,33.4131],[-117.2491,33.409],[-117.2502,33.4006],[-117.2558,33.4022],[-117.2621,33.3583]]]},"properties":{"geoid":"06075","state":"06","district":"75","name":"Assembly District 75","chamber":"Assembly"}},{"type":"Feature","geometry":{"type":"Polygon","coordinates":[[[-117.2628,33.2375],[-117.2294,33.2284],[-117.2294,33.2348],[-117.2172,33.2376],[-117.2223,33.2303],[-117.2152,33.2316],[-117.2153,33.2249],[-117.2047,33.2267],[-117.208,33.2111],[-117.2015,33.2111],[-117.2062,33.2102],[-117.2052,33.2063],[-117.1998,33.2061],[-117.2006,33.21],[-117.1923,33.2071],[-117.1923,33.2011],[-117.2159,33.2041],[-117.2122,33.1939],[-117.2086,33.1947],[-117.2096,33.1866],[-117.2201,33.1907],[-117.2175,33.1819],[-117.2283,33.1795],[-117.2248,33.1739],[-117.2157,33.1755],[-117.2095,33.1682],[-117.2179,33.1629],[-117.213,33.1592],[-117.219,33.1597],[-117.2159,33.1582],[-117.2187,33.1535],[-117.2124,33.1549],[-117.2212,33.132],[-117.2299,33.1312],[-117.2298,33.1136],[-117.2212,33.1026],[-117.221,33.0951],[-117.2167,33.0951],[-117.2159,33.0759],[-117.2013,33.0752],[-117.2023,33.0804],[-117.1957,33.0804],[-117.2002,33.054],[-117.1872,33.0511],[-117.1872,33.0436],[-117.2088,33.0446],[-117.2276,33.023],[-117.2301,33.014],[-117.2255,33.0081],[-117.199,33.0051],[-117.2115,32.9853],[-117.1966,32.985],[-117.2045,32.9788],[-117.2002,32.974],[-117.1785,32.9739],[-117.1783,32.9681],[-117.192,32.9607],[-117.2073,32.9612],[-117.2137,32.9557],[-117.2143,32.9439],[-117.241,32.9316],[-117.2231,32.9045],[-117.1571,32.937],[-117.1375,32.9369],[-117.1086,32.9443],[-117.0955,32.9647],[-117.0669,32.9644],[-117.0663,32.9933],[-117.0601,32.9947],[-117.0524,33.0239],[-117.0377,33.05],[-117.0232,33.0598],[-117.0271,33.0636],[-116.9839,33.067],[-116.9712,33.0567],[-116.9777,33.0737],[-116.9714,33.0752],[-116.9716,33.0801],[-116.9577,33.0801],[-116.9549,33.0877],[-116.948,33.0878],[-116.9508,33.0952],[-116.9464,33.0951],[-116.9463,33.0801],[-116.9051,33.0832],[-116.9056,33.0909],[-116.9323,33.0912],[-116.9415,33.0987],[-116.9551,33.0988],[-116.9551,33.0937],[-116.9638,33.0933],[-116.9634,33.1057],[-116.981,33.1054],[-116.981,33.109],[-117.0029,33.1126],[-116.9987,33.1164],[-116.9985,33.1348],[-117.0151,33.134],[-117.0147,33.1522],[-117.0239,33.149],[-117.0231,33.163],[-117.0148,33.1627],[-117.0245,33.171],[-117.0082,33.1675],[-117.012,33.1775],[-117.0073,33.1857],[-117.0337,33.1854],[-117.0337,33.1965],[-117.0456,33.1961],[-117.0417,33.1966],[-117.0495,33.2032],[-117.0584,33.2031],[-117.0633,33.2116],[-117.086,33.211],[-117.085,33.2038],[-117.0762,33.2034],[-117.0758,33.1963],[-117.067,33.1926],[-117.067,33.1709],[-117.0584,33.1707],[-117.0523,33.1633],[-117.0761,33.1641],[-117.0856,33.1795],[-117.0857,33.1744],[-117.0948,33.1764],[-117.0927,33.171],[-117.1087,33.1674],[-117.1423,33.2212],[-117.1562,33.2529],[-117.2013,33.2528],[-117.2291,33.2668],[-117.2331,33.2673],[-117.2364,33.2597],[-117.2372,33.2655],[-117.245,33.2657],[-117.2493,33.2635],[-117.2493,33.2589],[-117.2429,33.2598],[-117.2449,33.2406],[-117.2557,33.2466],[-117.2628,33.2375]]]},"properties":{"geoid":"06076","state":"06","district":"76","name":"Assembly District 76","chamber":"Assembly"}},{"type":"Feature","geometry":{"type":"Polygon","coordinates":[[[-117.4101,33.1335],[-117.3759,33.0752],[-117.3233,32.9031],[-117.3397,32.8592],[-117.342,32.8404],[-117.3303,32.8048],[-117.3209,32.6898],[-117.3092,32.6564],[-117.2688,32.6194],[-117.2468,32.6149],[-117.2233,32.6212],[-117.2141,32.5948],[-117.2051,32.5295],[-117.1247,32.5343],[-117.133,32.5648],[-117.1331,32.5839],[-117.1149,32.5942],[-117.1306,32.6755],[-117.1734,32.7014],[-117.1473,32.7052],[-117.1483,32.7209],[-117.1639,32.7235],[-117.18,32.7413],[-117.2026,32.756],[-117.2076,32.7934],[-117.2315,32.825],[-117.2349,32.8385],[-117.2059,32.8469],[-117.1779,32.8473],[-117.199,32.8743],[-117.2045,32.8888],[-117.2237,32.9043],[-117.2412,32.9313],[-117.2143,32.9439],[-117.2137,32.9557],[-117.2073,32.9612],[-117.192,32.9607],[-117.1783,32.9681],[-117.1785,32.9739],[-117.2002,32.974],[-117.2045,32.9788],[-117.1966,32.985],[-117.2115,32.9853],[-117.199,33.0051],[-117.2255,33.0081],[-117.2301,33.014],[-117.2276,33.023],[-117.2088,33.0446],[-117.1872,33.0436],[-117.1872,33.0511],[-117.2002,33.054],[-117.1957,33.0804],[-117.2023,33.0804],[-117.2013,33.0752],[-117.2159,33.0759],[-117.2167,33.0951],[-117.221,33.0951],[-117.2212,33.1026],[-117.2298,33.1136],[-117.2303,33.1347],[-117.2463,33.1348],[-117.2468,33.1458],[-117.2531,33.1458],[-117.2592,33.1584],[-117.2619,33.1531],[-117.2706,33.1531],[-117.271,33.1772],[-117.283,33.173],[-117.2989,33.1756],[-117.2994,33.1826],[-117.3441,33.1798],[-117.3443,33.1761],[-117.3528,33.1748],[-117.3528,33.1689],[-117.3597,33.1688],[-117.3589,33.1642],[-117.4101,33.1335]]]},"properties":{"geoid":"06077","state":"06","district":"77","name":"Assembly District 77","chamber":"Assembly"}},{"type":"Feature","geometry":{"type":"Polygon","coordinates":[[[-117.2348,32.8385],[-117.2315,32.825],[-117.2076,32.7934],[-117.2026,32.756],[-117.18,32.7413],[-117.1639,32.7235],[-117.1502,32.7236],[-117.1441,32.7131],[-117.118,32.7164],[-117.1181,32.7131],[-117.1115,32.7319],[-117.1264,32.7485],[-117.1257,32.7572],[-117.1008,32.7571],[-117.0974,32.7627],[-117.0819,32.759],[-117.0896,32.7696],[-117.0824,32.7715],[-117.0404,32.7677],[-117.0399,32.7716],[-117.047,32.7708],[-117.0514,32.7779],[-117.04,32.7794],[-117.031,32.7905],[-117.0374,32.7915],[-117.0062,32.7913],[-116.9993,32.7961],[-116.9883,32.7957],[-116.9852,32.7911],[-116.9713,32.8026],[-116.9265,32.8025],[-116.9095,32.8122],[-116.9131,32.816],[-116.9092,32.8206],[-116.9182,32.8226],[-116.9185,32.818],[-116.9298,32.8131],[-116.94,32.8169],[-116.9365,32.8092],[-116.9493,32.8085],[-116.9493,32.8151],[-116.9446,32.8159],[-116.9492,32.8229],[-116.95,32.8169],[-116.956,32.8152],[-116.9527,32.8105],[-116.966,32.8111],[-116.964,32.8296],[-116.9871,32.831],[-116.9901,32.8263],[-117.0007,32.8283],[-116.9961,32.8257],[-117.0021,32.8196],[-117.0112,32.8203],[-117.01,32.8156],[-117.0382,32.8314],[-117.0367,32.8384],[-117.0237,32.8402],[-117.0315,32.8495],[-117.0529,32.8552],[-117.0533,32.8873],[-117.0703,32.8875],[-117.0574,32.9021],[-117.0842,32.8965],[-117.0958,32.8874],[-117.1155,32.8932],[-117.1116,32.9447],[-117.1375,32.9369],[-117.1571,32.937],[-117.1916,32.9183],[-117.1989,32.9191],[-117.2142,32.906],[-117.2241,32.9056],[-117.2045,32.8888],[-117.199,32.8743],[-117.1779,32.8473],[-117.2059,32.8469],[-117.2348,32.8385]]]},"properties":{"geoid":"06078","state":"06","district":"78","name":"Assembly District 78","chamber":"Assembly"}},{"type":"Feature","geometry":{"type":"Polygon","coordinates":[[[-117.1265,32.7551],[-117.1264,32.7485],[-117.1115,32.7319],[-117.1217,32.6928],[-117.1108,32.6824],[-117.0938,32.6922],[-117.0785,32.6932],[-117.0755,32.6885],[-117.0654,32.6914],[-117.0647,32.6838],[-117.0728,32.6816],[-117.0654,32.6624],[-117.057,32.6642],[-117.0302,32.6816],[-117.024,32.6748],[-117.0152,32.6755],[-117.0131,32.6902],[-116.9887,32.6965],[-116.9786,32.7079],[-116.9594,32.7048],[-116.9406,32.7334],[-116.9427,32.7395],[-116.9582,32.7458],[-116.9842,32.7448],[-117.0057,32.7526],[-117.0014,32.7524],[-117.0013,32.7629],[-116.9945,32.7624],[-116.9987,32.7653],[-116.991,32.7647],[-116.9906,32.7698],[-116.9818,32.7723],[-117.0013,32.7682],[-116.996,32.7704],[-117.0004,32.7782],[-116.977,32.7798],[-116.9757,32.7732],[-116.959,32.7757],[-116.9622,32.768],[-116.957,32.7677],[-116.9558,32.7779],[-116.9426,32.7805],[-116.9469,32.7866],[-116.9346,32.7847],[-116.9364,32.7816],[-116.9274,32.776],[-116.9254,32.7814],[-116.9167,32.7818],[-116.9163,32.7886],[-116.9247,32.7965],[-116.901,32.794],[-116.8964,32.8064],[-116.902,32.8082],[-116.9013,32.8032],[-116.9104,32.8002],[-116.9195,32.8002],[-116.9204,32.8056],[-116.9708,32.8028],[-116.9852,32.7911],[-116.9883,32.7957],[-116.9993,32.7961],[-117.0062,32.7913],[-117.0374,32.7915],[-117.031,32.7905],[-117.04,32.7794],[-117.0514,32.7779],[-117.047,32.7708],[-117.0399,32.7716],[-117.0404,32.7677],[-117.0827,32.7714],[-117.0896,32.7696],[-117.0819,32.759],[-117.0974,32.7627],[-117.1008,32.7571],[-117.1265,32.7551]]]},"properties":{"geoid":"06079","state":"06","district":"79","name":"Assembly District 79","chamber":"Assembly"}},{"type":"Feature","geometry":{"type":"Polygon","coordinates":[[[-117.1732,32.7017],[-117.1558,32.6875],[-117.1306,32.6755],[-117.1149,32.5942],[-117.1331,32.5839],[-117.133,32.5648],[-117.1247,32.5343],[-116.928,32.5511],[-116.9278,32.5601],[-116.9366,32.5602],[-116.9364,32.5675],[-116.9478,32.5676],[-116.9537,32.5746],[-116.9516,32.5858],[-116.9651,32.5844],[-116.966,32.5877],[-116.9289,32.5985],[-116.9314,32.6048],[-116.9257,32.6082],[-116.9267,32.6279],[-116.9297,32.6468],[-116.9376,32.6587],[-116.9366,32.6652],[-116.9277,32.667],[-116.9278,32.6843],[-116.945,32.6852],[-116.9408,32.678],[-116.9495,32.678],[-116.9496,32.6854],[-116.9581,32.6856],[-116.9626,32.672],[-116.9757,32.6707],[-116.9886,32.6779],[-116.9973,32.6723],[-117.0008,32.6787],[-117.024,32.6748],[-117.0302,32.6816],[-117.043,32.6707],[-117.0654,32.6624],[-117.0728,32.6816],[-117.0647,32.6838],[-117.0654,32.6914],[-117.0755,32.6885],[-117.0785,32.6932],[-117.0938,32.6922],[-117.1108,32.6824],[-117.1217,32.6928],[-117.118,32.7164],[-117.1475,32.7137],[-117.1473,32.7052],[-117.1732,32.7017]]]},"properties":{"geoid":"06080","state":"06","district":"80","name":"Assembly District 80","chamber":"Assembly"}}]}