{"type":"FeatureCollection","features":[{"type":"Feature","geometry":{"type":"Polygon","coordinates":[[[-105.1099,39.6272],[-105.0913,39.6242],[-105.081,39.6313],[-105.0651,39.6186],[-105.097,39.6184],[-105.097,39.6143],[-105.0581,39.6144],[-105.0535,39.6295],[-105.059,39.6388],[-105.0533,39.6388],[-105.0534,39.6315],[-105.0441,39.6315],[-105.0428,39.6276],[-105.0254,39.6286],[-105.0348,39.6332],[-105.0347,39.6386],[-105.03,39.6386],[-105.0347,39.6437],[-105.0331,39.657],[-105.0158,39.6605],[-105.0157,39.6787],[-105.0064,39.6768],[-105.0109,39.6605],[-105.0044,39.6605],[-105.0004,39.6677],[-104.9876,39.6677],[-104.9874,39.6966],[-105.0251,39.6967],[-105.0252,39.7022],[-105.0532,39.7004],[-105.0532,39.6823],[-105.0626,39.6793],[-105.0626,39.675],[-105.0533,39.675],[-105.0533,39.6678],[-105.0815,39.6686],[-105.0815,39.6621],[-105.0673,39.6569],[-105.0708,39.6496],[-105.0536,39.6512],[-105.072,39.646],[-105.0768,39.6394],[-105.0733,39.6366],[-105.1099,39.6351],[-105.1099,39.6272]]]},"properties":{"geoid":"08001","state":"08","district":"1","name":"State House District 1","chamber":"House"}},{"type":"Feature","geometry":{"type":"Polygon","coordinates":[[[-104.9876,39.7077],[-104.9876,39.6677],[-104.9688,39.6658],[-104.9688,39.6604],[-104.9594,39.6615],[-104.955,39.653],[-104.9407,39.653],[-104.9407,39.7111],[-104.9223,39.7112],[-104.9228,39.7256],[-104.9874,39.7291],[-104.9876,39.7077]]]},"properties":{"geoid":"08002","state":"08","district":"2","name":"State House District 2","chamber":"House"}},{"type":"Feature","geometry":{"type":"Polygon","coordinates":[[[-105.0349,39.6262],[-105.0231,39.6241],[-105.0231,39.6277],[-105.0067,39.6291],[-105.0068,39.6205],[-104.995,39.624],[-104.988,39.6168],[-104.9804,39.6168],[-104.9803,39.6241],[-104.8853,39.6241],[-104.8851,39.6389],[-104.8803,39.6459],[-104.8473,39.6571],[-104.8663,39.6603],[-104.8661,39.6708],[-104.8753,39.6748],[-104.8762,39.6639],[-104.8905,39.6676],[-104.8848,39.6531],[-104.955,39.653],[-104.9594,39.6615],[-104.9688,39.6604],[-104.9735,39.6677],[-105.0004,39.6677],[-105.0044,39.6605],[-105.0109,39.6605],[-105.0064,39.6768],[-105.0157,39.6787],[-105.0158,39.6605],[-105.0346,39.6533],[-105.0347,39.6437],[-105.0299,39.6402],[-105.0347,39.6386],[-105.0348,39.6332],[-105.0254,39.6304],[-105.0349,39.6262]]]},"properties":{"geoid":"08003","state":"08","district":"3","name":"State House District 3","chamber":"House"}},{"type":"Feature","geometry":{"type":"Polygon","coordinates":[[[-105.065,39.7903],[-105.0627,39.7838],[-105.0532,39.7838],[-105.0532,39.7004],[-105.0251,39.7021],[-105.0251,39.7254],[-105.0158,39.7255],[-105.018,39.7389],[-105.0095,39.7539],[-105.0158,39.7584],[-105.0158,39.7837],[-105.0251,39.7844],[-105.0251,39.794],[-105.065,39.7903]]]},"properties":{"geoid":"08004","state":"08","district":"4","name":"State House District 4","chamber":"House"}},{"type":"Feature","geometry":{"type":"Polygon","coordinates":[[[-105.0251,39.794],[-105.0251,39.7844],[-105.0158,39.7837],[-105.0158,39.7584],[-105.0095,39.7539],[-105.018,39.7389],[-105.0158,39.7255],[-105.0251,39.7254],[-105.0251,39.6967],[-104.9874,39.6966],[-104.9874,39.757],[-104.9733,39.7682],[-104.9597,39.7682],[-104.9594,39.7729],[-104.9405,39.7729],[-104.9405,39.7946],[-104.9689,39.791],[-104.9687,39.7984],[-104.9759,39.791],[-105.0251,39.794]]]},"properties":{"geoid":"08005","state":"08","district":"5","name":"State House District 5","chamber":"House"}},{"type":"Feature","geometry":{"type":"Polygon","coordinates":[[[-104.9874,39.7449],[-104.9874,39.7291],[-104.9034,39.7256],[-104.9035,39.6985],[-104.866,39.6966],[-104.8707,39.6984],[-104.866,39.7111],[-104.8706,39.7102],[-104.8753,39.7256],[-104.8866,39.7292],[-104.8846,39.7402],[-104.9734,39.74],[-104.9782,39.7475],[-104.9874,39.7449]]]},"properties":{"geoid":"08006","state":"08","district":"6","name":"State House District 6","chamber":"House"}},{"type":"Feature","geometry":{"type":"Polygon","coordinates":[[[-104.9036,39.7984],[-104.9007,39.7833],[-104.8659,39.7824],[-104.8659,39.7756],[-104.8282,39.7724],[-104.7722,39.7764],[-104.7722,39.7715],[-104.7646,39.7692],[-104.7346,39.7692],[-104.7344,39.7984],[-104.7626,39.7984],[-104.7625,39.8234],[-104.6661,39.8228],[-104.6662,39.8131],[-104.6554,39.813],[-104.6554,39.8226],[-104.6198,39.8224],[-104.6192,39.8732],[-104.6053,39.8731],[-104.6052,39.8813],[-104.5998,39.8813],[-104.5996,39.899],[-104.6309,39.8993],[-104.6309,39.9066],[-104.6797,39.907],[-104.6796,39.914],[-104.6921,39.9142],[-104.6921,39.9069],[-104.7032,39.9069],[-104.7033,39.8959],[-104.7304,39.8961],[-104.731,39.8452],[-104.7909,39.8418],[-104.7909,39.7983],[-104.866,39.7984],[-104.8661,39.8128],[-104.8844,39.8128],[-104.8845,39.7983],[-104.9036,39.7984]]]},"properties":{"geoid":"08007","state":"08","district":"7","name":"State House District 7","chamber":"House"}},{"type":"Feature","geometry":{"type":"Polygon","coordinates":[[[-104.9874,39.7529],[-104.9874,39.7474],[-104.9782,39.7475],[-104.9734,39.74],[-104.8846,39.7402],[-104.8799,39.7547],[-104.8469,39.7547],[-104.8563,39.7581],[-104.8564,39.7686],[-104.833,39.7664],[-104.8282,39.7724],[-104.8659,39.7756],[-104.8659,39.7824],[-104.8822,39.7858],[-104.927,39.7838],[-104.927,39.7911],[-104.9399,39.791],[-104.9405,39.7729],[-104.9733,39.7682],[-104.9874,39.7529]]]},"properties":{"geoid":"08008","state":"08","district":"8","name":"State House District 8","chamber":"House"}},{"type":"Feature","geometry":{"type":"Polygon","coordinates":[[[-104.9408,39.6811],[-104.9407,39.653],[-104.8848,39.6531],[-104.8905,39.6676],[-104.8762,39.6639],[-104.8775,39.6721],[-104.8709,39.6748],[-104.8754,39.6785],[-104.8754,39.6965],[-104.9035,39.6985],[-104.9034,39.7256],[-104.9228,39.7256],[-104.9223,39.7112],[-104.9407,39.7111],[-104.9408,39.6811]]]},"properties":{"geoid":"08009","state":"08","district":"9","name":"State House District 9","chamber":"House"}},{"type":"Feature","geometry":{"type":"Polygon","coordinates":[[[-105.2914,40.0066],[-105.2906,40.0001],[-105.2636,40.0001],[-105.2372,39.9715],[-105.2357,39.9858],[-105.2128,39.9781],[-105.2131,40.0126],[-105.2028,40.0148],[-105.2066,40.0148],[-105.2115,40.0292],[-105.226,40.0293],[-105.2184,40.04],[-105.2337,40.0401],[-105.2363,40.0348],[-105.2438,40.0387],[-105.2349,40.0511],[-105.216,40.0546],[-105.2128,40.0582],[-105.216,40.0618],[-105.207,40.0618],[-105.207,40.0583],[-105.1995,40.0637],[-105.1928,40.062],[-105.2022,40.0655],[-105.1959,40.0727],[-105.1784,40.0691],[-105.1785,40.0729],[-105.1946,40.0754],[-105.1881,40.0762],[-105.1879,40.0901],[-105.1836,40.0944],[-105.2069,40.0944],[-105.2069,40.0889],[-105.2336,40.0873],[-105.235,40.0802],[-105.2299,40.0801],[-105.2378,40.0783],[-105.2774,40.08],[-105.2784,40.0758],[-105.2822,40.0799],[-105.2832,40.0151],[-105.2875,40.0152],[-105.2914,40.0066]]]},"properties":{"geoid":"08010","state":"08","district":"10","name":"State House District 10","chamber":"House"}},{"type":"Feature","geometry":{"type":"Polygon","coordinates":[[[-105.1786,40.1308],[-105.1456,40.126],[-105.1387,40.1341],[-105.1168,40.1307],[-105.0742,40.1348],[-105.0742,40.1398],[-105.0554,40.1383],[-105.0553,40.1602],[-105.0739,40.1624],[-105.0742,40.2033],[-105.0932,40.2032],[-105.1024,40.2104],[-105.1019,40.2033],[-105.1156,40.2032],[-105.1155,40.2104],[-105.1214,40.2104],[-105.1216,40.2032],[-105.1311,40.2069],[-105.1311,40.2033],[-105.178,40.2033],[-105.1786,40.1308]]]},"properties":{"geoid":"08011","state":"08","district":"11","name":"State House District 11","chamber":"House"}},{"type":"Feature","geometry":{"type":"Polygon","coordinates":[[[-105.2822,40.08],[-105.2784,40.0758],[-105.2774,40.08],[-105.2378,40.0783],[-105.2299,40.0801],[-105.235,40.0802],[-105.2336,40.0873],[-105.2069,40.0889],[-105.2069,40.0944],[-105.1836,40.0944],[-105.1879,40.0901],[-105.1881,40.0762],[-105.1946,40.0754],[-105.1785,40.0729],[-105.1784,40.0691],[-105.1959,40.0727],[-105.2022,40.0655],[-105.1928,40.062],[-105.1995,40.0637],[-105.207,40.0583],[-105.207,40.0618],[-105.216,40.0618],[-105.2128,40.0582],[-105.216,40.0546],[-105.2349,40.0511],[-105.2438,40.0386],[-105.2363,40.0348],[-105.2337,40.0401],[-105.2184,40.04],[-105.226,40.0293],[-105.2115,40.0292],[-105.2066,40.0148],[-105.2028,40.0148],[-105.2131,40.0126],[-105.2128,39.9781],[-105.2205,39.9801],[-105.1823,39.9644],[-105.1893,39.9615],[-105.1753,39.9607],[-105.1777,39.9505],[-105.1657,39.9486],[-105.1693,39.9413],[-105.1658,39.9401],[-105.166,39.9287],[-105.1752,39.9251],[-105.1751,39.9179],[-105.1658,39.9179],[-105.1657,39.9229],[-105.1668,39.9141],[-105.1471,39.9139],[-105.147,39.9289],[-105.1376,39.9289],[-105.1376,39.9397],[-105.1282,39.9396],[-105.128,39.9542],[-105.1093,39.9506],[-105.1094,39.9433],[-105.1186,39.9433],[-105.1188,39.9338],[-105.1094,39.9255],[-105.1134,39.9315],[-105.1092,39.9361],[-105.0909,39.9361],[-105.0911,39.9433],[-105.0766,39.9433],[-105.0719,39.9579],[-105.0529,39.9578],[-105.0586,39.9753],[-105.0528,39.9777],[-105.0555,40.0056],[-105.0605,40.0004],[-105.0746,40.0004],[-105.0746,40.0149],[-105.1029,40.0111],[-105.1026,40.0476],[-105.1312,40.0453],[-105.131,40.1341],[-105.1387,40.1341],[-105.1456,40.126],[-105.1798,40.1306],[-105.1832,40.1166],[-105.2069,40.1076],[-105.2069,40.1016],[-105.2812,40.1041],[-105.2822,40.08]]]},"properties":{"geoid":"08012","state":"08","district":"12","name":"State House District 12","chamber":"House"}},{"type":"Feature","geometry":{"type":"Polygon","coordinates":[[[-106.8732,40.9736],[-106.8624,40.9415],[-106.8487,40.9267],[-106.8523,40.9252],[-106.8294,40.9243],[-106.8248,40.932],[-106.819,40.9186],[-106.8113,40.916],[-106.8054,40.9023],[-106.8098,40.8998],[-106.8049,40.8973],[-106.7876,40.9006],[-106.7809,40.907],[-106.769,40.9041],[-106.7701,40.8965],[-106.7409,40.8898],[-106.7468,40.8821],[-106.7393,40.8708],[-106.7058,40.876],[-106.6942,40.888],[-106.6859,40.8858],[-106.6795,40.8696],[-106.6682,40.8651],[-106.6545,40.8491],[-106.6626,40.8433],[-106.664,40.8282],[-106.6434,40.8215],[-106.6355,40.8114],[-106.6369,40.7895],[-106.6697,40.7617],[-106.6613,40.7533],[-106.6652,40.7489],[-106.663,40.743],[-106.6767,40.7366],[-106.6695,40.7288],[-106.6738,40.724],[-106.67,40.7207],[-106.6725,40.7069],[-106.668,40.6963],[-106.6729,40.6883],[-106.6873,40.6827],[-106.6811,40.6752],[-106.6869,40.6727],[-106.6856,40.6629],[-106.6921,40.6577],[-106.6877,40.6499],[-106.6801,40.648],[-106.6887,40.6396],[-106.6868,40.6347],[-106.7036,40.6278],[-106.7062,40.6156],[-106.694,40.5945],[-106.7023,40.578],[-106.6922,40.5635],[-106.6929,40.5566],[-106.6698,40.5344],[-106.6731,40.5225],[-106.6556,40.5085],[-106.6531,40.4947],[-106.6593,40.4902],[-106.6562,40.4844],[-106.6674,40.4737],[-106.6579,40.4716],[-106.659,40.4594],[-106.6515,40.4494],[-106.6528,40.3416],[-106.6323,40.3416],[-106.637,40.0021],[-106.6261,40],[-106.6266,39.9248],[-106.4345,39.9249],[-106.4403,39.9183],[-106.4301,39.9072],[-106.4281,39.8822],[-106.434,39.8774],[-106.4329,39.8653],[-106.4236,39.8501],[-106.4237,39.8414],[-106.412,39.8287],[-106.3969,39.7901],[-106.389,39.7877],[-106.391,39.7769],[-106.3855,39.7672],[-106.3637,39.7521],[-106.3435,39.759],[-106.3254,39.7332],[-106.2983,39.7206],[-106.2909,39.7041],[-106.2774,39.6995],[-106.2721,39.7043],[-106.2641,39.7013],[-106.2659,39.6895],[-106.2597,39.6808],[-106.2387,39.6803],[-106.2404,39.6681],[-106.2348,39.662],[-106.22,39.6626],[-106.2172,39.6546],[-106.1838,39.6522],[-106.1765,39.6357],[-106.1776,39.6091],[-106.1849,39.6023],[-106.2021,39.6058],[-106.2112,39.5932],[-106.2149,39.5748],[-106.2057,39.5582],[-106.1963,39.5569],[-106.1981,39.5503],[-106.2099,39.5469],[-106.2113,39.5301],[-106.2249,39.5314],[-106.2367,39.5486],[-106.2483,39.5443],[-106.2559,39.5318],[-106.2558,39.5199],[-106.2464,39.5128],[-106.2596,39.495],[-106.2455,39.4894],[-106.2516,39.465],[-106.2385,39.4552],[-106.236,39.446],[-106.2233,39.4338],[-106.2327,39.4262],[-106.2298,39.416],[-106.219,39.4123],[-106.2012,39.3959],[-106.2104,39.3841],[-106.2067,39.3796],[-106.2256,39.3796],[-106.2269,39.3742],[-106.251,39.3576],[-106.2591,39.362],[-106.2838,39.3495],[-106.3116,39.3622],[-106.358,39.3551],[-106.3708,39.3606],[-106.3806,39.3762],[-106.4006,39.381],[-106.4335,39.3542],[-106.4349,39.3411],[-106.4285,39.3351],[-106.4269,39.3234],[-106.4325,39.3164],[-106.4507,39.3167],[-106.4683,39.3073],[-106.4777,39.3145],[-106.4999,39.3015],[-106.504,39.2848],[-106.483,39.2724],[-106.4811,39.2599],[-106.4976,39.242],[-106.4987,39.2349],[-106.4897,39.228],[-106.4936,39.1983],[-106.4996,39.1838],[-106.51,39.1747],[-106.5111,39.1635],[-106.5209,39.1574],[-106.5351,39.1631],[-106.5381,39.158],[-106.5517,39.1615],[-106.5613,39.1557],[-106.5587,39.1438],[-106.5647,39.1329],[-106.5582,39.1202],[-106.565,39.114],[-106.5633,39.1073],[-106.5803,39.1022],[-106.5862,39.094],[-106.5849,39.0848],[-106.5771,39.0794],[-106.5776,39.0532],[-106.5972,39.0448],[-106.5995,39.0338],[-106.5917,39.0249],[-106.5992,38.998],[-106.5955,38.9913],[-106.5772,38.9904],[-106.5542,38.9987],[-106.5507,38.9917],[-106.5284,38.9807],[-106.5219,38.9687],[-106.5285,38.9599],[-106.5267,38.9554],[-106.5072,38.9461],[-106.5044,38.9368],[-106.465,38.9104],[-106.4372,38.9149],[-106.4303,38.9249],[-106.4212,38.9281],[-106.4132,38.9163],[-106.4021,38.9106],[-106.394,38.9122],[-106.3923,38.9188],[-106.3808,38.9257],[-106.3734,38.9066],[-106.3571,38.9129],[-106.3452,38.9071],[-106.3261,38.911],[-106.3213,38.8926],[-106.3275,38.8823],[-106.3341,38.8813],[-106.3358,38.872],[-106.3489,38.8651],[-106.3493,38.8549],[-106.365,38.853],[-106.3645,38.8462],[-106.3817,38.8329],[-106.3836,38.8247],[-106.3957,38.8225],[-106.4071,38.8293],[-106.4162,38.8241],[-106.415,38.8153],[-106.4227,38.8084],[-106.4129,38.7912],[-106.4193,38.7662],[-106.4151,38.7572],[-106.42,38.751],[-106.4167,38.7278],[-106.4235,38.7208],[-106.4253,38.7103],[-106.4435,38.7092],[-106.4521,38.6988],[-106.4379,38.6825],[-106.4295,38.6512],[-106.4177,38.6445],[-106.4017,38.6458],[-106.4012,38.6397],[-106.3799,38.6385],[-106.3854,38.625],[-106.3642,38.6145],[-106.361,38.5945],[-106.3446,38.5686],[-106.3554,38.5426],[-106.3542,38.5334],[-106.3426,38.5215],[-106.3481,38.5125],[-106.3442,38.5046],[-106.3304,38.4937],[-106.3272,38.4976],[-106.3115,38.4949],[-106.304,38.4778],[-106.2903,38.4733],[-106.2885,38.4614],[-106.2806,38.4543],[-106.2727,38.4552],[-106.2741,38.4469],[-106.2454,38.4392],[-106.2495,38.4332],[-106.2469,38.4228],[-106.0765,38.4237],[-106.0581,38.4442],[-106.0622,38.4503],[-106.0586,38.4569],[-106.019,38.4544],[-106.0177,38.4487],[-106.0108,38.4466],[-105.9383,38.5033],[-105.9547,38.5061],[-105.9736,38.5184],[-105.9878,38.542],[-106.0391,38.5438],[-106.0657,38.5352],[-106.0797,38.5357],[-106.0846,38.5942],[-106.0775,38.6261],[-106.089,38.6651],[-106.0226,38.6653],[-106.0228,38.6942],[-105.329,38.6972],[-105.3304,39.1297],[-105.3979,39.1296],[-105.3989,39.5661],[-105.8297,39.5649],[-105.8384,39.573],[-105.8081,39.5834],[-105.8002,39.5934],[-105.776,39.6051],[-105.7832,39.6299],[-105.7935,39.6364],[-105.8172,39.6336],[-105.8212,39.6427],[-105.8487,39.6442],[-105.8648,39.6672],[-105.8796,39.6636],[-105.8849,39.6571],[-105.8968,39.6647],[-105.9108,39.6623],[-105.9267,39.6736],[-105.9196,39.6903],[-105.9246,39.699],[-105.9214,39.7099],[-105.9118,39.7153],[-105.9067,39.7275],[-105.8894,39.7315],[-105.8824,39.7403],[-105.8848,39.7517],[-105.8805,39.7593],[-105.8927,39.7826],[-105.8874,39.797],[-105.8549,39.7962],[-105.8515,39.7878],[-105.823,39.7856],[-105.799,39.8034],[-105.7639,39.795],[-105.7359,39.805],[-105.7134,39.8382],[-105.6957,39.8395],[-105.6903,39.852],[-105.7008,39.8789],[-105.6997,39.8915],[-105.6911,39.8973],[-105.6751,39.9333],[-105.6937,39.9424],[-105.6944,39.9502],[-105.6851,39.9587],[-105.6903,39.9699],[-105.6832,39.9929],[-105.6912,39.9973],[-105.6898,40.0151],[-105.6616,40.0165],[-105.6519,40.0209],[-105.6406,40.035],[-105.6375,40.0458],[-105.6511,40.0584],[-105.6467,40.0652],[-105.6389,40.067],[-105.6411,40.073],[-105.6326,40.0814],[-105.636,40.0846],[-105.632,40.0972],[-105.6367,40.107],[-105.6266,40.1187],[-105.6261,40.1273],[-105.6357,40.146],[-105.6677,40.1583],[-105.6715,40.1654],[-105.6669,40.1699],[-105.6704,40.1846],[-105.6776,40.189],[-105.6776,40.2023],[-105.6706,40.2078],[-105.6703,40.2194],[-105.6632,40.22],[-105.669,40.2242],[-105.66,40.2488],[-105.644,40.2499],[-105.6542,40.2613],[-105.6824,40.2728],[-105.6806,40.2845],[-105.6865,40.2883],[-105.6812,40.2919],[-105.6874,40.2937],[-105.6858,40.3029],[-105.6901,40.3086],[-105.7021,40.3121],[-105.6976,40.3183],[-105.7017,40.3243],[-105.7274,40.334],[-105.7363,40.3466],[-105.7583,40.3524],[-105.7872,40.3809],[-105.791,40.3986],[-105.8173,40.4243],[-105.816,40.4372],[-105.8058,40.4473],[-105.8045,40.4642],[-105.811,40.4709],[-105.8073,40.4745],[-105.8549,40.4863],[-105.8523,40.5066],[-105.8691,40.5207],[-105.8801,40.5233],[-105.9083,40.5161],[-105.9112,40.5222],[-105.9051,40.5353],[-105.9118,40.5527],[-105.9109,40.5664],[-105.9223,40.5742],[-105.9299,40.6058],[-105.9421,40.6091],[-105.947,40.6167],[-105.9485,40.6423],[-105.9714,40.6808],[-105.9726,40.6956],[-105.9887,40.7096],[-105.9906,40.7272],[-106.0105,40.7408],[-106.0153,40.7528],[-106.0223,40.7547],[-106.0297,40.7816],[-106.0454,40.7919],[-106.0467,40.803],[-106.0577,40.8171],[-106.0997,40.8421],[-106.0985,40.8497],[-106.1081,40.8522],[-106.1047,40.8603],[-106.1307,40.8739],[-106.1276,40.8849],[-106.1313,40.8966],[-106.1586,40.9106],[-106.1853,40.934],[-106.1893,40.9459],[-106.1848,40.9638],[-106.1911,40.986],[-106.1954,40.9882],[-106.1906,40.9976],[-106.8578,41.0027],[-106.8613,40.9962],[-106.8507,40.9902],[-106.8571,40.9813],[-106.8706,40.9812],[-106.8732,40.9736]]]},"properties":{"geoid":"08013","state":"08","district":"13","name":"State House District 13","chamber":"House"}},{"type":"Feature","geometry":{"type":"Polygon","coordinates":[[[-104.9004,38.9513],[-104.9004,38.9476],[-104.8868,38.9439],[-104.8913,38.9378],[-104.8867,38.9367],[-104.8869,38.8628],[-104.8798,38.8604],[-104.8804,38.8564],[-104.8655,38.8609],[-104.8742,38.8962],[-104.8177,38.8976],[-104.8114,38.9258],[-104.7971,38.9246],[-104.7932,38.9287],[-104.7961,38.9326],[-104.766,38.9351],[-104.766,38.9402],[-104.7751,38.9423],[-104.7642,38.9567],[-104.7273,38.9564],[-104.7196,38.9403],[-104.7011,38.9411],[-104.7004,38.9839],[-104.7566,38.9837],[-104.7567,38.9983],[-104.766,38.9982],[-104.7659,39.0055],[-104.7567,39.0055],[-104.7567,39.0127],[-104.7798,39.0111],[-104.7756,39.0353],[-104.79,39.0345],[-104.8033,39.0272],[-104.8125,39.0272],[-104.8092,39.0346],[-104.8266,39.0348],[-104.8311,39.0272],[-104.8123,38.9966],[-104.8075,38.9787],[-104.7982,38.9765],[-104.7984,38.9548],[-104.8101,38.9475],[-104.8116,38.9402],[-104.8358,38.9547],[-104.9004,38.9513]]]},"properties":{"geoid":"08014","state":"08","district":"14","name":"State House District 14","chamber":"House"}},{"type":"Feature","geometry":{"type":"Polygon","coordinates":[[[-104.7207,38.8346],[-104.7107,38.8362],[-104.7107,38.8317],[-104.7061,38.8317],[-104.7061,38.8389],[-104.6828,38.8382],[-104.6819,38.8235],[-104.6534,38.7899],[-104.6596,38.781],[-104.6597,38.7622],[-104.6827,38.761],[-104.6827,38.7375],[-104.6499,38.7375],[-104.6524,38.7275],[-104.6271,38.7301],[-104.6083,38.7486],[-104.6085,38.7664],[-104.5552,38.7662],[-104.5479,38.7833],[-104.5157,38.7809],[-104.5159,38.788],[-104.4881,38.788],[-104.4886,38.8169],[-104.5346,38.8169],[-104.5349,38.8387],[-104.6174,38.8388],[-104.6188,38.8461],[-104.6127,38.8461],[-104.6127,38.8497],[-104.5988,38.8489],[-104.6034,38.857],[-104.5987,38.8569],[-104.5987,38.8642],[-104.636,38.87],[-104.6266,38.8699],[-104.6264,38.8862],[-104.6172,38.8826],[-104.6171,38.8899],[-104.6265,38.8935],[-104.6266,38.9133],[-104.6177,38.9263],[-104.6077,38.9262],[-104.6082,38.9305],[-104.6275,38.9264],[-104.6294,38.9404],[-104.6733,38.9406],[-104.6732,38.9519],[-104.6918,38.9482],[-104.6884,38.9549],[-104.7007,38.9549],[-104.7011,38.9411],[-104.7197,38.9403],[-104.7207,38.8346]]]},"properties":{"geoid":"08015","state":"08","district":"15","name":"State House District 15","chamber":"House"}},{"type":"Feature","geometry":{"type":"Polygon","coordinates":[[[-104.8358,38.8826],[-104.8319,38.8507],[-104.8101,38.8502],[-104.8129,38.8336],[-104.7947,38.8329],[-104.7944,38.8235],[-104.7805,38.8253],[-104.7759,38.8327],[-104.7461,38.8339],[-104.7481,38.8397],[-104.7207,38.8389],[-104.7199,38.8721],[-104.7573,38.8597],[-104.7575,38.8931],[-104.7867,38.9093],[-104.7868,38.9186],[-104.7938,38.9257],[-104.8114,38.9258],[-104.8177,38.8976],[-104.83,38.8969],[-104.8358,38.8826]]]},"properties":{"geoid":"08016","state":"08","district":"16","name":"State House District 16","chamber":"House"}},{"type":"Feature","geometry":{"type":"Polygon","coordinates":[[[-104.8224,38.8184],[-104.8174,38.7978],[-104.8035,38.7956],[-104.7963,38.7871],[-104.7985,38.7657],[-104.7764,38.7648],[-104.7868,38.7676],[-104.7839,38.7763],[-104.7606,38.7533],[-104.7592,38.7597],[-104.7667,38.7648],[-104.758,38.7702],[-104.7562,38.7792],[-104.7387,38.7773],[-104.7307,38.7814],[-104.7206,38.7809],[-104.7204,38.7703],[-104.7159,38.7664],[-104.6597,38.7622],[-104.6596,38.781],[-104.6534,38.7902],[-104.6819,38.8235],[-104.6828,38.8382],[-104.7061,38.8389],[-104.7061,38.8317],[-104.7107,38.8317],[-104.7107,38.8362],[-104.7207,38.8335],[-104.7207,38.8389],[-104.7481,38.8397],[-104.7461,38.8339],[-104.7759,38.8327],[-104.7805,38.8253],[-104.7932,38.8235],[-104.7947,38.8329],[-104.8129,38.8336],[-104.8155,38.8176],[-104.8224,38.8184]]]},"properties":{"geoid":"08017","state":"08","district":"17","name":"State House District 17","chamber":"House"}},{"type":"Feature","geometry":{"type":"Polygon","coordinates":[[[-105.0725,38.8084],[-105.0722,38.7994],[-104.9399,38.7965],[-104.9421,38.5675],[-104.875,38.6259],[-104.8645,38.644],[-104.8621,38.6692],[-104.8509,38.6744],[-104.8196,38.7109],[-104.8182,38.7278],[-104.8077,38.7376],[-104.8124,38.7666],[-104.7989,38.7666],[-104.7963,38.7871],[-104.8035,38.7956],[-104.8174,38.7978],[-104.8223,38.8067],[-104.8224,38.8184],[-104.8154,38.8178],[-104.8101,38.8502],[-104.8319,38.8507],[-104.8358,38.8832],[-104.83,38.8969],[-104.8722,38.8979],[-104.8749,38.8893],[-104.8655,38.8609],[-104.8818,38.8568],[-104.8798,38.8604],[-104.8869,38.8628],[-104.8862,38.8969],[-104.9136,38.8932],[-104.9076,38.8994],[-104.9094,38.9036],[-104.9134,38.9012],[-104.9231,38.9104],[-104.9354,38.911],[-104.9342,38.9175],[-104.9548,38.9161],[-104.9611,38.9213],[-104.9575,38.9281],[-104.9621,38.9313],[-104.9637,38.9431],[-104.999,38.9621],[-105.0163,38.9828],[-105.0245,38.9956],[-105.0149,39.0055],[-105.0123,39.0254],[-105.0137,39.0206],[-105.0275,39.0196],[-105.0273,38.9381],[-105.0412,38.9378],[-105.0411,38.9306],[-105.0273,38.9308],[-105.0286,38.8687],[-105.0664,38.8692],[-105.0725,38.8084]]]},"properties":{"geoid":"08018","state":"08","district":"18","name":"State House District 18","chamber":"House"}},{"type":"Feature","geometry":{"type":"Polygon","coordinates":[[[-105.1316,40.0927],[-105.1312,40.0453],[-105.1026,40.0476],[-105.1029,40.0111],[-105.0746,40.0149],[-105.0746,40.0004],[-105.0605,40.0004],[-105.056,40.0057],[-105.0555,40.0003],[-105.0079,40.0005],[-105.008,40.0076],[-104.9896,40.0077],[-104.9896,40.0149],[-104.9991,40.0149],[-104.9958,40.0204],[-104.999,40.0258],[-104.9801,40.0293],[-104.9792,40.0438],[-104.9611,40.0441],[-104.9615,40.0004],[-104.886,40.0004],[-104.8863,40.0619],[-104.8686,40.0656],[-104.8676,40.0797],[-104.8863,40.08],[-104.8865,40.0948],[-104.9052,40.0948],[-104.9045,40.1601],[-104.8858,40.1598],[-104.8859,40.2038],[-104.9606,40.2042],[-104.9606,40.1898],[-104.9701,40.1898],[-104.97,40.1833],[-104.9789,40.1819],[-104.9792,40.175],[-104.9926,40.1718],[-105.0183,40.1748],[-105.0174,40.2039],[-105.0742,40.2033],[-105.0739,40.1624],[-105.0553,40.1602],[-105.0554,40.1383],[-105.0742,40.1398],[-105.0742,40.1348],[-105.131,40.1307],[-105.1316,40.0927]]]},"properties":{"geoid":"08019","state":"08","district":"19","name":"State House District 19","chamber":"House"}},{"type":"Feature","geometry":{"type":"Polygon","coordinates":[[[-105.0335,39.1298],[-105.0275,39.0196],[-105.0116,39.0235],[-105.0149,39.0055],[-105.0242,38.998],[-105.0237,38.9934],[-105.0023,38.9648],[-104.9612,38.9404],[-104.9622,38.9314],[-104.9575,38.9281],[-104.9608,38.9208],[-104.9506,38.9136],[-104.9342,38.9175],[-104.9354,38.911],[-104.9231,38.9104],[-104.9134,38.9012],[-104.9094,38.9036],[-104.9076,38.8994],[-104.9136,38.8932],[-104.8871,38.8968],[-104.8867,38.9367],[-104.8913,38.9403],[-104.8868,38.9439],[-104.9004,38.9476],[-104.9004,38.9513],[-104.8358,38.9547],[-104.8116,38.9402],[-104.8101,38.9475],[-104.7984,38.9548],[-104.7982,38.9765],[-104.8075,38.9787],[-104.8123,38.9966],[-104.8311,39.0272],[-104.8266,39.0348],[-104.8092,39.0346],[-104.8125,39.0272],[-104.8033,39.0272],[-104.79,39.0345],[-104.7756,39.0353],[-104.7798,39.0111],[-104.7567,39.0127],[-104.7567,39.0055],[-104.7659,39.0055],[-104.766,38.9982],[-104.7567,38.9983],[-104.7566,38.9837],[-104.7004,38.9839],[-104.7007,38.9549],[-104.6884,38.9549],[-104.6918,38.9482],[-104.6732,38.9519],[-104.6733,38.9406],[-104.6294,38.9404],[-104.6275,38.9264],[-104.6111,38.9316],[-104.6077,38.9262],[-104.5529,38.9253],[-104.5527,38.9549],[-104.5341,38.9547],[-104.5363,39.037],[-104.5391,39.0426],[-104.5713,39.0425],[-104.5706,39.1003],[-104.5522,39.1004],[-104.5518,39.1294],[-105.0335,39.1298]]]},"properties":{"geoid":"08020","state":"08","district":"20","name":"State House District 20","chamber":"House"}},{"type":"Feature","geometry":{"type":"Polygon","coordinates":[[[-104.9421,38.5675],[-104.9416,38.5196],[-104.6307,38.5199],[-104.6516,38.5632],[-104.6473,38.5633],[-104.6679,38.5886],[-104.6854,38.6635],[-104.6824,38.6572],[-104.664,38.6574],[-104.664,38.6646],[-104.6364,38.6648],[-104.6334,38.6826],[-104.6092,38.6793],[-104.609,38.6866],[-104.5992,38.694],[-104.6276,38.694],[-104.6238,38.7118],[-104.6274,38.7121],[-104.6283,38.7231],[-104.6415,38.723],[-104.6385,38.7303],[-104.6532,38.7277],[-104.6499,38.7375],[-104.6827,38.7375],[-104.6837,38.7636],[-104.7172,38.7669],[-104.7206,38.7809],[-104.7558,38.7796],[-104.758,38.7702],[-104.7667,38.7648],[-104.7592,38.7597],[-104.7606,38.7533],[-104.7839,38.7763],[-104.7868,38.7676],[-104.7764,38.7648],[-104.8124,38.7666],[-104.8077,38.7376],[-104.8182,38.7278],[-104.8199,38.7103],[-104.8509,38.6744],[-104.8621,38.6692],[-104.8645,38.644],[-104.8756,38.625],[-104.9,38.6082],[-104.9173,38.5859],[-104.9421,38.5675]]]},"properties":{"geoid":"08021","state":"08","district":"21","name":"State House District 21","chamber":"House"}},{"type":"Feature","geometry":{"type":"Polygon","coordinates":[[[-104.7961,38.9326],[-104.7934,38.9231],[-104.7868,38.9186],[-104.7871,38.9098],[-104.7575,38.8931],[-104.7573,38.8597],[-104.7199,38.8721],[-104.7195,38.945],[-104.7247,38.9544],[-104.7642,38.9567],[-104.7751,38.9423],[-104.766,38.9402],[-104.766,38.9351],[-104.7961,38.9326]]]},"properties":{"geoid":"08022","state":"08","district":"22","name":"State House District 22","chamber":"House"}},{"type":"Feature","geometry":{"type":"Polygon","coordinates":[[[-105.1999,39.7019],[-105.194,39.6927],[-105.1846,39.6928],[-105.1828,39.6846],[-105.1608,39.6814],[-105.1504,39.6656],[-105.1472,39.6748],[-105.1195,39.6749],[-105.1198,39.687],[-105.1095,39.7009],[-105.1096,39.7547],[-105.0661,39.7548],[-105.065,39.7585],[-105.0545,39.7548],[-105.0532,39.7838],[-105.0674,39.7884],[-105.0939,39.784],[-105.0861,39.7891],[-105.1049,39.7903],[-105.1143,39.7864],[-105.1143,39.7947],[-105.1199,39.791],[-105.1238,39.7946],[-105.1238,39.7874],[-105.1285,39.7874],[-105.1285,39.7938],[-105.1355,39.7938],[-105.1408,39.7788],[-105.1654,39.7744],[-105.152,39.7716],[-105.152,39.7654],[-105.1432,39.7619],[-105.1511,39.7473],[-105.1654,39.7472],[-105.161,39.7413],[-105.1666,39.7402],[-105.1691,39.7315],[-105.1657,39.724],[-105.154,39.7247],[-105.1544,39.7111],[-105.1908,39.7112],[-105.1934,39.7038],[-105.1999,39.7019]]]},"properties":{"geoid":"08023","state":"08","district":"23","name":"State House District 23","chamber":"House"}},{"type":"Feature","geometry":{"type":"Polygon","coordinates":[[[-105.2245,39.8022],[-105.2044,39.8046],[-105.2032,39.7973],[-105.1909,39.7908],[-105.1913,39.777],[-105.1999,39.7694],[-105.1891,39.7724],[-105.186,39.7871],[-105.1749,39.7866],[-105.1748,39.7715],[-105.1553,39.7725],[-105.1654,39.7744],[-105.1408,39.7788],[-105.1355,39.7938],[-105.1285,39.7938],[-105.1285,39.7874],[-105.1238,39.7874],[-105.1238,39.7946],[-105.1199,39.791],[-105.1143,39.7947],[-105.1143,39.7864],[-105.1049,39.7903],[-105.0861,39.7891],[-105.0939,39.784],[-105.0721,39.7846],[-105.0644,39.7911],[-105.0532,39.7911],[-105.0529,39.8009],[-105.0405,39.8029],[-105.044,39.8043],[-105.044,39.8175],[-105.0533,39.82],[-105.0533,39.8237],[-105.0622,39.8237],[-105.0721,39.8305],[-105.1098,39.8308],[-105.1101,39.842],[-105.1289,39.8421],[-105.1285,39.8327],[-105.1495,39.8271],[-105.1928,39.8267],[-105.1982,39.8231],[-105.1982,39.8127],[-105.2217,39.8223],[-105.2245,39.8022]]]},"properties":{"geoid":"08024","state":"08","district":"24","name":"State House District 24","chamber":"House"}},{"type":"Feature","geometry":{"type":"Polygon","coordinates":[[[-105.3991,39.5775],[-105.3979,39.1296],[-105.3294,39.1295],[-105.322,39.137],[-105.3231,39.1456],[-105.3156,39.1458],[-105.3135,39.1598],[-105.2877,39.1786],[-105.2824,39.2011],[-105.2756,39.2076],[-105.2599,39.2106],[-105.2636,39.2289],[-105.2535,39.2433],[-105.2466,39.2401],[-105.2358,39.244],[-105.2344,39.2553],[-105.2279,39.2539],[-105.2234,39.2562],[-105.2251,39.2605],[-105.217,39.2609],[-105.2206,39.2692],[-105.2068,39.2938],[-105.2025,39.2936],[-105.2077,39.2982],[-105.196,39.3021],[-105.1985,39.31],[-105.1887,39.3171],[-105.1881,39.328],[-105.1819,39.3304],[-105.1878,39.3342],[-105.1792,39.3399],[-105.1774,39.3494],[-105.1666,39.3618],[-105.1735,39.3834],[-105.164,39.3915],[-105.171,39.4078],[-105.1444,39.419],[-105.1236,39.4341],[-105.1228,39.4507],[-105.1349,39.471],[-105.1163,39.4815],[-105.1176,39.4854],[-105.0987,39.4854],[-105.0866,39.4933],[-105.085,39.506],[-105.0783,39.5116],[-105.0767,39.5399],[-105.0601,39.5601],[-105.0486,39.5661],[-105.0591,39.5665],[-105.0621,39.5598],[-105.085,39.5541],[-105.0829,39.5718],[-105.091,39.588],[-105.0914,39.6097],[-105.11,39.6097],[-105.1102,39.593],[-105.146,39.5898],[-105.1515,39.6009],[-105.1608,39.6058],[-105.1609,39.6169],[-105.1723,39.6333],[-105.1676,39.6365],[-105.1819,39.6495],[-105.1713,39.6536],[-105.1769,39.6591],[-105.1676,39.6545],[-105.1624,39.6603],[-105.1657,39.6675],[-105.1847,39.6637],[-105.1907,39.6819],[-105.1828,39.6819],[-105.1827,39.6891],[-105.194,39.6927],[-105.1981,39.7005],[-105.2187,39.6962],[-105.3116,39.7144],[-105.3333,39.7016],[-105.3543,39.7121],[-105.3983,39.7171],[-105.3991,39.5775]]]},"properties":{"geoid":"08025","state":"08","district":"25","name":"State House District 25","chamber":"House"}},{"type":"Feature","geometry":{"type":"Polygon","coordinates":[[[-109.0513,39.676],[-109.0512,39.6605],[-108.8957,39.6605],[-108.8957,39.6503],[-108.5546,39.6502],[-108.5547,39.6936],[-107.9385,39.6945],[-107.9385,39.825],[-107.7872,39.825],[-107.6942,39.8301],[-107.4318,39.8284],[-107.4317,39.9177],[-107.3188,39.915],[-107.317,40.0908],[-107.0374,40.0915],[-107.0374,40.0031],[-107.0321,40.0029],[-107.034,39.9189],[-107.1137,39.9191],[-107.1134,39.6845],[-107.0677,39.6688],[-107.0719,39.6627],[-107.0671,39.6547],[-107.0255,39.648],[-107.0344,39.6415],[-107.0569,39.6479],[-107.0541,39.6446],[-107.0656,39.6395],[-107.0781,39.6451],[-107.1139,39.6242],[-107.1064,39.6231],[-107.1062,39.6103],[-107.0993,39.6127],[-107.068,39.6019],[-107.0367,39.5743],[-107.0397,39.5367],[-107.0486,39.5279],[-107.0456,39.511],[-107.0387,39.5123],[-107.0339,39.506],[-107.0226,39.5077],[-106.9942,39.4906],[-106.9812,39.4963],[-106.9757,39.4842],[-106.9551,39.4824],[-106.9309,39.4655],[-106.9161,39.4618],[-106.9092,39.4473],[-106.8957,39.4384],[-106.8805,39.4417],[-106.8763,39.4356],[-106.8596,39.4337],[-106.8584,39.4277],[-106.8432,39.4218],[-106.8224,39.4248],[-106.8211,39.4315],[-106.8306,39.4409],[-106.8219,39.449],[-106.8196,39.4395],[-106.8151,39.441],[-106.808,39.4293],[-106.7745,39.4175],[-106.7666,39.4234],[-106.7464,39.4193],[-106.7389,39.4241],[-106.7161,39.4238],[-106.7117,39.4332],[-106.7054,39.4282],[-106.6874,39.4324],[-106.6854,39.4414],[-106.6719,39.4402],[-106.6632,39.4338],[-106.6545,39.4249],[-106.6579,39.4195],[-106.6179,39.4191],[-106.6184,39.4431],[-106.5922,39.4429],[-106.5611,39.4298],[-106.5498,39.4199],[-106.5431,39.4019],[-106.5238,39.3939],[-106.523,39.3817],[-106.5092,39.3623],[-106.4265,39.3619],[-106.4001,39.381],[-106.3806,39.3762],[-106.3708,39.3606],[-106.358,39.3551],[-106.3116,39.3622],[-106.2838,39.3495],[-106.2591,39.362],[-106.251,39.3576],[-106.2269,39.3742],[-106.2256,39.3796],[-106.2067,39.3796],[-106.2104,39.3841],[-106.2012,39.3959],[-106.219,39.4123],[-106.2298,39.416],[-106.2327,39.4262],[-106.2233,39.4338],[-106.236,39.446],[-106.2385,39.4552],[-106.2516,39.465],[-106.2455,39.4894],[-106.2596,39.495],[-106.2464,39.5128],[-106.2558,39.5199],[-106.2559,39.5318],[-106.2483,39.5443],[-106.2367,39.5486],[-106.2249,39.5314],[-106.2113,39.53],[-106.2099,39.5469],[-106.1981,39.5503],[-106.1963,39.5569],[-106.2057,39.5582],[-106.2149,39.5748],[-106.209,39.5994],[-106.2004,39.6064],[-106.1848,39.6023],[-106.1759,39.6161],[-106.1765,39.6357],[-106.1838,39.6522],[-106.2172,39.6546],[-106.22,39.6626],[-106.2348,39.662],[-106.2404,39.6681],[-106.2387,39.6803],[-106.2597,39.6808],[-106.2659,39.6895],[-106.2641,39.7013],[-106.2721,39.7043],[-106.2774,39.6995],[-106.2909,39.7041],[-106.2983,39.7206],[-106.3254,39.7332],[-106.3435,39.759],[-106.3637,39.7521],[-106.3855,39.7672],[-106.391,39.7769],[-106.389,39.7877],[-106.3969,39.7901],[-106.412,39.8287],[-106.4237,39.8414],[-106.4236,39.8501],[-106.4329,39.8653],[-106.434,39.8774],[-106.4281,39.8822],[-106.4301,39.9072],[-106.4403,39.9183],[-106.4345,39.9249],[-106.6266,39.9248],[-106.6261,40],[-106.637,40.0021],[-106.6323,40.3416],[-106.6528,40.3416],[-106.6515,40.4494],[-106.659,40.4594],[-106.6579,40.4716],[-106.6674,40.4737],[-106.6562,40.4844],[-106.6593,40.4902],[-106.6531,40.4947],[-106.6556,40.5085],[-106.6731,40.5225],[-106.6698,40.5344],[-106.6929,40.5566],[-106.6922,40.5635],[-106.7023,40.578],[-106.694,40.5945],[-106.7062,40.6156],[-106.7036,40.6278],[-106.6868,40.6347],[-106.6887,40.6396],[-106.6801,40.648],[-106.6877,40.6499],[-106.6921,40.6577],[-106.6856,40.6629],[-106.6869,40.6727],[-106.6811,40.6752],[-106.6873,40.6827],[-106.6729,40.6883],[-106.668,40.6963],[-106.6725,40.7069],[-106.67,40.7207],[-106.6738,40.724],[-106.6695,40.7288],[-106.6767,40.7366],[-106.663,40.743],[-106.6652,40.7489],[-106.6613,40.7533],[-106.6697,40.7617],[-106.6369,40.7895],[-106.6355,40.8114],[-106.6434,40.8215],[-106.664,40.8282],[-106.6626,40.8433],[-106.6545,40.8491],[-106.6682,40.8651],[-106.6795,40.8696],[-106.6859,40.8858],[-106.6942,40.888],[-106.7058,40.876],[-106.7393,40.8708],[-106.7468,40.8821],[-106.7409,40.8898],[-106.7701,40.8965],[-106.769,40.9041],[-106.7813,40.907],[-106.8006,40.8959],[-106.8098,40.8998],[-106.8063,40.9066],[-106.8113,40.916],[-106.819,40.9186],[-106.8248,40.932],[-106.8294,40.9243],[-106.8523,40.9252],[-106.8487,40.9267],[-106.8624,40.9415],[-106.8732,40.973],[-106.8706,40.9812],[-106.8571,40.9813],[-106.8507,40.9902],[-106.8613,40.9962],[-106.8578,41.0027],[-109.05,41.0007],[-109.0513,39.676]]]},"properties":{"geoid":"08026","state":"08","district":"26","name":"State House District 26","chamber":"House"}},{"type":"Feature","geometry":{"type":"Polygon","coordinates":[[[-105.3983,39.7173],[-105.3543,39.7121],[-105.334,39.7017],[-105.3106,39.7143],[-105.2105,39.6955],[-105.1934,39.7038],[-105.1908,39.7112],[-105.1544,39.7111],[-105.154,39.7247],[-105.1657,39.724],[-105.1691,39.7315],[-105.1666,39.7402],[-105.161,39.7413],[-105.1654,39.7472],[-105.1511,39.7473],[-105.1432,39.7619],[-105.152,39.7654],[-105.1528,39.7719],[-105.1748,39.7715],[-105.1749,39.7866],[-105.186,39.7871],[-105.1891,39.7724],[-105.2014,39.7695],[-105.1913,39.777],[-105.1909,39.7908],[-105.2032,39.7973],[-105.2044,39.8046],[-105.2245,39.8022],[-105.2217,39.8223],[-105.1982,39.8127],[-105.1982,39.8231],[-105.1928,39.8267],[-105.1495,39.8271],[-105.1285,39.8327],[-105.1289,39.8421],[-105.1101,39.842],[-105.1098,39.8308],[-105.0626,39.8309],[-105.0627,39.8382],[-105.0533,39.84],[-105.0529,39.852],[-105.0818,39.8564],[-105.0819,39.8516],[-105.0912,39.8513],[-105.1006,39.8529],[-105.1053,39.859],[-105.1171,39.8515],[-105.1452,39.8567],[-105.1409,39.8616],[-105.1532,39.8635],[-105.1489,39.871],[-105.1654,39.8707],[-105.1657,39.9105],[-105.1471,39.9139],[-105.3978,39.9129],[-105.3983,39.7173]]]},"properties":{"geoid":"08027","state":"08","district":"27","name":"State House District 27","chamber":"House"}},{"type":"Feature","geometry":{"type":"Polygon","coordinates":[[[-105.1907,39.6819],[-105.1847,39.6637],[-105.1657,39.6675],[-105.1624,39.6603],[-105.1676,39.6545],[-105.1769,39.6591],[-105.1713,39.6536],[-105.1819,39.6495],[-105.1676,39.6365],[-105.1723,39.6333],[-105.1609,39.6169],[-105.1608,39.6058],[-105.1515,39.6009],[-105.146,39.5898],[-105.1102,39.593],[-105.11,39.6097],[-105.0914,39.6097],[-105.091,39.588],[-105.0829,39.5718],[-105.085,39.5541],[-105.0607,39.5606],[-105.062,39.5679],[-105.0728,39.5662],[-105.0725,39.6098],[-105.0536,39.6097],[-105.0538,39.6143],[-105.0581,39.6175],[-105.0581,39.6144],[-105.097,39.6143],[-105.097,39.6184],[-105.0651,39.62],[-105.081,39.6313],[-105.0913,39.6242],[-105.1075,39.6242],[-105.1099,39.6351],[-105.0733,39.6366],[-105.0768,39.6387],[-105.0741,39.6444],[-105.0538,39.6517],[-105.0708,39.6496],[-105.0673,39.6569],[-105.0815,39.6621],[-105.0813,39.6749],[-105.1097,39.6691],[-105.1097,39.6821],[-105.1203,39.6821],[-105.1195,39.6749],[-105.1472,39.6748],[-105.1504,39.6656],[-105.1608,39.6814],[-105.1907,39.6819]]]},"properties":{"geoid":"08028","state":"08","district":"28","name":"State House District 28","chamber":"House"}},{"type":"Feature","geometry":{"type":"Polygon","coordinates":[[[-105.1656,39.8925],[-105.1654,39.8705],[-105.1489,39.871],[-105.1532,39.8635],[-105.1436,39.8636],[-105.1409,39.8616],[-105.1452,39.8567],[-105.142,39.8588],[-105.1383,39.853],[-105.1161,39.8517],[-105.1053,39.859],[-105.1006,39.8529],[-105.0912,39.8513],[-105.0819,39.8516],[-105.0818,39.8564],[-105.0529,39.852],[-105.0532,39.8636],[-105.0504,39.8599],[-105.0344,39.8598],[-105.0344,39.8635],[-105.025,39.8635],[-105.025,39.8852],[-105.0155,39.8852],[-105.0155,39.8997],[-104.9966,39.8997],[-104.9966,39.9114],[-104.9886,39.917],[-104.9882,39.9685],[-104.9973,39.9685],[-104.9974,39.9812],[-105.0158,39.9812],[-105.0169,39.9528],[-104.9971,39.9468],[-104.997,39.9432],[-105.0157,39.9431],[-105.0155,39.9213],[-105.0344,39.9214],[-105.0343,39.9142],[-105.0624,39.914],[-105.0624,39.907],[-105.0718,39.907],[-105.0717,39.8998],[-105.0843,39.899],[-105.0967,39.8998],[-105.1086,39.9141],[-105.1471,39.914],[-105.1474,39.9001],[-105.1289,39.9003],[-105.1289,39.8904],[-105.1656,39.8925]]]},"properties":{"geoid":"08029","state":"08","district":"29","name":"State House District 29","chamber":"House"}},{"type":"Feature","geometry":{"type":"Polygon","coordinates":[[[-105.12,39.6857],[-105.12,39.6821],[-105.1097,39.6821],[-105.1097,39.6691],[-105.0813,39.6749],[-105.0792,39.6693],[-105.0533,39.6678],[-105.0533,39.675],[-105.0626,39.675],[-105.0626,39.6793],[-105.0532,39.6824],[-105.0532,39.7557],[-105.1096,39.7547],[-105.1095,39.7009],[-105.12,39.6857]]]},"properties":{"geoid":"08030","state":"08","district":"30","name":"State House District 30","chamber":"House"}},{"type":"Feature","geometry":{"type":"Polygon","coordinates":[[[-105.0155,39.872],[-105.0154,39.8672],[-105.006,39.869],[-105.006,39.8526],[-104.9965,39.8526],[-104.9967,39.8471],[-104.9779,39.8465],[-104.9744,39.8562],[-104.9418,39.8524],[-104.9496,39.848],[-104.9467,39.8446],[-104.95,39.8421],[-104.9426,39.8309],[-104.9221,39.8548],[-104.9352,39.8574],[-104.9197,39.8581],[-104.9126,39.8673],[-104.9135,39.8742],[-104.9004,39.8788],[-104.8974,39.8829],[-104.9012,39.8835],[-104.8878,39.8925],[-104.8983,39.8925],[-104.8974,39.9034],[-104.8765,39.9065],[-104.8725,39.9124],[-104.893,39.9143],[-104.8836,39.9288],[-104.9403,39.9283],[-104.9403,39.8994],[-104.9496,39.8994],[-104.9446,39.885],[-104.9565,39.8918],[-104.9589,39.8851],[-104.9863,39.8852],[-104.9914,39.872],[-104.9887,39.8694],[-104.9933,39.8681],[-105.0022,39.873],[-105.0061,39.8851],[-105.0155,39.8851],[-105.0155,39.872]]]},"properties":{"geoid":"08031","state":"08","district":"31","name":"State House District 31","chamber":"House"}},{"type":"Feature","geometry":{"type":"Polygon","coordinates":[[[-105.0064,39.791],[-104.9759,39.791],[-104.9687,39.7984],[-104.9689,39.791],[-104.9405,39.7946],[-104.9405,39.791],[-104.927,39.7911],[-104.927,39.7838],[-104.9034,39.7838],[-104.9036,39.7984],[-104.8845,39.7983],[-104.8844,39.8128],[-104.8661,39.8128],[-104.866,39.7984],[-104.7909,39.7983],[-104.7909,39.8418],[-104.731,39.8452],[-104.7304,39.8961],[-104.7033,39.8959],[-104.7032,39.9069],[-104.6921,39.9069],[-104.6921,39.9142],[-104.6796,39.914],[-104.6797,39.907],[-104.6404,39.9067],[-104.6404,39.9284],[-104.7334,39.9288],[-104.7335,39.9143],[-104.771,39.9144],[-104.7712,39.9216],[-104.7899,39.9198],[-104.7899,39.9288],[-104.7935,39.9288],[-104.8067,39.9211],[-104.8089,39.9144],[-104.8189,39.9144],[-104.8464,39.8977],[-104.8468,39.9145],[-104.8705,39.9144],[-104.8765,39.9065],[-104.8936,39.9069],[-104.8983,39.8925],[-104.8878,39.8925],[-104.9012,39.8835],[-104.8974,39.8829],[-104.9004,39.8788],[-104.9135,39.8742],[-104.9126,39.8673],[-104.9197,39.8581],[-104.9352,39.8574],[-104.9221,39.8548],[-104.9426,39.8309],[-104.95,39.8421],[-104.9467,39.8446],[-104.9496,39.848],[-104.9418,39.8524],[-104.9496,39.8525],[-104.9496,39.856],[-104.9771,39.8542],[-104.9779,39.8465],[-104.9849,39.8454],[-104.9832,39.8209],[-105.0062,39.8138],[-105.0064,39.791]]]},"properties":{"geoid":"08032","state":"08","district":"32","name":"State House District 32","chamber":"House"}},{"type":"Feature","geometry":{"type":"Polygon","coordinates":[[[-105.1661,39.9018],[-105.1652,39.8915],[-105.1349,39.8893],[-105.1363,39.892],[-105.1289,39.8904],[-105.1287,39.9],[-105.1474,39.9001],[-105.1471,39.914],[-105.1086,39.9141],[-105.0967,39.8998],[-105.0843,39.899],[-105.0717,39.8998],[-105.0718,39.907],[-105.0624,39.907],[-105.0624,39.914],[-105.0343,39.9142],[-105.0344,39.9214],[-105.0155,39.9213],[-105.0157,39.9431],[-104.997,39.9432],[-104.9971,39.9468],[-105.0169,39.9528],[-105.0158,39.9812],[-104.9974,39.9812],[-104.9973,39.9685],[-104.9882,39.9685],[-104.988,39.9431],[-104.9582,39.9429],[-104.9563,39.9574],[-104.9405,39.9575],[-104.9221,39.9574],[-104.922,39.943],[-104.9031,39.9431],[-104.903,39.9576],[-104.8843,39.9551],[-104.8938,39.96],[-104.8938,39.9648],[-104.8842,39.9648],[-104.8844,39.9867],[-104.9219,39.9865],[-104.9222,40.0003],[-104.9615,40.0004],[-104.9611,40.0441],[-104.9792,40.0438],[-104.9801,40.0293],[-104.999,40.0258],[-104.9958,40.0204],[-104.9991,40.0149],[-104.9896,40.0149],[-104.9896,40.0077],[-105.008,40.0076],[-105.0079,40.0005],[-105.0528,40.0003],[-105.0528,39.9777],[-105.0586,39.9753],[-105.0529,39.9578],[-105.0719,39.9579],[-105.0766,39.9433],[-105.0911,39.9433],[-105.0909,39.9361],[-105.1092,39.9361],[-105.1134,39.9315],[-105.1094,39.9255],[-105.1188,39.9338],[-105.1186,39.9433],[-105.1094,39.9433],[-105.1093,39.9506],[-105.128,39.9542],[-105.1282,39.9396],[-105.1376,39.9397],[-105.1376,39.9289],[-105.147,39.9289],[-105.1471,39.9138],[-105.1657,39.9105],[-105.1661,39.9018]]]},"properties":{"geoid":"08033","state":"08","district":"33","name":"State House District 33","chamber":"House"}},{"type":"Feature","geometry":{"type":"Polygon","coordinates":[[[-105.0155,39.8997],[-105.0155,39.8851],[-105.0061,39.8851],[-105.0013,39.872],[-104.9889,39.8693],[-104.9863,39.8852],[-104.9589,39.8851],[-104.9565,39.8918],[-104.9446,39.885],[-104.9496,39.8994],[-104.9403,39.8994],[-104.9403,39.9283],[-104.8841,39.9288],[-104.8841,39.9348],[-104.8713,39.9432],[-104.8843,39.9431],[-104.8841,39.9504],[-104.8916,39.9503],[-104.8916,39.9431],[-104.8937,39.9502],[-104.9003,39.9502],[-104.9031,39.9431],[-104.922,39.943],[-104.9221,39.9574],[-104.9563,39.9574],[-104.9582,39.9429],[-104.988,39.9431],[-104.9879,39.9194],[-104.9966,39.9114],[-104.9966,39.8997],[-105.0155,39.8997]]]},"properties":{"geoid":"08034","state":"08","district":"34","name":"State House District 34","chamber":"House"}},{"type":"Feature","geometry":{"type":"Polygon","coordinates":[[[-105.0721,39.8309],[-105.072,39.8273],[-105.0622,39.8273],[-105.0622,39.8237],[-105.044,39.8175],[-105.044,39.8043],[-105.0405,39.8029],[-105.0529,39.8009],[-105.0532,39.7911],[-105.0218,39.7945],[-105.0205,39.7911],[-105.0064,39.791],[-105.0062,39.8138],[-104.9832,39.8209],[-104.9849,39.8454],[-104.9967,39.8471],[-104.9965,39.8526],[-105.006,39.8526],[-105.006,39.869],[-105.0154,39.8672],[-105.0155,39.8852],[-105.025,39.8852],[-105.025,39.8635],[-105.0344,39.8635],[-105.0344,39.8598],[-105.0504,39.8599],[-105.0532,39.8636],[-105.0533,39.84],[-105.0627,39.8382],[-105.0626,39.8309],[-105.0721,39.8309]]]},"properties":{"geoid":"08035","state":"08","district":"35","name":"State House District 35","chamber":"House"}},{"type":"Feature","geometry":{"type":"Polygon","coordinates":[[[-104.8847,39.7475],[-104.8846,39.7402],[-104.8006,39.7403],[-104.8006,39.7256],[-104.7912,39.7256],[-104.7911,39.6966],[-104.7724,39.6966],[-104.7725,39.6772],[-104.7535,39.6748],[-104.7542,39.653],[-104.7349,39.653],[-104.7351,39.6385],[-104.6038,39.6382],[-104.6035,39.6672],[-104.5843,39.667],[-104.5836,39.7032],[-104.5932,39.7033],[-104.5933,39.6961],[-104.6034,39.6962],[-104.6034,39.689],[-104.6221,39.691],[-104.622,39.7398],[-104.6136,39.74],[-104.6218,39.7447],[-104.6124,39.747],[-104.6124,39.7539],[-104.603,39.7539],[-104.5891,39.7463],[-104.6011,39.7444],[-104.6022,39.7399],[-104.508,39.7385],[-104.5081,39.7575],[-104.4891,39.7572],[-104.4893,39.825],[-104.6197,39.8269],[-104.6198,39.8224],[-104.6554,39.8226],[-104.6554,39.813],[-104.6662,39.8131],[-104.6661,39.8228],[-104.7625,39.8234],[-104.7626,39.7984],[-104.7344,39.7984],[-104.7346,39.7692],[-104.7646,39.7692],[-104.7722,39.7715],[-104.7722,39.7764],[-104.8282,39.7728],[-104.833,39.7664],[-104.8564,39.7686],[-104.8563,39.7581],[-104.8469,39.7547],[-104.8799,39.7547],[-104.88,39.7474],[-104.8847,39.7475]]]},"properties":{"geoid":"08036","state":"08","district":"36","name":"State House District 36","chamber":"House"}},{"type":"Feature","geometry":{"type":"Polygon","coordinates":[[[-104.9806,39.6177],[-104.9799,39.6096],[-104.9412,39.6065],[-104.9417,39.566],[-104.7848,39.5659],[-104.7874,39.5696],[-104.7828,39.5732],[-104.7565,39.5732],[-104.7552,39.5801],[-104.7311,39.5818],[-104.7342,39.5869],[-104.744,39.5877],[-104.7449,39.5939],[-104.7451,39.5877],[-104.7498,39.5877],[-104.7496,39.5949],[-104.8021,39.5949],[-104.8105,39.6104],[-104.8199,39.6095],[-104.8242,39.6022],[-104.8246,39.6059],[-104.848,39.6041],[-104.8477,39.6241],[-104.8758,39.6269],[-104.8762,39.6459],[-104.8851,39.6389],[-104.8853,39.6241],[-104.9803,39.6241],[-104.9806,39.6177]]]},"properties":{"geoid":"08037","state":"08","district":"37","name":"State House District 37","chamber":"House"}},{"type":"Feature","geometry":{"type":"Polygon","coordinates":[[[-105.0728,39.5807],[-105.0728,39.5662],[-104.9417,39.566],[-104.9412,39.6065],[-104.9799,39.6096],[-104.9787,39.6168],[-104.988,39.6168],[-104.995,39.624],[-105.0068,39.6205],[-105.0067,39.6291],[-105.035,39.6242],[-105.0348,39.6278],[-105.0534,39.6315],[-105.0533,39.6388],[-105.059,39.6388],[-105.0535,39.6295],[-105.0535,39.6209],[-105.0581,39.6175],[-105.0536,39.6097],[-105.0725,39.6098],[-105.0728,39.5807]]]},"properties":{"geoid":"08038","state":"08","district":"38","name":"State House District 38","chamber":"House"}},{"type":"Feature","geometry":{"type":"Polygon","coordinates":[[[-105.3292,39.1297],[-104.6629,39.1295],[-104.6627,39.4344],[-104.6813,39.4514],[-104.6813,39.4456],[-104.7322,39.4422],[-104.7339,39.4357],[-104.7454,39.4307],[-104.7601,39.4351],[-104.759,39.4058],[-104.7663,39.4057],[-104.7602,39.3912],[-104.7612,39.3731],[-104.7666,39.366],[-104.7786,39.3638],[-104.7879,39.3515],[-104.7939,39.3531],[-104.7939,39.3477],[-104.801,39.3477],[-104.808,39.3549],[-104.8353,39.3521],[-104.8424,39.3579],[-104.8398,39.3547],[-104.8446,39.3511],[-104.8539,39.3511],[-104.8538,39.3439],[-104.8338,39.3439],[-104.8239,39.3294],[-104.8285,39.326],[-104.8263,39.3184],[-104.8761,39.3185],[-104.8692,39.3379],[-104.8761,39.3389],[-104.8915,39.297],[-104.9189,39.2971],[-104.9189,39.301],[-104.9236,39.3005],[-104.9227,39.3267],[-104.9306,39.3331],[-104.9239,39.333],[-104.9236,39.3483],[-104.9468,39.3476],[-104.9468,39.3549],[-104.9512,39.3549],[-104.9558,39.3704],[-104.9482,39.3898],[-104.9546,39.4179],[-104.9654,39.4314],[-104.939,39.4343],[-104.9037,39.4265],[-104.8728,39.4498],[-104.8656,39.4447],[-104.8698,39.4383],[-104.8629,39.4316],[-104.8443,39.4348],[-104.8396,39.4312],[-104.8396,39.4203],[-104.8304,39.4217],[-104.8096,39.448],[-104.7891,39.464],[-104.8218,39.4639],[-104.8215,39.4783],[-104.8123,39.4783],[-104.8122,39.4982],[-104.8127,39.4926],[-104.8296,39.5018],[-104.8301,39.5549],[-104.8394,39.5524],[-104.8395,39.566],[-104.9044,39.566],[-104.9045,39.522],[-104.9142,39.5197],[-104.9159,39.5233],[-104.9301,39.5217],[-104.941,39.5275],[-104.9634,39.5241],[-105.0049,39.5292],[-105.012,39.5228],[-105.0277,39.5237],[-105.0416,39.5397],[-105.0443,39.5571],[-105.0566,39.5623],[-105.0767,39.5399],[-105.0783,39.5116],[-105.085,39.506],[-105.0866,39.4933],[-105.0987,39.4854],[-105.1176,39.4854],[-105.1163,39.4815],[-105.1349,39.471],[-105.1228,39.4507],[-105.1236,39.4341],[-105.1444,39.419],[-105.171,39.4078],[-105.164,39.3915],[-105.1735,39.3834],[-105.1666,39.3618],[-105.1774,39.3494],[-105.1792,39.3399],[-105.1878,39.3342],[-105.1819,39.3304],[-105.1881,39.328],[-105.1887,39.3171],[-105.1985,39.31],[-105.196,39.3021],[-105.2077,39.2982],[-105.2025,39.2936],[-105.2068,39.2938],[-105.2206,39.2692],[-105.217,39.2609],[-105.2251,39.2605],[-105.2234,39.2562],[-105.2279,39.2539],[-105.2344,39.2553],[-105.2358,39.244],[-105.2466,39.2401],[-105.2535,39.2433],[-105.2636,39.2289],[-105.2599,39.2106],[-105.2756,39.2076],[-105.2824,39.2011],[-105.2877,39.1786],[-105.3135,39.1598],[-105.3156,39.1458],[-105.3231,39.1456],[-105.322,39.137],[-105.3292,39.1297]]]},"properties":{"geoid":"08039","state":"08","district":"39","name":"State House District 39","chamber":"House"}},{"type":"Feature","geometry":{"type":"Polygon","coordinates":[[[-104.8781,39.6316],[-104.8713,39.6243],[-104.8477,39.6241],[-104.848,39.6041],[-104.8246,39.6059],[-104.8246,39.6022],[-104.8199,39.6095],[-104.8105,39.6104],[-104.8103,39.6239],[-104.7983,39.624],[-104.7982,39.6284],[-104.7634,39.624],[-104.7605,39.6384],[-104.7539,39.6384],[-104.754,39.624],[-104.7352,39.6273],[-104.7188,39.6239],[-104.7189,39.6386],[-104.7351,39.6385],[-104.7349,39.653],[-104.7542,39.653],[-104.7535,39.6748],[-104.7688,39.6785],[-104.791,39.6737],[-104.7912,39.6531],[-104.8318,39.6531],[-104.8487,39.6592],[-104.8779,39.6435],[-104.8781,39.6316]]]},"properties":{"geoid":"08040","state":"08","district":"40","name":"State House District 40","chamber":"House"}},{"type":"Feature","geometry":{"type":"Polygon","coordinates":[[[-104.8777,39.6984],[-104.8754,39.6785],[-104.8661,39.6708],[-104.8663,39.6603],[-104.839,39.6577],[-104.8318,39.6531],[-104.7912,39.6531],[-104.791,39.6737],[-104.7725,39.6772],[-104.7724,39.6966],[-104.8777,39.6984]]]},"properties":{"geoid":"08041","state":"08","district":"41","name":"State House District 41","chamber":"House"}},{"type":"Feature","geometry":{"type":"Polygon","coordinates":[[[-104.8865,39.7293],[-104.8753,39.7256],[-104.8706,39.7102],[-104.866,39.7111],[-104.8707,39.6984],[-104.866,39.6966],[-104.7911,39.6966],[-104.7912,39.7256],[-104.8006,39.7256],[-104.8006,39.7403],[-104.8846,39.7402],[-104.8865,39.7293]]]},"properties":{"geoid":"08042","state":"08","district":"42","name":"State House District 42","chamber":"House"}},{"type":"Feature","geometry":{"type":"Polygon","coordinates":[[[-105.0529,39.5631],[-105.0443,39.5571],[-105.0416,39.5397],[-105.0277,39.5237],[-105.012,39.5228],[-105.0049,39.5292],[-104.9634,39.5241],[-104.941,39.5275],[-104.9301,39.5217],[-104.9159,39.5233],[-104.9142,39.5197],[-104.9037,39.5225],[-104.9044,39.566],[-105.0529,39.5631]]]},"properties":{"geoid":"08043","state":"08","district":"43","name":"State House District 43","chamber":"House"}},{"type":"Feature","geometry":{"type":"Polygon","coordinates":[[[-104.8395,39.566],[-104.8394,39.5524],[-104.8301,39.5549],[-104.8296,39.5017],[-104.8127,39.4926],[-104.8122,39.4982],[-104.8123,39.4783],[-104.8215,39.4783],[-104.8218,39.4639],[-104.7891,39.464],[-104.7961,39.4569],[-104.7905,39.45],[-104.7716,39.4499],[-104.7661,39.4551],[-104.7664,39.4507],[-104.7597,39.4495],[-104.7584,39.4747],[-104.7552,39.4747],[-104.7224,39.4633],[-104.7183,39.4573],[-104.6999,39.4565],[-104.7001,39.4448],[-104.6813,39.4456],[-104.6813,39.4514],[-104.6627,39.4344],[-104.6606,39.5659],[-104.6793,39.5659],[-104.6796,39.5507],[-104.7417,39.5513],[-104.7464,39.5587],[-104.7682,39.5588],[-104.7744,39.5611],[-104.7744,39.5658],[-104.8395,39.566]]]},"properties":{"geoid":"08044","state":"08","district":"44","name":"State House District 44","chamber":"House"}},{"type":"Feature","geometry":{"type":"Polygon","coordinates":[[[-104.9654,39.4314],[-104.9546,39.4179],[-104.9482,39.3898],[-104.9558,39.3704],[-104.9512,39.3549],[-104.9468,39.3549],[-104.9468,39.3476],[-104.9236,39.3483],[-104.9239,39.333],[-104.9306,39.3331],[-104.9227,39.3267],[-104.9236,39.3005],[-104.8915,39.297],[-104.8761,39.3389],[-104.8692,39.3379],[-104.8761,39.3185],[-104.8263,39.3184],[-104.8285,39.326],[-104.8239,39.3294],[-104.8338,39.3439],[-104.8538,39.3439],[-104.8539,39.3511],[-104.8446,39.3511],[-104.8398,39.3547],[-104.8424,39.3579],[-104.8353,39.3521],[-104.808,39.3549],[-104.801,39.3477],[-104.7939,39.3477],[-104.7939,39.3531],[-104.7879,39.3515],[-104.7786,39.3638],[-104.7666,39.366],[-104.7612,39.3731],[-104.7602,39.3912],[-104.7663,39.4057],[-104.759,39.4058],[-104.7601,39.4351],[-104.7454,39.4307],[-104.7339,39.4357],[-104.7322,39.4422],[-104.7014,39.4422],[-104.6999,39.4565],[-104.7183,39.4573],[-104.7293,39.4663],[-104.7584,39.4747],[-104.7597,39.4495],[-104.7664,39.4507],[-104.7661,39.4551],[-104.7716,39.4499],[-104.7905,39.45],[-104.7961,39.4567],[-104.8094,39.4482],[-104.8348,39.4191],[-104.8396,39.4203],[-104.8396,39.4312],[-104.8443,39.4348],[-104.8629,39.4316],[-104.8698,39.4383],[-104.8656,39.4447],[-104.8726,39.4498],[-104.9037,39.4265],[-104.939,39.4343],[-104.9654,39.4314]]]},"properties":{"geoid":"08045","state":"08","district":"45","name":"State House District 45","chamber":"House"}},{"type":"Feature","geometry":{"type":"Polygon","coordinates":[[[-105.0507,38.1138],[-105.0499,37.9155],[-105.0387,37.9044],[-105.0316,37.9041],[-105.0348,37.8946],[-105.0137,37.8813],[-104.8288,37.8911],[-104.8276,37.9131],[-104.8076,37.9237],[-104.792,37.9233],[-104.7888,37.9425],[-104.7586,37.962],[-104.7625,37.9864],[-104.7449,38.0033],[-104.7404,38.0156],[-104.7281,38.0219],[-104.7372,38.0225],[-104.7278,38.0474],[-104.6747,38.1131],[-104.6695,38.1299],[-104.6364,38.1712],[-104.6338,38.1909],[-104.6622,38.1885],[-104.6621,38.2151],[-104.6683,38.2247],[-104.6623,38.2258],[-104.6624,38.2329],[-104.6526,38.2329],[-104.6473,38.244],[-104.6254,38.2442],[-104.6249,38.2509],[-104.609,38.2537],[-104.6165,38.2606],[-104.5984,38.2649],[-104.602,38.2877],[-104.5757,38.2882],[-104.5525,38.2717],[-104.5659,38.2652],[-104.5655,38.2592],[-104.5797,38.2474],[-104.5885,38.248],[-104.5815,38.2457],[-104.5796,38.2352],[-104.5855,38.2375],[-104.5896,38.2316],[-104.5723,38.2238],[-104.5709,38.1983],[-104.5895,38.184],[-104.59,38.1757],[-104.6072,38.1693],[-104.616,38.1553],[-104.6076,38.1551],[-104.598,38.166],[-104.5932,38.1653],[-104.593,38.1713],[-104.5859,38.1721],[-104.5884,38.1756],[-104.5824,38.1793],[-104.5886,38.1837],[-104.5547,38.1939],[-104.545,38.2015],[-104.5455,38.2066],[-104.5345,38.2093],[-104.5196,38.1833],[-104.4974,38.1854],[-104.4401,38.1646],[-104.3868,38.1515],[-104.3867,38.1476],[-104.3407,38.1475],[-104.3067,38.1837],[-104.3045,38.198],[-104.2918,38.202],[-104.2547,38.2331],[-104.2847,38.2371],[-104.285,38.2454],[-104.3226,38.2457],[-104.3412,38.2535],[-104.3453,38.2515],[-104.3452,38.2438],[-104.3604,38.2415],[-104.3824,38.2445],[-104.3846,38.2492],[-104.4073,38.2503],[-104.4248,38.2596],[-104.4482,38.2584],[-104.4504,38.2646],[-104.4577,38.2666],[-104.4577,38.2745],[-104.4454,38.2735],[-104.4454,38.2766],[-104.4607,38.3033],[-104.4601,38.3173],[-104.5247,38.3171],[-104.5253,38.3245],[-104.5348,38.3245],[-104.5439,38.3243],[-104.5394,38.3235],[-104.5392,38.3171],[-104.5715,38.3166],[-104.571,38.3313],[-104.5756,38.3313],[-104.5752,38.3422],[-104.5796,38.3459],[-104.5889,38.3459],[-104.5892,38.3385],[-104.5987,38.3312],[-104.6131,38.3311],[-104.6221,38.3382],[-104.6203,38.3454],[-104.6533,38.3381],[-104.6533,38.3454],[-104.6578,38.3454],[-104.6626,38.3417],[-104.6629,38.3307],[-104.666,38.3343],[-104.672,38.3316],[-104.6721,38.338],[-104.681,38.338],[-104.6814,38.3235],[-104.6719,38.327],[-104.6643,38.3234],[-104.6644,38.316],[-104.6802,38.3164],[-104.6815,38.3124],[-104.6991,38.3164],[-104.6991,38.3091],[-104.7176,38.3091],[-104.7177,38.2837],[-104.7362,38.2838],[-104.7313,38.2911],[-104.7375,38.2949],[-104.7458,38.2947],[-104.748,38.2877],[-104.764,38.2874],[-104.764,38.2949],[-104.7733,38.2917],[-104.8183,38.297],[-104.8192,38.302],[-104.8608,38.3074],[-104.8572,38.3154],[-104.8394,38.3162],[-104.8428,38.3554],[-104.9409,38.372],[-104.9404,38.2583],[-105.0492,38.258],[-105.0507,38.1138]]]},"properties":{"geoid":"08046","state":"08","district":"46","name":"State House District 46","chamber":"House"}},{"type":"Feature","geometry":{"type":"Polygon","coordinates":[[[-105.2184,37.5835],[-105.196,37.5699],[-105.1784,37.5463],[-105.1827,37.5468],[-105.1837,37.5396],[-105.1777,37.5341],[-105.1713,37.5132],[-105.1777,37.4914],[-105.1748,37.4853],[-105.1822,37.4792],[-105.1767,37.4756],[-105.1755,37.4565],[-105.1557,37.4565],[-105.1451,37.429],[-105.141,37.4286],[-105.1394,37.4156],[-105.1297,37.4093],[-105.1386,37.4007],[-105.1573,37.3984],[-105.1668,37.3884],[-105.169,37.375],[-105.1641,37.343],[-105.1679,37.337],[-105.1631,37.3289],[-105.1669,37.3227],[-105.1655,37.2912],[-105.1542,37.2931],[-105.155,36.9953],[-104.3689,36.9934],[-103.0023,37.0001],[-102.0421,36.993],[-102.0451,38.6152],[-103.1729,38.6125],[-103.1729,38.5253],[-103.501,38.5238],[-103.5047,38.5237],[-103.5047,38.5164],[-103.613,38.5179],[-103.613,38.5225],[-104.6447,38.5198],[-104.6446,38.4906],[-104.6263,38.4907],[-104.6263,38.4035],[-104.6401,38.4035],[-104.6399,38.4108],[-104.6638,38.4111],[-104.6845,38.407],[-104.6857,38.4107],[-104.6994,38.4107],[-104.6994,38.4071],[-104.7176,38.4072],[-104.7174,38.4035],[-104.7365,38.4036],[-104.7365,38.3963],[-104.727,38.3963],[-104.727,38.3891],[-104.7366,38.3891],[-104.7408,38.367],[-104.7363,38.3672],[-104.7363,38.3599],[-104.7177,38.3599],[-104.7177,38.3454],[-104.7547,38.3454],[-104.7547,38.3385],[-104.7437,38.3355],[-104.7415,38.3266],[-104.7495,38.3173],[-104.7615,38.3179],[-104.763,38.3127],[-104.7765,38.3105],[-104.7745,38.2919],[-104.764,38.2949],[-104.764,38.2874],[-104.7495,38.2874],[-104.7458,38.2947],[-104.7375,38.2949],[-104.7313,38.2911],[-104.7362,38.2838],[-104.7177,38.2837],[-104.7176,38.3091],[-104.6991,38.3091],[-104.6991,38.3164],[-104.6815,38.3124],[-104.6802,38.3164],[-104.6644,38.316],[-104.6643,38.3234],[-104.6719,38.327],[-104.6814,38.3235],[-104.681,38.338],[-104.6721,38.338],[-104.672,38.3316],[-104.666,38.3343],[-104.6629,38.3307],[-104.6626,38.3417],[-104.6578,38.3454],[-104.6533,38.3454],[-104.6533,38.3381],[-104.6203,38.3454],[-104.6221,38.3382],[-104.6131,38.3311],[-104.5987,38.3312],[-104.5892,38.3385],[-104.5889,38.3459],[-104.5796,38.3459],[-104.5752,38.3422],[-104.5756,38.3313],[-104.571,38.3313],[-104.5715,38.3166],[-104.5392,38.3171],[-104.5394,38.3235],[-104.5439,38.3243],[-104.5348,38.3245],[-104.5253,38.3245],[-104.5247,38.3171],[-104.4601,38.3173],[-104.4607,38.3033],[-104.4454,38.2766],[-104.4454,38.2735],[-104.4577,38.2745],[-104.4577,38.2666],[-104.4504,38.2646],[-104.4482,38.2584],[-104.4248,38.2596],[-104.4073,38.2503],[-104.3846,38.2492],[-104.3824,38.2445],[-104.3604,38.2415],[-104.3452,38.2438],[-104.3449,38.2521],[-104.3392,38.2532],[-104.3226,38.2457],[-104.285,38.2454],[-104.2847,38.2371],[-104.2554,38.2316],[-104.2943,38.2003],[-104.3045,38.198],[-104.3067,38.1837],[-104.3407,38.1475],[-104.3867,38.1476],[-104.3868,38.1515],[-104.4401,38.1646],[-104.4974,38.1854],[-104.5196,38.1833],[-104.5345,38.2093],[-104.5455,38.2066],[-104.545,38.2015],[-104.5547,38.1939],[-104.5886,38.1837],[-104.5825,38.1778],[-104.5884,38.1756],[-104.5859,38.1721],[-104.5931,38.1712],[-104.5932,38.1653],[-104.598,38.166],[-104.6076,38.1551],[-104.616,38.1553],[-104.6157,38.1589],[-104.6362,38.1117],[-104.6292,38.0834],[-104.6289,38.046],[-104.6121,38.0178],[-104.6101,37.9949],[-104.6184,37.9694],[-104.6158,37.9475],[-104.6245,37.9231],[-104.6515,37.9206],[-104.665,37.9129],[-104.6675,37.8951],[-104.7097,37.872],[-104.7223,37.8541],[-104.7348,37.8467],[-104.7512,37.821],[-104.922,37.8223],[-104.9413,37.7854],[-104.9763,37.7382],[-105.0031,37.7336],[-105.0141,37.7257],[-105.0136,37.6934],[-105.0313,37.6937],[-105.1061,37.6722],[-105.1111,37.6749],[-105.1476,37.6606],[-105.1535,37.6635],[-105.1708,37.658],[-105.1786,37.6503],[-105.1589,37.6544],[-105.1859,37.629],[-105.1855,37.6229],[-105.1911,37.6253],[-105.1917,37.6193],[-105.1844,37.616],[-105.1956,37.6089],[-105.1932,37.5922],[-105.2038,37.5944],[-105.2184,37.5835]]]},"properties":{"geoid":"08047","state":"08","district":"47","name":"State House District 47","chamber":"House"}},{"type":"Feature","geometry":{"type":"Polygon","coordinates":[[[-104.9222,40.0003],[-104.9219,39.9865],[-104.8844,39.9867],[-104.8842,39.9648],[-104.8938,39.9648],[-104.8938,39.96],[-104.8843,39.9551],[-104.903,39.9576],[-104.9037,39.9502],[-104.8937,39.9502],[-104.8937,39.9431],[-104.8916,39.9503],[-104.8841,39.9504],[-104.8843,39.9431],[-104.8713,39.9432],[-104.8841,39.9348],[-104.8837,39.925],[-104.893,39.9143],[-104.8468,39.9145],[-104.8464,39.8977],[-104.8189,39.9144],[-104.8089,39.9144],[-104.7985,39.928],[-104.7899,39.9288],[-104.7899,39.9198],[-104.7712,39.9216],[-104.771,39.9144],[-104.7335,39.9143],[-104.7334,39.9288],[-104.6781,39.9286],[-104.6784,39.9724],[-104.6974,39.9725],[-104.6971,40.0005],[-104.4146,40.0007],[-104.4143,40.1167],[-104.4421,40.1167],[-104.4428,40.1316],[-104.4542,40.1508],[-104.4707,40.1279],[-104.4586,40.1456],[-104.4707,40.1456],[-104.4893,40.1309],[-104.5847,40.1312],[-104.5848,40.1385],[-104.594,40.1384],[-104.594,40.1457],[-104.5374,40.142],[-104.5374,40.1456],[-104.5505,40.1457],[-104.5472,40.1599],[-104.5565,40.1598],[-104.5564,40.1675],[-104.5658,40.1674],[-104.5658,40.189],[-104.5844,40.1889],[-104.5844,40.16],[-104.6029,40.1598],[-104.6021,40.3049],[-104.5651,40.3052],[-104.5642,40.3817],[-104.5296,40.3846],[-104.5456,40.3936],[-104.5644,40.3932],[-104.5633,40.4123],[-104.5672,40.4173],[-104.5905,40.4258],[-104.5834,40.4281],[-104.5836,40.4498],[-104.6292,40.4497],[-104.6194,40.428],[-104.6258,40.421],[-104.6709,40.4229],[-104.6732,40.4083],[-104.6637,40.4065],[-104.6626,40.3993],[-104.6494,40.3993],[-104.6494,40.3956],[-104.674,40.394],[-104.6689,40.3916],[-104.6684,40.3847],[-104.6777,40.3846],[-104.6778,40.3738],[-104.6894,40.3662],[-104.6977,40.3687],[-104.711,40.3628],[-104.7157,40.3557],[-104.7346,40.3556],[-104.7351,40.3192],[-104.7542,40.3192],[-104.7542,40.3403],[-104.7999,40.3304],[-104.8179,40.3158],[-104.8159,40.3101],[-104.8487,40.285],[-104.8521,40.274],[-104.849,40.2468],[-104.862,40.2471],[-104.8627,40.2653],[-104.8722,40.269],[-104.8675,40.2795],[-104.8861,40.2765],[-104.886,40.2621],[-104.9049,40.2623],[-104.9065,40.2038],[-104.8859,40.2038],[-104.8856,40.1749],[-104.8858,40.1598],[-104.9045,40.1601],[-104.9052,40.0948],[-104.8865,40.0948],[-104.8864,40.0801],[-104.8678,40.08],[-104.8675,40.0669],[-104.8863,40.0619],[-104.886,40.0004],[-104.9222,40.0003]]]},"properties":{"geoid":"08048","state":"08","district":"48","name":"State House District 48","chamber":"House"}},{"type":"Feature","geometry":{"type":"Polygon","coordinates":[[[-106.1954,40.989],[-106.1848,40.9638],[-106.1893,40.9459],[-106.1853,40.934],[-106.1586,40.9106],[-106.1313,40.8966],[-106.1276,40.8849],[-106.1307,40.8739],[-106.1047,40.8603],[-106.1081,40.8522],[-106.0985,40.8497],[-106.0997,40.8421],[-106.0577,40.8171],[-106.0467,40.803],[-106.0454,40.7919],[-106.0297,40.7816],[-106.0223,40.7547],[-106.0153,40.7528],[-106.0105,40.7408],[-105.9906,40.7272],[-105.9887,40.7096],[-105.9726,40.6956],[-105.9714,40.6808],[-105.9485,40.6423],[-105.947,40.6167],[-105.9421,40.6091],[-105.9299,40.6058],[-105.9223,40.5742],[-105.9109,40.5664],[-105.9118,40.5527],[-105.9051,40.5353],[-105.9112,40.5222],[-105.9083,40.5161],[-105.8801,40.5233],[-105.8691,40.5207],[-105.8523,40.5066],[-105.8549,40.4863],[-105.8073,40.4745],[-105.811,40.4709],[-105.8045,40.4642],[-105.8058,40.4473],[-105.816,40.4372],[-105.8173,40.4243],[-105.791,40.3986],[-105.7872,40.3809],[-105.7583,40.3524],[-105.7363,40.3466],[-105.7274,40.334],[-105.7017,40.3243],[-105.6976,40.3183],[-105.7021,40.3121],[-105.6901,40.3086],[-105.6858,40.3029],[-105.6874,40.2937],[-105.6812,40.2919],[-105.6865,40.2883],[-105.6806,40.2845],[-105.6824,40.2728],[-105.6542,40.2613],[-105.644,40.2499],[-105.66,40.2488],[-105.669,40.2242],[-105.6632,40.22],[-105.6703,40.2194],[-105.6706,40.2078],[-105.6776,40.2023],[-105.6776,40.189],[-105.6704,40.1846],[-105.6669,40.1699],[-105.6715,40.1654],[-105.6677,40.1583],[-105.6357,40.146],[-105.6261,40.1273],[-105.6266,40.1187],[-105.6367,40.107],[-105.632,40.0972],[-105.636,40.0846],[-105.6326,40.0814],[-105.6411,40.073],[-105.6389,40.067],[-105.6467,40.0652],[-105.6511,40.0584],[-105.6375,40.0458],[-105.6406,40.035],[-105.6519,40.0209],[-105.6616,40.0165],[-105.6898,40.0151],[-105.6912,39.9973],[-105.6832,39.9929],[-105.6903,39.9699],[-105.6851,39.9587],[-105.6944,39.9502],[-105.6937,39.9424],[-105.6751,39.9333],[-105.6911,39.8973],[-105.6997,39.8915],[-105.7008,39.8789],[-105.6903,39.852],[-105.6957,39.8395],[-105.7134,39.8382],[-105.7359,39.805],[-105.7639,39.795],[-105.799,39.8034],[-105.823,39.7856],[-105.8515,39.7878],[-105.8549,39.7962],[-105.8874,39.797],[-105.8927,39.7826],[-105.8805,39.7593],[-105.8848,39.7517],[-105.8824,39.7403],[-105.8894,39.7315],[-105.9067,39.7275],[-105.9118,39.7153],[-105.9214,39.7099],[-105.9246,39.699],[-105.9196,39.6903],[-105.9267,39.6736],[-105.9108,39.6623],[-105.8968,39.6647],[-105.8849,39.6571],[-105.8796,39.6636],[-105.8648,39.6672],[-105.8487,39.6442],[-105.8212,39.6427],[-105.8172,39.6336],[-105.7935,39.6364],[-105.7832,39.6299],[-105.776,39.6051],[-105.8002,39.5934],[-105.8081,39.5834],[-105.8384,39.573],[-105.8297,39.5649],[-105.3989,39.5661],[-105.3978,39.9129],[-105.1662,39.914],[-105.1657,39.9229],[-105.1658,39.9179],[-105.1751,39.9179],[-105.1752,39.9251],[-105.166,39.9287],[-105.1658,39.9401],[-105.1693,39.9413],[-105.1657,39.9486],[-105.1777,39.9505],[-105.1753,39.9607],[-105.1893,39.9615],[-105.1823,39.9644],[-105.2337,39.9858],[-105.2372,39.9715],[-105.2636,40.0001],[-105.2906,40.0001],[-105.2914,40.0089],[-105.2832,40.0151],[-105.2817,40.1032],[-105.2069,40.1016],[-105.2069,40.1076],[-105.1832,40.1166],[-105.1833,40.1275],[-105.1784,40.1311],[-105.178,40.2033],[-105.1311,40.2033],[-105.1311,40.2069],[-105.1216,40.2032],[-105.1214,40.2104],[-105.1155,40.2104],[-105.1156,40.2032],[-105.1019,40.2033],[-105.1024,40.2104],[-105.0932,40.2032],[-105.0552,40.2037],[-105.0551,40.2618],[-105.1025,40.2614],[-105.103,40.2941],[-105.1075,40.2941],[-105.1076,40.3051],[-105.1123,40.305],[-105.1123,40.3195],[-105.1503,40.3196],[-105.1502,40.3495],[-105.0973,40.3495],[-105.0973,40.3638],[-105.11,40.3639],[-105.1113,40.3688],[-105.1187,40.3636],[-105.135,40.3639],[-105.135,40.3712],[-105.1555,40.3684],[-105.1637,40.3751],[-105.163,40.393],[-105.1565,40.393],[-105.1596,40.3973],[-105.1537,40.3994],[-105.1551,40.4116],[-105.1478,40.4175],[-105.1494,40.4264],[-105.1372,40.4711],[-105.1405,40.4782],[-105.1499,40.4815],[-105.1512,40.5136],[-105.1413,40.5312],[-105.1496,40.5393],[-105.1484,40.5563],[-105.1555,40.5623],[-105.1631,40.5915],[-105.1739,40.6079],[-105.1714,40.6259],[-105.1618,40.6259],[-105.169,40.6294],[-105.1675,40.6368],[-105.1736,40.6484],[-105.1909,40.6693],[-105.1793,40.6775],[-105.1759,40.6881],[-105.1708,40.7408],[-104.9434,40.7402],[-104.9434,40.9982],[-106.1906,40.9976],[-106.1954,40.989]]]},"properties":{"geoid":"08049","state":"08","district":"49","name":"State House District 49","chamber":"House"}},{"type":"Feature","geometry":{"type":"Polygon","coordinates":[[[-104.8035,40.3748],[-104.8035,40.3705],[-104.7845,40.3705],[-104.7858,40.3336],[-104.7542,40.3403],[-104.7542,40.3192],[-104.7351,40.3192],[-104.7346,40.3556],[-104.7157,40.3557],[-104.711,40.3628],[-104.6977,40.3687],[-104.6894,40.3662],[-104.6778,40.3738],[-104.6777,40.3846],[-104.6684,40.3847],[-104.6689,40.3916],[-104.674,40.394],[-104.6494,40.3956],[-104.6494,40.3993],[-104.6626,40.3993],[-104.6637,40.4065],[-104.6732,40.4083],[-104.6709,40.4229],[-104.6258,40.421],[-104.6207,40.4247],[-104.6297,40.4596],[-104.6351,40.4594],[-104.6336,40.4309],[-104.6562,40.4354],[-104.6494,40.4234],[-104.6827,40.4286],[-104.6892,40.4351],[-104.6958,40.4586],[-104.6967,40.452],[-104.7014,40.4521],[-104.7015,40.4592],[-104.7105,40.452],[-104.7348,40.4546],[-104.7351,40.4065],[-104.7159,40.4066],[-104.7159,40.3921],[-104.7562,40.3923],[-104.7562,40.385],[-104.7844,40.385],[-104.7844,40.3771],[-104.8035,40.3748]]]},"properties":{"geoid":"08050","state":"08","district":"50","name":"State House District 50","chamber":"House"}},{"type":"Feature","geometry":{"type":"Polygon","coordinates":[[[-105.1637,40.3785],[-105.1555,40.3684],[-105.135,40.3712],[-105.135,40.3639],[-105.1187,40.3636],[-105.1113,40.3688],[-105.11,40.3639],[-105.0973,40.3638],[-105.0973,40.3495],[-105.0024,40.3492],[-105.0025,40.374],[-104.9908,40.3721],[-105.0012,40.3781],[-105.0025,40.3853],[-104.9939,40.3854],[-104.9909,40.4063],[-104.9644,40.4065],[-104.9634,40.4361],[-104.9768,40.44],[-104.9768,40.436],[-104.9825,40.4359],[-104.9822,40.4648],[-104.9921,40.4647],[-104.9924,40.4758],[-105.0012,40.4758],[-105.0011,40.4794],[-105.029,40.4836],[-105.0678,40.4801],[-105.0678,40.4842],[-105.0772,40.4855],[-105.0774,40.4802],[-105.0964,40.48],[-105.0963,40.4872],[-105.1012,40.4872],[-105.1013,40.48],[-105.1246,40.4801],[-105.1246,40.4728],[-105.1375,40.4728],[-105.1494,40.4264],[-105.1478,40.4175],[-105.1551,40.4116],[-105.1537,40.3994],[-105.1596,40.3973],[-105.1565,40.393],[-105.163,40.393],[-105.1637,40.3785]]]},"properties":{"geoid":"08051","state":"08","district":"51","name":"State House District 51","chamber":"House"}},{"type":"Feature","geometry":{"type":"Polygon","coordinates":[[[-105.1512,40.5136],[-105.1499,40.4815],[-105.1375,40.4728],[-105.1246,40.4728],[-105.1246,40.4801],[-105.1013,40.48],[-105.1012,40.4872],[-105.0963,40.4872],[-105.0964,40.48],[-105.0774,40.4802],[-105.0774,40.4855],[-105.0678,40.4842],[-105.0678,40.4801],[-105.0287,40.4836],[-105.0011,40.4794],[-104.9915,40.4721],[-104.9884,40.5085],[-105.001,40.5625],[-104.9821,40.5665],[-104.9821,40.5702],[-104.9916,40.5702],[-104.9868,40.5738],[-104.9882,40.5811],[-105.0569,40.5815],[-105.058,40.5565],[-105.0961,40.5527],[-105.0961,40.5382],[-105.1056,40.5382],[-105.1056,40.5309],[-105.1333,40.5302],[-105.1358,40.5243],[-105.138,40.5288],[-105.143,40.5277],[-105.1512,40.5136]]]},"properties":{"geoid":"08052","state":"08","district":"52","name":"State House District 52","chamber":"House"}},{"type":"Feature","geometry":{"type":"Polygon","coordinates":[[[-105.163,40.5874],[-105.1555,40.5623],[-105.1484,40.5563],[-105.1496,40.5393],[-105.1358,40.5243],[-105.1333,40.5302],[-105.1056,40.5309],[-105.1056,40.5382],[-105.0961,40.5382],[-105.0961,40.5527],[-105.058,40.5565],[-105.0569,40.5815],[-104.9882,40.5811],[-104.9962,40.5814],[-104.9961,40.5885],[-104.9901,40.5884],[-104.9954,40.592],[-104.9914,40.5949],[-104.9962,40.5955],[-104.9897,40.5968],[-104.9875,40.6029],[-104.9886,40.61],[-105.0007,40.6136],[-104.9975,40.6245],[-105.0294,40.6247],[-105.0383,40.6393],[-105.0571,40.6394],[-105.0598,40.6324],[-105.0548,40.6288],[-105.0638,40.6295],[-105.0548,40.6206],[-105.0583,40.6123],[-105.0719,40.6178],[-105.0812,40.6095],[-105.0907,40.6107],[-105.0885,40.6036],[-105.0955,40.6033],[-105.0908,40.6007],[-105.0928,40.5964],[-105.1145,40.6067],[-105.1148,40.5965],[-105.1337,40.5967],[-105.1341,40.5896],[-105.1575,40.595],[-105.163,40.5874]]]},"properties":{"geoid":"08053","state":"08","district":"53","name":"State House District 53","chamber":"House"}},{"type":"Feature","geometry":{"type":"Polygon","coordinates":[[[-109.0601,38.507],[-109.0601,38.5],[-108.3791,38.5],[-108.3787,38.6681],[-107.8486,38.6681],[-107.8461,38.6838],[-107.8357,38.6988],[-107.8481,38.7229],[-107.8393,38.7308],[-107.8381,38.747],[-107.8285,38.7618],[-107.8352,38.772],[-107.8372,38.7972],[-107.8833,38.8028],[-107.922,38.8001],[-107.9271,38.7923],[-107.935,38.7918],[-107.9415,38.7989],[-107.9243,38.8283],[-107.9005,38.8495],[-107.8886,38.8516],[-107.8779,38.8722],[-107.8574,38.8728],[-107.8509,38.8802],[-107.8276,38.8802],[-107.8274,38.8958],[-107.818,38.9033],[-107.817,39.0672],[-107.8218,39.0705],[-107.7937,39.0614],[-107.7655,39.0433],[-107.738,39.0662],[-107.7216,39.0653],[-107.7091,39.0831],[-107.6876,39.088],[-107.6808,39.1003],[-107.6603,39.1118],[-107.6627,39.1162],[-107.6513,39.1309],[-107.6383,39.1419],[-107.6324,39.1409],[-107.6191,39.1549],[-107.5933,39.1649],[-107.5684,39.1813],[-107.5581,39.1783],[-107.5428,39.1822],[-107.5426,39.1955],[-107.5233,39.1978],[-107.5288,39.2029],[-107.5107,39.2162],[-107.4945,39.2184],[-107.4842,39.2354],[-107.4747,39.229],[-107.4511,39.2307],[-107.4295,39.2413],[-107.4296,39.2573],[-107.3987,39.2535],[-107.3915,39.2639],[-107.3792,39.2691],[-107.3784,39.2748],[-107.3941,39.2794],[-107.3981,39.295],[-107.4126,39.2919],[-107.4375,39.2996],[-107.4388,39.309],[-107.4517,39.3045],[-107.4652,39.3143],[-107.4625,39.3272],[-107.4508,39.33],[-107.4305,39.3482],[-107.4309,39.3662],[-109.0508,39.3667],[-109.0601,38.507]],[[-108.739,39.1385],[-108.6957,39.1168],[-108.6868,39.1249],[-108.6706,39.1159],[-108.6686,39.1215],[-108.6639,39.1199],[-108.664,39.1353],[-108.5709,39.1353],[-108.571,39.1435],[-108.5523,39.1425],[-108.5523,39.1498],[-108.543,39.1534],[-108.543,39.1389],[-108.5384,39.1353],[-108.5244,39.1316],[-108.5244,39.128],[-108.5058,39.128],[-108.5012,39.1172],[-108.4966,39.1171],[-108.4975,39.0529],[-108.4817,39.0559],[-108.4874,39.0485],[-108.4967,39.0484],[-108.4968,39.0267],[-108.4828,39.0267],[-108.4829,39.0206],[-108.5,39.0195],[-108.5194,39.0266],[-108.5301,39.0244],[-108.5383,39.0311],[-108.5601,39.0304],[-108.5721,39.045],[-108.5675,39.0547],[-108.5736,39.048],[-108.5849,39.0485],[-108.5831,39.0529],[-108.5885,39.0594],[-108.5941,39.0558],[-108.5942,39.0485],[-108.6136,39.0449],[-108.6136,39.0486],[-108.6228,39.0486],[-108.6303,39.036],[-108.6364,39.036],[-108.6544,39.0487],[-108.664,39.0704],[-108.6966,39.0959],[-108.7039,39.1043],[-108.7012,39.1099],[-108.7134,39.11],[-108.7245,39.1207],[-108.732,39.1207],[-108.739,39.1385]]]},"properties":{"geoid":"08054","state":"08","district":"54","name":"State House District 54","chamber":"House"}},{"type":"Feature","geometry":{"type":"Polygon","coordinates":[[[-108.739,39.1387],[-108.732,39.1207],[-108.7245,39.1207],[-108.7134,39.11],[-108.7012,39.1099],[-108.7039,39.1043],[-108.6966,39.0959],[-108.664,39.0704],[-108.6544,39.0487],[-108.6364,39.036],[-108.6303,39.036],[-108.6228,39.0486],[-108.6136,39.0486],[-108.6136,39.0449],[-108.5942,39.0485],[-108.5941,39.0558],[-108.5885,39.0594],[-108.5831,39.0529],[-108.5849,39.0485],[-108.5736,39.048],[-108.5675,39.0547],[-108.5721,39.045],[-108.5601,39.0304],[-108.5383,39.0311],[-108.5301,39.0244],[-108.5194,39.0266],[-108.5,39.0195],[-108.4829,39.0206],[-108.4828,39.0267],[-108.4968,39.0267],[-108.4967,39.0484],[-108.4874,39.0485],[-108.4817,39.0559],[-108.4975,39.0529],[-108.4966,39.1171],[-108.5012,39.1172],[-108.5058,39.128],[-108.5244,39.128],[-108.5244,39.1316],[-108.5384,39.1353],[-108.543,39.1389],[-108.543,39.1534],[-108.5523,39.1498],[-108.5523,39.1425],[-108.571,39.1435],[-108.5709,39.1353],[-108.664,39.1353],[-108.6639,39.1199],[-108.6686,39.1215],[-108.6706,39.1159],[-108.6868,39.1249],[-108.6957,39.1168],[-108.739,39.1387]]]},"properties":{"geoid":"08055","state":"08","district":"55","name":"State House District 55","chamber":"House"}},{"type":"Feature","geometry":{"type":"Polygon","coordinates":[[[-104.7137,39.6167],[-104.7049,39.6095],[-104.6863,39.6057],[-104.6796,39.5964],[-104.6795,39.5804],[-104.642,39.5743],[-104.6421,39.5659],[-104.6606,39.5659],[-104.6629,39.1295],[-104.5518,39.1294],[-104.5522,39.1004],[-104.5706,39.1003],[-104.5713,39.0425],[-104.5391,39.0426],[-104.536,39.036],[-104.5341,38.9547],[-104.5527,38.9549],[-104.5529,38.9253],[-104.6177,38.9263],[-104.6266,38.9133],[-104.6265,38.8935],[-104.6171,38.8899],[-104.6172,38.8826],[-104.6264,38.8862],[-104.6266,38.8699],[-104.636,38.8682],[-104.5987,38.8642],[-104.5987,38.8569],[-104.6034,38.857],[-104.5988,38.8489],[-104.6127,38.8497],[-104.6127,38.8461],[-104.6188,38.8461],[-104.6174,38.8388],[-104.5349,38.8387],[-104.5346,38.8169],[-104.4886,38.8169],[-104.4881,38.788],[-104.5159,38.788],[-104.5157,38.7809],[-104.5479,38.7833],[-104.5552,38.7662],[-104.6085,38.7664],[-104.6083,38.7486],[-104.6271,38.7301],[-104.6415,38.7262],[-104.6415,38.723],[-104.6283,38.7231],[-104.6274,38.7121],[-104.6238,38.7118],[-104.6276,38.694],[-104.5992,38.694],[-104.609,38.6866],[-104.6092,38.6793],[-104.6334,38.6826],[-104.6364,38.6648],[-104.664,38.6646],[-104.664,38.6574],[-104.6824,38.6572],[-104.6854,38.6635],[-104.6679,38.5886],[-104.6473,38.5633],[-104.6516,38.5632],[-104.6307,38.5199],[-103.613,38.5225],[-103.613,38.5179],[-103.5047,38.5164],[-103.5047,38.5237],[-103.501,38.5238],[-103.1729,38.5253],[-103.1729,38.6125],[-102.0448,38.6153],[-102.0498,39.5741],[-103.1544,39.5657],[-103.7071,39.5663],[-103.7057,40.0014],[-104.6971,40.0005],[-104.6974,39.9725],[-104.6784,39.9724],[-104.6781,39.9286],[-104.6404,39.9284],[-104.6404,39.9067],[-104.6309,39.9066],[-104.6309,39.8993],[-104.5996,39.899],[-104.5998,39.8813],[-104.6052,39.8813],[-104.6053,39.8731],[-104.6192,39.8732],[-104.6197,39.8269],[-104.4893,39.825],[-104.4891,39.7572],[-104.5081,39.7575],[-104.508,39.7385],[-104.6022,39.7399],[-104.6011,39.7444],[-104.5891,39.7464],[-104.5952,39.7469],[-104.5926,39.7511],[-104.5965,39.7535],[-104.6124,39.7539],[-104.6124,39.747],[-104.6218,39.7447],[-104.6136,39.74],[-104.622,39.7398],[-104.6221,39.691],[-104.6034,39.689],[-104.6034,39.6962],[-104.5933,39.6961],[-104.5932,39.7033],[-104.5836,39.7032],[-104.5843,39.667],[-104.6035,39.6672],[-104.6038,39.6382],[-104.6865,39.6383],[-104.6865,39.6344],[-104.679,39.6382],[-104.6792,39.6203],[-104.6978,39.6229],[-104.6978,39.6165],[-104.7137,39.6167]]]},"properties":{"geoid":"08056","state":"08","district":"56","name":"State House District 56","chamber":"House"}},{"type":"Feature","geometry":{"type":"Polygon","coordinates":[[[-109.0515,39.5494],[-109.0508,39.3667],[-107.4309,39.3662],[-107.4305,39.3482],[-107.4508,39.33],[-107.4625,39.3272],[-107.4652,39.3143],[-107.4517,39.3045],[-107.4388,39.309],[-107.4375,39.2996],[-107.4126,39.2919],[-107.3981,39.295],[-107.3941,39.2794],[-107.3784,39.2748],[-107.3792,39.2691],[-107.3915,39.2639],[-107.3946,39.2567],[-107.3714,39.2389],[-107.3793,39.2311],[-107.3772,39.1996],[-107.3596,39.1848],[-107.3534,39.173],[-107.3187,39.1653],[-107.2963,39.1543],[-107.2825,39.1187],[-107.0663,39.1188],[-107.0363,39.0949],[-107.0125,39.0844],[-106.997,39.0693],[-106.989,39.0707],[-106.9898,39.052],[-107.0016,39.0423],[-106.9961,39.0342],[-106.9669,39.0308],[-106.9647,39.0175],[-106.9446,39.0144],[-106.9351,39.0061],[-106.9098,39.0002],[-106.9082,38.9926],[-106.8931,38.9895],[-106.878,38.9943],[-106.8773,39.0065],[-106.8608,39.0093],[-106.8469,38.987],[-106.8272,38.9777],[-106.8169,38.9814],[-106.8019,38.9783],[-106.7966,38.9842],[-106.7862,38.9852],[-106.7825,38.9993],[-106.7686,39.0082],[-106.7619,39.0193],[-106.7451,39.0269],[-106.7494,39.0425],[-106.7103,39.0476],[-106.703,39.0559],[-106.693,39.0551],[-106.6845,39.0451],[-106.6555,39.0444],[-106.6468,39.0333],[-106.6484,39.0222],[-106.6383,39.0192],[-106.6379,39.0147],[-106.6127,38.9957],[-106.5983,38.9987],[-106.5917,39.0249],[-106.5995,39.0338],[-106.5972,39.0448],[-106.5776,39.0532],[-106.5771,39.0794],[-106.5849,39.0848],[-106.5862,39.094],[-106.5803,39.1022],[-106.564,39.106],[-106.565,39.114],[-106.5582,39.1202],[-106.5647,39.1329],[-106.5587,39.1438],[-106.5613,39.1557],[-106.5517,39.1615],[-106.5381,39.158],[-106.5351,39.1631],[-106.5209,39.1574],[-106.5111,39.1635],[-106.51,39.1747],[-106.4996,39.1838],[-106.4936,39.1983],[-106.4897,39.228],[-106.4987,39.2349],[-106.4976,39.242],[-106.4811,39.2599],[-106.483,39.2724],[-106.504,39.2848],[-106.5027,39.2981],[-106.4841,39.3129],[-106.4762,39.3147],[-106.4683,39.3073],[-106.4507,39.3167],[-106.4325,39.3164],[-106.4269,39.3234],[-106.4285,39.3351],[-106.4354,39.344],[-106.4265,39.3619],[-106.5092,39.3623],[-106.523,39.3817],[-106.5238,39.3939],[-106.5431,39.4019],[-106.5498,39.4199],[-106.5611,39.4298],[-106.5922,39.4429],[-106.6184,39.4431],[-106.6179,39.4191],[-106.6579,39.4195],[-106.6545,39.4249],[-106.6632,39.4338],[-106.6719,39.4402],[-106.6854,39.4414],[-106.6874,39.4324],[-106.7054,39.4282],[-106.7117,39.4332],[-106.7161,39.4238],[-106.7389,39.4241],[-106.7464,39.4193],[-106.7666,39.4234],[-106.7745,39.4175],[-106.808,39.4293],[-106.8151,39.441],[-106.8196,39.4395],[-106.8219,39.449],[-106.8306,39.4409],[-106.8211,39.4315],[-106.8224,39.4248],[-106.8432,39.4218],[-106.8584,39.4277],[-106.8596,39.4337],[-106.8763,39.4356],[-106.8805,39.4417],[-106.8957,39.4384],[-106.9092,39.4473],[-106.9161,39.4618],[-106.9309,39.4655],[-106.9551,39.4824],[-106.9757,39.4842],[-106.9812,39.4963],[-106.9942,39.4906],[-107.0226,39.5077],[-107.0339,39.506],[-107.0387,39.5123],[-107.0467,39.5122],[-107.0486,39.5279],[-107.0397,39.5367],[-107.0367,39.5743],[-107.068,39.6019],[-107.0993,39.6127],[-107.1062,39.6103],[-107.1064,39.6231],[-107.1139,39.6242],[-107.0781,39.6451],[-107.0656,39.6395],[-107.0541,39.6446],[-107.0569,39.6479],[-107.0344,39.6415],[-107.0255,39.648],[-107.0671,39.6547],[-107.0719,39.6627],[-107.0677,39.6688],[-107.1134,39.6845],[-107.1137,39.9191],[-107.034,39.9189],[-107.0321,40.0029],[-107.0374,40.0031],[-107.0374,40.0915],[-107.317,40.0908],[-107.3188,39.915],[-107.4317,39.9177],[-107.4318,39.8284],[-107.6942,39.8301],[-107.7872,39.825],[-107.9385,39.825],[-107.9385,39.6945],[-108.5547,39.6936],[-108.5546,39.6502],[-108.8957,39.6503],[-108.8957,39.6605],[-109.0512,39.6605],[-109.0515,39.5494]]]},"properties":{"geoid":"08057","state":"08","district":"57","name":"State House District 57","chamber":"House"}},{"type":"Feature","geometry":{"type":"Polygon","coordinates":[[[-109.0602,38.2782],[-109.0426,38.157],[-109.0416,37.5621],[-109.0458,37.3269],[-109.0175,37.3274],[-108.9984,37.3332],[-108.9489,37.3336],[-108.9218,37.323],[-108.9168,37.3232],[-108.9184,37.3273],[-108.9051,37.3273],[-108.9047,37.3221],[-108.8179,37.3413],[-108.7666,37.328],[-108.7724,37.3334],[-108.7558,37.3337],[-108.7603,37.3402],[-108.7421,37.338],[-108.7421,37.3342],[-108.7287,37.336],[-108.7219,37.3311],[-108.7187,37.3319],[-108.7217,37.3379],[-108.684,37.3405],[-108.684,37.3279],[-108.6942,37.3278],[-108.6922,37.3236],[-108.6572,37.3114],[-108.61,37.3118],[-108.6088,37.3225],[-108.6132,37.3246],[-108.6063,37.3412],[-108.6001,37.3414],[-108.601,37.3458],[-108.5911,37.3523],[-108.5967,37.3634],[-108.5911,37.3634],[-108.591,37.3706],[-108.5557,37.3711],[-108.5544,37.4132],[-108.5427,37.4281],[-108.5391,37.4423],[-108.545,37.4454],[-108.5545,37.4355],[-108.5756,37.4282],[-108.5665,37.4431],[-108.5682,37.4564],[-108.5746,37.4606],[-108.5748,37.4871],[-108.5928,37.4906],[-108.5848,37.4958],[-108.5894,37.508],[-108.5864,37.5128],[-108.5636,37.5147],[-108.5619,37.5218],[-108.5605,37.5176],[-108.5481,37.5195],[-108.5405,37.5304],[-108.5467,37.5358],[-108.5435,37.5455],[-108.5558,37.5662],[-108.5732,37.5786],[-108.5597,37.5754],[-108.5509,37.5819],[-108.5509,37.5894],[-108.5599,37.5894],[-108.5626,37.5953],[-108.5603,37.6117],[-108.54,37.6166],[-108.5464,37.6326],[-108.2506,37.6328],[-107.9622,37.6414],[-107.9574,37.6502],[-107.9751,37.6836],[-107.9689,37.6965],[-107.9543,37.7065],[-107.9372,37.7026],[-107.903,37.7188],[-107.8772,37.7163],[-107.873,37.7224],[-107.8756,37.7389],[-107.8619,37.756],[-107.8705,37.7628],[-107.8686,37.7669],[-107.8608,37.7755],[-107.8409,37.7741],[-107.8222,37.7955],[-107.8285,37.7996],[-107.8247,37.8049],[-107.8285,37.8119],[-107.8087,37.8241],[-107.7964,37.8227],[-107.7902,37.8374],[-107.7829,37.8409],[-107.7851,37.8466],[-107.7791,37.8498],[-107.7826,37.8677],[-107.7609,37.8776],[-107.7562,37.89],[-107.7383,37.9054],[-107.7209,37.8974],[-107.7093,37.8994],[-107.7072,37.8936],[-107.7006,37.892],[-107.6886,37.9018],[-107.6663,37.903],[-107.6613,37.9094],[-107.6506,37.9096],[-107.6375,37.9236],[-107.6425,37.9332],[-107.6416,37.965],[-107.5689,37.965],[-107.5627,37.9555],[-107.5326,37.9439],[-107.5381,37.9328],[-107.5367,37.9211],[-107.5202,37.9013],[-107.5335,37.8891],[-107.536,37.8739],[-107.526,37.869],[-107.5179,37.857],[-107.5224,37.8421],[-107.5162,37.8345],[-107.5168,37.8267],[-107.4855,37.8224],[-107.4688,37.8097],[-107.4592,37.7943],[-107.4581,37.782],[-107.4669,37.7663],[-107.4822,37.7684],[-107.4821,37.4227],[-107.1287,37.4229],[-107.1239,37.675],[-107.1451,37.6755],[-107.1374,37.8288],[-107.1382,37.9388],[-107.1107,37.9433],[-107.1029,37.9552],[-107.0921,37.9492],[-107.0737,37.9545],[-107.0678,37.9613],[-107.0426,37.9487],[-107.0255,37.9545],[-107.009,37.9465],[-107.0063,37.9562],[-107.0006,37.956],[-107.0006,38.4256],[-106.2469,38.4228],[-106.2495,38.4332],[-106.2454,38.4392],[-106.2741,38.4469],[-106.2727,38.4552],[-106.2806,38.4543],[-106.2885,38.4614],[-106.2903,38.4733],[-106.304,38.4778],[-106.3115,38.4949],[-106.3272,38.4976],[-106.3304,38.4937],[-106.3442,38.5046],[-106.3481,38.5125],[-106.3426,38.5215],[-106.3542,38.5334],[-106.3554,38.5426],[-106.3446,38.5686],[-106.361,38.5945],[-106.3642,38.6145],[-106.3854,38.625],[-106.3799,38.6385],[-106.4012,38.6397],[-106.4017,38.6458],[-106.4177,38.6445],[-106.4295,38.6512],[-106.4379,38.6825],[-106.4521,38.6988],[-106.4435,38.7092],[-106.4253,38.7103],[-106.4235,38.7208],[-106.4167,38.7278],[-106.42,38.751],[-106.4151,38.7572],[-106.4193,38.7662],[-106.4129,38.7912],[-106.4227,38.8084],[-106.415,38.8153],[-106.4162,38.8241],[-106.4071,38.8293],[-106.3957,38.8225],[-106.3836,38.8247],[-106.3817,38.8329],[-106.3645,38.8462],[-106.365,38.853],[-106.3493,38.8549],[-106.3489,38.8651],[-106.3358,38.872],[-106.3341,38.8813],[-106.3275,38.8823],[-106.3213,38.8926],[-106.3261,38.911],[-106.3452,38.9071],[-106.3571,38.9129],[-106.3734,38.9066],[-106.3808,38.9257],[-106.3923,38.9188],[-106.394,38.9122],[-106.4021,38.9106],[-106.4132,38.9163],[-106.4212,38.9281],[-106.4303,38.9249],[-106.4372,38.9149],[-106.465,38.9104],[-106.5044,38.9368],[-106.5072,38.9461],[-106.5267,38.9554],[-106.5285,38.9599],[-106.5219,38.9687],[-106.5284,38.9807],[-106.5507,38.9917],[-106.5542,38.9987],[-106.5772,38.9904],[-106.595,38.9911],[-106.5992,38.998],[-106.6127,38.9957],[-106.6379,39.0147],[-106.6383,39.0192],[-106.6484,39.0222],[-106.6468,39.0333],[-106.6555,39.0444],[-106.6845,39.0451],[-106.695,39.0557],[-106.7057,39.0548],[-106.7103,39.0476],[-106.7494,39.0425],[-106.7451,39.0269],[-106.7619,39.0193],[-106.7686,39.0082],[-106.7825,38.9993],[-106.784,38.9869],[-106.8019,38.9783],[-106.8169,38.9814],[-106.8272,38.9777],[-106.8455,38.9862],[-106.8617,39.0094],[-106.8781,39.0059],[-106.878,38.9943],[-106.8844,38.9904],[-106.9082,38.9926],[-106.9104,39.0005],[-106.9179,38.9992],[-106.9446,39.0144],[-106.9647,39.0175],[-106.9643,39.0296],[-106.9961,39.0342],[-107.0016,39.0423],[-106.9898,39.052],[-106.989,39.0707],[-106.997,39.0693],[-107.0125,39.0844],[-107.0363,39.0949],[-107.0663,39.1188],[-107.2825,39.1187],[-107.2963,39.1543],[-107.3187,39.1653],[-107.3534,39.173],[-107.3596,39.1848],[-107.3768,39.199],[-107.3793,39.2311],[-107.3714,39.2389],[-107.3761,39.2458],[-107.3945,39.2563],[-107.4003,39.2529],[-107.4269,39.2577],[-107.4305,39.2567],[-107.4303,39.2405],[-107.4639,39.2284],[-107.4842,39.2354],[-107.4945,39.2184],[-107.5107,39.2162],[-107.5288,39.2029],[-107.5233,39.1978],[-107.5426,39.1955],[-107.5428,39.1822],[-107.5581,39.1783],[-107.5684,39.1813],[-107.5933,39.1649],[-107.6191,39.1549],[-107.6324,39.1409],[-107.6383,39.1419],[-107.6513,39.1309],[-107.6627,39.1162],[-107.6603,39.1118],[-107.6808,39.1003],[-107.6876,39.088],[-107.7091,39.0831],[-107.7216,39.0653],[-107.738,39.0662],[-107.7655,39.0433],[-107.7937,39.0614],[-107.8218,39.0705],[-107.817,39.0672],[-107.818,38.9033],[-107.8274,38.8958],[-107.8276,38.8802],[-107.8509,38.8802],[-107.8574,38.8728],[-107.8779,38.8722],[-107.8886,38.8516],[-107.9005,38.8495],[-107.9243,38.8283],[-107.9415,38.7989],[-107.935,38.7918],[-107.9271,38.7923],[-107.922,38.8001],[-107.8833,38.8028],[-107.8372,38.7972],[-107.8352,38.772],[-107.8285,38.7618],[-107.8381,38.747],[-107.8393,38.7308],[-107.8481,38.7229],[-107.8357,38.6988],[-107.8461,38.6838],[-107.8486,38.6681],[-108.3787,38.6681],[-108.3791,38.5],[-109.0601,38.5],[-109.0602,38.2782]]]},"properties":{"geoid":"08058","state":"08","district":"58","name":"State House District 58","chamber":"House"}},{"type":"Feature","geometry":{"type":"MultiPolygon","coordinates":[[[[-109.0459,37.2006],[-109.0452,36.999],[-106.8772,37.0001],[-106.8698,36.9925],[-106.4761,36.9935],[-106.5892,37.1402],[-106.5974,37.195],[-106.6784,37.2286],[-106.6784,37.4036],[-106.7108,37.4042],[-106.7108,37.3962],[-107.1287,37.3924],[-107.1287,37.4229],[-107.4821,37.4227],[-107.4822,37.7684],[-107.4669,37.7663],[-107.4581,37.782],[-107.4592,37.7943],[-107.4688,37.8097],[-107.4855,37.8224],[-107.5168,37.8267],[-107.5162,37.8345],[-107.5224,37.8421],[-107.5179,37.857],[-107.526,37.869],[-107.536,37.8739],[-107.5335,37.8891],[-107.5202,37.9013],[-107.5367,37.9211],[-107.5381,37.9328],[-107.5326,37.9439],[-107.5627,37.9555],[-107.5689,37.965],[-107.6416,37.965],[-107.6425,37.9332],[-107.6375,37.9236],[-107.6506,37.9096],[-107.6613,37.9094],[-107.6663,37.903],[-107.6886,37.9018],[-107.6957,37.8924],[-107.7383,37.9054],[-107.749,37.898],[-107.7609,37.8776],[-107.7826,37.8677],[-107.7791,37.8498],[-107.7851,37.8466],[-107.7829,37.8409],[-107.7902,37.8374],[-107.7964,37.8227],[-107.8087,37.8241],[-107.8285,37.8119],[-107.8247,37.8049],[-107.8285,37.7996],[-107.8222,37.7957],[-107.8247,37.7902],[-107.8409,37.7741],[-107.8608,37.7755],[-107.8686,37.7669],[-107.8705,37.7628],[-107.8619,37.756],[-107.8756,37.7389],[-107.873,37.7224],[-107.8772,37.7163],[-107.903,37.7188],[-107.9372,37.7026],[-107.9543,37.7065],[-107.9689,37.6965],[-107.9751,37.6836],[-107.9574,37.6502],[-107.9622,37.6414],[-108.2506,37.6328],[-108.5464,37.6326],[-108.54,37.6166],[-108.5603,37.6117],[-108.5626,37.5953],[-108.5599,37.5894],[-108.5509,37.5894],[-108.5509,37.5819],[-108.5597,37.5754],[-108.5732,37.5786],[-108.5558,37.5662],[-108.5435,37.5455],[-108.5467,37.5358],[-108.5405,37.5304],[-108.5481,37.5195],[-108.5605,37.5176],[-108.5619,37.5218],[-108.5636,37.5147],[-108.5864,37.5128],[-108.5894,37.508],[-108.5848,37.4958],[-108.5928,37.4906],[-108.5748,37.4871],[-108.5746,37.4606],[-108.5682,37.4564],[-108.5665,37.4431],[-108.5756,37.4282],[-108.5545,37.4355],[-108.545,37.4454],[-108.5391,37.4423],[-108.5427,37.4281],[-108.5544,37.4132],[-108.5557,37.3711],[-108.591,37.3706],[-108.5911,37.3634],[-108.5967,37.3634],[-108.5911,37.3523],[-108.601,37.3458],[-108.6001,37.3414],[-108.6063,37.3412],[-108.6132,37.3246],[-108.6088,37.3225],[-108.61,37.3118],[-108.6572,37.3114],[-108.6922,37.3236],[-108.6942,37.3278],[-108.684,37.3279],[-108.684,37.3405],[-108.7217,37.3379],[-108.7187,37.3319],[-108.7219,37.3311],[-108.7287,37.336],[-108.7558,37.338],[-108.7558,37.3337],[-108.7724,37.3334],[-108.7666,37.328],[-108.8179,37.3413],[-108.9047,37.3221],[-108.9051,37.3273],[-108.9184,37.3273],[-108.9168,37.3232],[-108.9218,37.323],[-108.9489,37.3336],[-108.9984,37.3332],[-109.0328,37.3256],[-109.0426,37.3292],[-109.0458,37.3269],[-109.0459,37.2006]]],[[[-108.7603,37.3402],[-108.7558,37.338],[-108.7558,37.3402],[-108.7603,37.3402]]]]},"properties":{"geoid":"08059","state":"08","district":"59","name":"State House District 59","chamber":"House"}},{"type":"Feature","geometry":{"type":"Polygon","coordinates":[[[-106.089,38.6651],[-106.0775,38.6261],[-106.0846,38.5942],[-106.0797,38.5357],[-106.0657,38.5352],[-106.0391,38.5438],[-105.9878,38.542],[-105.9736,38.5184],[-105.9547,38.5061],[-105.9383,38.5033],[-106.0123,38.4454],[-106.011,38.4372],[-106.0016,38.4311],[-105.9968,38.4203],[-105.984,38.42],[-105.9607,38.4031],[-105.9595,38.3971],[-105.9476,38.3905],[-105.9446,38.3786],[-105.9199,38.3672],[-105.8936,38.3466],[-105.8764,38.316],[-105.8583,38.2984],[-105.8466,38.2903],[-105.8408,38.2925],[-105.8194,38.2736],[-105.8,38.2699],[-105.7879,38.2421],[-105.7594,38.2286],[-105.756,38.2181],[-105.7363,38.2092],[-105.733,38.201],[-105.7083,38.1819],[-105.6992,38.168],[-105.673,38.1591],[-105.6702,38.1531],[-105.6763,38.1459],[-105.6702,38.1286],[-105.6577,38.1175],[-105.6614,38.1005],[-105.6362,38.0714],[-105.6272,38.0673],[-105.6282,38.0574],[-105.6178,38.0533],[-105.6132,38.0381],[-105.6032,38.031],[-105.597,38.0132],[-105.6046,38.005],[-105.5819,37.978],[-105.5845,37.9679],[-105.5603,37.9519],[-105.5518,37.9506],[-105.5427,37.9565],[-105.5304,37.9534],[-105.5111,37.9391],[-105.5031,37.9237],[-105.4711,37.8953],[-105.4403,37.8975],[-105.4136,37.8905],[-105.3771,37.9161],[-105.3171,37.9389],[-105.3005,37.9231],[-105.3003,37.9125],[-105.2832,37.9],[-105.2618,37.9256],[-105.2639,37.9321],[-105.2497,37.9515],[-105.2381,37.9569],[-105.2386,37.9628],[-105.2154,37.9705],[-105.214,37.9808],[-105.1971,37.9924],[-105.2,38.0008],[-105.1946,38.0076],[-105.1687,38.0189],[-105.148,38.0062],[-105.1532,38.0008],[-105.1525,37.9921],[-105.1412,37.9869],[-105.1421,37.9798],[-105.1313,37.9735],[-105.1359,37.9664],[-105.1264,37.9608],[-105.126,37.9512],[-105.1085,37.9434],[-105.088,37.9486],[-105.0841,37.9556],[-105.0778,37.953],[-105.0661,37.9442],[-105.0642,37.9179],[-105.0499,37.9155],[-105.0492,38.258],[-104.9404,38.2583],[-104.9409,38.372],[-104.8428,38.3554],[-104.8394,38.3162],[-104.8572,38.3154],[-104.8607,38.3072],[-104.7745,38.2919],[-104.7765,38.3105],[-104.763,38.3127],[-104.7615,38.3179],[-104.7495,38.3173],[-104.7415,38.3266],[-104.7437,38.3355],[-104.7547,38.3385],[-104.7547,38.3454],[-104.7177,38.3454],[-104.7177,38.3599],[-104.7363,38.3599],[-104.7363,38.3672],[-104.7408,38.367],[-104.7366,38.3891],[-104.727,38.3891],[-104.727,38.3963],[-104.7365,38.3963],[-104.7365,38.4036],[-104.7174,38.4035],[-104.7176,38.4072],[-104.6994,38.4071],[-104.6994,38.4107],[-104.6857,38.4107],[-104.6845,38.407],[-104.6638,38.4111],[-104.6399,38.4108],[-104.6401,38.4035],[-104.6263,38.4035],[-104.6263,38.4907],[-104.6446,38.4906],[-104.6447,38.5198],[-104.9416,38.5196],[-104.9399,38.7965],[-105.0722,38.7994],[-105.0664,38.8692],[-105.0286,38.8687],[-105.0273,38.9308],[-105.0411,38.9306],[-105.0412,38.9343],[-105.0412,38.9378],[-105.0273,38.9381],[-105.0271,39.029],[-105.0335,39.1298],[-105.3304,39.1295],[-105.329,38.6972],[-106.0228,38.6942],[-106.0226,38.6653],[-106.089,38.6651]]]},"properties":{"geoid":"08060","state":"08","district":"60","name":"State House District 60","chamber":"House"}},{"type":"Feature","geometry":{"type":"Polygon","coordinates":[[[-104.8112,39.6189],[-104.8021,39.5949],[-104.7496,39.5949],[-104.7498,39.5877],[-104.7451,39.5877],[-104.7449,39.5939],[-104.744,39.5877],[-104.7318,39.585],[-104.732,39.5804],[-104.7552,39.5801],[-104.7565,39.5732],[-104.7828,39.5732],[-104.7874,39.5696],[-104.7744,39.5658],[-104.7744,39.5611],[-104.7682,39.5588],[-104.7464,39.5587],[-104.7417,39.5513],[-104.6796,39.5507],[-104.6793,39.5659],[-104.6421,39.5659],[-104.642,39.5743],[-104.6795,39.5804],[-104.6796,39.5964],[-104.6863,39.6057],[-104.7049,39.6095],[-104.7138,39.6167],[-104.6978,39.6165],[-104.6978,39.6229],[-104.6792,39.6203],[-104.679,39.6382],[-104.6865,39.6344],[-104.6865,39.6383],[-104.7189,39.6386],[-104.7188,39.6239],[-104.7312,39.6237],[-104.7352,39.6273],[-104.754,39.624],[-104.7539,39.6384],[-104.7605,39.6384],[-104.7634,39.624],[-104.7982,39.6284],[-104.7983,39.624],[-104.8102,39.624],[-104.8112,39.6189]]]},"properties":{"geoid":"08061","state":"08","district":"61","name":"State House District 61","chamber":"House"}},{"type":"Feature","geometry":{"type":"Polygon","coordinates":[[[-107.1447,37.6825],[-107.1451,37.6755],[-107.1239,37.675],[-107.1287,37.3924],[-106.7108,37.3962],[-106.7108,37.4042],[-106.6784,37.4036],[-106.6784,37.2286],[-106.5974,37.195],[-106.5892,37.1402],[-106.4761,36.9935],[-105.155,36.9953],[-105.1542,37.2931],[-105.1655,37.2912],[-105.1669,37.3227],[-105.1631,37.3289],[-105.1679,37.337],[-105.1641,37.343],[-105.169,37.375],[-105.1668,37.3884],[-105.1573,37.3984],[-105.1386,37.4007],[-105.1297,37.4093],[-105.1394,37.4156],[-105.141,37.4286],[-105.1451,37.429],[-105.1557,37.4565],[-105.1755,37.4565],[-105.1767,37.4756],[-105.1822,37.4792],[-105.1748,37.4853],[-105.1777,37.4914],[-105.1713,37.5132],[-105.1777,37.5341],[-105.1837,37.5396],[-105.1827,37.5468],[-105.1784,37.5463],[-105.196,37.5699],[-105.2184,37.5835],[-105.2038,37.5944],[-105.1932,37.5922],[-105.1956,37.6089],[-105.1844,37.616],[-105.1917,37.6193],[-105.1911,37.6253],[-105.1855,37.6229],[-105.1859,37.629],[-105.1589,37.6544],[-105.1786,37.6503],[-105.1708,37.658],[-105.1535,37.6635],[-105.1476,37.6606],[-105.1111,37.6749],[-105.1061,37.6722],[-105.0313,37.6937],[-105.0136,37.6934],[-105.0141,37.7257],[-105.0031,37.7336],[-104.9763,37.7382],[-104.9413,37.7854],[-104.922,37.8223],[-104.7512,37.821],[-104.7348,37.8467],[-104.7223,37.8541],[-104.7097,37.872],[-104.6675,37.8951],[-104.665,37.9129],[-104.6515,37.9206],[-104.6245,37.9231],[-104.6158,37.9475],[-104.6184,37.9694],[-104.6101,37.9949],[-104.6121,38.0178],[-104.6289,38.046],[-104.6292,38.0834],[-104.6362,38.1117],[-104.6156,38.1602],[-104.6071,38.1693],[-104.5899,38.1758],[-104.5895,38.184],[-104.5709,38.1983],[-104.5723,38.2238],[-104.5896,38.2316],[-104.5855,38.2375],[-104.5796,38.2352],[-104.5815,38.2457],[-104.5885,38.248],[-104.5797,38.2474],[-104.5655,38.2592],[-104.5659,38.2652],[-104.5525,38.2717],[-104.5757,38.2882],[-104.602,38.2877],[-104.5984,38.2649],[-104.6165,38.2606],[-104.609,38.2537],[-104.6249,38.2509],[-104.6254,38.2442],[-104.6473,38.244],[-104.6526,38.2329],[-104.6624,38.2329],[-104.6623,38.2258],[-104.6683,38.2247],[-104.6621,38.2151],[-104.6622,38.1885],[-104.6338,38.1909],[-104.6356,38.1727],[-104.6695,38.1299],[-104.6747,38.1131],[-104.7278,38.0474],[-104.7372,38.0225],[-104.7281,38.0219],[-104.7404,38.0156],[-104.7449,38.0033],[-104.7625,37.9864],[-104.7586,37.962],[-104.7888,37.9425],[-104.792,37.9233],[-104.8076,37.9237],[-104.8276,37.9131],[-104.8288,37.8911],[-105.0137,37.8813],[-105.0348,37.8946],[-105.033,37.9053],[-105.0387,37.9044],[-105.0543,37.9175],[-105.0642,37.9179],[-105.0661,37.9442],[-105.0778,37.953],[-105.0841,37.9556],[-105.088,37.9486],[-105.1085,37.9434],[-105.126,37.9512],[-105.1264,37.9608],[-105.1359,37.9664],[-105.1313,37.9735],[-105.1421,37.9798],[-105.1412,37.9869],[-105.1525,37.9921],[-105.1532,38.0008],[-105.148,38.0062],[-105.1687,38.0189],[-105.1946,38.0076],[-105.2,38.0008],[-105.1971,37.9924],[-105.214,37.9808],[-105.2154,37.9705],[-105.2386,37.9628],[-105.2381,37.9569],[-105.2497,37.9515],[-105.2639,37.9321],[-105.2618,37.9256],[-105.2805,37.9012],[-105.2867,37.9002],[-105.3003,37.9125],[-105.3066,37.9323],[-105.3145,37.9384],[-105.3245,37.9384],[-105.3472,37.9248],[-105.3771,37.9161],[-105.4034,37.8958],[-105.4187,37.8897],[-105.4403,37.8975],[-105.473,37.8957],[-105.5031,37.9237],[-105.5111,37.9391],[-105.5304,37.9534],[-105.5427,37.9565],[-105.5518,37.9506],[-105.5603,37.9519],[-105.5826,37.9659],[-105.5819,37.978],[-105.6046,38.005],[-105.597,38.0132],[-105.6032,38.031],[-105.6132,38.0381],[-105.6178,38.0533],[-105.6282,38.0574],[-105.6272,38.0673],[-105.6362,38.0714],[-105.6614,38.1005],[-105.6577,38.1175],[-105.6702,38.1286],[-105.6763,38.1459],[-105.6702,38.1531],[-105.673,38.1591],[-105.6992,38.168],[-105.7083,38.1819],[-105.733,38.201],[-105.7363,38.2092],[-105.756,38.2181],[-105.7594,38.2286],[-105.7879,38.2421],[-105.8,38.2699],[-105.8194,38.2736],[-105.8408,38.2925],[-105.8466,38.2903],[-105.8583,38.2984],[-105.8764,38.316],[-105.8936,38.3466],[-105.9199,38.3672],[-105.9446,38.3786],[-105.9476,38.3905],[-105.9595,38.3971],[-105.9679,38.4088],[-105.984,38.42],[-105.9968,38.4203],[-106.019,38.4544],[-106.0586,38.4569],[-106.0622,38.4503],[-106.0581,38.4442],[-106.0694,38.4302],[-106.0759,38.4238],[-106.0881,38.4223],[-107.0006,38.4256],[-107.0006,37.956],[-107.0063,37.9562],[-107.009,37.9465],[-107.0255,37.9545],[-107.0426,37.9487],[-107.0678,37.9613],[-107.0737,37.9545],[-107.0921,37.9492],[-107.1029,37.9552],[-107.1107,37.9433],[-107.1382,37.9388],[-107.1374,37.8288],[-107.1447,37.6825]]]},"properties":{"geoid":"08062","state":"08","district":"62","name":"State House District 62","chamber":"House"}},{"type":"Feature","geometry":{"type":"Polygon","coordinates":[[[-104.9441,40.5977],[-104.8318,40.5961],[-104.8322,40.538],[-104.7062,40.539],[-104.7087,40.5476],[-104.6871,40.5494],[-104.6905,40.54],[-104.6966,40.5419],[-104.6968,40.5181],[-104.6911,40.5159],[-104.6969,40.516],[-104.6969,40.5097],[-104.7051,40.5099],[-104.6924,40.4453],[-104.6809,40.4275],[-104.6627,40.4284],[-104.6494,40.4234],[-104.6562,40.4354],[-104.6336,40.4309],[-104.6351,40.4594],[-104.6297,40.4596],[-104.6292,40.4497],[-104.5836,40.4498],[-104.5834,40.4281],[-104.5905,40.4258],[-104.5672,40.4173],[-104.5633,40.4123],[-104.5644,40.3932],[-104.5456,40.3936],[-104.5296,40.3846],[-104.5642,40.3817],[-104.5651,40.3052],[-104.6021,40.3049],[-104.6029,40.1598],[-104.5844,40.16],[-104.5844,40.1889],[-104.5658,40.189],[-104.5658,40.1674],[-104.5564,40.1675],[-104.5565,40.1598],[-104.5472,40.1599],[-104.5505,40.1457],[-104.5374,40.1456],[-104.5374,40.142],[-104.594,40.1457],[-104.594,40.1384],[-104.5848,40.1385],[-104.5847,40.1312],[-104.4893,40.1309],[-104.4707,40.1456],[-104.4586,40.1456],[-104.4707,40.1279],[-104.4542,40.1508],[-104.4428,40.1316],[-104.4421,40.1167],[-104.4143,40.1167],[-104.4146,40.0007],[-103.7057,40.0014],[-103.7071,39.5663],[-103.1544,39.5657],[-102.0498,39.5741],[-102.0517,41.0024],[-104.9434,40.9982],[-104.9441,40.5977]]]},"properties":{"geoid":"08063","state":"08","district":"63","name":"State House District 63","chamber":"House"}},{"type":"Feature","geometry":{"type":"Polygon","coordinates":[[[-105.1504,40.3349],[-105.1503,40.3196],[-105.1123,40.3195],[-105.1123,40.305],[-105.1076,40.3051],[-105.1075,40.2941],[-105.103,40.2941],[-105.1025,40.2614],[-105.0551,40.2618],[-105.0552,40.2037],[-105.0174,40.2039],[-105.0183,40.1748],[-104.9926,40.1718],[-104.9792,40.175],[-104.9789,40.1819],[-104.97,40.1833],[-104.9701,40.1898],[-104.9606,40.1898],[-104.9606,40.2042],[-104.9047,40.2044],[-104.9049,40.2623],[-104.886,40.2621],[-104.8861,40.2765],[-104.8675,40.2795],[-104.8722,40.269],[-104.8627,40.2653],[-104.862,40.2471],[-104.849,40.2468],[-104.8521,40.274],[-104.8487,40.285],[-104.8159,40.3101],[-104.8179,40.3158],[-104.7999,40.3304],[-104.7847,40.3334],[-104.7845,40.3705],[-104.8035,40.3705],[-104.8034,40.3777],[-104.7844,40.3771],[-104.7844,40.385],[-104.7562,40.385],[-104.7562,40.3923],[-104.7159,40.3921],[-104.7159,40.4066],[-104.7351,40.4065],[-104.7348,40.4546],[-104.7444,40.4558],[-104.7445,40.4667],[-104.7493,40.4667],[-104.7493,40.472],[-104.7637,40.4738],[-104.7636,40.481],[-104.7684,40.481],[-104.7685,40.4739],[-104.7781,40.4739],[-104.7781,40.4665],[-104.7734,40.4666],[-104.7734,40.4522],[-104.8116,40.4516],[-104.8135,40.4584],[-104.8419,40.4615],[-104.8414,40.4434],[-104.8584,40.44],[-104.8604,40.4213],[-104.8701,40.4211],[-104.8701,40.4141],[-104.8746,40.4141],[-104.8745,40.4213],[-104.8838,40.4177],[-104.8837,40.4213],[-104.907,40.4215],[-104.9061,40.349],[-105.1502,40.3495],[-105.1504,40.3349]]]},"properties":{"geoid":"08064","state":"08","district":"64","name":"State House District 64","chamber":"House"}},{"type":"Feature","geometry":{"type":"Polygon","coordinates":[[[-105.1909,40.6697],[-105.1736,40.6484],[-105.1675,40.6368],[-105.169,40.6294],[-105.1618,40.6259],[-105.1714,40.6259],[-105.174,40.6099],[-105.1623,40.5893],[-105.1575,40.595],[-105.1341,40.5896],[-105.1337,40.5967],[-105.1148,40.5965],[-105.1145,40.6067],[-105.0928,40.5964],[-105.0908,40.6007],[-105.0955,40.6033],[-105.0885,40.6036],[-105.0907,40.6107],[-105.0812,40.6095],[-105.0719,40.6178],[-105.0583,40.6123],[-105.0548,40.6206],[-105.0638,40.6295],[-105.0548,40.6288],[-105.0598,40.6324],[-105.0571,40.6394],[-105.0383,40.6393],[-105.0294,40.6247],[-104.9975,40.6245],[-105.0008,40.6239],[-104.9996,40.6112],[-104.9886,40.61],[-104.9893,40.5974],[-104.9962,40.5955],[-104.9914,40.5949],[-104.9954,40.592],[-104.9901,40.5884],[-104.9961,40.5885],[-104.9962,40.5814],[-104.9868,40.5802],[-104.9916,40.5702],[-104.9821,40.5702],[-104.9821,40.5665],[-105.001,40.5625],[-104.9884,40.5085],[-104.9921,40.4647],[-104.9822,40.4648],[-104.9825,40.4359],[-104.9768,40.436],[-104.9768,40.44],[-104.9634,40.4361],[-104.9621,40.4175],[-104.9644,40.4065],[-104.9924,40.4049],[-104.9939,40.3854],[-105.0025,40.3853],[-105.0025,40.3798],[-104.9908,40.3721],[-105.0025,40.374],[-105.0024,40.3492],[-104.9061,40.349],[-104.907,40.4215],[-104.8837,40.4213],[-104.8838,40.4177],[-104.8745,40.4213],[-104.8746,40.4141],[-104.8701,40.4141],[-104.8701,40.4211],[-104.8604,40.4213],[-104.8584,40.44],[-104.8414,40.4434],[-104.8419,40.4615],[-104.8135,40.4584],[-104.8116,40.4516],[-104.7734,40.4522],[-104.7734,40.4666],[-104.7781,40.4665],[-104.7781,40.4739],[-104.7685,40.4739],[-104.7684,40.481],[-104.7636,40.481],[-104.7637,40.4738],[-104.754,40.4739],[-104.7445,40.4667],[-104.7443,40.4557],[-104.7105,40.452],[-104.7015,40.4592],[-104.7014,40.4521],[-104.6967,40.452],[-104.6968,40.4587],[-104.694,40.4519],[-104.7051,40.5099],[-104.6969,40.5097],[-104.6969,40.516],[-104.6911,40.5159],[-104.6968,40.5181],[-104.6966,40.5419],[-104.6905,40.54],[-104.6871,40.5494],[-104.7087,40.5476],[-104.7062,40.539],[-104.8322,40.538],[-104.8318,40.5961],[-104.9441,40.5954],[-104.9434,40.7402],[-105.1708,40.7408],[-105.176,40.6876],[-105.1794,40.6773],[-105.1909,40.6697]]]},"properties":{"geoid":"08065","state":"08","district":"65","name":"State House District 65","chamber":"House"}}]}