{"type":"FeatureCollection","features":[{"type":"Feature","geometry":{"type":"Polygon","coordinates":[[[-87.6349,30.8663],[-87.6152,30.8342],[-87.6043,30.8314],[-87.6001,30.8205],[-87.5796,30.8109],[-87.5454,30.7794],[-87.546,30.7721],[-87.536,30.7612],[-87.53,30.741],[-87.5106,30.7329],[-87.5019,30.7213],[-87.4813,30.717],[-87.4793,30.7096],[-87.4681,30.7002],[-87.458,30.6964],[-87.4496,30.699],[-87.419,30.6785],[-87.4065,30.6751],[-87.4031,30.6575],[-87.3968,30.6548],[-87.3943,30.6456],[-87.3949,30.6143],[-87.3988,30.6054],[-87.4076,30.6009],[-87.408,30.5837],[-87.4185,30.5701],[-87.4179,30.5623],[-87.4349,30.5494],[-87.4416,30.5375],[-87.439,30.5303],[-87.448,30.5266],[-87.4438,30.5239],[-87.4473,30.522],[-87.4445,30.5142],[-87.4504,30.5145],[-87.431,30.4983],[-87.4284,30.4885],[-87.4339,30.4877],[-87.4356,30.4805],[-87.4147,30.4573],[-87.3996,30.4509],[-87.3751,30.4486],[-87.3669,30.4405],[-87.3396,30.4465],[-87.325,30.4424],[-87.324,30.4339],[-87.285,30.4317],[-87.2399,30.4452],[-87.24,30.4537],[-87.2277,30.461],[-87.2306,30.4655],[-87.2232,30.4814],[-87.2298,30.4914],[-87.2233,30.4891],[-87.2202,30.4959],[-87.2061,30.4955],[-87.197,30.5052],[-87.1901,30.5026],[-87.19,30.5098],[-87.1861,30.5106],[-87.1784,30.5024],[-87.1693,30.5027],[-87.1432,30.5198],[-87.1593,30.5393],[-87.2097,30.5553],[-87.2348,30.5958],[-87.2454,30.5973],[-87.2453,30.6057],[-87.2592,30.6115],[-87.2609,30.621],[-87.2519,30.6242],[-87.2595,30.6299],[-87.2568,30.6353],[-87.2648,30.6496],[-87.269,30.679],[-87.2655,30.6884],[-87.2734,30.6935],[-87.2728,30.7003],[-87.2678,30.7011],[-87.2694,30.7117],[-87.2814,30.7196],[-87.3027,30.7194],[-87.3128,30.7371],[-87.3074,30.7588],[-87.3037,30.7582],[-87.3049,30.7635],[-87.2994,30.7667],[-87.3042,30.7655],[-87.3106,30.7717],[-87.3052,30.7772],[-87.3092,30.7765],[-87.3126,30.786],[-87.3019,30.7898],[-87.3055,30.7986],[-87.2928,30.8113],[-87.3018,30.8284],[-87.3014,30.8415],[-87.3071,30.8419],[-87.3063,30.848],[-87.3139,30.8487],[-87.3091,30.8638],[-87.3015,30.8634],[-87.2976,30.8712],[-87.2984,30.8812],[-87.2833,30.8913],[-87.2905,30.9082],[-87.2822,30.9104],[-87.289,30.9166],[-87.2832,30.9188],[-87.2869,30.9254],[-87.2758,30.9264],[-87.2756,30.931],[-87.2672,30.935],[-87.2649,30.9307],[-87.2608,30.9355],[-87.256,30.9312],[-87.2518,30.9439],[-87.2474,30.9419],[-87.2415,30.9486],[-87.2383,30.9582],[-87.2413,30.9619],[-87.2314,30.9683],[-87.2276,30.9611],[-87.2132,30.962],[-87.213,30.9669],[-87.1971,30.9765],[-87.1904,30.9758],[-87.175,30.9886],[-87.176,30.9966],[-87.1691,30.9932],[-87.1637,30.999],[-87.5988,30.9975],[-87.5889,30.9658],[-87.5909,30.9535],[-87.6157,30.9016],[-87.6218,30.8977],[-87.6203,30.8874],[-87.6291,30.8804],[-87.6349,30.8663]]]},"properties":{"geoid":"12001","state":"12","district":"1","name":"State House District 1","chamber":"House"}},{"type":"Feature","geometry":{"type":"Polygon","coordinates":[[[-87.5185,30.2502],[-87.5184,30.1255],[-87.3028,30.1683],[-87.251,30.1658],[-87.1336,30.1785],[-86.8034,30.2349],[-86.7994,30.4098],[-86.8398,30.4096],[-86.8623,30.4016],[-86.9485,30.4024],[-86.9722,30.4039],[-86.9782,30.4192],[-87.0276,30.3997],[-87.0766,30.3991],[-87.1008,30.4441],[-87.1414,30.4371],[-87.1215,30.4974],[-87.1432,30.5198],[-87.1704,30.5024],[-87.19,30.5098],[-87.1901,30.5026],[-87.197,30.5052],[-87.2061,30.4955],[-87.2202,30.4959],[-87.2233,30.4891],[-87.2298,30.4914],[-87.2232,30.4814],[-87.2306,30.4655],[-87.2277,30.461],[-87.24,30.4537],[-87.2399,30.4452],[-87.2852,30.4317],[-87.3078,30.4312],[-87.324,30.4339],[-87.325,30.4424],[-87.3406,30.4463],[-87.3669,30.4405],[-87.3712,30.4305],[-87.4048,30.4096],[-87.4275,30.4084],[-87.4407,30.3915],[-87.4387,30.3808],[-87.4514,30.3672],[-87.4523,30.3441],[-87.4649,30.3333],[-87.5,30.329],[-87.5059,30.3194],[-87.5047,30.3089],[-87.4949,30.305],[-87.4501,30.3111],[-87.4524,30.3002],[-87.5184,30.2839],[-87.5185,30.2502]]]},"properties":{"geoid":"12002","state":"12","district":"2","name":"State House District 2","chamber":"House"}},{"type":"Feature","geometry":{"type":"Polygon","coordinates":[[[-87.3139,30.8487],[-87.3063,30.848],[-87.3071,30.8419],[-87.3014,30.8415],[-87.3018,30.8284],[-87.2928,30.8113],[-87.3055,30.7986],[-87.3019,30.7898],[-87.3126,30.786],[-87.3092,30.7765],[-87.3052,30.7772],[-87.3106,30.7717],[-87.3042,30.7655],[-87.2994,30.7667],[-87.3103,30.7517],[-87.308,30.7456],[-87.3124,30.7348],[-87.3027,30.7194],[-87.2814,30.7196],[-87.2694,30.7117],[-87.2678,30.7011],[-87.2728,30.7003],[-87.2734,30.6935],[-87.2655,30.6884],[-87.269,30.679],[-87.2648,30.6496],[-87.2568,30.6353],[-87.2595,30.6299],[-87.2519,30.6242],[-87.2609,30.621],[-87.2592,30.6115],[-87.2453,30.6057],[-87.2454,30.5973],[-87.2348,30.5958],[-87.2097,30.5553],[-87.1573,30.538],[-87.1215,30.4974],[-87.1414,30.4371],[-87.1008,30.4441],[-87.0801,30.4023],[-87.0642,30.3981],[-87.0276,30.3997],[-86.9782,30.4192],[-86.9722,30.4039],[-86.9485,30.4024],[-86.8623,30.4016],[-86.8398,30.4096],[-86.7994,30.4098],[-86.7924,30.6849],[-86.7001,30.7125],[-86.6485,30.716],[-86.6456,30.7303],[-86.632,30.7332],[-86.6249,30.7485],[-86.6277,30.7564],[-86.621,30.7664],[-86.6295,30.7872],[-86.604,30.8101],[-86.6048,30.8181],[-86.5929,30.8222],[-86.5777,30.8069],[-86.5672,30.8022],[-86.5547,30.8043],[-86.5573,30.7948],[-86.5507,30.7928],[-86.5531,30.7729],[-86.5427,30.7728],[-86.5429,30.7587],[-86.5344,30.7569],[-86.5347,30.7518],[-86.5183,30.7419],[-86.522,30.7385],[-86.5209,30.7269],[-86.4418,30.7171],[-86.3916,30.7287],[-86.3886,30.9942],[-87.1637,30.999],[-87.1691,30.9932],[-87.176,30.9966],[-87.175,30.9886],[-87.1904,30.9758],[-87.1971,30.9765],[-87.213,30.9669],[-87.2132,30.962],[-87.2276,30.9611],[-87.2314,30.9683],[-87.2413,30.9619],[-87.2383,30.9582],[-87.2415,30.9486],[-87.2474,30.9419],[-87.2518,30.9439],[-87.256,30.9312],[-87.2608,30.9355],[-87.2649,30.9307],[-87.2672,30.935],[-87.2756,30.931],[-87.2758,30.9264],[-87.2869,30.9254],[-87.2832,30.9188],[-87.289,30.9166],[-87.2822,30.9104],[-87.2905,30.9082],[-87.2833,30.8913],[-87.2984,30.8812],[-87.2976,30.8712],[-87.3015,30.8634],[-87.3091,30.8638],[-87.3139,30.8487]]]},"properties":{"geoid":"12003","state":"12","district":"3","name":"State House District 3","chamber":"House"}},{"type":"Feature","geometry":{"type":"Polygon","coordinates":[[[-86.8025,30.2693],[-86.8034,30.2349],[-86.6384,30.2463],[-86.528,30.2319],[-86.4592,30.233],[-86.3996,30.227],[-86.3916,30.7287],[-86.4418,30.7171],[-86.5209,30.7269],[-86.522,30.7385],[-86.5183,30.7419],[-86.5347,30.7518],[-86.5344,30.7569],[-86.5429,30.7587],[-86.5427,30.7728],[-86.5531,30.7729],[-86.5507,30.7928],[-86.5573,30.7948],[-86.5547,30.8043],[-86.5672,30.8022],[-86.5777,30.8069],[-86.5929,30.8222],[-86.6048,30.8181],[-86.604,30.8101],[-86.6295,30.7872],[-86.621,30.7664],[-86.6277,30.7564],[-86.6249,30.7485],[-86.632,30.7332],[-86.6456,30.7303],[-86.6485,30.716],[-86.7001,30.7125],[-86.7924,30.6849],[-86.8025,30.2693]]]},"properties":{"geoid":"12004","state":"12","district":"4","name":"State House District 4","chamber":"House"}},{"type":"Feature","geometry":{"type":"Polygon","coordinates":[[[-86.3983,30.3044],[-86.3996,30.227],[-86.3064,30.2094],[-86.1905,30.1756],[-86.0741,30.1352],[-86.0008,30.1036],[-85.9927,30.3893],[-85.9764,30.396],[-85.9653,30.4105],[-85.9402,30.4086],[-85.9239,30.4164],[-85.9076,30.4058],[-85.8986,30.4109],[-85.884,30.4103],[-85.8535,30.4406],[-85.488,30.4367],[-85.4864,30.5676],[-85.3839,30.5669],[-85.3897,30.201],[-85.1157,30.2],[-85.1182,30.2105],[-85.1099,30.2093],[-85.1105,30.2184],[-85.1011,30.212],[-85.0995,30.2197],[-85.0909,30.2224],[-85.0915,30.2294],[-85.0806,30.229],[-85.0834,30.2372],[-85.0783,30.2495],[-85.07,30.2494],[-85.0677,30.2588],[-85.0597,30.2615],[-85.064,30.2709],[-85.058,30.2761],[-85.0596,30.285],[-85.0527,30.287],[-85.0569,30.3035],[-85.0474,30.3031],[-85.0481,30.3127],[-85.0343,30.3125],[-85.0463,30.3202],[-85.0443,30.3288],[-85.05,30.3382],[-85.0404,30.3557],[-85.026,30.363],[-85.0386,30.3656],[-85.0402,30.3721],[-85.0312,30.3787],[-85.0251,30.3758],[-85.0146,30.3874],[-85.0156,30.3962],[-85.0274,30.3982],[-85.0299,30.4033],[-85.0137,30.4106],[-85.0294,30.413],[-85.0319,30.4226],[-85.0152,30.4344],[-84.9812,30.4441],[-84.9828,30.4476],[-85.0008,30.4481],[-85.0006,30.4553],[-84.9867,30.4696],[-85.0043,30.4762],[-84.9945,30.4891],[-84.9912,30.5224],[-84.9737,30.553],[-84.9615,30.5651],[-84.9654,30.5802],[-84.9451,30.581],[-84.9449,30.5955],[-84.9358,30.6003],[-84.929,30.6116],[-84.9063,30.6212],[-84.9037,30.6378],[-84.893,30.6467],[-84.8892,30.6616],[-84.8749,30.672],[-84.8579,30.6984],[-84.8698,30.7219],[-84.8838,30.7326],[-84.8961,30.7506],[-84.9143,30.7536],[-84.9201,30.766],[-84.918,30.7781],[-84.9283,30.7931],[-84.9283,30.8051],[-84.9374,30.8209],[-84.9348,30.8359],[-84.9257,30.8427],[-84.9361,30.857],[-84.9323,30.8643],[-84.9398,30.8726],[-84.9344,30.8836],[-84.9667,30.9173],[-84.971,30.9282],[-84.9831,30.9348],[-84.9811,30.9634],[-85.0057,30.9759],[-85.0019,31.0007],[-85.9986,30.9929],[-86.3886,30.9942],[-86.3983,30.3044]]]},"properties":{"geoid":"12005","state":"12","district":"5","name":"State House District 5","chamber":"House"}},{"type":"Feature","geometry":{"type":"Polygon","coordinates":[[[-86.0008,30.1036],[-85.8935,30.0453],[-85.8502,30.0092],[-85.8036,29.9782],[-85.7098,29.9358],[-85.6459,29.8759],[-85.5896,29.8376],[-85.5859,29.7868],[-85.5702,29.721],[-85.5437,29.6515],[-85.5227,29.6131],[-85.4882,29.5682],[-85.4533,29.5379],[-85.4145,29.5178],[-85.3729,29.507],[-85.4403,29.7881],[-85.4343,29.9],[-85.3884,29.9269],[-85.3914,30.0234],[-85.3839,30.5669],[-85.4864,30.5676],[-85.488,30.4367],[-85.8535,30.4406],[-85.884,30.4103],[-85.8986,30.4109],[-85.9076,30.4058],[-85.9239,30.4164],[-85.9402,30.4086],[-85.9653,30.4105],[-85.9764,30.396],[-85.9927,30.3893],[-86.0008,30.1036]]]},"properties":{"geoid":"12006","state":"12","district":"6","name":"State House District 6","chamber":"House"}},{"type":"Feature","geometry":{"type":"Polygon","coordinates":[[[-85.4343,29.9],[-85.4403,29.7881],[-85.3729,29.507],[-85.3137,29.5079],[-85.2597,29.5248],[-85.2188,29.5004],[-85.1771,29.4852],[-85.1238,29.4507],[-85.087,29.4394],[-85.0448,29.4361],[-85.0008,29.4417],[-84.8964,29.4712],[-84.7973,29.522],[-84.7071,29.5537],[-84.6528,29.5855],[-84.5887,29.6407],[-84.5453,29.6545],[-84.4745,29.6877],[-84.4428,29.7152],[-84.42,29.747],[-84.3801,29.7429],[-84.3233,29.7481],[-84.2592,29.7682],[-84.2179,29.7966],[-84.19,29.8304],[-84.1702,29.8713],[-84.1608,29.9213],[-84.1205,29.9255],[-84.0649,29.9401],[-84.0302,29.9131],[-83.9726,29.8864],[-83.9499,29.8628],[-83.919,29.8419],[-83.8788,29.8262],[-83.8303,29.8197],[-83.7831,29.7922],[-83.7575,29.7532],[-83.7417,29.6982],[-83.7058,29.6441],[-83.6714,29.6144],[-83.6144,29.5884],[-83.5821,29.5633],[-83.5674,29.4685],[-83.5413,29.4176],[-83.5049,29.3842],[-83.4357,29.3497],[-83.4025,29.3169],[-83.3572,29.2917],[-83.3462,29.2419],[-83.1648,29.2892],[-83.1581,29.3022],[-83.148,29.3078],[-83.142,29.3226],[-83.1129,29.3181],[-83.1119,29.3247],[-83.1045,29.3254],[-83.0988,29.3369],[-83.0904,29.3328],[-83.0617,29.3484],[-83.0614,29.3527],[-83.0721,29.3539],[-83.0622,29.3642],[-83.0647,29.374],[-83.0454,29.3807],[-83.0339,29.3906],[-83.033,29.3979],[-83.0232,29.3986],[-83.0259,29.4057],[-83.0218,29.4131],[-83.0269,29.4189],[-83.0158,29.4214],[-83.0212,29.4312],[-83.0005,29.4626],[-82.9899,29.4633],[-82.9845,29.4699],[-82.9829,29.5154],[-82.9727,29.5173],[-82.9694,29.5223],[-82.9786,29.5319],[-82.9773,29.5399],[-82.9479,29.5575],[-82.9445,29.5823],[-82.9371,29.5883],[-82.9418,29.5932],[-82.9488,29.5854],[-82.9555,29.5861],[-82.9624,29.6019],[-82.9722,29.609],[-82.9677,29.6165],[-82.9731,29.6243],[-82.9563,29.6396],[-82.9576,29.6553],[-82.9518,29.6598],[-82.9592,29.6705],[-82.9544,29.6767],[-82.9594,29.6843],[-82.9574,29.7005],[-82.937,29.7032],[-82.9566,29.7187],[-82.9538,29.7224],[-82.9438,29.7157],[-82.9433,29.7218],[-82.9499,29.7256],[-82.9384,29.7476],[-82.9404,29.7536],[-82.9497,29.7544],[-82.9476,29.7661],[-82.9368,29.7847],[-82.9197,29.7962],[-82.9334,29.8015],[-82.9354,29.8095],[-82.9238,29.8234],[-82.9108,29.8208],[-82.8929,29.8275],[-82.8884,29.8501],[-82.8756,29.8665],[-82.8793,29.8882],[-82.8668,29.8988],[-82.8633,29.9111],[-82.8315,29.9128],[-82.8144,29.9298],[-82.8005,29.9321],[-82.7858,29.9549],[-82.7622,29.9644],[-82.7586,29.9757],[-82.7604,29.9862],[-82.794,29.9862],[-82.7946,30.337],[-82.7884,30.324],[-82.7774,30.3233],[-82.7632,30.3309],[-82.7608,30.3243],[-82.7454,30.3174],[-82.7366,30.3284],[-82.7246,30.3338],[-82.717,30.3211],[-82.7031,30.3326],[-82.6899,30.3331],[-82.6815,30.3428],[-82.6869,30.3537],[-82.6624,30.37],[-82.6654,30.3792],[-82.6592,30.3827],[-82.658,30.3913],[-82.6473,30.3946],[-82.6455,30.4072],[-82.6499,30.41],[-82.6492,30.4182],[-82.6591,30.4408],[-82.6729,30.4481],[-82.6623,30.4488],[-82.6633,30.4521],[-82.6802,30.461],[-82.6808,30.4646],[-82.6755,30.4653],[-82.6774,30.472],[-82.7016,30.4774],[-82.6968,30.4896],[-82.7062,30.4925],[-82.7062,30.5045],[-82.7158,30.5059],[-82.7184,30.521],[-82.7236,30.5174],[-82.7286,30.5257],[-82.7269,30.531],[-82.7143,30.5322],[-82.7225,30.5479],[-82.7209,30.554],[-82.7268,30.5578],[-82.7247,30.5643],[-82.7168,30.5645],[-82.717,30.5696],[-82.7051,30.5762],[-82.7067,30.5843],[-82.6961,30.5916],[-82.6964,30.5962],[-82.6895,30.5977],[-83.3092,30.6344],[-83.275,30.6285],[-83.2686,30.6215],[-83.2564,30.5866],[-83.2626,30.5826],[-83.262,30.5691],[-83.2558,30.5605],[-83.2609,30.553],[-83.2472,30.5408],[-83.2497,30.5324],[-83.2389,30.518],[-83.2461,30.5126],[-83.2406,30.5059],[-83.2406,30.4936],[-83.245,30.4921],[-83.2438,30.4731],[-83.2177,30.4641],[-83.2177,30.4555],[-83.223,30.4513],[-83.2173,30.4478],[-83.2223,30.4363],[-83.2185,30.4267],[-83.2222,30.4235],[-83.2161,30.418],[-83.2096,30.4211],[-83.2062,30.4121],[-83.1949,30.417],[-83.1803,30.4105],[-83.1745,30.3977],[-83.1783,30.3926],[-83.171,30.3852],[-83.1929,30.374],[-83.1902,30.3519],[-83.1983,30.3483],[-83.2087,30.3505],[-83.2126,30.3459],[-83.2079,30.3311],[-83.2144,30.3198],[-83.2099,30.3119],[-83.233,30.292],[-83.2317,30.2838],[-83.2403,30.267],[-83.2381,30.2608],[-83.4693,30.2604],[-83.4688,30.3042],[-83.8202,30.3035],[-83.8205,30.3131],[-83.8145,30.3176],[-83.8013,30.3153],[-83.7925,30.3192],[-83.7871,30.3316],[-83.7994,30.3472],[-83.8076,30.3487],[-83.8041,30.3531],[-83.8066,30.3693],[-83.8128,30.3773],[-83.8316,30.3852],[-83.8624,30.39],[-83.9157,30.4118],[-84.0497,30.4021],[-84.0749,30.4129],[-84.0758,30.3698],[-84.143,30.3688],[-84.1432,30.3468],[-84.2104,30.3468],[-84.2104,30.3686],[-84.2271,30.3687],[-84.227,30.3758],[-84.2344,30.3758],[-84.2366,30.3813],[-84.2396,30.3734],[-84.2606,30.3708],[-84.2606,30.3614],[-84.264,30.3614],[-84.2475,30.3035],[-84.3464,30.3034],[-84.3029,30.3577],[-84.3015,30.3657],[-84.3111,30.3686],[-84.3152,30.3815],[-84.3269,30.3901],[-84.3634,30.3761],[-84.3651,30.3907],[-84.4095,30.3896],[-84.4181,30.4136],[-84.4126,30.4242],[-84.4118,30.443],[-84.5101,30.437],[-84.5106,30.4509],[-84.52,30.4515],[-84.5303,30.4399],[-84.5459,30.4405],[-84.5461,30.4367],[-84.5595,30.434],[-84.5617,30.4378],[-84.5736,30.4225],[-84.591,30.4117],[-84.6069,30.4161],[-84.6127,30.4101],[-84.6253,30.4089],[-84.6479,30.3944],[-84.6464,30.3883],[-84.6806,30.388],[-84.6805,30.4173],[-84.7141,30.4172],[-84.7141,30.4604],[-84.7811,30.4598],[-84.7818,30.5187],[-84.8156,30.5185],[-84.8158,30.5331],[-84.8826,30.5331],[-84.8833,30.6056],[-84.9325,30.6064],[-84.9449,30.5955],[-84.9451,30.581],[-84.9654,30.5802],[-84.9615,30.5651],[-84.9737,30.553],[-84.9922,30.5196],[-84.9945,30.4891],[-85.0043,30.4762],[-84.9883,30.4721],[-84.9867,30.4666],[-84.9999,30.4562],[-85.0015,30.4498],[-84.9812,30.4441],[-85.0152,30.4344],[-85.0329,30.4203],[-85.0294,30.413],[-85.0141,30.4119],[-85.03,30.4013],[-85.0156,30.3962],[-85.0146,30.3874],[-85.0251,30.3758],[-85.0312,30.3787],[-85.0406,30.3713],[-85.0386,30.3656],[-85.026,30.363],[-85.0404,30.3557],[-85.05,30.3382],[-85.0443,30.3288],[-85.0463,30.3202],[-85.0343,30.3125],[-85.0481,30.3127],[-85.0474,30.3031],[-85.0569,30.3035],[-85.0527,30.287],[-85.0596,30.285],[-85.058,30.2761],[-85.0641,30.2699],[-85.0591,30.2632],[-85.0677,30.2588],[-85.07,30.2494],[-85.0787,30.2488],[-85.0834,30.2372],[-85.0806,30.229],[-85.0915,30.2294],[-85.0909,30.2224],[-85.0995,30.2197],[-85.1018,30.2117],[-85.1114,30.218],[-85.1099,30.2093],[-85.1192,30.2086],[-85.1157,30.2],[-85.3897,30.201],[-85.3887,29.9244],[-85.4343,29.9]]]},"properties":{"geoid":"12007","state":"12","district":"7","name":"State House District 7","chamber":"House"}},{"type":"Feature","geometry":{"type":"Polygon","coordinates":[[[-84.9325,30.6065],[-84.8833,30.6056],[-84.8826,30.5331],[-84.8158,30.5331],[-84.8156,30.5185],[-84.7818,30.5187],[-84.7811,30.4598],[-84.7141,30.4604],[-84.7141,30.4172],[-84.6805,30.4173],[-84.6806,30.388],[-84.6464,30.3883],[-84.6479,30.3944],[-84.6253,30.4089],[-84.6127,30.4101],[-84.6069,30.4161],[-84.591,30.4117],[-84.5736,30.4225],[-84.5617,30.4378],[-84.5595,30.434],[-84.5461,30.4367],[-84.5459,30.4405],[-84.5303,30.4399],[-84.52,30.4515],[-84.5106,30.4509],[-84.5101,30.437],[-84.4118,30.443],[-84.4126,30.4242],[-84.4181,30.4136],[-84.4095,30.3896],[-84.3651,30.3907],[-84.3634,30.3761],[-84.3269,30.3901],[-84.3152,30.3815],[-84.3111,30.3686],[-84.3015,30.3657],[-84.3029,30.3577],[-84.3464,30.3034],[-84.2475,30.3035],[-84.264,30.3614],[-84.2606,30.3614],[-84.2606,30.3708],[-84.2364,30.3754],[-84.2414,30.3758],[-84.2366,30.3813],[-84.2351,30.4108],[-84.2268,30.42],[-84.21,30.4115],[-84.2123,30.4272],[-84.2026,30.4291],[-84.2012,30.4339],[-84.2065,30.4406],[-84.2618,30.4418],[-84.2618,30.4343],[-84.2541,30.4303],[-84.2526,30.4168],[-84.2635,30.4168],[-84.264,30.421],[-84.2762,30.4199],[-84.2771,30.4317],[-84.3109,30.4344],[-84.3171,30.4486],[-84.2807,30.4418],[-84.2807,30.4564],[-84.2918,30.4578],[-84.2919,30.4637],[-84.2772,30.4675],[-84.2773,30.4932],[-84.3089,30.4825],[-84.3213,30.4891],[-84.3311,30.5051],[-84.3428,30.5115],[-84.3841,30.5537],[-84.3789,30.5595],[-84.3819,30.5611],[-84.3781,30.5735],[-84.3724,30.5753],[-84.3712,30.5812],[-84.3464,30.5916],[-84.3408,30.6001],[-84.332,30.5964],[-84.3247,30.618],[-84.3189,30.6187],[-84.3133,30.6305],[-84.3035,30.6348],[-84.2993,30.6537],[-84.304,30.6567],[-84.2991,30.6621],[-84.305,30.6692],[-84.2912,30.6723],[-84.2612,30.6677],[-84.2541,30.6843],[-84.8647,30.7115],[-84.8583,30.6966],[-84.8749,30.672],[-84.8892,30.6616],[-84.893,30.6467],[-84.9037,30.6378],[-84.9052,30.6226],[-84.9325,30.6065]]]},"properties":{"geoid":"12008","state":"12","district":"8","name":"State House District 8","chamber":"House"}},{"type":"Feature","geometry":{"type":"Polygon","coordinates":[[[-84.384,30.5538],[-84.3428,30.5115],[-84.3311,30.5051],[-84.3213,30.4891],[-84.3089,30.4825],[-84.2773,30.4932],[-84.2772,30.4675],[-84.2919,30.4637],[-84.2918,30.4578],[-84.2807,30.4564],[-84.2807,30.4418],[-84.3171,30.4486],[-84.3109,30.4344],[-84.2807,30.4329],[-84.2762,30.4199],[-84.2526,30.4168],[-84.2541,30.4303],[-84.2618,30.4343],[-84.2618,30.4418],[-84.2027,30.4388],[-84.2026,30.4291],[-84.2123,30.4272],[-84.21,30.4115],[-84.2268,30.42],[-84.2351,30.4108],[-84.2368,30.3814],[-84.2344,30.3758],[-84.227,30.3758],[-84.2271,30.3687],[-84.2104,30.3686],[-84.2104,30.3468],[-84.1432,30.3468],[-84.143,30.3688],[-84.0758,30.3698],[-84.0749,30.4129],[-84.0497,30.4021],[-83.915,30.4118],[-83.8624,30.39],[-83.8316,30.3852],[-83.8128,30.3773],[-83.8066,30.3693],[-83.8041,30.3531],[-83.8076,30.3487],[-83.7994,30.3472],[-83.7871,30.3316],[-83.7925,30.3192],[-83.8013,30.3153],[-83.8145,30.3176],[-83.8205,30.3131],[-83.8202,30.3035],[-83.4688,30.3042],[-83.4693,30.2604],[-83.2404,30.2603],[-83.2317,30.2838],[-83.233,30.292],[-83.2099,30.3119],[-83.2144,30.3198],[-83.2079,30.3311],[-83.2126,30.3459],[-83.2087,30.3505],[-83.1983,30.3483],[-83.1902,30.3519],[-83.1929,30.374],[-83.171,30.3852],[-83.1783,30.3926],[-83.1745,30.3977],[-83.1803,30.4105],[-83.1949,30.417],[-83.2062,30.4121],[-83.2096,30.4211],[-83.2161,30.418],[-83.2222,30.4235],[-83.2185,30.4267],[-83.2223,30.4363],[-83.2173,30.4478],[-83.223,30.4513],[-83.2177,30.4555],[-83.2177,30.4641],[-83.2438,30.4731],[-83.245,30.4921],[-83.2406,30.4936],[-83.2406,30.5059],[-83.2461,30.5126],[-83.2389,30.518],[-83.2497,30.5324],[-83.2472,30.5408],[-83.2609,30.553],[-83.2558,30.5605],[-83.262,30.5691],[-83.2626,30.5826],[-83.2564,30.5866],[-83.2686,30.6215],[-83.275,30.6285],[-83.3092,30.6344],[-84.2541,30.6843],[-84.2612,30.6677],[-84.2912,30.6723],[-84.305,30.6692],[-84.2991,30.6621],[-84.304,30.6567],[-84.2993,30.6537],[-84.3035,30.6348],[-84.3133,30.6305],[-84.3189,30.6187],[-84.3247,30.618],[-84.332,30.5964],[-84.3408,30.6001],[-84.3464,30.5916],[-84.3712,30.5812],[-84.3724,30.5753],[-84.3781,30.5735],[-84.3819,30.5611],[-84.3789,30.5595],[-84.384,30.5538]]]},"properties":{"geoid":"12009","state":"12","district":"9","name":"State House District 9","chamber":"House"}},{"type":"Feature","geometry":{"type":"Polygon","coordinates":[[[-82.8003,29.9324],[-82.7911,29.9355],[-82.7805,29.9258],[-82.7699,29.9278],[-82.7743,29.9124],[-82.765,29.9078],[-82.7693,29.8977],[-82.759,29.8989],[-82.7536,29.8935],[-82.7529,29.8802],[-82.7329,29.8565],[-82.7092,29.8474],[-82.7042,29.8383],[-82.6945,29.8344],[-82.6586,29.8301],[-82.6572,29.7515],[-82.624,29.7491],[-82.629,29.7416],[-82.6196,29.7419],[-82.6175,29.7272],[-82.6072,29.7274],[-82.6071,29.7128],[-82.557,29.7133],[-82.5564,29.6979],[-82.4965,29.6974],[-82.4938,29.7183],[-82.4722,29.7181],[-82.4658,29.7162],[-82.4465,29.689],[-82.3974,29.6887],[-82.3971,29.6932],[-82.3896,29.6926],[-82.3889,29.6965],[-82.3972,29.696],[-82.3954,29.7179],[-82.3971,29.7215],[-82.4055,29.7185],[-82.4055,29.7325],[-82.3811,29.7361],[-82.4032,29.7615],[-82.4034,29.77],[-82.412,29.7759],[-82.3923,29.7783],[-82.3724,29.7777],[-82.3573,29.7572],[-82.3518,29.7668],[-82.3296,29.7556],[-82.2789,29.7608],[-82.2768,29.7342],[-82.212,29.7232],[-82.1997,29.715],[-82.1937,29.7037],[-82.1809,29.6999],[-82.1527,29.7138],[-82.1324,29.7165],[-82.0782,29.707],[-82.0503,29.7097],[-82.0503,29.7155],[-82.0556,29.7182],[-82.0492,29.7187],[-82.0461,29.7471],[-82.05,30.3625],[-82.0624,30.3606],[-82.0662,30.3558],[-82.0727,30.3614],[-82.0811,30.3588],[-82.1011,30.3628],[-82.1051,30.3689],[-82.1181,30.3644],[-82.1264,30.3683],[-82.1339,30.3622],[-82.14,30.3649],[-82.1618,30.3571],[-82.181,30.3686],[-82.1848,30.3789],[-82.1928,30.3791],[-82.2109,30.4254],[-82.2038,30.445],[-82.2077,30.4604],[-82.2012,30.4851],[-82.2126,30.5005],[-82.2251,30.5077],[-82.2308,30.5266],[-82.2404,30.5378],[-82.2342,30.5577],[-82.2147,30.5686],[-82.6964,30.5963],[-82.6961,30.5916],[-82.7067,30.5843],[-82.7035,30.5816],[-82.7062,30.5747],[-82.717,30.5696],[-82.7185,30.5632],[-82.7247,30.5643],[-82.7268,30.5578],[-82.7209,30.554],[-82.7225,30.5479],[-82.7143,30.5322],[-82.7269,30.531],[-82.7286,30.5257],[-82.7236,30.5174],[-82.7184,30.521],[-82.7158,30.5059],[-82.7062,30.5045],[-82.7062,30.4925],[-82.6968,30.4896],[-82.7016,30.4774],[-82.6774,30.472],[-82.6755,30.4653],[-82.6808,30.4646],[-82.6802,30.461],[-82.6625,30.451],[-82.6729,30.4481],[-82.6592,30.4409],[-82.6526,30.4291],[-82.6539,30.422],[-82.6455,30.4072],[-82.647,30.3953],[-82.6583,30.391],[-82.6592,30.3827],[-82.6656,30.3785],[-82.6625,30.3699],[-82.6869,30.3537],[-82.6815,30.3432],[-82.684,30.3381],[-82.6921,30.3324],[-82.7043,30.332],[-82.7164,30.3213],[-82.7248,30.3283],[-82.7241,30.3338],[-82.7364,30.3284],[-82.7454,30.3174],[-82.7608,30.3243],[-82.7632,30.3309],[-82.7774,30.3233],[-82.7882,30.3239],[-82.7946,30.337],[-82.794,29.9862],[-82.7604,29.9862],[-82.7586,29.9757],[-82.762,29.9646],[-82.7858,29.9549],[-82.8003,29.9324]]]},"properties":{"geoid":"12010","state":"12","district":"10","name":"State House District 10","chamber":"House"}},{"type":"Feature","geometry":{"type":"Polygon","coordinates":[[[-82.0494,30.1537],[-82.0492,30.0559],[-81.9305,30.0562],[-81.9305,30.0406],[-81.8961,30.0404],[-81.8741,30.0627],[-81.8014,30.024],[-81.7679,30.0188],[-81.7418,30.0193],[-81.7165,30.0382],[-81.72,30.0423],[-81.7171,30.0463],[-81.7107,30.0414],[-81.6905,30.0428],[-81.6889,30.0649],[-81.6806,30.0827],[-81.68,30.1191],[-81.6918,30.1423],[-81.6905,30.1719],[-81.6796,30.1905],[-81.7335,30.1935],[-81.7389,30.1893],[-82.0494,30.1869],[-82.0494,30.1537]]]},"properties":{"geoid":"12011","state":"12","district":"11","name":"State House District 11","chamber":"House"}},{"type":"Feature","geometry":{"type":"Polygon","coordinates":[[[-81.8261,30.1892],[-81.7389,30.1893],[-81.7335,30.1935],[-81.6796,30.1905],[-81.6905,30.1719],[-81.6921,30.1447],[-81.6802,30.1212],[-81.6505,30.1215],[-81.6238,30.1336],[-81.6012,30.1305],[-81.5957,30.1365],[-81.5957,30.1487],[-81.6123,30.1983],[-81.6,30.2021],[-81.5929,30.2207],[-81.5891,30.2207],[-81.6204,30.2649],[-81.603,30.2774],[-81.6016,30.2968],[-81.6271,30.3149],[-81.6597,30.3224],[-81.6675,30.3144],[-81.6749,30.3161],[-81.6772,30.3104],[-81.6955,30.3034],[-81.7097,30.2883],[-81.706,30.2808],[-81.7346,30.2543],[-81.7342,30.2475],[-81.7992,30.2476],[-81.8086,30.2241],[-81.8169,30.2172],[-81.8261,30.1892]]]},"properties":{"geoid":"12012","state":"12","district":"12","name":"State House District 12","chamber":"House"}},{"type":"Feature","geometry":{"type":"Polygon","coordinates":[[[-81.8535,30.3087],[-81.8425,30.2977],[-81.8292,30.2671],[-81.8108,30.2546],[-81.7969,30.2477],[-81.7342,30.2475],[-81.7346,30.2543],[-81.706,30.2808],[-81.7097,30.2883],[-81.6955,30.3034],[-81.677,30.3107],[-81.6745,30.3161],[-81.6815,30.3209],[-81.6688,30.3366],[-81.6683,30.3515],[-81.6991,30.3824],[-81.6974,30.4151],[-81.7294,30.4179],[-81.7526,30.4083],[-81.757,30.4159],[-81.7752,30.4157],[-81.7751,30.4122],[-81.7845,30.4202],[-81.7984,30.4108],[-81.8001,30.4048],[-81.8097,30.4031],[-81.8136,30.394],[-81.8397,30.3894],[-81.8485,30.309],[-81.8535,30.3087]]]},"properties":{"geoid":"12013","state":"12","district":"13","name":"State House District 13","chamber":"House"}},{"type":"Feature","geometry":{"type":"Polygon","coordinates":[[[-81.7406,30.4161],[-81.6974,30.4151],[-81.6991,30.3824],[-81.6683,30.3515],[-81.6688,30.3366],[-81.6792,30.3265],[-81.6806,30.3187],[-81.6675,30.3144],[-81.6597,30.3224],[-81.6271,30.3149],[-81.6016,30.2968],[-81.602,30.2926],[-81.5592,30.2866],[-81.5591,30.3234],[-81.5521,30.3337],[-81.5552,30.3549],[-81.5518,30.3721],[-81.564,30.4016],[-81.5663,30.4197],[-81.5898,30.4411],[-81.6477,30.4599],[-81.6914,30.4597],[-81.7167,30.4497],[-81.7406,30.4161]]]},"properties":{"geoid":"12014","state":"12","district":"14","name":"State House District 14","chamber":"House"}},{"type":"Feature","geometry":{"type":"Polygon","coordinates":[[[-82.0503,30.6757],[-82.046,30.6664],[-82.049,30.6551],[-82.0416,30.649],[-82.0405,30.6361],[-82.0332,30.6295],[-82.0316,30.6195],[-82.0283,30.622],[-82.0272,30.6067],[-82.0151,30.6006],[-82.0054,30.5637],[-82.0107,30.5607],[-82.0084,30.5545],[-82.019,30.533],[-82.0146,30.5123],[-82.0169,30.4751],[-82.0236,30.4672],[-82.0281,30.4473],[-82.04,30.4367],[-82.0341,30.42],[-82.0438,30.4149],[-82.0413,30.4067],[-82.0447,30.404],[-82.0358,30.385],[-82.0372,30.372],[-82.05,30.3625],[-82.0494,30.1869],[-81.8265,30.1887],[-81.8168,30.2173],[-81.8086,30.224],[-81.8024,30.2434],[-81.7969,30.2477],[-81.8292,30.2671],[-81.8425,30.2977],[-81.8544,30.3086],[-81.8485,30.309],[-81.8399,30.389],[-81.8136,30.394],[-81.8097,30.4031],[-81.8001,30.4048],[-81.7984,30.4108],[-81.7845,30.4202],[-81.7751,30.4122],[-81.7752,30.4157],[-81.757,30.4159],[-81.7526,30.4083],[-81.7371,30.4188],[-81.7167,30.4497],[-81.6964,30.4585],[-81.6488,30.4601],[-81.5915,30.4421],[-81.5669,30.4208],[-81.5568,30.3851],[-81.5126,30.3927],[-81.4708,30.392],[-81.4503,30.3809],[-81.4236,30.403],[-81.3887,30.397],[-81.3173,30.3961],[-81.3169,30.4077],[-81.3249,30.4247],[-81.3536,30.4467],[-81.3524,30.4821],[-81.375,30.5328],[-81.3803,30.5632],[-81.382,30.6159],[-81.3748,30.6565],[-81.3516,30.6857],[-81.347,30.7124],[-81.4512,30.7095],[-81.4741,30.7139],[-81.4885,30.7263],[-81.5323,30.7241],[-81.534,30.7114],[-81.5384,30.7087],[-81.5484,30.7183],[-81.5614,30.7117],[-81.5635,30.7175],[-81.5742,30.7225],[-81.5877,30.7236],[-81.5962,30.7187],[-81.5965,30.7275],[-81.6019,30.7296],[-81.6099,30.7159],[-81.6142,30.7224],[-81.623,30.7235],[-81.6207,30.731],[-81.6244,30.7363],[-81.6304,30.7281],[-81.6366,30.7339],[-81.6436,30.7282],[-81.6522,30.7289],[-81.6518,30.7422],[-81.663,30.7435],[-81.6623,30.7542],[-81.6831,30.7485],[-81.6799,30.7447],[-81.6708,30.7474],[-81.6725,30.7388],[-81.6892,30.7416],[-81.6939,30.7485],[-81.7201,30.7447],[-81.7422,30.7593],[-81.7408,30.765],[-81.7693,30.7771],[-81.7716,30.7641],[-81.7825,30.7614],[-81.7867,30.7698],[-81.7838,30.7733],[-81.7931,30.7873],[-81.7972,30.7815],[-81.8074,30.7901],[-81.8395,30.7866],[-81.8403,30.7926],[-81.8684,30.7928],[-81.8711,30.798],[-81.8827,30.8003],[-81.8925,30.8254],[-81.9018,30.8299],[-81.9072,30.8259],[-81.9054,30.8168],[-81.9284,30.8174],[-81.9388,30.8298],[-81.9642,30.8178],[-81.9623,30.7967],[-81.9777,30.7766],[-82.0077,30.793],[-82.023,30.7875],[-82.0112,30.7631],[-82.0202,30.7578],[-82.0179,30.7548],[-82.0315,30.7503],[-82.0361,30.7548],[-82.0387,30.7511],[-82.0389,30.7362],[-82.0456,30.7273],[-82.0385,30.7226],[-82.0359,30.7062],[-82.0429,30.7009],[-82.0412,30.691],[-82.0503,30.6757]]]},"properties":{"geoid":"12015","state":"12","district":"15","name":"State House District 15","chamber":"House"}},{"type":"Feature","geometry":{"type":"Polygon","coordinates":[[[-81.5592,30.2869],[-81.4549,30.2877],[-81.4511,30.2531],[-81.4371,30.2573],[-81.4369,30.2523],[-81.3179,30.2529],[-81.3306,30.2995],[-81.3354,30.3613],[-81.3216,30.3786],[-81.3173,30.3961],[-81.3887,30.397],[-81.4236,30.403],[-81.4503,30.3809],[-81.4708,30.392],[-81.5126,30.3927],[-81.5568,30.3851],[-81.5516,30.3704],[-81.5552,30.3549],[-81.5521,30.3339],[-81.5591,30.3234],[-81.5592,30.2869]]]},"properties":{"geoid":"12016","state":"12","district":"16","name":"State House District 16","chamber":"House"}},{"type":"Feature","geometry":{"type":"Polygon","coordinates":[[[-81.6204,30.2649],[-81.5891,30.2207],[-81.5929,30.2207],[-81.6,30.2021],[-81.6123,30.1983],[-81.5957,30.1487],[-81.5957,30.1365],[-81.6012,30.1305],[-81.5809,30.1261],[-81.5678,30.1178],[-81.539,30.1199],[-81.5387,30.1037],[-81.4338,30.1055],[-81.4371,30.2573],[-81.4527,30.2542],[-81.4549,30.2877],[-81.5595,30.2866],[-81.602,30.2926],[-81.603,30.2774],[-81.6204,30.2649]]]},"properties":{"geoid":"12017","state":"12","district":"17","name":"State House District 17","chamber":"House"}},{"type":"Feature","geometry":{"type":"Polygon","coordinates":[[[-81.6905,30.0432],[-81.6889,30.0286],[-81.6809,30.0147],[-81.6336,29.9863],[-81.6243,29.9813],[-81.6008,29.9903],[-81.5901,29.985],[-81.5833,29.9867],[-81.5785,29.9743],[-81.5656,29.9759],[-81.5533,29.9675],[-81.5287,29.9418],[-81.5242,29.9131],[-81.5093,29.9067],[-81.4623,29.9093],[-81.4315,29.922],[-81.3932,29.9136],[-81.3608,29.9161],[-81.3608,29.9212],[-81.3428,29.9293],[-81.3438,29.9385],[-81.3169,29.9549],[-81.2996,29.9084],[-81.2263,29.9278],[-81.2551,30.0002],[-81.3202,30.2529],[-81.4369,30.2523],[-81.4338,30.1055],[-81.5387,30.1037],[-81.539,30.1199],[-81.5678,30.1178],[-81.5809,30.1261],[-81.6123,30.1329],[-81.6238,30.1336],[-81.6505,30.1215],[-81.6802,30.1212],[-81.6806,30.0827],[-81.6889,30.0649],[-81.6905,30.0432]]]},"properties":{"geoid":"12018","state":"12","district":"18","name":"State House District 18","chamber":"House"}},{"type":"Feature","geometry":{"type":"Polygon","coordinates":[[[-81.5237,29.6224],[-81.5205,29.4965],[-81.4876,29.4483],[-81.4788,29.3991],[-81.455,29.3897],[-81.4335,29.3998],[-81.4207,29.3996],[-81.4173,29.2612],[-81.1501,29.266],[-81.1559,29.411],[-81.1482,29.4118],[-81.1487,29.4168],[-81.111,29.4269],[-81.0419,29.4329],[-81.1238,29.6055],[-81.1674,29.7231],[-81.1864,29.7601],[-81.2052,29.8224],[-81.2093,29.8752],[-81.2263,29.9278],[-81.2996,29.9084],[-81.3169,29.9549],[-81.344,29.9383],[-81.3428,29.9293],[-81.3608,29.9212],[-81.3606,29.9011],[-81.3443,29.864],[-81.3336,29.8674],[-81.3324,29.8513],[-81.3228,29.8512],[-81.3231,29.8166],[-81.312,29.7508],[-81.2874,29.6588],[-81.3281,29.656],[-81.3245,29.6535],[-81.3241,29.6256],[-81.5237,29.6224]]]},"properties":{"geoid":"12019","state":"12","district":"19","name":"State House District 19","chamber":"House"}},{"type":"Feature","geometry":{"type":"Polygon","coordinates":[[[-82.1238,29.2233],[-82.1115,29.223],[-82.1102,29.2157],[-82.091,29.219],[-82.091,29.223],[-82.0802,29.2229],[-82.0787,29.2187],[-82.0703,29.2229],[-82.0704,29.2119],[-82.0661,29.2109],[-82.0578,29.2119],[-82.0562,29.2179],[-82.0396,29.2196],[-81.9529,29.2124],[-81.8657,29.172],[-81.8243,29.1764],[-81.8274,29.2094],[-81.8052,29.2097],[-81.8056,29.2263],[-81.7706,29.226],[-81.7706,29.2396],[-81.7416,29.2365],[-81.7394,29.2498],[-81.7272,29.2482],[-81.7272,29.2691],[-81.642,29.2701],[-81.6522,29.2966],[-81.6721,29.3053],[-81.6809,29.3244],[-81.4457,29.3801],[-81.4336,29.3982],[-81.455,29.3897],[-81.4775,29.3972],[-81.486,29.4242],[-81.4876,29.4483],[-81.5205,29.4965],[-81.5237,29.6224],[-81.3241,29.6256],[-81.3245,29.6535],[-81.3281,29.656],[-81.2874,29.6588],[-81.312,29.7508],[-81.3231,29.8166],[-81.3228,29.8512],[-81.3324,29.8513],[-81.3336,29.8674],[-81.3441,29.8637],[-81.3606,29.9011],[-81.3608,29.9161],[-81.3932,29.9136],[-81.4315,29.922],[-81.4625,29.9093],[-81.5105,29.9071],[-81.5242,29.9131],[-81.5287,29.9418],[-81.5533,29.9675],[-81.5656,29.9759],[-81.5785,29.9743],[-81.5833,29.9867],[-81.5901,29.985],[-81.6008,29.9903],[-81.6243,29.9813],[-81.6336,29.9863],[-81.6809,30.0147],[-81.6889,30.0286],[-81.6905,30.0428],[-81.7107,30.0414],[-81.7171,30.0463],[-81.72,30.0423],[-81.7165,30.0382],[-81.7418,30.0193],[-81.7679,30.0188],[-81.8014,30.024],[-81.8741,30.0627],[-81.8961,30.0404],[-81.9305,30.0406],[-81.9305,30.0562],[-82.0492,30.0559],[-82.0461,29.7471],[-82.0492,29.7187],[-82.0556,29.7182],[-82.0491,29.7134],[-82.0561,29.6568],[-82.0556,29.4418],[-82.063,29.4394],[-82.0713,29.4433],[-82.0705,29.4342],[-82.0809,29.4404],[-82.0889,29.4329],[-82.0865,29.4267],[-82.0945,29.4304],[-82.0956,29.4205],[-82.0999,29.4187],[-82.0957,29.4301],[-82.0992,29.4368],[-82.1052,29.4376],[-82.1059,29.4119],[-82.1139,29.4048],[-82.1126,29.3328],[-82.1161,29.31],[-82.1135,29.292],[-82.1082,29.2919],[-82.0937,29.2593],[-82.1137,29.2595],[-82.1238,29.2233]]]},"properties":{"geoid":"12020","state":"12","district":"20","name":"State House District 20","chamber":"House"}},{"type":"Feature","geometry":{"type":"Polygon","coordinates":[[[-82.4238,29.5977],[-82.4228,29.5765],[-82.3925,29.5759],[-82.3909,29.5568],[-82.406,29.5241],[-82.4066,29.4955],[-82.4129,29.4851],[-82.4066,29.485],[-82.4046,29.2789],[-82.2913,29.2823],[-82.2595,29.2676],[-82.235,29.2671],[-82.2355,29.2283],[-82.2181,29.2221],[-82.2186,29.1865],[-82.1849,29.1864],[-82.185,29.1682],[-82.1674,29.1674],[-82.1597,29.1733],[-82.1343,29.1716],[-82.1335,29.1871],[-82.1032,29.1871],[-82.1033,29.2005],[-82.1297,29.1996],[-82.126,29.2153],[-82.1116,29.2152],[-82.1115,29.223],[-82.1239,29.2231],[-82.1137,29.2595],[-82.0937,29.2593],[-82.1082,29.2919],[-82.1135,29.292],[-82.1161,29.3097],[-82.1126,29.3328],[-82.1139,29.4048],[-82.1059,29.4119],[-82.1052,29.4376],[-82.0992,29.4368],[-82.0957,29.4301],[-82.0999,29.4187],[-82.0956,29.4205],[-82.0945,29.4304],[-82.0865,29.4267],[-82.0889,29.4329],[-82.0809,29.4404],[-82.0705,29.4342],[-82.0713,29.4433],[-82.063,29.4394],[-82.0556,29.4418],[-82.0561,29.6568],[-82.0503,29.7097],[-82.0782,29.707],[-82.1324,29.7165],[-82.1527,29.7138],[-82.1809,29.6999],[-82.1937,29.7037],[-82.1997,29.715],[-82.212,29.7232],[-82.2768,29.7342],[-82.2789,29.7608],[-82.3296,29.7556],[-82.3518,29.7668],[-82.3573,29.7572],[-82.3724,29.7777],[-82.4117,29.7778],[-82.3811,29.7361],[-82.4055,29.7325],[-82.4055,29.7185],[-82.3884,29.7218],[-82.3857,29.7174],[-82.3701,29.7178],[-82.3721,29.7044],[-82.3473,29.7033],[-82.3474,29.6864],[-82.3532,29.6827],[-82.3432,29.674],[-82.335,29.6521],[-82.3279,29.6504],[-82.3298,29.6364],[-82.3418,29.6396],[-82.3725,29.6303],[-82.3726,29.6393],[-82.3983,29.6399],[-82.4087,29.6511],[-82.4089,29.6595],[-82.4224,29.6596],[-82.4202,29.5995],[-82.4238,29.5977]]]},"properties":{"geoid":"12021","state":"12","district":"21","name":"State House District 21","chamber":"House"}},{"type":"Feature","geometry":{"type":"Polygon","coordinates":[[[-83.3462,29.2419],[-83.3152,29.1931],[-83.292,29.1729],[-83.2621,29.1557],[-83.2639,29.1145],[-83.2537,29.0765],[-83.2206,29.0195],[-83.1879,28.9866],[-82.7616,28.9921],[-82.741,29.0121],[-82.7281,29.0148],[-82.7166,29.0282],[-82.7028,29.0328],[-82.6898,29.034],[-82.6771,29.0306],[-82.6752,29.0261],[-82.6405,29.0215],[-82.6127,29.0093],[-82.6021,29.0135],[-82.596,29.0296],[-82.577,29.0281],[-82.5641,29.0358],[-82.556,29.0339],[-82.5356,29.0449],[-82.5349,29.2147],[-82.4032,29.2156],[-82.4066,29.485],[-82.4129,29.4851],[-82.4066,29.4955],[-82.406,29.5241],[-82.3909,29.5568],[-82.3925,29.5759],[-82.4228,29.5765],[-82.4224,29.6596],[-82.4089,29.6595],[-82.4087,29.6511],[-82.3983,29.6399],[-82.3726,29.6393],[-82.3725,29.6303],[-82.3418,29.6396],[-82.3298,29.6364],[-82.3279,29.652],[-82.335,29.6521],[-82.3432,29.674],[-82.3532,29.6827],[-82.3474,29.6864],[-82.3473,29.7033],[-82.3721,29.7044],[-82.3701,29.7178],[-82.3971,29.7215],[-82.399,29.7016],[-82.3972,29.696],[-82.3889,29.6965],[-82.3896,29.6926],[-82.3971,29.6932],[-82.3974,29.6887],[-82.4465,29.689],[-82.4658,29.7162],[-82.472,29.7181],[-82.4938,29.7183],[-82.4965,29.6974],[-82.5564,29.6979],[-82.557,29.7133],[-82.6071,29.7128],[-82.6072,29.7274],[-82.6175,29.7272],[-82.6196,29.7419],[-82.629,29.7416],[-82.624,29.7491],[-82.6572,29.7515],[-82.6586,29.8301],[-82.6945,29.8344],[-82.7042,29.8383],[-82.7092,29.8474],[-82.7329,29.8565],[-82.7529,29.8802],[-82.7536,29.8935],[-82.759,29.8989],[-82.7693,29.8977],[-82.765,29.9078],[-82.7743,29.9124],[-82.7699,29.9278],[-82.7805,29.9258],[-82.7911,29.9355],[-82.7942,29.9314],[-82.8085,29.9331],[-82.8315,29.9128],[-82.8626,29.9114],[-82.8668,29.8988],[-82.8793,29.8882],[-82.8756,29.8665],[-82.8884,29.8501],[-82.8929,29.8275],[-82.9108,29.8208],[-82.9238,29.8234],[-82.9354,29.8095],[-82.9334,29.8015],[-82.9197,29.7962],[-82.9368,29.7847],[-82.9476,29.7661],[-82.9497,29.7544],[-82.9404,29.7536],[-82.9384,29.7476],[-82.9499,29.7256],[-82.9433,29.7218],[-82.9438,29.7157],[-82.9538,29.7224],[-82.9566,29.7187],[-82.937,29.7032],[-82.9574,29.7005],[-82.9594,29.6843],[-82.9544,29.6767],[-82.9592,29.6705],[-82.9518,29.6598],[-82.9576,29.6553],[-82.9563,29.6396],[-82.9731,29.6243],[-82.9677,29.6165],[-82.9722,29.609],[-82.9624,29.6019],[-82.9555,29.5861],[-82.9488,29.5854],[-82.9418,29.5932],[-82.9371,29.5883],[-82.9445,29.5823],[-82.9479,29.5575],[-82.9773,29.5399],[-82.9786,29.5319],[-82.9694,29.5223],[-82.9727,29.5173],[-82.9829,29.5154],[-82.9845,29.4699],[-82.9899,29.4633],[-83.0005,29.4626],[-83.0212,29.4312],[-83.0158,29.4214],[-83.0269,29.4189],[-83.0218,29.4131],[-83.0259,29.4057],[-83.0232,29.3986],[-83.033,29.3979],[-83.0339,29.3906],[-83.0454,29.3807],[-83.0647,29.374],[-83.0622,29.3642],[-83.0721,29.3539],[-83.0614,29.3527],[-83.0617,29.3484],[-83.0904,29.3328],[-83.0988,29.3369],[-83.1045,29.3254],[-83.1119,29.3247],[-83.1129,29.3181],[-83.142,29.3226],[-83.148,29.3078],[-83.1581,29.3022],[-83.1648,29.2892],[-83.3462,29.2419]]]},"properties":{"geoid":"12022","state":"12","district":"22","name":"State House District 22","chamber":"House"}},{"type":"Feature","geometry":{"type":"Polygon","coordinates":[[[-83.1879,28.9866],[-83.1353,28.9575],[-83.0822,28.9462],[-83.0016,28.9473],[-82.9456,28.9637],[-82.9469,28.9348],[-82.9418,28.9068],[-82.9158,28.8565],[-82.9272,28.8136],[-82.9254,28.7755],[-82.917,28.7481],[-82.8895,28.6932],[-82.4184,28.6949],[-82.418,28.6659],[-82.2631,28.6676],[-82.26,28.6827],[-82.2485,28.7019],[-82.2491,28.7178],[-82.2078,28.7566],[-82.1848,28.7618],[-82.1822,28.7689],[-82.1882,28.7717],[-82.1879,28.7778],[-82.1693,28.7919],[-82.1793,28.8033],[-82.1836,28.8236],[-82.232,28.8566],[-82.2425,28.8768],[-82.2736,28.8972],[-82.29,28.9356],[-82.2959,28.9384],[-82.2977,28.949],[-82.3113,28.9584],[-82.3158,28.9733],[-82.3496,28.9887],[-82.2835,29.0537],[-82.3031,29.0556],[-82.3022,29.1504],[-82.3227,29.1506],[-82.3227,29.1451],[-82.3517,29.1471],[-82.3515,29.1873],[-82.368,29.1873],[-82.3676,29.2157],[-82.5349,29.2147],[-82.5356,29.0449],[-82.577,29.0281],[-82.596,29.0296],[-82.6013,29.0146],[-82.6075,29.0104],[-82.6282,29.0136],[-82.6405,29.0215],[-82.6752,29.0261],[-82.6771,29.0306],[-82.6898,29.034],[-82.7166,29.0282],[-82.7277,29.0151],[-82.741,29.0121],[-82.7554,29.0019],[-82.7616,28.9921],[-83.1879,28.9866]]]},"properties":{"geoid":"12023","state":"12","district":"23","name":"State House District 23","chamber":"House"}},{"type":"Feature","geometry":{"type":"Polygon","coordinates":[[[-82.4046,29.2789],[-82.4032,29.2156],[-82.3676,29.2157],[-82.368,29.1873],[-82.3515,29.1873],[-82.3517,29.1471],[-82.3227,29.1451],[-82.3227,29.1506],[-82.3022,29.1504],[-82.3031,29.0556],[-82.2835,29.0537],[-82.3495,28.9886],[-82.3158,28.9733],[-82.3117,28.9604],[-82.0402,28.9601],[-82.04,28.9856],[-82.0314,29.0301],[-82.0232,29.0308],[-82.0411,29.0555],[-82.037,29.0577],[-82.037,29.0768],[-82.0535,29.077],[-82.0537,29.2044],[-82.0578,29.2119],[-82.0704,29.2119],[-82.0703,29.2229],[-82.0787,29.2187],[-82.0802,29.2229],[-82.091,29.223],[-82.091,29.219],[-82.1022,29.2157],[-82.1074,29.2188],[-82.1069,29.2157],[-82.126,29.2153],[-82.1297,29.1996],[-82.1033,29.2005],[-82.1032,29.1871],[-82.1335,29.1871],[-82.1343,29.1716],[-82.1597,29.1733],[-82.1674,29.1674],[-82.185,29.1682],[-82.1849,29.1864],[-82.2186,29.1865],[-82.2181,29.2221],[-82.2355,29.2283],[-82.235,29.2671],[-82.2595,29.2676],[-82.2913,29.2823],[-82.4046,29.2789]]]},"properties":{"geoid":"12024","state":"12","district":"24","name":"State House District 24","chamber":"House"}},{"type":"Feature","geometry":{"type":"Polygon","coordinates":[[[-81.9576,28.348],[-81.8575,28.346],[-81.8576,28.3619],[-81.7909,28.3618],[-81.7907,28.3464],[-81.6573,28.3471],[-81.6572,28.5698],[-81.6527,28.5711],[-81.6481,28.5845],[-81.6572,28.5926],[-81.6586,28.7403],[-81.6935,28.7464],[-81.7084,28.7544],[-81.7084,28.7391],[-81.7445,28.7391],[-81.7577,28.7459],[-81.7762,28.7322],[-81.7942,28.7385],[-81.7872,28.7456],[-81.7983,28.7445],[-81.8009,28.7486],[-81.82,28.7434],[-81.8354,28.7548],[-81.8618,28.7605],[-81.8625,28.7651],[-81.8722,28.7686],[-81.8814,28.7647],[-81.8955,28.7477],[-81.9184,28.748],[-81.9241,28.7552],[-81.9537,28.7553],[-81.9576,28.348]]]},"properties":{"geoid":"12025","state":"12","district":"25","name":"State House District 25","chamber":"House"}},{"type":"Feature","geometry":{"type":"Polygon","coordinates":[[[-81.9542,28.9595],[-81.9537,28.7553],[-81.9241,28.7552],[-81.9184,28.748],[-81.8955,28.7477],[-81.8814,28.7647],[-81.8722,28.7686],[-81.8625,28.7651],[-81.8618,28.7605],[-81.8354,28.7548],[-81.82,28.7434],[-81.8009,28.7486],[-81.7983,28.7445],[-81.7872,28.7456],[-81.7942,28.7385],[-81.7762,28.7322],[-81.7577,28.7459],[-81.7445,28.7391],[-81.7084,28.7391],[-81.7084,28.7544],[-81.6935,28.7464],[-81.6586,28.7403],[-81.6586,28.7664],[-81.6465,28.7699],[-81.6465,28.7859],[-81.593,28.786],[-81.5929,28.8152],[-81.6014,28.8152],[-81.6014,28.826],[-81.6094,28.8261],[-81.6147,28.843],[-81.6144,28.8518],[-81.6015,28.8516],[-81.6017,28.8832],[-81.5941,28.8916],[-81.5939,28.962],[-81.6262,28.9604],[-81.6521,28.9688],[-81.6587,28.9668],[-81.6587,28.9603],[-81.9542,28.9595]]]},"properties":{"geoid":"12026","state":"12","district":"26","name":"State House District 26","chamber":"House"}},{"type":"Feature","geometry":{"type":"Polygon","coordinates":[[[-82.0578,29.2167],[-82.0537,29.2043],[-82.0535,29.077],[-82.037,29.0768],[-82.037,29.0577],[-82.0411,29.0555],[-82.0232,29.0308],[-82.0314,29.0301],[-82.04,28.9856],[-82.0402,28.9601],[-81.6587,28.9603],[-81.6587,28.9668],[-81.6521,28.9688],[-81.6262,28.9604],[-81.5939,28.962],[-81.5941,28.8916],[-81.6017,28.8832],[-81.6015,28.8516],[-81.6144,28.8518],[-81.6147,28.843],[-81.6094,28.8261],[-81.6014,28.826],[-81.6014,28.8152],[-81.5929,28.8152],[-81.593,28.786],[-81.4147,28.7856],[-81.4197,28.8155],[-81.4168,28.8246],[-81.383,28.852],[-81.3739,28.87],[-81.3663,28.8736],[-81.3669,28.8792],[-81.3602,28.8714],[-81.3647,28.8657],[-81.3521,28.8623],[-81.3587,28.8483],[-81.3415,28.8471],[-81.3205,28.8345],[-81.2864,28.8687],[-81.278,28.8694],[-81.2859,28.874],[-81.2579,28.9552],[-81.2851,28.9722],[-81.2989,28.9741],[-81.3023,28.9844],[-81.3348,28.9838],[-81.3473,29.0038],[-81.3527,29.065],[-81.351,29.072],[-81.3253,29.0719],[-81.3245,29.0889],[-81.3101,29.0995],[-81.2952,29.1017],[-81.2931,29.1106],[-81.2763,29.129],[-81.2935,29.1535],[-81.3133,29.1955],[-81.3265,29.2529],[-81.3334,29.2623],[-81.4173,29.2612],[-81.4225,29.4005],[-81.4269,29.3969],[-81.4345,29.3993],[-81.4401,29.3855],[-81.4507,29.3785],[-81.6809,29.3244],[-81.6721,29.3053],[-81.6522,29.2966],[-81.642,29.2701],[-81.7272,29.2691],[-81.7272,29.2482],[-81.7394,29.2498],[-81.7416,29.2365],[-81.7706,29.2396],[-81.7706,29.226],[-81.8056,29.2263],[-81.8052,29.2097],[-81.8274,29.2094],[-81.8243,29.1764],[-81.8657,29.172],[-81.9529,29.2124],[-82.0285,29.2192],[-82.0578,29.2167]]]},"properties":{"geoid":"12027","state":"12","district":"27","name":"State House District 27","chamber":"House"}},{"type":"Feature","geometry":{"type":"Polygon","coordinates":[[[-81.3334,29.2623],[-81.3265,29.2529],[-81.3133,29.1955],[-81.2935,29.1535],[-81.2698,29.1184],[-81.2614,29.1181],[-81.2614,29.1213],[-81.2545,29.114],[-81.2173,29.0999],[-81.1532,29.1321],[-81.1272,29.1403],[-81.1272,29.1282],[-81.1181,29.1375],[-81.083,29.1524],[-81.0725,29.1248],[-81.0661,29.1248],[-81.0608,29.1176],[-81.0484,29.1201],[-81.0471,29.1307],[-81.0567,29.1398],[-81.045,29.1417],[-81.0449,29.1549],[-81.0323,29.1528],[-81.0269,29.1578],[-81.0133,29.147],[-81.0103,29.1542],[-81.0048,29.1485],[-80.9751,29.1566],[-80.9609,29.1365],[-80.9627,29.1417],[-80.9588,29.1433],[-80.9644,29.1531],[-80.921,29.1713],[-81.0457,29.4325],[-81.111,29.4269],[-81.1487,29.4168],[-81.1482,29.4118],[-81.1559,29.411],[-81.1501,29.266],[-81.3334,29.2623]]]},"properties":{"geoid":"12028","state":"12","district":"28","name":"State House District 28","chamber":"House"}},{"type":"Feature","geometry":{"type":"Polygon","coordinates":[[[-81.3528,29.0362],[-81.3473,29.0349],[-81.3471,29.003],[-81.3348,28.9838],[-81.3023,28.9844],[-81.2989,28.9741],[-81.2851,28.9722],[-81.2579,28.9552],[-81.2859,28.874],[-81.278,28.8694],[-81.2864,28.8687],[-81.3198,28.8345],[-81.226,28.8326],[-81.2246,28.8216],[-81.2159,28.8144],[-81.2137,28.8042],[-81.1974,28.7919],[-81.181,28.7966],[-81.1789,28.7819],[-81.1604,28.7909],[-81.1362,28.7922],[-81.1403,28.7962],[-81.1293,28.7995],[-81.1311,28.8063],[-81.1231,28.8141],[-81.1266,28.8209],[-81.1198,28.8262],[-81.1053,28.8285],[-81.0973,28.8215],[-81.1038,28.8266],[-81.1007,28.8268],[-81.1014,28.8462],[-81.0687,28.8464],[-81.07,28.9745],[-81.0788,28.9764],[-81.0731,28.9845],[-81.0688,29.0113],[-81.0418,29.0118],[-81.0447,29.0674],[-81.0324,29.0722],[-81.0376,29.0792],[-81.0366,29.0875],[-81.0431,29.0893],[-81.052,29.0843],[-81.0472,29.086],[-81.0477,29.0944],[-81.0558,29.0916],[-81.0564,29.1069],[-81.069,29.1062],[-81.083,29.1524],[-81.1181,29.1375],[-81.1272,29.1282],[-81.1272,29.1403],[-81.1532,29.1321],[-81.2173,29.0999],[-81.2545,29.114],[-81.2614,29.1213],[-81.2614,29.1181],[-81.2698,29.1184],[-81.2763,29.129],[-81.2931,29.1106],[-81.2952,29.1017],[-81.3101,29.0995],[-81.3245,29.0889],[-81.3253,29.0719],[-81.351,29.072],[-81.3528,29.0362]]]},"properties":{"geoid":"12029","state":"12","district":"29","name":"State House District 29","chamber":"House"}},{"type":"Feature","geometry":{"type":"Polygon","coordinates":[[[-81.1038,28.8267],[-81.0973,28.8215],[-81.0919,28.8247],[-81.0849,28.8158],[-81.0767,28.8195],[-81.0674,28.813],[-81.0678,28.8037],[-81.0577,28.7922],[-81.0531,28.7736],[-81.0606,28.762],[-81.0611,28.75],[-81.0364,28.7249],[-81.0347,28.7094],[-81.0166,28.693],[-81.0213,28.6743],[-81.0072,28.6635],[-81.0011,28.64],[-81.0071,28.6363],[-80.9982,28.6306],[-80.9945,28.6217],[-80.9888,28.6245],[-80.9899,28.6139],[-80.9759,28.6078],[-80.971,28.6112],[-80.9683,28.6042],[-80.9521,28.6042],[-80.953,28.6007],[-80.9435,28.5939],[-80.9472,28.5849],[-80.93,28.5632],[-80.9343,28.559],[-80.9329,28.5438],[-80.901,28.5438],[-80.8883,28.5508],[-80.8545,28.5508],[-80.8469,28.5544],[-80.8471,28.5743],[-80.8227,28.5719],[-80.8188,28.5791],[-80.7992,28.5766],[-80.8077,28.6008],[-80.8075,28.6154],[-80.7664,28.6472],[-80.6177,28.6425],[-80.5922,28.6109],[-80.5242,28.6102],[-80.6356,28.7503],[-80.8748,29.106],[-80.9068,29.1447],[-80.921,29.1713],[-80.9644,29.1531],[-80.9588,29.1433],[-80.9627,29.1417],[-80.9609,29.1365],[-80.9751,29.1566],[-81.0048,29.1485],[-81.0103,29.1542],[-81.0133,29.147],[-81.0269,29.1578],[-81.0323,29.1528],[-81.0449,29.1549],[-81.045,29.1417],[-81.0567,29.1398],[-81.0471,29.1307],[-81.0484,29.1201],[-81.0608,29.1176],[-81.0661,29.1248],[-81.0725,29.1248],[-81.069,29.1062],[-81.0564,29.1069],[-81.0558,29.0916],[-81.0477,29.0944],[-81.0472,29.086],[-81.052,29.0843],[-81.0431,29.0893],[-81.0366,29.0875],[-81.0376,29.0792],[-81.0324,29.0722],[-81.0447,29.0674],[-81.0418,29.0118],[-81.0688,29.0113],[-81.0731,28.9845],[-81.0788,28.9764],[-81.07,28.9745],[-81.0687,28.8464],[-81.1014,28.8462],[-81.1007,28.8268],[-81.1038,28.8267]]]},"properties":{"geoid":"12030","state":"12","district":"30","name":"State House District 30","chamber":"House"}},{"type":"Feature","geometry":{"type":"Polygon","coordinates":[[[-80.9396,28.5408],[-80.9392,28.5349],[-80.9234,28.5327],[-80.9175,28.523],[-80.9114,28.5246],[-80.9065,28.5115],[-80.8857,28.5103],[-80.8799,28.5],[-80.8826,28.4915],[-80.8752,28.4895],[-80.8781,28.4867],[-80.8708,28.4714],[-80.8945,28.467],[-80.8934,28.459],[-80.8983,28.4551],[-80.8901,28.4454],[-80.9013,28.4335],[-80.8964,28.4185],[-80.883,28.4082],[-80.8886,28.3858],[-80.8796,28.3804],[-80.8819,28.3747],[-80.8731,28.3703],[-80.8739,28.3616],[-80.8667,28.3503],[-80.8474,28.3457],[-80.8245,28.3331],[-80.7956,28.3301],[-80.7964,28.3454],[-80.785,28.3454],[-80.7799,28.3376],[-80.7797,28.3455],[-80.7694,28.342],[-80.755,28.3455],[-80.755,28.3493],[-80.7141,28.3495],[-80.6511,28.2062],[-80.6337,28.209],[-80.6157,28.1721],[-80.6049,28.1724],[-80.599,28.1575],[-80.5177,28.159],[-80.544,28.2711],[-80.5342,28.3357],[-80.5194,28.3911],[-80.4812,28.4255],[-80.4686,28.4631],[-80.4781,28.4925],[-80.5036,28.5404],[-80.5242,28.6102],[-80.5922,28.6109],[-80.6177,28.6425],[-80.7664,28.6472],[-80.8075,28.6154],[-80.8077,28.6008],[-80.7992,28.5766],[-80.8188,28.5791],[-80.8227,28.5719],[-80.8471,28.5743],[-80.8469,28.5544],[-80.8545,28.5508],[-80.889,28.5507],[-80.901,28.5438],[-80.9396,28.5408]]]},"properties":{"geoid":"12031","state":"12","district":"31","name":"State House District 31","chamber":"House"}},{"type":"Feature","geometry":{"type":"Polygon","coordinates":[[[-80.8628,28.0922],[-80.7663,28.0922],[-80.7417,28.0796],[-80.721,28.0788],[-80.7206,28.0919],[-80.7123,28.092],[-80.7124,28.0989],[-80.7002,28.0947],[-80.6988,28.099],[-80.6716,28.1033],[-80.6672,28.0962],[-80.6712,28.0927],[-80.6686,28.0789],[-80.6643,28.0789],[-80.6643,28.0853],[-80.659,28.0853],[-80.6589,28.0926],[-80.6548,28.0927],[-80.6555,28.079],[-80.6457,28.079],[-80.6456,28.0854],[-80.6379,28.0853],[-80.6379,28.0786],[-80.6294,28.0786],[-80.6227,28.0685],[-80.6145,28.0745],[-80.5899,28.0783],[-80.4999,28.078],[-80.5177,28.159],[-80.599,28.1575],[-80.6049,28.1724],[-80.6157,28.1721],[-80.6337,28.209],[-80.6511,28.2062],[-80.7141,28.3495],[-80.755,28.3493],[-80.755,28.3455],[-80.7694,28.342],[-80.7797,28.3455],[-80.7799,28.3376],[-80.785,28.3454],[-80.7964,28.3454],[-80.7956,28.3301],[-80.8245,28.3331],[-80.8474,28.3457],[-80.8628,28.3472],[-80.8628,28.0922]]]},"properties":{"geoid":"12032","state":"12","district":"32","name":"State House District 32","chamber":"House"}},{"type":"Feature","geometry":{"type":"Polygon","coordinates":[[[-80.8701,28.0571],[-80.8689,27.8225],[-80.7082,27.8252],[-80.7121,27.852],[-80.7073,27.866],[-80.7117,27.8681],[-80.6727,27.8675],[-80.6724,27.882],[-80.6643,27.8811],[-80.6641,27.8893],[-80.6473,27.8892],[-80.6473,27.9102],[-80.6232,27.9101],[-80.6226,27.952],[-80.6196,27.952],[-80.6225,27.9695],[-80.5348,27.9686],[-80.5364,27.9754],[-80.4461,27.9739],[-80.4999,28.078],[-80.5899,28.0783],[-80.6145,28.0745],[-80.6227,28.0685],[-80.6294,28.0786],[-80.6379,28.0786],[-80.6379,28.0853],[-80.6456,28.0854],[-80.6457,28.079],[-80.6555,28.079],[-80.6548,28.0927],[-80.6589,28.0926],[-80.659,28.0853],[-80.6643,28.0853],[-80.6643,28.0789],[-80.6686,28.0789],[-80.6681,28.0978],[-80.6716,28.1033],[-80.6828,28.1029],[-80.6828,28.0993],[-80.7002,28.0983],[-80.7002,28.0947],[-80.7124,28.0989],[-80.7123,28.092],[-80.7206,28.0919],[-80.721,28.0788],[-80.7417,28.0796],[-80.7663,28.0922],[-80.8628,28.0921],[-80.8629,28.0847],[-80.8693,28.0847],[-80.8701,28.0571]]]},"properties":{"geoid":"12033","state":"12","district":"33","name":"State House District 33","chamber":"House"}},{"type":"Feature","geometry":{"type":"Polygon","coordinates":[[[-80.8816,27.8225],[-80.8801,27.7337],[-80.8738,27.7339],[-80.8732,27.6423],[-80.778,27.6432],[-80.7772,27.5587],[-80.2635,27.5568],[-80.2814,27.6212],[-80.2949,27.6393],[-80.3325,27.7612],[-80.4461,27.9739],[-80.5364,27.9754],[-80.5348,27.9686],[-80.6225,27.9695],[-80.6196,27.952],[-80.6226,27.952],[-80.6232,27.9101],[-80.6473,27.9102],[-80.6473,27.8892],[-80.6641,27.8893],[-80.6643,27.8811],[-80.6724,27.882],[-80.6727,27.8675],[-80.7117,27.8681],[-80.7073,27.866],[-80.7121,27.852],[-80.7082,27.8252],[-80.8816,27.8225]]]},"properties":{"geoid":"12034","state":"12","district":"34","name":"State House District 34","chamber":"House"}},{"type":"Feature","geometry":{"type":"Polygon","coordinates":[[[-81.4602,28.0502],[-81.4587,28.0396],[-81.4486,28.0323],[-81.4386,28.0333],[-81.4281,28.0215],[-81.4159,27.9982],[-81.3868,28.0035],[-81.3765,27.9783],[-81.3498,27.9638],[-81.3498,27.9539],[-81.3368,27.9499],[-81.3382,27.9392],[-81.3459,27.9415],[-81.3458,27.9358],[-81.3178,27.9243],[-81.316,27.9285],[-81.3087,27.9219],[-81.3149,27.9012],[-81.3061,27.8862],[-81.3044,27.8704],[-81.2973,27.8627],[-81.3015,27.8652],[-81.3019,27.8621],[-81.2813,27.8575],[-81.2773,27.8508],[-81.2591,27.846],[-81.2505,27.8489],[-81.2503,27.8436],[-81.2465,27.8488],[-81.2311,27.8428],[-81.208,27.821],[-81.2086,27.8122],[-81.186,27.779],[-81.1875,27.775],[-81.1811,27.7742],[-81.173,27.7609],[-81.178,27.7589],[-81.1787,27.7521],[-81.1718,27.7432],[-81.165,27.7423],[-81.1674,27.7234],[-81.1613,27.7242],[-81.1458,27.7103],[-81.1502,27.6998],[-81.1443,27.6697],[-81.131,27.6593],[-81.1325,27.6475],[-81.1422,27.6432],[-80.8731,27.6423],[-80.8738,27.7339],[-80.8801,27.7337],[-80.8816,27.8225],[-80.8689,27.8225],[-80.8701,28.0571],[-80.8693,28.0847],[-80.8629,28.0847],[-80.8628,28.3471],[-80.8736,28.3606],[-80.8731,28.3703],[-80.8819,28.3748],[-80.8796,28.3804],[-80.8885,28.3856],[-80.883,28.4082],[-80.8964,28.4185],[-80.9013,28.4335],[-80.8901,28.4454],[-80.8983,28.4551],[-80.8934,28.459],[-80.8945,28.467],[-80.8708,28.4716],[-80.8781,28.4867],[-80.8754,28.4897],[-80.8841,28.4949],[-80.8799,28.5],[-80.8857,28.5103],[-80.9045,28.5104],[-80.9114,28.5246],[-80.9175,28.523],[-80.9234,28.5327],[-80.9394,28.5351],[-80.9392,28.5418],[-80.9321,28.5424],[-80.9343,28.559],[-80.93,28.5632],[-80.9472,28.5849],[-80.9433,28.5937],[-80.953,28.6007],[-80.9519,28.6042],[-80.9683,28.6042],[-80.9709,28.6111],[-80.9759,28.6078],[-80.9846,28.6129],[-81.1062,28.6126],[-81.1017,28.5986],[-81.1173,28.5879],[-81.1533,28.5883],[-81.1784,28.5799],[-81.1823,28.5654],[-81.1913,28.5654],[-81.1954,28.5737],[-81.2077,28.5733],[-81.2077,28.5669],[-81.2118,28.5674],[-81.2116,28.5484],[-81.2234,28.5472],[-81.2299,28.5395],[-81.2512,28.5393],[-81.2503,28.5167],[-81.2443,28.5026],[-81.1929,28.5026],[-81.1947,28.4956],[-81.1871,28.4955],[-81.1865,28.4862],[-81.1715,28.4814],[-81.161,28.4676],[-81.1611,28.4342],[-81.1731,28.4219],[-81.206,28.4215],[-81.2237,28.4146],[-81.2203,28.4139],[-81.2483,28.3986],[-81.2611,28.3849],[-81.3096,28.3694],[-81.3096,28.3481],[-81.2395,28.3481],[-81.2382,28.3372],[-81.2547,28.324],[-81.2467,28.3053],[-81.2392,28.3047],[-81.244,28.2821],[-81.1976,28.2826],[-81.2013,28.2682],[-81.1953,28.2682],[-81.2033,28.2609],[-81.2017,28.2508],[-81.2054,28.2467],[-81.2274,28.2464],[-81.2234,28.2184],[-81.2283,28.2184],[-81.2291,28.2101],[-81.2366,28.2095],[-81.2345,28.2014],[-81.2439,28.2024],[-81.2438,28.2095],[-81.2561,28.2095],[-81.2581,28.2023],[-81.2763,28.2042],[-81.2783,28.1817],[-81.2884,28.1803],[-81.2953,28.1735],[-81.2926,28.1698],[-81.3021,28.1735],[-81.3079,28.2103],[-81.3233,28.2316],[-81.3395,28.2323],[-81.3494,28.2274],[-81.3699,28.241],[-81.3903,28.233],[-81.3983,28.1999],[-81.3904,28.1811],[-81.3657,28.164],[-81.3515,28.1403],[-81.3438,28.0847],[-81.3488,28.0821],[-81.3464,28.0695],[-81.3654,28.0681],[-81.3626,28.0406],[-81.3758,28.0295],[-81.379,28.0116],[-81.3922,28.0198],[-81.3946,28.0284],[-81.4065,28.0291],[-81.4158,28.0371],[-81.428,28.0393],[-81.4407,28.0586],[-81.4539,28.0576],[-81.4602,28.0502]]]},"properties":{"geoid":"12035","state":"12","district":"35","name":"State House District 35","chamber":"House"}},{"type":"Feature","geometry":{"type":"Polygon","coordinates":[[[-81.4196,28.8156],[-81.4138,28.7926],[-81.3851,28.7918],[-81.3821,28.7572],[-81.3635,28.7561],[-81.3884,28.6947],[-81.3886,28.6837],[-81.3461,28.6833],[-81.3438,28.6796],[-81.3303,28.6873],[-81.3254,28.6925],[-81.3269,28.6979],[-81.3013,28.6993],[-81.3002,28.7051],[-81.2714,28.7048],[-81.2525,28.6898],[-81.228,28.6901],[-81.2305,28.6986],[-81.18,28.6994],[-81.1558,28.6992],[-81.1556,28.6925],[-81.1514,28.6911],[-81.1187,28.7143],[-81.0338,28.7167],[-81.0388,28.7216],[-81.0364,28.7249],[-81.0611,28.75],[-81.0606,28.762],[-81.0531,28.7736],[-81.0577,28.7922],[-81.0678,28.8037],[-81.0674,28.813],[-81.0767,28.8195],[-81.0849,28.8158],[-81.0919,28.8247],[-81.0983,28.8216],[-81.1053,28.8285],[-81.1262,28.8214],[-81.1234,28.8127],[-81.1311,28.8063],[-81.1293,28.7995],[-81.1403,28.7962],[-81.1362,28.7922],[-81.1604,28.7909],[-81.1789,28.7819],[-81.181,28.7966],[-81.1974,28.7919],[-81.2137,28.8042],[-81.2159,28.8144],[-81.2246,28.8216],[-81.226,28.8326],[-81.3205,28.8345],[-81.3415,28.8471],[-81.358,28.8478],[-81.3521,28.8623],[-81.3647,28.8657],[-81.3602,28.8714],[-81.3669,28.8792],[-81.3663,28.8736],[-81.3739,28.87],[-81.383,28.852],[-81.412,28.8306],[-81.4196,28.8156]]]},"properties":{"geoid":"12036","state":"12","district":"36","name":"State House District 36","chamber":"House"}},{"type":"Feature","geometry":{"type":"Polygon","coordinates":[[[-81.3178,28.6031],[-81.3166,28.5863],[-81.3089,28.5861],[-81.3107,28.5572],[-81.2862,28.5684],[-81.2077,28.5669],[-81.2077,28.5733],[-81.1959,28.5738],[-81.1913,28.5654],[-81.1823,28.5654],[-81.1784,28.5799],[-81.1533,28.5883],[-81.1171,28.588],[-81.1017,28.5986],[-81.1062,28.6126],[-80.9872,28.613],[-80.9905,28.6158],[-80.9869,28.6179],[-80.9888,28.6245],[-80.9945,28.6217],[-80.9982,28.6306],[-81.0071,28.6363],[-81.0011,28.64],[-81.0072,28.6635],[-81.0213,28.6743],[-81.0166,28.693],[-81.0353,28.7142],[-81.1187,28.7143],[-81.1514,28.6911],[-81.1556,28.6925],[-81.1558,28.6992],[-81.2305,28.6986],[-81.2271,28.6713],[-81.2292,28.6666],[-81.2418,28.6665],[-81.2415,28.6574],[-81.2263,28.6556],[-81.2491,28.6194],[-81.2447,28.6115],[-81.3145,28.6107],[-81.3178,28.6031]]]},"properties":{"geoid":"12037","state":"12","district":"37","name":"State House District 37","chamber":"House"}},{"type":"Feature","geometry":{"type":"Polygon","coordinates":[[[-81.4436,28.6402],[-81.3285,28.6396],[-81.3279,28.6105],[-81.2447,28.6115],[-81.2491,28.6194],[-81.2263,28.6556],[-81.241,28.6558],[-81.2418,28.6665],[-81.2292,28.6666],[-81.2267,28.6854],[-81.228,28.6901],[-81.2554,28.6904],[-81.274,28.7054],[-81.3002,28.7051],[-81.3013,28.6993],[-81.3269,28.6979],[-81.3254,28.6925],[-81.3303,28.6873],[-81.3438,28.6796],[-81.3461,28.6833],[-81.3886,28.6837],[-81.3886,28.6907],[-81.4095,28.688],[-81.4272,28.6801],[-81.4293,28.6728],[-81.4231,28.6728],[-81.4231,28.6674],[-81.4272,28.666],[-81.4273,28.6582],[-81.4314,28.6582],[-81.4272,28.6545],[-81.4436,28.6402]]]},"properties":{"geoid":"12038","state":"12","district":"38","name":"State House District 38","chamber":"House"}},{"type":"Feature","geometry":{"type":"Polygon","coordinates":[[[-81.6586,28.7428],[-81.6572,28.5926],[-81.6481,28.5845],[-81.6527,28.5711],[-81.6572,28.5698],[-81.6573,28.557],[-81.6499,28.559],[-81.6479,28.5647],[-81.6429,28.5608],[-81.6165,28.5646],[-81.6176,28.5511],[-81.5692,28.5454],[-81.558,28.5467],[-81.5589,28.5515],[-81.538,28.5517],[-81.5436,28.5592],[-81.5412,28.574],[-81.5507,28.5736],[-81.5535,28.5989],[-81.5423,28.6217],[-81.4987,28.6219],[-81.4875,28.6333],[-81.4486,28.6354],[-81.4272,28.6545],[-81.4314,28.6582],[-81.4273,28.6582],[-81.4272,28.666],[-81.4231,28.6674],[-81.4231,28.6728],[-81.4293,28.6728],[-81.4272,28.6801],[-81.4162,28.6863],[-81.3889,28.6907],[-81.3635,28.7561],[-81.3821,28.7572],[-81.3851,28.7918],[-81.4138,28.7926],[-81.4147,28.7856],[-81.6465,28.7859],[-81.6465,28.7699],[-81.6586,28.7664],[-81.6586,28.7428]]]},"properties":{"geoid":"12039","state":"12","district":"39","name":"State House District 39","chamber":"House"}},{"type":"Feature","geometry":{"type":"Polygon","coordinates":[[[-81.5535,28.5993],[-81.5507,28.5736],[-81.5412,28.574],[-81.5436,28.5592],[-81.5379,28.5516],[-81.3825,28.553],[-81.376,28.5668],[-81.3752,28.5822],[-81.3896,28.582],[-81.4023,28.5999],[-81.4015,28.6095],[-81.4148,28.6164],[-81.4065,28.6208],[-81.4108,28.622],[-81.4066,28.6256],[-81.4088,28.6364],[-81.4152,28.6401],[-81.4873,28.6333],[-81.4987,28.6219],[-81.5423,28.6217],[-81.5535,28.5993]]]},"properties":{"geoid":"12040","state":"12","district":"40","name":"State House District 40","chamber":"House"}},{"type":"Feature","geometry":{"type":"Polygon","coordinates":[[[-81.5297,28.5516],[-81.5295,28.5445],[-81.523,28.5446],[-81.5264,28.5333],[-81.459,28.4899],[-81.4568,28.4513],[-81.4007,28.4504],[-81.397,28.5101],[-81.3863,28.5188],[-81.3825,28.553],[-81.5297,28.5516]]]},"properties":{"geoid":"12041","state":"12","district":"41","name":"State House District 41","chamber":"House"}},{"type":"Feature","geometry":{"type":"Polygon","coordinates":[[[-81.4152,28.6401],[-81.4088,28.6364],[-81.4066,28.6256],[-81.4108,28.622],[-81.4065,28.6208],[-81.4148,28.6164],[-81.4015,28.6095],[-81.4023,28.5999],[-81.3933,28.5853],[-81.3752,28.5822],[-81.3863,28.5188],[-81.397,28.5101],[-81.397,28.4653],[-81.3843,28.4654],[-81.3843,28.4727],[-81.3693,28.4729],[-81.3637,28.451],[-81.3559,28.4511],[-81.3594,28.4437],[-81.3511,28.4445],[-81.3511,28.4497],[-81.3348,28.4538],[-81.3389,28.4585],[-81.3308,28.4586],[-81.3307,28.4806],[-81.3183,28.4806],[-81.3184,28.4952],[-81.3143,28.4952],[-81.3145,28.5244],[-81.3249,28.5243],[-81.325,28.5391],[-81.3104,28.5394],[-81.3089,28.5861],[-81.3166,28.5863],[-81.3145,28.6107],[-81.3279,28.6105],[-81.3285,28.6396],[-81.4152,28.6401]]]},"properties":{"geoid":"12042","state":"12","district":"42","name":"State House District 42","chamber":"House"}},{"type":"Feature","geometry":{"type":"Polygon","coordinates":[[[-81.3389,28.4585],[-81.3348,28.4538],[-81.3389,28.4502],[-81.2643,28.4484],[-81.2561,28.4287],[-81.2435,28.4177],[-81.2446,28.4006],[-81.2068,28.4213],[-81.1729,28.422],[-81.161,28.4347],[-81.1613,28.4685],[-81.1715,28.4814],[-81.1766,28.4814],[-81.176,28.4855],[-81.1865,28.4862],[-81.1871,28.4955],[-81.1947,28.4956],[-81.1929,28.5026],[-81.2443,28.5026],[-81.2496,28.5142],[-81.2512,28.5393],[-81.2299,28.5395],[-81.2234,28.5472],[-81.2116,28.5484],[-81.2118,28.5674],[-81.2881,28.5682],[-81.3107,28.5572],[-81.3104,28.5394],[-81.325,28.5391],[-81.3249,28.5243],[-81.3145,28.5244],[-81.3183,28.4806],[-81.3307,28.4806],[-81.3308,28.4586],[-81.3389,28.4585]]]},"properties":{"geoid":"12043","state":"12","district":"43","name":"State House District 43","chamber":"House"}},{"type":"Feature","geometry":{"type":"Polygon","coordinates":[[[-81.5318,28.3474],[-81.3832,28.3479],[-81.3897,28.3683],[-81.3213,28.3673],[-81.2942,28.3728],[-81.2596,28.3858],[-81.2446,28.4006],[-81.2433,28.4169],[-81.2561,28.4287],[-81.2643,28.4484],[-81.3279,28.4512],[-81.3509,28.4498],[-81.3511,28.4445],[-81.3594,28.4437],[-81.3559,28.4511],[-81.3637,28.451],[-81.3693,28.4729],[-81.3843,28.4727],[-81.3843,28.4654],[-81.397,28.4653],[-81.4007,28.4504],[-81.4568,28.4513],[-81.459,28.4899],[-81.4838,28.503],[-81.4835,28.4937],[-81.5085,28.4936],[-81.5079,28.4739],[-81.4997,28.46],[-81.5041,28.4396],[-81.5045,28.3778],[-81.5318,28.3474]]]},"properties":{"geoid":"12044","state":"12","district":"44","name":"State House District 44","chamber":"House"}},{"type":"Feature","geometry":{"type":"Polygon","coordinates":[[[-81.6576,28.4925],[-81.6572,28.2592],[-81.5464,28.2598],[-81.5367,28.2642],[-81.5443,28.272],[-81.5411,28.2888],[-81.5247,28.2892],[-81.5231,28.3329],[-81.5103,28.3472],[-81.5319,28.3473],[-81.5045,28.3778],[-81.5041,28.4396],[-81.4997,28.46],[-81.5079,28.4739],[-81.5085,28.4936],[-81.4835,28.4937],[-81.4838,28.503],[-81.5267,28.5336],[-81.523,28.5446],[-81.5295,28.5445],[-81.5297,28.5516],[-81.5918,28.5453],[-81.5918,28.551],[-81.6176,28.5511],[-81.6165,28.5646],[-81.6429,28.5608],[-81.6479,28.5647],[-81.6499,28.559],[-81.6573,28.557],[-81.6576,28.4925]]]},"properties":{"geoid":"12045","state":"12","district":"45","name":"State House District 45","chamber":"House"}},{"type":"Feature","geometry":{"type":"Polygon","coordinates":[[[-81.5583,28.2599],[-81.5241,28.201],[-81.5242,28.1428],[-81.4562,28.1432],[-81.4558,28.0849],[-81.3438,28.0847],[-81.3515,28.1403],[-81.3657,28.164],[-81.3904,28.1811],[-81.3984,28.2004],[-81.3903,28.233],[-81.3968,28.2553],[-81.3901,28.2635],[-81.3965,28.2713],[-81.3921,28.2826],[-81.3954,28.2931],[-81.4005,28.2951],[-81.3908,28.3145],[-81.3742,28.3252],[-81.3832,28.3479],[-81.5112,28.3469],[-81.5231,28.3329],[-81.5247,28.2892],[-81.5411,28.2887],[-81.5443,28.272],[-81.5367,28.2642],[-81.5583,28.2599]]]},"properties":{"geoid":"12046","state":"12","district":"46","name":"State House District 46","chamber":"House"}},{"type":"Feature","geometry":{"type":"Polygon","coordinates":[[[-81.4005,28.2951],[-81.3954,28.2931],[-81.3921,28.2826],[-81.3965,28.2713],[-81.3901,28.2634],[-81.3968,28.2553],[-81.3903,28.233],[-81.3699,28.241],[-81.3494,28.2274],[-81.3395,28.2323],[-81.3233,28.2316],[-81.3081,28.2109],[-81.3021,28.1735],[-81.2967,28.1735],[-81.2967,28.1698],[-81.2926,28.1698],[-81.2953,28.1735],[-81.2884,28.1803],[-81.2783,28.1817],[-81.2763,28.2042],[-81.2581,28.2023],[-81.2561,28.2095],[-81.2438,28.2095],[-81.2439,28.2024],[-81.2345,28.2014],[-81.2366,28.2095],[-81.2291,28.2101],[-81.2283,28.2184],[-81.2234,28.2184],[-81.2274,28.2464],[-81.2054,28.2467],[-81.2017,28.2508],[-81.2033,28.2609],[-81.1953,28.2682],[-81.2013,28.2682],[-81.1976,28.2826],[-81.244,28.2821],[-81.2392,28.3047],[-81.2467,28.3053],[-81.2547,28.324],[-81.2382,28.3372],[-81.2395,28.3481],[-81.3096,28.3481],[-81.3096,28.3694],[-81.3897,28.3683],[-81.3742,28.3252],[-81.3908,28.3145],[-81.4005,28.2951]]]},"properties":{"geoid":"12047","state":"12","district":"47","name":"State House District 47","chamber":"House"}},{"type":"Feature","geometry":{"type":"Polygon","coordinates":[[[-81.7701,28.0678],[-81.7555,28.0327],[-81.7556,28.028],[-81.7678,28.0262],[-81.7596,28.0171],[-81.755,27.9914],[-81.7481,27.9873],[-81.738,27.9947],[-81.7186,27.9748],[-81.7136,27.9676],[-81.7165,27.9639],[-81.7103,27.9621],[-81.7101,27.9532],[-81.7156,27.9531],[-81.7201,27.9457],[-81.7191,27.9051],[-81.711,27.9051],[-81.711,27.9007],[-81.6987,27.9024],[-81.6998,27.9135],[-81.659,27.903],[-81.6504,27.8928],[-81.6444,27.8818],[-81.6377,27.8114],[-81.5937,27.7462],[-81.5688,27.7194],[-81.5628,27.7065],[-81.5634,27.6916],[-81.5299,27.6464],[-81.1422,27.6432],[-81.1325,27.6475],[-81.1318,27.6615],[-81.1451,27.6733],[-81.1502,27.6998],[-81.1458,27.7103],[-81.1613,27.7242],[-81.1674,27.7234],[-81.165,27.7423],[-81.1718,27.7432],[-81.1787,27.7521],[-81.178,27.7589],[-81.173,27.7609],[-81.1811,27.7742],[-81.1875,27.775],[-81.186,27.779],[-81.2086,27.8122],[-81.208,27.821],[-81.2311,27.8428],[-81.2465,27.8488],[-81.2503,27.8436],[-81.2505,27.8489],[-81.2591,27.846],[-81.2773,27.8508],[-81.2813,27.8575],[-81.3019,27.8621],[-81.3015,27.8652],[-81.2973,27.8627],[-81.3044,27.8704],[-81.3061,27.8862],[-81.3148,27.9006],[-81.3089,27.9221],[-81.316,27.9285],[-81.3178,27.9243],[-81.3467,27.9368],[-81.3459,27.9415],[-81.3382,27.9392],[-81.3368,27.9499],[-81.3498,27.9539],[-81.3498,27.9638],[-81.3765,27.9783],[-81.3869,28.0035],[-81.4159,27.9982],[-81.4386,28.0332],[-81.4486,28.0323],[-81.4588,28.0398],[-81.4574,28.0551],[-81.4411,28.0587],[-81.428,28.0393],[-81.4158,28.0371],[-81.4065,28.0291],[-81.3946,28.0284],[-81.3922,28.0198],[-81.3788,28.0117],[-81.3758,28.0295],[-81.3626,28.0406],[-81.3655,28.0679],[-81.3465,28.0693],[-81.3464,28.0847],[-81.4558,28.0849],[-81.4562,28.1432],[-81.5173,28.143],[-81.5391,28.1349],[-81.5535,28.1158],[-81.5612,28.1141],[-81.5627,28.1068],[-81.5688,28.1059],[-81.5661,28.0983],[-81.5542,28.0969],[-81.5573,28.0905],[-81.5656,28.0878],[-81.5506,28.084],[-81.5507,28.0774],[-81.5623,28.0774],[-81.5625,28.0665],[-81.5667,28.0701],[-81.5892,28.07],[-81.5892,28.0784],[-81.6118,28.0772],[-81.609,28.0692],[-81.62,28.0681],[-81.6199,28.0626],[-81.6382,28.0622],[-81.6497,28.0814],[-81.6579,28.0848],[-81.6583,28.0808],[-81.6625,28.0845],[-81.6669,28.0808],[-81.6737,28.092],[-81.6852,28.0922],[-81.6942,28.0884],[-81.6961,28.0797],[-81.7023,28.0844],[-81.7105,28.0811],[-81.7105,28.075],[-81.7046,28.0717],[-81.7092,28.0669],[-81.7224,28.0661],[-81.7327,28.0756],[-81.7562,28.0659],[-81.7638,28.0652],[-81.7641,28.0711],[-81.7701,28.0678]]]},"properties":{"geoid":"12048","state":"12","district":"48","name":"State House District 48","chamber":"House"}},{"type":"Feature","geometry":{"type":"Polygon","coordinates":[[[-82.0554,27.9236],[-82.0543,27.6464],[-81.5299,27.6464],[-81.5634,27.6916],[-81.5628,27.7065],[-81.5688,27.7194],[-81.5937,27.7462],[-81.6377,27.8114],[-81.6444,27.8818],[-81.6504,27.8928],[-81.659,27.903],[-81.6998,27.9135],[-81.6987,27.9024],[-81.711,27.9007],[-81.711,27.9051],[-81.7191,27.9051],[-81.7201,27.9457],[-81.7101,27.9537],[-81.7186,27.9748],[-81.738,27.9947],[-81.7481,27.9873],[-81.7541,27.9903],[-81.7596,28.0171],[-81.7814,28.0332],[-81.8224,28.0331],[-81.8213,28.0258],[-81.8315,28.0259],[-81.8332,28.0368],[-81.8461,28.0405],[-81.8384,28.0503],[-81.8434,28.0508],[-81.8441,28.0661],[-81.8442,28.0698],[-81.838,28.0697],[-81.839,28.0736],[-81.9122,28.0716],[-81.9161,28.0478],[-81.9244,28.0459],[-81.9246,28.0315],[-81.9137,28.0352],[-81.9119,28.0187],[-81.9078,28.0191],[-81.9078,28.0141],[-81.9134,28.0141],[-81.9021,28.0007],[-81.924,27.9968],[-81.924,27.9905],[-81.9149,27.9821],[-81.9239,27.9859],[-81.9198,27.9784],[-81.9305,27.9747],[-81.9602,27.9749],[-81.9571,27.9821],[-81.9914,27.9821],[-82.0076,27.9528],[-82.0554,27.9529],[-82.0554,27.9236]]]},"properties":{"geoid":"12049","state":"12","district":"49","name":"State House District 49","chamber":"House"}},{"type":"Feature","geometry":{"type":"Polygon","coordinates":[[[-82.0563,28.1433],[-82.0554,27.9529],[-82.0076,27.9528],[-81.9914,27.9821],[-81.9569,27.982],[-81.9602,27.9749],[-81.9239,27.9747],[-81.9198,27.9784],[-81.9239,27.9859],[-81.9149,27.9821],[-81.924,27.9905],[-81.924,27.9968],[-81.9021,28.0007],[-81.9134,28.0141],[-81.9078,28.0141],[-81.9078,28.0191],[-81.9119,28.0187],[-81.9137,28.0352],[-81.9246,28.0315],[-81.9244,28.0459],[-81.9161,28.0478],[-81.9142,28.0698],[-81.9082,28.0737],[-81.839,28.0736],[-81.8385,28.0771],[-81.8335,28.0736],[-81.8301,28.0996],[-81.8388,28.1315],[-81.8389,28.1538],[-81.8542,28.1518],[-81.8544,28.1574],[-81.8604,28.1585],[-81.8687,28.1551],[-81.8687,28.1611],[-81.881,28.1611],[-81.8811,28.1717],[-81.9058,28.172],[-81.9056,28.1574],[-81.9289,28.1519],[-81.9384,28.1442],[-81.9466,28.1468],[-81.9464,28.1538],[-81.9738,28.1538],[-81.9747,28.1648],[-82.0104,28.1646],[-82.0192,28.1718],[-82.0562,28.1717],[-82.0563,28.1433]]]},"properties":{"geoid":"12050","state":"12","district":"50","name":"State House District 50","chamber":"House"}},{"type":"Feature","geometry":{"type":"Polygon","coordinates":[[[-82.1062,28.2502],[-82.1059,28.1718],[-82.0192,28.1718],[-82.0104,28.1646],[-81.9747,28.1648],[-81.9738,28.1538],[-81.9464,28.1538],[-81.9441,28.1442],[-81.9056,28.1574],[-81.9058,28.172],[-81.8811,28.1717],[-81.881,28.1611],[-81.8687,28.1611],[-81.8687,28.1551],[-81.8604,28.1585],[-81.8544,28.1574],[-81.8542,28.1518],[-81.8389,28.1538],[-81.8388,28.1315],[-81.83,28.092],[-81.8335,28.0736],[-81.8389,28.077],[-81.838,28.0697],[-81.8442,28.0698],[-81.8434,28.0508],[-81.8384,28.0503],[-81.8461,28.0405],[-81.8332,28.0368],[-81.8315,28.0259],[-81.8213,28.0258],[-81.8224,28.0331],[-81.7814,28.0332],[-81.767,28.0211],[-81.7671,28.0275],[-81.7556,28.028],[-81.7555,28.0327],[-81.7701,28.0633],[-81.7681,28.0714],[-81.7629,28.0702],[-81.7638,28.0652],[-81.7576,28.0656],[-81.7327,28.0756],[-81.7224,28.0661],[-81.7092,28.0669],[-81.7046,28.0717],[-81.7105,28.075],[-81.7105,28.0811],[-81.7024,28.0844],[-81.7023,28.0808],[-81.6941,28.0808],[-81.6901,28.092],[-81.6737,28.092],[-81.6669,28.0808],[-81.6625,28.0845],[-81.6583,28.0808],[-81.6579,28.0848],[-81.6497,28.0814],[-81.6382,28.0622],[-81.6199,28.0626],[-81.62,28.0681],[-81.609,28.0692],[-81.6118,28.0772],[-81.5892,28.0784],[-81.5892,28.07],[-81.5667,28.0701],[-81.5625,28.0665],[-81.5623,28.0774],[-81.5507,28.0774],[-81.5506,28.084],[-81.5656,28.0878],[-81.5573,28.0905],[-81.5542,28.0969],[-81.5661,28.0983],[-81.5688,28.1059],[-81.5627,28.1068],[-81.5612,28.1141],[-81.5535,28.1158],[-81.5391,28.1349],[-81.5173,28.1425],[-81.5242,28.1428],[-81.5241,28.201],[-81.5575,28.2594],[-81.6572,28.2592],[-81.6573,28.3471],[-81.7907,28.3464],[-81.7909,28.3618],[-81.8576,28.3619],[-81.8575,28.346],[-81.9576,28.3452],[-81.9578,28.3089],[-81.9748,28.3105],[-81.9858,28.3053],[-81.9953,28.3186],[-82.0076,28.3232],[-82.0451,28.3185],[-82.0558,28.3128],[-82.0555,28.2589],[-82.1062,28.2592],[-82.1062,28.2502]]]},"properties":{"geoid":"12051","state":"12","district":"51","name":"State House District 51","chamber":"House"}},{"type":"Feature","geometry":{"type":"Polygon","coordinates":[[[-82.5071,28.6947],[-82.4943,28.6844],[-82.4966,28.6774],[-82.489,28.6411],[-82.4928,28.6055],[-82.4801,28.5837],[-82.4767,28.501],[-82.4838,28.4873],[-82.4781,28.4617],[-82.4847,28.4515],[-82.4851,28.4337],[-82.2534,28.4348],[-82.2533,28.4785],[-82.0547,28.4784],[-82.0558,28.3128],[-82.0204,28.3238],[-81.9957,28.3188],[-81.9857,28.3053],[-81.9748,28.3105],[-81.9578,28.3089],[-81.9542,28.9601],[-82.3117,28.9604],[-82.2971,28.9484],[-82.2959,28.9384],[-82.29,28.9356],[-82.2736,28.8972],[-82.2425,28.8768],[-82.232,28.8566],[-82.1829,28.8226],[-82.1793,28.8033],[-82.1691,28.793],[-82.1879,28.7778],[-82.1882,28.7717],[-82.1822,28.7689],[-82.1839,28.7628],[-82.2078,28.7566],[-82.2491,28.7178],[-82.2485,28.7019],[-82.26,28.6827],[-82.2631,28.6676],[-82.418,28.6659],[-82.4184,28.6949],[-82.5071,28.6947]]]},"properties":{"geoid":"12052","state":"12","district":"52","name":"State House District 52","chamber":"House"}},{"type":"Feature","geometry":{"type":"Polygon","coordinates":[[[-82.9338,28.3431],[-82.9377,28.3412],[-82.7361,28.3411],[-82.7248,28.3422],[-82.7266,28.3493],[-82.6993,28.346],[-82.6932,28.3642],[-82.677,28.3489],[-82.675,28.3564],[-82.6582,28.3607],[-82.5451,28.3611],[-82.5368,28.3865],[-82.4867,28.4227],[-82.4847,28.4515],[-82.4782,28.4612],[-82.4838,28.4864],[-82.4767,28.501],[-82.4801,28.5837],[-82.4928,28.6055],[-82.489,28.6411],[-82.4966,28.6774],[-82.4943,28.6844],[-82.5074,28.6947],[-82.8895,28.6932],[-82.8709,28.6216],[-82.8391,28.5746],[-82.8564,28.5277],[-82.8554,28.4772],[-82.8709,28.4453],[-82.8966,28.3586],[-82.9338,28.3431]]]},"properties":{"geoid":"12053","state":"12","district":"53","name":"State House District 53","chamber":"House"}},{"type":"Feature","geometry":{"type":"Polygon","coordinates":[[[-82.4291,28.1863],[-82.4282,28.1713],[-82.1059,28.1718],[-82.1062,28.2592],[-82.0555,28.2589],[-82.0547,28.4784],[-82.2533,28.4785],[-82.2534,28.4348],[-82.3028,28.4349],[-82.303,28.4195],[-82.3189,28.396],[-82.3247,28.3253],[-82.3369,28.3245],[-82.333,28.2786],[-82.3368,28.2623],[-82.3855,28.2207],[-82.3988,28.2002],[-82.4276,28.2003],[-82.4291,28.1863]]]},"properties":{"geoid":"12054","state":"12","district":"54","name":"State House District 54","chamber":"House"}},{"type":"Feature","geometry":{"type":"Polygon","coordinates":[[[-82.676,28.3498],[-82.666,28.3398],[-82.666,28.3082],[-82.6758,28.2931],[-82.6739,28.2402],[-82.6659,28.2316],[-82.665,28.1776],[-82.6721,28.1733],[-82.4282,28.1713],[-82.4276,28.2003],[-82.3988,28.2002],[-82.3855,28.2207],[-82.3367,28.2624],[-82.333,28.2786],[-82.3369,28.3245],[-82.3247,28.3253],[-82.3193,28.3948],[-82.303,28.4195],[-82.3028,28.4349],[-82.4852,28.4337],[-82.4878,28.4215],[-82.5376,28.3855],[-82.5451,28.3611],[-82.6582,28.3607],[-82.675,28.3564],[-82.676,28.3498]]]},"properties":{"geoid":"12055","state":"12","district":"55","name":"State House District 55","chamber":"House"}},{"type":"Feature","geometry":{"type":"Polygon","coordinates":[[[-83.0224,28.2114],[-83.0188,28.171],[-82.6721,28.1733],[-82.665,28.1776],[-82.6659,28.2316],[-82.6739,28.2402],[-82.6758,28.2931],[-82.666,28.3082],[-82.666,28.3398],[-82.6932,28.3642],[-82.6993,28.346],[-82.7266,28.3493],[-82.7248,28.3422],[-82.7361,28.3411],[-82.9377,28.3412],[-82.9742,28.3157],[-82.9997,28.2854],[-83.0153,28.2523],[-83.0224,28.2114]]]},"properties":{"geoid":"12056","state":"12","district":"56","name":"State House District 56","chamber":"House"}},{"type":"Feature","geometry":{"type":"Polygon","coordinates":[[[-83.0188,28.171],[-83.0082,28.0619],[-82.9994,28.0223],[-82.8499,28.0164],[-82.826,28.019],[-82.8166,28.0008],[-82.8009,28.0006],[-82.7994,28.0134],[-82.7468,28.0194],[-82.7472,28.0487],[-82.7093,28.049],[-82.709,28.0337],[-82.7008,28.0352],[-82.7007,28.0269],[-82.7089,28.0234],[-82.7088,28.0121],[-82.7121,28.012],[-82.7089,28.01],[-82.7088,27.979],[-82.6807,27.9789],[-82.68,27.9625],[-82.6479,27.9664],[-82.6513,28.1733],[-83.0188,28.171]]]},"properties":{"geoid":"12057","state":"12","district":"57","name":"State House District 57","chamber":"House"}},{"type":"Feature","geometry":{"type":"Polygon","coordinates":[[[-83.0205,27.881],[-83.0202,27.8719],[-82.8493,27.8717],[-82.8311,27.9162],[-82.8173,27.9132],[-82.8157,27.918],[-82.8094,27.9179],[-82.8089,27.9242],[-82.8005,27.9241],[-82.8,27.939],[-82.7958,27.9351],[-82.7749,27.9351],[-82.7709,27.9433],[-82.7708,27.9388],[-82.7255,27.9366],[-82.72,27.941],[-82.7247,27.9475],[-82.7187,27.9571],[-82.68,27.9622],[-82.6807,27.9789],[-82.7088,27.979],[-82.7089,28.01],[-82.7121,28.012],[-82.7088,28.0121],[-82.7089,28.0234],[-82.7007,28.0269],[-82.7008,28.0352],[-82.709,28.0337],[-82.7093,28.049],[-82.7472,28.0487],[-82.7468,28.0194],[-82.7994,28.0134],[-82.8009,28.0006],[-82.8166,28.0008],[-82.826,28.019],[-82.8499,28.0164],[-82.9994,28.0223],[-82.9984,27.9903],[-83.0141,27.9334],[-83.0205,27.881]]]},"properties":{"geoid":"12058","state":"12","district":"58","name":"State House District 58","chamber":"House"}},{"type":"Feature","geometry":{"type":"Polygon","coordinates":[[[-82.8498,27.8772],[-82.8382,27.8439],[-82.752,27.8391],[-82.7408,27.8593],[-82.7288,27.8552],[-82.729,27.8907],[-82.723,27.8943],[-82.694,27.8943],[-82.693,27.9036],[-82.7009,27.9103],[-82.6986,27.9233],[-82.7206,27.9362],[-82.7708,27.9388],[-82.7709,27.9433],[-82.7749,27.9351],[-82.7958,27.9351],[-82.8,27.939],[-82.8005,27.9241],[-82.8089,27.9242],[-82.8094,27.9179],[-82.8157,27.918],[-82.8173,27.9132],[-82.8311,27.9162],[-82.8381,27.8939],[-82.8498,27.8772]]]},"properties":{"geoid":"12059","state":"12","district":"59","name":"State House District 59","chamber":"House"}},{"type":"Feature","geometry":{"type":"Polygon","coordinates":[[[-82.7291,27.8864],[-82.7288,27.8533],[-82.6795,27.8091],[-82.6794,27.7747],[-82.658,27.772],[-82.6559,27.7768],[-82.6446,27.7773],[-82.6448,27.7622],[-82.6369,27.7546],[-82.6196,27.7602],[-82.6176,27.7778],[-82.6018,27.7895],[-82.5788,27.8235],[-82.5652,27.8235],[-82.5736,27.8884],[-82.585,27.9254],[-82.6105,27.9454],[-82.6477,27.9544],[-82.6479,27.9664],[-82.7203,27.9562],[-82.7247,27.9472],[-82.72,27.941],[-82.7254,27.9367],[-82.6986,27.9233],[-82.7009,27.9103],[-82.6932,27.9043],[-82.6932,27.8954],[-82.7259,27.8937],[-82.7291,27.8864]]]},"properties":{"geoid":"12060","state":"12","district":"60","name":"State House District 60","chamber":"House"}},{"type":"Feature","geometry":{"type":"Polygon","coordinates":[[[-83.0202,27.8719],[-83.0111,27.8179],[-82.9923,27.7747],[-82.9655,27.7339],[-82.9152,27.6841],[-82.9349,27.5995],[-82.9329,27.562],[-82.9242,27.5308],[-82.7496,27.5657],[-82.6467,27.6081],[-82.6766,27.6526],[-82.6793,27.7265],[-82.692,27.7338],[-82.6874,27.7447],[-82.6997,27.7447],[-82.6998,27.7627],[-82.708,27.7646],[-82.7054,27.7772],[-82.6794,27.7791],[-82.6795,27.8091],[-82.7288,27.8552],[-82.7408,27.8593],[-82.752,27.8391],[-82.7913,27.8397],[-82.7986,27.8434],[-82.8382,27.8439],[-82.8529,27.8724],[-83.0202,27.8719]]]},"properties":{"geoid":"12061","state":"12","district":"61","name":"State House District 61","chamber":"House"}},{"type":"Feature","geometry":{"type":"Polygon","coordinates":[[[-82.7081,27.7718],[-82.708,27.7646],[-82.6998,27.7627],[-82.6997,27.7447],[-82.6874,27.7447],[-82.692,27.7338],[-82.6793,27.7265],[-82.6761,27.651],[-82.6467,27.6081],[-82.5535,27.6456],[-82.5128,27.7066],[-82.4937,27.7194],[-82.4839,27.7198],[-82.4855,27.7258],[-82.4783,27.7256],[-82.4768,27.7351],[-82.4813,27.7435],[-82.435,27.763],[-82.4321,27.7672],[-82.4361,27.7766],[-82.4204,27.7934],[-82.3349,27.792],[-82.3267,27.8717],[-82.3475,27.8716],[-82.3485,27.8922],[-82.3311,27.9287],[-82.3263,27.9972],[-82.3578,27.9955],[-82.3602,27.9815],[-82.3837,27.9815],[-82.4016,27.9677],[-82.4018,27.95],[-82.4167,27.9548],[-82.431,27.9519],[-82.4456,27.9552],[-82.4425,27.9495],[-82.4483,27.9236],[-82.4365,27.9024],[-82.4508,27.892],[-82.4503,27.8126],[-82.5639,27.8134],[-82.5652,27.8235],[-82.5788,27.8235],[-82.6018,27.7895],[-82.6176,27.7778],[-82.6196,27.7602],[-82.6242,27.7561],[-82.6369,27.7546],[-82.6448,27.7622],[-82.6446,27.7773],[-82.6754,27.7719],[-82.6794,27.7791],[-82.689,27.7791],[-82.7054,27.7772],[-82.7081,27.7718]]]},"properties":{"geoid":"12062","state":"12","district":"62","name":"State House District 62","chamber":"House"}},{"type":"Feature","geometry":{"type":"Polygon","coordinates":[[[-82.4851,27.9528],[-82.483,27.9469],[-82.4768,27.9459],[-82.4435,27.9556],[-82.4018,27.95],[-82.4016,27.9677],[-82.3837,27.9815],[-82.3602,27.9815],[-82.3578,27.9955],[-82.3263,27.9972],[-82.3286,28.0138],[-82.3495,28.0384],[-82.3534,28.0542],[-82.4261,28.0545],[-82.426,28.0692],[-82.4492,28.0693],[-82.4474,28.0436],[-82.4512,28.0436],[-82.4552,28.0201],[-82.4595,28.0211],[-82.4594,27.9733],[-82.4677,27.9734],[-82.4677,27.9669],[-82.4849,27.9667],[-82.4851,27.9528]]]},"properties":{"geoid":"12063","state":"12","district":"63","name":"State House District 63","chamber":"House"}},{"type":"Feature","geometry":{"type":"Polygon","coordinates":[[[-82.6081,28.0104],[-82.5819,27.9968],[-82.5672,27.9826],[-82.5458,27.9817],[-82.5447,27.9605],[-82.5181,27.9611],[-82.5138,27.9595],[-82.5139,27.9511],[-82.5026,27.9562],[-82.485,27.9562],[-82.4849,27.9667],[-82.4677,27.9669],[-82.4677,27.9734],[-82.4594,27.9733],[-82.4595,28.0211],[-82.4552,28.0201],[-82.4548,28.0329],[-82.5058,28.0366],[-82.5397,28.0607],[-82.5794,28.066],[-82.5825,28.0648],[-82.583,28.0293],[-82.6039,28.0198],[-82.6081,28.0104]]]},"properties":{"geoid":"12064","state":"12","district":"64","name":"State House District 64","chamber":"House"}},{"type":"Feature","geometry":{"type":"Polygon","coordinates":[[[-82.6486,28.0126],[-82.6477,27.9544],[-82.6073,27.9438],[-82.5896,27.9312],[-82.5822,27.9197],[-82.5736,27.8884],[-82.5639,27.8134],[-82.4503,27.8126],[-82.4508,27.892],[-82.4365,27.9024],[-82.4483,27.9236],[-82.4425,27.9495],[-82.4456,27.9552],[-82.4768,27.9459],[-82.483,27.9469],[-82.485,27.9562],[-82.5026,27.9562],[-82.5139,27.9511],[-82.5138,27.9595],[-82.5181,27.9611],[-82.5447,27.9605],[-82.5458,27.9817],[-82.5672,27.9826],[-82.5819,27.9968],[-82.6081,28.0104],[-82.6039,28.0198],[-82.583,28.0293],[-82.5825,28.0624],[-82.6236,28.0555],[-82.6486,28.0562],[-82.6486,28.0126]]]},"properties":{"geoid":"12065","state":"12","district":"65","name":"State House District 65","chamber":"House"}},{"type":"Feature","geometry":{"type":"Polygon","coordinates":[[[-82.6513,28.1734],[-82.6486,28.0562],[-82.6236,28.0555],[-82.5794,28.066],[-82.5552,28.0653],[-82.5285,28.0555],[-82.5062,28.0367],[-82.466,28.0329],[-82.4513,28.0329],[-82.4512,28.0436],[-82.4474,28.0436],[-82.452,28.0965],[-82.4262,28.1106],[-82.3946,28.1713],[-82.6513,28.1734]]]},"properties":{"geoid":"12066","state":"12","district":"66","name":"State House District 66","chamber":"House"}},{"type":"Feature","geometry":{"type":"Polygon","coordinates":[[[-82.452,28.0965],[-82.4511,28.0693],[-82.426,28.0692],[-82.4261,28.0545],[-82.3534,28.0542],[-82.3495,28.0384],[-82.3278,28.0114],[-82.3292,27.9415],[-82.2858,27.9377],[-82.2861,28.0091],[-82.2778,28.012],[-82.2779,28.0216],[-82.2634,28.0252],[-82.2645,28.0328],[-82.2595,28.037],[-82.2675,28.0472],[-82.2491,28.0471],[-82.2494,28.1062],[-82.2122,28.1717],[-82.3946,28.1713],[-82.4262,28.1106],[-82.452,28.0965]]]},"properties":{"geoid":"12067","state":"12","district":"67","name":"State House District 67","chamber":"House"}},{"type":"Feature","geometry":{"type":"Polygon","coordinates":[[[-82.2861,28.0091],[-82.2857,27.9231],[-82.2697,27.9231],[-82.2235,27.8762],[-82.2092,27.873],[-82.1938,27.8881],[-82.1776,27.8736],[-82.1703,27.876],[-82.146,27.87],[-82.1413,27.8629],[-82.1306,27.8663],[-82.1211,27.8766],[-82.0965,27.8647],[-82.0653,27.8647],[-82.0553,27.8694],[-82.0562,28.1717],[-82.2122,28.1717],[-82.2494,28.1062],[-82.2491,28.0471],[-82.2675,28.0472],[-82.2595,28.037],[-82.2645,28.0328],[-82.2634,28.0252],[-82.2779,28.0216],[-82.2778,28.012],[-82.2861,28.0091]]]},"properties":{"geoid":"12068","state":"12","district":"68","name":"State House District 68","chamber":"House"}},{"type":"Feature","geometry":{"type":"Polygon","coordinates":[[[-82.3485,27.8922],[-82.3475,27.8716],[-82.3267,27.8717],[-82.335,27.7865],[-82.3172,27.7884],[-82.297,27.8007],[-82.2872,27.8013],[-82.271,27.7657],[-82.2615,27.7628],[-82.3448,27.6465],[-82.0543,27.6464],[-82.0553,27.8694],[-82.0653,27.8647],[-82.0965,27.8647],[-82.1211,27.8766],[-82.1306,27.8663],[-82.1413,27.8629],[-82.146,27.87],[-82.1703,27.876],[-82.1776,27.8736],[-82.1938,27.8881],[-82.2092,27.873],[-82.2215,27.8753],[-82.2697,27.9231],[-82.2857,27.9231],[-82.2858,27.9377],[-82.3292,27.9415],[-82.3326,27.9237],[-82.3485,27.8922]]]},"properties":{"geoid":"12069","state":"12","district":"69","name":"State House District 69","chamber":"House"}},{"type":"Feature","geometry":{"type":"Polygon","coordinates":[[[-82.6465,27.6081],[-82.6137,27.5838],[-82.5709,27.58],[-82.5273,27.5855],[-82.5282,27.5469],[-82.5107,27.5469],[-82.5054,27.5234],[-82.4827,27.5231],[-82.4694,27.5283],[-82.4424,27.5187],[-82.4304,27.524],[-82.4254,27.5362],[-82.4255,27.5883],[-82.4067,27.6094],[-82.3523,27.6371],[-82.2615,27.7628],[-82.271,27.7657],[-82.2872,27.8013],[-82.297,27.8007],[-82.3172,27.7884],[-82.3346,27.7866],[-82.3349,27.792],[-82.4204,27.7934],[-82.4361,27.7766],[-82.4321,27.7672],[-82.435,27.763],[-82.4813,27.7435],[-82.4768,27.7351],[-82.4783,27.7256],[-82.4855,27.7258],[-82.4839,27.7198],[-82.4937,27.7194],[-82.5128,27.7066],[-82.5535,27.6456],[-82.6465,27.6081]]]},"properties":{"geoid":"12070","state":"12","district":"70","name":"State House District 70","chamber":"House"}},{"type":"Feature","geometry":{"type":"Polygon","coordinates":[[[-82.9242,27.5308],[-82.8918,27.4602],[-82.8616,27.4237],[-82.8507,27.3914],[-82.5965,27.3893],[-82.5962,27.4052],[-82.5878,27.409],[-82.5849,27.4199],[-82.5876,27.4478],[-82.5754,27.4477],[-82.5753,27.4623],[-82.495,27.4617],[-82.4921,27.4718],[-82.4956,27.48],[-82.4795,27.4829],[-82.479,27.492],[-82.4722,27.4909],[-82.4776,27.5002],[-82.4926,27.5074],[-82.4814,27.516],[-82.4836,27.5231],[-82.5054,27.5234],[-82.5107,27.5469],[-82.5282,27.5469],[-82.5273,27.5855],[-82.5709,27.58],[-82.6133,27.5838],[-82.6467,27.6081],[-82.7496,27.5657],[-82.9242,27.5308]]]},"properties":{"geoid":"12071","state":"12","district":"71","name":"State House District 71","chamber":"House"}},{"type":"Feature","geometry":{"type":"Polygon","coordinates":[[[-82.5964,27.3934],[-82.5965,27.3893],[-82.4471,27.3861],[-82.2523,27.3862],[-82.2536,27.2089],[-82.0565,27.2078],[-82.0543,27.6464],[-82.3448,27.6465],[-82.3536,27.6362],[-82.4067,27.6094],[-82.4255,27.5883],[-82.4254,27.5367],[-82.4304,27.524],[-82.4424,27.5187],[-82.4615,27.5276],[-82.4836,27.5231],[-82.4814,27.516],[-82.4926,27.5074],[-82.4776,27.5002],[-82.4722,27.4909],[-82.479,27.492],[-82.4795,27.4829],[-82.4956,27.48],[-82.4921,27.4718],[-82.495,27.4617],[-82.5753,27.4623],[-82.5754,27.4477],[-82.5876,27.4478],[-82.5849,27.4199],[-82.5878,27.409],[-82.5962,27.4052],[-82.5964,27.3934]]]},"properties":{"geoid":"12072","state":"12","district":"72","name":"State House District 72","chamber":"House"}},{"type":"Feature","geometry":{"type":"Polygon","coordinates":[[[-82.8507,27.3914],[-82.8263,27.3478],[-82.7863,27.3107],[-82.7347,27.2468],[-82.7109,27.1949],[-82.6705,27.1544],[-82.6353,27.0877],[-82.6272,27.0607],[-82.4298,27.0607],[-82.4297,27.0789],[-82.3889,27.0791],[-82.3843,27.1114],[-82.4301,27.1651],[-82.4509,27.2272],[-82.4488,27.2695],[-82.4803,27.2693],[-82.4873,27.2988],[-82.5142,27.2988],[-82.5021,27.3259],[-82.481,27.3251],[-82.4787,27.3468],[-82.4834,27.3523],[-82.5264,27.3523],[-82.5316,27.3888],[-82.8507,27.3914]]]},"properties":{"geoid":"12073","state":"12","district":"73","name":"State House District 73","chamber":"House"}},{"type":"Feature","geometry":{"type":"Polygon","coordinates":[[[-82.5315,27.3888],[-82.5264,27.3523],[-82.4834,27.3523],[-82.4787,27.3468],[-82.481,27.3251],[-82.5021,27.3259],[-82.5142,27.2988],[-82.4873,27.2988],[-82.4803,27.2693],[-82.4488,27.2695],[-82.4509,27.2272],[-82.4301,27.1651],[-82.3843,27.1114],[-82.3889,27.0791],[-82.3522,27.0788],[-82.3521,27.0641],[-82.3203,27.0661],[-82.3,27.0417],[-82.2839,27.0484],[-82.2437,27.0453],[-82.2051,27.0328],[-82.0575,27.0321],[-82.0565,27.2078],[-82.2536,27.2089],[-82.2523,27.3862],[-82.5315,27.3888]]]},"properties":{"geoid":"12074","state":"12","district":"74","name":"State House District 74","chamber":"House"}},{"type":"Feature","geometry":{"type":"Polygon","coordinates":[[[-82.6272,27.0607],[-82.593,26.9878],[-82.4988,26.8357],[-82.462,26.7874],[-82.2647,26.7894],[-82.2215,26.7818],[-82.2056,26.7705],[-82.1026,26.7707],[-82.1043,26.8436],[-82.0947,26.8927],[-82.0988,26.9167],[-82.091,26.9326],[-82.0823,26.9355],[-82.0852,26.9714],[-82.0577,26.9734],[-82.0575,27.0321],[-82.2051,27.0328],[-82.2437,27.0453],[-82.2839,27.0484],[-82.3,27.0417],[-82.3203,27.0661],[-82.3521,27.0641],[-82.3522,27.0788],[-82.4297,27.0789],[-82.4298,27.0607],[-82.6272,27.0607]]]},"properties":{"geoid":"12075","state":"12","district":"75","name":"State House District 75","chamber":"House"}},{"type":"Feature","geometry":{"type":"Polygon","coordinates":[[[-82.1043,26.8436],[-82.1026,26.7707],[-82.0641,26.7705],[-82.0662,26.7579],[-82.0385,26.7588],[-82.0392,26.7263],[-82.031,26.7264],[-82.0308,26.7411],[-82.0226,26.7413],[-82.0229,26.7265],[-82.0062,26.7265],[-82.0062,26.7117],[-82.0021,26.7117],[-82.0042,26.7191],[-81.9898,26.7154],[-81.9899,26.7117],[-81.9736,26.7179],[-81.974,26.6963],[-81.925,26.6962],[-81.9244,26.6762],[-81.9176,26.6692],[-81.9216,26.6692],[-81.9234,26.6601],[-81.9237,26.625],[-81.9121,26.625],[-81.8942,26.6475],[-81.8404,26.6891],[-81.799,26.6967],[-81.7985,26.6841],[-81.7569,26.7025],[-81.6692,26.7188],[-81.6406,26.7204],[-81.6015,26.713],[-81.5785,26.7187],[-81.5665,26.7139],[-81.5641,27.3406],[-82.0558,27.3383],[-82.0577,26.9734],[-82.0852,26.9713],[-82.0823,26.9355],[-82.091,26.9326],[-82.0988,26.9167],[-82.0947,26.8927],[-82.1043,26.8436]]]},"properties":{"geoid":"12076","state":"12","district":"76","name":"State House District 76","chamber":"House"}},{"type":"Feature","geometry":{"type":"Polygon","coordinates":[[[-81.8549,26.5282],[-81.854,26.4997],[-81.8435,26.4901],[-81.823,26.4547],[-81.8214,26.4638],[-81.8053,26.4636],[-81.8052,26.4563],[-81.7971,26.4564],[-81.797,26.4494],[-81.789,26.4495],[-81.7888,26.4565],[-81.7846,26.4494],[-81.7245,26.452],[-81.724,26.4207],[-81.5622,26.4226],[-81.5665,26.7139],[-81.5785,26.7187],[-81.6015,26.713],[-81.6406,26.7204],[-81.6692,26.7188],[-81.7569,26.7025],[-81.7985,26.6841],[-81.7995,26.6709],[-81.772,26.6712],[-81.7717,26.6567],[-81.7637,26.6568],[-81.7666,26.6272],[-81.7513,26.6278],[-81.7511,26.621],[-81.7591,26.6209],[-81.7591,26.611],[-81.7791,26.6128],[-81.7747,26.5986],[-81.761,26.5986],[-81.7568,26.5931],[-81.7659,26.5828],[-81.7658,26.5768],[-81.7583,26.577],[-81.7582,26.555],[-81.774,26.5551],[-81.7776,26.5481],[-81.7785,26.5513],[-81.7865,26.551],[-81.7864,26.5473],[-81.8144,26.5475],[-81.8105,26.5617],[-81.8315,26.5613],[-81.8422,26.5343],[-81.8549,26.5282]]]},"properties":{"geoid":"12077","state":"12","district":"77","name":"State House District 77","chamber":"House"}},{"type":"Feature","geometry":{"type":"Polygon","coordinates":[[[-81.9561,26.5335],[-81.9521,26.5279],[-81.9514,26.4943],[-81.9433,26.494],[-81.9431,26.4875],[-81.8543,26.488],[-81.8549,26.5282],[-81.8422,26.5343],[-81.8315,26.5613],[-81.8105,26.5617],[-81.8144,26.5475],[-81.7864,26.5473],[-81.7865,26.551],[-81.7785,26.5513],[-81.7776,26.5481],[-81.774,26.5551],[-81.7582,26.555],[-81.7583,26.577],[-81.7658,26.5768],[-81.7659,26.5828],[-81.7568,26.5931],[-81.761,26.5986],[-81.7747,26.5986],[-81.7791,26.6128],[-81.7591,26.611],[-81.7591,26.6209],[-81.7511,26.621],[-81.7513,26.6278],[-81.7666,26.6272],[-81.7637,26.6568],[-81.7717,26.6567],[-81.772,26.6712],[-81.7995,26.6709],[-81.799,26.6967],[-81.8404,26.6891],[-81.8942,26.6475],[-81.9121,26.625],[-81.9169,26.625],[-81.9106,26.6084],[-81.9043,26.6067],[-81.9082,26.5831],[-81.9394,26.5436],[-81.9561,26.5335]]]},"properties":{"geoid":"12078","state":"12","district":"78","name":"State House District 78","chamber":"House"}},{"type":"Feature","geometry":{"type":"Polygon","coordinates":[[[-82.0918,26.6742],[-82.0904,26.6639],[-82.0716,26.641],[-82.0704,26.6369],[-82.0787,26.6392],[-82.0793,26.6329],[-82.059,26.6061],[-82.0691,26.5641],[-82.0604,26.557],[-82.0559,26.5422],[-82.0403,26.5305],[-82.0418,26.5253],[-82.0052,26.5357],[-82.0048,26.5283],[-81.9569,26.5332],[-81.9394,26.5436],[-81.9082,26.5831],[-81.9043,26.6067],[-81.9106,26.6084],[-81.9169,26.625],[-81.9237,26.625],[-81.9234,26.6601],[-81.9216,26.6692],[-81.9176,26.6692],[-81.9244,26.6762],[-81.925,26.6962],[-81.974,26.6963],[-81.9736,26.7179],[-81.9899,26.7117],[-81.9898,26.7154],[-82.0042,26.7191],[-82.0021,26.7117],[-82.0062,26.7117],[-82.0062,26.7265],[-82.0229,26.7265],[-82.0226,26.7413],[-82.0308,26.7411],[-82.031,26.7264],[-82.0392,26.7263],[-82.0385,26.7588],[-82.0635,26.7579],[-82.0836,26.7128],[-82.0918,26.6742]]]},"properties":{"geoid":"12079","state":"12","district":"79","name":"State House District 79","chamber":"House"}},{"type":"Feature","geometry":{"type":"Polygon","coordinates":[[[-82.462,26.7874],[-82.4316,26.7361],[-82.433,26.6752],[-82.4258,26.6381],[-82.4087,26.6012],[-82.3903,26.5753],[-82.3796,26.5369],[-82.3596,26.5027],[-82.3391,26.4295],[-82.3097,26.3821],[-82.2764,26.351],[-82.2081,26.3053],[-82.1248,26.2757],[-82.0636,26.2723],[-82.0055,26.2844],[-81.9976,26.2656],[-81.8339,26.2878],[-81.8275,26.2723],[-81.7426,26.2729],[-81.7366,26.244],[-81.7001,26.244],[-81.7047,26.2571],[-81.6889,26.2613],[-81.6905,26.3173],[-81.6579,26.3176],[-81.6584,26.4211],[-81.724,26.4207],[-81.7245,26.452],[-81.7846,26.4494],[-81.7888,26.4565],[-81.789,26.4495],[-81.797,26.4494],[-81.7971,26.4564],[-81.8052,26.4563],[-81.8053,26.4636],[-81.8214,26.4638],[-81.823,26.4547],[-81.8435,26.4901],[-81.8538,26.4995],[-81.8543,26.488],[-81.9431,26.4875],[-81.9433,26.494],[-81.9514,26.4943],[-81.9521,26.5279],[-81.9561,26.5335],[-82.0048,26.5283],[-82.0052,26.5357],[-82.0418,26.5253],[-82.0403,26.5305],[-82.0559,26.5422],[-82.0604,26.557],[-82.0691,26.5641],[-82.059,26.6061],[-82.0793,26.6329],[-82.0787,26.6392],[-82.0704,26.6369],[-82.0716,26.641],[-82.0917,26.6692],[-82.0836,26.7128],[-82.0655,26.7503],[-82.0641,26.7705],[-82.2056,26.7705],[-82.2215,26.7818],[-82.2647,26.7894],[-82.462,26.7874]]]},"properties":{"geoid":"12080","state":"12","district":"80","name":"State House District 80","chamber":"House"}},{"type":"Feature","geometry":{"type":"Polygon","coordinates":[[[-81.9976,26.2656],[-81.9853,26.2132],[-81.9806,26.1555],[-81.9633,26.0497],[-81.9184,25.9527],[-81.9059,25.8962],[-81.8624,25.8183],[-81.8482,25.8008],[-81.6249,25.8025],[-81.6248,25.8754],[-81.6402,25.8754],[-81.6386,25.9121],[-81.6428,25.9251],[-81.6524,25.933],[-81.6255,25.9865],[-81.5924,25.9943],[-81.6991,26.0631],[-81.6874,26.0802],[-81.6866,26.1605],[-81.723,26.165],[-81.7338,26.1734],[-81.7366,26.244],[-81.7426,26.2729],[-81.8275,26.2723],[-81.8339,26.2878],[-81.9976,26.2656]]]},"properties":{"geoid":"12081","state":"12","district":"81","name":"State House District 81","chamber":"House"}},{"type":"Feature","geometry":{"type":"Polygon","coordinates":[[[-81.7366,26.244],[-81.7333,26.1726],[-81.7227,26.1649],[-81.6866,26.1605],[-81.6874,26.0802],[-81.6991,26.0631],[-81.5924,25.9943],[-81.6255,25.9865],[-81.6524,25.933],[-81.6428,25.9251],[-81.6386,25.9121],[-81.6402,25.8754],[-81.6248,25.8754],[-81.6249,25.8025],[-80.8731,25.8054],[-80.8726,26.0015],[-80.8858,26.6092],[-80.8856,26.9589],[-80.9453,26.7691],[-81.4349,26.7688],[-81.4349,26.7835],[-81.4491,26.7835],[-81.4593,26.7835],[-81.4595,26.7689],[-81.5657,26.7696],[-81.5622,26.4226],[-81.6595,26.4211],[-81.6579,26.3176],[-81.6905,26.3173],[-81.6889,26.2613],[-81.7047,26.2571],[-81.7001,26.244],[-81.7366,26.244]]]},"properties":{"geoid":"12082","state":"12","district":"82","name":"State House District 82","chamber":"House"}},{"type":"Feature","geometry":{"type":"Polygon","coordinates":[[[-82.0557,27.3404],[-81.8589,27.3367],[-81.8588,27.3403],[-81.5641,27.3406],[-81.5657,26.7696],[-81.4595,26.7689],[-81.4593,26.7835],[-81.4491,26.7835],[-81.4349,26.7835],[-81.4349,26.7688],[-80.9453,26.7691],[-80.8856,26.9589],[-80.6774,27.1216],[-80.6797,27.5587],[-80.7772,27.5587],[-80.778,27.6432],[-82.0543,27.6464],[-82.0557,27.3404]]]},"properties":{"geoid":"12083","state":"12","district":"83","name":"State House District 83","chamber":"House"}},{"type":"Feature","geometry":{"type":"Polygon","coordinates":[[[-80.68,27.526],[-80.6779,27.206],[-80.4814,27.2064],[-80.4811,27.2862],[-80.4315,27.2946],[-80.3758,27.294],[-80.3021,27.3059],[-80.297,27.299],[-80.2433,27.2974],[-80.224,27.263],[-80.138,27.2629],[-80.2133,27.4247],[-80.228,27.463],[-80.2293,27.4856],[-80.2458,27.5102],[-80.2635,27.5568],[-80.6797,27.5587],[-80.68,27.526]]]},"properties":{"geoid":"12084","state":"12","district":"84","name":"State House District 84","chamber":"House"}},{"type":"Feature","geometry":{"type":"Polygon","coordinates":[[[-80.4818,27.1623],[-80.2518,27.1589],[-80.2645,27.1825],[-80.2652,27.2151],[-80.262,27.2148],[-80.2724,27.2455],[-80.2526,27.2452],[-80.2527,27.2232],[-80.2446,27.225],[-80.244,27.2208],[-80.2242,27.2296],[-80.2253,27.2377],[-80.2343,27.2405],[-80.2153,27.2476],[-80.2433,27.2974],[-80.2498,27.2988],[-80.297,27.299],[-80.3002,27.3055],[-80.3157,27.3059],[-80.3413,27.2971],[-80.4315,27.2946],[-80.4811,27.2862],[-80.4818,27.1623]]]},"properties":{"geoid":"12085","state":"12","district":"85","name":"State House District 85","chamber":"House"}},{"type":"Feature","geometry":{"type":"Polygon","coordinates":[[[-80.8856,26.9589],[-80.1671,26.9566],[-80.1432,26.9108],[-80.1112,26.9108],[-80.1115,26.9013],[-80.1032,26.8974],[-79.9998,26.8928],[-80.0391,27.0299],[-80.081,27.1253],[-80.0954,27.1806],[-80.138,27.2629],[-80.224,27.263],[-80.2153,27.2476],[-80.2343,27.2405],[-80.2253,27.2377],[-80.2242,27.2296],[-80.244,27.2208],[-80.2446,27.225],[-80.2527,27.2232],[-80.2526,27.2452],[-80.2724,27.2455],[-80.262,27.2148],[-80.2652,27.2151],[-80.2645,27.1825],[-80.2518,27.1589],[-80.4818,27.1619],[-80.4814,27.2064],[-80.6779,27.206],[-80.6774,27.1216],[-80.8856,26.9589]]]},"properties":{"geoid":"12086","state":"12","district":"86","name":"State House District 86","chamber":"House"}},{"type":"Feature","geometry":{"type":"Polygon","coordinates":[[[-80.1432,26.9108],[-80.129,26.8746],[-80.1316,26.7958],[-80.1157,26.7853],[-80.1148,26.7945],[-80.0989,26.7942],[-80.0992,26.7868],[-80.1072,26.787],[-80.1073,26.7798],[-80.0928,26.7705],[-80.0918,26.7939],[-80.0853,26.8082],[-80.0434,26.8045],[-80.0472,26.7925],[-80.0542,26.7926],[-80.0548,26.7847],[-80.0498,26.784],[-80.0548,26.7834],[-80.0535,26.7134],[-80.0658,26.7139],[-80.0658,26.7057],[-80.0865,26.7064],[-80.0871,26.6913],[-80.075,26.6909],[-80.0712,26.6761],[-80.0547,26.6757],[-80.0578,26.6026],[-80.0533,26.594],[-80.0736,26.5911],[-80.0693,26.5652],[-80.0634,26.5649],[-80.0604,26.5539],[-80.049,26.5538],[-80.0501,26.5465],[-79.9853,26.545],[-79.9809,26.6636],[-79.9749,26.6975],[-79.9796,26.7503],[-79.9743,26.7924],[-79.9998,26.8928],[-80.1032,26.8974],[-80.1115,26.9013],[-80.1112,26.9108],[-80.1432,26.9108]]]},"properties":{"geoid":"12087","state":"12","district":"87","name":"State House District 87","chamber":"House"}},{"type":"Feature","geometry":{"type":"Polygon","coordinates":[[[-80.2218,26.7054],[-80.2195,26.681],[-80.207,26.6807],[-80.2088,26.6693],[-80.2026,26.6713],[-80.2024,26.6797],[-80.1452,26.678],[-80.1453,26.6847],[-80.1283,26.685],[-80.1281,26.6631],[-80.1363,26.6634],[-80.1367,26.656],[-80.1207,26.6554],[-80.1207,26.6665],[-80.1126,26.6679],[-80.1121,26.6773],[-80.1038,26.677],[-80.1041,26.6697],[-80.0879,26.6693],[-80.0825,26.6768],[-80.0712,26.6761],[-80.075,26.6909],[-80.0871,26.6913],[-80.0865,26.7064],[-80.0658,26.7057],[-80.0658,26.7139],[-80.0535,26.7134],[-80.0548,26.7834],[-80.0498,26.784],[-80.0548,26.7847],[-80.0542,26.7926],[-80.0472,26.7925],[-80.0434,26.8045],[-80.0853,26.8082],[-80.0918,26.7939],[-80.0928,26.7705],[-80.1073,26.7798],[-80.1072,26.787],[-80.0992,26.7868],[-80.0989,26.7942],[-80.1148,26.7945],[-80.1157,26.7853],[-80.1316,26.7958],[-80.1349,26.7365],[-80.1182,26.7362],[-80.1193,26.707],[-80.1276,26.7072],[-80.1278,26.6996],[-80.146,26.6973],[-80.1477,26.7018],[-80.1359,26.7199],[-80.1418,26.7291],[-80.1507,26.724],[-80.1519,26.708],[-80.1578,26.7082],[-80.1577,26.6921],[-80.17,26.6957],[-80.1701,26.7085],[-80.1825,26.7088],[-80.1844,26.6916],[-80.2016,26.6915],[-80.2013,26.6994],[-80.2142,26.7004],[-80.2132,26.7095],[-80.2218,26.7054]]]},"properties":{"geoid":"12088","state":"12","district":"88","name":"State House District 88","chamber":"House"}},{"type":"Feature","geometry":{"type":"Polygon","coordinates":[[[-80.1387,26.6088],[-80.1304,26.6079],[-80.1296,26.5723],[-80.0704,26.5723],[-80.0736,26.5911],[-80.0533,26.594],[-80.0578,26.6026],[-80.0547,26.6757],[-80.0825,26.6768],[-80.0879,26.6693],[-80.1019,26.6696],[-80.1038,26.677],[-80.1121,26.6773],[-80.1126,26.6679],[-80.1207,26.6665],[-80.1207,26.6554],[-80.1367,26.656],[-80.1383,26.6191],[-80.1342,26.617],[-80.1387,26.6088]]]},"properties":{"geoid":"12089","state":"12","district":"89","name":"State House District 89","chamber":"House"}},{"type":"Feature","geometry":{"type":"Polygon","coordinates":[[[-80.1308,26.484],[-80.1307,26.4538],[-80.1235,26.4538],[-80.1224,26.4429],[-80.1223,26.4392],[-80.1304,26.4392],[-80.1299,26.4243],[-80.0793,26.4245],[-80.0655,26.4205],[-80.0642,26.4321],[-80.0623,26.4264],[-80.0069,26.4265],[-79.9853,26.545],[-80.0501,26.5465],[-80.049,26.5538],[-80.0604,26.5539],[-80.0696,26.5722],[-80.1133,26.572],[-80.1147,26.5585],[-80.1227,26.5491],[-80.1225,26.484],[-80.1308,26.484]]]},"properties":{"geoid":"12090","state":"12","district":"90","name":"State House District 90","chamber":"House"}},{"type":"Feature","geometry":{"type":"Polygon","coordinates":[[[-80.2035,26.3679],[-80.2029,26.3278],[-80.1,26.3278],[-80.0986,26.3227],[-80.092,26.3264],[-80.0879,26.3208],[-80.0153,26.321],[-80.0069,26.4265],[-80.0623,26.4264],[-80.0642,26.4321],[-80.0655,26.4205],[-80.0793,26.4245],[-80.1716,26.4241],[-80.171,26.3943],[-80.1866,26.394],[-80.1866,26.3679],[-80.2035,26.3679]]]},"properties":{"geoid":"12091","state":"12","district":"91","name":"State House District 91","chamber":"House"}},{"type":"Feature","geometry":{"type":"Polygon","coordinates":[[[-80.2517,26.365],[-80.2513,26.3422],[-80.2029,26.3278],[-80.2035,26.3679],[-80.1866,26.3679],[-80.1866,26.394],[-80.171,26.3943],[-80.1716,26.4241],[-80.1299,26.4243],[-80.1304,26.4392],[-80.1223,26.4392],[-80.1224,26.4429],[-80.1235,26.4538],[-80.1307,26.4538],[-80.1308,26.484],[-80.1225,26.484],[-80.1227,26.5491],[-80.1147,26.5585],[-80.1133,26.572],[-80.1563,26.5725],[-80.1571,26.5572],[-80.1732,26.5576],[-80.1728,26.5388],[-80.2312,26.5361],[-80.2223,26.5127],[-80.2208,26.4683],[-80.2357,26.4089],[-80.2358,26.3853],[-80.2517,26.365]]]},"properties":{"geoid":"12092","state":"12","district":"92","name":"State House District 92","chamber":"House"}},{"type":"Feature","geometry":{"type":"Polygon","coordinates":[[[-80.3638,26.6846],[-80.3478,26.6493],[-80.3327,26.6346],[-80.2795,26.6022],[-80.2307,26.5361],[-80.1728,26.5388],[-80.1732,26.5576],[-80.1571,26.5572],[-80.1563,26.5725],[-80.1296,26.5723],[-80.1304,26.6079],[-80.1387,26.6079],[-80.1342,26.617],[-80.1383,26.6191],[-80.1363,26.6634],[-80.1281,26.6631],[-80.1283,26.685],[-80.1453,26.6847],[-80.1452,26.678],[-80.2024,26.6797],[-80.2026,26.6713],[-80.2081,26.6692],[-80.207,26.6807],[-80.3638,26.6846]]]},"properties":{"geoid":"12093","state":"12","district":"93","name":"State House District 93","chamber":"House"}},{"type":"Feature","geometry":{"type":"Polygon","coordinates":[[[-80.8861,26.9492],[-80.8818,26.3338],[-80.297,26.3344],[-80.297,26.3555],[-80.2498,26.3414],[-80.2517,26.365],[-80.2358,26.3853],[-80.2357,26.4089],[-80.2208,26.4683],[-80.2223,26.5127],[-80.2333,26.5425],[-80.2795,26.6022],[-80.3327,26.6346],[-80.3478,26.6493],[-80.3638,26.6846],[-80.2195,26.681],[-80.2218,26.7054],[-80.2139,26.7095],[-80.2134,26.6992],[-80.2013,26.6994],[-80.2016,26.6915],[-80.1844,26.6916],[-80.1825,26.7088],[-80.1701,26.7085],[-80.17,26.6957],[-80.1577,26.6921],[-80.1578,26.7082],[-80.1519,26.708],[-80.1507,26.724],[-80.1418,26.7291],[-80.1359,26.7199],[-80.1477,26.7018],[-80.146,26.6973],[-80.1278,26.6996],[-80.1276,26.7072],[-80.1193,26.707],[-80.1182,26.7362],[-80.1349,26.7365],[-80.1294,26.8773],[-80.1671,26.9566],[-80.8856,26.9589],[-80.8861,26.9492]]]},"properties":{"geoid":"12094","state":"12","district":"94","name":"State House District 94","chamber":"House"}},{"type":"Feature","geometry":{"type":"Polygon","coordinates":[[[-80.2972,26.294],[-80.29,26.3021],[-80.2505,26.3017],[-80.2502,26.2797],[-80.2335,26.2794],[-80.2335,26.2283],[-80.221,26.2282],[-80.2206,26.2219],[-80.2044,26.2201],[-80.2029,26.2129],[-80.1956,26.215],[-80.1956,26.2103],[-80.168,26.2445],[-80.1703,26.3278],[-80.2041,26.3278],[-80.297,26.3555],[-80.2972,26.294]]]},"properties":{"geoid":"12095","state":"12","district":"95","name":"State House District 95","chamber":"House"}},{"type":"Feature","geometry":{"type":"Polygon","coordinates":[[[-80.8812,26.3338],[-80.8729,25.9794],[-80.68,25.9787],[-80.68,25.9569],[-80.4394,25.9569],[-80.4433,26.1129],[-80.4496,26.1446],[-80.3302,26.1192],[-80.3301,26.1459],[-80.3139,26.1459],[-80.314,26.1607],[-80.2674,26.1643],[-80.2681,26.1939],[-80.2521,26.1939],[-80.2528,26.2299],[-80.2337,26.2301],[-80.2335,26.2794],[-80.2502,26.2797],[-80.2505,26.3017],[-80.29,26.3021],[-80.2972,26.2933],[-80.297,26.3344],[-80.8812,26.3338]]]},"properties":{"geoid":"12096","state":"12","district":"96","name":"State House District 96","chamber":"House"}},{"type":"Feature","geometry":{"type":"Polygon","coordinates":[[[-80.2712,26.1395],[-80.2699,26.1356],[-80.2267,26.1358],[-80.227,26.1502],[-80.2194,26.1502],[-80.2131,26.1613],[-80.2031,26.1614],[-80.2031,26.1687],[-80.1955,26.1723],[-80.1956,26.1863],[-80.1874,26.1841],[-80.1881,26.2092],[-80.1955,26.209],[-80.1956,26.215],[-80.2029,26.2129],[-80.2044,26.2201],[-80.2206,26.2219],[-80.221,26.2282],[-80.2528,26.2299],[-80.2521,26.1939],[-80.2681,26.1939],[-80.2712,26.1395]]]},"properties":{"geoid":"12097","state":"12","district":"97","name":"State House District 97","chamber":"House"}},{"type":"Feature","geometry":{"type":"Polygon","coordinates":[[[-80.2031,26.1687],[-80.203,26.1616],[-80.1873,26.1616],[-80.1868,26.1508],[-80.1672,26.1513],[-80.1589,26.1659],[-80.1384,26.1667],[-80.1296,26.1626],[-80.117,26.1673],[-80.1189,26.1835],[-80.1319,26.1926],[-80.1324,26.206],[-80.1382,26.209],[-80.1363,26.2314],[-80.1259,26.2315],[-80.099,26.3275],[-80.1703,26.3278],[-80.171,26.2716],[-80.1669,26.248],[-80.1956,26.2103],[-80.1881,26.2092],[-80.1874,26.1841],[-80.1956,26.1863],[-80.1955,26.1723],[-80.2031,26.1687]]]},"properties":{"geoid":"12098","state":"12","district":"98","name":"State House District 98","chamber":"House"}},{"type":"Feature","geometry":{"type":"Polygon","coordinates":[[[-80.2524,26.1207],[-80.2503,26.0998],[-80.2021,26.0881],[-80.2007,26.0916],[-80.1942,26.0855],[-80.1689,26.0966],[-80.1685,26.0886],[-80.1404,26.0928],[-80.1459,26.1296],[-80.132,26.1441],[-80.131,26.1529],[-80.12,26.1548],[-80.118,26.1609],[-80.1244,26.1652],[-80.1575,26.1662],[-80.1672,26.1513],[-80.1868,26.1508],[-80.1873,26.1616],[-80.2131,26.1613],[-80.2194,26.1502],[-80.227,26.1502],[-80.2267,26.1358],[-80.2507,26.1356],[-80.2524,26.1207]]]},"properties":{"geoid":"12099","state":"12","district":"99","name":"State House District 99","chamber":"House"}},{"type":"Feature","geometry":{"type":"Polygon","coordinates":[[[-80.1459,26.1264],[-80.1404,26.0928],[-80.0493,26.0928],[-80.0381,26.1967],[-80.0254,26.246],[-80.0153,26.321],[-80.0879,26.3208],[-80.092,26.3264],[-80.1006,26.3209],[-80.1259,26.2315],[-80.1363,26.2314],[-80.1382,26.209],[-80.1324,26.206],[-80.1319,26.1926],[-80.1189,26.1835],[-80.117,26.1673],[-80.1219,26.1646],[-80.1179,26.1595],[-80.12,26.1548],[-80.131,26.1529],[-80.1318,26.1444],[-80.1459,26.1264]]]},"properties":{"geoid":"12100","state":"12","district":"100","name":"State House District 100","chamber":"House"}},{"type":"Feature","geometry":{"type":"Polygon","coordinates":[[[-80.2659,26.1007],[-80.2598,26.0452],[-80.2516,26.0455],[-80.2487,26.0312],[-80.15,26.0335],[-80.1481,25.9744],[-80.0629,25.9768],[-80.0493,26.0928],[-80.1512,26.0927],[-80.1685,26.0886],[-80.1689,26.0966],[-80.1938,26.0854],[-80.2007,26.0916],[-80.2021,26.0881],[-80.2659,26.1007]]]},"properties":{"geoid":"12101","state":"12","district":"101","name":"State House District 101","chamber":"House"}},{"type":"Feature","geometry":{"type":"Polygon","coordinates":[[[-80.3627,26.0877],[-80.3538,26.0609],[-80.3521,26.0294],[-80.329,26.0284],[-80.3289,26.0229],[-80.3122,26.0223],[-80.312,26.015],[-80.3037,26.0129],[-80.2799,26.0153],[-80.2805,26.0301],[-80.2487,26.0312],[-80.2516,26.0455],[-80.2598,26.0452],[-80.2659,26.1007],[-80.2503,26.0998],[-80.2507,26.1356],[-80.2704,26.1363],[-80.2674,26.1643],[-80.314,26.1607],[-80.3139,26.1459],[-80.3301,26.1459],[-80.3302,26.1192],[-80.3463,26.1231],[-80.3463,26.1167],[-80.3617,26.1001],[-80.3627,26.0877]]]},"properties":{"geoid":"12102","state":"12","district":"102","name":"State House District 102","chamber":"House"}},{"type":"Feature","geometry":{"type":"Polygon","coordinates":[[[-80.4497,26.1418],[-80.4433,26.1129],[-80.4394,25.9569],[-80.3521,25.957],[-80.3509,25.981],[-80.3413,25.9932],[-80.3281,25.9933],[-80.329,26.0284],[-80.3521,26.0294],[-80.3538,26.061],[-80.3619,26.0804],[-80.3625,26.0985],[-80.3463,26.1167],[-80.3463,26.1231],[-80.4403,26.1456],[-80.4497,26.1418]]]},"properties":{"geoid":"12103","state":"12","district":"103","name":"State House District 103","chamber":"House"}},{"type":"Feature","geometry":{"type":"Polygon","coordinates":[[[-80.3528,25.9748],[-80.3521,25.957],[-80.2782,25.9542],[-80.2774,25.9397],[-80.2453,25.941],[-80.2461,25.9555],[-80.2057,25.9571],[-80.2062,25.9726],[-80.2469,25.9719],[-80.2473,25.9814],[-80.2628,25.981],[-80.2613,25.9929],[-80.2476,25.9946],[-80.2487,26.0312],[-80.2805,26.0301],[-80.2799,26.0153],[-80.2877,26.0134],[-80.3058,26.0132],[-80.312,26.015],[-80.3122,26.0223],[-80.3289,26.0229],[-80.3281,25.9933],[-80.3413,25.9932],[-80.3528,25.9748]]]},"properties":{"geoid":"12104","state":"12","district":"104","name":"State House District 104","chamber":"House"}},{"type":"Feature","geometry":{"type":"Polygon","coordinates":[[[-80.2631,25.9907],[-80.2628,25.981],[-80.2473,25.9814],[-80.2469,25.9719],[-80.1481,25.9744],[-80.15,26.0335],[-80.2487,26.0312],[-80.2476,25.9946],[-80.2631,25.9907]]]},"properties":{"geoid":"12105","state":"12","district":"105","name":"State House District 105","chamber":"House"}},{"type":"Feature","geometry":{"type":"Polygon","coordinates":[[[-80.169,25.7795],[-80.1369,25.7652],[-80.1491,25.7639],[-80.1314,25.7477],[-80.1249,25.76],[-80.1099,25.7504],[-80.0706,25.7504],[-80.0726,25.7793],[-80.0628,25.8496],[-80.0629,25.9768],[-80.1481,25.9744],[-80.1506,25.9377],[-80.148,25.9312],[-80.1408,25.9381],[-80.1317,25.9383],[-80.1303,25.9304],[-80.1404,25.9206],[-80.1537,25.9261],[-80.1583,25.9073],[-80.1574,25.9025],[-80.1506,25.9008],[-80.1604,25.9005],[-80.1656,25.8838],[-80.151,25.8809],[-80.1558,25.8726],[-80.1455,25.8727],[-80.1478,25.8595],[-80.1617,25.8595],[-80.1635,25.8557],[-80.1594,25.813],[-80.169,25.7795]]]},"properties":{"geoid":"12106","state":"12","district":"106","name":"State House District 106","chamber":"House"}},{"type":"Feature","geometry":{"type":"Polygon","coordinates":[[[-80.2932,25.925],[-80.2926,25.9134],[-80.228,25.9122],[-80.2092,25.9169],[-80.1968,25.9061],[-80.1859,25.914],[-80.1635,25.9148],[-80.1673,25.9111],[-80.1668,25.9003],[-80.1629,25.9003],[-80.1506,25.9008],[-80.1574,25.9025],[-80.1583,25.9073],[-80.1537,25.9261],[-80.1404,25.9206],[-80.1303,25.9304],[-80.1317,25.9383],[-80.1408,25.9381],[-80.148,25.9312],[-80.1506,25.9377],[-80.1481,25.9744],[-80.1944,25.9732],[-80.2062,25.9726],[-80.2057,25.9571],[-80.2461,25.9555],[-80.2453,25.941],[-80.2774,25.9397],[-80.2767,25.9251],[-80.2932,25.925]]]},"properties":{"geoid":"12107","state":"12","district":"107","name":"State House District 107","chamber":"House"}},{"type":"Feature","geometry":{"type":"Polygon","coordinates":[[[-80.228,25.9123],[-80.226,25.8651],[-80.2133,25.8488],[-80.2131,25.8419],[-80.2089,25.842],[-80.2054,25.7971],[-80.1891,25.7981],[-80.1894,25.8043],[-80.1617,25.8048],[-80.1635,25.8557],[-80.1617,25.8595],[-80.1478,25.8595],[-80.1455,25.8727],[-80.1558,25.8726],[-80.151,25.8809],[-80.1656,25.8838],[-80.1604,25.9005],[-80.1668,25.9003],[-80.1635,25.9148],[-80.1859,25.914],[-80.1968,25.9061],[-80.2075,25.9167],[-80.228,25.9123]]]},"properties":{"geoid":"12108","state":"12","district":"108","name":"State House District 108","chamber":"House"}},{"type":"Feature","geometry":{"type":"Polygon","coordinates":[[[-80.2926,25.9134],[-80.292,25.8986],[-80.2753,25.8896],[-80.275,25.8816],[-80.2594,25.8821],[-80.2599,25.8482],[-80.253,25.8239],[-80.2566,25.811],[-80.2485,25.8123],[-80.2481,25.7995],[-80.2006,25.773],[-80.1872,25.7743],[-80.1891,25.7981],[-80.2054,25.7971],[-80.2089,25.842],[-80.2131,25.8419],[-80.2133,25.8488],[-80.226,25.8651],[-80.228,25.9122],[-80.2926,25.9134]]]},"properties":{"geoid":"12109","state":"12","district":"109","name":"State House District 109","chamber":"House"}},{"type":"Feature","geometry":{"type":"Polygon","coordinates":[[[-80.3514,25.957],[-80.3488,25.9022],[-80.3441,25.8985],[-80.3243,25.8987],[-80.3229,25.8696],[-80.2591,25.8707],[-80.2594,25.8821],[-80.275,25.8816],[-80.2753,25.8896],[-80.292,25.8986],[-80.2932,25.925],[-80.2767,25.9251],[-80.2782,25.9542],[-80.3514,25.957]]]},"properties":{"geoid":"12110","state":"12","district":"110","name":"State House District 110","chamber":"House"}},{"type":"Feature","geometry":{"type":"Polygon","coordinates":[[[-80.4845,25.8905],[-80.4814,25.7609],[-80.4008,25.761],[-80.4004,25.7513],[-80.3851,25.7518],[-80.3859,25.7971],[-80.3691,25.7971],[-80.369,25.7801],[-80.3208,25.7807],[-80.3221,25.8407],[-80.3047,25.8406],[-80.3226,25.8538],[-80.3243,25.8987],[-80.3486,25.9018],[-80.3514,25.957],[-80.4358,25.9568],[-80.4314,25.9569],[-80.4321,25.9499],[-80.4845,25.8905]]]},"properties":{"geoid":"12111","state":"12","district":"111","name":"State House District 111","chamber":"House"}},{"type":"Feature","geometry":{"type":"Polygon","coordinates":[[[-80.3229,25.8696],[-80.3226,25.8538],[-80.3047,25.8406],[-80.3221,25.8407],[-80.3208,25.7807],[-80.2641,25.7851],[-80.2637,25.7717],[-80.2542,25.7719],[-80.2551,25.7647],[-80.2307,25.7654],[-80.2309,25.7714],[-80.2228,25.7722],[-80.223,25.7855],[-80.2481,25.7995],[-80.2485,25.8123],[-80.2566,25.811],[-80.2532,25.8281],[-80.2572,25.828],[-80.2603,25.8707],[-80.3229,25.8696]]]},"properties":{"geoid":"12112","state":"12","district":"112","name":"State House District 112","chamber":"House"}},{"type":"Feature","geometry":{"type":"Polygon","coordinates":[[[-80.2551,25.7647],[-80.2546,25.7499],[-80.2464,25.7501],[-80.2459,25.7353],[-80.2377,25.7355],[-80.2376,25.7096],[-80.1956,25.7098],[-80.2085,25.6572],[-80.1001,25.6573],[-80.0918,25.7211],[-80.0787,25.7334],[-80.0706,25.7504],[-80.1099,25.7504],[-80.1249,25.76],[-80.1314,25.7477],[-80.1491,25.7639],[-80.1369,25.7652],[-80.1691,25.7792],[-80.1617,25.8048],[-80.1894,25.8043],[-80.1872,25.7743],[-80.2006,25.773],[-80.223,25.7855],[-80.2228,25.7722],[-80.2309,25.7714],[-80.2307,25.7654],[-80.2551,25.7647]]]},"properties":{"geoid":"12113","state":"12","district":"113","name":"State House District 113","chamber":"House"}},{"type":"Feature","geometry":{"type":"Polygon","coordinates":[[[-80.3367,25.7782],[-80.3362,25.762],[-80.3039,25.7631],[-80.3052,25.6962],[-80.2991,25.6965],[-80.3011,25.6914],[-80.2849,25.6897],[-80.284,25.6701],[-80.2798,25.6661],[-80.29,25.6619],[-80.2838,25.66],[-80.2834,25.6453],[-80.2906,25.6451],[-80.2919,25.6387],[-80.3012,25.6342],[-80.283,25.6303],[-80.2832,25.6225],[-80.2193,25.61],[-80.1956,25.7098],[-80.2376,25.7096],[-80.2377,25.7355],[-80.2459,25.7353],[-80.2464,25.7501],[-80.2546,25.7499],[-80.2542,25.7719],[-80.2637,25.7717],[-80.2641,25.7851],[-80.3367,25.7812],[-80.3367,25.7782]]]},"properties":{"geoid":"12114","state":"12","district":"114","name":"State House District 114","chamber":"House"}},{"type":"Feature","geometry":{"type":"Polygon","coordinates":[[[-80.3837,25.6642],[-80.3831,25.646],[-80.3492,25.6311],[-80.3435,25.6237],[-80.3553,25.5961],[-80.3728,25.576],[-80.3723,25.57],[-80.3628,25.5684],[-80.3589,25.5556],[-80.3153,25.5326],[-80.2963,25.5512],[-80.29,25.5808],[-80.2991,25.5987],[-80.2944,25.6146],[-80.2785,25.6214],[-80.2832,25.6225],[-80.283,25.6303],[-80.3012,25.6342],[-80.2919,25.6387],[-80.2906,25.6451],[-80.2834,25.6453],[-80.2838,25.66],[-80.2901,25.6641],[-80.2798,25.6661],[-80.284,25.6701],[-80.2849,25.6897],[-80.3011,25.6914],[-80.2991,25.6965],[-80.3052,25.6962],[-80.3039,25.7631],[-80.3362,25.762],[-80.3335,25.6881],[-80.3514,25.6875],[-80.3718,25.6648],[-80.3837,25.6642]]]},"properties":{"geoid":"12115","state":"12","district":"115","name":"State House District 115","chamber":"House"}},{"type":"Feature","geometry":{"type":"Polygon","coordinates":[[[-80.3894,25.6899],[-80.3887,25.6717],[-80.384,25.6719],[-80.3837,25.6642],[-80.3718,25.6648],[-80.3514,25.6875],[-80.3335,25.6881],[-80.3367,25.7812],[-80.369,25.7801],[-80.3691,25.7971],[-80.3859,25.7971],[-80.3835,25.7068],[-80.3894,25.6899]]]},"properties":{"geoid":"12116","state":"12","district":"116","name":"State House District 116","chamber":"House"}},{"type":"Feature","geometry":{"type":"Polygon","coordinates":[[[-80.5016,25.4587],[-80.5016,25.4477],[-80.4934,25.4478],[-80.4913,25.4332],[-80.4606,25.4333],[-80.4606,25.4187],[-80.4422,25.4186],[-80.4402,25.4259],[-80.436,25.426],[-80.4361,25.4347],[-80.4321,25.4347],[-80.4321,25.4407],[-80.4361,25.4406],[-80.4335,25.4554],[-80.4362,25.4702],[-80.451,25.4701],[-80.4199,25.4916],[-80.4153,25.5078],[-80.3962,25.5268],[-80.3715,25.5325],[-80.3645,25.5389],[-80.3628,25.5684],[-80.3723,25.57],[-80.3728,25.576],[-80.3553,25.5961],[-80.3472,25.6139],[-80.3435,25.6237],[-80.3489,25.631],[-80.383,25.646],[-80.3781,25.6034],[-80.3724,25.5953],[-80.389,25.5843],[-80.3886,25.5603],[-80.3967,25.5588],[-80.3966,25.5511],[-80.462,25.4835],[-80.4752,25.4625],[-80.4975,25.4624],[-80.5016,25.4587]]]},"properties":{"geoid":"12117","state":"12","district":"117","name":"State House District 117","chamber":"House"}},{"type":"Feature","geometry":{"type":"Polygon","coordinates":[[[-80.4329,25.7609],[-80.4299,25.685],[-80.4187,25.6832],[-80.4146,25.6398],[-80.4145,25.6177],[-80.4298,25.6006],[-80.4292,25.5511],[-80.3973,25.5514],[-80.3967,25.5588],[-80.3886,25.5603],[-80.389,25.5843],[-80.3724,25.5953],[-80.378,25.6027],[-80.3823,25.6298],[-80.384,25.6719],[-80.3887,25.6717],[-80.3894,25.6899],[-80.3835,25.7068],[-80.3851,25.7518],[-80.4004,25.7513],[-80.4008,25.761],[-80.4329,25.7609]]]},"properties":{"geoid":"12118","state":"12","district":"118","name":"State House District 118","chamber":"House"}},{"type":"Feature","geometry":{"type":"Polygon","coordinates":[[[-80.4814,25.7609],[-80.4781,25.5505],[-80.4292,25.5511],[-80.4298,25.6006],[-80.4145,25.6177],[-80.4146,25.6398],[-80.4187,25.6832],[-80.4299,25.685],[-80.4329,25.7609],[-80.4814,25.7609]]]},"properties":{"geoid":"12119","state":"12","district":"119","name":"State House District 119","chamber":"House"}},{"type":"Feature","geometry":{"type":"MultiPolygon","coordinates":[[[[-82.3251,24.5901],[-82.3265,24.5837],[-82.2154,24.5838],[-82.2223,24.5602],[-82.2173,24.5342],[-82.2032,24.5134],[-82.1786,24.4999],[-82.1557,24.4961],[-82.1003,24.5],[-82.0672,24.5237],[-82.0511,24.4968],[-82.0343,24.4825],[-81.9744,24.4712],[-81.9821,24.4454],[-81.9745,24.4208],[-81.9464,24.3993],[-81.9206,24.3963],[-81.8943,24.4057],[-81.8748,24.4031],[-81.841,24.4076],[-81.8007,24.4271],[-81.789,24.4395],[-81.7818,24.4609],[-81.7833,24.4787],[-81.7924,24.4956],[-81.7708,24.4969],[-81.7737,24.4727],[-81.7629,24.4496],[-81.7487,24.4378],[-81.7301,24.4307],[-81.6972,24.4323],[-81.6103,24.4543],[-81.5858,24.4711],[-81.5514,24.478],[-81.5257,24.5004],[-81.5189,24.5265],[-81.5279,24.5533],[-81.5146,24.5648],[-81.4651,24.5529],[-81.4206,24.5706],[-81.3748,24.5715],[-81.2935,24.5967],[-81.2646,24.5992],[-81.2399,24.6171],[-81.2043,24.6312],[-81.1694,24.6346],[-81.1477,24.6491],[-81.1206,24.6357],[-81.0597,24.6359],[-81.0386,24.6465],[-81.0226,24.6653],[-80.9998,24.6689],[-80.9189,24.7131],[-80.887,24.7197],[-80.8522,24.7489],[-80.837,24.75],[-80.8125,24.7612],[-80.793,24.7597],[-80.7711,24.766],[-80.7451,24.7889],[-80.6748,24.8256],[-80.6404,24.8384],[-80.5855,24.8893],[-80.5382,24.9127],[-80.5143,24.9406],[-80.4629,24.9559],[-80.4455,24.9734],[-80.4391,24.998],[-80.415,25.0086],[-80.3997,25.0236],[-80.3916,25.0394],[-80.3904,25.0572],[-80.3578,25.0729],[-80.3333,25.0992],[-80.3029,25.1449],[-80.2948,25.1717],[-80.2597,25.2306],[-80.2389,25.2555],[-80.2249,25.2843],[-80.191,25.3253],[-80.1766,25.3669],[-80.1544,25.3919],[-80.1391,25.4331],[-80.1146,25.4435],[-80.097,25.4663],[-80.096,25.4969],[-80.1156,25.5267],[-80.104,25.5619],[-80.1078,25.6066],[-80.1001,25.6573],[-80.2085,25.6572],[-80.2193,25.61],[-80.2785,25.6214],[-80.2944,25.6146],[-80.2991,25.5987],[-80.29,25.5808],[-80.2963,25.5512],[-80.3082,25.5385],[-80.3153,25.5326],[-80.3251,25.5345],[-80.3315,25.5436],[-80.3404,25.5443],[-80.3627,25.5594],[-80.3665,25.5361],[-80.3962,25.5268],[-80.4153,25.5078],[-80.4199,25.4916],[-80.451,25.4701],[-80.4362,25.4702],[-80.4335,25.4554],[-80.4361,25.4406],[-80.4321,25.4407],[-80.4321,25.4347],[-80.4361,25.4347],[-80.436,25.426],[-80.4402,25.4259],[-80.4422,25.4186],[-80.4606,25.4187],[-80.4606,25.4333],[-80.4913,25.4332],[-80.4934,25.4478],[-80.5016,25.4477],[-80.5016,25.4587],[-80.4975,25.4624],[-80.4752,25.4625],[-80.462,25.4835],[-80.3966,25.5511],[-80.4781,25.5505],[-80.4845,25.8905],[-80.4321,25.9499],[-80.4314,25.9569],[-80.68,25.9569],[-80.68,25.9787],[-80.8729,25.9794],[-80.8731,25.8054],[-81.8482,25.8008],[-81.8057,25.7341],[-81.7617,25.6972],[-81.721,25.6797],[-81.6797,25.6726],[-81.6202,25.6736],[-81.5762,25.686],[-81.519,25.6569],[-81.5087,25.6236],[-81.4876,25.5921],[-81.4598,25.5683],[-81.4254,25.5516],[-81.3848,25.497],[-81.358,25.4275],[-81.3252,25.3906],[-81.3149,25.3516],[-81.3402,25.264],[-81.3423,25.2248],[-81.3285,25.1764],[-81.3048,25.1324],[-81.2951,25.0979],[-81.2622,25.0509],[-81.2143,25.0192],[-81.1886,24.9948],[-81.1738,24.9749],[-81.1703,24.9621],[-81.212,24.9803],[-81.2549,24.9866],[-81.3504,24.9705],[-81.4055,24.9785],[-81.4885,24.9664],[-81.5813,24.9238],[-81.6216,24.8972],[-81.6601,24.8833],[-81.7008,24.8578],[-81.7619,24.8287],[-81.7782,24.8154],[-81.8142,24.8064],[-81.8943,24.7636],[-81.9675,24.7528],[-82.0269,24.7257],[-82.0653,24.7394],[-82.1098,24.7471],[-82.155,24.7469],[-82.2007,24.7382],[-82.2439,24.7156],[-82.2824,24.6762],[-82.3081,24.637],[-82.3251,24.5901]]],[[[-83.1087,24.6295],[-83.1035,24.58],[-83.0826,24.5369],[-83.0436,24.4986],[-82.9999,24.477],[-82.9997,24.5839],[-82.982,24.5838],[-82.9603,24.5715],[-82.9433,24.5689],[-82.9141,24.576],[-82.8959,24.5667],[-82.8721,24.5622],[-82.8485,24.5676],[-82.8282,24.5838],[-82.6567,24.5837],[-82.6441,24.6158],[-82.6399,24.6549],[-82.6453,24.6886],[-82.6551,24.7133],[-82.68,24.7485],[-82.7098,24.7731],[-82.7399,24.7884],[-82.7757,24.7982],[-82.8689,24.7981],[-82.9791,24.7761],[-83.0411,24.7409],[-83.0668,24.7198],[-83.0885,24.6921],[-83.1035,24.658],[-83.1087,24.6295]]]]},"properties":{"geoid":"12120","state":"12","district":"120","name":"State House District 120","chamber":"House"}}]}