{"type":"FeatureCollection","features":[{"type":"Feature","geometry":{"type":"Polygon","coordinates":[[[-85.6049,34.9847],[-85.5273,34.5887],[-85.3717,34.5896],[-85.3602,34.5818],[-85.3521,34.5825],[-85.3535,34.5893],[-85.3228,34.5891],[-85.3155,34.6147],[-85.3055,34.6253],[-85.3162,34.6284],[-85.3056,34.6417],[-85.3006,34.6666],[-85.2864,34.6772],[-85.2654,34.6624],[-85.2524,34.6639],[-85.2477,34.6676],[-85.2488,34.679],[-85.2386,34.6823],[-85.2396,34.6976],[-85.2351,34.6978],[-85.2323,34.7054],[-85.2332,34.7209],[-85.2545,34.7218],[-85.2458,34.7429],[-85.2277,34.7433],[-85.2348,34.7581],[-85.2318,34.7658],[-85.2798,34.7631],[-85.3157,34.7676],[-85.3205,34.7735],[-85.319,34.7831],[-85.3356,34.7944],[-85.3377,34.8017],[-85.3628,34.8024],[-85.3739,34.8231],[-85.3339,34.882],[-85.3266,34.8822],[-85.3164,34.8945],[-85.3002,34.8839],[-85.2914,34.8852],[-85.2872,34.927],[-85.2746,34.9231],[-85.2646,34.9274],[-85.2651,34.9851],[-85.6049,34.9847]]]},"properties":{"geoid":"13001","state":"13","district":"1","name":"State House District 1","chamber":"House"}},{"type":"Feature","geometry":{"type":"Polygon","coordinates":[[[-85.374,34.823],[-85.3628,34.8024],[-85.3377,34.8017],[-85.3356,34.7944],[-85.319,34.7831],[-85.3205,34.7735],[-85.3157,34.7676],[-85.2798,34.7631],[-85.2318,34.7658],[-85.2348,34.7581],[-85.2277,34.7433],[-85.2458,34.7429],[-85.2545,34.7218],[-85.2332,34.7209],[-85.2323,34.7054],[-85.2351,34.6978],[-85.2396,34.6976],[-85.2386,34.6823],[-85.2488,34.679],[-85.2477,34.6676],[-85.2524,34.6639],[-85.2654,34.6624],[-85.2864,34.6772],[-85.3006,34.6666],[-85.3056,34.6417],[-85.3162,34.6284],[-85.3055,34.6253],[-85.3155,34.6147],[-85.3228,34.5891],[-85.0605,34.5872],[-85.0604,34.6225],[-85.0504,34.6225],[-85.0504,34.616],[-84.949,34.6167],[-84.9551,34.6274],[-84.9519,34.6259],[-84.95,34.6334],[-84.9634,34.6669],[-84.9611,34.675],[-84.9716,34.6864],[-84.9786,34.7043],[-84.9893,34.687],[-84.9923,34.6905],[-85.0046,34.6849],[-85.0215,34.6865],[-85.0199,34.732],[-85.0166,34.7409],[-85.0028,34.7443],[-85.0009,34.7935],[-84.9829,34.8009],[-84.9621,34.7978],[-84.9477,34.8131],[-84.943,34.838],[-84.9431,34.8416],[-84.9757,34.8423],[-84.9774,34.8603],[-84.9856,34.858],[-84.9939,34.8853],[-85.0015,34.8839],[-85.006,34.8881],[-85.006,34.9012],[-85.0234,34.9008],[-85.0233,34.8711],[-85.0327,34.8711],[-85.0327,34.8637],[-85.0616,34.8636],[-85.0616,34.8195],[-85.1053,34.8192],[-85.1054,34.8123],[-85.1227,34.8121],[-85.1226,34.8192],[-85.1317,34.8197],[-85.1307,34.8423],[-85.1125,34.886],[-85.1337,34.8905],[-85.1454,34.8597],[-85.1765,34.872],[-85.1836,34.8771],[-85.1841,34.8846],[-85.1913,34.8856],[-85.1911,34.8922],[-85.2265,34.9017],[-85.2319,34.9113],[-85.2516,34.9016],[-85.258,34.9045],[-85.2645,34.901],[-85.2646,34.9274],[-85.2746,34.9231],[-85.2872,34.927],[-85.2914,34.8852],[-85.3002,34.8839],[-85.3164,34.8945],[-85.3266,34.8822],[-85.3339,34.882],[-85.374,34.823]]]},"properties":{"geoid":"13002","state":"13","district":"2","name":"State House District 2","chamber":"House"}},{"type":"Feature","geometry":{"type":"Polygon","coordinates":[[[-85.2651,34.9767],[-85.2645,34.901],[-85.258,34.9045],[-85.2516,34.9016],[-85.2319,34.9113],[-85.2265,34.9017],[-85.1911,34.8922],[-85.1913,34.8856],[-85.1841,34.8846],[-85.1836,34.8771],[-85.1765,34.872],[-85.1454,34.8597],[-85.1337,34.8905],[-85.1125,34.886],[-85.1307,34.8423],[-85.1317,34.8197],[-85.1226,34.8192],[-85.1227,34.8121],[-85.1054,34.8123],[-85.1053,34.8192],[-85.0616,34.8195],[-85.0616,34.8636],[-85.0327,34.8637],[-85.0327,34.8711],[-85.0233,34.8711],[-85.0234,34.9008],[-85.0139,34.9008],[-85.0138,34.9115],[-84.9979,34.9402],[-84.9974,34.9724],[-84.9797,34.9728],[-84.9799,34.9876],[-85.2651,34.9851],[-85.2651,34.9767]]]},"properties":{"geoid":"13003","state":"13","district":"3","name":"State House District 3","chamber":"House"}},{"type":"Feature","geometry":{"type":"Polygon","coordinates":[[[-85.0215,34.6865],[-85.0046,34.6849],[-84.9923,34.6905],[-84.9893,34.687],[-84.9786,34.7043],[-84.9716,34.6864],[-84.9611,34.675],[-84.9634,34.6669],[-84.95,34.6334],[-84.9519,34.6259],[-84.9551,34.6274],[-84.9497,34.6158],[-84.9262,34.6157],[-84.9279,34.6254],[-84.9142,34.6304],[-84.9131,34.6396],[-84.9236,34.6495],[-84.9273,34.6663],[-84.9383,34.6691],[-84.9443,34.68],[-84.93,34.6759],[-84.9106,34.6815],[-84.8992,34.6642],[-84.8888,34.6672],[-84.8874,34.6778],[-84.9294,34.7026],[-84.9348,34.711],[-84.9235,34.7162],[-84.8914,34.7049],[-84.8837,34.7147],[-84.8648,34.7073],[-84.8597,34.7142],[-84.8558,34.7242],[-84.8728,34.734],[-84.8672,34.7394],[-84.8636,34.7336],[-84.8511,34.7421],[-84.8577,34.7453],[-84.8541,34.7489],[-84.8586,34.7562],[-84.8678,34.7557],[-84.8669,34.7668],[-84.8788,34.7787],[-84.8728,34.7827],[-84.8739,34.7893],[-84.8633,34.784],[-84.8557,34.7933],[-84.8387,34.7969],[-84.842,34.8052],[-84.8582,34.8062],[-84.8629,34.8141],[-84.8516,34.8244],[-84.8489,34.8323],[-84.8555,34.8355],[-84.8437,34.8534],[-84.8679,34.8551],[-84.8892,34.8679],[-84.9019,34.8576],[-84.9109,34.8572],[-84.9145,34.867],[-84.9345,34.8706],[-84.9346,34.8585],[-84.9365,34.8642],[-84.9445,34.8642],[-84.943,34.838],[-84.9486,34.8116],[-84.9637,34.7972],[-84.9829,34.8009],[-85.0009,34.7935],[-85.0028,34.7443],[-85.0166,34.7409],[-85.0199,34.732],[-85.0215,34.6865]]]},"properties":{"geoid":"13004","state":"13","district":"4","name":"State House District 4","chamber":"House"}},{"type":"Feature","geometry":{"type":"Polygon","coordinates":[[[-85.145,34.3311],[-85.1408,34.3262],[-85.1326,34.3342],[-85.1238,34.3332],[-85.1186,34.3278],[-85.1183,34.3163],[-85.1127,34.3232],[-85.1062,34.3172],[-85.1076,34.3022],[-85.1249,34.2806],[-85.1172,34.2796],[-85.095,34.2843],[-85.0897,34.2911],[-85.0786,34.2889],[-85.0576,34.2975],[-85.0417,34.2959],[-85.0395,34.3086],[-85.049,34.3165],[-85.0495,34.3246],[-85.0233,34.3169],[-85.0231,34.3471],[-85.0052,34.3471],[-85.0058,34.3925],[-84.9909,34.3925],[-84.9888,34.3846],[-84.9539,34.3842],[-84.9557,34.3918],[-84.9473,34.3915],[-84.9472,34.3989],[-84.7341,34.3965],[-84.7339,34.413],[-84.6532,34.4126],[-84.6537,34.4558],[-84.6444,34.4558],[-84.6445,34.463],[-84.6533,34.4632],[-84.6542,34.5116],[-84.6575,34.5185],[-84.6632,34.5175],[-84.668,34.5236],[-84.6926,34.5172],[-84.7074,34.5219],[-84.7065,34.53],[-84.7203,34.527],[-84.7286,34.5336],[-84.7446,34.533],[-84.7561,34.5267],[-84.7605,34.5187],[-84.7694,34.5202],[-84.7784,34.5294],[-84.7791,34.5519],[-84.8238,34.551],[-84.8261,34.5633],[-84.8467,34.563],[-84.8542,34.5763],[-84.8743,34.574],[-84.8894,34.563],[-84.8895,34.5571],[-84.8687,34.5423],[-84.8826,34.5337],[-84.8918,34.5339],[-84.9031,34.5434],[-84.8991,34.576],[-84.8938,34.5803],[-84.8986,34.5932],[-84.9081,34.5945],[-84.9093,34.6091],[-84.9041,34.6157],[-84.9082,34.6158],[-84.9083,34.6341],[-84.9275,34.626],[-84.9264,34.6157],[-85.0504,34.616],[-85.0504,34.6225],[-85.0604,34.6225],[-85.0605,34.5872],[-85.0692,34.5872],[-85.0693,34.575],[-85.0642,34.5749],[-85.0635,34.5425],[-85.09,34.5419],[-85.0901,34.4635],[-85.1123,34.4619],[-85.1022,34.4531],[-85.1019,34.4444],[-85.0944,34.4401],[-85.0883,34.4272],[-85.1069,34.4161],[-85.1054,34.4053],[-85.0773,34.3957],[-85.0997,34.383],[-85.1222,34.3831],[-85.1252,34.3695],[-85.115,34.3567],[-85.1145,34.3476],[-85.1398,34.3376],[-85.145,34.3311]]]},"properties":{"geoid":"13005","state":"13","district":"5","name":"State House District 5","chamber":"House"}},{"type":"Feature","geometry":{"type":"Polygon","coordinates":[[[-85.0139,34.9016],[-85.006,34.9012],[-85.0037,34.8853],[-84.9939,34.8853],[-84.9856,34.858],[-84.9774,34.8603],[-84.9757,34.8423],[-84.9431,34.8416],[-84.9445,34.8642],[-84.9365,34.8642],[-84.9346,34.8585],[-84.9345,34.8706],[-84.9145,34.867],[-84.9109,34.8572],[-84.9001,34.858],[-84.8892,34.8679],[-84.8679,34.8551],[-84.8437,34.8534],[-84.8555,34.8355],[-84.8489,34.8323],[-84.8516,34.8244],[-84.8629,34.8141],[-84.8582,34.8062],[-84.842,34.8052],[-84.8387,34.7969],[-84.8557,34.7933],[-84.8633,34.784],[-84.8739,34.7893],[-84.8728,34.7827],[-84.8788,34.7787],[-84.8669,34.7668],[-84.8678,34.7557],[-84.8586,34.7562],[-84.8541,34.7489],[-84.8577,34.7453],[-84.8511,34.7421],[-84.8636,34.7336],[-84.8672,34.7394],[-84.8728,34.734],[-84.8559,34.7243],[-84.8595,34.7145],[-84.8647,34.7073],[-84.8837,34.7147],[-84.8914,34.7049],[-84.9235,34.7162],[-84.9342,34.7122],[-84.9294,34.7026],[-84.8875,34.678],[-84.8893,34.6669],[-84.9009,34.6648],[-84.9109,34.6816],[-84.93,34.6759],[-84.9445,34.6797],[-84.9383,34.6691],[-84.9273,34.6663],[-84.9207,34.6442],[-84.9133,34.6399],[-84.9135,34.6341],[-84.9083,34.6341],[-84.9082,34.6158],[-84.9041,34.6157],[-84.9093,34.6091],[-84.9081,34.5945],[-84.8986,34.5932],[-84.8938,34.5803],[-84.8991,34.576],[-84.9031,34.5434],[-84.8986,34.5382],[-84.8843,34.5332],[-84.8696,34.5402],[-84.8694,34.5446],[-84.8893,34.5569],[-84.8901,34.5618],[-84.8743,34.574],[-84.8542,34.5763],[-84.8467,34.563],[-84.8261,34.5633],[-84.8238,34.551],[-84.7791,34.5519],[-84.7784,34.5294],[-84.7694,34.5202],[-84.7605,34.5187],[-84.7561,34.5267],[-84.7446,34.533],[-84.7286,34.5336],[-84.7203,34.527],[-84.7065,34.53],[-84.7074,34.5219],[-84.6926,34.5172],[-84.668,34.5236],[-84.6632,34.5175],[-84.6575,34.5185],[-84.6542,34.5116],[-84.6571,34.7289],[-84.6483,34.7477],[-84.639,34.7544],[-84.6353,34.7709],[-84.6414,34.7777],[-84.622,34.7891],[-84.6097,34.7909],[-84.6014,34.8064],[-84.596,34.8058],[-84.5822,34.8246],[-84.5905,34.8311],[-84.5929,34.8402],[-84.6023,34.8385],[-84.6228,34.8571],[-84.6215,34.9883],[-84.9799,34.9876],[-84.9797,34.9728],[-84.9974,34.9724],[-84.9978,34.9404],[-85.0138,34.9115],[-85.0139,34.9016]]]},"properties":{"geoid":"13006","state":"13","district":"6","name":"State House District 6","chamber":"House"}},{"type":"Feature","geometry":{"type":"Polygon","coordinates":[[[-84.6571,34.7289],[-84.6541,34.549],[-84.5214,34.5505],[-84.5205,34.5567],[-84.5117,34.5567],[-84.5115,34.5636],[-84.5026,34.5637],[-84.5028,34.5505],[-84.4767,34.5501],[-84.4765,34.5567],[-84.4857,34.5567],[-84.4858,34.5633],[-84.468,34.5635],[-84.4679,34.55],[-84.4324,34.5494],[-84.4287,34.5575],[-84.4244,34.5574],[-84.4246,34.5493],[-84.3714,34.5485],[-84.3715,34.5629],[-84.3456,34.5627],[-84.3457,34.5484],[-84.3197,34.4679],[-84.2396,34.4663],[-84.2356,34.4757],[-84.2413,34.4735],[-84.2426,34.4777],[-84.2344,34.4864],[-84.2343,34.5017],[-84.2191,34.5102],[-84.2123,34.5186],[-84.2142,34.5235],[-84.2029,34.5336],[-84.1902,34.5385],[-84.1886,34.6027],[-84.1036,34.7278],[-84.0932,34.7278],[-84.0932,34.8014],[-84.124,34.796],[-84.1417,34.8073],[-84.1476,34.8379],[-84.1425,34.854],[-84.1137,34.8704],[-84.1077,34.8876],[-84.1146,34.8897],[-84.1335,34.9165],[-84.1608,34.9269],[-84.1633,34.9361],[-84.1703,34.9366],[-84.1788,34.9468],[-84.1724,34.9593],[-84.1294,34.9875],[-84.6215,34.9883],[-84.6228,34.8571],[-84.6023,34.8385],[-84.5929,34.8402],[-84.5905,34.8311],[-84.5822,34.8246],[-84.596,34.8058],[-84.6014,34.8064],[-84.6097,34.7909],[-84.622,34.7891],[-84.6414,34.7777],[-84.6353,34.7709],[-84.639,34.7544],[-84.6483,34.7477],[-84.6571,34.7289]]]},"properties":{"geoid":"13007","state":"13","district":"7","name":"State House District 7","chamber":"House"}},{"type":"Feature","geometry":{"type":"Polygon","coordinates":[[[-84.1792,34.9509],[-84.1713,34.9376],[-84.1633,34.9361],[-84.1608,34.9269],[-84.1335,34.9165],[-84.1146,34.8897],[-84.1074,34.8869],[-84.1137,34.8704],[-84.1197,34.8649],[-84.129,34.8647],[-84.1475,34.8446],[-84.1417,34.8073],[-84.124,34.796],[-84.0932,34.8014],[-84.0932,34.7278],[-84.1036,34.7278],[-84.158,34.6482],[-84.1518,34.6513],[-84.1463,34.6466],[-84.138,34.6529],[-84.1374,34.6608],[-84.1249,34.6644],[-84.1173,34.6584],[-84.0885,34.6513],[-84.0715,34.657],[-84.0677,34.648],[-84.0482,34.6409],[-84.0365,34.6419],[-84.0385,34.6517],[-84.0304,34.6526],[-84.0246,34.6702],[-83.9947,34.6782],[-83.9921,34.6959],[-83.9864,34.7002],[-83.9895,34.7076],[-83.9643,34.7271],[-83.9166,34.727],[-83.9213,34.7345],[-83.9182,34.7349],[-83.8774,34.7233],[-83.8636,34.7263],[-83.8564,34.7219],[-83.8581,34.7049],[-83.8637,34.6878],[-83.8732,34.6811],[-83.8712,34.6649],[-83.8764,34.6604],[-83.8718,34.6575],[-83.8755,34.6433],[-83.8711,34.6399],[-83.877,34.6273],[-83.865,34.6229],[-83.8659,34.6365],[-83.8407,34.6402],[-83.8374,34.6302],[-83.815,34.6391],[-83.7975,34.6351],[-83.809,34.6206],[-83.7994,34.6155],[-83.8046,34.6012],[-83.82,34.5878],[-83.8217,34.5797],[-83.8256,34.5808],[-83.8249,34.5742],[-83.8175,34.5775],[-83.8117,34.5739],[-83.7917,34.5842],[-83.7886,34.5672],[-83.7825,34.5722],[-83.7763,34.5669],[-83.7768,34.5758],[-83.7649,34.5734],[-83.7548,34.5253],[-83.7568,34.5045],[-83.6664,34.5036],[-83.663,34.5134],[-83.6331,34.5269],[-83.6304,34.5363],[-83.6167,34.5414],[-83.6214,34.5438],[-83.6164,34.5468],[-83.6201,34.5519],[-83.6156,34.5536],[-83.6353,34.5712],[-83.6385,34.5929],[-83.645,34.602],[-83.6465,34.6122],[-83.6387,34.6164],[-83.6382,34.6223],[-83.6495,34.6412],[-83.6651,34.6536],[-83.654,34.6669],[-83.6454,34.6688],[-83.6484,34.6735],[-83.6406,34.6799],[-83.6365,34.6998],[-83.6394,34.711],[-83.6233,34.7322],[-83.6251,34.7459],[-83.6327,34.7531],[-83.6283,34.7634],[-83.6336,34.7707],[-83.6473,34.7723],[-83.6689,34.789],[-83.6748,34.7883],[-83.6817,34.8003],[-83.6664,34.807],[-83.6523,34.8222],[-83.6591,34.8303],[-83.6617,34.8482],[-83.6549,34.8656],[-83.6567,34.8786],[-83.6501,34.8809],[-83.6453,34.8914],[-83.6299,34.8952],[-83.6266,34.9101],[-83.5971,34.9137],[-83.5932,34.9215],[-83.5997,34.9219],[-83.6016,34.9383],[-83.5469,34.9465],[-83.5494,34.9924],[-83.6201,34.992],[-83.6207,34.9867],[-84.1294,34.9875],[-84.1792,34.9509]]]},"properties":{"geoid":"13008","state":"13","district":"8","name":"State House District 8","chamber":"House"}},{"type":"Feature","geometry":{"type":"Polygon","coordinates":[[[-84.2581,34.3365],[-83.9571,34.334],[-83.9602,34.3427],[-83.9669,34.3396],[-83.9762,34.3566],[-83.9814,34.3578],[-83.9761,34.3631],[-83.981,34.3692],[-83.9772,34.3795],[-83.9844,34.3836],[-83.9716,34.4025],[-83.9847,34.4128],[-83.9709,34.4228],[-83.9751,34.4327],[-83.9351,34.449],[-83.9464,34.4661],[-83.9676,34.4687],[-83.9151,34.5219],[-83.9083,34.5156],[-83.8898,34.5157],[-83.8593,34.536],[-83.8438,34.5398],[-83.8438,34.5324],[-83.8328,34.5323],[-83.8376,34.5153],[-83.8431,34.5154],[-83.8434,34.5055],[-83.7885,34.5048],[-83.7886,34.5141],[-83.7776,34.5137],[-83.7777,34.5048],[-83.7568,34.5045],[-83.7548,34.5253],[-83.7649,34.5734],[-83.7768,34.5758],[-83.7763,34.5669],[-83.7825,34.5722],[-83.7886,34.5672],[-83.7917,34.5842],[-83.8117,34.5739],[-83.8175,34.5775],[-83.8249,34.5742],[-83.8256,34.5808],[-83.8217,34.5797],[-83.82,34.5878],[-83.8046,34.6012],[-83.7994,34.6155],[-83.809,34.6206],[-83.7975,34.6351],[-83.815,34.6391],[-83.8374,34.6302],[-83.8407,34.6402],[-83.8659,34.6365],[-83.865,34.6229],[-83.877,34.6273],[-83.8711,34.6399],[-83.8755,34.6433],[-83.8717,34.6569],[-83.8764,34.661],[-83.8709,34.6686],[-83.8736,34.6791],[-83.8637,34.6878],[-83.8565,34.7222],[-83.8698,34.7274],[-83.8774,34.7233],[-83.8931,34.7258],[-83.9001,34.7322],[-83.9182,34.7349],[-83.9213,34.7345],[-83.9166,34.727],[-83.9643,34.7271],[-83.9895,34.7076],[-83.9864,34.7002],[-83.9921,34.6959],[-83.9947,34.6782],[-84.0246,34.6702],[-84.0304,34.6526],[-84.0385,34.6517],[-84.0365,34.6419],[-84.0482,34.6409],[-84.0677,34.648],[-84.0715,34.657],[-84.0885,34.6513],[-84.1173,34.6584],[-84.1249,34.6644],[-84.1374,34.6608],[-84.138,34.6529],[-84.1463,34.6466],[-84.1518,34.6513],[-84.158,34.6482],[-84.1886,34.6027],[-84.1902,34.5385],[-84.2029,34.5336],[-84.2142,34.5235],[-84.2123,34.5186],[-84.2191,34.5102],[-84.2343,34.5017],[-84.2344,34.4864],[-84.2426,34.4777],[-84.2413,34.4735],[-84.2356,34.4757],[-84.2392,34.4666],[-84.2569,34.4656],[-84.2581,34.3365]]]},"properties":{"geoid":"13009","state":"13","district":"9","name":"State House District 9","chamber":"House"}},{"type":"Feature","geometry":{"type":"Polygon","coordinates":[[[-83.6816,34.8005],[-83.6748,34.7883],[-83.6689,34.789],[-83.6473,34.7723],[-83.6333,34.7705],[-83.6281,34.7605],[-83.6325,34.7519],[-83.6249,34.7452],[-83.6233,34.7322],[-83.6394,34.711],[-83.6365,34.6996],[-83.6406,34.6799],[-83.6484,34.6735],[-83.6453,34.669],[-83.654,34.6669],[-83.6651,34.6536],[-83.6495,34.6412],[-83.6382,34.6223],[-83.6387,34.6164],[-83.6465,34.6122],[-83.645,34.602],[-83.6385,34.5929],[-83.6353,34.5712],[-83.6156,34.5536],[-83.6201,34.5519],[-83.6164,34.5468],[-83.6214,34.5438],[-83.6166,34.5416],[-83.6247,34.5407],[-83.634,34.5327],[-83.6329,34.527],[-83.6562,34.5179],[-83.6671,34.5069],[-83.6152,34.4317],[-83.6072,34.4442],[-83.5848,34.4534],[-83.5524,34.4858],[-83.5374,34.4917],[-83.4996,34.4871],[-83.4985,34.494],[-83.486,34.497],[-83.4995,34.508],[-83.5106,34.5099],[-83.5146,34.523],[-83.5184,34.5231],[-83.5133,34.5286],[-83.4979,34.5316],[-83.4971,34.5365],[-83.5068,34.5434],[-83.4932,34.5562],[-83.4932,34.5643],[-83.4828,34.5645],[-83.4577,34.578],[-83.4414,34.576],[-83.4321,34.5663],[-83.4195,34.564],[-83.365,34.6753],[-83.3382,34.6872],[-83.3538,34.6982],[-83.3466,34.7042],[-83.3534,34.7284],[-83.3486,34.737],[-83.3392,34.7383],[-83.3264,34.7507],[-83.3262,34.7563],[-83.3187,34.7576],[-83.3233,34.7607],[-83.319,34.7713],[-83.3241,34.7892],[-83.3142,34.7996],[-83.3008,34.8043],[-83.2994,34.8095],[-83.3064,34.8157],[-83.3006,34.8187],[-83.2951,34.8132],[-83.289,34.8246],[-83.2771,34.817],[-83.2709,34.8186],[-83.2672,34.8313],[-83.2726,34.8355],[-83.2672,34.8485],[-83.2489,34.8451],[-83.2539,34.8488],[-83.2533,34.8559],[-83.2464,34.8555],[-83.2481,34.8656],[-83.2391,34.8651],[-83.2347,34.8707],[-83.243,34.8775],[-83.2201,34.878],[-83.214,34.8886],[-83.2146,34.8836],[-83.2053,34.8802],[-83.201,34.8844],[-83.2035,34.8935],[-83.1972,34.8906],[-83.1945,34.8994],[-83.1881,34.8981],[-83.1686,34.9194],[-83.157,34.9151],[-83.1569,34.9308],[-83.1415,34.9245],[-83.13,34.9313],[-83.1317,34.9357],[-83.1273,34.9386],[-83.1205,34.9329],[-83.1118,34.935],[-83.1274,34.9493],[-83.1271,34.9542],[-83.1141,34.9502],[-83.1203,34.958],[-83.1158,34.9602],[-83.122,34.9648],[-83.1165,34.9757],[-83.1112,34.9757],[-83.1113,34.981],[-83.1077,34.9798],[-83.0982,34.9909],[-83.1106,35.0013],[-83.5494,34.9924],[-83.5469,34.9465],[-83.6016,34.9383],[-83.5997,34.9219],[-83.5932,34.9215],[-83.5971,34.9137],[-83.6266,34.9101],[-83.6299,34.8952],[-83.6453,34.8914],[-83.6501,34.8809],[-83.6567,34.8786],[-83.6549,34.8656],[-83.6617,34.8482],[-83.6591,34.8303],[-83.6523,34.8222],[-83.6664,34.807],[-83.6816,34.8005]]]},"properties":{"geoid":"13010","state":"13","district":"10","name":"State House District 10","chamber":"House"}},{"type":"Feature","geometry":{"type":"Polygon","coordinates":[[[-84.6543,34.5417],[-84.6533,34.4632],[-84.6445,34.463],[-84.6444,34.4558],[-84.6537,34.4558],[-84.6532,34.4126],[-84.5828,34.4122],[-84.5826,34.3815],[-84.4423,34.3804],[-84.4421,34.3882],[-84.4245,34.388],[-84.4245,34.3806],[-84.412,34.3806],[-84.4133,34.3761],[-84.3989,34.3712],[-84.4048,34.3644],[-84.3996,34.3647],[-84.4031,34.3594],[-84.3982,34.355],[-84.406,34.3593],[-84.4065,34.3555],[-84.4095,34.3614],[-84.4185,34.3538],[-84.4019,34.3311],[-84.411,34.3362],[-84.4097,34.3308],[-84.4195,34.3245],[-84.3918,34.2996],[-84.3686,34.294],[-84.3603,34.3052],[-84.352,34.2984],[-84.3496,34.3163],[-84.3341,34.322],[-84.3219,34.3164],[-84.3167,34.3241],[-84.2977,34.3155],[-84.2837,34.2995],[-84.277,34.3038],[-84.2661,34.2965],[-84.2585,34.2993],[-84.2587,34.2371],[-84.2296,34.2537],[-84.197,34.2526],[-84.1948,34.2607],[-84.1753,34.2681],[-84.1752,34.2771],[-84.1639,34.2983],[-84.1384,34.2933],[-84.1166,34.3021],[-84.1008,34.2958],[-84.1073,34.3165],[-84.1045,34.3295],[-84.1149,34.3346],[-84.2581,34.3352],[-84.2569,34.4673],[-84.3197,34.4679],[-84.3457,34.5484],[-84.3456,34.5627],[-84.3715,34.5629],[-84.3714,34.5485],[-84.4246,34.5493],[-84.4244,34.5574],[-84.4287,34.5575],[-84.4324,34.5494],[-84.4679,34.55],[-84.468,34.5635],[-84.4858,34.5633],[-84.4857,34.5567],[-84.4765,34.5567],[-84.4767,34.5501],[-84.5028,34.5505],[-84.5026,34.5637],[-84.5115,34.5636],[-84.5117,34.5567],[-84.5205,34.5567],[-84.5214,34.5505],[-84.6541,34.549],[-84.6543,34.5417]]]},"properties":{"geoid":"13011","state":"13","district":"11","name":"State House District 11","chamber":"House"}},{"type":"Feature","geometry":{"type":"Polygon","coordinates":[[[-85.5273,34.5887],[-85.4219,34.0808],[-85.2581,34.0791],[-85.2576,34.1007],[-85.1574,34.0973],[-85.1575,34.0835],[-85.1225,34.0831],[-85.1222,34.0933],[-85.1395,34.1184],[-85.1422,34.1582],[-85.1563,34.1501],[-85.1747,34.1508],[-85.1614,34.1757],[-85.1658,34.1901],[-85.1587,34.1926],[-85.1609,34.2068],[-85.1665,34.2037],[-85.1703,34.207],[-85.1613,34.2221],[-85.1697,34.2228],[-85.1744,34.2033],[-85.1827,34.2017],[-85.1797,34.207],[-85.1836,34.2133],[-85.1968,34.1937],[-85.2011,34.1936],[-85.197,34.2052],[-85.1951,34.2019],[-85.1823,34.2202],[-85.1894,34.2277],[-85.1965,34.2228],[-85.1994,34.2265],[-85.2271,34.2073],[-85.2393,34.2208],[-85.2659,34.2323],[-85.267,34.2416],[-85.2475,34.2503],[-85.2474,34.26],[-85.2541,34.2645],[-85.2425,34.2644],[-85.2386,34.276],[-85.2438,34.2803],[-85.2278,34.275],[-85.2247,34.2857],[-85.182,34.2798],[-85.1885,34.283],[-85.188,34.2943],[-85.1962,34.2961],[-85.1887,34.3028],[-85.2064,34.3145],[-85.2186,34.3322],[-85.203,34.3362],[-85.1894,34.3491],[-85.175,34.3527],[-85.1587,34.3345],[-85.1402,34.3608],[-85.1298,34.3489],[-85.115,34.3471],[-85.115,34.3567],[-85.1252,34.3695],[-85.1227,34.3824],[-85.0997,34.383],[-85.0773,34.3956],[-85.1054,34.4053],[-85.1069,34.4161],[-85.0883,34.4272],[-85.0944,34.4401],[-85.1019,34.4444],[-85.1022,34.4531],[-85.1123,34.4619],[-85.0901,34.4635],[-85.09,34.5419],[-85.0635,34.5425],[-85.0642,34.5749],[-85.0693,34.575],[-85.0692,34.5872],[-85.3535,34.5893],[-85.3521,34.5825],[-85.3602,34.5818],[-85.3717,34.5896],[-85.5273,34.5887]]]},"properties":{"geoid":"13012","state":"13","district":"12","name":"State House District 12","chamber":"House"}},{"type":"Feature","geometry":{"type":"Polygon","coordinates":[[[-85.267,34.2416],[-85.2659,34.2323],[-85.2393,34.2208],[-85.2271,34.2073],[-85.1994,34.2265],[-85.1965,34.2228],[-85.1894,34.2277],[-85.1823,34.2202],[-85.1951,34.2019],[-85.197,34.2052],[-85.2011,34.1936],[-85.1968,34.1937],[-85.1836,34.2133],[-85.1797,34.207],[-85.1827,34.2017],[-85.1744,34.2033],[-85.1697,34.2228],[-85.1613,34.2221],[-85.1703,34.207],[-85.1665,34.2037],[-85.1609,34.2068],[-85.1587,34.1926],[-85.1658,34.1901],[-85.1614,34.1757],[-85.1747,34.1508],[-85.1563,34.1501],[-85.1422,34.1582],[-85.1392,34.1172],[-85.1222,34.0933],[-85.122,34.0967],[-85.0469,34.0964],[-85.0447,34.2136],[-85.0238,34.2134],[-85.0239,34.2512],[-85.0156,34.2511],[-85.0155,34.2582],[-85.0239,34.2583],[-85.0233,34.3169],[-85.0495,34.3246],[-85.049,34.3165],[-85.0395,34.3086],[-85.0417,34.2959],[-85.0576,34.2975],[-85.0786,34.2889],[-85.0897,34.2911],[-85.095,34.2843],[-85.1206,34.2797],[-85.1249,34.2806],[-85.1076,34.3022],[-85.1062,34.3172],[-85.1127,34.3232],[-85.1183,34.3163],[-85.1186,34.3278],[-85.1238,34.3332],[-85.1326,34.3342],[-85.1408,34.3262],[-85.145,34.331],[-85.1217,34.3453],[-85.1363,34.353],[-85.1338,34.3568],[-85.1402,34.3608],[-85.1587,34.3345],[-85.1692,34.3507],[-85.1894,34.3491],[-85.203,34.3362],[-85.2187,34.3318],[-85.2064,34.3145],[-85.1887,34.3028],[-85.1962,34.2961],[-85.188,34.2943],[-85.1885,34.283],[-85.182,34.2798],[-85.2247,34.2857],[-85.2278,34.275],[-85.2438,34.2803],[-85.2386,34.276],[-85.2425,34.2644],[-85.2541,34.2645],[-85.2474,34.26],[-85.2475,34.2503],[-85.267,34.2416]]]},"properties":{"geoid":"13013","state":"13","district":"13","name":"State House District 13","chamber":"House"}},{"type":"Feature","geometry":{"type":"Polygon","coordinates":[[[-85.0471,34.0866],[-85.047,34.0829],[-84.9391,34.0826],[-84.939,34.0784],[-84.9143,34.0826],[-84.9144,34.0753],[-84.8969,34.0787],[-84.8968,34.0825],[-84.8591,34.0826],[-84.8628,34.0921],[-84.8682,34.0902],[-84.8944,34.1231],[-84.8908,34.127],[-84.8946,34.1316],[-84.8764,34.1422],[-84.8784,34.1647],[-84.8728,34.1869],[-84.9147,34.1952],[-84.9254,34.1918],[-84.9361,34.2044],[-84.9347,34.216],[-84.8975,34.2242],[-84.8613,34.2172],[-84.8487,34.2195],[-84.834,34.201],[-84.825,34.2037],[-84.8202,34.2076],[-84.8285,34.2111],[-84.8191,34.2106],[-84.8187,34.2322],[-84.8093,34.2409],[-84.8051,34.2642],[-84.809,34.2694],[-84.7929,34.2562],[-84.8191,34.2821],[-84.8205,34.2862],[-84.8117,34.2914],[-84.8011,34.2909],[-84.8005,34.2854],[-84.7856,34.2938],[-84.7914,34.2728],[-84.7823,34.2727],[-84.7824,34.2653],[-84.7743,34.2653],[-84.7743,34.2597],[-84.7676,34.2565],[-84.7716,34.2508],[-84.7693,34.2438],[-84.7458,34.225],[-84.7085,34.265],[-84.6821,34.24],[-84.6714,34.2441],[-84.6537,34.2275],[-84.6533,34.264],[-84.6313,34.2768],[-84.6006,34.2609],[-84.5861,34.2651],[-84.5737,34.2824],[-84.5456,34.2798],[-84.5386,34.2745],[-84.5241,34.2814],[-84.5121,34.2812],[-84.495,34.2943],[-84.4952,34.3184],[-84.4904,34.3237],[-84.4306,34.359],[-84.4429,34.3641],[-84.4364,34.375],[-84.4547,34.3805],[-84.5826,34.3815],[-84.5828,34.4122],[-84.7339,34.413],[-84.7341,34.3965],[-84.9472,34.3989],[-84.9473,34.3915],[-84.9557,34.3918],[-84.9539,34.3842],[-84.9888,34.3846],[-84.9909,34.3925],[-85.0058,34.3925],[-85.0052,34.3471],[-85.0231,34.3471],[-85.0239,34.2583],[-85.0155,34.2582],[-85.0156,34.2511],[-85.0239,34.2512],[-85.0238,34.2134],[-85.0447,34.2136],[-85.0471,34.0866]]]},"properties":{"geoid":"13014","state":"13","district":"14","name":"State House District 14","chamber":"House"}},{"type":"Feature","geometry":{"type":"Polygon","coordinates":[[[-84.9365,34.2068],[-84.9254,34.1918],[-84.9147,34.1952],[-84.8728,34.1869],[-84.8784,34.1647],[-84.8764,34.1422],[-84.8946,34.1316],[-84.8908,34.127],[-84.8944,34.1231],[-84.8682,34.0902],[-84.8628,34.0921],[-84.8591,34.0826],[-84.6592,34.0782],[-84.6577,34.2027],[-84.6537,34.2275],[-84.6714,34.2441],[-84.6821,34.24],[-84.7085,34.265],[-84.7379,34.237],[-84.7445,34.2245],[-84.7693,34.2438],[-84.7716,34.2508],[-84.7676,34.2565],[-84.7743,34.2597],[-84.7743,34.2653],[-84.7824,34.2653],[-84.7823,34.2727],[-84.7914,34.2728],[-84.7856,34.2938],[-84.8005,34.2854],[-84.8004,34.2905],[-84.8106,34.2918],[-84.8198,34.2835],[-84.7929,34.2562],[-84.809,34.2694],[-84.8051,34.2642],[-84.8093,34.2409],[-84.8187,34.2322],[-84.8191,34.2106],[-84.8285,34.2111],[-84.8202,34.2076],[-84.8248,34.2039],[-84.834,34.201],[-84.8484,34.2194],[-84.8613,34.2172],[-84.8964,34.2242],[-84.9347,34.216],[-84.9365,34.2068]]]},"properties":{"geoid":"13015","state":"13","district":"15","name":"State House District 15","chamber":"House"}},{"type":"Feature","geometry":{"type":"Polygon","coordinates":[[[-85.4219,34.0808],[-85.3866,33.9017],[-85.2128,33.8992],[-85.2128,33.9063],[-85.0503,33.9045],[-85.0498,33.9526],[-84.9787,33.9514],[-84.9617,33.9846],[-84.9455,33.9851],[-84.9298,33.9778],[-84.9262,33.9659],[-84.9069,33.9555],[-84.9067,33.9476],[-84.8956,33.9609],[-84.8869,33.9637],[-84.8815,33.9478],[-84.8708,33.9499],[-84.8667,33.9465],[-84.8588,33.9608],[-84.8403,33.9688],[-84.8454,33.9751],[-84.8409,33.9753],[-84.8444,33.9852],[-84.8392,33.9936],[-84.8274,33.9982],[-84.829,34.0018],[-84.8231,34.0004],[-84.8188,34.007],[-84.8226,34.0119],[-84.8175,34.01],[-84.8124,34.0145],[-84.8173,34.0201],[-84.8104,34.0217],[-84.8155,34.0232],[-84.8179,34.0312],[-84.7989,34.0161],[-84.7858,34.0203],[-84.7571,34.0548],[-84.7632,34.0705],[-84.76,34.0693],[-84.758,34.0769],[-84.7378,34.0823],[-84.8968,34.0825],[-84.8969,34.0787],[-84.9144,34.0753],[-84.9143,34.0826],[-84.9299,34.0826],[-84.93,34.0782],[-84.939,34.0784],[-84.9391,34.0826],[-85.047,34.0829],[-85.0469,34.0964],[-85.122,34.0967],[-85.1225,34.0831],[-85.1575,34.0835],[-85.1574,34.0973],[-85.2576,34.1007],[-85.2581,34.0791],[-85.4219,34.0808]]]},"properties":{"geoid":"13016","state":"13","district":"16","name":"State House District 16","chamber":"House"}},{"type":"Feature","geometry":{"type":"Polygon","coordinates":[[[-85.0503,33.9058],[-85.0367,33.9043],[-85.0374,33.8637],[-85.0045,33.8822],[-85.0041,33.8786],[-84.9834,33.8792],[-84.9798,33.892],[-84.9691,33.8806],[-84.9712,33.8624],[-84.9457,33.8518],[-84.8915,33.8669],[-84.8852,33.8733],[-84.8717,33.8705],[-84.8675,33.852],[-84.8615,33.8497],[-84.8453,33.858],[-84.8417,33.8674],[-84.8071,33.8669],[-84.8065,33.8935],[-84.7937,33.8886],[-84.8044,33.902],[-84.8102,33.9029],[-84.8028,33.9311],[-84.8191,33.939],[-84.7892,33.9587],[-84.7388,34.0347],[-84.7378,34.0815],[-84.758,34.0769],[-84.76,34.0693],[-84.7632,34.0705],[-84.7571,34.0548],[-84.7859,34.0202],[-84.7989,34.0161],[-84.8179,34.0312],[-84.8155,34.0232],[-84.8104,34.0217],[-84.8173,34.0201],[-84.8124,34.0145],[-84.8175,34.01],[-84.8226,34.0119],[-84.8188,34.007],[-84.8231,34.0004],[-84.829,34.0018],[-84.8274,33.9982],[-84.8392,33.9936],[-84.8444,33.9852],[-84.8409,33.9753],[-84.8454,33.9751],[-84.8403,33.9688],[-84.8588,33.9608],[-84.8666,33.9466],[-84.8815,33.9478],[-84.8869,33.9637],[-84.8956,33.9609],[-84.9067,33.9476],[-84.9069,33.9555],[-84.9262,33.9659],[-84.9298,33.9778],[-84.9455,33.9851],[-84.9617,33.9846],[-84.9787,33.9514],[-85.0498,33.9526],[-85.0503,33.9058]]]},"properties":{"geoid":"13017","state":"13","district":"17","name":"State House District 17","chamber":"House"}},{"type":"Feature","geometry":{"type":"Polygon","coordinates":[[[-85.3866,33.9017],[-85.2938,33.4281],[-85.1975,33.4272],[-85.1933,33.4417],[-85.1982,33.4541],[-85.1589,33.4782],[-85.1696,33.5046],[-85.165,33.5095],[-85.1676,33.523],[-85.1595,33.5263],[-85.1597,33.5348],[-85.1818,33.5409],[-85.1872,33.5331],[-85.2075,33.5242],[-85.2222,33.5281],[-85.2137,33.5638],[-85.2312,33.5606],[-85.2245,33.5807],[-85.2289,33.6088],[-85.2109,33.6052],[-85.2033,33.6107],[-85.1895,33.6088],[-85.1902,33.6052],[-85.1777,33.606],[-85.1752,33.5988],[-85.1657,33.5951],[-85.142,33.5955],[-85.132,33.6079],[-85.1129,33.6049],[-85.119,33.6131],[-85.1113,33.6175],[-85.1147,33.6251],[-85.1068,33.6263],[-85.111,33.6175],[-85.1006,33.6173],[-85.1031,33.6249],[-85.0966,33.6253],[-85.0911,33.6334],[-85.091,33.6284],[-85.0817,33.6226],[-85.1001,33.6249],[-85.0958,33.6191],[-85.0992,33.6175],[-85.0909,33.6147],[-85.1023,33.6113],[-85.0925,33.6121],[-85.0886,33.6063],[-85.0857,33.611],[-85.0777,33.6058],[-85.0596,33.6232],[-85.0512,33.6238],[-85.0422,33.6415],[-85.024,33.6545],[-85.0236,33.6695],[-85.0072,33.69],[-85.0187,33.6949],[-85.0158,33.7036],[-85.0262,33.7034],[-85.0527,33.7147],[-85.0493,33.8124],[-84.9712,33.7996],[-84.8792,33.7748],[-84.8588,33.7752],[-84.8542,33.7879],[-84.8556,33.8032],[-84.8897,33.8087],[-84.8852,33.8143],[-84.8901,33.8233],[-84.8917,33.8668],[-84.9486,33.8523],[-84.9724,33.864],[-84.9691,33.8806],[-84.9798,33.892],[-84.9834,33.8792],[-85.0041,33.8786],[-85.0045,33.8822],[-85.0374,33.8637],[-85.0367,33.9043],[-85.2128,33.9063],[-85.2128,33.8992],[-85.3866,33.9017]]]},"properties":{"geoid":"13018","state":"13","district":"18","name":"State House District 18","chamber":"House"}},{"type":"Feature","geometry":{"type":"Polygon","coordinates":[[[-84.8191,33.939],[-84.8028,33.9311],[-84.8102,33.9029],[-84.8044,33.902],[-84.7937,33.8886],[-84.8065,33.8935],[-84.8088,33.8884],[-84.805,33.8584],[-84.792,33.8469],[-84.7936,33.8431],[-84.7888,33.8438],[-84.7858,33.8305],[-84.7728,33.8292],[-84.7586,33.8186],[-84.7479,33.8276],[-84.7348,33.8227],[-84.7291,33.8304],[-84.7249,33.8275],[-84.7241,33.9036],[-84.667,33.9022],[-84.6616,33.9524],[-84.703,33.9404],[-84.7029,33.9519],[-84.708,33.9588],[-84.7202,33.9598],[-84.7258,33.9593],[-84.7284,33.9477],[-84.7396,33.9478],[-84.7388,34.0347],[-84.7892,33.9587],[-84.8191,33.939]]]},"properties":{"geoid":"13019","state":"13","district":"19","name":"State House District 19","chamber":"House"}},{"type":"Feature","geometry":{"type":"Polygon","coordinates":[[[-84.6279,34.1747],[-84.614,34.1651],[-84.626,34.1559],[-84.6034,34.1462],[-84.5966,34.1529],[-84.5851,34.1398],[-84.5818,34.0921],[-84.5649,34.0839],[-84.5567,34.0853],[-84.553,34.076],[-84.5386,34.0757],[-84.5303,34.0993],[-84.5335,34.114],[-84.5113,34.1571],[-84.5129,34.1731],[-84.5014,34.1973],[-84.5069,34.2035],[-84.5232,34.2048],[-84.5302,34.1975],[-84.5482,34.2018],[-84.6046,34.1744],[-84.6129,34.1788],[-84.6155,34.1733],[-84.6279,34.1747]]]},"properties":{"geoid":"13020","state":"13","district":"20","name":"State House District 20","chamber":"House"}},{"type":"Feature","geometry":{"type":"Polygon","coordinates":[[[-84.5245,34.1343],[-84.517,34.1262],[-84.513,34.1297],[-84.5027,34.1208],[-84.4858,34.1163],[-84.4875,34.1132],[-84.4777,34.1036],[-84.4472,34.103],[-84.4408,34.0923],[-84.4266,34.0954],[-84.4311,34.1041],[-84.4149,34.1103],[-84.3998,34.1096],[-84.3881,34.1199],[-84.3627,34.1238],[-84.3562,34.1746],[-84.3424,34.1764],[-84.3286,34.1862],[-84.3175,34.1863],[-84.3069,34.1947],[-84.3024,34.2177],[-84.307,34.2244],[-84.291,34.2333],[-84.2854,34.2458],[-84.2885,34.2643],[-84.2587,34.2624],[-84.2585,34.295],[-84.2873,34.2861],[-84.3094,34.2661],[-84.3297,34.2565],[-84.3315,34.245],[-84.3216,34.2367],[-84.3274,34.2281],[-84.3475,34.2318],[-84.3879,34.2022],[-84.3965,34.2121],[-84.422,34.1957],[-84.4301,34.1996],[-84.4477,34.1949],[-84.4547,34.2033],[-84.4666,34.1888],[-84.4825,34.1874],[-84.4778,34.1818],[-84.4788,34.1729],[-84.5123,34.1746],[-84.5116,34.1559],[-84.5245,34.1343]]]},"properties":{"geoid":"13021","state":"13","district":"21","name":"State House District 21","chamber":"House"}},{"type":"Feature","geometry":{"type":"Polygon","coordinates":[[[-84.6592,34.0795],[-84.6365,34.0779],[-84.6361,34.0679],[-84.6308,34.064],[-84.6181,34.0655],[-84.6185,34.0556],[-84.6092,34.0527],[-84.5987,34.0562],[-84.5861,34.0491],[-84.5749,34.0532],[-84.5556,34.0465],[-84.5487,34.0384],[-84.5409,34.0394],[-84.5419,34.0516],[-84.5363,34.0564],[-84.543,34.0575],[-84.5386,34.0757],[-84.553,34.076],[-84.5567,34.0853],[-84.5649,34.0839],[-84.5826,34.093],[-84.5851,34.1398],[-84.5966,34.1529],[-84.6034,34.1462],[-84.626,34.1559],[-84.614,34.1651],[-84.6279,34.1747],[-84.6155,34.1733],[-84.6129,34.1788],[-84.6046,34.1744],[-84.5665,34.1954],[-84.5771,34.2134],[-84.5641,34.2151],[-84.5712,34.2306],[-84.5551,34.2251],[-84.5505,34.2286],[-84.5589,34.2333],[-84.5562,34.2372],[-84.5606,34.2457],[-84.5646,34.2386],[-84.5712,34.2469],[-84.5735,34.2381],[-84.5848,34.2418],[-84.5794,34.2458],[-84.5868,34.2444],[-84.5815,34.2545],[-84.5957,34.2643],[-84.6006,34.2609],[-84.6109,34.2638],[-84.6277,34.2769],[-84.6533,34.264],[-84.6592,34.0795]]]},"properties":{"geoid":"13022","state":"13","district":"22","name":"State House District 22","chamber":"House"}},{"type":"Feature","geometry":{"type":"Polygon","coordinates":[[[-84.5955,34.2634],[-84.5801,34.2528],[-84.5868,34.2444],[-84.5794,34.2456],[-84.5848,34.2418],[-84.5735,34.2381],[-84.5712,34.2469],[-84.5646,34.2386],[-84.561,34.2459],[-84.5562,34.2372],[-84.5589,34.2333],[-84.5505,34.2286],[-84.5551,34.2251],[-84.5712,34.2306],[-84.5641,34.2151],[-84.5771,34.2134],[-84.5665,34.1954],[-84.554,34.1959],[-84.5482,34.2018],[-84.5302,34.1975],[-84.5232,34.2048],[-84.5074,34.2039],[-84.5014,34.1973],[-84.5123,34.1746],[-84.4788,34.1729],[-84.4778,34.1818],[-84.4825,34.1874],[-84.4666,34.1888],[-84.4547,34.2033],[-84.4477,34.1949],[-84.4301,34.1996],[-84.422,34.1957],[-84.3965,34.2121],[-84.3879,34.2022],[-84.3475,34.2318],[-84.3274,34.2281],[-84.3216,34.2367],[-84.3315,34.245],[-84.3297,34.2565],[-84.3094,34.2661],[-84.2873,34.2861],[-84.2585,34.295],[-84.2585,34.2993],[-84.2661,34.2965],[-84.277,34.3038],[-84.2837,34.2995],[-84.2977,34.3155],[-84.3167,34.3241],[-84.3219,34.3164],[-84.3341,34.322],[-84.3496,34.3163],[-84.352,34.2984],[-84.3603,34.3052],[-84.3686,34.294],[-84.3918,34.2996],[-84.4195,34.3245],[-84.4097,34.3308],[-84.411,34.3362],[-84.4019,34.3311],[-84.4185,34.3538],[-84.4095,34.3614],[-84.4065,34.3555],[-84.406,34.3593],[-84.3982,34.355],[-84.4031,34.3594],[-84.3996,34.3647],[-84.4048,34.3644],[-84.3989,34.3712],[-84.4133,34.3761],[-84.412,34.3806],[-84.4245,34.3806],[-84.4245,34.388],[-84.4421,34.3882],[-84.4423,34.3804],[-84.456,34.3797],[-84.4364,34.375],[-84.4429,34.3641],[-84.4306,34.359],[-84.4938,34.3204],[-84.4974,34.2919],[-84.5142,34.2803],[-84.5241,34.2814],[-84.5385,34.2745],[-84.5456,34.2798],[-84.5737,34.2824],[-84.5861,34.2651],[-84.5955,34.2634]]]},"properties":{"geoid":"13023","state":"13","district":"23","name":"State House District 23","chamber":"House"}},{"type":"Feature","geometry":{"type":"Polygon","coordinates":[[[-84.259,34.1859],[-84.259,34.1096],[-84.2305,34.0967],[-84.2162,34.0998],[-84.2174,34.1066],[-84.2013,34.1131],[-84.2105,34.1294],[-84.1841,34.1542],[-84.1731,34.1582],[-84.1821,34.1611],[-84.2053,34.1546],[-84.2186,34.156],[-84.2186,34.166],[-84.2096,34.1692],[-84.2176,34.1878],[-84.1982,34.197],[-84.1931,34.18],[-84.1616,34.1882],[-84.1728,34.1988],[-84.1635,34.2023],[-84.1713,34.2172],[-84.1621,34.2271],[-84.1705,34.2356],[-84.1706,34.2588],[-84.1753,34.2681],[-84.1948,34.2607],[-84.197,34.2526],[-84.2296,34.2537],[-84.2587,34.2371],[-84.259,34.1859]]]},"properties":{"geoid":"13024","state":"13","district":"24","name":"State House District 24","chamber":"House"}},{"type":"Feature","geometry":{"type":"Polygon","coordinates":[[[-84.2517,34.0689],[-84.2461,34.067],[-84.2463,34.0621],[-84.2299,34.0583],[-84.2083,34.0689],[-84.2069,34.0901],[-84.2006,34.0902],[-84.1856,34.0826],[-84.1777,34.0699],[-84.1449,34.0559],[-84.0977,34.0507],[-84.1179,34.0656],[-84.1106,34.0995],[-84.1375,34.1004],[-84.1534,34.1119],[-84.1557,34.1212],[-84.1489,34.1298],[-84.1485,34.1488],[-84.1644,34.1506],[-84.1735,34.1556],[-84.1736,34.1606],[-84.2105,34.1294],[-84.2018,34.1123],[-84.2174,34.1066],[-84.2162,34.0998],[-84.2275,34.0971],[-84.2505,34.0788],[-84.2517,34.0689]]]},"properties":{"geoid":"13025","state":"13","district":"25","name":"State House District 25","chamber":"House"}},{"type":"Feature","geometry":{"type":"Polygon","coordinates":[[[-84.22,34.1626],[-84.2186,34.156],[-84.206,34.1545],[-84.1736,34.1606],[-84.1735,34.1556],[-84.1644,34.1506],[-84.149,34.1494],[-84.1483,34.1384],[-84.1381,34.1324],[-84.1092,34.132],[-84.1011,34.1369],[-84.0934,34.1261],[-84.0948,34.1322],[-84.0855,34.1424],[-84.0858,34.1483],[-84.0746,34.1637],[-84.0624,34.1682],[-84.0589,34.182],[-84.05,34.1905],[-84.0307,34.1953],[-84.0128,34.1911],[-84.0025,34.1959],[-83.9924,34.1941],[-83.9784,34.2136],[-83.967,34.2157],[-83.9646,34.2215],[-83.9723,34.2272],[-83.9496,34.2402],[-83.9536,34.2532],[-83.9505,34.2616],[-83.9572,34.2624],[-83.9717,34.2501],[-84.0066,34.251],[-84.0223,34.2461],[-84.0605,34.2496],[-84.0596,34.2412],[-84.0659,34.2441],[-84.0822,34.2386],[-84.085,34.2322],[-84.0915,34.2319],[-84.0925,34.2231],[-84.1027,34.2165],[-84.1099,34.2206],[-84.1152,34.2111],[-84.1314,34.2065],[-84.1425,34.2072],[-84.1512,34.2173],[-84.1483,34.2212],[-84.1671,34.225],[-84.1714,34.2142],[-84.1635,34.2023],[-84.1728,34.1988],[-84.1616,34.1882],[-84.1931,34.18],[-84.1971,34.1969],[-84.2051,34.1966],[-84.2181,34.1867],[-84.2096,34.1692],[-84.22,34.1626]]]},"properties":{"geoid":"13026","state":"13","district":"26","name":"State House District 26","chamber":"House"}},{"type":"Feature","geometry":{"type":"Polygon","coordinates":[[[-83.9847,34.4128],[-83.9716,34.4025],[-83.9844,34.3836],[-83.9772,34.3795],[-83.981,34.3692],[-83.9761,34.3631],[-83.9814,34.3578],[-83.9762,34.3566],[-83.9669,34.3396],[-83.9602,34.3427],[-83.9528,34.331],[-83.9451,34.3294],[-83.9279,34.3433],[-83.895,34.3375],[-83.8958,34.3411],[-83.8778,34.3245],[-83.866,34.331],[-83.8496,34.319],[-83.8278,34.3254],[-83.8265,34.3369],[-83.8137,34.3298],[-83.814,34.3374],[-83.8033,34.3439],[-83.8063,34.3566],[-83.8017,34.3583],[-83.7922,34.35],[-83.8051,34.3258],[-83.8022,34.3205],[-83.8065,34.3188],[-83.807,34.2928],[-83.8,34.2926],[-83.7831,34.3035],[-83.7701,34.2965],[-83.7628,34.3005],[-83.7586,34.2949],[-83.7473,34.2971],[-83.7419,34.293],[-83.7368,34.2969],[-83.7308,34.2899],[-83.716,34.2956],[-83.7187,34.3005],[-83.7025,34.2998],[-83.681,34.2701],[-83.6599,34.262],[-83.6203,34.2958],[-83.6252,34.3063],[-83.6334,34.3075],[-83.6491,34.3204],[-83.6513,34.3488],[-83.6694,34.366],[-83.6601,34.3795],[-83.6556,34.3997],[-83.6454,34.4064],[-83.6448,34.413],[-83.6229,34.4194],[-83.6152,34.4317],[-83.6664,34.5036],[-83.7777,34.5048],[-83.7776,34.5137],[-83.7886,34.5141],[-83.7885,34.5048],[-83.8434,34.5055],[-83.8431,34.5154],[-83.8376,34.5153],[-83.8328,34.5323],[-83.8438,34.5324],[-83.8438,34.5398],[-83.8593,34.536],[-83.8898,34.5157],[-83.9083,34.5156],[-83.9151,34.5219],[-83.9676,34.4687],[-83.9464,34.4661],[-83.9351,34.449],[-83.9751,34.4327],[-83.9709,34.4228],[-83.9847,34.4128]]]},"properties":{"geoid":"13027","state":"13","district":"27","name":"State House District 27","chamber":"House"}},{"type":"Feature","geometry":{"type":"Polygon","coordinates":[[[-84.1754,34.2754],[-84.1677,34.2289],[-84.1621,34.2271],[-84.1622,34.2226],[-84.1483,34.2212],[-84.1512,34.2173],[-84.1425,34.2072],[-84.1318,34.2065],[-84.1152,34.2111],[-84.1099,34.2206],[-84.1027,34.2165],[-84.0822,34.2386],[-84.0659,34.2441],[-84.0596,34.2412],[-84.0605,34.2496],[-84.0223,34.2461],[-84.0066,34.251],[-83.9717,34.2501],[-83.9544,34.2629],[-83.9505,34.2616],[-83.9536,34.2532],[-83.9498,34.2398],[-83.9433,34.2511],[-83.9279,34.253],[-83.9098,34.2666],[-83.8957,34.269],[-83.8937,34.2726],[-83.8996,34.2798],[-83.8658,34.2828],[-83.8645,34.2954],[-83.8838,34.3016],[-83.8796,34.3041],[-83.8822,34.3172],[-83.8778,34.3245],[-83.8958,34.3411],[-83.895,34.3375],[-83.9279,34.3433],[-83.9451,34.3294],[-83.9571,34.334],[-84.1149,34.3346],[-84.1045,34.3295],[-84.1073,34.3165],[-84.1008,34.2958],[-84.1166,34.3021],[-84.1384,34.2933],[-84.1639,34.2983],[-84.1754,34.2754]]]},"properties":{"geoid":"13028","state":"13","district":"28","name":"State House District 28","chamber":"House"}},{"type":"Feature","geometry":{"type":"Polygon","coordinates":[[[-83.9557,34.2367],[-83.9237,34.2254],[-83.9211,34.2107],[-83.915,34.2052],[-83.918,34.1989],[-83.8966,34.1914],[-83.8882,34.1966],[-83.878,34.2147],[-83.8612,34.2212],[-83.8584,34.23],[-83.8449,34.2353],[-83.8262,34.2522],[-83.8176,34.2693],[-83.8008,34.2676],[-83.8004,34.2835],[-83.7855,34.2809],[-83.779,34.2749],[-83.7662,34.2838],[-83.7455,34.2866],[-83.7415,34.2931],[-83.7498,34.2974],[-83.7586,34.2949],[-83.7624,34.3005],[-83.7707,34.2966],[-83.7831,34.3035],[-83.8,34.2926],[-83.807,34.2928],[-83.8065,34.3188],[-83.8022,34.3205],[-83.8051,34.3258],[-83.7922,34.35],[-83.804,34.3582],[-83.8033,34.3439],[-83.814,34.3374],[-83.8137,34.3298],[-83.8265,34.3369],[-83.8278,34.3254],[-83.8533,34.3184],[-83.866,34.331],[-83.8738,34.3296],[-83.8822,34.3172],[-83.8795,34.3049],[-83.8838,34.3016],[-83.8647,34.2956],[-83.8651,34.2834],[-83.8996,34.2798],[-83.8937,34.2726],[-83.8957,34.269],[-83.9098,34.2666],[-83.9279,34.253],[-83.9433,34.2511],[-83.9557,34.2367]]]},"properties":{"geoid":"13029","state":"13","district":"29","name":"State House District 29","chamber":"House"}},{"type":"Feature","geometry":{"type":"Polygon","coordinates":[[[-84.0057,34.1931],[-84.0015,34.1862],[-83.9378,34.1621],[-83.9274,34.1601],[-83.9176,34.171],[-83.9028,34.1545],[-83.8967,34.1572],[-83.8836,34.1424],[-83.878,34.1234],[-83.8918,34.1226],[-83.9021,34.1107],[-83.8776,34.1018],[-83.8968,34.0935],[-83.8984,34.0875],[-83.8863,34.0782],[-83.833,34.0904],[-83.8177,34.1275],[-83.7299,34.2022],[-83.7401,34.2111],[-83.7514,34.2046],[-83.7593,34.2069],[-83.7805,34.2291],[-83.78,34.2402],[-83.8003,34.2681],[-83.8176,34.2693],[-83.8262,34.2522],[-83.8449,34.2353],[-83.8584,34.23],[-83.8612,34.2212],[-83.878,34.2147],[-83.8944,34.1922],[-83.9179,34.1988],[-83.915,34.2052],[-83.9211,34.2107],[-83.9232,34.225],[-83.9538,34.2375],[-83.9718,34.2281],[-83.9646,34.2215],[-83.9663,34.2166],[-83.9784,34.2136],[-83.9891,34.1957],[-84.0057,34.1931]]]},"properties":{"geoid":"13030","state":"13","district":"30","name":"State House District 30","chamber":"House"}},{"type":"Feature","geometry":{"type":"Polygon","coordinates":[[[-83.8013,34.2821],[-83.7997,34.2665],[-83.78,34.2402],[-83.7769,34.2245],[-83.7593,34.2069],[-83.7514,34.2046],[-83.7401,34.2111],[-83.7299,34.2022],[-83.7969,34.1449],[-83.7921,34.138],[-83.7665,34.1311],[-83.7622,34.1174],[-83.7931,34.101],[-83.791,34.0872],[-83.7699,34.0732],[-83.7675,34.0664],[-83.7336,34.0673],[-83.7323,34.0603],[-83.7231,34.0634],[-83.7188,34.0535],[-83.7131,34.0562],[-83.7144,34.0499],[-83.7094,34.0452],[-83.6956,34.0563],[-83.6921,34.0517],[-83.6855,34.0534],[-83.6851,34.0469],[-83.6759,34.0538],[-83.6676,34.048],[-83.6573,34.0534],[-83.6488,34.0459],[-83.645,34.0509],[-83.6302,34.0446],[-83.6146,34.0472],[-83.6101,34.0385],[-83.6003,34.0353],[-83.5774,34.0396],[-83.5846,34.0633],[-83.5758,34.0621],[-83.5684,34.0698],[-83.5583,34.0682],[-83.5359,34.082],[-83.5204,34.0847],[-83.5056,34.0765],[-83.4606,34.0845],[-83.4685,34.0936],[-83.4611,34.0975],[-83.475,34.109],[-83.4739,34.1171],[-83.4806,34.1187],[-83.478,34.1236],[-83.4845,34.1304],[-83.4784,34.1389],[-83.4898,34.1499],[-83.4843,34.1538],[-83.4931,34.157],[-83.4969,34.1693],[-83.4888,34.1729],[-83.4624,34.2058],[-83.483,34.2121],[-83.5029,34.2115],[-83.5125,34.2011],[-83.5368,34.2007],[-83.563,34.1882],[-83.5792,34.1943],[-83.5937,34.1863],[-83.6049,34.1904],[-83.6609,34.1807],[-83.6691,34.2038],[-83.6657,34.2126],[-83.6755,34.2148],[-83.6836,34.2417],[-83.6599,34.262],[-83.6813,34.2704],[-83.6973,34.2964],[-83.7184,34.3006],[-83.716,34.2956],[-83.7305,34.2899],[-83.7369,34.2969],[-83.7455,34.2866],[-83.7662,34.2838],[-83.779,34.2749],[-83.7858,34.2811],[-83.8013,34.2821]]]},"properties":{"geoid":"13031","state":"13","district":"31","name":"State House District 31","chamber":"House"}},{"type":"Feature","geometry":{"type":"Polygon","coordinates":[[[-83.6836,34.2417],[-83.6755,34.2148],[-83.6657,34.2126],[-83.6691,34.2038],[-83.6609,34.1807],[-83.6049,34.1904],[-83.5937,34.1863],[-83.5792,34.1943],[-83.563,34.1882],[-83.5368,34.2007],[-83.5125,34.2011],[-83.5036,34.2113],[-83.483,34.2121],[-83.4586,34.2042],[-83.4454,34.1906],[-83.4204,34.1947],[-83.3938,34.1852],[-83.4024,34.1975],[-83.3649,34.2114],[-83.3507,34.2348],[-83.3432,34.2391],[-83.3379,34.2612],[-83.3939,34.3248],[-83.3828,34.3927],[-83.3826,34.429],[-83.398,34.461],[-83.3731,34.4702],[-83.1778,34.477],[-83.1041,34.54],[-83.1156,34.5518],[-83.1235,34.5533],[-83.1229,34.5601],[-83.1399,34.5618],[-83.1432,34.5734],[-83.159,34.5793],[-83.1546,34.5882],[-83.1697,34.5917],[-83.171,34.5981],[-83.1606,34.5995],[-83.1602,34.6036],[-83.1726,34.6078],[-83.1969,34.6031],[-83.2038,34.6096],[-83.2326,34.6116],[-83.2434,34.618],[-83.2407,34.6245],[-83.2539,34.6367],[-83.2932,34.6543],[-83.3046,34.6696],[-83.3164,34.6693],[-83.329,34.6811],[-83.3405,34.6807],[-83.3382,34.6872],[-83.365,34.6753],[-83.4195,34.564],[-83.4321,34.5663],[-83.4414,34.576],[-83.4581,34.5779],[-83.4828,34.5645],[-83.4932,34.5643],[-83.4932,34.5562],[-83.5042,34.5493],[-83.5068,34.5434],[-83.4971,34.5365],[-83.4979,34.5316],[-83.5133,34.5286],[-83.5184,34.5231],[-83.5146,34.523],[-83.5106,34.5099],[-83.4995,34.508],[-83.486,34.497],[-83.4985,34.494],[-83.4996,34.4871],[-83.5374,34.4917],[-83.5524,34.4858],[-83.5848,34.4534],[-83.6073,34.4441],[-83.6228,34.4195],[-83.6423,34.4156],[-83.6454,34.4064],[-83.6552,34.4003],[-83.6601,34.3795],[-83.6694,34.3657],[-83.6513,34.3488],[-83.6491,34.3204],[-83.6334,34.3075],[-83.6252,34.3063],[-83.6203,34.2958],[-83.6836,34.2417]]]},"properties":{"geoid":"13032","state":"13","district":"32","name":"State House District 32","chamber":"House"}},{"type":"Feature","geometry":{"type":"Polygon","coordinates":[[[-83.4024,34.1975],[-83.3794,34.1713],[-83.3638,34.1641],[-83.3615,34.1583],[-83.3571,34.1162],[-83.3739,34.0905],[-83.3741,34.0824],[-83.3814,34.0785],[-83.3749,34.0713],[-83.3823,34.0669],[-83.3869,34.0502],[-83.3589,34.04],[-83.3242,34.066],[-83.3081,34.095],[-83.2896,34.0973],[-83.2877,34.1076],[-83.2785,34.1186],[-83.2956,34.1231],[-83.3039,34.1323],[-83.2953,34.149],[-83.3,34.1517],[-83.298,34.1653],[-83.2867,34.1635],[-83.2746,34.1525],[-83.2787,34.1696],[-83.2568,34.1654],[-83.2572,34.1719],[-83.2348,34.1772],[-83.2327,34.1694],[-83.2184,34.1593],[-83.2011,34.1686],[-83.2021,34.1459],[-83.1797,34.1451],[-83.1587,34.1371],[-83.154,34.1551],[-83.1381,34.1657],[-83.1221,34.164],[-83.1109,34.1558],[-83.0982,34.1564],[-83.0974,34.1639],[-83.1033,34.1707],[-83.092,34.1902],[-83.0955,34.2025],[-83.078,34.2236],[-83.0188,34.2341],[-82.9884,34.2244],[-82.9964,34.2191],[-82.98,34.2101],[-82.9661,34.2205],[-82.9588,34.2185],[-82.9155,34.2477],[-82.824,34.2705],[-82.7734,34.2889],[-82.7875,34.3113],[-82.7945,34.3404],[-82.8345,34.3652],[-82.8588,34.4552],[-82.8806,34.469],[-82.8874,34.481],[-82.9016,34.4868],[-82.9253,34.4815],[-82.937,34.4865],[-82.9556,34.4789],[-82.9642,34.4846],[-82.9749,34.4794],[-82.9795,34.483],[-82.9907,34.48],[-82.9992,34.4724],[-83.0346,34.4836],[-83.0516,34.4937],[-83.0551,34.5032],[-83.0715,34.5033],[-83.0792,34.5141],[-83.0872,34.5162],[-83.0783,34.5252],[-83.0878,34.5321],[-83.1021,34.5321],[-83.1037,34.5366],[-83.1778,34.477],[-83.3731,34.4702],[-83.398,34.461],[-83.3826,34.429],[-83.3828,34.3927],[-83.3939,34.3248],[-83.3379,34.2611],[-83.3432,34.2391],[-83.3507,34.2348],[-83.3649,34.2114],[-83.4024,34.1975]]]},"properties":{"geoid":"13033","state":"13","district":"33","name":"State House District 33","chamber":"House"}},{"type":"Feature","geometry":{"type":"Polygon","coordinates":[[[-84.7092,33.9912],[-84.6925,33.9861],[-84.6901,33.9769],[-84.6667,33.9713],[-84.6613,33.9641],[-84.667,33.9022],[-84.6489,33.8967],[-84.6043,33.9056],[-84.5882,33.9165],[-84.5883,33.938],[-84.569,33.9472],[-84.5744,33.9519],[-84.5802,33.9445],[-84.5851,33.9501],[-84.5799,33.9547],[-84.5829,33.9593],[-84.5789,33.9595],[-84.579,33.9706],[-84.5699,33.9705],[-84.5695,33.9789],[-84.5649,33.9749],[-84.559,33.9774],[-84.5974,33.9931],[-84.6163,33.9949],[-84.6129,34.0132],[-84.623,34.021],[-84.65,34.0295],[-84.6386,34.0227],[-84.6602,34.0125],[-84.6546,33.9983],[-84.6968,33.9945],[-84.7055,33.9975],[-84.7092,33.9912]]]},"properties":{"geoid":"13034","state":"13","district":"34","name":"State House District 34","chamber":"House"}},{"type":"Feature","geometry":{"type":"Polygon","coordinates":[[[-84.6516,34.0305],[-84.6129,34.0132],[-84.6163,33.9949],[-84.5974,33.9931],[-84.5545,33.9765],[-84.5455,33.9826],[-84.5491,33.9883],[-84.5415,33.9972],[-84.5473,33.9973],[-84.5507,34.0393],[-84.5556,34.0465],[-84.5749,34.0532],[-84.5861,34.0491],[-84.5987,34.0562],[-84.6092,34.0527],[-84.6185,34.0556],[-84.6181,34.0655],[-84.6308,34.064],[-84.6361,34.0679],[-84.6365,34.0779],[-84.6431,34.078],[-84.6496,34.0756],[-84.6509,34.0665],[-84.6373,34.0618],[-84.6382,34.0566],[-84.6464,34.0547],[-84.6464,34.0506],[-84.6421,34.052],[-84.6456,34.0423],[-84.6336,34.0437],[-84.6332,34.0312],[-84.6516,34.0305]]]},"properties":{"geoid":"13035","state":"13","district":"35","name":"State House District 35","chamber":"House"}},{"type":"Feature","geometry":{"type":"Polygon","coordinates":[[[-84.7397,33.956],[-84.7396,33.9478],[-84.7284,33.9477],[-84.7258,33.9593],[-84.708,33.9588],[-84.7029,33.9519],[-84.703,33.9404],[-84.6616,33.9524],[-84.6613,33.9641],[-84.6667,33.9713],[-84.6899,33.9768],[-84.6925,33.9861],[-84.7093,33.991],[-84.7055,33.9975],[-84.6968,33.9945],[-84.6546,33.9983],[-84.6602,34.0125],[-84.6386,34.0227],[-84.6516,34.0305],[-84.6332,34.0312],[-84.6336,34.0437],[-84.6456,34.0423],[-84.6421,34.052],[-84.6464,34.0506],[-84.6464,34.0547],[-84.6382,34.0566],[-84.6373,34.0618],[-84.6509,34.0665],[-84.6496,34.0756],[-84.6431,34.078],[-84.7378,34.0794],[-84.7397,33.956]]]},"properties":{"geoid":"13036","state":"13","district":"36","name":"State House District 36","chamber":"House"}},{"type":"Feature","geometry":{"type":"Polygon","coordinates":[[[-84.5905,33.9165],[-84.5822,33.9188],[-84.5754,33.9132],[-84.5727,33.9153],[-84.5765,33.9171],[-84.5705,33.9167],[-84.5681,33.9106],[-84.5631,33.9146],[-84.5568,33.9124],[-84.549,33.9188],[-84.551,33.9288],[-84.5427,33.9379],[-84.5223,33.9377],[-84.5215,33.9285],[-84.5087,33.9263],[-84.5115,33.9208],[-84.5051,33.9224],[-84.5083,33.9282],[-84.5027,33.9305],[-84.501,33.9269],[-84.5004,33.9328],[-84.5191,33.948],[-84.5267,33.9458],[-84.5299,33.9507],[-84.5207,33.951],[-84.5166,33.9552],[-84.52,33.9616],[-84.4984,33.9763],[-84.4874,33.9716],[-84.4548,33.9792],[-84.4547,33.9832],[-84.4638,33.9866],[-84.4736,34.0036],[-84.478,33.9896],[-84.4891,33.9928],[-84.488,33.9873],[-84.4983,33.9838],[-84.4981,33.9909],[-84.5078,33.991],[-84.5025,34.0017],[-84.5126,34.0094],[-84.5272,34.0082],[-84.5283,34.02],[-84.5484,34.0138],[-84.5473,33.9973],[-84.5415,33.9972],[-84.5491,33.9883],[-84.5455,33.9826],[-84.5505,33.976],[-84.5605,33.9791],[-84.5649,33.9749],[-84.5695,33.9789],[-84.5699,33.9705],[-84.579,33.9706],[-84.5789,33.9595],[-84.5829,33.9593],[-84.5799,33.9547],[-84.5851,33.9501],[-84.5802,33.9445],[-84.5744,33.9519],[-84.569,33.9472],[-84.5883,33.938],[-84.5858,33.9238],[-84.5905,33.9165]]]},"properties":{"geoid":"13037","state":"13","district":"37","name":"State House District 37","chamber":"House"}},{"type":"Feature","geometry":{"type":"Polygon","coordinates":[[[-84.725,33.8178],[-84.7241,33.8064],[-84.6245,33.8051],[-84.6209,33.8013],[-84.6177,33.8165],[-84.6088,33.8119],[-84.6066,33.8247],[-84.5979,33.8319],[-84.6118,33.8332],[-84.6033,33.8541],[-84.6136,33.8546],[-84.624,33.8655],[-84.6433,33.8753],[-84.6396,33.8978],[-84.7241,33.9036],[-84.725,33.8178]]]},"properties":{"geoid":"13038","state":"13","district":"38","name":"State House District 38","chamber":"House"}},{"type":"Feature","geometry":{"type":"Polygon","coordinates":[[[-84.6202,33.8015],[-84.5779,33.7437],[-84.5388,33.7703],[-84.5308,33.7823],[-84.508,33.7952],[-84.5134,33.8018],[-84.4989,33.8196],[-84.5182,33.8203],[-84.52,33.8262],[-84.5323,33.8216],[-84.5402,33.8306],[-84.533,33.8448],[-84.5395,33.8411],[-84.5584,33.8518],[-84.5643,33.8461],[-84.5964,33.8473],[-84.6096,33.8436],[-84.6118,33.8332],[-84.5979,33.8319],[-84.5984,33.8283],[-84.6066,33.8247],[-84.6088,33.8119],[-84.6177,33.8165],[-84.6202,33.8015]]]},"properties":{"geoid":"13039","state":"13","district":"39","name":"State House District 39","chamber":"House"}},{"type":"Feature","geometry":{"type":"Polygon","coordinates":[[[-84.9111,33.7236],[-84.9014,33.7188],[-84.9058,33.5734],[-84.8092,33.5741],[-84.8055,33.5868],[-84.7836,33.6039],[-84.7892,33.6069],[-84.7876,33.6121],[-84.7813,33.6106],[-84.7934,33.6254],[-84.8111,33.6348],[-84.8125,33.6397],[-84.8059,33.6453],[-84.8211,33.6536],[-84.82,33.6661],[-84.8257,33.664],[-84.8275,33.6675],[-84.83,33.692],[-84.7948,33.7212],[-84.7768,33.7232],[-84.7808,33.7595],[-84.774,33.7658],[-84.7695,33.7852],[-84.7241,33.7886],[-84.7249,33.8275],[-84.7291,33.8304],[-84.7348,33.8227],[-84.7479,33.8276],[-84.7586,33.8186],[-84.7728,33.8292],[-84.7858,33.8305],[-84.7888,33.8438],[-84.7936,33.8431],[-84.792,33.8469],[-84.805,33.8584],[-84.8047,33.8666],[-84.8417,33.8674],[-84.8453,33.858],[-84.8615,33.8497],[-84.8675,33.852],[-84.8717,33.8705],[-84.8852,33.8733],[-84.8917,33.8668],[-84.8926,33.8537],[-84.8901,33.8233],[-84.8852,33.8143],[-84.8897,33.8087],[-84.8556,33.8032],[-84.8542,33.7879],[-84.8588,33.7752],[-84.8792,33.7748],[-84.9017,33.7807],[-84.9023,33.7306],[-84.9109,33.731],[-84.9111,33.7236]]]},"properties":{"geoid":"13040","state":"13","district":"40","name":"State House District 40","chamber":"House"}},{"type":"Feature","geometry":{"type":"Polygon","coordinates":[[[-84.6433,33.8753],[-84.624,33.8655],[-84.6136,33.8546],[-84.6033,33.8541],[-84.6074,33.8427],[-84.5961,33.8473],[-84.5643,33.8461],[-84.5592,33.849],[-84.5618,33.8561],[-84.5584,33.8616],[-84.5657,33.87],[-84.5614,33.8699],[-84.5624,33.8737],[-84.5689,33.8773],[-84.5516,33.8771],[-84.551,33.8888],[-84.5417,33.8975],[-84.5498,33.9018],[-84.5415,33.902],[-84.5492,33.9189],[-84.5681,33.9106],[-84.5705,33.9167],[-84.5765,33.9171],[-84.5727,33.9153],[-84.5754,33.9132],[-84.5826,33.9188],[-84.6043,33.9056],[-84.6396,33.8978],[-84.6433,33.8753]]]},"properties":{"geoid":"13041","state":"13","district":"41","name":"State House District 41","chamber":"House"}},{"type":"Feature","geometry":{"type":"Polygon","coordinates":[[[-84.5689,33.8773],[-84.5615,33.8717],[-84.5657,33.87],[-84.5584,33.8616],[-84.5618,33.8561],[-84.5592,33.849],[-84.5386,33.8461],[-84.5363,33.8601],[-84.5262,33.8628],[-84.5248,33.8537],[-84.5191,33.8529],[-84.5165,33.8589],[-84.5102,33.8524],[-84.4883,33.8709],[-84.4867,33.8779],[-84.4735,33.8794],[-84.461,33.8903],[-84.4735,33.9017],[-84.4873,33.9028],[-84.5066,33.9244],[-84.5115,33.9208],[-84.5075,33.925],[-84.5215,33.9285],[-84.5223,33.9377],[-84.5427,33.9379],[-84.5512,33.9271],[-84.5415,33.902],[-84.5498,33.9018],[-84.5417,33.8975],[-84.551,33.8888],[-84.5516,33.8771],[-84.5689,33.8773]]]},"properties":{"geoid":"13042","state":"13","district":"42","name":"State House District 42","chamber":"House"}},{"type":"Feature","geometry":{"type":"Polygon","coordinates":[[[-84.5299,33.9507],[-84.5267,33.9458],[-84.5191,33.948],[-84.5004,33.9328],[-84.501,33.9269],[-84.5027,33.9305],[-84.5083,33.9282],[-84.4873,33.9028],[-84.4735,33.9017],[-84.448,33.876],[-84.4434,33.8789],[-84.4417,33.8998],[-84.452,33.9189],[-84.4328,33.9335],[-84.4376,33.9408],[-84.453,33.9369],[-84.4448,33.9471],[-84.4461,33.9524],[-84.4614,33.9469],[-84.4648,33.9574],[-84.4792,33.9691],[-84.4777,33.9743],[-84.4874,33.9716],[-84.4961,33.9765],[-84.52,33.9616],[-84.5166,33.9552],[-84.5207,33.951],[-84.5299,33.9507]]]},"properties":{"geoid":"13043","state":"13","district":"43","name":"State House District 43","chamber":"House"}},{"type":"Feature","geometry":{"type":"Polygon","coordinates":[[[-84.5507,34.0397],[-84.5484,34.0138],[-84.5283,34.02],[-84.5272,34.0082],[-84.5126,34.0094],[-84.5025,34.0017],[-84.5078,33.991],[-84.4981,33.9909],[-84.4983,33.9838],[-84.488,33.9873],[-84.4891,33.9928],[-84.478,33.9896],[-84.4725,34.0119],[-84.4916,34.0179],[-84.4857,34.0232],[-84.4855,34.0352],[-84.4969,34.0411],[-84.4897,34.0452],[-84.4978,34.0483],[-84.4978,34.0591],[-84.4864,34.0614],[-84.4845,34.0902],[-84.4757,34.093],[-84.4703,34.1036],[-84.4781,34.1038],[-84.4875,34.1132],[-84.4858,34.1163],[-84.5027,34.1208],[-84.513,34.1297],[-84.517,34.1262],[-84.5246,34.1341],[-84.5337,34.1131],[-84.5302,34.1],[-84.543,34.0575],[-84.5363,34.0566],[-84.5419,34.0515],[-84.5409,34.0394],[-84.5507,34.0397]]]},"properties":{"geoid":"13044","state":"13","district":"44","name":"State House District 44","chamber":"House"}},{"type":"Feature","geometry":{"type":"Polygon","coordinates":[[[-84.4792,33.9691],[-84.4648,33.9574],[-84.4614,33.9469],[-84.4461,33.9524],[-84.4448,33.9471],[-84.453,33.9369],[-84.4376,33.9408],[-84.4347,33.937],[-84.4328,33.9335],[-84.452,33.9189],[-84.4467,33.912],[-84.3838,33.9627],[-84.3845,33.971],[-84.3764,33.9752],[-84.3747,33.9863],[-84.3898,33.9948],[-84.3963,34.0081],[-84.4008,34.0083],[-84.3982,34.022],[-84.4023,34.0354],[-84.4083,34.0381],[-84.4197,34.0289],[-84.412,34.026],[-84.4101,34.0189],[-84.4176,34.0155],[-84.4409,34.0156],[-84.4511,34.0098],[-84.4725,34.0119],[-84.4716,33.9988],[-84.4548,33.9792],[-84.4777,33.9743],[-84.4792,33.9691]]]},"properties":{"geoid":"13045","state":"13","district":"45","name":"State House District 45","chamber":"House"}},{"type":"Feature","geometry":{"type":"Polygon","coordinates":[[[-84.498,34.0544],[-84.4978,34.0483],[-84.4897,34.0452],[-84.4955,34.0387],[-84.4855,34.0352],[-84.4857,34.0232],[-84.4916,34.0179],[-84.4817,34.0134],[-84.4511,34.0098],[-84.4409,34.0156],[-84.4101,34.0189],[-84.412,34.026],[-84.4198,34.0272],[-84.4083,34.0381],[-84.411,34.0495],[-84.4191,34.0552],[-84.4184,34.109],[-84.4311,34.1041],[-84.4266,34.0954],[-84.4408,34.0923],[-84.4475,34.1032],[-84.4703,34.1036],[-84.4757,34.093],[-84.4845,34.0902],[-84.4864,34.0614],[-84.4975,34.0599],[-84.498,34.0544]]]},"properties":{"geoid":"13046","state":"13","district":"46","name":"State House District 46","chamber":"House"}},{"type":"Feature","geometry":{"type":"Polygon","coordinates":[[[-84.4188,34.0789],[-84.4121,34.0762],[-84.4056,34.0783],[-84.4054,34.0846],[-84.3883,34.0851],[-84.3835,34.0792],[-84.388,34.0781],[-84.3834,34.0771],[-84.3785,34.08],[-84.3644,34.0738],[-84.3554,34.0777],[-84.3616,34.0852],[-84.3614,34.105],[-84.3708,34.1153],[-84.3517,34.1146],[-84.3299,34.1111],[-84.3304,34.0961],[-84.3204,34.0952],[-84.3218,34.1002],[-84.3128,34.1067],[-84.2957,34.0923],[-84.2945,34.0756],[-84.2686,34.0748],[-84.2717,34.0688],[-84.2463,34.0621],[-84.2461,34.067],[-84.2518,34.0689],[-84.2507,34.0785],[-84.2274,34.0968],[-84.2541,34.1043],[-84.259,34.1096],[-84.2594,34.2654],[-84.2885,34.2643],[-84.2875,34.2403],[-84.291,34.2333],[-84.307,34.2244],[-84.3024,34.2177],[-84.3068,34.1949],[-84.3175,34.1863],[-84.3286,34.1862],[-84.3424,34.1764],[-84.3562,34.1746],[-84.3608,34.1621],[-84.3569,34.1549],[-84.3605,34.1516],[-84.3616,34.1247],[-84.3881,34.1199],[-84.3998,34.1096],[-84.4184,34.109],[-84.4188,34.0789]]]},"properties":{"geoid":"13047","state":"13","district":"47","name":"State House District 47","chamber":"House"}},{"type":"Feature","geometry":{"type":"Polygon","coordinates":[[[-84.3434,34.0371],[-84.3307,34.0257],[-84.3317,34.0298],[-84.3157,34.0338],[-84.3244,34.0218],[-84.2991,34.0257],[-84.2806,34.0204],[-84.2732,33.993],[-84.2659,33.9942],[-84.2635,34.0013],[-84.2575,34.0001],[-84.2596,33.9902],[-84.2652,33.9879],[-84.2581,33.9682],[-84.2647,33.9652],[-84.2548,33.9575],[-84.2392,33.9651],[-84.2369,33.9619],[-84.2332,33.9676],[-84.2383,33.9679],[-84.2366,33.9708],[-84.2264,33.9787],[-84.2175,33.9777],[-84.2024,33.997],[-84.2028,33.9894],[-84.1889,33.9925],[-84.1801,34.0004],[-84.1795,34.0079],[-84.1929,34.0076],[-84.192,34.0113],[-84.2155,34.0174],[-84.2339,34.0325],[-84.2345,34.039],[-84.2305,34.0408],[-84.233,34.0536],[-84.2524,34.0461],[-84.2443,34.0431],[-84.2678,34.0371],[-84.2648,34.0351],[-84.2693,34.0282],[-84.2712,34.0351],[-84.2841,34.0407],[-84.2892,34.0603],[-84.2998,34.0608],[-84.301,34.068],[-84.3327,34.0698],[-84.3305,34.0611],[-84.3246,34.0609],[-84.3384,34.0492],[-84.3434,34.0371]]]},"properties":{"geoid":"13048","state":"13","district":"48","name":"State House District 48","chamber":"House"}},{"type":"Feature","geometry":{"type":"Polygon","coordinates":[[[-84.4191,34.0554],[-84.411,34.0495],[-84.4071,34.0364],[-84.4023,34.0354],[-84.4012,34.0259],[-84.3948,34.0391],[-84.3845,34.0469],[-84.3752,34.0464],[-84.3564,34.0292],[-84.3441,34.0356],[-84.3384,34.0492],[-84.3246,34.0609],[-84.3305,34.0611],[-84.3327,34.0698],[-84.301,34.068],[-84.2998,34.0608],[-84.2881,34.0591],[-84.2841,34.0407],[-84.2712,34.0351],[-84.2693,34.0282],[-84.2648,34.0351],[-84.2678,34.0371],[-84.2443,34.0431],[-84.2524,34.0461],[-84.2378,34.0497],[-84.2282,34.0592],[-84.2717,34.0688],[-84.2686,34.0748],[-84.2945,34.0756],[-84.2957,34.0923],[-84.3128,34.1067],[-84.3218,34.1002],[-84.3204,34.0952],[-84.3304,34.0961],[-84.3299,34.1111],[-84.3708,34.1153],[-84.3614,34.105],[-84.3616,34.0852],[-84.3554,34.0777],[-84.3644,34.0738],[-84.3746,34.0793],[-84.388,34.0781],[-84.3835,34.0792],[-84.388,34.0851],[-84.4054,34.0846],[-84.4056,34.0783],[-84.4188,34.0784],[-84.4191,34.0554]]]},"properties":{"geoid":"13049","state":"13","district":"49","name":"State House District 49","chamber":"House"}},{"type":"Feature","geometry":{"type":"Polygon","coordinates":[[[-84.235,34.0374],[-84.2209,34.0202],[-84.192,34.0113],[-84.1929,34.0076],[-84.1795,34.0079],[-84.1688,34.0285],[-84.1228,34.0335],[-84.0976,34.0505],[-84.1449,34.0559],[-84.1777,34.0699],[-84.1904,34.0863],[-84.206,34.0907],[-84.2059,34.0724],[-84.2303,34.0576],[-84.2334,34.0536],[-84.2305,34.0408],[-84.235,34.0374]]]},"properties":{"geoid":"13050","state":"13","district":"50","name":"State House District 50","chamber":"House"}},{"type":"Feature","geometry":{"type":"Polygon","coordinates":[[[-84.3658,33.9619],[-84.3646,33.9553],[-84.3577,33.9563],[-84.3474,33.9613],[-84.3474,33.9681],[-84.337,33.9709],[-84.2804,33.956],[-84.2581,33.9682],[-84.2652,33.9879],[-84.2596,33.9902],[-84.2575,34.0001],[-84.2635,34.0013],[-84.2659,33.9942],[-84.2732,33.993],[-84.2806,34.0204],[-84.2991,34.0257],[-84.3177,34.0202],[-84.3244,34.0218],[-84.3157,34.0338],[-84.3316,34.0299],[-84.3297,34.0179],[-84.3329,34.0161],[-84.3626,34.017],[-84.3608,34.0093],[-84.3507,34.0057],[-84.3503,33.981],[-84.3658,33.9619]]]},"properties":{"geoid":"13051","state":"13","district":"51","name":"State House District 51","chamber":"House"}},{"type":"Feature","geometry":{"type":"Polygon","coordinates":[[[-84.4072,33.9249],[-84.4067,33.9158],[-84.3964,33.9136],[-84.3637,33.91],[-84.3479,33.915],[-84.3482,33.8822],[-84.33,33.8804],[-84.3302,33.8738],[-84.3185,33.8822],[-84.3194,33.9018],[-84.3082,33.9013],[-84.316,33.9169],[-84.3151,33.9308],[-84.3274,33.9388],[-84.3379,33.9363],[-84.338,33.9436],[-84.3462,33.9391],[-84.3474,33.9613],[-84.3646,33.9553],[-84.3707,33.9479],[-84.3865,33.9485],[-84.3885,33.937],[-84.4072,33.9249]]]},"properties":{"geoid":"13052","state":"13","district":"52","name":"State House District 52","chamber":"House"}},{"type":"Feature","geometry":{"type":"Polygon","coordinates":[[[-84.4477,33.9088],[-84.4417,33.8998],[-84.4433,33.8793],[-84.4137,33.8784],[-84.4072,33.8698],[-84.4048,33.8634],[-84.409,33.858],[-84.4182,33.8625],[-84.4314,33.8535],[-84.4308,33.8489],[-84.4134,33.8494],[-84.4157,33.8405],[-84.4264,33.8318],[-84.4206,33.8221],[-84.4129,33.8243],[-84.4076,33.8203],[-84.4075,33.8287],[-84.3944,33.8287],[-84.397,33.8384],[-84.3876,33.8437],[-84.3789,33.842],[-84.383,33.8508],[-84.3798,33.8781],[-84.3874,33.8783],[-84.3871,33.9125],[-84.4067,33.9158],[-84.408,33.9244],[-84.3885,33.937],[-84.3865,33.9485],[-84.3707,33.9479],[-84.3646,33.9553],[-84.3653,33.963],[-84.3521,33.9763],[-84.3506,34.0055],[-84.3608,34.0093],[-84.3626,34.017],[-84.3297,34.0179],[-84.3295,34.0238],[-84.3435,34.0368],[-84.3564,34.0292],[-84.3759,34.0468],[-84.3845,34.0469],[-84.3948,34.0391],[-84.4017,34.0253],[-84.3982,34.022],[-84.4009,34.0084],[-84.3963,34.0081],[-84.3898,33.9948],[-84.3758,33.9885],[-84.3754,33.9774],[-84.3844,33.9712],[-84.383,33.9638],[-84.3891,33.9574],[-84.4172,33.9325],[-84.4367,33.9228],[-84.4477,33.9088]]]},"properties":{"geoid":"13053","state":"13","district":"53","name":"State House District 53","chamber":"House"}},{"type":"Feature","geometry":{"type":"Polygon","coordinates":[[[-84.3874,33.8293],[-84.3674,33.8285],[-84.3607,33.834],[-84.3603,33.8298],[-84.3485,33.8263],[-84.3479,33.915],[-84.3621,33.9101],[-84.3871,33.9125],[-84.3874,33.8783],[-84.3798,33.8781],[-84.383,33.8508],[-84.3789,33.842],[-84.3874,33.8293]]]},"properties":{"geoid":"13054","state":"13","district":"54","name":"State House District 54","chamber":"House"}},{"type":"Feature","geometry":{"type":"Polygon","coordinates":[[[-84.5273,33.7301],[-84.5229,33.7221],[-84.5139,33.7221],[-84.5201,33.7082],[-84.5181,33.6932],[-84.5114,33.6906],[-84.5059,33.7154],[-84.4999,33.7157],[-84.4964,33.7216],[-84.4805,33.7203],[-84.4751,33.7278],[-84.4808,33.7355],[-84.4787,33.7452],[-84.4681,33.75],[-84.4679,33.7548],[-84.4538,33.7511],[-84.4444,33.7539],[-84.441,33.768],[-84.4377,33.7636],[-84.4175,33.7635],[-84.4173,33.7826],[-84.413,33.7799],[-84.4152,33.7844],[-84.4077,33.7886],[-84.4078,33.7961],[-84.3922,33.7997],[-84.3874,33.8295],[-84.3798,33.8394],[-84.3876,33.8437],[-84.397,33.8384],[-84.3944,33.8287],[-84.4075,33.8287],[-84.4076,33.8203],[-84.4237,33.8249],[-84.4187,33.8102],[-84.4304,33.8121],[-84.4373,33.8055],[-84.4279,33.7869],[-84.4618,33.8069],[-84.4521,33.7923],[-84.4597,33.7892],[-84.457,33.7832],[-84.4645,33.7875],[-84.4667,33.7774],[-84.4737,33.7763],[-84.473,33.7703],[-84.4827,33.7665],[-84.4819,33.755],[-84.4943,33.7562],[-84.5012,33.7501],[-84.5142,33.7251],[-84.5273,33.7301]]]},"properties":{"geoid":"13055","state":"13","district":"55","name":"State House District 55","chamber":"House"}},{"type":"Feature","geometry":{"type":"Polygon","coordinates":[[[-84.481,33.7242],[-84.4805,33.7203],[-84.4526,33.7192],[-84.4337,33.7389],[-84.4424,33.748],[-84.414,33.7444],[-84.4113,33.7513],[-84.3981,33.7517],[-84.3981,33.7634],[-84.3955,33.7582],[-84.3906,33.7597],[-84.3878,33.782],[-84.3831,33.7845],[-84.3879,33.7966],[-84.3923,33.7996],[-84.4078,33.7961],[-84.4077,33.7886],[-84.4152,33.7844],[-84.413,33.7799],[-84.4173,33.7826],[-84.4175,33.7635],[-84.4377,33.7636],[-84.441,33.768],[-84.4444,33.7539],[-84.4538,33.7511],[-84.4679,33.7548],[-84.4681,33.75],[-84.4785,33.7458],[-84.4808,33.7355],[-84.4751,33.7278],[-84.481,33.7242]]]},"properties":{"geoid":"13056","state":"13","district":"56","name":"State House District 56","chamber":"House"}},{"type":"Feature","geometry":{"type":"Polygon","coordinates":[[[-84.3939,33.8064],[-84.3831,33.7866],[-84.3878,33.782],[-84.3874,33.7713],[-84.3709,33.7737],[-84.3686,33.7821],[-84.3489,33.7819],[-84.3485,33.8263],[-84.3603,33.8298],[-84.3604,33.834],[-84.3674,33.8285],[-84.3874,33.8286],[-84.3939,33.8064]]]},"properties":{"geoid":"13057","state":"13","district":"57","name":"State House District 57","chamber":"House"}},{"type":"Feature","geometry":{"type":"Polygon","coordinates":[[[-84.5113,33.6916],[-84.4937,33.6901],[-84.482,33.6976],[-84.4607,33.6977],[-84.4535,33.7148],[-84.4261,33.7146],[-84.423,33.7223],[-84.4274,33.7223],[-84.4272,33.7307],[-84.4169,33.728],[-84.4117,33.7411],[-84.4001,33.7473],[-84.3878,33.7419],[-84.3899,33.7528],[-84.3843,33.7545],[-84.3841,33.7641],[-84.3679,33.7609],[-84.3596,33.7643],[-84.3612,33.754],[-84.3492,33.7597],[-84.3489,33.7819],[-84.3686,33.7821],[-84.3709,33.7737],[-84.3901,33.7713],[-84.3906,33.7597],[-84.3955,33.7582],[-84.3981,33.7634],[-84.3979,33.7519],[-84.4024,33.7486],[-84.4113,33.7513],[-84.414,33.7444],[-84.4424,33.748],[-84.4337,33.7389],[-84.4526,33.7192],[-84.4625,33.7226],[-84.5011,33.7191],[-84.4999,33.7157],[-84.5059,33.7154],[-84.5113,33.6916]]]},"properties":{"geoid":"13058","state":"13","district":"58","name":"State House District 58","chamber":"House"}},{"type":"Feature","geometry":{"type":"Polygon","coordinates":[[[-84.5228,33.6644],[-84.5216,33.6558],[-84.5062,33.6542],[-84.5067,33.6662],[-84.4922,33.6661],[-84.4922,33.6739],[-84.4866,33.6743],[-84.4865,33.6896],[-84.4477,33.6885],[-84.4494,33.7056],[-84.4287,33.6988],[-84.4119,33.7022],[-84.408,33.7073],[-84.394,33.7051],[-84.3879,33.7368],[-84.3815,33.7368],[-84.3804,33.7469],[-84.3582,33.7435],[-84.357,33.7525],[-84.3638,33.7532],[-84.3534,33.7568],[-84.3612,33.754],[-84.3596,33.7643],[-84.3679,33.7609],[-84.3841,33.7641],[-84.3843,33.7545],[-84.3899,33.7528],[-84.3878,33.7419],[-84.4001,33.7473],[-84.4111,33.7417],[-84.4169,33.728],[-84.4272,33.7307],[-84.4274,33.7223],[-84.423,33.7223],[-84.4261,33.7146],[-84.4535,33.7148],[-84.4607,33.6977],[-84.5114,33.6906],[-84.5165,33.6712],[-84.5228,33.6644]]]},"properties":{"geoid":"13059","state":"13","district":"59","name":"State House District 59","chamber":"House"}},{"type":"Feature","geometry":{"type":"Polygon","coordinates":[[[-84.5516,33.7384],[-84.5474,33.7337],[-84.5277,33.7345],[-84.5142,33.7251],[-84.5012,33.7501],[-84.4943,33.7562],[-84.4819,33.755],[-84.4827,33.7665],[-84.473,33.7703],[-84.4737,33.7763],[-84.4667,33.7774],[-84.4645,33.7875],[-84.457,33.7832],[-84.4597,33.7892],[-84.4521,33.7923],[-84.4618,33.8069],[-84.4279,33.7869],[-84.4373,33.8055],[-84.4304,33.8121],[-84.4187,33.8102],[-84.4264,33.8318],[-84.4127,33.8462],[-84.4218,33.8512],[-84.4308,33.8489],[-84.4314,33.8535],[-84.4195,33.8623],[-84.4088,33.8582],[-84.4048,33.8634],[-84.41,33.8752],[-84.4289,33.8812],[-84.448,33.876],[-84.4607,33.8903],[-84.471,33.8836],[-84.4735,33.8794],[-84.4635,33.8716],[-84.4709,33.8585],[-84.4791,33.8601],[-84.4762,33.8566],[-84.4818,33.8547],[-84.4818,33.8477],[-84.458,33.8246],[-84.47,33.8269],[-84.4973,33.8064],[-84.487,33.8044],[-84.4877,33.7936],[-84.4959,33.7822],[-84.4947,33.769],[-84.4977,33.7779],[-84.5086,33.7818],[-84.5154,33.774],[-84.5153,33.7625],[-84.5438,33.7541],[-84.5371,33.7501],[-84.5449,33.7466],[-84.5449,33.7384],[-84.5516,33.7384]]]},"properties":{"geoid":"13060","state":"13","district":"60","name":"State House District 60","chamber":"House"}},{"type":"Feature","geometry":{"type":"Polygon","coordinates":[[[-84.6329,33.6991],[-84.6303,33.6931],[-84.5991,33.688],[-84.5769,33.6993],[-84.5724,33.6872],[-84.5536,33.6809],[-84.5522,33.6742],[-84.5181,33.6932],[-84.5201,33.71],[-84.5139,33.7221],[-84.5229,33.7221],[-84.5277,33.7345],[-84.5474,33.7337],[-84.5516,33.7384],[-84.5449,33.7384],[-84.5449,33.7466],[-84.5371,33.7501],[-84.5438,33.7541],[-84.5153,33.7625],[-84.5154,33.774],[-84.5086,33.7818],[-84.4977,33.7779],[-84.4947,33.769],[-84.4959,33.7822],[-84.4877,33.7936],[-84.487,33.8044],[-84.4973,33.8064],[-84.47,33.8269],[-84.458,33.8246],[-84.4818,33.848],[-84.4818,33.8547],[-84.4762,33.8566],[-84.4791,33.8601],[-84.4709,33.8585],[-84.464,33.8706],[-84.4661,33.8768],[-84.4867,33.8779],[-84.4883,33.8709],[-84.5102,33.8524],[-84.5165,33.8589],[-84.5191,33.8529],[-84.5248,33.8537],[-84.5262,33.8628],[-84.5363,33.8601],[-84.5386,33.8461],[-84.5433,33.8429],[-84.5327,33.8446],[-84.5383,33.839],[-84.537,33.8259],[-84.5322,33.8258],[-84.5316,33.8212],[-84.52,33.8262],[-84.5182,33.8203],[-84.4989,33.8196],[-84.5134,33.8018],[-84.5078,33.7955],[-84.5308,33.7823],[-84.5388,33.7703],[-84.579,33.7429],[-84.5861,33.7294],[-84.5995,33.7263],[-84.6075,33.7133],[-84.6329,33.6991]]]},"properties":{"geoid":"13061","state":"13","district":"61","name":"State House District 61","chamber":"House"}},{"type":"Feature","geometry":{"type":"Polygon","coordinates":[[[-84.5247,33.6175],[-84.507,33.6042],[-84.5071,33.6123],[-84.497,33.61],[-84.4736,33.6204],[-84.472,33.6561],[-84.4495,33.6534],[-84.4564,33.6566],[-84.4541,33.6637],[-84.4584,33.6659],[-84.4446,33.6676],[-84.4405,33.6846],[-84.4151,33.6813],[-84.4183,33.6731],[-84.407,33.673],[-84.4077,33.6813],[-84.3984,33.6811],[-84.3894,33.697],[-84.362,33.6931],[-84.3772,33.7178],[-84.362,33.7301],[-84.3582,33.7435],[-84.3804,33.7469],[-84.3815,33.7368],[-84.3879,33.7368],[-84.394,33.7051],[-84.408,33.7073],[-84.4119,33.7022],[-84.4287,33.6988],[-84.4494,33.7056],[-84.4477,33.6885],[-84.4865,33.6896],[-84.4866,33.6743],[-84.4922,33.6739],[-84.4922,33.6661],[-84.5067,33.6662],[-84.5062,33.6542],[-84.4978,33.6566],[-84.4903,33.6322],[-84.4968,33.6325],[-84.4995,33.6253],[-84.4981,33.6352],[-84.5056,33.6344],[-84.5054,33.6215],[-84.5247,33.6175]]]},"properties":{"geoid":"13062","state":"13","district":"62","name":"State House District 62","chamber":"House"}},{"type":"Feature","geometry":{"type":"Polygon","coordinates":[[[-84.5001,33.6029],[-84.4972,33.5933],[-84.4691,33.5966],[-84.469,33.5887],[-84.4583,33.5864],[-84.4579,33.6489],[-84.4531,33.6489],[-84.4531,33.6411],[-84.4483,33.6411],[-84.4458,33.6488],[-84.3499,33.6479],[-84.3492,33.7597],[-84.3638,33.7532],[-84.357,33.7525],[-84.3605,33.7328],[-84.3685,33.7219],[-84.3766,33.722],[-84.362,33.6931],[-84.3894,33.697],[-84.3984,33.6811],[-84.4077,33.6813],[-84.407,33.673],[-84.4183,33.6731],[-84.4151,33.6813],[-84.4405,33.6846],[-84.4446,33.6676],[-84.4584,33.6659],[-84.4541,33.6637],[-84.4564,33.6566],[-84.4495,33.6534],[-84.472,33.6561],[-84.4736,33.6204],[-84.4834,33.619],[-84.4877,33.6124],[-84.4969,33.6124],[-84.5001,33.6029]]]},"properties":{"geoid":"13063","state":"13","district":"63","name":"State House District 63","chamber":"House"}},{"type":"Feature","geometry":{"type":"Polygon","coordinates":[[[-84.8311,33.688],[-84.8273,33.667],[-84.82,33.6661],[-84.8211,33.6536],[-84.8059,33.6453],[-84.8125,33.6397],[-84.8111,33.6348],[-84.7934,33.6254],[-84.7813,33.6106],[-84.7876,33.6121],[-84.7892,33.6069],[-84.7836,33.6039],[-84.7623,33.6152],[-84.7514,33.6319],[-84.7384,33.6233],[-84.7297,33.6369],[-84.7102,33.6467],[-84.6573,33.6586],[-84.6519,33.6679],[-84.6525,33.6839],[-84.6321,33.6884],[-84.6321,33.7006],[-84.6075,33.7133],[-84.5995,33.7263],[-84.5861,33.7294],[-84.5778,33.7456],[-84.6017,33.7766],[-84.6591,33.767],[-84.6755,33.7622],[-84.6707,33.7512],[-84.6624,33.7463],[-84.6671,33.7384],[-84.6505,33.7382],[-84.6607,33.7255],[-84.6667,33.7304],[-84.683,33.718],[-84.6923,33.724],[-84.7077,33.7122],[-84.7214,33.7124],[-84.7223,33.7196],[-84.7351,33.7249],[-84.7475,33.7085],[-84.766,33.7166],[-84.7621,33.7279],[-84.7948,33.7212],[-84.8311,33.688]]]},"properties":{"geoid":"13064","state":"13","district":"64","name":"State House District 64","chamber":"House"}},{"type":"Feature","geometry":{"type":"Polygon","coordinates":[[[-84.8819,33.4872],[-84.8341,33.4613],[-84.8172,33.4438],[-84.7911,33.43],[-84.7743,33.4298],[-84.7636,33.4463],[-84.7504,33.4329],[-84.7551,33.421],[-84.7292,33.4311],[-84.6918,33.4376],[-84.7004,33.4502],[-84.6744,33.4922],[-84.6714,33.5061],[-84.6589,33.508],[-84.6553,33.5037],[-84.6548,33.5117],[-84.68,33.5109],[-84.6819,33.52],[-84.6899,33.5165],[-84.6899,33.52],[-84.6997,33.52],[-84.6996,33.5115],[-84.721,33.5107],[-84.7082,33.5174],[-84.7034,33.5264],[-84.6998,33.522],[-84.6998,33.5281],[-84.69,33.5306],[-84.6808,33.5226],[-84.68,33.5277],[-84.6864,33.5287],[-84.6864,33.5325],[-84.6738,33.5362],[-84.6737,33.5404],[-84.6924,33.5392],[-84.6954,33.5444],[-84.6977,33.5394],[-84.7031,33.5494],[-84.7039,33.5444],[-84.721,33.5485],[-84.7254,33.5404],[-84.7268,33.5452],[-84.717,33.5527],[-84.723,33.557],[-84.7209,33.5526],[-84.7304,33.5526],[-84.7304,33.5565],[-84.7154,33.5606],[-84.7157,33.5567],[-84.7044,33.5549],[-84.7008,33.559],[-84.6964,33.5557],[-84.6901,33.5609],[-84.6901,33.5525],[-84.6758,33.5526],[-84.6757,33.5447],[-84.6701,33.5405],[-84.6702,33.5505],[-84.665,33.5475],[-84.6674,33.5734],[-84.6502,33.5724],[-84.6539,33.5964],[-84.6479,33.6049],[-84.6518,33.6142],[-84.6386,33.6184],[-84.6317,33.6085],[-84.615,33.6173],[-84.6088,33.6038],[-84.6108,33.6104],[-84.5871,33.6241],[-84.591,33.6171],[-84.5844,33.6165],[-84.5849,33.6077],[-84.5715,33.6097],[-84.5688,33.6193],[-84.527,33.6189],[-84.5296,33.631],[-84.5069,33.6295],[-84.5056,33.6344],[-84.4981,33.6352],[-84.501,33.6283],[-84.4968,33.626],[-84.4968,33.6325],[-84.4903,33.6322],[-84.4978,33.6566],[-84.5219,33.6567],[-84.5227,33.6653],[-84.5165,33.6712],[-84.5114,33.6906],[-84.5188,33.6936],[-84.5522,33.6742],[-84.5536,33.6809],[-84.5724,33.6872],[-84.5769,33.6993],[-84.5988,33.688],[-84.6303,33.6931],[-84.6383,33.6848],[-84.6526,33.6837],[-84.6519,33.6679],[-84.6587,33.6579],[-84.7102,33.6467],[-84.7297,33.6369],[-84.7384,33.6233],[-84.7518,33.6317],[-84.7623,33.6152],[-84.7958,33.5963],[-84.8062,33.5859],[-84.8102,33.5719],[-84.8256,33.5623],[-84.8331,33.5457],[-84.8155,33.5211],[-84.8281,33.5134],[-84.8491,33.5131],[-84.8563,33.4951],[-84.8761,33.4923],[-84.8819,33.4872]]]},"properties":{"geoid":"13065","state":"13","district":"65","name":"State House District 65","chamber":"House"}},{"type":"Feature","geometry":{"type":"Polygon","coordinates":[[[-84.7812,33.7511],[-84.7771,33.7454],[-84.7768,33.7232],[-84.7621,33.7279],[-84.7654,33.7162],[-84.7475,33.7085],[-84.7351,33.7249],[-84.7223,33.7196],[-84.7214,33.7124],[-84.7038,33.7126],[-84.6923,33.724],[-84.683,33.718],[-84.6667,33.7304],[-84.6607,33.7255],[-84.6505,33.7382],[-84.6671,33.7384],[-84.6624,33.7463],[-84.6707,33.7512],[-84.6755,33.7622],[-84.6017,33.7766],[-84.6227,33.8048],[-84.7241,33.8064],[-84.7241,33.7886],[-84.7695,33.7852],[-84.7812,33.7511]]]},"properties":{"geoid":"13066","state":"13","district":"66","name":"State House District 66","chamber":"House"}},{"type":"Feature","geometry":{"type":"Polygon","coordinates":[[[-84.7304,33.5565],[-84.7304,33.5526],[-84.7209,33.5526],[-84.723,33.557],[-84.717,33.5527],[-84.7268,33.5452],[-84.7254,33.5404],[-84.721,33.5485],[-84.7039,33.5444],[-84.7031,33.5494],[-84.6977,33.5394],[-84.6954,33.5444],[-84.6924,33.5392],[-84.6737,33.5404],[-84.6738,33.5362],[-84.6864,33.5325],[-84.6864,33.5287],[-84.68,33.5277],[-84.6808,33.5226],[-84.69,33.5306],[-84.6998,33.5281],[-84.6998,33.522],[-84.7034,33.5264],[-84.7082,33.5174],[-84.721,33.5107],[-84.6996,33.5115],[-84.6997,33.52],[-84.6899,33.52],[-84.6899,33.5165],[-84.6819,33.52],[-84.68,33.5109],[-84.6548,33.5117],[-84.6553,33.5037],[-84.6589,33.508],[-84.6714,33.5061],[-84.6744,33.4922],[-84.7004,33.4502],[-84.6827,33.4216],[-84.6825,33.4081],[-84.669,33.4069],[-84.6573,33.3991],[-84.634,33.4017],[-84.6096,33.3969],[-84.6186,33.4086],[-84.6192,33.4225],[-84.6272,33.44],[-84.6232,33.4684],[-84.6262,33.4767],[-84.6179,33.4839],[-84.6045,33.5123],[-84.5657,33.5305],[-84.5714,33.5315],[-84.5692,33.5399],[-84.5768,33.5417],[-84.5773,33.5472],[-84.5713,33.5492],[-84.5796,33.5527],[-84.5622,33.5583],[-84.561,33.5533],[-84.5539,33.5563],[-84.5547,33.5668],[-84.5502,33.5669],[-84.5495,33.5582],[-84.5339,33.567],[-84.5506,33.5731],[-84.5471,33.5958],[-84.5595,33.6003],[-84.5549,33.6085],[-84.5579,33.6187],[-84.5688,33.6193],[-84.5715,33.6097],[-84.5849,33.6077],[-84.5844,33.6165],[-84.591,33.6171],[-84.5845,33.6241],[-84.5897,33.6234],[-84.6108,33.6104],[-84.6088,33.6038],[-84.615,33.6173],[-84.6317,33.6085],[-84.6383,33.6184],[-84.6518,33.6142],[-84.6479,33.6049],[-84.6539,33.5964],[-84.6502,33.5724],[-84.6674,33.5734],[-84.665,33.5475],[-84.6702,33.5505],[-84.6701,33.5405],[-84.6757,33.5447],[-84.6758,33.5526],[-84.6901,33.5525],[-84.6901,33.5609],[-84.6964,33.5557],[-84.7008,33.559],[-84.7044,33.5549],[-84.7157,33.5567],[-84.7154,33.5606],[-84.7304,33.5565]]]},"properties":{"geoid":"13067","state":"13","district":"67","name":"State House District 67","chamber":"House"}},{"type":"Feature","geometry":{"type":"Polygon","coordinates":[[[-84.6272,33.4403],[-84.6182,33.4382],[-84.6181,33.4424],[-84.6137,33.4425],[-84.6173,33.4382],[-84.6123,33.4383],[-84.6084,33.4419],[-84.6035,33.4203],[-84.5877,33.4127],[-84.5786,33.4207],[-84.5774,33.4134],[-84.5673,33.4062],[-84.567,33.398],[-84.5548,33.3977],[-84.554,33.4106],[-84.5369,33.4129],[-84.5467,33.4389],[-84.5121,33.4503],[-84.4942,33.4494],[-84.4976,33.4551],[-84.4948,33.4644],[-84.5095,33.4941],[-84.527,33.5005],[-84.5038,33.5103],[-84.4816,33.511],[-84.4797,33.5208],[-84.4921,33.5294],[-84.4837,33.5456],[-84.4743,33.5478],[-84.501,33.5504],[-84.5054,33.5586],[-84.5163,33.5607],[-84.5096,33.5611],[-84.5096,33.5651],[-84.5161,33.5662],[-84.5048,33.5714],[-84.5052,33.5819],[-84.5136,33.5848],[-84.496,33.5957],[-84.4999,33.6108],[-84.5071,33.6123],[-84.5098,33.6047],[-84.5249,33.619],[-84.5054,33.6215],[-84.5075,33.6302],[-84.5296,33.631],[-84.527,33.6189],[-84.5594,33.6176],[-84.5549,33.6085],[-84.5595,33.6003],[-84.5471,33.5958],[-84.5506,33.5731],[-84.5339,33.567],[-84.5495,33.5582],[-84.5502,33.5669],[-84.5547,33.5668],[-84.5539,33.5563],[-84.561,33.5533],[-84.5622,33.5583],[-84.5796,33.5527],[-84.5713,33.5492],[-84.5773,33.5472],[-84.5768,33.5417],[-84.5692,33.5399],[-84.5714,33.5315],[-84.5657,33.5305],[-84.6066,33.5105],[-84.6179,33.4839],[-84.6268,33.4752],[-84.6232,33.4684],[-84.6272,33.4403]]]},"properties":{"geoid":"13068","state":"13","district":"68","name":"State House District 68","chamber":"House"}},{"type":"Feature","geometry":{"type":"Polygon","coordinates":[[[-84.5471,33.4367],[-84.5369,33.4125],[-84.5159,33.4085],[-84.501,33.4129],[-84.4907,33.4084],[-84.4614,33.4294],[-84.4459,33.427],[-84.4493,33.4454],[-84.4071,33.4248],[-84.4021,33.4253],[-84.4022,33.4364],[-84.3926,33.4365],[-84.3925,33.4445],[-84.3837,33.4444],[-84.3887,33.4479],[-84.3816,33.4629],[-84.3871,33.4766],[-84.4097,33.4939],[-84.4206,33.494],[-84.4204,33.5096],[-84.4335,33.5243],[-84.4394,33.5507],[-84.4587,33.5509],[-84.4583,33.5864],[-84.469,33.5887],[-84.4691,33.5966],[-84.4884,33.5919],[-84.4973,33.5949],[-84.5136,33.5848],[-84.5052,33.5819],[-84.5048,33.5714],[-84.5155,33.5671],[-84.5096,33.5611],[-84.516,33.5603],[-84.5054,33.5586],[-84.501,33.5504],[-84.4743,33.5478],[-84.4837,33.5456],[-84.4921,33.5294],[-84.4797,33.5208],[-84.4816,33.511],[-84.5038,33.5103],[-84.527,33.5005],[-84.5095,33.4941],[-84.4948,33.4644],[-84.4976,33.4551],[-84.4942,33.4494],[-84.5125,33.4502],[-84.5471,33.4367]]]},"properties":{"geoid":"13069","state":"13","district":"69","name":"State House District 69","chamber":"House"}},{"type":"Feature","geometry":{"type":"Polygon","coordinates":[[[-85.0154,33.4255],[-84.9586,33.2771],[-84.9479,33.318],[-84.9407,33.3199],[-84.9305,33.314],[-84.9275,33.3228],[-84.9215,33.3187],[-84.9087,33.3199],[-84.9087,33.3491],[-84.8661,33.3183],[-84.866,33.323],[-84.8421,33.343],[-84.8442,33.3336],[-84.826,33.3392],[-84.7999,33.3364],[-84.7969,33.3399],[-84.7808,33.3298],[-84.7698,33.3311],[-84.762,33.3206],[-84.7,33.282],[-84.6831,33.2999],[-84.6828,33.3089],[-84.679,33.3081],[-84.6732,33.3198],[-84.6728,33.3412],[-84.6841,33.3393],[-84.7062,33.3552],[-84.76,33.3601],[-84.7578,33.3752],[-84.7382,33.38],[-84.733,33.3991],[-84.718,33.403],[-84.7238,33.4108],[-84.7215,33.4325],[-84.7551,33.421],[-84.7504,33.4329],[-84.7636,33.4463],[-84.7743,33.4298],[-84.7911,33.43],[-84.8172,33.4438],[-84.8341,33.4613],[-84.8819,33.4872],[-84.8761,33.4923],[-84.8563,33.4951],[-84.8491,33.5131],[-84.8281,33.5134],[-84.8155,33.5211],[-84.8332,33.5471],[-84.8249,33.5632],[-84.8092,33.5741],[-84.8869,33.5734],[-84.9062,33.5561],[-84.9131,33.5583],[-84.9084,33.5499],[-84.9242,33.5432],[-84.9492,33.5485],[-84.9502,33.5423],[-84.9409,33.5295],[-84.9571,33.5246],[-84.9634,33.5122],[-84.9675,33.5133],[-84.9726,33.501],[-84.9651,33.4866],[-84.9747,33.4784],[-84.9811,33.4853],[-84.9954,33.4695],[-84.9926,33.4601],[-84.9614,33.4604],[-84.9739,33.4527],[-84.9862,33.4565],[-84.9891,33.4521],[-84.9856,33.4421],[-85.0154,33.4255]]]},"properties":{"geoid":"13070","state":"13","district":"70","name":"State House District 70","chamber":"House"}},{"type":"Feature","geometry":{"type":"Polygon","coordinates":[[[-85.0879,33.6102],[-85.079,33.6013],[-85.0788,33.5784],[-85.0414,33.5831],[-85.0418,33.5733],[-85.0158,33.5749],[-85.0179,33.5658],[-85.0383,33.5705],[-85.0386,33.562],[-85.0339,33.5621],[-85.0319,33.553],[-85.0205,33.561],[-85.0008,33.5616],[-84.9918,33.5569],[-84.9584,33.5631],[-84.9565,33.5594],[-84.9506,33.5612],[-84.9492,33.5485],[-84.9395,33.5441],[-84.9242,33.5432],[-84.9084,33.5499],[-84.9131,33.5583],[-84.9062,33.5561],[-84.8869,33.5734],[-84.9058,33.5734],[-84.9014,33.7188],[-84.911,33.7221],[-84.911,33.729],[-84.9023,33.7306],[-84.9017,33.7807],[-84.9712,33.7996],[-85.0493,33.8124],[-85.0527,33.7147],[-85.0262,33.7034],[-85.0158,33.7036],[-85.0187,33.6949],[-85.0072,33.69],[-85.0236,33.6695],[-85.024,33.6545],[-85.0422,33.6415],[-85.0512,33.6238],[-85.0596,33.6232],[-85.0777,33.6058],[-85.0879,33.6102]]]},"properties":{"geoid":"13071","state":"13","district":"71","name":"State House District 71","chamber":"House"}},{"type":"Feature","geometry":{"type":"Polygon","coordinates":[[[-85.2938,33.4281],[-85.2365,33.1296],[-85.1174,33.1637],[-85.1158,33.168],[-85.1158,33.156],[-85.1079,33.1391],[-85.1112,33.1276],[-85.1159,33.1257],[-85.0983,33.1175],[-85.1164,33.1041],[-85.1129,33.072],[-85.1221,33.0624],[-85.1012,33.069],[-85.104,33.0813],[-85.0955,33.0975],[-85.0873,33.097],[-85.0753,33.1059],[-85.0682,33.1011],[-85.0651,33.1075],[-85.0501,33.0933],[-85.0124,33.1024],[-85.01,33.0978],[-85.0054,33.1015],[-84.9801,33.0924],[-84.9331,33.1004],[-84.903,33.0942],[-84.8921,33.1017],[-84.8633,33.0971],[-84.8623,33.1987],[-84.8699,33.1957],[-84.872,33.2074],[-84.8622,33.2075],[-84.8621,33.2239],[-84.939,33.2247],[-84.9546,33.2656],[-84.9488,33.2657],[-84.9488,33.2823],[-84.9586,33.2824],[-84.9586,33.2771],[-85.0154,33.4255],[-84.9856,33.4421],[-84.9891,33.4521],[-84.9862,33.4565],[-84.9739,33.4527],[-84.9614,33.4604],[-84.9926,33.4601],[-84.9954,33.4695],[-84.9811,33.4853],[-84.9747,33.4784],[-84.9651,33.4866],[-84.9726,33.501],[-84.9675,33.5133],[-84.9634,33.5122],[-84.9571,33.5246],[-84.9409,33.5295],[-84.9508,33.5441],[-84.9476,33.5519],[-84.9506,33.5612],[-84.9932,33.5569],[-85.0008,33.5616],[-85.0205,33.561],[-85.0319,33.553],[-85.0339,33.5621],[-85.0386,33.562],[-85.0383,33.5705],[-85.0179,33.5658],[-85.0158,33.5749],[-85.0418,33.5733],[-85.0414,33.5831],[-85.0788,33.5784],[-85.0795,33.6025],[-85.093,33.6083],[-85.0925,33.6121],[-85.1023,33.6113],[-85.0909,33.6147],[-85.0992,33.6175],[-85.0958,33.6191],[-85.1001,33.6249],[-85.0817,33.6226],[-85.091,33.6284],[-85.0911,33.6334],[-85.0966,33.6253],[-85.1031,33.6249],[-85.1006,33.6173],[-85.111,33.6175],[-85.1068,33.6263],[-85.1147,33.6251],[-85.1113,33.6175],[-85.119,33.6131],[-85.1129,33.6049],[-85.132,33.6079],[-85.142,33.5955],[-85.1657,33.5951],[-85.1752,33.5988],[-85.1777,33.606],[-85.1902,33.6052],[-85.1895,33.6088],[-85.2033,33.6107],[-85.2109,33.6052],[-85.2289,33.6088],[-85.2245,33.5807],[-85.2312,33.5606],[-85.2137,33.5638],[-85.2222,33.5281],[-85.2075,33.5242],[-85.1872,33.5331],[-85.1818,33.5409],[-85.1597,33.5348],[-85.1595,33.5263],[-85.1676,33.523],[-85.165,33.5095],[-85.1696,33.5046],[-85.1589,33.4782],[-85.1982,33.4541],[-85.1933,33.4417],[-85.1975,33.4272],[-85.2938,33.4281]]]},"properties":{"geoid":"13072","state":"13","district":"72","name":"State House District 72","chamber":"House"}},{"type":"Feature","geometry":{"type":"Polygon","coordinates":[[[-84.7599,33.3624],[-84.7415,33.356],[-84.7056,33.3551],[-84.6839,33.3392],[-84.6702,33.3415],[-84.6471,33.3352],[-84.6252,33.3458],[-84.6231,33.3398],[-84.612,33.3378],[-84.5974,33.3423],[-84.5776,33.3331],[-84.5649,33.3447],[-84.5602,33.3406],[-84.5518,33.3422],[-84.5395,33.3333],[-84.5435,33.3508],[-84.5406,33.3614],[-84.5493,33.3643],[-84.549,33.3699],[-84.5265,33.3681],[-84.5229,33.36],[-84.5205,33.368],[-84.486,33.3668],[-84.478,33.3733],[-84.4515,33.3705],[-84.4508,33.3792],[-84.4529,33.388],[-84.4619,33.3881],[-84.4617,33.394],[-84.4697,33.3922],[-84.4581,33.4293],[-84.4907,33.4084],[-84.501,33.4129],[-84.5159,33.4085],[-84.5408,33.4125],[-84.554,33.4106],[-84.5521,33.3983],[-84.567,33.398],[-84.5673,33.4062],[-84.5774,33.4134],[-84.5786,33.4207],[-84.5877,33.4127],[-84.6035,33.4203],[-84.6084,33.4419],[-84.6173,33.4382],[-84.6137,33.4425],[-84.6181,33.4424],[-84.6182,33.4382],[-84.627,33.4397],[-84.6192,33.4225],[-84.6186,33.4086],[-84.6096,33.3969],[-84.634,33.4017],[-84.6573,33.3991],[-84.669,33.4069],[-84.6825,33.4081],[-84.6827,33.4214],[-84.6918,33.4376],[-84.7215,33.4325],[-84.7238,33.4108],[-84.718,33.403],[-84.733,33.3991],[-84.7382,33.38],[-84.7578,33.3752],[-84.7599,33.3624]]]},"properties":{"geoid":"13073","state":"13","district":"73","name":"State House District 73","chamber":"House"}},{"type":"Feature","geometry":{"type":"Polygon","coordinates":[[[-84.4023,33.4267],[-84.4023,33.4201],[-84.3931,33.42],[-84.3931,33.412],[-84.3881,33.4117],[-84.3841,33.4025],[-84.3948,33.3944],[-84.3865,33.3765],[-84.3963,33.3734],[-84.3925,33.3666],[-84.3951,33.3605],[-84.3881,33.3525],[-84.2492,33.3525],[-84.2468,33.3712],[-84.2395,33.3764],[-84.2194,33.3776],[-84.2125,33.3931],[-84.2155,33.4059],[-84.2462,33.3957],[-84.2535,33.419],[-84.2538,33.4417],[-84.2727,33.4357],[-84.2947,33.4357],[-84.2942,33.4843],[-84.2839,33.4843],[-84.2832,33.509],[-84.3233,33.5112],[-84.3223,33.5179],[-84.3389,33.5227],[-84.3541,33.5214],[-84.354,33.5178],[-84.3388,33.4929],[-84.3422,33.4921],[-84.3367,33.4736],[-84.3848,33.4587],[-84.3887,33.4479],[-84.3837,33.4444],[-84.3925,33.4445],[-84.3926,33.4365],[-84.4022,33.4364],[-84.4023,33.4267]]]},"properties":{"geoid":"13074","state":"13","district":"74","name":"State House District 74","chamber":"House"}},{"type":"Feature","geometry":{"type":"Polygon","coordinates":[[[-84.4274,33.5169],[-84.4204,33.5096],[-84.4206,33.494],[-84.4097,33.4939],[-84.3962,33.4849],[-84.3871,33.4766],[-84.3816,33.463],[-84.3848,33.4587],[-84.381,33.4581],[-84.3744,33.4639],[-84.3617,33.4639],[-84.3367,33.4736],[-84.3422,33.4921],[-84.3388,33.4929],[-84.3541,33.5238],[-84.3366,33.5299],[-84.3144,33.5461],[-84.3036,33.5479],[-84.2993,33.5547],[-84.3409,33.5767],[-84.3455,33.5533],[-84.386,33.5581],[-84.3756,33.5465],[-84.3766,33.537],[-84.3995,33.5428],[-84.39,33.5411],[-84.3955,33.5377],[-84.3956,33.5333],[-84.3908,33.5333],[-84.391,33.5182],[-84.4106,33.5184],[-84.4104,33.5218],[-84.4225,33.5254],[-84.4274,33.5169]]]},"properties":{"geoid":"13075","state":"13","district":"75","name":"State House District 75","chamber":"House"}},{"type":"Feature","geometry":{"type":"Polygon","coordinates":[[[-84.3653,33.6481],[-84.3383,33.5979],[-84.3447,33.5979],[-84.3495,33.5786],[-84.3271,33.5696],[-84.3276,33.5733],[-84.3109,33.5726],[-84.3031,33.5667],[-84.296,33.5708],[-84.2745,33.5591],[-84.2634,33.5693],[-84.2636,33.5822],[-84.2531,33.5822],[-84.2532,33.5903],[-84.2439,33.5903],[-84.2439,33.5986],[-84.2532,33.5988],[-84.2532,33.6069],[-84.263,33.607],[-84.2626,33.631],[-84.2721,33.6312],[-84.2719,33.6392],[-84.2815,33.6394],[-84.2817,33.6473],[-84.3653,33.6481]]]},"properties":{"geoid":"13076","state":"13","district":"76","name":"State House District 76","chamber":"House"}},{"type":"Feature","geometry":{"type":"Polygon","coordinates":[[[-84.4586,33.5514],[-84.4394,33.5507],[-84.4336,33.5244],[-84.4274,33.5169],[-84.4225,33.5254],[-84.4014,33.5183],[-84.4083,33.5409],[-84.4152,33.5465],[-84.413,33.5665],[-84.4169,33.5614],[-84.4251,33.5622],[-84.4267,33.5652],[-84.4222,33.5653],[-84.434,33.5706],[-84.4342,33.5762],[-84.4243,33.5788],[-84.4243,33.5824],[-84.4301,33.5817],[-84.429,33.5883],[-84.4233,33.5882],[-84.429,33.5971],[-84.4077,33.5939],[-84.4094,33.5886],[-84.3865,33.5935],[-84.3939,33.6073],[-84.3641,33.6037],[-84.3655,33.5946],[-84.3524,33.5983],[-84.3506,33.5906],[-84.3478,33.5979],[-84.3383,33.5979],[-84.3653,33.6481],[-84.4458,33.6488],[-84.4483,33.6411],[-84.4531,33.6411],[-84.4531,33.6489],[-84.4579,33.6489],[-84.4586,33.5514]]]},"properties":{"geoid":"13077","state":"13","district":"77","name":"State House District 77","chamber":"House"}},{"type":"Feature","geometry":{"type":"Polygon","coordinates":[[[-84.3541,33.5238],[-84.3226,33.5181],[-84.3233,33.5112],[-84.3158,33.5095],[-84.2832,33.509],[-84.2839,33.4843],[-84.2942,33.4843],[-84.2947,33.4357],[-84.2727,33.4357],[-84.2538,33.4417],[-84.2535,33.419],[-84.2462,33.3957],[-84.1984,33.4129],[-84.1814,33.4275],[-84.2077,33.4573],[-84.2218,33.4966],[-84.2451,33.5178],[-84.246,33.5293],[-84.2355,33.5282],[-84.2345,33.5486],[-84.2433,33.5624],[-84.2539,33.5678],[-84.2614,33.5663],[-84.2633,33.5749],[-84.264,33.5684],[-84.2748,33.5591],[-84.296,33.5708],[-84.3054,33.5667],[-84.3109,33.5726],[-84.3285,33.573],[-84.2993,33.5547],[-84.3,33.5512],[-84.3541,33.5238]]]},"properties":{"geoid":"13078","state":"13","district":"78","name":"State House District 78","chamber":"House"}},{"type":"Feature","geometry":{"type":"Polygon","coordinates":[[[-84.4342,33.5762],[-84.434,33.5706],[-84.4222,33.5653],[-84.4256,33.5624],[-84.4169,33.5614],[-84.413,33.5665],[-84.4152,33.5465],[-84.4083,33.5409],[-84.4014,33.5183],[-84.3952,33.5182],[-84.391,33.5182],[-84.3908,33.5333],[-84.3956,33.5333],[-84.3955,33.5377],[-84.39,33.5411],[-84.3995,33.5428],[-84.3751,33.5391],[-84.3756,33.5465],[-84.386,33.5581],[-84.3455,33.5533],[-84.3409,33.5767],[-84.3495,33.5786],[-84.3447,33.5979],[-84.3506,33.5906],[-84.3524,33.5983],[-84.3655,33.5946],[-84.3641,33.6037],[-84.3939,33.6073],[-84.3865,33.5935],[-84.4094,33.5886],[-84.4077,33.5939],[-84.429,33.5971],[-84.4233,33.5882],[-84.429,33.5883],[-84.4301,33.5817],[-84.4243,33.5824],[-84.4243,33.5788],[-84.4342,33.5762]]]},"properties":{"geoid":"13079","state":"13","district":"79","name":"State House District 79","chamber":"House"}},{"type":"Feature","geometry":{"type":"Polygon","coordinates":[[[-84.3476,33.9447],[-84.3462,33.9391],[-84.338,33.9436],[-84.3379,33.9363],[-84.3274,33.9388],[-84.3151,33.9308],[-84.3159,33.9167],[-84.3055,33.9065],[-84.2898,33.91],[-84.2849,33.8857],[-84.2747,33.8803],[-84.2381,33.9051],[-84.2598,33.9189],[-84.2715,33.9559],[-84.3006,33.9594],[-84.3371,33.9709],[-84.3474,33.9681],[-84.3476,33.9447]]]},"properties":{"geoid":"13080","state":"13","district":"80","name":"State House District 80","chamber":"House"}},{"type":"Feature","geometry":{"type":"Polygon","coordinates":[[[-84.2171,33.4823],[-84.213,33.4698],[-84.1737,33.471],[-84.1734,33.4668],[-84.168,33.4668],[-84.164,33.4731],[-84.1565,33.4646],[-84.134,33.4749],[-84.122,33.4662],[-84.0994,33.4785],[-84.0999,33.45],[-84.1045,33.4494],[-84.1064,33.442],[-84.1229,33.4399],[-84.1084,33.4306],[-84.0906,33.4287],[-84.0906,33.4168],[-84.098,33.407],[-84.1195,33.4029],[-84.1405,33.406],[-84.1414,33.4024],[-84.1486,33.4036],[-84.1566,33.4139],[-84.161,33.4113],[-84.1282,33.3598],[-84.1188,33.3598],[-84.1083,33.3443],[-84.0872,33.3339],[-84.0857,33.3094],[-84.0808,33.3019],[-84.0733,33.3018],[-84.073,33.3176],[-84.0635,33.3176],[-84.0613,33.3096],[-84.0537,33.3177],[-84.0536,33.3295],[-84.0427,33.3313],[-84.0425,33.3411],[-84.033,33.3428],[-84.0327,33.3616],[-84.021,33.3569],[-84.0076,33.3683],[-83.986,33.3675],[-83.9769,33.3747],[-83.9644,33.3752],[-83.966,33.3851],[-83.9732,33.3852],[-83.9731,33.4076],[-83.9631,33.4076],[-83.9631,33.4192],[-83.954,33.4192],[-83.954,33.4252],[-83.9435,33.4253],[-83.9435,33.4418],[-83.9239,33.4442],[-83.9225,33.4504],[-83.932,33.4547],[-83.9478,33.4767],[-83.9493,33.4857],[-83.974,33.4835],[-83.9765,33.4888],[-83.9858,33.488],[-83.9914,33.4928],[-84.0122,33.4922],[-84.0158,33.4981],[-84.0257,33.4966],[-84.0278,33.4915],[-84.0372,33.4958],[-84.03,33.5001],[-84.0356,33.5091],[-84.043,33.5098],[-84.0429,33.5199],[-84.0506,33.5164],[-84.0492,33.511],[-84.0544,33.515],[-84.0549,33.5195],[-84.0445,33.5259],[-84.0466,33.5307],[-84.0563,33.5268],[-84.0509,33.5304],[-84.0498,33.5412],[-84.0587,33.5402],[-84.0657,33.5495],[-84.0702,33.5471],[-84.0975,33.56],[-84.0989,33.5323],[-84.1065,33.5249],[-84.1104,33.5257],[-84.1065,33.5284],[-84.1099,33.5342],[-84.1389,33.5332],[-84.1442,33.4912],[-84.1766,33.4914],[-84.1745,33.489],[-84.1847,33.4835],[-84.2171,33.4823]]]},"properties":{"geoid":"13081","state":"13","district":"81","name":"State House District 81","chamber":"House"}},{"type":"Feature","geometry":{"type":"Polygon","coordinates":[[[-84.5503,33.3663],[-84.5406,33.3614],[-84.5435,33.3508],[-84.5353,33.3312],[-84.5181,33.3182],[-84.5219,33.3133],[-84.5147,33.3037],[-84.5175,33.2932],[-84.5126,33.2809],[-84.5044,33.281],[-84.5067,33.2752],[-84.4971,33.2567],[-84.4982,33.25],[-84.5091,33.2448],[-84.5003,33.2334],[-84.5066,33.2266],[-84.4968,33.2098],[-84.4984,33.2015],[-84.4905,33.1976],[-84.4967,33.1923],[-84.4964,33.1834],[-84.4809,33.1887],[-84.4743,33.2016],[-84.4585,33.201],[-84.4513,33.2089],[-84.3935,33.2083],[-84.3936,33.2003],[-84.3731,33.2004],[-84.3737,33.1896],[-84.3523,33.1895],[-84.335,33.2066],[-84.3452,33.2411],[-84.3088,33.2389],[-84.2974,33.2426],[-84.2963,33.2586],[-84.2796,33.2542],[-84.2713,33.2612],[-84.276,33.2662],[-84.261,33.2639],[-84.2637,33.2487],[-84.2433,33.2466],[-84.2419,33.2408],[-84.2459,33.2406],[-84.2337,33.2389],[-84.2325,33.2339],[-84.2186,33.235],[-84.2187,33.2411],[-84.1905,33.2452],[-84.1898,33.2927],[-84.1649,33.2881],[-84.1487,33.304],[-84.1347,33.3076],[-84.145,33.3165],[-84.1509,33.313],[-84.1506,33.3356],[-84.2473,33.3358],[-84.2474,33.3526],[-84.3881,33.3525],[-84.3951,33.3605],[-84.3925,33.3666],[-84.3963,33.3734],[-84.3865,33.3765],[-84.3948,33.3944],[-84.3841,33.4025],[-84.3881,33.4117],[-84.3931,33.412],[-84.3931,33.42],[-84.4023,33.4201],[-84.4021,33.4253],[-84.4109,33.4256],[-84.4493,33.4454],[-84.4459,33.427],[-84.4581,33.4293],[-84.4697,33.3922],[-84.4617,33.394],[-84.4619,33.3881],[-84.4529,33.388],[-84.4515,33.3705],[-84.478,33.3733],[-84.486,33.3668],[-84.5205,33.368],[-84.5229,33.36],[-84.5265,33.3681],[-84.549,33.3699],[-84.5503,33.3663]]]},"properties":{"geoid":"13082","state":"13","district":"82","name":"State House District 82","chamber":"House"}},{"type":"Feature","geometry":{"type":"Polygon","coordinates":[[[-84.3486,33.8286],[-84.3485,33.8254],[-84.334,33.8248],[-84.3254,33.8314],[-84.3294,33.8352],[-84.3084,33.842],[-84.2947,33.8571],[-84.2916,33.8621],[-84.303,33.866],[-84.2858,33.89],[-84.2898,33.91],[-84.3055,33.9065],[-84.3109,33.9114],[-84.3082,33.9013],[-84.3194,33.9018],[-84.3185,33.8822],[-84.3302,33.8738],[-84.33,33.8804],[-84.3481,33.8821],[-84.3486,33.8286]]]},"properties":{"geoid":"13083","state":"13","district":"83","name":"State House District 83","chamber":"House"}},{"type":"Feature","geometry":{"type":"Polygon","coordinates":[[[-84.324,33.7864],[-84.3142,33.7866],[-84.3124,33.775],[-84.2959,33.7756],[-84.2909,33.751],[-84.2709,33.7438],[-84.2695,33.7382],[-84.252,33.7379],[-84.2524,33.7162],[-84.2124,33.7109],[-84.1917,33.7028],[-84.1861,33.7062],[-84.1702,33.7035],[-84.1656,33.7135],[-84.1674,33.7305],[-84.1723,33.7238],[-84.1776,33.7243],[-84.1966,33.7321],[-84.2309,33.7372],[-84.232,33.7527],[-84.2501,33.763],[-84.2516,33.7686],[-84.2643,33.7573],[-84.2683,33.7608],[-84.271,33.7574],[-84.2711,33.7709],[-84.2799,33.7757],[-84.2763,33.7848],[-84.2896,33.7875],[-84.2853,33.7922],[-84.2901,33.7973],[-84.3035,33.8012],[-84.3088,33.7952],[-84.3213,33.7954],[-84.324,33.7864]]]},"properties":{"geoid":"13084","state":"13","district":"84","name":"State House District 84","chamber":"House"}},{"type":"Feature","geometry":{"type":"Polygon","coordinates":[[[-84.3065,33.798],[-84.2971,33.8005],[-84.2853,33.7922],[-84.2896,33.7875],[-84.2763,33.7848],[-84.2799,33.7757],[-84.2711,33.7709],[-84.271,33.7574],[-84.2683,33.7608],[-84.2643,33.7573],[-84.2516,33.7686],[-84.2501,33.763],[-84.232,33.7527],[-84.2309,33.7372],[-84.1966,33.7321],[-84.1776,33.7243],[-84.1723,33.7238],[-84.1674,33.7305],[-84.1654,33.7544],[-84.1809,33.7515],[-84.1798,33.7438],[-84.1942,33.7347],[-84.2026,33.7397],[-84.2085,33.7545],[-84.224,33.7656],[-84.2198,33.7829],[-84.236,33.7891],[-84.2385,33.8024],[-84.2326,33.8002],[-84.2313,33.8077],[-84.2399,33.8095],[-84.2467,33.8183],[-84.2508,33.8162],[-84.2524,33.8272],[-84.2629,33.8226],[-84.2763,33.8045],[-84.2818,33.8085],[-84.3008,33.8066],[-84.3065,33.798]]]},"properties":{"geoid":"13085","state":"13","district":"85","name":"State House District 85","chamber":"House"}},{"type":"Feature","geometry":{"type":"Polygon","coordinates":[[[-84.3367,33.8055],[-84.3244,33.8029],[-84.3208,33.8076],[-84.3103,33.807],[-84.3091,33.8008],[-84.3005,33.8067],[-84.2818,33.8085],[-84.2763,33.8045],[-84.2629,33.8226],[-84.2524,33.8272],[-84.2508,33.8162],[-84.2467,33.8183],[-84.2399,33.8095],[-84.2313,33.8077],[-84.2326,33.8002],[-84.2385,33.8024],[-84.2359,33.7888],[-84.2198,33.7829],[-84.224,33.7656],[-84.2085,33.7545],[-84.2016,33.7387],[-84.1942,33.7347],[-84.1943,33.7379],[-84.1858,33.7381],[-84.1798,33.7438],[-84.1809,33.7515],[-84.1654,33.7544],[-84.1703,33.7598],[-84.1966,33.7618],[-84.1941,33.7726],[-84.2041,33.7805],[-84.2036,33.7856],[-84.2086,33.7832],[-84.2128,33.7871],[-84.2137,33.7936],[-84.2061,33.8012],[-84.2208,33.7989],[-84.2176,33.8176],[-84.227,33.824],[-84.2256,33.8292],[-84.2335,33.8253],[-84.2365,33.8282],[-84.2446,33.8469],[-84.267,33.8399],[-84.2838,33.8255],[-84.3071,33.8246],[-84.3039,33.8201],[-84.3341,33.812],[-84.3367,33.8055]]]},"properties":{"geoid":"13086","state":"13","district":"86","name":"State House District 86","chamber":"House"}},{"type":"Feature","geometry":{"type":"Polygon","coordinates":[[[-84.2594,33.8542],[-84.2535,33.8465],[-84.2446,33.8469],[-84.2335,33.8253],[-84.2256,33.8292],[-84.227,33.824],[-84.2176,33.8176],[-84.2208,33.7989],[-84.2061,33.8012],[-84.2137,33.7936],[-84.2128,33.7871],[-84.2086,33.7832],[-84.2036,33.7856],[-84.2041,33.7805],[-84.1941,33.7726],[-84.1966,33.7618],[-84.1648,33.761],[-84.162,33.7846],[-84.1793,33.7902],[-84.1761,33.7997],[-84.1866,33.8035],[-84.1824,33.8115],[-84.1937,33.8115],[-84.2001,33.8349],[-84.1832,33.8313],[-84.1816,33.8483],[-84.2009,33.8491],[-84.2,33.8559],[-84.2173,33.8548],[-84.219,33.8806],[-84.2278,33.8802],[-84.2277,33.8856],[-84.2235,33.8856],[-84.2308,33.8906],[-84.2354,33.8846],[-84.2476,33.8855],[-84.2448,33.8831],[-84.2496,33.8786],[-84.2515,33.8612],[-84.2594,33.8542]]]},"properties":{"geoid":"13087","state":"13","district":"87","name":"State House District 87","chamber":"House"}},{"type":"Feature","geometry":{"type":"Polygon","coordinates":[[[-84.2278,33.8804],[-84.219,33.8806],[-84.2173,33.8548],[-84.2,33.8559],[-84.2009,33.8491],[-84.1816,33.8483],[-84.1832,33.8313],[-84.2001,33.8349],[-84.1937,33.8115],[-84.1824,33.8115],[-84.1871,33.8062],[-84.1811,33.799],[-84.1761,33.7997],[-84.1793,33.7902],[-84.1618,33.7843],[-84.1643,33.7617],[-84.1698,33.7596],[-84.1654,33.7559],[-84.1682,33.7343],[-84.1549,33.7301],[-84.1515,33.7337],[-84.1473,33.7271],[-84.1412,33.7466],[-84.132,33.7449],[-84.1272,33.7541],[-84.118,33.7587],[-84.1186,33.7688],[-84.1282,33.7785],[-84.1286,33.7848],[-84.1456,33.7891],[-84.1348,33.7951],[-84.1188,33.7952],[-84.1199,33.8066],[-84.1134,33.8075],[-84.1357,33.8358],[-84.1711,33.8582],[-84.1624,33.871],[-84.1656,33.8854],[-84.1727,33.8888],[-84.1841,33.8804],[-84.1965,33.8824],[-84.2077,33.8779],[-84.2179,33.8865],[-84.2277,33.8856],[-84.2278,33.8804]]]},"properties":{"geoid":"13088","state":"13","district":"88","name":"State House District 88","chamber":"House"}},{"type":"Feature","geometry":{"type":"Polygon","coordinates":[[[-84.3418,33.7795],[-84.3301,33.7793],[-84.3284,33.7678],[-84.323,33.7696],[-84.3162,33.7648],[-84.3311,33.7612],[-84.3304,33.7474],[-84.317,33.7466],[-84.323,33.7397],[-84.3097,33.7394],[-84.3056,33.7153],[-84.2723,33.7137],[-84.2662,33.6991],[-84.2554,33.6997],[-84.2465,33.7096],[-84.2391,33.7095],[-84.2495,33.6963],[-84.2506,33.6872],[-84.23,33.6813],[-84.2174,33.7118],[-84.2524,33.7162],[-84.252,33.7379],[-84.2695,33.7382],[-84.2709,33.7438],[-84.2909,33.751],[-84.2959,33.7756],[-84.3124,33.775],[-84.3142,33.7866],[-84.324,33.7864],[-84.3213,33.7954],[-84.3072,33.7963],[-84.3103,33.807],[-84.3208,33.8076],[-84.3244,33.8029],[-84.3373,33.805],[-84.3359,33.7946],[-84.3309,33.7954],[-84.3287,33.7908],[-84.3346,33.79],[-84.3418,33.7795]]]},"properties":{"geoid":"13089","state":"13","district":"89","name":"State House District 89","chamber":"House"}},{"type":"Feature","geometry":{"type":"Polygon","coordinates":[[[-84.3499,33.6562],[-84.3499,33.6479],[-84.3234,33.6477],[-84.3155,33.6657],[-84.3076,33.6695],[-84.3046,33.6826],[-84.2726,33.6845],[-84.2723,33.6911],[-84.2606,33.6929],[-84.2707,33.7037],[-84.2723,33.7137],[-84.3056,33.7153],[-84.3097,33.7394],[-84.323,33.7397],[-84.317,33.7466],[-84.3304,33.7474],[-84.3311,33.7612],[-84.3162,33.7648],[-84.323,33.7696],[-84.3284,33.7678],[-84.3301,33.7793],[-84.342,33.7793],[-84.3346,33.79],[-84.3287,33.7908],[-84.3309,33.7954],[-84.3359,33.7946],[-84.3379,33.8046],[-84.3486,33.8046],[-84.3499,33.6562]]]},"properties":{"geoid":"13090","state":"13","district":"90","name":"State House District 90","chamber":"House"}},{"type":"Feature","geometry":{"type":"Polygon","coordinates":[[[-84.2129,33.7041],[-84.201,33.6857],[-84.1884,33.6865],[-84.1826,33.6786],[-84.1671,33.6784],[-84.1548,33.6711],[-84.1507,33.6794],[-84.1549,33.6853],[-84.133,33.6865],[-84.1465,33.6772],[-84.154,33.6611],[-84.1632,33.6567],[-84.1514,33.6487],[-84.1506,33.6386],[-84.1548,33.6458],[-84.1611,33.6378],[-84.1731,33.641],[-84.1702,33.6459],[-84.1841,33.6462],[-84.1841,33.643],[-84.1815,33.6291],[-84.1309,33.5643],[-84.1233,33.561],[-84.1068,33.5664],[-84.0899,33.5547],[-84.0821,33.5554],[-84.0701,33.547],[-84.0657,33.5495],[-84.0596,33.5406],[-84.0528,33.5427],[-84.0487,33.5391],[-84.051,33.5302],[-84.0561,33.5302],[-84.0547,33.526],[-84.0467,33.5307],[-84.0445,33.5258],[-84.0107,33.5633],[-84.0107,33.5549],[-84.0033,33.5549],[-84.0034,33.5635],[-84.0105,33.5636],[-83.9886,33.5877],[-84.0033,33.5961],[-84.0148,33.5965],[-84.0148,33.6098],[-84.0352,33.6323],[-84.0562,33.6206],[-84.0618,33.6045],[-84.0746,33.6012],[-84.0821,33.6243],[-84.1043,33.636],[-84.0743,33.6929],[-84.0993,33.7026],[-84.1835,33.7029],[-84.1853,33.7062],[-84.1908,33.7027],[-84.2058,33.7085],[-84.2129,33.7041]]]},"properties":{"geoid":"13091","state":"13","district":"91","name":"State House District 91","chamber":"House"}},{"type":"Feature","geometry":{"type":"Polygon","coordinates":[[[-84.1043,33.636],[-84.0821,33.6243],[-84.0746,33.6012],[-84.0618,33.6045],[-84.0562,33.6206],[-84.0352,33.6323],[-84.0148,33.6098],[-84.0148,33.5965],[-84.0033,33.5961],[-83.9886,33.5877],[-83.9309,33.6518],[-83.9246,33.6809],[-83.9181,33.6895],[-83.9252,33.7102],[-83.9146,33.7107],[-83.9154,33.7186],[-83.9242,33.7204],[-83.9322,33.7093],[-83.9538,33.7318],[-83.9744,33.7322],[-83.9822,33.7043],[-84.0191,33.7219],[-84.022,33.6952],[-84.0344,33.692],[-84.0263,33.6798],[-84.0369,33.6674],[-84.0609,33.6773],[-84.0745,33.6926],[-84.1043,33.636]]]},"properties":{"geoid":"13092","state":"13","district":"92","name":"State House District 92","chamber":"House"}},{"type":"Feature","geometry":{"type":"Polygon","coordinates":[[[-84.17,33.704],[-84.0917,33.7014],[-84.0694,33.6895],[-84.0609,33.6773],[-84.0369,33.6674],[-84.0263,33.6798],[-84.0344,33.692],[-84.022,33.6952],[-84.0191,33.7219],[-83.9822,33.7043],[-83.9744,33.7322],[-83.9538,33.7318],[-83.9322,33.7093],[-83.9182,33.722],[-83.9148,33.7442],[-83.9822,33.7862],[-83.9808,33.7935],[-83.9901,33.8154],[-83.9854,33.8265],[-83.974,33.8224],[-83.9426,33.8334],[-83.9543,33.8514],[-83.9472,33.853],[-83.9489,33.859],[-83.9642,33.8635],[-83.9754,33.8605],[-83.9845,33.8761],[-83.9884,33.876],[-83.999,33.8676],[-83.9917,33.8605],[-83.9937,33.856],[-84.0117,33.8556],[-84.0105,33.8511],[-84.0163,33.8477],[-84.0082,33.8337],[-84.0206,33.8254],[-84.0293,33.8118],[-84.0261,33.8066],[-84.032,33.7934],[-84.0282,33.7886],[-84.0377,33.778],[-84.0118,33.7828],[-84.012,33.7721],[-84.0028,33.7695],[-84.0566,33.7266],[-84.0631,33.7141],[-84.0906,33.7085],[-84.0972,33.7114],[-84.0951,33.7161],[-84.0939,33.7106],[-84.0938,33.717],[-84.1085,33.7197],[-84.1108,33.7269],[-84.1178,33.7269],[-84.1244,33.7142],[-84.1488,33.7252],[-84.1504,33.7333],[-84.1549,33.7301],[-84.1682,33.7343],[-84.1656,33.7135],[-84.17,33.704]]]},"properties":{"geoid":"13093","state":"13","district":"93","name":"State House District 93","chamber":"House"}},{"type":"Feature","geometry":{"type":"Polygon","coordinates":[[[-84.1488,33.7253],[-84.1244,33.7142],[-84.1178,33.7269],[-84.1108,33.7269],[-84.1085,33.7197],[-84.0931,33.723],[-84.0835,33.7479],[-84.1028,33.7391],[-84.1082,33.7588],[-84.1008,33.7681],[-84.1021,33.7851],[-84.0917,33.7773],[-84.0582,33.7728],[-84.0707,33.7792],[-84.0659,33.7799],[-84.0653,33.7868],[-84.0786,33.8072],[-84.0688,33.8171],[-84.08,33.8348],[-84.0369,33.8532],[-84.0409,33.858],[-84.0364,33.8611],[-84.039,33.8651],[-84.032,33.8684],[-84.0447,33.8834],[-84.0259,33.8934],[-84.0541,33.8961],[-84.066,33.8788],[-84.0948,33.8672],[-84.0972,33.8619],[-84.083,33.8517],[-84.0864,33.847],[-84.0802,33.8408],[-84.09,33.8378],[-84.0888,33.8319],[-84.094,33.8388],[-84.1153,33.839],[-84.1222,33.8471],[-84.1299,33.8421],[-84.1334,33.8313],[-84.1134,33.8075],[-84.1199,33.8066],[-84.1188,33.7952],[-84.1348,33.7951],[-84.1456,33.7891],[-84.1286,33.7848],[-84.1282,33.7785],[-84.1186,33.7688],[-84.118,33.7587],[-84.1272,33.7541],[-84.132,33.7449],[-84.1412,33.7466],[-84.1488,33.7253]]]},"properties":{"geoid":"13094","state":"13","district":"94","name":"State House District 94","chamber":"House"}},{"type":"Feature","geometry":{"type":"Polygon","coordinates":[[[-84.1082,33.7588],[-84.1028,33.7391],[-84.0835,33.7479],[-84.0931,33.723],[-84.1015,33.7191],[-84.0938,33.717],[-84.0964,33.7106],[-84.0856,33.7085],[-84.0631,33.7141],[-84.0566,33.7266],[-84.0028,33.7695],[-84.012,33.7721],[-84.0118,33.7828],[-84.0377,33.778],[-84.0282,33.7886],[-84.032,33.7934],[-84.0261,33.8066],[-84.0293,33.8118],[-84.0206,33.8254],[-84.0082,33.8337],[-84.0163,33.8477],[-84.0125,33.8502],[-84.0183,33.8504],[-84.0208,33.8566],[-84.0154,33.8694],[-84.0222,33.873],[-84.0386,33.8663],[-84.0364,33.8611],[-84.0409,33.858],[-84.0369,33.8532],[-84.08,33.8348],[-84.0688,33.8171],[-84.0786,33.8072],[-84.0653,33.7868],[-84.0659,33.7799],[-84.0707,33.7792],[-84.0582,33.7728],[-84.0917,33.7773],[-84.1021,33.7851],[-84.1008,33.7681],[-84.1082,33.7588]]]},"properties":{"geoid":"13095","state":"13","district":"95","name":"State House District 95","chamber":"House"}},{"type":"Feature","geometry":{"type":"Polygon","coordinates":[[[-84.259,33.9188],[-84.2371,33.9044],[-84.2069,33.9101],[-84.1511,33.9419],[-84.0998,33.9646],[-84.074,34.0012],[-84.0862,34.0048],[-84.0978,33.9957],[-84.0998,33.9782],[-84.1112,33.9788],[-84.1202,33.9828],[-84.1208,33.9987],[-84.1312,34.0089],[-84.1442,34.0026],[-84.1309,33.9875],[-84.1352,33.9852],[-84.1432,33.9915],[-84.1398,33.9724],[-84.1463,33.9698],[-84.1396,33.9639],[-84.1589,33.9592],[-84.157,33.9658],[-84.1673,33.9736],[-84.2203,33.9355],[-84.259,33.9188]]]},"properties":{"geoid":"13096","state":"13","district":"96","name":"State House District 96","chamber":"House"}},{"type":"Feature","geometry":{"type":"Polygon","coordinates":[[[-84.2771,33.9576],[-84.2659,33.9479],[-84.2705,33.944],[-84.259,33.9188],[-84.2203,33.9355],[-84.1673,33.9736],[-84.157,33.9658],[-84.1589,33.9592],[-84.1396,33.9639],[-84.1463,33.9698],[-84.1398,33.9724],[-84.1432,33.9915],[-84.1352,33.9852],[-84.1309,33.9875],[-84.1556,34.0174],[-84.1367,34.017],[-84.1411,34.03],[-84.1571,34.0324],[-84.1692,34.0283],[-84.1819,33.9974],[-84.2028,33.9894],[-84.2017,33.9962],[-84.2047,33.9956],[-84.2175,33.9777],[-84.2264,33.9787],[-84.2366,33.9708],[-84.2383,33.9679],[-84.2332,33.9676],[-84.2369,33.9619],[-84.2392,33.9651],[-84.2548,33.9575],[-84.2647,33.9652],[-84.2771,33.9576]]]},"properties":{"geoid":"13097","state":"13","district":"97","name":"State House District 97","chamber":"House"}},{"type":"Feature","geometry":{"type":"Polygon","coordinates":[[[-84.2371,33.9044],[-84.2077,33.8779],[-84.1812,33.8817],[-84.1672,33.894],[-84.1723,33.8996],[-84.1628,33.8958],[-84.1534,33.9049],[-84.1325,33.9122],[-84.139,33.928],[-84.1593,33.9362],[-84.2069,33.9101],[-84.2371,33.9044]]]},"properties":{"geoid":"13098","state":"13","district":"98","name":"State House District 98","chamber":"House"}},{"type":"Feature","geometry":{"type":"Polygon","coordinates":[[[-84.1555,34.0174],[-84.1442,34.0026],[-84.1312,34.0089],[-84.1242,34.0057],[-84.1202,33.9828],[-84.0998,33.9782],[-84.0976,33.9959],[-84.086,34.0049],[-84.074,34.0012],[-84.062,34.0188],[-84.0304,34.044],[-84.0221,34.0574],[-84.033,34.0543],[-84.0367,34.059],[-84.0236,34.0715],[-84.03,34.0777],[-84.0434,34.0844],[-84.0569,34.0803],[-84.0319,34.1038],[-84.0384,34.1086],[-84.0801,34.099],[-84.0673,34.0861],[-84.0862,34.0764],[-84.0948,34.0572],[-84.0887,34.0521],[-84.0977,34.0506],[-84.1173,34.0358],[-84.1411,34.03],[-84.1367,34.017],[-84.1555,34.0174]]]},"properties":{"geoid":"13099","state":"13","district":"99","name":"State House District 99","chamber":"House"}},{"type":"Feature","geometry":{"type":"Polygon","coordinates":[[[-84.1557,34.1212],[-84.1534,34.1119],[-84.1375,34.1004],[-84.1106,34.0995],[-84.1179,34.0656],[-84.0922,34.049],[-84.0887,34.0521],[-84.0944,34.0606],[-84.0862,34.0764],[-84.0673,34.0861],[-84.0801,34.099],[-84.0384,34.1086],[-84.0319,34.1038],[-84.0208,34.1234],[-84.0037,34.134],[-84.0096,34.1425],[-84.0039,34.1477],[-83.9594,34.1317],[-83.9278,34.1601],[-84.0015,34.1862],[-84.0059,34.193],[-84.0387,34.1943],[-84.0507,34.1901],[-84.0589,34.182],[-84.0624,34.1682],[-84.0754,34.1629],[-84.0948,34.1322],[-84.0934,34.1261],[-84.1011,34.1369],[-84.1092,34.132],[-84.1227,34.1342],[-84.1327,34.1303],[-84.1483,34.1384],[-84.1557,34.1212]]]},"properties":{"geoid":"13100","state":"13","district":"100","name":"State House District 100","chamber":"House"}},{"type":"Feature","geometry":{"type":"Polygon","coordinates":[[[-84.3486,33.8047],[-84.3377,33.8045],[-84.3341,33.812],[-84.3039,33.8201],[-84.3071,33.8246],[-84.2833,33.8258],[-84.2535,33.8465],[-84.2594,33.8542],[-84.2515,33.8612],[-84.2496,33.8786],[-84.2448,33.8831],[-84.2476,33.8855],[-84.2354,33.8846],[-84.2308,33.8906],[-84.2205,33.8841],[-84.2179,33.8865],[-84.2381,33.9051],[-84.2746,33.8803],[-84.2858,33.89],[-84.303,33.866],[-84.2916,33.8621],[-84.295,33.8567],[-84.3084,33.842],[-84.3294,33.8352],[-84.3276,33.8285],[-84.3485,33.8254],[-84.3486,33.8047]]]},"properties":{"geoid":"13101","state":"13","district":"101","name":"State House District 101","chamber":"House"}},{"type":"Feature","geometry":{"type":"Polygon","coordinates":[[[-84.0228,33.9676],[-83.9944,33.957],[-83.9996,33.9505],[-83.9911,33.9426],[-84.0063,33.8979],[-83.9952,33.903],[-83.9907,33.8975],[-83.9626,33.889],[-83.9527,33.8956],[-83.9512,33.9082],[-83.965,33.9042],[-83.9709,33.9148],[-83.9509,33.9251],[-83.9588,33.935],[-83.9487,33.9389],[-83.9415,33.9499],[-83.9444,33.9522],[-83.9365,33.9546],[-83.9399,33.9578],[-83.9219,33.9674],[-83.9284,33.9711],[-83.928,33.9759],[-83.9451,33.9763],[-83.9535,33.9851],[-83.9534,33.999],[-83.9602,34.0087],[-83.9656,34.0072],[-83.9692,34.0118],[-83.9893,34.001],[-83.988,34.0064],[-83.9895,34.001],[-84.0103,33.9881],[-84.02,33.978],[-84.0181,33.9713],[-84.0228,33.9676]]]},"properties":{"geoid":"13102","state":"13","district":"102","name":"State House District 102","chamber":"House"}},{"type":"Feature","geometry":{"type":"Polygon","coordinates":[[[-84.0566,34.0805],[-84.0434,34.0844],[-84.0236,34.0715],[-84.0367,34.059],[-84.033,34.0543],[-84.0221,34.0574],[-84.0304,34.044],[-84.0481,34.03],[-84.0451,34.0268],[-84.0372,34.0356],[-84.0236,34.0358],[-84.0213,34.0225],[-84.0088,34.0111],[-84.0016,34.0208],[-83.9906,34.0249],[-83.9922,34.0315],[-83.9874,34.0336],[-83.9945,34.0536],[-83.9827,34.083],[-83.9695,34.0796],[-83.9553,34.092],[-83.9461,34.0788],[-83.9382,34.0902],[-83.9402,34.1098],[-83.9197,34.1099],[-83.9145,34.1152],[-83.9021,34.1107],[-83.8918,34.1226],[-83.878,34.1234],[-83.8817,34.1378],[-83.8967,34.1572],[-83.9028,34.1545],[-83.9176,34.171],[-83.9594,34.1317],[-84.0039,34.1477],[-84.0096,34.1425],[-84.0037,34.134],[-84.0202,34.124],[-84.0311,34.1047],[-84.0566,34.0805]]]},"properties":{"geoid":"13103","state":"13","district":"103","name":"State House District 103","chamber":"House"}},{"type":"Feature","geometry":{"type":"Polygon","coordinates":[[[-83.9406,34.1065],[-83.9386,34.095],[-83.929,34.0921],[-83.9256,34.083],[-83.918,34.0787],[-83.9295,34.0496],[-83.9077,34.0319],[-83.9106,34.0148],[-83.8985,34.0101],[-83.8907,34.0164],[-83.8843,34.0125],[-83.8649,34.0135],[-83.8691,34.0043],[-83.8389,33.9843],[-83.8319,33.9663],[-83.8137,33.9545],[-83.8026,33.9322],[-83.7849,33.9171],[-83.7743,33.9216],[-83.7575,33.9437],[-83.7353,33.9332],[-83.7331,33.9388],[-83.7161,33.9422],[-83.7201,33.9587],[-83.7266,33.9656],[-83.7448,33.9599],[-83.7597,33.9674],[-83.7496,33.981],[-83.7561,33.9852],[-83.7473,34.0006],[-83.7651,34.0221],[-83.7753,34.0174],[-83.7915,34.02],[-83.7868,34.0296],[-83.7962,34.0326],[-83.7867,34.0436],[-83.7961,34.0544],[-83.8038,34.061],[-83.831,34.0531],[-83.8455,34.0581],[-83.833,34.0904],[-83.8863,34.0782],[-83.8984,34.0875],[-83.8968,34.0935],[-83.8776,34.1018],[-83.9145,34.1152],[-83.9197,34.1099],[-83.9402,34.1098],[-83.9406,34.1065]]]},"properties":{"geoid":"13104","state":"13","district":"104","name":"State House District 104","chamber":"House"}},{"type":"Feature","geometry":{"type":"Polygon","coordinates":[[[-84.0131,34.0075],[-84.0128,34.0029],[-84.004,34.0018],[-83.9878,34.0064],[-83.9893,34.001],[-83.9692,34.0118],[-83.9656,34.0072],[-83.9602,34.0087],[-83.9523,33.9962],[-83.9535,33.9851],[-83.9451,33.9763],[-83.9255,33.9748],[-83.9285,33.9713],[-83.9219,33.9674],[-83.9269,33.9624],[-83.8882,33.9691],[-83.8955,33.99],[-83.886,34.0045],[-83.8997,34.0137],[-83.9106,34.0148],[-83.9077,34.0319],[-83.9295,34.0496],[-83.918,34.0787],[-83.9256,34.083],[-83.929,34.0921],[-83.9368,34.0948],[-83.9472,34.0783],[-83.9553,34.092],[-83.9695,34.0796],[-83.9829,34.0828],[-83.9846,34.0705],[-83.9945,34.0539],[-83.9874,34.0336],[-83.9922,34.0315],[-83.9906,34.0249],[-84.0016,34.0208],[-84.0131,34.0075]]]},"properties":{"geoid":"13105","state":"13","district":"105","name":"State House District 105","chamber":"House"}},{"type":"Feature","geometry":{"type":"Polygon","coordinates":[[[-84.1107,33.9071],[-84.102,33.8982],[-84.0886,33.8972],[-84.0811,33.8885],[-84.0568,33.9128],[-84.0247,33.9102],[-84.0142,33.9047],[-84.0145,33.8951],[-84.0448,33.8831],[-84.032,33.8684],[-84.0222,33.873],[-84.0154,33.8694],[-84.0128,33.8777],[-83.996,33.8856],[-83.9883,33.8965],[-83.9952,33.903],[-84.0063,33.8979],[-83.9911,33.9426],[-83.9996,33.9505],[-83.9944,33.957],[-84.0037,33.9596],[-84.0122,33.9553],[-84.0298,33.9386],[-84.0528,33.9549],[-84.0663,33.9514],[-84.0619,33.9443],[-84.0809,33.9404],[-84.0844,33.9214],[-84.1107,33.9071]]]},"properties":{"geoid":"13106","state":"13","district":"106","name":"State House District 106","chamber":"House"}},{"type":"Feature","geometry":{"type":"Polygon","coordinates":[[[-84.1036,33.963],[-84.043,33.9587],[-84.0518,33.9543],[-84.0497,33.9505],[-84.0298,33.9386],[-84.0037,33.9596],[-84.0094,33.9658],[-84.0228,33.9676],[-84.0181,33.9713],[-84.02,33.978],[-83.9895,34.001],[-83.988,34.0064],[-84.0128,34.0029],[-84.0091,34.0117],[-84.0213,34.0225],[-84.0236,34.0358],[-84.0372,34.0356],[-84.062,34.0188],[-84.0929,33.9706],[-84.1036,33.963]]]},"properties":{"geoid":"13107","state":"13","district":"107","name":"State House District 107","chamber":"House"}},{"type":"Feature","geometry":{"type":"Polygon","coordinates":[[[-84.1725,33.8891],[-84.1656,33.8854],[-84.1624,33.871],[-84.1711,33.8582],[-84.158,33.8533],[-84.1444,33.8392],[-84.1343,33.8343],[-84.1222,33.8471],[-84.1153,33.839],[-84.094,33.8388],[-84.0897,33.8318],[-84.09,33.8378],[-84.0802,33.8408],[-84.0864,33.847],[-84.083,33.8517],[-84.0972,33.8619],[-84.0948,33.8672],[-84.066,33.8788],[-84.0542,33.8961],[-84.0145,33.8951],[-84.0142,33.9047],[-84.0251,33.9103],[-84.0551,33.9134],[-84.0815,33.8885],[-84.0886,33.8972],[-84.1024,33.8985],[-84.1138,33.9112],[-84.1314,33.9124],[-84.1534,33.9049],[-84.1628,33.8958],[-84.1723,33.8996],[-84.1672,33.894],[-84.1725,33.8891]]]},"properties":{"geoid":"13108","state":"13","district":"108","name":"State House District 108","chamber":"House"}},{"type":"Feature","geometry":{"type":"Polygon","coordinates":[[[-84.1592,33.9363],[-84.1388,33.9278],[-84.1388,33.9196],[-84.1325,33.9122],[-84.1138,33.9112],[-84.1108,33.9069],[-84.0844,33.9214],[-84.0809,33.9404],[-84.0625,33.944],[-84.0663,33.9514],[-84.043,33.9587],[-84.1055,33.9627],[-84.1592,33.9363]]]},"properties":{"geoid":"13109","state":"13","district":"109","name":"State House District 109","chamber":"House"}},{"type":"Feature","geometry":{"type":"Polygon","coordinates":[[[-84.0208,33.8566],[-84.0183,33.8504],[-84.0125,33.8502],[-84.0117,33.8556],[-83.9937,33.856],[-83.9917,33.8605],[-83.999,33.8676],[-83.9845,33.8761],[-83.9754,33.8605],[-83.9642,33.8635],[-83.9489,33.859],[-83.9472,33.853],[-83.9543,33.8514],[-83.9418,33.8321],[-83.9353,33.8302],[-83.9226,33.8361],[-83.9244,33.843],[-83.9197,33.8481],[-83.9085,33.8428],[-83.8432,33.8948],[-83.8804,33.9069],[-83.9077,33.9416],[-83.9197,33.9438],[-83.9215,33.9395],[-83.9268,33.9439],[-83.9454,33.9442],[-83.9588,33.935],[-83.9509,33.9251],[-83.9709,33.9148],[-83.965,33.9042],[-83.9512,33.9082],[-83.9527,33.8956],[-83.9626,33.889],[-83.99,33.8959],[-83.996,33.8856],[-84.0128,33.8777],[-84.0208,33.8566]]]},"properties":{"geoid":"13110","state":"13","district":"110","name":"State House District 110","chamber":"House"}},{"type":"Feature","geometry":{"type":"Polygon","coordinates":[[[-83.9454,33.9442],[-83.9268,33.9439],[-83.9215,33.9395],[-83.9197,33.9438],[-83.9077,33.9416],[-83.8804,33.9069],[-83.8432,33.8948],[-83.9384,33.8201],[-83.934,33.8091],[-83.9193,33.8031],[-83.9138,33.8176],[-83.8937,33.8095],[-83.8904,33.7987],[-83.897,33.7767],[-83.8942,33.7725],[-83.899,33.7734],[-83.9038,33.7655],[-83.8863,33.7687],[-83.835,33.7981],[-83.8184,33.7886],[-83.8213,33.7819],[-83.8167,33.7769],[-83.8099,33.778],[-83.8032,33.7672],[-83.7614,33.7848],[-83.7754,33.8066],[-83.7586,33.8047],[-83.7609,33.8184],[-83.7842,33.8429],[-83.7889,33.8562],[-83.7636,33.8742],[-83.7785,33.8862],[-83.7575,33.8972],[-83.762,33.8952],[-83.7647,33.9073],[-83.7766,33.9108],[-83.7988,33.9277],[-83.8137,33.9545],[-83.8319,33.9663],[-83.8383,33.9836],[-83.8691,34.0043],[-83.8649,34.0135],[-83.8843,34.0125],[-83.8907,34.0164],[-83.8943,34.0104],[-83.886,34.0041],[-83.8955,33.99],[-83.8882,33.9691],[-83.9323,33.9615],[-83.9444,33.9522],[-83.9415,33.9499],[-83.9454,33.9442]]]},"properties":{"geoid":"13111","state":"13","district":"111","name":"State House District 111","chamber":"House"}},{"type":"Feature","geometry":{"type":"Polygon","coordinates":[[[-83.9901,33.8154],[-83.9808,33.7935],[-83.9822,33.7862],[-83.7771,33.6587],[-83.7649,33.6643],[-83.7637,33.671],[-83.7574,33.674],[-83.759,33.6798],[-83.7537,33.6829],[-83.7435,33.7099],[-83.7478,33.7128],[-83.7548,33.7427],[-83.7308,33.7508],[-83.725,33.7608],[-83.708,33.7487],[-83.7018,33.7516],[-83.6992,33.7634],[-83.6878,33.7689],[-83.648,33.7766],[-83.6409,33.7714],[-83.6433,33.7686],[-83.6164,33.7595],[-83.6084,33.7474],[-83.5954,33.7456],[-83.5739,33.7317],[-83.5059,33.8178],[-83.5333,33.821],[-83.5314,33.8243],[-83.5434,33.8328],[-83.5733,33.8474],[-83.5828,33.8629],[-83.5906,33.8634],[-83.5838,33.8838],[-83.6089,33.8811],[-83.6264,33.8849],[-83.6389,33.9083],[-83.6446,33.9047],[-83.6762,33.9176],[-83.7271,33.8982],[-83.7391,33.8996],[-83.744,33.9058],[-83.7485,33.8969],[-83.7569,33.8976],[-83.7785,33.8862],[-83.7636,33.8742],[-83.7889,33.8562],[-83.7842,33.8429],[-83.7609,33.8184],[-83.7586,33.8047],[-83.7754,33.8066],[-83.7614,33.7848],[-83.8032,33.7672],[-83.8099,33.778],[-83.8167,33.7769],[-83.8213,33.7819],[-83.8184,33.7886],[-83.8344,33.7982],[-83.8879,33.7679],[-83.9038,33.7655],[-83.899,33.7734],[-83.8942,33.7725],[-83.897,33.7767],[-83.8904,33.7987],[-83.8937,33.8095],[-83.9138,33.8176],[-83.9193,33.8031],[-83.934,33.8091],[-83.9384,33.8201],[-83.9085,33.8428],[-83.917,33.8494],[-83.9243,33.843],[-83.9226,33.8361],[-83.9336,33.8308],[-83.9485,33.8342],[-83.974,33.8224],[-83.9854,33.8265],[-83.9901,33.8154]]]},"properties":{"geoid":"13112","state":"13","district":"112","name":"State House District 112","chamber":"House"}},{"type":"Feature","geometry":{"type":"Polygon","coordinates":[[[-84.0552,33.5187],[-84.0502,33.5108],[-84.0505,33.5165],[-84.0429,33.5199],[-84.043,33.5098],[-84.0356,33.5091],[-84.03,33.5001],[-84.0373,33.4958],[-84.0281,33.4915],[-84.0257,33.4966],[-84.0159,33.4981],[-84.0121,33.4922],[-83.9981,33.4942],[-83.9858,33.488],[-83.9765,33.4888],[-83.9742,33.4835],[-83.958,33.4846],[-83.9565,33.4874],[-83.9843,33.5044],[-83.9767,33.5134],[-83.9801,33.5249],[-83.9592,33.5317],[-83.9458,33.546],[-83.9219,33.5565],[-83.913,33.5474],[-83.9033,33.5647],[-83.891,33.5657],[-83.8819,33.579],[-83.8745,33.5742],[-83.8714,33.5647],[-83.8407,33.5743],[-83.8513,33.5963],[-83.8629,33.5968],[-83.8603,33.6028],[-83.8675,33.6046],[-83.8675,33.6108],[-83.8756,33.6107],[-83.8756,33.6181],[-83.8909,33.6174],[-83.9205,33.6283],[-83.9313,33.6513],[-84.0105,33.5636],[-84.0034,33.5635],[-84.0033,33.5549],[-84.0107,33.5549],[-84.0107,33.5633],[-84.0552,33.5187]]]},"properties":{"geoid":"13113","state":"13","district":"113","name":"State House District 113","chamber":"House"}},{"type":"Feature","geometry":{"type":"Polygon","coordinates":[[[-83.9314,33.6504],[-83.9205,33.6283],[-83.8909,33.6174],[-83.8756,33.6181],[-83.8756,33.6107],[-83.8675,33.6108],[-83.8675,33.6046],[-83.8603,33.6028],[-83.8629,33.5968],[-83.8513,33.5963],[-83.8379,33.5699],[-83.8437,33.5605],[-83.8311,33.5491],[-83.8222,33.559],[-83.8081,33.5607],[-83.8027,33.5666],[-83.7976,33.5641],[-83.8006,33.5551],[-83.7877,33.5357],[-83.8045,33.4966],[-83.7999,33.477],[-83.8032,33.473],[-83.7977,33.4692],[-83.8063,33.4551],[-83.804,33.4519],[-83.8112,33.4491],[-83.8165,33.4394],[-83.8122,33.4347],[-83.8074,33.4408],[-83.7713,33.4525],[-83.7367,33.4809],[-83.7047,33.4885],[-83.7123,33.4951],[-83.7053,33.5009],[-83.6877,33.4832],[-83.6784,33.4836],[-83.6746,33.4872],[-83.6831,33.4944],[-83.6881,33.5107],[-83.6822,33.5262],[-83.5337,33.4345],[-83.2799,33.4834],[-83.277,33.4926],[-83.284,33.5082],[-83.2803,33.5234],[-83.2693,33.5322],[-83.2718,33.5381],[-83.3036,33.555],[-83.3032,33.5631],[-83.3123,33.5642],[-83.3263,33.5841],[-83.3362,33.5884],[-83.3379,33.5974],[-83.3489,33.5973],[-83.3497,33.6143],[-83.3595,33.6223],[-83.3704,33.6558],[-83.384,33.6662],[-83.4009,33.6963],[-83.418,33.7044],[-83.424,33.7154],[-83.4453,33.7225],[-83.4582,33.7685],[-83.4786,33.7922],[-83.4753,33.7984],[-83.4815,33.7971],[-83.4797,33.8025],[-83.4856,33.8073],[-83.4926,33.8052],[-83.5027,33.8174],[-83.5264,33.7961],[-83.5739,33.7317],[-83.5954,33.7456],[-83.6084,33.7474],[-83.6164,33.7595],[-83.6433,33.7686],[-83.6409,33.7714],[-83.648,33.7766],[-83.6878,33.7689],[-83.6992,33.7634],[-83.7018,33.7516],[-83.708,33.7487],[-83.725,33.7608],[-83.7308,33.7508],[-83.7548,33.7427],[-83.7478,33.7128],[-83.7435,33.7099],[-83.7537,33.6829],[-83.759,33.6798],[-83.7574,33.674],[-83.7637,33.671],[-83.7649,33.6643],[-83.7771,33.6587],[-83.9148,33.7442],[-83.9187,33.7238],[-83.9132,33.7126],[-83.9176,33.7083],[-83.9252,33.7102],[-83.9181,33.6895],[-83.9246,33.6809],[-83.9231,33.6739],[-83.9314,33.6504]]]},"properties":{"geoid":"13114","state":"13","district":"114","name":"State House District 114","chamber":"House"}},{"type":"Feature","geometry":{"type":"Polygon","coordinates":[[[-84.2541,33.6471],[-84.2458,33.6469],[-84.2455,33.6307],[-84.2376,33.6307],[-84.2272,33.6095],[-84.2113,33.6055],[-84.2069,33.5948],[-84.1912,33.5905],[-84.1894,33.5769],[-84.1835,33.5813],[-84.1621,33.5808],[-84.1706,33.5572],[-84.1867,33.5536],[-84.1967,33.565],[-84.2077,33.5562],[-84.2064,33.54],[-84.2018,33.5397],[-84.1916,33.5199],[-84.187,33.5196],[-84.1892,33.5243],[-84.1839,33.5226],[-84.1888,33.5117],[-84.1828,33.4996],[-84.1974,33.4956],[-84.1976,33.483],[-84.184,33.4837],[-84.1745,33.489],[-84.1766,33.4914],[-84.1442,33.4912],[-84.1367,33.535],[-84.1099,33.5342],[-84.1065,33.5284],[-84.1104,33.5257],[-84.1065,33.5249],[-84.0991,33.5319],[-84.0975,33.56],[-84.1085,33.5668],[-84.1232,33.561],[-84.1309,33.5643],[-84.1816,33.6292],[-84.1841,33.6462],[-84.1702,33.6459],[-84.1731,33.641],[-84.1616,33.6378],[-84.1545,33.6457],[-84.1506,33.6386],[-84.1514,33.6487],[-84.1632,33.6567],[-84.154,33.6611],[-84.1465,33.6772],[-84.133,33.6865],[-84.1549,33.6853],[-84.1507,33.6796],[-84.1534,33.671],[-84.1671,33.6784],[-84.1826,33.6786],[-84.1865,33.6857],[-84.2021,33.6867],[-84.2132,33.704],[-84.2058,33.7085],[-84.2174,33.7116],[-84.23,33.6813],[-84.2494,33.6825],[-84.2412,33.6782],[-84.2439,33.671],[-84.2368,33.6639],[-84.2245,33.664],[-84.2309,33.6553],[-84.2464,33.6602],[-84.2532,33.6547],[-84.2541,33.6471]]]},"properties":{"geoid":"13115","state":"13","district":"115","name":"State House District 115","chamber":"House"}},{"type":"Feature","geometry":{"type":"Polygon","coordinates":[[[-84.3234,33.6478],[-84.2817,33.6473],[-84.2815,33.6394],[-84.2719,33.6392],[-84.2721,33.6312],[-84.2626,33.631],[-84.263,33.607],[-84.2532,33.6069],[-84.2532,33.5988],[-84.2439,33.5986],[-84.2439,33.5903],[-84.2532,33.5903],[-84.2531,33.5822],[-84.2636,33.5822],[-84.2618,33.5671],[-84.2433,33.5624],[-84.2345,33.5484],[-84.2355,33.5282],[-84.246,33.5293],[-84.2451,33.5178],[-84.2225,33.4974],[-84.2171,33.4823],[-84.1976,33.483],[-84.1974,33.4956],[-84.1828,33.4996],[-84.1888,33.5117],[-84.1839,33.5226],[-84.1892,33.5243],[-84.187,33.5196],[-84.1916,33.5199],[-84.2018,33.5397],[-84.2064,33.54],[-84.2077,33.5562],[-84.1967,33.565],[-84.1867,33.5536],[-84.1706,33.5572],[-84.1621,33.5808],[-84.1835,33.5813],[-84.1894,33.5769],[-84.1912,33.5905],[-84.2069,33.5948],[-84.2113,33.6055],[-84.2269,33.6093],[-84.2359,33.6205],[-84.2376,33.6307],[-84.2455,33.6307],[-84.2455,33.6462],[-84.2541,33.647],[-84.2532,33.6547],[-84.2464,33.6602],[-84.2309,33.6553],[-84.2242,33.6649],[-84.2368,33.6639],[-84.2439,33.671],[-84.2412,33.6782],[-84.2494,33.6804],[-84.2495,33.6963],[-84.2391,33.7095],[-84.2465,33.7096],[-84.2554,33.6997],[-84.2662,33.6991],[-84.2606,33.6929],[-84.2723,33.6911],[-84.2726,33.6845],[-84.3046,33.6826],[-84.3076,33.6695],[-84.3155,33.6657],[-84.3234,33.6478]]]},"properties":{"geoid":"13116","state":"13","district":"116","name":"State House District 116","chamber":"House"}},{"type":"Feature","geometry":{"type":"Polygon","coordinates":[[[-84.2492,33.3529],[-84.2473,33.3358],[-84.1506,33.3356],[-84.1509,33.313],[-84.145,33.3165],[-84.1343,33.3036],[-84.1185,33.3024],[-84.1133,33.2977],[-84.1088,33.3013],[-84.1026,33.2982],[-84.1024,33.3021],[-84.0886,33.3019],[-84.0861,33.2976],[-84.0814,33.3004],[-84.0872,33.3339],[-84.1083,33.3443],[-84.1188,33.3598],[-84.1282,33.3598],[-84.161,33.4113],[-84.1566,33.4139],[-84.1486,33.4036],[-84.1414,33.4024],[-84.1405,33.406],[-84.1195,33.4029],[-84.098,33.407],[-84.0906,33.4168],[-84.0906,33.4287],[-84.1084,33.4306],[-84.1229,33.4399],[-84.1064,33.442],[-84.1045,33.4494],[-84.0999,33.45],[-84.0994,33.4785],[-84.122,33.4662],[-84.1338,33.4748],[-84.1565,33.4646],[-84.164,33.4731],[-84.168,33.4668],[-84.1734,33.4668],[-84.1737,33.471],[-84.213,33.4698],[-84.2067,33.4559],[-84.1814,33.4275],[-84.1969,33.4137],[-84.2155,33.4059],[-84.2125,33.3931],[-84.2194,33.3776],[-84.2453,33.3725],[-84.2492,33.3529]]]},"properties":{"geoid":"13117","state":"13","district":"117","name":"State House District 117","chamber":"House"}},{"type":"Feature","geometry":{"type":"Polygon","coordinates":[[[-84.1236,33.2146],[-84.1238,33.2028],[-84.0415,33.2026],[-84.0429,33.0287],[-84.0176,33.0323],[-84.0062,33.0422],[-84.013,33.0469],[-83.9996,33.0544],[-83.9878,33.0538],[-83.9766,33.0617],[-83.9652,33.0625],[-83.9513,33.053],[-83.9562,33.0753],[-83.9118,33.0376],[-83.8437,32.9916],[-83.8306,33.0023],[-83.8106,33.0032],[-83.8007,33.011],[-83.7799,33.006],[-83.768,33.0166],[-83.7636,33.011],[-83.7466,33.0142],[-83.7354,33.0012],[-83.7317,33.0043],[-83.7235,32.9972],[-83.7192,33.0001],[-83.7296,33.0136],[-83.7215,33.0243],[-83.7459,33.062],[-83.7745,33.0797],[-83.7835,33.0954],[-83.7947,33.1041],[-83.799,33.1166],[-83.8164,33.1246],[-83.814,33.1483],[-83.8236,33.1594],[-83.8246,33.1762],[-83.8073,33.193],[-83.8166,33.1941],[-83.812,33.1988],[-83.8211,33.2018],[-83.8258,33.2103],[-83.8344,33.2106],[-83.8237,33.2218],[-83.8134,33.2486],[-83.8323,33.2723],[-83.8274,33.2925],[-83.8427,33.3181],[-83.8399,33.3282],[-83.8634,33.3423],[-83.8571,33.3538],[-83.8631,33.3683],[-83.8539,33.3672],[-83.8569,33.3719],[-83.8474,33.3745],[-83.831,33.3935],[-83.8425,33.4026],[-83.8369,33.4079],[-83.845,33.4078],[-83.8452,33.4147],[-83.8282,33.415],[-83.8309,33.4215],[-83.825,33.4372],[-83.8157,33.4373],[-83.7995,33.463],[-83.8046,33.4966],[-83.7877,33.5357],[-83.8006,33.5551],[-83.7976,33.5641],[-83.8027,33.5666],[-83.8081,33.5607],[-83.8222,33.559],[-83.831,33.5491],[-83.8437,33.5605],[-83.8379,33.5687],[-83.8406,33.5743],[-83.8714,33.5647],[-83.8745,33.5742],[-83.8819,33.579],[-83.891,33.5657],[-83.9033,33.5647],[-83.913,33.5474],[-83.9219,33.5565],[-83.9458,33.546],[-83.9592,33.5317],[-83.9801,33.5249],[-83.9767,33.5134],[-83.9843,33.5044],[-83.9573,33.4842],[-83.9489,33.4855],[-83.9478,33.4767],[-83.932,33.4547],[-83.9225,33.4506],[-83.9239,33.4442],[-83.9435,33.4418],[-83.9435,33.4253],[-83.954,33.4252],[-83.954,33.4192],[-83.9631,33.4192],[-83.9631,33.4076],[-83.9731,33.4076],[-83.9732,33.3852],[-83.966,33.3851],[-83.9644,33.3752],[-83.9769,33.3747],[-83.986,33.3675],[-84.0076,33.3683],[-84.021,33.3569],[-84.0327,33.3616],[-84.033,33.3428],[-84.0425,33.3411],[-84.0427,33.3313],[-84.0536,33.3295],[-84.0537,33.3177],[-84.0613,33.3096],[-84.0635,33.3176],[-84.073,33.3176],[-84.0733,33.3018],[-84.0861,33.2976],[-84.0886,33.3019],[-84.1024,33.3021],[-84.089,33.2856],[-84.1226,33.2527],[-84.1181,33.2444],[-84.123,33.2445],[-84.1236,33.2146]]]},"properties":{"geoid":"13118","state":"13","district":"118","name":"State House District 118","chamber":"House"}},{"type":"Feature","geometry":{"type":"Polygon","coordinates":[[[-83.846,34.0592],[-83.8312,34.0531],[-83.8038,34.061],[-83.7867,34.0436],[-83.7962,34.0326],[-83.7868,34.0296],[-83.7915,34.02],[-83.7753,34.0174],[-83.7651,34.0221],[-83.7473,34.0006],[-83.7561,33.9852],[-83.7496,33.981],[-83.7597,33.9674],[-83.7448,33.9599],[-83.7266,33.9656],[-83.7201,33.9587],[-83.7161,33.9422],[-83.7331,33.9388],[-83.7353,33.9332],[-83.7575,33.9437],[-83.7816,33.9159],[-83.7647,33.9073],[-83.7609,33.8946],[-83.7485,33.8969],[-83.7439,33.9058],[-83.7391,33.8996],[-83.7271,33.8982],[-83.6763,33.9176],[-83.647,33.9062],[-83.5667,33.9501],[-83.5981,33.9656],[-83.5886,34.0005],[-83.5929,34.0106],[-83.6141,34.0243],[-83.5891,34.0322],[-83.588,34.0381],[-83.6097,34.0383],[-83.6169,34.0475],[-83.6302,34.0446],[-83.645,34.0509],[-83.6522,34.0465],[-83.6573,34.0534],[-83.6676,34.048],[-83.6759,34.0538],[-83.6851,34.0469],[-83.6855,34.0534],[-83.6921,34.0517],[-83.6946,34.0563],[-83.7094,34.0452],[-83.7144,34.0499],[-83.7131,34.0562],[-83.7188,34.0535],[-83.7231,34.0634],[-83.7323,34.0603],[-83.7336,34.0673],[-83.7675,34.0664],[-83.7699,34.0732],[-83.791,34.0872],[-83.7931,34.101],[-83.7622,34.1174],[-83.7665,34.1311],[-83.7921,34.138],[-83.7969,34.1449],[-83.8177,34.1275],[-83.846,34.0592]]]},"properties":{"geoid":"13119","state":"13","district":"119","name":"State House District 119","chamber":"House"}},{"type":"Feature","geometry":{"type":"Polygon","coordinates":[[[-83.6141,34.0243],[-83.5929,34.0106],[-83.5886,34.0005],[-83.5981,33.9656],[-83.5667,33.9501],[-83.5708,33.9479],[-83.5674,33.9384],[-83.5508,33.9165],[-83.5201,33.9183],[-83.523,33.9025],[-83.5181,33.8983],[-83.4931,33.8918],[-83.4853,33.8976],[-83.4813,33.889],[-83.4642,33.8992],[-83.4645,33.9066],[-83.4449,33.9161],[-83.4401,33.923],[-83.422,33.9271],[-83.3936,33.9038],[-83.394,33.9148],[-83.3876,33.9196],[-83.3929,33.9316],[-83.3803,33.9488],[-83.423,33.947],[-83.4152,33.9618],[-83.4473,33.9701],[-83.4845,33.9928],[-83.384,34.031],[-83.393,34.0337],[-83.3844,34.0385],[-83.3777,34.0334],[-83.3595,34.0403],[-83.3869,34.0502],[-83.3823,34.0669],[-83.3749,34.0713],[-83.3814,34.0785],[-83.3741,34.0824],[-83.3739,34.0905],[-83.3571,34.1162],[-83.3638,34.1641],[-83.3794,34.1713],[-83.3856,34.1822],[-83.419,34.1945],[-83.4454,34.1906],[-83.4624,34.2058],[-83.4888,34.1729],[-83.4969,34.1693],[-83.4931,34.157],[-83.4843,34.1538],[-83.4898,34.1499],[-83.4784,34.1389],[-83.4845,34.1304],[-83.478,34.1236],[-83.4806,34.1187],[-83.4739,34.1171],[-83.475,34.109],[-83.4611,34.0975],[-83.4685,34.0936],[-83.4606,34.0845],[-83.5089,34.0764],[-83.5226,34.0844],[-83.5365,34.0818],[-83.5406,34.0758],[-83.5468,34.0778],[-83.5588,34.068],[-83.5684,34.0698],[-83.5758,34.0621],[-83.5846,34.0633],[-83.5774,34.0396],[-83.5842,34.0411],[-83.5891,34.0322],[-83.6141,34.0243]]]},"properties":{"geoid":"13120","state":"13","district":"120","name":"State House District 120","chamber":"House"}},{"type":"Feature","geometry":{"type":"Polygon","coordinates":[[[-83.647,33.9062],[-83.6389,33.9083],[-83.6264,33.8849],[-83.6089,33.8811],[-83.5838,33.8838],[-83.5906,33.8634],[-83.5828,33.8629],[-83.5733,33.8474],[-83.5434,33.8328],[-83.5314,33.8243],[-83.5333,33.821],[-83.5026,33.8173],[-83.4926,33.8052],[-83.4833,33.8057],[-83.4795,33.8023],[-83.4816,33.7972],[-83.4753,33.7984],[-83.4786,33.7923],[-83.4706,33.7802],[-83.4582,33.7685],[-83.4453,33.7226],[-83.424,33.7154],[-83.418,33.7044],[-83.4062,33.6983],[-83.2914,33.7343],[-83.2974,33.7391],[-83.2803,33.7595],[-83.285,33.7704],[-83.2808,33.7832],[-83.2942,33.7979],[-83.2924,33.8103],[-83.3066,33.8114],[-83.2755,33.8485],[-83.2433,33.9005],[-83.2576,33.9057],[-83.2651,33.8995],[-83.2774,33.8982],[-83.3064,33.9063],[-83.3144,33.9044],[-83.3137,33.9105],[-83.3372,33.9278],[-83.3225,33.9388],[-83.3342,33.9435],[-83.3505,33.9351],[-83.3427,33.9292],[-83.3564,33.9288],[-83.3761,33.9352],[-83.3803,33.9488],[-83.3929,33.9316],[-83.3876,33.9196],[-83.394,33.9148],[-83.3936,33.9038],[-83.4219,33.9271],[-83.4307,33.9261],[-83.4583,33.9112],[-83.4645,33.9066],[-83.464,33.8993],[-83.4813,33.889],[-83.4853,33.8976],[-83.4931,33.8918],[-83.5192,33.8991],[-83.523,33.9025],[-83.5201,33.9183],[-83.5508,33.9165],[-83.5625,33.9287],[-83.5708,33.9479],[-83.647,33.9062]]]},"properties":{"geoid":"13121","state":"13","district":"121","name":"State House District 121","chamber":"House"}},{"type":"Feature","geometry":{"type":"Polygon","coordinates":[[[-83.4845,33.9928],[-83.4473,33.9701],[-83.4152,33.9618],[-83.423,33.947],[-83.3837,33.9501],[-83.3781,33.9475],[-83.3761,33.9352],[-83.3454,33.9283],[-83.3505,33.9351],[-83.3342,33.9435],[-83.3225,33.9388],[-83.3085,33.9431],[-83.3195,33.9546],[-83.341,33.9575],[-83.3194,33.9603],[-83.2888,34.0036],[-83.3202,34.026],[-83.3595,34.0403],[-83.3777,34.0334],[-83.3844,34.0385],[-83.393,34.0337],[-83.384,34.031],[-83.4845,33.9928]]]},"properties":{"geoid":"13122","state":"13","district":"122","name":"State House District 122","chamber":"House"}},{"type":"Feature","geometry":{"type":"Polygon","coordinates":[[[-83.3585,34.0405],[-83.3202,34.026],[-83.2944,34.0081],[-83.2802,34.0036],[-83.2642,34.0066],[-83.2583,33.9989],[-83.237,34.0136],[-83.225,34.0096],[-83.2219,34.0007],[-83.212,34.0028],[-83.193,34.0106],[-83.164,34.0347],[-83.1241,34.0476],[-83.101,34.0248],[-83.091,34.035],[-83.0773,34.025],[-83.0713,34.0271],[-83.0621,34.0192],[-83.0485,34.0157],[-83.0293,34.0309],[-83.0208,34.0289],[-83.0149,34.035],[-83.0018,34.0308],[-82.9901,34.0381],[-82.9845,34.0354],[-82.9853,34.0419],[-82.9769,34.0434],[-82.9615,34.0354],[-82.9538,34.0382],[-82.9431,34.0276],[-82.9341,34.0275],[-82.9438,34.0228],[-82.942,34.0146],[-82.9173,34.0062],[-82.9162,34.0125],[-82.9058,34.0119],[-82.9061,34.0044],[-82.8816,34.0006],[-82.8793,33.9952],[-82.8669,33.9905],[-82.8636,33.983],[-82.843,33.9837],[-82.8372,33.9927],[-82.8258,33.9845],[-82.8189,33.9861],[-82.7795,33.9711],[-82.7837,33.9584],[-82.7938,33.9487],[-82.8057,33.9508],[-82.8087,33.9459],[-82.8254,33.9409],[-82.8467,33.9406],[-82.8555,33.9275],[-82.8745,33.9218],[-82.8875,33.9079],[-82.8901,33.8965],[-82.9126,33.877],[-82.9253,33.8529],[-82.945,33.8462],[-82.9608,33.8117],[-82.9764,33.8022],[-82.9805,33.7894],[-82.9863,33.7856],[-82.9873,33.7807],[-82.9588,33.7501],[-82.8906,33.6329],[-82.8794,33.6204],[-82.8736,33.6226],[-82.8804,33.6265],[-82.8693,33.6424],[-82.8491,33.6398],[-82.8326,33.651],[-82.813,33.6558],[-82.756,33.6163],[-82.7488,33.6183],[-82.7453,33.6113],[-82.7193,33.6152],[-82.7171,33.607],[-82.7084,33.6118],[-82.7076,33.6178],[-82.7023,33.6143],[-82.6923,33.62],[-82.6877,33.6026],[-82.6796,33.5997],[-82.662,33.6041],[-82.6524,33.5961],[-82.6559,33.6067],[-82.652,33.6114],[-82.643,33.607],[-82.6435,33.618],[-82.6332,33.611],[-82.617,33.6122],[-82.6243,33.6203],[-82.6149,33.6275],[-82.6172,33.6327],[-82.6116,33.6336],[-82.6069,33.6257],[-82.6081,33.6339],[-82.5915,33.6363],[-82.5888,33.6421],[-82.5805,33.6329],[-82.5766,33.6376],[-82.5845,33.64],[-82.5822,33.652],[-82.5723,33.6387],[-82.5695,33.6459],[-82.562,33.6445],[-82.5565,33.6339],[-82.5557,33.6427],[-82.5436,33.6386],[-82.5367,33.6494],[-82.5225,33.6449],[-82.5184,33.6532],[-82.5072,33.66],[-82.5053,33.6513],[-82.5002,33.6546],[-82.4898,33.6496],[-82.4851,33.6411],[-82.4807,33.639],[-82.477,33.6443],[-82.4593,33.637],[-82.4507,33.6506],[-82.4339,33.6552],[-82.4253,33.6506],[-82.421,33.6574],[-82.4143,33.654],[-82.4125,33.6664],[-82.4067,33.665],[-82.4028,33.6718],[-82.3942,33.6643],[-82.3941,33.6725],[-82.3733,33.6749],[-82.372,33.6827],[-82.3607,33.6755],[-82.3613,33.6844],[-82.3515,33.6829],[-82.3526,33.6956],[-82.3435,33.6881],[-82.3386,33.693],[-82.3341,33.6853],[-82.3384,33.6859],[-82.3378,33.681],[-82.3441,33.6825],[-82.3422,33.6784],[-82.3448,33.6826],[-82.3505,33.6805],[-82.3497,33.675],[-82.3538,33.6766],[-82.3475,33.6698],[-82.352,33.6662],[-82.3576,33.6719],[-82.3617,33.6681],[-82.3697,33.6722],[-82.3638,33.6675],[-82.3697,33.6676],[-82.3664,33.6619],[-82.3712,33.659],[-82.3605,33.6566],[-82.3678,33.6526],[-82.3628,33.6518],[-82.3658,33.65],[-82.362,33.6377],[-82.3406,33.6379],[-82.3306,33.6139],[-82.3206,33.6109],[-82.3172,33.5851],[-82.2995,33.5791],[-82.2815,33.5885],[-82.2445,33.5957],[-82.2389,33.5827],[-82.2431,33.5759],[-82.2352,33.576],[-82.222,33.5849],[-82.2154,33.5836],[-82.2121,33.5909],[-82.1888,33.5943],[-82.1645,33.6094],[-82.1799,33.6159],[-82.1966,33.6306],[-82.1999,33.6617],[-82.2346,33.7002],[-82.2475,33.7526],[-82.2858,33.7801],[-82.2983,33.7835],[-82.3015,33.8019],[-82.3469,33.8343],[-82.3718,33.8438],[-82.4022,33.8647],[-82.4249,33.8641],[-82.4551,33.8817],[-82.4929,33.9098],[-82.513,33.937],[-82.5245,33.9434],[-82.5431,33.9409],[-82.5568,33.9453],[-82.5676,33.9679],[-82.58,33.9805],[-82.5756,33.9922],[-82.589,34.0005],[-82.5955,34.0159],[-82.5945,34.0293],[-82.6094,34.0399],[-82.6266,34.0633],[-82.6437,34.0721],[-82.6424,34.0933],[-82.6587,34.1038],[-82.677,34.1314],[-82.7175,34.1505],[-82.7419,34.2102],[-82.7468,34.2666],[-82.7734,34.2889],[-82.824,34.2705],[-82.9155,34.2477],[-82.9588,34.2185],[-82.9661,34.2205],[-82.98,34.2101],[-82.9964,34.2191],[-82.9884,34.2244],[-83.0188,34.2341],[-83.078,34.2236],[-83.0955,34.2025],[-83.092,34.1902],[-83.1033,34.1707],[-83.0974,34.1639],[-83.0982,34.1564],[-83.1109,34.1558],[-83.1221,34.164],[-83.1381,34.1657],[-83.154,34.1551],[-83.1587,34.1371],[-83.1797,34.1451],[-83.2021,34.1459],[-83.2011,34.1686],[-83.2184,34.1593],[-83.2327,34.1694],[-83.2348,34.1772],[-83.2572,34.1719],[-83.2568,34.1654],[-83.2787,34.1696],[-83.2746,34.1525],[-83.2867,34.1635],[-83.298,34.1653],[-83.3,34.1517],[-83.2953,34.149],[-83.3039,34.1323],[-83.2956,34.1231],[-83.2785,34.1186],[-83.2899,34.097],[-83.3081,34.095],[-83.3242,34.066],[-83.3585,34.0405]]]},"properties":{"geoid":"13123","state":"13","district":"123","name":"State House District 123","chamber":"House"}},{"type":"Feature","geometry":{"type":"Polygon","coordinates":[[[-83.4062,33.6983],[-83.3949,33.6905],[-83.3951,33.6838],[-83.3802,33.6612],[-83.3693,33.6541],[-83.3595,33.6223],[-83.3497,33.6143],[-83.3489,33.5973],[-83.3378,33.5973],[-83.3362,33.5884],[-83.3263,33.5841],[-83.3123,33.5642],[-83.3032,33.5631],[-83.3036,33.555],[-83.2866,33.5427],[-83.2784,33.5446],[-83.2692,33.5329],[-83.2803,33.5234],[-83.2836,33.5103],[-83.2768,33.4942],[-83.2799,33.4834],[-83.2991,33.48],[-83.3212,33.4632],[-83.3155,33.4609],[-83.3203,33.4567],[-83.3088,33.4426],[-83.3335,33.4385],[-83.3321,33.4281],[-83.3418,33.4188],[-83.3581,33.427],[-83.3701,33.4241],[-83.3691,33.3941],[-83.3796,33.3804],[-83.392,33.3477],[-83.4019,33.3412],[-83.3976,33.336],[-83.4046,33.3312],[-83.3964,33.328],[-83.3909,33.3348],[-83.3857,33.3236],[-83.3968,33.3074],[-83.3846,33.2972],[-83.3907,33.2888],[-83.374,33.2906],[-83.3688,33.2842],[-83.3452,33.2882],[-83.3347,33.2971],[-83.3307,33.2901],[-83.2922,33.2651],[-83.281,33.2458],[-83.2763,33.2495],[-83.2596,33.2427],[-83.2544,33.2435],[-83.252,33.26],[-83.239,33.2626],[-83.2287,33.2568],[-83.2244,33.2668],[-83.2291,33.2769],[-83.2132,33.2821],[-83.204,33.2791],[-83.1995,33.2853],[-83.1784,33.292],[-83.1705,33.3014],[-83.1465,33.3091],[-83.1505,33.3219],[-83.1441,33.3399],[-83.1642,33.355],[-83.0129,33.4692],[-82.9838,33.4476],[-82.9569,33.4529],[-82.9397,33.4427],[-82.906,33.4381],[-82.8929,33.4381],[-82.8817,33.4457],[-82.8533,33.4427],[-82.8666,33.4666],[-82.839,33.4885],[-82.8356,33.4985],[-82.8246,33.5022],[-82.8199,33.5191],[-82.8153,33.5211],[-82.7876,33.5107],[-82.7673,33.5146],[-82.7492,33.5106],[-82.7407,33.5284],[-82.7224,33.5388],[-82.7195,33.5521],[-82.7239,33.5554],[-82.7039,33.5793],[-82.7042,33.5892],[-82.6952,33.5931],[-82.6887,33.5902],[-82.68,33.5998],[-82.6879,33.6027],[-82.6923,33.62],[-82.7023,33.6143],[-82.7076,33.6178],[-82.7084,33.6118],[-82.7171,33.607],[-82.7193,33.6152],[-82.7453,33.6113],[-82.7488,33.6183],[-82.756,33.6163],[-82.813,33.6558],[-82.8326,33.651],[-82.8491,33.6398],[-82.8693,33.6424],[-82.877,33.636],[-82.8745,33.6313],[-82.8804,33.6265],[-82.8736,33.6226],[-82.8777,33.62],[-82.8905,33.6327],[-82.9588,33.7501],[-82.9873,33.7807],[-82.9863,33.7857],[-82.9805,33.7894],[-82.9764,33.8022],[-82.9608,33.8117],[-82.945,33.8462],[-82.9253,33.8529],[-82.9126,33.877],[-82.8901,33.8965],[-82.8875,33.9079],[-82.8745,33.9218],[-82.8555,33.9275],[-82.8467,33.9406],[-82.8254,33.9409],[-82.8087,33.9459],[-82.8057,33.9508],[-82.7938,33.9487],[-82.7837,33.9584],[-82.7795,33.9711],[-82.8189,33.9861],[-82.8258,33.9845],[-82.8372,33.9927],[-82.843,33.9837],[-82.8636,33.983],[-82.8669,33.9905],[-82.8793,33.9952],[-82.8816,34.0006],[-82.9061,34.0044],[-82.9058,34.0119],[-82.9162,34.0125],[-82.9173,34.0062],[-82.942,34.0146],[-82.9438,34.0228],[-82.9341,34.0275],[-82.9431,34.0276],[-82.9538,34.0382],[-82.9615,34.0354],[-82.9769,34.0434],[-82.9853,34.0419],[-82.9845,34.0354],[-82.9901,34.0381],[-83.0018,34.0308],[-83.0149,34.035],[-83.0208,34.0289],[-83.0293,34.0309],[-83.0485,34.0157],[-83.0621,34.0192],[-83.0713,34.0271],[-83.0773,34.025],[-83.091,34.035],[-83.101,34.0248],[-83.1241,34.0476],[-83.164,34.0347],[-83.193,34.0106],[-83.2195,34.0006],[-83.225,34.0096],[-83.237,34.0136],[-83.2583,33.9989],[-83.2642,34.0066],[-83.2802,34.0036],[-83.2942,34.0082],[-83.2889,34.004],[-83.2905,33.9989],[-83.3071,33.9823],[-83.3194,33.9603],[-83.341,33.9575],[-83.3222,33.9555],[-83.311,33.9485],[-83.3085,33.943],[-83.3201,33.941],[-83.3372,33.9278],[-83.3137,33.9105],[-83.3159,33.9052],[-83.2774,33.8982],[-83.2651,33.8995],[-83.2576,33.9057],[-83.2433,33.9005],[-83.2755,33.8485],[-83.3066,33.8114],[-83.2921,33.81],[-83.2942,33.7979],[-83.2808,33.7832],[-83.285,33.7704],[-83.2803,33.7595],[-83.2962,33.7431],[-83.2973,33.7382],[-83.2914,33.7343],[-83.4062,33.6983]]]},"properties":{"geoid":"13124","state":"13","district":"124","name":"State House District 124","chamber":"House"}},{"type":"Feature","geometry":{"type":"Polygon","coordinates":[[[-82.6497,33.6088],[-82.6074,33.5059],[-82.5745,33.5033],[-82.5024,33.5115],[-82.5081,33.5404],[-82.4581,33.5215],[-82.4414,33.5243],[-82.4024,33.5165],[-82.3981,33.4981],[-82.4144,33.487],[-82.4269,33.4454],[-82.4517,33.4237],[-82.4534,33.4154],[-82.4294,33.4196],[-82.4021,33.3806],[-82.3766,33.3781],[-82.365,33.3638],[-82.362,33.3795],[-82.3382,33.3829],[-82.3312,33.3731],[-82.3227,33.3719],[-82.3197,33.3795],[-82.3124,33.375],[-82.3096,33.3656],[-82.2942,33.3546],[-82.1285,33.4741],[-82.1314,33.4826],[-82.1483,33.4823],[-82.1543,33.4971],[-82.1643,33.4986],[-82.1673,33.5045],[-82.2023,33.508],[-82.1992,33.4836],[-82.2755,33.492],[-82.2627,33.4927],[-82.258,33.4989],[-82.2537,33.5233],[-82.2354,33.5177],[-82.2337,33.5226],[-82.2104,33.5315],[-82.1971,33.5426],[-82.1888,33.5423],[-82.1804,33.5528],[-82.1806,33.5623],[-82.2132,33.586],[-82.2221,33.5849],[-82.2298,33.5769],[-82.2431,33.5759],[-82.2389,33.5827],[-82.2445,33.5957],[-82.2815,33.5885],[-82.2995,33.5791],[-82.3172,33.5851],[-82.3206,33.6109],[-82.3306,33.6139],[-82.3406,33.6379],[-82.362,33.6377],[-82.3658,33.65],[-82.3628,33.6518],[-82.3678,33.6526],[-82.3605,33.6566],[-82.3712,33.659],[-82.3664,33.6619],[-82.3697,33.6676],[-82.3638,33.6675],[-82.3697,33.6722],[-82.3617,33.6681],[-82.3576,33.6719],[-82.3521,33.6662],[-82.3475,33.6698],[-82.3538,33.6766],[-82.3497,33.6749],[-82.3505,33.6805],[-82.3449,33.6826],[-82.3422,33.6784],[-82.3415,33.6836],[-82.3378,33.681],[-82.3384,33.6859],[-82.3337,33.6868],[-82.3386,33.693],[-82.3435,33.6881],[-82.3539,33.6951],[-82.3515,33.6829],[-82.3613,33.6844],[-82.3607,33.6755],[-82.372,33.6827],[-82.3733,33.6749],[-82.3941,33.6725],[-82.3942,33.6643],[-82.4039,33.6714],[-82.4067,33.665],[-82.4125,33.6664],[-82.4143,33.654],[-82.421,33.6574],[-82.4253,33.6506],[-82.4339,33.6552],[-82.4507,33.6506],[-82.4593,33.637],[-82.477,33.6443],[-82.4807,33.639],[-82.4851,33.6411],[-82.4898,33.6496],[-82.5002,33.6546],[-82.5053,33.6513],[-82.5072,33.66],[-82.5184,33.6532],[-82.5225,33.6449],[-82.5367,33.6494],[-82.5436,33.6386],[-82.5557,33.6427],[-82.5565,33.6339],[-82.562,33.6445],[-82.5695,33.6459],[-82.5723,33.6387],[-82.5822,33.652],[-82.5845,33.64],[-82.5766,33.6376],[-82.5805,33.6329],[-82.5888,33.6421],[-82.5915,33.6363],[-82.6081,33.6339],[-82.6069,33.6257],[-82.6142,33.634],[-82.6183,33.6313],[-82.6167,33.6248],[-82.6242,33.6207],[-82.6171,33.6121],[-82.6332,33.611],[-82.6434,33.6181],[-82.643,33.607],[-82.6497,33.6088]]]},"properties":{"geoid":"13125","state":"13","district":"125","name":"State House District 125","chamber":"House"}},{"type":"Feature","geometry":{"type":"Polygon","coordinates":[[[-82.3165,32.8359],[-82.3003,32.8259],[-82.2782,32.8257],[-82.271,32.8211],[-82.2659,32.8264],[-82.2561,32.8239],[-82.2532,32.8175],[-82.2229,32.8127],[-82.2142,32.8037],[-82.1958,32.8092],[-82.1877,32.8068],[-82.1749,32.8133],[-82.1465,32.8147],[-82.0829,32.6633],[-82.0012,32.6069],[-81.8463,32.6476],[-81.841,32.6491],[-81.866,32.6629],[-81.8679,32.6811],[-81.7677,32.9093],[-81.5422,33.0474],[-81.5531,33.0432],[-81.5655,33.0479],[-81.5592,33.0518],[-81.5634,33.0602],[-81.567,33.0604],[-81.5628,33.0561],[-81.5663,33.0534],[-81.5729,33.0542],[-81.5718,33.0581],[-81.5781,33.0578],[-81.5749,33.0618],[-81.581,33.0627],[-81.5772,33.0659],[-81.6032,33.0744],[-81.5965,33.0799],[-81.6013,33.087],[-81.6121,33.08],[-81.6083,33.089],[-81.6117,33.0943],[-81.6454,33.0941],[-81.6794,33.1118],[-81.7046,33.1164],[-81.7438,33.1415],[-81.7682,33.1679],[-81.7724,33.1812],[-81.7654,33.1783],[-81.767,33.1865],[-81.7568,33.1979],[-81.7737,33.221],[-81.7807,33.2206],[-81.7772,33.2124],[-81.7827,33.2085],[-81.8052,33.2114],[-81.8104,33.2232],[-81.8279,33.2287],[-81.8519,33.2475],[-81.8634,33.2474],[-81.886,33.2618],[-81.9238,33.2572],[-81.9789,33.2272],[-82.0451,33.2364],[-82.0505,33.2951],[-82.0614,33.3248],[-82.0539,33.3486],[-82.0771,33.3497],[-82.0799,33.3561],[-82.0731,33.3751],[-82.0587,33.3956],[-82.0762,33.4049],[-82.1071,33.4032],[-82.1387,33.3736],[-82.1419,33.3628],[-82.1807,33.3376],[-82.1734,33.3375],[-82.1477,33.295],[-82.1603,33.2889],[-82.1646,33.2959],[-82.1742,33.2968],[-82.2676,33.2674],[-82.255,33.2594],[-82.2408,33.2393],[-82.2411,33.2333],[-82.2328,33.2285],[-82.2668,33.1531],[-82.2912,33.063],[-82.2724,32.9378],[-82.3165,32.8359]]]},"properties":{"geoid":"13126","state":"13","district":"126","name":"State House District 126","chamber":"House"}},{"type":"Feature","geometry":{"type":"Polygon","coordinates":[[[-82.1673,33.5045],[-82.1643,33.4986],[-82.1543,33.4971],[-82.1483,33.4823],[-82.1314,33.4826],[-82.1285,33.4741],[-82.1105,33.4872],[-82.08,33.4947],[-82.0723,33.4865],[-82.0698,33.4736],[-82.0581,33.4836],[-82.0397,33.4808],[-82.0395,33.4867],[-82.0299,33.4851],[-82.0311,33.4807],[-82.0159,33.4789],[-82.0154,33.4825],[-82.0003,33.4847],[-82.0225,33.5085],[-82.0707,33.5161],[-82.0282,33.5449],[-82.0463,33.5638],[-82.0941,33.5827],[-82.1094,33.5966],[-82.1232,33.5928],[-82.1176,33.5858],[-82.1201,33.5754],[-82.1168,33.5695],[-82.0954,33.5686],[-82.1052,33.5627],[-82.0802,33.5386],[-82.0919,33.5346],[-82.0933,33.5248],[-82.1103,33.5266],[-82.119,33.5327],[-82.1165,33.522],[-82.1245,33.5233],[-82.1322,33.5077],[-82.1673,33.5045]]]},"properties":{"geoid":"13127","state":"13","district":"127","name":"State House District 127","chamber":"House"}},{"type":"Feature","geometry":{"type":"Polygon","coordinates":[[[-83.2752,33.1921],[-83.2741,33.1872],[-83.2619,33.189],[-83.2524,33.1838],[-83.2448,33.1711],[-83.2291,33.1644],[-83.2021,33.1405],[-83.1871,33.1379],[-83.187,33.1426],[-83.1864,33.1372],[-83.1992,33.1335],[-83.2022,33.1154],[-83.2134,33.1067],[-83.2171,33.088],[-83.2153,33.0773],[-83.1986,33.0674],[-83.1976,33.0477],[-83.2067,33.0406],[-83.153,32.997],[-83.1474,33.0087],[-83.1323,33.0069],[-83.1299,32.9992],[-83.1228,33.0013],[-83.1234,32.9927],[-83.1285,32.9907],[-83.1209,32.9873],[-83.1251,32.9835],[-83.1168,32.9813],[-83.1152,32.9737],[-83.1084,32.9692],[-83.0944,32.9683],[-83.0959,32.9599],[-83.0878,32.9558],[-83.0879,32.951],[-83.0839,32.9519],[-83.0851,32.956],[-83.0762,32.9508],[-83.0789,32.9468],[-83.0747,32.9476],[-83.0709,32.9393],[-83.0676,32.9419],[-83.0713,32.9331],[-83.0611,32.9346],[-83.0597,32.9306],[-83.064,32.9297],[-83.0569,32.926],[-83.0629,32.9197],[-83.056,32.92],[-83.0524,32.9139],[-83.0551,32.9095],[-83.0483,32.9101],[-83.0464,32.9054],[-83.0516,32.9018],[-83.0486,32.8878],[-83.0439,32.8857],[-83.0489,32.8828],[-83.0378,32.8805],[-83.0367,32.8683],[-83.0302,32.8665],[-83.0276,32.8568],[-82.9896,32.8529],[-82.9905,32.8485],[-82.9736,32.839],[-82.97,32.8342],[-82.9735,32.8305],[-82.9671,32.8278],[-82.9719,32.8231],[-82.9543,32.8016],[-82.9609,32.7732],[-82.9602,32.76],[-82.9554,32.7565],[-82.9487,32.7582],[-82.9503,32.762],[-82.947,32.7594],[-82.8025,32.8098],[-82.7985,32.8029],[-82.775,32.7945],[-82.7686,32.7691],[-82.7114,32.784],[-82.6808,32.7968],[-82.667,32.7829],[-82.6098,32.7978],[-82.5606,32.8201],[-82.5211,32.8224],[-82.526,32.8336],[-82.523,32.8649],[-82.5181,32.868],[-82.5109,32.9178],[-82.5394,32.9478],[-82.5502,33.0194],[-82.5592,33.0142],[-82.5778,33.0244],[-82.5798,33.03],[-82.6003,33.0328],[-82.6043,33.0455],[-82.6183,33.0516],[-82.6129,33.061],[-82.628,33.0643],[-82.627,33.0727],[-82.6416,33.0844],[-82.6381,33.1007],[-82.6475,33.1021],[-82.6619,33.1263],[-82.6419,33.1213],[-82.6402,33.1255],[-82.6011,33.1249],[-82.5788,33.1198],[-82.5798,33.1409],[-82.5739,33.1539],[-82.5833,33.1608],[-82.5849,33.1715],[-82.3838,33.3121],[-82.3535,33.3123],[-82.2942,33.3546],[-82.3096,33.3656],[-82.3124,33.375],[-82.3197,33.3795],[-82.3227,33.3719],[-82.3312,33.3731],[-82.3382,33.3829],[-82.362,33.3795],[-82.365,33.3638],[-82.3766,33.3781],[-82.4021,33.3806],[-82.4294,33.4196],[-82.4531,33.4149],[-82.4517,33.4237],[-82.4269,33.4454],[-82.4144,33.487],[-82.3981,33.4981],[-82.4024,33.5165],[-82.4414,33.5243],[-82.4581,33.5215],[-82.5081,33.5404],[-82.5024,33.5115],[-82.5745,33.5033],[-82.6074,33.5059],[-82.6521,33.6114],[-82.6559,33.6066],[-82.6524,33.5961],[-82.6587,33.6029],[-82.6703,33.6041],[-82.6887,33.5902],[-82.6952,33.5931],[-82.7042,33.5892],[-82.7039,33.5793],[-82.7239,33.5554],[-82.7195,33.5521],[-82.7224,33.5388],[-82.7407,33.5284],[-82.7492,33.5106],[-82.7673,33.5146],[-82.7876,33.5107],[-82.8153,33.5211],[-82.8199,33.5191],[-82.8246,33.5022],[-82.8356,33.4985],[-82.839,33.4885],[-82.8666,33.4666],[-82.8533,33.4427],[-82.8817,33.4457],[-82.8929,33.4381],[-82.906,33.4381],[-82.9397,33.4427],[-82.9569,33.4529],[-82.9838,33.4476],[-83.0129,33.4692],[-83.1642,33.355],[-83.1441,33.3399],[-83.1505,33.3219],[-83.1465,33.3091],[-83.1705,33.3014],[-83.1784,33.292],[-83.1995,33.2853],[-83.204,33.2791],[-83.2132,33.2821],[-83.2291,33.2769],[-83.2244,33.2668],[-83.2295,33.2563],[-83.239,33.2626],[-83.2535,33.2593],[-83.2529,33.2334],[-83.2621,33.2091],[-83.2738,33.2013],[-83.2752,33.1921]]]},"properties":{"geoid":"13128","state":"13","district":"128","name":"State House District 128","chamber":"House"}},{"type":"Feature","geometry":{"type":"Polygon","coordinates":[[[-82.0833,33.4667],[-82.0729,33.4453],[-82.0565,33.4479],[-82.0611,33.4401],[-82.048,33.4281],[-82.0225,33.438],[-82.0096,33.4313],[-82.0051,33.4223],[-82.0021,33.4285],[-81.9945,33.4245],[-81.9855,33.4413],[-81.9783,33.4441],[-81.9578,33.4689],[-81.9495,33.466],[-81.9464,33.4717],[-81.9859,33.4865],[-82.0013,33.5201],[-82.0282,33.5449],[-82.0707,33.5161],[-82.0222,33.5083],[-82.0009,33.4835],[-82.0154,33.4825],[-82.0159,33.4789],[-82.0311,33.4807],[-82.0299,33.4851],[-82.0395,33.4867],[-82.0397,33.4808],[-82.0581,33.4836],[-82.0698,33.4736],[-82.0668,33.4694],[-82.0833,33.4667]]]},"properties":{"geoid":"13129","state":"13","district":"129","name":"State House District 129","chamber":"House"}},{"type":"Feature","geometry":{"type":"Polygon","coordinates":[[[-82.0799,33.3563],[-82.0771,33.3497],[-82.0539,33.3486],[-82.0614,33.3248],[-82.0505,33.2951],[-82.0451,33.2364],[-81.9789,33.2272],[-81.9227,33.2574],[-81.886,33.2618],[-81.8561,33.2458],[-81.8511,33.2525],[-81.8396,33.2552],[-81.8461,33.2581],[-81.8473,33.2664],[-81.8345,33.2583],[-81.8284,33.2624],[-81.8359,33.2632],[-81.8326,33.2758],[-81.8388,33.2737],[-81.8456,33.2842],[-81.8632,33.2888],[-81.86,33.2991],[-81.8487,33.2967],[-81.8477,33.3072],[-81.8557,33.3102],[-81.8639,33.302],[-81.8686,33.3139],[-81.8807,33.3022],[-81.8846,33.3089],[-81.8816,33.3158],[-81.8925,33.3153],[-81.8891,33.321],[-81.899,33.3233],[-81.8965,33.3295],[-81.9014,33.3358],[-81.9061,33.3216],[-81.9137,33.32],[-81.9081,33.3271],[-81.9191,33.3344],[-81.9091,33.3466],[-81.9188,33.3402],[-81.9247,33.3453],[-81.9397,33.3449],[-81.9348,33.356],[-81.9463,33.3706],[-81.9306,33.3682],[-81.9248,33.3741],[-81.9309,33.3801],[-81.9355,33.3979],[-81.9452,33.4075],[-81.9314,33.407],[-81.9245,33.4125],[-81.9164,33.4073],[-81.9096,33.4126],[-81.9324,33.4257],[-81.9131,33.4383],[-81.9263,33.4629],[-81.9341,33.4683],[-81.9464,33.4717],[-81.9495,33.466],[-81.9578,33.4689],[-81.9783,33.4441],[-81.9855,33.4413],[-81.9945,33.4245],[-82.0021,33.4285],[-82.0079,33.4233],[-82.0096,33.4313],[-82.0255,33.4382],[-82.079,33.4188],[-82.0699,33.4078],[-82.0748,33.403],[-82.0587,33.3956],[-82.0799,33.3563]]]},"properties":{"geoid":"13130","state":"13","district":"130","name":"State House District 130","chamber":"House"}},{"type":"Feature","geometry":{"type":"Polygon","coordinates":[[[-82.2757,33.4922],[-82.1992,33.4836],[-82.2023,33.508],[-82.1631,33.5041],[-82.1322,33.5077],[-82.1245,33.5233],[-82.1165,33.522],[-82.119,33.5327],[-82.1103,33.5266],[-82.0933,33.5248],[-82.0919,33.5346],[-82.0802,33.5386],[-82.1052,33.5627],[-82.0954,33.5686],[-82.1168,33.5695],[-82.1203,33.5763],[-82.1177,33.5861],[-82.1232,33.5928],[-82.1306,33.59],[-82.1429,33.5943],[-82.1641,33.6111],[-82.1888,33.5943],[-82.2125,33.5905],[-82.2052,33.5775],[-82.1835,33.5675],[-82.1797,33.556],[-82.1834,33.5472],[-82.2272,33.5264],[-82.2354,33.5177],[-82.2537,33.5233],[-82.258,33.4989],[-82.2627,33.4927],[-82.2757,33.4922]]]},"properties":{"geoid":"13131","state":"13","district":"131","name":"State House District 131","chamber":"House"}},{"type":"Feature","geometry":{"type":"Polygon","coordinates":[[[-82.6621,33.1258],[-82.652,33.1154],[-82.6475,33.1021],[-82.6381,33.1007],[-82.6416,33.0844],[-82.627,33.0727],[-82.628,33.0643],[-82.6129,33.061],[-82.6183,33.0516],[-82.6043,33.0455],[-82.6003,33.0328],[-82.5798,33.03],[-82.5778,33.0244],[-82.5592,33.0142],[-82.5502,33.0194],[-82.5394,32.9478],[-82.5109,32.9178],[-82.5181,32.868],[-82.523,32.8649],[-82.526,32.8336],[-82.5211,32.8224],[-82.5022,32.8009],[-82.4582,32.7682],[-82.4301,32.7615],[-82.4181,32.7701],[-82.4098,32.7689],[-82.3984,32.7771],[-82.3984,32.7826],[-82.4091,32.7842],[-82.409,32.7916],[-82.419,32.801],[-82.419,32.8112],[-82.3919,32.8176],[-82.3628,32.8159],[-82.3548,32.8273],[-82.3469,32.827],[-82.3266,32.8412],[-82.3165,32.8358],[-82.2724,32.9378],[-82.2912,33.063],[-82.2668,33.1531],[-82.2326,33.2312],[-82.2411,33.2333],[-82.2492,33.2529],[-82.2676,33.2674],[-82.1742,33.2968],[-82.1646,33.2959],[-82.1603,33.2889],[-82.1477,33.295],[-82.1734,33.3375],[-82.1807,33.3376],[-82.1419,33.3628],[-82.1387,33.3736],[-82.1071,33.4032],[-82.0748,33.403],[-82.0699,33.4078],[-82.079,33.4188],[-82.048,33.4281],[-82.0611,33.4401],[-82.0565,33.4479],[-82.0729,33.4453],[-82.0835,33.4667],[-82.0668,33.4694],[-82.0725,33.4868],[-82.08,33.4947],[-82.1105,33.4872],[-82.3535,33.3123],[-82.3838,33.3121],[-82.5849,33.1715],[-82.5833,33.1608],[-82.5739,33.1539],[-82.5798,33.1409],[-82.5788,33.1198],[-82.6011,33.1249],[-82.6402,33.1255],[-82.6419,33.1213],[-82.6621,33.1258]]]},"properties":{"geoid":"13132","state":"13","district":"132","name":"State House District 132","chamber":"House"}},{"type":"Feature","geometry":{"type":"Polygon","coordinates":[[[-83.6116,32.6949],[-83.6064,32.691],[-83.6111,32.6885],[-83.6058,32.6824],[-83.6068,32.6737],[-83.5998,32.6718],[-83.5977,32.6643],[-83.5858,32.6627],[-83.5814,32.655],[-83.5628,32.6597],[-83.5616,32.6538],[-83.5558,32.6525],[-83.5575,32.6448],[-83.5493,32.6421],[-83.551,32.6348],[-83.5451,32.6322],[-83.5415,32.6203],[-83.549,32.6164],[-83.538,32.6029],[-83.5417,32.5993],[-83.5372,32.5884],[-83.54,32.5848],[-83.5341,32.5857],[-83.5367,32.5746],[-83.5413,32.5774],[-83.5482,32.5718],[-83.5478,32.5594],[-83.5389,32.5557],[-83.5418,32.5502],[-83.5361,32.544],[-83.5399,32.5409],[-83.5354,32.53],[-83.5398,32.5243],[-83.533,32.5235],[-83.534,32.5166],[-83.5206,32.5107],[-83.5244,32.5057],[-83.5181,32.5041],[-83.5182,32.499],[-83.4884,32.4851],[-83.4987,32.4816],[-83.4892,32.4764],[-83.4975,32.4722],[-83.4937,32.4719],[-83.4948,32.4626],[-83.4897,32.458],[-83.4979,32.4539],[-83.4981,32.4483],[-83.4878,32.4406],[-83.4914,32.4326],[-83.4825,32.4251],[-83.4855,32.4219],[-83.4827,32.4092],[-83.4856,32.4042],[-83.498,32.4017],[-83.3465,32.2725],[-83.3739,32.2497],[-83.2911,32.1788],[-83.3248,32.1504],[-83.3047,32.1332],[-83.3089,32.1257],[-83.3373,32.1059],[-83.3311,32.1001],[-83.3239,32.1039],[-83.3252,32.0972],[-83.3175,32.0855],[-83.3103,32.0924],[-83.301,32.0836],[-83.3031,32.0774],[-83.2949,32.0788],[-83.2977,32.0738],[-83.3052,32.0733],[-83.2999,32.0703],[-83.3005,32.0557],[-83.3086,32.0498],[-83.2945,32.0387],[-83.2998,32.0326],[-83.2972,32.0273],[-83.2896,32.0264],[-83.2896,32.0184],[-83.2939,32.0208],[-83.2969,32.0112],[-83.2898,32.0058],[-83.2959,32.0017],[-83.2837,32.0029],[-83.2859,31.9982],[-83.2783,31.995],[-83.281,31.9893],[-83.289,31.9918],[-83.2921,31.9836],[-83.2846,31.9842],[-83.2849,31.9759],[-83.2615,31.9521],[-83.2444,31.945],[-83.2417,31.9525],[-83.2355,31.9507],[-83.2406,31.9416],[-83.2267,31.9383],[-83.2325,31.9308],[-83.2141,31.9218],[-83.2184,31.9157],[-83.2103,31.9045],[-83.2052,31.9058],[-83.2076,31.8959],[-83.1999,31.8925],[-83.2042,31.8847],[-83.198,31.8842],[-83.1994,31.8798],[-83.1925,31.8797],[-83.191,31.8746],[-83.1812,31.8792],[-83.1768,31.8684],[-83.1833,31.8588],[-83.1728,31.843],[-83.1523,31.8317],[-83.152,31.8249],[-83.1346,31.8241],[-83.1323,31.8156],[-83.1405,31.8183],[-83.1387,31.8144],[-83.1106,31.8095],[-83.1077,31.8123],[-83.1125,31.8129],[-83.1141,31.8269],[-83.101,31.826],[-83.0948,31.844],[-83.0834,31.8454],[-83.0816,31.8654],[-83.0377,31.9025],[-83.0189,31.89],[-82.9655,31.9289],[-82.954,31.9479],[-82.9267,31.9256],[-82.905,31.9333],[-82.8809,31.9321],[-82.8643,31.9435],[-82.8376,31.9755],[-82.8692,32.0035],[-82.8604,32.0057],[-82.8544,32.0252],[-82.8378,32.0358],[-82.855,32.0438],[-82.8677,32.0575],[-82.8587,32.0666],[-82.8957,32.0864],[-82.902,32.1103],[-82.9147,32.1232],[-82.9402,32.1249],[-82.8718,32.1827],[-82.887,32.198],[-82.991,32.1473],[-83.2265,32.5842],[-83.0408,32.6733],[-82.9571,32.7083],[-82.9491,32.7288],[-82.947,32.7595],[-82.9503,32.762],[-82.9487,32.7582],[-82.9539,32.7563],[-82.9602,32.76],[-82.9583,32.7968],[-82.9543,32.8016],[-82.9719,32.8231],[-82.9671,32.8276],[-82.9735,32.8305],[-82.9706,32.8352],[-82.9794,32.8396],[-82.9787,32.8443],[-82.9905,32.8485],[-82.989,32.8527],[-83.0276,32.8568],[-83.0302,32.8665],[-83.0367,32.8683],[-83.0378,32.8805],[-83.0489,32.8828],[-83.0439,32.8857],[-83.0486,32.8878],[-83.0516,32.9018],[-83.0464,32.9054],[-83.0483,32.9101],[-83.0551,32.9095],[-83.0524,32.9139],[-83.056,32.92],[-83.0629,32.9197],[-83.0569,32.926],[-83.064,32.9297],[-83.0597,32.9306],[-83.0611,32.9346],[-83.0713,32.9331],[-83.0676,32.9419],[-83.0709,32.9393],[-83.0747,32.9476],[-83.0789,32.9468],[-83.0762,32.9508],[-83.0851,32.956],[-83.0839,32.9519],[-83.0879,32.951],[-83.0878,32.9558],[-83.0959,32.9599],[-83.0944,32.9683],[-83.1084,32.9692],[-83.1152,32.9737],[-83.1168,32.9813],[-83.1251,32.9835],[-83.1209,32.9873],[-83.1285,32.9907],[-83.1234,32.9927],[-83.1228,33.0013],[-83.1299,32.9992],[-83.1323,33.0069],[-83.1467,33.0088],[-83.1511,32.9966],[-83.1596,33.0028],[-83.1664,32.9979],[-83.1795,32.9874],[-83.1639,32.9691],[-83.2062,32.9836],[-83.2687,32.9587],[-83.2632,32.9541],[-83.2761,32.9421],[-83.2877,32.9519],[-83.3577,32.9261],[-83.5135,32.8449],[-83.4894,32.8241],[-83.4985,32.8151],[-83.4929,32.8051],[-83.5787,32.7381],[-83.5856,32.7448],[-83.593,32.7389],[-83.6022,32.7414],[-83.5951,32.7318],[-83.6001,32.7298],[-83.5965,32.7285],[-83.6008,32.7251],[-83.5989,32.7184],[-83.6042,32.7173],[-83.5968,32.7129],[-83.605,32.7017],[-83.6024,32.6996],[-83.6069,32.7015],[-83.6116,32.6949]]]},"properties":{"geoid":"13133","state":"13","district":"133","name":"State House District 133","chamber":"House"}},{"type":"Feature","geometry":{"type":"MultiPolygon","coordinates":[[[[-84.5342,32.9647],[-84.5238,32.96],[-84.519,32.9508],[-84.5224,32.9331],[-84.528,32.9279],[-84.5266,32.9135],[-84.512,32.913],[-84.5084,32.8826],[-84.4759,32.8769],[-84.4753,32.8725],[-84.4892,32.8623],[-84.4901,32.8569],[-84.4831,32.8523],[-84.4765,32.8561],[-84.4673,32.853],[-84.4588,32.8412],[-84.4566,32.8287],[-84.4427,32.8252],[-84.4342,32.8381],[-84.4212,32.8388],[-84.4084,32.8264],[-84.391,32.787],[-84.3825,32.7803],[-84.3556,32.7736],[-84.3574,32.7821],[-84.3536,32.7836],[-84.3361,32.7597],[-84.3251,32.7624],[-84.3161,32.7555],[-84.3014,32.7613],[-84.2843,32.7445],[-84.2627,32.7393],[-84.2564,32.7227],[-84.2358,32.7383],[-84.2292,32.7323],[-84.2363,32.721],[-84.2194,32.7203],[-84.2114,32.7013],[-84.2034,32.6978],[-84.2026,32.69],[-84.1955,32.6833],[-84.1643,32.6777],[-84.1435,32.6854],[-84.1399,32.6791],[-84.1282,32.6744],[-84.1055,32.6849],[-84.105,32.6734],[-84.0782,32.6472],[-84.0743,32.6359],[-84.0657,32.64],[-84.0608,32.6346],[-84.0565,32.6363],[-84.0628,32.6265],[-84.0741,32.6243],[-84.0698,32.6236],[-84.072,32.6174],[-84.066,32.6102],[-84.0713,32.5983],[-84.0676,32.5903],[-84.0627,32.5907],[-84.0651,32.5813],[-84.0532,32.5769],[-84.0541,32.5732],[-84.0488,32.5746],[-84.0527,32.5671],[-84.0463,32.5675],[-84.0444,32.5554],[-84.0354,32.5585],[-84.0219,32.545],[-84.0205,32.5516],[-84.0152,32.5497],[-84.0134,32.5383],[-84.0079,32.5365],[-84.0067,32.5398],[-84.0034,32.5299],[-83.9547,32.563],[-83.955,32.5527],[-83.9452,32.5527],[-83.9454,32.5696],[-83.9305,32.58],[-83.9297,32.5873],[-83.9201,32.587],[-83.8615,32.6272],[-83.7842,32.6269],[-83.7933,32.6075],[-83.7901,32.6068],[-83.7523,32.6065],[-83.7377,32.6152],[-83.7187,32.6146],[-83.7186,32.6349],[-83.7282,32.6351],[-83.7281,32.6508],[-83.7092,32.6513],[-83.7089,32.675],[-83.702,32.6822],[-83.7012,32.6922],[-83.7204,32.6925],[-83.7296,32.6972],[-83.7394,32.6946],[-83.7606,32.7138],[-83.8102,32.7296],[-83.8276,32.7453],[-83.8412,32.768],[-83.8506,32.7701],[-83.8477,32.7753],[-83.8571,32.794],[-83.8769,32.8069],[-83.8785,32.8164],[-83.8917,32.8189],[-83.8919,32.8484],[-83.9684,32.8489],[-83.9683,32.8571],[-83.9781,32.8571],[-83.9784,32.8489],[-84.1243,32.8496],[-84.1233,32.9322],[-84.0542,32.9315],[-84.0536,32.948],[-84.0441,32.9479],[-84.0429,33.0287],[-84.0772,33.0463],[-84.1198,33.0461],[-84.1286,33.0414],[-84.1294,33.0351],[-84.1365,33.035],[-84.1456,33.0437],[-84.142,33.044],[-84.1414,33.0542],[-84.1097,33.0525],[-84.1065,33.0722],[-84.1419,33.0627],[-84.1539,33.068],[-84.1436,33.07],[-84.1564,33.0716],[-84.1545,33.0859],[-84.1718,33.0833],[-84.1689,33.0639],[-84.1743,33.0646],[-84.1772,33.0541],[-84.2481,33.0755],[-84.2487,33.0393],[-84.2589,33.0397],[-84.2591,33.0315],[-84.2692,33.0314],[-84.2701,32.991],[-84.2898,32.9916],[-84.293,32.9997],[-84.2987,32.9997],[-84.2987,32.9915],[-84.4897,32.9937],[-84.4956,32.9845],[-84.5019,32.9832],[-84.4992,32.9797],[-84.5057,32.9726],[-84.5303,32.9706],[-84.5342,32.9647]]],[[[-84.3027,33.0041],[-84.2987,32.9997],[-84.2987,33.0041],[-84.3027,33.0041]]]]},"properties":{"geoid":"13134","state":"13","district":"134","name":"State House District 134","chamber":"House"}},{"type":"Feature","geometry":{"type":"Polygon","coordinates":[[[-84.538,33.0119],[-84.527,33.0003],[-84.5313,32.994],[-84.5299,32.9841],[-84.5216,32.9761],[-84.527,32.9705],[-84.5243,32.9687],[-84.5057,32.9726],[-84.4992,32.9797],[-84.5019,32.9832],[-84.4956,32.9845],[-84.4897,32.9937],[-84.2987,32.9915],[-84.3027,33.0041],[-84.2987,33.0041],[-84.2898,32.9916],[-84.2701,32.991],[-84.2692,33.0314],[-84.2591,33.0315],[-84.2589,33.0397],[-84.2487,33.0393],[-84.2481,33.0755],[-84.2252,33.0656],[-84.1747,33.0541],[-84.1743,33.0646],[-84.1689,33.0639],[-84.172,33.0833],[-84.1545,33.0859],[-84.1564,33.0716],[-84.1436,33.07],[-84.1539,33.068],[-84.1419,33.0627],[-84.1062,33.072],[-84.1097,33.0525],[-84.1414,33.0542],[-84.142,33.044],[-84.1457,33.0441],[-84.1365,33.035],[-84.1294,33.0351],[-84.1286,33.0414],[-84.1195,33.0461],[-84.0772,33.0463],[-84.0429,33.0287],[-84.0415,33.2026],[-84.1238,33.2028],[-84.123,33.2445],[-84.1181,33.2444],[-84.1226,33.2527],[-84.089,33.2856],[-84.1031,33.299],[-84.1242,33.3001],[-84.1347,33.3076],[-84.1487,33.304],[-84.1649,33.2881],[-84.1898,33.2927],[-84.1905,33.2452],[-84.2187,33.2411],[-84.2186,33.235],[-84.2325,33.2339],[-84.2337,33.2389],[-84.2459,33.2406],[-84.2419,33.2408],[-84.2433,33.2466],[-84.2637,33.2487],[-84.261,33.2639],[-84.2739,33.2664],[-84.2713,33.2612],[-84.2796,33.2542],[-84.2963,33.2586],[-84.2974,33.2426],[-84.3088,33.2389],[-84.3452,33.2411],[-84.335,33.2066],[-84.3523,33.1895],[-84.3737,33.1896],[-84.3731,33.2004],[-84.3936,33.2003],[-84.3935,33.2083],[-84.4513,33.2089],[-84.4585,33.201],[-84.4735,33.2019],[-84.4809,33.1887],[-84.4931,33.1863],[-84.5076,33.1748],[-84.5072,33.1547],[-84.5178,33.1418],[-84.5109,33.1263],[-84.5181,33.1225],[-84.5183,33.1018],[-84.5287,33.0981],[-84.5278,33.0919],[-84.522,33.0946],[-84.5107,33.0843],[-84.5134,33.0781],[-84.5181,33.0818],[-84.5251,33.0785],[-84.5233,33.0545],[-84.5281,33.0433],[-84.5357,33.0415],[-84.5331,33.0277],[-84.538,33.0119]]]},"properties":{"geoid":"13135","state":"13","district":"135","name":"State House District 135","chamber":"House"}},{"type":"Feature","geometry":{"type":"Polygon","coordinates":[[[-85.032,33.0374],[-85.0293,33.0068],[-85.0175,33.0102],[-85.0138,33.019],[-85.005,33.0196],[-85.0072,33.0436],[-84.9975,33.0423],[-84.9848,33.0485],[-84.9902,33.041],[-84.9764,33.0333],[-84.986,33.0205],[-84.9717,33.0207],[-84.9641,33.0141],[-84.947,33.0113],[-84.9129,33.0107],[-84.9125,33.0398],[-84.8634,33.0377],[-84.8645,32.9701],[-84.8454,32.9611],[-84.8164,32.966],[-84.8025,32.9489],[-84.7923,32.9487],[-84.7751,32.9603],[-84.7217,32.9595],[-84.7113,32.9691],[-84.6941,32.9222],[-84.685,32.9183],[-84.669,32.921],[-84.6651,32.9338],[-84.6575,32.9365],[-84.6571,32.9221],[-84.6626,32.9169],[-84.6534,32.8936],[-84.6325,32.8935],[-84.6321,32.9038],[-84.619,32.9021],[-84.6142,32.9064],[-84.5807,32.8993],[-84.508,32.8988],[-84.512,32.913],[-84.5269,32.9141],[-84.5242,32.9194],[-84.528,32.9279],[-84.5224,32.9331],[-84.519,32.9508],[-84.524,32.9602],[-84.5344,32.9642],[-84.5215,32.9757],[-84.5303,32.985],[-84.527,33.0003],[-84.538,33.0117],[-84.5331,33.0277],[-84.5357,33.0415],[-84.5281,33.0433],[-84.5233,33.0545],[-84.5251,33.0785],[-84.5181,33.0818],[-84.5134,33.0781],[-84.5107,33.0843],[-84.522,33.0946],[-84.5284,33.0931],[-84.5286,33.0983],[-84.5183,33.1018],[-84.5181,33.1225],[-84.5109,33.1263],[-84.5178,33.1418],[-84.5072,33.1547],[-84.5074,33.1752],[-84.4967,33.1833],[-84.4967,33.1923],[-84.4905,33.1976],[-84.4984,33.2015],[-84.4968,33.2098],[-84.5066,33.2266],[-84.5003,33.2333],[-84.5085,33.2398],[-84.508,33.2486],[-84.4982,33.25],[-84.4971,33.2564],[-84.5067,33.2752],[-84.5044,33.281],[-84.5126,33.2809],[-84.5175,33.2932],[-84.5147,33.3037],[-84.5219,33.3133],[-84.5181,33.3182],[-84.5265,33.3216],[-84.5347,33.3358],[-84.5407,33.3333],[-84.5518,33.3422],[-84.5602,33.3406],[-84.5648,33.3446],[-84.5776,33.3331],[-84.5974,33.3423],[-84.612,33.3378],[-84.6231,33.3398],[-84.6252,33.3458],[-84.648,33.3351],[-84.6717,33.3414],[-84.676,33.3136],[-84.7,33.282],[-84.762,33.3206],[-84.7698,33.3311],[-84.7808,33.3298],[-84.7969,33.3399],[-84.7999,33.3364],[-84.826,33.3392],[-84.8442,33.3336],[-84.8421,33.343],[-84.866,33.323],[-84.8661,33.3183],[-84.9087,33.3491],[-84.9087,33.3199],[-84.9215,33.3187],[-84.9275,33.3228],[-84.93,33.3141],[-84.942,33.3202],[-84.9494,33.3165],[-84.9578,33.291],[-84.9569,33.2824],[-84.9488,33.2823],[-84.9488,33.2657],[-84.9546,33.2656],[-84.939,33.2247],[-84.8621,33.2239],[-84.8622,33.2075],[-84.872,33.2074],[-84.8699,33.1957],[-84.8623,33.1987],[-84.8633,33.0971],[-84.8921,33.1017],[-84.903,33.0942],[-84.9331,33.1004],[-84.9801,33.0924],[-85.0054,33.1015],[-85.01,33.0978],[-85.0124,33.1024],[-85.0304,33.0969],[-85.0278,33.0754],[-85.032,33.0374]]]},"properties":{"geoid":"13136","state":"13","district":"136","name":"State House District 136","chamber":"House"}},{"type":"Feature","geometry":{"type":"Polygon","coordinates":[[[-85.0913,32.9997],[-85.0836,32.9937],[-85.0776,32.9959],[-85.0782,33.0034],[-85.058,32.9998],[-85.0667,32.9786],[-85.0813,32.9689],[-85.0762,32.9668],[-85.0296,32.9888],[-85.018,32.9417],[-85.02,32.9166],[-85.0329,32.8934],[-85.0351,32.8696],[-84.8619,32.8686],[-84.8618,32.8725],[-84.8411,32.8681],[-84.7513,32.8692],[-84.7515,32.8627],[-84.7005,32.8446],[-84.6924,32.8294],[-84.6931,32.7388],[-84.6879,32.7388],[-84.6829,32.7228],[-84.6932,32.7226],[-84.6934,32.7081],[-84.6997,32.7082],[-84.6996,32.7009],[-84.7032,32.7007],[-84.7032,32.6862],[-84.6938,32.6857],[-84.6946,32.5839],[-84.868,32.5833],[-84.8621,32.5603],[-84.8654,32.5577],[-84.8585,32.5522],[-84.8715,32.5404],[-84.8693,32.5152],[-84.9046,32.4923],[-84.9107,32.4805],[-84.9063,32.4735],[-84.9113,32.4676],[-84.8939,32.4631],[-84.8979,32.4632],[-84.8989,32.4553],[-84.8946,32.4465],[-84.8846,32.4399],[-84.8568,32.4345],[-84.8524,32.4268],[-84.8376,32.4187],[-84.8426,32.4133],[-84.8185,32.4129],[-84.8076,32.4226],[-84.793,32.4138],[-84.7823,32.4248],[-84.768,32.4205],[-84.7667,32.4349],[-84.7607,32.4367],[-84.7517,32.4576],[-84.7447,32.4592],[-84.7433,32.4718],[-84.7292,32.4937],[-84.7308,32.4984],[-84.7243,32.5024],[-84.7243,32.5078],[-84.7018,32.5188],[-84.6782,32.5189],[-84.649,32.535],[-84.6205,32.5296],[-84.6051,32.5351],[-84.5976,32.5246],[-84.5861,32.5226],[-84.5614,32.5281],[-84.566,32.5401],[-84.5538,32.5487],[-84.551,32.5427],[-84.5422,32.5426],[-84.5421,32.5499],[-84.5367,32.55],[-84.5325,32.5498],[-84.5326,32.5427],[-84.5048,32.5418],[-84.5047,32.5482],[-84.4918,32.5483],[-84.4921,32.562],[-84.4089,32.5619],[-84.4084,32.6105],[-84.3912,32.6193],[-84.3746,32.6374],[-84.3642,32.6794],[-84.3389,32.679],[-84.3379,32.7206],[-84.3223,32.7212],[-84.3041,32.7337],[-84.2887,32.7362],[-84.2862,32.7476],[-84.3014,32.7613],[-84.3161,32.7555],[-84.3251,32.7624],[-84.3361,32.7597],[-84.3536,32.7836],[-84.3574,32.7821],[-84.3556,32.7736],[-84.3825,32.7803],[-84.391,32.787],[-84.4084,32.8264],[-84.4212,32.8388],[-84.4342,32.8381],[-84.4427,32.8252],[-84.4566,32.8287],[-84.4588,32.8412],[-84.4673,32.853],[-84.4765,32.8561],[-84.4831,32.8523],[-84.4901,32.8569],[-84.4755,32.8763],[-84.5084,32.8826],[-84.508,32.8988],[-84.5807,32.8993],[-84.6142,32.9064],[-84.619,32.9021],[-84.6321,32.9038],[-84.6325,32.8935],[-84.6534,32.8936],[-84.6626,32.9169],[-84.6571,32.9221],[-84.6575,32.9365],[-84.6651,32.9338],[-84.669,32.921],[-84.685,32.9183],[-84.6941,32.9222],[-84.7113,32.9691],[-84.7217,32.9595],[-84.7751,32.9603],[-84.7923,32.9487],[-84.8025,32.9489],[-84.8164,32.966],[-84.8427,32.9609],[-84.8645,32.9701],[-84.8634,33.0377],[-84.9125,33.0398],[-84.9129,33.0107],[-84.947,33.0113],[-84.9641,33.0141],[-84.9717,33.0207],[-84.986,33.0205],[-84.9764,33.0333],[-84.9902,33.041],[-84.9848,33.0485],[-84.9975,33.0423],[-85.0072,33.0436],[-85.005,33.0196],[-85.0138,33.019],[-85.0175,33.0102],[-85.0293,33.0068],[-85.0296,33.0395],[-85.0529,33.0356],[-85.0593,33.0299],[-85.0826,33.0342],[-85.089,33.0034],[-85.0846,32.9995],[-85.0913,32.9997]]]},"properties":{"geoid":"13137","state":"13","district":"137","name":"State House District 137","chamber":"House"}},{"type":"Feature","geometry":{"type":"Polygon","coordinates":[[[-85.2365,33.1296],[-85.1844,32.8613],[-85.1756,32.8535],[-85.1611,32.856],[-85.1543,32.8475],[-85.1546,32.8398],[-85.1683,32.8285],[-85.1648,32.8198],[-85.1684,32.8128],[-85.153,32.795],[-85.1422,32.7921],[-85.1397,32.7852],[-85.1223,32.7744],[-85.137,32.7709],[-85.1429,32.7595],[-85.1331,32.7446],[-85.1133,32.7358],[-85.1227,32.716],[-85.117,32.692],[-85.1126,32.6834],[-85.0935,32.6697],[-85.0885,32.6578],[-85.1043,32.6464],[-85.1045,32.641],[-85.1001,32.6346],[-85.0831,32.6362],[-85.0909,32.6251],[-85.0822,32.6163],[-85.0675,32.5795],[-85.0357,32.554],[-85.0314,32.5442],[-85.0208,32.5428],[-85.0202,32.5347],[-85.0071,32.5239],[-85.0009,32.5087],[-84.9945,32.5086],[-84.9894,32.5213],[-84.9743,32.5318],[-84.9655,32.5326],[-84.9734,32.5566],[-84.969,32.5717],[-84.9777,32.5862],[-84.9818,32.6077],[-84.9365,32.6077],[-84.8866,32.641],[-84.8902,32.6444],[-84.9249,32.6374],[-84.9294,32.6445],[-84.9462,32.6407],[-84.9487,32.6453],[-84.9532,32.6418],[-84.9436,32.6538],[-84.9501,32.6698],[-84.9206,32.6729],[-84.9097,32.6846],[-84.9038,32.6707],[-84.8681,32.6637],[-84.8557,32.6906],[-84.815,32.7066],[-84.8149,32.722],[-84.7958,32.7254],[-84.7942,32.7147],[-84.7777,32.7197],[-84.7808,32.7309],[-84.7726,32.746],[-84.7761,32.7519],[-84.7825,32.7513],[-84.7804,32.758],[-84.787,32.7657],[-84.7024,32.7902],[-84.6926,32.7879],[-84.6924,32.8294],[-84.7005,32.8446],[-84.7515,32.8627],[-84.7513,32.8692],[-84.8411,32.8681],[-84.8618,32.8725],[-84.8619,32.8686],[-85.0351,32.8696],[-85.0329,32.8934],[-85.02,32.9166],[-85.018,32.9417],[-85.0296,32.9888],[-85.0762,32.9668],[-85.0813,32.9689],[-85.0667,32.9786],[-85.058,32.9998],[-85.0782,33.0034],[-85.0776,32.9959],[-85.0836,32.9937],[-85.0915,32.9995],[-85.0846,32.9995],[-85.089,33.0034],[-85.0826,33.0342],[-85.0593,33.0299],[-85.0529,33.0356],[-85.0296,33.0395],[-85.0304,33.0969],[-85.051,33.0934],[-85.0586,33.0972],[-85.0616,33.1066],[-85.0682,33.1011],[-85.0753,33.1059],[-85.0833,33.0987],[-85.0964,33.0963],[-85.104,33.0813],[-85.1012,33.069],[-85.1221,33.0624],[-85.1129,33.072],[-85.1164,33.1041],[-85.0982,33.1184],[-85.1159,33.1257],[-85.1112,33.1276],[-85.1079,33.1391],[-85.1174,33.1687],[-85.1174,33.1637],[-85.2365,33.1296]]]},"properties":{"geoid":"13138","state":"13","district":"138","name":"State House District 138","chamber":"House"}},{"type":"Feature","geometry":{"type":"Polygon","coordinates":[[[-84.9819,32.6051],[-84.969,32.5717],[-84.9734,32.5566],[-84.9617,32.526],[-84.9729,32.507],[-84.9664,32.507],[-84.9665,32.5004],[-84.9585,32.4976],[-84.9674,32.4918],[-84.9673,32.4836],[-84.9743,32.4826],[-84.9743,32.4785],[-84.9478,32.4774],[-84.9316,32.4892],[-84.9333,32.4994],[-84.9454,32.4978],[-84.9501,32.5064],[-84.9363,32.5085],[-84.9326,32.5174],[-84.9159,32.5233],[-84.9019,32.5379],[-84.903,32.5544],[-84.8981,32.5547],[-84.898,32.5588],[-84.9036,32.5697],[-84.9027,32.5832],[-84.6946,32.5839],[-84.6938,32.6857],[-84.7032,32.6862],[-84.7032,32.7007],[-84.6996,32.7009],[-84.6997,32.7082],[-84.6934,32.7081],[-84.6932,32.7226],[-84.6829,32.7228],[-84.6879,32.7388],[-84.6931,32.7388],[-84.6926,32.7879],[-84.7024,32.7902],[-84.787,32.7657],[-84.7804,32.758],[-84.7825,32.7513],[-84.7761,32.7519],[-84.7726,32.746],[-84.7808,32.7309],[-84.7777,32.7197],[-84.7942,32.7147],[-84.7958,32.7254],[-84.8149,32.722],[-84.815,32.7066],[-84.8557,32.6906],[-84.8681,32.6637],[-84.9038,32.6707],[-84.9097,32.6846],[-84.921,32.6728],[-84.9483,32.671],[-84.9436,32.6538],[-84.9532,32.6418],[-84.9487,32.6453],[-84.9462,32.6407],[-84.9294,32.6445],[-84.9249,32.6374],[-84.8902,32.6444],[-84.8866,32.641],[-84.9365,32.6077],[-84.9819,32.6051]]]},"properties":{"geoid":"13139","state":"13","district":"139","name":"State House District 139","chamber":"House"}},{"type":"Feature","geometry":{"type":"Polygon","coordinates":[[[-84.9998,32.5051],[-84.9948,32.4861],[-84.9985,32.4687],[-84.9953,32.4532],[-84.9718,32.4428],[-84.963,32.4242],[-84.9794,32.4122],[-84.981,32.4061],[-84.9776,32.3975],[-84.9684,32.392],[-84.9834,32.3918],[-84.9874,32.3812],[-84.9685,32.379],[-84.9632,32.374],[-84.9457,32.3759],[-84.9409,32.3818],[-84.9324,32.3806],[-84.9037,32.3961],[-84.9001,32.4021],[-84.893,32.4008],[-84.9241,32.4053],[-84.9268,32.4231],[-84.9156,32.423],[-84.9185,32.4273],[-84.9593,32.4499],[-84.9455,32.4553],[-84.9285,32.4509],[-84.9294,32.4654],[-84.94,32.4827],[-84.9478,32.4774],[-84.9743,32.4785],[-84.9743,32.4826],[-84.9673,32.4836],[-84.9674,32.4918],[-84.9585,32.4976],[-84.9665,32.5004],[-84.9664,32.507],[-84.9729,32.507],[-84.9617,32.526],[-84.9655,32.5326],[-84.9743,32.5318],[-84.9894,32.5213],[-84.9923,32.5104],[-84.9998,32.5051]]]},"properties":{"geoid":"13140","state":"13","district":"140","name":"State House District 140","chamber":"House"}},{"type":"Feature","geometry":{"type":"Polygon","coordinates":[[[-84.9593,32.4499],[-84.9185,32.4273],[-84.9156,32.423],[-84.9268,32.4231],[-84.9241,32.4053],[-84.893,32.4008],[-84.8747,32.4128],[-84.8396,32.4151],[-84.8376,32.4187],[-84.8608,32.4369],[-84.8846,32.4399],[-84.8946,32.4465],[-84.8989,32.4553],[-84.8979,32.4632],[-84.8939,32.4631],[-84.9113,32.4676],[-84.9063,32.4735],[-84.9112,32.4783],[-84.9046,32.4923],[-84.8693,32.5152],[-84.8715,32.5404],[-84.8585,32.5522],[-84.8654,32.5577],[-84.8621,32.5603],[-84.868,32.5833],[-84.9027,32.5832],[-84.9036,32.5697],[-84.898,32.5588],[-84.8981,32.5547],[-84.903,32.5544],[-84.9019,32.5379],[-84.9159,32.5233],[-84.9326,32.5174],[-84.9363,32.5085],[-84.9501,32.5064],[-84.9454,32.4978],[-84.9324,32.4977],[-84.9316,32.4892],[-84.94,32.4827],[-84.9296,32.4668],[-84.9285,32.4509],[-84.9455,32.4553],[-84.9593,32.4499]]]},"properties":{"geoid":"13141","state":"13","district":"141","name":"State House District 141","chamber":"House"}},{"type":"Feature","geometry":{"type":"Polygon","coordinates":[[[-83.7912,32.9066],[-83.7688,32.88],[-83.7793,32.8815],[-83.7852,32.8517],[-83.7617,32.8513],[-83.7451,32.8345],[-83.7096,32.8255],[-83.7086,32.8165],[-83.6629,32.8145],[-83.6624,32.8508],[-83.6362,32.8554],[-83.6282,32.8458],[-83.6197,32.8522],[-83.6123,32.8726],[-83.5995,32.8878],[-83.6586,32.8878],[-83.6633,32.8987],[-83.6771,32.9026],[-83.6803,32.8954],[-83.7055,32.9152],[-83.7075,32.9061],[-83.7168,32.9116],[-83.7168,32.9038],[-83.7292,32.9034],[-83.728,32.9118],[-83.737,32.9105],[-83.7252,32.8806],[-83.7633,32.896],[-83.778,32.9142],[-83.7912,32.9066]]]},"properties":{"geoid":"13142","state":"13","district":"142","name":"State House District 142","chamber":"House"}},{"type":"Feature","geometry":{"type":"Polygon","coordinates":[[[-83.7374,32.6943],[-83.7296,32.6972],[-83.7204,32.6925],[-83.7012,32.6922],[-83.702,32.6822],[-83.7089,32.675],[-83.7091,32.6531],[-83.6954,32.6498],[-83.6986,32.6595],[-83.6884,32.6433],[-83.6606,32.6469],[-83.6608,32.6346],[-83.6416,32.6308],[-83.6416,32.6182],[-83.6225,32.6182],[-83.6189,32.5987],[-83.6233,32.5838],[-83.6029,32.5839],[-83.5982,32.5767],[-83.5796,32.5736],[-83.5713,32.5786],[-83.5569,32.5785],[-83.5486,32.5718],[-83.5413,32.5774],[-83.5367,32.5746],[-83.5341,32.5857],[-83.54,32.5848],[-83.5372,32.5884],[-83.5417,32.5993],[-83.538,32.6029],[-83.549,32.6164],[-83.5415,32.6203],[-83.5451,32.6322],[-83.551,32.6348],[-83.5493,32.6421],[-83.5575,32.6448],[-83.5558,32.6525],[-83.5662,32.6608],[-83.5814,32.655],[-83.5858,32.6627],[-83.5977,32.6643],[-83.5998,32.6718],[-83.6068,32.6737],[-83.6058,32.6824],[-83.6111,32.6885],[-83.6064,32.691],[-83.6116,32.6949],[-83.6069,32.7015],[-83.6024,32.6996],[-83.605,32.7017],[-83.5968,32.7129],[-83.6042,32.7173],[-83.5989,32.7184],[-83.6008,32.7251],[-83.5965,32.7285],[-83.6001,32.7298],[-83.5951,32.7318],[-83.6024,32.7413],[-83.593,32.7389],[-83.5856,32.7448],[-83.5787,32.7381],[-83.4929,32.8051],[-83.4985,32.8151],[-83.4894,32.8241],[-83.505,32.8374],[-83.5165,32.8355],[-83.5122,32.8274],[-83.5145,32.8217],[-83.5349,32.8282],[-83.5406,32.8119],[-83.5545,32.8208],[-83.5634,32.8339],[-83.5955,32.8463],[-83.6013,32.8406],[-83.6187,32.838],[-83.6362,32.8554],[-83.6624,32.8508],[-83.6626,32.8321],[-83.6495,32.8331],[-83.6487,32.8291],[-83.6374,32.8261],[-83.6467,32.81],[-83.656,32.811],[-83.6727,32.7849],[-83.6658,32.7784],[-83.666,32.7711],[-83.66,32.769],[-83.6619,32.7567],[-83.6723,32.7464],[-83.7185,32.7445],[-83.7374,32.6943]]]},"properties":{"geoid":"13143","state":"13","district":"143","name":"State House District 143","chamber":"House"}},{"type":"Feature","geometry":{"type":"Polygon","coordinates":[[[-83.8633,33.3426],[-83.8399,33.3282],[-83.8427,33.3181],[-83.8274,33.2925],[-83.8323,33.2723],[-83.8134,33.2486],[-83.8237,33.2218],[-83.8344,33.2106],[-83.8258,33.2103],[-83.8211,33.2018],[-83.812,33.1988],[-83.8166,33.1941],[-83.8073,33.193],[-83.8246,33.1762],[-83.8236,33.1594],[-83.814,33.1483],[-83.8164,33.1246],[-83.799,33.1166],[-83.7947,33.1041],[-83.7835,33.0954],[-83.7745,33.0797],[-83.7459,33.062],[-83.7215,33.0243],[-83.7296,33.0136],[-83.719,33.0011],[-83.7235,32.9972],[-83.7266,33.0028],[-83.7355,33.0012],[-83.7466,33.0142],[-83.7636,33.011],[-83.768,33.0166],[-83.7799,33.006],[-83.8007,33.011],[-83.8106,33.0032],[-83.8306,33.0023],[-83.8437,32.9916],[-83.7486,32.9321],[-83.778,32.9142],[-83.7633,32.896],[-83.7252,32.8806],[-83.737,32.9105],[-83.728,32.9118],[-83.7292,32.9034],[-83.7168,32.9038],[-83.7168,32.9116],[-83.7075,32.9061],[-83.7055,32.9152],[-83.6803,32.8954],[-83.6771,32.9026],[-83.6633,32.8987],[-83.6586,32.8878],[-83.5995,32.8878],[-83.5916,32.9006],[-83.5862,32.8908],[-83.5737,32.8836],[-83.5669,32.8878],[-83.5577,32.8846],[-83.5457,32.9035],[-83.5299,32.9079],[-83.5272,32.9143],[-83.5124,32.9209],[-83.4941,32.9398],[-83.4614,32.9481],[-83.4311,32.9644],[-83.4163,32.9823],[-83.3897,32.9985],[-83.3804,32.9981],[-83.415,33.1128],[-83.4291,33.1854],[-83.4181,33.1773],[-83.4064,33.1853],[-83.4023,33.182],[-83.3881,33.1856],[-83.3807,33.1761],[-83.3635,33.169],[-83.3631,33.1802],[-83.3544,33.1798],[-83.3443,33.1703],[-83.3301,33.1676],[-83.3283,33.1751],[-83.3186,33.1693],[-83.3152,33.1759],[-83.3187,33.1834],[-83.3038,33.1808],[-83.2911,33.1904],[-83.2741,33.1872],[-83.2738,33.2013],[-83.2625,33.2083],[-83.2526,33.2343],[-83.2544,33.2435],[-83.2763,33.2495],[-83.281,33.2458],[-83.2922,33.2651],[-83.3307,33.2901],[-83.3347,33.2971],[-83.3452,33.2882],[-83.3688,33.2842],[-83.374,33.2906],[-83.3907,33.2888],[-83.3846,33.2972],[-83.3968,33.3074],[-83.3857,33.3236],[-83.3909,33.3348],[-83.3964,33.328],[-83.4046,33.3312],[-83.3976,33.336],[-83.4019,33.3412],[-83.392,33.3477],[-83.3796,33.3804],[-83.3691,33.3941],[-83.3701,33.4241],[-83.3581,33.427],[-83.3418,33.4188],[-83.3321,33.4281],[-83.3335,33.4385],[-83.3088,33.4426],[-83.3203,33.4567],[-83.3155,33.4609],[-83.3212,33.4632],[-83.2991,33.48],[-83.5337,33.4345],[-83.6822,33.5262],[-83.6881,33.5107],[-83.6831,33.4944],[-83.6746,33.4872],[-83.6784,33.4836],[-83.6877,33.4832],[-83.7053,33.5009],[-83.7123,33.4951],[-83.7047,33.4885],[-83.7367,33.4809],[-83.7713,33.4525],[-83.8074,33.4408],[-83.8122,33.4347],[-83.8249,33.4373],[-83.8309,33.4215],[-83.8282,33.415],[-83.8452,33.4147],[-83.845,33.4078],[-83.8369,33.4079],[-83.8425,33.4026],[-83.831,33.3935],[-83.8474,33.3745],[-83.8569,33.3719],[-83.8539,33.3672],[-83.8631,33.3683],[-83.8571,33.3538],[-83.8633,33.3426]]]},"properties":{"geoid":"13144","state":"13","district":"144","name":"State House District 144","chamber":"House"}},{"type":"Feature","geometry":{"type":"Polygon","coordinates":[[[-84.1243,32.8525],[-83.9784,32.8489],[-83.9781,32.8571],[-83.9683,32.8571],[-83.9684,32.8489],[-83.8919,32.8484],[-83.8917,32.8189],[-83.8785,32.8164],[-83.8769,32.8069],[-83.8571,32.794],[-83.8477,32.7753],[-83.851,32.7706],[-83.8469,32.7723],[-83.8378,32.7646],[-83.8247,32.742],[-83.8087,32.7287],[-83.7606,32.7138],[-83.7375,32.6941],[-83.7185,32.7445],[-83.6723,32.7464],[-83.6619,32.7566],[-83.66,32.769],[-83.666,32.7711],[-83.6658,32.7784],[-83.6727,32.7849],[-83.656,32.811],[-83.6467,32.81],[-83.6374,32.8261],[-83.6487,32.8291],[-83.6495,32.8331],[-83.6607,32.8327],[-83.6629,32.8145],[-83.7086,32.8165],[-83.7096,32.8255],[-83.7451,32.8345],[-83.7617,32.8513],[-83.7852,32.8517],[-83.7793,32.8815],[-83.7688,32.88],[-83.7912,32.9066],[-83.7486,32.9321],[-83.9118,33.0376],[-83.9562,33.0753],[-83.9513,33.053],[-83.9652,33.0625],[-83.9766,33.0617],[-83.9878,33.0538],[-83.9996,33.0544],[-84.013,33.0469],[-84.0062,33.0422],[-84.0176,33.0323],[-84.0429,33.0287],[-84.0441,32.9479],[-84.0536,32.948],[-84.0542,32.9315],[-84.1233,32.9322],[-84.1243,32.8525]]]},"properties":{"geoid":"13145","state":"13","district":"145","name":"State House District 145","chamber":"House"}},{"type":"Feature","geometry":{"type":"Polygon","coordinates":[[[-83.8467,32.4685],[-83.8462,32.4394],[-83.8367,32.4393],[-83.8369,32.4014],[-83.8215,32.405],[-83.8117,32.4013],[-83.7678,32.4211],[-83.7609,32.4187],[-83.7545,32.4467],[-83.7381,32.4567],[-83.7262,32.4596],[-83.7081,32.4547],[-83.7121,32.471],[-83.678,32.4957],[-83.6641,32.4998],[-83.6625,32.5057],[-83.6411,32.5059],[-83.608,32.4958],[-83.5938,32.525],[-83.5505,32.5135],[-83.5188,32.4985],[-83.5181,32.5041],[-83.5243,32.5053],[-83.5206,32.5107],[-83.5342,32.5168],[-83.5328,32.5233],[-83.5398,32.5243],[-83.5354,32.53],[-83.5399,32.5409],[-83.5361,32.5442],[-83.5418,32.5503],[-83.5387,32.5554],[-83.5461,32.5564],[-83.5527,32.5764],[-83.5713,32.5786],[-83.5796,32.5736],[-83.5982,32.5767],[-83.603,32.5839],[-83.6327,32.5843],[-83.6589,32.5752],[-83.6812,32.5786],[-83.6813,32.5709],[-83.6912,32.5709],[-83.6937,32.5476],[-83.72,32.5465],[-83.7231,32.5211],[-83.7487,32.5342],[-83.749,32.5052],[-83.778,32.5055],[-83.7779,32.5129],[-83.7873,32.5128],[-83.7878,32.4965],[-83.7977,32.4966],[-83.7977,32.447],[-83.8171,32.4467],[-83.8171,32.4399],[-83.8276,32.4391],[-83.8278,32.4576],[-83.8417,32.4604],[-83.8467,32.4685]]]},"properties":{"geoid":"13146","state":"13","district":"146","name":"State House District 146","chamber":"House"}},{"type":"Feature","geometry":{"type":"Polygon","coordinates":[[[-83.8826,32.6131],[-83.8606,32.6005],[-83.8553,32.5873],[-83.8445,32.5791],[-83.832,32.5753],[-83.7975,32.5769],[-83.7768,32.568],[-83.7762,32.5647],[-83.7868,32.5653],[-83.7869,32.5538],[-83.7978,32.5538],[-83.7981,32.5447],[-83.7926,32.5293],[-83.7872,32.5293],[-83.7874,32.5129],[-83.7779,32.5129],[-83.778,32.5055],[-83.749,32.5052],[-83.7487,32.5342],[-83.7231,32.5211],[-83.72,32.5465],[-83.6937,32.5476],[-83.6912,32.5709],[-83.6813,32.5709],[-83.6812,32.5786],[-83.6589,32.5752],[-83.6463,32.5818],[-83.6233,32.5838],[-83.6189,32.5987],[-83.6225,32.6182],[-83.6416,32.6182],[-83.6416,32.6308],[-83.6608,32.6346],[-83.6606,32.6469],[-83.6768,32.6466],[-83.6782,32.6424],[-83.6917,32.6447],[-83.6986,32.6595],[-83.6954,32.6498],[-83.6992,32.653],[-83.728,32.6509],[-83.7282,32.6351],[-83.7186,32.6349],[-83.7187,32.6146],[-83.7377,32.6152],[-83.7523,32.6065],[-83.7901,32.6068],[-83.7933,32.6075],[-83.7842,32.6269],[-83.8615,32.6272],[-83.8826,32.6131]]]},"properties":{"geoid":"13147","state":"13","district":"147","name":"State House District 147","chamber":"House"}},{"type":"Feature","geometry":{"type":"Polygon","coordinates":[[[-83.9613,32.0306],[-83.9582,32.0203],[-83.9503,32.0154],[-83.9504,31.9972],[-83.9447,31.9962],[-83.9483,31.9915],[-83.9251,31.9484],[-83.9264,31.937],[-83.9192,31.9237],[-83.9225,31.9097],[-83.9324,31.8971],[-83.9285,31.8862],[-83.9341,31.8814],[-83.9265,31.8633],[-83.9372,31.8574],[-83.9381,31.8456],[-83.9243,31.8484],[-83.8798,31.837],[-83.8555,31.8372],[-83.8553,31.8199],[-83.8456,31.8197],[-83.8455,31.8316],[-83.8278,31.8101],[-83.8169,31.8124],[-83.8075,31.8041],[-83.6126,31.8041],[-83.6123,31.8541],[-83.4802,31.8473],[-83.4844,31.8348],[-83.4766,31.8295],[-83.4727,31.807],[-83.4589,31.7936],[-83.4536,31.7579],[-83.3703,31.7571],[-83.3696,31.7697],[-83.3397,31.7696],[-83.3399,31.7566],[-83.3253,31.7566],[-83.3251,31.7183],[-83.2649,31.718],[-83.265,31.7237],[-83.253,31.7238],[-83.2462,31.7303],[-83.2398,31.8074],[-83.2083,31.8369],[-83.2129,31.8446],[-83.207,31.8487],[-83.1767,31.8499],[-83.1835,31.8597],[-83.1768,31.8684],[-83.1812,31.8792],[-83.191,31.8746],[-83.1925,31.8797],[-83.1994,31.8798],[-83.198,31.8842],[-83.2042,31.8847],[-83.1999,31.8925],[-83.2076,31.8959],[-83.2052,31.9058],[-83.2103,31.9045],[-83.2184,31.9157],[-83.2141,31.9218],[-83.2325,31.9308],[-83.2267,31.9383],[-83.2406,31.9416],[-83.2355,31.9507],[-83.2417,31.9525],[-83.2444,31.945],[-83.2615,31.9521],[-83.2849,31.9759],[-83.2846,31.9842],[-83.2921,31.9836],[-83.289,31.9918],[-83.281,31.9893],[-83.2783,31.995],[-83.2859,31.9982],[-83.2837,32.0029],[-83.2959,32.0017],[-83.2898,32.0058],[-83.2969,32.0112],[-83.2939,32.0208],[-83.2896,32.0184],[-83.2896,32.0264],[-83.2972,32.0273],[-83.2998,32.0326],[-83.2945,32.0387],[-83.3086,32.0498],[-83.3005,32.0557],[-83.2999,32.0703],[-83.3052,32.0733],[-83.2977,32.0738],[-83.2949,32.0788],[-83.3031,32.0774],[-83.301,32.0836],[-83.3103,32.0924],[-83.3175,32.0855],[-83.3252,32.0972],[-83.3239,32.1039],[-83.3311,32.1001],[-83.3373,32.1059],[-83.3089,32.1257],[-83.3047,32.1332],[-83.3248,32.1504],[-83.2911,32.1788],[-83.3739,32.2497],[-83.3465,32.2725],[-83.498,32.4017],[-83.4856,32.4042],[-83.4827,32.4092],[-83.4855,32.4219],[-83.4825,32.4251],[-83.4914,32.4326],[-83.4878,32.4406],[-83.4981,32.4483],[-83.4979,32.4539],[-83.4897,32.458],[-83.4948,32.4626],[-83.4937,32.4719],[-83.4975,32.4722],[-83.4892,32.4764],[-83.4987,32.4816],[-83.4886,32.4855],[-83.5505,32.5135],[-83.5881,32.5238],[-83.5938,32.525],[-83.608,32.4958],[-83.6411,32.5059],[-83.6625,32.5057],[-83.6641,32.4998],[-83.678,32.4957],[-83.7121,32.471],[-83.7081,32.4547],[-83.727,32.4596],[-83.7545,32.4467],[-83.7609,32.4187],[-83.7678,32.4211],[-83.8103,32.4015],[-83.8215,32.405],[-83.8369,32.4014],[-83.837,32.3822],[-83.8565,32.3824],[-83.8566,32.3578],[-83.8468,32.3577],[-83.8484,32.291],[-83.7184,32.2902],[-83.7188,32.2831],[-83.7003,32.2826],[-83.7004,32.29],[-83.6064,32.2884],[-83.6064,32.2513],[-83.6158,32.2512],[-83.6158,32.2417],[-83.6069,32.2378],[-83.6097,32.0279],[-83.9613,32.0306]]]},"properties":{"geoid":"13148","state":"13","district":"148","name":"State House District 148","chamber":"House"}},{"type":"Feature","geometry":{"type":"Polygon","coordinates":[[[-83.6279,32.8461],[-83.6187,32.838],[-83.6013,32.8406],[-83.5955,32.8463],[-83.5717,32.8374],[-83.5406,32.8119],[-83.5349,32.8282],[-83.5145,32.8217],[-83.5122,32.8276],[-83.5174,32.8346],[-83.505,32.8374],[-83.5135,32.8449],[-83.3577,32.9261],[-83.2877,32.9519],[-83.2761,32.9421],[-83.2632,32.9541],[-83.2687,32.9587],[-83.2062,32.9836],[-83.1623,32.9696],[-83.1795,32.9874],[-83.1598,33.0027],[-83.2066,33.0404],[-83.1975,33.0479],[-83.1987,33.0675],[-83.216,33.0785],[-83.2134,33.1067],[-83.2045,33.1103],[-83.1992,33.1335],[-83.1864,33.1372],[-83.187,33.1426],[-83.1871,33.1379],[-83.1918,33.1384],[-83.212,33.1461],[-83.2619,33.189],[-83.2911,33.1904],[-83.305,33.1805],[-83.3182,33.1835],[-83.3182,33.1696],[-83.3283,33.1751],[-83.3306,33.1675],[-83.3462,33.1711],[-83.3544,33.1798],[-83.3636,33.1799],[-83.3635,33.169],[-83.3807,33.1761],[-83.3881,33.1856],[-83.4023,33.182],[-83.4064,33.1853],[-83.4181,33.1773],[-83.4291,33.1854],[-83.415,33.1128],[-83.3804,32.9981],[-83.3897,32.9985],[-83.4163,32.9823],[-83.4311,32.9644],[-83.4614,32.9481],[-83.4941,32.9398],[-83.5124,32.9209],[-83.5272,32.9143],[-83.5299,32.9079],[-83.5457,32.9035],[-83.5576,32.8846],[-83.5669,32.8878],[-83.5737,32.8836],[-83.5862,32.8908],[-83.5916,32.9006],[-83.6123,32.8726],[-83.6197,32.8522],[-83.6279,32.8461]]]},"properties":{"geoid":"13149","state":"13","district":"149","name":"State House District 149","chamber":"House"}},{"type":"Feature","geometry":{"type":"MultiPolygon","coordinates":[[[[-84.4532,32.5424],[-84.4532,32.5343],[-84.4432,32.5342],[-84.443,32.5185],[-84.4335,32.5187],[-84.4336,32.4932],[-84.4239,32.4932],[-84.4244,32.4851],[-84.4078,32.4853],[-84.4086,32.4439],[-84.4031,32.4435],[-84.4009,32.4355],[-84.3921,32.4353],[-84.3923,32.414],[-84.3821,32.4142],[-84.3818,32.428],[-84.3624,32.428],[-84.3632,32.3976],[-84.3532,32.3978],[-84.3531,32.3851],[-84.3435,32.385],[-84.3437,32.3978],[-84.3233,32.3979],[-84.3238,32.3724],[-84.2546,32.3721],[-84.2559,32.2962],[-84.2192,32.2951],[-84.2201,32.2312],[-84.1817,32.2297],[-84.1836,32.1585],[-84.219,32.1593],[-84.2168,32.1505],[-84.2243,32.1429],[-84.2197,32.122],[-84.2291,32.1185],[-84.1979,32.119],[-84.2086,32.0965],[-84.2114,32.0988],[-84.2315,32.0872],[-84.2322,32.0792],[-84.2234,32.0685],[-84.2307,32.0673],[-84.2274,32.0568],[-84.233,32.0563],[-84.2331,32.0512],[-84.2414,32.0529],[-84.2272,32.0241],[-84.2266,32.0067],[-84.1599,32.0305],[-84.12,32.0096],[-84.1155,32.0178],[-84.1049,32.0188],[-84.1008,32.0267],[-84.0506,32.0324],[-84.0179,32.0291],[-83.9754,32.0407],[-83.9615,32.0359],[-83.9613,32.0306],[-83.6097,32.0279],[-83.6069,32.2378],[-83.6158,32.2417],[-83.6158,32.2512],[-83.6064,32.2513],[-83.6064,32.2884],[-83.7004,32.29],[-83.7003,32.2826],[-83.7188,32.2831],[-83.7184,32.2902],[-83.8484,32.291],[-83.8468,32.3577],[-83.8566,32.3578],[-83.8565,32.3824],[-83.837,32.3822],[-83.8367,32.4147],[-83.8367,32.4393],[-83.8462,32.4394],[-83.8467,32.4685],[-83.8417,32.4604],[-83.8278,32.4576],[-83.8276,32.4391],[-83.8171,32.4399],[-83.8171,32.4467],[-83.7977,32.447],[-83.7977,32.4966],[-83.7878,32.4965],[-83.7872,32.5128],[-83.7872,32.5293],[-83.7926,32.5294],[-83.7978,32.5538],[-83.7869,32.5538],[-83.7868,32.5653],[-83.7756,32.5651],[-83.7821,32.5723],[-83.8445,32.5791],[-83.8553,32.5873],[-83.8606,32.6005],[-83.8826,32.6131],[-83.9201,32.587],[-83.9297,32.5873],[-83.9305,32.58],[-83.9454,32.5696],[-83.9452,32.5527],[-83.955,32.5527],[-83.9547,32.563],[-84.0034,32.5299],[-84.0067,32.5398],[-84.0079,32.5365],[-84.0134,32.5383],[-84.0152,32.5497],[-84.0205,32.5516],[-84.0219,32.545],[-84.0354,32.5585],[-84.0444,32.5554],[-84.0463,32.5675],[-84.0527,32.5671],[-84.0488,32.5746],[-84.0541,32.5732],[-84.0532,32.5769],[-84.0651,32.5813],[-84.0627,32.5907],[-84.0676,32.5903],[-84.0713,32.5983],[-84.066,32.6102],[-84.072,32.6174],[-84.0698,32.6236],[-84.0741,32.6243],[-84.0628,32.6265],[-84.0565,32.6363],[-84.0608,32.6346],[-84.0657,32.64],[-84.0743,32.6359],[-84.0782,32.6472],[-84.105,32.6734],[-84.1055,32.6849],[-84.1282,32.6744],[-84.1399,32.6791],[-84.1435,32.6854],[-84.1643,32.6777],[-84.1955,32.6833],[-84.2026,32.69],[-84.2034,32.6978],[-84.2114,32.7013],[-84.2194,32.7203],[-84.2363,32.721],[-84.2292,32.7323],[-84.233,32.7364],[-84.2405,32.738],[-84.2555,32.7224],[-84.2627,32.7393],[-84.2862,32.7476],[-84.2887,32.7362],[-84.3041,32.7337],[-84.3223,32.7212],[-84.3379,32.7206],[-84.3389,32.679],[-84.3642,32.6794],[-84.3746,32.6374],[-84.3912,32.6193],[-84.4084,32.6105],[-84.4089,32.5619],[-84.4444,32.5621],[-84.4436,32.5422],[-84.4532,32.5424]]],[[[-84.3728,32.3975],[-84.3727,32.3894],[-84.3629,32.3894],[-84.3632,32.3976],[-84.3728,32.3975]]]]},"properties":{"geoid":"13150","state":"13","district":"150","name":"State House District 150","chamber":"House"}},{"type":"Feature","geometry":{"type":"Polygon","coordinates":[[[-85.0683,31.9922],[-85.0609,31.9919],[-85.0609,31.9851],[-85.0419,31.9848],[-85.042,31.9757],[-85.0119,31.9759],[-85.0118,31.9838],[-85.0011,31.9839],[-85.0012,31.976],[-84.9537,31.9748],[-84.954,31.9668],[-84.9639,31.9669],[-84.9642,31.9591],[-84.9737,31.9593],[-84.9741,31.9502],[-84.9549,31.9503],[-84.9552,31.9423],[-84.9358,31.9418],[-84.9361,31.9338],[-84.9172,31.9331],[-84.9173,31.9247],[-84.8104,31.9229],[-84.8101,31.9318],[-84.8007,31.9315],[-84.8007,31.9228],[-84.6855,31.9203],[-84.6857,31.929],[-84.6758,31.9287],[-84.6758,31.9205],[-84.5998,31.9202],[-84.6031,31.772],[-84.5632,31.7706],[-84.5703,31.7569],[-84.555,31.7211],[-84.5469,31.7124],[-84.5473,31.7045],[-84.5351,31.679],[-84.5402,31.6661],[-84.5361,31.6461],[-84.5469,31.6212],[-84.4504,31.6219],[-84.4471,31.6045],[-84.4577,31.5843],[-84.4518,31.5727],[-84.4549,31.5483],[-84.4471,31.5438],[-84.4381,31.5098],[-84.4327,31.5074],[-84.2231,31.5663],[-84.2198,31.577],[-84.2196,31.5857],[-84.2451,31.5857],[-84.2434,31.5946],[-84.261,31.595],[-84.2611,31.6224],[-84.2978,31.622],[-84.2956,31.691],[-84.3052,31.6911],[-84.3055,31.6832],[-84.3146,31.6832],[-84.3143,31.6911],[-84.3052,31.6911],[-84.3049,31.6982],[-84.2954,31.6981],[-84.2937,31.7498],[-84.2872,31.7502],[-84.2865,31.7912],[-84.2583,31.7909],[-84.2645,31.8124],[-84.2596,31.8279],[-84.2775,31.8417],[-84.2767,31.8504],[-84.2932,31.8598],[-84.2934,31.8651],[-84.3382,31.8736],[-84.3381,31.9162],[-83.9225,31.9097],[-83.9191,31.9224],[-83.9264,31.937],[-83.9251,31.9484],[-83.9483,31.9915],[-83.9447,31.9962],[-83.9504,31.9972],[-83.9503,32.0154],[-83.9588,32.0212],[-83.9615,32.0359],[-83.9754,32.0407],[-84.0179,32.0291],[-84.0506,32.0324],[-84.1008,32.0267],[-84.1049,32.0188],[-84.1155,32.0178],[-84.12,32.0096],[-84.1599,32.0305],[-84.2266,32.0067],[-84.2272,32.0241],[-84.2414,32.0529],[-84.2331,32.0512],[-84.233,32.0563],[-84.2274,32.0568],[-84.2307,32.0673],[-84.2234,32.0685],[-84.2322,32.0792],[-84.2315,32.0872],[-84.2114,32.0988],[-84.2086,32.0965],[-84.1979,32.119],[-84.2291,32.1185],[-84.2197,32.122],[-84.2243,32.1429],[-84.2168,32.1505],[-84.219,32.1593],[-84.1836,32.1585],[-84.1817,32.2297],[-84.2201,32.2312],[-84.2192,32.2951],[-84.2559,32.2962],[-84.2546,32.3721],[-84.3238,32.3724],[-84.3233,32.3979],[-84.3437,32.3978],[-84.3435,32.385],[-84.3531,32.3851],[-84.3532,32.3978],[-84.3632,32.3976],[-84.3629,32.3894],[-84.3727,32.3894],[-84.3728,32.3975],[-84.3632,32.3976],[-84.3624,32.428],[-84.3818,32.428],[-84.3821,32.4142],[-84.3923,32.414],[-84.3921,32.4353],[-84.4009,32.4355],[-84.4031,32.4435],[-84.4086,32.4439],[-84.4078,32.4853],[-84.4244,32.4851],[-84.4239,32.4932],[-84.4336,32.4932],[-84.4335,32.5187],[-84.443,32.5185],[-84.4432,32.5342],[-84.4532,32.5343],[-84.4532,32.5424],[-84.4436,32.5422],[-84.4444,32.5621],[-84.4921,32.562],[-84.4918,32.5483],[-84.5047,32.5482],[-84.5048,32.5418],[-84.5326,32.5427],[-84.5325,32.5498],[-84.5367,32.55],[-84.5421,32.5499],[-84.5422,32.5426],[-84.551,32.5427],[-84.5538,32.5487],[-84.566,32.5401],[-84.5614,32.5281],[-84.5853,32.5228],[-84.5976,32.5246],[-84.6051,32.5351],[-84.6205,32.5296],[-84.649,32.535],[-84.6782,32.5189],[-84.7018,32.5188],[-84.7243,32.5078],[-84.7243,32.5024],[-84.7308,32.4984],[-84.7292,32.4937],[-84.7433,32.4718],[-84.7447,32.4592],[-84.7517,32.4576],[-84.7607,32.4367],[-84.7667,32.4349],[-84.768,32.4205],[-84.7819,32.4248],[-84.7926,32.4139],[-84.807,32.4226],[-84.819,32.4128],[-84.8747,32.4128],[-84.89,32.4015],[-84.9001,32.4021],[-84.9324,32.3806],[-84.9406,32.3819],[-84.9451,32.376],[-84.9566,32.3739],[-84.9689,32.3789],[-84.9853,32.3725],[-84.9839,32.3624],[-85.0073,32.339],[-85.0054,32.325],[-84.9346,32.2989],[-84.8883,32.2593],[-84.9012,32.2584],[-84.9072,32.249],[-84.9244,32.2501],[-84.9232,32.2446],[-84.9127,32.2434],[-84.9282,32.2199],[-84.9733,32.2177],[-84.9802,32.2078],[-84.9646,32.2036],[-84.9637,32.1959],[-85.0113,32.1805],[-85.0456,32.1438],[-85.0616,32.1334],[-85.0448,32.0858],[-85.0558,32.0744],[-85.0588,32.047],[-85.0535,32.0378],[-85.0571,32.0299],[-85.0488,32.0217],[-85.055,32.0187],[-85.0551,32.0107],[-85.0683,31.9922]]]},"properties":{"geoid":"13151","state":"13","district":"151","name":"State House District 151","chamber":"House"}},{"type":"Feature","geometry":{"type":"MultiPolygon","coordinates":[[[[-84.3386,31.9002],[-84.3382,31.8736],[-84.2934,31.8651],[-84.2932,31.8598],[-84.2767,31.8504],[-84.2775,31.8417],[-84.2596,31.8279],[-84.2645,31.8124],[-84.2583,31.7909],[-84.2865,31.7912],[-84.2872,31.7502],[-84.2937,31.7498],[-84.2954,31.6981],[-84.3049,31.6982],[-84.3052,31.6911],[-84.2956,31.691],[-84.2978,31.622],[-84.0432,31.6236],[-84.0289,31.6484],[-83.9934,31.65],[-83.9935,31.6414],[-84.0029,31.6417],[-84.0031,31.6336],[-84.0125,31.6336],[-84.0127,31.6246],[-83.9962,31.6252],[-83.9966,31.5635],[-83.9816,31.5633],[-83.9817,31.5528],[-84.1133,31.5636],[-84.1149,31.546],[-84.1224,31.5505],[-84.1231,31.5337],[-84.1395,31.5379],[-84.1408,31.521],[-84.1524,31.5128],[-84.1474,31.5014],[-84.1532,31.4805],[-84.1486,31.4678],[-84.155,31.4632],[-84.1556,31.4546],[-84.1378,31.4427],[-83.9978,31.4438],[-83.9994,31.335],[-83.7591,31.3322],[-83.7589,31.319],[-83.7203,31.3184],[-83.7141,31.3184],[-83.7139,31.3317],[-83.6541,31.3307],[-83.6518,31.4339],[-83.6667,31.4342],[-83.6664,31.4525],[-83.6658,31.4851],[-83.6506,31.4847],[-83.6494,31.568],[-83.6541,31.5711],[-83.6625,31.5655],[-83.6674,31.5677],[-83.673,31.5773],[-83.6677,31.5859],[-83.6699,31.595],[-83.6775,31.6009],[-83.684,31.5968],[-83.6989,31.6028],[-83.7067,31.6192],[-83.7968,31.6229],[-83.7987,31.8012],[-83.8169,31.8124],[-83.8278,31.8101],[-83.8455,31.8316],[-83.8456,31.8197],[-83.8553,31.8199],[-83.8555,31.8372],[-83.8798,31.837],[-83.9243,31.8484],[-83.9376,31.8449],[-83.9372,31.8574],[-83.9265,31.8633],[-83.9341,31.8814],[-83.9285,31.8862],[-83.9324,31.8971],[-83.9225,31.9097],[-84.3381,31.9162],[-84.3386,31.9002]]],[[[-84.3143,31.6911],[-84.3146,31.6832],[-84.3055,31.6832],[-84.3052,31.6911],[-84.3143,31.6911]]]]},"properties":{"geoid":"13152","state":"13","district":"152","name":"State House District 152","chamber":"House"}},{"type":"Feature","geometry":{"type":"Polygon","coordinates":[[[-84.2611,31.6224],[-84.261,31.595],[-84.2434,31.5946],[-84.2451,31.5857],[-84.2196,31.5857],[-84.2231,31.5663],[-84.1762,31.5794],[-84.1764,31.559],[-84.1551,31.5585],[-84.1553,31.5392],[-84.1496,31.5393],[-84.1495,31.5341],[-84.1362,31.5393],[-84.137,31.5349],[-84.1231,31.5337],[-84.1224,31.5505],[-84.1149,31.546],[-84.1133,31.5636],[-83.9817,31.5528],[-83.9816,31.5633],[-83.9966,31.5635],[-83.9962,31.6252],[-84.0127,31.6246],[-84.0125,31.6336],[-84.0031,31.6336],[-84.0029,31.6417],[-83.9935,31.6414],[-83.9934,31.65],[-84.0289,31.6484],[-84.0432,31.6236],[-84.2611,31.6224]]]},"properties":{"geoid":"13153","state":"13","district":"153","name":"State House District 153","chamber":"House"}},{"type":"Feature","geometry":{"type":"Polygon","coordinates":[[[-85.1419,31.7822],[-85.1252,31.7671],[-85.1292,31.7587],[-85.1189,31.7327],[-85.1265,31.7168],[-85.1255,31.695],[-85.0924,31.66],[-85.0791,31.6548],[-85.0862,31.6386],[-85.0582,31.6202],[-85.058,31.5708],[-85.0414,31.5425],[-85.0483,31.526],[-85.045,31.5182],[-85.0716,31.4684],[-85.066,31.4305],[-85.0759,31.4249],[-85.08,31.4105],[-85.0776,31.3989],[-85.0923,31.364],[-85.0918,31.3552],[-85.0859,31.3531],[-85.0894,31.336],[-85.0837,31.3238],[-85.0898,31.295],[-85.0987,31.2845],[-85.1146,31.2773],[-85.1124,31.2596],[-85.0968,31.2257],[-85.0987,31.2113],[-85.107,31.2027],[-85.1075,31.1865],[-85.0985,31.1802],[-85.1002,31.1655],[-85.0766,31.1569],[-85.064,31.1425],[-85.0547,31.1208],[-85.0356,31.1082],[-85.0261,31.0842],[-85.0286,31.0746],[-85.0114,31.0535],[-85.0094,31.0324],[-84.9994,31.0138],[-85.0057,30.9759],[-84.9825,30.9656],[-84.9795,30.9556],[-84.9831,30.9348],[-84.971,30.9282],[-84.9667,30.9173],[-84.9344,30.8836],[-84.9398,30.8726],[-84.9323,30.8643],[-84.9361,30.857],[-84.9257,30.8427],[-84.9348,30.8359],[-84.9374,30.8209],[-84.9283,30.8051],[-84.9283,30.7931],[-84.918,30.7781],[-84.9201,30.766],[-84.9135,30.7523],[-84.8961,30.7506],[-84.8635,30.7115],[-84.8713,30.7325],[-84.8675,30.7477],[-84.8595,30.7529],[-84.8611,30.762],[-84.8518,30.7635],[-84.8499,30.7722],[-84.8404,30.7722],[-84.8363,30.7789],[-84.8139,30.7814],[-84.801,30.8014],[-84.7879,30.8002],[-84.7892,30.8164],[-84.7825,30.8275],[-84.7689,30.8369],[-84.7695,30.8764],[-84.7669,30.8853],[-84.7559,30.8853],[-84.7529,31.0412],[-84.7423,31.0409],[-84.7423,31.0501],[-84.7316,31.0501],[-84.7309,31.0692],[-84.6458,31.068],[-84.6442,31.0795],[-84.5081,31.0784],[-84.5034,31.0893],[-84.5063,31.109],[-84.5001,31.118],[-84.5068,31.1236],[-84.4886,31.1385],[-84.4807,31.1393],[-84.4826,31.1567],[-84.4685,31.1641],[-84.4703,31.1686],[-84.4581,31.1671],[-84.4487,31.1802],[-84.426,31.1905],[-84.4201,31.1977],[-84.4168,31.1941],[-84.4199,31.1868],[-84.4128,31.1885],[-84.4043,31.1991],[-84.4091,31.2097],[-84.406,31.2189],[-84.394,31.2297],[-84.3658,31.2404],[-84.3594,31.2597],[-84.3409,31.2778],[-84.3355,31.2918],[-84.3407,31.3052],[-84.3242,31.3139],[-84.3162,31.3117],[-84.3111,31.324],[-84.2756,31.3298],[-84.2679,31.3415],[-84.2543,31.3355],[-84.244,31.3426],[-84.2399,31.3384],[-84.2336,31.341],[-84.2251,31.356],[-84.198,31.3575],[-84.2006,31.3752],[-84.1955,31.3916],[-84.1826,31.3992],[-84.1824,31.3915],[-84.1788,31.3917],[-84.1771,31.4106],[-84.1584,31.417],[-84.1533,31.4136],[-84.1378,31.4427],[-84.1561,31.455],[-84.155,31.4632],[-84.1486,31.4678],[-84.1532,31.4805],[-84.1474,31.5019],[-84.1526,31.5123],[-84.1411,31.5204],[-84.1382,31.5343],[-84.1495,31.5341],[-84.1496,31.5393],[-84.1553,31.5392],[-84.1551,31.5585],[-84.1764,31.559],[-84.1762,31.5794],[-84.4262,31.5092],[-84.4379,31.5094],[-84.4471,31.5438],[-84.4553,31.5513],[-84.4518,31.5727],[-84.4577,31.5843],[-84.4471,31.6045],[-84.4504,31.6219],[-84.5469,31.6212],[-84.5361,31.6461],[-84.5402,31.6661],[-84.5351,31.679],[-84.5473,31.7045],[-84.5469,31.7124],[-84.555,31.7211],[-84.5703,31.7569],[-84.5632,31.7706],[-84.6031,31.772],[-84.5998,31.9202],[-84.6758,31.9205],[-84.6758,31.9287],[-84.6857,31.929],[-84.6855,31.9203],[-84.8007,31.9228],[-84.8007,31.9315],[-84.8101,31.9318],[-84.8104,31.9229],[-84.9173,31.9247],[-84.9172,31.9331],[-84.9361,31.9338],[-84.9358,31.9418],[-84.9552,31.9423],[-84.9549,31.9503],[-84.9741,31.9502],[-84.9737,31.9593],[-84.9642,31.9591],[-84.9639,31.9669],[-84.954,31.9668],[-84.9537,31.9748],[-85.0012,31.976],[-85.0011,31.9839],[-85.0118,31.9838],[-85.0119,31.9759],[-85.042,31.9757],[-85.0419,31.9848],[-85.0609,31.9851],[-85.0609,31.9919],[-85.0682,31.9919],[-85.0678,31.9674],[-85.0867,31.9592],[-85.0789,31.9402],[-85.1131,31.9119],[-85.108,31.9052],[-85.1122,31.9028],[-85.112,31.8948],[-85.1341,31.8922],[-85.1284,31.8776],[-85.1407,31.8575],[-85.1377,31.8459],[-85.1418,31.8393],[-85.1319,31.8271],[-85.1322,31.7952],[-85.1419,31.7822]]]},"properties":{"geoid":"13154","state":"13","district":"154","name":"State House District 154","chamber":"House"}},{"type":"Feature","geometry":{"type":"Polygon","coordinates":[[[-83.2263,32.5843],[-82.991,32.1473],[-82.887,32.198],[-82.8781,32.2002],[-82.8716,32.1945],[-82.8645,32.1997],[-82.8583,32.1944],[-82.7686,32.2698],[-82.7619,32.2642],[-82.7552,32.2697],[-82.762,32.2756],[-82.722,32.3093],[-82.73,32.3106],[-82.7252,32.3157],[-82.7357,32.3196],[-82.7309,32.32],[-82.7369,32.3226],[-82.7393,32.3307],[-82.7428,32.3267],[-82.7487,32.3295],[-82.7417,32.3342],[-82.7442,32.3415],[-82.7393,32.3376],[-82.7338,32.3421],[-82.7276,32.3556],[-82.7319,32.3567],[-82.728,32.3598],[-82.7308,32.3627],[-82.7251,32.3621],[-82.7231,32.3704],[-82.717,32.3726],[-82.7205,32.3764],[-82.7161,32.3928],[-82.7074,32.3936],[-82.6976,32.4072],[-82.7022,32.4316],[-82.6903,32.4438],[-82.6946,32.4533],[-82.6856,32.4605],[-82.6632,32.4601],[-82.6469,32.4689],[-82.6409,32.4852],[-82.6331,32.491],[-82.6571,32.5072],[-82.6231,32.5216],[-82.6223,32.518],[-82.603,32.5215],[-82.6026,32.5095],[-82.5979,32.5329],[-82.5934,32.5351],[-82.5853,32.5252],[-82.5644,32.5324],[-82.5912,32.5577],[-82.5944,32.5792],[-82.512,32.6252],[-82.5177,32.6337],[-82.4989,32.6427],[-82.4929,32.634],[-82.4639,32.6472],[-82.4903,32.662],[-82.4994,32.6863],[-82.4708,32.7106],[-82.4528,32.7193],[-82.4528,32.7287],[-82.4341,32.7623],[-82.4538,32.7664],[-82.4733,32.7776],[-82.5211,32.8224],[-82.5606,32.8201],[-82.6098,32.7978],[-82.667,32.7829],[-82.6808,32.7968],[-82.7114,32.784],[-82.7686,32.7691],[-82.775,32.7945],[-82.7985,32.8029],[-82.8025,32.8098],[-82.947,32.7594],[-82.9466,32.7397],[-82.9571,32.7083],[-83.0408,32.6733],[-83.2263,32.5843]]]},"properties":{"geoid":"13155","state":"13","district":"155","name":"State House District 155","chamber":"House"}},{"type":"Feature","geometry":{"type":"Polygon","coordinates":[[[-83.3256,31.6817],[-83.2656,31.6799],[-83.2664,31.6542],[-83.244,31.6533],[-83.1772,31.6517],[-83.1765,31.6785],[-82.9984,31.6732],[-82.9957,31.781],[-82.9901,31.7769],[-82.9903,31.7876],[-82.9829,31.7837],[-82.9786,31.7931],[-82.97,31.7929],[-82.9636,31.7845],[-82.9346,31.7877],[-82.9187,31.7841],[-82.9186,31.7787],[-82.8988,31.7915],[-82.8996,31.7832],[-82.8904,31.7804],[-82.8767,31.7871],[-82.8736,31.7847],[-82.877,31.7809],[-82.8681,31.7823],[-82.8682,31.7858],[-82.8626,31.7831],[-82.8555,31.7987],[-82.8499,31.7979],[-82.8386,31.8072],[-82.8423,31.8116],[-82.8366,31.8109],[-82.8387,31.8157],[-82.8249,31.8197],[-82.828,31.815],[-82.8247,31.8135],[-82.8081,31.8229],[-82.8048,31.8314],[-82.8027,31.8287],[-82.7855,31.8376],[-82.7919,31.8467],[-82.7905,31.8532],[-82.782,31.8524],[-82.7757,31.8626],[-82.7697,31.8554],[-82.7687,31.8615],[-82.7573,31.8569],[-82.742,31.8768],[-82.7103,31.8893],[-82.6999,31.9036],[-82.6947,31.8981],[-82.6773,31.9099],[-82.6824,31.9205],[-82.6613,31.9199],[-82.6581,31.9237],[-82.6486,31.9165],[-82.6351,31.9251],[-82.6242,31.9236],[-82.6221,31.9292],[-82.6146,31.9267],[-82.6025,31.9381],[-82.5948,31.9316],[-82.5634,31.9576],[-82.5452,31.9554],[-82.5331,31.9614],[-82.4915,31.9487],[-82.4799,31.9558],[-82.4991,31.9572],[-82.4924,31.9684],[-82.4785,31.9717],[-82.4576,31.9638],[-82.4394,31.9678],[-82.4091,31.9565],[-82.4072,31.9495],[-82.402,31.9517],[-82.4044,31.9579],[-82.4008,31.9603],[-82.3871,31.9482],[-82.389,31.9578],[-82.3845,31.96],[-82.3715,31.9535],[-82.3776,31.9419],[-82.3623,31.9437],[-82.3145,31.9308],[-82.3077,31.9373],[-82.3153,31.9428],[-82.3139,31.9471],[-82.3011,31.9333],[-82.2864,31.9424],[-82.2703,31.9359],[-82.2668,31.9284],[-82.256,31.9321],[-82.2468,31.9151],[-82.2363,31.9205],[-82.2309,31.9124],[-82.225,31.9131],[-82.1953,32.1409],[-82.1891,32.1461],[-82.1819,32.1661],[-82.1861,32.1672],[-82.1842,32.18],[-82.1961,32.205],[-82.2071,32.2127],[-82.2062,32.22],[-82.1789,32.2251],[-82.1799,32.2394],[-82.172,32.2392],[-82.1703,32.2476],[-82.1482,32.2336],[-82.1379,32.2478],[-82.138,32.2547],[-82.1124,32.2468],[-82.102,32.2512],[-82.0871,32.2438],[-82.089,32.2489],[-82.0845,32.2477],[-82.0823,32.2577],[-82.0718,32.2684],[-82.0558,32.2644],[-82.0395,32.2704],[-82.0376,32.2676],[-82.0265,32.2755],[-82.0298,32.2798],[-82.2327,32.3189],[-82.2798,32.2942],[-82.3545,32.2922],[-82.3588,32.3186],[-82.3789,32.3369],[-82.3928,32.3355],[-82.401,32.3515],[-82.4069,32.3538],[-82.6491,32.3115],[-82.6555,32.2976],[-82.6576,32.3027],[-82.6687,32.3042],[-82.6632,32.2973],[-82.673,32.2936],[-82.7076,32.2981],[-82.705,32.3017],[-82.7129,32.31],[-82.7147,32.3053],[-82.722,32.3093],[-82.762,32.2756],[-82.7572,32.2679],[-82.7619,32.2642],[-82.7686,32.2698],[-82.8583,32.1944],[-82.8645,32.1997],[-82.8716,32.1945],[-82.8781,32.2002],[-82.8848,32.1961],[-82.8718,32.1827],[-82.9402,32.1249],[-82.9147,32.1232],[-82.902,32.1103],[-82.8957,32.0864],[-82.8587,32.0666],[-82.8677,32.0575],[-82.855,32.0438],[-82.8378,32.0358],[-82.8544,32.0252],[-82.8604,32.0057],[-82.8692,32.0035],[-82.8376,31.9755],[-82.8643,31.9435],[-82.8809,31.9321],[-82.905,31.9333],[-82.9267,31.9256],[-82.954,31.9479],[-82.9655,31.9289],[-83.0189,31.89],[-83.0377,31.9025],[-83.0816,31.8654],[-83.0834,31.8454],[-83.0948,31.844],[-83.101,31.826],[-83.1141,31.8269],[-83.1125,31.8129],[-83.1077,31.8123],[-83.1116,31.8092],[-83.1387,31.8144],[-83.1405,31.8183],[-83.1323,31.8156],[-83.1346,31.8241],[-83.152,31.8249],[-83.1523,31.8317],[-83.1828,31.852],[-83.207,31.8487],[-83.2129,31.8446],[-83.2083,31.8369],[-83.2413,31.8044],[-83.2465,31.7296],[-83.253,31.7238],[-83.265,31.7237],[-83.2649,31.718],[-83.3251,31.7183],[-83.3256,31.6817]]]},"properties":{"geoid":"13156","state":"13","district":"156","name":"State House District 156","chamber":"House"}},{"type":"Feature","geometry":{"type":"Polygon","coordinates":[[[-82.8369,31.7474],[-82.8366,31.6714],[-82.5214,31.6725],[-82.5206,31.7362],[-82.5507,31.7363],[-82.5507,31.7491],[-82.5202,31.7492],[-82.5203,31.8384],[-82.468,31.8382],[-82.4736,31.8314],[-82.4662,31.8319],[-82.4631,31.8194],[-82.451,31.8132],[-82.4425,31.7947],[-82.4464,31.7904],[-82.4444,31.7783],[-82.4508,31.7722],[-82.4474,31.7614],[-82.4692,31.7536],[-82.4631,31.7426],[-82.4533,31.7415],[-82.4539,31.736],[-82.4379,31.7393],[-82.423,31.7312],[-82.4108,31.735],[-82.4166,31.7236],[-82.4152,31.708],[-82.3985,31.7031],[-82.3812,31.7161],[-82.3686,31.7325],[-82.3554,31.7642],[-82.342,31.7234],[-82.3207,31.7041],[-82.3102,31.7398],[-82.2995,31.7319],[-82.2868,31.7115],[-82.2675,31.6987],[-82.2716,31.6915],[-82.2703,31.6789],[-82.2576,31.6794],[-82.2474,31.6878],[-82.2409,31.6843],[-82.227,31.665],[-82.223,31.6456],[-82.204,31.6456],[-82.1939,31.6375],[-82.1661,31.6297],[-82.1335,31.6308],[-82.133,31.7734],[-82.0894,31.7729],[-82.0893,31.7859],[-82.107,31.7861],[-82.1065,31.7998],[-82.0872,31.7995],[-82.0874,31.8216],[-82.0754,31.8293],[-82.0713,31.8257],[-82.0486,31.8271],[-82.0261,31.8151],[-82.0211,31.8237],[-82.0164,31.8237],[-82.0068,31.8],[-81.9971,31.8004],[-81.9978,31.7935],[-81.973,31.7837],[-81.9691,31.7893],[-81.981,31.7914],[-81.9799,31.8045],[-81.9551,31.8099],[-81.945,31.8357],[-81.9223,31.8515],[-81.9201,31.871],[-81.9125,31.887],[-81.8925,31.895],[-81.8949,31.9031],[-81.882,31.9182],[-81.8829,31.9412],[-81.8896,31.949],[-81.8761,31.9684],[-81.8628,31.9731],[-81.8546,31.9883],[-81.8244,32.0149],[-81.8134,32.0162],[-81.7617,32.0479],[-81.7187,32.0894],[-81.7271,32.099],[-81.7317,32.0962],[-81.7413,32.1046],[-81.7568,32.1048],[-81.7541,32.1117],[-81.7641,32.1163],[-81.7612,32.1196],[-81.7712,32.1314],[-81.7773,32.1319],[-81.7809,32.1753],[-81.7924,32.1932],[-81.8014,32.1962],[-81.8066,32.2049],[-81.8037,32.2196],[-81.814,32.2302],[-81.8121,32.2333],[-81.8333,32.2421],[-81.842,32.2411],[-81.8563,32.2571],[-81.8609,32.2554],[-81.8927,32.2748],[-81.9184,32.2746],[-81.9537,32.2668],[-81.9622,32.2718],[-81.9675,32.2676],[-82.0298,32.2798],[-82.0265,32.2755],[-82.0376,32.2676],[-82.0395,32.2704],[-82.0561,32.2644],[-82.0718,32.2684],[-82.0823,32.2577],[-82.0845,32.2477],[-82.089,32.2489],[-82.0871,32.2438],[-82.102,32.2512],[-82.1124,32.2468],[-82.138,32.2547],[-82.1379,32.2478],[-82.1482,32.2336],[-82.1703,32.2476],[-82.172,32.2392],[-82.1799,32.2394],[-82.1789,32.2251],[-82.1969,32.2242],[-82.2079,32.2159],[-82.1961,32.205],[-82.1842,32.18],[-82.1861,32.1672],[-82.1819,32.1661],[-82.1891,32.1461],[-82.1953,32.1409],[-82.225,31.9131],[-82.2309,31.9124],[-82.2363,31.9205],[-82.2468,31.9151],[-82.256,31.9321],[-82.2668,31.9284],[-82.2703,31.9359],[-82.2864,31.9424],[-82.3011,31.9333],[-82.3139,31.9471],[-82.3153,31.9428],[-82.3077,31.9373],[-82.3145,31.9308],[-82.3623,31.9437],[-82.3776,31.9419],[-82.3715,31.9535],[-82.3845,31.96],[-82.389,31.9578],[-82.3871,31.9482],[-82.4008,31.9603],[-82.4044,31.9579],[-82.402,31.9517],[-82.4072,31.9495],[-82.4091,31.9565],[-82.4394,31.9678],[-82.4576,31.9638],[-82.4785,31.9717],[-82.4924,31.9684],[-82.4991,31.9572],[-82.4799,31.9558],[-82.4915,31.9487],[-82.5331,31.9614],[-82.5452,31.9554],[-82.5634,31.9576],[-82.5948,31.9316],[-82.6025,31.9381],[-82.6146,31.9267],[-82.6221,31.9292],[-82.6242,31.9236],[-82.6351,31.9251],[-82.6486,31.9165],[-82.6581,31.9237],[-82.6613,31.9199],[-82.6824,31.9205],[-82.6773,31.9099],[-82.6947,31.8981],[-82.6999,31.9036],[-82.7103,31.8893],[-82.742,31.8768],[-82.7573,31.8569],[-82.7687,31.8615],[-82.7697,31.8554],[-82.7757,31.8626],[-82.782,31.8524],[-82.7905,31.8532],[-82.7919,31.8467],[-82.7858,31.8374],[-82.8027,31.8287],[-82.8048,31.8314],[-82.8081,31.8229],[-82.8247,31.8135],[-82.828,31.815],[-82.8249,31.8197],[-82.8364,31.8162],[-82.8369,31.7474]]]},"properties":{"geoid":"13157","state":"13","district":"157","name":"State House District 157","chamber":"House"}},{"type":"Feature","geometry":{"type":"Polygon","coordinates":[[[-82.7487,32.3295],[-82.7428,32.3267],[-82.7393,32.3307],[-82.7369,32.3226],[-82.7309,32.32],[-82.7357,32.3196],[-82.7252,32.3157],[-82.73,32.3106],[-82.7147,32.3053],[-82.7129,32.31],[-82.705,32.3017],[-82.7076,32.2981],[-82.673,32.2936],[-82.6632,32.2973],[-82.6687,32.3042],[-82.6576,32.3027],[-82.6555,32.2976],[-82.6491,32.3115],[-82.4069,32.3538],[-82.401,32.3515],[-82.3928,32.3355],[-82.3789,32.3369],[-82.3588,32.3186],[-82.3545,32.2922],[-82.2798,32.2942],[-82.2327,32.3189],[-81.9675,32.2676],[-81.9631,32.2719],[-81.9534,32.2668],[-81.9184,32.2746],[-81.8927,32.2748],[-81.8609,32.2554],[-81.8563,32.2571],[-81.842,32.2411],[-81.8163,32.2375],[-81.8048,32.22],[-81.7955,32.2394],[-81.809,32.263],[-81.8157,32.2891],[-81.8141,32.2999],[-81.8357,32.3109],[-81.8594,32.3396],[-81.8532,32.3835],[-81.8632,32.4135],[-81.8502,32.4124],[-81.8162,32.4363],[-81.8094,32.4229],[-81.7996,32.4164],[-81.7861,32.4294],[-81.7836,32.447],[-81.7663,32.4411],[-81.7798,32.4556],[-81.7623,32.4877],[-81.7847,32.4955],[-81.7865,32.5112],[-81.7967,32.5193],[-81.8099,32.5096],[-81.8161,32.5141],[-81.8269,32.5133],[-81.8364,32.5243],[-81.8544,32.5251],[-81.8778,32.5631],[-81.897,32.5492],[-81.9321,32.5973],[-81.9434,32.622],[-82.0012,32.6069],[-82.0829,32.6633],[-82.1467,32.8148],[-82.1749,32.8133],[-82.1877,32.8068],[-82.1958,32.8092],[-82.2142,32.8037],[-82.2229,32.8127],[-82.2532,32.8175],[-82.2563,32.824],[-82.2659,32.8264],[-82.2711,32.8211],[-82.2782,32.8257],[-82.3085,32.8283],[-82.3195,32.8402],[-82.3263,32.8413],[-82.3469,32.827],[-82.3548,32.8273],[-82.3628,32.8159],[-82.3919,32.8176],[-82.419,32.8112],[-82.419,32.801],[-82.409,32.7916],[-82.4091,32.7842],[-82.3996,32.7837],[-82.3984,32.7771],[-82.4106,32.7685],[-82.4175,32.7703],[-82.4341,32.7623],[-82.4528,32.7287],[-82.4528,32.7193],[-82.4708,32.7106],[-82.4994,32.6863],[-82.4903,32.662],[-82.4639,32.6472],[-82.4929,32.634],[-82.4989,32.6427],[-82.5177,32.6337],[-82.512,32.6252],[-82.5944,32.5792],[-82.5912,32.5577],[-82.5644,32.5324],[-82.5853,32.5252],[-82.5934,32.5351],[-82.5979,32.5329],[-82.6026,32.5095],[-82.603,32.5215],[-82.6223,32.518],[-82.6231,32.5216],[-82.6571,32.5071],[-82.6331,32.491],[-82.6409,32.4852],[-82.6486,32.4672],[-82.6632,32.4601],[-82.6856,32.4605],[-82.694,32.4541],[-82.6903,32.4438],[-82.7022,32.4316],[-82.6976,32.4072],[-82.7074,32.3936],[-82.7161,32.3928],[-82.7205,32.3764],[-82.717,32.3726],[-82.7231,32.3704],[-82.7251,32.3621],[-82.7308,32.3627],[-82.728,32.3598],[-82.7319,32.3567],[-82.7276,32.3556],[-82.7338,32.3421],[-82.7393,32.3376],[-82.7442,32.3415],[-82.7417,32.3342],[-82.7487,32.3295]]]},"properties":{"geoid":"13158","state":"13","district":"158","name":"State House District 158","chamber":"House"}},{"type":"Feature","geometry":{"type":"Polygon","coordinates":[[[-81.9434,32.622],[-81.9321,32.5973],[-81.897,32.5492],[-81.8778,32.5631],[-81.8544,32.5251],[-81.8364,32.5243],[-81.8269,32.5133],[-81.8161,32.5141],[-81.8099,32.5096],[-81.7967,32.5193],[-81.7865,32.5112],[-81.7847,32.4955],[-81.7634,32.4893],[-81.7633,32.4812],[-81.7771,32.4657],[-81.7798,32.4556],[-81.7645,32.4398],[-81.7606,32.4445],[-81.7081,32.4423],[-81.6926,32.4269],[-81.6829,32.4312],[-81.6801,32.4252],[-81.6657,32.4179],[-81.6472,32.4218],[-81.6397,32.4191],[-81.643,32.4267],[-81.6354,32.4469],[-81.6227,32.4613],[-81.61,32.4677],[-81.6013,32.4807],[-81.576,32.4838],[-81.5557,32.4948],[-81.5365,32.4821],[-81.5358,32.4755],[-81.5398,32.4764],[-81.543,32.4668],[-81.5315,32.4665],[-81.5257,32.4498],[-81.5319,32.4381],[-81.539,32.4356],[-81.5353,32.4223],[-81.5426,32.4192],[-81.5327,32.4069],[-81.5349,32.3936],[-81.5306,32.3903],[-81.5234,32.3931],[-81.5232,32.3804],[-81.512,32.3694],[-81.5087,32.3714],[-81.5077,32.3579],[-81.4948,32.3498],[-81.491,32.3519],[-81.4861,32.3383],[-81.4888,32.3354],[-81.4818,32.3293],[-81.4656,32.3289],[-81.4656,32.3129],[-81.4527,32.3059],[-81.4543,32.3007],[-81.4491,32.2957],[-81.4531,32.2914],[-81.4463,32.2849],[-81.4499,32.2829],[-81.4452,32.2752],[-81.4398,32.2749],[-81.4417,32.2684],[-81.4351,32.2597],[-81.439,32.2554],[-81.4331,32.2449],[-81.4375,32.2427],[-81.4261,32.2283],[-81.4296,32.2172],[-81.4134,32.2078],[-81.4186,32.1969],[-81.4097,32.1853],[-81.4153,32.1831],[-81.41,32.168],[-81.4138,32.1607],[-81.4015,32.1498],[-81.4082,32.1274],[-81.4006,32.1064],[-81.407,32.1022],[-81.4025,32.1072],[-81.3918,32.1005],[-81.3917,32.0959],[-81.328,32.1417],[-81.365,32.1584],[-81.3558,32.1837],[-81.3422,32.1928],[-81.3332,32.1891],[-81.3246,32.208],[-81.3123,32.2182],[-81.3424,32.2442],[-81.2823,32.2958],[-81.2883,32.301],[-81.277,32.3188],[-81.2743,32.3325],[-81.2213,32.3504],[-81.1813,32.3747],[-81.1781,32.3927],[-81.2053,32.4231],[-81.2085,32.4363],[-81.1994,32.4424],[-81.2065,32.4474],[-81.2046,32.4527],[-81.1979,32.4485],[-81.1977,32.4546],[-81.192,32.4538],[-81.1944,32.4589],[-81.187,32.4638],[-81.2004,32.4683],[-81.2331,32.4981],[-81.2388,32.5084],[-81.2323,32.5121],[-81.2334,32.518],[-81.2409,32.5165],[-81.2439,32.5209],[-81.2512,32.5178],[-81.2719,32.53],[-81.2801,32.537],[-81.2748,32.5413],[-81.281,32.5482],[-81.2794,32.5549],[-81.2836,32.5567],[-81.2893,32.5514],[-81.2906,32.5625],[-81.2915,32.5557],[-81.2967,32.5534],[-81.2977,32.5629],[-81.3228,32.5597],[-81.3557,32.5714],[-81.3583,32.5745],[-81.3535,32.5788],[-81.3577,32.5821],[-81.3668,32.5769],[-81.3636,32.583],[-81.3698,32.585],[-81.3695,32.591],[-81.385,32.5921],[-81.4181,32.6283],[-81.416,32.6369],[-81.4093,32.6311],[-81.4028,32.6362],[-81.4126,32.6415],[-81.393,32.6515],[-81.4072,32.6605],[-81.3972,32.6614],[-81.4043,32.6678],[-81.4012,32.6799],[-81.409,32.6966],[-81.4124,32.6921],[-81.4275,32.7019],[-81.4259,32.71],[-81.4151,32.7137],[-81.4203,32.7211],[-81.41,32.7219],[-81.4178,32.7251],[-81.4185,32.7326],[-81.4121,32.7326],[-81.4137,32.738],[-81.4049,32.7456],[-81.4059,32.7491],[-81.4197,32.7492],[-81.4082,32.7558],[-81.414,32.7554],[-81.4121,32.7639],[-81.4178,32.7602],[-81.4189,32.7676],[-81.4319,32.7689],[-81.4145,32.7781],[-81.4312,32.7841],[-81.4228,32.7834],[-81.4277,32.7876],[-81.4197,32.7932],[-81.4283,32.8008],[-81.4224,32.8025],[-81.4264,32.8107],[-81.418,32.8182],[-81.4271,32.8169],[-81.422,32.8215],[-81.4302,32.8278],[-81.4218,32.8293],[-81.421,32.8334],[-81.4329,32.8435],[-81.4404,32.8411],[-81.4436,32.8506],[-81.4527,32.8441],[-81.4607,32.846],[-81.4556,32.8465],[-81.4529,32.873],[-81.4651,32.8809],[-81.4704,32.8763],[-81.4794,32.8811],[-81.4764,32.888],[-81.4662,32.8891],[-81.4641,32.8978],[-81.4708,32.9009],[-81.4721,32.8938],[-81.4808,32.8986],[-81.48,32.9134],[-81.4876,32.9164],[-81.4832,32.9218],[-81.5024,32.9354],[-81.4994,32.945],[-81.51,32.9573],[-81.5102,32.969],[-81.505,32.9636],[-81.4995,32.9648],[-81.4963,32.9902],[-81.4912,32.9978],[-81.5006,33.0025],[-81.4914,33.0081],[-81.5041,33.0163],[-81.5107,33.0103],[-81.5103,33.0212],[-81.5191,33.0232],[-81.5112,33.0278],[-81.5227,33.0308],[-81.5291,33.0408],[-81.5388,33.0392],[-81.5418,33.0457],[-81.7677,32.9093],[-81.8679,32.6811],[-81.8659,32.6629],[-81.841,32.6491],[-81.9434,32.622]]]},"properties":{"geoid":"13159","state":"13","district":"159","name":"State House District 159","chamber":"House"}},{"type":"Feature","geometry":{"type":"Polygon","coordinates":[[[-81.8635,32.4112],[-81.8571,32.4028],[-81.8532,32.3835],[-81.8594,32.3396],[-81.8357,32.3109],[-81.8141,32.2999],[-81.8157,32.2891],[-81.809,32.263],[-81.7955,32.2394],[-81.8021,32.2294],[-81.8067,32.2051],[-81.7813,32.1765],[-81.7774,32.1322],[-81.7673,32.1275],[-81.7633,32.1176],[-81.7312,32.1082],[-81.6802,32.1121],[-81.5061,32.0934],[-81.4756,32.0952],[-81.4614,32.0914],[-81.4355,32.0979],[-81.4153,32.0953],[-81.3847,32.0795],[-81.3918,32.1005],[-81.4029,32.1073],[-81.407,32.1022],[-81.4006,32.1064],[-81.4082,32.1274],[-81.4015,32.1498],[-81.4138,32.1607],[-81.41,32.168],[-81.4153,32.1831],[-81.4097,32.1853],[-81.4186,32.1969],[-81.4134,32.2078],[-81.4296,32.2172],[-81.4261,32.2283],[-81.4375,32.2427],[-81.4331,32.2449],[-81.439,32.2554],[-81.4351,32.2597],[-81.4417,32.2684],[-81.4398,32.2749],[-81.4452,32.2752],[-81.4499,32.2829],[-81.4463,32.2849],[-81.4531,32.2914],[-81.4491,32.2957],[-81.4543,32.3007],[-81.4527,32.3059],[-81.4656,32.3129],[-81.4656,32.3289],[-81.4818,32.3293],[-81.4888,32.3354],[-81.4861,32.3383],[-81.491,32.3519],[-81.4948,32.3498],[-81.5077,32.3579],[-81.5087,32.3714],[-81.512,32.3694],[-81.5232,32.3804],[-81.5234,32.3931],[-81.5306,32.3903],[-81.5349,32.3936],[-81.5327,32.4069],[-81.5426,32.4192],[-81.5353,32.4223],[-81.539,32.4356],[-81.5319,32.4381],[-81.5257,32.4498],[-81.5315,32.4665],[-81.5429,32.4665],[-81.5359,32.4811],[-81.5496,32.492],[-81.5592,32.4944],[-81.576,32.4838],[-81.6013,32.4807],[-81.61,32.4677],[-81.6227,32.4613],[-81.6354,32.4469],[-81.643,32.4267],[-81.6397,32.4191],[-81.6472,32.4218],[-81.6657,32.4179],[-81.6801,32.4252],[-81.6829,32.4312],[-81.6926,32.4269],[-81.7079,32.4423],[-81.7606,32.4445],[-81.7645,32.4398],[-81.7836,32.447],[-81.7861,32.4294],[-81.7996,32.4164],[-81.8094,32.4229],[-81.8162,32.4363],[-81.8502,32.4124],[-81.8626,32.4144],[-81.8635,32.4112]]]},"properties":{"geoid":"13160","state":"13","district":"160","name":"State House District 160","chamber":"House"}},{"type":"Feature","geometry":{"type":"Polygon","coordinates":[[[-81.3649,32.1588],[-81.328,32.1417],[-81.2944,32.1661],[-81.2818,32.1671],[-81.2837,32.1505],[-81.2782,32.1377],[-81.2665,32.1395],[-81.2688,32.1433],[-81.2581,32.1437],[-81.2561,32.1399],[-81.2406,32.145],[-81.239,32.1268],[-81.2227,32.1229],[-81.2125,32.1268],[-81.2018,32.1134],[-81.2032,32.1066],[-81.1956,32.1111],[-81.1968,32.0926],[-81.1957,32.106],[-81.1883,32.1052],[-81.174,32.1196],[-81.1828,32.1344],[-81.1743,32.1357],[-81.1678,32.1212],[-81.1368,32.1281],[-81.1442,32.1499],[-81.1343,32.1555],[-81.1211,32.1545],[-81.122,32.1618],[-81.1295,32.1671],[-81.1211,32.1749],[-81.1169,32.1709],[-81.1102,32.1745],[-81.1204,32.1787],[-81.1182,32.1892],[-81.1218,32.1918],[-81.114,32.1957],[-81.1219,32.1955],[-81.1389,32.2198],[-81.1521,32.222],[-81.1436,32.2293],[-81.1566,32.2433],[-81.1459,32.2507],[-81.1463,32.2633],[-81.1369,32.2661],[-81.1421,32.2716],[-81.1332,32.2697],[-81.1295,32.2762],[-81.1235,32.2751],[-81.1271,32.2823],[-81.1196,32.2868],[-81.1239,32.2952],[-81.1226,32.307],[-81.133,32.3085],[-81.1307,32.3258],[-81.138,32.3282],[-81.1288,32.3366],[-81.1294,32.3415],[-81.1439,32.3515],[-81.1473,32.3501],[-81.1453,32.3452],[-81.1597,32.3402],[-81.1546,32.3501],[-81.1609,32.3495],[-81.161,32.3559],[-81.1738,32.3627],[-81.168,32.369],[-81.1811,32.3788],[-81.1824,32.3733],[-81.2204,32.3508],[-81.2743,32.3325],[-81.277,32.3188],[-81.2883,32.301],[-81.2823,32.2958],[-81.3424,32.2442],[-81.3123,32.2182],[-81.3246,32.208],[-81.3332,32.1891],[-81.3422,32.1928],[-81.3558,32.1837],[-81.3649,32.1588]]]},"properties":{"geoid":"13161","state":"13","district":"161","name":"State House District 161","chamber":"House"}},{"type":"Feature","geometry":{"type":"Polygon","coordinates":[[[-81.3246,32.0172],[-81.3183,32.0155],[-81.3219,32.0074],[-81.3149,32.0114],[-81.3141,32.0045],[-81.3044,32.0007],[-81.3101,31.9952],[-81.3089,31.9823],[-81.2886,31.9772],[-81.2878,31.9542],[-81.2425,31.9782],[-81.2175,31.986],[-81.1824,31.9837],[-81.1901,31.9741],[-81.1889,31.9598],[-81.1821,31.956],[-81.1852,31.9497],[-81.171,31.9437],[-81.1673,31.9547],[-81.1498,31.9565],[-81.1468,31.9605],[-81.1444,31.9555],[-81.137,31.9602],[-81.1265,31.9947],[-81.1163,31.9877],[-81.1111,31.9954],[-81.1056,31.9941],[-81.0998,32.01],[-81.1158,32.0144],[-81.1125,32.0241],[-81.121,32.0278],[-81.1196,32.0315],[-81.1458,32.041],[-81.1415,32.0539],[-81.1963,32.0408],[-81.2077,32.0394],[-81.2147,32.0478],[-81.2307,32.0413],[-81.2322,32.0487],[-81.2385,32.0511],[-81.2399,32.0634],[-81.2421,32.0593],[-81.2657,32.0646],[-81.2667,32.0531],[-81.2601,32.0557],[-81.2571,32.0515],[-81.2605,32.0391],[-81.233,32.014],[-81.2377,32.0081],[-81.2484,32],[-81.2833,32.0047],[-81.3171,32.0239],[-81.3246,32.0172]]]},"properties":{"geoid":"13162","state":"13","district":"162","name":"State House District 162","chamber":"House"}},{"type":"Feature","geometry":{"type":"Polygon","coordinates":[[[-81.2147,32.0478],[-81.2077,32.0394],[-81.1415,32.0539],[-81.1458,32.041],[-81.1196,32.0315],[-81.121,32.0278],[-81.1125,32.0241],[-81.1158,32.0144],[-81.0998,32.01],[-81.1056,31.9941],[-81.1111,31.9954],[-81.1163,31.9877],[-81.1265,31.9947],[-81.1358,31.9635],[-81.1301,31.9539],[-81.1238,31.9644],[-81.1173,31.9613],[-81.1048,31.972],[-81.0946,31.9914],[-81.0905,31.9904],[-81.0906,32.0038],[-81.0775,32.0001],[-81.0777,32.014],[-81.0963,32.0191],[-81.0853,32.0483],[-81.0964,32.0512],[-81.0923,32.0627],[-81.0812,32.0597],[-81.0801,32.063],[-81.0911,32.0659],[-81.0882,32.0733],[-81.099,32.0757],[-81.1077,32.0701],[-81.1142,32.0718],[-81.1106,32.0789],[-81.151,32.0859],[-81.1542,32.0899],[-81.1258,32.1119],[-81.1368,32.1281],[-81.1678,32.1212],[-81.1743,32.1357],[-81.1828,32.1344],[-81.174,32.1196],[-81.1883,32.1052],[-81.1957,32.106],[-81.1959,32.0779],[-81.2147,32.0478]]]},"properties":{"geoid":"13163","state":"13","district":"163","name":"State House District 163","chamber":"House"}},{"type":"Feature","geometry":{"type":"Polygon","coordinates":[[[-81.7642,32.1168],[-81.754,32.1116],[-81.7566,32.1046],[-81.7413,32.1046],[-81.7317,32.0962],[-81.7271,32.099],[-81.7214,32.0903],[-81.6929,32.0884],[-81.6847,32.0765],[-81.6764,32.0745],[-81.673,32.0639],[-81.6437,32.0537],[-81.6368,32.0407],[-81.6195,32.0325],[-81.6142,32.0254],[-81.6185,32.0246],[-81.6168,32.0212],[-81.6043,32.0108],[-81.6057,32.004],[-81.598,31.9956],[-81.602,31.9938],[-81.5928,31.9895],[-81.5933,31.9712],[-81.5776,31.9725],[-81.5664,31.9657],[-81.5645,31.9596],[-81.5474,31.9573],[-81.5322,31.9641],[-81.5183,31.9599],[-81.5127,31.9693],[-81.504,31.9628],[-81.4953,31.9686],[-81.4855,31.9636],[-81.4855,31.9693],[-81.4795,31.9708],[-81.4834,31.9725],[-81.4758,31.9743],[-81.4714,31.9722],[-81.4638,31.95],[-81.4249,31.9382],[-81.4075,31.9442],[-81.3997,31.9292],[-81.4037,31.917],[-81.3916,31.8938],[-81.3964,31.8832],[-81.3829,31.8761],[-81.3836,31.8582],[-81.3781,31.8487],[-81.3718,31.8469],[-81.3721,31.8401],[-81.3656,31.8465],[-81.3627,31.8374],[-81.3531,31.8376],[-81.3583,31.8327],[-81.355,31.8297],[-81.3368,31.8641],[-81.3125,31.838],[-81.3138,31.8293],[-81.3043,31.8267],[-81.3009,31.8506],[-81.262,31.8811],[-81.2618,31.8903],[-81.2491,31.8837],[-81.2413,31.8894],[-81.2356,31.8877],[-81.2042,31.9239],[-81.1958,31.9233],[-81.1911,31.9289],[-81.1781,31.9249],[-81.1651,31.9275],[-81.1709,31.9437],[-81.1852,31.9497],[-81.1821,31.956],[-81.1889,31.9598],[-81.1901,31.9741],[-81.1824,31.9837],[-81.2175,31.986],[-81.2425,31.9782],[-81.2878,31.9542],[-81.2886,31.9772],[-81.3088,31.9823],[-81.3101,31.9952],[-81.3044,32.0007],[-81.3141,32.0045],[-81.3149,32.0114],[-81.3229,32.0087],[-81.3183,32.0155],[-81.3244,32.0181],[-81.3171,32.0239],[-81.2833,32.0047],[-81.2484,32],[-81.233,32.014],[-81.2605,32.0391],[-81.2571,32.0515],[-81.2601,32.0557],[-81.2667,32.0531],[-81.2644,32.0597],[-81.268,32.0628],[-81.2421,32.0593],[-81.2399,32.0634],[-81.2385,32.0511],[-81.2322,32.0487],[-81.2307,32.0413],[-81.2151,32.0469],[-81.1959,32.0779],[-81.1956,32.1111],[-81.2032,32.1066],[-81.2018,32.1134],[-81.2125,32.1268],[-81.2227,32.1229],[-81.239,32.1268],[-81.2406,32.145],[-81.2561,32.1399],[-81.2581,32.1437],[-81.2688,32.1433],[-81.2665,32.1395],[-81.2782,32.1377],[-81.2837,32.1505],[-81.2818,32.1671],[-81.2944,32.1661],[-81.3917,32.0959],[-81.3852,32.0794],[-81.4153,32.0953],[-81.4355,32.0979],[-81.4614,32.0914],[-81.4756,32.0952],[-81.5061,32.0934],[-81.6802,32.1121],[-81.7312,32.1082],[-81.7642,32.1168]]]},"properties":{"geoid":"13164","state":"13","district":"164","name":"State House District 164","chamber":"House"}},{"type":"Feature","geometry":{"type":"Polygon","coordinates":[[[-81.1542,32.0899],[-81.151,32.0859],[-81.1106,32.0789],[-81.1142,32.0718],[-81.1077,32.0701],[-81.099,32.0757],[-81.0882,32.0733],[-81.0911,32.0659],[-81.0801,32.063],[-81.0812,32.0597],[-81.0923,32.0627],[-81.0964,32.0512],[-81.0853,32.0483],[-81.0963,32.0191],[-81.0777,32.014],[-81.0775,32.0001],[-81.0906,32.0038],[-81.0905,31.9904],[-81.0946,31.9914],[-81.1059,31.975],[-81.0978,31.9575],[-81.0832,31.9514],[-81.0845,31.9595],[-81.0681,31.9893],[-81.0588,31.9887],[-81.06,31.9928],[-81.0479,32.0018],[-81.0447,32.0164],[-81.0356,32.013],[-81.0315,32.0166],[-81.032,32.0207],[-81.0484,32.0287],[-81.0276,32.0358],[-81.0342,32.049],[-81.0296,32.05],[-81.0293,32.0624],[-81.0134,32.074],[-81.0045,32.0718],[-81.0001,32.0798],[-81.02,32.0943],[-81.0381,32.0837],[-81.0883,32.0999],[-81.0916,32.1112],[-81.1124,32.1125],[-81.12,32.1343],[-81.1122,32.1508],[-81.1343,32.1555],[-81.1442,32.1499],[-81.1424,32.139],[-81.1258,32.1119],[-81.1542,32.0899]]]},"properties":{"geoid":"13165","state":"13","district":"165","name":"State House District 165","chamber":"House"}},{"type":"Feature","geometry":{"type":"Polygon","coordinates":[[[-81.3566,31.8178],[-81.3492,31.8142],[-81.3396,31.8181],[-81.3429,31.8279],[-81.3325,31.834],[-81.3454,31.837],[-81.3311,31.8395],[-81.3262,31.8301],[-81.3282,31.823],[-81.315,31.8168],[-81.32,31.8084],[-81.3103,31.7995],[-81.311,31.7899],[-81.2751,31.7935],[-81.2684,31.7846],[-81.2707,31.7669],[-81.2669,31.7585],[-81.2209,31.7436],[-81.2051,31.729],[-81.1786,31.7178],[-81.1417,31.711],[-81.0515,31.7052],[-81.0566,31.7149],[-81.0258,31.7202],[-80.9998,31.744],[-80.9962,31.7621],[-80.977,31.7809],[-80.9707,31.7984],[-80.9496,31.803],[-80.9286,31.817],[-80.9168,31.8384],[-80.897,31.8528],[-80.8553,31.9108],[-80.7963,31.9535],[-80.783,31.996],[-80.8228,32.0342],[-80.8502,32.0414],[-80.8921,32.0354],[-80.921,32.04],[-80.954,32.0703],[-80.9805,32.0778],[-80.9921,32.0949],[-81.0043,32.1024],[-81.0124,32.1017],[-81.0201,32.0916],[-81.0003,32.0775],[-81.0067,32.0706],[-81.0134,32.074],[-81.0293,32.0624],[-81.0296,32.05],[-81.0342,32.049],[-81.0276,32.0358],[-81.0484,32.0287],[-81.032,32.0207],[-81.0315,32.0166],[-81.0356,32.013],[-81.0447,32.0164],[-81.0479,32.0018],[-81.06,31.9928],[-81.0588,31.9887],[-81.0681,31.9893],[-81.0845,31.9595],[-81.0832,31.9514],[-81.0972,31.9569],[-81.1048,31.972],[-81.1173,31.9613],[-81.1238,31.9644],[-81.1295,31.9537],[-81.1357,31.9635],[-81.1444,31.9555],[-81.1468,31.9605],[-81.1498,31.9565],[-81.1673,31.9547],[-81.171,31.9437],[-81.1651,31.9275],[-81.1781,31.9249],[-81.1911,31.9289],[-81.1958,31.9233],[-81.2042,31.9239],[-81.2356,31.8877],[-81.2413,31.8894],[-81.2491,31.8837],[-81.2618,31.8903],[-81.262,31.8811],[-81.3009,31.8506],[-81.3043,31.8267],[-81.3138,31.8293],[-81.3125,31.838],[-81.3368,31.8641],[-81.355,31.8297],[-81.3448,31.8248],[-81.3463,31.8187],[-81.3566,31.8178]]]},"properties":{"geoid":"13166","state":"13","district":"166","name":"State House District 166","chamber":"House"}},{"type":"Feature","geometry":{"type":"Polygon","coordinates":[[[-81.9815,31.8001],[-81.981,31.7914],[-81.9744,31.7876],[-81.9525,31.7883],[-81.9517,31.7723],[-81.9434,31.7668],[-81.9437,31.7597],[-81.9316,31.7618],[-81.9258,31.7518],[-81.9201,31.7598],[-81.9106,31.7525],[-81.9132,31.7397],[-81.9034,31.7236],[-81.9254,31.7264],[-81.9342,31.7325],[-81.9432,31.7179],[-81.9503,31.7145],[-81.9326,31.7065],[-81.9571,31.7109],[-81.9567,31.7054],[-81.9378,31.6825],[-81.9194,31.6712],[-81.9096,31.6498],[-81.9037,31.651],[-81.9038,31.6553],[-81.8919,31.6551],[-81.8972,31.6412],[-81.884,31.6422],[-81.8405,31.6058],[-81.8578,31.5902],[-81.831,31.5669],[-81.8203,31.5637],[-81.7866,31.5819],[-81.7658,31.5674],[-81.7632,31.5707],[-81.7298,31.5628],[-81.7192,31.5548],[-81.7077,31.5534],[-81.7041,31.5571],[-81.6899,31.5505],[-81.6833,31.5522],[-81.6819,31.5418],[-81.6701,31.5474],[-81.6635,31.5406],[-81.667,31.5324],[-81.6523,31.5286],[-81.6571,31.5079],[-81.6456,31.5012],[-81.6477,31.4956],[-81.6401,31.4881],[-81.6231,31.4848],[-81.6123,31.47],[-81.6171,31.4581],[-81.626,31.453],[-81.665,31.3999],[-81.692,31.4005],[-81.6974,31.392],[-81.7048,31.3749],[-81.699,31.363],[-81.7252,31.3272],[-81.7317,31.33],[-81.7337,31.2973],[-81.7502,31.2729],[-81.7734,31.1832],[-81.739,31.1709],[-81.7102,31.1721],[-81.6296,31.1347],[-81.5993,31.1323],[-81.5748,31.1464],[-81.561,31.1664],[-81.5735,31.1923],[-81.5657,31.2083],[-81.5711,31.2058],[-81.5682,31.2112],[-81.5733,31.2169],[-81.5622,31.2193],[-81.5536,31.215],[-81.5524,31.2257],[-81.5482,31.221],[-81.5482,31.2256],[-81.5458,31.2217],[-81.541,31.2274],[-81.532,31.2278],[-81.5421,31.2409],[-81.5253,31.2469],[-81.5047,31.2462],[-81.5011,31.2372],[-81.4762,31.2505],[-81.4542,31.257],[-81.4427,31.2549],[-81.4366,31.2668],[-81.4458,31.289],[-81.4305,31.3003],[-81.4379,31.3035],[-81.4267,31.3115],[-81.4149,31.3057],[-81.4098,31.3109],[-81.4046,31.3096],[-81.4122,31.2957],[-81.4078,31.291],[-81.3872,31.3149],[-81.3696,31.3187],[-81.3379,31.313],[-81.3322,31.3061],[-81.316,31.3089],[-81.2958,31.2917],[-81.1837,31.2943],[-81.1861,31.3268],[-81.1771,31.3393],[-81.1711,31.3703],[-81.1908,31.3999],[-81.1669,31.4234],[-81.1636,31.442],[-81.1438,31.4715],[-81.1254,31.4775],[-81.115,31.487],[-81.0954,31.521],[-81.1751,31.5397],[-81.187,31.5461],[-81.1949,31.5582],[-81.1928,31.6034],[-81.216,31.6188],[-81.2222,31.6304],[-81.2646,31.6512],[-81.2984,31.6493],[-81.318,31.6599],[-81.3381,31.6471],[-81.3556,31.6547],[-81.3643,31.6543],[-81.3662,31.649],[-81.3709,31.6518],[-81.3744,31.6472],[-81.3778,31.6551],[-81.377,31.6502],[-81.3961,31.6424],[-81.4176,31.6521],[-81.4342,31.6411],[-81.4431,31.654],[-81.4553,31.6594],[-81.4677,31.6785],[-81.4609,31.6837],[-81.4657,31.6942],[-81.4996,31.7],[-81.6418,31.7655],[-81.6433,31.7857],[-81.6565,31.798],[-81.6952,31.8126],[-81.714,31.8347],[-81.7287,31.8418],[-81.7358,31.854],[-81.7523,31.8612],[-81.7654,31.8745],[-81.7658,31.8878],[-81.6379,31.8496],[-81.6186,31.8492],[-81.6146,31.8601],[-81.6306,31.8795],[-81.6244,31.8844],[-81.6204,31.8808],[-81.5908,31.8945],[-81.5755,31.8738],[-81.5671,31.8779],[-81.554,31.8663],[-81.526,31.8851],[-81.405,31.9368],[-81.4076,31.9443],[-81.4249,31.9382],[-81.4638,31.95],[-81.4714,31.9722],[-81.4758,31.9743],[-81.4834,31.9725],[-81.4795,31.9708],[-81.4855,31.9693],[-81.4855,31.9636],[-81.4953,31.9686],[-81.504,31.9628],[-81.5127,31.9693],[-81.5183,31.9599],[-81.5322,31.9641],[-81.5474,31.9573],[-81.5645,31.9596],[-81.5664,31.9657],[-81.5776,31.9725],[-81.5933,31.9712],[-81.5936,31.9914],[-81.6019,31.9936],[-81.598,31.9956],[-81.6057,32.004],[-81.6034,32.0091],[-81.6168,32.0212],[-81.6185,32.0246],[-81.6142,32.0254],[-81.6195,32.0325],[-81.6368,32.0407],[-81.6354,32.0442],[-81.6512,32.0584],[-81.6607,32.0573],[-81.673,32.0639],[-81.6764,32.0745],[-81.6847,32.0765],[-81.6929,32.0884],[-81.7141,32.0925],[-81.7617,32.0479],[-81.8134,32.0162],[-81.8244,32.0149],[-81.8546,31.9883],[-81.8628,31.9731],[-81.8761,31.9684],[-81.8896,31.949],[-81.8829,31.9412],[-81.882,31.9182],[-81.8949,31.9031],[-81.8925,31.895],[-81.9125,31.887],[-81.9201,31.871],[-81.9223,31.8515],[-81.945,31.8357],[-81.9551,31.8099],[-81.9793,31.805],[-81.9815,31.8001]]]},"properties":{"geoid":"13167","state":"13","district":"167","name":"State House District 167","chamber":"House"}},{"type":"Feature","geometry":{"type":"Polygon","coordinates":[[[-81.7663,31.8866],[-81.7654,31.8745],[-81.7523,31.8612],[-81.7358,31.854],[-81.7287,31.8418],[-81.714,31.8347],[-81.6952,31.8126],[-81.6603,31.8008],[-81.6456,31.788],[-81.6418,31.7655],[-81.4996,31.7],[-81.4654,31.694],[-81.4609,31.6835],[-81.4677,31.6785],[-81.4553,31.6594],[-81.4431,31.654],[-81.4347,31.6414],[-81.428,31.642],[-81.4176,31.6521],[-81.3961,31.6424],[-81.377,31.6502],[-81.3778,31.6551],[-81.3744,31.6472],[-81.3709,31.6518],[-81.3662,31.649],[-81.3643,31.6543],[-81.3556,31.6547],[-81.3381,31.6471],[-81.318,31.6599],[-81.2984,31.6493],[-81.2646,31.6512],[-81.2222,31.6304],[-81.216,31.6188],[-81.1928,31.6034],[-81.1949,31.5582],[-81.1853,31.5448],[-81.0954,31.521],[-81.088,31.5273],[-81.0767,31.5979],[-81.0658,31.6252],[-81.0696,31.6424],[-81.0666,31.6573],[-81.0498,31.6886],[-81.0515,31.7052],[-81.1697,31.7153],[-81.2043,31.7286],[-81.2209,31.7436],[-81.2599,31.7538],[-81.27,31.7632],[-81.2684,31.7846],[-81.2735,31.7926],[-81.311,31.7899],[-81.3103,31.7995],[-81.32,31.8084],[-81.315,31.8168],[-81.3282,31.823],[-81.3263,31.8306],[-81.3327,31.8402],[-81.3454,31.837],[-81.3325,31.834],[-81.3429,31.8279],[-81.3396,31.8181],[-81.3558,31.8149],[-81.3552,31.8193],[-81.3466,31.8184],[-81.3448,31.8248],[-81.3581,31.8312],[-81.3537,31.8382],[-81.3622,31.837],[-81.3664,31.8466],[-81.3721,31.8401],[-81.3718,31.8469],[-81.382,31.8542],[-81.3829,31.8761],[-81.3964,31.8832],[-81.3916,31.8938],[-81.4037,31.917],[-81.3997,31.9292],[-81.4049,31.9369],[-81.526,31.8851],[-81.554,31.8663],[-81.5671,31.8779],[-81.5755,31.8738],[-81.5908,31.8945],[-81.6204,31.8808],[-81.6244,31.8844],[-81.6306,31.8795],[-81.6146,31.8601],[-81.6186,31.8492],[-81.6379,31.8496],[-81.7663,31.8866]]]},"properties":{"geoid":"13168","state":"13","district":"168","name":"State House District 168","chamber":"House"}},{"type":"Feature","geometry":{"type":"Polygon","coordinates":[[[-83.8024,31.8035],[-83.7987,31.801],[-83.7973,31.7607],[-83.7968,31.6229],[-83.7067,31.6192],[-83.6989,31.6028],[-83.684,31.5968],[-83.6775,31.6009],[-83.6699,31.595],[-83.6677,31.5859],[-83.673,31.5773],[-83.6674,31.5677],[-83.6625,31.5655],[-83.6541,31.5711],[-83.6494,31.568],[-83.6506,31.4847],[-83.6658,31.4851],[-83.6667,31.4342],[-83.6375,31.4324],[-83.6366,31.4287],[-83.5964,31.4305],[-83.5963,31.4551],[-83.5858,31.4614],[-83.5768,31.4604],[-83.5869,31.4735],[-83.5843,31.4866],[-83.5928,31.4985],[-83.5924,31.5075],[-83.5758,31.5191],[-83.5272,31.5185],[-83.5215,31.5063],[-83.4865,31.5059],[-83.4866,31.4919],[-83.4819,31.4916],[-83.4838,31.4759],[-83.4723,31.4837],[-83.473,31.4615],[-83.4553,31.466],[-83.3701,31.4665],[-83.3471,31.4717],[-83.3453,31.4763],[-83.1418,31.4719],[-83.1198,31.4737],[-83.1134,31.4784],[-83.0254,31.4681],[-83.0167,31.4603],[-82.9995,31.4559],[-82.9817,31.4565],[-82.9758,31.4627],[-82.9408,31.4755],[-82.941,31.4934],[-82.9326,31.4932],[-82.9333,31.5188],[-82.8942,31.5199],[-82.8731,31.5086],[-82.8762,31.4963],[-82.8681,31.49],[-82.8512,31.4878],[-82.8508,31.4666],[-82.8223,31.4666],[-82.813,31.441],[-82.8168,31.4215],[-82.8067,31.4206],[-82.7976,31.4098],[-82.7821,31.4103],[-82.7622,31.3754],[-82.7617,31.3643],[-82.629,31.3639],[-82.6282,31.4694],[-82.5975,31.4693],[-82.5963,31.5482],[-82.5963,31.5579],[-82.6283,31.5583],[-82.6273,31.6727],[-82.8366,31.6714],[-82.8364,31.8162],[-82.8367,31.8107],[-82.8422,31.8117],[-82.8386,31.8072],[-82.8499,31.7979],[-82.8558,31.7983],[-82.8628,31.783],[-82.8682,31.7858],[-82.8681,31.7823],[-82.877,31.7809],[-82.8736,31.7847],[-82.8767,31.7871],[-82.8904,31.7804],[-82.8996,31.7832],[-82.8988,31.7915],[-82.9186,31.7787],[-82.9187,31.7841],[-82.9346,31.7877],[-82.9636,31.7845],[-82.97,31.7929],[-82.9786,31.7931],[-82.9829,31.7837],[-82.9903,31.7876],[-82.9901,31.7769],[-82.9957,31.781],[-82.9984,31.6732],[-83.1765,31.6785],[-83.1772,31.6517],[-83.2664,31.6542],[-83.2656,31.6799],[-83.3256,31.6806],[-83.3253,31.7566],[-83.3399,31.7566],[-83.3397,31.7696],[-83.3696,31.7697],[-83.3703,31.7571],[-83.4536,31.7579],[-83.4589,31.7936],[-83.4727,31.807],[-83.4766,31.8295],[-83.4844,31.8348],[-83.4802,31.8473],[-83.6123,31.8541],[-83.6126,31.8041],[-83.8024,31.8035]]]},"properties":{"geoid":"13169","state":"13","district":"169","name":"State House District 169","chamber":"House"}},{"type":"Feature","geometry":{"type":"Polygon","coordinates":[[[-83.6541,31.3308],[-83.5126,31.3274],[-83.5153,31.3015],[-83.5064,31.2798],[-83.5054,31.2596],[-83.5135,31.2285],[-83.4878,31.2303],[-83.4651,31.2158],[-83.398,31.2085],[-83.3995,31.1967],[-83.4047,31.1963],[-83.404,31.1877],[-83.4188,31.1752],[-83.4183,31.1583],[-83.4121,31.1581],[-83.4178,31.1492],[-83.4273,31.148],[-83.4193,31.1209],[-83.4089,31.1131],[-83.3895,31.1136],[-83.3559,31.0731],[-83.3173,31.0956],[-83.3119,31.0902],[-83.3042,31.0918],[-83.3022,31.0836],[-83.2945,31.0797],[-83.2961,31.0702],[-83.2797,31.0636],[-83.2851,31.0517],[-83.2836,31.0404],[-83.2951,31.0273],[-83.198,31.0254],[-83.1979,31.0622],[-83.1672,31.0624],[-83.1651,31.1472],[-83.0382,31.1467],[-83.0364,31.151],[-83.0407,31.1699],[-83.0493,31.1762],[-83.0454,31.2003],[-83.0519,31.2078],[-83.0452,31.2206],[-83.0522,31.2255],[-83.0493,31.2338],[-83.0439,31.235],[-83.0478,31.2409],[-83.0384,31.2551],[-83.0418,31.2647],[-83.0335,31.275],[-83.047,31.283],[-83.0451,31.2929],[-83.059,31.3042],[-83.0596,31.3299],[-83.0756,31.3473],[-83.082,31.3498],[-83.087,31.3461],[-83.088,31.3511],[-83.0997,31.3539],[-83.1124,31.3701],[-83.1163,31.3887],[-83.1407,31.4019],[-83.14,31.4263],[-83.1359,31.4305],[-83.1449,31.4546],[-83.1508,31.4577],[-83.1456,31.4723],[-83.3453,31.4763],[-83.3471,31.4717],[-83.3701,31.4665],[-83.4553,31.466],[-83.473,31.4615],[-83.4723,31.4837],[-83.4838,31.4759],[-83.4819,31.4916],[-83.4866,31.4919],[-83.4865,31.5059],[-83.5215,31.5063],[-83.5272,31.5185],[-83.5758,31.5191],[-83.5924,31.5075],[-83.5928,31.4985],[-83.5843,31.4866],[-83.5869,31.4735],[-83.5768,31.4604],[-83.5858,31.4614],[-83.5963,31.4551],[-83.5964,31.4305],[-83.6366,31.4287],[-83.6375,31.4324],[-83.6518,31.4331],[-83.6541,31.3308]]]},"properties":{"geoid":"13170","state":"13","district":"170","name":"State House District 170","chamber":"House"}},{"type":"Feature","geometry":{"type":"Polygon","coordinates":[[[-84.8713,30.7325],[-84.8635,30.7115],[-84.2811,30.6854],[-84.2806,30.6926],[-84.27,30.6984],[-84.2695,30.7038],[-84.26,30.7042],[-84.2504,30.7137],[-84.2492,30.7256],[-84.2245,30.7348],[-84.2174,30.7417],[-84.2329,30.7713],[-84.2207,30.8011],[-84.237,30.8143],[-84.2548,30.8089],[-84.2405,30.8362],[-84.252,30.843],[-84.2648,30.8655],[-84.2685,30.8958],[-84.2652,30.9002],[-84.2453,30.9035],[-84.2183,30.901],[-84.2286,30.9139],[-84.2056,30.9124],[-84.2051,30.9272],[-84.1956,30.942],[-84.2005,30.9778],[-84.1452,30.9829],[-84.1166,30.9753],[-84.1166,31.078],[-84.0036,31.0773],[-84.0032,31.1023],[-84.0139,31.1024],[-84.0137,31.1118],[-84.003,31.1119],[-83.9978,31.4438],[-84.1378,31.4427],[-84.1533,31.4136],[-84.1584,31.417],[-84.1771,31.4106],[-84.1788,31.3917],[-84.1824,31.3915],[-84.1826,31.3992],[-84.1955,31.3916],[-84.2007,31.3555],[-84.21,31.3594],[-84.2121,31.3557],[-84.2251,31.356],[-84.2344,31.3403],[-84.2413,31.3384],[-84.2441,31.3426],[-84.2542,31.3355],[-84.2679,31.3415],[-84.27,31.333],[-84.2758,31.3297],[-84.3111,31.324],[-84.3162,31.3117],[-84.3323,31.3114],[-84.341,31.3046],[-84.3355,31.2918],[-84.3409,31.2778],[-84.3594,31.2597],[-84.3658,31.2404],[-84.394,31.2297],[-84.406,31.2189],[-84.4091,31.2097],[-84.4043,31.1991],[-84.4128,31.1885],[-84.4199,31.1868],[-84.4168,31.1941],[-84.4201,31.1977],[-84.426,31.1905],[-84.4487,31.1802],[-84.4581,31.1671],[-84.4703,31.1686],[-84.4685,31.1641],[-84.4826,31.1567],[-84.4807,31.1393],[-84.4886,31.1385],[-84.5068,31.1236],[-84.5001,31.118],[-84.5063,31.109],[-84.5034,31.0893],[-84.5081,31.0784],[-84.6442,31.0795],[-84.6458,31.068],[-84.7309,31.0692],[-84.7316,31.0501],[-84.7423,31.0501],[-84.7423,31.0409],[-84.7529,31.0412],[-84.7559,30.8853],[-84.7669,30.8853],[-84.7695,30.8764],[-84.7689,30.8369],[-84.7825,30.8275],[-84.7892,30.8164],[-84.7879,30.8002],[-84.801,30.8014],[-84.8139,30.7814],[-84.8363,30.7789],[-84.8404,30.7722],[-84.8499,30.7722],[-84.8518,30.7635],[-84.8611,30.762],[-84.8595,30.7529],[-84.8675,30.7477],[-84.8713,30.7325]]]},"properties":{"geoid":"13171","state":"13","district":"171","name":"State House District 171","chamber":"House"}},{"type":"Feature","geometry":{"type":"Polygon","coordinates":[[[-84.0217,30.9803],[-84.0139,30.9541],[-83.9976,30.9345],[-83.9735,30.9497],[-83.9503,30.9524],[-83.9247,30.9844],[-83.917,30.9841],[-83.9101,30.9748],[-83.8882,30.9758],[-83.8663,30.9683],[-83.8591,30.9684],[-83.8497,30.9779],[-83.8289,30.9781],[-83.827,30.9709],[-83.8206,30.9722],[-83.8029,30.9626],[-83.7825,30.962],[-83.7833,30.9235],[-83.7787,30.9218],[-83.7766,30.9106],[-83.7593,30.9131],[-83.7572,30.9045],[-83.7396,30.9002],[-83.7362,31.0377],[-83.574,31.0339],[-83.574,31.079],[-83.5499,31.0534],[-83.5298,31.0511],[-83.5256,31.0553],[-83.5074,31.0482],[-83.503,31.0533],[-83.4971,31.0407],[-83.4819,31.0326],[-83.2951,31.0273],[-83.2836,31.0404],[-83.2851,31.0517],[-83.2797,31.0636],[-83.2961,31.0702],[-83.2945,31.0797],[-83.3022,31.0836],[-83.3042,31.0918],[-83.3119,31.0902],[-83.3173,31.0956],[-83.3559,31.0731],[-83.3895,31.1136],[-83.4145,31.1148],[-83.4273,31.148],[-83.4178,31.1492],[-83.4121,31.1581],[-83.4183,31.1583],[-83.4188,31.1752],[-83.404,31.1877],[-83.4047,31.1963],[-83.3995,31.1967],[-83.3976,31.2077],[-83.4651,31.2158],[-83.4878,31.2303],[-83.5127,31.2277],[-83.512,31.2456],[-83.5054,31.2596],[-83.5064,31.2798],[-83.5153,31.3015],[-83.5126,31.3274],[-83.7139,31.3317],[-83.7141,31.3184],[-83.7556,31.3189],[-83.7589,31.319],[-83.7591,31.3322],[-83.9994,31.335],[-84.003,31.1119],[-84.0137,31.1118],[-84.0139,31.1024],[-84.0032,31.1023],[-84.0039,31.0416],[-83.983,31.0412],[-83.9887,31.0286],[-84.0107,31.0316],[-84.0215,31.0207],[-84.0161,31.0027],[-84.0217,30.9803]]]},"properties":{"geoid":"13172","state":"13","district":"172","name":"State House District 172","chamber":"House"}},{"type":"Feature","geometry":{"type":"Polygon","coordinates":[[[-84.2826,30.6853],[-83.7437,30.6584],[-83.7423,30.742],[-83.739,30.742],[-83.7403,30.9028],[-83.7572,30.9045],[-83.7593,30.9131],[-83.7766,30.9106],[-83.7787,30.9218],[-83.7833,30.9235],[-83.7825,30.962],[-83.8029,30.9626],[-83.8206,30.9722],[-83.827,30.9709],[-83.8289,30.9781],[-83.8497,30.9779],[-83.8591,30.9684],[-83.8663,30.9683],[-83.8882,30.9758],[-83.9101,30.9748],[-83.917,30.9841],[-83.9247,30.9844],[-83.9503,30.9524],[-83.9735,30.9497],[-83.9976,30.9345],[-84.0138,30.9539],[-84.0125,30.96],[-84.0215,30.9743],[-84.0161,31.0027],[-84.0215,31.0207],[-84.0107,31.0316],[-83.9887,31.0286],[-83.983,31.0412],[-84.0039,31.0416],[-84.0036,31.0773],[-84.1166,31.078],[-84.1166,30.9753],[-84.1452,30.9829],[-84.2005,30.9778],[-84.1956,30.942],[-84.2051,30.9272],[-84.2056,30.9124],[-84.2286,30.9139],[-84.2183,30.901],[-84.2453,30.9035],[-84.2652,30.9002],[-84.2685,30.8958],[-84.2648,30.8655],[-84.252,30.843],[-84.2405,30.8362],[-84.2548,30.8089],[-84.237,30.8143],[-84.2207,30.8011],[-84.2329,30.7713],[-84.2174,30.7417],[-84.2245,30.7348],[-84.2492,30.7256],[-84.2504,30.7137],[-84.26,30.7042],[-84.2695,30.7038],[-84.2826,30.6853]]]},"properties":{"geoid":"13173","state":"13","district":"173","name":"State House District 173","chamber":"House"}},{"type":"Feature","geometry":{"type":"Polygon","coordinates":[[[-83.2738,30.7511],[-83.2483,30.7066],[-83.2421,30.7105],[-83.2134,30.7103],[-83.207,30.6901],[-83.1786,30.6836],[-83.1357,30.6411],[-83.1366,30.624],[-82.2147,30.5686],[-82.2342,30.5577],[-82.2404,30.5378],[-82.2308,30.5266],[-82.2251,30.5077],[-82.2126,30.5005],[-82.2012,30.4851],[-82.2077,30.4604],[-82.2038,30.445],[-82.2109,30.4254],[-82.1928,30.3791],[-82.1848,30.3789],[-82.181,30.3686],[-82.1618,30.3571],[-82.14,30.3649],[-82.1339,30.3622],[-82.1269,30.3683],[-82.1181,30.3644],[-82.1052,30.3689],[-82.0947,30.3607],[-82.0727,30.3614],[-82.0656,30.3559],[-82.0624,30.3606],[-82.0421,30.3654],[-82.0445,30.3677],[-82.0372,30.372],[-82.0358,30.385],[-82.0447,30.404],[-82.0413,30.4067],[-82.0438,30.4149],[-82.0341,30.42],[-82.04,30.4367],[-82.0281,30.4473],[-82.0236,30.4672],[-82.0169,30.4751],[-82.0146,30.5123],[-82.019,30.533],[-82.0084,30.5545],[-82.0107,30.5607],[-82.0054,30.5636],[-82.0151,30.6006],[-82.0272,30.6067],[-82.0283,30.622],[-82.0316,30.6195],[-82.0332,30.6295],[-82.0405,30.6361],[-82.0416,30.649],[-82.049,30.6553],[-82.046,30.6664],[-82.0503,30.6761],[-82.0412,30.691],[-82.0429,30.7009],[-82.0359,30.7062],[-82.0385,30.7226],[-82.0456,30.7273],[-82.0389,30.7362],[-82.0393,30.7494],[-82.0361,30.7548],[-82.0315,30.7503],[-82.0179,30.7548],[-82.0202,30.7578],[-82.0116,30.7619],[-82.0238,30.7836],[-82.0167,30.7915],[-82.0038,30.7918],[-81.981,30.777],[-81.9733,30.779],[-81.9622,30.797],[-81.9645,30.8173],[-81.9498,30.8278],[-81.942,30.8256],[-81.9388,30.8298],[-81.9284,30.8174],[-81.9042,30.8186],[-81.9073,30.8256],[-81.8921,30.91],[-81.8963,30.9048],[-81.9062,30.9088],[-81.9022,30.915],[-81.9124,30.91],[-81.9155,30.9135],[-81.8928,30.9505],[-81.8919,30.9602],[-81.9035,30.966],[-81.9065,30.9753],[-81.9135,30.9746],[-81.9176,30.9859],[-81.9124,30.9915],[-81.9145,30.9961],[-81.9074,30.9958],[-81.9115,31.0109],[-81.904,31.0211],[-81.9085,31.0241],[-81.9026,31.0284],[-81.9063,31.0308],[-81.9047,31.0372],[-81.9115,31.0432],[-81.9358,31.0476],[-81.9318,31.0565],[-81.9369,31.0605],[-81.9318,31.064],[-81.9261,31.0612],[-81.9274,31.0793],[-81.9159,31.0953],[-81.8896,31.1008],[-81.8407,31.0977],[-81.8188,31.1368],[-81.8016,31.1513],[-81.7907,31.146],[-81.7662,31.1697],[-81.7763,31.1645],[-81.7818,31.1658],[-81.7826,31.1725],[-81.776,31.1765],[-81.7669,31.2015],[-81.7472,31.2815],[-81.7337,31.2973],[-81.7317,31.33],[-81.8011,31.3637],[-81.9232,31.3459],[-82.0311,31.3662],[-82.0411,31.3737],[-82.0407,31.3619],[-82.0201,31.3273],[-82.005,31.3111],[-81.9921,31.308],[-81.9972,31.2887],[-82.0063,31.2852],[-82.0072,31.2758],[-82.0214,31.2794],[-82.0225,31.2751],[-82.0317,31.2775],[-82.0391,31.273],[-82.0438,31.2765],[-82.0518,31.2711],[-82.0616,31.2765],[-82.0635,31.2712],[-82.0706,31.2765],[-82.0825,31.2714],[-82.0843,31.2753],[-82.1002,31.2767],[-82.1331,31.2549],[-82.1403,31.2585],[-82.1455,31.2525],[-82.1404,31.2507],[-82.1447,31.2488],[-82.1398,31.2435],[-82.1419,31.2376],[-82.1507,31.235],[-82.1464,31.2269],[-82.1504,31.2285],[-82.1514,31.2225],[-82.1662,31.2148],[-82.1747,31.2179],[-82.183,31.2057],[-82.1932,31.2021],[-82.1949,31.2077],[-82.2115,31.2154],[-82.2235,31.2148],[-82.2208,31.2179],[-82.2257,31.2206],[-82.2404,31.2171],[-82.264,31.2213],[-82.2686,31.217],[-82.2837,31.2265],[-82.2843,31.1927],[-82.3753,31.22],[-82.3806,31.2153],[-82.3834,31.2195],[-82.3837,31.2113],[-82.3992,31.2097],[-82.3947,31.2085],[-82.3992,31.2043],[-82.3839,31.2074],[-82.3844,31.2028],[-82.3904,31.2018],[-82.39,31.1952],[-82.3831,31.1933],[-82.4194,31.1614],[-82.4403,31.1488],[-82.4434,31.1511],[-82.442,31.1481],[-82.4544,31.1387],[-82.46,31.1144],[-82.4789,31.1138],[-82.476,31.1002],[-82.4597,31.0905],[-82.4734,31.0813],[-82.4742,31.0866],[-82.4922,31.0943],[-82.4996,31.11],[-82.4957,31.1189],[-82.5058,31.1273],[-82.5094,31.1391],[-82.5336,31.1467],[-82.5418,31.1577],[-82.5317,31.157],[-82.5216,31.1773],[-82.5184,31.2012],[-82.6665,31.1729],[-82.6717,31.1837],[-82.9712,31.184],[-82.9713,30.8694],[-82.9822,30.8722],[-82.992,30.8617],[-83.0066,30.8595],[-83.014,30.8447],[-83.0253,30.8521],[-83.0204,30.9043],[-83.0273,30.9062],[-83.0277,30.9152],[-83.0364,30.916],[-83.0319,30.9222],[-83.0403,30.9269],[-83.0361,30.9321],[-83.0425,30.9377],[-83.0429,30.9473],[-83.1333,30.949],[-83.2224,30.8818],[-83.2258,30.8569],[-83.2229,30.83],[-83.2282,30.83],[-83.2377,30.7989],[-83.2677,30.7697],[-83.2738,30.7511]]]},"properties":{"geoid":"13174","state":"13","district":"174","name":"State House District 174","chamber":"House"}},{"type":"Feature","geometry":{"type":"Polygon","coordinates":[[[-83.7437,30.6586],[-83.1366,30.624],[-83.1357,30.6411],[-83.1786,30.6836],[-83.207,30.6901],[-83.2134,30.7103],[-83.2421,30.7105],[-83.2483,30.7066],[-83.2757,30.754],[-83.2942,30.7743],[-83.3153,30.8155],[-83.3554,30.7999],[-83.3725,30.7989],[-83.3566,30.8054],[-83.3599,30.8108],[-83.3575,30.8293],[-83.3647,30.8394],[-83.3595,30.8364],[-83.3509,30.8418],[-83.3467,30.8528],[-83.3395,30.85],[-83.3257,30.8577],[-83.3188,30.8665],[-83.3241,30.8719],[-83.3055,30.8742],[-83.305,30.8852],[-83.2961,30.8798],[-83.2917,30.8823],[-83.2883,30.9113],[-83.2616,30.9122],[-83.2506,30.9231],[-83.2409,30.9227],[-83.2477,30.8891],[-83.2306,30.8894],[-83.2311,30.8788],[-83.2006,30.8963],[-83.2064,30.9148],[-83.2107,30.9156],[-83.2103,30.9474],[-83.2692,30.9524],[-83.2691,30.9612],[-83.2616,30.9674],[-83.2644,30.9726],[-83.2606,30.9771],[-83.2649,30.9823],[-83.2481,30.9929],[-83.2602,31.0134],[-83.2619,31.0266],[-83.4819,31.0326],[-83.4971,31.0407],[-83.503,31.0533],[-83.5074,31.0482],[-83.5256,31.0553],[-83.5298,31.0511],[-83.5499,31.0534],[-83.574,31.079],[-83.574,31.0339],[-83.7362,31.0377],[-83.739,30.742],[-83.7423,30.742],[-83.7437,30.6586]]]},"properties":{"geoid":"13175","state":"13","district":"175","name":"State House District 175","chamber":"House"}},{"type":"Feature","geometry":{"type":"Polygon","coordinates":[[[-83.27,30.9579],[-83.2692,30.9523],[-83.2103,30.9474],[-83.2107,30.9156],[-83.2064,30.9148],[-83.2006,30.8963],[-83.1333,30.949],[-83.0429,30.9473],[-83.0425,30.9377],[-83.0361,30.9321],[-83.0403,30.9269],[-83.0319,30.9222],[-83.0364,30.916],[-83.0277,30.9152],[-83.0273,30.9062],[-83.0204,30.9043],[-83.0253,30.8521],[-83.014,30.8447],[-83.0066,30.8595],[-82.992,30.8617],[-82.9822,30.8722],[-82.9713,30.8694],[-82.9712,31.184],[-82.6717,31.1837],[-82.6665,31.1729],[-82.5184,31.2012],[-82.5216,31.1773],[-82.5317,31.157],[-82.5418,31.1577],[-82.5336,31.1467],[-82.5094,31.1391],[-82.5058,31.1273],[-82.4957,31.1189],[-82.4996,31.11],[-82.4922,31.0943],[-82.4742,31.0866],[-82.4734,31.0813],[-82.4597,31.0905],[-82.476,31.1002],[-82.4786,31.1142],[-82.46,31.1144],[-82.4544,31.1387],[-82.442,31.1481],[-82.4434,31.1511],[-82.4403,31.1488],[-82.4194,31.1614],[-82.3831,31.1933],[-82.39,31.1952],[-82.3904,31.2018],[-82.3844,31.2028],[-82.3839,31.2074],[-82.3992,31.2043],[-82.3947,31.2085],[-82.3992,31.2097],[-82.3837,31.2113],[-82.3834,31.2195],[-82.3806,31.2153],[-82.3753,31.22],[-82.2843,31.1927],[-82.2846,31.2244],[-82.315,31.226],[-82.3187,31.237],[-82.3331,31.2417],[-82.3408,31.2525],[-82.358,31.2633],[-82.3627,31.2721],[-82.3593,31.2726],[-82.3695,31.2773],[-82.3675,31.2859],[-82.384,31.2914],[-82.3902,31.3107],[-82.3895,31.3649],[-82.4026,31.365],[-82.4026,31.3788],[-82.417,31.3789],[-82.417,31.3909],[-82.4026,31.3909],[-82.4026,31.4048],[-82.4174,31.405],[-82.4172,31.4171],[-82.4815,31.4175],[-82.4814,31.4431],[-82.4937,31.4429],[-82.4947,31.4687],[-82.6282,31.4694],[-82.629,31.3639],[-82.7617,31.3643],[-82.7622,31.3754],[-82.7821,31.4103],[-82.7976,31.4098],[-82.8067,31.4206],[-82.8168,31.4215],[-82.813,31.441],[-82.8223,31.4666],[-82.8508,31.4666],[-82.8512,31.4878],[-82.8681,31.49],[-82.8762,31.4963],[-82.8731,31.5086],[-82.8942,31.5199],[-82.9333,31.5188],[-82.9326,31.4932],[-82.941,31.4934],[-82.9408,31.4755],[-82.9758,31.4627],[-82.9817,31.4565],[-83.0006,31.4561],[-83.0171,31.4604],[-83.0254,31.4681],[-83.0681,31.4704],[-83.0901,31.4773],[-83.1139,31.4783],[-83.1198,31.4737],[-83.1456,31.4723],[-83.1508,31.4577],[-83.1449,31.4546],[-83.1359,31.4305],[-83.14,31.4263],[-83.1407,31.4019],[-83.1163,31.3887],[-83.1124,31.3701],[-83.0997,31.3539],[-83.088,31.3511],[-83.087,31.3461],[-83.082,31.3498],[-83.0756,31.3473],[-83.0596,31.3299],[-83.059,31.3042],[-83.0451,31.2929],[-83.047,31.283],[-83.0335,31.275],[-83.0418,31.2647],[-83.0384,31.2551],[-83.0478,31.2409],[-83.0439,31.235],[-83.0493,31.2338],[-83.0522,31.2255],[-83.0452,31.2206],[-83.0519,31.2078],[-83.0454,31.2003],[-83.0493,31.1762],[-83.0407,31.1699],[-83.0364,31.151],[-83.0382,31.1467],[-83.1651,31.1472],[-83.1672,31.0624],[-83.1979,31.0622],[-83.198,31.0254],[-83.2619,31.0266],[-83.2602,31.0134],[-83.2481,30.9929],[-83.2649,30.9823],[-83.2606,30.9771],[-83.2644,30.9726],[-83.2616,30.9674],[-83.27,30.9579]]]},"properties":{"geoid":"13176","state":"13","district":"176","name":"State House District 176","chamber":"House"}},{"type":"Feature","geometry":{"type":"Polygon","coordinates":[[[-83.3725,30.7989],[-83.3554,30.7999],[-83.3153,30.8155],[-83.2942,30.7743],[-83.2738,30.7511],[-83.2677,30.7697],[-83.2377,30.7989],[-83.2282,30.83],[-83.2229,30.83],[-83.2258,30.8569],[-83.2224,30.8818],[-83.2311,30.8788],[-83.2306,30.8894],[-83.2477,30.8891],[-83.2409,30.9227],[-83.2506,30.9231],[-83.2616,30.9122],[-83.2912,30.9094],[-83.2913,30.8985],[-83.2877,30.8978],[-83.2915,30.8984],[-83.2917,30.8823],[-83.2961,30.8798],[-83.305,30.8852],[-83.3055,30.8742],[-83.3241,30.8719],[-83.3188,30.8665],[-83.3257,30.8577],[-83.3395,30.85],[-83.3467,30.8528],[-83.3509,30.8418],[-83.3595,30.8364],[-83.3647,30.8394],[-83.3575,30.8293],[-83.3599,30.8108],[-83.3566,30.8054],[-83.3725,30.7989]]]},"properties":{"geoid":"13177","state":"13","district":"177","name":"State House District 177","chamber":"House"}},{"type":"Feature","geometry":{"type":"Polygon","coordinates":[[[-82.6282,31.5659],[-82.6283,31.5583],[-82.5963,31.5579],[-82.5975,31.4693],[-82.4947,31.4687],[-82.4937,31.4429],[-82.4814,31.4431],[-82.4815,31.4175],[-82.4172,31.4171],[-82.4174,31.405],[-82.4026,31.4048],[-82.4026,31.3909],[-82.417,31.3909],[-82.417,31.3789],[-82.4026,31.3788],[-82.4026,31.365],[-82.3895,31.3649],[-82.3872,31.2971],[-82.3839,31.2912],[-82.3674,31.2857],[-82.3695,31.2773],[-82.3593,31.2726],[-82.3622,31.2694],[-82.3506,31.2554],[-82.3408,31.2525],[-82.3331,31.2417],[-82.3187,31.237],[-82.315,31.226],[-82.2832,31.2265],[-82.2686,31.217],[-82.264,31.2213],[-82.2404,31.2171],[-82.2257,31.2206],[-82.2208,31.2179],[-82.2235,31.2148],[-82.2115,31.2154],[-82.1949,31.2077],[-82.1934,31.2021],[-82.183,31.2057],[-82.1747,31.2179],[-82.1662,31.2148],[-82.1514,31.2225],[-82.1504,31.2285],[-82.1464,31.2269],[-82.1507,31.235],[-82.1419,31.2376],[-82.1398,31.2435],[-82.1447,31.2488],[-82.1404,31.2507],[-82.1455,31.2525],[-82.1403,31.2585],[-82.1331,31.2549],[-82.1002,31.2767],[-82.0843,31.2753],[-82.0825,31.2714],[-82.0706,31.2765],[-82.0635,31.2712],[-82.0616,31.2765],[-82.0518,31.2711],[-82.0438,31.2765],[-82.0391,31.273],[-82.0317,31.2775],[-82.0225,31.2751],[-82.0214,31.2794],[-82.0071,31.2759],[-82.0063,31.2852],[-81.9972,31.2887],[-81.9921,31.308],[-82.005,31.3111],[-82.0201,31.3273],[-82.0407,31.3619],[-82.0411,31.3737],[-82.0311,31.3662],[-81.9232,31.3459],[-81.8011,31.3637],[-81.7252,31.3272],[-81.699,31.363],[-81.7048,31.3749],[-81.692,31.4005],[-81.665,31.3999],[-81.612,31.4689],[-81.6231,31.4848],[-81.6401,31.4881],[-81.6477,31.4956],[-81.6456,31.5012],[-81.6571,31.5079],[-81.6523,31.5286],[-81.667,31.5324],[-81.6635,31.5406],[-81.6712,31.5479],[-81.6819,31.5418],[-81.6833,31.5522],[-81.6899,31.5505],[-81.7041,31.5571],[-81.7077,31.5534],[-81.7192,31.5548],[-81.7298,31.5628],[-81.7632,31.5707],[-81.7658,31.5674],[-81.7788,31.573],[-81.7794,31.579],[-81.785,31.5817],[-81.8174,31.5635],[-81.831,31.5669],[-81.8578,31.5902],[-81.8405,31.6058],[-81.884,31.6422],[-81.8972,31.6412],[-81.8919,31.6551],[-81.9038,31.6553],[-81.9037,31.651],[-81.9096,31.6498],[-81.9194,31.6712],[-81.9378,31.6825],[-81.9564,31.7047],[-81.9571,31.7109],[-81.9326,31.7065],[-81.9503,31.7145],[-81.9432,31.7179],[-81.9342,31.7325],[-81.9254,31.7264],[-81.9034,31.7236],[-81.9132,31.7397],[-81.909,31.748],[-81.9114,31.7535],[-81.9201,31.7598],[-81.9258,31.7518],[-81.9316,31.7618],[-81.9437,31.7597],[-81.9434,31.7668],[-81.9517,31.7723],[-81.954,31.7893],[-81.9691,31.7893],[-81.9765,31.7826],[-81.9978,31.7935],[-81.9961,31.7998],[-82.0068,31.8],[-82.0164,31.8237],[-82.0211,31.8237],[-82.0261,31.8151],[-82.0533,31.8278],[-82.0794,31.8279],[-82.0874,31.8216],[-82.0872,31.7995],[-82.1065,31.7998],[-82.107,31.7861],[-82.0893,31.7859],[-82.0894,31.7729],[-82.133,31.7734],[-82.1335,31.6308],[-82.1627,31.6294],[-82.1939,31.6375],[-82.2044,31.6457],[-82.223,31.6456],[-82.2273,31.6657],[-82.2474,31.6878],[-82.2576,31.6794],[-82.2703,31.6789],[-82.2716,31.6915],[-82.2675,31.6987],[-82.2868,31.7115],[-82.2995,31.7319],[-82.3102,31.7398],[-82.3207,31.7041],[-82.342,31.7234],[-82.3554,31.7642],[-82.3686,31.7325],[-82.3812,31.7161],[-82.3985,31.7031],[-82.4152,31.708],[-82.4166,31.7236],[-82.4108,31.735],[-82.423,31.7312],[-82.4379,31.7393],[-82.4539,31.736],[-82.4533,31.7415],[-82.4631,31.7426],[-82.4692,31.7536],[-82.4474,31.7614],[-82.4508,31.7722],[-82.4444,31.7783],[-82.4464,31.7904],[-82.4425,31.7947],[-82.451,31.8132],[-82.4631,31.8194],[-82.4662,31.8319],[-82.4736,31.8314],[-82.468,31.8382],[-82.5203,31.8384],[-82.5202,31.7492],[-82.5507,31.7491],[-82.5507,31.7363],[-82.5206,31.7362],[-82.5214,31.6725],[-82.6273,31.6727],[-82.6282,31.5659]]]},"properties":{"geoid":"13178","state":"13","district":"178","name":"State House District 178","chamber":"House"}},{"type":"Feature","geometry":{"type":"Polygon","coordinates":[[[-81.5736,31.1938],[-81.561,31.1664],[-81.5663,31.1628],[-81.568,31.1533],[-81.5582,31.1637],[-81.5404,31.172],[-81.5306,31.1884],[-81.5255,31.1819],[-81.5304,31.1494],[-81.5208,31.1285],[-81.4513,31.1032],[-81.4302,31.1075],[-81.4008,31.1301],[-81.3541,31.1228],[-81.2884,31.1249],[-81.2964,31.1519],[-81.2479,31.1608],[-81.2343,31.1703],[-81.2222,31.188],[-81.2163,31.2047],[-81.1861,31.2502],[-81.1837,31.2943],[-81.2958,31.2917],[-81.316,31.3089],[-81.3322,31.3061],[-81.3379,31.313],[-81.3696,31.3187],[-81.3872,31.3149],[-81.4078,31.291],[-81.4122,31.2957],[-81.4046,31.3096],[-81.4098,31.3109],[-81.4149,31.3057],[-81.4267,31.3115],[-81.4379,31.3035],[-81.4305,31.3003],[-81.4458,31.289],[-81.4366,31.2668],[-81.4427,31.2549],[-81.4542,31.257],[-81.4762,31.2505],[-81.5011,31.2372],[-81.5047,31.2462],[-81.5101,31.2468],[-81.5421,31.2409],[-81.5303,31.2289],[-81.541,31.2274],[-81.5458,31.2217],[-81.5482,31.2256],[-81.5482,31.221],[-81.5524,31.2257],[-81.5536,31.215],[-81.5622,31.2193],[-81.5733,31.2169],[-81.5682,31.2112],[-81.5711,31.2058],[-81.5657,31.2083],[-81.5736,31.1938]]]},"properties":{"geoid":"13179","state":"13","district":"179","name":"State House District 179","chamber":"House"}},{"type":"Feature","geometry":{"type":"Polygon","coordinates":[[[-81.9369,31.0605],[-81.9318,31.0565],[-81.9358,31.0476],[-81.9115,31.0432],[-81.9026,31.0292],[-81.9068,31.0285],[-81.9085,31.0238],[-81.9044,31.0249],[-81.904,31.0211],[-81.9115,31.0109],[-81.9074,30.9958],[-81.9145,30.9961],[-81.9124,30.9915],[-81.9176,30.9859],[-81.9135,30.9746],[-81.9065,30.9753],[-81.9035,30.966],[-81.892,30.9605],[-81.8924,30.9515],[-81.9155,30.9135],[-81.9124,30.91],[-81.9022,30.915],[-81.9062,30.9088],[-81.8963,30.9048],[-81.8921,30.91],[-81.9049,30.8283],[-81.892,30.8249],[-81.8825,30.8002],[-81.8711,30.798],[-81.8684,30.7928],[-81.8403,30.7926],[-81.8395,30.7866],[-81.8074,30.7901],[-81.7969,30.7815],[-81.7931,30.7873],[-81.7838,30.7733],[-81.7867,30.7698],[-81.7826,30.7615],[-81.7716,30.7641],[-81.7707,30.7768],[-81.7617,30.7757],[-81.7559,30.7693],[-81.7408,30.765],[-81.7422,30.7593],[-81.7201,30.7447],[-81.6939,30.7485],[-81.6892,30.7416],[-81.6725,30.7388],[-81.6708,30.7474],[-81.6799,30.7447],[-81.6831,30.7485],[-81.6623,30.7542],[-81.663,30.7435],[-81.6518,30.7422],[-81.6522,30.7289],[-81.6436,30.7282],[-81.6366,30.7339],[-81.6304,30.7281],[-81.6244,30.7363],[-81.6207,30.731],[-81.623,30.7235],[-81.6142,30.7224],[-81.6096,30.7159],[-81.6019,30.7296],[-81.5965,30.7275],[-81.5962,30.7187],[-81.5877,30.7236],[-81.5742,30.7225],[-81.5635,30.7175],[-81.5614,30.7117],[-81.5484,30.7183],[-81.5384,30.7087],[-81.534,30.7114],[-81.5323,30.7241],[-81.4885,30.7263],[-81.4741,30.7139],[-81.4512,30.7095],[-81.347,30.7124],[-81.3591,30.7443],[-81.3748,30.7575],[-81.4005,30.7664],[-81.3627,30.8459],[-81.3502,30.8891],[-81.3452,30.9315],[-81.3175,30.9485],[-81.3048,30.9708],[-81.3048,30.9857],[-81.3107,30.9973],[-81.3445,31.0181],[-81.3534,31.0371],[-81.3453,31.0594],[-81.318,31.0658],[-81.2979,31.081],[-81.2863,31.1031],[-81.2884,31.1249],[-81.3541,31.1228],[-81.4008,31.1301],[-81.4302,31.1075],[-81.4513,31.1032],[-81.5208,31.1285],[-81.5304,31.1494],[-81.5255,31.1819],[-81.5306,31.1884],[-81.5404,31.172],[-81.5585,31.1635],[-81.5748,31.1464],[-81.5993,31.1323],[-81.6111,31.1315],[-81.6296,31.1347],[-81.7102,31.1721],[-81.739,31.1709],[-81.7736,31.1834],[-81.7824,31.1669],[-81.776,31.1645],[-81.7662,31.1697],[-81.7907,31.146],[-81.8016,31.1513],[-81.8188,31.1368],[-81.8407,31.0977],[-81.8896,31.1008],[-81.9159,31.0953],[-81.9274,31.0793],[-81.9261,31.0612],[-81.9318,31.064],[-81.9369,31.0605]]]},"properties":{"geoid":"13180","state":"13","district":"180","name":"State House District 180","chamber":"House"}}]}