{"type":"FeatureCollection","features":[{"type":"Feature","geometry":{"type":"Polygon","coordinates":[[[-81.8244,32.0149],[-81.8224,32.0069],[-81.8092,31.9985],[-81.8039,31.9859],[-81.7939,31.9778],[-81.7758,31.9809],[-81.747,31.9694],[-81.7429,31.9549],[-81.7454,31.9363],[-81.7662,31.8868],[-81.7654,31.8745],[-81.7523,31.8612],[-81.7358,31.854],[-81.7287,31.8418],[-81.714,31.8347],[-81.6952,31.8126],[-81.6565,31.798],[-81.6433,31.7857],[-81.6418,31.7655],[-81.4996,31.7],[-81.4657,31.6942],[-81.4609,31.6837],[-81.4677,31.6785],[-81.4553,31.6594],[-81.4431,31.654],[-81.4339,31.641],[-81.4176,31.6521],[-81.3961,31.6424],[-81.377,31.6502],[-81.3778,31.6551],[-81.3744,31.6472],[-81.3709,31.6518],[-81.3662,31.649],[-81.3643,31.6543],[-81.3556,31.6547],[-81.3381,31.6471],[-81.318,31.6599],[-81.2984,31.6493],[-81.2688,31.6522],[-81.2373,31.6394],[-81.1909,31.6003],[-81.1949,31.5588],[-81.1876,31.5465],[-81.1751,31.5397],[-81.0954,31.521],[-81.0871,31.5292],[-81.0767,31.5979],[-81.0658,31.6252],[-81.0696,31.6424],[-81.0666,31.6573],[-81.0498,31.6886],[-81.0566,31.7149],[-81.0258,31.7202],[-81.0138,31.7286],[-80.9972,31.7485],[-80.9962,31.7621],[-80.977,31.7809],[-80.9707,31.7984],[-80.9496,31.803],[-80.9286,31.817],[-80.9168,31.8384],[-80.897,31.8528],[-80.8553,31.9108],[-80.7963,31.9535],[-80.783,31.996],[-80.8228,32.0342],[-80.8502,32.0414],[-80.8921,32.0354],[-80.921,32.04],[-80.954,32.0703],[-80.9835,32.0795],[-80.9921,32.0949],[-81.0089,32.1025],[-81.0263,32.0881],[-81.042,32.0845],[-81.0543,32.071],[-81.0418,32.0645],[-81.0449,32.0584],[-81.0519,32.0622],[-81.0508,32.0572],[-81.0382,32.0529],[-81.0351,32.0567],[-81.0295,32.0503],[-81.0342,32.049],[-81.0279,32.0353],[-81.0484,32.0287],[-81.032,32.0207],[-81.0324,32.0152],[-81.0447,32.0164],[-81.0486,32.0007],[-81.0561,31.9931],[-81.0609,31.9976],[-81.0743,31.9857],[-81.0762,31.9898],[-81.1013,31.9931],[-81.1206,31.9742],[-81.1103,31.9703],[-81.1129,31.9656],[-81.133,31.9729],[-81.1473,31.9463],[-81.1698,31.9417],[-81.1769,31.9491],[-81.1852,31.9497],[-81.1821,31.956],[-81.1889,31.9598],[-81.1901,31.9741],[-81.1824,31.9837],[-81.2169,31.9858],[-81.2484,32],[-81.233,32.014],[-81.2605,32.0391],[-81.2571,32.0515],[-81.2601,32.0557],[-81.2667,32.0531],[-81.2644,32.0597],[-81.268,32.0628],[-81.2524,32.0617],[-81.2462,32.0741],[-81.3036,32.0924],[-81.2824,32.1016],[-81.2906,32.11],[-81.2796,32.1094],[-81.2796,32.1146],[-81.2846,32.1161],[-81.2725,32.1239],[-81.328,32.1417],[-81.3917,32.0959],[-81.3918,32.1005],[-81.4025,32.1072],[-81.4068,32.1019],[-81.4006,32.1064],[-81.4082,32.1274],[-81.4015,32.1498],[-81.4138,32.1607],[-81.41,32.168],[-81.4153,32.1831],[-81.4097,32.1853],[-81.4186,32.1969],[-81.4134,32.2078],[-81.4295,32.2169],[-81.4261,32.2283],[-81.4358,32.2413],[-81.7815,32.1525],[-81.7774,32.1322],[-81.7712,32.1314],[-81.7612,32.1196],[-81.7641,32.1163],[-81.7541,32.1117],[-81.7568,32.1048],[-81.7413,32.1046],[-81.7317,32.0962],[-81.7271,32.099],[-81.7187,32.0894],[-81.7617,32.0479],[-81.8134,32.0162],[-81.8244,32.0149]]]},"properties":{"geoid":"13001","state":"13","district":"1","name":"State Senate District 1","chamber":"Senate"}},{"type":"Feature","geometry":{"type":"Polygon","coordinates":[[[-81.2942,32.1661],[-81.2755,32.1668],[-81.2698,32.1721],[-81.2412,32.1706],[-81.2419,32.1607],[-81.2545,32.1578],[-81.2441,32.1573],[-81.2521,32.1499],[-81.2474,32.1446],[-81.2404,32.1455],[-81.239,32.1268],[-81.2227,32.1229],[-81.2125,32.1268],[-81.2018,32.1134],[-81.2032,32.1066],[-81.1953,32.1111],[-81.1959,32.0779],[-81.2155,32.0465],[-81.2307,32.0413],[-81.2322,32.0487],[-81.2385,32.0511],[-81.2399,32.0634],[-81.2421,32.0593],[-81.2657,32.0646],[-81.2682,32.0562],[-81.2642,32.0529],[-81.2601,32.0557],[-81.2571,32.0515],[-81.2605,32.0391],[-81.233,32.014],[-81.2484,32],[-81.2169,31.9858],[-81.1824,31.9837],[-81.1901,31.974],[-81.1889,31.9596],[-81.1819,31.9551],[-81.185,31.9496],[-81.1769,31.9491],[-81.1698,31.9417],[-81.1473,31.9463],[-81.133,31.9729],[-81.1114,31.9671],[-81.1104,31.9705],[-81.1206,31.9742],[-81.1013,31.9931],[-81.0762,31.9898],[-81.0743,31.9857],[-81.0609,31.9976],[-81.0561,31.9931],[-81.0486,32.0007],[-81.0447,32.0164],[-81.0356,32.013],[-81.0315,32.0166],[-81.032,32.0207],[-81.0484,32.0287],[-81.0279,32.0353],[-81.0342,32.049],[-81.0295,32.0503],[-81.0351,32.0567],[-81.0382,32.0529],[-81.0508,32.0572],[-81.0519,32.0622],[-81.0449,32.0584],[-81.0418,32.0645],[-81.0543,32.071],[-81.0397,32.0845],[-81.0883,32.0999],[-81.0916,32.1112],[-81.1067,32.1097],[-81.1164,32.116],[-81.1191,32.1421],[-81.1122,32.1508],[-81.12,32.1533],[-81.122,32.1618],[-81.1298,32.1658],[-81.1211,32.1749],[-81.1111,32.1727],[-81.1119,32.178],[-81.1204,32.1787],[-81.1182,32.1892],[-81.1218,32.1918],[-81.114,32.1957],[-81.1219,32.1955],[-81.1389,32.2198],[-81.1521,32.222],[-81.1448,32.2265],[-81.1954,32.2376],[-81.2942,32.1661]]]},"properties":{"geoid":"13002","state":"13","district":"2","name":"State Senate District 2","chamber":"Senate"}},{"type":"Feature","geometry":{"type":"Polygon","coordinates":[[[-82.48,31.1094],[-82.476,31.1002],[-82.4597,31.0905],[-82.4734,31.0813],[-82.4664,31.0705],[-82.4314,31.0584],[-82.4258,31.0475],[-82.4123,31.042],[-82.4042,31.0303],[-82.3742,31.0347],[-82.3576,31.0312],[-82.3425,31.0134],[-82.4156,31.0136],[-82.4204,30.7952],[-82.1782,30.791],[-82.1499,30.7843],[-82.2144,30.5668],[-82.2342,30.5577],[-82.2404,30.5378],[-82.2308,30.5266],[-82.2251,30.5077],[-82.2126,30.5005],[-82.2012,30.4851],[-82.2077,30.4604],[-82.2038,30.445],[-82.2109,30.4254],[-82.2067,30.4068],[-82.1903,30.3763],[-82.1848,30.3789],[-82.181,30.3686],[-82.1618,30.3571],[-82.14,30.3649],[-82.1339,30.3622],[-82.1269,30.3683],[-82.1181,30.3644],[-82.1052,30.3689],[-82.0947,30.3607],[-82.0727,30.3614],[-82.0656,30.3559],[-82.0624,30.3606],[-82.0421,30.3654],[-82.0445,30.3677],[-82.0372,30.372],[-82.0358,30.385],[-82.0447,30.404],[-82.0413,30.4067],[-82.0438,30.4149],[-82.0341,30.42],[-82.04,30.4367],[-82.0281,30.4473],[-82.0236,30.4672],[-82.0169,30.4751],[-82.0146,30.5123],[-82.019,30.533],[-82.0084,30.5545],[-82.0107,30.5607],[-82.0054,30.5636],[-82.0151,30.6006],[-82.0272,30.6067],[-82.0283,30.622],[-82.0316,30.6195],[-82.0332,30.6295],[-82.0405,30.6361],[-82.0416,30.649],[-82.049,30.6553],[-82.046,30.6664],[-82.0503,30.6761],[-82.0412,30.691],[-82.0429,30.7009],[-82.0359,30.7062],[-82.0385,30.7226],[-82.0456,30.7276],[-82.0389,30.7362],[-82.0368,30.7544],[-82.0277,30.7509],[-82.0116,30.7619],[-82.0229,30.7877],[-82.0077,30.793],[-81.981,30.777],[-81.9736,30.7787],[-81.9622,30.797],[-81.9645,30.8173],[-81.9498,30.8278],[-81.942,30.8256],[-81.9388,30.8298],[-81.9287,30.8175],[-81.9091,30.8157],[-81.9042,30.8186],[-81.907,30.8265],[-81.9012,30.8299],[-81.892,30.8249],[-81.8827,30.8003],[-81.8711,30.798],[-81.8685,30.7929],[-81.8403,30.7926],[-81.8395,30.7866],[-81.8074,30.7901],[-81.7972,30.7815],[-81.7931,30.7873],[-81.7838,30.7733],[-81.7867,30.7698],[-81.7826,30.7615],[-81.7716,30.7641],[-81.7707,30.7768],[-81.7617,30.7757],[-81.7559,30.7693],[-81.7408,30.765],[-81.7422,30.7593],[-81.7201,30.7447],[-81.6939,30.7485],[-81.6892,30.7416],[-81.6725,30.7388],[-81.6708,30.7474],[-81.6799,30.7447],[-81.6831,30.7485],[-81.6623,30.7542],[-81.663,30.7435],[-81.6518,30.7422],[-81.6522,30.7289],[-81.6436,30.7282],[-81.6366,30.7339],[-81.6304,30.7281],[-81.6244,30.7363],[-81.6207,30.731],[-81.623,30.7235],[-81.6142,30.7224],[-81.6099,30.7159],[-81.6019,30.7296],[-81.5965,30.7275],[-81.5962,30.7187],[-81.5877,30.7236],[-81.5742,30.7225],[-81.5635,30.7175],[-81.5614,30.7117],[-81.5484,30.7183],[-81.5384,30.7087],[-81.534,30.7114],[-81.5323,30.7241],[-81.4885,30.7263],[-81.4741,30.7139],[-81.4512,30.7095],[-81.347,30.7124],[-81.3591,30.7443],[-81.3748,30.7575],[-81.4005,30.7664],[-81.3627,30.8459],[-81.3502,30.8891],[-81.3452,30.9315],[-81.3175,30.9485],[-81.3048,30.9708],[-81.3048,30.9857],[-81.3107,30.9973],[-81.3445,31.0181],[-81.3534,31.0371],[-81.3453,31.0594],[-81.3136,31.0679],[-81.2902,31.0935],[-81.2865,31.1167],[-81.2964,31.1519],[-81.2479,31.1608],[-81.2343,31.1703],[-81.1877,31.2463],[-81.1826,31.269],[-81.1861,31.3268],[-81.1771,31.3393],[-81.1711,31.3703],[-81.1908,31.3999],[-81.1669,31.4234],[-81.1636,31.442],[-81.1438,31.4715],[-81.1254,31.4775],[-81.115,31.487],[-81.0954,31.521],[-81.1751,31.5397],[-81.1876,31.5465],[-81.1949,31.5588],[-81.1909,31.6003],[-81.2373,31.6394],[-81.2688,31.6522],[-81.2984,31.6493],[-81.318,31.6599],[-81.3381,31.6471],[-81.3556,31.6547],[-81.3643,31.6543],[-81.3662,31.649],[-81.3709,31.6518],[-81.3744,31.6472],[-81.3778,31.6551],[-81.377,31.6502],[-81.3916,31.6436],[-81.4176,31.6521],[-81.4336,31.6409],[-81.4431,31.654],[-81.4553,31.6594],[-81.4677,31.6785],[-81.4609,31.6835],[-81.4648,31.6933],[-81.4918,31.6996],[-81.566,31.5765],[-81.6222,31.5513],[-81.6679,31.5373],[-81.6621,31.5284],[-81.6523,31.5286],[-81.6583,31.5105],[-81.6454,31.501],[-81.6476,31.4954],[-81.6324,31.4838],[-81.6231,31.4848],[-81.612,31.4689],[-81.665,31.3999],[-81.692,31.4005],[-81.7048,31.3749],[-81.699,31.363],[-81.7252,31.3272],[-81.8011,31.3637],[-81.9232,31.3459],[-82.0311,31.3662],[-82.0411,31.3737],[-82.0407,31.3619],[-82.0201,31.3273],[-82.005,31.3111],[-81.9921,31.308],[-81.9972,31.2887],[-82.0063,31.2852],[-82.0073,31.2757],[-82.0214,31.2794],[-82.0225,31.2751],[-82.0317,31.2775],[-82.0391,31.273],[-82.0438,31.2765],[-82.0518,31.2711],[-82.0616,31.2765],[-82.0635,31.2712],[-82.0706,31.2765],[-82.0825,31.2714],[-82.0843,31.2753],[-82.1002,31.2767],[-82.1331,31.2549],[-82.1403,31.2585],[-82.1455,31.2525],[-82.1404,31.2507],[-82.1447,31.2488],[-82.1398,31.2435],[-82.1419,31.2376],[-82.1507,31.235],[-82.1464,31.2269],[-82.1504,31.2285],[-82.1514,31.2225],[-82.1662,31.2148],[-82.1747,31.2179],[-82.183,31.2057],[-82.1932,31.2021],[-82.1949,31.2077],[-82.2115,31.2154],[-82.2235,31.2148],[-82.2208,31.2179],[-82.2257,31.2206],[-82.2404,31.2171],[-82.264,31.2213],[-82.2686,31.217],[-82.2832,31.2265],[-82.3147,31.2259],[-82.315,31.2209],[-82.32,31.2215],[-82.3184,31.2139],[-82.3294,31.214],[-82.3293,31.2057],[-82.3753,31.22],[-82.3806,31.2153],[-82.3834,31.2195],[-82.3837,31.2113],[-82.3992,31.2097],[-82.3947,31.2085],[-82.3992,31.2043],[-82.3839,31.2074],[-82.3844,31.2028],[-82.3904,31.2018],[-82.39,31.1952],[-82.3831,31.1933],[-82.4194,31.1614],[-82.4403,31.1488],[-82.4434,31.1511],[-82.442,31.1481],[-82.4544,31.1387],[-82.46,31.1144],[-82.4748,31.1168],[-82.48,31.1094]]]},"properties":{"geoid":"13003","state":"13","district":"3","name":"State Senate District 3","chamber":"Senate"}},{"type":"Feature","geometry":{"type":"Polygon","coordinates":[[[-82.2546,32.3515],[-82.2382,32.3446],[-82.24,32.3326],[-82.2361,32.3287],[-82.2395,32.3267],[-82.2328,32.3188],[-82.0253,32.2789],[-81.98,32.0815],[-81.8889,32.0504],[-81.7617,32.0479],[-81.7498,32.0591],[-81.7187,32.0894],[-81.7271,32.099],[-81.7317,32.0962],[-81.7413,32.1046],[-81.7568,32.1048],[-81.7541,32.1117],[-81.7641,32.1163],[-81.7612,32.1196],[-81.7712,32.1314],[-81.7774,32.1322],[-81.7809,32.1529],[-81.6248,32.1897],[-81.4358,32.2413],[-81.4261,32.2283],[-81.4295,32.2169],[-81.4134,32.2078],[-81.4186,32.1969],[-81.4097,32.1853],[-81.4153,32.1831],[-81.41,32.168],[-81.4138,32.1607],[-81.4015,32.1498],[-81.4082,32.1274],[-81.4006,32.1064],[-81.4068,32.1019],[-81.4025,32.1072],[-81.3918,32.1005],[-81.3917,32.0959],[-81.3268,32.1414],[-81.2725,32.1239],[-81.2846,32.1161],[-81.2796,32.1146],[-81.2796,32.1094],[-81.2906,32.11],[-81.2824,32.1016],[-81.3036,32.0924],[-81.2462,32.0741],[-81.2524,32.0617],[-81.2421,32.0593],[-81.2399,32.0634],[-81.2385,32.0511],[-81.2322,32.0487],[-81.2307,32.0413],[-81.2204,32.0444],[-81.1963,32.0769],[-81.1953,32.1111],[-81.2032,32.1066],[-81.2018,32.1134],[-81.2125,32.1268],[-81.2227,32.1229],[-81.239,32.1268],[-81.2404,32.1455],[-81.2474,32.1446],[-81.2521,32.1499],[-81.2441,32.1573],[-81.2545,32.1578],[-81.2419,32.1607],[-81.2412,32.1706],[-81.2698,32.1721],[-81.2755,32.1668],[-81.2944,32.1661],[-81.1954,32.2376],[-81.1446,32.2261],[-81.1563,32.245],[-81.1459,32.2507],[-81.1463,32.2633],[-81.1369,32.2661],[-81.1421,32.2716],[-81.1332,32.2697],[-81.1295,32.2762],[-81.1235,32.2751],[-81.1271,32.2823],[-81.1195,32.2876],[-81.1239,32.2952],[-81.1227,32.3071],[-81.133,32.3085],[-81.1307,32.3258],[-81.138,32.3282],[-81.1288,32.3366],[-81.1294,32.3415],[-81.1439,32.3515],[-81.1473,32.3501],[-81.1453,32.3452],[-81.16,32.3405],[-81.1546,32.3501],[-81.1609,32.3495],[-81.161,32.3559],[-81.1739,32.3628],[-81.1679,32.3685],[-81.1818,32.3793],[-81.1783,32.393],[-81.2054,32.4234],[-81.2084,32.4372],[-81.1993,32.4429],[-81.2058,32.4505],[-81.2033,32.453],[-81.1979,32.4486],[-81.1977,32.4546],[-81.192,32.4538],[-81.1944,32.4589],[-81.1871,32.4641],[-81.2004,32.4683],[-81.2331,32.4981],[-81.2388,32.5081],[-81.2323,32.5121],[-81.2338,32.5183],[-81.2521,32.5181],[-81.2797,32.5363],[-81.2749,32.5447],[-81.2809,32.5479],[-81.2813,32.5565],[-81.2898,32.5517],[-81.2906,32.5625],[-81.2962,32.5533],[-81.2977,32.5629],[-81.3286,32.5611],[-81.3559,32.5716],[-81.3583,32.5745],[-81.3535,32.5788],[-81.3577,32.5821],[-81.3669,32.577],[-81.3636,32.583],[-81.3698,32.585],[-81.3698,32.5912],[-81.3789,32.5889],[-81.3892,32.5954],[-81.5386,32.5091],[-81.548,32.4893],[-81.5785,32.5125],[-81.5988,32.5074],[-81.6063,32.5146],[-81.6164,32.5157],[-81.6175,32.525],[-81.6289,32.5241],[-81.6288,32.5286],[-81.6394,32.5325],[-81.6481,32.5275],[-81.6545,32.5315],[-81.6565,32.5399],[-81.6616,32.5371],[-81.6662,32.5442],[-81.6776,32.5484],[-81.6896,32.5463],[-81.708,32.5658],[-81.7194,32.5657],[-81.7325,32.5763],[-81.7333,32.5858],[-81.7417,32.5879],[-81.7486,32.5978],[-81.7738,32.607],[-81.7913,32.6274],[-81.799,32.6272],[-81.802,32.6432],[-81.8343,32.6534],[-82.0015,32.6069],[-82.0268,32.5552],[-82.0302,32.5388],[-82.0798,32.5601],[-82.1483,32.5204],[-82.1811,32.4741],[-82.1879,32.4336],[-82.2546,32.3515]]]},"properties":{"geoid":"13004","state":"13","district":"4","name":"State Senate District 4","chamber":"Senate"}},{"type":"Feature","geometry":{"type":"Polygon","coordinates":[[[-84.259,33.9188],[-84.2331,33.902],[-84.2077,33.8779],[-84.1965,33.8824],[-84.1845,33.8803],[-84.1741,33.8867],[-84.188,33.8954],[-84.1831,33.9021],[-84.1778,33.9043],[-84.1628,33.8958],[-84.1534,33.9049],[-84.1325,33.9122],[-84.139,33.9218],[-84.1129,33.9237],[-84.0982,33.9141],[-84.0823,33.9224],[-84.0524,33.9273],[-84.0333,33.9386],[-84.0188,33.9384],[-83.9944,33.957],[-83.9869,33.9574],[-83.9588,33.935],[-83.9454,33.9442],[-83.9268,33.9439],[-83.9211,33.9395],[-83.9167,33.9452],[-83.9274,33.9593],[-83.9219,33.9674],[-83.9285,33.9713],[-83.9256,33.9749],[-83.9451,33.9763],[-83.9508,33.9837],[-83.9587,33.9841],[-84.0022,33.9759],[-84.0381,33.9589],[-84.1055,33.9627],[-84.1452,33.9447],[-84.153,33.9471],[-84.1596,33.9583],[-84.1683,33.9521],[-84.1775,33.9551],[-84.196,33.9493],[-84.2004,33.9524],[-84.2163,33.9347],[-84.2173,33.9401],[-84.259,33.9188]]]},"properties":{"geoid":"13005","state":"13","district":"5","name":"State Senate District 5","chamber":"Senate"}},{"type":"Feature","geometry":{"type":"Polygon","coordinates":[[[-85.3382,33.6531],[-85.2365,33.1296],[-85.1174,33.1637],[-85.1175,33.1785],[-85.1079,33.1785],[-85.108,33.1951],[-85.0976,33.1951],[-85.0976,33.1866],[-85.0877,33.1866],[-85.088,33.1717],[-85.0584,33.1834],[-85.0453,33.1816],[-85.0408,33.1883],[-84.939,33.2247],[-84.8621,33.2239],[-84.8622,33.2075],[-84.872,33.2074],[-84.8699,33.1957],[-84.8624,33.1991],[-84.8624,33.1912],[-84.8523,33.191],[-84.8524,33.2236],[-84.7033,33.2228],[-84.7032,33.2312],[-84.694,33.2313],[-84.694,33.223],[-84.6746,33.2227],[-84.6693,33.2308],[-84.6546,33.2307],[-84.6527,33.2225],[-84.5024,33.2211],[-84.5066,33.2272],[-84.5003,33.2334],[-84.5091,33.245],[-84.4982,33.25],[-84.4971,33.2564],[-84.5067,33.2752],[-84.5044,33.281],[-84.5126,33.2809],[-84.5175,33.2932],[-84.5147,33.3037],[-84.5219,33.3133],[-84.5181,33.3182],[-84.5265,33.3216],[-84.5347,33.3358],[-84.5407,33.3333],[-84.5518,33.3423],[-84.5607,33.3407],[-84.577,33.3586],[-84.5861,33.3579],[-84.5927,33.3797],[-84.6091,33.3931],[-84.6091,33.4004],[-84.6186,33.4086],[-84.6192,33.4225],[-84.6272,33.4401],[-84.6232,33.4684],[-84.6268,33.475],[-84.6094,33.5026],[-84.6211,33.5031],[-84.6213,33.5113],[-84.8512,33.5111],[-84.8445,33.5148],[-84.8281,33.5134],[-84.8149,33.522],[-84.8332,33.5471],[-84.8249,33.5632],[-84.8092,33.5741],[-84.8243,33.5766],[-84.8869,33.5734],[-84.9062,33.5561],[-84.9131,33.5583],[-84.9084,33.5499],[-84.9291,33.5427],[-84.9492,33.5485],[-84.9479,33.5576],[-84.9584,33.5631],[-84.9918,33.5569],[-85.0008,33.5616],[-85.0205,33.561],[-85.0403,33.5411],[-85.0498,33.5526],[-85.0397,33.552],[-85.0439,33.5527],[-85.0437,33.5585],[-85.0376,33.5584],[-85.0482,33.5685],[-85.0639,33.5536],[-85.0716,33.5546],[-85.0738,33.5474],[-85.0795,33.5535],[-85.081,33.5463],[-85.0738,33.5472],[-85.0704,33.5407],[-85.0838,33.5398],[-85.092,33.5483],[-85.0824,33.5547],[-85.0866,33.5573],[-85.0911,33.553],[-85.0934,33.563],[-85.0822,33.5751],[-85.1368,33.5845],[-85.1513,33.576],[-85.1516,33.5833],[-85.1634,33.5957],[-85.1752,33.5988],[-85.1777,33.606],[-85.1902,33.6052],[-85.1895,33.6088],[-85.2033,33.6107],[-85.2089,33.6052],[-85.2289,33.6088],[-85.2258,33.6323],[-85.2343,33.6342],[-85.2344,33.6516],[-85.2485,33.6658],[-85.2897,33.6521],[-85.3382,33.6531]]]},"properties":{"geoid":"13006","state":"13","district":"6","name":"State Senate District 6","chamber":"Senate"}},{"type":"Feature","geometry":{"type":"Polygon","coordinates":[[[-84.2551,33.9852],[-84.2424,33.9826],[-84.233,33.9738],[-84.2257,33.9789],[-84.2175,33.9777],[-84.235,33.9502],[-84.2248,33.9457],[-84.2214,33.9372],[-84.2151,33.9389],[-84.2163,33.9347],[-84.2004,33.9524],[-84.196,33.9493],[-84.1775,33.9551],[-84.1683,33.9521],[-84.1596,33.9583],[-84.153,33.9471],[-84.1452,33.9447],[-84.0968,33.9642],[-84.0421,33.9586],[-84.0261,33.9622],[-84.0029,33.9757],[-83.9854,33.9792],[-83.9895,34.001],[-83.9692,34.0118],[-83.9748,34.0202],[-83.9868,34.0204],[-83.9911,34.0256],[-83.9921,34.0316],[-83.9874,34.0336],[-83.9934,34.0567],[-84.0202,34.0499],[-84.0481,34.03],[-84.0646,34.0577],[-84.0791,34.0416],[-84.0977,34.0506],[-84.1228,34.0335],[-84.1688,34.0285],[-84.1809,33.9987],[-84.192,33.9911],[-84.204,33.9896],[-84.2036,33.9986],[-84.2129,34.0039],[-84.2273,34.0041],[-84.2483,33.9983],[-84.2551,33.9852]]]},"properties":{"geoid":"13007","state":"13","district":"7","name":"State Senate District 7","chamber":"Senate"}},{"type":"Feature","geometry":{"type":"Polygon","coordinates":[[[-83.4843,30.7532],[-83.468,30.7322],[-83.4687,30.7181],[-83.4532,30.7087],[-83.4545,30.7009],[-83.4397,30.6886],[-83.4208,30.689],[-83.4152,30.6747],[-83.3963,30.6773],[-83.3915,30.6719],[-83.394,30.6677],[-83.3709,30.6567],[-83.3631,30.6589],[-83.3606,30.6441],[-83.366,30.6421],[-83.3577,30.6374],[-83.3409,30.6363],[-83.3264,30.6435],[-83.3092,30.6344],[-82.2147,30.5686],[-82.1499,30.7843],[-82.1782,30.791],[-82.4204,30.7952],[-82.4156,31.0136],[-82.3425,31.0134],[-82.3576,31.0312],[-82.3742,31.0347],[-82.4042,31.0303],[-82.4123,31.042],[-82.4258,31.0475],[-82.4314,31.0584],[-82.4664,31.0705],[-82.4734,31.0813],[-82.4597,31.0905],[-82.476,31.1002],[-82.48,31.1094],[-82.4748,31.1168],[-82.46,31.1144],[-82.4544,31.1387],[-82.442,31.1481],[-82.4434,31.1511],[-82.4403,31.1488],[-82.4194,31.1614],[-82.3831,31.1933],[-82.39,31.1952],[-82.3904,31.2018],[-82.3844,31.2028],[-82.3839,31.2074],[-82.3992,31.2043],[-82.3947,31.2085],[-82.3992,31.2097],[-82.3837,31.2113],[-82.3834,31.2195],[-82.3806,31.2153],[-82.3753,31.22],[-82.3293,31.2057],[-82.3294,31.214],[-82.3184,31.2139],[-82.32,31.2215],[-82.315,31.2209],[-82.3147,31.2259],[-82.2832,31.2265],[-82.2686,31.217],[-82.264,31.2213],[-82.2404,31.2171],[-82.2257,31.2206],[-82.2208,31.2179],[-82.2235,31.2148],[-82.2115,31.2154],[-82.1949,31.2077],[-82.1932,31.2021],[-82.183,31.2057],[-82.1747,31.2179],[-82.1662,31.2148],[-82.1514,31.2225],[-82.1504,31.2285],[-82.1464,31.2269],[-82.1507,31.235],[-82.1419,31.2376],[-82.1398,31.2435],[-82.1447,31.2488],[-82.1404,31.2507],[-82.1455,31.2525],[-82.1403,31.2585],[-82.1331,31.2549],[-82.1002,31.2767],[-82.0843,31.2753],[-82.0825,31.2714],[-82.0706,31.2765],[-82.0635,31.2712],[-82.0616,31.2765],[-82.0518,31.2711],[-82.0438,31.2765],[-82.0391,31.273],[-82.0317,31.2775],[-82.0225,31.2751],[-82.0214,31.2794],[-82.0072,31.2758],[-82.0063,31.2852],[-81.9972,31.2887],[-81.9921,31.308],[-82.013,31.3183],[-82.0407,31.3619],[-82.0439,31.3949],[-82.0499,31.3963],[-82.0501,31.4042],[-82.0575,31.4091],[-82.0528,31.4546],[-82.0718,31.4715],[-82.0979,31.4812],[-82.1184,31.4793],[-82.1366,31.4701],[-82.1551,31.4711],[-82.2162,31.5162],[-82.2266,31.5307],[-82.2393,31.5306],[-82.2388,31.5176],[-82.2559,31.5174],[-82.2558,31.5054],[-82.2696,31.5057],[-82.2697,31.4926],[-82.3004,31.4932],[-82.3006,31.4678],[-82.315,31.4679],[-82.3151,31.4571],[-82.33,31.4571],[-82.3305,31.4421],[-82.345,31.4418],[-82.3448,31.4301],[-82.4015,31.4303],[-82.4018,31.4173],[-82.4815,31.4175],[-82.4814,31.4431],[-82.4937,31.4429],[-82.4947,31.4687],[-82.6282,31.4694],[-82.629,31.3639],[-82.8175,31.3645],[-82.8352,31.3869],[-82.8377,31.4007],[-82.8441,31.4033],[-82.9581,31.403],[-82.9585,31.4173],[-83.1405,31.4204],[-83.1407,31.4019],[-83.1163,31.3887],[-83.1124,31.3701],[-83.1034,31.3578],[-83.088,31.3511],[-83.0874,31.3463],[-83.082,31.3498],[-83.0756,31.3473],[-83.0596,31.3299],[-83.059,31.3042],[-83.0451,31.2929],[-83.047,31.283],[-83.0335,31.275],[-83.0418,31.2647],[-83.0384,31.2551],[-83.0478,31.2409],[-83.0439,31.235],[-83.0493,31.2338],[-83.0522,31.2255],[-83.0452,31.2206],[-83.0519,31.2078],[-83.0454,31.2003],[-83.0457,31.186],[-83.0501,31.1833],[-83.0493,31.1762],[-83.0401,31.1685],[-83.0382,31.1467],[-83.1651,31.1472],[-83.1672,31.0624],[-83.1979,31.0622],[-83.198,31.0254],[-83.4768,31.0315],[-83.4681,31.0294],[-83.4715,31.0241],[-83.4638,31.0061],[-83.4517,30.9903],[-83.4441,30.9883],[-83.4423,30.9728],[-83.4347,30.9615],[-83.4366,30.9553],[-83.4323,30.9561],[-83.4292,30.9489],[-83.4399,30.9398],[-83.4351,30.9354],[-83.439,30.9316],[-83.4363,30.9207],[-83.4418,30.9161],[-83.4403,30.9048],[-83.4265,30.8992],[-83.4263,30.893],[-83.4172,30.8892],[-83.4117,30.8944],[-83.4027,30.8847],[-83.3845,30.8852],[-83.3775,30.8804],[-83.3695,30.8842],[-83.356,30.8723],[-83.3547,30.8617],[-83.3464,30.8535],[-83.3509,30.8418],[-83.3595,30.8364],[-83.3732,30.8398],[-83.3792,30.8305],[-83.3945,30.8254],[-83.4147,30.8287],[-83.4262,30.815],[-83.4497,30.8178],[-83.4475,30.7989],[-83.4593,30.7834],[-83.4544,30.77],[-83.4843,30.7532]]]},"properties":{"geoid":"13008","state":"13","district":"8","name":"State Senate District 8","chamber":"Senate"}},{"type":"Feature","geometry":{"type":"Polygon","coordinates":[[[-84.2077,33.8779],[-84.1711,33.8582],[-84.1624,33.871],[-84.1516,33.8602],[-84.1176,33.8619],[-84.1114,33.8522],[-84.1222,33.8471],[-84.1153,33.839],[-84.094,33.8388],[-84.0897,33.8318],[-84.0611,33.8417],[-84.0782,33.8499],[-84.0738,33.8581],[-84.0811,33.8654],[-84.0761,33.8693],[-84.0837,33.8739],[-84.0707,33.8758],[-84.06,33.8867],[-84.0504,33.8728],[-84.032,33.8684],[-84.0222,33.873],[-84.0154,33.8694],[-84.0128,33.8777],[-84.0004,33.882],[-83.9934,33.8732],[-83.9845,33.8761],[-83.9754,33.8605],[-83.9573,33.8616],[-83.9575,33.8829],[-83.9481,33.8859],[-83.9475,33.8819],[-83.9423,33.8838],[-83.8926,33.8553],[-83.8432,33.8948],[-83.8804,33.9069],[-83.9078,33.9417],[-83.9197,33.9438],[-83.9215,33.9395],[-83.9373,33.9453],[-83.9588,33.935],[-83.9869,33.9574],[-83.9944,33.957],[-84.0188,33.9384],[-84.0333,33.9386],[-84.0524,33.9273],[-84.0823,33.9224],[-84.0982,33.9141],[-84.1129,33.9237],[-84.139,33.9218],[-84.1325,33.9122],[-84.1534,33.9049],[-84.1628,33.8958],[-84.1778,33.9043],[-84.1831,33.9021],[-84.188,33.8954],[-84.1741,33.8867],[-84.1845,33.8803],[-84.1965,33.8824],[-84.2077,33.8779]]]},"properties":{"geoid":"13009","state":"13","district":"9","name":"State Senate District 9","chamber":"Senate"}},{"type":"Feature","geometry":{"type":"Polygon","coordinates":[[[-84.3299,33.8101],[-84.3277,33.8035],[-84.3129,33.8072],[-84.3059,33.8018],[-84.3139,33.7801],[-84.3094,33.7877],[-84.3005,33.7876],[-84.2958,33.7936],[-84.2958,33.7875],[-84.2763,33.7848],[-84.2794,33.7743],[-84.2731,33.7745],[-84.2705,33.7698],[-84.2758,33.7596],[-84.2873,33.7576],[-84.284,33.751],[-84.2909,33.751],[-84.2903,33.7389],[-84.2606,33.6929],[-84.2723,33.6911],[-84.2727,33.6823],[-84.2658,33.6741],[-84.2776,33.6735],[-84.2825,33.6619],[-84.2698,33.6542],[-84.2669,33.6472],[-84.2817,33.6473],[-84.2815,33.6394],[-84.2719,33.6392],[-84.2721,33.6312],[-84.2626,33.631],[-84.263,33.607],[-84.2532,33.6069],[-84.2532,33.5988],[-84.2439,33.5986],[-84.2439,33.5903],[-84.2532,33.5903],[-84.2531,33.5822],[-84.2636,33.5822],[-84.2637,33.5489],[-84.2687,33.5483],[-84.2645,33.5362],[-84.2543,33.5263],[-84.246,33.5293],[-84.2448,33.545],[-84.2022,33.5399],[-84.1916,33.5199],[-84.187,33.5196],[-84.1892,33.5243],[-84.1839,33.5226],[-84.1841,33.5154],[-84.1689,33.5147],[-84.154,33.5248],[-84.1431,33.5229],[-84.1359,33.5352],[-84.1099,33.5342],[-84.1065,33.5284],[-84.1104,33.5257],[-84.1065,33.5249],[-84.0989,33.5323],[-84.0975,33.56],[-84.1085,33.5668],[-84.1232,33.561],[-84.1309,33.5643],[-84.1816,33.6292],[-84.1841,33.6462],[-84.1702,33.6459],[-84.1731,33.641],[-84.1616,33.6378],[-84.1545,33.6457],[-84.1512,33.6388],[-84.1383,33.6377],[-84.1405,33.6315],[-84.1292,33.6314],[-84.1158,33.6147],[-84.0843,33.6748],[-84.1339,33.6761],[-84.133,33.6865],[-84.1518,33.6842],[-84.1578,33.6907],[-84.1836,33.6868],[-84.1984,33.6966],[-84.1922,33.6991],[-84.1987,33.7004],[-84.1971,33.7046],[-84.2174,33.7116],[-84.2138,33.7345],[-84.2438,33.7408],[-84.2435,33.7605],[-84.2514,33.7653],[-84.2413,33.778],[-84.2485,33.7832],[-84.2474,33.8025],[-84.2489,33.7958],[-84.2557,33.7987],[-84.2639,33.7936],[-84.2501,33.8032],[-84.2467,33.8183],[-84.2606,33.8115],[-84.261,33.8221],[-84.2801,33.8291],[-84.3003,33.8221],[-84.3071,33.8246],[-84.3039,33.8201],[-84.3299,33.8101]]]},"properties":{"geoid":"13010","state":"13","district":"10","name":"State Senate District 10","chamber":"Senate"}},{"type":"Feature","geometry":{"type":"MultiPolygon","coordinates":[[[[-85.0286,31.0752],[-85.0114,31.0535],[-85.0094,31.0324],[-84.9994,31.0138],[-85.0057,30.9759],[-84.9825,30.9656],[-84.9795,30.9556],[-84.9831,30.9348],[-84.971,30.9282],[-84.9667,30.9173],[-84.9344,30.8836],[-84.9398,30.8726],[-84.9323,30.8643],[-84.9361,30.857],[-84.9257,30.8427],[-84.9348,30.8359],[-84.9374,30.8209],[-84.9283,30.8051],[-84.9283,30.7931],[-84.918,30.7781],[-84.9201,30.766],[-84.9135,30.7523],[-84.8961,30.7506],[-84.8647,30.7115],[-83.3577,30.6374],[-83.366,30.6421],[-83.3606,30.6441],[-83.3631,30.6589],[-83.3709,30.6567],[-83.394,30.6677],[-83.3915,30.6719],[-83.3963,30.6773],[-83.4152,30.6747],[-83.4208,30.689],[-83.4397,30.6886],[-83.4545,30.7009],[-83.4532,30.7087],[-83.4687,30.7181],[-83.468,30.7322],[-83.4848,30.7524],[-83.4544,30.77],[-83.4593,30.7834],[-83.4475,30.7989],[-83.4497,30.8178],[-83.4262,30.815],[-83.4147,30.8287],[-83.3945,30.8254],[-83.3792,30.8305],[-83.3732,30.8398],[-83.3595,30.8364],[-83.3509,30.8418],[-83.3464,30.8535],[-83.3547,30.8617],[-83.356,30.8723],[-83.3695,30.8842],[-83.3775,30.8804],[-83.3845,30.8852],[-83.4027,30.8847],[-83.4117,30.8944],[-83.4172,30.8892],[-83.4263,30.893],[-83.4265,30.8992],[-83.4403,30.9048],[-83.4418,30.9161],[-83.4363,30.9207],[-83.439,30.9316],[-83.4351,30.9354],[-83.4399,30.9398],[-83.4292,30.9489],[-83.4323,30.9561],[-83.4366,30.9553],[-83.4347,30.9615],[-83.4423,30.9728],[-83.4441,30.9883],[-83.4517,30.9903],[-83.4638,31.0061],[-83.4715,31.0241],[-83.4681,31.0294],[-83.4769,31.0311],[-83.2951,31.0273],[-83.2836,31.0404],[-83.2851,31.0517],[-83.2797,31.0636],[-83.2961,31.0702],[-83.2945,31.0797],[-83.3022,31.0836],[-83.3042,31.0918],[-83.3119,31.0902],[-83.3219,31.0977],[-83.3225,31.1183],[-83.3048,31.1479],[-83.3045,31.1564],[-83.3056,31.1672],[-83.3178,31.1728],[-83.3344,31.1918],[-83.3322,31.2159],[-83.3374,31.2254],[-83.3344,31.2421],[-83.347,31.2521],[-83.3662,31.2491],[-83.3812,31.2556],[-83.4027,31.2747],[-83.4094,31.2868],[-83.4223,31.2951],[-83.4297,31.2936],[-83.4353,31.3033],[-83.434,31.3124],[-83.4388,31.3164],[-83.4322,31.3342],[-83.4345,31.3504],[-83.4449,31.3496],[-83.4455,31.336],[-83.4604,31.3331],[-83.4606,31.3263],[-83.7139,31.3317],[-83.7141,31.3184],[-83.7589,31.319],[-83.7591,31.3322],[-83.9994,31.335],[-84.003,31.1119],[-84.0137,31.1118],[-84.0139,31.1024],[-84.0032,31.1023],[-84.0038,31.0773],[-84.6442,31.0795],[-84.6458,31.068],[-85.0286,31.0752]]],[[[-83.3407,30.6366],[-83.3089,30.6355],[-83.3264,30.6435],[-83.3407,30.6366]]]]},"properties":{"geoid":"13011","state":"13","district":"11","name":"State Senate District 11","chamber":"Senate"}},{"type":"Feature","geometry":{"type":"Polygon","coordinates":[[[-85.1419,31.7822],[-85.1252,31.7671],[-85.1292,31.7587],[-85.1189,31.7327],[-85.1265,31.7168],[-85.1255,31.695],[-85.0924,31.66],[-85.0791,31.6548],[-85.0862,31.6386],[-85.0582,31.6202],[-85.058,31.5708],[-85.0414,31.5425],[-85.0483,31.526],[-85.045,31.5182],[-85.0716,31.4684],[-85.066,31.4305],[-85.0759,31.4249],[-85.08,31.4105],[-85.0776,31.3989],[-85.0923,31.364],[-85.0918,31.3552],[-85.0859,31.3531],[-85.0894,31.336],[-85.0837,31.3238],[-85.0898,31.295],[-85.0987,31.2845],[-85.1146,31.2773],[-85.1124,31.2596],[-85.0968,31.2257],[-85.0987,31.2113],[-85.1081,31.1956],[-85.1073,31.1859],[-85.0985,31.1802],[-85.1005,31.166],[-85.0766,31.1569],[-85.064,31.1425],[-85.0547,31.1208],[-85.0362,31.109],[-85.0261,31.0842],[-85.0286,31.0755],[-84.6458,31.068],[-84.6442,31.0795],[-84.0036,31.0773],[-84.0032,31.1023],[-84.0139,31.1024],[-84.0137,31.1118],[-84.003,31.1119],[-83.9977,31.4628],[-83.9826,31.4627],[-83.9824,31.4735],[-83.9975,31.476],[-83.9967,31.5517],[-83.9817,31.5516],[-83.9816,31.5633],[-83.9966,31.5635],[-83.9962,31.6252],[-84.0127,31.6246],[-84.0125,31.6336],[-84.0031,31.6336],[-84.0029,31.6417],[-83.9935,31.6414],[-83.9934,31.65],[-84.0289,31.6484],[-84.0432,31.6236],[-84.2978,31.622],[-84.2956,31.691],[-84.3052,31.6911],[-84.3055,31.6832],[-84.3146,31.6832],[-84.3143,31.6911],[-84.3052,31.6911],[-84.3049,31.6982],[-84.2954,31.6981],[-84.2937,31.7498],[-84.2872,31.7502],[-84.2865,31.7912],[-84.2583,31.7909],[-84.2645,31.8124],[-84.2596,31.8279],[-84.2775,31.8417],[-84.2767,31.8504],[-84.2932,31.8598],[-84.2934,31.8651],[-84.3386,31.8752],[-84.3381,31.9162],[-83.9225,31.9097],[-83.9191,31.9231],[-83.9264,31.937],[-83.925,31.9481],[-83.9483,31.9915],[-83.9445,31.9951],[-83.9504,31.9972],[-83.9503,32.0154],[-83.9588,32.0212],[-83.9615,32.0359],[-83.969,32.0383],[-83.9678,32.0455],[-83.9804,32.0449],[-83.9772,32.0632],[-83.9872,32.0716],[-83.9748,32.0922],[-83.9904,32.0953],[-83.9888,32.1011],[-83.9981,32.1007],[-84.0008,32.1089],[-83.9965,32.1126],[-84.0118,32.1191],[-84.0087,32.131],[-84.0215,32.136],[-84.0332,32.1523],[-84.0274,32.171],[-84.0398,32.1746],[-84.0438,32.1825],[-84.0738,32.184],[-84.0909,32.1922],[-84.1347,32.1854],[-84.1341,32.228],[-84.1817,32.2297],[-84.1836,32.1585],[-84.2606,32.1592],[-84.2604,32.1661],[-84.2696,32.1662],[-84.2699,32.1593],[-84.2799,32.1593],[-84.2799,32.1638],[-84.4302,32.1663],[-84.4312,32.1341],[-84.5271,32.1346],[-84.5274,32.1512],[-84.5363,32.1512],[-84.5366,32.1596],[-84.5461,32.1591],[-84.5457,32.1752],[-84.5647,32.1751],[-84.5642,32.1922],[-84.5997,32.1924],[-84.6007,32.2103],[-84.6102,32.2171],[-84.6105,32.2256],[-84.6211,32.2256],[-84.6206,32.2331],[-84.8025,32.2309],[-84.8025,32.221],[-84.814,32.2211],[-84.8139,32.2309],[-84.9233,32.2309],[-84.9229,32.2247],[-84.9301,32.2191],[-84.9708,32.2189],[-84.9803,32.208],[-84.9646,32.2036],[-84.9637,32.1959],[-85.0113,32.1805],[-85.0456,32.1438],[-85.0621,32.1325],[-85.0448,32.0858],[-85.0558,32.0744],[-85.0588,32.047],[-85.0535,32.0378],[-85.0571,32.0299],[-85.0488,32.0217],[-85.0537,32.0207],[-85.0551,32.0107],[-85.0673,31.9956],[-85.0709,31.9817],[-85.0678,31.9674],[-85.0867,31.9592],[-85.0789,31.9402],[-85.1131,31.9119],[-85.108,31.9052],[-85.1122,31.9028],[-85.112,31.8948],[-85.1341,31.8922],[-85.1284,31.8776],[-85.1407,31.8575],[-85.1377,31.8459],[-85.1418,31.8393],[-85.1319,31.8271],[-85.1322,31.7952],[-85.1419,31.7822]]]},"properties":{"geoid":"13012","state":"13","district":"12","name":"State Senate District 12","chamber":"Senate"}},{"type":"Feature","geometry":{"type":"MultiPolygon","coordinates":[[[[-84.3386,31.9002],[-84.3382,31.8736],[-84.2934,31.8651],[-84.2932,31.8598],[-84.2767,31.8504],[-84.2775,31.8417],[-84.2596,31.8279],[-84.2645,31.8124],[-84.2583,31.7909],[-84.2865,31.7912],[-84.2872,31.7502],[-84.2937,31.7498],[-84.2954,31.6981],[-84.3049,31.6982],[-84.3052,31.6911],[-84.2956,31.691],[-84.2978,31.622],[-84.0432,31.6236],[-84.0289,31.6484],[-83.9934,31.65],[-83.9935,31.6414],[-84.0029,31.6417],[-84.0031,31.6336],[-84.0125,31.6336],[-84.0127,31.6246],[-83.9962,31.6252],[-83.9966,31.5635],[-83.9816,31.5633],[-83.9817,31.5516],[-83.9967,31.5517],[-83.9975,31.476],[-83.9824,31.4735],[-83.9826,31.4627],[-83.9977,31.4628],[-83.9994,31.335],[-83.7591,31.3322],[-83.7589,31.319],[-83.7141,31.3184],[-83.7139,31.3317],[-83.4606,31.3263],[-83.4604,31.3331],[-83.4455,31.336],[-83.4449,31.3496],[-83.4345,31.3504],[-83.4322,31.3342],[-83.4388,31.3164],[-83.434,31.3124],[-83.4353,31.3033],[-83.4297,31.2936],[-83.4223,31.2951],[-83.4094,31.2868],[-83.4027,31.2747],[-83.3812,31.2556],[-83.3662,31.2491],[-83.347,31.2521],[-83.3342,31.2416],[-83.3374,31.2254],[-83.3322,31.2159],[-83.3344,31.1918],[-83.3178,31.1728],[-83.3056,31.1672],[-83.3045,31.1564],[-83.3048,31.1479],[-83.3225,31.1183],[-83.3219,31.0977],[-83.3119,31.0902],[-83.3042,31.0918],[-83.3022,31.0836],[-83.2945,31.0797],[-83.2961,31.0702],[-83.2797,31.0636],[-83.2851,31.0517],[-83.2836,31.0404],[-83.2951,31.0273],[-83.198,31.0254],[-83.1979,31.0622],[-83.1672,31.0624],[-83.1651,31.1472],[-83.0382,31.1467],[-83.0364,31.151],[-83.0407,31.1699],[-83.0493,31.1762],[-83.0454,31.2003],[-83.0519,31.2078],[-83.0452,31.2206],[-83.0522,31.2255],[-83.0493,31.2338],[-83.0439,31.235],[-83.0478,31.2409],[-83.0384,31.2551],[-83.0418,31.2647],[-83.0335,31.275],[-83.047,31.283],[-83.0451,31.2929],[-83.059,31.3042],[-83.0596,31.3299],[-83.0756,31.3473],[-83.082,31.3498],[-83.0874,31.3463],[-83.088,31.3511],[-83.1034,31.3578],[-83.1124,31.3701],[-83.1163,31.3887],[-83.1407,31.4019],[-83.1405,31.4204],[-82.9585,31.4173],[-82.9581,31.403],[-82.8496,31.4032],[-82.8498,31.5728],[-82.8533,31.5809],[-82.8264,31.5823],[-82.8249,31.5751],[-82.8072,31.5748],[-82.808,31.5906],[-82.7921,31.5864],[-82.8026,31.6145],[-82.801,31.6239],[-82.8151,31.6275],[-82.814,31.6714],[-82.8366,31.6714],[-82.8364,31.8162],[-82.8367,31.8107],[-82.8422,31.8117],[-82.8386,31.8072],[-82.8499,31.7979],[-82.8558,31.7983],[-82.8628,31.783],[-82.8682,31.7858],[-82.8681,31.7823],[-82.877,31.7809],[-82.8736,31.7847],[-82.8767,31.7871],[-82.8904,31.7804],[-82.8996,31.7832],[-82.8988,31.7915],[-82.9194,31.7787],[-82.9194,31.7843],[-82.9346,31.7877],[-82.9424,31.7842],[-82.9458,31.7879],[-82.9467,31.7834],[-82.956,31.783],[-82.9774,31.7933],[-82.983,31.7896],[-82.9825,31.7839],[-82.9907,31.7872],[-82.9904,31.7766],[-82.9979,31.7817],[-83.0058,31.7746],[-83.0142,31.7792],[-83.028,31.7783],[-83.0398,31.7864],[-83.039,31.7906],[-83.0528,31.7892],[-83.0696,31.7962],[-83.0722,31.8016],[-83.0804,31.8006],[-83.0867,31.8127],[-83.09,31.8076],[-83.0993,31.8083],[-83.1072,31.8145],[-83.1059,31.8191],[-83.1115,31.8162],[-83.1122,31.8124],[-83.1077,31.8123],[-83.1106,31.8095],[-83.1296,31.8101],[-83.1408,31.8178],[-83.1326,31.8152],[-83.1346,31.8241],[-83.152,31.8249],[-83.1523,31.8317],[-83.1829,31.852],[-83.2125,31.8446],[-83.5475,31.848],[-83.5416,31.8531],[-83.6123,31.8541],[-83.6097,32.0279],[-83.9613,32.0306],[-83.9582,32.0203],[-83.9503,32.0154],[-83.9504,31.9972],[-83.9445,31.9951],[-83.9483,31.9915],[-83.925,31.9482],[-83.9264,31.937],[-83.9191,31.9231],[-83.9225,31.9097],[-84.3381,31.9162],[-84.3386,31.9002]]],[[[-84.3143,31.6911],[-84.3146,31.6832],[-84.3055,31.6832],[-84.3052,31.6911],[-84.3143,31.6911]]]]},"properties":{"geoid":"13013","state":"13","district":"13","name":"State Senate District 13","chamber":"Senate"}},{"type":"Feature","geometry":{"type":"Polygon","coordinates":[[[-84.4117,33.9309],[-84.4067,33.9158],[-84.3791,33.9121],[-84.3827,33.8542],[-84.3713,33.8437],[-84.3619,33.8505],[-84.3582,33.845],[-84.353,33.8478],[-84.3483,33.854],[-84.3474,33.9681],[-84.3368,33.9709],[-84.2805,33.956],[-84.2581,33.9682],[-84.2652,33.9879],[-84.2596,33.9902],[-84.2524,34.0075],[-84.2499,34.0291],[-84.2305,34.0408],[-84.2334,34.0536],[-84.2282,34.0601],[-84.2727,34.0688],[-84.2781,34.0586],[-84.3033,34.0473],[-84.3025,34.0608],[-84.298,34.0646],[-84.3281,34.0649],[-84.3327,34.0698],[-84.3305,34.0611],[-84.3246,34.0609],[-84.3384,34.0492],[-84.3441,34.0356],[-84.3616,34.0232],[-84.3626,34.0116],[-84.3505,34.0037],[-84.3818,33.9992],[-84.3833,33.9928],[-84.3747,33.9863],[-84.3761,33.9758],[-84.3844,33.9712],[-84.3832,33.9634],[-84.4052,33.9438],[-84.4117,33.9309]]]},"properties":{"geoid":"13014","state":"13","district":"14","name":"State Senate District 14","chamber":"Senate"}},{"type":"Feature","geometry":{"type":"Polygon","coordinates":[[[-85.0081,32.3367],[-85.0028,32.3224],[-84.9346,32.2989],[-84.9229,32.2853],[-84.889,32.2615],[-84.8905,32.2576],[-84.9012,32.2584],[-84.9072,32.249],[-84.9244,32.2501],[-84.9232,32.2446],[-84.9127,32.2434],[-84.923,32.2309],[-84.8139,32.2309],[-84.814,32.2211],[-84.8025,32.221],[-84.8025,32.2309],[-84.6206,32.2331],[-84.6211,32.2256],[-84.6105,32.2256],[-84.6102,32.2171],[-84.6007,32.2103],[-84.5997,32.1924],[-84.5642,32.1922],[-84.5647,32.1751],[-84.5457,32.1752],[-84.5461,32.1591],[-84.5366,32.1596],[-84.5363,32.1512],[-84.5274,32.1512],[-84.5271,32.1346],[-84.4312,32.1341],[-84.4302,32.1663],[-84.2799,32.1638],[-84.2799,32.1593],[-84.2699,32.1593],[-84.2696,32.1662],[-84.2604,32.1661],[-84.2606,32.1592],[-84.1836,32.1585],[-84.1817,32.2297],[-84.1341,32.228],[-84.1347,32.1854],[-84.0889,32.192],[-84.0738,32.184],[-84.0492,32.1851],[-84.0398,32.1746],[-84.0276,32.1712],[-84.0294,32.1827],[-84.0207,32.1863],[-84.0131,32.201],[-83.9759,32.2287],[-83.9617,32.2507],[-83.8977,32.2807],[-83.8951,32.2921],[-83.8484,32.291],[-83.8468,32.3577],[-83.8566,32.3578],[-83.8565,32.3824],[-83.837,32.3822],[-83.8367,32.4393],[-83.8462,32.4394],[-83.8494,32.4729],[-83.8721,32.479],[-83.8825,32.4919],[-83.9228,32.4974],[-83.923,32.4833],[-83.9311,32.4837],[-83.9234,32.5114],[-83.9322,32.5116],[-83.9325,32.5057],[-83.9711,32.5059],[-83.9712,32.5142],[-83.9873,32.5143],[-83.9874,32.5061],[-84.0181,32.5064],[-84.0079,32.5229],[-84.0007,32.521],[-84.0021,32.5329],[-84.0067,32.5398],[-84.013,32.5377],[-84.016,32.5503],[-84.0205,32.5516],[-84.0219,32.545],[-84.0354,32.5585],[-84.0444,32.5554],[-84.0463,32.5675],[-84.0527,32.5671],[-84.0488,32.5746],[-84.0541,32.5732],[-84.0532,32.5769],[-84.0651,32.5813],[-84.0627,32.5907],[-84.0676,32.5903],[-84.0713,32.5983],[-84.066,32.6102],[-84.072,32.6174],[-84.0698,32.6236],[-84.0741,32.6243],[-84.0628,32.6265],[-84.0565,32.6363],[-84.0608,32.6346],[-84.0657,32.64],[-84.0743,32.6359],[-84.0782,32.6472],[-84.105,32.6734],[-84.1055,32.6849],[-84.1282,32.6744],[-84.1399,32.6791],[-84.1435,32.6854],[-84.1643,32.6777],[-84.1955,32.6833],[-84.2026,32.69],[-84.2034,32.6978],[-84.2114,32.7013],[-84.2194,32.7203],[-84.2363,32.721],[-84.2292,32.7323],[-84.2358,32.7383],[-84.2564,32.7227],[-84.2627,32.7393],[-84.2843,32.7445],[-84.3014,32.7613],[-84.3161,32.7555],[-84.3251,32.7624],[-84.3361,32.7597],[-84.3536,32.7836],[-84.3574,32.7821],[-84.3556,32.7736],[-84.3825,32.7803],[-84.391,32.787],[-84.4018,32.816],[-84.4149,32.8345],[-84.4325,32.8387],[-84.4427,32.8252],[-84.4566,32.8287],[-84.4588,32.8412],[-84.4673,32.853],[-84.4765,32.8561],[-84.4831,32.8523],[-84.4901,32.8569],[-84.4892,32.8623],[-84.4753,32.8725],[-84.4759,32.8769],[-84.4983,32.8836],[-84.5707,32.8452],[-84.7005,32.8446],[-84.6924,32.8294],[-84.6931,32.7388],[-84.6879,32.7388],[-84.688,32.7304],[-84.6829,32.7303],[-84.6829,32.7228],[-84.6932,32.7226],[-84.6934,32.7081],[-84.6997,32.7082],[-84.6996,32.7009],[-84.7032,32.7007],[-84.7032,32.6862],[-84.6938,32.6857],[-84.6947,32.5637],[-84.6675,32.5639],[-84.6793,32.5449],[-84.6795,32.5358],[-84.7056,32.536],[-84.7646,32.5515],[-84.7985,32.5462],[-84.819,32.536],[-84.854,32.5277],[-84.8693,32.5152],[-84.8715,32.5404],[-84.8585,32.5522],[-84.8654,32.5577],[-84.8902,32.5471],[-84.903,32.5544],[-84.9019,32.5379],[-84.8947,32.5433],[-84.8917,32.5342],[-84.9061,32.5227],[-84.9224,32.524],[-84.9424,32.5063],[-84.9501,32.5064],[-84.9521,32.518],[-84.9647,32.5207],[-84.9643,32.5301],[-84.9811,32.5071],[-84.989,32.5215],[-84.9923,32.5104],[-84.9998,32.5051],[-84.9948,32.4861],[-84.998,32.4617],[-84.9935,32.4507],[-84.9718,32.4428],[-84.963,32.4242],[-84.9794,32.4122],[-84.981,32.4061],[-84.9799,32.4001],[-84.9687,32.3915],[-84.983,32.392],[-84.9884,32.3852],[-84.9863,32.3803],[-84.9722,32.3769],[-84.9853,32.3725],[-84.9839,32.3624],[-85.0042,32.3456],[-85.0081,32.3367]]]},"properties":{"geoid":"13015","state":"13","district":"15","name":"State Senate District 15","chamber":"Senate"}},{"type":"Feature","geometry":{"type":"Polygon","coordinates":[[[-84.6272,33.4403],[-84.6192,33.4225],[-84.6185,33.4085],[-84.6091,33.4004],[-84.6091,33.3931],[-84.5927,33.3797],[-84.5862,33.358],[-84.577,33.3586],[-84.5607,33.3407],[-84.5518,33.3423],[-84.5407,33.3333],[-84.5347,33.3358],[-84.5265,33.3216],[-84.5182,33.3183],[-84.5219,33.3133],[-84.5147,33.3037],[-84.5175,33.2932],[-84.5126,33.2809],[-84.5044,33.281],[-84.5067,33.2752],[-84.4971,33.2565],[-84.4982,33.25],[-84.5091,33.2448],[-84.5003,33.2334],[-84.5066,33.2266],[-84.4968,33.2098],[-84.4984,33.2015],[-84.4905,33.1976],[-84.4967,33.1923],[-84.4967,33.1833],[-84.5074,33.1752],[-84.5072,33.1547],[-84.5178,33.1418],[-84.5108,33.1306],[-84.5182,33.1223],[-84.5182,33.102],[-84.5287,33.0981],[-84.5278,33.0919],[-84.522,33.0946],[-84.5107,33.0843],[-84.5134,33.0781],[-84.5179,33.0818],[-84.5248,33.0791],[-84.5233,33.0544],[-84.537,33.0365],[-84.5331,33.0278],[-84.5379,33.0112],[-84.527,33.0003],[-84.5303,32.985],[-84.5215,32.9757],[-84.527,32.9696],[-84.5057,32.9726],[-84.4992,32.9797],[-84.5019,32.9832],[-84.4956,32.9845],[-84.4897,32.9937],[-84.2987,32.9915],[-84.3027,33.0041],[-84.2987,33.0041],[-84.2891,32.9913],[-84.1224,32.9896],[-84.1233,32.9322],[-84.0542,32.9315],[-84.0536,32.948],[-84.0441,32.9479],[-84.0415,33.2026],[-84.1238,33.2028],[-84.123,33.2445],[-84.1181,33.2444],[-84.1226,33.2527],[-84.089,33.2856],[-84.0973,33.2939],[-84.1087,33.3013],[-84.1133,33.2977],[-84.1185,33.3024],[-84.1343,33.3036],[-84.145,33.3165],[-84.1509,33.313],[-84.1506,33.3356],[-84.2473,33.3358],[-84.2474,33.3526],[-84.3881,33.3525],[-84.3951,33.3605],[-84.3925,33.3666],[-84.3963,33.3734],[-84.3865,33.3765],[-84.3948,33.3944],[-84.3841,33.4025],[-84.3881,33.4117],[-84.3931,33.412],[-84.3931,33.42],[-84.4023,33.4201],[-84.4021,33.4253],[-84.4109,33.4256],[-84.4493,33.4454],[-84.4459,33.427],[-84.4581,33.4293],[-84.4552,33.4486],[-84.4958,33.4484],[-84.4946,33.4639],[-84.5095,33.4941],[-84.5573,33.5148],[-84.5569,33.5285],[-84.5942,33.5194],[-84.6066,33.5105],[-84.6179,33.4839],[-84.6268,33.4752],[-84.6232,33.4684],[-84.6272,33.4403]]]},"properties":{"geoid":"13016","state":"13","district":"16","name":"State Senate District 16","chamber":"Senate"}},{"type":"Feature","geometry":{"type":"Polygon","coordinates":[[[-84.3975,33.4857],[-84.3871,33.4766],[-84.3816,33.463],[-84.3888,33.4499],[-84.3826,33.4397],[-84.3876,33.4264],[-84.3829,33.4178],[-84.3897,33.4127],[-84.3841,33.4023],[-84.3948,33.3944],[-84.3865,33.376],[-84.3963,33.3733],[-84.3925,33.3666],[-84.3951,33.3603],[-84.3881,33.3525],[-84.2474,33.3526],[-84.2473,33.3358],[-84.2163,33.3358],[-84.2287,33.3574],[-84.2167,33.3561],[-84.2138,33.3648],[-84.2013,33.3703],[-84.1522,33.3529],[-84.1272,33.3521],[-84.1467,33.3938],[-84.161,33.4113],[-84.1566,33.4139],[-84.1477,33.4031],[-84.1195,33.4029],[-84.0988,33.4064],[-84.0906,33.4168],[-84.0906,33.4287],[-84.1147,33.4334],[-84.1386,33.4308],[-84.1388,33.4431],[-84.1527,33.4436],[-84.1591,33.4491],[-84.1558,33.4547],[-84.1589,33.4652],[-84.168,33.4668],[-84.1653,33.4728],[-84.1612,33.4711],[-84.1766,33.4914],[-84.1442,33.4912],[-84.1399,33.5254],[-84.1491,33.5215],[-84.1542,33.5248],[-84.1689,33.5147],[-84.1841,33.5154],[-84.1839,33.5226],[-84.1892,33.5243],[-84.187,33.5196],[-84.1916,33.5199],[-84.2019,33.5399],[-84.2448,33.545],[-84.246,33.5293],[-84.2543,33.5263],[-84.2645,33.5362],[-84.2686,33.549],[-84.2839,33.5491],[-84.3064,33.5571],[-84.3403,33.5766],[-84.3447,33.5423],[-84.3544,33.5298],[-84.3638,33.5323],[-84.3634,33.5178],[-84.3786,33.518],[-84.3975,33.4857]]]},"properties":{"geoid":"13017","state":"13","district":"17","name":"State Senate District 17","chamber":"Senate"}},{"type":"Feature","geometry":{"type":"MultiPolygon","coordinates":[[[[-84.5342,32.9647],[-84.524,32.9602],[-84.5193,32.9524],[-84.5224,32.9331],[-84.528,32.9279],[-84.5242,32.9194],[-84.5269,32.9141],[-84.512,32.913],[-84.5094,32.8839],[-84.4755,32.8763],[-84.4898,32.8614],[-84.4895,32.8559],[-84.4673,32.853],[-84.4588,32.8412],[-84.4566,32.8287],[-84.4484,32.825],[-84.4411,32.8266],[-84.4335,32.8385],[-84.4149,32.8345],[-84.4018,32.816],[-84.391,32.787],[-84.3825,32.7803],[-84.3556,32.7736],[-84.3574,32.7821],[-84.3536,32.7836],[-84.3361,32.7597],[-84.3251,32.7624],[-84.3161,32.7555],[-84.3014,32.7613],[-84.2843,32.7445],[-84.2627,32.7393],[-84.2564,32.7227],[-84.2358,32.7383],[-84.2292,32.7323],[-84.2363,32.721],[-84.2194,32.7203],[-84.2114,32.7013],[-84.2034,32.6978],[-84.2026,32.69],[-84.1955,32.6833],[-84.1643,32.6777],[-84.1435,32.6854],[-84.1399,32.6791],[-84.1282,32.6744],[-84.1167,32.6775],[-84.1153,32.6835],[-84.1051,32.6847],[-84.105,32.6734],[-84.0782,32.6472],[-84.0743,32.6359],[-84.0657,32.64],[-84.0608,32.6346],[-84.0565,32.6363],[-84.0628,32.6265],[-84.0741,32.6243],[-84.0698,32.6236],[-84.072,32.6174],[-84.066,32.6102],[-84.0713,32.5983],[-84.0676,32.5903],[-84.0627,32.5907],[-84.0651,32.5813],[-84.0532,32.5769],[-84.0541,32.5732],[-84.0488,32.5746],[-84.0527,32.5671],[-84.0463,32.5675],[-84.0444,32.5554],[-84.0354,32.5585],[-84.0219,32.545],[-84.0205,32.5516],[-84.016,32.5503],[-84.013,32.5377],[-84.0067,32.5398],[-84.0021,32.5329],[-84.0007,32.521],[-84.0079,32.5229],[-84.0181,32.5064],[-83.9874,32.5061],[-83.9873,32.5143],[-83.9712,32.5142],[-83.9711,32.5059],[-83.9325,32.5057],[-83.9322,32.5116],[-83.9234,32.5114],[-83.9311,32.4837],[-83.923,32.4833],[-83.9228,32.4974],[-83.8865,32.4937],[-83.8773,32.4893],[-83.8721,32.479],[-83.851,32.4737],[-83.8419,32.4605],[-83.8278,32.4576],[-83.8276,32.4391],[-83.8189,32.4397],[-83.8171,32.4467],[-83.7977,32.447],[-83.7977,32.4966],[-83.7878,32.4965],[-83.7873,32.5128],[-83.7779,32.5129],[-83.778,32.5055],[-83.749,32.5052],[-83.7487,32.5342],[-83.7231,32.5211],[-83.7201,32.5783],[-83.7198,32.5671],[-83.6526,32.5724],[-83.6521,32.5545],[-83.6248,32.5543],[-83.6233,32.5838],[-83.6454,32.5815],[-83.6682,32.5925],[-83.6539,32.5938],[-83.6609,32.6048],[-83.6449,32.6179],[-83.6692,32.6183],[-83.6697,32.6316],[-83.6665,32.6271],[-83.6636,32.6343],[-83.6587,32.6328],[-83.6607,32.6469],[-83.6877,32.6433],[-83.6986,32.6595],[-83.6966,32.6534],[-83.7091,32.6531],[-83.7089,32.675],[-83.702,32.6822],[-83.6976,32.7081],[-83.6619,32.7567],[-83.66,32.769],[-83.6666,32.772],[-83.6678,32.7816],[-83.6733,32.7884],[-83.6793,32.7853],[-83.6781,32.7814],[-83.7001,32.767],[-83.7111,32.7536],[-83.711,32.7655],[-83.7464,32.7969],[-83.783,32.7986],[-83.7839,32.8078],[-83.7953,32.8055],[-83.7991,32.8142],[-83.7969,32.8223],[-83.7895,32.8179],[-83.7816,32.8203],[-83.7832,32.8242],[-83.7665,32.8195],[-83.7698,32.8294],[-83.7451,32.8345],[-83.7445,32.8611],[-83.7406,32.8535],[-83.7249,32.851],[-83.7031,32.8344],[-83.7145,32.8522],[-83.7114,32.8582],[-83.6888,32.8627],[-83.7275,32.8847],[-83.7039,32.8793],[-83.7078,32.8898],[-83.6992,32.892],[-83.7031,32.8991],[-83.6816,32.8932],[-83.6745,32.9029],[-83.6959,32.9166],[-83.7006,32.944],[-83.7106,32.9522],[-83.7061,32.9644],[-83.7228,32.9764],[-83.7246,32.9936],[-83.719,33.0011],[-83.7296,33.0136],[-83.7212,33.0234],[-83.7254,33.0327],[-83.7373,33.0439],[-83.747,33.0634],[-83.775,33.0801],[-83.7811,33.0925],[-83.7947,33.1041],[-83.799,33.1166],[-83.8164,33.1246],[-83.814,33.1483],[-83.824,33.1606],[-83.8223,33.1802],[-83.8326,33.1847],[-83.8425,33.1967],[-83.8523,33.1948],[-83.8596,33.2006],[-83.877,33.2024],[-84.0415,33.2026],[-84.0441,32.9479],[-84.0536,32.948],[-84.0542,32.9315],[-84.1233,32.9322],[-84.1227,32.9896],[-84.2891,32.9913],[-84.293,32.9997],[-84.2987,32.9997],[-84.2987,32.9915],[-84.4897,32.9937],[-84.4956,32.9845],[-84.5019,32.9832],[-84.4992,32.9797],[-84.5057,32.9726],[-84.5303,32.9706],[-84.5342,32.9647]]],[[[-84.3027,33.0041],[-84.2987,32.9997],[-84.2987,33.0041],[-84.3027,33.0041]]]]},"properties":{"geoid":"13018","state":"13","district":"18","name":"State Senate District 18","chamber":"Senate"}},{"type":"Feature","geometry":{"type":"Polygon","coordinates":[[[-83.2075,31.8965],[-83.1999,31.8925],[-83.2042,31.8847],[-83.1976,31.8839],[-83.1994,31.8798],[-83.1925,31.8797],[-83.1925,31.8751],[-83.1812,31.8792],[-83.1768,31.8684],[-83.1833,31.8588],[-83.1728,31.843],[-83.1523,31.8317],[-83.152,31.8249],[-83.1346,31.8241],[-83.1323,31.8156],[-83.1405,31.8183],[-83.1387,31.8144],[-83.1116,31.8092],[-83.1077,31.8123],[-83.1122,31.8124],[-83.1115,31.8162],[-83.1059,31.8191],[-83.1072,31.8145],[-83.0993,31.8083],[-83.09,31.8076],[-83.0867,31.8127],[-83.0811,31.801],[-83.0722,31.8016],[-83.0696,31.7962],[-83.0528,31.7892],[-83.039,31.7906],[-83.0398,31.7864],[-83.028,31.7783],[-83.0142,31.7792],[-83.0058,31.7746],[-82.9979,31.7817],[-82.9907,31.7765],[-82.9905,31.7874],[-82.9825,31.7839],[-82.983,31.7896],[-82.9774,31.7933],[-82.956,31.783],[-82.9467,31.7834],[-82.9458,31.7879],[-82.9424,31.7842],[-82.9346,31.7877],[-82.9194,31.7843],[-82.9194,31.7787],[-82.8988,31.7915],[-82.8996,31.7832],[-82.8904,31.7804],[-82.8767,31.7871],[-82.8736,31.7847],[-82.877,31.7809],[-82.8681,31.7823],[-82.8682,31.7858],[-82.8628,31.783],[-82.8558,31.7983],[-82.8499,31.7979],[-82.8386,31.8072],[-82.8422,31.8117],[-82.8367,31.8107],[-82.8364,31.8162],[-82.8366,31.6714],[-82.814,31.6714],[-82.8151,31.6275],[-82.801,31.6239],[-82.8026,31.6145],[-82.792,31.5913],[-82.7921,31.5864],[-82.808,31.5906],[-82.8072,31.5748],[-82.8249,31.5751],[-82.8264,31.5823],[-82.8533,31.5809],[-82.8498,31.5728],[-82.85,31.4048],[-82.8377,31.4007],[-82.8352,31.3869],[-82.8175,31.3645],[-82.629,31.3639],[-82.6282,31.4694],[-82.4947,31.4687],[-82.4937,31.4429],[-82.4814,31.4431],[-82.4815,31.4175],[-82.4018,31.4173],[-82.4015,31.4303],[-82.3448,31.4301],[-82.345,31.4418],[-82.3305,31.4421],[-82.33,31.4571],[-82.3151,31.4571],[-82.315,31.4679],[-82.3006,31.4678],[-82.3004,31.4932],[-82.2697,31.4926],[-82.2696,31.5057],[-82.2558,31.5054],[-82.2559,31.5174],[-82.2388,31.5176],[-82.2393,31.5306],[-82.2266,31.5307],[-82.2162,31.5162],[-82.1551,31.4711],[-82.1366,31.4701],[-82.1184,31.4793],[-82.098,31.4812],[-82.0634,31.4664],[-82.0528,31.4546],[-82.0575,31.4089],[-82.0501,31.4042],[-82.0496,31.396],[-82.044,31.3951],[-82.0448,31.3861],[-82.0399,31.3821],[-82.0427,31.3744],[-82.0315,31.3664],[-81.9232,31.3459],[-81.8011,31.3637],[-81.7252,31.3272],[-81.699,31.363],[-81.7048,31.3749],[-81.692,31.4005],[-81.665,31.3999],[-81.612,31.4689],[-81.6231,31.4848],[-81.6324,31.4838],[-81.6476,31.4954],[-81.6454,31.501],[-81.6583,31.5105],[-81.6523,31.5286],[-81.6621,31.5284],[-81.6679,31.5373],[-81.6222,31.5513],[-81.566,31.5765],[-81.4918,31.6996],[-81.6418,31.7655],[-81.6433,31.7857],[-81.6565,31.798],[-81.6952,31.8126],[-81.714,31.8347],[-81.7287,31.8418],[-81.7358,31.854],[-81.7523,31.8612],[-81.7654,31.8745],[-81.7662,31.8868],[-81.7454,31.9363],[-81.7429,31.9549],[-81.7468,31.969],[-81.7758,31.9809],[-81.7939,31.9778],[-81.8039,31.9859],[-81.8092,31.9985],[-81.8224,32.0069],[-81.8244,32.0149],[-81.8134,32.0162],[-81.7617,32.0479],[-81.8889,32.0504],[-81.98,32.0815],[-82.0253,32.2789],[-82.2327,32.3189],[-82.2798,32.2942],[-82.3545,32.2922],[-82.3588,32.3186],[-82.3789,32.3369],[-82.3928,32.3355],[-82.401,32.3515],[-82.4069,32.3538],[-82.6491,32.3115],[-82.6555,32.2976],[-82.6576,32.3027],[-82.6687,32.3042],[-82.6632,32.2973],[-82.673,32.2936],[-82.7076,32.2981],[-82.705,32.3017],[-82.7129,32.31],[-82.7147,32.3053],[-82.722,32.3093],[-82.762,32.2756],[-82.7572,32.2679],[-82.7619,32.2642],[-82.7686,32.2698],[-82.8583,32.1944],[-82.8645,32.1997],[-82.8716,32.1945],[-82.8781,32.2002],[-82.8848,32.1961],[-82.8718,32.1827],[-82.9279,32.1353],[-82.9348,32.141],[-82.9275,32.1472],[-82.9346,32.1533],[-82.9555,32.1353],[-82.9421,32.1241],[-83.2075,31.8965]]]},"properties":{"geoid":"13019","state":"13","district":"19","name":"State Senate District 19","chamber":"Senate"}},{"type":"Feature","geometry":{"type":"Polygon","coordinates":[[[-84.0335,32.1535],[-84.0215,32.136],[-84.0087,32.131],[-84.0118,32.1191],[-83.9965,32.1126],[-84.0008,32.1089],[-83.9981,32.1007],[-83.9888,32.1011],[-83.9904,32.0953],[-83.9748,32.0922],[-83.9872,32.0716],[-83.9772,32.0632],[-83.9799,32.044],[-83.9684,32.0461],[-83.9693,32.0387],[-83.9615,32.0359],[-83.9613,32.0306],[-83.6097,32.0279],[-83.6123,31.8541],[-83.5416,31.8531],[-83.5475,31.848],[-83.5345,31.8477],[-83.2096,31.8446],[-83.2058,31.8493],[-83.1829,31.852],[-83.1775,31.8479],[-83.1835,31.8597],[-83.1768,31.8684],[-83.1812,31.8792],[-83.1899,31.8745],[-83.1925,31.8797],[-83.1994,31.8798],[-83.1976,31.8839],[-83.2044,31.8851],[-83.1999,31.8925],[-83.2071,31.8952],[-83.2057,31.9003],[-82.9421,32.1241],[-82.9555,32.1353],[-82.9346,32.1533],[-82.9275,32.1472],[-82.9348,32.141],[-82.9279,32.1353],[-82.8718,32.1827],[-82.8848,32.1961],[-82.8781,32.2002],[-82.8716,32.1945],[-82.8645,32.1997],[-82.8583,32.1944],[-82.7686,32.2698],[-82.7619,32.2642],[-82.7572,32.2679],[-82.762,32.2756],[-82.722,32.3093],[-82.7147,32.3053],[-82.7129,32.31],[-82.705,32.3017],[-82.7076,32.2981],[-82.673,32.2936],[-82.6632,32.2973],[-82.6687,32.3042],[-82.6576,32.3027],[-82.6555,32.2976],[-82.6491,32.3115],[-82.4091,32.3537],[-82.4111,32.3656],[-82.3943,32.3918],[-82.3943,32.4126],[-82.3819,32.4406],[-82.3978,32.4518],[-82.4205,32.4571],[-82.431,32.4662],[-82.464,32.4786],[-82.4906,32.4965],[-82.5345,32.4972],[-82.563,32.5057],[-82.6186,32.505],[-82.6745,32.5239],[-82.6686,32.6122],[-82.7945,32.6602],[-82.7858,32.6867],[-82.8628,32.7158],[-82.9576,32.7082],[-83.0856,32.6525],[-83.4,32.5002],[-83.4035,32.5054],[-83.4121,32.5021],[-83.4088,32.4957],[-83.4979,32.4522],[-83.4897,32.458],[-83.4948,32.4626],[-83.4937,32.4719],[-83.4975,32.4722],[-83.4892,32.4764],[-83.4987,32.4816],[-83.4884,32.4851],[-83.5182,32.499],[-83.5181,32.5041],[-83.5244,32.5057],[-83.5206,32.5107],[-83.534,32.5166],[-83.533,32.5235],[-83.5398,32.5242],[-83.5354,32.53],[-83.5399,32.5409],[-83.5361,32.5442],[-83.5418,32.5503],[-83.5387,32.5554],[-83.5459,32.5562],[-83.5529,32.5765],[-83.5713,32.5786],[-83.5796,32.5736],[-83.5982,32.5767],[-83.6029,32.5839],[-83.6197,32.5855],[-83.6237,32.5824],[-83.6248,32.5543],[-83.6459,32.5544],[-83.6521,32.5545],[-83.6526,32.5724],[-83.7198,32.5671],[-83.7201,32.5783],[-83.7223,32.5225],[-83.7318,32.5225],[-83.7487,32.5342],[-83.749,32.5052],[-83.778,32.5055],[-83.7779,32.5129],[-83.7873,32.5128],[-83.7878,32.4965],[-83.7977,32.4966],[-83.7977,32.447],[-83.8171,32.4467],[-83.8171,32.4399],[-83.8276,32.4391],[-83.8278,32.4576],[-83.8417,32.4604],[-83.8467,32.4685],[-83.8462,32.4394],[-83.8367,32.4393],[-83.8367,32.4147],[-83.837,32.3822],[-83.8565,32.3824],[-83.8566,32.3578],[-83.8468,32.3577],[-83.8484,32.291],[-83.8951,32.2921],[-83.8977,32.2807],[-83.9617,32.2507],[-83.9759,32.2287],[-84.0131,32.201],[-84.0207,32.1863],[-84.0294,32.1827],[-84.0267,32.1674],[-84.0333,32.1612],[-84.0335,32.1535]]]},"properties":{"geoid":"13020","state":"13","district":"20","name":"State Senate District 20","chamber":"Senate"}},{"type":"Feature","geometry":{"type":"Polygon","coordinates":[[[-84.654,34.3569],[-84.6443,34.3552],[-84.6447,34.3468],[-84.654,34.3469],[-84.6533,34.264],[-84.6277,34.2769],[-84.6109,34.2638],[-84.6006,34.2609],[-84.5957,34.2643],[-84.5815,34.2545],[-84.5868,34.2444],[-84.5794,34.2458],[-84.5848,34.2418],[-84.5735,34.2381],[-84.5712,34.2469],[-84.5646,34.2386],[-84.5598,34.2451],[-84.5589,34.2333],[-84.5522,34.2318],[-84.5509,34.2268],[-84.5704,34.2312],[-84.5641,34.2151],[-84.5772,34.2146],[-84.5665,34.1954],[-84.554,34.1959],[-84.5482,34.2018],[-84.5302,34.1975],[-84.5232,34.2048],[-84.5074,34.2039],[-84.458,34.1644],[-84.4557,34.1559],[-84.4662,34.1542],[-84.4634,34.1392],[-84.4511,34.1432],[-84.4497,34.1388],[-84.4309,34.1398],[-84.4268,34.1249],[-84.4216,34.1218],[-84.4108,34.1259],[-84.3883,34.1182],[-84.3995,34.1097],[-84.4184,34.109],[-84.4187,34.0895],[-84.4043,34.0843],[-84.388,34.0851],[-84.3835,34.0792],[-84.388,34.0781],[-84.3834,34.0771],[-84.379,34.08],[-84.3644,34.0738],[-84.3609,34.0763],[-84.361,34.0613],[-84.3305,34.0611],[-84.3327,34.0698],[-84.3281,34.0649],[-84.3041,34.0664],[-84.298,34.0646],[-84.3025,34.0608],[-84.3033,34.0473],[-84.2781,34.0586],[-84.2727,34.0688],[-84.2463,34.0621],[-84.2461,34.067],[-84.2518,34.0689],[-84.2507,34.0785],[-84.2274,34.0968],[-84.2541,34.1043],[-84.259,34.1096],[-84.2576,34.381],[-84.3921,34.3807],[-84.3922,34.3733],[-84.4008,34.3733],[-84.4007,34.3805],[-84.4245,34.3806],[-84.4245,34.388],[-84.4421,34.3882],[-84.4423,34.3804],[-84.5826,34.3815],[-84.5828,34.4122],[-84.6532,34.4126],[-84.654,34.3569]]]},"properties":{"geoid":"13021","state":"13","district":"21","name":"State Senate District 21","chamber":"Senate"}},{"type":"Feature","geometry":{"type":"Polygon","coordinates":[[[-82.3535,33.3123],[-82.3343,33.3093],[-82.3115,33.2971],[-82.2968,33.2773],[-82.2797,33.2909],[-82.2207,33.3042],[-82.2046,33.3119],[-82.182,33.3369],[-82.1734,33.3375],[-82.1477,33.295],[-82.1603,33.2889],[-82.1337,33.2759],[-82.1253,33.2497],[-82.1009,33.2317],[-82.0882,33.2302],[-82.0818,33.2331],[-82.0904,33.2391],[-82.086,33.2471],[-82.0873,33.2512],[-82.0927,33.2479],[-82.0953,33.2534],[-82.1052,33.2881],[-82.0861,33.2863],[-82.071,33.2746],[-82.059,33.2872],[-82.0663,33.2938],[-82.0639,33.3048],[-82.0634,33.3002],[-82.0538,33.3037],[-82.0614,33.3257],[-82.0539,33.3486],[-82.016,33.3552],[-82.0067,33.345],[-81.9839,33.3388],[-81.9753,33.3306],[-81.97,33.3325],[-81.9515,33.3151],[-81.9423,33.3174],[-81.9616,33.3474],[-81.9452,33.3483],[-81.9407,33.3548],[-81.938,33.3497],[-81.9348,33.356],[-81.9463,33.3706],[-81.9306,33.3682],[-81.9249,33.3721],[-81.9355,33.3979],[-81.9456,33.4058],[-81.9427,33.4092],[-81.9308,33.4071],[-81.9245,33.4125],[-81.9189,33.4074],[-81.9112,33.4092],[-81.9108,33.415],[-81.9324,33.4257],[-81.9162,33.4331],[-81.9135,33.4413],[-81.9294,33.4658],[-81.9859,33.4865],[-82.0013,33.5201],[-82.0282,33.5449],[-82.3535,33.3123]]]},"properties":{"geoid":"13022","state":"13","district":"22","name":"State Senate District 22","chamber":"Senate"}},{"type":"Feature","geometry":{"type":"Polygon","coordinates":[[[-83.014,33.5804],[-82.986,33.5204],[-82.9856,33.4898],[-83.0129,33.4692],[-82.9838,33.4476],[-82.9569,33.4529],[-82.9397,33.4427],[-82.906,33.4381],[-82.8929,33.4381],[-82.8726,33.4464],[-82.8607,33.441],[-82.8519,33.4435],[-82.8415,33.4316],[-82.8342,33.4355],[-82.8338,33.431],[-82.8232,33.4268],[-82.8265,33.4131],[-82.8225,33.3999],[-82.8279,33.3982],[-82.8243,33.3937],[-82.828,33.393],[-82.8179,33.3873],[-82.8172,33.3773],[-82.8218,33.3739],[-82.8163,33.3725],[-82.8125,33.3638],[-82.8,33.3621],[-82.7994,33.3307],[-82.7892,33.3215],[-82.7958,33.3154],[-82.7935,33.3097],[-82.7817,33.3059],[-82.7808,33.2813],[-82.7856,33.268],[-82.7469,33.2475],[-82.7481,33.2377],[-82.7409,33.232],[-82.7448,33.2259],[-82.7371,33.2224],[-82.7358,33.2168],[-82.7418,33.2148],[-82.7329,33.2051],[-82.7411,33.1963],[-82.7395,33.1744],[-82.719,33.1701],[-82.7023,33.146],[-82.6929,33.1461],[-82.684,33.1357],[-82.6607,33.1287],[-82.6496,33.1046],[-82.6381,33.1007],[-82.6416,33.0844],[-82.627,33.0727],[-82.628,33.0643],[-82.6129,33.061],[-82.6183,33.0516],[-82.6043,33.0455],[-82.6003,33.0328],[-82.5798,33.03],[-82.5778,33.0244],[-82.5592,33.0142],[-82.5502,33.0194],[-82.5394,32.9478],[-82.5109,32.9178],[-82.5181,32.868],[-82.523,32.8649],[-82.526,32.8336],[-82.5211,32.8224],[-82.4733,32.7776],[-82.4538,32.7664],[-82.4341,32.7623],[-82.4528,32.7287],[-82.4528,32.7193],[-82.4708,32.7106],[-82.4994,32.6863],[-82.4903,32.662],[-82.4639,32.6472],[-82.4929,32.634],[-82.4989,32.6427],[-82.5177,32.6337],[-82.512,32.6252],[-82.5944,32.5792],[-82.5912,32.5577],[-82.5644,32.5324],[-82.5853,32.5252],[-82.5934,32.5351],[-82.5979,32.5329],[-82.6026,32.5095],[-82.603,32.5215],[-82.6294,32.5206],[-82.6477,32.5125],[-82.6186,32.505],[-82.563,32.5057],[-82.5345,32.4972],[-82.4906,32.4965],[-82.464,32.4786],[-82.431,32.4662],[-82.4205,32.4571],[-82.3978,32.4518],[-82.3819,32.4406],[-82.3943,32.4126],[-82.3943,32.3918],[-82.4055,32.3774],[-82.4112,32.3589],[-82.401,32.3515],[-82.3928,32.3355],[-82.3789,32.3369],[-82.3588,32.3186],[-82.3545,32.2922],[-82.2798,32.2942],[-82.2328,32.3188],[-82.2395,32.3267],[-82.2361,32.3287],[-82.24,32.3326],[-82.2382,32.3446],[-82.2546,32.3515],[-82.1879,32.4336],[-82.1811,32.4741],[-82.1483,32.5204],[-82.0798,32.5601],[-82.0302,32.5388],[-82.0268,32.5552],[-82.0015,32.6069],[-81.8271,32.6526],[-81.802,32.6432],[-81.799,32.6272],[-81.7913,32.6274],[-81.7738,32.607],[-81.7486,32.5978],[-81.7417,32.5879],[-81.7333,32.5858],[-81.7325,32.5763],[-81.7194,32.5657],[-81.708,32.5658],[-81.6896,32.5463],[-81.6776,32.5484],[-81.6662,32.5442],[-81.6616,32.5371],[-81.6565,32.5399],[-81.6545,32.5315],[-81.6481,32.5275],[-81.6394,32.5325],[-81.6288,32.5286],[-81.6289,32.5241],[-81.6175,32.525],[-81.6164,32.5157],[-81.6063,32.5146],[-81.5988,32.5074],[-81.5785,32.5125],[-81.548,32.4893],[-81.5386,32.5091],[-81.3892,32.5954],[-81.4187,32.6294],[-81.4148,32.6374],[-81.4073,32.6317],[-81.4027,32.637],[-81.4126,32.6415],[-81.393,32.6515],[-81.4072,32.6605],[-81.3972,32.6614],[-81.4043,32.6678],[-81.4012,32.6799],[-81.409,32.6966],[-81.4124,32.6921],[-81.4275,32.7019],[-81.4259,32.71],[-81.4151,32.7137],[-81.4203,32.7211],[-81.41,32.7219],[-81.4178,32.7251],[-81.4185,32.7326],[-81.4121,32.7326],[-81.4137,32.738],[-81.4049,32.7456],[-81.4059,32.7491],[-81.4197,32.7492],[-81.4082,32.7558],[-81.414,32.7554],[-81.4121,32.7639],[-81.4178,32.7602],[-81.4189,32.7676],[-81.4319,32.7689],[-81.4145,32.7781],[-81.4312,32.7841],[-81.4228,32.7834],[-81.4277,32.7876],[-81.4197,32.7932],[-81.4283,32.8008],[-81.4224,32.8025],[-81.4264,32.8107],[-81.418,32.8182],[-81.4271,32.8169],[-81.422,32.8215],[-81.4302,32.8278],[-81.4218,32.8293],[-81.4216,32.8352],[-81.4329,32.8435],[-81.4404,32.8411],[-81.4436,32.8506],[-81.4527,32.8441],[-81.4607,32.846],[-81.4556,32.8465],[-81.4529,32.873],[-81.4651,32.8809],[-81.4704,32.8763],[-81.4794,32.8811],[-81.4764,32.888],[-81.4662,32.8891],[-81.4641,32.8978],[-81.4708,32.9009],[-81.4721,32.8938],[-81.4808,32.8986],[-81.48,32.9134],[-81.4876,32.9164],[-81.4832,32.9218],[-81.5024,32.9354],[-81.4994,32.945],[-81.51,32.9573],[-81.5102,32.969],[-81.505,32.9636],[-81.4995,32.9648],[-81.4963,32.9902],[-81.4912,32.9978],[-81.5006,33.0025],[-81.492,33.0091],[-81.5041,33.0163],[-81.5107,33.0103],[-81.5103,33.0212],[-81.5191,33.0232],[-81.5112,33.0278],[-81.5227,33.0308],[-81.5291,33.0408],[-81.5388,33.0392],[-81.5454,33.049],[-81.5518,33.0434],[-81.5619,33.0458],[-81.5661,33.0488],[-81.5592,33.0518],[-81.5634,33.0602],[-81.567,33.0604],[-81.5628,33.0561],[-81.5663,33.0534],[-81.5729,33.0542],[-81.5718,33.0581],[-81.5781,33.0578],[-81.5749,33.0618],[-81.581,33.0627],[-81.5772,33.0659],[-81.6022,33.0735],[-81.5965,33.0799],[-81.6013,33.087],[-81.6121,33.08],[-81.6083,33.089],[-81.6117,33.0943],[-81.6454,33.0941],[-81.6794,33.1118],[-81.7046,33.1164],[-81.7438,33.1415],[-81.7627,33.1588],[-81.7724,33.1804],[-81.7654,33.1783],[-81.767,33.1865],[-81.7568,33.1979],[-81.7689,33.2174],[-81.7801,33.2211],[-81.7775,33.2113],[-81.7845,33.2081],[-81.8052,33.2114],[-81.8096,33.2226],[-81.8279,33.2287],[-81.8521,33.2473],[-81.8511,33.2525],[-81.8396,33.2552],[-81.8461,33.2581],[-81.8473,33.2663],[-81.8345,33.2583],[-81.8283,33.263],[-81.8358,33.2628],[-81.8326,33.2758],[-81.8388,33.2737],[-81.8456,33.2842],[-81.8632,33.2888],[-81.86,33.2991],[-81.8487,33.2967],[-81.8477,33.3072],[-81.8557,33.3102],[-81.8639,33.302],[-81.8686,33.3139],[-81.8809,33.3023],[-81.8846,33.3089],[-81.8816,33.3158],[-81.8925,33.3153],[-81.8891,33.321],[-81.899,33.3233],[-81.8965,33.3295],[-81.9014,33.3358],[-81.9061,33.3216],[-81.9137,33.32],[-81.9081,33.3271],[-81.9191,33.3344],[-81.9091,33.3466],[-81.9188,33.3402],[-81.9247,33.3453],[-81.938,33.3438],[-81.9407,33.3548],[-81.9452,33.3483],[-81.9616,33.3474],[-81.9423,33.3174],[-81.9467,33.3152],[-81.9704,33.3328],[-81.9753,33.3306],[-81.9839,33.3388],[-82.0067,33.345],[-82.0158,33.3551],[-82.0539,33.3486],[-82.0614,33.3257],[-82.0538,33.3037],[-82.0634,33.3002],[-82.0639,33.3048],[-82.0663,33.2938],[-82.059,33.2872],[-82.071,33.2746],[-82.0861,33.2863],[-82.1052,33.2882],[-82.0953,33.2534],[-82.0927,33.2479],[-82.0873,33.2512],[-82.086,33.2471],[-82.0904,33.2391],[-82.0818,33.2331],[-82.0926,33.2301],[-82.1034,33.233],[-82.1091,33.2413],[-82.1253,33.2497],[-82.1337,33.2759],[-82.1603,33.2889],[-82.1477,33.295],[-82.1734,33.3375],[-82.182,33.3369],[-82.2046,33.3119],[-82.2207,33.3042],[-82.2797,33.2909],[-82.2968,33.2773],[-82.3115,33.2971],[-82.3343,33.3093],[-82.3535,33.3123],[-82.1085,33.4885],[-82.1298,33.4987],[-82.122,33.5078],[-82.1631,33.5041],[-82.2023,33.508],[-82.1999,33.5025],[-82.2099,33.5],[-82.222,33.5066],[-82.2372,33.5029],[-82.2431,33.5192],[-82.2537,33.5233],[-82.258,33.4989],[-82.2679,33.4914],[-82.4005,33.5064],[-82.4024,33.5165],[-82.3849,33.5299],[-82.4372,33.5511],[-82.4342,33.5671],[-82.4228,33.5761],[-82.4127,33.5976],[-82.433,33.6081],[-82.4303,33.6187],[-82.4427,33.6307],[-82.4417,33.6383],[-82.4243,33.6482],[-82.4309,33.6551],[-82.4507,33.6506],[-82.4593,33.637],[-82.477,33.6443],[-82.4807,33.639],[-82.4898,33.6496],[-82.5002,33.6546],[-82.5053,33.6513],[-82.505,33.6591],[-82.5091,33.66],[-82.521,33.6454],[-82.5367,33.6494],[-82.5436,33.6386],[-82.5557,33.6427],[-82.5565,33.6339],[-82.562,33.6445],[-82.5695,33.6459],[-82.5723,33.6387],[-82.5822,33.652],[-82.5845,33.64],[-82.5766,33.6376],[-82.5805,33.6329],[-82.5888,33.6421],[-82.5915,33.6363],[-82.6081,33.6339],[-82.6069,33.6257],[-82.6116,33.6336],[-82.6172,33.6327],[-82.6149,33.6275],[-82.6243,33.6203],[-82.617,33.6122],[-82.6332,33.611],[-82.6435,33.618],[-82.643,33.607],[-82.652,33.6114],[-82.6559,33.6067],[-82.6528,33.5961],[-82.662,33.6041],[-82.6796,33.5997],[-82.6877,33.6026],[-82.6923,33.62],[-82.7023,33.6143],[-82.7076,33.6178],[-82.7084,33.6118],[-82.7171,33.607],[-82.7193,33.6152],[-82.7453,33.6113],[-82.7488,33.6183],[-82.756,33.6163],[-82.813,33.6558],[-82.8326,33.651],[-82.8491,33.6398],[-82.8693,33.6424],[-82.8804,33.6265],[-82.8736,33.6226],[-82.8794,33.6204],[-82.949,33.7333],[-82.9932,33.7014],[-82.9929,33.6906],[-82.9776,33.6794],[-82.9637,33.6768],[-82.9511,33.658],[-82.9705,33.6417],[-82.9737,33.6217],[-82.9801,33.6147],[-82.9877,33.6289],[-83.0016,33.6202],[-82.9899,33.6033],[-83.014,33.5804]]]},"properties":{"geoid":"13023","state":"13","district":"23","name":"State Senate District 23","chamber":"Senate"}},{"type":"Feature","geometry":{"type":"Polygon","coordinates":[[[-83.4062,33.6983],[-83.3949,33.6905],[-83.3951,33.6838],[-83.3802,33.6612],[-83.3693,33.6541],[-83.3595,33.6223],[-83.3497,33.6143],[-83.3489,33.5973],[-83.3378,33.5973],[-83.3362,33.5884],[-83.3263,33.5841],[-83.3123,33.5642],[-83.3032,33.5631],[-83.3036,33.555],[-83.2866,33.5427],[-83.2784,33.5446],[-83.2705,33.5361],[-83.2695,33.5318],[-83.2806,33.5228],[-83.284,33.5079],[-83.2768,33.4942],[-83.2803,33.4865],[-83.2778,33.4689],[-83.2573,33.4562],[-83.2631,33.4439],[-83.2397,33.4192],[-83.2441,33.399],[-83.2261,33.4046],[-83.2131,33.4008],[-83.2204,33.3937],[-83.2233,33.3796],[-83.2145,33.3808],[-83.212,33.3878],[-83.2029,33.3888],[-83.1972,33.3958],[-83.1879,33.3925],[-83.1875,33.3861],[-83.1779,33.3823],[-83.1697,33.3704],[-83.1642,33.355],[-82.9856,33.4898],[-82.986,33.5204],[-83.014,33.5804],[-82.9899,33.6033],[-83.0016,33.6202],[-82.9877,33.6289],[-82.9801,33.6147],[-82.9737,33.6217],[-82.9705,33.6417],[-82.9511,33.658],[-82.9637,33.6768],[-82.9776,33.6794],[-82.9929,33.6906],[-82.9932,33.7014],[-82.949,33.7333],[-82.8905,33.6327],[-82.8778,33.62],[-82.8736,33.6226],[-82.8804,33.6265],[-82.8745,33.6313],[-82.877,33.636],[-82.8693,33.6424],[-82.8491,33.6398],[-82.8326,33.651],[-82.813,33.6558],[-82.756,33.6163],[-82.7488,33.6183],[-82.7453,33.6113],[-82.7193,33.6152],[-82.7171,33.607],[-82.7084,33.6118],[-82.7076,33.6178],[-82.7023,33.6143],[-82.6923,33.62],[-82.6877,33.6026],[-82.6796,33.5997],[-82.662,33.6041],[-82.6528,33.5961],[-82.6559,33.6067],[-82.652,33.6114],[-82.643,33.607],[-82.6435,33.618],[-82.6332,33.611],[-82.617,33.6122],[-82.6243,33.6203],[-82.6149,33.6275],[-82.6172,33.6327],[-82.6116,33.6336],[-82.6069,33.6257],[-82.6081,33.6339],[-82.5915,33.6363],[-82.5888,33.6421],[-82.5805,33.6329],[-82.5766,33.6376],[-82.5845,33.64],[-82.5822,33.652],[-82.5723,33.6387],[-82.5695,33.6459],[-82.562,33.6445],[-82.5565,33.6339],[-82.5557,33.6427],[-82.5436,33.6386],[-82.5367,33.6494],[-82.521,33.6454],[-82.5091,33.66],[-82.505,33.6591],[-82.5053,33.6513],[-82.5002,33.6546],[-82.4898,33.6496],[-82.4807,33.639],[-82.477,33.6443],[-82.4593,33.637],[-82.4507,33.6506],[-82.4309,33.6551],[-82.4243,33.6482],[-82.4417,33.6383],[-82.4427,33.6307],[-82.4303,33.6187],[-82.433,33.6081],[-82.4127,33.5976],[-82.4228,33.5761],[-82.4342,33.5671],[-82.4372,33.5511],[-82.3849,33.5299],[-82.4024,33.5165],[-82.4004,33.5064],[-82.2679,33.4914],[-82.258,33.4989],[-82.2537,33.5233],[-82.2431,33.5192],[-82.2372,33.5029],[-82.222,33.5066],[-82.2099,33.5],[-82.1999,33.5025],[-82.2023,33.508],[-82.1631,33.5041],[-82.122,33.5078],[-82.1298,33.4987],[-82.1085,33.4885],[-82.0282,33.5449],[-82.0463,33.5638],[-82.0941,33.5827],[-82.1062,33.5956],[-82.135,33.591],[-82.1488,33.5981],[-82.1563,33.6086],[-82.1775,33.6144],[-82.1962,33.63],[-82.2012,33.6469],[-82.1999,33.6617],[-82.2346,33.7002],[-82.2475,33.7526],[-82.2858,33.7801],[-82.2983,33.7835],[-82.3002,33.8006],[-82.3245,33.82],[-82.4039,33.8655],[-82.4249,33.8641],[-82.4551,33.8817],[-82.4929,33.9098],[-82.5114,33.9356],[-82.5245,33.9434],[-82.5431,33.9409],[-82.5568,33.9453],[-82.5676,33.9679],[-82.58,33.9805],[-82.5756,33.9922],[-82.589,34.0005],[-82.5955,34.0159],[-82.5945,34.0293],[-82.6094,34.0399],[-82.6266,34.0633],[-82.6437,34.0721],[-82.6424,34.0933],[-82.6587,34.1038],[-82.677,34.1314],[-82.7175,34.1505],[-82.7419,34.2102],[-82.7468,34.2666],[-82.7821,34.2983],[-82.7945,34.3404],[-82.8345,34.3652],[-82.8588,34.4552],[-82.8806,34.469],[-82.8874,34.481],[-82.9016,34.4868],[-82.9252,34.4815],[-82.9429,34.4859],[-82.9556,34.4789],[-82.9642,34.4846],[-82.9749,34.4794],[-82.9797,34.4829],[-82.9927,34.4789],[-82.9959,34.4722],[-83.0334,34.4831],[-83.0518,34.4938],[-83.0942,34.4159],[-83.1066,34.3481],[-83.1071,34.3447],[-83.0947,34.347],[-83.1059,34.2789],[-83.1134,34.2735],[-83.1158,34.2621],[-83.0777,34.2229],[-83.0955,34.2025],[-83.092,34.1902],[-83.1027,34.1686],[-83.0762,34.1533],[-83.0669,34.1543],[-83.0609,34.1477],[-83.0613,34.1409],[-83.0483,34.1296],[-83.0479,34.1211],[-83.0308,34.1131],[-83.03,34.1039],[-83.0361,34.0983],[-83.0131,34.0773],[-83.005,34.0785],[-83.0022,34.0704],[-82.9901,34.0638],[-82.9878,34.052],[-82.9779,34.0486],[-82.9763,34.0432],[-82.9853,34.0419],[-82.9845,34.0354],[-82.9901,34.0381],[-83.0018,34.0308],[-83.0149,34.035],[-83.0208,34.0289],[-83.0293,34.0309],[-83.0485,34.0157],[-83.0621,34.0192],[-83.0713,34.0271],[-83.0773,34.025],[-83.091,34.035],[-83.101,34.0248],[-83.1241,34.0476],[-83.164,34.0347],[-83.193,34.0106],[-83.212,34.0028],[-83.2219,34.0007],[-83.225,34.0096],[-83.237,34.0136],[-83.2583,33.9989],[-83.269,34.0006],[-83.2692,33.9817],[-83.2756,33.9775],[-83.2674,33.9723],[-83.2657,33.9638],[-83.2791,33.9546],[-83.2776,33.9465],[-83.2409,33.9044],[-83.2755,33.8485],[-83.3066,33.8114],[-83.2924,33.8103],[-83.2942,33.7979],[-83.2808,33.7832],[-83.285,33.7704],[-83.2803,33.7595],[-83.2974,33.7391],[-83.2914,33.7343],[-83.4062,33.6983]]]},"properties":{"geoid":"13024","state":"13","district":"24","name":"State Senate District 24","chamber":"Senate"}},{"type":"Feature","geometry":{"type":"Polygon","coordinates":[[[-84.2287,33.3574],[-84.2163,33.3358],[-84.1506,33.3356],[-84.1509,33.313],[-84.145,33.3165],[-84.1312,33.3023],[-84.1031,33.299],[-84.089,33.2856],[-84.1226,33.2527],[-84.1181,33.2444],[-84.123,33.2445],[-84.1238,33.2028],[-83.8687,33.202],[-83.8525,33.1948],[-83.8425,33.1967],[-83.8326,33.1847],[-83.823,33.1811],[-83.8238,33.16],[-83.814,33.1483],[-83.8164,33.1246],[-83.799,33.1166],[-83.7947,33.1041],[-83.7835,33.0954],[-83.7745,33.0797],[-83.747,33.0634],[-83.7215,33.0243],[-83.7296,33.0136],[-83.719,33.0011],[-83.7246,32.9936],[-83.7228,32.9764],[-83.7061,32.9644],[-83.7106,32.9522],[-83.7006,32.944],[-83.696,32.9169],[-83.6744,32.9019],[-83.6816,32.8932],[-83.7031,32.8991],[-83.6992,32.892],[-83.7078,32.8898],[-83.7039,32.8793],[-83.7275,32.8847],[-83.689,32.8628],[-83.6855,32.8677],[-83.6817,32.8629],[-83.6792,32.866],[-83.664,32.863],[-83.6625,32.8732],[-83.6378,32.8596],[-83.6282,32.8458],[-83.6197,32.8522],[-83.6123,32.8726],[-83.5982,32.8878],[-83.5786,32.8651],[-83.5651,32.8772],[-83.5234,32.8413],[-83.3577,32.9261],[-83.2877,32.9519],[-83.2761,32.9421],[-83.2632,32.9541],[-83.2687,32.9587],[-83.2062,32.9836],[-83.1623,32.9696],[-83.1795,32.9874],[-83.1596,33.0028],[-83.1503,32.9971],[-83.1474,33.0087],[-83.1323,33.0069],[-83.1299,32.9992],[-83.1228,33.0013],[-83.1234,32.9927],[-83.1285,32.9907],[-83.1209,32.9873],[-83.1251,32.9835],[-83.1168,32.9813],[-83.1152,32.9737],[-83.1084,32.9692],[-83.0944,32.9683],[-83.0959,32.9599],[-83.0878,32.9558],[-83.0879,32.951],[-83.0839,32.9519],[-83.0851,32.956],[-83.0762,32.9508],[-83.0779,32.9462],[-83.0703,32.948],[-83.0682,32.9744],[-83.0578,32.9746],[-83.0489,32.986],[-83.0516,33.0039],[-83.0679,33.0248],[-83.0552,33.0372],[-83.0554,33.0467],[-83.045,33.0601],[-83.0503,33.0787],[-83.0544,33.0797],[-83.0725,33.0645],[-83.084,33.0637],[-83.1008,33.0498],[-83.1087,33.0714],[-83.1183,33.0802],[-83.113,33.1132],[-83.108,33.119],[-83.1106,33.1273],[-83.0985,33.1333],[-83.0976,33.1515],[-83.1954,33.1763],[-83.2619,33.189],[-83.2741,33.1872],[-83.2738,33.2013],[-83.2625,33.2083],[-83.2526,33.2343],[-83.2535,33.2593],[-83.239,33.2626],[-83.2295,33.2563],[-83.2244,33.2668],[-83.2291,33.2769],[-83.2132,33.2821],[-83.204,33.2791],[-83.1995,33.2853],[-83.1784,33.292],[-83.1705,33.3014],[-83.1465,33.3091],[-83.1504,33.3227],[-83.1434,33.3372],[-83.1647,33.3554],[-83.1697,33.3704],[-83.1779,33.3823],[-83.1875,33.3861],[-83.1879,33.3925],[-83.1972,33.3958],[-83.2029,33.3888],[-83.212,33.3878],[-83.2145,33.3808],[-83.2233,33.3796],[-83.2204,33.3937],[-83.2131,33.4008],[-83.2261,33.4046],[-83.2439,33.3987],[-83.2398,33.4194],[-83.2631,33.4439],[-83.2573,33.4562],[-83.2749,33.4641],[-83.2799,33.4834],[-83.5337,33.4345],[-83.6822,33.5262],[-83.6881,33.5107],[-83.6831,33.4944],[-83.6746,33.4872],[-83.6784,33.4836],[-83.6877,33.4832],[-83.7053,33.5009],[-83.7123,33.4951],[-83.7047,33.4885],[-83.7367,33.4809],[-83.7713,33.4525],[-83.8074,33.4408],[-83.8122,33.4347],[-83.8242,33.4378],[-83.8309,33.4215],[-83.8282,33.415],[-83.8452,33.4147],[-83.845,33.4078],[-83.8369,33.4079],[-83.8425,33.4026],[-83.831,33.3935],[-83.8474,33.3745],[-83.8569,33.3719],[-83.8539,33.3672],[-83.8631,33.3683],[-83.8644,33.3772],[-83.8733,33.378],[-83.8788,33.3898],[-83.8936,33.3949],[-83.8954,33.4079],[-83.9125,33.4178],[-83.9104,33.4257],[-83.9152,33.4273],[-83.9152,33.4362],[-83.9198,33.4345],[-83.9249,33.4457],[-83.9225,33.4506],[-83.932,33.4547],[-83.9478,33.4767],[-83.9489,33.4855],[-83.9741,33.4835],[-83.9766,33.4889],[-84.0016,33.4943],[-84.015,33.4857],[-84.0174,33.44],[-84.0771,33.427],[-84.0906,33.4287],[-84.0906,33.4168],[-84.0994,33.4062],[-84.1195,33.4029],[-84.1405,33.406],[-84.1417,33.4024],[-84.1486,33.4036],[-84.1566,33.4139],[-84.161,33.4113],[-84.1248,33.353],[-84.1515,33.3527],[-84.2013,33.3703],[-84.2138,33.3648],[-84.2167,33.3561],[-84.2287,33.3574]]]},"properties":{"geoid":"13025","state":"13","district":"25","name":"State Senate District 25","chamber":"Senate"}},{"type":"Feature","geometry":{"type":"Polygon","coordinates":[[[-83.7995,32.8194],[-83.7953,32.8055],[-83.7839,32.8078],[-83.783,32.7986],[-83.7464,32.7969],[-83.711,32.7655],[-83.7122,32.7539],[-83.6781,32.7814],[-83.6793,32.7853],[-83.6733,32.7884],[-83.6679,32.7817],[-83.6666,32.772],[-83.66,32.769],[-83.6619,32.7567],[-83.6976,32.7081],[-83.702,32.6822],[-83.7089,32.675],[-83.7091,32.6531],[-83.6966,32.6534],[-83.6986,32.6595],[-83.6877,32.6433],[-83.6607,32.6469],[-83.6587,32.6328],[-83.6636,32.6343],[-83.6665,32.6271],[-83.6697,32.6316],[-83.6692,32.6183],[-83.6449,32.6183],[-83.6609,32.6048],[-83.6539,32.5938],[-83.6682,32.5925],[-83.6584,32.5848],[-83.6383,32.5814],[-83.6129,32.5854],[-83.6029,32.5838],[-83.5981,32.5767],[-83.5796,32.5736],[-83.5714,32.5786],[-83.557,32.5785],[-83.5493,32.5739],[-83.5478,32.5594],[-83.5389,32.5557],[-83.5418,32.5502],[-83.5361,32.544],[-83.5399,32.5409],[-83.5354,32.53],[-83.5398,32.5242],[-83.533,32.5235],[-83.534,32.5166],[-83.5206,32.5107],[-83.5244,32.5057],[-83.5181,32.5041],[-83.5182,32.499],[-83.4884,32.4851],[-83.4987,32.4816],[-83.4892,32.4764],[-83.4975,32.4722],[-83.4937,32.4719],[-83.4948,32.4626],[-83.4897,32.458],[-83.4979,32.4522],[-83.4088,32.4957],[-83.4121,32.5021],[-83.4035,32.5054],[-83.4,32.5002],[-83.0856,32.6525],[-82.9576,32.7082],[-82.8628,32.7158],[-82.7858,32.6867],[-82.7945,32.6602],[-82.6686,32.6122],[-82.6745,32.5239],[-82.6477,32.5125],[-82.6294,32.5206],[-82.603,32.5215],[-82.6026,32.5095],[-82.5979,32.5329],[-82.5934,32.5351],[-82.5853,32.5252],[-82.5644,32.5324],[-82.5912,32.5577],[-82.5944,32.5792],[-82.512,32.6252],[-82.5177,32.6337],[-82.4989,32.6427],[-82.4929,32.634],[-82.4639,32.6472],[-82.4903,32.662],[-82.4994,32.6863],[-82.4708,32.7106],[-82.4528,32.7193],[-82.4528,32.7287],[-82.4341,32.7623],[-82.4538,32.7664],[-82.4733,32.7776],[-82.5211,32.8224],[-82.526,32.8336],[-82.523,32.8649],[-82.5181,32.868],[-82.5109,32.9178],[-82.5394,32.9478],[-82.5502,33.0194],[-82.5592,33.0142],[-82.5778,33.0244],[-82.5798,33.03],[-82.6003,33.0328],[-82.6043,33.0455],[-82.6183,33.0516],[-82.6129,33.061],[-82.628,33.0643],[-82.627,33.0727],[-82.6416,33.0844],[-82.6381,33.1007],[-82.6496,33.1046],[-82.6607,33.1287],[-82.684,33.1357],[-82.6929,33.1461],[-82.7023,33.146],[-82.719,33.1701],[-82.7395,33.1744],[-82.7411,33.1963],[-82.7329,33.2051],[-82.7418,33.2148],[-82.7358,33.2168],[-82.7371,33.2224],[-82.7448,33.2259],[-82.7409,33.232],[-82.7481,33.2377],[-82.7469,33.2475],[-82.7856,33.268],[-82.7808,33.2813],[-82.7817,33.3059],[-82.7935,33.3097],[-82.7958,33.3154],[-82.7892,33.3215],[-82.7994,33.3307],[-82.8,33.3621],[-82.8125,33.3638],[-82.8163,33.3725],[-82.8218,33.3739],[-82.8172,33.3773],[-82.8179,33.3873],[-82.828,33.393],[-82.8243,33.3937],[-82.8279,33.3982],[-82.8225,33.3999],[-82.8265,33.4131],[-82.8232,33.4268],[-82.8338,33.431],[-82.8342,33.4355],[-82.8415,33.4316],[-82.8519,33.4435],[-82.8607,33.441],[-82.8726,33.4464],[-82.8929,33.4381],[-82.906,33.4381],[-82.9397,33.4427],[-82.9569,33.4529],[-82.9838,33.4476],[-83.0129,33.4692],[-83.1642,33.355],[-83.1441,33.3399],[-83.1505,33.3219],[-83.1465,33.3091],[-83.1705,33.3014],[-83.1784,33.292],[-83.1995,33.2853],[-83.204,33.2791],[-83.2132,33.2821],[-83.2291,33.2769],[-83.2244,33.2668],[-83.2295,33.2563],[-83.239,33.2626],[-83.2535,33.2593],[-83.2529,33.2334],[-83.2621,33.2091],[-83.2738,33.2013],[-83.2752,33.1921],[-83.2741,33.1872],[-83.2619,33.189],[-83.1954,33.1763],[-83.0975,33.1514],[-83.0955,33.1409],[-83.0986,33.1331],[-83.1106,33.1273],[-83.108,33.119],[-83.1188,33.0871],[-83.1028,33.0514],[-83.084,33.0637],[-83.0725,33.0645],[-83.0522,33.0807],[-83.0443,33.064],[-83.0556,33.0463],[-83.0552,33.0372],[-83.0677,33.0274],[-83.0516,33.0039],[-83.0488,32.9864],[-83.0578,32.9746],[-83.0682,32.9744],[-83.0707,32.9471],[-83.0787,32.9465],[-83.0758,32.9503],[-83.0851,32.956],[-83.0839,32.9519],[-83.0879,32.951],[-83.0878,32.9558],[-83.0959,32.9599],[-83.0944,32.9683],[-83.1084,32.9692],[-83.1152,32.9737],[-83.1168,32.9813],[-83.1251,32.9835],[-83.1209,32.9873],[-83.1285,32.9907],[-83.1234,32.9927],[-83.1228,33.0013],[-83.1299,32.9992],[-83.1323,33.0069],[-83.1474,33.0087],[-83.1503,32.9971],[-83.1596,33.0028],[-83.1795,32.9874],[-83.1623,32.9696],[-83.2062,32.9836],[-83.2687,32.9587],[-83.2632,32.9541],[-83.2761,32.9421],[-83.2877,32.9519],[-83.3577,32.9261],[-83.5234,32.8413],[-83.5651,32.8772],[-83.5786,32.8651],[-83.5995,32.8878],[-83.6123,32.8726],[-83.6197,32.8522],[-83.6282,32.8458],[-83.6378,32.8596],[-83.6625,32.8732],[-83.6641,32.863],[-83.6792,32.866],[-83.6817,32.8629],[-83.6855,32.8677],[-83.6921,32.859],[-83.7114,32.8582],[-83.7145,32.8515],[-83.7048,32.8334],[-83.7248,32.8509],[-83.7406,32.8535],[-83.7445,32.8611],[-83.7451,32.8345],[-83.7698,32.8294],[-83.7665,32.8195],[-83.7831,32.8242],[-83.7816,32.8203],[-83.7895,32.8179],[-83.7952,32.8223],[-83.7995,32.8194]]]},"properties":{"geoid":"13026","state":"13","district":"26","name":"State Senate District 26","chamber":"Senate"}},{"type":"Feature","geometry":{"type":"Polygon","coordinates":[[[-84.259,34.1859],[-84.259,34.1096],[-84.2308,34.0967],[-84.2176,34.1002],[-84.2057,34.0905],[-84.1848,34.0865],[-84.1765,34.0958],[-84.1763,34.1153],[-84.1707,34.1249],[-84.1729,34.1577],[-84.1556,34.1731],[-84.1438,34.1787],[-84.1452,34.1743],[-84.1397,34.1713],[-84.1358,34.1752],[-84.1248,34.1711],[-84.1068,34.1546],[-84.1045,34.1403],[-84.0934,34.1261],[-84.0948,34.1322],[-84.0855,34.1424],[-84.0858,34.1483],[-84.0746,34.1637],[-84.0624,34.1682],[-84.0589,34.182],[-84.05,34.1905],[-84.0307,34.1953],[-84.0128,34.1911],[-84.0025,34.1959],[-83.9924,34.1941],[-83.9784,34.2136],[-83.967,34.2157],[-83.9646,34.2215],[-83.972,34.2279],[-83.9493,34.2408],[-83.9538,34.2683],[-83.9274,34.2793],[-83.9256,34.2864],[-83.9314,34.2911],[-83.9342,34.286],[-83.9363,34.2947],[-83.932,34.2984],[-83.9396,34.2988],[-83.941,34.2918],[-83.9468,34.2976],[-83.9426,34.302],[-83.9534,34.3176],[-83.9455,34.3292],[-83.9571,34.334],[-84.2581,34.3352],[-84.259,34.1859]]]},"properties":{"geoid":"13027","state":"13","district":"27","name":"State Senate District 27","chamber":"Senate"}},{"type":"Feature","geometry":{"type":"Polygon","coordinates":[[[-84.8506,33.5119],[-84.721,33.5107],[-84.7082,33.5174],[-84.7034,33.5264],[-84.6998,33.522],[-84.6998,33.5281],[-84.69,33.5306],[-84.6808,33.5226],[-84.68,33.5277],[-84.6864,33.5287],[-84.6864,33.5325],[-84.6738,33.5362],[-84.6737,33.5404],[-84.6924,33.5392],[-84.6954,33.5444],[-84.6977,33.5394],[-84.7031,33.5494],[-84.7039,33.5444],[-84.721,33.5485],[-84.7254,33.5404],[-84.7268,33.5452],[-84.717,33.5527],[-84.723,33.557],[-84.7209,33.5526],[-84.7304,33.5526],[-84.7304,33.5565],[-84.7154,33.5606],[-84.7157,33.5567],[-84.7044,33.5549],[-84.7008,33.559],[-84.6964,33.5557],[-84.6901,33.5609],[-84.6901,33.5525],[-84.6758,33.5526],[-84.6757,33.5447],[-84.6701,33.5405],[-84.6702,33.5505],[-84.665,33.5475],[-84.6674,33.5734],[-84.6502,33.5724],[-84.6525,33.602],[-84.6393,33.5998],[-84.6351,33.6051],[-84.6342,33.5994],[-84.6111,33.6104],[-84.6088,33.6038],[-84.6104,33.6193],[-84.605,33.6306],[-84.5939,33.6258],[-84.5843,33.6331],[-84.5618,33.6369],[-84.5649,33.6536],[-84.5695,33.6558],[-84.6294,33.6497],[-84.6439,33.6672],[-84.6541,33.6629],[-84.6527,33.6836],[-84.6321,33.6884],[-84.6317,33.701],[-84.6075,33.7133],[-84.5995,33.7263],[-84.5861,33.7294],[-84.579,33.7429],[-84.4808,33.8171],[-84.4915,33.828],[-84.4888,33.8331],[-84.5175,33.8546],[-84.5248,33.8531],[-84.5297,33.8444],[-84.5584,33.8518],[-84.5643,33.8461],[-84.597,33.8472],[-84.6096,33.8436],[-84.6118,33.8332],[-84.6293,33.83],[-84.6367,33.8378],[-84.6371,33.8297],[-84.6464,33.8275],[-84.6487,33.8317],[-84.6558,33.8274],[-84.6547,33.8388],[-84.6676,33.8407],[-84.663,33.8371],[-84.6713,33.8372],[-84.6699,33.8336],[-84.6738,33.8408],[-84.6919,33.8446],[-84.718,33.8333],[-84.725,33.8201],[-84.7241,33.7886],[-84.731,33.7886],[-84.731,33.7825],[-84.7239,33.7778],[-84.7334,33.7692],[-84.7328,33.7596],[-84.7777,33.7425],[-84.7786,33.7387],[-84.7768,33.7232],[-84.7621,33.7279],[-84.766,33.7166],[-84.7466,33.7059],[-84.7461,33.6965],[-84.7578,33.6996],[-84.7597,33.6956],[-84.7492,33.6883],[-84.7516,33.6823],[-84.7432,33.6677],[-84.7495,33.6674],[-84.7554,33.6614],[-84.7524,33.6586],[-84.7678,33.6446],[-84.7639,33.633],[-84.7534,33.6276],[-84.7623,33.6152],[-84.7958,33.5963],[-84.8062,33.5859],[-84.8102,33.5719],[-84.8256,33.5623],[-84.8331,33.5457],[-84.8155,33.5211],[-84.8281,33.5134],[-84.8506,33.5119]]]},"properties":{"geoid":"13028","state":"13","district":"28","name":"State Senate District 28","chamber":"Senate"}},{"type":"Feature","geometry":{"type":"Polygon","coordinates":[[[-85.2365,33.1296],[-85.1844,32.8613],[-85.1771,32.8539],[-85.1623,32.8565],[-85.1563,32.8505],[-85.154,32.8407],[-85.1683,32.8285],[-85.1648,32.8198],[-85.168,32.8118],[-85.152,32.7942],[-85.1422,32.7921],[-85.1397,32.7852],[-85.1223,32.7744],[-85.137,32.7709],[-85.1429,32.7595],[-85.1331,32.7446],[-85.1133,32.7358],[-85.1227,32.716],[-85.117,32.692],[-85.1126,32.6834],[-85.0935,32.6697],[-85.0885,32.6578],[-85.1053,32.6435],[-85.1001,32.6346],[-85.0831,32.6362],[-85.0909,32.6251],[-85.0822,32.6163],[-85.0675,32.5795],[-85.0357,32.554],[-85.0314,32.5442],[-85.0208,32.5428],[-85.0202,32.5347],[-85.0071,32.5239],[-84.9993,32.5073],[-84.9923,32.5104],[-84.989,32.5215],[-84.9811,32.5071],[-84.9643,32.5301],[-84.9647,32.5207],[-84.9521,32.518],[-84.9499,32.5063],[-84.9363,32.5085],[-84.9331,32.5171],[-84.9224,32.524],[-84.9061,32.5227],[-84.8917,32.5342],[-84.8947,32.5433],[-84.9019,32.5379],[-84.903,32.5544],[-84.8902,32.5471],[-84.8654,32.5577],[-84.8591,32.5534],[-84.8715,32.5404],[-84.8693,32.5152],[-84.854,32.5277],[-84.819,32.536],[-84.7985,32.5462],[-84.7646,32.5515],[-84.7056,32.536],[-84.6795,32.5358],[-84.6793,32.5449],[-84.6675,32.5639],[-84.6947,32.5637],[-84.6938,32.6857],[-84.7032,32.6862],[-84.7032,32.7007],[-84.6996,32.7009],[-84.6997,32.7082],[-84.6934,32.7081],[-84.6932,32.7226],[-84.6829,32.7228],[-84.6829,32.7303],[-84.688,32.7304],[-84.6879,32.7388],[-84.6931,32.7388],[-84.6924,32.8294],[-84.7005,32.8446],[-84.5707,32.8452],[-84.5071,32.8775],[-84.5116,32.9123],[-84.5269,32.9141],[-84.5242,32.9194],[-84.528,32.9279],[-84.5224,32.9331],[-84.519,32.9508],[-84.524,32.9602],[-84.5344,32.9642],[-84.5215,32.9757],[-84.5303,32.985],[-84.527,33.0003],[-84.538,33.0117],[-84.5331,33.0277],[-84.5357,33.0415],[-84.5281,33.0433],[-84.5233,33.0545],[-84.5251,33.0785],[-84.5181,33.0818],[-84.5134,33.0781],[-84.5107,33.0843],[-84.522,33.0946],[-84.5284,33.0931],[-84.5286,33.0983],[-84.5183,33.1018],[-84.5181,33.1225],[-84.5109,33.1263],[-84.5178,33.1418],[-84.5072,33.1547],[-84.5074,33.1752],[-84.4967,33.1833],[-84.4967,33.1923],[-84.4905,33.1976],[-84.4984,33.2015],[-84.4961,33.2074],[-84.5024,33.2211],[-84.6527,33.2225],[-84.6546,33.2307],[-84.6693,33.2308],[-84.6746,33.2227],[-84.694,33.223],[-84.694,33.2313],[-84.7032,33.2312],[-84.7033,33.2228],[-84.8524,33.2236],[-84.8523,33.191],[-84.8624,33.1912],[-84.8624,33.1991],[-84.8699,33.1957],[-84.872,33.2074],[-84.8622,33.2075],[-84.8621,33.2239],[-84.939,33.2247],[-85.0408,33.1883],[-85.0453,33.1816],[-85.0584,33.1834],[-85.088,33.1717],[-85.0877,33.1866],[-85.0976,33.1866],[-85.0976,33.1951],[-85.108,33.1951],[-85.1079,33.1785],[-85.1175,33.1785],[-85.1174,33.1637],[-85.2365,33.1296]]]},"properties":{"geoid":"13029","state":"13","district":"29","name":"State Senate District 29","chamber":"Senate"}},{"type":"Feature","geometry":{"type":"Polygon","coordinates":[[[-85.3866,33.9017],[-85.3382,33.6531],[-85.2897,33.6521],[-85.2485,33.6658],[-85.2344,33.6516],[-85.2343,33.6342],[-85.2258,33.6323],[-85.2289,33.6088],[-85.2089,33.6052],[-85.2033,33.6107],[-85.1895,33.6088],[-85.1902,33.6052],[-85.1777,33.606],[-85.1752,33.5988],[-85.1634,33.5957],[-85.1516,33.5833],[-85.1513,33.576],[-85.1368,33.5845],[-85.0822,33.5751],[-85.0934,33.563],[-85.0911,33.553],[-85.0866,33.5573],[-85.0824,33.5547],[-85.092,33.5483],[-85.0838,33.5398],[-85.0704,33.5407],[-85.0738,33.5472],[-85.081,33.5463],[-85.0795,33.5535],[-85.0738,33.5474],[-85.0716,33.5546],[-85.0639,33.5536],[-85.0482,33.5685],[-85.0376,33.5584],[-85.0437,33.5585],[-85.0439,33.5527],[-85.0397,33.552],[-85.0498,33.5526],[-85.0403,33.5411],[-85.0205,33.561],[-85.0008,33.5616],[-84.9918,33.5569],[-84.9584,33.5631],[-84.9479,33.5576],[-84.9492,33.5485],[-84.9242,33.5432],[-84.9084,33.5499],[-84.9131,33.5583],[-84.9062,33.5561],[-84.8869,33.5734],[-84.8092,33.5741],[-84.8062,33.5859],[-84.7974,33.5949],[-84.7623,33.6152],[-84.7534,33.6276],[-84.7639,33.633],[-84.7678,33.6446],[-84.7524,33.6586],[-84.7554,33.6614],[-84.7495,33.6674],[-84.7432,33.6677],[-84.7516,33.6823],[-84.7492,33.6883],[-84.7597,33.6956],[-84.7578,33.6996],[-84.7461,33.6965],[-84.7466,33.7059],[-84.766,33.7166],[-84.7621,33.7279],[-84.7768,33.7232],[-84.7786,33.7387],[-84.7777,33.7425],[-84.733,33.7594],[-84.7334,33.7692],[-84.7239,33.7778],[-84.731,33.7825],[-84.731,33.7886],[-84.7936,33.7832],[-84.8056,33.7927],[-84.7865,33.8049],[-84.7788,33.8169],[-84.7586,33.8186],[-84.7728,33.8292],[-84.7835,33.8317],[-84.841,33.8045],[-84.8642,33.802],[-84.8897,33.8087],[-84.8568,33.8496],[-84.8673,33.8517],[-84.8717,33.8705],[-84.8852,33.8733],[-84.891,33.8671],[-84.9294,33.8553],[-85.0377,33.829],[-85.0367,33.9043],[-85.2128,33.9063],[-85.2128,33.8992],[-85.3866,33.9017]]]},"properties":{"geoid":"13030","state":"13","district":"30","name":"State Senate District 30","chamber":"Senate"}},{"type":"Feature","geometry":{"type":"Polygon","coordinates":[[[-85.4219,34.0808],[-85.3866,33.9017],[-85.2128,33.8992],[-85.2128,33.9063],[-85.0367,33.9043],[-85.0377,33.829],[-84.9294,33.8553],[-84.891,33.8671],[-84.8852,33.8733],[-84.8756,33.8726],[-84.8671,33.8515],[-84.8568,33.8496],[-84.8897,33.8087],[-84.8639,33.802],[-84.84,33.8046],[-84.7835,33.8317],[-84.7651,33.8257],[-84.7586,33.8186],[-84.7781,33.8172],[-84.7865,33.8049],[-84.8062,33.7957],[-84.7936,33.7832],[-84.7241,33.7886],[-84.7228,33.9439],[-84.723,33.9476],[-84.7396,33.9478],[-84.7378,34.0823],[-84.8968,34.0825],[-84.8969,34.0787],[-84.9144,34.0753],[-84.9143,34.0826],[-84.9299,34.0826],[-84.93,34.0782],[-84.939,34.0784],[-84.9391,34.0826],[-85.047,34.0829],[-85.0469,34.0964],[-85.122,34.0967],[-85.1225,34.0831],[-85.1575,34.0835],[-85.1574,34.0973],[-85.2576,34.1007],[-85.2581,34.0791],[-85.4219,34.0808]]]},"properties":{"geoid":"13031","state":"13","district":"31","name":"State Senate District 31","chamber":"Senate"}},{"type":"Feature","geometry":{"type":"Polygon","coordinates":[[[-84.6592,34.0795],[-84.6243,34.0776],[-84.6242,34.0818],[-84.6153,34.0816],[-84.6154,34.0775],[-84.5874,34.0749],[-84.5934,34.0541],[-84.5798,34.0417],[-84.5657,34.0059],[-84.5746,33.9997],[-84.5671,33.9922],[-84.5748,33.9888],[-84.5688,33.9787],[-84.5699,33.9705],[-84.579,33.9706],[-84.5789,33.9595],[-84.5829,33.9593],[-84.5799,33.9547],[-84.5851,33.9501],[-84.5802,33.9445],[-84.5744,33.9519],[-84.5445,33.9553],[-84.5479,33.9636],[-84.5273,33.9595],[-84.5218,33.9532],[-84.5166,33.9552],[-84.5197,33.9617],[-84.498,33.9763],[-84.4874,33.9716],[-84.4777,33.9743],[-84.4792,33.9691],[-84.4656,33.9571],[-84.4628,33.9676],[-84.429,33.9823],[-84.44,33.9843],[-84.4548,33.9792],[-84.4593,33.9871],[-84.4638,33.9866],[-84.4736,34.0036],[-84.4725,34.0119],[-84.4916,34.0179],[-84.4909,34.0266],[-84.5038,34.0338],[-84.5122,34.0458],[-84.5263,34.0508],[-84.5219,34.0567],[-84.522,34.0754],[-84.5386,34.0757],[-84.5303,34.0993],[-84.5336,34.1136],[-84.5118,34.1555],[-84.5129,34.1731],[-84.5014,34.1973],[-84.5074,34.2039],[-84.5232,34.2048],[-84.5302,34.1975],[-84.5482,34.2018],[-84.554,34.1959],[-84.5665,34.1954],[-84.5771,34.2151],[-84.5641,34.2151],[-84.5704,34.2312],[-84.5509,34.2268],[-84.5522,34.2318],[-84.5589,34.2333],[-84.5589,34.2441],[-84.5625,34.2458],[-84.5646,34.2386],[-84.5712,34.2469],[-84.5735,34.2381],[-84.5848,34.2418],[-84.5794,34.2458],[-84.5868,34.2444],[-84.5815,34.2545],[-84.5957,34.2643],[-84.6006,34.2609],[-84.6109,34.2638],[-84.6277,34.2769],[-84.6533,34.264],[-84.6592,34.0795]]]},"properties":{"geoid":"13032","state":"13","district":"32","name":"State Senate District 32","chamber":"Senate"}},{"type":"Feature","geometry":{"type":"Polygon","coordinates":[[[-84.725,33.8223],[-84.7174,33.8338],[-84.6941,33.8446],[-84.6738,33.8408],[-84.6699,33.8336],[-84.6713,33.8372],[-84.663,33.8371],[-84.6676,33.8407],[-84.6547,33.8388],[-84.6558,33.8274],[-84.6487,33.8317],[-84.6464,33.8275],[-84.6371,33.8297],[-84.6367,33.8378],[-84.6293,33.83],[-84.6118,33.8332],[-84.6096,33.8436],[-84.5854,33.8472],[-84.5949,33.8644],[-84.5882,33.8817],[-84.5602,33.881],[-84.542,33.8966],[-84.5482,33.9026],[-84.5253,33.9042],[-84.519,33.8969],[-84.5059,33.8946],[-84.4896,33.9019],[-84.4878,33.8967],[-84.4837,33.8994],[-84.4802,33.8956],[-84.4775,33.9021],[-84.4874,33.9034],[-84.4833,33.9091],[-84.4876,33.9081],[-84.4875,33.9172],[-84.4747,33.912],[-84.4668,33.918],[-84.4639,33.9054],[-84.4468,33.8997],[-84.4426,33.9016],[-84.447,33.9116],[-84.3955,33.953],[-84.3919,33.969],[-84.3937,33.9719],[-84.4252,33.963],[-84.4256,33.9705],[-84.4405,33.978],[-84.4628,33.9676],[-84.4667,33.9569],[-84.4792,33.9691],[-84.4777,33.9743],[-84.4874,33.9716],[-84.4982,33.9763],[-84.5197,33.9617],[-84.5163,33.9554],[-84.5218,33.9532],[-84.5273,33.9595],[-84.5479,33.9636],[-84.5445,33.9553],[-84.5702,33.9519],[-84.5696,33.9444],[-84.5883,33.938],[-84.5882,33.9165],[-84.6043,33.9056],[-84.6476,33.8967],[-84.6665,33.9022],[-84.7241,33.9036],[-84.725,33.8223]]]},"properties":{"geoid":"13033","state":"13","district":"33","name":"State Senate District 33","chamber":"Senate"}},{"type":"Feature","geometry":{"type":"Polygon","coordinates":[[[-84.5588,33.5182],[-84.5358,33.5025],[-84.5095,33.4941],[-84.4946,33.4639],[-84.4958,33.4484],[-84.4552,33.4486],[-84.4581,33.4293],[-84.4459,33.427],[-84.4493,33.4454],[-84.4109,33.4256],[-84.4021,33.4253],[-84.4023,33.4201],[-84.3931,33.42],[-84.3931,33.412],[-84.3886,33.412],[-84.3822,33.421],[-84.3876,33.426],[-84.3824,33.4364],[-84.3888,33.4503],[-84.3816,33.463],[-84.3871,33.4766],[-84.3975,33.4857],[-84.3786,33.518],[-84.3634,33.5178],[-84.3638,33.5323],[-84.3544,33.5298],[-84.3442,33.5434],[-84.3409,33.5767],[-84.3495,33.5786],[-84.3447,33.5979],[-84.3383,33.5979],[-84.3508,33.6187],[-84.3416,33.6237],[-84.3434,33.6413],[-84.3359,33.6479],[-84.4458,33.6488],[-84.4483,33.6411],[-84.4531,33.6411],[-84.4531,33.6489],[-84.4579,33.6489],[-84.4587,33.5509],[-84.5569,33.5285],[-84.5588,33.5182]]]},"properties":{"geoid":"13034","state":"13","district":"34","name":"State Senate District 34","chamber":"Senate"}},{"type":"Feature","geometry":{"type":"Polygon","coordinates":[[[-84.654,33.6632],[-84.6439,33.6672],[-84.6259,33.6491],[-84.572,33.656],[-84.5615,33.6527],[-84.5437,33.678],[-84.5188,33.6936],[-84.5114,33.6906],[-84.5059,33.7154],[-84.4964,33.7191],[-84.4964,33.725],[-84.5021,33.7252],[-84.4982,33.7468],[-84.4895,33.7459],[-84.4827,33.7597],[-84.4689,33.7569],[-84.4737,33.7763],[-84.4667,33.7774],[-84.4645,33.7875],[-84.4581,33.7826],[-84.4597,33.7892],[-84.4527,33.7903],[-84.4618,33.8069],[-84.4425,33.7998],[-84.436,33.8016],[-84.4311,33.8116],[-84.4555,33.8268],[-84.4607,33.8398],[-84.4557,33.8657],[-84.4432,33.8794],[-84.4426,33.9016],[-84.4636,33.9051],[-84.4668,33.918],[-84.4747,33.912],[-84.4873,33.9172],[-84.4876,33.9081],[-84.4833,33.9091],[-84.4874,33.9034],[-84.4775,33.9021],[-84.4802,33.8956],[-84.4837,33.8994],[-84.4878,33.8967],[-84.4896,33.9019],[-84.5059,33.8946],[-84.519,33.8969],[-84.5253,33.9042],[-84.548,33.9027],[-84.542,33.8966],[-84.5602,33.881],[-84.5882,33.8817],[-84.5949,33.8644],[-84.5826,33.8446],[-84.5643,33.8461],[-84.5584,33.8518],[-84.5297,33.8444],[-84.5239,33.8537],[-84.5125,33.8542],[-84.4888,33.8331],[-84.4903,33.8258],[-84.4803,33.8175],[-84.579,33.7429],[-84.5861,33.7294],[-84.5995,33.7263],[-84.6075,33.7133],[-84.6317,33.701],[-84.6321,33.6884],[-84.6521,33.6843],[-84.654,33.6632]]]},"properties":{"geoid":"13035","state":"13","district":"35","name":"State Senate District 35","chamber":"Senate"}},{"type":"Feature","geometry":{"type":"Polygon","coordinates":[[[-84.4873,33.6337],[-84.4773,33.6332],[-84.479,33.6241],[-84.4736,33.6275],[-84.4736,33.6204],[-84.458,33.6186],[-84.4579,33.6489],[-84.4531,33.6489],[-84.4531,33.6411],[-84.4483,33.6411],[-84.4458,33.6488],[-84.3499,33.6479],[-84.3489,33.7819],[-84.3587,33.7821],[-84.3554,33.7876],[-84.3594,33.7932],[-84.369,33.7971],[-84.3781,33.7865],[-84.3878,33.7867],[-84.3874,33.7713],[-84.4002,33.7707],[-84.3978,33.7634],[-84.4126,33.7634],[-84.4175,33.7454],[-84.4233,33.7453],[-84.424,33.7326],[-84.4169,33.728],[-84.4239,33.7208],[-84.4293,33.6998],[-84.4483,33.7003],[-84.4409,33.6998],[-84.4401,33.6799],[-84.4446,33.6676],[-84.4647,33.6678],[-84.4733,33.6613],[-84.4733,33.6537],[-84.4868,33.6523],[-84.4873,33.6337]]]},"properties":{"geoid":"13036","state":"13","district":"36","name":"State Senate District 36","chamber":"Senate"}},{"type":"Feature","geometry":{"type":"Polygon","coordinates":[[[-84.8172,34.1143],[-84.8172,34.1107],[-84.7987,34.1107],[-84.7988,34.1174],[-84.7932,34.1136],[-84.7988,34.1043],[-84.807,34.1008],[-84.8027,34.0962],[-84.8084,34.0911],[-84.8069,34.0825],[-84.7378,34.0823],[-84.7396,33.9478],[-84.723,33.9476],[-84.7241,33.9036],[-84.6665,33.9022],[-84.6458,33.8967],[-84.6043,33.9056],[-84.5882,33.9165],[-84.5883,33.938],[-84.5696,33.9444],[-84.5702,33.9519],[-84.5783,33.9445],[-84.5851,33.9501],[-84.5799,33.9547],[-84.5829,33.9593],[-84.5789,33.9595],[-84.579,33.9706],[-84.5699,33.9705],[-84.5689,33.9791],[-84.5739,33.9843],[-84.5683,33.9838],[-84.5748,33.9888],[-84.5671,33.9922],[-84.5746,33.9997],[-84.5657,34.0059],[-84.5798,34.0417],[-84.5934,34.0541],[-84.5871,34.0741],[-84.6154,34.0775],[-84.6153,34.0816],[-84.6242,34.0818],[-84.6243,34.0776],[-84.6592,34.0782],[-84.6579,34.1425],[-84.6636,34.149],[-84.6713,34.1497],[-84.6724,34.14],[-84.6769,34.1402],[-84.706,34.1692],[-84.7491,34.1603],[-84.7614,34.1623],[-84.7708,34.1544],[-84.7717,34.1458],[-84.7832,34.1457],[-84.7899,34.1356],[-84.8092,34.1221],[-84.8086,34.1166],[-84.8172,34.1143]]]},"properties":{"geoid":"13037","state":"13","district":"37","name":"State Senate District 37","chamber":"Senate"}},{"type":"Feature","geometry":{"type":"Polygon","coordinates":[[[-84.7304,33.5565],[-84.7304,33.5526],[-84.7209,33.5526],[-84.723,33.557],[-84.717,33.5527],[-84.7268,33.5452],[-84.7254,33.5404],[-84.721,33.5485],[-84.7039,33.5444],[-84.7031,33.5494],[-84.6977,33.5394],[-84.6954,33.5444],[-84.6924,33.5392],[-84.6737,33.5404],[-84.6738,33.5362],[-84.6864,33.5325],[-84.6864,33.5287],[-84.68,33.5277],[-84.6808,33.5226],[-84.69,33.5306],[-84.6998,33.5281],[-84.6998,33.522],[-84.7034,33.5264],[-84.7082,33.5174],[-84.721,33.5107],[-84.6213,33.5113],[-84.6211,33.5031],[-84.6163,33.5025],[-84.6085,33.503],[-84.6066,33.5105],[-84.5942,33.5194],[-84.4743,33.5478],[-84.5016,33.5507],[-84.5072,33.5593],[-84.4896,33.5615],[-84.4951,33.5801],[-84.5166,33.5856],[-84.5174,33.5959],[-84.5247,33.5959],[-84.5246,33.5867],[-84.5319,33.5865],[-84.5352,33.6],[-84.5404,33.6001],[-84.5258,33.6064],[-84.5324,33.6332],[-84.522,33.644],[-84.5306,33.6426],[-84.5282,33.6463],[-84.5345,33.6461],[-84.5357,33.6516],[-84.5304,33.6575],[-84.5062,33.6542],[-84.5067,33.6662],[-84.4922,33.6661],[-84.4922,33.6739],[-84.4866,33.6743],[-84.4865,33.69],[-84.4763,33.6926],[-84.4715,33.7202],[-84.4526,33.7192],[-84.4435,33.7277],[-84.4475,33.7337],[-84.4465,33.7441],[-84.4404,33.744],[-84.4461,33.7506],[-84.4438,33.7637],[-84.441,33.768],[-84.4255,33.7686],[-84.4242,33.7731],[-84.4174,33.7714],[-84.4173,33.7826],[-84.413,33.7799],[-84.415,33.7848],[-84.4077,33.7886],[-84.4075,33.8287],[-84.3874,33.8286],[-84.3813,33.8371],[-84.3619,33.8378],[-84.3629,33.8428],[-84.3582,33.845],[-84.3619,33.8505],[-84.3713,33.8437],[-84.3827,33.8542],[-84.3791,33.9121],[-84.4067,33.9158],[-84.4116,33.9312],[-84.4038,33.9426],[-84.4367,33.9228],[-84.4474,33.9109],[-84.4417,33.8998],[-84.4432,33.8795],[-84.4557,33.8657],[-84.4607,33.8398],[-84.4555,33.8268],[-84.4311,33.8116],[-84.436,33.8016],[-84.4425,33.7998],[-84.4618,33.8069],[-84.4527,33.7903],[-84.4597,33.7892],[-84.4581,33.7826],[-84.4645,33.7875],[-84.4667,33.7774],[-84.4737,33.7763],[-84.4689,33.7569],[-84.4827,33.7597],[-84.4895,33.7459],[-84.4982,33.7468],[-84.5021,33.7252],[-84.4964,33.725],[-84.4964,33.7191],[-84.5059,33.7154],[-84.5114,33.6906],[-84.5188,33.6936],[-84.5469,33.675],[-84.555,33.6583],[-84.5651,33.6539],[-84.5618,33.6369],[-84.5843,33.6331],[-84.5939,33.6258],[-84.605,33.6306],[-84.6104,33.6193],[-84.6076,33.6044],[-84.6111,33.6104],[-84.6342,33.5994],[-84.6351,33.6051],[-84.6393,33.5998],[-84.6525,33.602],[-84.6502,33.5724],[-84.6674,33.5734],[-84.665,33.5475],[-84.6702,33.5505],[-84.6701,33.5405],[-84.6757,33.5447],[-84.6758,33.5526],[-84.6901,33.5525],[-84.6901,33.5609],[-84.6964,33.5557],[-84.7008,33.559],[-84.7044,33.5549],[-84.7157,33.5567],[-84.7154,33.5606],[-84.7304,33.5565]]]},"properties":{"geoid":"13038","state":"13","district":"38","name":"State Senate District 38","chamber":"Senate"}},{"type":"Feature","geometry":{"type":"Polygon","coordinates":[[[-84.5404,33.6001],[-84.5352,33.6],[-84.5319,33.5865],[-84.5246,33.5867],[-84.5247,33.5959],[-84.5174,33.5959],[-84.5166,33.5856],[-84.4951,33.5801],[-84.4896,33.5615],[-84.5072,33.5593],[-84.5014,33.5506],[-84.4743,33.5478],[-84.4587,33.5509],[-84.458,33.6186],[-84.4736,33.6204],[-84.4736,33.6275],[-84.479,33.6241],[-84.4773,33.6332],[-84.4872,33.6333],[-84.4868,33.6523],[-84.4733,33.6537],[-84.4733,33.6613],[-84.4647,33.6678],[-84.4446,33.6676],[-84.4401,33.6799],[-84.4409,33.6998],[-84.4483,33.7003],[-84.4293,33.6998],[-84.4239,33.7208],[-84.4169,33.728],[-84.424,33.7326],[-84.4233,33.7453],[-84.4175,33.7454],[-84.4126,33.7634],[-84.3978,33.7634],[-84.4002,33.7707],[-84.3874,33.7713],[-84.3878,33.7867],[-84.3781,33.7865],[-84.369,33.7971],[-84.3557,33.7899],[-84.3587,33.7821],[-84.3489,33.7819],[-84.3483,33.854],[-84.3629,33.8428],[-84.3619,33.8378],[-84.3813,33.8371],[-84.3874,33.8286],[-84.4075,33.8287],[-84.4077,33.7886],[-84.415,33.7848],[-84.413,33.7799],[-84.4173,33.7826],[-84.4174,33.7714],[-84.4242,33.7731],[-84.4255,33.7686],[-84.441,33.768],[-84.4438,33.7637],[-84.4461,33.7506],[-84.4404,33.744],[-84.4465,33.7441],[-84.4475,33.7337],[-84.4435,33.7277],[-84.4526,33.7192],[-84.4715,33.7202],[-84.4763,33.6926],[-84.4865,33.69],[-84.4866,33.6743],[-84.4922,33.6739],[-84.4922,33.6661],[-84.5067,33.6662],[-84.5062,33.6542],[-84.5304,33.6575],[-84.5357,33.6516],[-84.5345,33.6461],[-84.5282,33.6463],[-84.5306,33.6426],[-84.522,33.644],[-84.5324,33.6332],[-84.5258,33.6064],[-84.5404,33.6001]]]},"properties":{"geoid":"13039","state":"13","district":"39","name":"State Senate District 39","chamber":"Senate"}},{"type":"Feature","geometry":{"type":"Polygon","coordinates":[[[-84.3483,33.8549],[-84.3391,33.8525],[-84.3346,33.8576],[-84.3213,33.8496],[-84.3119,33.858],[-84.3132,33.8406],[-84.2894,33.8568],[-84.2644,33.8557],[-84.2473,33.8464],[-84.2497,33.8699],[-84.2331,33.8691],[-84.228,33.8733],[-84.2353,33.8784],[-84.234,33.8834],[-84.2278,33.8802],[-84.2277,33.8856],[-84.2179,33.8865],[-84.259,33.9188],[-84.2203,33.9355],[-84.2248,33.9457],[-84.235,33.9502],[-84.2175,33.9777],[-84.2257,33.9789],[-84.233,33.9738],[-84.2426,33.9827],[-84.2623,33.9874],[-84.2627,33.9735],[-84.2581,33.9682],[-84.2805,33.956],[-84.3368,33.9709],[-84.3474,33.9681],[-84.3483,33.8549]]]},"properties":{"geoid":"13040","state":"13","district":"40","name":"State Senate District 40","chamber":"Senate"}},{"type":"Feature","geometry":{"type":"Polygon","coordinates":[[[-84.3486,33.8047],[-84.3377,33.8045],[-84.3341,33.812],[-84.3039,33.8201],[-84.3071,33.8246],[-84.3003,33.8221],[-84.2801,33.8291],[-84.261,33.8221],[-84.2606,33.8115],[-84.2467,33.8183],[-84.2501,33.8032],[-84.2639,33.7936],[-84.2557,33.7987],[-84.2489,33.7958],[-84.2474,33.8025],[-84.2485,33.7832],[-84.2413,33.778],[-84.2514,33.7653],[-84.2435,33.7605],[-84.242,33.7377],[-84.2138,33.7345],[-84.2174,33.7116],[-84.1971,33.7046],[-84.1987,33.7004],[-84.1922,33.6991],[-84.1984,33.6966],[-84.1927,33.691],[-84.1819,33.6866],[-84.1578,33.6907],[-84.1541,33.6858],[-84.1488,33.6925],[-84.1522,33.7033],[-84.1702,33.7035],[-84.1656,33.7141],[-84.1695,33.7376],[-84.1574,33.7388],[-84.1493,33.749],[-84.1394,33.7489],[-84.1573,33.768],[-84.1636,33.7681],[-84.1643,33.7617],[-84.1631,33.7868],[-84.1825,33.7924],[-84.187,33.8061],[-84.1937,33.8022],[-84.1937,33.8115],[-84.2062,33.8117],[-84.2113,33.8186],[-84.2013,33.8251],[-84.2138,33.8246],[-84.2173,33.8312],[-84.2137,33.8347],[-84.2256,33.8292],[-84.2212,33.8356],[-84.2232,33.8429],[-84.2133,33.8425],[-84.2133,33.8489],[-84.2074,33.851],[-84.2098,33.8536],[-84.2425,33.8415],[-84.2446,33.8469],[-84.2535,33.8465],[-84.2641,33.8557],[-84.2894,33.8568],[-84.3132,33.8406],[-84.3119,33.858],[-84.3213,33.8496],[-84.3346,33.8576],[-84.3391,33.8525],[-84.3483,33.8526],[-84.3486,33.8047]]]},"properties":{"geoid":"13041","state":"13","district":"41","name":"State Senate District 41","chamber":"Senate"}},{"type":"Feature","geometry":{"type":"Polygon","coordinates":[[[-84.1766,33.4914],[-84.1612,33.4711],[-84.1653,33.4728],[-84.168,33.4668],[-84.1585,33.4646],[-84.1558,33.4547],[-84.1591,33.4491],[-84.1527,33.4436],[-84.1388,33.4431],[-84.1386,33.4308],[-84.1133,33.4334],[-84.079,33.4269],[-84.0174,33.44],[-84.015,33.4857],[-84.0078,33.4932],[-83.9766,33.4889],[-83.974,33.4835],[-83.9493,33.4857],[-83.9478,33.4767],[-83.932,33.4547],[-83.9225,33.4506],[-83.9249,33.4457],[-83.9198,33.4345],[-83.9152,33.4362],[-83.9152,33.4273],[-83.9104,33.4257],[-83.9125,33.4178],[-83.8954,33.4079],[-83.8936,33.3949],[-83.8788,33.3898],[-83.8733,33.378],[-83.8644,33.3772],[-83.8631,33.3683],[-83.8539,33.3672],[-83.8569,33.3719],[-83.8474,33.3745],[-83.831,33.3935],[-83.8425,33.4026],[-83.8369,33.4079],[-83.845,33.4078],[-83.8452,33.4147],[-83.8282,33.415],[-83.8309,33.4215],[-83.8242,33.4378],[-83.8122,33.4347],[-83.8074,33.4408],[-83.7713,33.4525],[-83.7367,33.4809],[-83.7047,33.4885],[-83.7123,33.4951],[-83.7053,33.5009],[-83.6877,33.4832],[-83.6784,33.4836],[-83.6746,33.4872],[-83.6831,33.4944],[-83.6881,33.5107],[-83.6822,33.5262],[-83.5337,33.4345],[-83.2799,33.4834],[-83.2768,33.4942],[-83.2836,33.5103],[-83.2803,33.5234],[-83.2692,33.5329],[-83.2784,33.5446],[-83.2866,33.5427],[-83.3036,33.555],[-83.3032,33.5631],[-83.3123,33.5642],[-83.3263,33.5841],[-83.3362,33.5884],[-83.3378,33.5973],[-83.3489,33.5974],[-83.3497,33.6143],[-83.3595,33.6223],[-83.3704,33.6558],[-83.384,33.6662],[-83.4009,33.6963],[-83.418,33.7044],[-83.424,33.7154],[-83.4453,33.7225],[-83.4582,33.7685],[-83.4786,33.7922],[-83.4753,33.7984],[-83.4815,33.7971],[-83.4797,33.8025],[-83.4856,33.8073],[-83.4926,33.8052],[-83.5013,33.8169],[-83.5059,33.8178],[-83.5264,33.7961],[-83.6188,33.6749],[-83.6341,33.6824],[-83.6383,33.6992],[-83.6491,33.7127],[-83.658,33.7137],[-83.6642,33.7418],[-83.679,33.7525],[-83.6877,33.7689],[-83.6992,33.7634],[-83.7018,33.7516],[-83.7077,33.7487],[-83.725,33.7608],[-83.7313,33.7505],[-83.7471,33.7434],[-83.7594,33.7442],[-83.7784,33.7297],[-83.7875,33.7391],[-83.7955,33.7615],[-83.8099,33.778],[-83.8171,33.777],[-83.8215,33.7823],[-83.8184,33.7886],[-83.8293,33.7927],[-83.8453,33.8163],[-83.8416,33.8295],[-83.8606,33.8506],[-83.8562,33.8657],[-83.8606,33.874],[-83.869,33.8742],[-83.9822,33.7862],[-83.9148,33.7442],[-83.9187,33.7238],[-83.9132,33.7126],[-83.9176,33.7083],[-83.9252,33.7102],[-83.9181,33.6895],[-83.9246,33.6809],[-83.9231,33.6739],[-83.9314,33.6504],[-83.9251,33.6331],[-83.9099,33.6228],[-83.9147,33.6148],[-83.9206,33.6159],[-83.9198,33.6067],[-83.9316,33.6062],[-83.9315,33.5914],[-83.9454,33.5923],[-83.9416,33.586],[-83.9486,33.5791],[-83.9659,33.5785],[-83.9978,33.5618],[-84.0072,33.5671],[-84.0105,33.5636],[-84.0034,33.5635],[-84.0033,33.5549],[-84.0107,33.5549],[-84.0107,33.5633],[-84.0445,33.5258],[-84.0466,33.5307],[-84.0563,33.5268],[-84.0509,33.5304],[-84.0501,33.5414],[-84.0587,33.5402],[-84.0657,33.5495],[-84.0702,33.5471],[-84.0975,33.56],[-84.0989,33.5323],[-84.1065,33.5249],[-84.1104,33.5257],[-84.1065,33.5284],[-84.1099,33.5342],[-84.1389,33.5332],[-84.1442,33.4912],[-84.1766,33.4914]]]},"properties":{"geoid":"13042","state":"13","district":"42","name":"State Senate District 42","chamber":"Senate"}},{"type":"Feature","geometry":{"type":"Polygon","coordinates":[[[-84.1841,33.6462],[-84.1816,33.6292],[-84.1309,33.5643],[-84.1233,33.561],[-84.1068,33.5664],[-84.0899,33.5547],[-84.0821,33.5554],[-84.0701,33.547],[-84.0657,33.5495],[-84.0596,33.5406],[-84.0519,33.5425],[-84.0486,33.5386],[-84.0556,33.5262],[-84.0467,33.5307],[-84.0445,33.5258],[-84.0107,33.5633],[-84.0107,33.5549],[-84.0033,33.5549],[-84.0034,33.5635],[-84.0105,33.5636],[-84.0072,33.5671],[-83.9978,33.5618],[-83.9659,33.5785],[-83.9486,33.5791],[-83.9416,33.586],[-83.9454,33.5923],[-83.9315,33.5914],[-83.9316,33.6062],[-83.9198,33.6067],[-83.9206,33.6159],[-83.9147,33.6148],[-83.9099,33.6227],[-83.9251,33.6331],[-83.9314,33.6504],[-83.9231,33.6739],[-83.9246,33.6809],[-83.9181,33.6895],[-83.9252,33.7102],[-83.9176,33.7083],[-83.9132,33.7126],[-83.9187,33.7238],[-83.9148,33.7442],[-83.9822,33.7862],[-83.8926,33.8553],[-83.9423,33.8838],[-83.9475,33.8819],[-83.9481,33.8859],[-83.9575,33.8829],[-83.9573,33.8616],[-83.9754,33.8605],[-83.9854,33.8265],[-83.9948,33.8269],[-84.0049,33.8185],[-84.0126,33.8337],[-84.0293,33.8118],[-84.028,33.8043],[-84.0752,33.805],[-84.0653,33.7868],[-84.0657,33.7802],[-84.0707,33.779],[-84.0614,33.7776],[-84.0465,33.7647],[-84.0593,33.736],[-84.0698,33.7449],[-84.0835,33.7479],[-84.0931,33.723],[-84.1085,33.7197],[-84.1108,33.7269],[-84.1178,33.7269],[-84.1324,33.7043],[-84.1165,33.7014],[-84.1149,33.676],[-84.084,33.6743],[-84.1158,33.6147],[-84.1292,33.6314],[-84.1405,33.6315],[-84.1383,33.6377],[-84.1512,33.6388],[-84.1545,33.6457],[-84.1616,33.6378],[-84.1731,33.641],[-84.1702,33.6459],[-84.1841,33.6462]]]},"properties":{"geoid":"13043","state":"13","district":"43","name":"State Senate District 43","chamber":"Senate"}},{"type":"Feature","geometry":{"type":"Polygon","coordinates":[[[-84.3505,33.6205],[-84.3383,33.5979],[-84.3447,33.5979],[-84.3495,33.5786],[-84.2839,33.5491],[-84.2637,33.5489],[-84.2636,33.5822],[-84.2531,33.5822],[-84.2532,33.5903],[-84.2439,33.5903],[-84.2439,33.5986],[-84.2532,33.5988],[-84.2532,33.6069],[-84.263,33.607],[-84.2626,33.631],[-84.2721,33.6312],[-84.2719,33.6392],[-84.2815,33.6394],[-84.2817,33.6473],[-84.2669,33.6472],[-84.2698,33.6542],[-84.2825,33.6619],[-84.2776,33.6735],[-84.2658,33.6741],[-84.2727,33.6823],[-84.2723,33.6911],[-84.2606,33.6929],[-84.2903,33.7389],[-84.2909,33.751],[-84.284,33.751],[-84.2873,33.7576],[-84.2758,33.7596],[-84.2705,33.7698],[-84.2731,33.7745],[-84.2794,33.7743],[-84.2763,33.7848],[-84.2958,33.7875],[-84.2958,33.7936],[-84.3005,33.7876],[-84.3094,33.7877],[-84.3139,33.7801],[-84.3059,33.8018],[-84.3129,33.8072],[-84.3277,33.8035],[-84.3292,33.8105],[-84.3341,33.812],[-84.3377,33.8045],[-84.3486,33.8046],[-84.3499,33.6479],[-84.3359,33.6479],[-84.3434,33.6413],[-84.3416,33.6237],[-84.3505,33.6205]]]},"properties":{"geoid":"13044","state":"13","district":"44","name":"State Senate District 44","chamber":"Senate"}},{"type":"Feature","geometry":{"type":"Polygon","coordinates":[[[-84.0921,34.0491],[-84.0791,34.0416],[-84.0629,34.057],[-84.0481,34.03],[-84.0202,34.0499],[-83.9934,34.0567],[-83.9874,34.0336],[-83.9921,34.0316],[-83.9911,34.0256],[-83.9868,34.0204],[-83.9748,34.0202],[-83.9692,34.0118],[-83.9895,34.001],[-83.9854,33.9792],[-83.953,33.9844],[-83.9451,33.9763],[-83.9281,33.982],[-83.9209,33.9908],[-83.9074,33.9966],[-83.8907,34.0164],[-83.8843,34.0125],[-83.8649,34.0135],[-83.8691,34.0043],[-83.8389,33.9843],[-83.8319,33.9663],[-83.8242,33.9642],[-83.813,33.9707],[-83.7849,33.9682],[-83.7715,33.9724],[-83.7491,33.961],[-83.7331,33.9661],[-83.7201,33.9587],[-83.7123,33.9824],[-83.703,33.9873],[-83.6909,33.9846],[-83.6832,33.9924],[-83.6919,33.998],[-83.7131,33.9973],[-83.7069,34.0044],[-83.7074,34.0163],[-83.7216,34.0626],[-83.7321,34.0602],[-83.7334,34.0671],[-83.741,34.0695],[-83.7433,34.0651],[-83.7675,34.0664],[-83.7699,34.0732],[-83.791,34.0872],[-83.7923,34.1004],[-83.8152,34.1137],[-83.8108,34.116],[-83.8169,34.1274],[-83.8678,34.0987],[-84.0207,34.1536],[-84.0204,34.1238],[-84.0307,34.1052],[-84.0921,34.0491]]]},"properties":{"geoid":"13045","state":"13","district":"45","name":"State Senate District 45","chamber":"Senate"}},{"type":"Feature","geometry":{"type":"Polygon","coordinates":[[[-83.9392,33.9786],[-83.9255,33.9748],[-83.9285,33.9713],[-83.9219,33.9674],[-83.9274,33.9593],[-83.9201,33.954],[-83.9206,33.9472],[-83.9058,33.9401],[-83.8813,33.9075],[-83.8432,33.8948],[-83.869,33.8742],[-83.8606,33.874],[-83.8562,33.8657],[-83.8606,33.8506],[-83.8416,33.8295],[-83.8454,33.8165],[-83.831,33.7949],[-83.8184,33.7886],[-83.8213,33.7819],[-83.8167,33.7769],[-83.8099,33.778],[-83.7955,33.7615],[-83.7875,33.7391],[-83.7784,33.7297],[-83.7594,33.7442],[-83.7471,33.7434],[-83.7313,33.7505],[-83.725,33.7608],[-83.7077,33.7487],[-83.7018,33.7516],[-83.6992,33.7634],[-83.6877,33.7689],[-83.679,33.7525],[-83.6642,33.7418],[-83.658,33.7137],[-83.6491,33.7127],[-83.6383,33.6992],[-83.6341,33.6824],[-83.6188,33.6749],[-83.5059,33.8178],[-83.4965,33.813],[-83.4926,33.8052],[-83.4833,33.8057],[-83.4814,33.7971],[-83.4753,33.7984],[-83.4786,33.7922],[-83.4582,33.7685],[-83.4453,33.7225],[-83.424,33.7154],[-83.418,33.7044],[-83.4062,33.6983],[-83.2914,33.7343],[-83.2974,33.7391],[-83.2803,33.7595],[-83.285,33.7704],[-83.2808,33.7832],[-83.2942,33.7979],[-83.2924,33.8103],[-83.3066,33.8114],[-83.2755,33.8485],[-83.2433,33.9005],[-83.2576,33.9057],[-83.2651,33.8995],[-83.2777,33.8982],[-83.3469,33.9131],[-83.3599,33.9072],[-83.3564,33.9113],[-83.361,33.9181],[-83.3654,33.9172],[-83.3616,33.9222],[-83.3659,33.9273],[-83.3532,33.9324],[-83.3645,33.9335],[-83.3701,33.9479],[-83.3664,33.9582],[-83.3744,33.9631],[-83.3952,33.9584],[-83.4004,33.952],[-83.4152,33.9618],[-83.423,33.947],[-83.4374,33.9337],[-83.461,33.9394],[-83.4649,33.9407],[-83.465,33.9515],[-83.4618,33.9629],[-83.4563,33.965],[-83.4616,33.9726],[-83.4689,33.9635],[-83.4788,33.9723],[-83.4884,33.969],[-83.4982,33.9875],[-83.647,33.9062],[-83.6763,33.9176],[-83.7221,33.9001],[-83.7211,33.9077],[-83.7385,33.913],[-83.7392,33.9217],[-83.7461,33.9224],[-83.7508,33.9389],[-83.7353,33.9332],[-83.7331,33.9388],[-83.694,33.9514],[-83.6735,33.9513],[-83.6544,33.9634],[-83.6668,33.9757],[-83.6766,33.9741],[-83.6831,33.9856],[-83.703,33.9873],[-83.7123,33.9824],[-83.7201,33.9587],[-83.7331,33.9661],[-83.7491,33.961],[-83.7715,33.9724],[-83.7849,33.9682],[-83.813,33.9707],[-83.8242,33.9642],[-83.8319,33.9663],[-83.8389,33.9843],[-83.8691,34.0043],[-83.8649,34.0135],[-83.8843,34.0125],[-83.8907,34.0164],[-83.9074,33.9966],[-83.9392,33.9786]]]},"properties":{"geoid":"13046","state":"13","district":"46","name":"State Senate District 46","chamber":"Senate"}},{"type":"Feature","geometry":{"type":"Polygon","coordinates":[[[-83.8177,34.1275],[-83.8108,34.1161],[-83.8152,34.1137],[-83.7923,34.1004],[-83.791,34.0872],[-83.7699,34.0732],[-83.7675,34.0664],[-83.7433,34.0651],[-83.741,34.0695],[-83.7334,34.0671],[-83.7321,34.0602],[-83.7216,34.0626],[-83.7074,34.0163],[-83.7069,34.0044],[-83.7131,33.9973],[-83.6886,33.9968],[-83.6832,33.9924],[-83.6909,33.9846],[-83.6831,33.9856],[-83.6766,33.9741],[-83.6668,33.9757],[-83.6544,33.9634],[-83.6735,33.9513],[-83.694,33.9514],[-83.7331,33.9388],[-83.7353,33.9332],[-83.7508,33.9389],[-83.7516,33.9309],[-83.7459,33.9306],[-83.7461,33.9224],[-83.7392,33.9217],[-83.7391,33.9135],[-83.7211,33.9077],[-83.723,33.9001],[-83.6763,33.9176],[-83.647,33.9062],[-83.4982,33.9875],[-83.4884,33.969],[-83.4788,33.9723],[-83.4689,33.9635],[-83.4616,33.9726],[-83.4563,33.965],[-83.4618,33.9629],[-83.465,33.9515],[-83.4649,33.9407],[-83.461,33.9394],[-83.4374,33.9337],[-83.423,33.947],[-83.4152,33.9618],[-83.4004,33.952],[-83.3952,33.9584],[-83.3744,33.9631],[-83.3664,33.9582],[-83.3701,33.9479],[-83.3645,33.9335],[-83.3532,33.9324],[-83.3659,33.9273],[-83.3616,33.9222],[-83.3654,33.9172],[-83.361,33.9181],[-83.3564,33.9113],[-83.3599,33.9072],[-83.3469,33.9131],[-83.2777,33.8982],[-83.2651,33.8995],[-83.2576,33.9057],[-83.2433,33.9005],[-83.2409,33.9044],[-83.2776,33.9465],[-83.2791,33.9546],[-83.2657,33.9638],[-83.2674,33.9723],[-83.2756,33.9775],[-83.2692,33.9817],[-83.269,34.0006],[-83.2583,33.9989],[-83.237,34.0136],[-83.225,34.0096],[-83.2219,34.0007],[-83.212,34.0028],[-83.193,34.0106],[-83.164,34.0347],[-83.1241,34.0476],[-83.101,34.0248],[-83.091,34.035],[-83.0773,34.025],[-83.0713,34.0271],[-83.0621,34.0192],[-83.0485,34.0157],[-83.0293,34.0309],[-83.0208,34.0289],[-83.0149,34.035],[-83.0018,34.0308],[-82.9901,34.0381],[-82.9845,34.0354],[-82.9853,34.0419],[-82.9763,34.0432],[-82.9779,34.0486],[-82.9878,34.052],[-82.9901,34.0638],[-83.0022,34.0704],[-83.005,34.0785],[-83.0131,34.0773],[-83.0361,34.0983],[-83.03,34.1039],[-83.0308,34.1131],[-83.0479,34.1211],[-83.0483,34.1296],[-83.0613,34.1409],[-83.0609,34.1477],[-83.0669,34.1543],[-83.0762,34.1533],[-83.1026,34.1683],[-83.092,34.1902],[-83.0955,34.2025],[-83.0777,34.2229],[-83.1158,34.2621],[-83.1134,34.2735],[-83.1727,34.2385],[-83.2028,34.2483],[-83.214,34.2431],[-83.2367,34.2481],[-83.2374,34.2419],[-83.2507,34.2434],[-83.2547,34.2476],[-83.2733,34.249],[-83.2764,34.2544],[-83.2865,34.2533],[-83.2973,34.2646],[-83.3135,34.2592],[-83.3139,34.2545],[-83.3445,34.2362],[-83.3669,34.2097],[-83.4024,34.1975],[-83.3794,34.1713],[-83.3638,34.1641],[-83.361,34.1484],[-83.3689,34.1403],[-83.4063,34.1478],[-83.4878,34.1462],[-83.4784,34.1391],[-83.4843,34.1304],[-83.4779,34.1236],[-83.4804,34.1186],[-83.4738,34.1171],[-83.475,34.1092],[-83.4611,34.0976],[-83.4683,34.0937],[-83.4599,34.0866],[-83.4636,34.082],[-83.4795,34.092],[-83.487,34.0896],[-83.5078,34.0945],[-83.5361,34.114],[-83.5674,34.1174],[-83.572,34.1359],[-83.5664,34.1488],[-83.5674,34.1634],[-83.5824,34.1661],[-83.6013,34.1778],[-83.5898,34.1849],[-83.6049,34.1904],[-83.6609,34.1807],[-83.6691,34.2038],[-83.6657,34.2126],[-83.6755,34.2148],[-83.6836,34.2417],[-83.8177,34.1275]]]},"properties":{"geoid":"13047","state":"13","district":"47","name":"State Senate District 47","chamber":"Senate"}},{"type":"Feature","geometry":{"type":"Polygon","coordinates":[[[-84.2652,33.9879],[-84.2547,33.9861],[-84.2483,33.9983],[-84.2264,34.0041],[-84.2129,34.0039],[-84.2032,33.9983],[-84.204,33.9896],[-84.1927,33.9908],[-84.1809,33.9987],[-84.169,34.0284],[-84.1235,34.0334],[-84.0977,34.0506],[-84.0922,34.049],[-84.0307,34.1052],[-84.0204,34.1238],[-84.0207,34.1536],[-84.0622,34.1685],[-84.0754,34.1629],[-84.0948,34.1322],[-84.0934,34.1261],[-84.1045,34.1403],[-84.1068,34.1546],[-84.1248,34.1711],[-84.1358,34.1752],[-84.1397,34.1713],[-84.1452,34.1743],[-84.1438,34.1787],[-84.1551,34.1735],[-84.1729,34.1577],[-84.1707,34.1249],[-84.1763,34.1153],[-84.1765,34.0958],[-84.1829,34.0877],[-84.1894,34.0855],[-84.2057,34.0905],[-84.2212,34.1004],[-84.2507,34.0785],[-84.2518,34.0689],[-84.2461,34.067],[-84.2463,34.0621],[-84.2282,34.0601],[-84.2334,34.0536],[-84.2305,34.0408],[-84.2499,34.0291],[-84.2524,34.0075],[-84.2596,33.9902],[-84.2652,33.9879]]]},"properties":{"geoid":"13048","state":"13","district":"48","name":"State Senate District 48","chamber":"Senate"}},{"type":"Feature","geometry":{"type":"Polygon","coordinates":[[[-84.0621,34.1688],[-83.8678,34.0987],[-83.8173,34.1276],[-83.7299,34.2022],[-83.7401,34.2111],[-83.7514,34.2046],[-83.7593,34.2069],[-83.7721,34.2225],[-83.7721,34.2299],[-83.7593,34.2371],[-83.7654,34.2435],[-83.7658,34.2601],[-83.728,34.2746],[-83.7192,34.2813],[-83.7182,34.288],[-83.7213,34.2919],[-83.7327,34.2905],[-83.7368,34.2969],[-83.7419,34.293],[-83.7577,34.2998],[-83.7645,34.3149],[-83.7501,34.3333],[-83.7407,34.3361],[-83.7304,34.3481],[-83.7081,34.3525],[-83.6996,34.3517],[-83.6824,34.3321],[-83.6598,34.3336],[-83.6513,34.3488],[-83.6694,34.366],[-83.6601,34.3795],[-83.6601,34.3909],[-83.6426,34.4154],[-83.623,34.4194],[-83.6152,34.4317],[-83.6664,34.5036],[-83.7777,34.5048],[-83.7776,34.5137],[-83.7886,34.5141],[-83.7885,34.5048],[-83.8434,34.5055],[-83.8433,34.497],[-83.8876,34.4688],[-83.8876,34.4599],[-83.91,34.4598],[-83.9098,34.4692],[-83.9319,34.4693],[-83.9319,34.4605],[-83.9207,34.4601],[-83.9207,34.4511],[-83.9313,34.4512],[-83.9564,34.4373],[-83.9751,34.4327],[-83.9709,34.4228],[-83.9825,34.4178],[-83.9848,34.4116],[-83.9784,34.4112],[-83.9715,34.4018],[-83.9844,34.3836],[-83.9772,34.3795],[-83.981,34.3692],[-83.9761,34.3631],[-83.9814,34.3578],[-83.9762,34.3566],[-83.9669,34.3396],[-83.9607,34.3431],[-83.9564,34.3329],[-83.9456,34.3294],[-83.9534,34.3176],[-83.9426,34.302],[-83.9469,34.2978],[-83.941,34.2918],[-83.9396,34.2988],[-83.9315,34.2981],[-83.9363,34.2947],[-83.9346,34.287],[-83.9283,34.2898],[-83.9267,34.2804],[-83.9533,34.269],[-83.9494,34.2405],[-83.9718,34.2281],[-83.9646,34.2215],[-83.9663,34.2166],[-83.9784,34.2136],[-83.9891,34.1957],[-84.0115,34.191],[-84.0299,34.1953],[-84.0487,34.1912],[-84.0589,34.182],[-84.0621,34.1688]]]},"properties":{"geoid":"13049","state":"13","district":"49","name":"State Senate District 49","chamber":"Senate"}},{"type":"Feature","geometry":{"type":"Polygon","coordinates":[[[-83.9462,34.9709],[-83.9264,34.9551],[-83.9173,34.9418],[-83.9186,34.9298],[-83.9149,34.927],[-83.8658,34.9147],[-83.8565,34.8989],[-83.833,34.8996],[-83.8332,34.9062],[-83.8401,34.9096],[-83.8211,34.9137],[-83.8088,34.9046],[-83.8049,34.8956],[-83.8118,34.8733],[-83.8094,34.8606],[-83.7912,34.8435],[-83.7963,34.8268],[-83.7806,34.8184],[-83.7803,34.7929],[-83.8259,34.7785],[-83.8307,34.7659],[-83.825,34.7437],[-83.8297,34.7404],[-83.8294,34.7309],[-83.8395,34.7256],[-83.8291,34.7258],[-83.8237,34.7312],[-83.8089,34.7265],[-83.7837,34.7105],[-83.787,34.7006],[-83.7806,34.7022],[-83.7779,34.6955],[-83.7621,34.685],[-83.75,34.6851],[-83.7303,34.673],[-83.714,34.6721],[-83.7157,34.6638],[-83.705,34.6608],[-83.6965,34.6506],[-83.7084,34.6489],[-83.6979,34.6487],[-83.6979,34.6446],[-83.7086,34.6445],[-83.7089,34.6312],[-83.6979,34.631],[-83.6991,34.6242],[-83.7086,34.6245],[-83.6962,34.6117],[-83.7174,34.5922],[-83.7134,34.58],[-83.722,34.581],[-83.7344,34.5626],[-83.7499,34.5751],[-83.7631,34.571],[-83.7548,34.5253],[-83.7568,34.5045],[-83.6664,34.5036],[-83.6152,34.4317],[-83.623,34.4194],[-83.6426,34.4154],[-83.6601,34.3909],[-83.6601,34.3795],[-83.6694,34.366],[-83.6513,34.3488],[-83.6598,34.3336],[-83.6824,34.3321],[-83.6996,34.3517],[-83.7081,34.3525],[-83.7304,34.3481],[-83.7407,34.3361],[-83.7501,34.3333],[-83.7645,34.3149],[-83.7577,34.2998],[-83.7419,34.293],[-83.7368,34.2969],[-83.7327,34.2905],[-83.7213,34.2919],[-83.7182,34.288],[-83.7192,34.2813],[-83.728,34.2746],[-83.7658,34.2601],[-83.7654,34.2435],[-83.7593,34.2371],[-83.7714,34.231],[-83.7722,34.2229],[-83.7593,34.2069],[-83.7514,34.2046],[-83.7401,34.2111],[-83.7299,34.2022],[-83.6836,34.2417],[-83.6755,34.2148],[-83.6657,34.2126],[-83.6691,34.2038],[-83.6609,34.1807],[-83.6049,34.1904],[-83.5898,34.1849],[-83.6013,34.1778],[-83.5824,34.1661],[-83.5674,34.1634],[-83.5664,34.1488],[-83.572,34.1359],[-83.5674,34.1174],[-83.5361,34.114],[-83.5078,34.0945],[-83.487,34.0896],[-83.4795,34.092],[-83.4636,34.082],[-83.4599,34.0866],[-83.4683,34.0937],[-83.4611,34.0976],[-83.475,34.1092],[-83.4738,34.1171],[-83.4804,34.1186],[-83.4779,34.1236],[-83.4843,34.1304],[-83.4784,34.1391],[-83.4878,34.1462],[-83.4063,34.1478],[-83.3689,34.1403],[-83.361,34.1484],[-83.3638,34.1641],[-83.3794,34.1713],[-83.4024,34.1975],[-83.3669,34.2097],[-83.3445,34.2362],[-83.3139,34.2545],[-83.3135,34.2592],[-83.2973,34.2646],[-83.2865,34.2533],[-83.2764,34.2544],[-83.2733,34.249],[-83.2547,34.2476],[-83.2507,34.2434],[-83.2374,34.2419],[-83.2367,34.2481],[-83.214,34.2431],[-83.2028,34.2483],[-83.1727,34.2385],[-83.1059,34.2789],[-83.0947,34.347],[-83.1071,34.3447],[-83.0942,34.4159],[-83.0514,34.494],[-83.0533,34.5018],[-83.0721,34.5037],[-83.0792,34.5141],[-83.0872,34.5162],[-83.0784,34.5254],[-83.0878,34.5321],[-83.1027,34.5324],[-83.1107,34.5479],[-83.1241,34.5541],[-83.1229,34.5601],[-83.1399,34.5618],[-83.1432,34.5734],[-83.1587,34.579],[-83.1546,34.5882],[-83.1697,34.5917],[-83.171,34.5981],[-83.1606,34.5995],[-83.1597,34.6033],[-83.1726,34.6078],[-83.1969,34.6031],[-83.2038,34.6096],[-83.2326,34.6116],[-83.2434,34.618],[-83.2407,34.6245],[-83.2539,34.6367],[-83.2932,34.6543],[-83.3046,34.6696],[-83.3164,34.6693],[-83.329,34.6811],[-83.3405,34.6807],[-83.3401,34.6915],[-83.3539,34.6995],[-83.3466,34.7042],[-83.3533,34.7287],[-83.3486,34.737],[-83.3392,34.7383],[-83.3264,34.7507],[-83.3262,34.7563],[-83.3187,34.7576],[-83.3233,34.7607],[-83.319,34.7713],[-83.3241,34.7892],[-83.3142,34.7996],[-83.3008,34.8043],[-83.2994,34.8095],[-83.3061,34.816],[-83.3006,34.8187],[-83.2951,34.8132],[-83.289,34.8246],[-83.2771,34.817],[-83.2709,34.8186],[-83.2672,34.8313],[-83.2726,34.8355],[-83.2672,34.8485],[-83.2489,34.8451],[-83.2539,34.8488],[-83.2533,34.8559],[-83.2464,34.8555],[-83.2481,34.8656],[-83.2391,34.8651],[-83.2347,34.8707],[-83.243,34.8775],[-83.2201,34.878],[-83.214,34.8886],[-83.2146,34.8836],[-83.2053,34.8802],[-83.201,34.8844],[-83.2035,34.8935],[-83.1972,34.8906],[-83.1945,34.8994],[-83.1881,34.8981],[-83.1686,34.9194],[-83.157,34.9151],[-83.1569,34.9308],[-83.1415,34.9245],[-83.13,34.9313],[-83.1317,34.9357],[-83.1273,34.9386],[-83.1205,34.9329],[-83.1118,34.935],[-83.1274,34.9493],[-83.1271,34.9542],[-83.1141,34.9503],[-83.1203,34.958],[-83.1158,34.9602],[-83.1221,34.9643],[-83.1165,34.9757],[-83.1112,34.9757],[-83.1113,34.981],[-83.1077,34.9798],[-83.0983,34.9907],[-83.1029,34.9973],[-83.1106,35.0013],[-83.6201,34.992],[-83.62,34.9867],[-83.9364,34.9876],[-83.9462,34.9709]]]},"properties":{"geoid":"13050","state":"13","district":"50","name":"State Senate District 50","chamber":"Senate"}},{"type":"Feature","geometry":{"type":"Polygon","coordinates":[[[-84.6571,34.7289],[-84.6533,34.4632],[-84.6445,34.463],[-84.6444,34.4558],[-84.6537,34.4558],[-84.6532,34.4126],[-84.5828,34.4122],[-84.5826,34.3815],[-84.4423,34.3804],[-84.4421,34.3882],[-84.4245,34.388],[-84.4245,34.3806],[-84.4007,34.3805],[-84.4008,34.3733],[-84.3922,34.3733],[-84.3921,34.3807],[-84.2576,34.381],[-84.2581,34.3352],[-83.9571,34.334],[-83.9602,34.3427],[-83.9669,34.3396],[-83.9816,34.3588],[-83.9762,34.3628],[-83.981,34.3692],[-83.9772,34.3795],[-83.9844,34.3836],[-83.9716,34.4025],[-83.9784,34.4112],[-83.9848,34.4116],[-83.9825,34.4178],[-83.9709,34.4228],[-83.9751,34.4327],[-83.9564,34.4373],[-83.9313,34.4512],[-83.9207,34.4511],[-83.9207,34.4601],[-83.9319,34.4605],[-83.9319,34.4693],[-83.9098,34.4692],[-83.91,34.4598],[-83.8876,34.4599],[-83.8876,34.4688],[-83.8433,34.497],[-83.8434,34.5055],[-83.7885,34.5048],[-83.7886,34.5141],[-83.7776,34.5137],[-83.7777,34.5048],[-83.7568,34.5045],[-83.7548,34.5253],[-83.7631,34.571],[-83.7499,34.5751],[-83.7344,34.5626],[-83.722,34.581],[-83.7134,34.58],[-83.7174,34.5922],[-83.6962,34.6117],[-83.7086,34.6245],[-83.6991,34.6242],[-83.6979,34.631],[-83.7089,34.6312],[-83.7086,34.6445],[-83.6979,34.6446],[-83.6979,34.6487],[-83.7084,34.6489],[-83.6965,34.6506],[-83.705,34.6608],[-83.7157,34.6638],[-83.714,34.6721],[-83.7303,34.673],[-83.75,34.6851],[-83.7621,34.685],[-83.7779,34.6955],[-83.7806,34.7022],[-83.7872,34.7008],[-83.7837,34.7105],[-83.8089,34.7265],[-83.8237,34.7312],[-83.8291,34.7258],[-83.8395,34.7256],[-83.8294,34.7309],[-83.8297,34.7404],[-83.825,34.7437],[-83.8307,34.7659],[-83.8259,34.7785],[-83.7803,34.7929],[-83.7806,34.8184],[-83.7963,34.8268],[-83.7912,34.8435],[-83.8094,34.8606],[-83.8118,34.8733],[-83.8049,34.8956],[-83.8087,34.9044],[-83.8211,34.9137],[-83.8401,34.9096],[-83.8332,34.9062],[-83.833,34.8996],[-83.8565,34.8989],[-83.8658,34.9147],[-83.9179,34.9289],[-83.9174,34.9419],[-83.9356,34.9652],[-83.9462,34.9708],[-83.9364,34.9876],[-84.6215,34.9883],[-84.6228,34.8571],[-84.6023,34.8385],[-84.5929,34.8402],[-84.5905,34.8311],[-84.5822,34.8246],[-84.596,34.8058],[-84.6014,34.8064],[-84.6097,34.7909],[-84.622,34.7891],[-84.6414,34.7777],[-84.6353,34.7709],[-84.639,34.7544],[-84.6483,34.7477],[-84.6571,34.7289]]]},"properties":{"geoid":"13051","state":"13","district":"51","name":"State Senate District 51","chamber":"Senate"}},{"type":"Feature","geometry":{"type":"Polygon","coordinates":[[[-85.4622,34.2864],[-85.4219,34.0808],[-85.2581,34.0791],[-85.2576,34.1007],[-85.1574,34.0973],[-85.1575,34.0835],[-85.1225,34.0831],[-85.122,34.0967],[-85.0469,34.0964],[-85.047,34.0829],[-84.9391,34.0826],[-84.939,34.0784],[-84.93,34.0782],[-84.9299,34.0826],[-84.9143,34.0826],[-84.9144,34.0753],[-84.8969,34.0787],[-84.8968,34.0825],[-84.8069,34.0825],[-84.8084,34.0911],[-84.8027,34.0962],[-84.807,34.1008],[-84.7988,34.1043],[-84.7932,34.1136],[-84.7988,34.1174],[-84.7987,34.1107],[-84.8172,34.1107],[-84.8172,34.1143],[-84.8086,34.1166],[-84.8092,34.1221],[-84.7899,34.1356],[-84.7832,34.1457],[-84.7717,34.1458],[-84.7708,34.1544],[-84.7614,34.1623],[-84.7491,34.1603],[-84.706,34.1692],[-84.6769,34.1402],[-84.6724,34.14],[-84.6703,34.1501],[-84.6579,34.1425],[-84.654,34.3469],[-84.6447,34.3468],[-84.6443,34.3552],[-84.654,34.3552],[-84.6532,34.4126],[-84.7339,34.413],[-84.7341,34.3965],[-84.8629,34.3966],[-84.8716,34.407],[-84.8624,34.4184],[-84.9076,34.4416],[-84.9095,34.4349],[-84.9138,34.4349],[-84.9182,34.4379],[-84.9141,34.4422],[-84.9203,34.442],[-84.9207,34.4277],[-84.9278,34.4277],[-84.9356,34.417],[-84.9456,34.4318],[-84.9704,34.4467],[-84.9747,34.4618],[-85.0149,34.4613],[-85.0284,34.4513],[-85.0335,34.459],[-85.0309,34.4755],[-84.9944,34.4684],[-84.9956,34.4768],[-85.0135,34.4924],[-85.0097,34.4979],[-85.015,34.5134],[-84.9962,34.5308],[-84.9897,34.5304],[-84.9869,34.5411],[-84.9763,34.5341],[-84.9718,34.5684],[-85.0067,34.5882],[-85.0172,34.5882],[-85.0335,34.5973],[-85.0593,34.6226],[-85.0605,34.5872],[-85.0692,34.5872],[-85.0693,34.575],[-85.0642,34.5749],[-85.0635,34.5425],[-85.09,34.5419],[-85.0901,34.4635],[-85.1123,34.4619],[-85.1022,34.4531],[-85.1019,34.4444],[-85.0944,34.4401],[-85.0883,34.4272],[-85.1069,34.4161],[-85.1054,34.4053],[-85.0773,34.3957],[-85.0997,34.383],[-85.1227,34.3824],[-85.1252,34.3695],[-85.115,34.3567],[-85.115,34.3471],[-85.1298,34.3489],[-85.1402,34.3608],[-85.1587,34.3345],[-85.175,34.3527],[-85.1894,34.3491],[-85.203,34.3362],[-85.2186,34.3322],[-85.2064,34.3145],[-85.1887,34.3028],[-85.1962,34.2961],[-85.188,34.2943],[-85.1885,34.283],[-85.182,34.2798],[-85.2247,34.2857],[-85.2278,34.275],[-85.2611,34.2912],[-85.2685,34.2853],[-85.2684,34.2793],[-85.2787,34.2792],[-85.279,34.2972],[-85.3125,34.2993],[-85.3129,34.3101],[-85.3229,34.3145],[-85.3207,34.3259],[-85.3292,34.3248],[-85.3467,34.3562],[-85.3728,34.3226],[-85.3828,34.3033],[-85.3788,34.2962],[-85.3874,34.2861],[-85.4622,34.2864]]]},"properties":{"geoid":"13052","state":"13","district":"52","name":"State Senate District 52","chamber":"Senate"}},{"type":"Feature","geometry":{"type":"Polygon","coordinates":[[[-85.6049,34.9847],[-85.5614,34.7501],[-85.4622,34.2864],[-85.3874,34.2861],[-85.3788,34.2962],[-85.3828,34.3033],[-85.3728,34.3226],[-85.3467,34.3562],[-85.3292,34.3248],[-85.3207,34.3259],[-85.3229,34.3145],[-85.3129,34.3101],[-85.3125,34.2993],[-85.279,34.2972],[-85.2787,34.2792],[-85.2684,34.2793],[-85.2685,34.2853],[-85.2611,34.2912],[-85.2278,34.275],[-85.2247,34.2857],[-85.182,34.2798],[-85.1885,34.283],[-85.188,34.2943],[-85.1962,34.2961],[-85.1887,34.3028],[-85.2064,34.3145],[-85.2186,34.3322],[-85.203,34.3362],[-85.1894,34.3491],[-85.175,34.3527],[-85.1587,34.3345],[-85.1402,34.3608],[-85.1298,34.3489],[-85.115,34.3471],[-85.115,34.3567],[-85.1252,34.3695],[-85.1227,34.3824],[-85.0997,34.383],[-85.0773,34.3956],[-85.1054,34.4053],[-85.1069,34.4161],[-85.0883,34.4272],[-85.0944,34.4401],[-85.1019,34.4444],[-85.1022,34.4531],[-85.1123,34.4619],[-85.0901,34.4635],[-85.09,34.5419],[-85.0635,34.5425],[-85.0642,34.5749],[-85.0693,34.575],[-85.0692,34.5872],[-85.0605,34.5872],[-85.0604,34.6225],[-85.0504,34.6225],[-85.0508,34.72],[-85.1689,34.7203],[-85.1672,34.7278],[-85.1451,34.7665],[-85.1317,34.8197],[-85.1226,34.8192],[-85.1227,34.8121],[-85.1054,34.8123],[-85.1053,34.8192],[-85.0616,34.8195],[-85.0616,34.8636],[-85.0327,34.8637],[-85.0327,34.8711],[-85.0233,34.8711],[-85.0234,34.9008],[-85.0139,34.9008],[-85.0138,34.9115],[-84.9979,34.9402],[-84.9974,34.9724],[-84.9797,34.9728],[-84.9799,34.9876],[-85.6049,34.9847]]]},"properties":{"geoid":"13053","state":"13","district":"53","name":"State Senate District 53","chamber":"Senate"}},{"type":"Feature","geometry":{"type":"Polygon","coordinates":[[[-85.1689,34.7207],[-85.0508,34.72],[-85.0504,34.6225],[-85.0552,34.6224],[-85.0335,34.5973],[-85.0172,34.5882],[-85.0067,34.5882],[-84.9719,34.5686],[-84.9763,34.5341],[-84.9869,34.5411],[-84.9897,34.5304],[-84.9962,34.5308],[-85.015,34.5134],[-85.0097,34.4979],[-85.0135,34.4924],[-84.9956,34.4768],[-84.9944,34.4684],[-85.0309,34.4755],[-85.0335,34.459],[-85.0284,34.4513],[-85.0149,34.4613],[-84.9747,34.4618],[-84.9704,34.4467],[-84.9456,34.4318],[-84.9356,34.417],[-84.9278,34.4277],[-84.9207,34.4277],[-84.9203,34.442],[-84.9141,34.4422],[-84.9182,34.4379],[-84.9138,34.4349],[-84.9095,34.4349],[-84.9076,34.4416],[-84.8624,34.4184],[-84.8716,34.407],[-84.8629,34.3966],[-84.7341,34.3965],[-84.7339,34.413],[-84.6532,34.4126],[-84.6537,34.4558],[-84.6444,34.4558],[-84.6445,34.463],[-84.6533,34.4632],[-84.6571,34.7289],[-84.6483,34.7477],[-84.639,34.7544],[-84.6353,34.7709],[-84.6414,34.7777],[-84.622,34.7891],[-84.6097,34.7909],[-84.6014,34.8064],[-84.596,34.8058],[-84.5822,34.8246],[-84.5905,34.8311],[-84.5929,34.8402],[-84.6023,34.8385],[-84.6228,34.8571],[-84.6215,34.9883],[-84.9799,34.9876],[-84.9797,34.9728],[-84.9974,34.9724],[-84.9979,34.9402],[-85.0138,34.9115],[-85.0139,34.9008],[-85.0234,34.9008],[-85.0233,34.8711],[-85.0327,34.8711],[-85.0327,34.8637],[-85.0616,34.8636],[-85.0616,34.8195],[-85.1053,34.8192],[-85.1054,34.8123],[-85.1227,34.8121],[-85.1226,34.8192],[-85.1317,34.8197],[-85.1449,34.7673],[-85.1689,34.7207]]]},"properties":{"geoid":"13054","state":"13","district":"54","name":"State Senate District 54","chamber":"Senate"}},{"type":"Feature","geometry":{"type":"Polygon","coordinates":[[[-84.2497,33.8699],[-84.2473,33.8464],[-84.2425,33.8415],[-84.2098,33.8536],[-84.2074,33.851],[-84.2133,33.8489],[-84.2133,33.8425],[-84.2232,33.8429],[-84.2212,33.8356],[-84.2256,33.8292],[-84.2137,33.8347],[-84.2173,33.8312],[-84.2138,33.8246],[-84.2013,33.8251],[-84.2113,33.8186],[-84.2062,33.8117],[-84.1937,33.8115],[-84.1937,33.8022],[-84.187,33.8061],[-84.1825,33.7924],[-84.1631,33.7867],[-84.1643,33.7617],[-84.1636,33.7681],[-84.1573,33.768],[-84.1396,33.7471],[-84.1493,33.749],[-84.1574,33.7388],[-84.1691,33.7388],[-84.1656,33.7141],[-84.1702,33.7035],[-84.1522,33.7033],[-84.1488,33.6927],[-84.1535,33.6848],[-84.133,33.6865],[-84.1339,33.6761],[-84.1249,33.675],[-84.1149,33.676],[-84.1165,33.7014],[-84.1324,33.7043],[-84.1178,33.7269],[-84.1108,33.7269],[-84.1085,33.7197],[-84.0931,33.723],[-84.0835,33.7479],[-84.0696,33.7448],[-84.0616,33.7344],[-84.0544,33.7397],[-84.0569,33.7443],[-84.0465,33.7647],[-84.0614,33.7776],[-84.0707,33.779],[-84.0657,33.7802],[-84.0653,33.7868],[-84.0752,33.805],[-84.028,33.8043],[-84.0293,33.8118],[-84.0126,33.8337],[-84.0049,33.8185],[-83.9948,33.8269],[-83.9835,33.8283],[-83.9749,33.8568],[-83.9845,33.8761],[-83.9934,33.8732],[-84.0004,33.882],[-84.0128,33.8777],[-84.0154,33.8694],[-84.0222,33.873],[-84.032,33.8684],[-84.0504,33.8728],[-84.06,33.8867],[-84.0707,33.8758],[-84.0837,33.8739],[-84.0761,33.8693],[-84.0811,33.8654],[-84.0738,33.8581],[-84.0782,33.8499],[-84.0611,33.8417],[-84.0897,33.8318],[-84.094,33.8388],[-84.1153,33.839],[-84.1222,33.8471],[-84.1114,33.8522],[-84.1176,33.8619],[-84.1516,33.8602],[-84.1624,33.871],[-84.1711,33.8582],[-84.203,33.8726],[-84.2179,33.8865],[-84.2277,33.8856],[-84.2278,33.8802],[-84.234,33.8834],[-84.2353,33.8784],[-84.228,33.8733],[-84.2331,33.8691],[-84.2497,33.8699]]]},"properties":{"geoid":"13055","state":"13","district":"55","name":"State Senate District 55","chamber":"Senate"}},{"type":"Feature","geometry":{"type":"Polygon","coordinates":[[[-84.5386,34.0758],[-84.522,34.0754],[-84.5219,34.0567],[-84.5263,34.0508],[-84.5122,34.0458],[-84.5038,34.0338],[-84.4909,34.0266],[-84.4916,34.0179],[-84.4725,34.0119],[-84.4736,34.0036],[-84.4638,33.9866],[-84.4593,33.9871],[-84.4548,33.9792],[-84.44,33.9843],[-84.429,33.9823],[-84.4371,33.9757],[-84.4256,33.9705],[-84.4252,33.963],[-84.3937,33.9719],[-84.3955,33.953],[-84.3752,33.9782],[-84.3748,33.9869],[-84.3833,33.9928],[-84.3825,33.9983],[-84.3505,34.0037],[-84.3626,34.0116],[-84.3616,34.0232],[-84.3441,34.0356],[-84.3384,34.0492],[-84.3246,34.0609],[-84.361,34.0613],[-84.3609,34.0763],[-84.3644,34.0738],[-84.379,34.08],[-84.3834,34.0771],[-84.388,34.0781],[-84.3835,34.0792],[-84.388,34.0851],[-84.4043,34.0843],[-84.4187,34.0895],[-84.4184,34.109],[-84.3995,34.1097],[-84.3883,34.1182],[-84.4108,34.1259],[-84.4216,34.1218],[-84.4268,34.1249],[-84.4309,34.1398],[-84.4497,34.1388],[-84.4511,34.1432],[-84.4634,34.1392],[-84.4662,34.1542],[-84.4557,34.1559],[-84.458,34.1644],[-84.4769,34.1771],[-84.4825,34.1874],[-84.5014,34.1973],[-84.5129,34.1731],[-84.5118,34.1555],[-84.5336,34.1136],[-84.5303,34.0993],[-84.5386,34.0758]]]},"properties":{"geoid":"13056","state":"13","district":"56","name":"State Senate District 56","chamber":"Senate"}}]}