{"type":"FeatureCollection","features":[{"type":"Feature","geometry":{"type":"MultiPolygon","coordinates":[[[[-89.417,36.4997],[-89.301,36.5072],[-88.8168,36.5027],[-88.8196,36.7559],[-88.8132,36.7731],[-88.8129,36.9469],[-88.8217,36.9676],[-88.8109,36.9743],[-88.8002,36.974],[-88.7935,36.9807],[-88.7912,36.9917],[-88.7845,36.9923],[-88.7842,37.0076],[-88.7486,37.0099],[-88.709,37.023],[-88.7016,37.0239],[-88.6898,37.0039],[-88.6753,37.003],[-88.6753,36.9959],[-88.6664,36.9957],[-88.6664,37.0158],[-88.6553,37.0141],[-88.6542,37.0425],[-88.683,37.0308],[-88.6767,37.0397],[-88.6977,37.0386],[-88.6945,37.0467],[-88.7136,37.0417],[-88.721,37.0519],[-88.7234,37.0658],[-88.6616,37.0838],[-88.664,37.0887],[-88.6558,37.0948],[-88.6447,37.0867],[-88.6409,37.0916],[-88.6151,37.0874],[-88.6119,37.0798],[-88.6083,37.0813],[-88.6082,37.0733],[-88.5984,37.0773],[-88.5958,37.0732],[-88.5906,37.0749],[-88.5745,37.0848],[-88.5899,37.0998],[-88.6218,37.1181],[-88.6926,37.1411],[-88.7325,37.1439],[-88.8026,37.1877],[-88.9162,37.224],[-88.9774,37.2294],[-89.0001,37.2248],[-89.0299,37.2111],[-89.0867,37.1655],[-89.1095,37.1231],[-89.1258,37.1085],[-89.1482,37.0984],[-89.1506,37.0937],[-89.1461,37.091],[-89.1557,37.0877],[-89.1671,37.0754],[-89.1814,37.0459],[-89.1808,37.0256],[-89.1702,37.0071],[-89.1366,36.9838],[-89.1109,36.9778],[-89.099,36.9582],[-89.1171,36.8887],[-89.1381,36.8473],[-89.1704,36.8418],[-89.1792,36.8299],[-89.1791,36.8109],[-89.1706,36.7975],[-89.1571,36.7896],[-89.1244,36.7858],[-89.1162,36.7733],[-89.1182,36.7623],[-89.126,36.7518],[-89.1729,36.7588],[-89.1882,36.7507],[-89.2006,36.7326],[-89.1993,36.7156],[-89.1705,36.69],[-89.168,36.6791],[-89.1719,36.6726],[-89.1591,36.6664],[-89.1978,36.629],[-89.2028,36.6017],[-89.2139,36.5799],[-89.2363,36.5669],[-89.2584,36.5649],[-89.2695,36.5697],[-89.3263,36.6318],[-89.3439,36.6319],[-89.3658,36.6251],[-89.3761,36.6141],[-89.3827,36.5837],[-89.417,36.4997]]],[[[-89.5712,36.5521],[-89.5599,36.5235],[-89.5392,36.4979],[-89.4854,36.4975],[-89.4659,36.53],[-89.4678,36.547],[-89.4799,36.5691],[-89.5285,36.5816],[-89.5576,36.5743],[-89.5686,36.5625],[-89.5712,36.5521]]]]},"properties":{"geoid":"21001","state":"21","district":"1","name":"State House District 1","chamber":"House"}},{"type":"Feature","geometry":{"type":"Polygon","coordinates":[[[-88.8214,36.9677],[-88.8129,36.9469],[-88.8132,36.7731],[-88.8196,36.7559],[-88.8168,36.5027],[-88.4891,36.5012],[-88.4841,36.9421],[-88.645,36.9427],[-88.6431,37.0052],[-88.6077,37.0058],[-88.6098,37.0529],[-88.6355,37.0617],[-88.6402,37.0577],[-88.6331,37.056],[-88.6383,37.0433],[-88.6463,37.0437],[-88.6501,37.0518],[-88.6574,37.0435],[-88.6542,37.0425],[-88.6553,37.0141],[-88.6664,37.0158],[-88.6664,36.9957],[-88.6753,36.9959],[-88.6753,37.003],[-88.6898,37.0039],[-88.7016,37.0239],[-88.709,37.023],[-88.7486,37.0099],[-88.7842,37.0076],[-88.7845,36.9923],[-88.7912,36.9917],[-88.7934,36.9808],[-88.8002,36.974],[-88.8109,36.9743],[-88.8214,36.9677]]]},"properties":{"geoid":"21002","state":"21","district":"2","name":"State House District 2","chamber":"House"}},{"type":"Feature","geometry":{"type":"Polygon","coordinates":[[[-88.7243,37.0641],[-88.7136,37.0417],[-88.6945,37.0467],[-88.6977,37.0386],[-88.6767,37.0397],[-88.683,37.0308],[-88.6635,37.037],[-88.6501,37.0518],[-88.6463,37.0437],[-88.6383,37.0433],[-88.6331,37.056],[-88.6402,37.0577],[-88.6355,37.0617],[-88.6215,37.0574],[-88.6098,37.0529],[-88.607,37.0002],[-88.5968,37.0082],[-88.563,36.996],[-88.5536,37.0028],[-88.5321,36.9938],[-88.5128,36.9941],[-88.4851,36.9811],[-88.483,37.0226],[-88.4543,37.0315],[-88.4265,37.0501],[-88.3675,37.064],[-88.3393,37.0612],[-88.3078,37.0485],[-88.2404,36.9819],[-88.2092,37],[-88.2268,37.0276],[-88.2252,37.0454],[-88.2163,37.0562],[-88.2324,37.0852],[-88.2169,37.0957],[-88.2126,37.1279],[-88.1873,37.1545],[-88.1958,37.1732],[-88.2203,37.183],[-88.2165,37.1874],[-88.2196,37.1908],[-88.2121,37.1905],[-88.2109,37.2],[-88.1961,37.2196],[-88.2004,37.2272],[-88.2053,37.2266],[-88.2006,37.2345],[-88.219,37.2731],[-88.2674,37.3173],[-88.2965,37.3372],[-88.294,37.3495],[-88.3045,37.36],[-88.3011,37.3664],[-88.3092,37.3678],[-88.2994,37.3719],[-88.2989,37.3797],[-88.313,37.3811],[-88.3079,37.3868],[-88.3133,37.3881],[-88.3179,37.3979],[-88.3229,37.3938],[-88.3281,37.3997],[-88.3325,37.3944],[-88.3556,37.3972],[-88.3585,37.4048],[-88.3711,37.4026],[-88.3843,37.4146],[-88.408,37.4251],[-88.4348,37.4184],[-88.4545,37.4098],[-88.4753,37.3899],[-88.4847,37.3452],[-88.5159,37.2841],[-88.5039,37.2648],[-88.5114,37.2615],[-88.4874,37.2443],[-88.4722,37.2203],[-88.448,37.2036],[-88.4331,37.1626],[-88.4247,37.1523],[-88.443,37.1119],[-88.4456,37.0933],[-88.4585,37.0761],[-88.4826,37.0673],[-88.5112,37.0653],[-88.5659,37.0752],[-88.5737,37.083],[-88.5958,37.0732],[-88.5984,37.0773],[-88.6082,37.0733],[-88.6083,37.0813],[-88.6119,37.0798],[-88.6151,37.0874],[-88.6409,37.0916],[-88.6447,37.0867],[-88.6558,37.0948],[-88.664,37.0887],[-88.6616,37.0838],[-88.7243,37.0641]]]},"properties":{"geoid":"21003","state":"21","district":"3","name":"State House District 3","chamber":"House"}},{"type":"Feature","geometry":{"type":"Polygon","coordinates":[[[-87.8517,37.3187],[-87.8201,37.3004],[-87.817,37.3037],[-87.8207,37.3177],[-87.7958,37.3191],[-87.8082,37.2984],[-87.8063,37.293],[-87.7932,37.2908],[-87.7929,37.2822],[-87.8005,37.2788],[-87.7943,37.2743],[-87.7982,37.2703],[-87.7936,37.2702],[-87.8024,37.2687],[-87.796,37.2635],[-87.7998,37.2608],[-87.7859,37.2557],[-87.7975,37.2541],[-87.7983,37.2486],[-87.7929,37.2439],[-87.8016,37.2453],[-87.805,37.2411],[-87.788,37.2317],[-87.7841,37.2269],[-87.7879,37.2253],[-87.7863,37.2201],[-87.7805,37.2242],[-87.7721,37.2142],[-87.7604,37.2155],[-87.7777,37.2064],[-87.7706,37.2026],[-87.7747,37.1981],[-87.7636,37.195],[-87.7573,37.2082],[-87.748,37.2092],[-87.7416,37.206],[-87.749,37.2015],[-87.7447,37.1991],[-87.7467,37.1882],[-87.7366,37.1881],[-87.7336,37.1935],[-87.7316,37.1858],[-87.7258,37.1854],[-87.7298,37.1783],[-87.7216,37.179],[-87.7191,37.1716],[-87.7173,37.179],[-87.708,37.1776],[-87.705,37.1651],[-87.6995,37.165],[-87.7052,37.1611],[-87.6972,37.1617],[-87.6982,37.1579],[-87.684,37.155],[-87.6806,37.1492],[-87.6501,37.1471],[-87.5201,37.1055],[-87.4888,37.1263],[-87.3723,37.1323],[-87.3714,37.1369],[-87.366,37.1356],[-87.359,37.1388],[-87.36,37.1444],[-87.3562,37.1432],[-87.3603,37.1567],[-87.3514,37.1593],[-87.3361,37.1548],[-87.3311,37.1645],[-87.3224,37.1672],[-87.3273,37.1709],[-87.3179,37.1727],[-87.3187,37.1771],[-87.3123,37.1757],[-87.3176,37.1857],[-87.3114,37.1852],[-87.3149,37.188],[-87.3076,37.1903],[-87.3079,37.1947],[-87.3156,37.1985],[-87.3169,37.1954],[-87.3206,37.2006],[-87.3251,37.1967],[-87.3348,37.2112],[-87.3387,37.2076],[-87.3457,37.2123],[-87.3424,37.2158],[-87.3496,37.2147],[-87.3468,37.2235],[-87.3582,37.2312],[-87.3542,37.236],[-87.369,37.2378],[-87.3653,37.2416],[-87.3721,37.2428],[-87.3641,37.249],[-87.3693,37.2512],[-87.3725,37.2473],[-87.3721,37.2525],[-87.3803,37.255],[-87.3841,37.2525],[-87.389,37.2616],[-87.384,37.2692],[-87.3857,37.2774],[-87.3799,37.2785],[-87.382,37.2858],[-87.3775,37.2853],[-87.3862,37.2954],[-87.3797,37.2937],[-87.3762,37.2971],[-87.3791,37.2998],[-87.372,37.2992],[-87.374,37.3052],[-87.3798,37.3045],[-87.3799,37.3113],[-87.3722,37.31],[-87.3741,37.315],[-87.3668,37.3185],[-87.3546,37.3105],[-87.3394,37.3138],[-87.3439,37.3238],[-87.3346,37.3261],[-87.3382,37.336],[-87.3304,37.3441],[-87.3203,37.3447],[-87.3171,37.3483],[-87.322,37.351],[-87.3123,37.3632],[-87.2992,37.3687],[-87.3038,37.3698],[-87.3011,37.3749],[-87.31,37.3768],[-87.2955,37.3901],[-87.3063,37.3925],[-87.3118,37.402],[-87.3285,37.3985],[-87.3251,37.4074],[-87.3525,37.4266],[-87.3583,37.4657],[-87.3541,37.4807],[-87.3618,37.487],[-87.3569,37.4954],[-87.3594,37.504],[-87.3492,37.5177],[-87.3546,37.5284],[-87.3667,37.5341],[-87.3599,37.5479],[-87.3751,37.57],[-87.4971,37.4878],[-87.5936,37.462],[-87.8134,37.3506],[-87.8148,37.3426],[-87.8207,37.3466],[-87.8238,37.3404],[-87.8362,37.3414],[-87.8364,37.3285],[-87.8399,37.3315],[-87.8517,37.3187]]]},"properties":{"geoid":"21004","state":"21","district":"4","name":"State House District 4","chamber":"House"}},{"type":"Feature","geometry":{"type":"Polygon","coordinates":[[[-88.4891,36.5049],[-88.4891,36.5012],[-88.0533,36.4971],[-88.0391,36.5108],[-88.0326,36.5421],[-88.0449,36.6031],[-88.057,36.6403],[-88.0668,36.6559],[-88.0705,36.6783],[-87.8495,36.6637],[-87.8533,36.6332],[-87.7968,36.6349],[-87.8003,36.6398],[-87.7977,36.6546],[-87.8046,36.657],[-87.8047,36.6624],[-87.8027,36.6696],[-87.7897,36.672],[-87.7969,36.6773],[-87.7944,36.6977],[-87.8024,36.7037],[-87.8021,36.7155],[-87.8065,36.7182],[-87.798,36.7355],[-87.8069,36.7791],[-87.8056,36.7943],[-87.8153,36.8192],[-87.8265,36.8199],[-87.8502,36.8458],[-87.8356,36.8646],[-87.832,36.895],[-87.8379,36.9086],[-87.8712,36.9358],[-87.877,36.9601],[-87.8907,36.9601],[-88.0027,36.9102],[-88.1573,36.8672],[-88.1295,36.8063],[-88.1249,36.7827],[-88.1139,36.7616],[-88.1132,36.7463],[-88.4857,36.7503],[-88.4891,36.5049]]]},"properties":{"geoid":"21005","state":"21","district":"5","name":"State House District 5","chamber":"House"}},{"type":"Feature","geometry":{"type":"Polygon","coordinates":[[[-88.645,36.9434],[-88.4841,36.9421],[-88.4857,36.7503],[-88.1132,36.7463],[-88.1139,36.7616],[-88.1249,36.7827],[-88.1295,36.8063],[-88.1573,36.8672],[-88.0027,36.9102],[-87.8907,36.9601],[-87.877,36.9601],[-87.9752,37.0675],[-88.0421,37.1748],[-88.1016,37.1796],[-88.1013,37.1697],[-88.1089,37.1666],[-88.1079,37.1612],[-88.1238,37.1535],[-88.128,37.1602],[-88.1316,37.1582],[-88.1313,37.1501],[-88.1366,37.1483],[-88.1324,37.1453],[-88.1418,37.1481],[-88.1442,37.1546],[-88.1479,37.1463],[-88.1524,37.1499],[-88.1636,37.143],[-88.1606,37.1321],[-88.1829,37.1261],[-88.1824,37.1336],[-88.197,37.1313],[-88.1921,37.1331],[-88.1965,37.1385],[-88.1935,37.1473],[-88.2119,37.1292],[-88.2169,37.0957],[-88.2324,37.0852],[-88.2163,37.0562],[-88.2252,37.0454],[-88.2268,37.0276],[-88.2092,37],[-88.2404,36.9819],[-88.3078,37.0485],[-88.3375,37.0607],[-88.3656,37.0642],[-88.4337,37.0478],[-88.4543,37.0315],[-88.483,37.0226],[-88.4851,36.9811],[-88.5128,36.9941],[-88.5321,36.9938],[-88.5536,37.0028],[-88.563,36.996],[-88.5968,37.0082],[-88.607,37.0002],[-88.6077,37.0058],[-88.6431,37.0052],[-88.645,36.9434]]]},"properties":{"geoid":"21006","state":"21","district":"6","name":"State House District 6","chamber":"House"}},{"type":"Feature","geometry":{"type":"Polygon","coordinates":[[[-87.4085,37.6836],[-87.2616,37.622],[-87.1598,37.587],[-87.1622,37.6243],[-87.1588,37.6271],[-87.1368,37.6204],[-87.1338,37.6342],[-87.1181,37.6385],[-87.1022,37.6362],[-87.0947,37.6296],[-87.0358,37.6282],[-87.0213,37.6485],[-87.0124,37.648],[-87.0191,37.6588],[-87.0072,37.664],[-87.0024,37.6752],[-87.014,37.6958],[-87.0504,37.7054],[-87.0209,37.7209],[-87.0192,37.7378],[-87.0589,37.7533],[-87.06,37.7373],[-87.0666,37.7345],[-87.0729,37.7407],[-87.0808,37.7357],[-87.072,37.7292],[-87.0815,37.721],[-87.0779,37.7152],[-87.0878,37.7152],[-87.0817,37.721],[-87.0957,37.7272],[-87.0901,37.7315],[-87.0976,37.7349],[-87.0991,37.7307],[-87.1104,37.731],[-87.1065,37.7489],[-87.125,37.7439],[-87.1314,37.755],[-87.1464,37.7525],[-87.1462,37.7593],[-87.1379,37.7623],[-87.1395,37.77],[-87.1344,37.7703],[-87.1355,37.7778],[-87.1282,37.7855],[-87.1411,37.8155],[-87.1565,37.8361],[-87.1659,37.8417],[-87.2203,37.849],[-87.3029,37.8978],[-87.3234,37.8192],[-87.3033,37.8117],[-87.3105,37.799],[-87.2992,37.7953],[-87.2973,37.7852],[-87.274,37.7843],[-87.2716,37.7801],[-87.2909,37.76],[-87.3208,37.7425],[-87.3723,37.7376],[-87.3873,37.73],[-87.3947,37.7228],[-87.3956,37.7039],[-87.4085,37.6836]]]},"properties":{"geoid":"21007","state":"21","district":"7","name":"State House District 7","chamber":"House"}},{"type":"Feature","geometry":{"type":"Polygon","coordinates":[[[-88.0954,37.1797],[-88.0421,37.1748],[-87.9752,37.0675],[-87.877,36.9601],[-87.8711,36.9357],[-87.8378,36.9085],[-87.832,36.895],[-87.8356,36.8646],[-87.8502,36.8458],[-87.8265,36.8199],[-87.8153,36.8192],[-87.8056,36.7943],[-87.8069,36.7791],[-87.798,36.7355],[-87.8065,36.7182],[-87.8021,36.7155],[-87.8024,36.7037],[-87.7944,36.6977],[-87.7969,36.6773],[-87.7897,36.672],[-87.8027,36.6696],[-87.8047,36.6624],[-87.8046,36.657],[-87.7977,36.6546],[-87.8003,36.6398],[-87.797,36.635],[-87.6942,36.6371],[-87.6827,36.7034],[-87.678,36.7015],[-87.6805,36.6976],[-87.6743,36.6882],[-87.684,36.6673],[-87.6745,36.6643],[-87.6757,36.6565],[-87.6673,36.6565],[-87.671,36.6517],[-87.667,36.6519],[-87.6667,36.647],[-87.6038,36.644],[-87.593,36.6483],[-87.5711,36.6464],[-87.5675,36.6536],[-87.5647,36.6501],[-87.5507,36.6518],[-87.5485,36.6563],[-87.5248,36.6521],[-87.5238,36.656],[-87.5182,36.6548],[-87.5167,36.6648],[-87.5213,36.6653],[-87.5168,36.6898],[-87.5055,36.6838],[-87.4931,36.6854],[-87.4864,36.6934],[-87.4826,36.7164],[-87.4855,36.7276],[-87.526,36.7529],[-87.5265,36.773],[-87.5141,36.8018],[-87.5257,36.8048],[-87.5268,36.8297],[-87.5335,36.8297],[-87.526,36.8371],[-87.5369,36.8454],[-87.5377,36.8534],[-87.5245,36.8501],[-87.5272,36.8538],[-87.5194,36.8602],[-87.5114,36.8606],[-87.506,36.8518],[-87.5116,36.8478],[-87.4985,36.8406],[-87.4874,36.8412],[-87.4683,36.8623],[-87.4823,36.8659],[-87.4769,36.8759],[-87.4833,36.8759],[-87.4807,36.898],[-87.5133,36.893],[-87.5159,36.9064],[-87.5276,36.9238],[-87.5299,36.9322],[-87.5114,36.9777],[-87.5179,36.9823],[-87.5197,36.997],[-87.5278,37.0094],[-87.5253,37.0179],[-87.534,37.0291],[-87.5344,37.0342],[-87.527,37.0366],[-87.5326,37.037],[-87.5389,37.0455],[-87.5383,37.0403],[-87.5444,37.0363],[-87.5446,37.0405],[-87.5514,37.0398],[-87.5637,37.054],[-87.563,37.0654],[-87.5665,37.0605],[-87.5699,37.0654],[-87.5694,37.0695],[-87.5614,37.0712],[-87.5744,37.0754],[-87.5717,37.0829],[-87.5523,37.0909],[-87.5448,37.1013],[-87.5461,37.1092],[-87.6501,37.1471],[-87.6806,37.1492],[-87.684,37.155],[-87.6982,37.1579],[-87.6972,37.1617],[-87.7052,37.1611],[-87.6995,37.165],[-87.705,37.1651],[-87.7076,37.1774],[-87.7173,37.179],[-87.7196,37.1717],[-87.7214,37.1789],[-87.7309,37.1795],[-87.7258,37.1854],[-87.7316,37.1858],[-87.7336,37.1935],[-87.7366,37.1881],[-87.7467,37.1882],[-87.7447,37.1991],[-87.749,37.2015],[-87.7416,37.206],[-87.748,37.2092],[-87.7573,37.2082],[-87.7636,37.195],[-87.775,37.1984],[-87.7706,37.2026],[-87.7777,37.2064],[-87.7604,37.2155],[-87.7721,37.2142],[-87.7805,37.2242],[-87.7863,37.2201],[-87.7879,37.2253],[-87.7841,37.2269],[-87.788,37.2317],[-87.805,37.2411],[-87.8016,37.2453],[-87.7929,37.2439],[-87.7983,37.2486],[-87.7975,37.2541],[-87.7859,37.2557],[-87.7998,37.2608],[-87.796,37.2635],[-87.8024,37.2687],[-87.7936,37.2702],[-87.7982,37.2703],[-87.7943,37.2743],[-87.8005,37.2788],[-87.7929,37.2822],[-87.7932,37.2908],[-87.8063,37.293],[-87.8082,37.2984],[-87.7958,37.3191],[-87.8207,37.3177],[-87.817,37.3037],[-87.8201,37.3004],[-87.8518,37.3184],[-87.8399,37.3315],[-87.8364,37.3285],[-87.8362,37.3414],[-87.8238,37.3404],[-87.8207,37.3466],[-87.8148,37.3426],[-87.8149,37.3528],[-87.8272,37.352],[-87.8282,37.3589],[-87.8207,37.3588],[-87.8232,37.3643],[-87.82,37.366],[-87.8108,37.3644],[-87.8053,37.3706],[-87.8092,37.3726],[-87.801,37.3794],[-88.0525,37.2377],[-88.0532,37.2289],[-88.0633,37.2315],[-88.0891,37.2224],[-88.0805,37.2121],[-88.0901,37.202],[-88.0828,37.1854],[-88.0954,37.1797]]]},"properties":{"geoid":"21008","state":"21","district":"8","name":"State House District 8","chamber":"House"}},{"type":"Feature","geometry":{"type":"Polygon","coordinates":[[[-87.6941,36.6379],[-87.336,36.6417],[-87.2931,36.8854],[-87.3173,36.8916],[-87.3323,36.8884],[-87.3387,36.8818],[-87.3569,36.8816],[-87.3522,36.8929],[-87.3623,36.9045],[-87.3902,36.9006],[-87.3899,36.9088],[-87.4022,36.9112],[-87.4042,36.9183],[-87.3875,36.9337],[-87.3947,36.9448],[-87.4334,36.9549],[-87.4314,36.9686],[-87.4234,36.977],[-87.472,36.9926],[-87.4792,36.9778],[-87.5119,36.9775],[-87.5299,36.9322],[-87.5275,36.9237],[-87.5159,36.9064],[-87.5133,36.893],[-87.4807,36.898],[-87.4833,36.8759],[-87.4769,36.8759],[-87.4823,36.8659],[-87.4683,36.8621],[-87.4783,36.8476],[-87.4857,36.8467],[-87.4835,36.8419],[-87.4985,36.8406],[-87.5114,36.8477],[-87.506,36.8518],[-87.5114,36.8606],[-87.5194,36.8602],[-87.5272,36.8538],[-87.5245,36.8501],[-87.5377,36.8534],[-87.5372,36.8462],[-87.526,36.8371],[-87.5335,36.8297],[-87.5268,36.8297],[-87.5256,36.8047],[-87.5141,36.8018],[-87.5265,36.773],[-87.526,36.7529],[-87.4854,36.7276],[-87.4825,36.7151],[-87.4865,36.6932],[-87.4931,36.6854],[-87.5055,36.6838],[-87.5168,36.6898],[-87.5213,36.6653],[-87.5167,36.6648],[-87.5182,36.6548],[-87.5238,36.656],[-87.5248,36.6521],[-87.5485,36.6563],[-87.5507,36.6518],[-87.5647,36.6501],[-87.5675,36.6536],[-87.5711,36.6464],[-87.593,36.6483],[-87.6041,36.644],[-87.6276,36.6481],[-87.6407,36.6448],[-87.6667,36.647],[-87.667,36.6519],[-87.671,36.6517],[-87.6673,36.6565],[-87.6757,36.6565],[-87.6745,36.6643],[-87.684,36.6673],[-87.6743,36.6882],[-87.6805,36.6976],[-87.678,36.7015],[-87.6827,36.7034],[-87.6941,36.6379]]]},"properties":{"geoid":"21009","state":"21","district":"9","name":"State House District 9","chamber":"House"}},{"type":"Feature","geometry":{"type":"Polygon","coordinates":[[[-86.6779,37.7928],[-86.6223,37.655],[-86.6389,37.6619],[-86.6408,37.6192],[-86.6251,37.6043],[-86.6193,37.5852],[-86.5966,37.5644],[-86.5694,37.5806],[-86.5758,37.5903],[-86.575,37.5996],[-86.5534,37.5967],[-86.551,37.5882],[-86.5386,37.5884],[-86.523,37.5995],[-86.5318,37.6028],[-86.5414,37.5996],[-86.5359,37.6146],[-86.5073,37.623],[-86.4955,37.6127],[-86.5049,37.6065],[-86.504,37.6011],[-86.4818,37.6112],[-86.4843,37.6024],[-86.4786,37.6041],[-86.4698,37.5975],[-86.4805,37.5928],[-86.4547,37.5915],[-86.4553,37.5863],[-86.4659,37.582],[-86.4528,37.5814],[-86.446,37.5899],[-86.4462,37.5747],[-86.432,37.5847],[-86.434,37.5757],[-86.4246,37.5807],[-86.4187,37.5791],[-86.4175,37.5726],[-86.4081,37.5771],[-86.4097,37.5665],[-86.3932,37.5679],[-86.388,37.5745],[-86.3806,37.5707],[-86.3879,37.567],[-86.3746,37.5589],[-86.3692,37.5601],[-86.3766,37.5641],[-86.3646,37.5722],[-86.3611,37.5703],[-86.3654,37.5622],[-86.3467,37.561],[-86.3523,37.588],[-86.3434,37.5864],[-86.3443,37.5935],[-86.3403,37.5951],[-86.3424,37.591],[-86.3379,37.5891],[-86.3289,37.592],[-86.3268,37.5821],[-86.3138,37.5873],[-86.3178,37.5815],[-86.3104,37.5787],[-86.3063,37.5917],[-86.3004,37.5951],[-86.3037,37.5881],[-86.3007,37.585],[-86.2958,37.5917],[-86.2883,37.5872],[-86.2882,37.5912],[-86.2753,37.5935],[-86.2219,37.6806],[-86.2051,37.6794],[-86.1917,37.6868],[-86.1279,37.6645],[-86.0738,37.6648],[-86.0702,37.661],[-86.0182,37.6707],[-85.9996,37.6492],[-85.9535,37.6486],[-85.9368,37.6428],[-85.9215,37.6268],[-85.9163,37.6347],[-85.9097,37.6332],[-85.9057,37.6493],[-85.9195,37.6565],[-85.9295,37.6692],[-85.9376,37.6602],[-85.9486,37.6708],[-85.9321,37.6778],[-85.9378,37.6822],[-85.9289,37.693],[-85.9364,37.6942],[-85.9221,37.695],[-85.921,37.6986],[-85.8969,37.6942],[-85.8988,37.6983],[-85.8878,37.7045],[-85.89,37.7114],[-85.8798,37.7193],[-85.8899,37.7397],[-85.8972,37.7383],[-85.8936,37.7455],[-85.8964,37.7426],[-85.8973,37.748],[-85.9064,37.7503],[-85.9042,37.7533],[-85.9166,37.7553],[-85.9436,37.7888],[-85.937,37.7969],[-85.9516,37.8035],[-85.9463,37.8073],[-85.9471,37.8204],[-85.963,37.824],[-85.9748,37.839],[-85.9712,37.8466],[-85.9781,37.8496],[-85.9692,37.8535],[-85.969,37.861],[-85.9626,37.8636],[-85.9855,37.8584],[-86.0074,37.8184],[-86.1513,37.7989],[-86.2428,37.877],[-86.3857,37.9703],[-86.4909,38.0457],[-86.5173,38.0425],[-86.5251,38.0287],[-86.5249,37.9665],[-86.5093,37.9423],[-86.5073,37.9295],[-86.5338,37.9172],[-86.5887,37.9211],[-86.6001,37.9052],[-86.5994,37.8653],[-86.6262,37.8468],[-86.6553,37.8425],[-86.6661,37.8358],[-86.6779,37.7928]]]},"properties":{"geoid":"21010","state":"21","district":"10","name":"State House District 10","chamber":"House"}},{"type":"Feature","geometry":{"type":"Polygon","coordinates":[[[-87.9271,37.9017],[-87.8151,37.7624],[-87.8117,37.771],[-87.7931,37.7716],[-87.7993,37.7601],[-87.7842,37.7518],[-87.7837,37.7558],[-87.7786,37.7548],[-87.7833,37.761],[-87.7783,37.7651],[-87.762,37.7624],[-87.766,37.7491],[-87.754,37.7317],[-87.751,37.6782],[-87.7545,37.6694],[-87.7345,37.6384],[-87.4953,37.6475],[-87.4677,37.6669],[-87.4205,37.6702],[-87.4122,37.6756],[-87.3985,37.6981],[-87.3952,37.7217],[-87.3873,37.73],[-87.3723,37.7376],[-87.3208,37.7425],[-87.2909,37.76],[-87.2712,37.7819],[-87.2973,37.7852],[-87.2992,37.7953],[-87.3105,37.799],[-87.3033,37.8117],[-87.3234,37.8192],[-87.3029,37.8978],[-87.3388,37.9085],[-87.3717,37.9312],[-87.412,37.9445],[-87.4491,37.9419],[-87.5106,37.9061],[-87.556,37.9282],[-87.5775,37.9517],[-87.5742,37.9611],[-87.5778,37.9702],[-87.5874,37.9753],[-87.5978,37.9739],[-87.6032,37.9677],[-87.6058,37.9496],[-87.6224,37.9362],[-87.6174,37.9383],[-87.6273,37.9204],[-87.6198,37.9068],[-87.5871,37.8849],[-87.5839,37.8725],[-87.5975,37.848],[-87.6122,37.8338],[-87.6407,37.8264],[-87.6703,37.828],[-87.6794,37.8365],[-87.6817,37.8563],[-87.664,37.8875],[-87.6678,37.8968],[-87.68,37.9032],[-87.7159,37.8929],[-87.7592,37.8917],[-87.7867,37.8766],[-87.8075,37.8752],[-87.8389,37.8802],[-87.8661,37.9152],[-87.8828,37.9262],[-87.9039,37.9255],[-87.9271,37.9017]]]},"properties":{"geoid":"21011","state":"21","district":"11","name":"State House District 11","chamber":"House"}},{"type":"Feature","geometry":{"type":"Polygon","coordinates":[[[-88.3577,37.4053],[-88.3556,37.3972],[-88.3325,37.3944],[-88.3281,37.3997],[-88.3229,37.3938],[-88.3179,37.3979],[-88.3133,37.3881],[-88.3079,37.3868],[-88.313,37.3811],[-88.2989,37.3797],[-88.2994,37.3719],[-88.3092,37.3678],[-88.3011,37.3664],[-88.3045,37.36],[-88.294,37.3495],[-88.2965,37.3372],[-88.2674,37.3173],[-88.219,37.2731],[-88.2006,37.2345],[-88.2053,37.2266],[-88.2004,37.2272],[-88.1961,37.2196],[-88.2109,37.2],[-88.2121,37.1905],[-88.2196,37.1908],[-88.2165,37.1874],[-88.2203,37.183],[-88.1981,37.1749],[-88.1905,37.1674],[-88.1873,37.1545],[-88.1964,37.1403],[-88.1922,37.1328],[-88.1975,37.1319],[-88.1824,37.1336],[-88.1822,37.1261],[-88.1602,37.1324],[-88.1636,37.1429],[-88.1524,37.1499],[-88.1479,37.1463],[-88.1446,37.1545],[-88.1418,37.1481],[-88.1324,37.1453],[-88.1366,37.1483],[-88.1313,37.1501],[-88.1313,37.1585],[-88.128,37.1602],[-88.1266,37.1535],[-88.1177,37.155],[-88.1013,37.1697],[-88.1018,37.1795],[-88.0888,37.1794],[-88.0836,37.1841],[-88.0897,37.2059],[-88.0805,37.2121],[-88.0891,37.2224],[-88.0633,37.2315],[-88.0532,37.2289],[-88.0525,37.2377],[-87.801,37.3794],[-87.8092,37.3726],[-87.8053,37.3706],[-87.8108,37.3644],[-87.823,37.3648],[-87.8202,37.3598],[-87.828,37.3593],[-87.8272,37.352],[-87.8134,37.3506],[-87.5936,37.462],[-87.4971,37.4878],[-87.3751,37.57],[-87.3599,37.5479],[-87.3667,37.5341],[-87.3546,37.5284],[-87.3492,37.5177],[-87.3594,37.504],[-87.3569,37.4954],[-87.3618,37.487],[-87.3541,37.4807],[-87.3583,37.4648],[-87.3519,37.4257],[-87.3251,37.4074],[-87.3282,37.3983],[-87.3118,37.402],[-87.3009,37.3901],[-87.2163,37.3805],[-87.1711,37.4136],[-87.1014,37.4141],[-87.1048,37.4616],[-87.1204,37.4686],[-87.1356,37.4852],[-87.1243,37.4869],[-87.1173,37.4724],[-87.1124,37.4721],[-87.0383,37.5608],[-87.0649,37.5726],[-87.0726,37.5678],[-87.0955,37.5669],[-87.1388,37.5756],[-87.4085,37.6836],[-87.4184,37.6709],[-87.4677,37.6669],[-87.4953,37.6475],[-87.7345,37.6384],[-87.7545,37.6694],[-87.751,37.6782],[-87.754,37.7317],[-87.766,37.7491],[-87.762,37.7624],[-87.7783,37.7651],[-87.7833,37.761],[-87.7786,37.7548],[-87.7837,37.7558],[-87.7842,37.7518],[-87.7993,37.7601],[-87.7931,37.7716],[-87.8117,37.771],[-87.8151,37.7624],[-87.9271,37.9017],[-87.9385,37.8906],[-87.9408,37.8779],[-87.9356,37.8671],[-87.91,37.843],[-87.9036,37.8168],[-87.9074,37.8071],[-87.9341,37.7964],[-87.9449,37.7748],[-87.9518,37.7717],[-88.0047,37.8001],[-88.0298,37.7983],[-88.0363,37.7912],[-88.0446,37.7631],[-88.0593,37.743],[-88.0703,37.7333],[-88.1215,37.7102],[-88.1596,37.6614],[-88.1577,37.6356],[-88.1408,37.6003],[-88.1406,37.5848],[-88.1343,37.5746],[-88.1057,37.5566],[-88.0894,37.5364],[-88.069,37.5254],[-88.0611,37.5041],[-88.0678,37.4859],[-88.0731,37.4857],[-88.0855,37.4716],[-88.1352,37.4718],[-88.1965,37.4607],[-88.2816,37.4527],[-88.3236,37.434],[-88.3577,37.4053]]]},"properties":{"geoid":"21012","state":"21","district":"12","name":"State House District 12","chamber":"House"}},{"type":"Feature","geometry":{"type":"Polygon","coordinates":[[[-87.1461,37.7532],[-87.1314,37.755],[-87.125,37.7439],[-87.1065,37.7489],[-87.1104,37.731],[-87.0991,37.7307],[-87.0976,37.7349],[-87.0901,37.7315],[-87.0957,37.7272],[-87.0838,37.7245],[-87.0857,37.7144],[-87.0779,37.7152],[-87.0815,37.721],[-87.072,37.7292],[-87.0808,37.7357],[-87.0729,37.7407],[-87.0666,37.7345],[-87.06,37.7373],[-87.0589,37.7533],[-87.0192,37.7378],[-87.0209,37.7209],[-86.9887,37.7257],[-86.9344,37.7144],[-86.9225,37.7462],[-86.9584,37.7574],[-86.9458,37.7787],[-86.9589,37.785],[-86.9512,37.7962],[-86.9603,37.8124],[-87.0067,37.8335],[-87.0053,37.8305],[-87.0222,37.8309],[-87.0264,37.8232],[-87.0542,37.8352],[-87.0715,37.7998],[-87.0972,37.7849],[-87.1282,37.7855],[-87.1355,37.7778],[-87.1344,37.7703],[-87.1395,37.77],[-87.1379,37.7623],[-87.1462,37.7593],[-87.1461,37.7532]]]},"properties":{"geoid":"21013","state":"21","district":"13","name":"State House District 13","chamber":"House"}},{"type":"Feature","geometry":{"type":"Polygon","coordinates":[[[-87.1622,37.6243],[-87.1598,37.587],[-87.149,37.5802],[-87.0955,37.5669],[-87.0726,37.5678],[-87.0649,37.5726],[-87.0383,37.5608],[-87.1124,37.4721],[-87.1173,37.4724],[-87.1243,37.4869],[-87.1356,37.4852],[-87.1204,37.4686],[-87.1048,37.4616],[-87.0968,37.3965],[-87.0997,37.3884],[-87.0941,37.3781],[-87.1238,37.3608],[-87.1372,37.3413],[-87.1366,37.3348],[-87.1199,37.3256],[-87.1038,37.3279],[-87.0883,37.3588],[-87.0713,37.3703],[-87.0306,37.3633],[-86.9858,37.3209],[-86.989,37.3074],[-86.981,37.2906],[-86.9827,37.2696],[-86.9686,37.2564],[-86.9566,37.2601],[-86.9445,37.2383],[-86.9232,37.2415],[-86.9188,37.2365],[-86.9123,37.2374],[-86.9094,37.2334],[-86.9186,37.2327],[-86.9193,37.2252],[-86.9078,37.2226],[-86.8993,37.2123],[-86.8861,37.2215],[-86.8851,37.2329],[-86.8719,37.2466],[-86.8524,37.2514],[-86.85,37.2623],[-86.8282,37.2818],[-86.8306,37.2859],[-86.8256,37.2946],[-86.8083,37.2914],[-86.8188,37.3053],[-86.8214,37.3207],[-86.8159,37.3289],[-86.7983,37.3347],[-86.7758,37.3263],[-86.7706,37.3099],[-86.7595,37.3041],[-86.6121,37.3951],[-86.6619,37.5419],[-86.669,37.549],[-86.6645,37.557],[-86.6485,37.5549],[-86.6347,37.5673],[-86.625,37.5656],[-86.6201,37.554],[-86.6046,37.5509],[-86.6106,37.5443],[-86.5975,37.5376],[-86.5973,37.5459],[-86.5935,37.5434],[-86.5943,37.5474],[-86.5832,37.5505],[-86.5796,37.5472],[-86.5765,37.5521],[-86.5937,37.5598],[-86.5934,37.5651],[-86.5994,37.5659],[-86.6193,37.5852],[-86.6251,37.6043],[-86.6408,37.6192],[-86.6389,37.6619],[-86.6223,37.655],[-86.6779,37.7928],[-86.6661,37.8358],[-86.6553,37.8425],[-86.6625,37.8571],[-86.6445,37.9039],[-86.6504,37.9109],[-86.6804,37.9151],[-86.7174,37.8935],[-86.7325,37.8948],[-86.7778,37.9517],[-86.795,37.9892],[-86.8141,37.9985],[-86.8243,37.9988],[-86.8598,37.985],[-86.902,37.9464],[-86.9182,37.9372],[-86.9669,37.9334],[-87,37.9236],[-87.033,37.9071],[-87.0453,37.8941],[-87.0431,37.8689],[-87.0542,37.8352],[-87.0264,37.8232],[-87.0222,37.8309],[-87.0053,37.8305],[-87.0067,37.8335],[-86.9602,37.8123],[-86.9512,37.7962],[-86.9589,37.785],[-86.9458,37.7787],[-86.9584,37.7574],[-86.9225,37.7462],[-86.9343,37.7146],[-86.9895,37.7258],[-87.0207,37.721],[-87.0504,37.7054],[-87.014,37.6958],[-87.0024,37.6752],[-87.0072,37.664],[-87.0191,37.6588],[-87.0124,37.648],[-87.0213,37.6485],[-87.0358,37.6282],[-87.0947,37.6296],[-87.1022,37.6362],[-87.1181,37.6385],[-87.1338,37.6342],[-87.1368,37.6204],[-87.1553,37.628],[-87.1622,37.6243]]]},"properties":{"geoid":"21014","state":"21","district":"14","name":"State House District 14","chamber":"House"}},{"type":"Feature","geometry":{"type":"Polygon","coordinates":[[[-87.3889,37.2619],[-87.3841,37.2525],[-87.3803,37.255],[-87.3721,37.2525],[-87.3725,37.2473],[-87.3693,37.2512],[-87.3641,37.249],[-87.3721,37.2428],[-87.3653,37.2416],[-87.369,37.2378],[-87.3542,37.236],[-87.3582,37.2312],[-87.3468,37.2235],[-87.3496,37.2147],[-87.3424,37.2158],[-87.3457,37.2123],[-87.3387,37.2076],[-87.3348,37.2112],[-87.3251,37.1967],[-87.3206,37.2006],[-87.3169,37.1954],[-87.3156,37.1985],[-87.3079,37.1947],[-87.3076,37.1903],[-87.3149,37.188],[-87.3114,37.1852],[-87.3176,37.1857],[-87.3123,37.1757],[-87.319,37.177],[-87.3179,37.1727],[-87.3274,37.1707],[-87.3223,37.1678],[-87.3246,37.1638],[-87.3336,37.1615],[-87.3294,37.1543],[-87.334,37.1546],[-87.3312,37.1507],[-87.3347,37.148],[-87.3322,37.1407],[-87.3273,37.1404],[-87.3344,37.1322],[-87.3243,37.133],[-87.324,37.1244],[-87.3127,37.1141],[-87.3172,37.1124],[-87.3073,37.1111],[-87.3053,37.1065],[-87.2999,37.1133],[-87.2843,37.108],[-87.2845,37.0959],[-87.2791,37.0913],[-87.2855,37.085],[-87.2741,37.0705],[-87.268,37.0742],[-87.2654,37.0701],[-87.2615,37.0774],[-87.261,37.0714],[-87.2518,37.0755],[-87.2547,37.0697],[-87.25,37.0702],[-87.2452,37.0641],[-87.2484,37.0583],[-87.2438,37.0576],[-87.2621,37.0527],[-87.2509,37.0494],[-87.2503,37.0406],[-87.1181,37.0447],[-87.0532,37.061],[-86.9764,37.0736],[-86.8454,37.0565],[-86.6745,36.9998],[-86.619,37.1482],[-86.613,37.1541],[-86.6133,37.1655],[-86.6229,37.1735],[-86.6234,37.181],[-86.595,37.1851],[-86.5877,37.179],[-86.58,37.1858],[-86.5633,37.1873],[-86.5639,37.1808],[-86.5557,37.1771],[-86.541,37.176],[-86.5343,37.1823],[-86.5282,37.1766],[-86.5188,37.186],[-86.4958,37.1906],[-86.4697,37.163],[-86.4665,37.1527],[-86.455,37.1503],[-86.4443,37.154],[-86.4402,37.1666],[-86.4105,37.1521],[-86.4109,37.166],[-86.3992,37.1699],[-86.4872,37.3625],[-86.6121,37.3951],[-86.7595,37.3041],[-86.7706,37.3099],[-86.7758,37.3263],[-86.7983,37.3347],[-86.8159,37.3289],[-86.8214,37.3207],[-86.8188,37.3053],[-86.8083,37.2914],[-86.8256,37.2946],[-86.8306,37.2859],[-86.8282,37.2818],[-86.85,37.2623],[-86.8524,37.2514],[-86.8719,37.2466],[-86.8851,37.2329],[-86.8861,37.2215],[-86.8993,37.2123],[-86.9078,37.2226],[-86.9193,37.2252],[-86.9186,37.2327],[-86.9094,37.2334],[-86.9123,37.2374],[-86.9188,37.2365],[-86.9232,37.2415],[-86.9445,37.2383],[-86.9566,37.2601],[-86.9686,37.2564],[-86.9827,37.2696],[-86.981,37.2906],[-86.989,37.3074],[-86.9858,37.3209],[-87.0306,37.3633],[-87.0713,37.3703],[-87.0883,37.3588],[-87.1038,37.3279],[-87.1136,37.3243],[-87.1358,37.334],[-87.1372,37.3413],[-87.1238,37.3608],[-87.0941,37.3774],[-87.0997,37.3884],[-87.0998,37.416],[-87.1123,37.4115],[-87.1711,37.4136],[-87.211,37.3809],[-87.296,37.3918],[-87.2963,37.3857],[-87.31,37.3768],[-87.3011,37.3749],[-87.3038,37.3698],[-87.2992,37.3687],[-87.3123,37.3632],[-87.322,37.351],[-87.3171,37.3483],[-87.3203,37.3447],[-87.3304,37.3441],[-87.3382,37.336],[-87.3346,37.3261],[-87.3439,37.3238],[-87.3394,37.3138],[-87.3546,37.3105],[-87.3668,37.3185],[-87.3741,37.315],[-87.3722,37.31],[-87.3799,37.3113],[-87.3798,37.3045],[-87.374,37.3052],[-87.372,37.2992],[-87.3791,37.2998],[-87.3762,37.2971],[-87.3797,37.2937],[-87.3862,37.2954],[-87.3775,37.2853],[-87.382,37.2858],[-87.3799,37.2785],[-87.3857,37.2774],[-87.384,37.2692],[-87.3889,37.2619]]]},"properties":{"geoid":"21015","state":"21","district":"15","name":"State House District 15","chamber":"House"}},{"type":"Feature","geometry":{"type":"Polygon","coordinates":[[[-87.5744,37.0755],[-87.5614,37.0712],[-87.5694,37.0695],[-87.5699,37.0654],[-87.5665,37.0605],[-87.563,37.0654],[-87.5637,37.054],[-87.5514,37.0398],[-87.5446,37.0405],[-87.5444,37.0363],[-87.5383,37.0403],[-87.5389,37.0455],[-87.5326,37.037],[-87.527,37.0366],[-87.5344,37.0342],[-87.534,37.0291],[-87.5253,37.0179],[-87.5254,37.0009],[-87.5197,36.997],[-87.5179,36.9823],[-87.5132,36.9783],[-87.4792,36.9778],[-87.472,36.9926],[-87.4234,36.977],[-87.4314,36.9686],[-87.4334,36.9549],[-87.3947,36.9448],[-87.3875,36.9337],[-87.4042,36.9183],[-87.4022,36.9112],[-87.3899,36.9088],[-87.3902,36.9006],[-87.3623,36.9045],[-87.3522,36.8929],[-87.3569,36.8816],[-87.3387,36.8818],[-87.3323,36.8884],[-87.3173,36.8916],[-87.2931,36.8854],[-87.336,36.6417],[-86.7633,36.649],[-86.7513,36.7271],[-86.7403,36.7557],[-86.7043,36.8097],[-86.6907,36.8443],[-86.6559,36.8763],[-86.6324,36.8829],[-86.6116,36.8831],[-86.6745,36.9998],[-86.8454,37.0565],[-86.9764,37.0736],[-87.0532,37.061],[-87.1181,37.0447],[-87.2503,37.0406],[-87.2509,37.0494],[-87.2621,37.0527],[-87.2438,37.0576],[-87.2484,37.0583],[-87.2452,37.0641],[-87.25,37.0702],[-87.2547,37.0697],[-87.2518,37.0755],[-87.261,37.0714],[-87.2619,37.0772],[-87.2659,37.07],[-87.2676,37.0741],[-87.2738,37.0705],[-87.2785,37.0735],[-87.2751,37.075],[-87.286,37.0867],[-87.2791,37.0913],[-87.2845,37.0959],[-87.2843,37.108],[-87.2999,37.1133],[-87.3053,37.1065],[-87.3073,37.1111],[-87.3172,37.1124],[-87.3127,37.1141],[-87.324,37.1244],[-87.3243,37.133],[-87.3343,37.1318],[-87.3273,37.1404],[-87.3322,37.1407],[-87.3343,37.1541],[-87.3294,37.1545],[-87.3337,37.1572],[-87.3603,37.1567],[-87.3562,37.1432],[-87.36,37.1444],[-87.359,37.1388],[-87.366,37.1356],[-87.3714,37.1369],[-87.3723,37.1323],[-87.4888,37.1263],[-87.5201,37.1055],[-87.55,37.1136],[-87.5455,37.1076],[-87.547,37.0975],[-87.5718,37.0828],[-87.5744,37.0755]]]},"properties":{"geoid":"21016","state":"21","district":"16","name":"State House District 16","chamber":"House"}},{"type":"Feature","geometry":{"type":"Polygon","coordinates":[[[-86.6744,36.9999],[-86.5833,36.8303],[-86.4729,36.8171],[-86.4614,36.8456],[-86.4611,36.8707],[-86.4506,36.886],[-86.4496,36.9052],[-86.44,36.9142],[-86.4614,36.9333],[-86.4501,36.9335],[-86.4524,36.9428],[-86.4626,36.948],[-86.4558,36.9642],[-86.4657,36.9653],[-86.4502,36.966],[-86.4455,36.9712],[-86.4501,36.9719],[-86.4487,36.9798],[-86.4565,36.9775],[-86.4686,36.9831],[-86.4674,36.9891],[-86.4634,36.9884],[-86.466,36.9975],[-86.4733,36.9966],[-86.4708,36.9896],[-86.4784,36.9893],[-86.4813,36.9933],[-86.4753,36.9969],[-86.4862,37.0042],[-86.4942,37.0065],[-86.5065,37.0022],[-86.5422,37.0325],[-86.5819,37.0466],[-86.5796,37.0583],[-86.5929,37.0632],[-86.578,37.0633],[-86.5687,37.0691],[-86.5638,37.0629],[-86.5649,37.073],[-86.5731,37.0713],[-86.5714,37.0809],[-86.5776,37.0762],[-86.5848,37.0794],[-86.5765,37.09],[-86.5814,37.1188],[-86.6011,37.1349],[-86.6069,37.1467],[-86.6186,37.1474],[-86.6129,37.1534],[-86.613,37.1657],[-86.6226,37.1734],[-86.6229,37.1808],[-86.6229,37.1735],[-86.6133,37.1655],[-86.613,37.1541],[-86.619,37.1482],[-86.6744,36.9999]]]},"properties":{"geoid":"21017","state":"21","district":"17","name":"State House District 17","chamber":"House"}},{"type":"Feature","geometry":{"type":"Polygon","coordinates":[[[-86.669,37.5497],[-86.6619,37.5419],[-86.6121,37.3951],[-86.4872,37.3625],[-86.4691,37.3211],[-86.2092,37.3329],[-86.193,37.3279],[-86.1892,37.3406],[-86.1749,37.332],[-86.1548,37.3374],[-86.1615,37.35],[-86.1585,37.3515],[-86.1562,37.3449],[-86.1467,37.3442],[-86.1465,37.35],[-86.1304,37.3384],[-86.1197,37.3462],[-86.1159,37.3434],[-86.1238,37.3369],[-86.1218,37.3318],[-86.1154,37.3388],[-86.0962,37.33],[-86.0946,37.3327],[-86.1062,37.3385],[-86.1019,37.3424],[-86.1033,37.3525],[-86.0937,37.3453],[-86.0898,37.3462],[-86.0916,37.351],[-86.0799,37.351],[-86.0911,37.3422],[-86.0888,37.3391],[-86.0805,37.3449],[-86.0709,37.3405],[-86.0736,37.348],[-86.0627,37.3499],[-86.0705,37.3547],[-86.0645,37.3635],[-86.0699,37.3714],[-86.0569,37.375],[-86.072,37.3806],[-86.065,37.3848],[-86.0702,37.3885],[-86.0542,37.3844],[-86.0507,37.3865],[-86.0559,37.3928],[-86.0461,37.3926],[-86.0421,37.3879],[-86.0472,37.3825],[-86.043,37.3814],[-86.0388,37.3845],[-86.0438,37.3946],[-86.0351,37.3941],[-86.0325,37.386],[-86.0317,37.3933],[-86.0188,37.3949],[-86.0268,37.4035],[-86.0432,37.4059],[-86.0379,37.4112],[-86.0402,37.4168],[-86.0314,37.4196],[-86.0328,37.4274],[-86.0436,37.4293],[-86.0383,37.4343],[-86.0472,37.4368],[-86.0413,37.4419],[-86.0506,37.4424],[-86.0476,37.4499],[-85.8928,37.4403],[-85.8946,37.4717],[-85.8885,37.4741],[-85.8756,37.5443],[-85.8384,37.5691],[-85.8209,37.5741],[-85.8193,37.5844],[-85.7973,37.6081],[-85.8019,37.6234],[-85.7752,37.6307],[-85.776,37.6395],[-85.7685,37.6444],[-85.7428,37.649],[-85.7528,37.6547],[-85.7529,37.6599],[-85.8207,37.6782],[-85.8338,37.6743],[-85.8269,37.6622],[-85.8356,37.6544],[-85.8437,37.6564],[-85.8427,37.6495],[-85.8554,37.6519],[-85.8478,37.6563],[-85.8555,37.6578],[-85.854,37.6651],[-85.8862,37.6736],[-85.8752,37.6823],[-85.879,37.686],[-85.8977,37.6843],[-85.8967,37.6943],[-85.921,37.6986],[-85.9221,37.695],[-85.9364,37.6942],[-85.9289,37.693],[-85.9378,37.6822],[-85.9321,37.6778],[-85.9486,37.6708],[-85.9376,37.6602],[-85.9295,37.6692],[-85.9195,37.6565],[-85.9057,37.6493],[-85.9097,37.6332],[-85.9163,37.6347],[-85.9231,37.6265],[-85.9368,37.6428],[-85.9535,37.6486],[-85.9996,37.6492],[-86.0182,37.6707],[-86.0702,37.661],[-86.0738,37.6648],[-86.1279,37.6645],[-86.1918,37.6868],[-86.2051,37.6794],[-86.2219,37.6806],[-86.2753,37.5935],[-86.2882,37.5912],[-86.2883,37.5872],[-86.2958,37.5917],[-86.3007,37.585],[-86.3037,37.5881],[-86.3004,37.5951],[-86.3063,37.5917],[-86.3104,37.5787],[-86.3178,37.5815],[-86.3138,37.5873],[-86.3268,37.5821],[-86.3289,37.592],[-86.3379,37.5891],[-86.3424,37.591],[-86.3403,37.5951],[-86.3443,37.5935],[-86.3434,37.5864],[-86.3523,37.588],[-86.3467,37.561],[-86.3654,37.5622],[-86.3611,37.5703],[-86.3646,37.5722],[-86.3766,37.5641],[-86.3692,37.5601],[-86.3746,37.5589],[-86.3879,37.567],[-86.3806,37.5707],[-86.388,37.5745],[-86.3932,37.5679],[-86.4097,37.5665],[-86.4081,37.5771],[-86.4175,37.5726],[-86.4187,37.5791],[-86.4246,37.5807],[-86.434,37.5757],[-86.432,37.5847],[-86.4462,37.5747],[-86.446,37.5899],[-86.4528,37.5814],[-86.4659,37.582],[-86.4553,37.5863],[-86.4547,37.5915],[-86.4805,37.5928],[-86.4698,37.5975],[-86.4786,37.6041],[-86.4843,37.6024],[-86.4818,37.6112],[-86.504,37.6011],[-86.5049,37.6065],[-86.4957,37.6133],[-86.5012,37.6208],[-86.5101,37.623],[-86.5212,37.6162],[-86.5359,37.6146],[-86.5414,37.5996],[-86.5318,37.6028],[-86.523,37.5995],[-86.5386,37.5884],[-86.551,37.5882],[-86.5534,37.5967],[-86.575,37.5996],[-86.5758,37.5903],[-86.5694,37.5806],[-86.5945,37.5608],[-86.5765,37.5521],[-86.5796,37.5472],[-86.5832,37.5505],[-86.5943,37.5474],[-86.5935,37.5434],[-86.5973,37.5459],[-86.5975,37.5376],[-86.6106,37.5443],[-86.6046,37.5509],[-86.6207,37.5545],[-86.6253,37.5659],[-86.64,37.5664],[-86.647,37.5556],[-86.664,37.5572],[-86.669,37.5497]]]},"properties":{"geoid":"21018","state":"21","district":"18","name":"State House District 18","chamber":"House"}},{"type":"Feature","geometry":{"type":"Polygon","coordinates":[[[-86.6235,37.1765],[-86.613,37.1657],[-86.6129,37.1534],[-86.6185,37.1473],[-86.6069,37.1467],[-86.6011,37.1349],[-86.5817,37.1196],[-86.5765,37.09],[-86.5848,37.0794],[-86.5776,37.0762],[-86.5714,37.0809],[-86.5731,37.0713],[-86.5649,37.073],[-86.5638,37.0629],[-86.5687,37.0691],[-86.578,37.0633],[-86.5929,37.0632],[-86.5796,37.0583],[-86.5804,37.0451],[-86.5422,37.0325],[-86.5065,37.0022],[-86.4942,37.0065],[-86.4862,37.0042],[-86.4753,36.9969],[-86.4815,36.9927],[-86.4745,36.9884],[-86.4707,36.9903],[-86.4733,36.9966],[-86.4646,36.9976],[-86.4635,37.0044],[-86.4589,36.9996],[-86.4527,37.0047],[-86.4451,36.9974],[-86.4322,37.003],[-86.4239,36.9989],[-86.4069,37.0077],[-86.396,37.0068],[-86.395,36.9924],[-86.3991,36.993],[-86.4003,36.9857],[-86.404,36.9871],[-86.3991,36.9715],[-86.4142,36.9708],[-86.4061,36.9663],[-86.4173,36.9529],[-86.412,36.9499],[-86.4109,36.9572],[-86.4048,36.9563],[-86.4129,36.9437],[-86.3907,36.9778],[-86.3472,36.9518],[-86.3585,36.9437],[-86.3818,36.9408],[-86.3922,36.9349],[-86.3831,36.9178],[-86.3969,36.9081],[-86.3924,36.9029],[-86.3835,36.9036],[-86.3797,36.8968],[-86.3951,36.8938],[-86.389,36.8888],[-86.3759,36.8891],[-86.3747,36.884],[-86.3892,36.882],[-86.395,36.8764],[-86.3693,36.8728],[-86.361,36.8648],[-86.3634,36.8593],[-86.353,36.8562],[-86.3658,36.8496],[-86.3641,36.8428],[-86.3576,36.8487],[-86.3498,36.8483],[-86.3539,36.8377],[-86.331,36.8271],[-86.2633,36.8732],[-86.2669,36.8932],[-86.2404,36.8943],[-86.2397,36.8991],[-86.2347,36.8981],[-86.2355,36.907],[-86.2294,36.9071],[-86.2263,36.9126],[-86.2144,36.9038],[-86.2079,36.9071],[-86.2033,36.9135],[-86.2104,36.9249],[-86.2058,36.9329],[-86.1992,36.9354],[-86.189,36.9217],[-86.1667,36.934],[-86.1135,37.0611],[-86.0743,37.0533],[-86.0491,37.2153],[-86.1576,37.3356],[-86.1749,37.332],[-86.1884,37.3408],[-86.1955,37.3277],[-86.2092,37.3329],[-86.4691,37.3211],[-86.3992,37.1699],[-86.4109,37.166],[-86.4105,37.1521],[-86.4388,37.1666],[-86.4436,37.1645],[-86.4435,37.1549],[-86.4477,37.1518],[-86.4652,37.1521],[-86.4848,37.1823],[-86.4965,37.1907],[-86.5188,37.186],[-86.5282,37.1766],[-86.5343,37.1823],[-86.541,37.176],[-86.5557,37.1771],[-86.5639,37.1808],[-86.5633,37.1873],[-86.58,37.1858],[-86.5887,37.1789],[-86.595,37.1851],[-86.6066,37.1852],[-86.6127,37.1803],[-86.6182,37.1839],[-86.6235,37.1765]]]},"properties":{"geoid":"21019","state":"21","district":"19","name":"State House District 19","chamber":"House"}},{"type":"Feature","geometry":{"type":"Polygon","coordinates":[[[-86.4686,36.9831],[-86.4565,36.9775],[-86.4487,36.9798],[-86.4501,36.9719],[-86.4455,36.9712],[-86.4502,36.966],[-86.4657,36.9653],[-86.4558,36.9642],[-86.4626,36.948],[-86.4524,36.9428],[-86.4501,36.9335],[-86.4614,36.9333],[-86.4358,36.912],[-86.4293,36.916],[-86.3963,36.9111],[-86.3864,36.9153],[-86.3832,36.9183],[-86.3922,36.9349],[-86.3818,36.9408],[-86.3585,36.9437],[-86.3472,36.9518],[-86.3907,36.9778],[-86.4129,36.9437],[-86.4048,36.9563],[-86.4109,36.9572],[-86.412,36.9499],[-86.4173,36.9529],[-86.4061,36.9663],[-86.4142,36.9708],[-86.3991,36.9715],[-86.404,36.9871],[-86.4003,36.9857],[-86.3991,36.993],[-86.395,36.9924],[-86.3966,37.0071],[-86.4069,37.0077],[-86.4239,36.9989],[-86.4322,37.003],[-86.4451,36.9974],[-86.4527,37.0047],[-86.4589,36.9996],[-86.4635,37.0044],[-86.4634,36.9884],[-86.4674,36.9891],[-86.4686,36.9831]]]},"properties":{"geoid":"21020","state":"21","district":"20","name":"State House District 20","chamber":"House"}},{"type":"Feature","geometry":{"type":"Polygon","coordinates":[[[-85.9774,36.7159],[-85.9491,36.6611],[-85.9507,36.651],[-85.9764,36.6285],[-85.5015,36.6149],[-85.296,36.6257],[-85.2465,36.744],[-85.2154,36.8545],[-85.2271,36.8512],[-85.2417,36.8558],[-85.2462,36.8614],[-85.2464,36.8762],[-85.2749,36.8979],[-85.232,36.9251],[-85.2058,36.9969],[-85.1662,37.0333],[-85.0433,37.186],[-85.0536,37.1967],[-85.0569,37.257],[-85.1121,37.2821],[-85.1474,37.3044],[-85.1794,37.3113],[-85.1884,37.307],[-85.1846,37.2936],[-85.1917,37.2848],[-85.1923,37.2723],[-85.1993,37.2677],[-85.2236,37.2625],[-85.247,37.2645],[-85.2583,37.2592],[-85.2702,37.2626],[-85.2944,37.2456],[-85.3058,37.2421],[-85.3118,37.2467],[-85.3147,37.24],[-85.3078,37.2273],[-85.3172,37.2239],[-85.3803,37.1683],[-85.5267,37.1094],[-85.6323,37.1251],[-85.6609,37.143],[-85.6865,37.1824],[-85.7442,37.1698],[-85.7593,37.1502],[-85.777,37.1383],[-85.7718,37.1097],[-85.7561,37.1098],[-85.7593,37.0686],[-85.7504,37.0059],[-85.7393,36.8415],[-85.7723,36.8363],[-85.807,36.8216],[-85.9769,36.7227],[-85.9774,36.7159]]]},"properties":{"geoid":"21021","state":"21","district":"21","name":"State House District 21","chamber":"House"}},{"type":"Feature","geometry":{"type":"Polygon","coordinates":[[[-86.7632,36.6497],[-86.5899,36.6524],[-86.5639,36.6336],[-86.5512,36.638],[-86.5499,36.6448],[-86.5434,36.6439],[-86.5438,36.6404],[-86.5078,36.6524],[-86.3587,36.6497],[-85.9764,36.6285],[-85.9507,36.651],[-85.9491,36.6611],[-85.9774,36.7159],[-85.9829,36.7416],[-86.0071,36.7603],[-86.0307,36.7644],[-86.0377,36.7601],[-86.0407,36.7674],[-86.0529,36.7748],[-86.0345,36.7809],[-86.0392,36.7908],[-86.0521,36.7945],[-86.0467,36.8073],[-86.0715,36.807],[-86.066,36.8228],[-86.0557,36.8296],[-86.078,36.8547],[-86.0766,36.8724],[-86.072,36.8717],[-86.0702,36.8772],[-86.0773,36.8819],[-86.0782,36.8913],[-86.0681,36.8943],[-86.0666,36.8911],[-86.0653,36.8991],[-86.0761,36.9026],[-86.098,36.9004],[-86.1084,36.8854],[-86.0975,36.8682],[-86.1054,36.8646],[-86.1248,36.8954],[-86.1416,36.8923],[-86.1471,36.8968],[-86.1345,36.903],[-86.1421,36.9139],[-86.1359,36.932],[-86.1491,36.9287],[-86.1525,36.9183],[-86.149,36.9113],[-86.1618,36.9064],[-86.1764,36.9144],[-86.1606,36.9242],[-86.1619,36.9311],[-86.1704,36.935],[-86.189,36.9217],[-86.1995,36.9356],[-86.2102,36.9276],[-86.2032,36.9138],[-86.2079,36.9071],[-86.2144,36.9038],[-86.2263,36.9126],[-86.2294,36.9071],[-86.2355,36.907],[-86.2347,36.8981],[-86.2397,36.8991],[-86.2404,36.8943],[-86.2669,36.8932],[-86.2633,36.8732],[-86.331,36.8271],[-86.3539,36.8377],[-86.3498,36.8483],[-86.3576,36.8487],[-86.3641,36.8428],[-86.3658,36.8496],[-86.353,36.8562],[-86.3634,36.8593],[-86.361,36.8648],[-86.3693,36.8728],[-86.377,36.8768],[-86.3948,36.8757],[-86.3897,36.8818],[-86.3748,36.8851],[-86.3762,36.8892],[-86.3885,36.8886],[-86.3951,36.8937],[-86.3797,36.8969],[-86.3841,36.9039],[-86.3933,36.9035],[-86.3963,36.9111],[-86.4293,36.916],[-86.4345,36.912],[-86.4399,36.9143],[-86.4496,36.9052],[-86.4506,36.886],[-86.4611,36.8707],[-86.4614,36.8456],[-86.4729,36.8171],[-86.5833,36.8303],[-86.6116,36.8831],[-86.6324,36.8829],[-86.6559,36.8763],[-86.6907,36.8443],[-86.7043,36.8097],[-86.7403,36.7557],[-86.7513,36.7271],[-86.7632,36.6497]]]},"properties":{"geoid":"21022","state":"21","district":"22","name":"State House District 22","chamber":"House"}},{"type":"Feature","geometry":{"type":"Polygon","coordinates":[[[-86.1764,36.9147],[-86.1644,36.9069],[-86.1532,36.9083],[-86.149,36.9116],[-86.1525,36.9183],[-86.15,36.9277],[-86.1359,36.932],[-86.1421,36.9139],[-86.1345,36.903],[-86.147,36.8966],[-86.1413,36.8923],[-86.1248,36.8954],[-86.1037,36.8642],[-86.0975,36.8682],[-86.1084,36.8854],[-86.098,36.9004],[-86.0761,36.9026],[-86.0653,36.8991],[-86.0666,36.8911],[-86.0681,36.8943],[-86.0782,36.8913],[-86.0773,36.8819],[-86.0702,36.8772],[-86.072,36.8717],[-86.0766,36.8724],[-86.078,36.8547],[-86.0557,36.8296],[-86.066,36.8228],[-86.0715,36.807],[-86.047,36.8076],[-86.0521,36.7945],[-86.0392,36.7908],[-86.0345,36.7809],[-86.0492,36.7784],[-86.0513,36.7724],[-86.0407,36.7674],[-86.0376,36.7601],[-86.0307,36.7644],[-86.0023,36.7587],[-85.9829,36.7416],[-85.9769,36.7227],[-85.807,36.8216],[-85.7723,36.8363],[-85.7393,36.8415],[-85.7504,37.0059],[-85.7593,37.0686],[-85.7561,37.1098],[-85.7718,37.1097],[-85.777,37.1383],[-85.7593,37.1502],[-85.7442,37.1698],[-85.8571,37.1511],[-85.9063,37.1484],[-86.0564,37.1672],[-86.0743,37.0533],[-86.1135,37.0611],[-86.1667,36.934],[-86.1606,36.9242],[-86.1764,36.9147]]]},"properties":{"geoid":"21023","state":"21","district":"23","name":"State House District 23","chamber":"House"}},{"type":"Feature","geometry":{"type":"Polygon","coordinates":[[[-86.1614,37.3505],[-86.1535,37.3393],[-86.1576,37.3356],[-86.0491,37.2153],[-86.0564,37.1672],[-85.9395,37.1515],[-85.8795,37.1494],[-85.6865,37.1824],[-85.6609,37.143],[-85.6323,37.1251],[-85.5267,37.1094],[-85.3803,37.1683],[-85.3528,37.1924],[-85.3719,37.2213],[-85.4112,37.2248],[-85.4064,37.2351],[-85.3896,37.2397],[-85.3907,37.2471],[-85.4781,37.3637],[-85.5852,37.4329],[-85.5835,37.4699],[-85.5646,37.4596],[-85.5509,37.4607],[-85.5423,37.4548],[-85.5291,37.454],[-85.5257,37.4627],[-85.515,37.4679],[-85.5155,37.4735],[-85.4988,37.483],[-85.4925,37.4791],[-85.4888,37.4673],[-85.466,37.4667],[-85.4739,37.4922],[-85.4914,37.5143],[-85.4908,37.5283],[-85.4981,37.5435],[-85.517,37.5552],[-85.5247,37.5543],[-85.5267,37.5626],[-85.5429,37.5626],[-85.5486,37.558],[-85.5525,37.5413],[-85.5471,37.5303],[-85.5589,37.5305],[-85.5642,37.523],[-85.5958,37.5328],[-85.5989,37.5355],[-85.5953,37.5445],[-85.601,37.5393],[-85.6032,37.5479],[-85.6132,37.541],[-85.6242,37.5406],[-85.623,37.5522],[-85.613,37.5601],[-85.6078,37.558],[-85.6099,37.5631],[-85.6042,37.5683],[-85.6013,37.5825],[-85.6067,37.5908],[-85.5913,37.5945],[-85.595,37.5986],[-85.5872,37.6049],[-85.6114,37.6073],[-85.6149,37.6152],[-85.6042,37.6174],[-85.5936,37.6134],[-85.5798,37.6267],[-85.5706,37.617],[-85.568,37.6232],[-85.5737,37.6286],[-85.5729,37.6384],[-85.5832,37.6441],[-85.6011,37.6399],[-85.5949,37.6544],[-85.6017,37.6561],[-85.5922,37.6684],[-85.5966,37.6696],[-85.5921,37.6935],[-85.6065,37.7009],[-85.6339,37.6939],[-85.64,37.7049],[-85.6468,37.7075],[-85.642,37.7116],[-85.6455,37.7164],[-85.6651,37.7248],[-85.6713,37.7324],[-85.6805,37.7323],[-85.7392,37.6507],[-85.7685,37.6444],[-85.776,37.6395],[-85.7752,37.6307],[-85.803,37.6222],[-85.7973,37.6081],[-85.8193,37.5844],[-85.8209,37.5741],[-85.8384,37.5691],[-85.8749,37.5453],[-85.8885,37.4741],[-85.8946,37.4717],[-85.8928,37.4403],[-86.0476,37.4499],[-86.0506,37.4424],[-86.0413,37.4419],[-86.0472,37.4368],[-86.0383,37.4343],[-86.0436,37.4293],[-86.0328,37.4274],[-86.0314,37.4196],[-86.0402,37.4168],[-86.0379,37.4112],[-86.0432,37.4059],[-86.0268,37.4035],[-86.0252,37.3975],[-86.0187,37.3953],[-86.0317,37.3933],[-86.0325,37.386],[-86.0351,37.3941],[-86.0438,37.3946],[-86.0388,37.3845],[-86.043,37.3814],[-86.0472,37.3825],[-86.0421,37.3879],[-86.0461,37.3926],[-86.0559,37.3928],[-86.0507,37.3865],[-86.0542,37.3844],[-86.0702,37.3885],[-86.065,37.3848],[-86.072,37.3806],[-86.0569,37.3747],[-86.0697,37.372],[-86.0645,37.3635],[-86.0705,37.3547],[-86.0626,37.3504],[-86.0736,37.348],[-86.0709,37.3405],[-86.0805,37.3449],[-86.0888,37.3391],[-86.0911,37.3422],[-86.0799,37.351],[-86.0916,37.351],[-86.0898,37.3462],[-86.0937,37.3453],[-86.1029,37.3527],[-86.1019,37.3424],[-86.1062,37.3385],[-86.094,37.3308],[-86.1154,37.3388],[-86.1213,37.3315],[-86.1238,37.3369],[-86.1159,37.3434],[-86.119,37.3459],[-86.1304,37.3384],[-86.1465,37.35],[-86.149,37.3438],[-86.1614,37.3505]]]},"properties":{"geoid":"21024","state":"21","district":"24","name":"State House District 24","chamber":"House"}},{"type":"Feature","geometry":{"type":"Polygon","coordinates":[[[-85.9512,37.8039],[-85.937,37.7969],[-85.9436,37.7888],[-85.9174,37.7561],[-85.9042,37.7533],[-85.9064,37.7503],[-85.8973,37.748],[-85.8964,37.7426],[-85.8936,37.7455],[-85.8972,37.7383],[-85.8899,37.7397],[-85.8798,37.7193],[-85.89,37.7114],[-85.8878,37.7045],[-85.8988,37.6983],[-85.8962,37.6897],[-85.8995,37.6856],[-85.879,37.686],[-85.8752,37.6823],[-85.8862,37.6736],[-85.854,37.6651],[-85.8555,37.6578],[-85.8478,37.6563],[-85.8554,37.6519],[-85.8427,37.6495],[-85.8437,37.6564],[-85.8356,37.6544],[-85.8269,37.6622],[-85.8338,37.6743],[-85.8207,37.6782],[-85.7529,37.6599],[-85.7527,37.6546],[-85.7412,37.6496],[-85.6762,37.7337],[-85.6774,37.737],[-85.688,37.7335],[-85.6795,37.7393],[-85.6865,37.746],[-85.6827,37.7492],[-85.6876,37.7548],[-85.6826,37.758],[-85.6934,37.7553],[-85.6953,37.7618],[-85.7005,37.7589],[-85.7045,37.7681],[-85.7162,37.7681],[-85.7139,37.7742],[-85.7272,37.7739],[-85.7352,37.7791],[-85.7354,37.7834],[-85.7266,37.7873],[-85.742,37.7906],[-85.7379,37.8122],[-85.7502,37.8267],[-85.7657,37.8107],[-85.7753,37.8138],[-85.7857,37.8091],[-85.7988,37.8104],[-85.8031,37.8018],[-85.8273,37.8064],[-85.8353,37.7886],[-85.8464,37.792],[-85.8462,37.8059],[-85.8635,37.8078],[-85.8702,37.8001],[-85.8853,37.8005],[-85.8842,37.7952],[-85.8908,37.7902],[-85.9065,37.7928],[-85.8951,37.7877],[-85.8995,37.7861],[-85.8969,37.7813],[-85.9093,37.782],[-85.9291,37.8201],[-85.9467,37.8161],[-85.9463,37.8073],[-85.9512,37.8039]]]},"properties":{"geoid":"21025","state":"21","district":"25","name":"State House District 25","chamber":"House"}},{"type":"Feature","geometry":{"type":"Polygon","coordinates":[[[-85.9988,37.9998],[-85.9823,37.9102],[-85.9703,37.8843],[-85.9562,37.8618],[-85.9454,37.8615],[-85.9445,37.8544],[-85.936,37.8553],[-85.9438,37.8529],[-85.9342,37.8513],[-85.9234,37.8378],[-85.9051,37.8288],[-85.9058,37.818],[-85.9117,37.8143],[-85.9062,37.8109],[-85.9182,37.8178],[-85.9275,37.8168],[-85.9093,37.782],[-85.8969,37.7813],[-85.8995,37.7861],[-85.8951,37.7877],[-85.9063,37.793],[-85.8908,37.7902],[-85.8842,37.7952],[-85.8853,37.8005],[-85.8702,37.8001],[-85.8613,37.8085],[-85.8587,37.8048],[-85.8462,37.8059],[-85.8464,37.792],[-85.8353,37.7886],[-85.8273,37.8064],[-85.8031,37.8018],[-85.7988,37.8104],[-85.7857,37.8091],[-85.7753,37.8138],[-85.7657,37.8107],[-85.7502,37.8267],[-85.7416,37.8212],[-85.7424,37.816],[-85.7285,37.8362],[-85.7224,37.8557],[-85.7476,37.8611],[-85.7527,37.8678],[-85.7517,37.8843],[-85.7582,37.8884],[-85.7536,37.8914],[-85.761,37.8948],[-85.7576,37.9038],[-85.7661,37.9182],[-85.7602,37.964],[-85.7477,37.9705],[-85.75,37.979],[-85.7434,37.981],[-85.7431,37.9933],[-85.7432,37.9831],[-85.7312,37.9637],[-85.7086,37.9639],[-85.7103,37.9715],[-85.7178,37.9755],[-85.7172,37.9852],[-85.7117,37.9821],[-85.7005,37.9856],[-85.6719,38.0032],[-85.6728,38.0074],[-85.677,38.0064],[-85.7098,37.9901],[-85.7376,37.9987],[-85.7417,38.0087],[-85.7076,38.0084],[-85.709,38.0043],[-85.6984,38.0088],[-85.6967,38.0219],[-85.6831,38.0395],[-85.6595,38.0345],[-85.6188,38.0395],[-85.6073,38.0557],[-85.5701,38.0377],[-85.5728,38.0454],[-85.5575,38.04],[-85.5519,38.0431],[-85.5598,38.0466],[-85.5554,38.0531],[-85.5674,38.0611],[-85.5559,38.0728],[-85.5527,38.0656],[-85.5497,38.0735],[-85.6555,38.0824],[-85.6826,38.0763],[-85.6959,38.0797],[-85.6993,38.0862],[-85.7126,38.0873],[-85.8824,38.0409],[-85.9044,38.0288],[-85.9065,38.0201],[-85.9128,38.0207],[-85.914,38.0107],[-85.923,38.0084],[-85.9341,37.9973],[-85.9471,38.0051],[-85.9988,37.9998]]]},"properties":{"geoid":"21026","state":"21","district":"26","name":"State House District 26","chamber":"House"}},{"type":"Feature","geometry":{"type":"Polygon","coordinates":[[[-86.4909,38.0457],[-86.3857,37.9703],[-86.2428,37.877],[-86.1513,37.7989],[-86.0074,37.8184],[-85.9855,37.8584],[-85.9664,37.8652],[-85.9605,37.8623],[-85.9674,37.8626],[-85.968,37.8547],[-85.9781,37.8496],[-85.9712,37.8466],[-85.9748,37.839],[-85.963,37.824],[-85.9481,37.8213],[-85.9468,37.816],[-85.9291,37.8201],[-85.9059,37.8113],[-85.9117,37.8143],[-85.9058,37.818],[-85.9052,37.829],[-85.9234,37.8378],[-85.9342,37.8513],[-85.9438,37.8529],[-85.936,37.8553],[-85.9445,37.8544],[-85.9454,37.8615],[-85.9562,37.8618],[-85.9705,37.8846],[-85.9823,37.9102],[-85.999,37.9998],[-86.0317,37.9911],[-86.0346,37.964],[-86.0438,37.9582],[-86.0628,37.973],[-86.0773,37.9974],[-86.0741,37.9958],[-86.0999,38.011],[-86.1253,38.0162],[-86.1757,38.0101],[-86.2202,38.028],[-86.2715,38.062],[-86.2792,38.1006],[-86.2704,38.1285],[-86.274,38.1424],[-86.2914,38.1615],[-86.3188,38.1738],[-86.3486,38.1957],[-86.3598,38.1988],[-86.373,38.1942],[-86.3783,38.1838],[-86.3771,38.1706],[-86.3667,38.1618],[-86.3259,38.154],[-86.3211,38.1466],[-86.3272,38.1338],[-86.3387,38.1279],[-86.3808,38.129],[-86.4019,38.1043],[-86.431,38.1259],[-86.4557,38.125],[-86.4657,38.1153],[-86.4655,38.1043],[-86.4578,38.0952],[-86.4323,38.0848],[-86.4326,38.0681],[-86.4539,38.0501],[-86.4909,38.0457]]]},"properties":{"geoid":"21027","state":"21","district":"27","name":"State House District 27","chamber":"House"}},{"type":"Feature","geometry":{"type":"Polygon","coordinates":[[[-85.9151,38.0676],[-85.8906,38.0562],[-85.8848,38.0717],[-85.8676,38.0673],[-85.8576,38.0857],[-85.8677,38.0913],[-85.8617,38.0984],[-85.8627,38.1062],[-85.8447,38.1059],[-85.8352,38.1152],[-85.8027,38.1202],[-85.8213,38.139],[-85.8241,38.1495],[-85.8396,38.1435],[-85.8346,38.1561],[-85.8485,38.1582],[-85.8413,38.1672],[-85.853,38.1721],[-85.868,38.17],[-85.8703,38.1671],[-85.8656,38.1645],[-85.8784,38.1216],[-85.8849,38.116],[-85.9061,38.1169],[-85.9051,38.09],[-85.9151,38.0676]]]},"properties":{"geoid":"21028","state":"21","district":"28","name":"State House District 28","chamber":"House"}},{"type":"Feature","geometry":{"type":"Polygon","coordinates":[[[-85.6484,38.1217],[-85.647,38.1106],[-85.6337,38.11],[-85.6372,38.0914],[-85.6436,38.0909],[-85.643,38.0813],[-85.5573,38.0738],[-85.4288,38.1184],[-85.4277,38.1258],[-85.4665,38.134],[-85.4694,38.1275],[-85.4896,38.1221],[-85.5144,38.1305],[-85.5169,38.1416],[-85.51,38.1459],[-85.5155,38.1542],[-85.5072,38.1578],[-85.5029,38.1524],[-85.4968,38.1552],[-85.5063,38.1653],[-85.5052,38.1822],[-85.5127,38.1881],[-85.552,38.1883],[-85.5502,38.1677],[-85.5615,38.1637],[-85.5693,38.1662],[-85.5723,38.1565],[-85.5881,38.1598],[-85.5976,38.1554],[-85.6062,38.149],[-85.6068,38.144],[-85.6006,38.1399],[-85.6134,38.1376],[-85.6143,38.1281],[-85.6484,38.1217]]]},"properties":{"geoid":"21029","state":"21","district":"29","name":"State House District 29","chamber":"House"}},{"type":"Feature","geometry":{"type":"Polygon","coordinates":[[[-85.7092,38.1713],[-85.6932,38.1501],[-85.6599,38.149],[-85.6594,38.172],[-85.6229,38.1734],[-85.6226,38.1788],[-85.64,38.1883],[-85.6258,38.1899],[-85.6304,38.1907],[-85.6253,38.1968],[-85.6337,38.1957],[-85.6246,38.2065],[-85.6422,38.2102],[-85.6501,38.2053],[-85.6572,38.214],[-85.6665,38.2089],[-85.6588,38.2085],[-85.6652,38.2039],[-85.6713,38.2113],[-85.6809,38.2053],[-85.6744,38.2027],[-85.6823,38.198],[-85.6923,38.201],[-85.6964,38.1986],[-85.6939,38.193],[-85.7052,38.1959],[-85.6964,38.1816],[-85.6975,38.1746],[-85.7092,38.1713]]]},"properties":{"geoid":"21030","state":"21","district":"30","name":"State House District 30","chamber":"House"}},{"type":"Feature","geometry":{"type":"Polygon","coordinates":[[[-85.6223,38.2377],[-85.6068,38.219],[-85.5911,38.2155],[-85.5976,38.2109],[-85.6188,38.212],[-85.6199,38.2019],[-85.5993,38.1988],[-85.596,38.1837],[-85.5904,38.1834],[-85.5911,38.1777],[-85.5842,38.174],[-85.573,38.1732],[-85.5655,38.1943],[-85.576,38.2031],[-85.5606,38.2017],[-85.5523,38.2239],[-85.5391,38.2241],[-85.5389,38.2169],[-85.5451,38.2178],[-85.5408,38.1995],[-85.4996,38.2071],[-85.512,38.2209],[-85.5105,38.2258],[-85.521,38.2249],[-85.5232,38.2305],[-85.5444,38.236],[-85.5514,38.2444],[-85.5849,38.247],[-85.5873,38.2563],[-85.6061,38.2488],[-85.5959,38.229],[-85.6223,38.2377]]]},"properties":{"geoid":"21031","state":"21","district":"31","name":"State House District 31","chamber":"House"}},{"type":"Feature","geometry":{"type":"Polygon","coordinates":[[[-85.6481,38.2683],[-85.6396,38.2576],[-85.6328,38.2579],[-85.6356,38.2421],[-85.6273,38.2331],[-85.6231,38.2379],[-85.5959,38.229],[-85.6061,38.2488],[-85.5884,38.2559],[-85.6038,38.269],[-85.591,38.2759],[-85.582,38.2689],[-85.5685,38.2723],[-85.5763,38.2796],[-85.5749,38.2866],[-85.5173,38.3062],[-85.5146,38.311],[-85.527,38.3179],[-85.5614,38.3157],[-85.5776,38.3051],[-85.5657,38.3011],[-85.5742,38.2944],[-85.5817,38.3024],[-85.5927,38.3004],[-85.5814,38.291],[-85.5893,38.2872],[-85.5977,38.298],[-85.6161,38.2905],[-85.6232,38.2961],[-85.6363,38.2872],[-85.633,38.2832],[-85.638,38.2785],[-85.6306,38.2706],[-85.638,38.2663],[-85.6481,38.2683]]]},"properties":{"geoid":"21032","state":"21","district":"32","name":"State House District 32","chamber":"House"}},{"type":"Feature","geometry":{"type":"Polygon","coordinates":[[[-85.6036,38.2691],[-85.5873,38.2563],[-85.5849,38.247],[-85.5514,38.2444],[-85.5444,38.236],[-85.532,38.2346],[-85.534,38.2412],[-85.5297,38.2443],[-85.5346,38.2486],[-85.4987,38.2416],[-85.502,38.2578],[-85.5159,38.2601],[-85.5203,38.2747],[-85.5123,38.2895],[-85.5037,38.2872],[-85.5069,38.291],[-85.4954,38.2933],[-85.4988,38.2976],[-85.4924,38.2985],[-85.4051,38.2624],[-85.3856,38.2642],[-85.3741,38.2699],[-85.3866,38.3078],[-85.3775,38.3104],[-85.3778,38.3178],[-85.3601,38.3208],[-85.3487,38.3289],[-85.3664,38.3424],[-85.3721,38.3564],[-85.4141,38.3501],[-85.4255,38.3414],[-85.435,38.3461],[-85.4506,38.3435],[-85.4646,38.3388],[-85.4646,38.3316],[-85.4723,38.3242],[-85.527,38.3179],[-85.5146,38.311],[-85.5172,38.3063],[-85.5749,38.2866],[-85.5763,38.2796],[-85.5685,38.2723],[-85.582,38.2689],[-85.591,38.2759],[-85.6036,38.2691]]]},"properties":{"geoid":"21033","state":"21","district":"33","name":"State House District 33","chamber":"House"}},{"type":"Feature","geometry":{"type":"Polygon","coordinates":[[[-85.7095,38.2369],[-85.701,38.236],[-85.7079,38.2316],[-85.6819,38.2212],[-85.6258,38.2198],[-85.6242,38.2108],[-85.5976,38.2109],[-85.5911,38.2155],[-85.6068,38.219],[-85.6163,38.2344],[-85.6231,38.2379],[-85.6273,38.2331],[-85.6337,38.2386],[-85.6364,38.2502],[-85.6328,38.2579],[-85.6396,38.2576],[-85.6481,38.2683],[-85.638,38.2663],[-85.6306,38.2706],[-85.638,38.2785],[-85.672,38.2642],[-85.6749,38.2679],[-85.6884,38.2638],[-85.6944,38.2699],[-85.7032,38.2702],[-85.7092,38.2662],[-85.7057,38.263],[-85.7091,38.2596],[-85.7017,38.2583],[-85.6987,38.2489],[-85.7095,38.2369]]]},"properties":{"geoid":"21034","state":"21","district":"34","name":"State House District 34","chamber":"House"}},{"type":"Feature","geometry":{"type":"Polygon","coordinates":[[[-85.7776,38.1616],[-85.7641,38.1483],[-85.7742,38.1409],[-85.7618,38.137],[-85.7613,38.1303],[-85.7524,38.1356],[-85.7488,38.1263],[-85.7405,38.1283],[-85.7372,38.1162],[-85.6841,38.116],[-85.6687,38.1194],[-85.663,38.1286],[-85.6695,38.1378],[-85.6751,38.138],[-85.6747,38.1471],[-85.6932,38.1501],[-85.7092,38.1713],[-85.6978,38.1741],[-85.6964,38.1816],[-85.7094,38.2011],[-85.7206,38.2044],[-85.723,38.2109],[-85.7353,38.2034],[-85.727,38.1906],[-85.747,38.1896],[-85.7409,38.1906],[-85.7437,38.1943],[-85.7667,38.19],[-85.777,38.173],[-85.7695,38.1633],[-85.7776,38.1616]]]},"properties":{"geoid":"21035","state":"21","district":"35","name":"State House District 35","chamber":"House"}},{"type":"Feature","geometry":{"type":"Polygon","coordinates":[[[-85.576,38.2031],[-85.5655,38.1943],[-85.573,38.1743],[-85.5669,38.1638],[-85.5502,38.1677],[-85.552,38.1883],[-85.5127,38.1881],[-85.5052,38.1822],[-85.5063,38.1653],[-85.4968,38.1552],[-85.5029,38.1524],[-85.5072,38.1578],[-85.5155,38.1542],[-85.51,38.1459],[-85.5169,38.1416],[-85.5144,38.1305],[-85.4896,38.1221],[-85.4694,38.1275],[-85.4665,38.134],[-85.4277,38.1258],[-85.4049,38.2637],[-85.4682,38.2853],[-85.4924,38.2985],[-85.4988,38.2976],[-85.4954,38.2933],[-85.5069,38.291],[-85.5037,38.2872],[-85.5123,38.2895],[-85.5203,38.2747],[-85.5159,38.2601],[-85.502,38.2578],[-85.4987,38.2416],[-85.5346,38.2486],[-85.5297,38.2443],[-85.534,38.2412],[-85.5304,38.2317],[-85.5232,38.2305],[-85.5209,38.2249],[-85.5104,38.2257],[-85.512,38.2209],[-85.4996,38.207],[-85.5408,38.1995],[-85.5451,38.2178],[-85.5389,38.2169],[-85.5389,38.2233],[-85.5462,38.2243],[-85.5523,38.2239],[-85.5606,38.2017],[-85.576,38.2031]]]},"properties":{"geoid":"21036","state":"21","district":"36","name":"State House District 36","chamber":"House"}},{"type":"Feature","geometry":{"type":"Polygon","coordinates":[[[-85.9465,38.0052],[-85.933,37.9977],[-85.9241,38.0076],[-85.914,38.0107],[-85.9128,38.0207],[-85.9065,38.0201],[-85.9044,38.0288],[-85.8824,38.0409],[-85.7126,38.0873],[-85.6993,38.0862],[-85.6959,38.0797],[-85.6826,38.0763],[-85.643,38.0813],[-85.6436,38.0909],[-85.6372,38.0914],[-85.6337,38.11],[-85.647,38.1106],[-85.6435,38.147],[-85.6747,38.1471],[-85.6751,38.138],[-85.6695,38.1378],[-85.663,38.1286],[-85.6687,38.1194],[-85.7372,38.1162],[-85.7405,38.1283],[-85.7576,38.1206],[-85.748,38.1177],[-85.7477,38.1126],[-85.7587,38.105],[-85.7667,38.1117],[-85.7962,38.119],[-85.8112,38.1074],[-85.8204,38.0926],[-85.8247,38.0996],[-85.8427,38.0894],[-85.8589,38.0866],[-85.8676,38.0673],[-85.8848,38.0717],[-85.8906,38.0562],[-85.9157,38.0651],[-85.9234,38.0252],[-85.9465,38.0052]]]},"properties":{"geoid":"21037","state":"21","district":"37","name":"State House District 37","chamber":"House"}},{"type":"Feature","geometry":{"type":"Polygon","coordinates":[[[-85.867,38.0926],[-85.857,38.0863],[-85.8247,38.0996],[-85.8205,38.0926],[-85.8112,38.1074],[-85.7953,38.1192],[-85.7667,38.1117],[-85.7587,38.105],[-85.7477,38.1126],[-85.748,38.1177],[-85.7577,38.1201],[-85.7485,38.1236],[-85.7524,38.1356],[-85.7613,38.1303],[-85.7618,38.137],[-85.7742,38.1409],[-85.7641,38.1483],[-85.7775,38.1597],[-85.7695,38.1633],[-85.777,38.173],[-85.7667,38.19],[-85.7835,38.1889],[-85.7827,38.1767],[-85.7883,38.1794],[-85.7925,38.1754],[-85.7935,38.1868],[-85.8011,38.1863],[-85.7992,38.1813],[-85.8126,38.1805],[-85.8259,38.1627],[-85.8303,38.1649],[-85.8396,38.1435],[-85.8241,38.1495],[-85.8213,38.139],[-85.8027,38.1202],[-85.8352,38.1152],[-85.8447,38.1059],[-85.8627,38.1062],[-85.8617,38.0984],[-85.867,38.0926]]]},"properties":{"geoid":"21038","state":"21","district":"38","name":"State House District 38","chamber":"House"}},{"type":"Feature","geometry":{"type":"Polygon","coordinates":[[[-84.6203,37.8723],[-84.5977,37.8724],[-84.5943,37.8774],[-84.5757,37.8733],[-84.5846,37.8526],[-84.5689,37.8478],[-84.5576,37.8332],[-84.5546,37.8408],[-84.561,37.8453],[-84.548,37.8529],[-84.5547,37.8507],[-84.5492,37.8559],[-84.5623,37.8746],[-84.5494,37.8776],[-84.5339,37.8699],[-84.525,37.8724],[-84.5164,37.8688],[-84.5153,37.8616],[-84.5023,37.8602],[-84.4974,37.8533],[-84.4734,37.8533],[-84.4567,37.8407],[-84.4414,37.8425],[-84.4346,37.8544],[-84.4376,37.862],[-84.4344,37.8685],[-84.4434,37.8795],[-84.4527,37.909],[-84.4718,37.9202],[-84.4737,37.9319],[-84.4843,37.9464],[-84.4873,37.9546],[-84.4757,37.9664],[-84.4883,37.968],[-84.4945,37.9627],[-84.4984,37.9695],[-84.504,37.968],[-84.5037,37.9599],[-84.5075,37.9634],[-84.5096,37.9598],[-84.5298,37.9638],[-84.544,37.9767],[-84.5451,37.967],[-84.5357,37.9632],[-84.5496,37.9293],[-84.5581,37.9331],[-84.5628,37.9152],[-84.5875,37.9246],[-84.6009,37.9219],[-84.6081,37.91],[-84.6042,37.8859],[-84.6137,37.8857],[-84.6203,37.8723]]]},"properties":{"geoid":"21039","state":"21","district":"39","name":"State House District 39","chamber":"House"}},{"type":"Feature","geometry":{"type":"Polygon","coordinates":[[[-85.8302,38.1899],[-85.8286,38.182],[-85.8136,38.1843],[-85.8237,38.174],[-85.8195,38.1712],[-85.8126,38.1805],[-85.7992,38.1813],[-85.8011,38.1863],[-85.7935,38.1868],[-85.7925,38.1754],[-85.7883,38.1794],[-85.7827,38.1767],[-85.7819,38.1895],[-85.7546,38.1903],[-85.7538,38.1942],[-85.7409,38.1906],[-85.747,38.1896],[-85.727,38.1906],[-85.7353,38.2034],[-85.7298,38.2058],[-85.7335,38.2103],[-85.7623,38.2135],[-85.7719,38.2237],[-85.763,38.2293],[-85.781,38.231],[-85.7849,38.2263],[-85.7951,38.2347],[-85.8002,38.2237],[-85.8093,38.2244],[-85.818,38.2154],[-85.8071,38.2096],[-85.8129,38.2051],[-85.8154,38.1897],[-85.8302,38.1899]]]},"properties":{"geoid":"21040","state":"21","district":"40","name":"State House District 40","chamber":"House"}},{"type":"Feature","geometry":{"type":"Polygon","coordinates":[[[-85.7357,38.215],[-85.7323,38.2067],[-85.723,38.2109],[-85.7206,38.2044],[-85.7094,38.2011],[-85.7069,38.1937],[-85.7012,38.1977],[-85.6939,38.193],[-85.6964,38.1986],[-85.6823,38.198],[-85.6744,38.2027],[-85.6809,38.2053],[-85.6713,38.2113],[-85.6652,38.2039],[-85.6588,38.2085],[-85.6665,38.2089],[-85.6572,38.214],[-85.6501,38.2053],[-85.6422,38.2102],[-85.6246,38.2065],[-85.6187,38.2122],[-85.6269,38.2127],[-85.6221,38.215],[-85.6258,38.2198],[-85.6819,38.2212],[-85.6975,38.2262],[-85.7079,38.2316],[-85.701,38.236],[-85.7097,38.2368],[-85.6987,38.2489],[-85.7017,38.2583],[-85.7169,38.2601],[-85.7314,38.2493],[-85.7258,38.2462],[-85.7291,38.2405],[-85.726,38.2365],[-85.7304,38.2345],[-85.725,38.2293],[-85.7357,38.215]]]},"properties":{"geoid":"21041","state":"21","district":"41","name":"State House District 41","chamber":"House"}},{"type":"Feature","geometry":{"type":"Polygon","coordinates":[[[-85.8391,38.2398],[-85.7964,38.2364],[-85.7849,38.2263],[-85.781,38.231],[-85.763,38.2293],[-85.7719,38.2237],[-85.7623,38.2135],[-85.7419,38.2136],[-85.7383,38.2081],[-85.7331,38.2131],[-85.7353,38.2189],[-85.725,38.2293],[-85.7304,38.2345],[-85.7372,38.2284],[-85.75,38.231],[-85.7547,38.2384],[-85.7606,38.2392],[-85.76,38.2462],[-85.7882,38.2492],[-85.7939,38.2579],[-85.8259,38.2565],[-85.827,38.2505],[-85.8372,38.2509],[-85.8391,38.2398]]]},"properties":{"geoid":"21042","state":"21","district":"42","name":"State House District 42","chamber":"House"}},{"type":"Feature","geometry":{"type":"Polygon","coordinates":[[[-85.8376,38.259],[-85.8372,38.2509],[-85.827,38.2505],[-85.8259,38.2565],[-85.791,38.2576],[-85.7882,38.2492],[-85.76,38.2462],[-85.7606,38.2392],[-85.7547,38.2384],[-85.7553,38.2346],[-85.7372,38.2284],[-85.726,38.2365],[-85.7291,38.2405],[-85.7258,38.2462],[-85.7314,38.2493],[-85.7259,38.2553],[-85.7073,38.2607],[-85.7092,38.2662],[-85.7032,38.2702],[-85.6944,38.2699],[-85.6884,38.2638],[-85.6826,38.2662],[-85.7042,38.2859],[-85.7465,38.2672],[-85.7615,38.2723],[-85.7731,38.2858],[-85.7869,38.2885],[-85.8248,38.2797],[-85.8376,38.259]]]},"properties":{"geoid":"21043","state":"21","district":"43","name":"State House District 43","chamber":"House"}},{"type":"Feature","geometry":{"type":"Polygon","coordinates":[[[-85.9091,38.1426],[-85.9061,38.1169],[-85.8849,38.116],[-85.8742,38.131],[-85.8655,38.1648],[-85.8703,38.1671],[-85.868,38.17],[-85.853,38.1721],[-85.8413,38.1672],[-85.8468,38.1642],[-85.8453,38.1572],[-85.8346,38.1561],[-85.8303,38.1649],[-85.8259,38.1627],[-85.8195,38.1712],[-85.8237,38.174],[-85.8136,38.1843],[-85.8286,38.182],[-85.8302,38.1899],[-85.8154,38.1897],[-85.8119,38.1944],[-85.8129,38.2051],[-85.8071,38.2096],[-85.818,38.2154],[-85.8093,38.2244],[-85.8002,38.2237],[-85.7964,38.2364],[-85.8391,38.2397],[-85.8517,38.2226],[-85.8775,38.2057],[-85.8983,38.1824],[-85.9069,38.1656],[-85.9091,38.1426]]]},"properties":{"geoid":"21044","state":"21","district":"44","name":"State House District 44","chamber":"House"}},{"type":"Feature","geometry":{"type":"Polygon","coordinates":[[[-84.6602,37.8641],[-84.6343,37.8645],[-84.619,37.875],[-84.6137,37.8857],[-84.6042,37.8859],[-84.6081,37.91],[-84.6009,37.9219],[-84.5875,37.9246],[-84.5628,37.9152],[-84.5581,37.9331],[-84.5496,37.9293],[-84.5357,37.9632],[-84.5451,37.967],[-84.5459,37.9735],[-84.5407,37.9763],[-84.5421,37.9725],[-84.533,37.9697],[-84.5218,37.9963],[-84.5468,38.0058],[-84.5533,38.0212],[-84.5673,38.0352],[-84.5647,38.039],[-84.5537,38.0334],[-84.5535,38.0461],[-84.5657,38.0457],[-84.5567,38.056],[-84.5865,38.0591],[-84.6187,38.0718],[-84.6304,38.0936],[-84.6261,38.1026],[-84.6291,38.1044],[-84.6601,38.0037],[-84.6047,37.9896],[-84.6303,37.9493],[-84.6404,37.9433],[-84.6277,37.9353],[-84.6421,37.9199],[-84.6423,37.9133],[-84.6567,37.9089],[-84.6375,37.8915],[-84.6602,37.8641]]]},"properties":{"geoid":"21045","state":"21","district":"45","name":"State House District 45","chamber":"House"}},{"type":"Feature","geometry":{"type":"Polygon","coordinates":[[[-85.678,38.1475],[-85.6435,38.147],[-85.6431,38.1228],[-85.6296,38.1236],[-85.6143,38.1281],[-85.6134,38.1376],[-85.6006,38.1399],[-85.6068,38.144],[-85.6062,38.149],[-85.5976,38.1554],[-85.5881,38.1598],[-85.5723,38.1565],[-85.5693,38.1662],[-85.573,38.1732],[-85.5911,38.1777],[-85.5993,38.1988],[-85.6199,38.2019],[-85.6231,38.2075],[-85.6337,38.1957],[-85.6253,38.1968],[-85.6304,38.1907],[-85.6258,38.1899],[-85.64,38.1883],[-85.6226,38.1788],[-85.6229,38.1734],[-85.6594,38.172],[-85.6599,38.149],[-85.678,38.1475]]]},"properties":{"geoid":"21046","state":"21","district":"46","name":"State House District 46","chamber":"House"}},{"type":"Feature","geometry":{"type":"Polygon","coordinates":[[[-85.4568,38.6905],[-85.4547,38.6807],[-85.4386,38.6589],[-85.4376,38.6031],[-85.4157,38.5632],[-85.4179,38.5378],[-85.4329,38.5241],[-85.4279,38.5192],[-85.3908,38.5156],[-85.3787,38.5188],[-85.3655,38.5075],[-85.3512,38.509],[-85.3156,38.4959],[-85.314,38.4926],[-85.3461,38.4595],[-85.3317,38.443],[-85.3251,38.4039],[-85.2831,38.3581],[-84.9977,38.3356],[-84.9063,38.3748],[-84.8924,38.3552],[-84.8841,38.3515],[-84.881,38.3569],[-84.8386,38.357],[-84.8271,38.3482],[-84.8088,38.3493],[-84.7932,38.3385],[-84.7462,38.3495],[-84.706,38.3701],[-84.6495,38.4166],[-84.6236,38.4312],[-84.5805,38.473],[-84.6267,38.4851],[-84.6437,38.5084],[-84.6423,38.5139],[-84.6501,38.5153],[-84.6448,38.5203],[-84.6555,38.5239],[-84.653,38.5275],[-84.6578,38.5328],[-84.6673,38.5316],[-84.6706,38.5267],[-84.6746,38.532],[-84.6716,38.537],[-84.6665,38.5359],[-84.6693,38.5408],[-84.6654,38.5437],[-84.6793,38.5513],[-84.6745,38.5579],[-84.7743,38.6186],[-84.788,38.7238],[-84.7941,38.7245],[-84.7996,38.7155],[-84.8145,38.7108],[-84.8118,38.7023],[-84.834,38.7119],[-84.8447,38.6968],[-84.8684,38.7],[-84.8732,38.6889],[-84.8815,38.6849],[-84.8881,38.6873],[-84.89,38.6764],[-84.9041,38.6785],[-84.9049,38.6698],[-84.9116,38.6687],[-84.9254,38.6734],[-84.9345,38.6621],[-84.9627,38.6796],[-85.0231,38.7613],[-85.102,38.7263],[-85.1374,38.6999],[-85.173,38.688],[-85.2101,38.694],[-85.2264,38.706],[-85.2478,38.7327],[-85.2893,38.7424],[-85.3636,38.7305],[-85.4084,38.7371],[-85.4226,38.7347],[-85.4365,38.7282],[-85.4517,38.7103],[-85.4568,38.6905]]]},"properties":{"geoid":"21047","state":"21","district":"47","name":"State House District 47","chamber":"House"}},{"type":"Feature","geometry":{"type":"Polygon","coordinates":[[[-85.7042,38.2859],[-85.6884,38.2688],[-85.672,38.2642],[-85.6382,38.2783],[-85.633,38.2832],[-85.6363,38.2872],[-85.6232,38.2961],[-85.6161,38.2905],[-85.5977,38.298],[-85.5891,38.2872],[-85.5814,38.291],[-85.5927,38.3004],[-85.5817,38.3024],[-85.5742,38.2944],[-85.5657,38.3011],[-85.5776,38.3051],[-85.5615,38.3156],[-85.4724,38.3242],[-85.4641,38.3376],[-85.4687,38.3479],[-85.4806,38.3522],[-85.5454,38.3282],[-85.5613,38.3371],[-85.5747,38.334],[-85.5853,38.3394],[-85.5694,38.3418],[-85.6378,38.3802],[-85.6394,38.3611],[-85.6555,38.3237],[-85.6768,38.2999],[-85.7042,38.2859]]]},"properties":{"geoid":"21048","state":"21","district":"48","name":"State House District 48","chamber":"House"}},{"type":"Feature","geometry":{"type":"Polygon","coordinates":[[[-85.7657,37.9258],[-85.7633,37.9098],[-85.7576,37.9038],[-85.761,37.8948],[-85.7536,37.8914],[-85.7582,37.8884],[-85.7517,37.8843],[-85.7527,37.8678],[-85.7472,37.8609],[-85.7224,37.8557],[-85.7285,37.8362],[-85.7424,37.816],[-85.7378,37.8118],[-85.7214,37.8102],[-85.7217,37.8063],[-85.7069,37.8141],[-85.6979,37.8113],[-85.6915,37.8185],[-85.682,37.8197],[-85.6806,37.8149],[-85.6749,37.8234],[-85.6515,37.8285],[-85.6537,37.8326],[-85.6414,37.835],[-85.6378,37.8419],[-85.6103,37.8589],[-85.6133,37.87],[-85.5997,37.8694],[-85.5775,37.8832],[-85.5848,37.8936],[-85.5854,37.9084],[-85.5671,37.9187],[-85.5653,37.9249],[-85.5508,37.9264],[-85.5429,37.9404],[-85.5299,37.9472],[-85.5239,37.9576],[-85.5343,37.9654],[-85.4892,37.9907],[-85.5169,38.0113],[-85.5125,38.0109],[-85.4692,38.0962],[-85.4377,38.1021],[-85.4305,38.1073],[-85.4288,38.1184],[-85.5509,38.0761],[-85.5527,38.0656],[-85.5559,38.0728],[-85.5674,38.0611],[-85.5554,38.0531],[-85.5598,38.0466],[-85.5519,38.0431],[-85.5575,38.04],[-85.5728,38.0454],[-85.5701,38.0377],[-85.6073,38.0557],[-85.6188,38.0395],[-85.6595,38.0345],[-85.6831,38.0395],[-85.6967,38.0219],[-85.6984,38.0088],[-85.709,38.0043],[-85.7076,38.0084],[-85.7417,38.0087],[-85.7376,37.9987],[-85.7098,37.9901],[-85.677,38.0064],[-85.6728,38.0074],[-85.6719,38.0032],[-85.7005,37.9856],[-85.7117,37.9821],[-85.7172,37.9852],[-85.7178,37.9755],[-85.7103,37.9715],[-85.7086,37.9639],[-85.7312,37.9637],[-85.7432,37.9831],[-85.7431,37.9933],[-85.7434,37.981],[-85.75,37.979],[-85.7477,37.9705],[-85.7602,37.964],[-85.7594,37.9481],[-85.7658,37.9381],[-85.7657,37.9258]]]},"properties":{"geoid":"21049","state":"21","district":"49","name":"State House District 49","chamber":"House"}},{"type":"Feature","geometry":{"type":"Polygon","coordinates":[[[-85.7426,37.7922],[-85.727,37.7878],[-85.7363,37.7817],[-85.7297,37.775],[-85.7139,37.7742],[-85.7162,37.7681],[-85.7045,37.7681],[-85.7005,37.7589],[-85.6953,37.7618],[-85.6934,37.7553],[-85.6826,37.758],[-85.6876,37.7548],[-85.6827,37.7492],[-85.6865,37.746],[-85.6795,37.7393],[-85.688,37.7335],[-85.6766,37.737],[-85.6805,37.7323],[-85.6778,37.7297],[-85.6709,37.7323],[-85.6651,37.7248],[-85.6459,37.7167],[-85.642,37.7116],[-85.6468,37.7075],[-85.64,37.7049],[-85.6375,37.6961],[-85.6258,37.6942],[-85.6065,37.7009],[-85.5921,37.6935],[-85.5966,37.6696],[-85.5922,37.6684],[-85.6017,37.6561],[-85.5949,37.6544],[-85.6011,37.6399],[-85.5832,37.6441],[-85.5729,37.6384],[-85.5737,37.6286],[-85.568,37.6232],[-85.5706,37.617],[-85.5798,37.6267],[-85.5936,37.6134],[-85.6042,37.6174],[-85.6149,37.6152],[-85.6114,37.6073],[-85.5872,37.6049],[-85.595,37.5986],[-85.5913,37.5945],[-85.6067,37.5908],[-85.6013,37.5825],[-85.6051,37.5659],[-85.6099,37.5631],[-85.6078,37.558],[-85.6185,37.5567],[-85.6261,37.5446],[-85.6239,37.5405],[-85.6132,37.541],[-85.6032,37.5479],[-85.601,37.5393],[-85.5953,37.5445],[-85.5989,37.5355],[-85.5958,37.5328],[-85.5636,37.5232],[-85.5589,37.5305],[-85.5471,37.5303],[-85.5525,37.5413],[-85.5486,37.5464],[-85.5511,37.554],[-85.5441,37.5622],[-85.5267,37.5626],[-85.5213,37.5543],[-85.4505,37.6859],[-85.4017,37.7307],[-85.3926,37.7328],[-85.3863,37.7407],[-85.3733,37.7396],[-85.3747,37.7649],[-85.353,37.7574],[-85.3453,37.7629],[-85.3542,37.7698],[-85.3557,37.7841],[-85.3384,37.7801],[-85.3355,37.7876],[-85.3194,37.7878],[-85.3079,37.7941],[-85.306,37.7986],[-85.314,37.8092],[-85.3066,37.8204],[-85.2994,37.8219],[-85.2984,37.8321],[-85.2893,37.8313],[-85.2775,37.8378],[-85.2785,37.8533],[-85.268,37.8445],[-85.2583,37.8488],[-85.2452,37.8471],[-85.2465,37.8539],[-85.2559,37.8596],[-85.2555,37.8658],[-85.241,37.8625],[-85.2386,37.8692],[-85.2302,37.8706],[-85.2331,37.8607],[-85.2269,37.8552],[-85.2168,37.8715],[-85.2136,37.8587],[-85.2184,37.8543],[-85.2037,37.8467],[-85.1963,37.8563],[-85.2051,37.8642],[-85.1996,37.869],[-85.1935,37.8643],[-85.1983,37.8731],[-85.198,37.9023],[-85.1903,37.8955],[-85.1945,37.8879],[-85.1875,37.8836],[-85.1846,37.8924],[-85.1525,37.8865],[-85.1678,37.9718],[-85.3996,37.9399],[-85.422,37.9575],[-85.4604,37.9695],[-85.4892,37.9907],[-85.5343,37.9654],[-85.526,37.9607],[-85.5254,37.9525],[-85.5429,37.9404],[-85.5508,37.9264],[-85.5653,37.9249],[-85.5671,37.9187],[-85.5839,37.9112],[-85.5848,37.8936],[-85.5763,37.8849],[-85.5997,37.8694],[-85.6133,37.87],[-85.6102,37.8594],[-85.6174,37.8518],[-85.6273,37.8498],[-85.6425,37.8344],[-85.6537,37.8326],[-85.6515,37.8285],[-85.6749,37.8234],[-85.6806,37.8149],[-85.682,37.8197],[-85.6915,37.8185],[-85.6979,37.8113],[-85.7069,37.8141],[-85.724,37.8059],[-85.721,37.8099],[-85.7378,37.8118],[-85.7426,37.7922]]]},"properties":{"geoid":"21050","state":"21","district":"50","name":"State House District 50","chamber":"House"}},{"type":"Feature","geometry":{"type":"Polygon","coordinates":[[[-85.587,37.4421],[-85.5845,37.4321],[-85.4781,37.3637],[-85.3907,37.2471],[-85.3896,37.2397],[-85.4064,37.2351],[-85.4112,37.2248],[-85.3719,37.2213],[-85.3528,37.1924],[-85.3172,37.2239],[-85.3078,37.2273],[-85.3147,37.24],[-85.3118,37.2467],[-85.3058,37.2421],[-85.2944,37.2456],[-85.2702,37.2626],[-85.2583,37.2592],[-85.247,37.2645],[-85.2236,37.2625],[-85.1925,37.2721],[-85.1917,37.2848],[-85.184,37.296],[-85.1884,37.307],[-85.1762,37.3123],[-85.1652,37.3104],[-85.1565,37.3191],[-85.1399,37.3536],[-85.1324,37.36],[-85.1312,37.3843],[-85.119,37.3848],[-85.106,37.3976],[-85.0842,37.399],[-85.073,37.4149],[-85.0612,37.4182],[-85.0448,37.412],[-85.0435,37.5001],[-85.0302,37.6313],[-85.2573,37.6309],[-85.3112,37.6518],[-85.3407,37.6514],[-85.3528,37.658],[-85.3587,37.6673],[-85.3739,37.6736],[-85.3693,37.6877],[-85.3742,37.7016],[-85.3918,37.7141],[-85.4018,37.7307],[-85.4505,37.6859],[-85.5213,37.5543],[-85.5035,37.5494],[-85.4981,37.5435],[-85.4908,37.5283],[-85.4914,37.5143],[-85.4739,37.4922],[-85.4662,37.4656],[-85.4888,37.4673],[-85.4925,37.4791],[-85.4988,37.483],[-85.5155,37.4735],[-85.515,37.4679],[-85.5257,37.4627],[-85.5291,37.454],[-85.5423,37.4548],[-85.5509,37.4607],[-85.5646,37.4596],[-85.5835,37.4699],[-85.5852,37.4566],[-85.5815,37.4525],[-85.587,37.4421]]]},"properties":{"geoid":"21051","state":"21","district":"51","name":"State House District 51","chamber":"House"}},{"type":"Feature","geometry":{"type":"Polygon","coordinates":[[[-85.0643,36.8587],[-85.0592,36.8331],[-85.0264,36.8069],[-85.0041,36.7562],[-85.0199,36.7199],[-85.0136,36.7138],[-85.0215,36.704],[-85.0205,36.6943],[-85.0181,36.6894],[-85.0111,36.6901],[-85.0013,36.6767],[-85.0095,36.6693],[-84.9982,36.6634],[-84.9974,36.6488],[-85.0043,36.6432],[-85.0037,36.6347],[-84.9992,36.6243],[-84.9891,36.6189],[-84.83,36.6045],[-84.2268,36.5928],[-84.2396,36.6134],[-84.2715,36.634],[-84.3076,36.6768],[-84.3198,36.7098],[-84.3227,36.7587],[-84.3311,36.7591],[-84.338,36.7751],[-84.35,36.7807],[-84.3502,36.7968],[-84.3453,36.806],[-84.3558,36.8121],[-84.3405,36.8245],[-84.318,36.8338],[-84.3324,36.8384],[-84.3421,36.8357],[-84.345,36.8398],[-84.3318,36.8467],[-84.3276,36.854],[-84.315,36.8574],[-84.3253,36.8675],[-84.3148,36.8831],[-84.3234,36.8942],[-84.3159,36.9054],[-84.3042,36.9113],[-84.3133,36.9285],[-84.2985,36.939],[-84.2986,36.9466],[-84.3105,36.9422],[-84.3245,36.9462],[-84.3591,36.9399],[-84.3689,36.9482],[-84.358,36.9594],[-84.3682,36.9626],[-84.3866,36.9515],[-84.4168,36.9469],[-84.5355,36.8904],[-84.5482,36.912],[-84.5569,36.9174],[-84.5626,36.9358],[-84.5591,36.9527],[-84.5497,36.9675],[-84.557,36.9686],[-84.5628,36.9763],[-84.5497,36.9881],[-84.5488,36.9949],[-84.5682,37.0086],[-84.5797,36.9905],[-84.6044,36.9963],[-84.6278,37.015],[-84.6274,37.0333],[-84.6467,37.0289],[-84.6599,37.0469],[-84.6592,37.0426],[-84.6699,37.0331],[-84.6871,37.0275],[-84.6944,37.0302],[-84.7076,37.0237],[-84.7079,37.0122],[-84.7001,37.0069],[-84.7115,37.0057],[-84.7008,36.9902],[-84.7147,36.9728],[-84.7702,36.9577],[-84.7838,36.9785],[-84.8357,36.9976],[-84.9079,36.9454],[-84.9288,36.96],[-84.9455,36.9597],[-84.9523,36.9513],[-84.9609,36.9163],[-85.0643,36.8587]]]},"properties":{"geoid":"21052","state":"21","district":"52","name":"State House District 52","chamber":"House"}},{"type":"Feature","geometry":{"type":"Polygon","coordinates":[[[-85.5169,38.0113],[-85.4606,37.9696],[-85.4258,37.9596],[-85.3999,37.94],[-85.1678,37.9718],[-85.1528,37.8977],[-85.1475,37.891],[-85.1376,37.8938],[-85.1462,37.9016],[-85.1316,37.8998],[-85.1266,37.9172],[-85.1062,37.9092],[-85.1075,37.8931],[-85.0884,37.8876],[-85.0808,37.895],[-85.078,37.8858],[-85.0682,37.8859],[-85.0678,37.8964],[-85.0595,37.8904],[-85.0592,37.8951],[-85.0517,37.8944],[-85.0489,37.8986],[-85.0416,37.8901],[-85.043,37.8859],[-85.0287,37.8922],[-85.0276,37.8844],[-85.0164,37.8954],[-85.008,37.891],[-85.0011,37.9071],[-84.9874,37.9054],[-84.9865,37.9124],[-84.9793,37.9149],[-84.9734,37.9355],[-84.9574,37.9372],[-84.9563,37.9461],[-84.9486,37.9447],[-84.948,37.949],[-84.9378,37.9528],[-84.9335,37.9496],[-84.9331,37.9542],[-84.9216,37.9531],[-84.9223,37.9473],[-84.9106,37.951],[-84.9103,37.9411],[-84.9021,37.9384],[-84.8964,37.9477],[-84.8837,37.9399],[-84.7963,37.9701],[-84.8185,37.9739],[-84.8235,37.9834],[-84.8162,37.9985],[-84.8381,38.0089],[-84.83,38.022],[-84.8308,38.0294],[-84.8495,38.0446],[-84.8454,38.0521],[-84.8257,38.0559],[-84.8429,38.0694],[-84.8274,38.0829],[-84.8363,38.0986],[-84.8416,38.1003],[-84.8611,38.0906],[-84.8656,38.0983],[-84.8649,38.1169],[-84.8719,38.1174],[-84.8864,38.0974],[-84.9078,38.0937],[-84.9581,38.1098],[-84.9674,38.1193],[-85.0073,38.1296],[-85.0237,38.1291],[-85.0397,38.1193],[-85.0545,38.0842],[-85.0478,38.0723],[-85.0713,38.0582],[-85.0836,38.0409],[-85.0992,38.0368],[-85.2324,38.0894],[-85.4241,38.1474],[-85.4305,38.1073],[-85.438,38.1019],[-85.4505,38.1027],[-85.4692,38.0962],[-85.5125,38.0109],[-85.5169,38.0113]]]},"properties":{"geoid":"21053","state":"21","district":"53","name":"State House District 53","chamber":"House"}},{"type":"Feature","geometry":{"type":"Polygon","coordinates":[[[-85.1652,37.3106],[-85.0569,37.257],[-85.0536,37.1967],[-84.9706,37.113],[-84.9544,37.1023],[-84.9166,37.1073],[-84.8093,37.175],[-84.7207,37.2383],[-84.7159,37.253],[-84.7242,37.2867],[-84.7061,37.2998],[-84.7228,37.36],[-84.7961,37.3906],[-84.8508,37.4271],[-84.8601,37.4674],[-84.8571,37.5285],[-84.8474,37.5483],[-84.7837,37.5766],[-84.7473,37.5855],[-84.7568,37.5884],[-84.7554,37.5961],[-84.7442,37.5974],[-84.747,37.5856],[-84.7237,37.5913],[-84.6883,37.6125],[-84.6964,37.6173],[-84.6903,37.6256],[-84.6838,37.621],[-84.6761,37.6238],[-84.6741,37.6158],[-84.6662,37.6175],[-84.6637,37.6252],[-84.6584,37.6178],[-84.6521,37.6259],[-84.6589,37.6354],[-84.6665,37.6339],[-84.6661,37.6398],[-84.6538,37.6412],[-84.6523,37.6509],[-84.661,37.6545],[-84.6692,37.6466],[-84.6794,37.6458],[-84.6725,37.6406],[-84.6786,37.6369],[-84.694,37.6411],[-84.679,37.6555],[-84.6936,37.6646],[-84.7052,37.6614],[-84.6985,37.6683],[-84.6806,37.6743],[-84.6852,37.6817],[-84.6823,37.686],[-84.7011,37.6823],[-84.704,37.6867],[-84.7,37.6974],[-84.7221,37.6928],[-84.7431,37.6974],[-84.7333,37.7094],[-84.7399,37.7135],[-84.7936,37.7172],[-84.8079,37.7046],[-85.025,37.6789],[-85.0435,37.5001],[-85.0448,37.412],[-85.0612,37.4182],[-85.073,37.4149],[-85.0842,37.399],[-85.106,37.3976],[-85.119,37.3848],[-85.1312,37.3843],[-85.1324,37.36],[-85.1652,37.3106]]]},"properties":{"geoid":"21054","state":"21","district":"54","name":"State House District 54","chamber":"House"}},{"type":"Feature","geometry":{"type":"Polygon","coordinates":[[[-85.4017,37.7307],[-85.3918,37.7141],[-85.3742,37.7016],[-85.3693,37.6877],[-85.3739,37.6736],[-85.3587,37.6673],[-85.3528,37.658],[-85.3407,37.6514],[-85.3112,37.6518],[-85.2573,37.6309],[-85.0302,37.6313],[-85.025,37.6789],[-84.8079,37.7046],[-84.7936,37.7172],[-84.7449,37.7131],[-84.7356,37.7189],[-84.7254,37.7137],[-84.7279,37.7288],[-84.6994,37.7222],[-84.6902,37.7264],[-84.7072,37.733],[-84.6972,37.7392],[-84.6889,37.7353],[-84.6885,37.7414],[-84.7051,37.7478],[-84.6942,37.7633],[-84.7157,37.7692],[-84.7028,37.7883],[-84.7127,37.7939],[-84.7095,37.7999],[-84.717,37.8005],[-84.7134,37.807],[-84.7169,37.8154],[-84.694,37.8284],[-84.6818,37.8302],[-84.6759,37.8262],[-84.6795,37.7978],[-84.6688,37.7838],[-84.6569,37.7839],[-84.6495,37.7901],[-84.6588,37.8096],[-84.6095,37.8004],[-84.6101,37.7917],[-84.6277,37.7972],[-84.6425,37.7919],[-84.6429,37.7781],[-84.6363,37.7728],[-84.6246,37.7733],[-84.6046,37.7591],[-84.6162,37.7483],[-84.6141,37.7452],[-84.6055,37.743],[-84.5972,37.7531],[-84.586,37.7526],[-84.5872,37.7353],[-84.5721,37.7286],[-84.5567,37.7483],[-84.5395,37.7548],[-84.5362,37.7696],[-84.5252,37.7696],[-84.5211,37.7785],[-84.496,37.7852],[-84.4824,37.8021],[-84.4683,37.7962],[-84.462,37.8043],[-84.4845,37.8373],[-84.4773,37.8526],[-84.4974,37.8533],[-84.5023,37.8602],[-84.5153,37.8616],[-84.5164,37.8688],[-84.525,37.8724],[-84.5339,37.8699],[-84.5494,37.8776],[-84.5623,37.8746],[-84.5492,37.8559],[-84.5547,37.8507],[-84.548,37.8529],[-84.561,37.8453],[-84.5546,37.8408],[-84.5576,37.8332],[-84.5689,37.8478],[-84.5846,37.8526],[-84.5757,37.8733],[-84.5943,37.8774],[-84.6033,37.8719],[-84.6242,37.8749],[-84.6343,37.8645],[-84.6419,37.864],[-84.6455,37.8542],[-84.6666,37.8561],[-84.6763,37.8635],[-84.6717,37.871],[-84.6748,37.8755],[-84.6989,37.8667],[-84.7019,37.8608],[-84.7207,37.8622],[-84.7446,37.8509],[-84.7652,37.8478],[-84.7735,37.862],[-84.7582,37.8723],[-84.767,37.8903],[-84.7822,37.8921],[-84.7748,37.9065],[-84.7832,37.9068],[-84.7967,37.8871],[-84.8019,37.8969],[-84.7945,37.911],[-84.796,37.9164],[-84.8033,37.9187],[-84.8176,37.9118],[-84.8267,37.9171],[-84.821,37.9269],[-84.7972,37.934],[-84.805,37.9429],[-84.8169,37.9443],[-84.82,37.9491],[-84.7973,37.9635],[-84.7963,37.9701],[-84.8837,37.9399],[-84.8964,37.9477],[-84.9021,37.9384],[-84.9103,37.9411],[-84.9106,37.951],[-84.9223,37.9473],[-84.9216,37.9531],[-84.9331,37.9542],[-84.9335,37.9496],[-84.9378,37.9528],[-84.948,37.949],[-84.9486,37.9447],[-84.9563,37.9461],[-84.9574,37.9372],[-84.9734,37.9355],[-84.9791,37.9152],[-84.9865,37.9124],[-84.9873,37.9055],[-85.0009,37.9073],[-85.008,37.891],[-85.0179,37.8951],[-85.0276,37.8844],[-85.0287,37.8922],[-85.0446,37.8866],[-85.0416,37.8901],[-85.0476,37.8986],[-85.0592,37.8951],[-85.0595,37.8904],[-85.0685,37.896],[-85.0685,37.8857],[-85.0797,37.8866],[-85.0808,37.895],[-85.0938,37.8878],[-85.1075,37.8931],[-85.1063,37.9094],[-85.1266,37.9172],[-85.132,37.8994],[-85.1467,37.9012],[-85.1381,37.8919],[-85.1472,37.8908],[-85.1528,37.8977],[-85.1538,37.8856],[-85.1642,37.8912],[-85.1707,37.8875],[-85.1846,37.8924],[-85.1875,37.8836],[-85.1945,37.8879],[-85.1903,37.8955],[-85.1986,37.9021],[-85.1983,37.8731],[-85.1935,37.8643],[-85.1996,37.869],[-85.2051,37.8642],[-85.1963,37.8563],[-85.2037,37.8467],[-85.2184,37.8543],[-85.2136,37.8587],[-85.2168,37.8715],[-85.2269,37.8552],[-85.2331,37.8607],[-85.2302,37.8706],[-85.2386,37.8692],[-85.241,37.8625],[-85.2555,37.8658],[-85.2559,37.8596],[-85.2465,37.8539],[-85.2452,37.8471],[-85.2583,37.8488],[-85.268,37.8445],[-85.2785,37.8533],[-85.2775,37.8378],[-85.2893,37.8313],[-85.2984,37.8321],[-85.2994,37.8219],[-85.3066,37.8204],[-85.314,37.8092],[-85.306,37.7986],[-85.3079,37.7941],[-85.3194,37.7878],[-85.3355,37.7876],[-85.3384,37.7801],[-85.3557,37.7841],[-85.3542,37.7698],[-85.3453,37.7629],[-85.353,37.7574],[-85.3747,37.7649],[-85.3733,37.7396],[-85.3863,37.7407],[-85.3926,37.7328],[-85.4017,37.7307]]]},"properties":{"geoid":"21055","state":"21","district":"55","name":"State House District 55","chamber":"House"}},{"type":"Feature","geometry":{"type":"Polygon","coordinates":[[[-84.9034,38.2651],[-84.8802,38.2565],[-84.8755,38.2501],[-84.8992,38.2313],[-84.8912,38.2193],[-84.8744,38.219],[-84.8651,38.2081],[-84.8554,38.2107],[-84.8528,38.2162],[-84.8393,38.218],[-84.8503,38.2241],[-84.8475,38.231],[-84.8307,38.2208],[-84.8219,38.2266],[-84.8198,38.2206],[-84.813,38.2233],[-84.8112,38.2132],[-84.8038,38.2161],[-84.8077,38.212],[-84.7972,38.2086],[-84.8003,38.2008],[-84.8059,38.2007],[-84.8188,38.187],[-84.8073,38.1637],[-84.8648,38.1414],[-84.866,38.1346],[-84.8619,38.0913],[-84.8557,38.0902],[-84.84,38.1004],[-84.8281,38.0877],[-84.8281,38.0817],[-84.843,38.07],[-84.8276,38.0611],[-84.826,38.055],[-84.8498,38.048],[-84.8308,38.0294],[-84.83,38.022],[-84.8385,38.0097],[-84.8165,37.9991],[-84.8235,37.9834],[-84.8181,37.9734],[-84.7941,37.9679],[-84.82,37.95],[-84.7972,37.934],[-84.821,37.9269],[-84.8265,37.9165],[-84.8176,37.9118],[-84.8033,37.9187],[-84.796,37.9164],[-84.7945,37.911],[-84.8019,37.8969],[-84.7959,37.8869],[-84.7832,37.9068],[-84.7748,37.9065],[-84.7822,37.8921],[-84.767,37.8903],[-84.7582,37.8723],[-84.7735,37.862],[-84.7733,37.8558],[-84.7645,37.8476],[-84.7446,37.8509],[-84.7207,37.8622],[-84.7019,37.8608],[-84.6989,37.8667],[-84.6748,37.8755],[-84.6717,37.871],[-84.6763,37.8635],[-84.6666,37.8561],[-84.6432,37.8547],[-84.6419,37.864],[-84.6603,37.864],[-84.6375,37.8915],[-84.6567,37.9089],[-84.6423,37.9133],[-84.6421,37.9199],[-84.6277,37.9353],[-84.6404,37.9433],[-84.6303,37.9493],[-84.6047,37.9896],[-84.6601,38.0037],[-84.6251,38.1164],[-84.6336,38.1108],[-84.6445,38.1168],[-84.6503,38.1124],[-84.6532,38.1167],[-84.6538,38.1209],[-84.6408,38.1211],[-84.6443,38.1283],[-84.6393,38.128],[-84.6368,38.1204],[-84.6339,38.1226],[-84.6409,38.135],[-84.6484,38.1359],[-84.6387,38.1492],[-84.6511,38.1455],[-84.6519,38.1587],[-84.6416,38.1591],[-84.6458,38.1633],[-84.6572,38.1618],[-84.6557,38.1708],[-84.6494,38.169],[-84.6485,38.1771],[-84.6658,38.1821],[-84.6641,38.1773],[-84.6709,38.1765],[-84.6783,38.1793],[-84.6779,38.1852],[-84.6843,38.1757],[-84.6755,38.1715],[-84.6814,38.1692],[-84.6897,38.1706],[-84.6894,38.1813],[-84.7037,38.1789],[-84.7075,38.1734],[-84.7156,38.1769],[-84.7144,38.1831],[-84.7187,38.18],[-84.7214,38.1856],[-84.7316,38.1874],[-84.7233,38.1937],[-84.7303,38.2084],[-84.7406,38.3524],[-84.7932,38.3385],[-84.8088,38.3493],[-84.8271,38.3482],[-84.8384,38.3569],[-84.882,38.3566],[-84.8822,38.3296],[-84.8662,38.3153],[-84.854,38.3161],[-84.8522,38.3108],[-84.8731,38.3057],[-84.882,38.2984],[-84.8784,38.2883],[-84.8642,38.281],[-84.8645,38.2727],[-84.8849,38.2719],[-84.9034,38.2651]]]},"properties":{"geoid":"21056","state":"21","district":"56","name":"State House District 56","chamber":"House"}},{"type":"Feature","geometry":{"type":"Polygon","coordinates":[[[-85.0243,38.1306],[-84.9674,38.1193],[-84.9581,38.1098],[-84.9023,38.0934],[-84.8864,38.0974],[-84.8716,38.1129],[-84.8727,38.117],[-84.8649,38.1169],[-84.8648,38.1414],[-84.8073,38.1637],[-84.8188,38.187],[-84.8059,38.2007],[-84.8003,38.2008],[-84.7972,38.2086],[-84.8077,38.212],[-84.8038,38.2161],[-84.8112,38.2132],[-84.8143,38.2174],[-84.8102,38.2217],[-84.8198,38.2206],[-84.8219,38.2266],[-84.8307,38.2208],[-84.8475,38.231],[-84.8503,38.2241],[-84.8393,38.218],[-84.8528,38.2162],[-84.8554,38.2107],[-84.8651,38.2081],[-84.8737,38.2186],[-84.8843,38.2166],[-84.8982,38.2259],[-84.8992,38.2313],[-84.8912,38.2411],[-84.8755,38.2501],[-84.8802,38.2565],[-84.9034,38.2651],[-84.8849,38.2719],[-84.8645,38.2727],[-84.8642,38.281],[-84.8784,38.2883],[-84.882,38.2984],[-84.8731,38.3057],[-84.8522,38.3108],[-84.854,38.3161],[-84.8662,38.3153],[-84.8822,38.3296],[-84.8841,38.3515],[-84.8924,38.3552],[-84.9063,38.3748],[-84.9977,38.3356],[-84.957,38.3323],[-84.9989,38.275],[-85.009,38.1753],[-85.0057,38.1715],[-85.0093,38.1688],[-85.0032,38.1675],[-85.0104,38.1649],[-85.0038,38.1602],[-85.0184,38.1447],[-85.0243,38.1306]]]},"properties":{"geoid":"21057","state":"21","district":"57","name":"State House District 57","chamber":"House"}},{"type":"Feature","geometry":{"type":"Polygon","coordinates":[[[-85.4236,38.1504],[-85.2324,38.0894],[-85.1016,38.0373],[-85.084,38.0407],[-85.0713,38.0582],[-85.0478,38.0723],[-85.0545,38.0842],[-85.0463,38.111],[-85.0395,38.1194],[-85.0225,38.1276],[-85.0199,38.1422],[-85.0038,38.1602],[-85.0104,38.1649],[-85.0032,38.1675],[-85.0093,38.1688],[-85.0057,38.1715],[-85.009,38.1753],[-84.9989,38.275],[-84.957,38.3323],[-85.2831,38.3581],[-85.3245,38.3101],[-85.3518,38.3031],[-85.3866,38.3078],[-85.3741,38.2686],[-85.4051,38.2624],[-85.4236,38.1504]]]},"properties":{"geoid":"21058","state":"21","district":"58","name":"State House District 58","chamber":"House"}},{"type":"Feature","geometry":{"type":"Polygon","coordinates":[[[-85.6375,38.3822],[-85.5694,38.3418],[-85.5853,38.3394],[-85.5747,38.334],[-85.5613,38.3371],[-85.5454,38.3282],[-85.4806,38.3522],[-85.4687,38.3479],[-85.4646,38.3388],[-85.4351,38.3461],[-85.4255,38.3414],[-85.4141,38.3501],[-85.3721,38.3564],[-85.3664,38.3424],[-85.3487,38.3289],[-85.3601,38.3208],[-85.3778,38.3178],[-85.3775,38.3104],[-85.3861,38.308],[-85.3518,38.3031],[-85.3245,38.3101],[-85.2831,38.3581],[-85.3251,38.4039],[-85.3317,38.443],[-85.3461,38.4595],[-85.314,38.4926],[-85.3156,38.4959],[-85.3512,38.509],[-85.3655,38.5075],[-85.3787,38.5188],[-85.3908,38.5156],[-85.4279,38.5192],[-85.4329,38.5241],[-85.4697,38.508],[-85.4889,38.4777],[-85.5057,38.4647],[-85.5344,38.4558],[-85.5819,38.4512],[-85.6042,38.4409],[-85.6203,38.4234],[-85.6375,38.3822]]]},"properties":{"geoid":"21059","state":"21","district":"59","name":"State House District 59","chamber":"House"}},{"type":"Feature","geometry":{"type":"Polygon","coordinates":[[[-84.8044,38.9083],[-84.7992,38.904],[-84.801,38.8915],[-84.7852,38.8799],[-84.7862,38.8687],[-84.7951,38.8573],[-84.783,38.8548],[-84.7786,38.8594],[-84.7778,38.8472],[-84.761,38.848],[-84.7507,38.831],[-84.7395,38.8304],[-84.7368,38.8404],[-84.7246,38.8436],[-84.7397,38.8647],[-84.7359,38.8838],[-84.7296,38.8837],[-84.6958,38.9184],[-84.6781,38.9225],[-84.6756,38.9354],[-84.667,38.935],[-84.6638,38.925],[-84.6698,38.9137],[-84.642,38.9063],[-84.6359,38.9135],[-84.6503,38.9202],[-84.6506,38.9309],[-84.6416,38.9358],[-84.606,38.9314],[-84.6135,38.9923],[-84.6222,38.9886],[-84.6283,38.9921],[-84.6252,38.9872],[-84.6336,38.9824],[-84.6308,38.9793],[-84.6479,38.981],[-84.6439,38.9754],[-84.6563,38.9715],[-84.6548,38.9845],[-84.6622,38.9822],[-84.6636,38.987],[-84.6791,38.9917],[-84.6672,38.9955],[-84.6725,39.0013],[-84.6783,38.9993],[-84.6819,39.0057],[-84.6932,39.0054],[-84.6989,38.996],[-84.6946,38.9876],[-84.6834,38.9816],[-84.7022,38.9787],[-84.7055,38.9739],[-84.7196,38.9755],[-84.7194,38.9826],[-84.7426,38.9655],[-84.7419,38.9551],[-84.76,38.9552],[-84.773,38.9441],[-84.7927,38.9372],[-84.7896,38.9332],[-84.798,38.9287],[-84.8044,38.9083]]]},"properties":{"geoid":"21060","state":"21","district":"60","name":"State House District 60","chamber":"House"}},{"type":"Feature","geometry":{"type":"Polygon","coordinates":[[[-85.0231,38.7613],[-84.9627,38.6796],[-84.9345,38.6621],[-84.9254,38.6734],[-84.9116,38.6687],[-84.9049,38.6698],[-84.9041,38.6785],[-84.89,38.6764],[-84.8881,38.6873],[-84.8815,38.6849],[-84.8732,38.6889],[-84.8684,38.7],[-84.8447,38.6968],[-84.834,38.7119],[-84.8118,38.7023],[-84.8145,38.7108],[-84.7996,38.7155],[-84.7941,38.7245],[-84.7874,38.7235],[-84.7743,38.6186],[-84.6745,38.5579],[-84.6793,38.5513],[-84.6654,38.5437],[-84.6693,38.5408],[-84.6665,38.5359],[-84.6716,38.537],[-84.6746,38.5323],[-84.6714,38.5271],[-84.6572,38.5324],[-84.653,38.5275],[-84.6555,38.5239],[-84.6445,38.52],[-84.6501,38.5153],[-84.6423,38.5139],[-84.6437,38.5084],[-84.6214,38.4817],[-84.6008,38.481],[-84.5805,38.473],[-84.5607,38.4924],[-84.5214,38.5083],[-84.4966,38.5124],[-84.4853,38.5086],[-84.4763,38.5427],[-84.5323,38.7919],[-84.5187,38.7936],[-84.5389,38.8],[-84.5513,38.7959],[-84.5615,38.8037],[-84.5595,38.8079],[-84.5656,38.8181],[-84.5609,38.8277],[-84.5667,38.8342],[-84.5491,38.848],[-84.5402,38.8482],[-84.5399,38.8541],[-84.5462,38.8533],[-84.5461,38.8574],[-84.5578,38.8646],[-84.5767,38.8619],[-84.5837,38.8699],[-84.5971,38.8727],[-84.6085,38.8333],[-84.6309,38.849],[-84.6419,38.8501],[-84.6501,38.8441],[-84.6627,38.8511],[-84.6654,38.8474],[-84.6737,38.859],[-84.6603,38.8605],[-84.6575,38.8683],[-84.6459,38.8652],[-84.6228,38.878],[-84.6195,38.8864],[-84.6144,38.8845],[-84.6079,38.889],[-84.6243,38.919],[-84.642,38.9063],[-84.6626,38.9105],[-84.6698,38.9137],[-84.6637,38.9207],[-84.667,38.935],[-84.6756,38.9354],[-84.6781,38.9225],[-84.6958,38.9184],[-84.7296,38.8837],[-84.7359,38.8838],[-84.7397,38.8647],[-84.7246,38.8436],[-84.7368,38.8404],[-84.7397,38.8304],[-84.7507,38.831],[-84.761,38.848],[-84.7778,38.8472],[-84.779,38.8595],[-84.783,38.8548],[-84.796,38.857],[-84.8198,38.8417],[-84.83,38.8265],[-84.814,38.8002],[-84.8117,38.79],[-84.8152,38.7843],[-84.8876,38.7948],[-84.9411,38.7757],[-84.9919,38.7783],[-85.0231,38.7613]]]},"properties":{"geoid":"21061","state":"21","district":"61","name":"State House District 61","chamber":"House"}},{"type":"Feature","geometry":{"type":"Polygon","coordinates":[[[-84.7406,38.3524],[-84.7303,38.2084],[-84.7233,38.1937],[-84.7316,38.1874],[-84.7214,38.1856],[-84.7187,38.18],[-84.7144,38.1831],[-84.7156,38.1769],[-84.7075,38.1734],[-84.7037,38.1789],[-84.6894,38.1813],[-84.6897,38.1706],[-84.6814,38.1692],[-84.6755,38.1715],[-84.6843,38.1757],[-84.6779,38.1852],[-84.6783,38.1793],[-84.6709,38.1765],[-84.6641,38.1773],[-84.6658,38.1821],[-84.6478,38.1766],[-84.6504,38.1678],[-84.6557,38.1708],[-84.6572,38.1618],[-84.6458,38.1633],[-84.6416,38.1591],[-84.6519,38.1587],[-84.6511,38.1455],[-84.6387,38.1492],[-84.6484,38.1359],[-84.6409,38.135],[-84.6339,38.1226],[-84.6368,38.1204],[-84.6393,38.128],[-84.6443,38.1283],[-84.6411,38.1206],[-84.654,38.1207],[-84.6503,38.1124],[-84.6445,38.1168],[-84.6336,38.1108],[-84.6251,38.1164],[-84.6206,38.1295],[-84.539,38.1591],[-84.542,38.1699],[-84.5477,38.1658],[-84.5553,38.1688],[-84.5611,38.1831],[-84.5449,38.1881],[-84.5499,38.1987],[-84.5438,38.2164],[-84.5488,38.2223],[-84.5448,38.2265],[-84.5514,38.2242],[-84.5564,38.2395],[-84.5613,38.2352],[-84.5678,38.237],[-84.5682,38.2784],[-84.5578,38.2764],[-84.5385,38.2251],[-84.535,38.2311],[-84.5342,38.2233],[-84.5204,38.2305],[-84.5101,38.2446],[-84.5092,38.253],[-84.5143,38.254],[-84.5086,38.2573],[-84.5163,38.2591],[-84.5078,38.2681],[-84.4637,38.2686],[-84.4414,38.2813],[-84.4449,38.2847],[-84.4418,38.2946],[-84.4328,38.2994],[-84.44,38.3193],[-84.4563,38.3368],[-84.4609,38.3484],[-84.4577,38.3514],[-84.4628,38.364],[-84.4584,38.3747],[-84.4677,38.393],[-84.4911,38.4144],[-84.5279,38.4332],[-84.5266,38.4506],[-84.5319,38.4589],[-84.5464,38.4668],[-84.5574,38.4929],[-84.6236,38.4312],[-84.6495,38.4166],[-84.706,38.3701],[-84.7406,38.3524]]]},"properties":{"geoid":"21062","state":"21","district":"62","name":"State House District 62","chamber":"House"}},{"type":"Feature","geometry":{"type":"Polygon","coordinates":[[[-84.7127,39.0902],[-84.7094,39.0814],[-84.6511,39.0729],[-84.6793,39.0518],[-84.6717,39.0334],[-84.6909,39.0106],[-84.6912,39.0049],[-84.6819,39.0057],[-84.6802,39.0003],[-84.6687,38.9977],[-84.6565,38.9992],[-84.6576,39.0041],[-84.6617,39.0015],[-84.659,39.0074],[-84.6543,39.0066],[-84.6557,39.0124],[-84.6441,39.0132],[-84.6398,39.0219],[-84.6301,39.0051],[-84.6215,39.004],[-84.6227,39.0168],[-84.613,39.0259],[-84.6038,39.0214],[-84.591,39.036],[-84.5856,39.0341],[-84.5811,39.0436],[-84.5687,39.0271],[-84.5423,39.029],[-84.5448,39.0383],[-84.5392,39.0414],[-84.5484,39.055],[-84.5439,39.0586],[-84.5488,39.0653],[-84.5587,39.0641],[-84.5536,39.0798],[-84.5487,39.0811],[-84.5494,39.0855],[-84.5422,39.0822],[-84.5418,39.088],[-84.5349,39.0905],[-84.5033,39.0913],[-84.5062,39.0952],[-84.5238,39.0923],[-84.5501,39.0997],[-84.5719,39.0824],[-84.609,39.0733],[-84.6325,39.0766],[-84.6531,39.0934],[-84.6853,39.1005],[-84.6925,39.1075],[-84.7035,39.0937],[-84.7127,39.0902]]]},"properties":{"geoid":"21063","state":"21","district":"63","name":"State House District 63","chamber":"House"}},{"type":"Feature","geometry":{"type":"Polygon","coordinates":[[[-84.598,38.9661],[-84.5933,38.9492],[-84.5691,38.934],[-84.56,38.9321],[-84.5577,38.9385],[-84.5445,38.9421],[-84.5444,38.9275],[-84.5256,38.9268],[-84.5176,38.9214],[-84.4831,38.9477],[-84.4746,38.942],[-84.4639,38.952],[-84.4474,38.9505],[-84.4268,38.9793],[-84.4404,38.9844],[-84.4541,38.9658],[-84.4641,38.968],[-84.4649,38.98],[-84.4506,38.9964],[-84.4733,39.0045],[-84.4852,39.0154],[-84.49,39.0307],[-84.4852,39.041],[-84.4976,39.0563],[-84.4938,39.0683],[-84.5077,39.0741],[-84.5076,39.0676],[-84.515,39.0644],[-84.5032,39.0475],[-84.5089,39.037],[-84.5141,39.0377],[-84.5145,39.0219],[-84.5248,39.012],[-84.5206,38.993],[-84.5086,38.9791],[-84.5251,38.9759],[-84.5401,38.981],[-84.5326,38.9891],[-84.5392,38.9987],[-84.5375,39.0066],[-84.5424,38.9943],[-84.5578,39.0012],[-84.5583,39.0066],[-84.5627,39.0039],[-84.5666,38.9871],[-84.5759,38.9803],[-84.5713,38.9755],[-84.5602,38.9793],[-84.5518,38.9763],[-84.5506,38.969],[-84.5563,38.9723],[-84.5786,38.9642],[-84.598,38.9661]]]},"properties":{"geoid":"21064","state":"21","district":"64","name":"State House District 64","chamber":"House"}},{"type":"Feature","geometry":{"type":"Polygon","coordinates":[[[-84.5915,39.0176],[-84.5738,38.9944],[-84.5647,38.9925],[-84.5583,39.0066],[-84.5577,39.0011],[-84.5412,38.9946],[-84.5375,39.0066],[-84.5392,38.9987],[-84.5326,38.9891],[-84.5401,38.981],[-84.5251,38.9759],[-84.5088,38.9789],[-84.5206,38.993],[-84.5248,39.012],[-84.5145,39.0219],[-84.5141,39.0377],[-84.5089,39.037],[-84.5032,39.0475],[-84.515,39.0644],[-84.5076,39.0676],[-84.5093,39.0738],[-84.4936,39.0689],[-84.5038,39.0915],[-84.5349,39.0905],[-84.5418,39.088],[-84.5422,39.0822],[-84.5494,39.0855],[-84.5593,39.0676],[-84.5584,39.0635],[-84.5488,39.0653],[-84.5439,39.0586],[-84.5484,39.055],[-84.5392,39.0414],[-84.5448,39.0383],[-84.5419,39.0293],[-84.5624,39.026],[-84.5727,39.0307],[-84.5875,39.0254],[-84.5915,39.0176]]]},"properties":{"geoid":"21065","state":"21","district":"65","name":"State House District 65","chamber":"House"}},{"type":"Feature","geometry":{"type":"Polygon","coordinates":[[[-84.8973,39.0575],[-84.8858,39.0377],[-84.8386,38.9899],[-84.83,38.9726],[-84.8343,38.9588],[-84.8769,38.9217],[-84.8772,38.9094],[-84.8642,38.8982],[-84.801,38.8915],[-84.7992,38.904],[-84.8044,38.9078],[-84.8044,38.9171],[-84.7966,38.9307],[-84.7896,38.9332],[-84.7927,38.9372],[-84.773,38.9441],[-84.76,38.9552],[-84.7419,38.9551],[-84.7426,38.9655],[-84.7194,38.9826],[-84.7196,38.9755],[-84.7055,38.9739],[-84.7022,38.9787],[-84.6834,38.9816],[-84.6946,38.9876],[-84.6989,38.996],[-84.6834,39.0183],[-84.6857,39.0203],[-84.6717,39.0334],[-84.6793,39.0518],[-84.6511,39.0729],[-84.7094,39.0814],[-84.7127,39.0902],[-84.7035,39.0937],[-84.6925,39.1075],[-84.7217,39.1392],[-84.75,39.1477],[-84.7662,39.1391],[-84.7878,39.1153],[-84.8324,39.1005],[-84.8973,39.0575]]]},"properties":{"geoid":"21066","state":"21","district":"66","name":"State House District 66","chamber":"House"}},{"type":"Feature","geometry":{"type":"Polygon","coordinates":[[[-84.5041,39.096],[-84.5044,39.0859],[-84.4932,39.0714],[-84.4976,39.0563],[-84.4852,39.041],[-84.4892,39.0212],[-84.4742,39.0051],[-84.4506,38.9964],[-84.4648,38.9802],[-84.4647,38.9688],[-84.4541,38.9658],[-84.4404,38.9844],[-84.4271,38.9805],[-84.4465,38.9512],[-84.4632,38.9485],[-84.4531,38.9435],[-84.4381,38.9613],[-84.4293,38.9648],[-84.4307,38.9682],[-84.4205,38.978],[-84.4206,38.9858],[-84.4171,38.9839],[-84.4052,38.9967],[-84.4132,39.0017],[-84.4692,39.0097],[-84.4543,39.018],[-84.4555,39.0256],[-84.4508,39.0295],[-84.442,39.032],[-84.4423,39.0402],[-84.4551,39.0482],[-84.4477,39.0526],[-84.4573,39.0524],[-84.4629,39.0576],[-84.451,39.0707],[-84.4668,39.0798],[-84.4611,39.0918],[-84.4673,39.0973],[-84.4585,39.1073],[-84.4611,39.1115],[-84.4465,39.1053],[-84.4404,39.1089],[-84.4525,39.1192],[-84.4717,39.1215],[-84.5041,39.096]]]},"properties":{"geoid":"21067","state":"21","district":"67","name":"State House District 67","chamber":"House"}},{"type":"Feature","geometry":{"type":"Polygon","coordinates":[[[-84.4691,39.0098],[-84.4132,39.0017],[-84.4052,38.9967],[-84.4171,38.9839],[-84.4116,38.9777],[-84.4116,38.9666],[-84.4014,38.9652],[-84.4005,38.9598],[-84.3931,38.9577],[-84.3937,38.9307],[-84.3858,38.9113],[-84.3939,38.9077],[-84.3861,38.8899],[-84.3947,38.8679],[-84.3665,38.8343],[-84.3627,38.8222],[-84.232,38.8748],[-84.2343,38.8933],[-84.2931,38.9629],[-84.2987,38.9928],[-84.3103,39.0128],[-84.3287,39.0287],[-84.348,39.0377],[-84.4081,39.0459],[-84.4264,39.0531],[-84.4327,39.0668],[-84.4342,39.0973],[-84.4404,39.1089],[-84.4465,39.1053],[-84.4611,39.1115],[-84.4585,39.1073],[-84.4673,39.0973],[-84.4611,39.0918],[-84.4668,39.0798],[-84.451,39.0707],[-84.4629,39.0576],[-84.4573,39.0524],[-84.4477,39.0526],[-84.4551,39.0482],[-84.4423,39.0402],[-84.442,39.032],[-84.4508,39.0295],[-84.4555,39.0256],[-84.4543,39.018],[-84.4691,39.0098]]]},"properties":{"geoid":"21068","state":"21","district":"68","name":"State House District 68","chamber":"House"}},{"type":"Feature","geometry":{"type":"Polygon","coordinates":[[[-84.6791,38.9921],[-84.6636,38.987],[-84.6622,38.9822],[-84.6548,38.9845],[-84.6563,38.9715],[-84.6439,38.9754],[-84.6479,38.981],[-84.6308,38.9793],[-84.6336,38.9824],[-84.6252,38.9872],[-84.6283,38.9921],[-84.6222,38.9886],[-84.6135,38.9923],[-84.6092,38.9572],[-84.5938,38.9492],[-84.598,38.9661],[-84.5786,38.9642],[-84.5563,38.9723],[-84.5506,38.969],[-84.5529,38.9767],[-84.5604,38.9793],[-84.5713,38.9755],[-84.5758,38.98],[-84.5666,38.9871],[-84.5661,38.9928],[-84.5752,38.9957],[-84.5915,39.0176],[-84.5875,39.0254],[-84.5734,39.0304],[-84.58,39.0435],[-84.5856,39.0341],[-84.591,39.036],[-84.6038,39.0214],[-84.613,39.0259],[-84.6227,39.0168],[-84.6215,39.004],[-84.6301,39.0051],[-84.6398,39.0219],[-84.6441,39.0132],[-84.6557,39.0124],[-84.6543,39.0066],[-84.659,39.0074],[-84.6617,39.0015],[-84.656,39.0031],[-84.6574,38.9985],[-84.6642,38.9998],[-84.6791,38.9921]]]},"properties":{"geoid":"21069","state":"21","district":"69","name":"State House District 69","chamber":"House"}},{"type":"Feature","geometry":{"type":"Polygon","coordinates":[[[-84.5574,38.4929],[-84.5464,38.4668],[-84.5319,38.4589],[-84.5266,38.4506],[-84.5279,38.4332],[-84.4855,38.4103],[-84.4624,38.3845],[-84.4584,38.3747],[-84.4628,38.364],[-84.4577,38.3514],[-84.4609,38.3484],[-84.434,38.3068],[-84.433,38.2991],[-84.4407,38.2965],[-84.4446,38.2843],[-84.429,38.2797],[-84.415,38.2875],[-84.3788,38.2779],[-84.3676,38.2841],[-84.362,38.2957],[-84.3556,38.2883],[-84.3445,38.2851],[-84.3334,38.2894],[-84.3412,38.2963],[-84.3312,38.2931],[-84.3048,38.305],[-84.31,38.3076],[-84.3088,38.3124],[-84.2943,38.3089],[-84.2961,38.3178],[-84.2891,38.3119],[-84.2802,38.3133],[-84.194,38.3718],[-84.1021,38.4594],[-84.0861,38.4545],[-84.0724,38.4573],[-84.0304,38.4407],[-84.0182,38.4457],[-84.0064,38.431],[-83.9996,38.4417],[-83.9992,38.4223],[-83.9932,38.4257],[-83.9913,38.4348],[-83.9801,38.4374],[-83.9843,38.4444],[-83.9824,38.4525],[-83.9303,38.4923],[-83.8593,38.4563],[-83.7217,38.504],[-83.6419,38.5254],[-83.6246,38.6114],[-83.645,38.6364],[-83.652,38.6298],[-83.6684,38.6265],[-83.7209,38.6467],[-83.7678,38.6542],[-83.7845,38.6967],[-83.8368,38.7177],[-83.8489,38.7475],[-83.8694,38.7613],[-83.9257,38.7712],[-83.9432,38.7832],[-83.9624,38.7875],[-83.9781,38.7874],[-84.0438,38.7707],[-84.0714,38.7705],[-84.1486,38.7932],[-84.2059,38.8027],[-84.2223,38.8139],[-84.2305,38.8274],[-84.236,38.8224],[-84.2074,38.5976],[-84.2011,38.6039],[-84.1955,38.5884],[-84.2027,38.5889],[-84.2053,38.582],[-84.4003,38.5606],[-84.4106,38.5657],[-84.4183,38.5572],[-84.4265,38.5577],[-84.4203,38.5517],[-84.4278,38.5463],[-84.4192,38.5428],[-84.4322,38.5397],[-84.4332,38.5338],[-84.4472,38.5371],[-84.4479,38.5297],[-84.4487,38.5334],[-84.455,38.5307],[-84.4576,38.5362],[-84.4662,38.5361],[-84.4752,38.5438],[-84.4853,38.5086],[-84.4966,38.5124],[-84.5214,38.5083],[-84.5574,38.4929]]]},"properties":{"geoid":"21070","state":"21","district":"70","name":"State House District 70","chamber":"House"}},{"type":"Feature","geometry":{"type":"Polygon","coordinates":[[[-84.6341,37.3005],[-84.6316,37.2854],[-84.6202,37.2723],[-84.6179,37.2374],[-84.5938,37.2134],[-84.6074,37.1991],[-84.611,37.1884],[-84.5987,37.1807],[-84.5913,37.1631],[-84.5322,37.1542],[-84.5106,37.1696],[-84.505,37.181],[-84.5092,37.1918],[-84.4953,37.194],[-84.4758,37.178],[-84.4575,37.1753],[-84.4498,37.2078],[-84.3908,37.2047],[-84.373,37.2071],[-84.3624,37.2141],[-84.2918,37.1606],[-84.2891,37.1517],[-84.2939,37.1446],[-84.2895,37.1291],[-84.2969,37.1216],[-84.279,37.1197],[-84.2811,37.1145],[-84.293,37.1136],[-84.28,37.1015],[-84.1728,37.1258],[-84.1728,37.1342],[-84.1653,37.1401],[-84.1671,37.1498],[-84.1516,37.1518],[-84.1515,37.1591],[-84.161,37.1678],[-84.1466,37.1608],[-84.1212,37.1683],[-84.1266,37.1749],[-84.1182,37.1895],[-84.1237,37.1958],[-84.1204,37.2006],[-84.1544,37.2244],[-84.146,37.2314],[-84.1624,37.2342],[-84.1645,37.2448],[-84.1735,37.2349],[-84.1951,37.2323],[-84.1644,37.2053],[-84.1989,37.2149],[-84.2392,37.2405],[-84.2322,37.2485],[-84.2241,37.2388],[-84.2178,37.2424],[-84.2173,37.2831],[-84.2008,37.2802],[-84.1811,37.2957],[-84.1799,37.3041],[-84.1714,37.3071],[-84.1713,37.3002],[-84.1622,37.2979],[-84.1594,37.3035],[-84.1469,37.3035],[-84.1524,37.3106],[-84.139,37.3091],[-84.1357,37.3126],[-84.1459,37.3275],[-84.1362,37.3299],[-84.1423,37.3452],[-84.1351,37.343],[-84.1328,37.3489],[-84.143,37.3523],[-84.1294,37.3586],[-84.1359,37.3676],[-84.1459,37.3687],[-84.1695,37.3854],[-84.1693,37.3969],[-84.1593,37.4174],[-84.1695,37.4262],[-84.1752,37.4414],[-84.184,37.4469],[-84.1828,37.4548],[-84.1893,37.4568],[-84.2041,37.4879],[-84.2001,37.4947],[-84.2053,37.5031],[-84.2042,37.5116],[-84.1982,37.5153],[-84.2,37.522],[-84.1723,37.557],[-84.1687,37.5692],[-84.1841,37.5735],[-84.2067,37.5721],[-84.2116,37.584],[-84.2193,37.5827],[-84.249,37.5962],[-84.2536,37.6063],[-84.2501,37.6082],[-84.2615,37.6133],[-84.2572,37.6209],[-84.2773,37.6286],[-84.2772,37.6335],[-84.284,37.6322],[-84.2836,37.637],[-84.2898,37.6352],[-84.2947,37.6423],[-84.3017,37.6389],[-84.3034,37.6484],[-84.3143,37.6464],[-84.3145,37.6018],[-84.3234,37.6016],[-84.3242,37.5936],[-84.3146,37.5901],[-84.3144,37.5748],[-84.3286,37.5747],[-84.3223,37.5662],[-84.3322,37.5555],[-84.3268,37.5529],[-84.3157,37.5557],[-84.315,37.562],[-84.3098,37.5573],[-84.2915,37.5653],[-84.2928,37.5492],[-84.3011,37.5431],[-84.3012,37.5363],[-84.3136,37.5282],[-84.3214,37.5387],[-84.3478,37.5391],[-84.3535,37.5216],[-84.3613,37.514],[-84.3549,37.4991],[-84.3744,37.4727],[-84.4467,37.4859],[-84.5029,37.3288],[-84.5565,37.3557],[-84.6341,37.3005]]]},"properties":{"geoid":"21071","state":"21","district":"71","name":"State House District 71","chamber":"House"}},{"type":"Feature","geometry":{"type":"Polygon","coordinates":[[[-84.4427,38.2832],[-84.4369,38.2663],[-84.4225,38.2566],[-84.4234,38.2381],[-84.4168,38.2225],[-84.4223,38.2175],[-84.4199,38.2142],[-84.4011,38.2053],[-84.3785,38.2114],[-84.3669,38.1964],[-84.3586,38.1948],[-84.3602,38.1844],[-84.3552,38.178],[-84.3738,38.1604],[-84.368,38.1273],[-84.3778,38.1213],[-84.3806,38.1125],[-84.3298,38.0851],[-84.3145,38.0931],[-84.3117,38.0868],[-84.2873,38.0757],[-84.2865,38.067],[-84.0805,38.1151],[-84.0599,38.134],[-83.9902,38.1751],[-83.9779,38.1921],[-83.8393,38.3026],[-83.8212,38.3003],[-83.8219,38.2946],[-83.8138,38.2904],[-83.814,38.2831],[-83.8023,38.2792],[-83.7954,38.2922],[-83.7852,38.2947],[-83.7754,38.2857],[-83.7619,38.2951],[-83.7554,38.2845],[-83.7418,38.2855],[-83.7348,38.2938],[-83.7254,38.2926],[-83.7243,38.2842],[-83.7348,38.2802],[-83.7363,38.2632],[-83.7258,38.2689],[-83.709,38.2675],[-83.7064,38.2601],[-83.7173,38.2523],[-83.7091,38.2438],[-83.6957,38.2486],[-83.6901,38.2618],[-83.6847,38.2546],[-83.6956,38.2436],[-83.6914,38.2311],[-83.6971,38.2248],[-83.7002,38.2012],[-83.6893,38.1976],[-83.6944,38.2094],[-83.6846,38.2146],[-83.6716,38.197],[-83.6592,38.2015],[-83.6461,38.171],[-83.633,38.1926],[-83.6151,38.1932],[-83.6125,38.2032],[-83.6005,38.2035],[-83.5868,38.2183],[-83.5771,38.2137],[-83.564,38.2167],[-83.5537,38.2398],[-83.5393,38.2452],[-83.5349,38.254],[-83.5211,38.2575],[-83.5223,38.2672],[-83.5072,38.2694],[-83.5143,38.2921],[-83.5045,38.2952],[-83.5015,38.3162],[-83.4954,38.3243],[-83.4881,38.3245],[-83.4975,38.3327],[-83.4947,38.3359],[-83.5014,38.3425],[-83.4994,38.3491],[-83.4888,38.3517],[-83.482,38.3597],[-83.4738,38.3606],[-83.4702,38.3552],[-83.461,38.3598],[-83.4581,38.362],[-83.465,38.3718],[-83.4564,38.3726],[-83.4527,38.3816],[-83.4593,38.384],[-83.4666,38.3989],[-83.474,38.3969],[-83.4857,38.4051],[-83.4979,38.4016],[-83.5055,38.411],[-83.5126,38.4105],[-83.5129,38.415],[-83.5235,38.4087],[-83.5295,38.4186],[-83.5458,38.4183],[-83.5806,38.4302],[-83.5815,38.4385],[-83.5748,38.4447],[-83.5794,38.4528],[-83.5768,38.4572],[-83.5852,38.469],[-83.5826,38.4714],[-83.5896,38.4741],[-83.587,38.4852],[-83.5972,38.491],[-83.5939,38.4945],[-83.6013,38.4959],[-83.5989,38.5018],[-83.6057,38.5001],[-83.6033,38.5055],[-83.6118,38.502],[-83.6323,38.5075],[-83.6262,38.5111],[-83.6311,38.5156],[-83.6264,38.52],[-83.6323,38.522],[-83.6366,38.5178],[-83.6419,38.5254],[-83.7217,38.504],[-83.8593,38.4563],[-83.9303,38.4923],[-83.9824,38.4525],[-83.9843,38.4444],[-83.9801,38.4374],[-83.9913,38.4348],[-83.9932,38.4257],[-83.9992,38.4223],[-83.9996,38.4417],[-84.0064,38.431],[-84.0182,38.4457],[-84.0304,38.4407],[-84.0724,38.4573],[-84.0861,38.4545],[-84.1021,38.4594],[-84.194,38.3718],[-84.2818,38.3125],[-84.2966,38.3177],[-84.2941,38.309],[-84.3088,38.3124],[-84.31,38.3076],[-84.3048,38.305],[-84.3312,38.2931],[-84.3412,38.2963],[-84.3334,38.2894],[-84.3445,38.2851],[-84.3556,38.2883],[-84.3616,38.2958],[-84.3676,38.2841],[-84.3788,38.2779],[-84.415,38.2875],[-84.4286,38.2797],[-84.4427,38.2832]]]},"properties":{"geoid":"21072","state":"21","district":"72","name":"State House District 72","chamber":"House"}},{"type":"Feature","geometry":{"type":"Polygon","coordinates":[[[-84.472,37.9225],[-84.4527,37.909],[-84.4434,37.8795],[-84.4344,37.8683],[-84.4357,37.8472],[-84.4163,37.8721],[-84.4101,37.8707],[-84.3895,37.8455],[-84.3676,37.8554],[-84.3664,37.8633],[-84.3839,37.8947],[-84.3799,37.9011],[-84.3645,37.8969],[-84.3426,37.8814],[-84.3329,37.8955],[-84.2712,37.9175],[-84.2704,37.9069],[-84.2614,37.8949],[-84.2657,37.8827],[-84.2621,37.8763],[-84.2377,37.8873],[-84.2298,37.8847],[-84.2172,37.8698],[-84.2054,37.8701],[-84.1852,37.8793],[-84.172,37.8748],[-84.1651,37.8613],[-84.1297,37.8677],[-84.1102,37.85],[-84.099,37.8596],[-84.0897,37.8612],[-84.077,37.8508],[-84.08,37.8445],[-84.0765,37.8258],[-84.0699,37.8218],[-84.0665,37.8309],[-84.0574,37.8354],[-84.059,37.8479],[-84.0537,37.8471],[-84.0483,37.8373],[-84.0431,37.8416],[-84.0396,37.8337],[-84.0154,37.8429],[-84.0129,37.8407],[-84.0196,37.8343],[-84.0044,37.834],[-84.0022,37.838],[-84.0136,37.8515],[-84.0083,37.8535],[-84.0219,37.8579],[-84.0274,37.8695],[-84.0197,37.8696],[-84.0146,37.8582],[-84.0065,37.8601],[-83.9966,37.8781],[-83.9983,37.8875],[-83.9858,37.9029],[-83.9917,37.9033],[-83.9916,37.918],[-83.9856,37.925],[-83.976,37.9235],[-83.9773,37.9294],[-83.9663,37.9308],[-84.0805,38.1151],[-84.2865,38.067],[-84.2846,38.0403],[-84.2915,38.0359],[-84.2905,38.0304],[-84.362,38.0298],[-84.3976,37.9984],[-84.3892,37.9814],[-84.3888,37.9628],[-84.433,37.99],[-84.4408,37.9874],[-84.4426,37.9935],[-84.4528,37.9939],[-84.461,37.9831],[-84.4446,37.9741],[-84.4562,37.9518],[-84.45,37.9424],[-84.472,37.9225]]]},"properties":{"geoid":"21073","state":"21","district":"73","name":"State House District 73","chamber":"House"}},{"type":"Feature","geometry":{"type":"Polygon","coordinates":[[[-84.0803,38.1153],[-83.9663,37.9308],[-83.9596,37.9339],[-83.9082,37.9167],[-83.8863,37.9165],[-83.88,37.9136],[-83.8768,37.9045],[-83.8625,37.9082],[-83.8526,37.9028],[-83.8414,37.9063],[-83.8327,37.9028],[-83.8283,37.9064],[-83.8145,37.9001],[-83.7996,37.9074],[-83.782,37.9082],[-83.7688,37.9184],[-83.758,37.9158],[-83.7562,37.8997],[-83.6675,37.8526],[-83.6752,37.8433],[-83.6662,37.8459],[-83.6613,37.8399],[-83.6634,37.8351],[-83.6505,37.8351],[-83.6432,37.8259],[-83.628,37.8227],[-83.6176,37.8356],[-83.6055,37.832],[-83.6083,37.8282],[-83.6002,37.8301],[-83.5983,37.8221],[-83.591,37.8182],[-83.5855,37.8255],[-83.5752,37.8197],[-83.5626,37.8252],[-83.5638,37.8203],[-83.5604,37.8202],[-83.5241,37.8312],[-83.5262,37.8376],[-83.517,37.8517],[-83.492,37.864],[-83.5066,37.8693],[-83.4991,37.8745],[-83.496,37.8906],[-83.4443,37.9425],[-83.4339,38.034],[-83.4499,38.0307],[-83.4504,38.0194],[-83.4634,38.017],[-83.4687,38.0215],[-83.4556,38.0324],[-83.4795,38.0277],[-83.4652,38.0422],[-83.4636,38.0498],[-83.4833,38.0464],[-83.4988,38.0506],[-83.4805,38.0691],[-83.4652,38.0667],[-83.4649,38.0836],[-83.506,38.088],[-83.5093,38.0725],[-83.5139,38.0697],[-83.517,38.0847],[-83.5229,38.0845],[-83.5196,38.0889],[-83.5344,38.0947],[-83.5158,38.1107],[-83.5327,38.1204],[-83.5563,38.113],[-83.5592,38.1161],[-83.552,38.1221],[-83.5517,38.1385],[-83.5478,38.1419],[-83.5553,38.1355],[-83.5588,38.146],[-83.5626,38.1428],[-83.571,38.1472],[-83.5841,38.1463],[-83.5909,38.1338],[-83.6062,38.1244],[-83.6038,38.1296],[-83.6131,38.1324],[-83.61,38.1371],[-83.6216,38.1491],[-83.6143,38.1491],[-83.6193,38.1534],[-83.6142,38.1608],[-83.6069,38.1595],[-83.606,38.1644],[-83.5991,38.1637],[-83.6011,38.1687],[-83.591,38.1696],[-83.6017,38.1795],[-83.5962,38.184],[-83.6067,38.1873],[-83.6074,38.1815],[-83.613,38.1878],[-83.6107,38.1772],[-83.6203,38.1756],[-83.6356,38.1875],[-83.6465,38.171],[-83.6586,38.201],[-83.6716,38.197],[-83.6831,38.2144],[-83.6944,38.2094],[-83.6893,38.1976],[-83.6976,38.1981],[-83.7013,38.2073],[-83.6913,38.2321],[-83.6956,38.2436],[-83.6848,38.2515],[-83.685,38.2559],[-83.6901,38.2618],[-83.6957,38.2486],[-83.7091,38.2438],[-83.7173,38.2523],[-83.7064,38.2601],[-83.709,38.2675],[-83.7258,38.2689],[-83.7363,38.2632],[-83.7343,38.2812],[-83.7237,38.2855],[-83.727,38.2934],[-83.7354,38.2936],[-83.7428,38.2851],[-83.7554,38.2845],[-83.7619,38.2951],[-83.7754,38.2857],[-83.7852,38.2947],[-83.7954,38.2922],[-83.8023,38.2792],[-83.814,38.2831],[-83.8138,38.2904],[-83.8219,38.2946],[-83.8212,38.3003],[-83.8407,38.3022],[-83.9779,38.1921],[-83.9902,38.1751],[-84.0599,38.134],[-84.0803,38.1153]]]},"properties":{"geoid":"21074","state":"21","district":"74","name":"State House District 74","chamber":"House"}},{"type":"Feature","geometry":{"type":"Polygon","coordinates":[[[-84.568,38.037],[-84.5533,38.0212],[-84.5468,38.0058],[-84.5218,37.9963],[-84.5142,38.0184],[-84.5207,38.0203],[-84.5161,38.0293],[-84.5107,38.0281],[-84.4902,38.0404],[-84.5007,38.0483],[-84.5123,38.0407],[-84.5167,38.045],[-84.5164,38.0501],[-84.5031,38.0518],[-84.5162,38.0609],[-84.5184,38.0749],[-84.5235,38.0753],[-84.5638,38.049],[-84.5657,38.0457],[-84.5526,38.0448],[-84.5537,38.0334],[-84.568,38.037]]]},"properties":{"geoid":"21075","state":"21","district":"75","name":"State House District 75","chamber":"House"}},{"type":"Feature","geometry":{"type":"Polygon","coordinates":[[[-84.4934,38.0381],[-84.4897,38.0305],[-84.4928,38.0217],[-84.4842,38.015],[-84.473,38.0126],[-84.4675,38.0206],[-84.4583,38.0126],[-84.4564,38.0178],[-84.4511,38.0114],[-84.4327,38.0091],[-84.4231,38.0099],[-84.411,38.0213],[-84.406,38.0187],[-84.3962,38.0335],[-84.4286,38.0417],[-84.4267,38.0378],[-84.433,38.0322],[-84.4525,38.0292],[-84.4541,38.0429],[-84.4488,38.0425],[-84.449,38.0499],[-84.43,38.0537],[-84.4449,38.0666],[-84.4136,38.0765],[-84.4511,38.0779],[-84.4404,38.0854],[-84.4425,38.0896],[-84.4622,38.0972],[-84.4664,38.0889],[-84.4559,38.0761],[-84.4712,38.0786],[-84.4851,38.0611],[-84.481,38.0621],[-84.4759,38.0566],[-84.4787,38.0549],[-84.4725,38.0528],[-84.4765,38.0489],[-84.4706,38.0417],[-84.4934,38.0381]]]},"properties":{"geoid":"21076","state":"21","district":"76","name":"State House District 76","chamber":"House"}},{"type":"Feature","geometry":{"type":"Polygon","coordinates":[[[-84.5747,38.1059],[-84.5564,38.0885],[-84.5632,38.083],[-84.5518,38.0754],[-84.5453,38.0801],[-84.5311,38.0708],[-84.5184,38.0749],[-84.5162,38.0609],[-84.5031,38.0518],[-84.5167,38.0498],[-84.5123,38.0407],[-84.5007,38.0483],[-84.4918,38.0409],[-84.4706,38.0417],[-84.4765,38.0489],[-84.4725,38.0528],[-84.4787,38.0549],[-84.4759,38.0566],[-84.481,38.0621],[-84.4847,38.0603],[-84.4835,38.0666],[-84.4712,38.0786],[-84.4645,38.0773],[-84.4666,38.0803],[-84.4559,38.0761],[-84.4747,38.0945],[-84.5131,38.113],[-84.5284,38.1166],[-84.5277,38.1117],[-84.5286,38.1165],[-84.5447,38.1228],[-84.5492,38.1109],[-84.5575,38.1126],[-84.5627,38.1068],[-84.571,38.1098],[-84.5747,38.1059]]]},"properties":{"geoid":"21077","state":"21","district":"77","name":"State House District 77","chamber":"House"}},{"type":"Feature","geometry":{"type":"Polygon","coordinates":[[[-84.6737,38.859],[-84.6654,38.8474],[-84.6627,38.8511],[-84.6501,38.8441],[-84.6419,38.8501],[-84.6309,38.849],[-84.6085,38.8333],[-84.5971,38.8727],[-84.5837,38.8699],[-84.5767,38.8619],[-84.5578,38.8646],[-84.5461,38.8574],[-84.5462,38.8533],[-84.5399,38.8541],[-84.5402,38.8482],[-84.5491,38.848],[-84.5667,38.8342],[-84.5609,38.8277],[-84.5656,38.8181],[-84.5595,38.8079],[-84.5615,38.8037],[-84.5513,38.7959],[-84.5389,38.8],[-84.5187,38.7936],[-84.5323,38.7919],[-84.4763,38.5427],[-84.4722,38.544],[-84.4671,38.5365],[-84.4582,38.5366],[-84.455,38.5307],[-84.4487,38.5334],[-84.4486,38.5294],[-84.4472,38.5371],[-84.4332,38.5338],[-84.4322,38.5397],[-84.4192,38.5428],[-84.4278,38.5463],[-84.4203,38.5517],[-84.4265,38.5577],[-84.4183,38.5572],[-84.4106,38.5657],[-84.4003,38.5606],[-84.2053,38.582],[-84.2033,38.5885],[-84.1954,38.5886],[-84.2011,38.6039],[-84.2074,38.5976],[-84.236,38.8224],[-84.2305,38.8274],[-84.232,38.8748],[-84.3627,38.8222],[-84.3665,38.8343],[-84.3946,38.8676],[-84.3861,38.8899],[-84.3939,38.9077],[-84.3858,38.9113],[-84.3937,38.9307],[-84.3931,38.9577],[-84.4005,38.9598],[-84.4014,38.9652],[-84.4116,38.9666],[-84.4116,38.9777],[-84.4172,38.984],[-84.4206,38.9858],[-84.4205,38.978],[-84.4307,38.9682],[-84.4293,38.9648],[-84.4381,38.9613],[-84.4529,38.9436],[-84.4634,38.9465],[-84.4639,38.952],[-84.4737,38.9421],[-84.4831,38.9477],[-84.5176,38.9214],[-84.5256,38.9268],[-84.5444,38.9275],[-84.5445,38.9421],[-84.5647,38.9325],[-84.6092,38.9572],[-84.606,38.9314],[-84.6417,38.9358],[-84.6523,38.9288],[-84.6503,38.9202],[-84.6391,38.9143],[-84.6243,38.919],[-84.6079,38.889],[-84.6144,38.8845],[-84.6195,38.8864],[-84.6228,38.878],[-84.6459,38.8652],[-84.6575,38.8683],[-84.6603,38.8605],[-84.6737,38.859]]]},"properties":{"geoid":"21078","state":"21","district":"78","name":"State House District 78","chamber":"House"}},{"type":"Feature","geometry":{"type":"Polygon","coordinates":[[[-84.5238,37.9912],[-84.5108,37.9903],[-84.5104,37.982],[-84.4982,37.9786],[-84.4933,37.9972],[-84.482,37.9931],[-84.4736,37.999],[-84.4657,37.9956],[-84.4719,37.9912],[-84.4635,37.9886],[-84.4605,37.993],[-84.4427,37.9935],[-84.4407,37.9874],[-84.424,37.9898],[-84.4126,37.9971],[-84.4234,38.002],[-84.423,38.0099],[-84.4511,38.0114],[-84.4564,38.0178],[-84.4583,38.0126],[-84.4675,38.0206],[-84.473,38.0126],[-84.4842,38.015],[-84.4928,38.0217],[-84.4897,38.0305],[-84.494,38.0399],[-84.5107,38.0281],[-84.5161,38.0293],[-84.5207,38.0203],[-84.5142,38.0184],[-84.5238,37.9912]]]},"properties":{"geoid":"21079","state":"21","district":"79","name":"State House District 79","chamber":"House"}},{"type":"Feature","geometry":{"type":"Polygon","coordinates":[[[-84.8601,37.4674],[-84.8508,37.4271],[-84.7961,37.3906],[-84.7228,37.36],[-84.7061,37.2998],[-84.7242,37.2867],[-84.7159,37.253],[-84.7213,37.2392],[-84.7081,37.2472],[-84.6852,37.2107],[-84.6186,37.2404],[-84.6202,37.2723],[-84.6316,37.2854],[-84.6341,37.3005],[-84.5565,37.3557],[-84.5029,37.3288],[-84.4467,37.4859],[-84.3742,37.4728],[-84.3547,37.4994],[-84.3613,37.514],[-84.3535,37.5216],[-84.3478,37.5391],[-84.3527,37.5451],[-84.3517,37.5526],[-84.3709,37.5722],[-84.3723,37.5924],[-84.3975,37.6],[-84.4011,37.6175],[-84.4226,37.6185],[-84.4146,37.6229],[-84.4182,37.6285],[-84.412,37.6318],[-84.4253,37.6351],[-84.4253,37.6403],[-84.4179,37.6412],[-84.43,37.6431],[-84.428,37.6558],[-84.4468,37.6516],[-84.4369,37.66],[-84.4425,37.6629],[-84.44,37.6687],[-84.4461,37.6688],[-84.4427,37.6779],[-84.4471,37.6801],[-84.4543,37.6745],[-84.465,37.6842],[-84.4495,37.697],[-84.461,37.6952],[-84.4741,37.7078],[-84.4841,37.7091],[-84.488,37.728],[-84.4954,37.7251],[-84.5032,37.7342],[-84.4937,37.7401],[-84.4945,37.7475],[-84.502,37.7485],[-84.5052,37.7551],[-84.5147,37.7552],[-84.5121,37.7661],[-84.535,37.7703],[-84.54,37.7543],[-84.5567,37.7483],[-84.5703,37.7287],[-84.5792,37.7307],[-84.5895,37.74],[-84.586,37.7526],[-84.5972,37.7531],[-84.6055,37.743],[-84.6141,37.7452],[-84.6162,37.7483],[-84.6046,37.7591],[-84.6135,37.7677],[-84.6271,37.7741],[-84.6374,37.7732],[-84.6432,37.7788],[-84.6414,37.7926],[-84.6277,37.7972],[-84.6114,37.7914],[-84.609,37.8],[-84.6588,37.8096],[-84.6495,37.7901],[-84.6569,37.7839],[-84.6688,37.7838],[-84.6795,37.7978],[-84.6759,37.8262],[-84.6892,37.8295],[-84.7169,37.8154],[-84.7134,37.807],[-84.717,37.8009],[-84.7095,37.7999],[-84.7127,37.7939],[-84.7028,37.7883],[-84.7157,37.7692],[-84.6942,37.7633],[-84.7051,37.7478],[-84.6885,37.7414],[-84.6889,37.7353],[-84.6972,37.7392],[-84.707,37.7323],[-84.6893,37.7273],[-84.6994,37.7222],[-84.729,37.7285],[-84.7242,37.7147],[-84.7356,37.7189],[-84.745,37.7162],[-84.7333,37.7094],[-84.7437,37.6984],[-84.7224,37.6928],[-84.6983,37.6968],[-84.704,37.6867],[-84.6996,37.6816],[-84.6828,37.6866],[-84.6852,37.6817],[-84.6806,37.6743],[-84.6985,37.6683],[-84.7052,37.6599],[-84.6938,37.6647],[-84.6816,37.6583],[-84.6789,37.6528],[-84.6944,37.6419],[-84.6797,37.6369],[-84.6725,37.6406],[-84.6794,37.6458],[-84.6557,37.654],[-84.6532,37.6419],[-84.6658,37.6402],[-84.6667,37.6343],[-84.6589,37.6354],[-84.6521,37.6255],[-84.6596,37.6175],[-84.6649,37.6252],[-84.6662,37.6175],[-84.6741,37.6158],[-84.6761,37.6238],[-84.6838,37.621],[-84.6903,37.6256],[-84.6964,37.6173],[-84.6883,37.6125],[-84.7237,37.5913],[-84.747,37.5856],[-84.7442,37.5974],[-84.7554,37.5961],[-84.7568,37.5884],[-84.7473,37.5855],[-84.7837,37.5766],[-84.8474,37.5483],[-84.8571,37.5285],[-84.8601,37.4674]]]},"properties":{"geoid":"21080","state":"21","district":"80","name":"State House District 80","chamber":"House"}},{"type":"Feature","geometry":{"type":"Polygon","coordinates":[[[-84.5256,37.7695],[-84.5121,37.7661],[-84.5143,37.7548],[-84.5052,37.7551],[-84.502,37.7485],[-84.4946,37.7476],[-84.4937,37.7401],[-84.5032,37.7342],[-84.4954,37.7251],[-84.488,37.728],[-84.4841,37.7091],[-84.4741,37.7078],[-84.461,37.6952],[-84.4495,37.697],[-84.465,37.6842],[-84.4543,37.6745],[-84.4471,37.6801],[-84.4427,37.6779],[-84.4461,37.6688],[-84.44,37.6687],[-84.4425,37.6629],[-84.4369,37.66],[-84.4468,37.6516],[-84.4286,37.6562],[-84.43,37.6431],[-84.4182,37.6417],[-84.4253,37.6403],[-84.4253,37.6351],[-84.412,37.6315],[-84.4182,37.6285],[-84.4146,37.6229],[-84.4226,37.6185],[-84.4011,37.6175],[-84.3975,37.6],[-84.3723,37.5924],[-84.3709,37.5722],[-84.3517,37.5526],[-84.3513,37.5417],[-84.337,37.5361],[-84.3193,37.538],[-84.3145,37.5284],[-84.3012,37.5363],[-84.3011,37.5431],[-84.2928,37.5492],[-84.2915,37.5653],[-84.3098,37.5573],[-84.315,37.562],[-84.3157,37.5557],[-84.3268,37.5529],[-84.3322,37.5555],[-84.3223,37.5662],[-84.3286,37.5747],[-84.3144,37.5748],[-84.3146,37.5901],[-84.3242,37.5936],[-84.3234,37.6016],[-84.3145,37.6018],[-84.3143,37.6464],[-84.3034,37.6484],[-84.3017,37.6389],[-84.2947,37.6423],[-84.2903,37.6355],[-84.2836,37.637],[-84.2841,37.6324],[-84.2759,37.6303],[-84.2438,37.6364],[-84.2324,37.6334],[-84.2324,37.6461],[-84.199,37.6347],[-84.1936,37.6587],[-84.1846,37.6653],[-84.1844,37.6721],[-84.1753,37.6755],[-84.182,37.6965],[-84.1749,37.7099],[-84.1738,37.7303],[-84.1854,37.7322],[-84.1872,37.7389],[-84.2413,37.7384],[-84.2435,37.7308],[-84.2401,37.7277],[-84.2499,37.7297],[-84.2513,37.7186],[-84.2697,37.7179],[-84.2758,37.7352],[-84.2872,37.7444],[-84.3114,37.7509],[-84.3206,37.763],[-84.3193,37.7761],[-84.3268,37.781],[-84.3196,37.7945],[-84.3102,37.7917],[-84.3142,37.7845],[-84.3082,37.7825],[-84.314,37.7726],[-84.3101,37.7644],[-84.3035,37.7648],[-84.3043,37.7719],[-84.297,37.7728],[-84.2966,37.7807],[-84.2826,37.7891],[-84.2816,37.7962],[-84.2625,37.7879],[-84.259,37.7972],[-84.2618,37.8102],[-84.2413,37.8151],[-84.2222,37.8121],[-84.2181,37.8566],[-84.2043,37.8545],[-84.2054,37.8701],[-84.2206,37.8709],[-84.2327,37.8862],[-84.264,37.8776],[-84.2614,37.8949],[-84.2704,37.9069],[-84.2703,37.9173],[-84.3329,37.8955],[-84.3426,37.8814],[-84.3652,37.8973],[-84.3807,37.9007],[-84.3836,37.8938],[-84.3656,37.8597],[-84.3862,37.8455],[-84.393,37.8475],[-84.4144,37.8722],[-84.4215,37.8693],[-84.4286,37.8534],[-84.4455,37.8408],[-84.4589,37.8414],[-84.4774,37.8525],[-84.4845,37.8373],[-84.4625,37.8024],[-84.4688,37.7962],[-84.4824,37.8021],[-84.4953,37.7857],[-84.5211,37.7785],[-84.5256,37.7695]]]},"properties":{"geoid":"21081","state":"21","district":"81","name":"State House District 81","chamber":"House"}},{"type":"Feature","geometry":{"type":"Polygon","coordinates":[[[-84.3558,36.8121],[-84.3453,36.806],[-84.3502,36.7968],[-84.3496,36.7796],[-84.338,36.7751],[-84.3311,36.7591],[-84.3227,36.7587],[-84.3198,36.7098],[-84.3076,36.6768],[-84.2715,36.634],[-84.2396,36.6134],[-84.2287,36.6006],[-84.2273,36.592],[-83.9308,36.5877],[-83.9255,36.605],[-83.9407,36.6281],[-83.9543,36.6368],[-83.9563,36.6454],[-83.8786,36.6803],[-83.8775,36.6873],[-83.9585,36.7272],[-83.9597,36.7494],[-83.9685,36.7609],[-83.9868,36.759],[-83.9882,36.7701],[-83.9768,36.779],[-83.9809,36.7909],[-83.9782,36.7972],[-83.9848,36.8018],[-83.9994,36.8007],[-84.0003,36.8111],[-84.0079,36.8168],[-84.0155,36.8135],[-84.0274,36.8186],[-84.0298,36.8277],[-84.0435,36.8388],[-84.0393,36.8485],[-84.0523,36.8556],[-84.0557,36.8502],[-84.0658,36.854],[-84.0655,36.8635],[-84.0598,36.8686],[-84.0663,36.871],[-84.0704,36.8906],[-84.085,36.9022],[-84.0821,36.9123],[-84.0864,36.9202],[-84.0802,36.928],[-84.0932,36.9433],[-84.0919,36.956],[-84.1016,36.9541],[-84.1031,36.9638],[-84.1063,36.9589],[-84.1122,36.9596],[-84.1114,36.9638],[-84.1209,36.9687],[-84.1189,36.9931],[-84.1272,36.9894],[-84.1308,36.9943],[-84.1253,37.0052],[-84.1129,37.0001],[-84.11,37.004],[-84.1132,37.0066],[-84.1041,37.0113],[-84.1108,37.0108],[-84.1116,37.0164],[-84.1031,37.0217],[-84.1042,37.0326],[-84.0999,37.0314],[-84.1062,37.035],[-84.1048,37.053],[-84.0999,37.0581],[-84.1038,37.0709],[-84.1467,37.0514],[-84.1662,37.0534],[-84.1601,37.0411],[-84.1475,37.0363],[-84.1499,37.0282],[-84.1729,37.026],[-84.193,37.0129],[-84.2059,37.0177],[-84.2178,37.0032],[-84.2186,36.9956],[-84.2301,36.9859],[-84.2556,36.9752],[-84.2644,36.9668],[-84.2636,36.9623],[-84.2757,36.962],[-84.2776,36.9564],[-84.2862,36.9557],[-84.2974,36.9459],[-84.2997,36.9378],[-84.3114,36.9316],[-84.313,36.9265],[-84.3041,36.9118],[-84.3227,36.8958],[-84.3148,36.8826],[-84.3254,36.8696],[-84.315,36.8574],[-84.3276,36.854],[-84.3318,36.8467],[-84.345,36.8398],[-84.3421,36.8357],[-84.3324,36.8384],[-84.318,36.8338],[-84.3405,36.8245],[-84.3558,36.8121]]]},"properties":{"geoid":"21082","state":"21","district":"82","name":"State House District 82","chamber":"House"}},{"type":"Feature","geometry":{"type":"Polygon","coordinates":[[[-85.2959,36.6259],[-85.1359,36.6238],[-84.9748,36.6155],[-84.978,36.6204],[-84.9891,36.6189],[-84.9995,36.6246],[-85.0045,36.6401],[-84.9974,36.6488],[-84.9982,36.6634],[-85.0095,36.6693],[-85.0013,36.6767],[-85.0111,36.6901],[-85.0181,36.6894],[-85.0205,36.6943],[-85.0215,36.704],[-85.0136,36.7138],[-85.0199,36.7199],[-85.0041,36.7562],[-85.0264,36.8069],[-85.0592,36.8331],[-85.0643,36.8587],[-84.9609,36.9163],[-84.9523,36.9513],[-84.9442,36.9603],[-84.9255,36.9586],[-84.9079,36.9454],[-84.8357,36.9976],[-84.7838,36.9785],[-84.7702,36.9577],[-84.7415,36.9638],[-84.7137,36.9733],[-84.7012,36.9888],[-84.7115,37.0057],[-84.7001,37.0069],[-84.7079,37.0122],[-84.7069,37.0242],[-84.6699,37.0331],[-84.6592,37.0426],[-84.6599,37.0469],[-84.6467,37.0289],[-84.6274,37.0333],[-84.6235,37.0585],[-84.6348,37.0581],[-84.6384,37.0638],[-84.6239,37.0732],[-84.6264,37.0795],[-84.6172,37.0828],[-84.6167,37.089],[-84.6262,37.1041],[-84.6365,37.1021],[-84.6383,37.1054],[-84.6311,37.1063],[-84.6345,37.1104],[-84.6294,37.1069],[-84.6193,37.1123],[-84.6277,37.117],[-84.6386,37.1425],[-84.6717,37.1476],[-84.6715,37.1545],[-84.651,37.1674],[-84.6421,37.191],[-84.6894,37.2141],[-84.7081,37.2472],[-84.9011,37.1163],[-84.9166,37.1073],[-84.9544,37.1023],[-84.9706,37.113],[-85.0433,37.186],[-85.1662,37.0333],[-85.2058,36.9969],[-85.232,36.9251],[-85.2749,36.8979],[-85.2464,36.8762],[-85.2462,36.8614],[-85.2417,36.8558],[-85.2271,36.8512],[-85.2154,36.8545],[-85.2465,36.744],[-85.2959,36.6259]]]},"properties":{"geoid":"21083","state":"21","district":"83","name":"State House District 83","chamber":"House"}},{"type":"Feature","geometry":{"type":"Polygon","coordinates":[[[-83.8883,37.5065],[-83.8813,37.4955],[-83.884,37.4773],[-83.8651,37.4514],[-83.85,37.4478],[-83.842,37.4389],[-83.8401,37.4249],[-83.8289,37.4118],[-83.812,37.3703],[-83.8015,37.3644],[-83.7947,37.3506],[-83.6797,37.3369],[-83.6681,37.3552],[-83.6533,37.3581],[-83.652,37.3503],[-83.6343,37.3392],[-83.6333,37.3309],[-83.6238,37.3277],[-83.6224,37.3148],[-83.6162,37.3147],[-83.6166,37.3079],[-83.6088,37.3085],[-83.6093,37.3013],[-83.5973,37.2923],[-83.5831,37.2948],[-83.5741,37.2884],[-83.5754,37.281],[-83.5656,37.2757],[-83.5661,37.2654],[-83.5424,37.2683],[-83.5328,37.2564],[-83.5113,37.2551],[-83.5079,37.2359],[-83.4929,37.2495],[-83.4833,37.2519],[-83.483,37.2631],[-83.4763,37.2659],[-83.4846,37.268],[-83.4863,37.2749],[-83.4718,37.2912],[-83.461,37.2938],[-83.4544,37.2882],[-83.4426,37.2874],[-83.439,37.2932],[-83.4319,37.2903],[-83.4291,37.3033],[-83.4238,37.3022],[-83.4163,37.3118],[-83.4024,37.3141],[-83.3984,37.3206],[-83.3958,37.3097],[-83.3745,37.3054],[-83.3733,37.2956],[-83.3666,37.3005],[-83.3535,37.298],[-83.3537,37.2844],[-83.3453,37.2831],[-83.3359,37.2726],[-83.3444,37.2602],[-83.336,37.2543],[-83.3394,37.2504],[-83.3329,37.2444],[-83.3373,37.2368],[-83.3254,37.231],[-83.3246,37.2254],[-83.3109,37.2299],[-83.2989,37.2146],[-83.2871,37.2174],[-83.2768,37.2033],[-83.2632,37.2002],[-83.2527,37.2036],[-83.2493,37.1952],[-83.2408,37.196],[-83.2326,37.1845],[-83.2022,37.1748],[-83.2019,37.1667],[-83.2122,37.1649],[-83.2145,37.1576],[-83.2194,37.1602],[-83.2263,37.1556],[-83.2268,37.1508],[-83.2181,37.1451],[-83.2274,37.1372],[-83.2056,37.1291],[-83.1952,37.1093],[-83.1844,37.1123],[-83.1824,37.107],[-83.1672,37.1024],[-83.1713,37.0912],[-83.1683,37.088],[-83.1767,37.081],[-83.1644,37.0739],[-83.1657,37.0674],[-83.1792,37.061],[-83.1809,37.0563],[-83.1746,37.0523],[-83.1824,37.0467],[-83.1785,37.0381],[-83.1869,37.0343],[-83.1854,37.0213],[-83.1738,37.0171],[-83.1608,37.0207],[-83.1601,37.0139],[-83.1442,37.0137],[-83.137,37.0041],[-83.1242,37.0057],[-83.1096,36.9918],[-83.0545,37.018],[-83.0582,37.025],[-83.0495,37.0294],[-83.0521,37.035],[-83.0719,37.0423],[-83.0735,37.0473],[-83.062,37.0518],[-83.0576,37.0621],[-83.0486,37.0586],[-83.0427,37.0622],[-83.0469,37.0693],[-83.0403,37.0787],[-83.0517,37.0962],[-83.0469,37.1026],[-83.0548,37.1039],[-83.0614,37.1176],[-83.0356,37.1572],[-83.0489,37.1694],[-83.0374,37.1653],[-83.0285,37.1696],[-83.0001,37.1961],[-83.0063,37.2059],[-83.0297,37.2084],[-83.0342,37.2174],[-83.0539,37.2154],[-83.0674,37.2313],[-83.0663,37.2446],[-83.0704,37.2485],[-83.0825,37.2477],[-83.083,37.2428],[-83.1006,37.2357],[-83.1162,37.2407],[-83.1268,37.236],[-83.1204,37.2469],[-83.1272,37.2684],[-83.1244,37.2805],[-83.1194,37.2834],[-83.1231,37.2879],[-83.1099,37.3026],[-83.1166,37.3086],[-83.1106,37.3252],[-83.1173,37.3282],[-83.1099,37.3362],[-83.1347,37.4572],[-83.093,37.4983],[-83.0953,37.5164],[-83.0887,37.5227],[-83.071,37.5168],[-83.065,37.5256],[-83.0557,37.5204],[-83.0472,37.526],[-83.0313,37.5063],[-83.0139,37.5085],[-83.0027,37.5012],[-82.9852,37.5066],[-82.9733,37.4978],[-82.9485,37.5032],[-82.9548,37.5066],[-82.9506,37.5128],[-82.9599,37.5182],[-83.0004,37.5282],[-83.0011,37.5461],[-83.0181,37.5493],[-83.013,37.5597],[-83.018,37.568],[-83.0096,37.5764],[-83.0121,37.5837],[-83.021,37.5829],[-83.0274,37.5897],[-83.0389,37.5843],[-83.0432,37.5912],[-83.0574,37.5932],[-83.0578,37.6057],[-83.0629,37.6114],[-83.0666,37.6073],[-83.072,37.6095],[-83.0727,37.6189],[-83.0825,37.622],[-83.0839,37.6298],[-83.0898,37.6322],[-83.0943,37.6211],[-83.1006,37.6239],[-83.1144,37.6115],[-83.12,37.6134],[-83.1328,37.6061],[-83.1512,37.6316],[-83.1574,37.6292],[-83.1609,37.6355],[-83.1738,37.6383],[-83.1715,37.6418],[-83.1751,37.6435],[-83.1868,37.6397],[-83.1935,37.6426],[-83.1936,37.6478],[-83.2007,37.6442],[-83.222,37.6502],[-83.2369,37.6678],[-83.2576,37.6701],[-83.268,37.6799],[-83.2801,37.6745],[-83.2931,37.6824],[-83.3072,37.6779],[-83.3179,37.6829],[-83.3294,37.68],[-83.3307,37.6746],[-83.3459,37.6767],[-83.3517,37.6848],[-83.3648,37.6842],[-83.3704,37.6929],[-83.3814,37.6917],[-83.3906,37.6999],[-83.4119,37.688],[-83.4185,37.6907],[-83.4276,37.6833],[-83.4316,37.674],[-83.4288,37.6678],[-83.4361,37.6618],[-83.4336,37.6565],[-83.4457,37.6508],[-83.4445,37.6436],[-83.4587,37.6305],[-83.4687,37.6307],[-83.4773,37.623],[-83.4945,37.6191],[-83.4991,37.6227],[-83.4949,37.6299],[-83.4959,37.6456],[-83.5223,37.6385],[-83.581,37.5036],[-83.6076,37.5148],[-83.6135,37.5088],[-83.6226,37.5109],[-83.6185,37.521],[-83.627,37.5226],[-83.6303,37.5373],[-83.6427,37.5414],[-83.6574,37.5366],[-83.6804,37.512],[-83.7017,37.5077],[-83.7328,37.521],[-83.745,37.5081],[-83.743,37.4943],[-83.8298,37.4868],[-83.8648,37.5022],[-83.8663,37.5136],[-83.8853,37.5177],[-83.8883,37.5065]]]},"properties":{"geoid":"21084","state":"21","district":"84","name":"State House District 84","chamber":"House"}},{"type":"Feature","geometry":{"type":"Polygon","coordinates":[[[-84.6847,37.2108],[-84.6421,37.191],[-84.651,37.1674],[-84.6715,37.1545],[-84.6717,37.1476],[-84.6386,37.1425],[-84.6277,37.117],[-84.6193,37.1123],[-84.6294,37.1069],[-84.6345,37.1104],[-84.6311,37.1063],[-84.6383,37.1054],[-84.6365,37.1021],[-84.6262,37.1041],[-84.6166,37.0887],[-84.6172,37.0828],[-84.6264,37.0795],[-84.6239,37.0732],[-84.6384,37.0638],[-84.6348,37.0581],[-84.6235,37.0585],[-84.6278,37.015],[-84.6044,36.9963],[-84.5842,36.9906],[-84.5769,36.993],[-84.5697,37.0085],[-84.5488,36.9949],[-84.5497,36.9881],[-84.5628,36.9763],[-84.557,36.9686],[-84.5497,36.9675],[-84.5591,36.9527],[-84.5626,36.9358],[-84.5569,36.9174],[-84.5482,36.912],[-84.5355,36.8904],[-84.4168,36.9469],[-84.3866,36.9515],[-84.3682,36.9626],[-84.358,36.9594],[-84.3689,36.9482],[-84.3591,36.9399],[-84.3245,36.9462],[-84.3105,36.9422],[-84.2934,36.9476],[-84.2855,36.9561],[-84.2773,36.9566],[-84.2762,36.9618],[-84.2636,36.9623],[-84.2644,36.9668],[-84.2556,36.9752],[-84.2303,36.9857],[-84.2186,36.9956],[-84.2178,37.0032],[-84.2059,37.0177],[-84.193,37.0129],[-84.1729,37.026],[-84.1499,37.0282],[-84.1475,37.0363],[-84.1601,37.0411],[-84.1662,37.0534],[-84.1467,37.0514],[-84.1038,37.0709],[-84.1018,37.0682],[-84.0993,37.0759],[-84.0843,37.0634],[-84.0762,37.0681],[-84.0884,37.0805],[-84.0842,37.0957],[-84.0659,37.0946],[-84.0752,37.1198],[-84.1026,37.1433],[-84.1043,37.1601],[-84.1081,37.1549],[-84.1176,37.1551],[-84.127,37.1688],[-84.1466,37.1608],[-84.161,37.1678],[-84.1515,37.1591],[-84.1516,37.1518],[-84.1671,37.1498],[-84.1653,37.1401],[-84.1728,37.1342],[-84.1728,37.1258],[-84.28,37.1015],[-84.293,37.1136],[-84.2811,37.1145],[-84.279,37.1197],[-84.2969,37.1216],[-84.2895,37.1291],[-84.2939,37.1446],[-84.2891,37.1517],[-84.2918,37.1606],[-84.3624,37.2141],[-84.373,37.2071],[-84.3908,37.2047],[-84.4498,37.2078],[-84.4575,37.1753],[-84.4758,37.178],[-84.4953,37.194],[-84.5092,37.1918],[-84.505,37.181],[-84.5135,37.1654],[-84.5322,37.1542],[-84.5473,37.1539],[-84.5926,37.164],[-84.5987,37.1807],[-84.611,37.1884],[-84.6074,37.1991],[-84.5938,37.2134],[-84.6117,37.2277],[-84.6186,37.2404],[-84.6847,37.2108]]]},"properties":{"geoid":"21085","state":"21","district":"85","name":"State House District 85","chamber":"House"}},{"type":"Feature","geometry":{"type":"Polygon","coordinates":[[[-84.1307,36.9947],[-84.1272,36.9894],[-84.1189,36.9931],[-84.1209,36.9687],[-84.1114,36.9638],[-84.1122,36.9596],[-84.1063,36.9589],[-84.1031,36.9638],[-84.1016,36.9541],[-84.0919,36.956],[-84.0932,36.9433],[-84.0802,36.928],[-84.0864,36.9202],[-84.0821,36.9123],[-84.085,36.9022],[-84.0704,36.8906],[-84.0663,36.871],[-84.0598,36.8686],[-84.0655,36.8635],[-84.0658,36.854],[-84.0557,36.8502],[-84.0523,36.8556],[-84.0393,36.8485],[-84.0435,36.8388],[-84.0298,36.8277],[-84.0274,36.8186],[-84.0155,36.8135],[-84.0079,36.8168],[-84.0003,36.8111],[-83.9994,36.8007],[-83.9848,36.8018],[-83.9782,36.7972],[-83.9809,36.7909],[-83.9768,36.779],[-83.9882,36.7701],[-83.9868,36.759],[-83.9685,36.7609],[-83.9597,36.7494],[-83.9585,36.7272],[-83.8775,36.6873],[-83.8798,36.6906],[-83.8716,36.6994],[-83.8739,36.7058],[-83.8686,36.7132],[-83.8557,36.7055],[-83.8462,36.7081],[-83.8302,36.7233],[-83.8334,36.7264],[-83.829,36.7433],[-83.8092,36.748],[-83.8111,36.7574],[-83.7997,36.7657],[-83.7982,36.7852],[-83.7865,36.8005],[-83.7814,36.8028],[-83.7758,36.7981],[-83.7523,36.8053],[-83.7555,36.8004],[-83.7438,36.7965],[-83.7377,36.8091],[-83.7102,36.8247],[-83.709,36.8349],[-83.6879,36.8355],[-83.6918,36.8392],[-83.6826,36.8549],[-83.6664,36.857],[-83.6633,36.8642],[-83.6424,36.8662],[-83.6431,36.8794],[-83.6348,36.8867],[-83.6202,36.8842],[-83.6126,36.8976],[-83.5811,36.9047],[-83.5741,36.9138],[-83.5758,36.9225],[-83.5661,36.9315],[-83.5698,36.9395],[-83.584,36.9414],[-83.5909,36.9576],[-83.6078,36.9526],[-83.6161,36.9621],[-83.6414,36.9596],[-83.6607,36.9765],[-83.673,36.9758],[-83.6737,36.9809],[-83.6923,36.9827],[-83.7105,36.9962],[-83.7198,36.9951],[-83.7215,37.0033],[-83.7344,37.0041],[-83.7324,37.0163],[-83.7392,37.017],[-83.7439,37.0268],[-83.7749,37.0152],[-83.7803,37.023],[-83.7745,37.0374],[-83.797,37.037],[-83.8229,37.026],[-83.8317,37.0312],[-83.8263,37.0403],[-83.8565,37.0425],[-83.8585,37.0545],[-83.8629,37.0515],[-83.8761,37.0626],[-83.885,37.0623],[-83.8878,37.075],[-83.8681,37.0829],[-83.8625,37.0917],[-83.8675,37.0965],[-83.8653,37.1039],[-83.8833,37.1093],[-83.881,37.114],[-83.886,37.1189],[-83.9048,37.111],[-83.9082,37.0875],[-83.9228,37.0838],[-83.926,37.0737],[-83.9201,37.0605],[-83.9241,37.0544],[-83.9328,37.0525],[-83.9417,37.0643],[-83.9594,37.0536],[-83.9527,37.0712],[-83.9609,37.0768],[-83.9754,37.0729],[-83.9805,37.0663],[-83.9905,37.0721],[-83.989,37.0672],[-83.9967,37.0624],[-83.9942,37.0592],[-84.002,37.0608],[-84.0077,37.0551],[-84.0374,37.0526],[-84.042,37.0454],[-84.0522,37.0495],[-84.1032,37.0383],[-84.1062,37.035],[-84.0999,37.0313],[-84.104,37.0328],[-84.1066,37.0273],[-84.1031,37.0217],[-84.1116,37.0164],[-84.1108,37.0108],[-84.1047,37.0101],[-84.1132,37.0066],[-84.11,37.004],[-84.1129,37.0001],[-84.125,37.0054],[-84.1307,36.9947]]]},"properties":{"geoid":"21086","state":"21","district":"86","name":"State House District 86","chamber":"House"}},{"type":"Feature","geometry":{"type":"Polygon","coordinates":[[[-83.9573,36.6422],[-83.9324,36.6189],[-83.9261,36.6062],[-83.9308,36.5877],[-83.6908,36.5826],[-83.6744,36.6036],[-83.6493,36.6168],[-83.6477,36.6231],[-83.624,36.6255],[-83.6139,36.6349],[-83.5864,36.6439],[-83.5773,36.6415],[-83.5624,36.6512],[-83.5371,36.6589],[-83.5301,36.666],[-83.4992,36.6704],[-83.4666,36.6647],[-83.4247,36.6673],[-83.3965,36.6769],[-83.3868,36.6866],[-83.3097,36.7106],[-83.1948,36.7394],[-83.1351,36.7426],[-83.1256,36.7616],[-83.1325,36.7644],[-83.129,36.7758],[-83.1332,36.7846],[-83.1232,36.7867],[-83.1043,36.804],[-83.0985,36.8135],[-83.1019,36.8282],[-83.0752,36.8407],[-83.0728,36.8545],[-83.0478,36.8517],[-83.0266,36.8556],[-83.0221,36.8499],[-83.0086,36.8473],[-82.9976,36.8569],[-82.9708,36.8576],[-82.9516,36.8662],[-82.9078,36.8748],[-82.9074,36.8793],[-82.8791,36.8893],[-82.8774,36.8955],[-82.8682,36.8996],[-82.8774,36.9085],[-82.8577,36.9287],[-82.8623,36.9413],[-82.8558,36.9539],[-82.8661,36.9586],[-82.8692,36.9742],[-82.9411,37.0152],[-82.9667,36.9999],[-83.0016,36.9941],[-82.9912,36.9755],[-83.014,36.9716],[-83.0088,36.9598],[-83.0282,36.9507],[-83.0321,36.9443],[-83.0511,36.9453],[-83.0931,36.9275],[-83.0989,36.9325],[-83.1185,36.9264],[-83.1248,36.9157],[-83.1288,36.9175],[-83.1276,36.9232],[-83.1636,36.9077],[-83.1667,36.9019],[-83.1769,36.9043],[-83.2221,36.8825],[-83.2454,36.8813],[-83.2746,36.8686],[-83.2887,36.8744],[-83.3044,36.8623],[-83.3225,36.8593],[-83.3326,36.8465],[-83.3445,36.8424],[-83.3545,36.8278],[-83.359,36.8083],[-83.3721,36.7979],[-83.3767,36.8005],[-83.3775,36.8204],[-83.3878,36.8334],[-83.4015,36.8374],[-83.4066,36.8631],[-83.4143,36.87],[-83.4907,36.8367],[-83.4817,36.8491],[-83.4939,36.8637],[-83.497,36.8836],[-83.4898,36.8954],[-83.5004,36.8955],[-83.5048,36.9039],[-83.4891,36.9114],[-83.4918,36.9184],[-83.5097,36.9235],[-83.5091,36.9385],[-83.5211,36.9376],[-83.5895,36.9558],[-83.584,36.9414],[-83.5698,36.9395],[-83.5661,36.9315],[-83.5758,36.9225],[-83.5741,36.9138],[-83.5811,36.9047],[-83.6126,36.8976],[-83.6202,36.8842],[-83.6348,36.8867],[-83.6431,36.8794],[-83.6424,36.8662],[-83.6633,36.8642],[-83.6664,36.857],[-83.6826,36.8549],[-83.6918,36.8392],[-83.6879,36.8355],[-83.709,36.8349],[-83.7102,36.8247],[-83.7377,36.8091],[-83.7438,36.7965],[-83.7555,36.8004],[-83.7523,36.8053],[-83.7758,36.7981],[-83.7814,36.8028],[-83.7865,36.8005],[-83.7982,36.7852],[-83.7997,36.7657],[-83.8111,36.7574],[-83.8092,36.748],[-83.829,36.7433],[-83.8334,36.7264],[-83.8302,36.7233],[-83.8409,36.712],[-83.8548,36.7054],[-83.8685,36.7133],[-83.8739,36.7058],[-83.8716,36.6994],[-83.8798,36.6906],[-83.8786,36.6803],[-83.949,36.6506],[-83.9573,36.6422]]]},"properties":{"geoid":"21087","state":"21","district":"87","name":"State House District 87","chamber":"House"}},{"type":"Feature","geometry":{"type":"Polygon","coordinates":[[[-84.6305,38.0939],[-84.6187,38.0718],[-84.6104,38.0667],[-84.5567,38.056],[-84.5311,38.0708],[-84.5453,38.0801],[-84.5518,38.0754],[-84.5632,38.083],[-84.5564,38.0885],[-84.5753,38.105],[-84.571,38.1098],[-84.5629,38.1067],[-84.5575,38.1126],[-84.5492,38.1109],[-84.5447,38.1228],[-84.5286,38.1165],[-84.5277,38.1117],[-84.5284,38.1166],[-84.5089,38.1114],[-84.4664,38.0889],[-84.4622,38.0972],[-84.4473,38.0943],[-84.4404,38.0854],[-84.4511,38.0779],[-84.4159,38.0778],[-84.4449,38.0666],[-84.43,38.0537],[-84.4489,38.0499],[-84.454,38.0358],[-84.4483,38.0284],[-84.4326,38.0325],[-84.4267,38.0378],[-84.4286,38.0417],[-84.397,38.036],[-84.4058,38.0189],[-84.411,38.0213],[-84.4231,38.0099],[-84.4202,38.0071],[-84.4234,38.002],[-84.4126,37.9971],[-84.432,37.9891],[-84.3888,37.9628],[-84.3892,37.9814],[-84.3977,37.9982],[-84.3797,38.0177],[-84.3619,38.0299],[-84.2905,38.0304],[-84.2915,38.0359],[-84.2846,38.0403],[-84.2844,38.07],[-84.2931,38.0802],[-84.3117,38.0868],[-84.3148,38.0932],[-84.3267,38.0847],[-84.3341,38.0864],[-84.3806,38.1125],[-84.3778,38.1213],[-84.368,38.1273],[-84.3738,38.1604],[-84.3552,38.178],[-84.3602,38.1844],[-84.3586,38.1948],[-84.3669,38.1964],[-84.3785,38.2114],[-84.4011,38.2053],[-84.4199,38.2142],[-84.4223,38.2175],[-84.4168,38.2225],[-84.4234,38.2381],[-84.4213,38.2528],[-84.4369,38.2663],[-84.4414,38.2813],[-84.465,38.2682],[-84.5052,38.2699],[-84.5163,38.2591],[-84.5086,38.2573],[-84.5143,38.254],[-84.5092,38.253],[-84.5101,38.2446],[-84.5204,38.2305],[-84.5343,38.2233],[-84.5348,38.231],[-84.5385,38.2251],[-84.5578,38.2764],[-84.5682,38.2784],[-84.5678,38.237],[-84.5613,38.2352],[-84.5564,38.2395],[-84.5514,38.2242],[-84.5448,38.2265],[-84.5488,38.2223],[-84.5438,38.2164],[-84.5499,38.1987],[-84.5449,38.1881],[-84.5611,38.1831],[-84.5553,38.1688],[-84.5477,38.1658],[-84.542,38.1699],[-84.539,38.1591],[-84.6206,38.1295],[-84.6305,38.0939]]]},"properties":{"geoid":"21088","state":"21","district":"88","name":"State House District 88","chamber":"House"}},{"type":"Feature","geometry":{"type":"Polygon","coordinates":[[[-84.284,37.7709],[-84.2687,37.7536],[-84.2669,37.7423],[-84.2488,37.7413],[-84.2445,37.7309],[-84.2413,37.7384],[-84.1872,37.7389],[-84.1854,37.7322],[-84.1738,37.7303],[-84.1749,37.7099],[-84.182,37.6965],[-84.1753,37.6755],[-84.1844,37.6721],[-84.1846,37.6653],[-84.1936,37.6587],[-84.1987,37.6348],[-84.2324,37.6461],[-84.2324,37.6334],[-84.2438,37.6364],[-84.2773,37.6286],[-84.2572,37.6209],[-84.2615,37.6133],[-84.2501,37.6082],[-84.2536,37.6063],[-84.2489,37.5961],[-84.2193,37.5827],[-84.2116,37.584],[-84.2067,37.5721],[-84.1841,37.5735],[-84.1687,37.5692],[-84.1723,37.557],[-84.2,37.522],[-84.1982,37.5153],[-84.2042,37.5116],[-84.2053,37.5031],[-84.2001,37.4947],[-84.2041,37.4879],[-84.1893,37.4568],[-84.1828,37.4548],[-84.184,37.4469],[-84.1752,37.4414],[-84.1695,37.4262],[-84.1593,37.4174],[-84.1693,37.3969],[-84.1695,37.3854],[-84.1459,37.3687],[-84.1359,37.3676],[-84.1291,37.3578],[-84.143,37.3523],[-84.1328,37.3489],[-84.1351,37.343],[-84.1423,37.3452],[-84.1362,37.3299],[-84.1459,37.3275],[-84.1379,37.3198],[-84.1372,37.3099],[-84.1523,37.3106],[-84.1469,37.3035],[-84.1594,37.3035],[-84.1624,37.2979],[-84.1713,37.3002],[-84.1717,37.307],[-84.1803,37.3037],[-84.1789,37.2989],[-84.1905,37.2855],[-84.1981,37.2856],[-84.2016,37.2801],[-84.2173,37.2831],[-84.2178,37.2424],[-84.2241,37.2388],[-84.2322,37.2485],[-84.2392,37.2405],[-84.1989,37.2149],[-84.1644,37.2053],[-84.1951,37.2323],[-84.1735,37.2349],[-84.1624,37.2438],[-84.1624,37.2342],[-84.146,37.2314],[-84.1544,37.2244],[-84.1204,37.2006],[-84.1237,37.1958],[-84.1182,37.1895],[-84.1266,37.1748],[-84.1176,37.1551],[-84.1081,37.1549],[-84.1043,37.1601],[-84.0907,37.1552],[-84.0798,37.1597],[-84.0736,37.1474],[-84.0645,37.1582],[-84.0622,37.1785],[-84.0527,37.1872],[-84.0275,37.1913],[-84.0172,37.2041],[-84.0087,37.1969],[-84.0012,37.2018],[-83.9967,37.1977],[-83.9827,37.2115],[-83.9727,37.2051],[-83.9533,37.2184],[-83.9514,37.2107],[-83.9406,37.205],[-83.9443,37.2515],[-83.9407,37.2586],[-83.9218,37.2618],[-83.9015,37.2538],[-83.8969,37.2622],[-83.8999,37.2668],[-83.8901,37.2745],[-83.8883,37.2857],[-83.8768,37.2947],[-83.8804,37.2946],[-83.882,37.3069],[-83.8632,37.3066],[-83.8217,37.3313],[-83.7946,37.3299],[-83.7839,37.3345],[-83.7847,37.3484],[-83.7899,37.353],[-83.7947,37.3506],[-83.8015,37.3644],[-83.812,37.3703],[-83.8289,37.4118],[-83.8401,37.4249],[-83.842,37.4389],[-83.85,37.4478],[-83.8651,37.4514],[-83.884,37.4773],[-83.8813,37.4955],[-83.8883,37.5059],[-83.8853,37.5177],[-83.8663,37.5136],[-83.8648,37.5022],[-83.8298,37.4868],[-83.7499,37.4936],[-83.743,37.4943],[-83.745,37.5081],[-83.7328,37.521],[-83.7017,37.5077],[-83.6804,37.512],[-83.6574,37.5366],[-83.6427,37.5414],[-83.6303,37.5373],[-83.627,37.5226],[-83.6185,37.521],[-83.6226,37.5109],[-83.6135,37.5088],[-83.6076,37.5148],[-83.5812,37.5036],[-83.5223,37.6385],[-83.4959,37.6456],[-83.4949,37.6299],[-83.4991,37.6227],[-83.4945,37.6191],[-83.4773,37.623],[-83.4687,37.6307],[-83.4587,37.6305],[-83.4445,37.6436],[-83.4457,37.6508],[-83.4336,37.6565],[-83.4361,37.6618],[-83.4288,37.6678],[-83.4316,37.674],[-83.4276,37.6833],[-83.4185,37.6907],[-83.4119,37.688],[-83.3906,37.6999],[-83.3814,37.6917],[-83.3704,37.6929],[-83.3648,37.6842],[-83.3517,37.6848],[-83.3459,37.6767],[-83.3307,37.6746],[-83.3294,37.68],[-83.3182,37.6829],[-83.3072,37.6779],[-83.2931,37.6824],[-83.2801,37.6745],[-83.268,37.6799],[-83.258,37.6703],[-83.2497,37.6695],[-83.2584,37.6793],[-83.2574,37.6859],[-83.2428,37.6977],[-83.261,37.7077],[-83.265,37.7151],[-83.2724,37.7128],[-83.2812,37.7189],[-83.2799,37.7315],[-83.283,37.7373],[-83.2885,37.735],[-83.2871,37.7423],[-83.3054,37.7426],[-83.3119,37.75],[-83.3336,37.7579],[-83.3288,37.7766],[-83.3248,37.7778],[-83.3307,37.784],[-83.3359,37.7788],[-83.3645,37.8026],[-83.3765,37.7982],[-83.3876,37.8004],[-83.3864,37.8137],[-83.433,37.8191],[-83.4425,37.8268],[-83.4411,37.835],[-83.4524,37.8363],[-83.4553,37.8427],[-83.4805,37.8404],[-83.4842,37.8515],[-83.4781,37.8518],[-83.4951,37.8619],[-83.517,37.8517],[-83.5262,37.8376],[-83.5241,37.8312],[-83.5514,37.8216],[-83.5636,37.8201],[-83.5626,37.8252],[-83.5755,37.8197],[-83.5855,37.8255],[-83.591,37.8182],[-83.5983,37.8221],[-83.6002,37.8301],[-83.6083,37.8282],[-83.6055,37.832],[-83.6191,37.8353],[-83.6253,37.8241],[-83.6311,37.8254],[-83.708,37.7165],[-83.7125,37.7202],[-83.7493,37.7152],[-83.7603,37.7024],[-83.7757,37.6967],[-83.7808,37.6878],[-83.8022,37.6777],[-83.8102,37.6676],[-83.8223,37.6654],[-83.8144,37.6447],[-83.8069,37.6425],[-83.8081,37.636],[-83.8186,37.6331],[-83.8325,37.6363],[-83.865,37.6169],[-83.8658,37.6123],[-83.8581,37.6092],[-83.9056,37.5429],[-83.9398,37.5732],[-83.9652,37.5814],[-84.045,37.5636],[-84.0904,37.5662],[-84.1269,37.6424],[-84.1071,37.6598],[-84.089,37.6675],[-84.1008,37.6786],[-84.0917,37.6899],[-84.092,37.7095],[-84.0959,37.711],[-84.0928,37.714],[-84.0992,37.719],[-84.0917,37.7244],[-84.0967,37.7351],[-84.0803,37.746],[-84.0896,37.7577],[-84.0819,37.7673],[-84.1066,37.7572],[-84.1403,37.7543],[-84.1503,37.7696],[-84.1622,37.7741],[-84.1628,37.7835],[-84.1553,37.7822],[-84.1486,37.788],[-84.158,37.7854],[-84.1611,37.79],[-84.1983,37.7943],[-84.2011,37.777],[-84.2145,37.7773],[-84.2451,37.7612],[-84.2583,37.767],[-84.2466,37.778],[-84.2689,37.7737],[-84.2717,37.7685],[-84.275,37.7705],[-84.2707,37.7746],[-84.2795,37.7771],[-84.284,37.7709]]]},"properties":{"geoid":"21089","state":"21","district":"89","name":"State House District 89","chamber":"House"}},{"type":"Feature","geometry":{"type":"Polygon","coordinates":[[[-84.1061,37.0358],[-84.0522,37.0495],[-84.0417,37.0454],[-84.0374,37.0526],[-83.9942,37.0592],[-83.9967,37.0624],[-83.989,37.0672],[-83.9905,37.0721],[-83.9805,37.0663],[-83.9754,37.0729],[-83.9614,37.0768],[-83.9527,37.0712],[-83.9594,37.0536],[-83.9417,37.0643],[-83.9328,37.0525],[-83.9242,37.0543],[-83.9201,37.0604],[-83.926,37.0737],[-83.9228,37.0838],[-83.9082,37.0875],[-83.9048,37.111],[-83.886,37.1189],[-83.881,37.114],[-83.8833,37.1093],[-83.8653,37.1039],[-83.8675,37.0965],[-83.8625,37.0917],[-83.8681,37.0829],[-83.8878,37.075],[-83.885,37.0623],[-83.8761,37.0626],[-83.8629,37.0515],[-83.8585,37.0545],[-83.8565,37.0425],[-83.8263,37.0403],[-83.8317,37.0312],[-83.8229,37.026],[-83.797,37.037],[-83.7745,37.0374],[-83.7803,37.023],[-83.7753,37.0153],[-83.7439,37.0268],[-83.7392,37.017],[-83.7324,37.0163],[-83.7344,37.0041],[-83.7215,37.0033],[-83.7198,36.9951],[-83.7105,36.9962],[-83.6923,36.9827],[-83.6749,36.9816],[-83.6701,36.9751],[-83.6607,36.9765],[-83.6414,36.9596],[-83.6161,36.9621],[-83.6078,36.9526],[-83.5909,36.9576],[-83.5211,36.9376],[-83.5091,36.9385],[-83.5112,36.9255],[-83.4923,36.9188],[-83.4891,36.912],[-83.5035,36.9058],[-83.5041,36.8982],[-83.4876,36.8931],[-83.4769,36.8966],[-83.4575,36.8832],[-83.4518,36.8922],[-83.4086,36.8902],[-83.3961,36.8991],[-83.4017,36.9079],[-83.3997,36.921],[-83.3899,36.9203],[-83.3846,36.9259],[-83.2917,36.9522],[-83.26,36.969],[-83.2394,36.9858],[-83.2259,37.0057],[-83.2033,37.0037],[-83.1979,37.0122],[-83.1858,37.0061],[-83.1816,37.0161],[-83.1869,37.0343],[-83.1785,37.0381],[-83.1824,37.0467],[-83.1746,37.0523],[-83.1808,37.0564],[-83.1777,37.0628],[-83.1666,37.0652],[-83.1644,37.0737],[-83.1767,37.081],[-83.1683,37.088],[-83.1713,37.0912],[-83.1672,37.1024],[-83.1824,37.107],[-83.1844,37.1123],[-83.1952,37.1093],[-83.2056,37.1291],[-83.2273,37.1368],[-83.2181,37.1451],[-83.2268,37.1508],[-83.2263,37.1556],[-83.2194,37.1602],[-83.2145,37.1576],[-83.2122,37.1649],[-83.2018,37.1668],[-83.2029,37.1757],[-83.2326,37.1845],[-83.2408,37.196],[-83.2493,37.1952],[-83.2527,37.2036],[-83.2632,37.2002],[-83.2768,37.2033],[-83.2871,37.2174],[-83.2989,37.2146],[-83.3109,37.2299],[-83.3246,37.2254],[-83.3254,37.231],[-83.3373,37.2368],[-83.3329,37.2444],[-83.3394,37.2504],[-83.336,37.2543],[-83.3444,37.2602],[-83.3359,37.2726],[-83.3453,37.2831],[-83.3537,37.2844],[-83.3535,37.298],[-83.3666,37.3005],[-83.3733,37.2956],[-83.3745,37.3054],[-83.3958,37.3097],[-83.3984,37.3206],[-83.4024,37.3141],[-83.4163,37.3118],[-83.4238,37.3022],[-83.4291,37.3033],[-83.4319,37.2903],[-83.439,37.2932],[-83.4426,37.2874],[-83.4544,37.2882],[-83.461,37.2938],[-83.4718,37.2912],[-83.4863,37.2749],[-83.4846,37.268],[-83.4763,37.2659],[-83.483,37.2631],[-83.4833,37.2519],[-83.4929,37.2495],[-83.5079,37.2359],[-83.5113,37.2551],[-83.5328,37.2564],[-83.5424,37.2683],[-83.5661,37.2654],[-83.5656,37.2757],[-83.5754,37.281],[-83.5741,37.2884],[-83.5831,37.2948],[-83.5973,37.2923],[-83.6093,37.3013],[-83.6088,37.3085],[-83.6166,37.3079],[-83.6162,37.3147],[-83.6224,37.3148],[-83.6238,37.3277],[-83.6333,37.3309],[-83.6343,37.3392],[-83.652,37.3503],[-83.6536,37.3581],[-83.6681,37.3552],[-83.6797,37.3369],[-83.785,37.3487],[-83.7838,37.3347],[-83.7921,37.3302],[-83.8217,37.3313],[-83.8632,37.3066],[-83.882,37.3069],[-83.8804,37.2946],[-83.8768,37.2947],[-83.8883,37.2857],[-83.8901,37.2745],[-83.8999,37.2668],[-83.8969,37.2622],[-83.9015,37.2538],[-83.9218,37.2618],[-83.9407,37.2586],[-83.9443,37.2515],[-83.9406,37.205],[-83.9514,37.2107],[-83.9533,37.2184],[-83.9727,37.2051],[-83.9827,37.2115],[-83.9967,37.1977],[-84.0012,37.2018],[-84.0087,37.1969],[-84.0172,37.2041],[-84.0275,37.1913],[-84.0527,37.1872],[-84.0622,37.1785],[-84.0645,37.1582],[-84.0736,37.1474],[-84.0798,37.1597],[-84.0907,37.1552],[-84.1043,37.1601],[-84.1026,37.1433],[-84.0752,37.1198],[-84.0659,37.0946],[-84.0842,37.0957],[-84.0884,37.0805],[-84.0762,37.0681],[-84.0843,37.0634],[-84.0993,37.0759],[-84.1061,37.0358]]]},"properties":{"geoid":"21090","state":"21","district":"90","name":"State House District 90","chamber":"House"}},{"type":"Feature","geometry":{"type":"Polygon","coordinates":[[[-84.3268,37.781],[-84.3193,37.7761],[-84.3206,37.763],[-84.3118,37.7512],[-84.2868,37.7442],[-84.2741,37.7333],[-84.2697,37.7179],[-84.2513,37.7186],[-84.2499,37.7297],[-84.2401,37.7277],[-84.249,37.7347],[-84.2488,37.7413],[-84.2669,37.7423],[-84.2687,37.7536],[-84.284,37.7709],[-84.2795,37.7771],[-84.2707,37.7746],[-84.275,37.7705],[-84.2717,37.7685],[-84.2689,37.7737],[-84.2466,37.778],[-84.2583,37.767],[-84.2452,37.7612],[-84.2145,37.7773],[-84.2011,37.777],[-84.1983,37.7943],[-84.1611,37.79],[-84.158,37.7854],[-84.1486,37.788],[-84.1553,37.7822],[-84.1628,37.7835],[-84.1622,37.7741],[-84.1503,37.7696],[-84.1403,37.7543],[-84.1066,37.7572],[-84.0819,37.7673],[-84.0896,37.7577],[-84.0803,37.746],[-84.0967,37.7351],[-84.0917,37.7244],[-84.0992,37.719],[-84.0928,37.714],[-84.0959,37.711],[-84.092,37.7095],[-84.0917,37.6899],[-84.1008,37.6786],[-84.089,37.6675],[-84.1071,37.6598],[-84.1269,37.6424],[-84.0904,37.5662],[-84.045,37.5636],[-83.9652,37.5814],[-83.9398,37.5732],[-83.9056,37.5429],[-83.8581,37.6092],[-83.8658,37.6123],[-83.865,37.6169],[-83.8325,37.6363],[-83.8186,37.6331],[-83.8081,37.636],[-83.8069,37.6425],[-83.8144,37.6447],[-83.8223,37.6654],[-83.8102,37.6676],[-83.8022,37.6777],[-83.7808,37.6878],[-83.7757,37.6967],[-83.7603,37.7024],[-83.7493,37.7152],[-83.7125,37.7202],[-83.708,37.7165],[-83.6311,37.8254],[-83.6432,37.8259],[-83.6508,37.8352],[-83.663,37.8347],[-83.6613,37.8399],[-83.6662,37.8459],[-83.6757,37.844],[-83.6674,37.8524],[-83.7562,37.8997],[-83.758,37.9158],[-83.7688,37.9184],[-83.782,37.9082],[-83.7996,37.9074],[-83.8145,37.9001],[-83.8283,37.9064],[-83.8327,37.9028],[-83.8414,37.9063],[-83.8526,37.9028],[-83.8625,37.9082],[-83.8768,37.9045],[-83.88,37.9136],[-83.8863,37.9165],[-83.9082,37.9167],[-83.9596,37.9339],[-83.9773,37.9294],[-83.976,37.9235],[-83.9856,37.925],[-83.9916,37.918],[-83.9917,37.9033],[-83.9858,37.9029],[-83.9983,37.8875],[-83.9966,37.8781],[-84.0067,37.8598],[-84.0146,37.8582],[-84.0197,37.8696],[-84.0274,37.8695],[-84.0219,37.8579],[-84.0083,37.8535],[-84.0136,37.8515],[-84.002,37.8378],[-84.0047,37.8337],[-84.0203,37.8349],[-84.0131,37.8404],[-84.0154,37.8429],[-84.0396,37.8337],[-84.0431,37.8416],[-84.0483,37.8373],[-84.0537,37.8471],[-84.059,37.8479],[-84.0574,37.8354],[-84.0723,37.8219],[-84.08,37.8442],[-84.077,37.8508],[-84.0885,37.8607],[-84.099,37.8596],[-84.1102,37.85],[-84.129,37.8675],[-84.1651,37.8613],[-84.172,37.8748],[-84.1878,37.8791],[-84.206,37.8695],[-84.2022,37.8655],[-84.2043,37.8545],[-84.2181,37.8566],[-84.2222,37.8121],[-84.2413,37.8151],[-84.2618,37.8102],[-84.259,37.7972],[-84.2625,37.7879],[-84.2816,37.7962],[-84.2826,37.7891],[-84.2966,37.7807],[-84.297,37.7728],[-84.3043,37.7719],[-84.3035,37.7648],[-84.3101,37.7644],[-84.314,37.7726],[-84.3082,37.7825],[-84.3142,37.7845],[-84.3102,37.7917],[-84.3196,37.7945],[-84.3268,37.781]]]},"properties":{"geoid":"21091","state":"21","district":"91","name":"State House District 91","chamber":"House"}},{"type":"Feature","geometry":{"type":"Polygon","coordinates":[[[-83.2706,37.7692],[-83.2431,37.7437],[-83.2425,37.7381],[-83.2516,37.7347],[-83.2528,37.725],[-83.2607,37.7259],[-83.2626,37.7201],[-83.2618,37.7084],[-83.2428,37.6981],[-83.2569,37.6869],[-83.2585,37.6799],[-83.2469,37.667],[-83.2369,37.6678],[-83.222,37.6502],[-83.2007,37.6442],[-83.1936,37.6478],[-83.1935,37.6426],[-83.1868,37.6397],[-83.1751,37.6435],[-83.1715,37.6418],[-83.1738,37.6383],[-83.1609,37.6355],[-83.1574,37.6292],[-83.1512,37.6316],[-83.1328,37.6061],[-83.12,37.6134],[-83.1144,37.6115],[-83.1006,37.6239],[-83.0943,37.6211],[-83.0898,37.6322],[-83.0839,37.6298],[-83.0825,37.622],[-83.0727,37.6189],[-83.072,37.6095],[-83.0666,37.6073],[-83.0629,37.6114],[-83.0578,37.6057],[-83.0574,37.5932],[-83.0432,37.5912],[-83.0389,37.5843],[-83.0274,37.5897],[-83.021,37.5829],[-83.0121,37.5837],[-83.0096,37.5764],[-83.018,37.568],[-83.013,37.5597],[-83.0181,37.5493],[-83.0011,37.5461],[-83.0004,37.5282],[-82.9505,37.5125],[-82.9548,37.5066],[-82.9485,37.5032],[-82.9733,37.4978],[-82.9852,37.5066],[-83.0027,37.5012],[-83.0139,37.5085],[-83.0313,37.5063],[-83.0472,37.526],[-83.0557,37.5204],[-83.065,37.5256],[-83.071,37.5168],[-83.0888,37.5227],[-83.0953,37.5164],[-83.093,37.4983],[-83.1347,37.4572],[-83.1099,37.3362],[-83.1173,37.3282],[-83.1106,37.3252],[-83.1166,37.3086],[-83.1099,37.3026],[-83.1231,37.2879],[-83.1194,37.2834],[-83.1244,37.2805],[-83.1272,37.2684],[-83.1204,37.2469],[-83.1268,37.236],[-83.1162,37.2407],[-83.1006,37.2357],[-83.083,37.2428],[-83.0825,37.2477],[-83.0704,37.2485],[-83.0663,37.2446],[-83.0674,37.2313],[-83.0541,37.2156],[-83.035,37.2176],[-83.0295,37.2083],[-83.0062,37.2058],[-82.9953,37.1908],[-82.9845,37.1877],[-82.9849,37.1775],[-82.9794,37.1724],[-82.9632,37.1817],[-82.9572,37.191],[-82.9423,37.1906],[-82.9318,37.2027],[-82.9208,37.2],[-82.9063,37.2119],[-82.892,37.2134],[-82.8906,37.2239],[-82.8756,37.2318],[-82.8747,37.2421],[-82.8684,37.2477],[-82.8325,37.2588],[-82.8199,37.2687],[-82.8145,37.2649],[-82.8083,37.2674],[-82.8019,37.2612],[-82.7903,37.2652],[-82.7879,37.2612],[-82.7748,37.2662],[-82.7656,37.2634],[-82.7574,37.2697],[-82.7472,37.2659],[-82.7396,37.2734],[-82.7327,37.2715],[-82.7235,37.264],[-82.7241,37.2567],[-82.702,37.2583],[-82.6988,37.2497],[-82.7052,37.2428],[-82.6912,37.2412],[-82.6945,37.2342],[-82.6821,37.228],[-82.6715,37.2274],[-82.6645,37.2353],[-82.6539,37.2356],[-82.6346,37.2485],[-82.6048,37.2303],[-82.589,37.2328],[-82.5861,37.2342],[-82.597,37.2488],[-82.5882,37.2665],[-82.6011,37.2778],[-82.5968,37.2915],[-82.5854,37.2939],[-82.5793,37.2895],[-82.5672,37.2998],[-82.5591,37.2922],[-82.5401,37.2932],[-82.5402,37.2883],[-82.5263,37.2879],[-82.5153,37.2799],[-82.5026,37.2872],[-82.4904,37.279],[-82.48,37.2866],[-82.482,37.2924],[-82.4746,37.3006],[-82.4398,37.2975],[-82.4297,37.3037],[-82.4274,37.3109],[-82.4196,37.3115],[-82.4151,37.3162],[-82.4176,37.3241],[-82.4088,37.3301],[-82.4145,37.3383],[-82.4102,37.3442],[-82.394,37.3533],[-82.3934,37.3602],[-82.3843,37.3609],[-82.379,37.3704],[-82.3689,37.3734],[-82.3677,37.3807],[-82.36,37.3866],[-82.3478,37.3886],[-82.3373,37.3798],[-82.3196,37.3912],[-82.3161,37.4017],[-82.3196,37.4077],[-82.3264,37.3987],[-82.3371,37.4035],[-82.3355,37.4141],[-82.3492,37.4072],[-82.3505,37.4178],[-82.3625,37.4195],[-82.3716,37.4311],[-82.3809,37.4213],[-82.3854,37.4279],[-82.3919,37.4266],[-82.3921,37.418],[-82.3966,37.4164],[-82.4053,37.4234],[-82.4061,37.4337],[-82.4167,37.4334],[-82.4011,37.4491],[-82.3981,37.4675],[-82.391,37.4651],[-82.3782,37.4734],[-82.3886,37.4878],[-82.3849,37.4932],[-82.3983,37.4968],[-82.3916,37.5057],[-82.3935,37.5147],[-82.4058,37.5176],[-82.414,37.5315],[-82.4425,37.5254],[-82.464,37.5527],[-82.4837,37.5528],[-82.487,37.5497],[-82.4801,37.5453],[-82.4814,37.5389],[-82.4945,37.5335],[-82.5019,37.5228],[-82.4941,37.5119],[-82.4842,37.5102],[-82.491,37.4921],[-82.5058,37.4886],[-82.5204,37.474],[-82.5364,37.4727],[-82.5342,37.4662],[-82.5181,37.4601],[-82.5266,37.4501],[-82.5272,37.4433],[-82.5209,37.4412],[-82.525,37.4283],[-82.5337,37.4206],[-82.5387,37.4323],[-82.5369,37.4447],[-82.528,37.4532],[-82.5313,37.4596],[-82.5384,37.4571],[-82.5545,37.4698],[-82.5871,37.4731],[-82.5886,37.4463],[-82.5928,37.4395],[-82.6019,37.4373],[-82.5995,37.4295],[-82.6066,37.4208],[-82.6046,37.4103],[-82.6123,37.4089],[-82.612,37.4004],[-82.6218,37.3938],[-82.619,37.3864],[-82.6333,37.3792],[-82.6538,37.3803],[-82.6663,37.3699],[-82.6638,37.3607],[-82.6471,37.3534],[-82.6633,37.3425],[-82.6609,37.3367],[-82.671,37.3196],[-82.6724,37.3067],[-82.6937,37.3061],[-82.7006,37.2998],[-82.7004,37.2901],[-82.7108,37.2853],[-82.7257,37.2888],[-82.7268,37.3048],[-82.7397,37.302],[-82.7537,37.3098],[-82.7481,37.3169],[-82.7549,37.3269],[-82.7522,37.337],[-82.7643,37.3524],[-82.7634,37.3609],[-82.7523,37.3709],[-82.7565,37.3852],[-82.7515,37.3997],[-82.7615,37.4099],[-82.7558,37.4138],[-82.7641,37.4201],[-82.7628,37.4253],[-82.777,37.4243],[-82.7872,37.4287],[-82.7954,37.4261],[-82.7969,37.4177],[-82.8105,37.4115],[-82.8215,37.4155],[-82.8309,37.4122],[-82.8372,37.4234],[-82.8315,37.4364],[-82.8254,37.4387],[-82.8315,37.467],[-82.9278,37.4809],[-82.9213,37.4907],[-82.9092,37.4916],[-82.9106,37.4995],[-82.896,37.5091],[-82.8926,37.5323],[-82.8789,37.5361],[-82.879,37.5404],[-82.8899,37.5438],[-82.8854,37.5493],[-82.8906,37.5547],[-82.8889,37.5648],[-82.8971,37.5677],[-82.9021,37.5769],[-82.8965,37.5883],[-82.904,37.5945],[-82.9063,37.6062],[-82.9058,37.6189],[-82.9003,37.6212],[-82.9067,37.631],[-82.903,37.641],[-82.9126,37.6438],[-82.9089,37.6492],[-82.9117,37.6532],[-82.9278,37.6565],[-82.9459,37.6779],[-82.9408,37.7163],[-82.9483,37.7199],[-82.9506,37.7947],[-82.9877,37.8141],[-82.9868,37.8298],[-82.9814,37.835],[-82.9864,37.8385],[-82.9841,37.8415],[-83.0046,37.8592],[-83.0242,37.8655],[-83.0224,37.8751],[-83.0328,37.8853],[-83.0443,37.8787],[-83.0425,37.8723],[-83.0568,37.8701],[-83.0666,37.8713],[-83.0746,37.8836],[-83.0887,37.8901],[-83.1293,37.8944],[-83.1133,37.8641],[-83.1739,37.8319],[-83.1817,37.8195],[-83.2078,37.8191],[-83.2255,37.7965],[-83.2248,37.7901],[-83.2332,37.7922],[-83.2475,37.7854],[-83.2501,37.7788],[-83.2642,37.7695],[-83.2706,37.7692]]]},"properties":{"geoid":"21092","state":"21","district":"92","name":"State House District 92","chamber":"House"}},{"type":"Feature","geometry":{"type":"Polygon","coordinates":[[[-84.5345,37.9668],[-84.5096,37.9598],[-84.5075,37.9634],[-84.5037,37.9599],[-84.504,37.968],[-84.4984,37.9695],[-84.4945,37.9627],[-84.4883,37.968],[-84.476,37.9666],[-84.4873,37.9546],[-84.472,37.9225],[-84.45,37.9424],[-84.4562,37.9518],[-84.4446,37.9741],[-84.4597,37.9814],[-84.4595,37.9924],[-84.4635,37.9886],[-84.4719,37.9912],[-84.4657,37.9956],[-84.4736,37.999],[-84.482,37.9931],[-84.4933,37.9972],[-84.4982,37.9786],[-84.5104,37.982],[-84.5108,37.9903],[-84.5238,37.9912],[-84.5345,37.9668]]]},"properties":{"geoid":"21093","state":"21","district":"93","name":"State House District 93","chamber":"House"}},{"type":"Feature","geometry":{"type":"Polygon","coordinates":[[[-83.497,36.8836],[-83.4939,36.8635],[-83.4817,36.8491],[-83.4907,36.8367],[-83.4281,36.8671],[-83.4101,36.8683],[-83.4015,36.8374],[-83.3878,36.8334],[-83.3787,36.822],[-83.3767,36.8005],[-83.3721,36.7979],[-83.359,36.8083],[-83.3545,36.8278],[-83.3445,36.8424],[-83.3326,36.8465],[-83.3225,36.8593],[-83.3044,36.8623],[-83.2887,36.8744],[-83.2746,36.8686],[-83.2454,36.8813],[-83.2221,36.8825],[-83.1769,36.9043],[-83.1667,36.9019],[-83.1636,36.9077],[-83.1276,36.9232],[-83.1288,36.9175],[-83.1248,36.9157],[-83.1185,36.9264],[-83.0989,36.9325],[-83.0931,36.9275],[-83.0511,36.9453],[-83.0321,36.9443],[-83.0282,36.9507],[-83.0088,36.9598],[-83.014,36.9716],[-82.9912,36.9755],[-83.0012,36.9944],[-82.9667,36.9999],[-82.9395,37.0155],[-82.8692,36.9742],[-82.8629,36.9802],[-82.857,36.9788],[-82.8536,36.9853],[-82.8373,36.9873],[-82.8302,36.9944],[-82.8287,37.0058],[-82.7823,37.0081],[-82.7595,37.0273],[-82.7479,37.0244],[-82.7428,37.0428],[-82.7224,37.0451],[-82.7267,37.073],[-82.7167,37.0774],[-82.725,37.0918],[-82.7217,37.101],[-82.7267,37.1148],[-82.7214,37.1208],[-82.6829,37.137],[-82.6767,37.1349],[-82.6567,37.1447],[-82.6533,37.1512],[-82.6334,37.1544],[-82.5923,37.183],[-82.5508,37.2045],[-82.5329,37.2067],[-82.5304,37.2132],[-82.5209,37.2122],[-82.4988,37.227],[-82.4915,37.225],[-82.4866,37.2312],[-82.4397,37.2471],[-82.349,37.268],[-82.3421,37.274],[-82.3438,37.2807],[-82.3247,37.283],[-82.3158,37.295],[-81.9651,37.5434],[-81.9732,37.5466],[-81.9941,37.5377],[-81.9982,37.5433],[-82.0112,37.5329],[-82.0185,37.5404],[-82.0296,37.5378],[-82.0423,37.5482],[-82.0462,37.5279],[-82.0503,37.5354],[-82.0648,37.5372],[-82.0639,37.5431],[-82.0752,37.5559],[-82.104,37.5529],[-82.1048,37.5602],[-82.118,37.559],[-82.1234,37.5515],[-82.1332,37.5528],[-82.1344,37.5629],[-82.1449,37.5677],[-82.1262,37.5737],[-82.1273,37.5865],[-82.1399,37.595],[-82.1484,37.5907],[-82.1569,37.5927],[-82.1567,37.609],[-82.1688,37.6091],[-82.1642,37.6203],[-82.1767,37.6182],[-82.1812,37.6215],[-82.1817,37.6271],[-82.1724,37.6326],[-82.1776,37.6408],[-82.1751,37.6478],[-82.1911,37.6446],[-82.1872,37.627],[-82.2145,37.6254],[-82.2205,37.6348],[-82.2168,37.6416],[-82.2361,37.6596],[-82.2581,37.6569],[-82.2825,37.6759],[-82.2879,37.6681],[-82.294,37.6699],[-82.2972,37.6779],[-82.3022,37.6757],[-82.2981,37.6556],[-82.2922,37.6511],[-82.2961,37.6449],[-82.3051,37.6445],[-82.3056,37.6311],[-82.318,37.6269],[-82.3169,37.624],[-82.3099,37.6127],[-82.2959,37.6112],[-82.2944,37.6032],[-82.2652,37.6056],[-82.2559,37.591],[-82.2598,37.5834],[-82.2702,37.5788],[-82.2891,37.5503],[-82.3033,37.5421],[-82.3,37.5309],[-82.3034,37.5239],[-82.2769,37.5104],[-82.2672,37.5162],[-82.2603,37.51],[-82.2545,37.5132],[-82.2369,37.5032],[-82.2268,37.5029],[-82.2354,37.4829],[-82.228,37.4832],[-82.2255,37.4709],[-82.2344,37.4689],[-82.247,37.4565],[-82.2529,37.4603],[-82.2579,37.4549],[-82.2778,37.4498],[-82.2784,37.4411],[-82.2958,37.4224],[-82.2893,37.4059],[-82.3017,37.4118],[-82.3031,37.4197],[-82.3099,37.4199],[-82.3102,37.4104],[-82.3196,37.4077],[-82.3161,37.4017],[-82.3235,37.3869],[-82.3373,37.3798],[-82.3478,37.3886],[-82.36,37.3866],[-82.3843,37.3609],[-82.3934,37.3602],[-82.394,37.3533],[-82.4145,37.3383],[-82.4088,37.3301],[-82.4183,37.3227],[-82.4151,37.3162],[-82.4274,37.3109],[-82.4368,37.2986],[-82.4746,37.3006],[-82.482,37.2924],[-82.48,37.2866],[-82.4904,37.279],[-82.5026,37.2872],[-82.5153,37.2799],[-82.5263,37.2879],[-82.5402,37.2883],[-82.5401,37.2932],[-82.5591,37.2922],[-82.5672,37.2998],[-82.5793,37.2895],[-82.5908,37.2945],[-82.5987,37.2892],[-82.6013,37.279],[-82.5882,37.2665],[-82.597,37.2488],[-82.5861,37.2342],[-82.6013,37.2337],[-82.6021,37.2297],[-82.6346,37.2485],[-82.6539,37.2356],[-82.6645,37.2353],[-82.6715,37.2274],[-82.6821,37.228],[-82.6945,37.2342],[-82.6912,37.2412],[-82.7052,37.2428],[-82.6988,37.2497],[-82.7021,37.2583],[-82.7241,37.2567],[-82.7235,37.264],[-82.7395,37.2734],[-82.7472,37.2659],[-82.7574,37.2697],[-82.7656,37.2634],[-82.7748,37.2662],[-82.7879,37.2612],[-82.7903,37.2652],[-82.8019,37.2612],[-82.8083,37.2674],[-82.8219,37.2682],[-82.8325,37.2588],[-82.8684,37.2477],[-82.8747,37.2421],[-82.8756,37.2318],[-82.8906,37.2239],[-82.892,37.2134],[-82.9063,37.2119],[-82.9208,37.2],[-82.9318,37.2027],[-82.9423,37.1906],[-82.9572,37.191],[-82.9632,37.1817],[-82.9792,37.1724],[-82.9849,37.1775],[-82.9845,37.1877],[-82.9953,37.1908],[-82.9983,37.1963],[-83.0285,37.1696],[-83.0374,37.1653],[-83.0489,37.1694],[-83.0356,37.1572],[-83.0614,37.1176],[-83.0548,37.1039],[-83.0469,37.1026],[-83.0517,37.0962],[-83.0403,37.0787],[-83.0469,37.0693],[-83.0427,37.0622],[-83.0486,37.0586],[-83.0576,37.0621],[-83.062,37.0518],[-83.0735,37.0473],[-83.0719,37.0423],[-83.0521,37.035],[-83.0495,37.0296],[-83.0581,37.0252],[-83.0542,37.0189],[-83.0583,37.0154],[-83.0733,37.0119],[-83.085,37.0019],[-83.1096,36.9918],[-83.1242,37.0057],[-83.137,37.0041],[-83.1442,37.0137],[-83.1601,37.0139],[-83.1608,37.0207],[-83.1738,37.0171],[-83.182,37.0212],[-83.1858,37.0061],[-83.1979,37.0122],[-83.2033,37.0037],[-83.2259,37.0057],[-83.2394,36.9858],[-83.26,36.969],[-83.2917,36.9522],[-83.3846,36.9259],[-83.3899,36.9203],[-83.3997,36.921],[-83.4017,36.9079],[-83.3961,36.8991],[-83.4086,36.8902],[-83.4518,36.8922],[-83.4575,36.8832],[-83.4769,36.8966],[-83.4929,36.8937],[-83.497,36.8836]]]},"properties":{"geoid":"21094","state":"21","district":"94","name":"State House District 94","chamber":"House"}},{"type":"Feature","geometry":{"type":"Polygon","coordinates":[[[-82.946,37.6789],[-82.9422,37.6691],[-82.9276,37.6564],[-82.9117,37.6532],[-82.9089,37.6492],[-82.9126,37.6438],[-82.903,37.641],[-82.9067,37.631],[-82.9003,37.6212],[-82.9058,37.6189],[-82.9063,37.6062],[-82.904,37.5945],[-82.8965,37.5883],[-82.9021,37.5769],[-82.8971,37.5677],[-82.8889,37.5648],[-82.8906,37.5547],[-82.8854,37.5493],[-82.8899,37.5438],[-82.8786,37.5392],[-82.8796,37.5349],[-82.8926,37.5323],[-82.8916,37.5191],[-82.8973,37.5149],[-82.8962,37.5089],[-82.9106,37.4995],[-82.9091,37.4918],[-82.9213,37.4907],[-82.9278,37.4809],[-82.8315,37.467],[-82.8254,37.4387],[-82.8315,37.4364],[-82.8372,37.4234],[-82.8309,37.4122],[-82.8215,37.4155],[-82.8105,37.4115],[-82.7969,37.4177],[-82.7954,37.4261],[-82.7872,37.4287],[-82.777,37.4243],[-82.7628,37.4253],[-82.7641,37.4201],[-82.7558,37.4138],[-82.7615,37.4099],[-82.7515,37.3997],[-82.7565,37.3852],[-82.7523,37.3709],[-82.7634,37.3609],[-82.7643,37.3524],[-82.7522,37.337],[-82.7549,37.3269],[-82.7481,37.3169],[-82.7537,37.3098],[-82.7397,37.302],[-82.7268,37.3048],[-82.7257,37.2888],[-82.7108,37.2853],[-82.7004,37.2901],[-82.7006,37.2998],[-82.6937,37.3061],[-82.6724,37.3067],[-82.671,37.3196],[-82.6609,37.3367],[-82.6633,37.3425],[-82.6471,37.3534],[-82.6638,37.3607],[-82.6663,37.3699],[-82.6538,37.3803],[-82.6333,37.3792],[-82.619,37.3864],[-82.6218,37.3938],[-82.612,37.4004],[-82.6123,37.4089],[-82.6046,37.4103],[-82.6066,37.4208],[-82.5995,37.4295],[-82.6019,37.4373],[-82.5928,37.4395],[-82.5886,37.4463],[-82.5871,37.4731],[-82.5545,37.4698],[-82.5384,37.4571],[-82.5313,37.4596],[-82.528,37.4532],[-82.5369,37.4447],[-82.5387,37.4323],[-82.5327,37.4209],[-82.5209,37.4412],[-82.5272,37.4433],[-82.5262,37.4514],[-82.5179,37.4593],[-82.5208,37.4641],[-82.5347,37.4666],[-82.5364,37.4727],[-82.5224,37.4731],[-82.5058,37.4886],[-82.4925,37.4908],[-82.4893,37.5039],[-82.4842,37.5074],[-82.4857,37.512],[-82.4941,37.5119],[-82.5019,37.5228],[-82.4944,37.5335],[-82.5092,37.5525],[-82.5265,37.5515],[-82.5515,37.5636],[-82.566,37.5564],[-82.5705,37.5632],[-82.5637,37.5674],[-82.5773,37.5723],[-82.5661,37.5948],[-82.5619,37.5952],[-82.5857,37.6053],[-82.579,37.619],[-82.594,37.6276],[-82.5899,37.6321],[-82.5912,37.6409],[-82.6057,37.649],[-82.6014,37.6589],[-82.613,37.661],[-82.6152,37.668],[-82.6097,37.6742],[-82.6008,37.6736],[-82.5872,37.6819],[-82.5834,37.6772],[-82.5672,37.68],[-82.5648,37.689],[-82.5755,37.688],[-82.5766,37.6945],[-82.5896,37.6923],[-82.6008,37.7018],[-82.6151,37.7068],[-82.6215,37.7047],[-82.6441,37.7242],[-82.6733,37.7254],[-82.6874,37.7297],[-82.685,37.7353],[-82.7083,37.7395],[-82.7235,37.7492],[-82.7391,37.7438],[-82.738,37.7472],[-82.7471,37.7482],[-82.7522,37.7562],[-82.7547,37.7516],[-82.7632,37.7562],[-82.7671,37.7418],[-82.7857,37.7461],[-82.8452,37.7296],[-82.8678,37.7308],[-82.8755,37.7198],[-82.9008,37.7032],[-82.9083,37.7126],[-82.9154,37.71],[-82.9272,37.7194],[-82.94,37.7171],[-82.946,37.6789]]]},"properties":{"geoid":"21095","state":"21","district":"95","name":"State House District 95","chamber":"House"}},{"type":"Feature","geometry":{"type":"Polygon","coordinates":[[[-83.6447,38.6369],[-83.6246,38.6114],[-83.6417,38.525],[-83.6366,38.5178],[-83.6323,38.522],[-83.6264,38.52],[-83.6311,38.5156],[-83.6262,38.5111],[-83.6323,38.5075],[-83.6118,38.502],[-83.6033,38.5055],[-83.6057,38.5001],[-83.5988,38.5017],[-83.6013,38.4959],[-83.5939,38.4945],[-83.5972,38.491],[-83.5909,38.4903],[-83.5931,38.4861],[-83.585,38.4822],[-83.5896,38.4741],[-83.5826,38.4714],[-83.5852,38.469],[-83.5768,38.4572],[-83.5794,38.4528],[-83.5748,38.4445],[-83.5827,38.4324],[-83.5523,38.4199],[-83.5274,38.4178],[-83.5288,38.4123],[-83.5235,38.4087],[-83.5129,38.415],[-83.5126,38.4105],[-83.5055,38.411],[-83.4979,38.4016],[-83.4857,38.4051],[-83.474,38.3969],[-83.4666,38.3989],[-83.4555,38.3812],[-83.4465,38.3806],[-83.444,38.3872],[-83.4274,38.3882],[-83.4167,38.3963],[-83.4007,38.3899],[-83.4001,38.3751],[-83.3924,38.3666],[-83.3784,38.3627],[-83.3774,38.3534],[-83.3637,38.3429],[-83.3641,38.3283],[-83.3577,38.3276],[-83.356,38.3217],[-83.3414,38.3196],[-83.3318,38.3033],[-83.3348,38.2995],[-83.3262,38.2904],[-83.3349,38.2866],[-83.3166,38.2681],[-83.3189,38.2605],[-83.3079,38.2524],[-83.3127,38.2438],[-83.3064,38.2345],[-83.307,38.2256],[-83.2972,38.2179],[-83.3011,38.2097],[-83.2877,38.2155],[-83.2865,38.206],[-83.2759,38.2042],[-83.2742,38.1955],[-83.2663,38.1915],[-83.2329,38.1934],[-83.2209,38.2097],[-83.2232,38.2215],[-83.2168,38.2298],[-83.2182,38.2371],[-83.2027,38.2456],[-83.2025,38.2504],[-83.1859,38.2526],[-83.1851,38.2594],[-83.1776,38.2611],[-83.1778,38.267],[-83.159,38.2645],[-83.1195,38.2333],[-83.108,38.2349],[-83.1017,38.2261],[-83.0921,38.228],[-83.0839,38.2229],[-83.0758,38.2064],[-83.0599,38.1914],[-83.054,38.191],[-83.0558,38.1845],[-83.0511,38.1791],[-83.0479,38.193],[-83.0403,38.1994],[-83.0271,38.1955],[-83.0115,38.2058],[-83.0092,38.1936],[-82.9896,38.1901],[-82.9894,38.1793],[-82.9757,38.172],[-82.957,38.1746],[-82.9448,38.1683],[-82.8975,38.1828],[-82.8838,38.196],[-82.8536,38.1902],[-82.814,38.2173],[-82.8123,38.22],[-82.8241,38.2293],[-82.8115,38.2381],[-82.7866,38.2448],[-82.7858,38.2395],[-82.7766,38.2407],[-82.7663,38.2351],[-82.7565,38.2392],[-82.7389,38.237],[-82.7352,38.2426],[-82.7239,38.2436],[-82.7215,38.2498],[-82.7049,38.2534],[-82.6995,38.262],[-82.7048,38.2937],[-82.7129,38.3034],[-82.716,38.3185],[-82.7146,38.3383],[-82.6972,38.3478],[-82.699,38.3693],[-82.6581,38.3824],[-82.6646,38.3884],[-82.6629,38.3985],[-82.6548,38.3994],[-82.6607,38.4061],[-82.7046,38.4185],[-82.7149,38.4078],[-82.7027,38.3888],[-82.7416,38.3896],[-82.7475,38.384],[-82.7486,38.3913],[-82.7602,38.395],[-82.757,38.4334],[-82.7656,38.43],[-82.7703,38.4329],[-82.7771,38.4218],[-82.7738,38.4183],[-82.7883,38.4129],[-82.7888,38.4047],[-82.8097,38.3944],[-82.8088,38.3871],[-82.8175,38.3739],[-82.9127,38.3989],[-82.9292,38.397],[-82.9389,38.4019],[-82.9706,38.3937],[-82.9727,38.3988],[-82.984,38.4018],[-82.9878,38.4109],[-83.002,38.4109],[-83.0014,38.4202],[-83.052,38.4655],[-83.0666,38.4661],[-83.0894,38.4805],[-83.1073,38.4805],[-83.1383,38.4974],[-83.1674,38.5044],[-83.1566,38.5193],[-83.1498,38.5192],[-83.1455,38.5312],[-83.1162,38.5393],[-83.1027,38.5534],[-83.0993,38.5692],[-83.0938,38.5693],[-83.0819,38.588],[-83.0737,38.5902],[-83.071,38.5952],[-83.081,38.612],[-83.0695,38.6208],[-83.0738,38.6328],[-83.0519,38.641],[-83.0508,38.6637],[-83.0383,38.6653],[-83.0383,38.674],[-83.0241,38.6827],[-83.0316,38.6847],[-83.0292,38.6874],[-83.0381,38.6994],[-83.0282,38.7216],[-83.0309,38.7256],[-83.054,38.6951],[-83.1124,38.6716],[-83.1348,38.632],[-83.151,38.62],[-83.2044,38.6168],[-83.2457,38.6286],[-83.2643,38.6214],[-83.2932,38.5967],[-83.3166,38.608],[-83.3277,38.6378],[-83.3628,38.6572],[-83.4677,38.6753],[-83.4936,38.6945],[-83.5209,38.7031],[-83.6255,38.6789],[-83.6365,38.6673],[-83.6447,38.6369]]]},"properties":{"geoid":"21096","state":"21","district":"96","name":"State House District 96","chamber":"House"}},{"type":"Feature","geometry":{"type":"Polygon","coordinates":[[[-83.0043,37.8597],[-82.9814,37.8352],[-82.9868,37.8298],[-82.9877,37.8141],[-82.9506,37.7947],[-82.9483,37.7199],[-82.9408,37.7163],[-82.9272,37.7194],[-82.9154,37.71],[-82.9083,37.7126],[-82.9008,37.7032],[-82.8755,37.7198],[-82.8678,37.7308],[-82.8452,37.7296],[-82.7857,37.7461],[-82.7671,37.7418],[-82.7633,37.7561],[-82.7547,37.7516],[-82.7524,37.7562],[-82.7471,37.7482],[-82.738,37.7472],[-82.7393,37.7439],[-82.7235,37.7492],[-82.7083,37.7395],[-82.685,37.7353],[-82.6872,37.7296],[-82.6441,37.7242],[-82.6216,37.7047],[-82.6151,37.7068],[-82.6008,37.7018],[-82.5899,37.6924],[-82.5767,37.6946],[-82.5755,37.688],[-82.5648,37.689],[-82.5672,37.68],[-82.5834,37.6772],[-82.5872,37.6819],[-82.6008,37.6736],[-82.6097,37.6742],[-82.6152,37.668],[-82.613,37.661],[-82.6014,37.6589],[-82.6057,37.649],[-82.5912,37.6409],[-82.5899,37.6321],[-82.594,37.6276],[-82.579,37.619],[-82.5857,37.6053],[-82.5619,37.5952],[-82.5661,37.5948],[-82.5768,37.5713],[-82.5637,37.5674],[-82.5705,37.5632],[-82.566,37.5564],[-82.5515,37.5636],[-82.5265,37.5515],[-82.5092,37.5525],[-82.4944,37.5335],[-82.4814,37.5389],[-82.4801,37.5453],[-82.487,37.5497],[-82.4844,37.5523],[-82.464,37.5527],[-82.4425,37.5254],[-82.414,37.5315],[-82.4058,37.5176],[-82.3935,37.5147],[-82.3916,37.5057],[-82.3983,37.4968],[-82.3849,37.4932],[-82.3886,37.4878],[-82.3782,37.4734],[-82.391,37.4651],[-82.3981,37.4675],[-82.4011,37.4491],[-82.4167,37.4334],[-82.4061,37.4337],[-82.4009,37.4181],[-82.3921,37.418],[-82.3886,37.428],[-82.3781,37.4222],[-82.3723,37.4312],[-82.3625,37.4195],[-82.3505,37.4178],[-82.3492,37.4072],[-82.3355,37.4141],[-82.3371,37.4035],[-82.3264,37.3987],[-82.3221,37.4],[-82.3216,37.4069],[-82.3102,37.4104],[-82.3092,37.4202],[-82.3031,37.4197],[-82.3017,37.4118],[-82.2893,37.4059],[-82.2958,37.4224],[-82.2784,37.4411],[-82.2778,37.4498],[-82.2579,37.4549],[-82.2529,37.4603],[-82.247,37.4565],[-82.2344,37.4689],[-82.2255,37.4709],[-82.228,37.4832],[-82.2354,37.4829],[-82.2268,37.5029],[-82.2369,37.5032],[-82.2545,37.5132],[-82.2603,37.51],[-82.2672,37.5162],[-82.2769,37.5104],[-82.3034,37.5239],[-82.3,37.5309],[-82.3033,37.5421],[-82.2891,37.5503],[-82.2702,37.5788],[-82.2598,37.5834],[-82.2559,37.591],[-82.2663,37.606],[-82.2944,37.6032],[-82.2959,37.6112],[-82.3099,37.6127],[-82.318,37.6269],[-82.3056,37.6311],[-82.3051,37.6445],[-82.2961,37.6449],[-82.2922,37.6511],[-82.2981,37.6556],[-82.299,37.671],[-82.3045,37.6765],[-82.2959,37.6862],[-82.3029,37.6936],[-82.2964,37.7022],[-82.3077,37.708],[-82.3189,37.7337],[-82.3341,37.7423],[-82.3104,37.7627],[-82.3334,37.7644],[-82.3239,37.775],[-82.3375,37.7749],[-82.3401,37.7856],[-82.3766,37.8022],[-82.3861,37.8179],[-82.4013,37.8095],[-82.3993,37.8295],[-82.4129,37.8448],[-82.4205,37.8464],[-82.4147,37.856],[-82.4247,37.8619],[-82.4078,37.868],[-82.4176,37.8703],[-82.4205,37.8854],[-82.463,37.9148],[-82.4682,37.9135],[-82.4706,37.8998],[-82.4748,37.9002],[-82.4756,37.9118],[-82.4883,37.9177],[-82.4807,37.9262],[-82.4959,37.927],[-82.5024,37.9335],[-82.4893,37.9382],[-82.4978,37.9455],[-82.5349,37.9628],[-82.5423,37.9568],[-82.5552,37.9595],[-82.5659,37.9522],[-82.5668,37.9561],[-82.5809,37.9541],[-82.581,37.9307],[-82.5905,37.9314],[-82.5937,37.9221],[-82.6025,37.9194],[-82.5987,37.916],[-82.6013,37.9123],[-82.5942,37.9086],[-82.5989,37.9038],[-82.5956,37.8907],[-82.6092,37.8876],[-82.6124,37.8793],[-82.6769,37.8923],[-82.7335,37.9151],[-82.8316,37.9679],[-82.952,38.0003],[-82.9707,37.991],[-82.9814,37.9698],[-82.9889,37.9662],[-82.9874,37.9556],[-82.9805,37.9484],[-82.9851,37.9428],[-82.9771,37.9392],[-82.9684,37.924],[-82.9732,37.9142],[-82.9615,37.9128],[-82.9614,37.8938],[-82.9696,37.8979],[-82.977,37.8933],[-82.9866,37.8984],[-82.9839,37.8757],[-82.9892,37.8696],[-82.9973,37.8698],[-83.0043,37.8597]]]},"properties":{"geoid":"21097","state":"21","district":"97","name":"State House District 97","chamber":"House"}},{"type":"Feature","geometry":{"type":"Polygon","coordinates":[[[-83.1676,38.5087],[-83.1674,38.5044],[-83.1383,38.4974],[-83.1211,38.4856],[-83.1053,38.48],[-83.0968,38.4832],[-83.0666,38.4661],[-83.052,38.4655],[-83.0014,38.4202],[-83.002,38.4109],[-82.9878,38.4109],[-82.984,38.4018],[-82.9727,38.3988],[-82.9706,38.3937],[-82.9389,38.4019],[-82.9292,38.397],[-82.9127,38.3989],[-82.8175,38.3739],[-82.8088,38.3871],[-82.8097,38.3944],[-82.7888,38.4047],[-82.7883,38.4129],[-82.7772,38.4149],[-82.769,38.4337],[-82.7656,38.43],[-82.738,38.4347],[-82.74,38.4282],[-82.7279,38.4231],[-82.7264,38.4167],[-82.7204,38.4297],[-82.7236,38.4316],[-82.7135,38.4475],[-82.7072,38.4403],[-82.6884,38.4475],[-82.681,38.444],[-82.6492,38.4726],[-82.6659,38.4894],[-82.6672,38.4945],[-82.661,38.5009],[-82.6983,38.5438],[-82.7279,38.5589],[-82.7959,38.5618],[-82.8212,38.5734],[-82.8443,38.591],[-82.8545,38.6138],[-82.8602,38.6622],[-82.8775,38.6895],[-82.8699,38.7273],[-82.8718,38.7394],[-82.8795,38.7513],[-82.8921,38.7564],[-82.9347,38.7467],[-82.9715,38.7272],[-83.0088,38.73],[-83.0308,38.7257],[-83.0282,38.7216],[-83.0381,38.6994],[-83.0292,38.6874],[-83.0316,38.6847],[-83.0241,38.6827],[-83.0383,38.674],[-83.0383,38.6653],[-83.0508,38.6637],[-83.0519,38.641],[-83.0738,38.6328],[-83.0695,38.6208],[-83.081,38.612],[-83.071,38.5952],[-83.0737,38.5902],[-83.0819,38.588],[-83.0938,38.5693],[-83.0993,38.5692],[-83.1027,38.5534],[-83.1164,38.539],[-83.1297,38.5336],[-83.1388,38.5355],[-83.1467,38.5302],[-83.1498,38.5192],[-83.1566,38.5193],[-83.1608,38.5097],[-83.1676,38.5087]]]},"properties":{"geoid":"21098","state":"21","district":"98","name":"State House District 98","chamber":"House"}},{"type":"Feature","geometry":{"type":"Polygon","coordinates":[[[-83.6352,38.1901],[-83.6203,38.1756],[-83.6107,38.1772],[-83.613,38.1878],[-83.6074,38.1815],[-83.6067,38.1873],[-83.5962,38.184],[-83.6017,38.1795],[-83.591,38.1696],[-83.6011,38.1687],[-83.5991,38.1637],[-83.606,38.1644],[-83.6069,38.1595],[-83.6142,38.1608],[-83.6193,38.1534],[-83.6143,38.1491],[-83.6216,38.1491],[-83.61,38.1371],[-83.6131,38.1324],[-83.6038,38.1296],[-83.6062,38.1244],[-83.5909,38.1338],[-83.5841,38.1463],[-83.571,38.1472],[-83.5626,38.1428],[-83.5583,38.1459],[-83.5548,38.1354],[-83.5483,38.1429],[-83.5547,38.1243],[-83.5519,38.1223],[-83.5591,38.1158],[-83.5547,38.1124],[-83.5327,38.1204],[-83.5201,38.1161],[-83.5153,38.1081],[-83.521,38.1073],[-83.5245,38.1005],[-83.5288,38.1023],[-83.5344,38.0947],[-83.5196,38.0889],[-83.5229,38.0845],[-83.517,38.0847],[-83.5139,38.0697],[-83.5093,38.0725],[-83.506,38.088],[-83.4649,38.0836],[-83.4652,38.0667],[-83.4805,38.0691],[-83.4874,38.0593],[-83.4987,38.0539],[-83.4986,38.0503],[-83.484,38.0465],[-83.4636,38.0498],[-83.4792,38.0268],[-83.4562,38.0327],[-83.4551,38.0292],[-83.4689,38.0202],[-83.455,38.0177],[-83.4504,38.0195],[-83.4499,38.0307],[-83.4339,38.034],[-83.4443,37.9425],[-83.496,37.8906],[-83.4991,37.8745],[-83.5066,37.8693],[-83.4961,37.8673],[-83.492,37.864],[-83.4949,37.8607],[-83.4781,37.8518],[-83.4842,37.8515],[-83.4805,37.8404],[-83.4553,37.8427],[-83.4524,37.8363],[-83.4411,37.835],[-83.4425,37.8268],[-83.433,37.8191],[-83.3864,37.8137],[-83.3876,37.8004],[-83.3765,37.7982],[-83.3645,37.8026],[-83.3359,37.7788],[-83.3298,37.7835],[-83.3248,37.7778],[-83.3288,37.7766],[-83.334,37.7583],[-83.3119,37.75],[-83.3054,37.7426],[-83.2871,37.7423],[-83.2885,37.735],[-83.283,37.7373],[-83.2799,37.7315],[-83.2812,37.7189],[-83.2724,37.7128],[-83.2622,37.7127],[-83.261,37.7257],[-83.2531,37.7248],[-83.2516,37.7347],[-83.2424,37.7383],[-83.2435,37.7443],[-83.2707,37.7691],[-83.2642,37.7695],[-83.2501,37.7788],[-83.2475,37.7854],[-83.2332,37.7922],[-83.2248,37.7901],[-83.2255,37.7965],[-83.2078,37.8191],[-83.1817,37.8195],[-83.1739,37.8319],[-83.1133,37.8641],[-83.1293,37.8944],[-83.0887,37.8901],[-83.0746,37.8836],[-83.0666,37.8713],[-83.0568,37.8701],[-83.0423,37.8724],[-83.0446,37.8783],[-83.0346,37.8864],[-83.0224,37.8751],[-83.0242,37.8655],[-83.0046,37.8592],[-82.9973,37.8698],[-82.9892,37.8696],[-82.9839,37.8757],[-82.9866,37.8984],[-82.977,37.8933],[-82.9696,37.8979],[-82.9614,37.8938],[-82.9615,37.9128],[-82.9732,37.9142],[-82.9684,37.924],[-82.9771,37.9392],[-82.9851,37.9428],[-82.9805,37.9483],[-82.9874,37.9556],[-82.9871,37.9624],[-82.9963,37.9626],[-82.9989,37.9678],[-83.0092,37.9682],[-83.0097,37.9742],[-83.0157,37.9733],[-83.0139,37.9794],[-83.0219,37.9818],[-83.0252,37.9911],[-83.0192,37.9993],[-83.0241,38.0039],[-83.0098,38.0117],[-83.0148,38.016],[-83.0028,38.0235],[-83.0026,38.0341],[-82.9976,38.0384],[-82.9836,38.0431],[-82.9812,38.05],[-82.956,38.0496],[-82.9493,38.0556],[-82.9513,38.0597],[-82.942,38.0642],[-82.942,38.0776],[-82.9311,38.083],[-82.9292,38.0897],[-82.9171,38.0991],[-82.9075,38.0957],[-82.9066,38.1031],[-82.8984,38.1033],[-82.8886,38.1128],[-82.8992,38.1245],[-82.8988,38.1301],[-82.9066,38.1327],[-82.9078,38.1567],[-82.9163,38.1626],[-82.9178,38.1748],[-82.9448,38.1683],[-82.957,38.1746],[-82.9757,38.172],[-82.9894,38.1793],[-82.99,38.1904],[-83.0092,38.1936],[-83.0115,38.2058],[-83.0271,38.1955],[-83.0403,38.1994],[-83.0479,38.193],[-83.0511,38.1791],[-83.0558,38.1845],[-83.054,38.191],[-83.0599,38.1914],[-83.0758,38.2064],[-83.0839,38.2229],[-83.0921,38.228],[-83.1017,38.2261],[-83.108,38.2349],[-83.1195,38.2333],[-83.1644,38.2662],[-83.1778,38.267],[-83.1776,38.2611],[-83.1851,38.2594],[-83.1859,38.2526],[-83.2025,38.2504],[-83.2027,38.2456],[-83.2182,38.2371],[-83.2168,38.2298],[-83.2232,38.2215],[-83.2209,38.2097],[-83.2333,38.1931],[-83.2631,38.1907],[-83.2742,38.1955],[-83.2759,38.2042],[-83.2865,38.206],[-83.2877,38.2155],[-83.3007,38.2094],[-83.2972,38.2179],[-83.307,38.2256],[-83.3064,38.2345],[-83.3127,38.2438],[-83.3079,38.2524],[-83.3189,38.2605],[-83.3166,38.2681],[-83.3349,38.2866],[-83.3262,38.2907],[-83.3346,38.2991],[-83.3318,38.3032],[-83.3413,38.3195],[-83.356,38.3217],[-83.3577,38.3276],[-83.3641,38.3283],[-83.3637,38.3429],[-83.3774,38.3534],[-83.3784,38.3627],[-83.3924,38.3666],[-83.4001,38.3751],[-83.4006,38.3898],[-83.4121,38.3965],[-83.4274,38.3882],[-83.4438,38.3873],[-83.4465,38.3806],[-83.4528,38.3818],[-83.4564,38.3726],[-83.465,38.3718],[-83.4581,38.362],[-83.4633,38.3584],[-83.4706,38.3552],[-83.4738,38.3606],[-83.482,38.3597],[-83.4888,38.3517],[-83.4993,38.3494],[-83.5014,38.3425],[-83.4947,38.3359],[-83.4975,38.3327],[-83.4881,38.3245],[-83.4954,38.3243],[-83.5015,38.3162],[-83.5045,38.2952],[-83.5143,38.2921],[-83.5056,38.2721],[-83.5223,38.2672],[-83.5211,38.2575],[-83.5349,38.254],[-83.5393,38.2452],[-83.5537,38.2398],[-83.5638,38.2169],[-83.5771,38.2137],[-83.5868,38.2183],[-83.6005,38.2035],[-83.6125,38.2032],[-83.6151,38.1932],[-83.6352,38.1901]]]},"properties":{"geoid":"21099","state":"21","district":"99","name":"State House District 99","chamber":"House"}},{"type":"Feature","geometry":{"type":"Polygon","coordinates":[[[-83.0252,37.9914],[-83.0221,37.982],[-83.0139,37.9794],[-83.0157,37.9733],[-83.0097,37.9742],[-83.0092,37.9682],[-82.9989,37.9678],[-82.9927,37.9613],[-82.9814,37.9698],[-82.9707,37.991],[-82.952,38.0003],[-82.9391,37.999],[-82.8316,37.9679],[-82.7366,37.9163],[-82.6769,37.8923],[-82.6124,37.8793],[-82.6092,37.8876],[-82.5956,37.8907],[-82.5989,37.9038],[-82.5942,37.9086],[-82.6013,37.9123],[-82.5987,37.916],[-82.6025,37.9194],[-82.5937,37.9221],[-82.5905,37.9314],[-82.581,37.9307],[-82.5809,37.9541],[-82.5668,37.9561],[-82.5659,37.9522],[-82.5552,37.9595],[-82.5423,37.9568],[-82.5349,37.9628],[-82.5018,37.9464],[-82.4883,37.9452],[-82.4752,37.9544],[-82.4716,37.9601],[-82.4845,37.9636],[-82.4844,37.9709],[-82.4689,37.9732],[-82.4646,37.9839],[-82.4836,37.9838],[-82.4887,37.9989],[-82.5192,38.0011],[-82.5155,38.0066],[-82.5251,38.0175],[-82.5263,38.027],[-82.5387,38.0374],[-82.5371,38.0447],[-82.5498,38.0695],[-82.5834,38.09],[-82.587,38.1087],[-82.6062,38.1208],[-82.6192,38.1205],[-82.6218,38.1333],[-82.6366,38.138],[-82.6386,38.1559],[-82.6445,38.1652],[-82.6389,38.1711],[-82.6116,38.1713],[-82.5991,38.1972],[-82.5983,38.2174],[-82.6086,38.2235],[-82.6122,38.2363],[-82.6046,38.2477],[-82.5833,38.2468],[-82.5745,38.2645],[-82.583,38.2968],[-82.5718,38.3172],[-82.5767,38.3285],[-82.5981,38.3459],[-82.5927,38.3768],[-82.5995,38.3908],[-82.5946,38.3983],[-82.597,38.4112],[-82.5934,38.4219],[-82.6036,38.4592],[-82.6119,38.4731],[-82.661,38.5009],[-82.6672,38.4945],[-82.6659,38.4894],[-82.6492,38.4726],[-82.681,38.444],[-82.6884,38.4475],[-82.7072,38.4403],[-82.7135,38.4475],[-82.7275,38.4164],[-82.7276,38.4228],[-82.74,38.4282],[-82.738,38.4347],[-82.7574,38.4311],[-82.7602,38.3948],[-82.7486,38.3913],[-82.7475,38.384],[-82.7416,38.3896],[-82.7027,38.3888],[-82.7149,38.4078],[-82.7046,38.4185],[-82.6694,38.4107],[-82.6548,38.3994],[-82.6629,38.3985],[-82.6646,38.3883],[-82.658,38.3826],[-82.6618,38.3783],[-82.699,38.3693],[-82.6972,38.3478],[-82.7146,38.3383],[-82.716,38.3185],[-82.7129,38.3034],[-82.7048,38.2937],[-82.7,38.2598],[-82.7053,38.2531],[-82.7215,38.2498],[-82.7243,38.2434],[-82.7352,38.2426],[-82.7374,38.2372],[-82.7565,38.2392],[-82.7663,38.2351],[-82.7766,38.2407],[-82.7858,38.2395],[-82.7866,38.2448],[-82.8115,38.2381],[-82.8241,38.2293],[-82.8123,38.22],[-82.814,38.2173],[-82.8517,38.1909],[-82.8838,38.196],[-82.8975,38.1828],[-82.9244,38.1754],[-82.915,38.1727],[-82.9178,38.1663],[-82.9078,38.1567],[-82.9067,38.133],[-82.8988,38.1301],[-82.8891,38.1116],[-82.8984,38.1033],[-82.9066,38.1031],[-82.9075,38.0957],[-82.9171,38.0991],[-82.9292,38.0897],[-82.9311,38.083],[-82.942,38.0776],[-82.942,38.0642],[-82.9513,38.0597],[-82.9493,38.0556],[-82.956,38.0496],[-82.9812,38.05],[-82.9836,38.0431],[-83.0022,38.0346],[-83.0025,38.0239],[-83.015,38.0155],[-83.0098,38.0117],[-83.0241,38.0039],[-83.0192,37.9993],[-83.0252,37.9914]]]},"properties":{"geoid":"21100","state":"21","district":"100","name":"State House District 100","chamber":"House"}}]}