{"type":"FeatureCollection","features":[{"type":"Feature","geometry":{"type":"Polygon","coordinates":[[[-89.9479,29.9391],[-89.9446,29.9378],[-89.937,29.952],[-89.9303,29.9496],[-89.9364,29.9385],[-89.9204,29.9346],[-89.9053,29.9214],[-89.9084,29.9251],[-89.8992,29.931],[-89.9124,29.9433],[-89.9072,29.9503],[-89.9098,29.9629],[-89.8783,29.967],[-89.8752,29.9702],[-89.8915,29.9838],[-89.881,29.9788],[-89.8711,29.9928],[-89.8618,29.9883],[-89.8591,29.9923],[-89.8653,29.9974],[-89.8576,30.002],[-89.846,29.9561],[-89.8345,29.9371],[-89.8391,29.9171],[-89.8493,29.9093],[-89.8911,29.9011],[-89.888,29.8959],[-89.9047,29.8908],[-89.9031,29.8764],[-89.911,29.8685],[-89.8959,29.8332],[-89.8786,29.8155],[-89.8799,29.8081],[-89.8706,29.7962],[-89.8617,29.7927],[-89.8164,29.8013],[-89.7862,29.7733],[-89.792,29.7627],[-89.7818,29.7566],[-89.7339,29.7586],[-89.7058,29.7531],[-89.6919,29.738],[-89.6839,29.716],[-89.6603,29.7087],[-89.6257,29.6789],[-89.5996,29.6748],[-89.5449,29.6522],[-89.5209,29.6502],[-89.5043,29.6342],[-89.4906,29.6283],[-89.4846,29.6176],[-89.1747,29.6346],[-89.0478,29.6478],[-88.8792,29.6474],[-88.8234,29.715],[-88.7973,29.7597],[-88.7673,29.8408],[-88.7584,29.9183],[-88.7645,29.9719],[-88.7837,30.0267],[-88.8085,30.0655],[-88.8343,30.0907],[-88.8549,30.1355],[-89.0965,30.1658],[-89.1837,30.2122],[-89.261,30.182],[-89.4167,30.1776],[-89.454,30.1662],[-89.495,30.1608],[-89.5148,30.1618],[-89.5348,30.1954],[-89.5448,30.1943],[-89.5661,30.1812],[-89.5752,30.1822],[-89.5966,30.212],[-89.6157,30.2234],[-89.614,30.2448],[-89.6316,30.257],[-89.6253,30.2635],[-89.6323,30.2686],[-89.6313,30.2798],[-89.6385,30.2881],[-89.6472,30.2894],[-89.6404,30.2955],[-89.6403,30.3068],[-89.6262,30.3143],[-89.634,30.3213],[-89.6296,30.3216],[-89.6327,30.328],[-89.6296,30.339],[-89.6369,30.3476],[-89.6413,30.3462],[-89.6572,30.3566],[-89.6602,30.3734],[-89.6838,30.4058],[-89.6845,30.4123],[-89.68,30.4116],[-89.6775,30.418],[-89.685,30.4395],[-89.6834,30.4515],[-89.6901,30.4532],[-89.6953,30.4629],[-89.7058,30.465],[-89.7099,30.4782],[-89.7236,30.4823],[-89.7208,30.487],[-89.7248,30.4921],[-89.7297,30.49],[-89.7331,30.496],[-89.7473,30.4927],[-89.7421,30.4973],[-89.7467,30.503],[-89.7575,30.4996],[-89.7526,30.5024],[-89.7528,30.5077],[-89.7586,30.506],[-89.7545,30.5098],[-89.7607,30.512],[-89.7575,30.5186],[-89.7678,30.5132],[-89.7731,30.5208],[-89.7691,30.5292],[-89.7774,30.533],[-89.7741,30.5378],[-89.7792,30.544],[-89.8039,30.5493],[-89.7922,30.5483],[-89.7945,30.5566],[-89.804,30.5605],[-89.7917,30.5626],[-89.7874,30.5697],[-89.7933,30.5642],[-89.7946,30.5699],[-89.8071,30.5674],[-89.8146,30.5718],[-89.8277,30.5652],[-89.8342,30.5533],[-89.8169,30.5381],[-89.8208,30.5208],[-89.8673,30.5717],[-89.8714,30.5716],[-89.8755,30.5442],[-89.8852,30.544],[-89.8968,30.5713],[-89.9056,30.5629],[-89.9054,30.5334],[-89.9147,30.5292],[-89.912,30.5203],[-89.9167,30.5175],[-89.9123,30.5064],[-89.8984,30.5066],[-89.8814,30.4992],[-89.8722,30.4817],[-89.9061,30.478],[-89.9127,30.4813],[-89.9132,30.4635],[-89.907,30.4594],[-89.9316,30.4384],[-89.8578,30.4213],[-89.8485,30.389],[-89.8342,30.3712],[-89.8574,30.3798],[-89.8801,30.381],[-89.873,30.356],[-89.8772,30.3507],[-89.8762,30.3299],[-89.8874,30.3189],[-89.8835,30.3187],[-89.884,30.3013],[-89.8581,30.3012],[-89.8603,30.2964],[-89.8529,30.2879],[-89.8521,30.275],[-89.8446,30.2725],[-89.8456,30.2651],[-89.8574,30.2637],[-89.8587,30.2552],[-89.8688,30.2463],[-89.851,30.2225],[-89.796,30.2097],[-89.7694,30.1943],[-89.7553,30.1698],[-89.742,30.1771],[-89.7167,30.1608],[-89.6853,30.1753],[-89.6554,30.1593],[-89.6251,30.1549],[-89.6251,30.15],[-89.6604,30.1563],[-89.6878,30.1734],[-89.6931,30.1655],[-89.7094,30.1566],[-89.732,30.1552],[-89.7431,30.1748],[-89.7472,30.1652],[-89.7436,30.1535],[-89.7495,30.1438],[-89.7868,30.1133],[-89.7913,30.1045],[-89.8315,30.0965],[-89.839,30.0986],[-89.8607,30.1347],[-89.8544,30.1542],[-89.8802,30.1485],[-89.9447,30.0759],[-89.9395,30.06],[-89.9189,30.0812],[-89.8803,30.0522],[-89.9266,30.021],[-89.9278,30.0311],[-89.9396,30.027],[-89.9385,29.9998],[-89.9454,29.9824],[-89.9392,29.9803],[-89.9294,29.9871],[-89.9457,29.9552],[-89.9404,29.9527],[-89.9479,29.9391]]]},"properties":{"geoid":"22001","state":"22","district":"1","name":"State Senate District 1","chamber":"Senate"}},{"type":"Feature","geometry":{"type":"Polygon","coordinates":[[[-91.2848,30.1455],[-91.2763,30.1264],[-91.2451,30.1394],[-91.2037,30.1306],[-91.1895,30.1559],[-91.1964,30.1624],[-91.1742,30.177],[-91.164,30.1672],[-91.1541,30.172],[-91.1656,30.1399],[-91.161,30.1344],[-91.1514,30.1568],[-91.1436,30.1504],[-91.1405,30.1682],[-91.0901,30.1411],[-91.0898,30.1087],[-91.1066,30.1085],[-91.106,30.0627],[-91.0891,30.0628],[-91.0901,30.0035],[-91.1261,30.0154],[-91.1274,30.0075],[-91.1343,30.0104],[-91.1372,30.0026],[-91.1499,29.9988],[-91.1551,29.9814],[-91.1381,29.9637],[-91.1434,29.9599],[-91.1384,29.9465],[-91.129,29.9502],[-91.1221,29.9635],[-91.1172,29.9603],[-91.1055,29.9655],[-91.0991,29.952],[-91.0904,29.9532],[-91.0867,29.9494],[-91.0628,29.9635],[-91.0511,29.9612],[-91.0449,29.9442],[-91.0554,29.9411],[-91.0446,29.9203],[-91.0292,29.9096],[-91.0243,29.8956],[-91.0587,29.887],[-91.0912,29.8506],[-91.0872,29.8383],[-91.0777,29.829],[-91.0783,29.8229],[-91.0847,29.8267],[-91.1095,29.8239],[-91.0927,29.8014],[-91.099,29.7896],[-91.096,29.7789],[-91.1002,29.772],[-91.0838,29.7599],[-91.0711,29.7622],[-91.0679,29.7703],[-91.0462,29.7674],[-90.9898,29.7877],[-90.982,29.8013],[-90.992,29.8151],[-90.9596,29.8455],[-90.9424,29.8327],[-90.9205,29.8295],[-90.8382,29.7994],[-90.8453,29.7795],[-90.8594,29.7841],[-90.8536,29.7942],[-90.8693,29.8019],[-90.8883,29.7726],[-90.8743,29.763],[-90.8457,29.7547],[-90.8279,29.7646],[-90.8278,29.7758],[-90.8104,29.7762],[-90.8086,29.7821],[-90.8169,29.7878],[-90.816,29.7927],[-90.8229,29.7911],[-90.8131,29.8403],[-90.862,29.8555],[-90.8606,29.8709],[-90.8503,29.8749],[-90.8851,29.8706],[-90.8857,29.9053],[-90.7854,29.9076],[-90.7858,29.9217],[-90.7787,29.922],[-90.7398,29.9045],[-90.7232,29.907],[-90.7171,29.8966],[-90.7092,29.8972],[-90.7092,29.9025],[-90.697,29.9004],[-90.6901,29.9049],[-90.6806,29.8925],[-90.6682,29.8894],[-90.628,29.8952],[-90.6121,29.8911],[-90.6093,29.8831],[-90.5946,29.8928],[-90.553,29.8933],[-90.5358,29.8913],[-90.5296,29.885],[-90.5322,29.9679],[-90.5493,29.968],[-90.5497,30.0027],[-90.539,30.0022],[-90.5383,30.0168],[-90.4758,30.0359],[-90.4742,30.0314],[-90.4787,30.0459],[-90.4969,30.0533],[-90.4937,30.0664],[-90.4846,30.0635],[-90.4618,30.0843],[-90.4416,30.0887],[-90.4986,30.106],[-90.5053,30.1002],[-90.5044,30.0926],[-90.4874,30.0935],[-90.49,30.0843],[-90.4793,30.0837],[-90.4879,30.0704],[-90.4902,30.0746],[-90.5007,30.0735],[-90.5054,30.0891],[-90.5088,30.0864],[-90.505,30.0743],[-90.5189,30.0768],[-90.5374,30.1107],[-90.5468,30.1115],[-90.5455,30.0477],[-90.5878,30.0498],[-90.5968,30.0763],[-90.6141,30.0759],[-90.6075,30.0589],[-90.6203,30.0585],[-90.6129,30.0348],[-90.6216,30.0315],[-90.6494,30.0502],[-90.6612,30.0507],[-90.6709,30.0941],[-90.6537,30.0964],[-90.6421,30.1664],[-90.7079,30.1537],[-90.7051,30.1491],[-90.7107,30.1478],[-90.7115,30.14],[-90.7081,30.1319],[-90.7222,30.1234],[-90.7193,30.1148],[-90.7239,30.1057],[-90.7194,30.103],[-90.7251,30.1],[-90.7214,30.087],[-90.7119,30.077],[-90.7193,30.0634],[-90.7032,30.0382],[-90.6991,30.0404],[-90.6933,30.033],[-90.7243,30.014],[-90.7632,30.0147],[-90.7819,30.01],[-90.82,29.9814],[-90.8319,30.0002],[-90.8428,30.0528],[-90.869,30.067],[-90.8628,30.1012],[-90.8739,30.1077],[-90.8693,30.122],[-90.9156,30.1133],[-90.9232,30.1304],[-90.9377,30.1366],[-90.9467,30.1296],[-90.9475,30.1116],[-90.9539,30.1081],[-90.957,30.1133],[-90.9496,30.1355],[-90.9423,30.1405],[-90.9244,30.1375],[-90.9224,30.1495],[-90.9411,30.1442],[-90.9548,30.1577],[-90.9437,30.18],[-90.9202,30.1889],[-90.9209,30.2473],[-90.9309,30.2473],[-90.9288,30.2429],[-90.946,30.2327],[-90.9638,30.2326],[-90.9669,30.2405],[-90.9912,30.2375],[-90.9949,30.2423],[-91.0151,30.2429],[-91.024,30.2394],[-91.031,30.2255],[-91.0369,30.2231],[-91.0374,30.2101],[-91.0591,30.2131],[-91.021,30.3215],[-91.0327,30.3148],[-91.093,30.3206],[-91.1155,30.3127],[-91.1327,30.3134],[-91.1423,30.3199],[-91.145,30.3313],[-91.1541,30.3392],[-91.1945,30.347],[-91.2226,30.3406],[-91.2358,30.3445],[-91.2406,30.3628],[-91.2081,30.4037],[-91.1963,30.4347],[-91.1972,30.5071],[-91.2008,30.5177],[-91.2093,30.523],[-91.2361,30.514],[-91.235,30.4925],[-91.2187,30.4918],[-91.2191,30.4856],[-91.2251,30.4805],[-91.2266,30.4515],[-91.2452,30.4508],[-91.2431,30.4406],[-91.2308,30.4421],[-91.2108,30.4323],[-91.228,30.4095],[-91.2188,30.406],[-91.2338,30.3868],[-91.2424,30.39],[-91.2449,30.3865],[-91.2788,30.3994],[-91.2801,30.3959],[-91.2733,30.3906],[-91.2539,30.3819],[-91.2807,30.3808],[-91.2563,30.371],[-91.2608,30.3633],[-91.2605,30.3407],[-91.2385,30.293],[-91.262,30.2696],[-91.2565,30.2635],[-91.2526,30.2662],[-91.257,30.272],[-91.2336,30.286],[-91.2275,30.2812],[-91.2396,30.2687],[-91.2232,30.2744],[-91.2029,30.2368],[-91.2284,30.2357],[-91.243,30.2056],[-91.283,30.19],[-91.2848,30.1455]]]},"properties":{"geoid":"22002","state":"22","district":"2","name":"State Senate District 2","chamber":"Senate"}},{"type":"Feature","geometry":{"type":"Polygon","coordinates":[[[-90.0853,30.0067],[-90.0829,30.0006],[-90.074,30.0011],[-90.0654,29.9878],[-90.0578,29.9848],[-90.0453,29.9856],[-90.0429,29.9923],[-90.0333,29.9943],[-90.0347,29.9897],[-90.0297,29.9886],[-90.0314,29.9757],[-90.0429,29.9783],[-90.0445,29.9731],[-90.0488,29.9741],[-90.0475,29.9782],[-90.0576,29.9777],[-90.0601,29.9648],[-90.0672,29.9637],[-90.057,29.9566],[-90.0267,29.9532],[-89.9698,29.9247],[-89.9313,29.9229],[-89.9189,29.9132],[-89.9047,29.8908],[-89.888,29.8959],[-89.8911,29.9011],[-89.8493,29.9093],[-89.8391,29.9171],[-89.8345,29.9371],[-89.846,29.9561],[-89.8593,30.003],[-89.8653,29.9974],[-89.8591,29.9923],[-89.8618,29.9883],[-89.8711,29.9928],[-89.881,29.9788],[-89.8915,29.9838],[-89.8752,29.9702],[-89.8783,29.967],[-89.9098,29.9629],[-89.9072,29.9503],[-89.9124,29.9433],[-89.8992,29.931],[-89.9084,29.9251],[-89.9053,29.9214],[-89.9204,29.9346],[-89.9364,29.9385],[-89.9303,29.9496],[-89.9342,29.9511],[-89.9475,29.9377],[-89.9404,29.9527],[-89.9457,29.9552],[-89.9294,29.9871],[-89.9392,29.9803],[-89.9454,29.9824],[-89.9385,29.9998],[-89.9396,30.027],[-89.9278,30.0311],[-89.9266,30.021],[-89.8803,30.0522],[-89.9189,30.0812],[-89.9395,30.06],[-89.9447,30.0759],[-89.9552,30.0696],[-89.9484,30.0631],[-89.9683,30.0496],[-89.9642,30.0444],[-89.9831,30.0334],[-89.9753,30.0257],[-89.9755,30.0167],[-90.027,30.0084],[-90.0389,30.0299],[-90.0479,30.027],[-90.0473,30.0207],[-90.083,30.0209],[-90.0853,30.0067]]]},"properties":{"geoid":"22003","state":"22","district":"3","name":"State Senate District 3","chamber":"Senate"}},{"type":"Feature","geometry":{"type":"Polygon","coordinates":[[[-90.1249,29.9763],[-90.1121,29.9773],[-90.1095,29.971],[-90.1006,29.9744],[-90.106,29.9664],[-90.0906,29.9617],[-90.0782,29.976],[-90.0715,29.9741],[-90.0778,29.9786],[-90.0755,29.9876],[-90.0653,29.9864],[-90.0636,29.9693],[-90.0769,29.9584],[-90.0584,29.943],[-90.057,29.9566],[-90.0672,29.9637],[-90.0601,29.9648],[-90.0576,29.9777],[-90.0475,29.9782],[-90.0488,29.9741],[-90.0445,29.9731],[-90.0429,29.9783],[-90.0314,29.9757],[-90.0297,29.9886],[-90.0347,29.9897],[-90.0333,29.9943],[-90.0429,29.9923],[-90.0453,29.9856],[-90.0654,29.9878],[-90.074,30.0011],[-90.0851,30.0036],[-90.083,30.0209],[-90.0473,30.0207],[-90.0479,30.027],[-90.0389,30.0299],[-90.027,30.0084],[-89.9755,30.0167],[-89.9753,30.0257],[-89.9831,30.0334],[-89.9642,30.0444],[-89.9683,30.0496],[-89.9484,30.0631],[-89.9552,30.0696],[-89.9752,30.0547],[-90.0125,30.038],[-90.0129,30.0419],[-90.0193,30.0404],[-90.0153,30.0448],[-90.0203,30.0412],[-90.0308,30.053],[-90.0315,30.0341],[-90.0352,30.0317],[-90.0436,30.0355],[-90.0635,30.0343],[-90.0778,30.0319],[-90.0825,30.0262],[-90.0915,30.0301],[-90.113,30.0268],[-90.1185,30.0298],[-90.1249,29.9763]]]},"properties":{"geoid":"22004","state":"22","district":"4","name":"State Senate District 4","chamber":"Senate"}},{"type":"Feature","geometry":{"type":"Polygon","coordinates":[[[-90.1742,29.8483],[-90.1673,29.8405],[-90.131,29.8537],[-90.1209,29.8546],[-90.1232,29.8489],[-90.1167,29.848],[-90.1091,29.8522],[-90.1141,29.8805],[-90.1068,29.8789],[-90.1085,29.8991],[-90.0833,29.9078],[-90.0856,29.9144],[-90.0674,29.9219],[-90.0592,29.9304],[-90.0584,29.943],[-90.0769,29.9584],[-90.0636,29.9693],[-90.0653,29.9864],[-90.0755,29.9876],[-90.0778,29.9786],[-90.0715,29.9741],[-90.0782,29.976],[-90.0906,29.9617],[-90.105,29.9655],[-90.0995,29.9737],[-90.1095,29.971],[-90.1121,29.9773],[-90.1249,29.9758],[-90.1258,29.9722],[-90.1618,29.9751],[-90.1623,29.9631],[-90.1523,29.9628],[-90.1521,29.9699],[-90.1277,29.9683],[-90.1376,29.9515],[-90.1251,29.9423],[-90.1145,29.9558],[-90.1166,29.9408],[-90.1103,29.9388],[-90.1162,29.9156],[-90.122,29.9096],[-90.1274,29.9109],[-90.1306,29.9024],[-90.1188,29.9005],[-90.1237,29.884],[-90.1581,29.89],[-90.1589,29.8676],[-90.1705,29.8589],[-90.1742,29.8483]]]},"properties":{"geoid":"22005","state":"22","district":"5","name":"State Senate District 5","chamber":"Senate"}},{"type":"Feature","geometry":{"type":"Polygon","coordinates":[[[-91.2055,30.6904],[-91.1932,30.6813],[-91.1905,30.6728],[-91.1624,30.6689],[-91.1567,30.6485],[-91.1029,30.6489],[-91.0943,30.6426],[-91.1025,30.6276],[-91.0903,30.61],[-91.0946,30.606],[-91.0918,30.6022],[-91.1009,30.5707],[-91.0958,30.5512],[-91.1013,30.5435],[-91.0917,30.5334],[-91.096,30.5257],[-91.0759,30.516],[-91.0707,30.5012],[-91.0415,30.5074],[-91.0216,30.4877],[-91.0072,30.491],[-90.9936,30.4823],[-91.0013,30.4784],[-91.003,30.4676],[-91.0353,30.4626],[-91.0269,30.4528],[-91.0401,30.4421],[-91.0372,30.438],[-91.0409,30.434],[-91.0142,30.427],[-91.0185,30.3915],[-91.0357,30.3925],[-91.0172,30.3757],[-91.0218,30.3643],[-91.0049,30.3576],[-90.9929,30.3427],[-90.9643,30.3469],[-90.939,30.3403],[-90.9196,30.3458],[-90.9108,30.3395],[-90.8917,30.3452],[-90.908,30.356],[-90.9033,30.3582],[-90.9054,30.3611],[-90.9148,30.3588],[-90.9196,30.366],[-90.93,30.3616],[-90.9331,30.3659],[-90.937,30.3639],[-90.9317,30.3718],[-90.9437,30.3765],[-90.9473,30.3853],[-90.9428,30.3894],[-90.9466,30.3935],[-90.9682,30.389],[-90.9714,30.4037],[-90.9579,30.4061],[-90.9657,30.4144],[-90.9637,30.4188],[-90.9824,30.4235],[-90.9808,30.4327],[-90.9724,30.4403],[-90.9813,30.4419],[-90.987,30.4492],[-90.9812,30.4528],[-90.9882,30.4548],[-90.9915,30.4617],[-90.9745,30.4701],[-90.9787,30.4791],[-90.9699,30.4937],[-90.9759,30.499],[-90.9679,30.5044],[-90.9824,30.5224],[-90.9778,30.5243],[-90.9787,30.5288],[-90.9844,30.5306],[-90.973,30.5409],[-90.9759,30.5469],[-90.9713,30.5627],[-90.9881,30.5722],[-90.9832,30.5795],[-90.9856,30.5849],[-90.9804,30.5849],[-90.9809,30.5905],[-90.9718,30.5972],[-90.9659,30.5978],[-90.9649,30.5935],[-90.9624,30.6006],[-90.9569,30.5995],[-90.96,30.6055],[-90.9491,30.6041],[-90.9477,30.6098],[-90.9343,30.6129],[-90.9333,30.6205],[-90.9406,30.6205],[-90.9264,30.6382],[-90.9183,30.6381],[-90.9107,30.6494],[-90.6346,30.6499],[-90.6343,30.6413],[-90.6261,30.6326],[-90.6269,30.6164],[-90.6436,30.6007],[-90.6465,30.5778],[-90.6574,30.5713],[-90.6581,30.5621],[-90.6668,30.5584],[-90.6718,30.5479],[-90.6867,30.5384],[-90.6849,30.5333],[-90.6931,30.5296],[-90.6886,30.5156],[-90.6819,30.5137],[-90.6744,30.5003],[-90.6745,30.4729],[-90.6803,30.4645],[-90.6733,30.463],[-90.6724,30.4571],[-90.6822,30.4498],[-90.6773,30.4243],[-90.6688,30.4166],[-90.6831,30.4154],[-90.6875,30.4194],[-90.7005,30.4107],[-90.7144,30.4132],[-90.7247,30.3885],[-90.712,30.3671],[-90.6738,30.3413],[-90.6776,30.3325],[-90.6718,30.3251],[-90.6773,30.3209],[-90.6712,30.3202],[-90.6503,30.3004],[-90.6403,30.3023],[-90.6372,30.3076],[-90.6319,30.3032],[-90.6269,30.3081],[-90.6178,30.3008],[-90.6121,30.3098],[-90.6076,30.2993],[-90.6029,30.3036],[-90.5984,30.2987],[-90.5881,30.3012],[-90.5893,30.3072],[-90.5794,30.3058],[-90.5794,30.2983],[-90.5685,30.294],[-90.5604,30.2972],[-90.5448,30.29],[-90.5142,30.2659],[-90.5018,30.2504],[-90.4859,30.2766],[-90.4823,30.2887],[-90.4847,30.3284],[-90.4745,30.3486],[-90.4798,30.358],[-90.4896,30.3557],[-90.4921,30.366],[-90.5035,30.3624],[-90.5008,30.3835],[-90.515,30.3919],[-90.5105,30.3942],[-90.5149,30.407],[-90.522,30.4106],[-90.5205,30.4155],[-90.5461,30.4303],[-90.5506,30.4425],[-90.5465,30.4484],[-90.5537,30.4608],[-90.55,30.4679],[-90.5583,30.4775],[-90.5569,30.4847],[-90.5669,30.4871],[-90.5669,30.5043],[-90.5766,30.5043],[-90.5764,30.4923],[-90.5921,30.4932],[-90.5921,30.5045],[-90.6289,30.5043],[-90.6288,30.5157],[-90.6379,30.5197],[-90.631,30.5246],[-90.6354,30.5324],[-90.5842,30.533],[-90.5839,30.5445],[-90.567,30.5442],[-90.5672,30.9997],[-90.6677,30.9995],[-90.6736,30.9934],[-90.6749,30.9793],[-90.6837,30.9706],[-90.6882,30.9556],[-90.6864,30.9454],[-90.6751,30.937],[-90.6742,30.9256],[-90.6646,30.9143],[-90.6607,30.8687],[-90.6477,30.856],[-90.651,30.8485],[-90.6685,30.8524],[-90.6664,30.8335],[-90.6857,30.8491],[-90.6925,30.8404],[-90.7901,30.8811],[-90.824,30.8905],[-90.85,30.8856],[-90.8552,30.8734],[-90.8615,30.8711],[-90.8532,30.866],[-90.8583,30.8589],[-90.8449,30.855],[-90.8469,30.8491],[-90.8411,30.8476],[-90.8407,30.8402],[-90.8482,30.8397],[-90.8502,30.8314],[-90.8344,30.8148],[-90.8415,30.8085],[-90.837,30.7968],[-90.8432,30.7983],[-90.8448,30.7925],[-90.8408,30.7864],[-90.8441,30.7837],[-90.8419,30.7655],[-90.8504,30.7543],[-90.8398,30.7194],[-91.19,30.7073],[-91.2055,30.6904]]]},"properties":{"geoid":"22006","state":"22","district":"6","name":"State Senate District 6","chamber":"Senate"}},{"type":"Feature","geometry":{"type":"Polygon","coordinates":[[[-90.1002,29.7787],[-90.0857,29.7757],[-90.0814,29.7685],[-90.0602,29.7836],[-90.0717,29.8068],[-90.0686,29.8288],[-90.0299,29.8505],[-90.0229,29.8625],[-90.0302,29.8692],[-90.0423,29.8689],[-90.0456,29.8961],[-90.0598,29.9117],[-90.064,29.9081],[-90.0677,29.9137],[-90.0598,29.9183],[-90.0572,29.9133],[-90.0524,29.9219],[-90.0427,29.9151],[-90.0437,29.898],[-90.0384,29.894],[-90.0374,29.9102],[-90.03,29.9086],[-90.0304,29.9007],[-90.0227,29.8992],[-90.0238,29.8831],[-90.0177,29.8785],[-90.0081,29.8955],[-90.0025,29.8923],[-90.0023,29.8978],[-89.9892,29.8894],[-89.9873,29.905],[-89.959,29.9026],[-89.9352,29.8928],[-89.9176,29.8667],[-89.9605,29.8808],[-89.9717,29.8782],[-89.9782,29.8537],[-89.9977,29.8267],[-90.0237,29.7656],[-90.0222,29.7537],[-89.9945,29.73],[-89.9792,29.7031],[-90.0068,29.694],[-89.9926,29.6806],[-89.9853,29.6576],[-89.9526,29.6213],[-89.9524,29.5362],[-89.9449,29.5399],[-89.9414,29.5324],[-89.9385,29.5366],[-89.9325,29.5321],[-89.9363,29.5405],[-89.9309,29.5446],[-89.9281,29.5417],[-89.9285,29.5465],[-89.9231,29.5445],[-89.93,29.5475],[-89.9259,29.5521],[-89.9169,29.5406],[-89.907,29.5386],[-89.8519,29.5469],[-89.852,29.5529],[-89.8624,29.5587],[-89.8601,29.5647],[-89.8655,29.5699],[-89.8596,29.5756],[-89.8534,29.5763],[-89.8196,29.5563],[-89.8152,29.5633],[-89.8011,29.5421],[-89.7681,29.5161],[-89.764,29.5043],[-89.7342,29.4913],[-89.7138,29.4599],[-89.6958,29.468],[-89.6949,29.4818],[-89.6799,29.4672],[-89.6854,29.462],[-89.6742,29.4537],[-89.6419,29.4492],[-89.6484,29.452],[-89.6449,29.4583],[-89.61,29.4524],[-89.6021,29.4417],[-89.6064,29.4222],[-89.6024,29.4043],[-89.5887,29.3879],[-89.565,29.374],[-89.4856,29.344],[-89.4739,29.3451],[-89.459,29.3607],[-89.4501,29.3631],[-89.4105,29.3468],[-89.3925,29.3315],[-89.3479,29.2776],[-89.2954,29.2284],[-89.257,29.1568],[-89.2579,29.1377],[-89.2664,29.1149],[-89.2811,29.0882],[-89.3076,29.0616],[-89.4602,28.8625],[-89.4338,28.8553],[-89.401,28.8606],[-89.3445,28.91],[-89.3051,28.9561],[-89.2796,28.9778],[-89.2349,28.9872],[-89.2096,28.9702],[-89.2049,28.9529],[-89.1853,28.9305],[-89.151,28.9191],[-89.1148,28.9264],[-89.0961,28.9425],[-89.0888,28.9611],[-89.0456,29.0069],[-89.0259,29.0156],[-89.0127,29.0277],[-89.0029,29.0488],[-88.9969,29.0853],[-88.9854,29.0942],[-88.9674,29.0951],[-88.9458,29.104],[-88.9217,29.125],[-88.9146,29.1436],[-88.9176,29.1794],[-88.9088,29.2102],[-88.9183,29.2363],[-88.9421,29.2537],[-89.0226,29.2745],[-89.0694,29.2943],[-89.0945,29.3289],[-89.1122,29.3397],[-89.1216,29.3665],[-89.1376,29.3814],[-89.1421,29.4295],[-89.1195,29.4581],[-89.0529,29.48],[-88.9602,29.5771],[-88.9247,29.6013],[-88.8792,29.6474],[-89.0478,29.6478],[-89.1747,29.6346],[-89.4846,29.6176],[-89.4906,29.6283],[-89.5043,29.6342],[-89.5209,29.6502],[-89.5449,29.6522],[-89.5996,29.6748],[-89.6257,29.6789],[-89.6603,29.7087],[-89.6839,29.716],[-89.6919,29.738],[-89.7058,29.7531],[-89.7339,29.7586],[-89.7818,29.7566],[-89.792,29.7627],[-89.7862,29.7733],[-89.8164,29.8013],[-89.8678,29.794],[-89.8799,29.8081],[-89.8786,29.8155],[-89.8959,29.8332],[-89.911,29.8685],[-89.9035,29.8755],[-89.9033,29.8874],[-89.921,29.9157],[-89.9366,29.9243],[-89.9802,29.9282],[-90.0267,29.9532],[-90.0454,29.9581],[-90.057,29.9566],[-90.0592,29.9304],[-90.0806,29.9162],[-90.0706,29.9013],[-90.0795,29.8985],[-90.07,29.8711],[-90.0874,29.8678],[-90.0821,29.8102],[-90.0964,29.7917],[-90.0992,29.7948],[-90.1002,29.7787]]]},"properties":{"geoid":"22007","state":"22","district":"7","name":"State Senate District 7","chamber":"Senate"}},{"type":"Feature","geometry":{"type":"Polygon","coordinates":[[[-90.2756,29.9407],[-90.2683,29.905],[-90.2432,29.8807],[-90.2402,29.8621],[-90.1822,29.8277],[-90.1732,29.8275],[-90.1673,29.8185],[-90.1695,29.8064],[-90.2023,29.7507],[-90.2282,29.692],[-90.1952,29.6905],[-90.1864,29.6809],[-90.1704,29.6835],[-90.1642,29.6769],[-90.1558,29.6775],[-90.1612,29.6234],[-90.1577,29.6094],[-90.1512,29.6091],[-90.1563,29.6019],[-90.1512,29.5986],[-90.1513,29.5884],[-90.1646,29.5799],[-90.1585,29.57],[-90.1862,29.5633],[-90.192,29.5517],[-90.1722,29.5412],[-90.1646,29.5235],[-90.1445,29.4974],[-90.1375,29.4772],[-90.0952,29.4614],[-90.0782,29.4661],[-90.0627,29.4592],[-90.049,29.4615],[-90.0486,29.4552],[-90.0374,29.4478],[-90.0421,29.4434],[-90.0376,29.4363],[-90.0206,29.4285],[-90.0333,29.3933],[-90.0286,29.3794],[-90.0361,29.366],[-90.0357,29.3509],[-90.0303,29.3448],[-90.0278,29.3268],[-90.0033,29.3104],[-89.999,29.2982],[-90.0143,29.2753],[-90.0309,29.2675],[-90.056,29.2304],[-90.062,29.2052],[-90.0905,29.1809],[-90.0861,29.1744],[-90.0899,29.1641],[-90.0891,29.0946],[-90.0323,29.135],[-89.6104,29.1986],[-89.5536,29.186],[-89.5205,29.1722],[-89.5023,29.1584],[-89.4687,29.1075],[-89.4634,29.0828],[-89.4657,28.9744],[-89.4694,28.9562],[-89.4902,28.9244],[-89.4929,28.908],[-89.4835,28.881],[-89.4602,28.8625],[-89.3076,29.0616],[-89.2811,29.0882],[-89.2664,29.1149],[-89.2579,29.1377],[-89.257,29.1568],[-89.3029,29.2386],[-89.3479,29.2776],[-89.3925,29.3315],[-89.4105,29.3468],[-89.4501,29.3631],[-89.459,29.3607],[-89.4739,29.3451],[-89.4856,29.344],[-89.565,29.374],[-89.5887,29.3879],[-89.6024,29.4043],[-89.6064,29.4222],[-89.6021,29.4417],[-89.61,29.4524],[-89.6449,29.4583],[-89.6484,29.452],[-89.6419,29.4492],[-89.6742,29.4537],[-89.6854,29.462],[-89.6799,29.4672],[-89.6949,29.4818],[-89.6958,29.468],[-89.7138,29.4599],[-89.7342,29.4913],[-89.764,29.5043],[-89.7681,29.5161],[-89.8011,29.5421],[-89.8152,29.5633],[-89.8196,29.5563],[-89.8534,29.5763],[-89.8596,29.5756],[-89.8655,29.5699],[-89.8601,29.5647],[-89.8624,29.5587],[-89.852,29.5529],[-89.8519,29.5469],[-89.907,29.5386],[-89.9169,29.5406],[-89.9259,29.5521],[-89.93,29.5475],[-89.9231,29.5445],[-89.9285,29.5465],[-89.9281,29.5417],[-89.9309,29.5446],[-89.9363,29.5405],[-89.9325,29.5321],[-89.9385,29.5366],[-89.9414,29.5324],[-89.9449,29.5399],[-89.9524,29.5362],[-89.9526,29.6213],[-89.9853,29.6576],[-89.9926,29.6806],[-90.0068,29.694],[-89.9792,29.7031],[-89.9945,29.73],[-90.0222,29.7537],[-90.0237,29.7656],[-89.9977,29.8267],[-89.9782,29.8537],[-89.9717,29.8782],[-89.9605,29.8808],[-89.9176,29.8667],[-89.9352,29.8928],[-89.959,29.9026],[-89.9873,29.905],[-89.9892,29.8894],[-90.0023,29.8978],[-90.0025,29.8923],[-90.0081,29.8955],[-90.0177,29.8785],[-90.0238,29.8831],[-90.0227,29.8992],[-90.0304,29.9007],[-90.03,29.9086],[-90.0374,29.9102],[-90.0384,29.894],[-90.0437,29.898],[-90.0427,29.9151],[-90.0524,29.9219],[-90.0572,29.9133],[-90.0598,29.9183],[-90.0681,29.9134],[-90.064,29.9081],[-90.0598,29.9117],[-90.0456,29.8961],[-90.0423,29.8689],[-90.0226,29.865],[-90.0299,29.8505],[-90.0684,29.8292],[-90.0717,29.8068],[-90.06,29.7841],[-90.0814,29.7685],[-90.0857,29.7757],[-90.1002,29.7786],[-90.0992,29.7948],[-90.0964,29.7917],[-90.0821,29.8102],[-90.0874,29.8678],[-90.07,29.8711],[-90.0795,29.8985],[-90.0706,29.9013],[-90.0806,29.9162],[-90.0856,29.9144],[-90.0833,29.9078],[-90.1085,29.8991],[-90.1068,29.8789],[-90.1141,29.8805],[-90.1091,29.8522],[-90.1167,29.848],[-90.1232,29.8489],[-90.1209,29.8546],[-90.131,29.8537],[-90.1678,29.8405],[-90.1744,29.848],[-90.1705,29.8589],[-90.1589,29.8676],[-90.1581,29.89],[-90.1239,29.8838],[-90.1196,29.8939],[-90.1188,29.9005],[-90.1306,29.9024],[-90.1274,29.9109],[-90.1386,29.9188],[-90.1401,29.9479],[-90.1442,29.9539],[-90.1572,29.9539],[-90.1842,29.9319],[-90.2064,29.9231],[-90.2148,29.9265],[-90.2303,29.9577],[-90.2525,29.9366],[-90.2756,29.9407]]]},"properties":{"geoid":"22008","state":"22","district":"8","name":"State Senate District 8","chamber":"Senate"}},{"type":"Feature","geometry":{"type":"Polygon","coordinates":[[[-90.2109,29.9778],[-90.2092,29.9737],[-90.1739,29.9714],[-90.1718,29.9596],[-90.1768,29.9566],[-90.1691,29.9444],[-90.1561,29.9545],[-90.1442,29.9539],[-90.1401,29.9479],[-90.1386,29.9188],[-90.122,29.9096],[-90.1162,29.9156],[-90.1103,29.9388],[-90.1166,29.9408],[-90.1145,29.9558],[-90.1251,29.9423],[-90.1376,29.9515],[-90.1277,29.9683],[-90.1521,29.9699],[-90.1523,29.9628],[-90.1623,29.9631],[-90.1618,29.9751],[-90.1258,29.9722],[-90.121,30.0235],[-90.1515,30.0197],[-90.1538,30.023],[-90.1824,30.0196],[-90.1965,30.0232],[-90.1955,30.0168],[-90.2035,30.0172],[-90.1974,30.0062],[-90.1857,30.0054],[-90.1844,29.9992],[-90.1931,29.9957],[-90.1887,29.9833],[-90.1958,29.9838],[-90.1933,29.9766],[-90.2109,29.9778]]]},"properties":{"geoid":"22009","state":"22","district":"9","name":"State Senate District 9","chamber":"Senate"}},{"type":"Feature","geometry":{"type":"Polygon","coordinates":[[[-90.2796,30.0239],[-90.2653,30.0226],[-90.2702,30.0169],[-90.2667,30.0102],[-90.2466,30.0137],[-90.2421,30.0096],[-90.2505,29.9977],[-90.2648,30.002],[-90.2657,29.9937],[-90.2744,29.9957],[-90.2742,29.9879],[-90.267,29.9828],[-90.2515,29.9812],[-90.2455,29.9981],[-90.2315,29.9972],[-90.2359,29.9794],[-90.2213,29.9778],[-90.2355,29.9705],[-90.2383,29.9639],[-90.231,29.9594],[-90.2148,29.9265],[-90.1973,29.9248],[-90.1691,29.9444],[-90.1768,29.9566],[-90.1718,29.9596],[-90.1739,29.9714],[-90.2092,29.9737],[-90.2109,29.9778],[-90.1933,29.9766],[-90.1958,29.9838],[-90.1887,29.9833],[-90.1925,29.9976],[-90.1844,29.9992],[-90.1857,30.0054],[-90.1974,30.0062],[-90.2034,30.0173],[-90.1955,30.0168],[-90.1965,30.0232],[-90.1824,30.0196],[-90.1806,30.0226],[-90.2213,30.0339],[-90.2357,30.0431],[-90.2454,30.0407],[-90.2589,30.0481],[-90.2769,30.05],[-90.2796,30.0239]]]},"properties":{"geoid":"22010","state":"22","district":"10","name":"State Senate District 10","chamber":"Senate"}},{"type":"Feature","geometry":{"type":"Polygon","coordinates":[[[-90.2446,30.5005],[-90.2441,30.4362],[-90.2073,30.4331],[-90.187,30.4237],[-90.1791,30.4284],[-90.1813,30.4321],[-90.1577,30.4247],[-90.1614,30.4144],[-90.1558,30.4122],[-90.1553,30.4043],[-90.1456,30.4083],[-90.1525,30.4141],[-90.1403,30.4134],[-90.1468,30.418],[-90.1252,30.4198],[-90.1266,30.4065],[-90.0886,30.3937],[-90.0948,30.3582],[-90.0575,30.342],[-90.0407,30.3214],[-90.019,30.3165],[-90.018,30.3207],[-89.9993,30.3093],[-89.9901,30.2878],[-89.9894,30.2625],[-89.9838,30.254],[-89.954,30.2561],[-89.9319,30.2462],[-89.8688,30.2463],[-89.8587,30.2552],[-89.8574,30.2637],[-89.8455,30.2652],[-89.8446,30.2725],[-89.8521,30.275],[-89.8529,30.2879],[-89.8603,30.2964],[-89.8581,30.3012],[-89.884,30.3013],[-89.8835,30.3187],[-89.8874,30.3187],[-89.8754,30.3329],[-89.8772,30.3507],[-89.873,30.3561],[-89.8801,30.381],[-89.8574,30.3798],[-89.8342,30.3712],[-89.8485,30.389],[-89.8578,30.4213],[-90.0051,30.4578],[-90.0171,30.4549],[-90.0358,30.4584],[-90.0413,30.4463],[-90.0577,30.4495],[-90.0492,30.46],[-90.0467,30.4757],[-90.0539,30.4827],[-90.0458,30.4831],[-90.0521,30.4958],[-90.0408,30.5043],[-90.059,30.5041],[-90.0735,30.49],[-90.0784,30.4922],[-90.0764,30.5041],[-90.0852,30.4999],[-90.085,30.5096],[-90.0975,30.52],[-90.1242,30.5235],[-90.15,30.5588],[-90.201,30.5606],[-90.2072,30.5506],[-90.204,30.5343],[-90.1856,30.5281],[-90.1835,30.5197],[-90.1674,30.5062],[-90.1698,30.4941],[-90.1879,30.4955],[-90.206,30.504],[-90.2398,30.5041],[-90.2446,30.5005]]]},"properties":{"geoid":"22011","state":"22","district":"11","name":"State Senate District 11","chamber":"Senate"}},{"type":"Feature","geometry":{"type":"Polygon","coordinates":[[[-90.5673,30.9783],[-90.567,30.7727],[-90.5331,30.7627],[-90.5328,30.6741],[-90.5237,30.6857],[-90.508,30.6858],[-90.5052,30.6501],[-90.4912,30.6499],[-90.4936,30.639],[-90.4871,30.6348],[-90.483,30.6211],[-90.4963,30.621],[-90.4854,30.5847],[-90.4745,30.5848],[-90.4742,30.5699],[-90.4825,30.5676],[-90.4828,30.5458],[-90.4292,30.5485],[-90.4201,30.5605],[-90.4104,30.5632],[-90.3841,30.5477],[-90.3841,30.5392],[-90.3771,30.53],[-90.3813,30.5123],[-90.3699,30.5077],[-90.206,30.504],[-90.1879,30.4955],[-90.1698,30.4941],[-90.1674,30.5062],[-90.1835,30.5197],[-90.1856,30.5281],[-90.204,30.5343],[-90.2072,30.5506],[-90.201,30.5606],[-90.15,30.5588],[-90.1242,30.5235],[-90.0975,30.52],[-90.085,30.5096],[-90.0852,30.4999],[-90.0764,30.5041],[-90.0784,30.4922],[-90.0735,30.49],[-90.059,30.5041],[-90.0408,30.5043],[-90.0521,30.4958],[-90.0458,30.4831],[-90.0539,30.4827],[-90.0467,30.4757],[-90.0492,30.46],[-90.0577,30.4495],[-90.0413,30.4463],[-90.0358,30.4584],[-90.0171,30.4549],[-90.0051,30.4578],[-89.9316,30.4384],[-89.907,30.4594],[-89.9132,30.4635],[-89.9127,30.4813],[-89.9061,30.478],[-89.8722,30.4817],[-89.8764,30.4956],[-89.8944,30.5056],[-89.9122,30.5062],[-89.9165,30.5167],[-89.912,30.5203],[-89.9147,30.5292],[-89.9054,30.5334],[-89.9078,30.5408],[-89.904,30.5504],[-89.9082,30.559],[-89.8973,30.5711],[-89.885,30.544],[-89.8755,30.5442],[-89.8714,30.5716],[-89.8673,30.5717],[-89.8208,30.5208],[-89.8168,30.5379],[-89.8341,30.5537],[-89.8214,30.5711],[-89.8081,30.5691],[-89.8093,30.58],[-89.8157,30.5855],[-89.807,30.5871],[-89.8194,30.5939],[-89.814,30.5983],[-89.8225,30.6057],[-89.8138,30.6073],[-89.8233,30.6077],[-89.8212,30.6196],[-89.8308,30.6176],[-89.8137,30.6375],[-89.823,30.6391],[-89.8207,30.6461],[-89.8257,30.6453],[-89.8332,30.6575],[-89.8407,30.6522],[-89.8408,30.6608],[-89.8523,30.6624],[-89.8437,30.6634],[-89.8378,30.6719],[-89.8472,30.67],[-89.8371,30.6779],[-89.8423,30.6803],[-89.8374,30.6878],[-89.8449,30.687],[-89.845,30.6906],[-89.8353,30.6918],[-89.8381,30.704],[-89.8467,30.7057],[-89.8401,30.7118],[-89.8425,30.7204],[-89.831,30.7155],[-89.8313,30.7226],[-89.8256,30.7274],[-89.8363,30.7272],[-89.8275,30.7321],[-89.8369,30.7349],[-89.8161,30.7389],[-89.8286,30.7374],[-89.8225,30.7546],[-89.8332,30.7533],[-89.8256,30.7584],[-89.8353,30.7705],[-89.8288,30.7687],[-89.8301,30.7814],[-89.8201,30.7824],[-89.8192,30.7952],[-89.8129,30.7936],[-89.8116,30.7875],[-89.8035,30.7911],[-89.8035,30.7946],[-89.8084,30.7918],[-89.8157,30.8034],[-89.8046,30.8025],[-89.7972,30.8118],[-89.7987,30.8209],[-89.7862,30.816],[-89.7815,30.8189],[-89.7876,30.8235],[-89.7823,30.8326],[-89.7907,30.8318],[-89.7875,30.8441],[-89.7925,30.8504],[-89.7816,30.8453],[-89.7834,30.856],[-89.7717,30.8547],[-89.7678,30.8656],[-89.7792,30.876],[-89.7771,30.8811],[-89.7696,30.8811],[-89.7734,30.8977],[-89.7587,30.8973],[-89.7567,30.9011],[-89.7642,30.9119],[-89.7501,30.9129],[-89.7448,30.9189],[-89.7528,30.9254],[-89.7489,30.9339],[-89.7565,30.9429],[-89.7357,30.9666],[-89.7271,30.9674],[-89.7371,30.9761],[-89.7301,30.9808],[-89.7278,30.9939],[-89.7355,30.9997],[-89.7287,31.0004],[-89.7296,31.0039],[-89.7505,30.9994],[-90.5672,30.9997],[-90.5673,30.9783]]]},"properties":{"geoid":"22012","state":"22","district":"12","name":"State Senate District 12","chamber":"Senate"}},{"type":"Feature","geometry":{"type":"Polygon","coordinates":[[[-90.9915,30.4617],[-90.9882,30.4548],[-90.9812,30.4528],[-90.987,30.4492],[-90.9813,30.4419],[-90.9724,30.4403],[-90.9808,30.4327],[-90.9824,30.4235],[-90.9637,30.4188],[-90.9657,30.4144],[-90.9579,30.4061],[-90.9714,30.4037],[-90.9682,30.389],[-90.9576,30.3886],[-90.9492,30.3944],[-90.9439,30.3917],[-90.9456,30.3793],[-90.9315,30.3713],[-90.937,30.3639],[-90.9331,30.3659],[-90.93,30.3616],[-90.9196,30.366],[-90.9148,30.3588],[-90.9054,30.3611],[-90.9033,30.3582],[-90.908,30.356],[-90.902,30.3549],[-90.9004,30.3475],[-90.8835,30.3427],[-90.8726,30.345],[-90.8645,30.3403],[-90.8585,30.3438],[-90.8551,30.3344],[-90.8472,30.3478],[-90.8535,30.3514],[-90.8486,30.3585],[-90.8403,30.349],[-90.8455,30.3397],[-90.8219,30.3307],[-90.8207,30.3384],[-90.815,30.3407],[-90.8172,30.3488],[-90.8086,30.36],[-90.7784,30.3699],[-90.7908,30.3571],[-90.7912,30.3466],[-90.7741,30.3442],[-90.7567,30.3513],[-90.7472,30.3467],[-90.7437,30.3384],[-90.7348,30.3394],[-90.7273,30.3282],[-90.7275,30.3121],[-90.7223,30.3001],[-90.7098,30.2925],[-90.7062,30.3037],[-90.7005,30.3095],[-90.6959,30.3081],[-90.6931,30.3179],[-90.6718,30.3251],[-90.6776,30.3325],[-90.6738,30.3413],[-90.712,30.3671],[-90.7247,30.3885],[-90.7144,30.4132],[-90.7005,30.4107],[-90.6875,30.4194],[-90.6831,30.4154],[-90.6688,30.4166],[-90.6773,30.4243],[-90.6822,30.4498],[-90.6724,30.4571],[-90.6733,30.463],[-90.6803,30.4645],[-90.6745,30.4729],[-90.6744,30.5003],[-90.6819,30.5137],[-90.6886,30.5156],[-90.6931,30.5296],[-90.6849,30.5333],[-90.686,30.5392],[-90.6718,30.5479],[-90.6669,30.5583],[-90.6581,30.5622],[-90.6574,30.5713],[-90.6465,30.5778],[-90.6436,30.6006],[-90.631,30.6089],[-90.6326,30.6128],[-90.6261,30.6184],[-90.6291,30.6396],[-90.6343,30.6413],[-90.6346,30.6499],[-90.9107,30.6494],[-90.9173,30.639],[-90.9264,30.6382],[-90.9402,30.6214],[-90.9385,30.618],[-90.9332,30.6204],[-90.9343,30.6129],[-90.9477,30.6098],[-90.9491,30.6041],[-90.96,30.6055],[-90.9569,30.5995],[-90.9624,30.6006],[-90.9649,30.5935],[-90.9659,30.5978],[-90.9718,30.5972],[-90.9809,30.5905],[-90.9804,30.5849],[-90.9856,30.5849],[-90.9832,30.5795],[-90.9881,30.5722],[-90.9713,30.5627],[-90.9759,30.5469],[-90.973,30.5409],[-90.9844,30.5306],[-90.9787,30.5288],[-90.9778,30.5243],[-90.9824,30.5224],[-90.9679,30.5044],[-90.9759,30.499],[-90.9699,30.4937],[-90.9787,30.4791],[-90.9745,30.4701],[-90.9915,30.4617]]]},"properties":{"geoid":"22013","state":"22","district":"13","name":"State Senate District 13","chamber":"Senate"}},{"type":"Feature","geometry":{"type":"Polygon","coordinates":[[[-91.2415,30.3579],[-91.2303,30.3411],[-91.1945,30.347],[-91.1541,30.3392],[-91.145,30.3313],[-91.1423,30.3199],[-91.1327,30.3134],[-91.1155,30.3127],[-91.093,30.3206],[-91.0327,30.3148],[-91.0172,30.3264],[-91.0294,30.3252],[-91.1031,30.3587],[-91.097,30.3677],[-91.1025,30.3696],[-91.0978,30.3792],[-91.1072,30.3887],[-91.1119,30.3886],[-91.123,30.3689],[-91.1744,30.4029],[-91.1782,30.4218],[-91.1686,30.427],[-91.1688,30.4385],[-91.1543,30.4442],[-91.1465,30.4402],[-91.1462,30.4274],[-91.1518,30.4227],[-91.1081,30.3974],[-91.1033,30.405],[-91.1176,30.4076],[-91.1302,30.4334],[-91.1431,30.4438],[-91.1226,30.445],[-91.1301,30.4676],[-91.1127,30.4766],[-91.1333,30.5047],[-91.1498,30.5093],[-91.1476,30.5154],[-91.1766,30.5162],[-91.1884,30.5329],[-91.196,30.5344],[-91.2089,30.5342],[-91.2093,30.523],[-91.2008,30.5177],[-91.1972,30.5071],[-91.1959,30.4387],[-91.1996,30.4198],[-91.2128,30.3971],[-91.2339,30.3753],[-91.2415,30.3579]]]},"properties":{"geoid":"22014","state":"22","district":"14","name":"State Senate District 14","chamber":"Senate"}},{"type":"Feature","geometry":{"type":"Polygon","coordinates":[[[-91.3166,30.5877],[-91.3105,30.5747],[-91.265,30.5722],[-91.2437,30.5546],[-91.2461,30.5359],[-91.2828,30.5172],[-91.2815,30.5061],[-91.2627,30.5052],[-91.2093,30.523],[-91.2089,30.5342],[-91.1884,30.5329],[-91.1766,30.5162],[-91.1476,30.5154],[-91.1498,30.5093],[-91.1311,30.5023],[-91.1127,30.4766],[-91.1301,30.4676],[-91.1274,30.4513],[-91.0814,30.4552],[-91.0816,30.4437],[-91.0574,30.4411],[-91.0565,30.4301],[-91.0375,30.4348],[-91.0401,30.4421],[-91.0269,30.4528],[-91.0353,30.4626],[-91.003,30.4676],[-91.0013,30.4784],[-90.9936,30.4794],[-91.0068,30.4909],[-91.0216,30.4877],[-91.0415,30.5074],[-91.0707,30.5012],[-91.0759,30.516],[-91.096,30.5257],[-91.0917,30.5334],[-91.1013,30.5435],[-91.0958,30.5512],[-91.1009,30.5707],[-91.0918,30.6022],[-91.0946,30.606],[-91.0903,30.61],[-91.1025,30.6276],[-91.0941,30.6408],[-91.1018,30.6487],[-91.1467,30.6474],[-91.1975,30.6553],[-91.2364,30.6468],[-91.2966,30.6474],[-91.2937,30.6277],[-91.3166,30.5877]]]},"properties":{"geoid":"22015","state":"22","district":"15","name":"State Senate District 15","chamber":"Senate"}},{"type":"Feature","geometry":{"type":"Polygon","coordinates":[[[-91.1782,30.4218],[-91.1744,30.4029],[-91.1436,30.3791],[-91.123,30.3689],[-91.1119,30.3886],[-91.1072,30.3887],[-91.0978,30.3792],[-91.1025,30.3696],[-91.097,30.3677],[-91.1031,30.3587],[-91.0298,30.3253],[-91.0196,30.3239],[-91.0137,30.3351],[-91.0011,30.3364],[-90.9929,30.3427],[-91.0049,30.3576],[-91.0218,30.3643],[-91.0172,30.3757],[-91.0357,30.3925],[-91.0185,30.3915],[-91.0142,30.427],[-91.0409,30.434],[-91.0565,30.4301],[-91.0574,30.4411],[-91.0816,30.4437],[-91.0814,30.4552],[-91.1228,30.4514],[-91.1226,30.445],[-91.1431,30.4444],[-91.1302,30.4334],[-91.1176,30.4076],[-91.1033,30.405],[-91.1081,30.3974],[-91.1518,30.4227],[-91.1462,30.4274],[-91.1465,30.4402],[-91.1543,30.4442],[-91.1688,30.4385],[-91.1686,30.427],[-91.1782,30.4218]]]},"properties":{"geoid":"22016","state":"22","district":"16","name":"State Senate District 16","chamber":"Senate"}},{"type":"Feature","geometry":{"type":"MultiPolygon","coordinates":[[[[-92.2127,30.8472],[-92.2079,30.7862],[-92.1723,30.7679],[-92.1725,30.6738],[-92.194,30.6593],[-92.1732,30.6395],[-92.1405,30.6228],[-92.1271,30.6334],[-92.1171,30.6511],[-92.0851,30.6445],[-92.0698,30.6247],[-92.0426,30.6154],[-92.0464,30.6115],[-92.0535,30.5473],[-92.0639,30.5363],[-92.0683,30.5187],[-92.0822,30.5203],[-92.0994,30.4643],[-92.0756,30.4617],[-92.069,30.437],[-92.0565,30.4235],[-92.0565,30.432],[-92.0311,30.432],[-92.0311,30.41],[-92.0363,30.4105],[-92.0413,30.3955],[-92.0576,30.3997],[-92.0528,30.3791],[-92.0487,30.3815],[-92.0426,30.3765],[-92.0517,30.3555],[-92.0493,30.3404],[-92.0392,30.337],[-92.0342,30.3399],[-92.0266,30.3578],[-91.9763,30.3498],[-91.9647,30.3518],[-91.9642,30.3612],[-91.9538,30.36],[-91.9469,30.348],[-91.9292,30.3489],[-91.9298,30.3435],[-91.9209,30.3418],[-91.9126,30.3294],[-91.8927,30.3328],[-91.8715,30.3438],[-91.8925,30.354],[-91.8872,30.3592],[-91.8737,30.3522],[-91.8583,30.3583],[-91.8296,30.3409],[-91.7952,30.3503],[-91.8127,30.3943],[-91.6789,30.3947],[-91.6943,30.4017],[-91.6985,30.4146],[-91.7133,30.4319],[-91.7187,30.4489],[-91.7397,30.453],[-91.7562,30.4981],[-91.7013,30.4977],[-91.6925,30.4813],[-91.6748,30.4745],[-91.6401,30.4427],[-91.6396,30.429],[-91.6281,30.4139],[-91.63,30.4071],[-91.6247,30.3944],[-91.629,30.3779],[-91.6433,30.3725],[-91.6481,30.3651],[-91.6255,30.3542],[-91.6275,30.3301],[-91.6211,30.3099],[-91.59,30.277],[-91.588,30.2571],[-91.5628,30.2419],[-91.5106,30.2407],[-91.4753,30.2295],[-91.4903,30.2016],[-91.4718,30.1863],[-91.4679,30.1604],[-91.4724,30.1421],[-91.4613,30.1312],[-91.4721,30.1142],[-91.4639,30.1027],[-91.3888,30.1024],[-91.378,30.0949],[-91.3718,30.0816],[-91.3688,30.0724],[-91.3721,30.0625],[-91.3667,30.0547],[-91.3538,30.0611],[-91.2691,30.0593],[-91.2559,30.0398],[-91.2419,30.0295],[-91.2254,30.0423],[-91.2219,30.0378],[-91.2242,30.0256],[-91.106,30.0627],[-91.1066,30.1085],[-91.0898,30.1087],[-91.0901,30.1411],[-91.1405,30.1682],[-91.1436,30.1504],[-91.1514,30.1568],[-91.161,30.1344],[-91.1656,30.1399],[-91.1541,30.172],[-91.164,30.1672],[-91.1742,30.177],[-91.1964,30.1624],[-91.1895,30.1559],[-91.2037,30.1306],[-91.2451,30.1394],[-91.2763,30.1264],[-91.2848,30.1447],[-91.283,30.19],[-91.243,30.2056],[-91.2284,30.2357],[-91.2029,30.2368],[-91.2232,30.2744],[-91.2396,30.2687],[-91.2275,30.2812],[-91.2336,30.286],[-91.257,30.272],[-91.2526,30.2662],[-91.2565,30.2635],[-91.262,30.2696],[-91.2385,30.293],[-91.2605,30.3407],[-91.2608,30.3633],[-91.2563,30.371],[-91.2807,30.3808],[-91.2539,30.3819],[-91.2801,30.3959],[-91.2785,30.3994],[-91.2449,30.3865],[-91.2424,30.39],[-91.2338,30.3868],[-91.2188,30.406],[-91.228,30.4095],[-91.2108,30.4323],[-91.2286,30.4415],[-91.2432,30.441],[-91.2452,30.4508],[-91.2266,30.4515],[-91.2251,30.4805],[-91.2191,30.4856],[-91.2187,30.4918],[-91.235,30.4925],[-91.2361,30.514],[-91.2683,30.5047],[-91.2815,30.5061],[-91.2847,30.5116],[-91.2809,30.5186],[-91.2461,30.5359],[-91.2423,30.548],[-91.2461,30.5583],[-91.2615,30.5711],[-91.3059,30.573],[-91.3155,30.5813],[-91.3153,30.5943],[-91.3019,30.6095],[-91.2935,30.6284],[-91.2966,30.6474],[-91.2364,30.6468],[-91.1975,30.6553],[-91.1589,30.6505],[-91.1573,30.659],[-91.1631,30.6635],[-91.1624,30.6689],[-91.1905,30.6728],[-91.1932,30.6813],[-91.2056,30.6904],[-91.19,30.7073],[-90.8398,30.7194],[-90.8504,30.7543],[-90.8419,30.7655],[-90.8441,30.7837],[-90.8408,30.7864],[-90.8448,30.7925],[-90.8432,30.7983],[-90.837,30.7968],[-90.8415,30.8085],[-90.8344,30.8148],[-90.8502,30.8314],[-90.8482,30.8397],[-90.8407,30.8402],[-90.8411,30.8476],[-90.8469,30.8491],[-90.8449,30.855],[-90.8583,30.8589],[-90.8532,30.866],[-90.8615,30.8711],[-90.8556,30.873],[-90.8454,30.8886],[-90.824,30.8905],[-90.7901,30.8811],[-90.6925,30.8404],[-90.6857,30.8491],[-90.6664,30.8335],[-90.6685,30.8524],[-90.651,30.8485],[-90.6477,30.856],[-90.6607,30.8687],[-90.6646,30.9143],[-90.6742,30.9256],[-90.6751,30.937],[-90.6864,30.9454],[-90.6883,30.9554],[-90.6677,30.9995],[-91.1762,30.9991],[-91.1823,30.9739],[-91.1902,30.9721],[-91.1894,30.9666],[-91.1952,30.9625],[-91.1947,30.9455],[-91.1868,30.9367],[-91.2,30.9192],[-91.2082,30.9176],[-91.2066,30.8931],[-91.2184,30.8916],[-91.2255,30.8699],[-91.2196,30.8647],[-91.2292,30.8543],[-91.2248,30.847],[-91.2325,30.828],[-91.2355,30.8353],[-91.2476,30.8334],[-91.2879,30.8067],[-91.3177,30.8007],[-91.3247,30.7897],[-91.3307,30.8294],[-91.3513,30.8037],[-91.3677,30.7935],[-91.3619,30.7834],[-91.3706,30.7785],[-91.366,30.767],[-91.3696,30.7598],[-91.3949,30.7659],[-91.395,30.7579],[-91.4504,30.7362],[-91.5001,30.741],[-91.5601,30.7317],[-91.5937,30.7491],[-91.5958,30.7605],[-91.5845,30.7728],[-91.5538,30.7794],[-91.5395,30.7912],[-91.5156,30.8614],[-91.5214,30.8901],[-91.5345,30.9063],[-91.554,30.9177],[-91.614,30.9181],[-91.6115,30.8997],[-91.5761,30.8934],[-91.5636,30.8833],[-91.5564,30.8486],[-91.5591,30.8398],[-91.5663,30.8363],[-91.5744,30.8444],[-91.588,30.8473],[-91.6296,30.8405],[-91.6526,30.848],[-91.6614,30.8571],[-91.6607,30.895],[-91.6449,30.929],[-91.6615,30.9644],[-91.6631,30.9844],[-91.6583,30.9944],[-91.6711,31.0106],[-91.6964,31.02],[-91.7176,31.0067],[-91.7501,31.0188],[-91.7726,31.0047],[-91.7805,30.9867],[-91.8037,30.9779],[-91.8017,30.8752],[-91.8043,30.8637],[-91.8223,30.8604],[-91.8153,30.8481],[-92.2127,30.8472]]],[[[-92.0404,30.4025],[-92.0395,30.4017],[-92.0394,30.4025],[-92.0404,30.4025]]]]},"properties":{"geoid":"22017","state":"22","district":"17","name":"State Senate District 17","chamber":"Senate"}},{"type":"Feature","geometry":{"type":"Polygon","coordinates":[[[-91.0591,30.2131],[-91.0374,30.2101],[-91.0369,30.2231],[-91.031,30.2255],[-91.024,30.2394],[-91.0151,30.2429],[-90.9949,30.2423],[-90.9912,30.2375],[-90.9669,30.2405],[-90.9638,30.2326],[-90.946,30.2327],[-90.9288,30.2429],[-90.9309,30.2473],[-90.9209,30.2473],[-90.9202,30.1889],[-90.9437,30.18],[-90.9548,30.1577],[-90.9411,30.1442],[-90.9224,30.1495],[-90.9244,30.1375],[-90.9423,30.1405],[-90.9496,30.1355],[-90.957,30.1133],[-90.9539,30.1081],[-90.9475,30.1116],[-90.9467,30.1296],[-90.9377,30.1366],[-90.9232,30.1304],[-90.9156,30.1133],[-90.8693,30.122],[-90.8739,30.1077],[-90.8628,30.1012],[-90.869,30.067],[-90.8428,30.0528],[-90.8319,30.0002],[-90.8246,29.9849],[-90.8179,29.981],[-90.7819,30.01],[-90.7632,30.0147],[-90.7243,30.014],[-90.6933,30.033],[-90.6991,30.0404],[-90.7032,30.0382],[-90.7193,30.0634],[-90.7119,30.077],[-90.7214,30.087],[-90.7251,30.1],[-90.7194,30.103],[-90.7239,30.1057],[-90.7193,30.1148],[-90.7222,30.1234],[-90.7081,30.1319],[-90.7115,30.14],[-90.7107,30.1478],[-90.7051,30.1491],[-90.7079,30.1537],[-90.6421,30.1664],[-90.6319,30.2212],[-90.6118,30.2142],[-90.6012,30.2175],[-90.5778,30.1972],[-90.5541,30.1956],[-90.5161,30.2213],[-90.5018,30.2504],[-90.5142,30.2659],[-90.5448,30.29],[-90.5604,30.2972],[-90.5685,30.294],[-90.5794,30.2983],[-90.5767,30.3038],[-90.5819,30.3065],[-90.5896,30.3071],[-90.5868,30.3022],[-90.5959,30.2988],[-90.6028,30.3036],[-90.609,30.2998],[-90.612,30.3098],[-90.6178,30.3008],[-90.6269,30.3081],[-90.6317,30.3033],[-90.6372,30.3076],[-90.6403,30.3023],[-90.6501,30.3003],[-90.6713,30.3203],[-90.6873,30.3211],[-90.6958,30.3149],[-90.6959,30.3081],[-90.7005,30.3095],[-90.7062,30.3037],[-90.7071,30.2946],[-90.715,30.2937],[-90.7261,30.3074],[-90.7271,30.3276],[-90.7348,30.3394],[-90.7437,30.3384],[-90.7472,30.3467],[-90.7567,30.3513],[-90.7741,30.3442],[-90.7912,30.3466],[-90.791,30.3568],[-90.7767,30.369],[-90.7796,30.37],[-90.8086,30.36],[-90.8172,30.3488],[-90.815,30.3407],[-90.8207,30.3384],[-90.8219,30.3307],[-90.8455,30.3397],[-90.8403,30.349],[-90.8486,30.3585],[-90.8535,30.3514],[-90.8472,30.3478],[-90.8541,30.3419],[-90.8547,30.3344],[-90.8589,30.3439],[-90.8645,30.3403],[-90.8726,30.345],[-90.8949,30.3458],[-90.9108,30.3395],[-90.9202,30.3458],[-90.9394,30.3403],[-90.9645,30.3469],[-90.9872,30.3457],[-91.0011,30.3364],[-91.0137,30.3351],[-91.0591,30.2131]]]},"properties":{"geoid":"22018","state":"22","district":"18","name":"State Senate District 18","chamber":"Senate"}},{"type":"Feature","geometry":{"type":"Polygon","coordinates":[[[-90.8857,29.9053],[-90.8851,29.8706],[-90.8503,29.8749],[-90.8606,29.8709],[-90.862,29.8555],[-90.8131,29.8403],[-90.8225,29.7987],[-90.8229,29.7911],[-90.816,29.7927],[-90.8154,29.7857],[-90.8098,29.7917],[-90.8055,29.7894],[-90.787,29.8372],[-90.7515,29.8258],[-90.7664,29.8044],[-90.7308,29.7926],[-90.7493,29.7673],[-90.7609,29.7683],[-90.7805,29.7606],[-90.778,29.7522],[-90.7659,29.7418],[-90.6824,29.7154],[-90.662,29.7168],[-90.6603,29.7379],[-90.6386,29.7329],[-90.6149,29.7341],[-90.607,29.7307],[-90.6184,29.7119],[-90.5757,29.6848],[-90.5667,29.6768],[-90.5624,29.6645],[-90.5388,29.6672],[-90.5421,29.6773],[-90.5282,29.6812],[-90.4693,29.6227],[-90.4528,29.6174],[-90.4415,29.6212],[-90.4432,29.6286],[-90.4375,29.6328],[-90.4188,29.6327],[-90.4162,29.6255],[-90.4009,29.6159],[-90.3969,29.6029],[-90.3143,29.6566],[-90.3172,29.6611],[-90.3137,29.667],[-90.3019,29.671],[-90.3,29.6766],[-90.3153,29.6803],[-90.316,29.6924],[-90.2282,29.692],[-90.2023,29.7507],[-90.1695,29.8064],[-90.1673,29.8185],[-90.1732,29.8275],[-90.1822,29.8277],[-90.2402,29.8621],[-90.2432,29.8807],[-90.2683,29.905],[-90.2756,29.9407],[-90.2525,29.9366],[-90.2303,29.9577],[-90.2383,29.9639],[-90.2355,29.9705],[-90.2213,29.9785],[-90.2359,29.9794],[-90.2315,29.9972],[-90.2455,29.9981],[-90.2515,29.9812],[-90.2739,29.9875],[-90.2744,29.9957],[-90.2657,29.9937],[-90.2648,30.002],[-90.2505,29.9977],[-90.2421,30.0096],[-90.2466,30.0137],[-90.2667,30.0102],[-90.2702,30.0169],[-90.2653,30.0226],[-90.2796,30.0235],[-90.2794,30.0428],[-90.2726,30.1078],[-90.2599,30.1634],[-90.1563,30.1896],[-90.154,30.2035],[-90.1606,30.2343],[-90.2978,30.2939],[-90.3205,30.299],[-90.3503,30.2968],[-90.3731,30.2835],[-90.3861,30.2869],[-90.4205,30.2798],[-90.4858,30.277],[-90.5161,30.2213],[-90.5541,30.1956],[-90.5778,30.1972],[-90.6012,30.2175],[-90.6118,30.2142],[-90.6319,30.2212],[-90.6537,30.0964],[-90.6709,30.0941],[-90.6612,30.0507],[-90.6494,30.0502],[-90.619,30.0323],[-90.6129,30.0348],[-90.6203,30.0585],[-90.6075,30.0589],[-90.6141,30.0759],[-90.5968,30.0763],[-90.5878,30.0498],[-90.5455,30.0477],[-90.5468,30.1115],[-90.5374,30.1107],[-90.5189,30.0768],[-90.505,30.0743],[-90.5088,30.0864],[-90.5054,30.0891],[-90.5007,30.0735],[-90.4902,30.0746],[-90.4879,30.0704],[-90.4793,30.0837],[-90.49,30.0843],[-90.4874,30.0935],[-90.5044,30.0926],[-90.5053,30.1002],[-90.4986,30.106],[-90.4416,30.0887],[-90.4618,30.0843],[-90.4846,30.0635],[-90.4937,30.0664],[-90.4969,30.0533],[-90.4787,30.0459],[-90.4742,30.0314],[-90.4758,30.0359],[-90.5383,30.0168],[-90.539,30.0022],[-90.5497,30.0027],[-90.5493,29.968],[-90.5322,29.9679],[-90.5296,29.885],[-90.5358,29.8913],[-90.553,29.8933],[-90.5946,29.8928],[-90.6093,29.8831],[-90.6121,29.8911],[-90.628,29.8952],[-90.6682,29.8894],[-90.6806,29.8925],[-90.6901,29.9049],[-90.697,29.9004],[-90.7092,29.9025],[-90.7092,29.8972],[-90.7171,29.8966],[-90.7232,29.907],[-90.7398,29.9045],[-90.7787,29.922],[-90.7858,29.9217],[-90.7854,29.9076],[-90.8857,29.9053]]]},"properties":{"geoid":"22019","state":"22","district":"19","name":"State Senate District 19","chamber":"Senate"}},{"type":"Feature","geometry":{"type":"Polygon","coordinates":[[[-91.3535,29.2498],[-91.3543,29.2396],[-91.3187,29.2084],[-91.2746,29.1896],[-91.2078,29.1712],[-91.1598,29.1684],[-91.1254,29.1465],[-91.1033,29.1384],[-91.02,29.1218],[-90.9692,29.1184],[-90.9604,29.1111],[-90.9894,29.1064],[-91.0121,29.0905],[-91.023,29.0674],[-91.0208,29.0461],[-91.0088,29.0269],[-90.9935,29.015],[-90.9321,28.9943],[-90.8226,28.9859],[-90.7469,28.9886],[-90.5525,29.0368],[-90.4918,29.0118],[-90.4062,28.9953],[-90.3684,29.0034],[-90.3443,29.0032],[-90.2391,29.0331],[-90.2101,29.0331],[-90.1513,29.0563],[-90.0926,29.092],[-90.0891,29.0946],[-90.0899,29.1641],[-90.0861,29.1744],[-90.0905,29.1809],[-90.062,29.2052],[-90.056,29.2304],[-90.0309,29.2675],[-90.0143,29.2753],[-89.9989,29.2992],[-90.0065,29.3134],[-90.0278,29.3268],[-90.0303,29.3448],[-90.0357,29.3509],[-90.0361,29.366],[-90.0286,29.3794],[-90.0333,29.3933],[-90.0223,29.4311],[-90.0376,29.4363],[-90.0421,29.4434],[-90.0374,29.4478],[-90.0486,29.4552],[-90.049,29.4615],[-90.0627,29.4592],[-90.0782,29.4661],[-90.0952,29.4614],[-90.1375,29.4772],[-90.1445,29.4974],[-90.1646,29.5235],[-90.1722,29.5412],[-90.192,29.5517],[-90.1862,29.5633],[-90.1585,29.57],[-90.1646,29.5799],[-90.1513,29.5884],[-90.1512,29.5986],[-90.1563,29.6019],[-90.1512,29.6091],[-90.1577,29.6094],[-90.1612,29.6234],[-90.1558,29.6775],[-90.1642,29.6769],[-90.1704,29.6835],[-90.1864,29.6809],[-90.1942,29.6902],[-90.2026,29.6916],[-90.316,29.6924],[-90.3153,29.6803],[-90.3,29.6766],[-90.3019,29.671],[-90.3137,29.667],[-90.3172,29.6611],[-90.3143,29.6566],[-90.3976,29.6029],[-90.4009,29.6159],[-90.4162,29.6255],[-90.4188,29.6327],[-90.4375,29.6328],[-90.4432,29.6286],[-90.4415,29.6212],[-90.4528,29.6174],[-90.4693,29.6227],[-90.5282,29.6812],[-90.5421,29.6773],[-90.5388,29.6672],[-90.5624,29.6645],[-90.5667,29.6768],[-90.5757,29.6848],[-90.6184,29.7119],[-90.607,29.7307],[-90.6149,29.7341],[-90.6386,29.7329],[-90.6603,29.7379],[-90.662,29.7168],[-90.6824,29.7154],[-90.7658,29.7417],[-90.778,29.7522],[-90.7805,29.7606],[-90.7661,29.7688],[-90.7986,29.7955],[-90.8049,29.7787],[-90.8,29.7542],[-90.805,29.7495],[-90.7973,29.7445],[-90.7845,29.7446],[-90.786,29.7321],[-90.7649,29.6941],[-90.7444,29.677],[-90.7273,29.6756],[-90.7078,29.6654],[-90.7232,29.6482],[-90.7401,29.6399],[-90.7347,29.6232],[-90.7503,29.6232],[-90.7434,29.6065],[-90.7533,29.6028],[-90.7604,29.6151],[-90.7711,29.6175],[-90.7626,29.6308],[-90.7714,29.6519],[-90.807,29.6461],[-90.8134,29.6417],[-90.8117,29.6383],[-90.8177,29.6468],[-90.82,29.6382],[-90.8228,29.6424],[-90.8562,29.6333],[-90.8484,29.6311],[-90.8484,29.6222],[-90.857,29.622],[-90.8568,29.6085],[-90.8889,29.6084],[-90.9051,29.5675],[-90.9192,29.5579],[-90.8693,29.5353],[-90.7965,29.5354],[-90.7924,29.5109],[-90.8219,29.4516],[-91.0647,29.4844],[-91.0987,29.4655],[-91.1022,29.4546],[-91.1191,29.4583],[-91.1374,29.4519],[-91.1482,29.4418],[-91.1921,29.4264],[-91.1967,29.4117],[-91.2134,29.4175],[-91.2198,29.398],[-91.2354,29.3741],[-91.2693,29.3582],[-91.2766,29.3298],[-91.2909,29.3208],[-91.2918,29.3114],[-91.3093,29.3057],[-91.3383,29.3089],[-91.3498,29.3226],[-91.3406,29.33],[-91.353,29.3315],[-91.3535,29.2498]]]},"properties":{"geoid":"22020","state":"22","district":"20","name":"State Senate District 20","chamber":"Senate"}},{"type":"Feature","geometry":{"type":"Polygon","coordinates":[[[-91.9352,29.6726],[-91.7233,29.6613],[-91.5913,29.5077],[-91.5919,29.3594],[-91.5607,29.3454],[-91.5297,29.3445],[-91.4211,29.3028],[-91.3916,29.2819],[-91.3543,29.2396],[-91.353,29.3315],[-91.3406,29.33],[-91.3498,29.3226],[-91.3383,29.3089],[-91.3093,29.3057],[-91.2918,29.3114],[-91.2909,29.3208],[-91.2766,29.3298],[-91.2693,29.3582],[-91.2354,29.3741],[-91.2198,29.398],[-91.2134,29.4175],[-91.1967,29.4117],[-91.1921,29.4264],[-91.1482,29.4418],[-91.1374,29.4519],[-91.1191,29.4583],[-91.1022,29.4546],[-91.0987,29.4655],[-91.0647,29.4844],[-90.8221,29.4515],[-90.7924,29.5109],[-90.7965,29.5354],[-90.8693,29.5353],[-90.9192,29.5579],[-90.9051,29.5675],[-90.8889,29.6084],[-90.8568,29.6085],[-90.857,29.622],[-90.8484,29.6222],[-90.8484,29.6311],[-90.8562,29.6333],[-90.8228,29.6424],[-90.82,29.6382],[-90.8177,29.6468],[-90.8117,29.6383],[-90.8134,29.6417],[-90.807,29.6461],[-90.7714,29.6519],[-90.7626,29.6308],[-90.7711,29.6175],[-90.7604,29.6151],[-90.7533,29.6028],[-90.7434,29.6065],[-90.7503,29.6232],[-90.7347,29.6232],[-90.7401,29.6399],[-90.7232,29.6482],[-90.7078,29.6654],[-90.7273,29.6756],[-90.7444,29.677],[-90.7649,29.6941],[-90.786,29.7321],[-90.7845,29.7446],[-90.7973,29.7445],[-90.805,29.7495],[-90.8,29.7542],[-90.8049,29.7787],[-90.7986,29.7955],[-90.7649,29.7667],[-90.7493,29.7673],[-90.7308,29.7926],[-90.7664,29.8044],[-90.7515,29.8258],[-90.7862,29.8374],[-90.7957,29.8222],[-90.8055,29.7894],[-90.8098,29.7917],[-90.8104,29.7762],[-90.8278,29.7758],[-90.8279,29.7646],[-90.8457,29.7547],[-90.8743,29.763],[-90.8883,29.7726],[-90.8693,29.8019],[-90.8536,29.7942],[-90.8594,29.7841],[-90.8453,29.7795],[-90.8382,29.7994],[-90.9205,29.8295],[-90.9424,29.8327],[-90.9596,29.8455],[-90.992,29.8151],[-90.982,29.8013],[-90.9898,29.7877],[-91.0462,29.7674],[-91.0679,29.7703],[-91.0711,29.7622],[-91.0838,29.7599],[-91.0944,29.7646],[-91.1002,29.772],[-91.096,29.7789],[-91.1001,29.7851],[-91.0927,29.8014],[-91.1095,29.8239],[-91.0847,29.8267],[-91.0783,29.8229],[-91.0777,29.829],[-91.0872,29.8383],[-91.0912,29.8506],[-91.0587,29.887],[-91.0243,29.8956],[-91.0292,29.9096],[-91.0446,29.9203],[-91.0554,29.9411],[-91.0449,29.9442],[-91.0511,29.9612],[-91.0628,29.9635],[-91.0867,29.9494],[-91.0904,29.9532],[-91.0991,29.952],[-91.1055,29.9655],[-91.1172,29.9603],[-91.1221,29.9635],[-91.129,29.9502],[-91.1384,29.9465],[-91.1434,29.9599],[-91.1381,29.9637],[-91.1551,29.9814],[-91.1499,29.9988],[-91.1372,30.0026],[-91.1343,30.0104],[-91.1274,30.0075],[-91.1261,30.0154],[-91.0901,30.0035],[-91.0891,30.0628],[-91.106,30.0627],[-91.2242,30.0256],[-91.2219,30.0378],[-91.2254,30.0423],[-91.2419,30.0295],[-91.2559,30.0398],[-91.2691,30.0593],[-91.3406,30.0615],[-91.3667,30.0547],[-91.3691,30.059],[-91.4882,30.0582],[-91.4954,30.0414],[-91.5062,30.039],[-91.5078,30.0333],[-91.6002,30.033],[-91.6077,30.0463],[-91.606,30.0575],[-91.6122,30.0677],[-91.6206,30.0696],[-91.6166,30.0616],[-91.6255,30.0379],[-91.6179,30.025],[-91.6215,30.0214],[-91.6453,30.0227],[-91.6515,30.015],[-91.6727,30.0183],[-91.6728,30.034],[-91.6904,30.0337],[-91.6923,30.043],[-91.7387,30.0494],[-91.7407,30.0671],[-91.7526,30.0721],[-91.767,30.0661],[-91.7739,30.0445],[-91.7863,30.0367],[-91.7835,30.0317],[-91.7764,30.0323],[-91.7739,30.0154],[-91.7791,30.0022],[-91.7049,29.987],[-91.7264,29.9657],[-91.7135,29.957],[-91.7537,29.9792],[-91.7715,29.9417],[-91.7895,29.9482],[-91.7923,29.9337],[-91.8021,29.9338],[-91.801,29.92],[-91.7846,29.9185],[-91.7876,29.8522],[-91.795,29.8398],[-91.8056,29.8417],[-91.8081,29.8295],[-91.815,29.831],[-91.8201,29.8191],[-91.8263,29.8222],[-91.8149,29.788],[-91.801,29.78],[-91.9352,29.6726]]]},"properties":{"geoid":"22021","state":"22","district":"21","name":"State Senate District 21","chamber":"Senate"}},{"type":"Feature","geometry":{"type":"Polygon","coordinates":[[[-92.0676,30.1379],[-92.0475,30.121],[-92.0493,30.1092],[-92.0325,30.1093],[-92.0325,30.1399],[-91.9917,30.1449],[-91.991,30.1607],[-91.9756,30.1502],[-91.9813,30.1306],[-91.9457,30.1337],[-91.9414,30.0998],[-91.9646,30.037],[-91.9679,30.0382],[-91.994,29.9827],[-91.972,29.8323],[-92.0001,29.6134],[-92.0232,29.5872],[-92.0386,29.585],[-92.0429,29.5781],[-92.0456,29.5058],[-92.041,29.4905],[-92.0164,29.4669],[-91.9839,29.4607],[-91.9648,29.4394],[-91.9132,29.4202],[-91.9063,29.3874],[-91.8964,29.3741],[-91.875,29.362],[-91.8494,29.3591],[-91.8328,29.3626],[-91.7932,29.3825],[-91.7775,29.3961],[-91.7367,29.3696],[-91.7122,29.3606],[-91.6889,29.3616],[-91.6625,29.3746],[-91.644,29.3756],[-91.6193,29.362],[-91.5919,29.3594],[-91.5913,29.5077],[-91.7233,29.6613],[-91.9352,29.6726],[-91.801,29.78],[-91.8149,29.788],[-91.8263,29.8222],[-91.8201,29.8191],[-91.815,29.831],[-91.8081,29.8295],[-91.8056,29.8417],[-91.795,29.8398],[-91.7876,29.8522],[-91.7846,29.9185],[-91.801,29.92],[-91.8021,29.9338],[-91.7923,29.9337],[-91.7895,29.9482],[-91.7715,29.9417],[-91.7537,29.9792],[-91.7135,29.957],[-91.7264,29.9657],[-91.7049,29.987],[-91.7791,30.0022],[-91.7739,30.0154],[-91.7764,30.0323],[-91.7835,30.0317],[-91.7863,30.0367],[-91.7744,30.0438],[-91.7717,30.0583],[-91.7638,30.069],[-91.7436,30.0699],[-91.7387,30.0494],[-91.6923,30.043],[-91.6904,30.0337],[-91.6728,30.034],[-91.6727,30.0183],[-91.6515,30.015],[-91.6453,30.0227],[-91.6215,30.0214],[-91.6179,30.025],[-91.6255,30.0379],[-91.6166,30.0616],[-91.6206,30.0696],[-91.6122,30.0677],[-91.606,30.0575],[-91.6077,30.0463],[-91.6002,30.033],[-91.5078,30.0333],[-91.5062,30.039],[-91.4954,30.0414],[-91.4882,30.0582],[-91.3688,30.0588],[-91.3721,30.0645],[-91.3688,30.0724],[-91.378,30.0949],[-91.3888,30.1024],[-91.4639,30.1027],[-91.4703,30.1093],[-91.472,30.1148],[-91.4613,30.1312],[-91.4724,30.1421],[-91.4679,30.1604],[-91.4718,30.1863],[-91.4903,30.2016],[-91.4753,30.2295],[-91.5106,30.2407],[-91.5628,30.2419],[-91.588,30.2571],[-91.59,30.277],[-91.6211,30.3099],[-91.6275,30.3301],[-91.6255,30.3542],[-91.6481,30.3651],[-91.6433,30.3725],[-91.629,30.3779],[-91.6247,30.3944],[-91.63,30.4071],[-91.6281,30.4139],[-91.6396,30.429],[-91.6401,30.4427],[-91.6748,30.4745],[-91.6925,30.4813],[-91.7013,30.4977],[-91.7562,30.4981],[-91.7397,30.453],[-91.7187,30.4489],[-91.7133,30.4319],[-91.6985,30.4146],[-91.6943,30.4017],[-91.6789,30.3947],[-91.8127,30.3943],[-91.7952,30.3503],[-91.8296,30.3409],[-91.8583,30.3583],[-91.8737,30.3522],[-91.8872,30.3592],[-91.8925,30.354],[-91.8564,30.3367],[-91.8516,30.3317],[-91.8525,30.3239],[-91.8778,30.3132],[-91.9031,30.3119],[-91.9318,30.2977],[-91.8974,30.2661],[-91.8917,30.2701],[-91.8807,30.2456],[-91.9049,30.2307],[-91.9526,30.2244],[-91.9579,30.2119],[-91.9769,30.2109],[-91.9926,30.2171],[-92.0006,30.214],[-92.0078,30.2028],[-92.0063,30.1975],[-92.0162,30.1953],[-92.0166,30.1836],[-92.0676,30.1379]]]},"properties":{"geoid":"22022","state":"22","district":"22","name":"State Senate District 22","chamber":"Senate"}},{"type":"Feature","geometry":{"type":"Polygon","coordinates":[[[-92.1763,30.2702],[-92.1761,30.2354],[-92.1298,30.2352],[-92.1297,30.2211],[-92.142,30.221],[-92.1411,30.1957],[-92.1323,30.1922],[-92.125,30.1922],[-92.1248,30.197],[-92.1054,30.1948],[-92.1109,30.1877],[-92.1058,30.1803],[-92.1045,30.1617],[-92.1147,30.1462],[-92.1121,30.1398],[-92.1199,30.1218],[-92.113,30.1199],[-92.0879,30.128],[-92.0892,30.1129],[-92.0771,30.1013],[-92.0732,30.0815],[-92.0662,30.0739],[-91.9646,30.037],[-91.9414,30.0998],[-91.9457,30.1337],[-91.9813,30.1306],[-91.9756,30.1502],[-91.991,30.1607],[-91.9917,30.1449],[-92.0325,30.1399],[-92.0325,30.1093],[-92.0493,30.1092],[-92.0475,30.121],[-92.0676,30.1379],[-92.0165,30.1837],[-92.0162,30.1953],[-92.0061,30.198],[-92.0075,30.2142],[-92.0118,30.207],[-92.016,30.2101],[-92.0132,30.213],[-92.0259,30.2224],[-92.0324,30.2348],[-92.0626,30.2349],[-92.0663,30.2541],[-92.0787,30.254],[-92.0788,30.2576],[-92.0911,30.2542],[-92.0914,30.2978],[-92.1422,30.2988],[-92.1421,30.2845],[-92.1595,30.2847],[-92.1593,30.27],[-92.1763,30.2702]]]},"properties":{"geoid":"22023","state":"22","district":"23","name":"State Senate District 23","chamber":"Senate"}},{"type":"Feature","geometry":{"type":"Polygon","coordinates":[[[-92.4279,30.4875],[-92.4279,30.4807],[-92.4237,30.48],[-92.2448,30.4802],[-92.2442,30.4367],[-92.1764,30.4369],[-92.1758,30.3497],[-92.1586,30.3499],[-92.1585,30.3208],[-92.1415,30.3208],[-92.1422,30.2988],[-92.0914,30.2978],[-92.0911,30.2542],[-92.0788,30.2576],[-92.0787,30.254],[-92.0663,30.2541],[-92.0626,30.2349],[-92.0324,30.2348],[-92.0118,30.207],[-92.0075,30.2142],[-92.004,30.2081],[-91.9926,30.2171],[-91.9769,30.2109],[-91.9579,30.2119],[-91.9526,30.2244],[-91.9049,30.2307],[-91.8807,30.2456],[-91.8917,30.2701],[-91.8974,30.2661],[-91.9146,30.2787],[-91.911,30.2815],[-91.9287,30.2909],[-91.9318,30.2984],[-91.9004,30.3128],[-91.8741,30.3144],[-91.8516,30.326],[-91.8535,30.3344],[-91.8715,30.3438],[-91.8927,30.3328],[-91.9126,30.3294],[-91.9209,30.3418],[-91.9298,30.3435],[-91.9292,30.3489],[-91.9469,30.348],[-91.9538,30.36],[-91.9642,30.3612],[-91.9647,30.3518],[-91.9763,30.3498],[-92.0266,30.3578],[-92.0342,30.3399],[-92.0392,30.337],[-92.0493,30.3404],[-92.0517,30.3555],[-92.0426,30.3765],[-92.0487,30.3815],[-92.0528,30.3791],[-92.0576,30.3997],[-92.0413,30.3955],[-92.0363,30.4105],[-92.0311,30.41],[-92.0311,30.432],[-92.0565,30.432],[-92.0565,30.4235],[-92.069,30.437],[-92.0756,30.4617],[-92.0994,30.4643],[-92.0822,30.5203],[-92.0683,30.5187],[-92.0639,30.5363],[-92.0535,30.5473],[-92.0464,30.6115],[-92.0425,30.6147],[-92.054,30.6164],[-92.0559,30.623],[-92.06,30.6198],[-92.0698,30.6247],[-92.0856,30.6447],[-92.1171,30.6511],[-92.1271,30.6334],[-92.1405,30.6228],[-92.1732,30.6395],[-92.194,30.6593],[-92.2005,30.6562],[-92.2038,30.6255],[-92.2116,30.6169],[-92.2115,30.5681],[-92.2624,30.5683],[-92.2627,30.5387],[-92.3595,30.5389],[-92.3894,30.52],[-92.3892,30.4875],[-92.4061,30.4875],[-92.4062,30.5011],[-92.4152,30.5013],[-92.4175,30.4876],[-92.4279,30.4875]],[[-92.0404,30.4024],[-92.0394,30.4025],[-92.0395,30.4017],[-92.0404,30.4024]]]},"properties":{"geoid":"22024","state":"22","district":"24","name":"State Senate District 24","chamber":"Senate"}},{"type":"Feature","geometry":{"type":"Polygon","coordinates":[[[-93.9292,29.803],[-93.9224,29.785],[-93.8922,29.7652],[-93.8914,29.7443],[-93.87,29.7355],[-93.8374,29.6899],[-93.8144,29.5966],[-93.7859,29.6059],[-93.7704,29.6239],[-93.7655,29.6441],[-93.7701,29.6708],[-93.7115,29.6903],[-93.5146,29.7151],[-93.4328,29.7185],[-93.3872,29.7138],[-93.3655,29.6994],[-93.3393,29.6951],[-93.3108,29.702],[-93.2874,29.7243],[-93.2235,29.7264],[-93.1251,29.7062],[-93.0291,29.6779],[-92.7676,29.5709],[-92.6658,29.5379],[-92.6161,29.5271],[-92.616,30.0383],[-92.7372,30.0375],[-92.7239,30.0487],[-92.6976,30.054],[-92.6951,30.0618],[-92.6846,30.0595],[-92.6739,30.0706],[-92.6608,30.0691],[-92.6542,30.079],[-92.6496,30.0731],[-92.6384,30.0718],[-92.6308,30.0794],[-92.6328,30.0849],[-92.6266,30.0847],[-92.6284,30.0918],[-92.6186,30.0931],[-92.6153,30.0888],[-92.6048,30.0983],[-92.5818,30.0974],[-92.5679,30.1041],[-92.5681,30.1111],[-92.5603,30.1111],[-92.5571,30.116],[-92.5429,30.1066],[-92.5346,30.1079],[-92.535,30.1038],[-92.5294,30.1066],[-92.5293,30.098],[-92.5191,30.0933],[-92.5212,30.0872],[-92.5143,30.0882],[-92.5171,30.0857],[-92.5074,30.0824],[-92.5077,30.0777],[-92.4924,30.0761],[-92.4847,30.0648],[-92.4782,30.0665],[-92.4232,30.0493],[-92.4196,30.0511],[-92.4209,30.0807],[-92.4125,30.081],[-92.4126,30.1141],[-92.4211,30.1141],[-92.4214,30.1442],[-92.4862,30.143],[-92.4983,30.1483],[-92.4984,30.154],[-92.5238,30.1557],[-92.5223,30.1799],[-92.5424,30.1796],[-92.536,30.1965],[-92.5525,30.2093],[-92.5602,30.2086],[-92.5736,30.2161],[-92.5753,30.224],[-92.5697,30.2227],[-92.5687,30.2302],[-92.5643,30.2303],[-92.5641,30.2421],[-92.5537,30.2442],[-92.5567,30.2476],[-92.5527,30.2533],[-92.5603,30.2723],[-92.55,30.2946],[-92.5523,30.3062],[-92.5429,30.309],[-92.5435,30.3346],[-92.5357,30.3506],[-92.5398,30.3525],[-92.5375,30.3611],[-92.5464,30.3616],[-92.549,30.3698],[-92.5186,30.3995],[-92.5505,30.4003],[-92.5517,30.3924],[-92.5808,30.3924],[-92.579,30.4],[-92.6041,30.4],[-92.6048,30.4124],[-92.5946,30.4203],[-92.6038,30.4352],[-92.6006,30.4378],[-92.6231,30.4566],[-92.6215,30.4649],[-92.6259,30.4658],[-92.6338,30.4827],[-92.6303,30.488],[-92.774,30.4882],[-92.7757,30.4376],[-93.0655,30.4387],[-93.0654,30.4243],[-93.1312,30.4236],[-93.1311,30.38],[-93.0874,30.3797],[-93.0946,30.3762],[-93.0962,30.3666],[-93.0879,30.3562],[-93.095,30.3553],[-93.1,30.3481],[-93.0955,30.3319],[-93.1029,30.3238],[-93.1067,30.3294],[-93.1123,30.3262],[-93.1092,30.322],[-93.1151,30.3219],[-93.1191,30.3132],[-93.1141,30.3134],[-93.1122,30.3049],[-93.1216,30.2955],[-93.1219,30.2883],[-93.13,30.2859],[-93.1289,30.1911],[-93.1369,30.191],[-93.141,30.1984],[-93.1608,30.2052],[-93.1801,30.2085],[-93.1801,30.1982],[-93.2186,30.1983],[-93.2186,30.1835],[-93.2494,30.1835],[-93.2494,30.1969],[-93.2771,30.1979],[-93.2862,30.1754],[-93.3071,30.1698],[-93.31,30.1732],[-93.306,30.1817],[-93.3119,30.1824],[-93.3185,30.1743],[-93.3196,30.1615],[-93.3327,30.1524],[-93.3313,30.1463],[-93.3196,30.1453],[-93.3163,30.1399],[-93.3285,30.1316],[-93.3363,30.113],[-93.3254,30.0935],[-93.309,30.1013],[-93.3009,30.0917],[-93.3025,30.0807],[-93.3229,30.0688],[-93.3126,30.0522],[-93.7213,30.0523],[-93.7374,30.0373],[-93.7411,30.0216],[-93.7566,30.0142],[-93.7706,29.9965],[-93.7894,29.9878],[-93.8078,29.9545],[-93.8173,29.9184],[-93.8406,29.88],[-93.8636,29.8572],[-93.9164,29.825],[-93.9292,29.803]]]},"properties":{"geoid":"22025","state":"22","district":"25","name":"State Senate District 25","chamber":"Senate"}},{"type":"Feature","geometry":{"type":"Polygon","coordinates":[[[-92.7372,30.0375],[-92.616,30.0383],[-92.6173,29.5271],[-92.405,29.5003],[-92.2937,29.4815],[-92.2317,29.4919],[-92.1833,29.5183],[-92.1334,29.5339],[-92.078,29.5315],[-92.0456,29.5058],[-92.0429,29.5781],[-92.0386,29.585],[-92.0232,29.5872],[-92.0001,29.6134],[-91.972,29.8323],[-91.994,29.9827],[-91.9679,30.0382],[-92.0662,30.0739],[-92.0732,30.0815],[-92.0771,30.1013],[-92.0892,30.1129],[-92.0879,30.128],[-92.113,30.1199],[-92.1199,30.1218],[-92.1121,30.1398],[-92.1147,30.1462],[-92.1045,30.1617],[-92.1058,30.1803],[-92.1109,30.1877],[-92.1054,30.1948],[-92.1248,30.197],[-92.125,30.1922],[-92.1323,30.1922],[-92.1411,30.1957],[-92.142,30.221],[-92.1297,30.2211],[-92.1298,30.2352],[-92.1761,30.2354],[-92.1763,30.2702],[-92.1593,30.27],[-92.1595,30.2847],[-92.1421,30.2845],[-92.1415,30.3197],[-92.1585,30.3208],[-92.1586,30.3499],[-92.1758,30.3497],[-92.1764,30.4369],[-92.2442,30.4367],[-92.2448,30.4802],[-92.632,30.4812],[-92.6259,30.4658],[-92.6215,30.4649],[-92.6231,30.4566],[-92.6123,30.4505],[-92.5977,30.4295],[-92.5947,30.4195],[-92.6009,30.4189],[-92.6048,30.4124],[-92.6041,30.4],[-92.579,30.4],[-92.5808,30.3924],[-92.5517,30.3924],[-92.5505,30.4003],[-92.5186,30.3995],[-92.549,30.3698],[-92.5464,30.3616],[-92.5375,30.3611],[-92.5398,30.3525],[-92.5357,30.3506],[-92.5435,30.3346],[-92.5429,30.309],[-92.5523,30.3062],[-92.55,30.2946],[-92.5603,30.2723],[-92.5527,30.2533],[-92.5567,30.2476],[-92.5537,30.2442],[-92.5641,30.2421],[-92.5643,30.2303],[-92.5687,30.2302],[-92.5697,30.2227],[-92.5753,30.224],[-92.5736,30.2161],[-92.5602,30.2086],[-92.5525,30.2093],[-92.536,30.1965],[-92.5424,30.1796],[-92.5223,30.1799],[-92.5238,30.1557],[-92.4984,30.154],[-92.4983,30.1483],[-92.4862,30.143],[-92.4214,30.1442],[-92.4211,30.1141],[-92.4126,30.1141],[-92.4125,30.081],[-92.4209,30.0807],[-92.4196,30.0511],[-92.4396,30.0519],[-92.4777,30.0663],[-92.4847,30.0648],[-92.4924,30.0761],[-92.5077,30.0777],[-92.5074,30.0824],[-92.5171,30.0857],[-92.5143,30.0882],[-92.5212,30.0872],[-92.5191,30.0933],[-92.5293,30.098],[-92.5294,30.1066],[-92.535,30.1038],[-92.5346,30.1079],[-92.5429,30.1066],[-92.5571,30.116],[-92.5603,30.1111],[-92.5681,30.1111],[-92.5679,30.1041],[-92.5818,30.0974],[-92.6048,30.0983],[-92.6153,30.0888],[-92.6186,30.0931],[-92.6284,30.0918],[-92.6266,30.0847],[-92.6328,30.0849],[-92.6308,30.0794],[-92.6384,30.0718],[-92.6496,30.0731],[-92.6542,30.079],[-92.6608,30.0691],[-92.6739,30.0706],[-92.6846,30.0595],[-92.6951,30.0618],[-92.6976,30.054],[-92.7239,30.0487],[-92.7372,30.0375]]]},"properties":{"geoid":"22026","state":"22","district":"26","name":"State Senate District 26","chamber":"Senate"}},{"type":"Feature","geometry":{"type":"Polygon","coordinates":[[[-93.5305,30.0519],[-93.3126,30.0522],[-93.3229,30.0688],[-93.3025,30.0807],[-93.3009,30.0917],[-93.309,30.1013],[-93.3254,30.0935],[-93.3363,30.113],[-93.3285,30.1316],[-93.3163,30.1399],[-93.3328,30.1506],[-93.3196,30.1615],[-93.3167,30.1783],[-93.307,30.183],[-93.3071,30.1698],[-93.2862,30.1754],[-93.2771,30.1979],[-93.2494,30.1969],[-93.2494,30.1835],[-93.2186,30.1835],[-93.2186,30.1983],[-93.1801,30.1982],[-93.1801,30.2085],[-93.1608,30.2052],[-93.141,30.1984],[-93.1369,30.191],[-93.1289,30.1911],[-93.13,30.2859],[-93.1219,30.2883],[-93.1216,30.2955],[-93.1122,30.3049],[-93.1141,30.3134],[-93.1191,30.3132],[-93.1151,30.3219],[-93.1092,30.322],[-93.1123,30.3262],[-93.1067,30.3294],[-93.1029,30.3238],[-93.0955,30.3319],[-93.1,30.3481],[-93.095,30.3553],[-93.0879,30.3562],[-93.0962,30.3666],[-93.0946,30.3762],[-93.0874,30.3797],[-93.1311,30.38],[-93.1312,30.4031],[-93.2891,30.4027],[-93.291,30.3901],[-93.2967,30.3863],[-93.2933,30.375],[-93.3023,30.3658],[-93.2994,30.3585],[-93.2917,30.3563],[-93.2943,30.3488],[-93.2886,30.3483],[-93.2908,30.3442],[-93.2858,30.3419],[-93.3211,30.3368],[-93.3215,30.3298],[-93.3329,30.326],[-93.3532,30.3261],[-93.369,30.3378],[-93.3681,30.3078],[-93.356,30.2902],[-93.3736,30.2928],[-93.3823,30.3066],[-93.392,30.3046],[-93.4021,30.3099],[-93.4018,30.3003],[-93.3849,30.3002],[-93.3849,30.2491],[-93.3938,30.249],[-93.3939,30.2348],[-93.3976,30.234],[-93.3976,30.2273],[-93.3848,30.2273],[-93.3848,30.2237],[-93.3889,30.2237],[-93.3888,30.216],[-93.444,30.2092],[-93.4436,30.1839],[-93.4394,30.1835],[-93.4391,30.1731],[-93.435,30.1722],[-93.4346,30.1398],[-93.5187,30.1392],[-93.518,30.0812],[-93.5225,30.0807],[-93.5224,30.0555],[-93.5305,30.0519]]]},"properties":{"geoid":"22027","state":"22","district":"27","name":"State Senate District 27","chamber":"Senate"}},{"type":"Feature","geometry":{"type":"MultiPolygon","coordinates":[[[[-93.1312,30.5084],[-93.1312,30.4236],[-93.0654,30.4243],[-93.0655,30.4387],[-92.7756,30.4377],[-92.774,30.4882],[-92.6303,30.488],[-92.6338,30.4827],[-92.6255,30.4807],[-92.4237,30.48],[-92.4279,30.4807],[-92.4279,30.4875],[-92.4175,30.4876],[-92.4175,30.501],[-92.4062,30.5011],[-92.4061,30.4875],[-92.3892,30.4875],[-92.3894,30.52],[-92.3595,30.5389],[-92.2627,30.5387],[-92.2624,30.5683],[-92.2115,30.5681],[-92.2116,30.6169],[-92.2038,30.6255],[-92.2005,30.6562],[-92.1725,30.6738],[-92.1723,30.7679],[-92.2067,30.7845],[-92.2114,30.7932],[-92.2126,30.8486],[-91.8153,30.8481],[-91.8223,30.8604],[-91.8043,30.8637],[-91.8017,30.8752],[-91.8002,30.9246],[-91.8056,30.9744],[-91.7976,30.9824],[-91.7798,30.9873],[-91.7726,31.0047],[-91.7266,31.0399],[-91.7156,31.059],[-91.7098,31.0766],[-91.7182,31.0814],[-91.7194,31.0877],[-91.7034,31.1057],[-91.706,31.1136],[-91.7159,31.117],[-91.7187,31.1228],[-91.719,31.1346],[-91.7093,31.1538],[-91.7347,31.1613],[-91.7493,31.1529],[-91.752,31.1463],[-91.7652,31.1459],[-91.7681,31.1416],[-91.776,31.1487],[-91.8071,31.1572],[-91.811,31.1491],[-91.8258,31.1448],[-91.8327,31.1487],[-91.8417,31.1375],[-91.8526,31.1349],[-91.8652,31.1428],[-91.8898,31.1348],[-91.8958,31.1484],[-91.8901,31.1606],[-91.8984,31.1768],[-91.9065,31.1809],[-91.92,31.1784],[-91.9196,31.194],[-91.9142,31.1984],[-91.9298,31.209],[-91.9347,31.2058],[-91.9397,31.1822],[-91.9485,31.1742],[-91.9663,31.1647],[-91.9872,31.1627],[-91.985,31.1558],[-92.0002,31.1581],[-92.0087,31.1483],[-92.0197,31.1443],[-92.0282,31.1448],[-92.0259,31.1524],[-92.0306,31.1559],[-92.047,31.1573],[-92.0476,31.165],[-92.0415,31.1662],[-92.0473,31.1707],[-92.0421,31.1971],[-92.052,31.2011],[-92.0787,31.2014],[-92.0817,31.1851],[-92.1068,31.187],[-92.1206,31.1938],[-92.1358,31.1766],[-92.1366,31.1582],[-92.1518,31.1511],[-92.1686,31.157],[-92.161,31.1889],[-92.187,31.1709],[-92.2088,31.114],[-92.2323,31.1162],[-92.2271,31.0748],[-92.2104,31.0676],[-92.2,31.0783],[-92.1899,31.0811],[-92.179,31.07],[-92.1782,31.063],[-92.1979,31.0518],[-92.201,31.0408],[-92.1873,31.036],[-92.1788,30.9955],[-92.1589,30.999],[-92.1632,30.9587],[-92.1545,30.9617],[-92.1447,30.9545],[-92.1455,30.9485],[-92.1628,30.9504],[-92.1613,30.9357],[-92.1683,30.9358],[-92.1762,30.9447],[-92.1858,30.9362],[-92.1902,30.9391],[-92.1886,30.9462],[-92.1966,30.9497],[-92.1909,30.9594],[-92.2006,30.9645],[-92.2115,30.9834],[-92.2125,30.9754],[-92.205,30.9736],[-92.2086,30.9622],[-92.215,30.9657],[-92.3308,30.9633],[-92.3278,30.972],[-92.3444,30.9706],[-92.3418,30.9815],[-92.3779,30.9956],[-92.3756,31.0146],[-92.4106,31.0336],[-92.4334,31.0717],[-92.4558,31.0602],[-92.509,31.0603],[-92.5135,31.0567],[-92.5219,31.0602],[-92.5172,31.0637],[-92.5171,31.0678],[-92.5228,31.0678],[-92.4973,31.1402],[-92.4847,31.14],[-92.4867,31.1478],[-92.454,31.1643],[-92.4607,31.1715],[-92.457,31.1649],[-92.4633,31.1636],[-92.4638,31.1713],[-92.4667,31.16],[-92.4878,31.1479],[-92.4853,31.1558],[-92.4931,31.156],[-92.4848,31.1771],[-92.4812,31.1771],[-92.462,31.2389],[-92.4815,31.23],[-92.4901,31.2322],[-92.4943,31.2237],[-92.4972,31.2277],[-92.4689,31.2718],[-92.4696,31.2757],[-92.4739,31.2698],[-92.4886,31.2651],[-92.4748,31.2863],[-92.4797,31.3001],[-92.4967,31.2952],[-92.5331,31.2958],[-92.539,31.2856],[-92.5366,31.2508],[-92.5498,31.2425],[-92.5634,31.2416],[-92.5784,31.2287],[-92.6004,31.2188],[-92.5942,31.2089],[-92.5745,31.2016],[-92.5594,31.1833],[-92.5241,31.1556],[-92.5287,31.1557],[-92.5288,31.1474],[-92.5194,31.1474],[-92.5189,31.1357],[-92.5276,31.1372],[-92.53,31.1324],[-92.5254,31.1324],[-92.5357,31.1323],[-92.5575,31.1183],[-92.5828,31.1137],[-92.606,31.1157],[-92.6364,31.1051],[-92.6367,31.0984],[-92.628,31.0924],[-92.628,31.084],[-92.6189,31.074],[-92.6197,31.0567],[-92.6108,31.0356],[-92.5884,31.0141],[-92.5769,31.0117],[-92.5663,31.0018],[-92.5641,30.9938],[-92.5686,30.9937],[-92.5686,30.9869],[-92.5206,30.9822],[-92.5017,30.9754],[-92.4904,30.9601],[-92.4719,30.953],[-92.4815,30.949],[-92.4789,30.925],[-92.4827,30.9138],[-92.4953,30.9015],[-92.519,30.8931],[-92.5264,30.8936],[-92.5268,30.8997],[-92.5405,30.8979],[-92.5481,30.9031],[-92.5673,30.8962],[-92.7209,30.8987],[-92.721,30.8914],[-92.8239,30.8921],[-92.8242,30.8772],[-92.9787,30.8781],[-92.9791,30.598],[-93.1307,30.5981],[-93.1312,30.5084]]],[[[-92.4927,31.0605],[-92.4927,31.0601],[-92.4922,31.0601],[-92.4927,31.0605]]],[[[-92.5681,30.9961],[-92.5672,30.9964],[-92.568,30.9967],[-92.5681,30.9961]]]]},"properties":{"geoid":"22028","state":"22","district":"28","name":"State Senate District 28","chamber":"Senate"}},{"type":"Feature","geometry":{"type":"Polygon","coordinates":[[[-93.1318,31.8953],[-93.1165,31.8762],[-93.1162,31.8587],[-93.0975,31.8548],[-93.0866,31.8435],[-93.0977,31.847],[-93.1135,31.8306],[-93.0971,31.809],[-93.104,31.8058],[-93.104,31.799],[-93.0969,31.7842],[-93.1082,31.7804],[-93.1116,31.7516],[-93.0998,31.7545],[-93.0907,31.748],[-93.0953,31.7423],[-93.1114,31.7413],[-93.11,31.7292],[-93.091,31.7245],[-93.0914,31.7185],[-93.0756,31.7235],[-93.068,31.719],[-93.0487,31.727],[-93.0388,31.7174],[-93.0368,31.7073],[-93.0217,31.7056],[-93.018,31.7119],[-92.9928,31.7251],[-92.9765,31.7083],[-92.9616,31.705],[-92.9638,31.6799],[-92.9468,31.6754],[-92.9277,31.6774],[-92.9233,31.6647],[-92.9028,31.6595],[-92.91,31.6331],[-92.9063,31.6236],[-92.8691,31.6172],[-92.8409,31.6012],[-92.8014,31.597],[-92.7874,31.5787],[-92.7562,31.5579],[-92.7613,31.5474],[-92.7274,31.5258],[-92.7171,31.5246],[-92.719,31.5176],[-92.7019,31.4944],[-92.688,31.5009],[-92.6833,31.499],[-92.6842,31.4928],[-92.6994,31.491],[-92.6988,31.4803],[-92.6906,31.473],[-92.7052,31.4716],[-92.708,31.4637],[-92.7026,31.4466],[-92.6805,31.4461],[-92.6944,31.4282],[-92.6772,31.4156],[-92.6947,31.4072],[-92.6958,31.4024],[-92.68,31.3961],[-92.669,31.4036],[-92.6766,31.3854],[-92.6701,31.3804],[-92.6627,31.3899],[-92.6323,31.3913],[-92.6338,31.3809],[-92.6231,31.374],[-92.613,31.3442],[-92.6092,31.3206],[-92.6114,31.3126],[-92.6162,31.3117],[-92.598,31.3092],[-92.5282,31.3139],[-92.5302,31.2958],[-92.4967,31.2952],[-92.4797,31.3001],[-92.4748,31.2863],[-92.4886,31.2651],[-92.4739,31.2698],[-92.4696,31.2757],[-92.4689,31.2718],[-92.4972,31.2277],[-92.4943,31.2237],[-92.4901,31.2322],[-92.4815,31.23],[-92.462,31.2389],[-92.4812,31.1771],[-92.4848,31.1771],[-92.4931,31.156],[-92.4853,31.1558],[-92.4878,31.1479],[-92.4667,31.16],[-92.4638,31.1713],[-92.4633,31.1636],[-92.457,31.1649],[-92.4607,31.1715],[-92.454,31.1643],[-92.4867,31.1478],[-92.4847,31.14],[-92.4973,31.1402],[-92.5228,31.0678],[-92.5171,31.0678],[-92.5172,31.0637],[-92.5219,31.0602],[-92.5135,31.0567],[-92.509,31.0603],[-92.4558,31.0602],[-92.4334,31.0717],[-92.4106,31.0336],[-92.3756,31.0146],[-92.3779,30.9956],[-92.3418,30.9815],[-92.344,30.9704],[-92.3255,30.9705],[-92.3308,30.9633],[-92.215,30.9657],[-92.2086,30.9622],[-92.205,30.9736],[-92.2125,30.9754],[-92.2115,30.9834],[-92.2006,30.9645],[-92.1909,30.9594],[-92.1966,30.9497],[-92.1886,30.9462],[-92.188,30.9371],[-92.1762,30.9447],[-92.1683,30.9358],[-92.1613,30.9357],[-92.1628,30.9504],[-92.1455,30.9485],[-92.1447,30.9545],[-92.152,30.9608],[-92.1632,30.9587],[-92.1589,30.999],[-92.1788,30.9955],[-92.1873,31.036],[-92.201,31.0408],[-92.1979,31.0518],[-92.1779,31.0636],[-92.1856,31.08],[-92.1977,31.0796],[-92.2104,31.0676],[-92.2642,31.0839],[-92.2868,31.0834],[-92.2901,31.089],[-92.3083,31.0926],[-92.3276,31.1065],[-92.3294,31.1141],[-92.3433,31.1204],[-92.3559,31.0997],[-92.364,31.111],[-92.4029,31.1085],[-92.4302,31.2384],[-92.4276,31.252],[-92.4102,31.2651],[-92.3928,31.2709],[-92.4012,31.278],[-92.4008,31.2926],[-92.39,31.306],[-92.3958,31.3099],[-92.3943,31.3143],[-92.4034,31.3146],[-92.4032,31.3219],[-92.3983,31.3247],[-92.3834,31.3194],[-92.3803,31.3259],[-92.3837,31.3349],[-92.3652,31.344],[-92.4005,31.3441],[-92.4047,31.35],[-92.4228,31.3345],[-92.4269,31.349],[-92.4159,31.3594],[-92.4442,31.3919],[-92.4633,31.4054],[-92.4673,31.4025],[-92.4646,31.3882],[-92.4752,31.3881],[-92.4755,31.3813],[-92.4895,31.3762],[-92.5046,31.3864],[-92.5295,31.3914],[-92.5449,31.4059],[-92.5725,31.4075],[-92.5819,31.4283],[-92.5922,31.4313],[-92.5936,31.4665],[-92.6284,31.499],[-92.6923,31.5436],[-92.6629,31.5592],[-92.656,31.5552],[-92.6495,31.5906],[-92.6684,31.6252],[-92.662,31.6381],[-92.6506,31.6449],[-92.6468,31.6573],[-92.6383,31.6618],[-92.6459,31.6772],[-92.6612,31.6877],[-92.6692,31.7002],[-92.6677,31.7094],[-92.6209,31.7096],[-92.6193,31.7973],[-92.5794,31.7972],[-92.5854,31.8117],[-92.5851,31.8594],[-92.5763,31.8573],[-92.5546,31.8637],[-92.5522,31.8703],[-92.5418,31.8715],[-92.5397,31.8848],[-92.5502,31.8897],[-92.5471,31.8921],[-92.5514,31.8982],[-92.5672,31.9023],[-92.5729,31.9132],[-92.5883,31.9165],[-92.6021,31.927],[-92.604,31.9403],[-92.5969,31.9467],[-92.602,31.9578],[-92.6156,31.9636],[-92.6203,31.9736],[-92.6139,31.981],[-92.5936,31.9878],[-92.5979,31.9942],[-92.5952,31.9984],[-92.6164,32.005],[-92.6289,32.0161],[-92.627,32.0215],[-92.6373,32.0225],[-92.641,32.0302],[-92.6415,32.0591],[-92.6072,32.0597],[-92.6244,32.0883],[-92.5975,32.0893],[-92.6041,32.0964],[-92.6006,32.1146],[-92.6046,32.1345],[-92.5951,32.1468],[-92.6996,32.1469],[-92.7079,32.2014],[-92.6972,32.2049],[-92.6885,32.2021],[-92.6881,32.2065],[-92.6937,32.2218],[-92.7112,32.2409],[-92.7011,32.2415],[-92.7012,32.2575],[-92.686,32.2676],[-92.7127,32.2658],[-92.7211,32.2594],[-92.7236,32.2648],[-92.7186,32.2649],[-92.7187,32.2726],[-92.7071,32.2801],[-92.7235,32.2765],[-92.7275,32.2818],[-92.7491,32.2859],[-92.7474,32.296],[-92.7352,32.3002],[-92.7337,32.3067],[-92.7536,32.3212],[-92.7684,32.316],[-92.7743,32.3182],[-92.777,32.4536],[-92.6217,32.4531],[-92.6224,32.4964],[-92.5854,32.4962],[-92.5898,32.5041],[-92.5811,32.512],[-92.5765,32.5295],[-92.5721,32.5318],[-92.5908,32.5355],[-92.6294,32.5315],[-92.6473,32.5403],[-92.6463,32.5308],[-92.6581,32.5295],[-92.6726,32.5338],[-92.6716,32.5404],[-92.6949,32.5406],[-92.6772,32.5472],[-92.7015,32.5638],[-92.6921,32.5717],[-92.694,32.5745],[-92.7297,32.5748],[-92.7354,32.57],[-92.7392,32.5861],[-92.7595,32.5845],[-92.7685,32.5667],[-92.7665,32.5446],[-92.7707,32.5339],[-92.7773,32.5346],[-92.7773,32.5464],[-92.8306,32.5484],[-92.88,32.5576],[-92.8809,32.5853],[-92.9243,32.5853],[-92.9256,32.5752],[-92.9206,32.5673],[-92.9227,32.5553],[-92.9266,32.5573],[-92.9288,32.5534],[-92.9232,32.549],[-92.9227,32.54],[-92.9172,32.54],[-92.9391,32.5238],[-92.9418,32.5],[-92.9531,32.4896],[-92.9653,32.4548],[-92.9644,32.4254],[-92.9742,32.4182],[-92.9689,32.4058],[-92.9531,32.3989],[-92.9545,32.3897],[-92.9606,32.3852],[-92.9573,32.3738],[-92.9645,32.3515],[-92.9584,32.3427],[-92.9615,32.3383],[-92.9484,32.3203],[-92.9576,32.3105],[-92.9628,32.2951],[-92.9699,32.2958],[-92.9721,32.2895],[-92.9759,32.2646],[-92.9718,32.2576],[-92.9823,32.2326],[-92.9734,32.2013],[-92.9784,32.1867],[-92.9401,32.1713],[-92.9426,32.1576],[-92.9391,32.1479],[-92.7915,32.1471],[-92.7939,32.1233],[-92.7628,32.1159],[-92.7669,32.1072],[-92.7607,32.081],[-92.7282,32.0381],[-92.7255,32.0202],[-92.7043,32.0188],[-92.655,31.9983],[-92.6533,31.9307],[-92.6605,31.9337],[-92.6635,31.9299],[-92.6533,31.9253],[-92.658,31.9211],[-92.6447,31.9174],[-92.649,31.9068],[-92.6701,31.9065],[-92.6696,31.8949],[-92.6767,31.8877],[-92.6958,31.8838],[-92.7012,31.8668],[-92.7131,31.8593],[-92.7218,31.8622],[-92.7353,31.8586],[-92.7385,31.8483],[-92.7754,31.8415],[-92.7837,31.8558],[-92.7903,31.8389],[-92.8189,31.8343],[-92.8271,31.8304],[-92.8291,31.8238],[-92.8724,31.8334],[-92.8795,31.8318],[-92.8883,31.8178],[-92.9066,31.8192],[-92.8967,31.8379],[-92.9196,31.8318],[-92.9349,31.8196],[-92.9473,31.8199],[-92.942,31.8144],[-92.9486,31.8104],[-92.9459,31.801],[-92.9519,31.7963],[-92.9526,31.7837],[-92.9592,31.7787],[-92.968,31.78],[-92.9725,31.7541],[-92.9689,31.7508],[-92.9686,31.731],[-92.9815,31.7446],[-93.0092,31.739],[-93.0203,31.7416],[-93.0211,31.7502],[-93.0114,31.7726],[-93.0253,31.79],[-93.0335,31.7933],[-93.0491,31.7924],[-93.0652,31.7776],[-93.06,31.7646],[-93.0643,31.7547],[-93.0603,31.7506],[-93.0836,31.7414],[-93.0867,31.7531],[-93.0824,31.7768],[-93.0865,31.7814],[-93.0886,31.8045],[-93.0838,31.8212],[-93.0711,31.825],[-93.0274,31.8217],[-93.0219,31.8283],[-93.0218,31.8424],[-93.0418,31.8536],[-93.0575,31.8442],[-93.1056,31.885],[-93.1126,31.9045],[-93.1058,31.914],[-93.1137,31.9092],[-93.1136,31.9142],[-93.1181,31.9141],[-93.1166,31.9039],[-93.1238,31.9029],[-93.118,31.9019],[-93.1194,31.8987],[-93.1226,31.9],[-93.1241,31.8927],[-93.1318,31.8953]],[[-92.4927,31.0601],[-92.4922,31.0605],[-92.4922,31.0601],[-92.4927,31.0601]]]},"properties":{"geoid":"22029","state":"22","district":"29","name":"State Senate District 29","chamber":"Senate"}},{"type":"Feature","geometry":{"type":"Polygon","coordinates":[[[-93.7659,30.3331],[-93.7517,30.3293],[-93.7562,30.326],[-93.7409,30.3072],[-93.7424,30.3011],[-93.7385,30.3037],[-93.7345,30.3017],[-93.7376,30.2994],[-93.7155,30.2956],[-93.7129,30.2879],[-93.7084,30.2926],[-93.7046,30.2899],[-93.7094,30.2819],[-93.7041,30.2794],[-93.7104,30.2732],[-93.7055,30.2678],[-93.7073,30.2615],[-93.703,30.2605],[-93.7089,30.2517],[-93.7055,30.2465],[-93.7095,30.2449],[-93.7031,30.2385],[-93.7094,30.2385],[-93.7045,30.2338],[-93.7111,30.2352],[-93.7112,30.2221],[-93.7185,30.22],[-93.7171,30.212],[-93.7213,30.2096],[-93.7142,30.2087],[-93.7175,30.1931],[-93.7091,30.1972],[-93.7055,30.1929],[-93.7126,30.1925],[-93.7107,30.1799],[-93.7,30.1755],[-93.7095,30.1467],[-93.6977,30.1529],[-93.6933,30.1419],[-93.6882,30.1414],[-93.6928,30.1352],[-93.7012,30.1375],[-93.7009,30.1231],[-93.708,30.12],[-93.7024,30.1127],[-93.7123,30.109],[-93.7238,30.0941],[-93.724,30.0826],[-93.7338,30.0876],[-93.717,30.0696],[-93.7003,30.0628],[-93.7002,30.057],[-93.708,30.0538],[-93.7138,30.0657],[-93.7179,30.0656],[-93.7213,30.0523],[-93.5305,30.0518],[-93.5224,30.0555],[-93.5225,30.0807],[-93.518,30.0812],[-93.5187,30.1392],[-93.4346,30.1398],[-93.435,30.1722],[-93.4391,30.1731],[-93.4394,30.1835],[-93.4436,30.1839],[-93.444,30.2092],[-93.3888,30.216],[-93.3889,30.2237],[-93.3848,30.2237],[-93.3848,30.2273],[-93.3976,30.2273],[-93.3976,30.234],[-93.3939,30.2348],[-93.3938,30.249],[-93.3849,30.2491],[-93.3849,30.3002],[-93.4018,30.3003],[-93.4021,30.3099],[-93.392,30.3046],[-93.3823,30.3066],[-93.3736,30.2928],[-93.356,30.2902],[-93.3681,30.3078],[-93.369,30.3378],[-93.3532,30.3261],[-93.3329,30.326],[-93.3215,30.3298],[-93.3211,30.3368],[-93.2858,30.3419],[-93.2908,30.3442],[-93.2886,30.3483],[-93.2943,30.3488],[-93.2917,30.3563],[-93.2994,30.3585],[-93.3023,30.3658],[-93.2933,30.375],[-93.2967,30.3863],[-93.291,30.3901],[-93.2891,30.4027],[-93.1312,30.4031],[-93.1307,30.5981],[-92.9791,30.598],[-92.9787,30.8781],[-92.8242,30.8772],[-92.8239,30.8921],[-92.721,30.8914],[-92.7209,30.8987],[-92.5673,30.8962],[-92.5481,30.9031],[-92.5405,30.8979],[-92.5268,30.8997],[-92.5264,30.8936],[-92.519,30.8931],[-92.4953,30.9015],[-92.4827,30.9138],[-92.4789,30.925],[-92.4815,30.949],[-92.4719,30.953],[-92.4904,30.9601],[-92.5017,30.9754],[-92.5206,30.9822],[-92.5686,30.9869],[-92.5686,30.9937],[-92.5641,30.9938],[-92.5663,31.0018],[-92.5769,31.0117],[-92.5884,31.0141],[-92.6108,31.0356],[-92.6197,31.0567],[-92.6189,31.074],[-92.628,31.084],[-92.628,31.0924],[-92.6367,31.0984],[-92.6364,31.1051],[-92.606,31.1157],[-92.5828,31.1137],[-92.5575,31.1183],[-92.5357,31.1323],[-92.5254,31.1324],[-92.53,31.1324],[-92.5276,31.1372],[-92.5189,31.1357],[-92.5194,31.1474],[-92.5288,31.1474],[-92.5287,31.1557],[-92.5241,31.1556],[-92.5808,31.2053],[-92.5942,31.2037],[-92.6149,31.179],[-92.6282,31.185],[-92.6239,31.1932],[-92.6369,31.2102],[-92.6517,31.208],[-92.6613,31.2003],[-92.6682,31.206],[-92.6928,31.2113],[-92.7095,31.2301],[-92.7197,31.2307],[-92.705,31.2583],[-92.6913,31.2719],[-92.7275,31.272],[-92.7486,31.262],[-92.8204,31.2456],[-92.8324,31.2673],[-92.8437,31.2698],[-92.8484,31.2798],[-92.8462,31.2885],[-92.8529,31.2962],[-92.8545,31.3109],[-92.8482,31.3182],[-92.8471,31.3291],[-92.8584,31.3642],[-92.8653,31.3673],[-92.8613,31.3905],[-92.8546,31.3957],[-92.8591,31.408],[-92.8687,31.4025],[-92.8885,31.404],[-92.8884,31.3896],[-92.9135,31.3897],[-92.9133,31.3682],[-92.9473,31.3677],[-92.9472,31.3468],[-92.9813,31.3467],[-92.992,31.3605],[-93.0322,31.3606],[-93.0322,31.3637],[-93.3905,31.3641],[-93.4426,31.2767],[-93.5354,31.2764],[-93.5349,31.2606],[-93.5394,31.2573],[-93.5359,31.2527],[-93.5442,31.2433],[-93.5565,31.2403],[-93.5522,31.2383],[-93.5509,31.2277],[-93.5415,31.2266],[-93.55,31.2197],[-93.5515,31.2149],[-93.5443,31.2029],[-93.5551,31.1874],[-93.5343,31.1854],[-93.5313,31.1798],[-93.5328,31.1743],[-93.5429,31.1713],[-93.5365,31.1585],[-93.5487,31.1558],[-93.5447,31.1361],[-93.5379,31.1266],[-93.5394,31.1152],[-93.5459,31.1112],[-93.5491,31.1002],[-93.5582,31.098],[-93.5537,31.0939],[-93.5603,31.0977],[-93.5637,31.0945],[-93.5558,31.087],[-93.5493,31.0904],[-93.5522,31.0789],[-93.5276,31.0745],[-93.5287,31.0692],[-93.5189,31.0619],[-93.5316,31.0536],[-93.5189,31.0437],[-93.5247,31.039],[-93.5081,31.0302],[-93.5223,31.0201],[-93.5325,31.0197],[-93.5392,31.0082],[-93.5494,31.0101],[-93.5559,31.0037],[-93.5666,31.0131],[-93.5782,31],[-93.5734,30.9918],[-93.5643,30.9897],[-93.5735,30.9712],[-93.5498,30.9671],[-93.5431,30.9567],[-93.5318,30.9582],[-93.5265,30.9295],[-93.5418,30.9202],[-93.5426,30.9264],[-93.5493,30.9244],[-93.5587,30.9117],[-93.5492,30.8974],[-93.5663,30.8948],[-93.5735,30.8865],[-93.5706,30.8752],[-93.5632,30.8749],[-93.5645,30.8686],[-93.5586,30.8694],[-93.5621,30.8593],[-93.5573,30.8521],[-93.5687,30.8442],[-93.5556,30.8379],[-93.5541,30.8249],[-93.5642,30.8175],[-93.563,30.806],[-93.5838,30.8018],[-93.5819,30.789],[-93.5894,30.7867],[-93.5832,30.7786],[-93.5927,30.7751],[-93.5921,30.7637],[-93.6037,30.7601],[-93.6059,30.7646],[-93.6092,30.7573],[-93.6143,30.7602],[-93.6084,30.7467],[-93.619,30.7403],[-93.6091,30.73],[-93.6177,30.7289],[-93.6098,30.7273],[-93.6136,30.7221],[-93.6056,30.7168],[-93.6172,30.7186],[-93.6164,30.7124],[-93.6247,30.6999],[-93.6204,30.6941],[-93.6313,30.6779],[-93.6453,30.6735],[-93.6486,30.6676],[-93.655,30.6702],[-93.683,30.6413],[-93.682,30.6186],[-93.6891,30.6114],[-93.6834,30.6082],[-93.6789,30.5936],[-93.6851,30.5921],[-93.6866,30.5857],[-93.6922,30.5857],[-93.6878,30.5901],[-93.6929,30.5944],[-93.7125,30.5886],[-93.7151,30.579],[-93.7215,30.5806],[-93.7278,30.5741],[-93.7239,30.5592],[-93.7314,30.5529],[-93.7288,30.5453],[-93.7403,30.5396],[-93.7165,30.5192],[-93.7077,30.5213],[-93.7118,30.5109],[-93.7068,30.5071],[-93.7151,30.5013],[-93.7087,30.4991],[-93.7171,30.4944],[-93.7098,30.4826],[-93.7174,30.4838],[-93.7105,30.4755],[-93.7119,30.4694],[-93.699,30.4588],[-93.7063,30.4581],[-93.7021,30.4498],[-93.7075,30.445],[-93.6983,30.4449],[-93.6978,30.4407],[-93.7042,30.4344],[-93.7023,30.4298],[-93.7127,30.4332],[-93.7181,30.4226],[-93.7228,30.432],[-93.7261,30.4307],[-93.7227,30.4196],[-93.7287,30.4135],[-93.7339,30.4149],[-93.7368,30.4055],[-93.7577,30.3904],[-93.7549,30.3661],[-93.7592,30.368],[-93.751,30.3599],[-93.7568,30.3562],[-93.7608,30.3599],[-93.7581,30.3547],[-93.7625,30.353],[-93.7577,30.35],[-93.7637,30.346],[-93.7595,30.3423],[-93.7657,30.3434],[-93.7587,30.339],[-93.7659,30.3331]],[[-92.5681,30.996],[-92.5674,30.9968],[-92.5672,30.9959],[-92.5681,30.996]]]},"properties":{"geoid":"22030","state":"22","district":"30","name":"State Senate District 30","chamber":"Senate"}},{"type":"Feature","geometry":{"type":"Polygon","coordinates":[[[-93.902,31.8795],[-93.9006,31.8739],[-93.8919,31.8757],[-93.8934,31.8717],[-93.8861,31.8655],[-93.8817,31.8686],[-93.8894,31.8559],[-93.8829,31.8547],[-93.8841,31.8476],[-93.879,31.8448],[-93.8819,31.8422],[-93.8728,31.8363],[-93.8774,31.8325],[-93.8709,31.8194],[-93.8733,31.8149],[-93.8614,31.8123],[-93.8515,31.8001],[-93.8393,31.8003],[-93.8356,31.7945],[-93.8377,31.7808],[-93.8226,31.7736],[-93.8296,31.7642],[-93.8265,31.7592],[-93.8298,31.7606],[-93.8369,31.7502],[-93.8149,31.7287],[-93.8125,31.7152],[-93.8167,31.7079],[-93.8098,31.7031],[-93.7946,31.7041],[-93.8045,31.6841],[-93.8163,31.6754],[-93.8124,31.6702],[-93.8167,31.668],[-93.8221,31.674],[-93.8265,31.6669],[-93.8195,31.6526],[-93.8115,31.6474],[-93.818,31.6479],[-93.816,31.6323],[-93.8208,31.629],[-93.8172,31.6219],[-93.8272,31.6203],[-93.8187,31.6146],[-93.8271,31.6129],[-93.8279,31.6166],[-93.8381,31.6068],[-93.8349,31.5862],[-93.8184,31.5709],[-93.823,31.5681],[-93.8169,31.5631],[-93.8211,31.5605],[-93.8186,31.5548],[-93.7995,31.543],[-93.8034,31.5388],[-93.7877,31.5273],[-93.7601,31.5239],[-93.7539,31.5253],[-93.7581,31.5299],[-93.7474,31.5307],[-93.7427,31.5266],[-93.7427,31.5157],[-93.711,31.5122],[-93.7196,31.5069],[-93.7175,31.5015],[-93.7234,31.5009],[-93.7226,31.4928],[-93.7372,31.4846],[-93.7524,31.4827],[-93.7514,31.4791],[-93.7455,31.4804],[-93.7495,31.4687],[-93.7219,31.4534],[-93.7167,31.4575],[-93.71,31.4528],[-93.7091,31.4567],[-93.7039,31.4555],[-93.7095,31.442],[-93.6925,31.4382],[-93.7047,31.4189],[-93.7049,31.4109],[-93.6741,31.3977],[-93.671,31.3662],[-93.6393,31.3724],[-93.6459,31.359],[-93.6684,31.353],[-93.669,31.3388],[-93.6773,31.3305],[-93.6738,31.3239],[-93.6829,31.319],[-93.6877,31.3073],[-93.6836,31.3015],[-93.6689,31.298],[-93.6587,31.2816],[-93.6486,31.2842],[-93.6425,31.2695],[-93.6203,31.271],[-93.6139,31.2594],[-93.6143,31.2516],[-93.6218,31.2491],[-93.6163,31.2446],[-93.6181,31.2327],[-93.6082,31.2278],[-93.5963,31.2295],[-93.5994,31.2249],[-93.5953,31.2203],[-93.6035,31.2167],[-93.6072,31.2048],[-93.6019,31.1994],[-93.6003,31.1762],[-93.5885,31.1656],[-93.5525,31.1854],[-93.5551,31.188],[-93.5443,31.2029],[-93.5515,31.215],[-93.5415,31.2269],[-93.5509,31.2277],[-93.5522,31.2383],[-93.5565,31.2403],[-93.5442,31.2433],[-93.5359,31.2527],[-93.5394,31.2573],[-93.5349,31.2606],[-93.5354,31.2764],[-93.4426,31.2767],[-93.3905,31.3641],[-93.0322,31.3637],[-93.0322,31.3606],[-92.992,31.3605],[-92.9813,31.3467],[-92.9472,31.3468],[-92.9473,31.3677],[-92.9133,31.3682],[-92.9135,31.3897],[-92.8884,31.3896],[-92.8885,31.404],[-92.8687,31.4025],[-92.8591,31.408],[-92.8546,31.3957],[-92.8613,31.3905],[-92.8653,31.3673],[-92.8584,31.3642],[-92.8471,31.3291],[-92.8482,31.3182],[-92.8545,31.3109],[-92.8529,31.2962],[-92.8462,31.2885],[-92.8484,31.2798],[-92.8437,31.2698],[-92.8324,31.2673],[-92.8204,31.2456],[-92.7486,31.262],[-92.7275,31.272],[-92.6913,31.2719],[-92.705,31.2583],[-92.7197,31.2307],[-92.7095,31.2301],[-92.6927,31.2112],[-92.6682,31.206],[-92.6613,31.2003],[-92.6517,31.208],[-92.6369,31.2102],[-92.6239,31.1932],[-92.6282,31.185],[-92.6149,31.179],[-92.6018,31.1966],[-92.5883,31.2056],[-92.6004,31.2188],[-92.5974,31.2219],[-92.5784,31.2287],[-92.5634,31.2416],[-92.5498,31.2425],[-92.5366,31.2508],[-92.539,31.2856],[-92.5302,31.2958],[-92.527,31.3137],[-92.6162,31.3117],[-92.6114,31.3126],[-92.6092,31.3206],[-92.613,31.3442],[-92.6231,31.374],[-92.6338,31.3809],[-92.6323,31.3913],[-92.6627,31.3899],[-92.6701,31.3804],[-92.6766,31.3854],[-92.669,31.4036],[-92.68,31.3961],[-92.6958,31.4024],[-92.6947,31.4072],[-92.6772,31.4156],[-92.6944,31.4282],[-92.6805,31.4461],[-92.7026,31.4466],[-92.708,31.4637],[-92.7052,31.4716],[-92.6906,31.473],[-92.6988,31.4803],[-92.6994,31.491],[-92.6842,31.4928],[-92.6833,31.499],[-92.688,31.5009],[-92.7019,31.4944],[-92.719,31.5176],[-92.7171,31.5246],[-92.7274,31.5258],[-92.7613,31.5474],[-92.7562,31.5579],[-92.7874,31.5787],[-92.8014,31.597],[-92.8409,31.6012],[-92.8691,31.6172],[-92.9063,31.6236],[-92.91,31.6331],[-92.9028,31.6595],[-92.9233,31.6647],[-92.9277,31.6774],[-92.9468,31.6754],[-92.9638,31.6799],[-92.9616,31.705],[-92.9765,31.7083],[-92.9928,31.7251],[-93.018,31.7119],[-93.0217,31.7056],[-93.0368,31.7073],[-93.0388,31.7174],[-93.0487,31.727],[-93.068,31.719],[-93.0756,31.7235],[-93.0914,31.7185],[-93.091,31.7245],[-93.112,31.7322],[-93.1114,31.7413],[-93.0953,31.7423],[-93.0907,31.748],[-93.0998,31.7545],[-93.1116,31.7516],[-93.1082,31.7804],[-93.0969,31.7842],[-93.104,31.799],[-93.104,31.8058],[-93.0971,31.809],[-93.1135,31.8306],[-93.0977,31.847],[-93.0866,31.8435],[-93.0975,31.8548],[-93.1162,31.8587],[-93.1165,31.8762],[-93.1336,31.8944],[-93.1241,31.8927],[-93.125,31.8969],[-93.118,31.9019],[-93.1238,31.9029],[-93.1155,31.907],[-93.1167,31.9147],[-93.1137,31.9092],[-93.1056,31.9134],[-93.1126,31.9081],[-93.1092,31.8889],[-93.0575,31.8442],[-93.0418,31.8536],[-93.0218,31.8424],[-93.0219,31.8283],[-93.0274,31.8217],[-93.0711,31.825],[-93.0838,31.8212],[-93.0886,31.8045],[-93.0865,31.7814],[-93.0824,31.7768],[-93.0867,31.7531],[-93.0843,31.742],[-93.0603,31.7506],[-93.0643,31.7547],[-93.06,31.7646],[-93.0652,31.7776],[-93.0491,31.7924],[-93.0335,31.7933],[-93.0253,31.79],[-93.0114,31.7726],[-93.0211,31.7502],[-93.0203,31.7416],[-93.0092,31.739],[-92.9815,31.7446],[-92.9686,31.731],[-92.9689,31.7508],[-92.9725,31.7541],[-92.968,31.78],[-92.9592,31.7787],[-92.9526,31.7837],[-92.9519,31.7963],[-92.9459,31.801],[-92.9486,31.8104],[-92.942,31.8144],[-92.9473,31.8199],[-92.9349,31.8196],[-92.9196,31.8318],[-92.8967,31.8379],[-92.9066,31.8192],[-92.8883,31.8178],[-92.8795,31.8318],[-92.8724,31.8334],[-92.8291,31.8238],[-92.8271,31.8304],[-92.8189,31.8343],[-92.7903,31.8389],[-92.7837,31.8558],[-92.7754,31.8415],[-92.7385,31.8483],[-92.7353,31.8586],[-92.7218,31.8622],[-92.7131,31.8593],[-92.7012,31.8668],[-92.6958,31.8838],[-92.6767,31.8877],[-92.6696,31.8949],[-92.6701,31.9065],[-92.6493,31.9066],[-92.6447,31.9139],[-92.6492,31.921],[-92.658,31.9211],[-92.6533,31.9253],[-92.6635,31.9299],[-92.6605,31.9337],[-92.6533,31.9307],[-92.655,31.9983],[-92.7043,32.0188],[-92.7255,32.0202],[-92.7282,32.0381],[-92.7607,32.081],[-92.7669,32.1072],[-92.7628,32.1159],[-92.7939,32.1233],[-92.7915,32.1471],[-92.9391,32.1479],[-92.9426,32.1576],[-92.9401,32.1713],[-92.9786,32.1871],[-92.9734,32.2013],[-92.9823,32.2326],[-92.9718,32.2576],[-92.9759,32.2646],[-92.9721,32.2895],[-92.9699,32.2958],[-92.9628,32.2951],[-92.9576,32.3105],[-92.9484,32.3203],[-92.9615,32.3383],[-92.9584,32.3427],[-92.9645,32.3515],[-92.9573,32.3738],[-92.9606,32.3852],[-92.9545,32.3897],[-92.9531,32.3989],[-92.9689,32.4058],[-92.9742,32.4182],[-92.9644,32.4254],[-92.9653,32.4548],[-92.9531,32.4896],[-92.9418,32.5],[-92.939,32.5241],[-92.9505,32.5173],[-92.9734,32.5137],[-92.9766,32.5149],[-92.9741,32.5345],[-92.9636,32.5417],[-93.01,32.5296],[-93.0462,32.544],[-93.0544,32.5341],[-93.0649,32.5413],[-93.0647,32.5463],[-93.0571,32.5455],[-93.0529,32.5502],[-93.0514,32.5463],[-93.0081,32.5467],[-93.0087,32.5576],[-93.0178,32.5644],[-93.0017,32.585],[-93.1788,32.5848],[-93.1739,32.5655],[-93.2278,32.5764],[-93.2217,32.5557],[-93.2374,32.5559],[-93.25,32.5563],[-93.248,32.5806],[-93.3217,32.5943],[-93.3147,32.5872],[-93.326,32.5764],[-93.3229,32.5751],[-93.3266,32.5674],[-93.3195,32.5631],[-93.332,32.5466],[-93.3301,32.5353],[-93.3369,32.5352],[-93.3399,32.5186],[-93.3593,32.5002],[-93.3528,32.4565],[-93.366,32.4391],[-93.3644,32.4102],[-93.3727,32.4102],[-93.393,32.3943],[-93.416,32.4014],[-93.4272,32.3921],[-93.4246,32.3773],[-93.4029,32.3687],[-93.3998,32.3628],[-93.4267,32.3092],[-93.4261,32.3029],[-93.4215,32.3025],[-93.4244,32.2987],[-93.4183,32.2956],[-93.4184,32.2841],[-93.4072,32.2844],[-93.4054,32.2774],[-93.4106,32.2702],[-93.4053,32.2674],[-93.4081,32.2505],[-93.4286,32.2353],[-93.4718,32.2376],[-93.4729,32.2412],[-93.4623,32.2507],[-93.4729,32.2488],[-93.4834,32.2569],[-93.4867,32.254],[-93.4776,32.2429],[-93.4902,32.2436],[-93.4922,32.2656],[-93.5108,32.2747],[-93.501,32.2853],[-93.519,32.2725],[-93.5247,32.2733],[-93.5151,32.2888],[-93.5162,32.2984],[-93.5301,32.2963],[-93.5376,32.29],[-93.5525,32.293],[-93.5536,32.2962],[-93.538,32.2953],[-93.5385,32.3036],[-93.5272,32.311],[-93.5389,32.3184],[-93.5457,32.3066],[-93.5506,32.3195],[-93.5638,32.3211],[-93.5615,32.3267],[-93.5501,32.3218],[-93.5442,32.3259],[-93.5553,32.3314],[-93.5566,32.3456],[-93.5627,32.3431],[-93.5636,32.3323],[-93.5796,32.3275],[-93.5834,32.3313],[-93.5727,32.3405],[-93.5855,32.3358],[-93.5821,32.3428],[-93.5849,32.3479],[-93.621,32.3509],[-93.6221,32.3548],[-93.6143,32.3556],[-93.6083,32.3702],[-93.5998,32.3738],[-93.5963,32.3866],[-93.6085,32.3993],[-93.5947,32.4069],[-93.5841,32.4049],[-93.5822,32.4301],[-93.5975,32.4258],[-93.6017,32.4324],[-93.5919,32.4424],[-93.5943,32.4482],[-93.5818,32.451],[-93.5819,32.4584],[-93.6172,32.461],[-93.6172,32.4681],[-93.6303,32.4683],[-93.6303,32.4753],[-93.6374,32.4762],[-93.6393,32.4837],[-93.6531,32.4823],[-93.6681,32.4846],[-93.6704,32.4914],[-93.6791,32.4893],[-93.6746,32.485],[-93.6788,32.4841],[-93.6772,32.4795],[-93.6621,32.4601],[-93.6882,32.4583],[-93.7009,32.4463],[-93.7187,32.4435],[-93.712,32.4318],[-93.7177,32.4276],[-93.712,32.4196],[-93.7063,32.4197],[-93.7074,32.4111],[-93.701,32.4128],[-93.6935,32.401],[-93.7235,32.415],[-93.7219,32.4069],[-93.728,32.401],[-93.7136,32.3834],[-93.7137,32.3693],[-93.7174,32.3692],[-93.6868,32.3167],[-93.6617,32.3151],[-93.6464,32.3044],[-93.6378,32.2902],[-93.6237,32.2833],[-93.6141,32.2691],[-93.6184,32.254],[-93.6143,32.2357],[-93.5977,32.2203],[-93.5941,32.2062],[-93.5548,32.1923],[-93.5548,32.1887],[-93.5591,32.1803],[-93.5974,32.1802],[-93.5929,32.1691],[-93.6015,32.1685],[-93.6121,32.177],[-93.6199,32.1769],[-93.6099,32.1569],[-93.6228,32.1628],[-93.6391,32.1486],[-93.6685,32.144],[-93.6756,32.1286],[-93.6944,32.1177],[-93.6998,32.1036],[-93.715,32.0986],[-93.7138,32.074],[-93.7183,32.0634],[-93.763,32.0396],[-93.7558,32.0346],[-93.7788,32.0075],[-93.7545,31.9948],[-93.7712,31.9839],[-93.7725,31.9738],[-93.7886,31.9699],[-93.7968,31.974],[-93.8055,31.9664],[-93.813,31.9685],[-93.8182,31.9559],[-93.8317,31.9576],[-93.8409,31.9537],[-93.8424,31.9416],[-93.8779,31.9323],[-93.885,31.9172],[-93.8996,31.9058],[-93.8965,31.8863],[-93.902,31.8795]]]},"properties":{"geoid":"22031","state":"22","district":"31","name":"State Senate District 31","chamber":"Senate"}},{"type":"Feature","geometry":{"type":"Polygon","coordinates":[[[-92.4302,31.2376],[-92.4029,31.1085],[-92.364,31.111],[-92.3559,31.0997],[-92.3433,31.1204],[-92.3294,31.1141],[-92.3274,31.1063],[-92.3001,31.0887],[-92.2287,31.0747],[-92.2323,31.1162],[-92.2088,31.114],[-92.187,31.1709],[-92.161,31.1889],[-92.1686,31.157],[-92.1518,31.1511],[-92.1366,31.1582],[-92.1358,31.1766],[-92.1206,31.1938],[-92.1068,31.187],[-92.0817,31.1851],[-92.0787,31.2014],[-92.052,31.2011],[-92.0421,31.1971],[-92.0473,31.1707],[-92.0415,31.1662],[-92.0476,31.165],[-92.047,31.1573],[-92.0306,31.1559],[-92.0259,31.1524],[-92.0282,31.1448],[-92.0197,31.1443],[-92.0087,31.1483],[-92.0002,31.1581],[-91.985,31.1558],[-91.9872,31.1627],[-91.9663,31.1647],[-91.9485,31.1742],[-91.9397,31.1822],[-91.9347,31.2058],[-91.9298,31.209],[-91.9142,31.1984],[-91.9196,31.194],[-91.92,31.1784],[-91.9065,31.1809],[-91.8984,31.1768],[-91.8901,31.1606],[-91.8958,31.1484],[-91.8898,31.1348],[-91.8652,31.1428],[-91.8526,31.1349],[-91.8417,31.1375],[-91.8327,31.1487],[-91.8258,31.1448],[-91.811,31.1491],[-91.8071,31.1572],[-91.776,31.1487],[-91.7681,31.1416],[-91.7652,31.1459],[-91.752,31.1463],[-91.7493,31.1529],[-91.7347,31.1613],[-91.7093,31.1538],[-91.719,31.1346],[-91.7187,31.1228],[-91.7159,31.117],[-91.706,31.1136],[-91.7034,31.1057],[-91.7197,31.0858],[-91.7101,31.0734],[-91.7266,31.0399],[-91.7501,31.0188],[-91.7176,31.0067],[-91.7107,31.008],[-91.703,31.0186],[-91.691,31.0193],[-91.6711,31.0106],[-91.6583,30.9944],[-91.6631,30.9844],[-91.6615,30.9644],[-91.6449,30.929],[-91.6605,30.8961],[-91.6596,30.8542],[-91.647,30.8449],[-91.6296,30.8405],[-91.588,30.8473],[-91.5744,30.8444],[-91.5663,30.8363],[-91.5591,30.8398],[-91.5564,30.8486],[-91.5636,30.8833],[-91.5761,30.8934],[-91.6115,30.8997],[-91.614,30.9181],[-91.5493,30.9162],[-91.5297,30.901],[-91.5156,30.8752],[-91.5179,30.8514],[-91.5395,30.7912],[-91.5538,30.7794],[-91.5845,30.7728],[-91.5958,30.7605],[-91.5937,30.7491],[-91.5659,30.7332],[-91.5455,30.7315],[-91.5001,30.741],[-91.4504,30.7362],[-91.395,30.7579],[-91.3949,30.7659],[-91.3694,30.7599],[-91.366,30.767],[-91.3706,30.7785],[-91.3619,30.7834],[-91.3677,30.7935],[-91.3513,30.8037],[-91.3315,30.8291],[-91.3253,30.8117],[-91.3247,30.7897],[-91.3177,30.8007],[-91.2879,30.8067],[-91.2476,30.8334],[-91.2355,30.8353],[-91.2318,30.8287],[-91.2248,30.847],[-91.2292,30.8543],[-91.2196,30.8647],[-91.2255,30.8699],[-91.2184,30.8916],[-91.2066,30.8931],[-91.2082,30.9176],[-91.2,30.9192],[-91.1868,30.9367],[-91.1947,30.9455],[-91.1952,30.9625],[-91.1894,30.9666],[-91.1902,30.9721],[-91.1823,30.9739],[-91.1761,30.9992],[-91.6369,30.9994],[-91.5784,31.024],[-91.5644,31.039],[-91.5599,31.0541],[-91.5641,31.0668],[-91.6132,31.1035],[-91.6269,31.1188],[-91.6242,31.1337],[-91.5915,31.1731],[-91.5889,31.189],[-91.6016,31.2086],[-91.6444,31.2344],[-91.652,31.2427],[-91.654,31.2558],[-91.6377,31.2677],[-91.5642,31.2616],[-91.5377,31.2674],[-91.5156,31.2782],[-91.5089,31.2916],[-91.5087,31.3151],[-91.5482,31.3461],[-91.551,31.3636],[-91.5461,31.3822],[-91.5557,31.3864],[-91.569,31.3776],[-91.5783,31.3991],[-91.5763,31.4105],[-91.5652,31.4234],[-91.5434,31.4326],[-91.5371,31.4242],[-91.5395,31.414],[-91.5323,31.3903],[-91.5218,31.3752],[-91.5048,31.365],[-91.4788,31.3649],[-91.4748,31.3686],[-91.471,31.3762],[-91.4721,31.3971],[-91.4998,31.4201],[-91.5151,31.4492],[-91.5181,31.4835],[-91.5149,31.5101],[-91.5207,31.5134],[-91.5225,31.5221],[-91.5134,31.532],[-91.4896,31.5343],[-91.479,31.5305],[-91.4424,31.5433],[-91.4098,31.5671],[-91.4041,31.5857],[-91.4071,31.592],[-91.4227,31.5971],[-91.462,31.5867],[-91.4852,31.5862],[-91.5028,31.5957],[-91.5147,31.6094],[-91.5197,31.6087],[-91.5204,31.6166],[-91.5427,31.6249],[-91.5312,31.6162],[-91.5342,31.6124],[-91.5552,31.6224],[-91.5694,31.616],[-91.5775,31.6259],[-91.5805,31.6135],[-91.5817,31.6238],[-91.5883,31.6205],[-91.5888,31.6123],[-91.6181,31.5929],[-91.6392,31.5929],[-91.6424,31.6078],[-91.6681,31.6121],[-91.6724,31.606],[-91.6889,31.605],[-91.7278,31.6214],[-91.7059,31.6429],[-91.7143,31.676],[-91.7017,31.703],[-91.6966,31.7318],[-91.6861,31.7421],[-91.6787,31.7431],[-91.6601,31.7285],[-91.6392,31.7282],[-91.6184,31.7407],[-91.6053,31.7601],[-91.5961,31.762],[-91.5858,31.7576],[-91.5741,31.738],[-91.5552,31.7236],[-91.5459,31.7236],[-91.5359,31.7354],[-91.5379,31.7453],[-91.5537,31.7601],[-91.5777,31.7959],[-91.5689,31.8309],[-91.5703,31.8628],[-91.5787,31.8639],[-91.58,31.8707],[-91.5692,31.8936],[-91.5432,31.9138],[-91.525,31.9155],[-91.5114,31.93],[-91.5128,31.9541],[-91.5283,31.9608],[-91.5122,31.9754],[-91.5148,31.9854],[-91.5075,31.992],[-91.4976,31.9913],[-91.4949,32.0031],[-91.5015,32.0049],[-91.4967,32.0097],[-91.5102,32.0213],[-91.5015,32.0465],[-91.5017,32.0664],[-91.4916,32.0704],[-91.4952,32.0757],[-91.4897,32.0771],[-91.4931,32.0839],[-91.4896,32.0914],[-91.5105,32.1],[-91.5011,32.1061],[-91.5066,32.1432],[-91.4954,32.1482],[-91.4933,32.1561],[-91.4936,32.2032],[-91.5468,32.2064],[-91.538,32.2205],[-91.5177,32.2256],[-91.5095,32.245],[-91.5198,32.236],[-91.5293,32.2345],[-91.5425,32.2383],[-91.5573,32.2507],[-91.5526,32.2577],[-91.5448,32.2594],[-91.5325,32.2498],[-91.5245,32.2514],[-91.5239,32.277],[-91.5295,32.2936],[-91.5259,32.3014],[-91.5051,32.2927],[-91.5034,32.3149],[-91.4716,32.3175],[-91.4746,32.3415],[-91.4943,32.3387],[-91.5012,32.3448],[-91.485,32.3665],[-91.4805,32.3552],[-91.4737,32.3516],[-91.463,32.3519],[-91.4508,32.3613],[-91.4526,32.3697],[-91.4744,32.3836],[-91.4798,32.3965],[-91.485,32.3982],[-91.4765,32.4056],[-91.6351,32.4058],[-91.6311,32.4036],[-91.6411,32.4031],[-91.643,32.3938],[-91.6498,32.3933],[-91.6495,32.3894],[-91.6566,32.3913],[-91.6583,32.3862],[-91.6691,32.3885],[-91.6702,32.3831],[-91.6801,32.3842],[-91.6802,32.3736],[-91.6849,32.3771],[-91.6837,32.4057],[-91.7913,32.4058],[-91.7885,32.3964],[-91.8024,32.3805],[-91.7964,32.3682],[-91.8069,32.355],[-91.7935,32.3286],[-91.8025,32.314],[-91.7638,32.2916],[-91.7741,32.2774],[-91.7707,32.2722],[-91.7743,32.2644],[-91.7699,32.2602],[-91.7734,32.2585],[-91.7692,32.2572],[-91.7737,32.2537],[-91.7715,32.2481],[-91.7803,32.243],[-91.7772,32.2383],[-91.7873,32.2389],[-91.785,32.236],[-91.794,32.2291],[-91.7922,32.2251],[-91.8087,32.2218],[-91.809,32.2181],[-91.8129,32.2222],[-91.8205,32.2127],[-91.8192,32.2051],[-91.8241,32.2032],[-91.8227,32.1906],[-91.8302,32.1885],[-91.8308,32.1805],[-91.8357,32.182],[-91.8373,32.1762],[-91.8491,32.1729],[-91.8554,32.1763],[-91.8649,32.1716],[-91.8751,32.1739],[-91.8867,32.166],[-91.8947,32.1515],[-91.9005,32.1531],[-91.8936,32.1562],[-91.8969,32.1596],[-91.8929,32.1628],[-91.9106,32.1691],[-91.9328,32.1652],[-91.9421,32.1754],[-91.9799,32.1661],[-91.9759,32.1784],[-91.9838,32.1913],[-91.973,32.1981],[-91.9753,32.2043],[-92.0001,32.1904],[-92.0088,32.1925],[-92.0064,32.2016],[-91.9777,32.2173],[-91.9831,32.2243],[-91.9902,32.2138],[-92.0001,32.2117],[-91.9912,32.2255],[-92.0075,32.2311],[-91.9991,32.235],[-91.997,32.2464],[-91.9862,32.2508],[-92.0014,32.2562],[-91.9917,32.2646],[-91.9934,32.2768],[-92.1065,32.2769],[-92.1063,32.2587],[-92.1526,32.2588],[-92.1527,32.2647],[-92.1626,32.2704],[-92.1634,32.2798],[-92.1438,32.2807],[-92.1527,32.2998],[-92.1499,32.3044],[-92.1281,32.2883],[-92.1158,32.2969],[-92.1077,32.2947],[-92.102,32.2847],[-92.0942,32.2897],[-92.0936,32.3027],[-92.1068,32.3046],[-92.0889,32.3239],[-92.0886,32.3309],[-92.1131,32.3429],[-92.1232,32.3671],[-92.1171,32.3829],[-92.1335,32.39],[-92.1059,32.4124],[-92.1079,32.4172],[-92.1163,32.4179],[-92.1379,32.4087],[-92.1537,32.4136],[-92.1727,32.44],[-92.1826,32.4222],[-92.1957,32.4122],[-92.2311,32.4119],[-92.2438,32.4162],[-92.2676,32.4085],[-92.3004,32.4056],[-92.3087,32.3812],[-92.3071,32.3476],[-92.3223,32.3296],[-92.312,32.321],[-92.3124,31.8962],[-92.3248,31.8869],[-92.3195,31.8833],[-92.3253,31.8715],[-92.3216,31.8616],[-92.3377,31.854],[-92.3291,31.8489],[-92.3357,31.8423],[-92.3336,31.8376],[-92.341,31.8327],[-92.3361,31.8231],[-92.3427,31.8235],[-92.3404,31.8135],[-92.3429,31.8166],[-92.3481,31.8097],[-92.3626,31.8069],[-92.357,31.8031],[-92.3622,31.7999],[-92.3584,31.7989],[-92.363,31.7949],[-92.3613,31.7814],[-92.3532,31.7806],[-92.3439,31.7693],[-92.3477,31.7647],[-92.3449,31.7592],[-92.3368,31.7605],[-92.3394,31.7546],[-92.3449,31.7549],[-92.3583,31.7436],[-92.35,31.7378],[-92.3584,31.7335],[-92.3547,31.7292],[-92.3587,31.723],[-92.3687,31.7223],[-92.3676,31.7122],[-92.3731,31.7022],[-92.3639,31.7028],[-92.3626,31.6963],[-92.3548,31.7004],[-92.3469,31.6914],[-92.3594,31.683],[-92.3568,31.6785],[-92.3501,31.6807],[-92.3563,31.6703],[-92.3612,31.6747],[-92.3657,31.6723],[-92.362,31.6598],[-92.369,31.6594],[-92.362,31.6545],[-92.3672,31.6493],[-92.3606,31.6429],[-92.3692,31.6318],[-92.3553,31.6376],[-92.3542,31.6297],[-92.3458,31.6302],[-92.3526,31.6236],[-92.3616,31.6233],[-92.3663,31.628],[-92.3688,31.6169],[-92.3846,31.6201],[-92.343,31.5958],[-92.3054,31.5884],[-92.3107,31.5799],[-92.3228,31.5763],[-92.3193,31.5712],[-92.3114,31.5735],[-92.3,31.567],[-92.2989,31.5594],[-92.3049,31.5525],[-92.301,31.5471],[-92.2801,31.5415],[-92.2976,31.5351],[-92.2755,31.5306],[-92.2751,31.5361],[-92.2697,31.5295],[-92.2742,31.5266],[-92.2737,31.516],[-92.2799,31.5142],[-92.2752,31.506],[-92.283,31.5028],[-92.2766,31.4954],[-92.2662,31.4928],[-92.255,31.4963],[-92.2498,31.5062],[-92.2386,31.5001],[-92.2483,31.4845],[-92.2412,31.4776],[-92.2301,31.4774],[-92.2396,31.4858],[-92.2392,31.4904],[-92.2234,31.4867],[-92.2163,31.4921],[-92.2114,31.4805],[-92.1961,31.4779],[-92.2423,31.4688],[-92.247,31.4533],[-92.2535,31.4521],[-92.2527,31.4455],[-92.2614,31.4365],[-92.2547,31.4147],[-92.26,31.4085],[-92.2773,31.4033],[-92.2814,31.3936],[-92.2902,31.3884],[-92.3208,31.3876],[-92.4045,31.368],[-92.4028,31.3448],[-92.3649,31.342],[-92.3837,31.3349],[-92.3803,31.3259],[-92.3834,31.3194],[-92.3983,31.3247],[-92.4032,31.3219],[-92.4034,31.3146],[-92.3943,31.3143],[-92.3958,31.3099],[-92.39,31.306],[-92.4008,31.2926],[-92.4012,31.278],[-92.3928,31.2709],[-92.4102,31.2651],[-92.4276,31.252],[-92.4302,31.2376]]]},"properties":{"geoid":"22032","state":"22","district":"32","name":"State Senate District 32","chamber":"Senate"}},{"type":"Feature","geometry":{"type":"Polygon","coordinates":[[[-93.5308,32.9679],[-93.5194,32.9649],[-93.5206,32.9544],[-93.5136,32.9506],[-93.5137,32.9403],[-93.4965,32.9281],[-93.4976,32.9225],[-93.4808,32.9272],[-93.4788,32.9193],[-93.4694,32.9175],[-93.4695,32.9046],[-93.4821,32.905],[-93.4651,32.8964],[-93.4539,32.8965],[-93.4568,32.9512],[-93.4286,32.9512],[-93.4338,32.9677],[-93.4113,32.9729],[-93.4241,32.9874],[-93.4333,32.9876],[-93.4313,32.9932],[-93.4233,32.9979],[-93.3962,32.9942],[-93.3929,32.9783],[-93.3984,32.9728],[-93.3885,32.9636],[-93.3879,32.9518],[-93.3712,32.9414],[-93.3697,32.9321],[-93.3941,32.9009],[-93.3765,32.8863],[-93.3738,32.8765],[-93.3706,32.8796],[-93.3598,32.8746],[-93.3564,32.8651],[-93.3616,32.8636],[-93.3531,32.8536],[-93.356,32.846],[-93.3285,32.8203],[-93.3288,32.8071],[-93.3401,32.7931],[-93.3382,32.7824],[-93.3444,32.781],[-93.3411,32.7793],[-93.3461,32.7597],[-93.3233,32.7608],[-93.3165,32.7568],[-93.2912,32.7681],[-93.2788,32.7631],[-93.2736,32.7696],[-93.2565,32.7723],[-93.2462,32.7568],[-93.2377,32.7528],[-93.2377,32.716],[-93.1867,32.7162],[-93.1861,32.6729],[-93.1777,32.6722],[-93.1829,32.6659],[-93.1769,32.6636],[-93.1756,32.6578],[-93.181,32.6534],[-93.1736,32.6331],[-93.1795,32.6218],[-93.1759,32.601],[-93.1811,32.5992],[-93.182,32.586],[-93.0017,32.585],[-93.0178,32.5644],[-93.0087,32.5576],[-93.0081,32.5467],[-93.0514,32.5463],[-93.0529,32.5502],[-93.0571,32.5455],[-93.0647,32.5463],[-93.0579,32.5341],[-93.0486,32.5388],[-93.0488,32.5438],[-93.01,32.5296],[-92.9636,32.5417],[-92.9741,32.5345],[-92.9766,32.5149],[-92.9505,32.5173],[-92.9172,32.54],[-92.9227,32.54],[-92.9232,32.549],[-92.9288,32.5534],[-92.9266,32.5573],[-92.9227,32.5553],[-92.9206,32.5673],[-92.9256,32.5752],[-92.9243,32.5853],[-92.8809,32.5853],[-92.88,32.5576],[-92.8306,32.5484],[-92.7773,32.5464],[-92.7773,32.5346],[-92.7707,32.5339],[-92.7666,32.5441],[-92.7685,32.5667],[-92.7595,32.5845],[-92.7388,32.5859],[-92.7354,32.57],[-92.7297,32.5748],[-92.694,32.5745],[-92.6921,32.5717],[-92.7015,32.5638],[-92.6942,32.5553],[-92.684,32.5552],[-92.6772,32.5472],[-92.6717,32.5479],[-92.6735,32.5604],[-92.6682,32.5733],[-92.6596,32.5802],[-92.6603,32.5925],[-92.656,32.5845],[-92.6393,32.5842],[-92.6393,32.5899],[-92.62,32.5997],[-92.5965,32.5979],[-92.5861,32.6092],[-92.5275,32.6302],[-92.5187,32.6085],[-92.5283,32.5862],[-92.5225,32.5759],[-92.5168,32.5758],[-92.519,32.5811],[-92.5157,32.582],[-92.4888,32.5832],[-92.4636,32.5742],[-92.4153,32.5755],[-92.415,32.5218],[-92.33,32.5189],[-92.2879,32.5268],[-92.2453,32.5191],[-92.2462,32.546],[-92.228,32.5453],[-92.1901,32.5341],[-92.1691,32.5362],[-92.1697,32.5423],[-92.1616,32.5437],[-92.1499,32.5372],[-92.163,32.5338],[-92.1525,32.5289],[-92.1571,32.5172],[-92.1375,32.5166],[-92.134,32.5183],[-92.1356,32.5263],[-92.1284,32.5309],[-92.1339,32.5384],[-92.1256,32.5498],[-92.1287,32.5593],[-92.1215,32.569],[-92.0893,32.567],[-92.0849,32.5612],[-92.1069,32.5386],[-92.0941,32.5436],[-92.0821,32.5376],[-92.0782,32.5405],[-92.0709,32.5825],[-92.0557,32.5699],[-92.0403,32.5722],[-92.0378,32.5626],[-92.0235,32.5556],[-92.0183,32.5432],[-92.0286,32.5382],[-92.0341,32.5288],[-92.0161,32.5317],[-91.9734,32.5186],[-91.9744,32.5687],[-91.9441,32.5686],[-91.9224,32.5769],[-91.9246,32.5827],[-91.9328,32.5814],[-91.9434,32.5871],[-91.942,32.5958],[-91.9216,32.6246],[-91.9242,32.6453],[-91.9126,32.6488],[-91.9092,32.6546],[-91.911,32.6611],[-91.9225,32.6676],[-91.9363,32.6589],[-91.9322,32.6693],[-91.9214,32.6696],[-91.9123,32.6765],[-91.8882,32.6764],[-91.8813,32.6825],[-91.8621,32.682],[-91.8622,32.6964],[-91.884,32.6983],[-91.883,32.7042],[-91.8902,32.7105],[-91.886,32.7203],[-91.8979,32.7223],[-91.9027,32.7172],[-91.9047,32.7273],[-91.922,32.7276],[-91.9108,32.7565],[-91.9326,32.7566],[-91.9839,32.7218],[-91.9837,32.7307],[-91.9701,32.7316],[-91.9656,32.7424],[-91.9609,32.7433],[-91.9567,32.7567],[-91.9613,32.7579],[-91.9502,32.7754],[-91.9692,32.7746],[-91.9664,32.7792],[-91.9704,32.7925],[-91.9575,32.7957],[-91.9497,32.8037],[-91.958,32.8211],[-91.9449,32.8299],[-91.9354,32.8305],[-91.9297,32.8114],[-91.9076,32.8292],[-91.9075,32.7975],[-91.8949,32.813],[-91.8852,32.8131],[-91.8696,32.794],[-91.8685,32.7733],[-91.8405,32.7727],[-91.8382,32.7649],[-91.8152,32.7623],[-91.8076,32.7408],[-91.8193,32.717],[-91.8108,32.6956],[-91.8143,32.6886],[-91.7929,32.6914],[-91.7835,32.7014],[-91.7643,32.6689],[-91.7582,32.674],[-91.7532,32.6901],[-91.7571,32.7043],[-91.6563,32.7021],[-91.624,32.6957],[-91.622,32.6799],[-91.6376,32.6673],[-91.5969,32.6671],[-91.5962,32.5821],[-91.4453,32.582],[-91.4266,32.5999],[-91.4007,32.6066],[-91.3949,32.6131],[-91.4038,32.6166],[-91.4057,32.6256],[-91.4003,32.6324],[-91.403,32.6404],[-91.3976,32.6397],[-91.3941,32.6454],[-91.3984,32.6488],[-91.395,32.6577],[-91.4016,32.6589],[-91.3982,32.6627],[-91.4035,32.6814],[-91.3973,32.6831],[-91.3971,32.6936],[-91.3848,32.69],[-91.3786,32.6929],[-91.3757,32.6886],[-91.3734,32.6965],[-91.3782,32.6999],[-91.3738,32.7189],[-91.3433,32.7497],[-91.3398,32.8217],[-91.3477,32.8246],[-91.3384,32.8532],[-91.3402,32.8612],[-91.3345,32.8609],[-91.336,32.8657],[-91.3284,32.8726],[-91.3204,32.8639],[-91.3123,32.8795],[-91.3078,32.8799],[-91.3119,32.8852],[-91.3125,32.9128],[-91.302,32.9267],[-91.3093,32.9356],[-91.299,32.9486],[-91.294,32.946],[-91.2916,32.9522],[-91.2877,32.9494],[-91.2768,32.9542],[-91.274,32.9652],[-91.2782,32.9733],[-91.2676,32.9754],[-91.2739,32.9877],[-91.2624,32.9922],[-91.2615,33.0006],[-91.265,33.0051],[-91.2893,33.0055],[-93.521,33.0186],[-93.5147,33.0124],[-93.5163,33.0027],[-93.5305,32.9832],[-93.5304,32.9754],[-93.526,32.9764],[-93.5308,32.9679]]]},"properties":{"geoid":"22033","state":"22","district":"33","name":"State Senate District 33","chamber":"Senate"}},{"type":"Feature","geometry":{"type":"Polygon","coordinates":[[[-92.1647,32.2767],[-92.1527,32.2647],[-92.1526,32.2588],[-92.1063,32.2587],[-92.1065,32.2769],[-91.9934,32.2768],[-91.9917,32.2646],[-92.0014,32.2562],[-91.9862,32.2508],[-91.997,32.2464],[-91.9991,32.235],[-92.0075,32.2311],[-91.9912,32.2255],[-92.0001,32.2117],[-91.9902,32.2138],[-91.9831,32.2243],[-91.9777,32.2173],[-92.0064,32.2016],[-92.0088,32.1925],[-92.0001,32.1904],[-91.9753,32.2043],[-91.973,32.1981],[-91.9838,32.1913],[-91.9759,32.1784],[-91.9799,32.1661],[-91.9421,32.1754],[-91.9328,32.1652],[-91.9106,32.1691],[-91.8929,32.1628],[-91.8969,32.1596],[-91.8936,32.1562],[-91.9005,32.1531],[-91.8947,32.1515],[-91.8867,32.166],[-91.8751,32.1739],[-91.8649,32.1716],[-91.8554,32.1763],[-91.8491,32.1729],[-91.8373,32.1762],[-91.8357,32.182],[-91.8308,32.1805],[-91.8302,32.1885],[-91.8227,32.1906],[-91.8241,32.2032],[-91.8192,32.2051],[-91.8205,32.2127],[-91.8129,32.2222],[-91.809,32.2181],[-91.8087,32.2218],[-91.7922,32.2251],[-91.794,32.2291],[-91.785,32.236],[-91.7873,32.2389],[-91.7772,32.2383],[-91.7803,32.243],[-91.7715,32.2481],[-91.7737,32.2537],[-91.7692,32.2572],[-91.7734,32.2585],[-91.7699,32.2602],[-91.7743,32.2644],[-91.7707,32.2722],[-91.7741,32.2774],[-91.7638,32.2916],[-91.8025,32.314],[-91.7935,32.3286],[-91.8069,32.355],[-91.7964,32.3682],[-91.8024,32.3805],[-91.7885,32.3964],[-91.7913,32.4058],[-91.6837,32.4057],[-91.6849,32.3771],[-91.6802,32.3736],[-91.6801,32.3842],[-91.6702,32.3831],[-91.6691,32.3885],[-91.6583,32.3862],[-91.6566,32.3913],[-91.6495,32.3894],[-91.6498,32.3933],[-91.643,32.3938],[-91.6411,32.4031],[-91.6311,32.4036],[-91.6351,32.4058],[-91.476,32.405],[-91.485,32.3982],[-91.4798,32.3965],[-91.4744,32.3836],[-91.4526,32.3697],[-91.451,32.3606],[-91.463,32.3519],[-91.4737,32.3516],[-91.4805,32.3552],[-91.485,32.3665],[-91.5012,32.3448],[-91.4943,32.3387],[-91.4746,32.3415],[-91.4716,32.3175],[-91.5034,32.3149],[-91.5051,32.2927],[-91.5259,32.3014],[-91.5295,32.2936],[-91.5239,32.277],[-91.5245,32.2514],[-91.5325,32.2498],[-91.5448,32.2594],[-91.5526,32.2577],[-91.5573,32.2507],[-91.5425,32.2383],[-91.5293,32.2345],[-91.5198,32.236],[-91.5095,32.245],[-91.5177,32.2256],[-91.538,32.2205],[-91.5468,32.2064],[-91.4936,32.2032],[-91.4933,32.1561],[-91.4954,32.1482],[-91.5066,32.1432],[-91.5011,32.1061],[-91.5105,32.1],[-91.4896,32.0914],[-91.4931,32.0839],[-91.4897,32.0771],[-91.4952,32.0757],[-91.4916,32.0704],[-91.5017,32.0664],[-91.5015,32.0465],[-91.5102,32.0213],[-91.4967,32.0097],[-91.5015,32.0049],[-91.4949,32.0031],[-91.4976,31.9913],[-91.5075,31.992],[-91.5148,31.9854],[-91.5122,31.9754],[-91.5283,31.9608],[-91.5128,31.9541],[-91.5114,31.93],[-91.525,31.9155],[-91.5432,31.9138],[-91.5692,31.8936],[-91.58,31.8707],[-91.5787,31.8639],[-91.5703,31.8628],[-91.5689,31.8309],[-91.5777,31.7959],[-91.5537,31.7601],[-91.5379,31.7453],[-91.5359,31.7354],[-91.5459,31.7236],[-91.5552,31.7236],[-91.5741,31.738],[-91.5858,31.7576],[-91.5961,31.762],[-91.6053,31.7601],[-91.6184,31.7407],[-91.6392,31.7282],[-91.6601,31.7285],[-91.6787,31.7431],[-91.6861,31.7421],[-91.6966,31.7318],[-91.7017,31.703],[-91.7143,31.676],[-91.7059,31.6429],[-91.7278,31.6214],[-91.6889,31.605],[-91.6724,31.606],[-91.6681,31.6121],[-91.6424,31.6078],[-91.6392,31.5929],[-91.6181,31.5929],[-91.5888,31.6123],[-91.5883,31.6205],[-91.5817,31.6238],[-91.5805,31.6135],[-91.5775,31.6259],[-91.5694,31.616],[-91.5552,31.6224],[-91.5342,31.6124],[-91.5312,31.6162],[-91.5427,31.6249],[-91.5204,31.6166],[-91.517,31.608],[-91.5155,31.6304],[-91.4977,31.6454],[-91.4638,31.6204],[-91.4305,31.6115],[-91.4165,31.6131],[-91.4008,31.6205],[-91.3983,31.6263],[-91.3977,31.71],[-91.3694,31.7469],[-91.3209,31.7501],[-91.2795,31.7448],[-91.2656,31.7521],[-91.2597,31.7594],[-91.2615,31.7655],[-91.2785,31.7721],[-91.3456,31.7585],[-91.3656,31.7608],[-91.3605,31.7958],[-91.3452,31.8439],[-91.3338,31.8533],[-91.294,31.8605],[-91.2832,31.8158],[-91.2692,31.8092],[-91.2543,31.8137],[-91.245,31.8322],[-91.2676,31.8524],[-91.2677,31.8627],[-91.2349,31.8769],[-91.2028,31.908],[-91.1823,31.9158],[-91.1838,31.9336],[-91.1932,31.9357],[-91.1848,31.9656],[-91.1644,31.9826],[-91.1028,31.991],[-91.0759,32.0168],[-91.0914,32.0361],[-91.1538,32.0507],[-91.162,32.0619],[-91.1585,32.0729],[-91.1488,32.0802],[-91.1357,32.0807],[-91.1037,32.0503],[-91.0809,32.0479],[-91.0811,32.0784],[-91.0352,32.1005],[-91.0309,32.1206],[-91.0158,32.1268],[-91.0041,32.1462],[-91.0029,32.1621],[-91.025,32.1626],[-91.0583,32.181],[-91.0589,32.1712],[-91.0485,32.1502],[-91.0536,32.1244],[-91.0816,32.134],[-91.1012,32.1311],[-91.111,32.1246],[-91.1628,32.1327],[-91.1746,32.155],[-91.1642,32.1969],[-91.1336,32.2134],[-91.1173,32.2067],[-91.1085,32.2081],[-91.0837,32.2265],[-91.0711,32.2261],[-91.0614,32.2186],[-91.0503,32.2379],[-91.039,32.2423],[-91.0029,32.2231],[-91.0032,32.198],[-90.9997,32.1911],[-90.9949,32.1931],[-90.9834,32.2118],[-90.9803,32.2436],[-90.9694,32.2525],[-90.983,32.2703],[-90.9795,32.2937],[-90.9641,32.2969],[-90.9498,32.2831],[-90.9222,32.2986],[-90.9026,32.3196],[-90.9007,32.3304],[-90.8756,32.3735],[-90.8916,32.3715],[-90.8972,32.3552],[-90.9124,32.3395],[-90.9936,32.354],[-91.0045,32.3647],[-91.0014,32.3794],[-90.9941,32.4039],[-90.9753,32.411],[-90.966,32.4207],[-90.9696,32.4395],[-90.98,32.4478],[-90.9955,32.4509],[-91.0282,32.4337],[-91.0514,32.4378],[-91.0934,32.4574],[-91.1131,32.4777],[-91.1167,32.5001],[-91.1013,32.5256],[-91.0937,32.5491],[-91.0381,32.4904],[-91.0005,32.4822],[-90.9872,32.4957],[-91.0011,32.5129],[-91.0577,32.5338],[-91.0754,32.5467],[-91.0804,32.5565],[-91.0362,32.5796],[-91.0082,32.6042],[-91.003,32.6226],[-91.0143,32.6405],[-91.0258,32.6466],[-91.0372,32.6379],[-91.0498,32.6072],[-91.1157,32.591],[-91.1199,32.5848],[-91.1428,32.5989],[-91.1536,32.6262],[-91.1527,32.6408],[-91.1376,32.6506],[-91.1262,32.6671],[-91.1044,32.6824],[-91.0761,32.6938],[-91.0553,32.7171],[-91.057,32.7256],[-91.0906,32.7361],[-91.1246,32.7432],[-91.1586,32.7434],[-91.1659,32.7556],[-91.1555,32.7799],[-91.1644,32.7858],[-91.1578,32.8233],[-91.1426,32.8455],[-91.1279,32.8551],[-91.1056,32.8584],[-91.0706,32.8887],[-91.0638,32.9037],[-91.064,32.9241],[-91.0826,32.9462],[-91.0791,32.9551],[-91.0868,32.9763],[-91.0969,32.9864],[-91.1118,32.9884],[-91.1355,32.9797],[-91.1386,32.9714],[-91.1307,32.9623],[-91.1379,32.9528],[-91.1313,32.9269],[-91.1451,32.9055],[-91.1702,32.8994],[-91.1968,32.9068],[-91.2116,32.9196],[-91.2128,32.9361],[-91.1983,32.9502],[-91.2018,32.9612],[-91.1733,32.9861],[-91.1661,33.0043],[-91.265,33.0051],[-91.2622,32.9924],[-91.2739,32.9877],[-91.2677,32.9751],[-91.2783,32.9728],[-91.274,32.9652],[-91.2757,32.9558],[-91.2812,32.9505],[-91.2916,32.9522],[-91.294,32.946],[-91.299,32.9486],[-91.3093,32.9356],[-91.302,32.9267],[-91.3125,32.9128],[-91.3119,32.8852],[-91.3078,32.8799],[-91.3123,32.8795],[-91.3204,32.8639],[-91.3284,32.8726],[-91.336,32.8657],[-91.3345,32.8609],[-91.3402,32.8612],[-91.3384,32.8532],[-91.3477,32.8246],[-91.3398,32.8217],[-91.3433,32.7497],[-91.3738,32.7189],[-91.3782,32.6999],[-91.3734,32.6965],[-91.3757,32.6886],[-91.3786,32.6929],[-91.3848,32.69],[-91.3971,32.6936],[-91.3973,32.6831],[-91.4035,32.6814],[-91.3982,32.6627],[-91.4016,32.6589],[-91.395,32.6577],[-91.3984,32.6488],[-91.3941,32.6454],[-91.3976,32.6397],[-91.403,32.6404],[-91.4003,32.6324],[-91.4059,32.6223],[-91.3951,32.6118],[-91.4266,32.5999],[-91.4453,32.582],[-91.5962,32.5821],[-91.5969,32.6671],[-91.6376,32.6673],[-91.622,32.6799],[-91.624,32.6957],[-91.6563,32.7021],[-91.7571,32.7043],[-91.7532,32.6901],[-91.7582,32.674],[-91.7649,32.6689],[-91.7835,32.7014],[-91.7929,32.6914],[-91.8143,32.6886],[-91.8108,32.6956],[-91.8193,32.717],[-91.8076,32.7408],[-91.8152,32.7623],[-91.8382,32.7649],[-91.8405,32.7727],[-91.8685,32.7733],[-91.8696,32.794],[-91.8852,32.8131],[-91.8949,32.813],[-91.9075,32.7975],[-91.9076,32.8292],[-91.9239,32.8198],[-91.9213,32.8165],[-91.9265,32.8115],[-91.933,32.8141],[-91.9309,32.8222],[-91.9354,32.8305],[-91.9574,32.822],[-91.9493,32.8046],[-91.9575,32.7957],[-91.9703,32.7928],[-91.9664,32.7792],[-91.9692,32.7746],[-91.9502,32.7754],[-91.9613,32.7579],[-91.9567,32.7567],[-91.961,32.7432],[-91.9656,32.7424],[-91.9701,32.7316],[-91.9837,32.7307],[-91.9839,32.7218],[-91.9326,32.7566],[-91.9108,32.7565],[-91.922,32.7276],[-91.9047,32.7273],[-91.9027,32.7172],[-91.8979,32.7223],[-91.886,32.7203],[-91.8902,32.7105],[-91.883,32.7042],[-91.884,32.6983],[-91.8622,32.6964],[-91.8621,32.682],[-91.8813,32.6825],[-91.8882,32.6764],[-91.9123,32.6765],[-91.9214,32.6696],[-91.9322,32.6693],[-91.9363,32.6589],[-91.9225,32.6676],[-91.911,32.6611],[-91.9092,32.6546],[-91.9126,32.6488],[-91.9242,32.6453],[-91.9216,32.6246],[-91.942,32.5958],[-91.9434,32.5871],[-91.9328,32.5814],[-91.9246,32.5827],[-91.9224,32.5769],[-91.9441,32.5686],[-91.9744,32.5687],[-91.9734,32.5186],[-92.0161,32.5317],[-92.0341,32.5288],[-92.0286,32.5382],[-92.0183,32.5432],[-92.0235,32.5556],[-92.0378,32.5626],[-92.0403,32.5722],[-92.0557,32.5699],[-92.0715,32.5825],[-92.0805,32.5224],[-92.0953,32.5244],[-92.1133,32.5133],[-92.1023,32.5062],[-92.1205,32.5011],[-92.1135,32.4821],[-92.1295,32.4884],[-92.1338,32.4818],[-92.1314,32.4763],[-92.1166,32.4763],[-92.1184,32.4556],[-92.1108,32.4421],[-92.1434,32.4307],[-92.1521,32.4358],[-92.1528,32.4464],[-92.1585,32.4437],[-92.145,32.4111],[-92.1366,32.4088],[-92.115,32.4182],[-92.1058,32.4148],[-92.1335,32.39],[-92.1171,32.3829],[-92.1232,32.3671],[-92.1131,32.3429],[-92.0886,32.3309],[-92.0889,32.3239],[-92.1068,32.3046],[-92.0936,32.3027],[-92.0942,32.2897],[-92.102,32.2847],[-92.1077,32.2947],[-92.1158,32.2969],[-92.1281,32.2883],[-92.1499,32.3044],[-92.1527,32.2998],[-92.1438,32.2807],[-92.1647,32.2767]]]},"properties":{"geoid":"22034","state":"22","district":"34","name":"State Senate District 34","chamber":"Senate"}},{"type":"Feature","geometry":{"type":"Polygon","coordinates":[[[-92.777,32.4536],[-92.7743,32.3182],[-92.7684,32.316],[-92.7536,32.3212],[-92.7337,32.3067],[-92.7352,32.3002],[-92.7474,32.296],[-92.7491,32.2859],[-92.7275,32.2818],[-92.7235,32.2765],[-92.7071,32.2801],[-92.7187,32.2726],[-92.7186,32.2649],[-92.7236,32.2648],[-92.7211,32.2594],[-92.7127,32.2658],[-92.686,32.2676],[-92.7012,32.2575],[-92.7011,32.2415],[-92.7112,32.2409],[-92.6937,32.2218],[-92.6881,32.2065],[-92.6885,32.2021],[-92.6972,32.2049],[-92.7079,32.2014],[-92.6996,32.1469],[-92.5951,32.1468],[-92.6046,32.1345],[-92.6006,32.1146],[-92.6041,32.0964],[-92.5975,32.0893],[-92.6244,32.0883],[-92.6072,32.0597],[-92.6415,32.0591],[-92.641,32.0302],[-92.6373,32.0225],[-92.627,32.0215],[-92.6289,32.0161],[-92.6164,32.005],[-92.5952,31.9984],[-92.5979,31.9942],[-92.5936,31.9878],[-92.6139,31.981],[-92.6203,31.9736],[-92.6156,31.9636],[-92.602,31.9578],[-92.5969,31.9467],[-92.604,31.9403],[-92.6021,31.927],[-92.5883,31.9165],[-92.5729,31.9132],[-92.5672,31.9023],[-92.5514,31.8982],[-92.5471,31.8921],[-92.5502,31.8897],[-92.5397,31.8848],[-92.5418,31.8715],[-92.5522,31.8703],[-92.5546,31.8637],[-92.5763,31.8573],[-92.5851,31.8594],[-92.5854,31.8117],[-92.5794,31.7972],[-92.6193,31.7973],[-92.6209,31.7096],[-92.6677,31.7094],[-92.6692,31.7002],[-92.6612,31.6877],[-92.6459,31.6772],[-92.6383,31.6618],[-92.6468,31.6573],[-92.6506,31.6449],[-92.662,31.6381],[-92.6684,31.6252],[-92.6495,31.5906],[-92.656,31.5552],[-92.6629,31.5592],[-92.6923,31.5436],[-92.6284,31.499],[-92.5936,31.4665],[-92.5922,31.4313],[-92.5819,31.4283],[-92.5739,31.4084],[-92.5449,31.4059],[-92.5295,31.3914],[-92.5046,31.3864],[-92.4895,31.3762],[-92.4755,31.3813],[-92.4752,31.3881],[-92.4646,31.3882],[-92.4673,31.4025],[-92.4633,31.4054],[-92.4442,31.3919],[-92.4159,31.3594],[-92.4269,31.349],[-92.4228,31.3345],[-92.4015,31.3516],[-92.4065,31.3574],[-92.4045,31.368],[-92.3208,31.3876],[-92.2907,31.3882],[-92.2818,31.3932],[-92.2773,31.4033],[-92.26,31.4085],[-92.2547,31.4147],[-92.2614,31.4365],[-92.2527,31.4455],[-92.2535,31.4521],[-92.247,31.4533],[-92.2423,31.4688],[-92.1961,31.4779],[-92.2114,31.4805],[-92.2163,31.4921],[-92.2234,31.4867],[-92.2392,31.4904],[-92.2396,31.4858],[-92.2301,31.4774],[-92.2412,31.4776],[-92.2483,31.4845],[-92.2386,31.5001],[-92.2498,31.5062],[-92.255,31.4963],[-92.2662,31.4928],[-92.2766,31.4954],[-92.283,31.5028],[-92.2752,31.506],[-92.2799,31.5142],[-92.2737,31.516],[-92.2742,31.5266],[-92.2697,31.5295],[-92.2751,31.5361],[-92.2755,31.5306],[-92.2976,31.5351],[-92.2801,31.5415],[-92.301,31.5471],[-92.3049,31.5525],[-92.2989,31.5594],[-92.3,31.567],[-92.3114,31.5735],[-92.3193,31.5712],[-92.3228,31.5763],[-92.3107,31.5799],[-92.3054,31.5884],[-92.343,31.5958],[-92.3846,31.6201],[-92.3688,31.6169],[-92.3663,31.628],[-92.3616,31.6233],[-92.3526,31.6236],[-92.3458,31.6302],[-92.3542,31.6297],[-92.3553,31.6376],[-92.3692,31.6318],[-92.3606,31.6429],[-92.3672,31.6493],[-92.362,31.6545],[-92.369,31.6594],[-92.362,31.6598],[-92.3657,31.6723],[-92.3612,31.6747],[-92.3563,31.6703],[-92.3501,31.6807],[-92.3568,31.6785],[-92.3594,31.683],[-92.3469,31.6914],[-92.3548,31.7004],[-92.3626,31.6963],[-92.3639,31.7028],[-92.3731,31.7022],[-92.3676,31.7122],[-92.3687,31.7223],[-92.3587,31.723],[-92.3547,31.7292],[-92.3584,31.7335],[-92.35,31.7378],[-92.3583,31.7436],[-92.3449,31.7549],[-92.3394,31.7546],[-92.3368,31.7605],[-92.3449,31.7592],[-92.3477,31.7647],[-92.3439,31.7693],[-92.3532,31.7806],[-92.3613,31.7814],[-92.363,31.7949],[-92.3584,31.7989],[-92.3622,31.7999],[-92.357,31.8031],[-92.3626,31.8069],[-92.3481,31.8097],[-92.3429,31.8166],[-92.3404,31.8135],[-92.3427,31.8235],[-92.3361,31.8231],[-92.341,31.8327],[-92.3336,31.8376],[-92.3357,31.8423],[-92.3291,31.8489],[-92.3377,31.854],[-92.3216,31.8616],[-92.3253,31.8715],[-92.3195,31.8833],[-92.3248,31.8869],[-92.3124,31.8962],[-92.312,32.321],[-92.3223,32.3296],[-92.3071,32.3476],[-92.3086,32.3814],[-92.298,32.4082],[-92.2676,32.4085],[-92.2435,32.4162],[-92.2311,32.4119],[-92.1957,32.4122],[-92.1826,32.4222],[-92.1727,32.44],[-92.1542,32.4139],[-92.1487,32.4131],[-92.1565,32.446],[-92.1528,32.4464],[-92.1521,32.4358],[-92.1445,32.4308],[-92.112,32.4408],[-92.111,32.4466],[-92.1185,32.456],[-92.1166,32.4763],[-92.1314,32.4763],[-92.1339,32.4813],[-92.1297,32.4884],[-92.1135,32.4821],[-92.1205,32.5011],[-92.1023,32.5062],[-92.1133,32.5133],[-92.0953,32.5244],[-92.0805,32.5224],[-92.0788,32.5399],[-92.084,32.5379],[-92.0941,32.5436],[-92.1069,32.5386],[-92.0849,32.5612],[-92.0928,32.5691],[-92.1215,32.569],[-92.1287,32.5593],[-92.1256,32.5498],[-92.1339,32.5384],[-92.1284,32.5309],[-92.1356,32.5263],[-92.134,32.5183],[-92.1375,32.5166],[-92.1571,32.5172],[-92.1525,32.5289],[-92.163,32.5338],[-92.1499,32.5372],[-92.1616,32.5437],[-92.1697,32.5423],[-92.1691,32.5362],[-92.1901,32.5341],[-92.228,32.5453],[-92.2462,32.546],[-92.2453,32.5191],[-92.2879,32.5268],[-92.33,32.5189],[-92.415,32.5218],[-92.4153,32.5755],[-92.4636,32.5742],[-92.4888,32.5832],[-92.5157,32.582],[-92.519,32.5811],[-92.5168,32.5758],[-92.5225,32.5759],[-92.5283,32.5862],[-92.5187,32.6085],[-92.5275,32.6302],[-92.5861,32.6092],[-92.5965,32.5979],[-92.62,32.5997],[-92.6393,32.5899],[-92.6393,32.5842],[-92.656,32.5845],[-92.6603,32.5925],[-92.6596,32.5802],[-92.6682,32.5733],[-92.6735,32.5604],[-92.6712,32.5483],[-92.6947,32.5431],[-92.6716,32.5404],[-92.6726,32.5338],[-92.6581,32.5295],[-92.6463,32.5308],[-92.6473,32.5403],[-92.6294,32.5315],[-92.5908,32.5355],[-92.5721,32.5318],[-92.5765,32.5295],[-92.5811,32.512],[-92.5898,32.5041],[-92.5854,32.4962],[-92.6224,32.4964],[-92.6217,32.4531],[-92.777,32.4536]]]},"properties":{"geoid":"22035","state":"22","district":"35","name":"State Senate District 35","chamber":"Senate"}},{"type":"Feature","geometry":{"type":"Polygon","coordinates":[[[-93.8452,32.9504],[-93.841,32.9461],[-93.8141,32.9426],[-93.802,32.9318],[-93.8215,32.9005],[-93.8191,32.8817],[-93.8002,32.8693],[-93.8023,32.8607],[-93.8149,32.8517],[-93.8002,32.8468],[-93.7899,32.8615],[-93.7852,32.8574],[-93.7861,32.8358],[-93.7933,32.8143],[-93.7985,32.8076],[-93.8198,32.7995],[-93.8243,32.792],[-93.8223,32.784],[-93.8168,32.7823],[-93.8014,32.7985],[-93.791,32.7981],[-93.7836,32.7861],[-93.7851,32.7694],[-93.7933,32.7571],[-93.8232,32.7351],[-93.8263,32.7166],[-93.8191,32.7109],[-93.8026,32.7262],[-93.7871,32.7246],[-93.7821,32.7122],[-93.787,32.6681],[-93.7656,32.6781],[-93.7555,32.672],[-93.7589,32.6637],[-93.7723,32.6627],[-93.7769,32.6581],[-93.7644,32.6411],[-93.7734,32.6403],[-93.7833,32.6465],[-93.7879,32.6432],[-93.7782,32.6371],[-93.7579,32.6373],[-93.7513,32.6302],[-93.76,32.6061],[-93.7435,32.6028],[-93.7404,32.5972],[-93.753,32.5998],[-93.7706,32.5934],[-93.7569,32.5875],[-93.7411,32.5913],[-93.7358,32.5837],[-93.7431,32.5705],[-93.7639,32.5617],[-93.7666,32.5539],[-93.7595,32.5482],[-93.7404,32.5509],[-93.7286,32.5351],[-93.7382,32.5331],[-93.7407,32.5434],[-93.7461,32.5468],[-93.7553,32.5376],[-93.7665,32.5421],[-93.7674,32.5386],[-93.7529,32.5282],[-93.7456,32.5328],[-93.7444,32.5155],[-93.7257,32.5077],[-93.719,32.5229],[-93.6908,32.5251],[-93.6945,32.5218],[-93.6884,32.5163],[-93.6937,32.5077],[-93.6985,32.5089],[-93.6912,32.4979],[-93.7012,32.4816],[-93.691,32.4733],[-93.6899,32.463],[-93.6823,32.4645],[-93.6844,32.4588],[-93.6621,32.4601],[-93.6788,32.4834],[-93.6745,32.4844],[-93.6791,32.4893],[-93.6709,32.4915],[-93.6681,32.4846],[-93.6393,32.4837],[-93.6374,32.4762],[-93.6303,32.4753],[-93.6303,32.4683],[-93.6172,32.4681],[-93.6172,32.461],[-93.582,32.4584],[-93.5818,32.451],[-93.5943,32.4482],[-93.5919,32.4424],[-93.6017,32.4324],[-93.5975,32.4258],[-93.5822,32.4301],[-93.5841,32.4049],[-93.5947,32.4069],[-93.6085,32.3993],[-93.5963,32.3866],[-93.5998,32.3738],[-93.6083,32.3702],[-93.6143,32.3556],[-93.6221,32.3548],[-93.621,32.3509],[-93.5849,32.3479],[-93.5821,32.3428],[-93.5855,32.3358],[-93.5727,32.3405],[-93.5834,32.3313],[-93.5796,32.3275],[-93.5644,32.3317],[-93.5627,32.3431],[-93.5561,32.3452],[-93.5553,32.3314],[-93.5442,32.3259],[-93.5501,32.3218],[-93.5615,32.3267],[-93.5638,32.3211],[-93.5506,32.3195],[-93.5457,32.3066],[-93.5389,32.3184],[-93.5272,32.311],[-93.5385,32.3036],[-93.5385,32.295],[-93.5538,32.2945],[-93.5387,32.2899],[-93.5258,32.2978],[-93.5152,32.2978],[-93.5151,32.2888],[-93.5247,32.2733],[-93.519,32.2725],[-93.501,32.2853],[-93.5108,32.2747],[-93.4922,32.2656],[-93.4902,32.2436],[-93.4776,32.2429],[-93.4861,32.2572],[-93.472,32.2486],[-93.4623,32.2507],[-93.4729,32.2412],[-93.471,32.2373],[-93.4205,32.2384],[-93.4081,32.2505],[-93.4053,32.2674],[-93.4106,32.2702],[-93.4054,32.2782],[-93.408,32.2852],[-93.4188,32.2847],[-93.4183,32.2956],[-93.4244,32.2987],[-93.4215,32.3025],[-93.4261,32.3029],[-93.4267,32.3092],[-93.3998,32.3628],[-93.4029,32.3687],[-93.4223,32.3752],[-93.4283,32.3884],[-93.4199,32.4007],[-93.393,32.3943],[-93.3727,32.4102],[-93.3644,32.4102],[-93.366,32.4391],[-93.3528,32.4565],[-93.3593,32.5002],[-93.3399,32.5186],[-93.3369,32.5352],[-93.3301,32.5353],[-93.332,32.5466],[-93.3195,32.5631],[-93.3266,32.5674],[-93.3229,32.5751],[-93.326,32.5764],[-93.3147,32.5872],[-93.3217,32.5943],[-93.248,32.5806],[-93.25,32.5563],[-93.2217,32.5557],[-93.2278,32.5764],[-93.1739,32.5655],[-93.177,32.5829],[-93.1822,32.5863],[-93.1811,32.5992],[-93.1759,32.601],[-93.1795,32.6218],[-93.1736,32.6331],[-93.181,32.6534],[-93.1756,32.6578],[-93.1769,32.6636],[-93.1829,32.6659],[-93.1777,32.6722],[-93.1861,32.6729],[-93.1867,32.7162],[-93.2377,32.716],[-93.2377,32.7528],[-93.2462,32.7568],[-93.2565,32.7723],[-93.2736,32.7696],[-93.2788,32.7631],[-93.2912,32.7681],[-93.3165,32.7568],[-93.3233,32.7608],[-93.3461,32.7597],[-93.3411,32.7793],[-93.3444,32.781],[-93.3382,32.7824],[-93.3401,32.7931],[-93.3288,32.8071],[-93.3285,32.8203],[-93.356,32.846],[-93.3531,32.8536],[-93.3616,32.8636],[-93.3564,32.8651],[-93.3598,32.8746],[-93.3706,32.8796],[-93.3738,32.8765],[-93.3765,32.8863],[-93.3941,32.9009],[-93.3697,32.9321],[-93.3712,32.9414],[-93.3879,32.9518],[-93.3885,32.9636],[-93.3984,32.9728],[-93.3929,32.9783],[-93.3962,32.9942],[-93.4233,32.9979],[-93.4313,32.9932],[-93.4333,32.9876],[-93.4241,32.9874],[-93.4113,32.9729],[-93.4338,32.9677],[-93.4286,32.9512],[-93.4568,32.9512],[-93.4539,32.8965],[-93.4651,32.8964],[-93.4821,32.905],[-93.4695,32.9046],[-93.4694,32.9175],[-93.4788,32.9193],[-93.4808,32.9272],[-93.4976,32.9225],[-93.4965,32.9281],[-93.5137,32.9403],[-93.5136,32.9506],[-93.5206,32.9544],[-93.5194,32.9649],[-93.5308,32.9678],[-93.526,32.9764],[-93.5304,32.9754],[-93.5305,32.9832],[-93.5163,33.0027],[-93.5147,33.0124],[-93.521,33.0186],[-93.8146,33.0193],[-93.8237,33.0121],[-93.8103,32.9993],[-93.8205,32.9893],[-93.8175,32.9766],[-93.8232,32.9677],[-93.8043,32.9739],[-93.8004,32.9667],[-93.8091,32.9614],[-93.8266,32.9667],[-93.8321,32.9567],[-93.8452,32.9504]]]},"properties":{"geoid":"22036","state":"22","district":"36","name":"State Senate District 36","chamber":"Senate"}},{"type":"Feature","geometry":{"type":"Polygon","coordinates":[[[-90.6379,30.5197],[-90.6288,30.5157],[-90.6289,30.5043],[-90.5921,30.5045],[-90.5921,30.4932],[-90.5764,30.4923],[-90.5766,30.5043],[-90.5669,30.5043],[-90.5669,30.4871],[-90.5569,30.4847],[-90.5583,30.4775],[-90.55,30.4679],[-90.5537,30.4608],[-90.5465,30.4484],[-90.5506,30.4425],[-90.5461,30.4303],[-90.5205,30.4155],[-90.522,30.4106],[-90.5149,30.407],[-90.5105,30.3942],[-90.515,30.3919],[-90.5008,30.3835],[-90.5035,30.3624],[-90.4921,30.366],[-90.4896,30.3557],[-90.4798,30.358],[-90.4745,30.3486],[-90.4847,30.3284],[-90.4823,30.2887],[-90.4858,30.277],[-90.4205,30.2798],[-90.3861,30.2869],[-90.3731,30.2835],[-90.349,30.2972],[-90.3205,30.299],[-90.3041,30.2949],[-90.261,30.3504],[-90.2436,30.3638],[-90.2421,30.3599],[-90.2019,30.3835],[-90.1908,30.3849],[-90.1874,30.3786],[-90.1625,30.371],[-90.0948,30.3582],[-90.0886,30.3937],[-90.1266,30.4065],[-90.1252,30.4198],[-90.1468,30.418],[-90.1403,30.4134],[-90.1525,30.4141],[-90.1456,30.4083],[-90.1553,30.4043],[-90.1558,30.4122],[-90.1614,30.4144],[-90.1577,30.4247],[-90.1813,30.4321],[-90.1791,30.4284],[-90.187,30.4237],[-90.2073,30.4331],[-90.2441,30.4362],[-90.2443,30.5036],[-90.3706,30.5079],[-90.3813,30.5123],[-90.3771,30.53],[-90.3841,30.5392],[-90.3841,30.5477],[-90.4104,30.5632],[-90.4201,30.5605],[-90.4292,30.5485],[-90.4828,30.5458],[-90.4825,30.5676],[-90.4742,30.5699],[-90.4745,30.5848],[-90.4854,30.5847],[-90.4963,30.621],[-90.483,30.6211],[-90.4835,30.6276],[-90.4936,30.639],[-90.4912,30.6501],[-90.5052,30.6501],[-90.508,30.6858],[-90.5237,30.6857],[-90.5328,30.6741],[-90.5331,30.7627],[-90.5373,30.7642],[-90.567,30.7727],[-90.567,30.5442],[-90.5839,30.5445],[-90.5842,30.533],[-90.6354,30.5324],[-90.631,30.5246],[-90.6379,30.5197]]]},"properties":{"geoid":"22037","state":"22","district":"37","name":"State Senate District 37","chamber":"Senate"}},{"type":"Feature","geometry":{"type":"Polygon","coordinates":[[[-94.0434,32.5224],[-94.0422,31.9936],[-94.0286,31.9962],[-94.0229,31.9904],[-94.0185,31.9924],[-94.0165,31.9812],[-93.9823,31.9398],[-93.9754,31.9237],[-93.97,31.9199],[-93.9598,31.9232],[-93.9535,31.9106],[-93.9287,31.9126],[-93.9216,31.9044],[-93.9324,31.8932],[-93.9255,31.8946],[-93.9262,31.8887],[-93.9203,31.886],[-93.9159,31.8929],[-93.9066,31.8899],[-93.9018,31.897],[-93.8982,31.8943],[-93.8988,31.9072],[-93.885,31.9172],[-93.8773,31.9327],[-93.8424,31.9416],[-93.8409,31.9537],[-93.8317,31.9576],[-93.8182,31.9559],[-93.813,31.9685],[-93.8055,31.9664],[-93.7968,31.974],[-93.7886,31.9699],[-93.7725,31.9738],[-93.7712,31.9839],[-93.7545,31.9948],[-93.7788,32.0075],[-93.7558,32.0346],[-93.763,32.0396],[-93.7183,32.0634],[-93.7138,32.074],[-93.715,32.0986],[-93.6998,32.1036],[-93.6944,32.1177],[-93.6756,32.1286],[-93.6685,32.144],[-93.6391,32.1486],[-93.6228,32.1628],[-93.6099,32.1569],[-93.6199,32.1769],[-93.6121,32.177],[-93.6015,32.1685],[-93.5929,32.1691],[-93.5974,32.1802],[-93.559,32.1803],[-93.5548,32.1923],[-93.5939,32.206],[-93.5977,32.2203],[-93.6143,32.2357],[-93.6184,32.254],[-93.6141,32.2691],[-93.6237,32.2833],[-93.6378,32.2902],[-93.6464,32.3044],[-93.6617,32.3151],[-93.6868,32.3167],[-93.7174,32.3692],[-93.7137,32.3693],[-93.7136,32.3834],[-93.728,32.401],[-93.7219,32.4069],[-93.7235,32.415],[-93.6935,32.401],[-93.701,32.4128],[-93.7074,32.4111],[-93.7063,32.4197],[-93.712,32.4196],[-93.7177,32.4276],[-93.712,32.4318],[-93.7187,32.4435],[-93.7004,32.4466],[-93.6824,32.4635],[-93.6899,32.463],[-93.691,32.4733],[-93.7005,32.4787],[-93.6986,32.4929],[-93.7164,32.4791],[-93.7374,32.4818],[-93.7373,32.4724],[-93.7549,32.4726],[-93.7572,32.4508],[-93.746,32.4511],[-93.7459,32.4419],[-93.7371,32.4396],[-93.7364,32.4344],[-93.7437,32.4293],[-93.7361,32.4207],[-93.7359,32.401],[-93.748,32.4218],[-93.8039,32.4364],[-93.8065,32.4421],[-93.8243,32.4254],[-93.8422,32.4422],[-93.8463,32.4608],[-93.8375,32.4731],[-93.8657,32.4801],[-93.8657,32.4507],[-93.9496,32.4443],[-93.9431,32.4471],[-93.9508,32.4547],[-93.9462,32.4787],[-93.9165,32.4824],[-93.902,32.4901],[-93.9039,32.5055],[-93.899,32.5193],[-93.9052,32.5188],[-93.9021,32.5286],[-93.9091,32.5366],[-93.9064,32.5512],[-93.8772,32.5512],[-93.866,32.5649],[-93.8855,32.5749],[-93.8919,32.5693],[-93.9043,32.5784],[-93.8987,32.5956],[-93.9244,32.6328],[-93.9947,32.5856],[-94.0429,32.6021],[-94.0434,32.5224]]]},"properties":{"geoid":"22038","state":"22","district":"38","name":"State Senate District 38","chamber":"Senate"}},{"type":"Feature","geometry":{"type":"Polygon","coordinates":[[[-94.0433,32.6407],[-94.0429,32.6021],[-93.9957,32.5856],[-93.9244,32.6328],[-93.8987,32.5956],[-93.9043,32.5784],[-93.8919,32.5693],[-93.8855,32.5749],[-93.866,32.5649],[-93.8772,32.5512],[-93.9064,32.5512],[-93.9091,32.5366],[-93.9021,32.5286],[-93.9052,32.5188],[-93.899,32.5193],[-93.9039,32.5055],[-93.902,32.4901],[-93.9165,32.4824],[-93.9462,32.4787],[-93.9508,32.4547],[-93.9431,32.4471],[-93.9496,32.4443],[-93.8657,32.4507],[-93.8657,32.4801],[-93.8375,32.4731],[-93.8463,32.4608],[-93.8422,32.4422],[-93.8243,32.4254],[-93.8065,32.4421],[-93.8039,32.4364],[-93.748,32.4218],[-93.7357,32.4011],[-93.7361,32.4207],[-93.7437,32.4293],[-93.7364,32.4344],[-93.7371,32.4396],[-93.7459,32.4419],[-93.746,32.4511],[-93.7572,32.4508],[-93.7549,32.4726],[-93.7373,32.4724],[-93.7374,32.4818],[-93.7172,32.4789],[-93.6986,32.4929],[-93.6962,32.4905],[-93.6912,32.4979],[-93.6985,32.5089],[-93.6937,32.5077],[-93.6884,32.5163],[-93.6945,32.5218],[-93.6908,32.5251],[-93.719,32.5229],[-93.7257,32.5077],[-93.7444,32.5155],[-93.7456,32.5328],[-93.7529,32.5282],[-93.7674,32.5386],[-93.7665,32.5421],[-93.7553,32.5376],[-93.7461,32.5468],[-93.7407,32.5434],[-93.7382,32.5331],[-93.7286,32.5351],[-93.7404,32.5509],[-93.7595,32.5482],[-93.7666,32.5539],[-93.7639,32.5617],[-93.7431,32.5705],[-93.7358,32.5837],[-93.7411,32.5913],[-93.7569,32.5875],[-93.7706,32.5934],[-93.753,32.5998],[-93.7404,32.5972],[-93.7435,32.6028],[-93.76,32.6061],[-93.7513,32.6302],[-93.7579,32.6373],[-93.7782,32.6371],[-93.7879,32.6432],[-93.7833,32.6465],[-93.7734,32.6403],[-93.7644,32.6411],[-93.7769,32.6581],[-93.7723,32.6627],[-93.7589,32.6637],[-93.7555,32.672],[-93.7656,32.6781],[-93.787,32.6681],[-93.7821,32.7122],[-93.7871,32.7246],[-93.8026,32.7262],[-93.8191,32.7109],[-93.8263,32.7166],[-93.8238,32.7344],[-93.7911,32.7593],[-93.7832,32.7831],[-93.7943,32.7995],[-93.8014,32.7985],[-93.8168,32.7823],[-93.8243,32.7905],[-93.8198,32.7995],[-93.7957,32.8105],[-93.7851,32.845],[-93.7886,32.8618],[-93.7996,32.8469],[-93.815,32.8521],[-93.8023,32.8607],[-93.8002,32.8693],[-93.8191,32.8817],[-93.8215,32.9005],[-93.8032,32.9341],[-93.8225,32.9461],[-93.841,32.9461],[-93.8451,32.9499],[-93.8321,32.9567],[-93.8266,32.9667],[-93.8091,32.9614],[-93.8004,32.9667],[-93.8043,32.9739],[-93.8232,32.9677],[-93.8175,32.9766],[-93.8205,32.9893],[-93.8103,32.9993],[-93.8237,33.0121],[-93.8146,33.0193],[-94.043,33.0193],[-94.0433,32.6407]]]},"properties":{"geoid":"22039","state":"22","district":"39","name":"State Senate District 39","chamber":"Senate"}},{"type":"Feature","geometry":{"type":"Polygon","coordinates":[[[-90.3041,30.2949],[-90.1606,30.2343],[-90.154,30.2035],[-90.1563,30.1896],[-90.2599,30.1634],[-90.2792,30.0525],[-90.2792,30.0485],[-90.2589,30.0481],[-90.2454,30.0407],[-90.2357,30.0431],[-90.2213,30.0339],[-90.1812,30.0226],[-90.1284,30.0198],[-90.1225,30.0213],[-90.1185,30.0298],[-90.113,30.0268],[-90.0915,30.0301],[-90.0825,30.0262],[-90.0778,30.0319],[-90.0635,30.0343],[-90.0436,30.0355],[-90.0352,30.0317],[-90.0315,30.0341],[-90.0307,30.053],[-90.0203,30.0412],[-90.0144,30.044],[-90.0194,30.0404],[-90.0162,30.0381],[-90.0013,30.0422],[-89.9432,30.0768],[-89.8802,30.1485],[-89.874,30.1471],[-89.8561,30.1555],[-89.8607,30.1347],[-89.839,30.0986],[-89.8315,30.0965],[-89.7913,30.1045],[-89.7868,30.1133],[-89.7495,30.1438],[-89.7436,30.1535],[-89.7472,30.1652],[-89.7431,30.1748],[-89.732,30.1552],[-89.7094,30.1566],[-89.6931,30.1655],[-89.6878,30.1734],[-89.6604,30.1563],[-89.6251,30.15],[-89.6251,30.1549],[-89.6554,30.1593],[-89.6853,30.1753],[-89.7167,30.1608],[-89.742,30.1771],[-89.7553,30.1698],[-89.7694,30.1943],[-89.796,30.2097],[-89.851,30.2225],[-89.87,30.2469],[-89.9319,30.2462],[-89.954,30.2561],[-89.9838,30.254],[-89.9894,30.2625],[-89.9921,30.2943],[-90.007,30.3153],[-90.018,30.3207],[-90.019,30.3165],[-90.0407,30.3214],[-90.0575,30.342],[-90.0946,30.3582],[-90.1625,30.371],[-90.1874,30.3786],[-90.1908,30.3849],[-90.2156,30.3786],[-90.2577,30.3531],[-90.3041,30.2949]]]},"properties":{"geoid":"22ZZZ","state":"22","district":"State Senate Districts not defined","name":"State Senate Districts not defined","chamber":"Senate"}}]}