{"type":"FeatureCollection","features":[{"type":"Feature","geometry":{"type":"Polygon","coordinates":[[[-88.4885,34.9466],[-88.4881,34.9307],[-88.4811,34.9306],[-88.4867,34.9158],[-88.4706,34.8965],[-88.4715,34.8284],[-88.4362,34.8282],[-88.436,34.7992],[-88.3657,34.7994],[-88.3659,34.7556],[-88.3484,34.7554],[-88.3483,34.7409],[-88.3307,34.7407],[-88.3308,34.5804],[-88.2423,34.5807],[-88.2411,34.5221],[-88.2244,34.5218],[-88.2242,34.5114],[-88.1911,34.5145],[-88.1914,34.5218],[-88.1709,34.5339],[-88.1473,34.5383],[-88.1185,34.7238],[-88.0987,34.8933],[-88.1282,34.9031],[-88.1524,34.9197],[-88.2,34.9956],[-88.4742,34.996],[-88.4744,34.967],[-88.47,34.967],[-88.4701,34.9597],[-88.4882,34.9594],[-88.4885,34.9466]]]},"properties":{"geoid":"28001","state":"28","district":"1","name":"State House District 1","chamber":"House"}},{"type":"Feature","geometry":{"type":"Polygon","coordinates":[[[-88.8235,34.9135],[-88.8235,34.8586],[-88.753,34.8588],[-88.7533,34.8876],[-88.6999,34.8874],[-88.7004,34.801],[-88.4714,34.7996],[-88.4716,34.7559],[-88.3655,34.7556],[-88.3657,34.7994],[-88.436,34.7992],[-88.4362,34.8282],[-88.4715,34.8284],[-88.4706,34.8965],[-88.4867,34.9158],[-88.4811,34.9306],[-88.4881,34.9307],[-88.4885,34.9466],[-88.4882,34.9594],[-88.4701,34.9597],[-88.47,34.967],[-88.4744,34.967],[-88.4742,34.996],[-88.6844,34.9954],[-88.684,34.9457],[-88.5939,34.9454],[-88.594,34.931],[-88.7128,34.931],[-88.7344,34.9364],[-88.7625,34.9318],[-88.7878,34.9447],[-88.8008,34.9461],[-88.8024,34.9332],[-88.8233,34.9391],[-88.8235,34.9135]]]},"properties":{"geoid":"28002","state":"28","district":"2","name":"State House District 2","chamber":"House"}},{"type":"Feature","geometry":{"type":"Polygon","coordinates":[[[-88.719,34.7354],[-88.7178,34.5965],[-88.6704,34.5965],[-88.6705,34.6186],[-88.6127,34.6182],[-88.6125,34.5964],[-88.5774,34.5966],[-88.5774,34.5674],[-88.5071,34.5674],[-88.5069,34.4655],[-88.1563,34.4632],[-88.1458,34.54],[-88.1709,34.5339],[-88.1914,34.5218],[-88.1911,34.5145],[-88.2242,34.5114],[-88.2244,34.5218],[-88.2411,34.5221],[-88.2423,34.5807],[-88.3308,34.5804],[-88.3307,34.7407],[-88.3483,34.7409],[-88.3484,34.7554],[-88.4716,34.7559],[-88.4714,34.7996],[-88.7004,34.801],[-88.701,34.7567],[-88.7185,34.7568],[-88.719,34.7354]]]},"properties":{"geoid":"28003","state":"28","district":"3","name":"State House District 3","chamber":"House"}},{"type":"Feature","geometry":{"type":"Polygon","coordinates":[[[-89.0886,34.7535],[-89.0885,34.5982],[-88.7178,34.5965],[-88.7185,34.7568],[-88.701,34.7567],[-88.6999,34.8874],[-88.7533,34.8876],[-88.753,34.8588],[-88.8235,34.8586],[-88.8233,34.9391],[-88.8024,34.9332],[-88.8008,34.9461],[-88.7878,34.9447],[-88.7625,34.9318],[-88.7344,34.9364],[-88.7128,34.931],[-88.594,34.931],[-88.5939,34.9454],[-88.684,34.9457],[-88.6844,34.9954],[-89.0171,34.995],[-89.0176,34.8587],[-89.035,34.8588],[-89.0353,34.8153],[-89.0881,34.8153],[-89.0886,34.7535]]]},"properties":{"geoid":"28004","state":"28","district":"4","name":"State House District 4","chamber":"House"}},{"type":"Feature","geometry":{"type":"Polygon","coordinates":[[[-89.7239,34.8193],[-89.7224,34.6855],[-89.6692,34.6858],[-89.6684,34.5544],[-89.511,34.5545],[-89.6102,34.5046],[-89.567,34.4735],[-89.5541,34.4272],[-89.5337,34.4229],[-89.5327,34.4159],[-89.5209,34.4156],[-89.5166,34.4376],[-89.4981,34.4374],[-89.5112,34.4888],[-89.5185,34.4886],[-89.518,34.5178],[-89.5042,34.5178],[-89.4855,34.5542],[-89.476,34.5537],[-89.4767,34.549],[-89.4679,34.5462],[-89.4561,34.5327],[-89.4424,34.531],[-89.4353,34.5204],[-89.4245,34.5191],[-89.4124,34.5261],[-89.4074,34.5223],[-89.4025,34.5719],[-89.3858,34.5689],[-89.3866,34.6116],[-89.4043,34.6117],[-89.4046,34.6848],[-89.4222,34.685],[-89.4219,34.7345],[-89.4188,34.7285],[-89.3729,34.7284],[-89.305,34.695],[-89.3036,34.7158],[-89.2988,34.7214],[-89.2992,34.859],[-89.1924,34.8592],[-89.2021,34.8831],[-89.21,34.891],[-89.2115,34.9028],[-89.2466,34.9029],[-89.2469,34.9465],[-89.1717,34.9461],[-89.1409,34.9711],[-89.1586,34.994],[-89.4057,34.9939],[-89.4059,34.9178],[-89.4233,34.918],[-89.4229,34.9036],[-89.4413,34.9032],[-89.4408,34.8437],[-89.4648,34.865],[-89.4773,34.8655],[-89.4933,34.8771],[-89.494,34.8607],[-89.565,34.8604],[-89.5659,34.8969],[-89.5801,34.9048],[-89.5984,34.9018],[-89.6193,34.9062],[-89.637,34.9185],[-89.6358,34.8755],[-89.6451,34.8753],[-89.6452,34.8603],[-89.6799,34.8603],[-89.68,34.868],[-89.6844,34.8686],[-89.6901,34.8622],[-89.6843,34.8359],[-89.6885,34.8156],[-89.7036,34.8203],[-89.7239,34.8193]]]},"properties":{"geoid":"28005","state":"28","district":"5","name":"State House District 5","chamber":"House"}},{"type":"Feature","geometry":{"type":"Polygon","coordinates":[[[-89.8784,34.9943],[-89.8525,34.9622],[-89.8304,34.9619],[-89.8316,34.8652],[-89.8301,34.8465],[-89.8224,34.8302],[-89.8102,34.8294],[-89.7968,34.8218],[-89.76,34.7758],[-89.7234,34.7723],[-89.7239,34.8783],[-89.7544,34.9065],[-89.755,34.9],[-89.7645,34.8983],[-89.7654,34.8927],[-89.7741,34.8927],[-89.7772,34.8866],[-89.7853,34.8881],[-89.7866,34.8784],[-89.7956,34.8717],[-89.7949,34.9042],[-89.7773,34.9041],[-89.7774,34.9478],[-89.8061,34.9477],[-89.8127,34.9528],[-89.8131,34.9945],[-89.8784,34.9943]]]},"properties":{"geoid":"28006","state":"28","district":"6","name":"State House District 6","chamber":"House"}},{"type":"Feature","geometry":{"type":"Polygon","coordinates":[[[-90.0017,34.9773],[-89.9946,34.9336],[-89.8659,34.9331],[-89.8657,34.9622],[-89.892,34.9623],[-89.8921,34.9761],[-90.0017,34.9773]]]},"properties":{"geoid":"28007","state":"28","district":"7","name":"State House District 7","chamber":"House"}},{"type":"Feature","geometry":{"type":"Polygon","coordinates":[[[-90.2244,34.5764],[-90.2112,34.5733],[-90.2109,34.5634],[-90.2189,34.5606],[-90.2042,34.5592],[-90.2049,34.5544],[-89.9116,34.5539],[-89.9087,34.5611],[-89.9253,34.583],[-89.9471,34.5831],[-89.9477,34.5985],[-89.9597,34.5976],[-89.9625,34.6122],[-89.9553,34.6159],[-89.9549,34.6272],[-89.9686,34.6246],[-89.9686,34.6121],[-89.973,34.6121],[-89.9688,34.6413],[-89.9329,34.6413],[-89.9336,34.6459],[-89.9243,34.6485],[-89.9245,34.6267],[-89.9333,34.6237],[-89.9333,34.6145],[-89.8983,34.6119],[-89.8984,34.5537],[-89.7213,34.5543],[-89.721,34.4486],[-89.511,34.5545],[-89.6684,34.5544],[-89.6692,34.6858],[-89.7224,34.6855],[-89.7234,34.7723],[-89.9122,34.7725],[-89.9154,34.7582],[-89.9192,34.76],[-89.9251,34.7516],[-89.9555,34.7379],[-89.9541,34.7269],[-89.9816,34.7264],[-89.9825,34.7204],[-89.9888,34.7212],[-89.9809,34.6997],[-89.9651,34.6999],[-89.966,34.685],[-89.9875,34.6846],[-89.9875,34.6894],[-89.9948,34.6912],[-90.0098,34.6848],[-90.0074,34.6746],[-90.0121,34.6751],[-90.0174,34.6849],[-90.0397,34.6849],[-90.0396,34.6703],[-90.0752,34.6702],[-90.075,34.6559],[-90.125,34.6686],[-90.1888,34.6417],[-90.1949,34.6347],[-90.2071,34.6347],[-90.21,34.6191],[-90.2051,34.611],[-90.2201,34.6033],[-90.2168,34.586],[-90.2244,34.5764]]]},"properties":{"geoid":"28008","state":"28","district":"8","name":"State House District 8","chamber":"House"}},{"type":"Feature","geometry":{"type":"Polygon","coordinates":[[[-90.6678,34.307],[-90.6485,34.3029],[-90.6453,34.2978],[-90.641,34.3067],[-90.6232,34.3064],[-90.6232,34.2483],[-90.5535,34.2475],[-90.5521,34.3247],[-90.539,34.325],[-90.5364,34.3182],[-90.5315,34.3331],[-90.5235,34.3208],[-90.4989,34.3206],[-90.4854,34.3134],[-90.4854,34.335],[-90.3998,34.3349],[-90.399,34.2615],[-90.4506,34.2624],[-90.451,34.0729],[-90.1357,34.0729],[-90.1344,34.2655],[-90.1941,34.3014],[-90.1986,34.5544],[-90.2189,34.5605],[-90.2107,34.564],[-90.2113,34.5734],[-90.2244,34.5764],[-90.2168,34.586],[-90.2202,34.6031],[-90.2051,34.6109],[-90.21,34.6191],[-90.2072,34.6347],[-90.1949,34.6347],[-90.1888,34.6417],[-90.1264,34.6683],[-90.075,34.6559],[-90.0752,34.6702],[-90.0396,34.6703],[-90.0397,34.6849],[-90.0174,34.6849],[-90.0121,34.6751],[-90.0074,34.6746],[-90.0098,34.6848],[-89.9948,34.6912],[-89.9875,34.6894],[-89.9875,34.6846],[-89.966,34.685],[-89.9651,34.6999],[-89.9809,34.6997],[-89.9888,34.7212],[-89.9942,34.7167],[-90.0002,34.7202],[-90.0004,34.716],[-90.0238,34.7133],[-90.0295,34.708],[-90.0424,34.7143],[-90.048,34.7115],[-90.0477,34.7153],[-90.0538,34.7121],[-90.0602,34.7281],[-90.0704,34.7263],[-90.0737,34.721],[-90.0898,34.7356],[-90.094,34.7314],[-90.1065,34.733],[-90.1104,34.7379],[-90.1071,34.7414],[-90.1169,34.7538],[-90.1396,34.7623],[-90.143,34.7563],[-90.1537,34.7594],[-90.1575,34.7547],[-90.161,34.7602],[-90.1699,34.7555],[-90.1717,34.7589],[-90.1745,34.7435],[-90.1887,34.7386],[-90.1838,34.7335],[-90.1925,34.7249],[-90.1985,34.7256],[-90.1958,34.7208],[-90.201,34.7243],[-90.2021,34.8604],[-90.1481,34.8602],[-90.1442,34.8719],[-90.1316,34.8757],[-90.1314,34.9087],[-90.1194,34.9089],[-90.1193,34.9181],[-90.1316,34.9187],[-90.1434,34.933],[-90.1381,34.9333],[-90.1381,34.9479],[-90.1466,34.9491],[-90.1407,34.9781],[-90.1272,34.9948],[-90.3084,34.9957],[-90.2952,34.9756],[-90.2452,34.9479],[-90.2413,34.9214],[-90.2449,34.906],[-90.2579,34.8934],[-90.3177,34.8711],[-90.3151,34.8641],[-90.3027,34.8569],[-90.3108,34.8445],[-90.3229,34.8463],[-90.3384,34.8585],[-90.3894,34.8307],[-90.4387,34.8252],[-90.4497,34.8399],[-90.4294,34.8664],[-90.4366,34.8827],[-90.4623,34.8917],[-90.4806,34.882],[-90.4835,34.8605],[-90.4554,34.8208],[-90.4704,34.8116],[-90.4766,34.794],[-90.4518,34.7542],[-90.4484,34.7391],[-90.4602,34.7295],[-90.4833,34.7222],[-90.5,34.7217],[-90.5242,34.7314],[-90.4941,34.7576],[-90.4925,34.7647],[-90.4928,34.7725],[-90.5114,34.79],[-90.5111,34.7983],[-90.5264,34.8017],[-90.5408,34.7958],[-90.5478,34.7833],[-90.5394,34.7553],[-90.5456,34.7389],[-90.5667,34.735],[-90.5719,34.7128],[-90.5296,34.6958],[-90.4742,34.7053],[-90.4646,34.6955],[-90.4641,34.6788],[-90.4725,34.666],[-90.5074,34.6372],[-90.5199,34.6298],[-90.5378,34.6279],[-90.5493,34.6336],[-90.5549,34.6452],[-90.5526,34.6593],[-90.5401,34.6764],[-90.5415,34.6831],[-90.5559,34.6935],[-90.5701,34.6934],[-90.5684,34.6689],[-90.5832,34.652],[-90.5916,34.621],[-90.5738,34.5921],[-90.5414,34.5595],[-90.5419,34.542],[-90.5529,34.5313],[-90.5793,34.518],[-90.5927,34.4906],[-90.5874,34.4548],[-90.5777,34.4324],[-90.5862,34.4092],[-90.6096,34.3916],[-90.6409,34.3889],[-90.6585,34.3757],[-90.6554,34.3718],[-90.6669,34.3558],[-90.6669,34.3486],[-90.6609,34.3367],[-90.6523,34.3367],[-90.657,34.3188],[-90.6678,34.307]]]},"properties":{"geoid":"28009","state":"28","district":"9","name":"State House District 9","chamber":"House"}},{"type":"Feature","geometry":{"type":"Polygon","coordinates":[[[-90.1052,34.1796],[-90.0738,34.1747],[-90.0764,34.1599],[-89.9586,34.1596],[-89.9661,34.1644],[-89.7214,34.1635],[-89.7202,34.264],[-89.7152,34.2573],[-89.7056,34.2579],[-89.7018,34.2667],[-89.6855,34.2688],[-89.671,34.2868],[-89.6617,34.2829],[-89.6338,34.2874],[-89.6205,34.2753],[-89.6016,34.2778],[-89.6015,34.2824],[-89.567,34.286],[-89.5669,34.2954],[-89.5549,34.3005],[-89.5444,34.2974],[-89.5443,34.2918],[-89.5268,34.2924],[-89.5269,34.2856],[-89.5203,34.2853],[-89.5214,34.3288],[-89.5268,34.3292],[-89.5268,34.3362],[-89.537,34.3385],[-89.56,34.3367],[-89.5684,34.3488],[-89.5653,34.3566],[-89.5724,34.3607],[-89.5805,34.3606],[-89.5802,34.3512],[-89.6033,34.3516],[-89.5985,34.35],[-89.5985,34.337],[-89.6143,34.3372],[-89.6143,34.3141],[-89.6319,34.314],[-89.6319,34.3225],[-89.6558,34.3227],[-89.6468,34.3415],[-89.6509,34.3467],[-89.6245,34.3633],[-89.6309,34.3683],[-89.6231,34.3904],[-89.6133,34.3932],[-89.6083,34.4026],[-89.609,34.4099],[-89.5961,34.4111],[-89.5769,34.3997],[-89.5812,34.39],[-89.5749,34.3797],[-89.5446,34.3829],[-89.522,34.3645],[-89.5058,34.362],[-89.5084,34.3543],[-89.4858,34.3587],[-89.4793,34.3856],[-89.5129,34.3861],[-89.5243,34.381],[-89.5232,34.4156],[-89.5327,34.4159],[-89.5336,34.4228],[-89.5418,34.4263],[-89.5541,34.4272],[-89.567,34.4735],[-89.6102,34.5046],[-89.721,34.4486],[-89.7211,34.4446],[-89.7782,34.4197],[-89.7928,34.4063],[-89.7859,34.4016],[-89.7888,34.3963],[-89.8399,34.384],[-89.8272,34.3743],[-89.823,34.3473],[-89.8565,34.351],[-89.8621,34.3553],[-89.8894,34.3391],[-89.8918,34.3441],[-89.9161,34.3358],[-89.9166,34.3319],[-89.9301,34.332],[-89.9304,34.3244],[-89.9417,34.3246],[-89.9402,34.3322],[-89.9547,34.3263],[-89.9569,34.3207],[-89.9529,34.3162],[-89.9587,34.3095],[-89.9443,34.3114],[-89.9451,34.2953],[-89.9211,34.2955],[-89.9192,34.3098],[-89.8732,34.3111],[-89.8598,34.3193],[-89.8603,34.2439],[-89.8906,34.2439],[-89.8953,34.2478],[-89.8953,34.2253],[-89.9055,34.2247],[-89.9242,34.2332],[-89.9837,34.2131],[-89.9836,34.2808],[-89.9964,34.2811],[-89.992,34.3008],[-90.0358,34.2958],[-90.0322,34.2641],[-90.0588,34.2695],[-90.0857,34.2584],[-90.0944,34.2069],[-90.1052,34.1796]]]},"properties":{"geoid":"28010","state":"28","district":"10","name":"State House District 10","chamber":"House"}},{"type":"Feature","geometry":{"type":"Polygon","coordinates":[[[-90.1986,34.5544],[-90.1941,34.3014],[-90.1345,34.2656],[-90.1355,34.1601],[-90.0764,34.1599],[-90.0738,34.1747],[-90.1052,34.1795],[-90.0944,34.2069],[-90.0857,34.2584],[-90.0588,34.2695],[-90.0322,34.2641],[-90.0358,34.2958],[-89.992,34.3008],[-89.9964,34.2811],[-89.9836,34.2808],[-89.9837,34.2131],[-89.9242,34.2332],[-89.9055,34.2247],[-89.8953,34.2253],[-89.8953,34.2478],[-89.8906,34.2439],[-89.8603,34.2439],[-89.8598,34.3193],[-89.8732,34.3111],[-89.9192,34.3098],[-89.9211,34.2955],[-89.9451,34.2953],[-89.9443,34.3114],[-89.9587,34.3095],[-89.9529,34.3162],[-89.9569,34.3207],[-89.9547,34.3263],[-89.9402,34.3322],[-89.9417,34.3246],[-89.9304,34.3244],[-89.9301,34.332],[-89.9166,34.3319],[-89.9161,34.3358],[-89.8918,34.3441],[-89.8894,34.3391],[-89.8621,34.3553],[-89.8565,34.351],[-89.823,34.3473],[-89.8272,34.3743],[-89.8399,34.384],[-89.7888,34.3963],[-89.7859,34.4016],[-89.7928,34.406],[-89.7874,34.4133],[-89.7635,34.4282],[-89.7211,34.4446],[-89.7213,34.5543],[-89.8984,34.5537],[-89.8983,34.6119],[-89.9333,34.6145],[-89.9333,34.6237],[-89.9245,34.6267],[-89.9243,34.6485],[-89.9336,34.6459],[-89.9329,34.6413],[-89.9688,34.6413],[-89.973,34.6121],[-89.9686,34.6121],[-89.9686,34.6246],[-89.9549,34.6272],[-89.9553,34.6159],[-89.9625,34.6122],[-89.9597,34.5976],[-89.9477,34.5985],[-89.9471,34.5831],[-89.9253,34.583],[-89.9087,34.5611],[-89.9116,34.5539],[-90.1986,34.5544]]]},"properties":{"geoid":"28011","state":"28","district":"11","name":"State House District 11","chamber":"House"}},{"type":"Feature","geometry":{"type":"Polygon","coordinates":[[[-89.656,34.3249],[-89.6319,34.3225],[-89.6319,34.314],[-89.6143,34.3141],[-89.6143,34.3372],[-89.5985,34.337],[-89.5985,34.35],[-89.6033,34.3516],[-89.5802,34.3512],[-89.5805,34.3606],[-89.5669,34.3591],[-89.5684,34.3488],[-89.56,34.3367],[-89.537,34.3385],[-89.5268,34.3362],[-89.5268,34.3292],[-89.5214,34.3288],[-89.5203,34.2853],[-89.5269,34.2856],[-89.5269,34.2749],[-89.5208,34.2779],[-89.5214,34.2734],[-89.4934,34.284],[-89.4918,34.2785],[-89.4566,34.2782],[-89.4566,34.3065],[-89.421,34.3072],[-89.4215,34.3213],[-89.3855,34.3215],[-89.4857,34.3591],[-89.5084,34.3543],[-89.5058,34.362],[-89.522,34.3645],[-89.5446,34.3829],[-89.5749,34.3797],[-89.5812,34.39],[-89.5769,34.3997],[-89.6043,34.4116],[-89.609,34.4099],[-89.6132,34.3933],[-89.6238,34.3888],[-89.6309,34.3683],[-89.6245,34.3633],[-89.6509,34.3467],[-89.6468,34.3415],[-89.656,34.3249]]]},"properties":{"geoid":"28012","state":"28","district":"12","name":"State House District 12","chamber":"House"}},{"type":"Feature","geometry":{"type":"Polygon","coordinates":[[[-89.526,34.394],[-89.5243,34.381],[-89.5129,34.3861],[-89.4793,34.3856],[-89.4857,34.3591],[-89.3856,34.3231],[-89.2462,34.2982],[-89.246,34.263],[-89.1055,34.2634],[-89.1056,34.2489],[-89.088,34.2491],[-89.0882,34.2637],[-89.0707,34.2635],[-89.0708,34.2926],[-89.1033,34.2925],[-89.1166,34.3217],[-89.121,34.3475],[-89.1399,34.3799],[-89.1401,34.4378],[-89.1048,34.438],[-89.1053,34.4964],[-89.1405,34.4963],[-89.1411,34.5979],[-89.0885,34.5982],[-89.0881,34.8153],[-89.0353,34.8153],[-89.035,34.8588],[-89.0176,34.8587],[-89.0171,34.995],[-89.1586,34.994],[-89.1409,34.971],[-89.1717,34.9461],[-89.2469,34.9465],[-89.2466,34.9029],[-89.2115,34.9028],[-89.21,34.891],[-89.2021,34.8831],[-89.1924,34.8592],[-89.2992,34.859],[-89.2988,34.7214],[-89.3035,34.7162],[-89.3011,34.7095],[-89.3062,34.6941],[-89.3729,34.7284],[-89.4188,34.7285],[-89.4219,34.7345],[-89.4222,34.685],[-89.4046,34.6848],[-89.4043,34.6117],[-89.3866,34.6116],[-89.3858,34.5689],[-89.4025,34.5719],[-89.4074,34.5223],[-89.4124,34.5261],[-89.4245,34.5191],[-89.4353,34.5204],[-89.4424,34.531],[-89.4561,34.5327],[-89.4679,34.5462],[-89.4767,34.549],[-89.476,34.5537],[-89.4855,34.5542],[-89.5042,34.5178],[-89.518,34.5178],[-89.5185,34.4886],[-89.5112,34.4888],[-89.4981,34.4374],[-89.5166,34.4376],[-89.526,34.394]]]},"properties":{"geoid":"28013","state":"28","district":"13","name":"State House District 13","chamber":"House"}},{"type":"Feature","geometry":{"type":"Polygon","coordinates":[[[-89.1411,34.5979],[-89.1405,34.4963],[-89.1053,34.4964],[-89.1048,34.438],[-89.1401,34.4378],[-89.1399,34.3799],[-88.9289,34.3794],[-88.9285,34.365],[-88.825,34.3648],[-88.8251,34.3939],[-88.7898,34.3937],[-88.7894,34.4949],[-88.7367,34.4947],[-88.7354,34.5965],[-89.1411,34.5979]]]},"properties":{"geoid":"28014","state":"28","district":"14","name":"State House District 14","chamber":"House"}},{"type":"Feature","geometry":{"type":"Polygon","coordinates":[[[-89.1748,34.0972],[-89.1746,34.074],[-89.0747,34.0743],[-89.0749,34.1034],[-89.0521,34.1034],[-89.0521,34.1614],[-88.9479,34.162],[-88.9484,34.2058],[-88.9436,34.2058],[-88.9436,34.1928],[-88.9132,34.192],[-88.898,34.1961],[-88.841,34.1742],[-88.8246,34.173],[-88.825,34.3648],[-88.9285,34.365],[-88.9289,34.3794],[-89.138,34.3799],[-89.121,34.3473],[-89.1166,34.3217],[-89.1033,34.2925],[-89.0708,34.2926],[-89.0707,34.2635],[-89.0882,34.2637],[-89.088,34.2491],[-89.1056,34.2489],[-89.1054,34.2303],[-89.1229,34.2191],[-89.1223,34.1467],[-89.1577,34.1466],[-89.1575,34.1318],[-89.1663,34.1318],[-89.1736,34.1178],[-89.1682,34.097],[-89.1748,34.0972]]]},"properties":{"geoid":"28015","state":"28","district":"15","name":"State House District 15","chamber":"House"}},{"type":"Feature","geometry":{"type":"Polygon","coordinates":[[[-89.0749,34.1034],[-89.0747,34.0743],[-88.8069,34.0749],[-88.8074,34.0331],[-88.7726,34.018],[-88.7725,34.0235],[-88.7375,34.0235],[-88.7331,34.0425],[-88.7197,34.0468],[-88.7195,34.0533],[-88.7043,34.0555],[-88.6843,34.0671],[-88.6843,34.0597],[-88.6765,34.0576],[-88.6813,34.0505],[-88.6631,34.0483],[-88.6425,34.0624],[-88.6308,34.0603],[-88.6318,34.0418],[-88.6105,34.0418],[-88.5958,34.0325],[-88.5952,34.02],[-88.6017,34.0184],[-88.6015,34.0081],[-88.6103,34.0058],[-88.6113,33.9974],[-88.629,33.9997],[-88.6273,33.9972],[-88.5511,33.9854],[-88.5444,33.9903],[-88.5456,33.9963],[-88.5611,33.9969],[-88.5663,34.0039],[-88.5601,34.0055],[-88.5612,34.0125],[-88.5534,34.0163],[-88.564,34.0313],[-88.5606,34.0313],[-88.5607,34.045],[-88.5526,34.0449],[-88.5785,34.0648],[-88.5715,34.0636],[-88.564,34.0855],[-88.5788,34.0891],[-88.6532,34.0892],[-88.653,34.1329],[-88.6662,34.1631],[-88.6673,34.1929],[-88.6818,34.2208],[-88.6676,34.2285],[-88.6555,34.2513],[-88.6497,34.2513],[-88.6491,34.2597],[-88.6938,34.2575],[-88.6943,34.2664],[-88.7006,34.2717],[-88.6971,34.2932],[-88.7082,34.2965],[-88.715,34.2855],[-88.7155,34.2731],[-88.7113,34.2728],[-88.7071,34.2617],[-88.7069,34.2492],[-88.7164,34.2537],[-88.7375,34.2527],[-88.7375,34.247],[-88.7289,34.247],[-88.7287,34.2211],[-88.759,34.2247],[-88.766,34.2361],[-88.7724,34.2287],[-88.7725,34.2209],[-88.7664,34.2209],[-88.7668,34.2072],[-88.754,34.1992],[-88.7519,34.1918],[-88.7372,34.1919],[-88.7371,34.1846],[-88.7298,34.1846],[-88.7299,34.1732],[-88.7363,34.1731],[-88.7331,34.1688],[-88.7195,34.1688],[-88.7194,34.1625],[-88.7295,34.1626],[-88.7262,34.1407],[-88.7369,34.1407],[-88.7366,34.1186],[-88.8201,34.1159],[-88.8244,34.1182],[-88.8246,34.173],[-88.841,34.1742],[-88.898,34.1961],[-88.9132,34.192],[-88.9436,34.1928],[-88.9436,34.2058],[-88.9477,34.2058],[-88.9479,34.162],[-89.0521,34.1614],[-89.0521,34.1034],[-89.0749,34.1034]]]},"properties":{"geoid":"28016","state":"28","district":"16","name":"State House District 16","chamber":"House"}},{"type":"Feature","geometry":{"type":"Polygon","coordinates":[[[-88.8255,34.3082],[-88.8244,34.1182],[-88.7366,34.1186],[-88.7369,34.1407],[-88.7262,34.1407],[-88.7295,34.1626],[-88.7194,34.1625],[-88.7195,34.1688],[-88.7331,34.1688],[-88.7363,34.1731],[-88.7299,34.1732],[-88.7298,34.1846],[-88.7371,34.1846],[-88.7372,34.1919],[-88.7519,34.1918],[-88.754,34.1992],[-88.7668,34.2072],[-88.7664,34.2209],[-88.7725,34.2209],[-88.7724,34.2287],[-88.766,34.2361],[-88.759,34.2247],[-88.7287,34.2211],[-88.7289,34.247],[-88.7375,34.247],[-88.7375,34.2527],[-88.7164,34.2537],[-88.7069,34.2492],[-88.7113,34.2728],[-88.7642,34.2951],[-88.7912,34.2937],[-88.7905,34.3087],[-88.8255,34.3082]]]},"properties":{"geoid":"28017","state":"28","district":"17","name":"State House District 17","chamber":"House"}},{"type":"Feature","geometry":{"type":"Polygon","coordinates":[[[-88.8256,34.3303],[-88.8255,34.3082],[-88.7905,34.3087],[-88.7912,34.2937],[-88.7642,34.2951],[-88.7155,34.2731],[-88.7138,34.2881],[-88.7082,34.2965],[-88.6971,34.2932],[-88.6945,34.3083],[-88.7029,34.3093],[-88.7014,34.3634],[-88.6662,34.3645],[-88.6662,34.4081],[-88.6495,34.4079],[-88.6496,34.4229],[-88.5421,34.4227],[-88.5421,34.4325],[-88.5496,34.4419],[-88.584,34.4533],[-88.6038,34.4656],[-88.6082,34.5094],[-88.5417,34.5092],[-88.5421,34.4653],[-88.5069,34.4655],[-88.5071,34.5674],[-88.5774,34.5674],[-88.5774,34.5966],[-88.6125,34.5964],[-88.6127,34.6182],[-88.6705,34.6186],[-88.6704,34.5965],[-88.7354,34.5965],[-88.7367,34.4947],[-88.7894,34.4949],[-88.7898,34.3937],[-88.8251,34.3939],[-88.8256,34.3303]]]},"properties":{"geoid":"28018","state":"28","district":"18","name":"State House District 18","chamber":"House"}},{"type":"Feature","geometry":{"type":"Polygon","coordinates":[[[-88.7029,34.3093],[-88.6945,34.3083],[-88.7006,34.2717],[-88.6943,34.2664],[-88.6938,34.2575],[-88.6491,34.2597],[-88.6497,34.2513],[-88.6555,34.2513],[-88.6676,34.2285],[-88.6818,34.2208],[-88.6673,34.1929],[-88.6662,34.1631],[-88.653,34.1329],[-88.6532,34.0892],[-88.5434,34.089],[-88.5423,34.3522],[-88.5303,34.3389],[-88.514,34.3323],[-88.5134,34.318],[-88.4987,34.2834],[-88.4847,34.2824],[-88.4583,34.3089],[-88.4567,34.3174],[-88.4425,34.3107],[-88.4456,34.294],[-88.4239,34.2936],[-88.4022,34.3922],[-88.4052,34.4388],[-88.3941,34.4519],[-88.3564,34.4641],[-88.5421,34.4653],[-88.5417,34.5092],[-88.6082,34.5094],[-88.6038,34.4656],[-88.584,34.4533],[-88.5496,34.4419],[-88.5421,34.4325],[-88.5421,34.4227],[-88.6496,34.4229],[-88.6495,34.4079],[-88.6662,34.4081],[-88.6662,34.3645],[-88.7014,34.3634],[-88.7029,34.3093]]]},"properties":{"geoid":"28019","state":"28","district":"19","name":"State House District 19","chamber":"House"}},{"type":"Feature","geometry":{"type":"Polygon","coordinates":[[[-90.0333,34.9774],[-90.0292,34.9662],[-90.0164,34.9649],[-90.0159,34.9774],[-89.8921,34.9761],[-89.892,34.9623],[-89.8657,34.9622],[-89.8659,34.9331],[-89.8304,34.9331],[-89.8304,34.9619],[-89.8525,34.9622],[-89.8784,34.9944],[-90.0314,34.995],[-90.0333,34.9774]]]},"properties":{"geoid":"28020","state":"28","district":"20","name":"State House District 20","chamber":"House"}},{"type":"Feature","geometry":{"type":"Polygon","coordinates":[[[-88.5448,34.2495],[-88.5434,34.089],[-88.4279,34.0864],[-88.4297,34.0802],[-88.436,34.0803],[-88.4336,34.0734],[-88.4394,34.0737],[-88.4467,34.065],[-88.4543,34.0614],[-88.4731,34.0629],[-88.4708,34.0571],[-88.4767,34.0592],[-88.4817,34.0475],[-88.4942,34.0431],[-88.4904,34.0361],[-88.5033,34.0226],[-88.4974,34.0223],[-88.4981,34.0153],[-88.4892,34.0154],[-88.4896,34.0293],[-88.4799,34.0306],[-88.4799,34.015],[-88.4727,34.0149],[-88.4723,34.0302],[-88.4634,34.0301],[-88.4674,34.015],[-88.4603,34.0153],[-88.4602,33.9973],[-88.4521,33.9902],[-88.4428,33.9906],[-88.4426,33.9577],[-88.2556,33.9571],[-88.2567,33.98],[-88.2471,33.9826],[-88.2323,34.0019],[-88.2133,34.0105],[-88.1563,34.4632],[-88.3564,34.4641],[-88.3941,34.4519],[-88.4052,34.4388],[-88.4022,34.3922],[-88.4239,34.2936],[-88.4456,34.294],[-88.4425,34.3107],[-88.4567,34.3174],[-88.4583,34.3089],[-88.4847,34.2824],[-88.4987,34.2834],[-88.5134,34.318],[-88.514,34.3323],[-88.5303,34.3389],[-88.5423,34.3522],[-88.5448,34.2495]]]},"properties":{"geoid":"28021","state":"28","district":"21","name":"State House District 21","chamber":"House"}},{"type":"Feature","geometry":{"type":"Polygon","coordinates":[[[-89.1918,33.7394],[-89.0345,33.7394],[-89.0346,33.6835],[-88.9962,33.6694],[-88.9492,33.6693],[-88.954,33.6748],[-88.9478,33.6741],[-88.9456,33.6798],[-88.9288,33.6811],[-88.9297,33.6942],[-88.9474,33.6967],[-88.9477,33.7176],[-88.961,33.7168],[-88.9742,33.7543],[-88.9316,33.7543],[-88.9312,33.8124],[-88.72,33.8113],[-88.7202,33.8984],[-88.6411,33.8984],[-88.6395,33.8846],[-88.6162,33.8638],[-88.5955,33.8599],[-88.5873,33.8532],[-88.5619,33.8304],[-88.5614,33.8148],[-88.5527,33.8149],[-88.5527,33.8043],[-88.5428,33.8036],[-88.5377,33.8096],[-88.5377,33.8272],[-88.5307,33.8297],[-88.5492,33.8408],[-88.558,33.8538],[-88.5551,33.8722],[-88.5612,33.8991],[-88.5612,33.928],[-88.5451,33.9265],[-88.5308,33.9355],[-88.5337,33.9403],[-88.513,33.941],[-88.5131,33.9801],[-88.4861,33.979],[-88.506,33.9974],[-88.519,33.9848],[-88.53,33.9537],[-88.5349,33.9529],[-88.5472,33.9574],[-88.5482,33.9698],[-88.5417,33.9769],[-88.5463,33.9764],[-88.5511,33.9854],[-88.6273,33.9972],[-88.629,33.9997],[-88.6113,33.9974],[-88.6103,34.0058],[-88.6015,34.0081],[-88.6017,34.0184],[-88.5952,34.02],[-88.5959,34.0333],[-88.6112,34.0419],[-88.6318,34.0418],[-88.6281,34.0592],[-88.642,34.0624],[-88.6634,34.0482],[-88.6813,34.0505],[-88.6765,34.0576],[-88.6843,34.0597],[-88.6843,34.0671],[-88.7043,34.0555],[-88.7195,34.0533],[-88.7197,34.0468],[-88.7331,34.0425],[-88.7375,34.0235],[-88.7725,34.0235],[-88.7726,34.018],[-88.8074,34.0331],[-88.8069,34.0749],[-89.1392,34.0741],[-89.1379,33.8121],[-89.19,33.8117],[-89.1918,33.7394]]]},"properties":{"geoid":"28022","state":"28","district":"22","name":"State House District 22","chamber":"House"}},{"type":"Feature","geometry":{"type":"Polygon","coordinates":[[[-89.621,34.1915],[-89.5094,34.191],[-89.5071,33.7218],[-89.3937,33.7217],[-89.3938,33.6487],[-89.3648,33.6491],[-89.3765,33.6651],[-89.3679,33.6706],[-89.3652,33.6909],[-89.3532,33.6776],[-89.3226,33.6609],[-89.3197,33.6494],[-89.333,33.649],[-89.3328,33.6343],[-89.2979,33.6344],[-89.2979,33.6198],[-89.3155,33.62],[-89.3153,33.6054],[-89.2976,33.6048],[-89.2975,33.5908],[-89.3061,33.5908],[-89.3063,33.5678],[-89.2802,33.5685],[-89.2805,33.5584],[-89.2718,33.5545],[-89.2671,33.5545],[-89.2671,33.5833],[-89.2566,33.5981],[-89.2615,33.6093],[-89.2421,33.6193],[-89.2057,33.6275],[-89.1982,33.6277],[-89.2026,33.6218],[-89.1712,33.6017],[-89.1007,33.6081],[-89.0971,33.5994],[-89.0892,33.5994],[-89.0892,33.595],[-89.0186,33.593],[-89.0185,33.6354],[-89.036,33.6336],[-89.0345,33.7394],[-89.1918,33.7386],[-89.19,33.8117],[-89.1379,33.8121],[-89.1392,34.0741],[-89.1746,34.074],[-89.1747,34.0981],[-89.1679,34.0988],[-89.1736,34.1178],[-89.1663,34.1318],[-89.1575,34.1318],[-89.1577,34.1466],[-89.1223,34.1467],[-89.1229,34.2191],[-89.1054,34.2303],[-89.1055,34.2634],[-89.246,34.263],[-89.2462,34.2982],[-89.3856,34.3231],[-89.4215,34.3213],[-89.421,34.3072],[-89.4566,34.3065],[-89.4566,34.2782],[-89.4918,34.2785],[-89.4953,34.2836],[-89.5214,34.2734],[-89.5256,34.2597],[-89.5529,34.2523],[-89.5761,34.237],[-89.5888,34.2356],[-89.6058,34.2256],[-89.6176,34.212],[-89.621,34.1915]]]},"properties":{"geoid":"28023","state":"28","district":"23","name":"State House District 23","chamber":"House"}},{"type":"Feature","geometry":{"type":"Polygon","coordinates":[[[-89.9946,34.9336],[-89.9911,34.8607],[-89.8803,34.8607],[-89.8918,34.7897],[-89.8802,34.8047],[-89.8424,34.8252],[-89.8224,34.8302],[-89.8303,34.8471],[-89.8304,34.9331],[-89.9946,34.9336]]]},"properties":{"geoid":"28024","state":"28","district":"24","name":"State House District 24","chamber":"House"}},{"type":"Feature","geometry":{"type":"Polygon","coordinates":[[[-90.2025,34.773],[-90.201,34.7244],[-90.196,34.7207],[-90.1985,34.7256],[-90.1925,34.7249],[-90.1838,34.7335],[-90.1887,34.7386],[-90.1745,34.7435],[-90.1715,34.759],[-90.1699,34.7555],[-90.161,34.7602],[-90.1575,34.7547],[-90.1537,34.7594],[-90.143,34.7563],[-90.1396,34.7623],[-90.116,34.7526],[-90.1076,34.7633],[-90.0856,34.7647],[-90.0606,34.7918],[-90.0422,34.7936],[-90.0421,34.8659],[-90.0481,34.8654],[-90.0259,34.8683],[-89.9911,34.8607],[-89.9892,34.8828],[-89.997,34.9481],[-90.0964,34.9479],[-90.0963,34.9949],[-90.1273,34.9947],[-90.1407,34.9781],[-90.1466,34.9491],[-90.1381,34.9479],[-90.1381,34.9333],[-90.143,34.9324],[-90.1316,34.9187],[-90.1193,34.9181],[-90.1194,34.9089],[-90.1314,34.9087],[-90.1316,34.8757],[-90.1442,34.8719],[-90.1481,34.8602],[-90.2021,34.8604],[-90.2025,34.773]]]},"properties":{"geoid":"28025","state":"28","district":"25","name":"State House District 25","chamber":"House"}},{"type":"Feature","geometry":{"type":"Polygon","coordinates":[[[-90.961,34.1305],[-90.9569,34.1201],[-90.7993,34.1206],[-90.7991,34.0761],[-90.8172,34.0759],[-90.8173,33.9888],[-90.7211,33.9849],[-90.657,33.9876],[-90.6575,33.901],[-90.6282,33.9007],[-90.6116,33.8825],[-90.6131,33.8854],[-90.5553,33.8849],[-90.5554,33.8999],[-90.5375,33.8995],[-90.5373,33.8922],[-90.5203,33.892],[-90.5195,33.8995],[-90.4507,33.8983],[-90.4506,34.2624],[-90.399,34.2615],[-90.3998,34.3349],[-90.4854,34.335],[-90.4879,34.3132],[-90.4989,34.3206],[-90.5235,34.3208],[-90.5315,34.3331],[-90.5364,34.3182],[-90.539,34.325],[-90.5525,34.324],[-90.5535,34.2475],[-90.6232,34.2483],[-90.6232,34.3064],[-90.641,34.3067],[-90.6453,34.2978],[-90.6485,34.3029],[-90.6677,34.3068],[-90.6566,34.3195],[-90.6523,34.3367],[-90.6609,34.3367],[-90.6575,34.3222],[-90.6615,34.3152],[-90.6781,34.3131],[-90.6931,34.3226],[-90.6915,34.3386],[-90.6815,34.3526],[-90.6763,34.3713],[-90.7158,34.3603],[-90.7573,34.3674],[-90.7683,34.3598],[-90.7694,34.3497],[-90.7418,34.32],[-90.7352,34.3026],[-90.738,34.2893],[-90.7516,34.2756],[-90.7683,34.2695],[-90.8167,34.2806],[-90.8296,34.2786],[-90.8405,34.238],[-90.8381,34.22],[-90.8471,34.2061],[-90.8923,34.2229],[-90.9101,34.2456],[-90.9287,34.2447],[-90.9371,34.2326],[-90.9345,34.2179],[-90.9198,34.2009],[-90.8894,34.1831],[-90.8544,34.1868],[-90.8126,34.181],[-90.8071,34.1656],[-90.8132,34.1529],[-90.8303,34.1398],[-90.8535,34.1375],[-90.91,34.1655],[-90.961,34.1305]]]},"properties":{"geoid":"28026","state":"28","district":"26","name":"State House District 26","chamber":"House"}},{"type":"Feature","geometry":{"type":"Polygon","coordinates":[[[-90.0424,32.7441],[-90.0395,32.7358],[-90.0311,32.7331],[-90.0089,32.737],[-89.9936,32.7318],[-90.0099,32.662],[-89.9994,32.674],[-89.9912,32.673],[-89.9832,32.6564],[-89.9843,32.6339],[-89.9363,32.6585],[-89.9362,32.6185],[-89.9317,32.6175],[-89.8735,32.622],[-89.831,32.6315],[-89.8131,32.6469],[-89.799,32.6511],[-89.7976,32.6421],[-89.7301,32.6851],[-89.7302,32.5772],[-89.6611,32.5766],[-89.6615,32.5031],[-89.6013,32.5025],[-89.6012,32.4215],[-89.5601,32.4184],[-89.5597,32.382],[-89.5645,32.3637],[-89.5417,32.3679],[-89.5413,32.3488],[-89.5363,32.357],[-89.5158,32.362],[-89.4413,32.3676],[-89.4114,32.3826],[-89.4564,32.383],[-89.4567,32.4504],[-89.4504,32.4596],[-89.4263,32.4651],[-89.4259,32.4714],[-89.4503,32.4716],[-89.4571,32.4751],[-89.4565,32.4798],[-89.5701,32.4836],[-89.5677,32.4926],[-89.5717,32.5077],[-89.5586,32.5138],[-89.5701,32.5389],[-89.5658,32.5563],[-89.5744,32.5764],[-89.4721,32.5764],[-89.4722,32.5863],[-89.4814,32.5961],[-89.4875,32.5947],[-89.4884,32.6062],[-89.4947,32.6084],[-89.4953,32.6175],[-89.5104,32.6364],[-89.5277,32.6433],[-89.5259,32.6556],[-89.5177,32.664],[-89.5111,32.683],[-89.5249,32.7037],[-89.5372,32.7377],[-89.5426,32.7901],[-89.5402,32.8567],[-89.5588,32.8568],[-89.5596,32.9307],[-89.6229,32.9301],[-89.6106,33.0037],[-89.629,32.9945],[-89.6387,32.995],[-89.6406,33.0104],[-89.6366,33.016],[-89.6396,33.0172],[-89.6149,33.0482],[-89.5977,33.0489],[-89.5933,33.0637],[-89.5857,33.0577],[-89.5898,33.056],[-89.5888,33.0489],[-89.5771,33.0489],[-89.5798,33.0577],[-89.5726,33.0607],[-89.5798,33.0661],[-89.5758,33.0661],[-89.5758,33.0732],[-89.5801,33.0732],[-89.5778,33.0786],[-89.5978,33.0784],[-89.5978,33.0653],[-89.6197,33.0508],[-89.6419,33.0265],[-89.6622,33.0194],[-89.68,33.0194],[-89.6798,32.9746],[-89.8883,32.9724],[-89.8942,32.9648],[-89.8882,32.96],[-89.8959,32.9487],[-89.8927,32.9463],[-89.8991,32.9438],[-89.8961,32.9328],[-89.9159,32.9253],[-89.9178,32.9116],[-89.9379,32.9044],[-89.934,32.8961],[-89.9582,32.8916],[-89.9731,32.8672],[-89.9833,32.8645],[-89.983,32.8563],[-89.9881,32.847],[-89.9928,32.8472],[-89.9897,32.8448],[-89.9954,32.834],[-90.0096,32.8277],[-90.0133,32.8316],[-90.0174,32.8271],[-90.0209,32.8062],[-90.0172,32.803],[-90.024,32.7952],[-90.0207,32.7932],[-90.0227,32.7849],[-90.0258,32.777],[-90.032,32.7749],[-90.0325,32.7597],[-90.0395,32.7589],[-90.0424,32.7441]]]},"properties":{"geoid":"28027","state":"28","district":"27","name":"State House District 27","chamber":"House"}},{"type":"Feature","geometry":{"type":"Polygon","coordinates":[[[-90.1169,34.7524],[-90.1071,34.7414],[-90.1104,34.7379],[-90.1065,34.733],[-90.094,34.7314],[-90.0898,34.7356],[-90.0737,34.721],[-90.0704,34.7263],[-90.0602,34.7281],[-90.054,34.7122],[-90.0424,34.7143],[-90.0301,34.708],[-90.0238,34.7133],[-90.0004,34.716],[-90.0003,34.7202],[-89.9949,34.7167],[-89.99,34.7211],[-89.9861,34.7189],[-89.9816,34.7264],[-89.9541,34.7269],[-89.9555,34.7379],[-89.9251,34.7516],[-89.9192,34.76],[-89.9154,34.7582],[-89.9122,34.7725],[-89.7531,34.7724],[-89.7624,34.7777],[-89.7959,34.821],[-89.8146,34.8304],[-89.8424,34.8252],[-89.8802,34.8047],[-89.8918,34.7897],[-89.8803,34.8607],[-89.9954,34.8607],[-90.0329,34.8687],[-90.0481,34.8654],[-90.0421,34.8659],[-90.0422,34.7936],[-90.0606,34.7918],[-90.0856,34.7647],[-90.1076,34.7633],[-90.1169,34.7524]]]},"properties":{"geoid":"28028","state":"28","district":"28","name":"State House District 28","chamber":"House"}},{"type":"Feature","geometry":{"type":"Polygon","coordinates":[[[-91.2346,33.5588],[-91.2188,33.5294],[-91.0416,33.5301],[-91.0412,33.5738],[-91.024,33.574],[-91.0241,33.5884],[-90.9719,33.5883],[-90.972,33.7669],[-90.951,33.7593],[-90.9262,33.7708],[-90.9186,33.779],[-90.9069,33.7811],[-90.8925,33.7721],[-90.889,33.7636],[-90.872,33.762],[-90.8736,33.739],[-90.8801,33.7393],[-90.8816,33.7328],[-90.7336,33.733],[-90.7335,33.7437],[-90.73,33.7439],[-90.7297,33.7393],[-90.7229,33.7389],[-90.7265,33.7185],[-90.7107,33.7183],[-90.7108,33.7041],[-90.6588,33.704],[-90.6586,33.7842],[-90.5909,33.7831],[-90.59,33.841],[-90.5902,33.8492],[-90.61,33.8494],[-90.6137,33.8441],[-90.6244,33.8423],[-90.6327,33.8449],[-90.6436,33.8573],[-90.6582,33.8529],[-90.657,33.9876],[-90.7211,33.9849],[-90.8172,33.9886],[-90.8172,34.0759],[-90.7991,34.0761],[-90.7993,34.1206],[-90.9569,34.1201],[-90.9213,34.0935],[-90.8882,34.0978],[-90.8728,34.0879],[-90.8727,34.0754],[-90.888,34.0549],[-90.8863,34.0392],[-90.8906,34.0285],[-90.9186,34.0213],[-90.9656,34.0267],[-90.9882,34.0192],[-90.9799,33.9979],[-90.9613,33.979],[-90.9653,33.9656],[-90.976,33.9608],[-91.0004,33.9668],[-91.0189,34.0032],[-91.0479,33.9925],[-91.0718,34.0081],[-91.0824,34.0091],[-91.0905,33.9914],[-91.0897,33.9645],[-91.0851,33.9567],[-91.0209,33.9426],[-91.0111,33.9353],[-91.0126,33.924],[-91.0305,33.9024],[-91.0707,33.8717],[-91.073,33.8588],[-91.0679,33.8404],[-91.0491,33.816],[-91.0001,33.7992],[-90.9896,33.7887],[-90.9909,33.7774],[-91.0007,33.7688],[-91.0201,33.7641],[-91.0534,33.7783],[-91.1087,33.7717],[-91.1319,33.7837],[-91.145,33.7681],[-91.141,33.7581],[-91.1488,33.7314],[-91.1259,33.7089],[-91.1024,33.7048],[-91.0613,33.7155],[-91.0303,33.6877],[-91.0319,33.677],[-91.0409,33.6699],[-91.0907,33.6576],[-91.1309,33.6749],[-91.1604,33.7066],[-91.2194,33.6972],[-91.2306,33.6806],[-91.2229,33.6636],[-91.2125,33.657],[-91.1825,33.6535],[-91.1612,33.6437],[-91.1369,33.6262],[-91.1287,33.6056],[-91.1369,33.5902],[-91.1634,33.5708],[-91.2229,33.5684],[-91.2346,33.5588]]]},"properties":{"geoid":"28029","state":"28","district":"29","name":"State House District 29","chamber":"House"}},{"type":"Feature","geometry":{"type":"Polygon","coordinates":[[[-90.6582,33.8533],[-90.6436,33.8573],[-90.6327,33.8449],[-90.6244,33.8423],[-90.6137,33.8441],[-90.61,33.8494],[-90.5902,33.8492],[-90.5909,33.7831],[-90.6457,33.7848],[-90.6358,33.7695],[-90.5358,33.7682],[-90.5343,33.7825],[-90.4518,33.7816],[-90.4516,33.8114],[-90.1826,33.8093],[-90.1817,33.7994],[-90.1712,33.7873],[-90.1856,33.7655],[-90.2042,33.7594],[-90.2271,33.7592],[-90.2362,33.7658],[-90.2391,33.7612],[-90.2515,33.7629],[-90.2958,33.7508],[-90.3056,33.7427],[-90.3139,33.7257],[-90.3116,33.7158],[-90.3,33.698],[-90.2819,33.6941],[-90.2634,33.7015],[-90.2517,33.7317],[-90.2422,33.737],[-90.2311,33.7338],[-90.2204,33.7221],[-90.1368,33.7216],[-90.1365,33.8093],[-89.9959,33.8097],[-89.9965,33.7843],[-89.9751,33.7872],[-89.9703,33.7801],[-89.9496,33.7797],[-89.9349,33.7886],[-89.9259,33.7864],[-89.9135,33.7718],[-89.9222,33.7501],[-89.8744,33.7501],[-89.8744,33.7355],[-89.8133,33.7359],[-89.8087,33.7592],[-89.8273,33.7502],[-89.8274,33.773],[-89.8231,33.7748],[-89.8178,33.7694],[-89.809,33.7691],[-89.8089,33.7648],[-89.8018,33.7648],[-89.8019,33.772],[-89.7929,33.7723],[-89.7893,33.78],[-89.7942,33.7879],[-89.7876,33.7993],[-89.7713,33.8087],[-89.7763,33.8342],[-89.7873,33.8267],[-89.798,33.8457],[-89.8227,33.8457],[-89.8225,33.8385],[-89.8389,33.8387],[-89.839,33.8562],[-89.8337,33.8681],[-89.7792,33.8972],[-89.9261,33.898],[-89.9255,34.1406],[-89.9317,34.1443],[-89.9315,34.1643],[-89.9661,34.1644],[-89.9586,34.1596],[-90.1355,34.1601],[-90.1357,34.0729],[-90.451,34.0729],[-90.4507,33.8983],[-90.5195,33.8995],[-90.5203,33.892],[-90.5373,33.8922],[-90.5375,33.8995],[-90.5554,33.8999],[-90.5553,33.8849],[-90.6131,33.8854],[-90.6116,33.8825],[-90.6282,33.9007],[-90.6575,33.901],[-90.6582,33.8533]]]},"properties":{"geoid":"28030","state":"28","district":"30","name":"State House District 30","chamber":"House"}},{"type":"Feature","geometry":{"type":"Polygon","coordinates":[[[-90.8082,33.5973],[-90.7953,33.5784],[-90.7951,33.558],[-90.7635,33.5577],[-90.7605,33.4458],[-90.7645,33.4457],[-90.7638,33.2704],[-90.5552,33.2705],[-90.5555,33.3292],[-90.4532,33.3295],[-90.4518,33.7816],[-90.5343,33.7825],[-90.5358,33.7682],[-90.5945,33.7684],[-90.6358,33.7695],[-90.6437,33.7769],[-90.6429,33.7834],[-90.6586,33.7842],[-90.6588,33.704],[-90.7108,33.7041],[-90.7107,33.7183],[-90.7265,33.7185],[-90.7229,33.7389],[-90.7297,33.7393],[-90.73,33.7439],[-90.7335,33.7437],[-90.7334,33.733],[-90.763,33.7331],[-90.7634,33.6313],[-90.7984,33.6316],[-90.7981,33.605],[-90.8082,33.5973]]]},"properties":{"geoid":"28031","state":"28","district":"31","name":"State House District 31","chamber":"House"}},{"type":"Feature","geometry":{"type":"Polygon","coordinates":[[[-90.4529,33.5253],[-90.4527,33.4523],[-90.3897,33.4566],[-90.3374,33.4913],[-90.3272,33.4936],[-90.2505,33.5041],[-90.2506,33.4944],[-90.2596,33.4838],[-90.2553,33.4802],[-90.2443,33.4916],[-90.2279,33.4929],[-90.2284,33.4835],[-90.2202,33.4806],[-90.2191,33.4734],[-90.2286,33.4686],[-90.2195,33.4597],[-90.235,33.4417],[-90.2331,33.4258],[-90.2617,33.4083],[-90.2828,33.3879],[-90.3129,33.3893],[-90.3213,33.375],[-90.1746,33.3334],[-90.1748,33.417],[-90.1378,33.4165],[-90.1376,33.4591],[-90.1014,33.4589],[-90.102,33.6038],[-90.1303,33.6039],[-90.1382,33.5931],[-90.1368,33.5879],[-90.1656,33.5719],[-90.1644,33.5644],[-90.1808,33.5534],[-90.1674,33.541],[-90.1782,33.5235],[-90.1876,33.5229],[-90.1926,33.5315],[-90.1994,33.5287],[-90.2043,33.5352],[-90.223,33.5409],[-90.2271,33.5378],[-90.2255,33.5321],[-90.2377,33.5327],[-90.243,33.5476],[-90.2499,33.5476],[-90.2744,33.5901],[-90.3038,33.6787],[-90.2409,33.678],[-90.2412,33.6896],[-90.2223,33.7102],[-90.2204,33.7221],[-90.2323,33.7344],[-90.2472,33.7351],[-90.2629,33.7021],[-90.2819,33.6941],[-90.3,33.698],[-90.3139,33.7237],[-90.3059,33.7422],[-90.2958,33.7508],[-90.2515,33.7629],[-90.2391,33.7612],[-90.2356,33.7659],[-90.2271,33.7592],[-90.2042,33.7594],[-90.1856,33.7655],[-90.1712,33.7873],[-90.1817,33.7994],[-90.1826,33.8093],[-90.4516,33.8114],[-90.4529,33.5253]]]},"properties":{"geoid":"28032","state":"28","district":"32","name":"State House District 32","chamber":"House"}},{"type":"Feature","geometry":{"type":"Polygon","coordinates":[[[-89.3415,30.566],[-89.3415,30.5598],[-89.3276,30.5598],[-89.3166,30.549],[-89.2758,30.5696],[-89.2364,30.5345],[-89.2283,30.5484],[-89.2161,30.5573],[-89.2036,30.5542],[-89.1884,30.5588],[-89.1883,30.5704],[-89.1711,30.5617],[-89.1377,30.5586],[-89.1163,30.5261],[-89.1113,30.5004],[-89.1208,30.5005],[-89.1206,30.4785],[-89.1037,30.4772],[-89.1036,30.451],[-89.0963,30.4321],[-89.086,30.4349],[-89.0812,30.4413],[-89.0918,30.442],[-89.0899,30.4495],[-89.0751,30.4495],[-89.07,30.4563],[-89.0696,30.4715],[-89.0418,30.4716],[-89.0362,30.4609],[-89.0254,30.4555],[-89.0144,30.4528],[-89.0096,30.4577],[-89.0134,30.4729],[-89.0234,30.4751],[-89.0211,30.4808],[-89.0246,30.4795],[-89.026,30.4857],[-89.0373,30.4881],[-89.0425,30.4978],[-89.0527,30.502],[-89.0503,30.5076],[-89.0558,30.5213],[-89.0701,30.5344],[-89.0705,30.5588],[-89.1203,30.5593],[-89.1211,30.585],[-89.135,30.585],[-89.1343,30.5686],[-89.1413,30.5701],[-89.1457,30.5783],[-89.1553,30.582],[-89.1557,30.6236],[-89.2028,30.6399],[-89.2099,30.6507],[-89.23,30.6399],[-89.2367,30.6475],[-89.3414,30.6477],[-89.3415,30.566]]]},"properties":{"geoid":"28033","state":"28","district":"33","name":"State House District 33","chamber":"House"}},{"type":"Feature","geometry":{"type":"Polygon","coordinates":[[[-90.137,33.6837],[-90.137,33.6769],[-89.9275,33.6765],[-89.9269,33.5951],[-89.9088,33.5917],[-89.9062,33.5957],[-89.9014,33.5887],[-89.8941,33.5917],[-89.8878,33.5865],[-89.864,33.5829],[-89.8545,33.5897],[-89.8566,33.6766],[-89.7956,33.6767],[-89.7953,33.6914],[-89.7877,33.6915],[-89.7879,33.7211],[-89.7618,33.7214],[-89.7526,33.7018],[-89.7435,33.7006],[-89.7192,33.6823],[-89.7243,33.6769],[-89.5069,33.6776],[-89.5094,34.191],[-89.621,34.1913],[-89.6176,34.212],[-89.6058,34.2256],[-89.5888,34.2356],[-89.5761,34.237],[-89.5529,34.2523],[-89.5239,34.261],[-89.5208,34.2779],[-89.5269,34.2749],[-89.5268,34.2924],[-89.5443,34.2918],[-89.5444,34.2974],[-89.5553,34.3004],[-89.5669,34.2954],[-89.567,34.286],[-89.6015,34.2824],[-89.6016,34.2778],[-89.6196,34.2752],[-89.6332,34.2873],[-89.6617,34.2829],[-89.671,34.2868],[-89.6855,34.2688],[-89.7018,34.2667],[-89.7056,34.2579],[-89.7152,34.2573],[-89.7202,34.264],[-89.7214,34.1635],[-89.9315,34.1643],[-89.9317,34.1443],[-89.9255,34.1406],[-89.9261,33.898],[-89.7792,33.8972],[-89.8337,33.8681],[-89.839,33.8562],[-89.8389,33.8387],[-89.8225,33.8385],[-89.8227,33.8457],[-89.798,33.8457],[-89.7873,33.8267],[-89.7763,33.8342],[-89.7713,33.8087],[-89.7876,33.7993],[-89.7942,33.7879],[-89.7893,33.78],[-89.7929,33.7723],[-89.8019,33.772],[-89.8018,33.7648],[-89.8089,33.7648],[-89.809,33.7691],[-89.8178,33.7694],[-89.8231,33.7748],[-89.8274,33.773],[-89.8273,33.7502],[-89.8087,33.7592],[-89.8133,33.7359],[-89.8744,33.7355],[-89.8744,33.7501],[-89.9222,33.7501],[-89.9135,33.7718],[-89.9259,33.7864],[-89.9349,33.7886],[-89.9496,33.7797],[-89.9703,33.7801],[-89.9751,33.7872],[-89.9965,33.7843],[-89.9959,33.8097],[-90.1365,33.8093],[-90.137,33.6837]]]},"properties":{"geoid":"28034","state":"28","district":"34","name":"State House District 34","chamber":"House"}},{"type":"Feature","geometry":{"type":"Polygon","coordinates":[[[-89.4541,33.4332],[-89.4538,33.2859],[-89.3164,33.2856],[-89.3182,33.0655],[-89.254,33.0997],[-89.2538,33.0851],[-89.2647,33.0685],[-89.259,33.0581],[-89.2681,33.0556],[-89.2766,33.0459],[-89.273,33.0394],[-89.2758,33.0347],[-89.2513,33.0209],[-89.1809,33.021],[-89.1644,33.0352],[-89.1367,33.0355],[-89.1362,33.0276],[-89.1279,33.0276],[-89.1282,32.9902],[-89.125,32.9878],[-89.1132,32.9831],[-89.0867,32.9929],[-89.072,32.9927],[-89.0721,32.9862],[-89.0645,32.9863],[-89.065,32.9809],[-89.043,32.968],[-89.0366,32.9542],[-89.0247,32.956],[-89.0248,32.9454],[-88.9915,32.9409],[-88.9884,32.9323],[-88.9969,32.9266],[-88.9653,32.9266],[-88.9652,32.9191],[-88.9305,32.9192],[-88.9305,32.9267],[-88.8128,32.926],[-88.8136,33.0349],[-88.8238,33.0128],[-88.8446,33.0128],[-88.8625,32.9846],[-88.8628,32.9697],[-88.871,32.9687],[-88.8765,32.9918],[-88.8874,32.9957],[-88.909,32.9847],[-88.9103,32.9683],[-88.9439,32.966],[-88.9437,32.9784],[-88.9296,32.9858],[-88.9469,32.9934],[-88.9791,33.0234],[-89.0011,33.06],[-89.0082,33.0628],[-89.0084,33.0502],[-89.0437,33.0502],[-89.0442,33.0625],[-89.053,33.0616],[-89.0655,33.0685],[-89.0639,33.0504],[-89.0711,33.0509],[-89.0735,33.0355],[-89.0817,33.0355],[-89.1006,33.0705],[-89.0904,33.0746],[-89.0907,33.0817],[-89.0709,33.0724],[-89.074,33.0814],[-89.0629,33.0822],[-89.0574,33.0772],[-89.0536,33.0871],[-89.0585,33.1037],[-89.0707,33.0996],[-89.0859,33.1244],[-89.1064,33.1247],[-89.1272,33.1159],[-89.1273,33.125],[-89.1619,33.125],[-89.1619,33.1389],[-89.1874,33.1386],[-89.1873,33.1534],[-89.2137,33.1533],[-89.2134,33.1975],[-89.1289,33.1977],[-89.1125,33.173],[-89.0593,33.1256],[-89.0228,33.1246],[-89.023,33.1483],[-88.991,33.1562],[-88.9958,33.1736],[-89.0075,33.1815],[-88.9864,33.2086],[-88.981,33.2234],[-88.9828,33.2332],[-88.9762,33.2399],[-88.9824,33.2472],[-88.9764,33.2589],[-88.9783,33.2838],[-88.9868,33.2861],[-88.9007,33.2863],[-88.9072,33.2963],[-88.9087,33.3152],[-88.896,33.3361],[-88.8781,33.3511],[-88.8673,33.3867],[-88.8642,33.391],[-88.8581,33.3873],[-88.8468,33.4021],[-88.9213,33.4042],[-88.9668,33.3798],[-88.9665,33.4467],[-89.0887,33.4458],[-89.0883,33.562],[-89.0186,33.5621],[-89.0186,33.593],[-89.0892,33.595],[-89.0892,33.5994],[-89.0971,33.5994],[-89.1007,33.6081],[-89.1712,33.6017],[-89.2026,33.6218],[-89.1982,33.6277],[-89.2057,33.6275],[-89.2421,33.6193],[-89.2615,33.6093],[-89.2561,33.6004],[-89.2672,33.5829],[-89.2671,33.5545],[-89.2805,33.5584],[-89.2802,33.5685],[-89.3063,33.5678],[-89.3061,33.5908],[-89.2975,33.5908],[-89.2976,33.6048],[-89.3153,33.6054],[-89.3154,33.6125],[-89.3367,33.6126],[-89.3368,33.5994],[-89.3423,33.5905],[-89.4375,33.591],[-89.4376,33.5331],[-89.4196,33.5327],[-89.4177,33.4601],[-89.3807,33.4593],[-89.3834,33.4553],[-89.4063,33.4515],[-89.4106,33.4362],[-89.4213,33.4338],[-89.4215,33.4295],[-89.434,33.4373],[-89.4423,33.439],[-89.4467,33.4351],[-89.4463,33.4398],[-89.4541,33.4332]]]},"properties":{"geoid":"28035","state":"28","district":"35","name":"State House District 35","chamber":"House"}},{"type":"Feature","geometry":{"type":"Polygon","coordinates":[[[-89.0885,33.5425],[-89.0884,33.5325],[-89.0548,33.5233],[-89.0321,33.5107],[-88.9578,33.4977],[-88.8988,33.4639],[-88.8799,33.4619],[-88.8803,33.5055],[-88.9322,33.5055],[-88.9321,33.547],[-88.9477,33.552],[-88.9498,33.5643],[-88.7326,33.5654],[-88.707,33.5592],[-88.69,33.5683],[-88.7025,33.5694],[-88.707,33.581],[-88.6579,33.6026],[-88.6446,33.6004],[-88.6473,33.6071],[-88.6159,33.6072],[-88.5797,33.584],[-88.5797,33.5796],[-88.6072,33.5781],[-88.6072,33.5637],[-88.6158,33.5636],[-88.616,33.5709],[-88.6343,33.5706],[-88.6322,33.5068],[-88.6009,33.5079],[-88.5804,33.5174],[-88.5798,33.5216],[-88.5716,33.5191],[-88.5717,33.5239],[-88.5656,33.5265],[-88.5533,33.522],[-88.5511,33.5282],[-88.5437,33.5269],[-88.5418,33.5341],[-88.5303,33.5382],[-88.5231,33.5509],[-88.5166,33.5435],[-88.5074,33.5438],[-88.4933,33.5285],[-88.4808,33.5242],[-88.4997,33.5207],[-88.4855,33.5001],[-88.4633,33.4952],[-88.4531,33.4882],[-88.4351,33.4943],[-88.4356,33.4775],[-88.4153,33.4814],[-88.42,33.4913],[-88.4322,33.4895],[-88.4319,33.4946],[-88.4416,33.498],[-88.4414,33.5029],[-88.4319,33.5057],[-88.4377,33.5336],[-88.4941,33.5636],[-88.4861,33.5674],[-88.4948,33.5804],[-88.475,33.5981],[-88.4788,33.6071],[-88.4564,33.6086],[-88.4542,33.6218],[-88.4428,33.632],[-88.4539,33.6366],[-88.4595,33.6353],[-88.4597,33.6302],[-88.4663,33.6357],[-88.48,33.6367],[-88.4803,33.6503],[-88.4932,33.6488],[-88.4925,33.6634],[-88.5085,33.6559],[-88.5098,33.6505],[-88.5143,33.6521],[-88.5131,33.6609],[-88.5022,33.6659],[-88.5012,33.6741],[-88.4911,33.6732],[-88.5007,33.6889],[-88.4881,33.6911],[-88.483,33.696],[-88.4883,33.6974],[-88.4879,33.7014],[-88.4718,33.7059],[-88.4861,33.7056],[-88.4998,33.7178],[-88.4965,33.7243],[-88.4992,33.7329],[-88.4895,33.7366],[-88.4974,33.7511],[-88.508,33.7489],[-88.5091,33.7574],[-88.4928,33.7694],[-88.4989,33.7693],[-88.4983,33.7894],[-88.5111,33.8061],[-88.5172,33.8231],[-88.5015,33.8439],[-88.5018,33.8535],[-88.5149,33.8538],[-88.5171,33.8979],[-88.5125,33.9147],[-88.5168,33.9188],[-88.5044,33.9393],[-88.4915,33.9441],[-88.4936,33.9493],[-88.5132,33.9489],[-88.513,33.941],[-88.5337,33.9403],[-88.5308,33.9355],[-88.5451,33.9265],[-88.5612,33.928],[-88.5612,33.8991],[-88.5551,33.8722],[-88.558,33.8538],[-88.5492,33.8408],[-88.5307,33.8297],[-88.5377,33.8272],[-88.5377,33.8096],[-88.5428,33.8036],[-88.5527,33.8043],[-88.5527,33.8149],[-88.5614,33.8148],[-88.5619,33.8304],[-88.5873,33.8532],[-88.5955,33.8599],[-88.6162,33.8638],[-88.6395,33.8846],[-88.6411,33.8984],[-88.7202,33.8984],[-88.72,33.8113],[-88.9312,33.8124],[-88.9316,33.7543],[-88.9742,33.7543],[-88.961,33.7168],[-88.9477,33.7176],[-88.9476,33.697],[-88.9304,33.6952],[-88.9288,33.6811],[-88.9456,33.6798],[-88.9478,33.6741],[-88.954,33.6748],[-88.9492,33.6693],[-88.9548,33.6679],[-88.9962,33.6694],[-89.0346,33.6835],[-89.036,33.6336],[-89.0185,33.6354],[-89.0186,33.5621],[-89.0883,33.562],[-89.0885,33.5425]]]},"properties":{"geoid":"28036","state":"28","district":"36","name":"State House District 36","chamber":"House"}},{"type":"Feature","geometry":{"type":"Polygon","coordinates":[[[-88.6716,33.5008],[-88.6712,33.4627],[-88.6386,33.4633],[-88.64,33.4565],[-88.6343,33.4654],[-88.6268,33.4653],[-88.602,33.4506],[-88.5945,33.454],[-88.5944,33.4642],[-88.5832,33.4631],[-88.5837,33.4489],[-88.5884,33.4469],[-88.5863,33.4051],[-88.5634,33.4119],[-88.5168,33.408],[-88.5278,33.3745],[-88.4985,33.3828],[-88.4471,33.3819],[-88.4416,33.3772],[-88.4189,33.3842],[-88.4089,33.3824],[-88.4028,33.3771],[-88.4047,33.3661],[-88.3971,33.3637],[-88.3979,33.3426],[-88.382,33.3339],[-88.3749,33.3347],[-88.3697,33.3427],[-88.3734,33.3818],[-88.3648,33.3764],[-88.3393,33.3759],[-88.3005,33.3208],[-88.2133,34.0105],[-88.2323,34.0019],[-88.2471,33.9826],[-88.2567,33.98],[-88.2556,33.9571],[-88.4075,33.959],[-88.4071,33.9005],[-88.3897,33.9014],[-88.3891,33.8778],[-88.3742,33.8751],[-88.3701,33.8694],[-88.348,33.8823],[-88.3425,33.8722],[-88.3208,33.8625],[-88.3105,33.8457],[-88.3169,33.8458],[-88.3216,33.8393],[-88.3136,33.8374],[-88.3053,33.8241],[-88.3111,33.8151],[-88.3071,33.8152],[-88.311,33.807],[-88.3085,33.7945],[-88.3184,33.7873],[-88.3123,33.7791],[-88.312,33.7669],[-88.3211,33.7567],[-88.3184,33.745],[-88.3261,33.745],[-88.3302,33.7353],[-88.3261,33.7258],[-88.3303,33.7187],[-88.342,33.7135],[-88.3473,33.7029],[-88.3443,33.697],[-88.3151,33.6959],[-88.3152,33.6923],[-88.3058,33.6917],[-88.3063,33.6851],[-88.3149,33.6868],[-88.3146,33.673],[-88.3189,33.673],[-88.319,33.667],[-88.3323,33.668],[-88.3492,33.6533],[-88.3662,33.6346],[-88.3778,33.6128],[-88.3252,33.609],[-88.3334,33.6002],[-88.3417,33.5686],[-88.357,33.5597],[-88.3662,33.5471],[-88.3909,33.5358],[-88.3865,33.5343],[-88.3861,33.5266],[-88.3925,33.5201],[-88.3765,33.5205],[-88.3636,33.5107],[-88.3634,33.5051],[-88.3558,33.505],[-88.369,33.4474],[-88.4398,33.4479],[-88.4345,33.4558],[-88.4346,33.494],[-88.4531,33.4882],[-88.4633,33.4952],[-88.4855,33.5001],[-88.4997,33.5207],[-88.4808,33.5242],[-88.4933,33.5285],[-88.5074,33.5438],[-88.5166,33.5435],[-88.523,33.5509],[-88.5303,33.5382],[-88.5418,33.5341],[-88.5437,33.5269],[-88.5511,33.5282],[-88.5533,33.522],[-88.5656,33.5265],[-88.5717,33.5239],[-88.5716,33.5191],[-88.5798,33.5216],[-88.5804,33.5174],[-88.6009,33.5079],[-88.6322,33.5068],[-88.6343,33.5706],[-88.616,33.5709],[-88.6158,33.5636],[-88.6072,33.5637],[-88.6072,33.5781],[-88.5797,33.5796],[-88.5797,33.584],[-88.6159,33.6072],[-88.6473,33.6071],[-88.6415,33.5924],[-88.6506,33.5925],[-88.6506,33.5633],[-88.6715,33.5651],[-88.6716,33.5008]]]},"properties":{"geoid":"28037","state":"28","district":"37","name":"State House District 37","chamber":"House"}},{"type":"Feature","geometry":{"type":"Polygon","coordinates":[[[-88.9498,33.5643],[-88.9477,33.552],[-88.9321,33.547],[-88.9322,33.5055],[-88.8803,33.5055],[-88.8799,33.4619],[-88.8528,33.462],[-88.853,33.4517],[-88.8524,33.4572],[-88.8453,33.4564],[-88.8427,33.4678],[-88.8496,33.4839],[-88.8151,33.4839],[-88.8146,33.4752],[-88.8321,33.4762],[-88.8349,33.4718],[-88.8322,33.4621],[-88.8232,33.462],[-88.8152,33.4638],[-88.8146,33.4712],[-88.8051,33.4713],[-88.8103,33.484],[-88.7767,33.4842],[-88.7763,33.4541],[-88.7687,33.4542],[-88.7686,33.4473],[-88.8014,33.4497],[-88.8036,33.4324],[-88.7975,33.4324],[-88.7976,33.4179],[-88.8047,33.403],[-88.7931,33.403],[-88.7931,33.374],[-88.8165,33.3775],[-88.8217,33.3959],[-88.8148,33.403],[-88.8268,33.403],[-88.8192,33.4518],[-88.8058,33.4489],[-88.8075,33.458],[-88.8209,33.4581],[-88.8801,33.4262],[-88.8799,33.403],[-88.8464,33.4031],[-88.8581,33.3873],[-88.8642,33.391],[-88.8673,33.3867],[-88.8781,33.3511],[-88.896,33.3361],[-88.9088,33.315],[-88.9072,33.2963],[-88.9007,33.2863],[-88.6706,33.2869],[-88.6709,33.4041],[-88.5863,33.4051],[-88.5884,33.4469],[-88.5837,33.4489],[-88.5832,33.4631],[-88.5944,33.4642],[-88.5945,33.454],[-88.602,33.4506],[-88.6268,33.4653],[-88.6343,33.4654],[-88.64,33.4565],[-88.6386,33.4633],[-88.6712,33.4627],[-88.6715,33.5651],[-88.6506,33.5633],[-88.6506,33.5925],[-88.6415,33.5924],[-88.6451,33.6004],[-88.6579,33.6026],[-88.707,33.581],[-88.7025,33.5694],[-88.69,33.5683],[-88.707,33.5592],[-88.7326,33.5654],[-88.9498,33.5643]]]},"properties":{"geoid":"28038","state":"28","district":"38","name":"State House District 38","chamber":"House"}},{"type":"Feature","geometry":{"type":"Polygon","coordinates":[[[-88.5785,34.0649],[-88.5526,34.0449],[-88.5607,34.045],[-88.5606,34.0313],[-88.564,34.0313],[-88.5534,34.0163],[-88.5612,34.0125],[-88.5601,34.0055],[-88.5663,34.004],[-88.5611,33.9969],[-88.5448,33.9955],[-88.5512,33.9835],[-88.5459,33.9811],[-88.5463,33.9764],[-88.5417,33.977],[-88.5482,33.9698],[-88.5467,33.9569],[-88.5303,33.9534],[-88.5194,33.9841],[-88.506,33.9974],[-88.4861,33.979],[-88.5131,33.9801],[-88.5132,33.9489],[-88.4936,33.9493],[-88.4915,33.9441],[-88.5044,33.9393],[-88.5168,33.9188],[-88.5125,33.9147],[-88.5171,33.8979],[-88.5149,33.8538],[-88.5018,33.8535],[-88.5015,33.8439],[-88.5172,33.8231],[-88.5111,33.8061],[-88.4983,33.7894],[-88.4989,33.7693],[-88.4928,33.7694],[-88.5091,33.7574],[-88.508,33.7489],[-88.4974,33.7511],[-88.4895,33.7366],[-88.4992,33.7329],[-88.4965,33.7243],[-88.4998,33.7178],[-88.4861,33.7056],[-88.4718,33.7059],[-88.4879,33.7014],[-88.4883,33.6974],[-88.483,33.696],[-88.4881,33.6911],[-88.5007,33.6889],[-88.4911,33.6732],[-88.5005,33.6747],[-88.5022,33.6659],[-88.5126,33.6614],[-88.5145,33.6533],[-88.5101,33.6504],[-88.5085,33.6559],[-88.4925,33.6634],[-88.4932,33.6488],[-88.4803,33.6503],[-88.48,33.6367],[-88.4663,33.6357],[-88.4597,33.6302],[-88.4595,33.6353],[-88.4539,33.6366],[-88.4428,33.632],[-88.4542,33.6218],[-88.4564,33.6086],[-88.4788,33.6071],[-88.475,33.5981],[-88.4948,33.5804],[-88.4861,33.5674],[-88.4941,33.5636],[-88.4377,33.5336],[-88.4327,33.5079],[-88.4271,33.5029],[-88.4238,33.5141],[-88.4174,33.5124],[-88.3933,33.5338],[-88.4033,33.5394],[-88.4013,33.5483],[-88.4082,33.5656],[-88.4244,33.5651],[-88.428,33.5606],[-88.4327,33.5646],[-88.429,33.5795],[-88.4356,33.5793],[-88.4358,33.6086],[-88.4443,33.6083],[-88.4442,33.615],[-88.433,33.6199],[-88.4361,33.6226],[-88.4188,33.6233],[-88.4177,33.6484],[-88.4085,33.6435],[-88.3841,33.6443],[-88.3837,33.6095],[-88.3773,33.6098],[-88.3662,33.6346],[-88.3492,33.6533],[-88.3323,33.668],[-88.319,33.667],[-88.3189,33.673],[-88.3146,33.673],[-88.3149,33.6868],[-88.3063,33.6851],[-88.3058,33.6917],[-88.3152,33.6923],[-88.3151,33.6959],[-88.3443,33.697],[-88.3473,33.7029],[-88.342,33.7135],[-88.3303,33.7188],[-88.3261,33.7259],[-88.3301,33.7356],[-88.3257,33.7454],[-88.3184,33.745],[-88.3224,33.7519],[-88.3199,33.76],[-88.3126,33.7623],[-88.3123,33.779],[-88.3184,33.7872],[-88.3085,33.7945],[-88.311,33.807],[-88.3071,33.8152],[-88.3111,33.8151],[-88.3053,33.8241],[-88.3136,33.8374],[-88.3217,33.8397],[-88.3169,33.8458],[-88.3105,33.8457],[-88.3206,33.8624],[-88.3425,33.8722],[-88.348,33.8823],[-88.3686,33.8689],[-88.3742,33.8751],[-88.3891,33.8778],[-88.3897,33.9014],[-88.4071,33.9005],[-88.4075,33.959],[-88.4426,33.9577],[-88.4428,33.9906],[-88.4521,33.9902],[-88.4602,33.9973],[-88.4603,34.0153],[-88.4674,34.015],[-88.4634,34.0301],[-88.4723,34.0302],[-88.4727,34.0149],[-88.4799,34.015],[-88.4799,34.0306],[-88.4896,34.0293],[-88.4892,34.0154],[-88.4981,34.0153],[-88.4974,34.0223],[-88.5033,34.0226],[-88.4904,34.0361],[-88.4942,34.0431],[-88.4817,34.0475],[-88.4767,34.0592],[-88.4708,34.0571],[-88.4731,34.0629],[-88.4543,34.0614],[-88.4467,34.065],[-88.4394,34.0737],[-88.4336,34.0734],[-88.436,34.0803],[-88.4297,34.0802],[-88.428,34.0866],[-88.5782,34.0891],[-88.564,34.0855],[-88.5715,34.0636],[-88.5785,34.0649]]]},"properties":{"geoid":"28039","state":"28","district":"39","name":"State House District 39","chamber":"House"}},{"type":"Feature","geometry":{"type":"Polygon","coordinates":[[[-90.0969,34.9916],[-90.0964,34.9479],[-89.997,34.9481],[-90.0017,34.9773],[-90.0159,34.9774],[-90.0164,34.9649],[-90.0293,34.9662],[-90.0334,34.9773],[-90.0314,34.995],[-90.0963,34.9949],[-90.0969,34.9916]]]},"properties":{"geoid":"28040","state":"28","district":"40","name":"State House District 40","chamber":"House"}},{"type":"Feature","geometry":{"type":"Polygon","coordinates":[[[-88.4444,33.6115],[-88.4358,33.6086],[-88.4356,33.5793],[-88.429,33.5795],[-88.4327,33.5646],[-88.428,33.5606],[-88.4244,33.5651],[-88.4082,33.5656],[-88.4013,33.5483],[-88.4033,33.5394],[-88.3933,33.5338],[-88.4174,33.5124],[-88.4238,33.5141],[-88.4271,33.5029],[-88.4317,33.506],[-88.4414,33.5029],[-88.4416,33.498],[-88.4319,33.4946],[-88.4322,33.4895],[-88.42,33.4913],[-88.4154,33.4853],[-88.4221,33.4777],[-88.4358,33.4775],[-88.4345,33.4553],[-88.4398,33.4479],[-88.369,33.4474],[-88.3558,33.505],[-88.3634,33.5051],[-88.3636,33.5107],[-88.3765,33.5205],[-88.3925,33.5201],[-88.3861,33.5266],[-88.3865,33.5343],[-88.3909,33.5358],[-88.3662,33.5471],[-88.357,33.5597],[-88.3417,33.5686],[-88.3334,33.6002],[-88.3252,33.609],[-88.3837,33.6095],[-88.3841,33.6443],[-88.4085,33.6435],[-88.4177,33.6484],[-88.4188,33.6233],[-88.4361,33.6226],[-88.433,33.6199],[-88.4398,33.6195],[-88.4444,33.6115]]]},"properties":{"geoid":"28041","state":"28","district":"41","name":"State House District 41","chamber":"House"}},{"type":"Feature","geometry":{"type":"Polygon","coordinates":[[[-89.2136,33.1605],[-89.2137,33.1533],[-89.1873,33.1534],[-89.1874,33.1386],[-89.1619,33.1389],[-89.1619,33.125],[-89.1273,33.125],[-89.1272,33.1159],[-89.1064,33.1247],[-89.0859,33.1244],[-89.0707,33.0996],[-89.0585,33.1037],[-89.0536,33.0871],[-89.0574,33.0772],[-89.0629,33.0822],[-89.074,33.0814],[-89.0709,33.0724],[-89.0907,33.0817],[-89.0904,33.0746],[-89.1006,33.0705],[-89.0817,33.0355],[-89.0735,33.0355],[-89.0711,33.0509],[-89.0639,33.0504],[-89.0655,33.0685],[-89.053,33.0616],[-89.0442,33.0625],[-89.0437,33.0502],[-89.0084,33.0502],[-89.0082,33.0628],[-89.0011,33.06],[-88.9791,33.0234],[-88.9469,32.9934],[-88.9296,32.9858],[-88.9437,32.9784],[-88.9439,32.966],[-88.9103,32.9683],[-88.909,32.9847],[-88.8874,32.9957],[-88.8765,32.9918],[-88.871,32.9687],[-88.8628,32.9697],[-88.8625,32.9846],[-88.8446,33.0128],[-88.8238,33.0128],[-88.8136,33.0349],[-88.8128,32.926],[-88.6187,32.9272],[-88.623,32.8892],[-88.6135,32.8759],[-88.6268,32.8719],[-88.6413,32.8603],[-88.6421,32.8451],[-88.6366,32.8287],[-88.6395,32.819],[-88.6249,32.8134],[-88.6218,32.7939],[-88.611,32.7945],[-88.6045,32.7835],[-88.5921,32.79],[-88.5706,32.7788],[-88.562,32.7653],[-88.5367,32.7652],[-88.5365,32.7491],[-88.5196,32.7372],[-88.4897,32.7294],[-88.4678,32.7309],[-88.4243,32.75],[-88.3691,32.7426],[-88.3005,33.3208],[-88.3393,33.3759],[-88.3648,33.3764],[-88.3734,33.3818],[-88.3697,33.3427],[-88.3749,33.3347],[-88.3839,33.3339],[-88.3979,33.3426],[-88.3971,33.3637],[-88.4047,33.3661],[-88.4033,33.3788],[-88.4107,33.3828],[-88.4416,33.3772],[-88.4471,33.3819],[-88.5,33.3827],[-88.5278,33.3745],[-88.5168,33.408],[-88.5634,33.4119],[-88.5889,33.404],[-88.6709,33.4041],[-88.6706,33.2869],[-88.9868,33.2861],[-88.9783,33.2838],[-88.9764,33.2589],[-88.9824,33.2472],[-88.9762,33.2399],[-88.9828,33.2332],[-88.981,33.2234],[-88.9864,33.2086],[-89.0075,33.1815],[-88.9958,33.1736],[-88.991,33.1562],[-89.023,33.1483],[-89.0228,33.1246],[-89.0593,33.1256],[-89.1125,33.173],[-89.1289,33.1977],[-89.2134,33.1975],[-89.2136,33.1605]]]},"properties":{"geoid":"28042","state":"28","district":"42","name":"State House District 42","chamber":"House"}},{"type":"Feature","geometry":{"type":"Polygon","coordinates":[[[-89.0887,33.4729],[-89.0887,33.4458],[-88.9665,33.4467],[-88.9668,33.3798],[-88.9213,33.4042],[-88.8799,33.403],[-88.8801,33.4262],[-88.8209,33.4581],[-88.8075,33.458],[-88.8058,33.4489],[-88.8192,33.4518],[-88.8268,33.403],[-88.8148,33.403],[-88.8217,33.3959],[-88.8165,33.3775],[-88.7931,33.374],[-88.7931,33.403],[-88.8047,33.403],[-88.7976,33.4179],[-88.7975,33.4324],[-88.8036,33.4324],[-88.8014,33.4497],[-88.7686,33.4473],[-88.7693,33.4549],[-88.7763,33.4541],[-88.7767,33.4842],[-88.8103,33.484],[-88.8051,33.4713],[-88.8146,33.4712],[-88.8152,33.4638],[-88.8232,33.462],[-88.8322,33.4621],[-88.8349,33.4718],[-88.8321,33.4762],[-88.8146,33.4752],[-88.8151,33.4839],[-88.8496,33.4839],[-88.8427,33.4678],[-88.8453,33.4564],[-88.8524,33.4572],[-88.8532,33.4517],[-88.8528,33.462],[-88.8961,33.4628],[-88.9578,33.4977],[-89.03,33.51],[-89.0548,33.5233],[-89.0884,33.5325],[-89.0887,33.4729]]]},"properties":{"geoid":"28043","state":"28","district":"43","name":"State House District 43","chamber":"House"}},{"type":"Feature","geometry":{"type":"Polygon","coordinates":[[[-89.4042,32.6468],[-89.4036,32.6197],[-89.3697,32.6204],[-89.3684,32.5763],[-88.9145,32.577],[-88.9147,32.8052],[-88.933,32.8056],[-88.9396,32.8136],[-88.933,32.8278],[-88.9473,32.8313],[-88.9575,32.8183],[-88.9547,32.8088],[-88.9716,32.7985],[-89.0467,32.7867],[-89.087,32.7724],[-89.1158,32.7729],[-89.1252,32.7541],[-89.1325,32.7547],[-89.1363,32.7698],[-89.132,32.802],[-89.1261,32.8083],[-89.1152,32.8094],[-89.119,32.7918],[-89.1154,32.7785],[-89.1109,32.7724],[-89.104,32.7724],[-89.104,32.7786],[-89.0898,32.78],[-89.0817,32.7869],[-89.0847,32.7898],[-89.0522,32.8104],[-89.0269,32.8107],[-89.006,32.8291],[-88.9876,32.8287],[-88.988,32.8352],[-88.9783,32.8352],[-88.9803,32.8383],[-88.9597,32.8372],[-88.9476,32.8536],[-88.9464,32.8499],[-88.9268,32.8497],[-88.9226,32.8603],[-88.9143,32.8602],[-88.9144,32.8679],[-88.9418,32.8831],[-88.9476,32.8974],[-88.9559,32.9024],[-88.9755,32.903],[-88.9795,32.9074],[-88.9986,32.8972],[-89.0315,32.8985],[-89.0382,32.8872],[-89.0586,32.8781],[-89.056,32.8845],[-89.0723,32.8918],[-89.0778,32.8867],[-89.1032,32.8896],[-89.1038,32.8656],[-89.1179,32.8743],[-89.1232,32.884],[-89.1415,32.8834],[-89.1455,32.8785],[-89.1417,32.8671],[-89.1552,32.8601],[-89.1706,32.8673],[-89.1755,32.8755],[-89.2025,32.8943],[-89.2323,32.901],[-89.2152,32.871],[-89.2314,32.8664],[-89.243,32.8697],[-89.2506,32.8631],[-89.2672,32.8735],[-89.3143,32.874],[-89.3185,32.868],[-89.3179,32.6492],[-89.4042,32.6468]]]},"properties":{"geoid":"28044","state":"28","district":"44","name":"State House District 44","chamber":"House"}},{"type":"Feature","geometry":{"type":"Polygon","coordinates":[[[-89.3193,32.8756],[-89.3185,32.868],[-89.3141,32.874],[-89.295,32.876],[-89.2918,32.8722],[-89.2672,32.8735],[-89.2506,32.8631],[-89.243,32.8697],[-89.2314,32.8664],[-89.2152,32.871],[-89.2323,32.901],[-89.2025,32.8943],[-89.1755,32.8755],[-89.1706,32.8673],[-89.1552,32.8601],[-89.1417,32.8671],[-89.1455,32.8785],[-89.1415,32.8834],[-89.1232,32.884],[-89.1179,32.8743],[-89.1038,32.8656],[-89.1032,32.8896],[-89.0778,32.8867],[-89.0723,32.8918],[-89.056,32.8845],[-89.0586,32.8781],[-89.0382,32.8872],[-89.0315,32.8985],[-88.9986,32.8972],[-88.9795,32.9074],[-88.9755,32.903],[-88.9558,32.9023],[-88.9474,32.8973],[-88.9383,32.8802],[-88.9161,32.8704],[-88.9143,32.8602],[-88.9226,32.8603],[-88.9268,32.8497],[-88.9464,32.8499],[-88.9476,32.8536],[-88.9597,32.8372],[-88.9803,32.8383],[-88.9783,32.8352],[-88.988,32.8352],[-88.9876,32.8287],[-89.0004,32.8316],[-89.0269,32.8107],[-89.0525,32.8103],[-89.0847,32.7898],[-89.0817,32.7869],[-89.0898,32.78],[-89.104,32.7786],[-89.104,32.7724],[-89.1109,32.7724],[-89.1154,32.7785],[-89.119,32.7918],[-89.1152,32.8094],[-89.127,32.8079],[-89.132,32.802],[-89.1363,32.7698],[-89.1325,32.7547],[-89.1252,32.7541],[-89.1158,32.7729],[-89.087,32.7724],[-89.0467,32.7867],[-88.9713,32.7987],[-88.9547,32.8088],[-88.9575,32.8183],[-88.9473,32.8313],[-88.9339,32.8285],[-88.9316,32.8243],[-88.9403,32.8153],[-88.933,32.8056],[-88.9147,32.8052],[-88.9153,32.7087],[-88.8288,32.7083],[-88.8287,32.6797],[-88.7946,32.6796],[-88.7946,32.6357],[-88.7126,32.6355],[-88.7068,32.6283],[-88.6831,32.6189],[-88.6785,32.5775],[-88.6055,32.5777],[-88.6058,32.5455],[-88.5761,32.5392],[-88.5797,32.506],[-88.5648,32.5159],[-88.5511,32.5106],[-88.6141,32.4682],[-88.6258,32.4684],[-88.6293,32.4502],[-88.6368,32.4502],[-88.6455,32.4429],[-88.6712,32.4429],[-88.6721,32.4396],[-88.6621,32.4398],[-88.6622,32.4358],[-88.6713,32.4355],[-88.6711,32.4285],[-88.6581,32.4285],[-88.658,32.4177],[-88.6789,32.4137],[-88.6808,32.3942],[-88.7012,32.3943],[-88.6942,32.3853],[-88.6841,32.3836],[-88.6813,32.3728],[-88.6746,32.3818],[-88.6672,32.3819],[-88.6569,32.3912],[-88.6326,32.3941],[-88.6322,32.4135],[-88.6056,32.4131],[-88.6043,32.443],[-88.4716,32.4424],[-88.4681,32.3993],[-88.41,32.3993],[-88.3691,32.7426],[-88.4243,32.75],[-88.4678,32.7309],[-88.4903,32.7295],[-88.5301,32.7425],[-88.5368,32.7501],[-88.5367,32.7652],[-88.562,32.7653],[-88.5706,32.7788],[-88.5921,32.79],[-88.6029,32.783],[-88.611,32.7945],[-88.6216,32.7938],[-88.6249,32.8134],[-88.6396,32.8193],[-88.6367,32.8294],[-88.6421,32.8457],[-88.6393,32.8641],[-88.6135,32.8759],[-88.623,32.8892],[-88.6187,32.9272],[-88.9305,32.9267],[-88.9305,32.9192],[-88.9652,32.9191],[-88.9653,32.9266],[-88.9964,32.9264],[-88.9884,32.9323],[-88.9915,32.9409],[-89.0248,32.9454],[-89.0247,32.956],[-89.0366,32.9542],[-89.043,32.968],[-89.065,32.9809],[-89.0645,32.9863],[-89.0721,32.9862],[-89.072,32.9927],[-89.0867,32.9929],[-89.1136,32.9831],[-89.1282,32.9902],[-89.1279,33.0276],[-89.1362,33.0276],[-89.1367,33.0355],[-89.1644,33.0352],[-89.1809,33.021],[-89.2513,33.0209],[-89.2753,33.0344],[-89.2734,33.0509],[-89.259,33.0581],[-89.2647,33.0685],[-89.2538,33.0851],[-89.254,33.0997],[-89.3182,33.0655],[-89.3193,32.8756]]]},"properties":{"geoid":"28045","state":"28","district":"45","name":"State House District 45","chamber":"House"}},{"type":"Feature","geometry":{"type":"Polygon","coordinates":[[[-90.3038,33.6787],[-90.2744,33.5901],[-90.2362,33.532],[-90.2255,33.5321],[-90.2271,33.5378],[-90.223,33.5409],[-90.2043,33.5352],[-90.1994,33.5287],[-90.1926,33.5315],[-90.1876,33.5229],[-90.1782,33.5235],[-90.1674,33.541],[-90.1808,33.5534],[-90.1644,33.5644],[-90.1656,33.5719],[-90.1368,33.5879],[-90.1382,33.5931],[-90.1303,33.6039],[-90.102,33.6038],[-90.1014,33.4589],[-90.1376,33.4591],[-90.1378,33.4165],[-90.1748,33.417],[-90.1746,33.3334],[-89.8896,33.253],[-89.8743,33.2624],[-89.8838,33.2703],[-89.8872,33.2855],[-89.8779,33.2926],[-89.8787,33.2997],[-89.8642,33.3044],[-89.8046,33.3072],[-89.7945,33.3141],[-89.7641,33.3168],[-89.7412,33.332],[-89.7473,33.3473],[-89.744,33.3417],[-89.7333,33.3396],[-89.7335,33.3573],[-89.7246,33.347],[-89.7192,33.3713],[-89.7045,33.3674],[-89.6976,33.358],[-89.6927,33.3657],[-89.6901,33.391],[-89.6992,33.4022],[-89.6463,33.4025],[-89.6453,33.2855],[-89.4538,33.2859],[-89.4541,33.4332],[-89.4463,33.4398],[-89.4467,33.4351],[-89.4423,33.439],[-89.434,33.4373],[-89.4215,33.4295],[-89.4213,33.4338],[-89.4106,33.4362],[-89.4063,33.4515],[-89.3834,33.4553],[-89.3807,33.4595],[-89.4177,33.4601],[-89.4196,33.5327],[-89.4376,33.5331],[-89.4375,33.591],[-89.3423,33.5905],[-89.3368,33.5994],[-89.3367,33.6126],[-89.3233,33.6105],[-89.3154,33.6125],[-89.3155,33.62],[-89.2979,33.6198],[-89.2979,33.6344],[-89.3328,33.6343],[-89.333,33.649],[-89.3197,33.6494],[-89.3201,33.6588],[-89.3532,33.6776],[-89.3652,33.6909],[-89.3679,33.6706],[-89.3765,33.6651],[-89.3648,33.6491],[-89.3938,33.6487],[-89.3937,33.7217],[-89.5071,33.7218],[-89.5069,33.6776],[-89.7243,33.6769],[-89.7192,33.6823],[-89.7435,33.7006],[-89.7526,33.7018],[-89.7618,33.7214],[-89.7879,33.7211],[-89.7877,33.6915],[-89.7953,33.6914],[-89.7956,33.6767],[-89.8566,33.6766],[-89.8545,33.5897],[-89.8609,33.583],[-89.8876,33.5864],[-89.8941,33.5917],[-89.9014,33.5887],[-89.9062,33.5957],[-89.9088,33.5917],[-89.9269,33.5951],[-89.9275,33.6765],[-90.137,33.6769],[-90.1368,33.7216],[-90.2204,33.7221],[-90.2223,33.7102],[-90.2412,33.6896],[-90.2409,33.678],[-90.3038,33.6787]]]},"properties":{"geoid":"28046","state":"28","district":"46","name":"State House District 46","chamber":"House"}},{"type":"Feature","geometry":{"type":"Polygon","coordinates":[[[-90.4574,32.888],[-90.4547,32.8786],[-90.4343,32.8655],[-90.4109,32.8634],[-90.407,32.8662],[-90.3981,32.8626],[-90.3948,32.871],[-90.3867,32.8697],[-90.3853,32.8819],[-90.3776,32.882],[-90.3799,32.8719],[-90.3882,32.8638],[-90.3694,32.8497],[-90.3731,32.8399],[-90.3357,32.8422],[-90.3304,32.8317],[-90.2781,32.8277],[-90.2701,32.8578],[-90.2611,32.8584],[-90.2544,32.8663],[-90.2436,32.8652],[-90.2437,32.8365],[-90.2076,32.8364],[-90.2065,32.8292],[-90.192,32.8292],[-90.1924,32.7851],[-90.2005,32.7854],[-90.1965,32.7808],[-90.1467,32.754],[-90.1323,32.7411],[-90.1041,32.7337],[-90.0936,32.7076],[-90.0748,32.7256],[-90.0764,32.7294],[-90.0576,32.7312],[-90.0574,32.7356],[-90.0495,32.7354],[-90.0397,32.7474],[-90.0395,32.7589],[-90.0325,32.7597],[-90.032,32.7749],[-90.0254,32.7777],[-90.0207,32.7931],[-90.024,32.7952],[-90.0172,32.803],[-90.0209,32.8062],[-90.0174,32.8271],[-90.0133,32.8316],[-90.0096,32.8277],[-89.9954,32.834],[-89.9897,32.8448],[-89.9928,32.8472],[-89.9881,32.847],[-89.983,32.8563],[-89.9833,32.8645],[-89.9731,32.8672],[-89.9582,32.8916],[-89.934,32.8961],[-89.9379,32.9044],[-89.9178,32.9116],[-89.9159,32.9253],[-89.8961,32.9328],[-89.8991,32.9438],[-89.8927,32.9463],[-89.8959,32.9487],[-89.8882,32.96],[-89.8942,32.9648],[-89.8883,32.9724],[-89.7298,32.9737],[-89.7308,33.1032],[-89.736,33.1089],[-89.7614,33.1144],[-89.7653,33.108],[-89.7739,33.11],[-89.7814,33.0979],[-89.7902,33.0982],[-89.7914,33.0874],[-89.8183,33.0701],[-89.8237,33.0558],[-89.849,33.0724],[-89.8407,33.0774],[-89.8458,33.0825],[-89.8533,33.0769],[-89.8681,33.0767],[-89.8719,33.0905],[-89.9156,33.1023],[-89.9149,33.1554],[-89.9399,33.1558],[-89.9201,33.1634],[-89.9399,33.1824],[-89.9407,33.1977],[-89.9289,33.2027],[-89.9287,33.2121],[-89.9358,33.2162],[-89.937,33.2347],[-89.9277,33.2476],[-89.927,33.2635],[-90.0979,33.3118],[-90.0971,33.3079],[-90.1055,33.3043],[-90.121,33.3],[-90.1284,33.3032],[-90.1279,33.2979],[-90.1385,33.2893],[-90.1386,33.244],[-90.1251,33.2416],[-90.1228,33.2353],[-90.1387,33.2163],[-90.1391,33.1398],[-90.2088,33.139],[-90.2088,33.1281],[-90.2717,33.1262],[-90.2861,33.1348],[-90.3016,33.1526],[-90.3205,33.1569],[-90.3232,33.1668],[-90.3192,33.1719],[-90.3305,33.1867],[-90.3306,33.1354],[-90.3447,33.1337],[-90.3536,33.1228],[-90.3554,33.1127],[-90.3468,33.1016],[-90.3528,33.0949],[-90.3593,33.0941],[-90.3662,33.1037],[-90.3689,33.1255],[-90.3831,33.1214],[-90.3862,33.1141],[-90.3649,33.0945],[-90.366,33.0876],[-90.373,33.0841],[-90.3877,33.0896],[-90.3971,33.1047],[-90.4126,33.1009],[-90.4192,33.1157],[-90.4271,33.1132],[-90.4283,33.1063],[-90.4218,33.1002],[-90.4319,33.0959],[-90.4283,33.0573],[-90.4154,33.049],[-90.3838,33.0476],[-90.3795,33.0387],[-90.3819,33.0215],[-90.3708,33.0122],[-90.3532,33.0112],[-90.3506,33.0001],[-90.3539,32.9924],[-90.3664,32.9859],[-90.3741,32.9876],[-90.3883,33.003],[-90.4135,32.9966],[-90.418,32.9796],[-90.4048,32.9714],[-90.4045,32.9508],[-90.3892,32.948],[-90.3852,32.9416],[-90.3913,32.9361],[-90.4002,32.9366],[-90.4031,32.93],[-90.4196,32.9258],[-90.4274,32.9023],[-90.4521,32.8941],[-90.4574,32.888]]]},"properties":{"geoid":"28047","state":"28","district":"47","name":"State House District 47","chamber":"House"}},{"type":"Feature","geometry":{"type":"Polygon","coordinates":[[[-89.9407,33.1977],[-89.9395,33.1787],[-89.9201,33.1634],[-89.9399,33.1558],[-89.9149,33.1554],[-89.9156,33.1023],[-89.8719,33.0905],[-89.8681,33.0767],[-89.8533,33.0769],[-89.8458,33.0825],[-89.8407,33.0774],[-89.849,33.0724],[-89.8237,33.0558],[-89.8183,33.0701],[-89.7914,33.0874],[-89.7902,33.0982],[-89.7814,33.0979],[-89.7739,33.11],[-89.7653,33.108],[-89.7614,33.1144],[-89.7359,33.1088],[-89.7308,33.1032],[-89.7298,32.9737],[-89.6798,32.9746],[-89.68,33.0194],[-89.6622,33.0194],[-89.6419,33.0265],[-89.6197,33.0508],[-89.5978,33.0653],[-89.5978,33.0784],[-89.5778,33.0786],[-89.5801,33.0732],[-89.5758,33.0732],[-89.5758,33.0661],[-89.5798,33.0661],[-89.5726,33.0607],[-89.5798,33.0577],[-89.5771,33.0489],[-89.5888,33.0489],[-89.5898,33.056],[-89.5857,33.0577],[-89.5933,33.0637],[-89.5977,33.0489],[-89.6149,33.0482],[-89.6396,33.0172],[-89.6366,33.016],[-89.6406,33.0104],[-89.6391,32.997],[-89.6348,32.9929],[-89.6106,33.0037],[-89.6229,32.9301],[-89.5596,32.9307],[-89.5588,32.8568],[-89.5402,32.8567],[-89.5426,32.7901],[-89.5372,32.7377],[-89.5249,32.7037],[-89.5111,32.683],[-89.5177,32.664],[-89.5259,32.6556],[-89.5277,32.6433],[-89.5058,32.6308],[-89.4801,32.6395],[-89.4696,32.6509],[-89.4713,32.6548],[-89.4584,32.6617],[-89.4463,32.6535],[-89.4506,32.6645],[-89.4394,32.6673],[-89.4373,32.6754],[-89.4087,32.686],[-89.4031,32.6979],[-89.4083,32.6983],[-89.4049,32.7091],[-89.3183,32.7095],[-89.3164,33.2856],[-89.6453,33.2855],[-89.6463,33.4025],[-89.6992,33.4022],[-89.6901,33.391],[-89.6957,33.3602],[-89.6993,33.3572],[-89.7045,33.3674],[-89.7192,33.3713],[-89.7246,33.347],[-89.7335,33.3573],[-89.7333,33.3396],[-89.744,33.3417],[-89.7473,33.3473],[-89.7412,33.332],[-89.7503,33.3247],[-89.7653,33.3165],[-89.7945,33.3141],[-89.8044,33.3073],[-89.8642,33.3044],[-89.8787,33.2997],[-89.8779,33.2926],[-89.8872,33.2855],[-89.8838,33.2703],[-89.8743,33.2624],[-89.8836,33.2549],[-89.8896,33.253],[-89.927,33.2635],[-89.9277,33.2476],[-89.937,33.2347],[-89.9358,33.2162],[-89.9287,33.2121],[-89.9289,33.2027],[-89.9407,33.1977]]]},"properties":{"geoid":"28048","state":"28","district":"48","name":"State House District 48","chamber":"House"}},{"type":"Feature","geometry":{"type":"Polygon","coordinates":[[[-91.2359,33.4403],[-91.2065,33.4339],[-91.1772,33.4439],[-91.1695,33.4526],[-91.1775,33.483],[-91.1703,33.4979],[-91.1337,33.4827],[-91.1224,33.4698],[-91.1169,33.4533],[-91.1319,33.4303],[-91.1753,33.4171],[-91.1996,33.4182],[-91.2093,33.4065],[-91.2041,33.3983],[-91.1799,33.384],[-91.1481,33.3788],[-91.1201,33.389],[-91.1,33.4066],[-91.0952,33.4179],[-91.0965,33.4379],[-91.087,33.4513],[-91.0707,33.4559],[-91.0596,33.45],[-91.0578,33.4309],[-91.0626,33.4209],[-91.1032,33.3856],[-91.1208,33.3633],[-91.1416,33.3502],[-91.1436,33.3281],[-91.1414,33.2988],[-91.1255,33.28],[-91.1281,33.2686],[-91.1014,33.2385],[-91.0806,33.2818],[-91.0651,33.2873],[-91.0473,33.2819],[-91.0437,33.2718],[-91.0505,33.2512],[-91.064,33.2374],[-91.0618,33.2335],[-91.0546,33.237],[-91.0481,33.2303],[-91.0337,33.266],[-91.0401,33.2965],[-91.0416,33.3501],[-91.0389,33.3853],[-91.0393,33.3786],[-91.0302,33.3782],[-91.0302,33.394],[-91.038,33.3946],[-91.0381,33.4187],[-91.0112,33.4436],[-91.0078,33.4583],[-90.9716,33.4731],[-90.9715,33.5303],[-91.2188,33.5294],[-91.1854,33.5075],[-91.1825,33.4995],[-91.2075,33.4695],[-91.2317,33.4569],[-91.2359,33.4403]]]},"properties":{"geoid":"28049","state":"28","district":"49","name":"State House District 49","chamber":"House"}},{"type":"Feature","geometry":{"type":"Polygon","coordinates":[[[-91.214,32.9303],[-91.2116,32.9196],[-91.1968,32.9068],[-91.1702,32.8994],[-91.1474,32.9041],[-91.134,32.9177],[-91.1313,32.9269],[-91.1379,32.9528],[-91.1307,32.9623],[-91.1386,32.9714],[-91.1355,32.9797],[-91.1066,32.9889],[-91.0969,32.9864],[-91.0868,32.9763],[-91.0791,32.9551],[-91.0826,32.9462],[-91.0705,32.936],[-91.0647,32.918],[-91.0352,32.9141],[-91.0174,32.922],[-91.0104,32.9333],[-90.9997,32.9308],[-91.002,32.9199],[-90.98,32.9024],[-90.9646,32.9112],[-90.9624,32.9177],[-90.9529,32.9112],[-90.9287,32.9079],[-90.914,32.9442],[-90.9145,33.0974],[-90.7018,33.0963],[-90.6957,33.1003],[-90.685,33.0972],[-90.6796,33.1025],[-90.6796,33.1146],[-90.6882,33.1159],[-90.6895,33.1235],[-90.7006,33.1242],[-90.6985,33.138],[-90.6881,33.1485],[-90.6897,33.1581],[-90.6838,33.174],[-90.6867,33.1877],[-90.6796,33.2009],[-90.7118,33.2172],[-90.7223,33.229],[-90.7323,33.2297],[-90.7291,33.2527],[-90.732,33.2634],[-90.7163,33.27],[-90.7638,33.2704],[-90.7645,33.4457],[-90.7605,33.4458],[-90.7635,33.5577],[-90.7951,33.558],[-90.7953,33.5784],[-90.8082,33.5965],[-90.7981,33.605],[-90.7984,33.6316],[-90.7634,33.6313],[-90.763,33.7331],[-90.8816,33.7328],[-90.8801,33.7393],[-90.8736,33.739],[-90.872,33.762],[-90.889,33.7636],[-90.8925,33.7721],[-90.9069,33.7811],[-90.9186,33.779],[-90.9262,33.7708],[-90.951,33.7593],[-90.972,33.7669],[-90.9719,33.5883],[-91.0241,33.5884],[-91.024,33.574],[-91.0412,33.5738],[-91.0417,33.566],[-91.0416,33.5301],[-90.9715,33.5303],[-90.9716,33.4731],[-91.0078,33.4583],[-91.0112,33.4436],[-91.0381,33.4187],[-91.038,33.3946],[-91.0302,33.394],[-91.0302,33.3782],[-91.0393,33.3786],[-91.0389,33.3853],[-91.0416,33.3501],[-91.0401,33.2965],[-91.0339,33.2641],[-91.0481,33.2303],[-91.0546,33.237],[-91.0618,33.2335],[-91.064,33.2374],[-91.0709,33.2273],[-91.1003,33.2194],[-91.0804,33.1801],[-91.086,33.1363],[-91.1027,33.1304],[-91.1339,33.1291],[-91.1505,33.1309],[-91.1631,33.1422],[-91.1832,33.1418],[-91.2015,33.1248],[-91.1999,33.1068],[-91.1816,33.0988],[-91.1729,33.0886],[-91.1499,33.082],[-91.125,33.0646],[-91.1203,33.0549],[-91.1283,33.0343],[-91.1629,33.0185],[-91.169,32.9921],[-91.2018,32.9612],[-91.1983,32.9502],[-91.2074,32.9444],[-91.214,32.9303]]]},"properties":{"geoid":"28050","state":"28","district":"50","name":"State House District 50","chamber":"House"}},{"type":"Feature","geometry":{"type":"Polygon","coordinates":[[[-90.9653,32.6935],[-90.9649,32.6628],[-90.7232,32.6621],[-90.7121,32.6784],[-90.7122,32.6874],[-90.7044,32.6908],[-90.6956,32.6851],[-90.6932,32.6683],[-90.6786,32.6642],[-90.6653,32.6745],[-90.6674,32.6933],[-90.6887,32.7054],[-90.7177,32.709],[-90.7426,32.7292],[-90.7344,32.7572],[-90.7094,32.7474],[-90.6905,32.7576],[-90.6926,32.7696],[-90.7077,32.7778],[-90.7154,32.7899],[-90.7122,32.8039],[-90.7002,32.8132],[-90.6548,32.819],[-90.6288,32.7739],[-90.6257,32.7816],[-90.6136,32.7847],[-90.5993,32.8158],[-90.5806,32.8401],[-90.57,32.8405],[-90.5577,32.8494],[-90.5311,32.8353],[-90.5563,32.8337],[-90.5584,32.8071],[-90.5024,32.8066],[-90.4838,32.8172],[-90.4547,32.8235],[-90.4142,32.8463],[-90.3896,32.8367],[-90.3707,32.8425],[-90.3695,32.8497],[-90.3882,32.8638],[-90.3799,32.8719],[-90.3776,32.882],[-90.3853,32.8819],[-90.3867,32.8697],[-90.3948,32.871],[-90.3981,32.8626],[-90.407,32.8662],[-90.4109,32.8634],[-90.4343,32.8655],[-90.4535,32.8774],[-90.4572,32.8869],[-90.4521,32.8941],[-90.4274,32.9023],[-90.4196,32.9258],[-90.4031,32.93],[-90.4002,32.9366],[-90.3913,32.9361],[-90.3852,32.9416],[-90.3892,32.948],[-90.4045,32.9508],[-90.4048,32.9714],[-90.418,32.9796],[-90.4135,32.9966],[-90.3883,33.003],[-90.3741,32.9876],[-90.3664,32.9859],[-90.3539,32.9924],[-90.3506,33.0001],[-90.3532,33.0112],[-90.3708,33.0122],[-90.3819,33.0215],[-90.3795,33.0387],[-90.3838,33.0476],[-90.4154,33.049],[-90.4283,33.0573],[-90.4319,33.0959],[-90.4218,33.1002],[-90.4283,33.1063],[-90.4271,33.1132],[-90.4192,33.1157],[-90.4126,33.1009],[-90.3971,33.1047],[-90.3877,33.0896],[-90.373,33.0841],[-90.366,33.0876],[-90.3649,33.0945],[-90.3862,33.1141],[-90.3831,33.1214],[-90.3689,33.1255],[-90.3662,33.1037],[-90.3593,33.0941],[-90.3528,33.0949],[-90.3468,33.1016],[-90.3554,33.1127],[-90.3536,33.1228],[-90.3447,33.1337],[-90.3306,33.1354],[-90.3305,33.1867],[-90.3192,33.1719],[-90.3232,33.1668],[-90.3205,33.1569],[-90.3016,33.1526],[-90.2861,33.1348],[-90.2717,33.1262],[-90.2088,33.1281],[-90.2088,33.139],[-90.1391,33.1398],[-90.1387,33.2163],[-90.1228,33.2371],[-90.1251,33.2416],[-90.1386,33.244],[-90.1385,33.2893],[-90.1279,33.2979],[-90.1286,33.3031],[-90.1208,33.3],[-90.0971,33.3079],[-90.0979,33.3118],[-90.3213,33.375],[-90.3129,33.3893],[-90.2828,33.3879],[-90.2617,33.4083],[-90.2331,33.4258],[-90.235,33.4417],[-90.2195,33.4597],[-90.2286,33.4686],[-90.2191,33.4734],[-90.2202,33.4806],[-90.2284,33.4835],[-90.2275,33.4926],[-90.2443,33.4916],[-90.2553,33.4802],[-90.2596,33.4838],[-90.2506,33.4944],[-90.2505,33.5041],[-90.3272,33.4936],[-90.3374,33.4913],[-90.3897,33.4566],[-90.4527,33.4523],[-90.4532,33.3295],[-90.5555,33.3292],[-90.5552,33.2705],[-90.7142,33.2705],[-90.7221,33.2649],[-90.7301,33.2661],[-90.7323,33.2297],[-90.7223,33.229],[-90.7136,33.2184],[-90.6883,33.2085],[-90.679,33.1997],[-90.6867,33.1877],[-90.6838,33.174],[-90.6897,33.1581],[-90.6881,33.1485],[-90.6985,33.138],[-90.7006,33.1251],[-90.6977,33.1213],[-90.6895,33.1235],[-90.6882,33.1159],[-90.6796,33.1146],[-90.6789,33.1038],[-90.6841,33.0975],[-90.9145,33.0974],[-90.914,32.9442],[-90.9198,32.9378],[-90.9248,32.9115],[-90.9402,32.8858],[-90.9359,32.8773],[-90.942,32.8697],[-90.9399,32.8625],[-90.9569,32.8524],[-90.9548,32.8456],[-90.9638,32.8381],[-90.9653,32.6935]]]},"properties":{"geoid":"28051","state":"28","district":"51","name":"State House District 51","chamber":"House"}},{"type":"Feature","geometry":{"type":"Polygon","coordinates":[[[-89.8131,34.9945],[-89.8127,34.9528],[-89.8061,34.9477],[-89.7774,34.9478],[-89.7773,34.9041],[-89.7949,34.9042],[-89.7956,34.8717],[-89.7866,34.8784],[-89.7853,34.8881],[-89.7772,34.8866],[-89.7741,34.8927],[-89.7654,34.8927],[-89.7645,34.8983],[-89.755,34.9],[-89.7544,34.9065],[-89.7239,34.8783],[-89.7239,34.8193],[-89.7036,34.8203],[-89.6885,34.8156],[-89.6843,34.8359],[-89.6901,34.8622],[-89.6844,34.8686],[-89.68,34.868],[-89.6799,34.8603],[-89.6452,34.8603],[-89.6451,34.8753],[-89.6358,34.8755],[-89.6375,34.9183],[-89.6193,34.9062],[-89.5984,34.9018],[-89.5801,34.9048],[-89.5659,34.8969],[-89.565,34.8604],[-89.494,34.8607],[-89.4933,34.8771],[-89.4773,34.8655],[-89.4648,34.865],[-89.4408,34.8437],[-89.4413,34.9032],[-89.4229,34.9036],[-89.4233,34.918],[-89.4059,34.9178],[-89.4057,34.9939],[-89.8131,34.9945]]]},"properties":{"geoid":"28052","state":"28","district":"52","name":"State House District 52","chamber":"House"}},{"type":"Feature","geometry":{"type":"Polygon","coordinates":[[[-90.8213,31.4619],[-90.8209,31.3927],[-90.787,31.3927],[-90.7873,31.3776],[-90.777,31.3778],[-90.778,31.3637],[-90.7707,31.3637],[-90.7708,31.3496],[-90.4697,31.3495],[-90.4683,31.3135],[-90.4633,31.3136],[-90.4633,31.3063],[-90.4474,31.3058],[-90.4474,31.2921],[-90.4139,31.2923],[-90.4138,31.289],[-90.382,31.3067],[-90.3642,31.2923],[-90.3509,31.2705],[-90.3297,31.2828],[-90.3077,31.2836],[-90.2934,31.2902],[-90.2709,31.2897],[-90.2607,31.2947],[-90.2604,31.3503],[-90.1591,31.3506],[-90.1583,31.3798],[-90.1081,31.3798],[-90.1078,31.4233],[-90.0157,31.4233],[-90.013,31.4287],[-90.0072,31.4233],[-90.0105,31.431],[-90.0031,31.4338],[-90.0155,31.4403],[-90.0296,31.429],[-90.0463,31.4375],[-90.0396,31.4469],[-90.0517,31.4427],[-90.0476,31.4493],[-90.052,31.4561],[-90.0497,31.4644],[-90.0557,31.4601],[-90.0679,31.4667],[-90.0654,31.4704],[-90.0559,31.466],[-90.0529,31.4769],[-90.0624,31.4776],[-90.0807,31.4896],[-90.0764,31.5062],[-90.1226,31.5149],[-90.1324,31.5063],[-90.1417,31.5052],[-90.1431,31.511],[-90.1544,31.5155],[-90.1679,31.5306],[-90.169,31.544],[-90.1801,31.5476],[-90.1829,31.5535],[-90.2567,31.5483],[-90.3385,31.5554],[-90.3711,31.5531],[-90.3793,31.556],[-90.3794,31.5782],[-90.3928,31.5774],[-90.3922,31.5831],[-90.399,31.583],[-90.4124,31.5708],[-90.4135,31.5958],[-90.4225,31.5927],[-90.4232,31.6117],[-90.4301,31.6124],[-90.4203,31.6419],[-90.433,31.6367],[-90.4452,31.6122],[-90.4433,31.5909],[-90.4509,31.592],[-90.4514,31.5862],[-90.4449,31.583],[-90.4525,31.5802],[-90.4544,31.5741],[-90.4453,31.5724],[-90.4445,31.5502],[-90.4348,31.5554],[-90.4294,31.5504],[-90.4281,31.4811],[-90.4454,31.4808],[-90.4421,31.4669],[-90.4477,31.4407],[-90.4424,31.4316],[-90.4479,31.4227],[-90.4542,31.427],[-90.4631,31.4226],[-90.4664,31.4115],[-90.4788,31.4211],[-90.4798,31.4376],[-90.5002,31.4339],[-90.5106,31.4368],[-90.5146,31.4436],[-90.5287,31.4425],[-90.5482,31.4479],[-90.5485,31.4515],[-90.5732,31.4551],[-90.58,31.4358],[-90.6117,31.4443],[-90.6114,31.4494],[-90.6164,31.4516],[-90.6184,31.4403],[-90.6331,31.4447],[-90.6332,31.6114],[-90.7273,31.6109],[-90.7365,31.6],[-90.7281,31.5969],[-90.7281,31.5388],[-90.7372,31.5389],[-90.7367,31.4583],[-90.7716,31.4746],[-90.7847,31.4729],[-90.7977,31.4841],[-90.8213,31.4619]]]},"properties":{"geoid":"28053","state":"28","district":"53","name":"State House District 53","chamber":"House"}},{"type":"Feature","geometry":{"type":"Polygon","coordinates":[[[-91.1658,32.7578],[-91.1586,32.7434],[-91.1238,32.743],[-91.0772,32.7325],[-91.0545,32.7223],[-91.0639,32.7029],[-91.1183,32.6741],[-91.1376,32.6506],[-91.1527,32.6408],[-91.1513,32.6159],[-91.1353,32.5917],[-91.1199,32.5848],[-91.1157,32.591],[-91.0498,32.6072],[-91.0384,32.6364],[-91.0258,32.6466],[-91.0143,32.6405],[-91.0035,32.6248],[-91.0035,32.6123],[-91.0137,32.5984],[-91.0362,32.5796],[-91.0804,32.5565],[-91.0754,32.5467],[-91.0577,32.5338],[-90.9949,32.5086],[-90.9877,32.4985],[-90.9901,32.4886],[-91.0042,32.4821],[-91.0381,32.4904],[-91.0937,32.5491],[-91.1173,32.495],[-91.1131,32.4777],[-91.0967,32.4599],[-91.0526,32.4382],[-91.0282,32.4337],[-90.9955,32.4509],[-90.98,32.4478],[-90.9696,32.4395],[-90.9657,32.4236],[-90.9685,32.417],[-90.9941,32.4039],[-91.0047,32.3672],[-91.0001,32.3577],[-90.9867,32.3518],[-90.9124,32.3395],[-90.8972,32.3552],[-90.8904,32.3725],[-90.9082,32.3807],[-90.9243,32.3984],[-90.9259,32.4178],[-90.921,32.4419],[-90.899,32.449],[-90.8815,32.4408],[-90.8709,32.4516],[-90.8614,32.4421],[-90.851,32.4612],[-90.829,32.4716],[-90.8178,32.4878],[-90.8088,32.4916],[-90.8057,32.4789],[-90.8233,32.4277],[-90.8275,32.3744],[-90.8409,32.3713],[-90.8402,32.3557],[-90.8474,32.3447],[-90.8302,32.3498],[-90.8311,32.3619],[-90.8248,32.3693],[-90.8117,32.3656],[-90.8066,32.3535],[-90.8,32.3515],[-90.8253,32.3478],[-90.8254,32.3445],[-90.7951,32.3463],[-90.7934,32.3375],[-90.8349,32.324],[-90.8404,32.3242],[-90.8393,32.3332],[-90.8463,32.3389],[-90.8519,32.3422],[-90.857,32.3381],[-90.87,32.3192],[-90.8572,32.3068],[-90.8614,32.2938],[-90.852,32.2897],[-90.8386,32.2945],[-90.799,32.2928],[-90.7968,32.2978],[-90.8021,32.3047],[-90.7953,32.3092],[-90.7832,32.3052],[-90.7815,32.3207],[-90.7346,32.31],[-90.7048,32.312],[-90.7079,32.318],[-90.7031,32.3168],[-90.7054,32.3247],[-90.6991,32.3372],[-90.7033,32.3349],[-90.7076,32.34],[-90.7047,32.3473],[-90.6961,32.3484],[-90.6929,32.3543],[-90.628,32.3395],[-90.636,32.3751],[-90.6227,32.3834],[-90.6259,32.3878],[-90.6177,32.393],[-90.6214,32.3949],[-90.6158,32.3977],[-90.6132,32.4134],[-90.6,32.4246],[-90.5957,32.441],[-90.5858,32.4451],[-90.5978,32.4503],[-90.6037,32.4819],[-90.5873,32.4869],[-90.5891,32.4953],[-90.582,32.4942],[-90.5787,32.5037],[-90.5701,32.4996],[-90.5712,32.5063],[-90.5656,32.5029],[-90.5469,32.5105],[-90.5423,32.5054],[-90.5302,32.5109],[-90.5222,32.5031],[-90.5207,32.5099],[-90.5257,32.5157],[-90.5197,32.5173],[-90.5235,32.5193],[-90.5145,32.5255],[-90.4981,32.5241],[-90.4848,32.5426],[-90.4715,32.5433],[-90.4719,32.5486],[-90.4651,32.5477],[-90.4625,32.559],[-90.454,32.5583],[-90.4514,32.5786],[-90.4312,32.5881],[-90.4274,32.5972],[-90.4314,32.6115],[-90.4555,32.6252],[-90.4092,32.6924],[-90.3984,32.6905],[-90.337,32.6059],[-90.33,32.6112],[-90.3323,32.6132],[-90.3223,32.616],[-90.3252,32.622],[-90.3099,32.6336],[-90.3112,32.6407],[-90.2969,32.6473],[-90.2873,32.6422],[-90.2781,32.6603],[-90.2651,32.6561],[-90.2568,32.6629],[-90.2445,32.6587],[-90.2423,32.6647],[-90.2267,32.6682],[-90.2223,32.6598],[-90.2065,32.6665],[-90.1971,32.6638],[-90.1924,32.666],[-90.1931,32.6722],[-90.1543,32.6915],[-90.1456,32.6917],[-90.1415,32.6851],[-90.1363,32.6874],[-90.1375,32.6987],[-90.1316,32.7025],[-90.1216,32.6997],[-90.1156,32.7046],[-90.1083,32.7006],[-90.1051,32.7041],[-90.1002,32.7],[-90.0936,32.7076],[-90.1041,32.7337],[-90.1323,32.7411],[-90.1467,32.754],[-90.1965,32.7808],[-90.2005,32.7854],[-90.1924,32.7851],[-90.192,32.8292],[-90.2065,32.8292],[-90.2076,32.8364],[-90.2437,32.8365],[-90.2436,32.8652],[-90.2544,32.8663],[-90.2611,32.8584],[-90.2702,32.8576],[-90.2781,32.8277],[-90.3304,32.8317],[-90.3357,32.8422],[-90.3822,32.8408],[-90.3825,32.8367],[-90.3896,32.8367],[-90.4142,32.8463],[-90.4547,32.8235],[-90.4838,32.8172],[-90.5024,32.8066],[-90.5584,32.8071],[-90.5563,32.8337],[-90.5311,32.8353],[-90.5577,32.8494],[-90.57,32.8405],[-90.5806,32.8401],[-90.5993,32.8158],[-90.6136,32.7847],[-90.6257,32.7816],[-90.6288,32.7739],[-90.6548,32.819],[-90.7002,32.8132],[-90.7122,32.8039],[-90.7154,32.7899],[-90.7077,32.7778],[-90.6926,32.7696],[-90.6905,32.7576],[-90.7094,32.7474],[-90.7344,32.7572],[-90.7426,32.7292],[-90.7177,32.709],[-90.6887,32.7054],[-90.6674,32.6933],[-90.6653,32.6745],[-90.6786,32.6642],[-90.6932,32.6683],[-90.6956,32.6851],[-90.7044,32.6908],[-90.7122,32.6874],[-90.7121,32.6784],[-90.7232,32.6621],[-90.9649,32.6628],[-90.9638,32.8381],[-90.9548,32.8456],[-90.9569,32.8524],[-90.9399,32.8625],[-90.942,32.8697],[-90.9359,32.8773],[-90.9403,32.8853],[-90.9287,32.9079],[-90.9529,32.9112],[-90.9624,32.9177],[-90.9646,32.9112],[-90.98,32.9024],[-91.002,32.9199],[-90.9997,32.9308],[-91.0104,32.9333],[-91.0174,32.922],[-91.0352,32.9141],[-91.0647,32.918],[-91.0682,32.8919],[-91.0848,32.8751],[-91.1056,32.8584],[-91.1279,32.8551],[-91.1436,32.8447],[-91.1617,32.8125],[-91.1644,32.7858],[-91.1555,32.7799],[-91.1658,32.7578]]]},"properties":{"geoid":"28054","state":"28","district":"54","name":"State House District 54","chamber":"House"}},{"type":"Feature","geometry":{"type":"Polygon","coordinates":[[[-90.9919,32.1978],[-90.9935,32.1952],[-90.9825,32.1953],[-90.9673,32.2113],[-90.944,32.2145],[-90.9288,32.2476],[-90.9226,32.2459],[-90.9217,32.2496],[-90.9137,32.2411],[-90.9202,32.2326],[-90.9147,32.2262],[-90.8856,32.2174],[-90.8814,32.2232],[-90.8859,32.2361],[-90.8797,32.2489],[-90.8811,32.2567],[-90.872,32.2576],[-90.8665,32.266],[-90.8402,32.26],[-90.8303,32.2499],[-90.8108,32.2535],[-90.8053,32.2404],[-90.7841,32.228],[-90.7649,32.2292],[-90.7635,32.2436],[-90.7518,32.2477],[-90.7396,32.2387],[-90.7269,32.2366],[-90.7269,32.2415],[-90.716,32.2481],[-90.7154,32.256],[-90.7195,32.2528],[-90.718,32.2576],[-90.7283,32.2595],[-90.7134,32.2639],[-90.7207,32.2687],[-90.717,32.2709],[-90.7195,32.2773],[-90.7146,32.276],[-90.7068,32.2865],[-90.7005,32.2872],[-90.7067,32.2923],[-90.7028,32.291],[-90.6957,32.298],[-90.6991,32.3118],[-90.7042,32.3109],[-90.7058,32.3156],[-90.7048,32.312],[-90.7344,32.31],[-90.7815,32.3207],[-90.7832,32.3052],[-90.7953,32.3092],[-90.8021,32.3047],[-90.7968,32.2978],[-90.799,32.2928],[-90.8386,32.2945],[-90.852,32.2897],[-90.8614,32.2938],[-90.8572,32.3068],[-90.8701,32.3216],[-90.8519,32.3422],[-90.8394,32.3334],[-90.8396,32.3241],[-90.8173,32.327],[-90.7934,32.3375],[-90.7951,32.3463],[-90.8254,32.3445],[-90.8253,32.3478],[-90.8,32.3515],[-90.8066,32.3535],[-90.8117,32.3656],[-90.8248,32.3693],[-90.8311,32.3619],[-90.8302,32.3498],[-90.8474,32.3447],[-90.8402,32.3557],[-90.8409,32.3713],[-90.8275,32.3744],[-90.8233,32.4277],[-90.8057,32.4789],[-90.8088,32.4916],[-90.8178,32.4878],[-90.829,32.4716],[-90.851,32.4612],[-90.8614,32.4421],[-90.8709,32.4516],[-90.8815,32.4408],[-90.899,32.449],[-90.921,32.4419],[-90.9259,32.4178],[-90.9231,32.396],[-90.9055,32.3791],[-90.8756,32.3717],[-90.9007,32.3304],[-90.9029,32.3191],[-90.9222,32.2986],[-90.9498,32.2831],[-90.9641,32.2969],[-90.9795,32.2937],[-90.983,32.2703],[-90.9694,32.2525],[-90.9808,32.2425],[-90.9834,32.2118],[-90.9919,32.1978]]]},"properties":{"geoid":"28055","state":"28","district":"55","name":"State House District 55","chamber":"House"}},{"type":"Feature","geometry":{"type":"Polygon","coordinates":[[[-90.4514,32.5785],[-90.4498,32.488],[-90.3988,32.4877],[-90.3979,32.3852],[-90.3385,32.3859],[-90.336,32.3577],[-90.3837,32.3567],[-90.3837,32.3325],[-90.3585,32.3327],[-90.3703,32.3171],[-90.3701,32.303],[-90.3572,32.2994],[-90.3539,32.2936],[-90.3302,32.2937],[-90.3258,32.3061],[-90.3261,32.3145],[-90.3311,32.3146],[-90.3297,32.3231],[-90.3258,32.323],[-90.3271,32.3333],[-90.2957,32.3346],[-90.2955,32.342],[-90.3168,32.3415],[-90.3167,32.3469],[-90.306,32.3535],[-90.2963,32.3473],[-90.2826,32.355],[-90.2796,32.3711],[-90.2589,32.3807],[-90.2641,32.386],[-90.3126,32.3859],[-90.3121,32.4512],[-90.3295,32.4511],[-90.3295,32.4587],[-90.3468,32.4588],[-90.3472,32.4878],[-90.2481,32.4876],[-90.2374,32.4975],[-90.205,32.4923],[-90.205,32.5023],[-90.1911,32.5021],[-90.1848,32.508],[-90.1807,32.4944],[-90.1391,32.4978],[-90.1392,32.5022],[-90.1577,32.5024],[-90.1577,32.518],[-90.1812,32.5242],[-90.2235,32.5211],[-90.2384,32.5351],[-90.2675,32.5225],[-90.2885,32.5195],[-90.296,32.5307],[-90.3079,32.5302],[-90.3169,32.5764],[-90.3323,32.5718],[-90.3638,32.6033],[-90.3649,32.5968],[-90.3687,32.5955],[-90.3712,32.6025],[-90.3742,32.5965],[-90.3816,32.5958],[-90.3776,32.5927],[-90.389,32.5868],[-90.3862,32.5837],[-90.3963,32.5853],[-90.4045,32.5746],[-90.4116,32.5738],[-90.4095,32.578],[-90.4184,32.5771],[-90.4285,32.586],[-90.4455,32.5844],[-90.4437,32.5814],[-90.4514,32.5785]]]},"properties":{"geoid":"28056","state":"28","district":"56","name":"State House District 56","chamber":"House"}},{"type":"Feature","geometry":{"type":"Polygon","coordinates":[[[-90.4555,32.6252],[-90.4314,32.6115],[-90.4274,32.5965],[-90.4312,32.5881],[-90.4383,32.5857],[-90.4216,32.5833],[-90.4184,32.5771],[-90.4129,32.5798],[-90.4093,32.5777],[-90.4114,32.5738],[-90.4045,32.5746],[-90.3963,32.5853],[-90.3864,32.5836],[-90.389,32.5868],[-90.3776,32.5927],[-90.3816,32.5958],[-90.3742,32.5965],[-90.3712,32.6025],[-90.3687,32.5955],[-90.3652,32.5966],[-90.3638,32.6033],[-90.3323,32.5718],[-90.3169,32.5764],[-90.3079,32.5302],[-90.296,32.5307],[-90.2885,32.5195],[-90.2675,32.5225],[-90.2384,32.5351],[-90.2438,32.5409],[-90.2437,32.5571],[-90.2158,32.5533],[-90.2038,32.5631],[-90.1704,32.5663],[-90.146,32.5818],[-90.1365,32.5831],[-90.1362,32.5533],[-90.0891,32.557],[-90.1013,32.5172],[-90.0884,32.5176],[-90.0865,32.5116],[-90.072,32.5171],[-89.9939,32.5168],[-89.9775,32.5271],[-89.9951,32.541],[-89.9949,32.575],[-89.9362,32.5749],[-89.9363,32.6585],[-89.9843,32.6339],[-89.9832,32.6564],[-89.9912,32.673],[-89.9994,32.674],[-90.0099,32.662],[-89.9936,32.7318],[-90.0089,32.737],[-90.0311,32.7331],[-90.0395,32.7358],[-90.0424,32.7441],[-90.0508,32.7346],[-90.0574,32.7356],[-90.0576,32.7312],[-90.0764,32.7294],[-90.0739,32.7271],[-90.0795,32.7196],[-90.0896,32.7156],[-90.0874,32.7129],[-90.0999,32.7001],[-90.1051,32.7041],[-90.1083,32.7006],[-90.1156,32.7046],[-90.1216,32.6997],[-90.1316,32.7025],[-90.1375,32.6987],[-90.1363,32.6874],[-90.1415,32.6851],[-90.1456,32.6917],[-90.1543,32.6915],[-90.1931,32.6722],[-90.1924,32.666],[-90.1971,32.6638],[-90.2065,32.6665],[-90.2223,32.6598],[-90.2267,32.6682],[-90.2423,32.6647],[-90.2445,32.6587],[-90.2568,32.6629],[-90.2651,32.6561],[-90.2781,32.6603],[-90.2873,32.6422],[-90.2969,32.6473],[-90.3112,32.6407],[-90.3099,32.6336],[-90.3252,32.622],[-90.3223,32.616],[-90.3323,32.6132],[-90.33,32.6112],[-90.337,32.6059],[-90.3984,32.6905],[-90.4092,32.6924],[-90.4555,32.6252]]]},"properties":{"geoid":"28057","state":"28","district":"57","name":"State House District 57","chamber":"House"}},{"type":"Feature","geometry":{"type":"Polygon","coordinates":[[[-90.2438,32.5501],[-90.2436,32.5404],[-90.2238,32.5212],[-90.1812,32.5242],[-90.1577,32.518],[-90.1577,32.5024],[-90.1392,32.5022],[-90.1397,32.4878],[-90.13,32.4877],[-90.127,32.4918],[-90.117,32.4884],[-90.1071,32.4968],[-90.0979,32.4878],[-90.1018,32.48],[-90.0926,32.4757],[-90.0892,32.4571],[-90.0892,32.4488],[-90.1064,32.4505],[-90.1063,32.4271],[-90.0857,32.4271],[-90.0872,32.4402],[-90.0778,32.4423],[-90.0799,32.4495],[-90.0721,32.4514],[-90.0718,32.5171],[-90.0865,32.5116],[-90.0884,32.5176],[-90.1013,32.5172],[-90.0891,32.557],[-90.1362,32.5533],[-90.1365,32.5831],[-90.146,32.5818],[-90.1704,32.5663],[-90.2038,32.5631],[-90.2158,32.5533],[-90.2437,32.5571],[-90.2438,32.5501]]]},"properties":{"geoid":"28058","state":"28","district":"58","name":"State House District 58","chamber":"House"}},{"type":"Feature","geometry":{"type":"Polygon","coordinates":[[[-90.1291,32.3315],[-90.1155,32.329],[-90.0928,32.338],[-90.0913,32.3292],[-90.0795,32.339],[-90.0642,32.3395],[-90.0646,32.3489],[-90.0576,32.36],[-90.0381,32.3594],[-90.0326,32.3534],[-90.0356,32.3498],[-89.9927,32.3626],[-89.9556,32.3866],[-89.9533,32.3995],[-89.9657,32.3995],[-89.9564,32.4173],[-89.9598,32.4214],[-90.0209,32.4214],[-90.0208,32.4722],[-90.0249,32.4716],[-90.0264,32.4628],[-90.0415,32.4485],[-90.0365,32.4466],[-90.0407,32.4417],[-90.0555,32.4397],[-90.0575,32.4351],[-90.0685,32.4386],[-90.063,32.4192],[-90.0754,32.4186],[-90.0636,32.4039],[-90.0688,32.3984],[-90.0657,32.3948],[-90.0779,32.3877],[-90.0805,32.3895],[-90.0761,32.3938],[-90.0815,32.3953],[-90.0874,32.3847],[-90.0952,32.3891],[-90.0957,32.3817],[-90.1007,32.3823],[-90.0973,32.3741],[-90.1018,32.3757],[-90.0998,32.3668],[-90.1053,32.366],[-90.1062,32.3555],[-90.1095,32.3548],[-90.1069,32.3614],[-90.114,32.3605],[-90.1101,32.3444],[-90.1161,32.3461],[-90.1291,32.3315]]]},"properties":{"geoid":"28059","state":"28","district":"59","name":"State House District 59","chamber":"House"}},{"type":"Feature","geometry":{"type":"Polygon","coordinates":[[[-90.0941,32.2264],[-90.0854,32.2166],[-90.0685,32.2148],[-90.0549,32.207],[-90.0598,32.2018],[-90.0523,32.1979],[-90.0505,32.1836],[-90.0698,32.1796],[-90.0547,32.1668],[-90.038,32.1646],[-90.038,32.1809],[-90.0147,32.1809],[-90.0022,32.1664],[-89.9651,32.1623],[-89.9651,32.1807],[-89.9106,32.179],[-89.8851,32.1521],[-89.8689,32.1436],[-89.8686,32.1203],[-89.781,32.1194],[-89.7826,32.1492],[-89.8174,32.1491],[-89.8168,32.2218],[-89.7999,32.2218],[-89.7996,32.2514],[-89.8502,32.2542],[-89.8638,32.2827],[-89.8807,32.2794],[-89.9018,32.2831],[-89.9191,32.2783],[-89.9191,32.2874],[-89.9708,32.2914],[-89.9705,32.3128],[-89.9942,32.3129],[-89.992,32.3061],[-90.0055,32.3057],[-90.0056,32.2977],[-90.0053,32.2815],[-89.9939,32.274],[-89.994,32.2654],[-90.0093,32.2633],[-90.01,32.2509],[-90.038,32.2517],[-90.038,32.2471],[-90.0436,32.2471],[-90.0436,32.2544],[-90.0499,32.2543],[-90.0725,32.2368],[-90.0658,32.2341],[-90.0735,32.2254],[-90.0941,32.2264]]]},"properties":{"geoid":"28060","state":"28","district":"60","name":"State House District 60","chamber":"House"}},{"type":"Feature","geometry":{"type":"Polygon","coordinates":[[[-90.1471,32.267],[-90.1341,32.2661],[-90.1328,32.2599],[-90.1164,32.2592],[-90.1087,32.2616],[-90.1086,32.2667],[-90.0572,32.2742],[-90.0553,32.2625],[-90.0616,32.2624],[-90.0601,32.2514],[-90.055,32.2537],[-90.0535,32.2491],[-90.0436,32.2544],[-90.0436,32.2471],[-90.038,32.2471],[-90.038,32.2517],[-90.01,32.2509],[-90.0094,32.2632],[-89.994,32.2654],[-89.9939,32.274],[-90.0098,32.2833],[-90.0381,32.2838],[-90.0336,32.3202],[-90.0582,32.3346],[-90.0642,32.3322],[-90.0642,32.3395],[-90.0795,32.339],[-90.0913,32.3292],[-90.0906,32.3126],[-90.1077,32.3126],[-90.1081,32.3052],[-90.1256,32.3049],[-90.1259,32.2815],[-90.1467,32.2783],[-90.1471,32.267]]]},"properties":{"geoid":"28061","state":"28","district":"61","name":"State House District 61","chamber":"House"}},{"type":"Feature","geometry":{"type":"Polygon","coordinates":[[[-90.359,31.9855],[-90.336,31.979],[-90.3345,31.9732],[-90.3482,31.973],[-90.348,31.9621],[-90.2795,31.962],[-90.2798,31.9476],[-90.1938,31.9475],[-90.1928,31.9534],[-90.1894,31.949],[-90.1876,31.9521],[-90.1981,31.9579],[-90.1971,31.9656],[-90.207,31.976],[-90.2059,31.9878],[-90.2226,31.9886],[-90.2243,31.9966],[-90.1985,32.0021],[-90.2008,32.0077],[-90.1891,32.009],[-90.1929,32.0496],[-89.985,32.0494],[-90.0322,32.0852],[-90.0565,32.1098],[-90.0592,32.1304],[-90.0798,32.1305],[-90.089,32.1416],[-90.1063,32.1474],[-90.0858,32.1523],[-90.0875,32.1737],[-90.0702,32.1737],[-90.0701,32.1799],[-90.0506,32.1834],[-90.0523,32.1979],[-90.0598,32.2018],[-90.0549,32.207],[-90.06,32.2104],[-90.1369,32.2103],[-90.1414,32.2191],[-90.1459,32.219],[-90.1511,32.2067],[-90.1697,32.2284],[-90.1735,32.2394],[-90.2042,32.2397],[-90.2044,32.2346],[-90.209,32.2359],[-90.2056,32.2318],[-90.1964,32.2253],[-90.1907,32.227],[-90.1856,32.2192],[-90.1905,32.2036],[-90.1817,32.2016],[-90.1883,32.1946],[-90.1933,32.1988],[-90.1966,32.1956],[-90.1959,32.1851],[-90.2047,32.1915],[-90.2126,32.18],[-90.2263,32.1789],[-90.2344,32.1731],[-90.2363,32.178],[-90.2427,32.1777],[-90.2417,32.1554],[-90.2548,32.1512],[-90.2428,32.1489],[-90.2475,32.1352],[-90.241,32.1217],[-90.2483,32.1183],[-90.2428,32.1139],[-90.2513,32.1127],[-90.2467,32.1037],[-90.2367,32.0999],[-90.2417,32.0969],[-90.2472,32.1],[-90.2468,32.0935],[-90.2268,32.0943],[-90.2358,32.0902],[-90.2267,32.08],[-90.2291,32.0683],[-90.2362,32.0657],[-90.2299,32.0581],[-90.2303,32.0497],[-90.301,32.0496],[-90.3077,32.0097],[-90.338,32.0079],[-90.3373,31.9878],[-90.3558,31.9914],[-90.359,31.9855]]]},"properties":{"geoid":"28062","state":"28","district":"62","name":"State House District 62","chamber":"House"}},{"type":"Feature","geometry":{"type":"Polygon","coordinates":[[[-90.7286,32.2248],[-90.7183,32.0484],[-90.5531,32.05],[-90.5533,32.1817],[-90.4342,32.1813],[-90.4341,32.2104],[-90.2967,32.2102],[-90.297,32.2396],[-90.3123,32.2397],[-90.3092,32.2627],[-90.3136,32.2624],[-90.3135,32.2723],[-90.287,32.2756],[-90.2832,32.2979],[-90.3217,32.2974],[-90.3215,32.3094],[-90.3054,32.3149],[-90.3257,32.3265],[-90.3308,32.3199],[-90.3259,32.3069],[-90.3302,32.2937],[-90.3539,32.2936],[-90.3572,32.2994],[-90.3698,32.3021],[-90.3703,32.3171],[-90.3585,32.3327],[-90.3837,32.3325],[-90.3837,32.3567],[-90.336,32.3577],[-90.3385,32.3859],[-90.3979,32.3852],[-90.3988,32.4877],[-90.4498,32.488],[-90.45,32.5738],[-90.454,32.5583],[-90.4625,32.559],[-90.4651,32.5477],[-90.4848,32.5426],[-90.4981,32.5241],[-90.5145,32.5255],[-90.5235,32.5193],[-90.5197,32.5173],[-90.5257,32.5157],[-90.5207,32.5099],[-90.5222,32.5031],[-90.5302,32.5109],[-90.5423,32.5054],[-90.5469,32.5105],[-90.5656,32.5029],[-90.5712,32.5063],[-90.5701,32.4996],[-90.5787,32.5037],[-90.582,32.4942],[-90.5891,32.4953],[-90.5873,32.4869],[-90.6037,32.4819],[-90.5978,32.4503],[-90.5858,32.4451],[-90.5957,32.441],[-90.6,32.4246],[-90.6132,32.4134],[-90.6158,32.3977],[-90.6214,32.3949],[-90.6177,32.393],[-90.6259,32.3878],[-90.6227,32.3834],[-90.636,32.3751],[-90.628,32.3395],[-90.6922,32.3543],[-90.6961,32.3484],[-90.7047,32.3473],[-90.7074,32.339],[-90.7033,32.3349],[-90.6992,32.3378],[-90.6993,32.3311],[-90.7054,32.3247],[-90.7033,32.3163],[-90.7078,32.3167],[-90.7042,32.3109],[-90.6991,32.3118],[-90.6957,32.298],[-90.7028,32.291],[-90.7067,32.2923],[-90.7005,32.2872],[-90.7068,32.2865],[-90.7146,32.276],[-90.7195,32.2773],[-90.717,32.2709],[-90.7207,32.2687],[-90.7134,32.2639],[-90.7283,32.2595],[-90.7135,32.2529],[-90.7269,32.2415],[-90.7286,32.2248]]]},"properties":{"geoid":"28063","state":"28","district":"63","name":"State House District 63","chamber":"House"}},{"type":"Feature","geometry":{"type":"Polygon","coordinates":[[[-90.1767,32.3353],[-90.1757,32.3267],[-90.1612,32.3288],[-90.1584,32.318],[-90.148,32.3251],[-90.1397,32.3221],[-90.1161,32.3461],[-90.1101,32.3444],[-90.114,32.3605],[-90.1069,32.3614],[-90.1095,32.3548],[-90.1062,32.3555],[-90.1053,32.366],[-90.0998,32.3668],[-90.1018,32.3757],[-90.0973,32.3741],[-90.1007,32.3823],[-90.0957,32.3817],[-90.0952,32.3891],[-90.0874,32.3847],[-90.0815,32.3953],[-90.0761,32.3938],[-90.0805,32.3895],[-90.0779,32.3877],[-90.0657,32.3948],[-90.0688,32.3984],[-90.0636,32.4039],[-90.0754,32.4186],[-90.0658,32.4163],[-90.0629,32.4198],[-90.0701,32.4338],[-90.0711,32.4504],[-90.0799,32.4495],[-90.0778,32.4423],[-90.0872,32.4402],[-90.0857,32.4271],[-90.1063,32.4271],[-90.1063,32.414],[-90.0942,32.412],[-90.0859,32.3995],[-90.1087,32.3995],[-90.1191,32.3817],[-90.1419,32.3842],[-90.142,32.3801],[-90.147,32.3804],[-90.1544,32.3484],[-90.1644,32.3499],[-90.1677,32.3415],[-90.1758,32.3432],[-90.1767,32.3353]]]},"properties":{"geoid":"28064","state":"28","district":"64","name":"State House District 64","chamber":"House"}},{"type":"Feature","geometry":{"type":"Polygon","coordinates":[[[-90.1928,32.3687],[-90.1927,32.3512],[-90.1753,32.3502],[-90.1758,32.3432],[-90.1677,32.3415],[-90.1644,32.3499],[-90.1542,32.3487],[-90.147,32.3804],[-90.142,32.3801],[-90.1419,32.3842],[-90.1191,32.3817],[-90.1087,32.3995],[-90.1488,32.4003],[-90.1684,32.3685],[-90.1798,32.3725],[-90.1928,32.3687]]]},"properties":{"geoid":"28065","state":"28","district":"65","name":"State House District 65","chamber":"House"}},{"type":"Feature","geometry":{"type":"Polygon","coordinates":[[[-90.5533,32.1817],[-90.5531,32.05],[-90.3387,32.0497],[-90.3197,32.0682],[-90.2692,32.1658],[-90.314,32.1659],[-90.3138,32.1808],[-90.2967,32.1809],[-90.2995,32.1996],[-90.2941,32.2032],[-90.282,32.199],[-90.2797,32.2029],[-90.2792,32.2329],[-90.2664,32.2323],[-90.2663,32.2505],[-90.247,32.2539],[-90.2417,32.2685],[-90.291,32.2689],[-90.287,32.2756],[-90.3135,32.2723],[-90.3136,32.2624],[-90.3092,32.2627],[-90.3123,32.2397],[-90.297,32.2396],[-90.2967,32.2102],[-90.4341,32.2104],[-90.4342,32.1813],[-90.5533,32.1817]]]},"properties":{"geoid":"28066","state":"28","district":"66","name":"State House District 66","chamber":"House"}},{"type":"Feature","geometry":{"type":"Polygon","coordinates":[[[-90.2485,32.3479],[-90.2484,32.3404],[-90.2312,32.3379],[-90.2314,32.3288],[-90.1944,32.3085],[-90.1927,32.2998],[-90.1672,32.2983],[-90.1666,32.2841],[-90.1569,32.2879],[-90.1571,32.2938],[-90.1514,32.291],[-90.1627,32.3062],[-90.1506,32.3117],[-90.153,32.3208],[-90.1584,32.318],[-90.1612,32.3288],[-90.1757,32.3267],[-90.1753,32.3502],[-90.2078,32.356],[-90.2016,32.3481],[-90.2228,32.3518],[-90.2227,32.3475],[-90.2438,32.3626],[-90.2439,32.3487],[-90.2485,32.3479]]]},"properties":{"geoid":"28067","state":"28","district":"67","name":"State House District 67","chamber":"House"}},{"type":"Feature","geometry":{"type":"Polygon","coordinates":[[[-90.2459,32.3258],[-90.2365,32.3128],[-90.2149,32.3124],[-90.2159,32.2903],[-90.2096,32.2757],[-90.1797,32.2762],[-90.1867,32.2728],[-90.1837,32.2622],[-90.194,32.2621],[-90.2053,32.2519],[-90.1993,32.241],[-90.2042,32.2397],[-90.1735,32.2394],[-90.1697,32.2284],[-90.1511,32.2067],[-90.1458,32.219],[-90.1409,32.2191],[-90.1369,32.2103],[-90.06,32.2104],[-90.0854,32.2166],[-90.0941,32.2264],[-90.0735,32.2254],[-90.0658,32.2341],[-90.0725,32.2368],[-90.0535,32.2491],[-90.055,32.2537],[-90.0596,32.2509],[-90.062,32.2543],[-90.0616,32.2624],[-90.0553,32.2625],[-90.0572,32.2742],[-90.1086,32.2667],[-90.1087,32.2616],[-90.1164,32.2592],[-90.1328,32.2599],[-90.1341,32.2661],[-90.1472,32.2668],[-90.1467,32.2783],[-90.1259,32.2815],[-90.1256,32.3049],[-90.1081,32.3052],[-90.1077,32.3126],[-90.0906,32.3126],[-90.0928,32.338],[-90.1155,32.329],[-90.1291,32.3315],[-90.1423,32.3211],[-90.1458,32.3254],[-90.1522,32.3237],[-90.1542,32.314],[-90.1506,32.3117],[-90.1627,32.3062],[-90.1514,32.291],[-90.1589,32.293],[-90.1569,32.2879],[-90.1656,32.2839],[-90.1672,32.2983],[-90.1927,32.2998],[-90.1944,32.3085],[-90.2318,32.329],[-90.2459,32.3258]]]},"properties":{"geoid":"28068","state":"28","district":"68","name":"State House District 68","chamber":"House"}},{"type":"Feature","geometry":{"type":"Polygon","coordinates":[[[-90.3219,32.307],[-90.3217,32.2974],[-90.2832,32.2979],[-90.2875,32.2887],[-90.2859,32.2732],[-90.291,32.2689],[-90.2417,32.2685],[-90.2431,32.2576],[-90.2469,32.2576],[-90.2422,32.2487],[-90.2228,32.2559],[-90.2184,32.2684],[-90.2273,32.2685],[-90.2273,32.2831],[-90.2141,32.283],[-90.2149,32.3124],[-90.2365,32.3128],[-90.2348,32.3059],[-90.2529,32.3052],[-90.2528,32.3131],[-90.2965,32.3107],[-90.3054,32.3156],[-90.3219,32.307]]]},"properties":{"geoid":"28069","state":"28","district":"69","name":"State House District 69","chamber":"House"}},{"type":"Feature","geometry":{"type":"Polygon","coordinates":[[[-90.3472,32.4878],[-90.3468,32.4588],[-90.3295,32.4587],[-90.3295,32.4511],[-90.3121,32.4512],[-90.3126,32.3859],[-90.2641,32.386],[-90.2589,32.3807],[-90.2796,32.3711],[-90.2826,32.355],[-90.2963,32.3473],[-90.306,32.3535],[-90.3167,32.3469],[-90.3168,32.3415],[-90.2955,32.342],[-90.2957,32.3346],[-90.3271,32.3333],[-90.3257,32.3265],[-90.2965,32.3107],[-90.2638,32.3146],[-90.2528,32.3131],[-90.2529,32.3052],[-90.2348,32.3059],[-90.2459,32.3257],[-90.2314,32.3288],[-90.2304,32.3363],[-90.2484,32.3404],[-90.2438,32.3626],[-90.2227,32.3475],[-90.2228,32.3518],[-90.2016,32.3481],[-90.2187,32.3639],[-90.2272,32.3808],[-90.2269,32.385],[-90.2181,32.385],[-90.2181,32.4001],[-90.2438,32.4001],[-90.2436,32.4875],[-90.3472,32.4878]]]},"properties":{"geoid":"28070","state":"28","district":"70","name":"State House District 70","chamber":"House"}},{"type":"Feature","geometry":{"type":"Polygon","coordinates":[[[-90.314,32.1686],[-90.2442,32.1657],[-90.242,32.178],[-90.2363,32.178],[-90.2344,32.1731],[-90.2263,32.1789],[-90.2126,32.18],[-90.2047,32.1915],[-90.1956,32.1852],[-90.1966,32.1956],[-90.1933,32.1988],[-90.1883,32.1946],[-90.1817,32.2016],[-90.1908,32.2044],[-90.1856,32.2192],[-90.1907,32.227],[-90.1964,32.2253],[-90.209,32.2359],[-90.2044,32.2346],[-90.204,32.2406],[-90.1993,32.2409],[-90.2053,32.2519],[-90.194,32.2621],[-90.1837,32.2622],[-90.1867,32.2728],[-90.1797,32.2762],[-90.2078,32.275],[-90.2141,32.283],[-90.2273,32.2831],[-90.2273,32.2685],[-90.2184,32.2684],[-90.2244,32.2532],[-90.2348,32.2535],[-90.241,32.2486],[-90.2444,32.2538],[-90.2663,32.2505],[-90.2664,32.2323],[-90.2792,32.2329],[-90.2803,32.2014],[-90.2943,32.2032],[-90.2995,32.1996],[-90.2967,32.1809],[-90.3138,32.1808],[-90.314,32.1686]]]},"properties":{"geoid":"28071","state":"28","district":"71","name":"State House District 71","chamber":"House"}},{"type":"Feature","geometry":{"type":"Polygon","coordinates":[[[-90.2272,32.3816],[-90.2173,32.3625],[-90.2078,32.356],[-90.1927,32.3559],[-90.1928,32.3706],[-90.1684,32.3685],[-90.1488,32.4003],[-90.0859,32.3995],[-90.0942,32.412],[-90.1063,32.414],[-90.1063,32.4271],[-90.1438,32.4282],[-90.1477,32.4096],[-90.159,32.4119],[-90.1766,32.4002],[-90.2181,32.4001],[-90.2181,32.385],[-90.2269,32.385],[-90.2272,32.3816]]]},"properties":{"geoid":"28072","state":"28","district":"72","name":"State House District 72","chamber":"House"}},{"type":"Feature","geometry":{"type":"Polygon","coordinates":[[[-90.2456,32.4899],[-90.2438,32.4001],[-90.1766,32.4002],[-90.159,32.4119],[-90.1477,32.4096],[-90.1438,32.4282],[-90.1063,32.4271],[-90.1064,32.4505],[-90.0892,32.4488],[-90.0924,32.4753],[-90.1018,32.48],[-90.0979,32.4878],[-90.1076,32.497],[-90.117,32.4884],[-90.127,32.4918],[-90.13,32.4877],[-90.1397,32.4878],[-90.1391,32.4978],[-90.1807,32.4944],[-90.1848,32.508],[-90.1911,32.5021],[-90.205,32.5023],[-90.205,32.4923],[-90.2374,32.4975],[-90.2456,32.4899]]]},"properties":{"geoid":"28073","state":"28","district":"73","name":"State House District 73","chamber":"House"}},{"type":"Feature","geometry":{"type":"Polygon","coordinates":[[[-90.0647,32.3332],[-90.0582,32.3346],[-90.0336,32.3202],[-90.0381,32.2838],[-90.0053,32.2815],[-90.0055,32.3057],[-89.992,32.3061],[-89.9942,32.3129],[-89.9705,32.3128],[-89.9708,32.2914],[-89.9191,32.2874],[-89.9182,32.2783],[-89.9009,32.2832],[-89.8787,32.2795],[-89.849,32.286],[-89.8168,32.2973],[-89.8043,32.2969],[-89.8029,32.3059],[-89.8048,32.3278],[-89.8209,32.3332],[-89.828,32.35],[-89.8549,32.3531],[-89.8582,32.3553],[-89.8554,32.362],[-89.8709,32.3642],[-89.8757,32.3694],[-89.8808,32.3964],[-89.8852,32.3963],[-89.8856,32.3814],[-89.9195,32.3821],[-89.923,32.3739],[-89.9548,32.388],[-89.9927,32.3626],[-90.0356,32.3498],[-90.0326,32.3534],[-90.0381,32.3594],[-90.0579,32.3599],[-90.0646,32.3489],[-90.0647,32.3332]]]},"properties":{"geoid":"28074","state":"28","district":"74","name":"State House District 74","chamber":"House"}},{"type":"Feature","geometry":{"type":"Polygon","coordinates":[[[-90.0727,32.4909],[-90.0727,32.4504],[-90.0683,32.4387],[-90.0575,32.4351],[-90.0555,32.4397],[-90.0407,32.4417],[-90.0365,32.4466],[-90.0409,32.4495],[-90.0208,32.4722],[-90.0209,32.4214],[-89.9592,32.4212],[-89.9573,32.4118],[-89.9657,32.3995],[-89.9533,32.3995],[-89.9542,32.3866],[-89.9434,32.385],[-89.9387,32.3793],[-89.933,32.3812],[-89.9278,32.3746],[-89.9222,32.3744],[-89.9195,32.3821],[-89.8856,32.3814],[-89.8852,32.3963],[-89.8808,32.3964],[-89.8762,32.3701],[-89.8713,32.3644],[-89.8554,32.362],[-89.8582,32.3553],[-89.8549,32.3531],[-89.8282,32.3502],[-89.8209,32.3332],[-89.8048,32.3278],[-89.8043,32.2969],[-89.7569,32.2899],[-89.6844,32.3084],[-89.5874,32.3218],[-89.5412,32.3397],[-89.5417,32.3679],[-89.5645,32.3637],[-89.5597,32.382],[-89.5601,32.4184],[-89.6012,32.4215],[-89.6013,32.5025],[-89.6615,32.5031],[-89.6611,32.5766],[-89.7302,32.5772],[-89.7301,32.6851],[-89.7984,32.6419],[-89.799,32.6511],[-89.8131,32.6469],[-89.831,32.6315],[-89.8735,32.622],[-89.9362,32.6185],[-89.9362,32.5749],[-89.9949,32.575],[-89.9951,32.541],[-89.9781,32.5262],[-89.9944,32.5167],[-90.0718,32.5171],[-90.0727,32.4909]]]},"properties":{"geoid":"28075","state":"28","district":"75","name":"State House District 75","chamber":"House"}},{"type":"Feature","geometry":{"type":"Polygon","coordinates":[[[-90.7183,32.0484],[-90.7144,31.9776],[-90.7168,31.8446],[-90.5978,31.8442],[-90.5901,31.8284],[-90.5703,31.8281],[-90.5507,31.8216],[-90.594,31.6984],[-90.4196,31.7005],[-90.413,31.7041],[-90.4143,31.7122],[-90.4055,31.7122],[-90.4099,31.719],[-90.393,31.7191],[-90.393,31.7147],[-90.3762,31.7085],[-90.3806,31.7732],[-90.3121,31.7726],[-90.3132,31.8163],[-90.33,31.816],[-90.3302,31.8308],[-90.3629,31.8342],[-90.363,31.8602],[-90.3753,31.8599],[-90.3788,31.8664],[-90.3479,31.8656],[-90.3402,31.8744],[-90.2842,31.8904],[-90.2584,31.8767],[-90.2318,31.8702],[-90.1674,31.8739],[-90.1479,31.7463],[-90.1313,31.756],[-90.1231,31.752],[-90.1281,31.7697],[-90.1224,31.775],[-90.1197,31.768],[-90.1141,31.7682],[-90.1075,31.7777],[-90.1125,31.7913],[-90.1391,31.7889],[-90.1507,31.7999],[-90.1487,31.8078],[-90.136,31.819],[-90.1369,31.826],[-90.1296,31.8225],[-90.1273,31.8256],[-90.1364,31.8328],[-90.1446,31.8299],[-90.1592,31.8448],[-90.1389,31.8481],[-90.132,31.8583],[-90.1441,31.8911],[-90.1703,31.9045],[-90.1665,31.9264],[-90.1787,31.9427],[-90.183,31.9374],[-90.187,31.9416],[-90.1971,31.941],[-90.1919,31.9441],[-90.1928,31.9531],[-90.1938,31.9475],[-90.2798,31.9476],[-90.2795,31.962],[-90.348,31.9621],[-90.3482,31.973],[-90.3345,31.9732],[-90.3361,31.9791],[-90.3591,31.9852],[-90.3558,31.9914],[-90.3373,31.9878],[-90.338,32.0079],[-90.3077,32.0097],[-90.301,32.0496],[-90.2303,32.0497],[-90.2299,32.0581],[-90.2362,32.0657],[-90.2291,32.0683],[-90.2267,32.08],[-90.2358,32.0902],[-90.2268,32.0943],[-90.2459,32.0925],[-90.2474,32.0999],[-90.2416,32.0969],[-90.2367,32.1002],[-90.2465,32.1036],[-90.2513,32.1127],[-90.2429,32.1138],[-90.2483,32.1183],[-90.241,32.1217],[-90.2475,32.1352],[-90.243,32.1504],[-90.2548,32.1512],[-90.2417,32.1554],[-90.2442,32.1657],[-90.2692,32.1658],[-90.3197,32.0682],[-90.3387,32.0497],[-90.7183,32.0484]]]},"properties":{"geoid":"28076","state":"28","district":"76","name":"State House District 76","chamber":"House"}},{"type":"Feature","geometry":{"type":"Polygon","coordinates":[[[-90.2242,31.9966],[-90.2226,31.9886],[-90.2059,31.9878],[-90.207,31.976],[-90.1971,31.9656],[-90.1981,31.9579],[-90.1875,31.9518],[-90.1894,31.949],[-90.1929,31.9532],[-90.1919,31.9441],[-90.1983,31.9419],[-90.183,31.9374],[-90.1787,31.9427],[-90.1665,31.9264],[-90.1698,31.9176],[-90.0056,31.9177],[-90.0053,31.947],[-89.965,31.9455],[-89.949,31.9341],[-89.9565,31.9145],[-89.9645,31.9098],[-89.9609,31.8885],[-90.0397,31.8819],[-90.0424,31.7923],[-90.0354,31.789],[-89.9871,31.7865],[-89.9875,31.7967],[-89.9739,31.8064],[-89.9701,31.8208],[-89.9634,31.8273],[-89.9233,31.8267],[-89.9235,31.8132],[-89.913,31.8215],[-89.9014,31.8158],[-89.881,31.8224],[-89.8839,31.857],[-89.8057,31.8563],[-89.8062,31.8272],[-89.7056,31.8275],[-89.7249,31.8644],[-89.7324,31.8652],[-89.7324,31.8733],[-89.7211,31.8735],[-89.7206,31.8795],[-89.7267,31.8796],[-89.7267,31.8879],[-89.7141,31.8893],[-89.7131,31.8805],[-89.7079,31.8805],[-89.6931,31.8882],[-89.6853,31.8806],[-89.6793,31.884],[-89.6776,31.8768],[-89.6547,31.8768],[-89.6544,32.0137],[-89.6621,32.0472],[-89.7301,32.0471],[-89.7311,32.2219],[-89.8168,32.2218],[-89.8174,32.1491],[-89.7826,32.1492],[-89.781,32.1194],[-89.8686,32.1203],[-89.8689,32.1436],[-89.8851,32.1521],[-89.9106,32.179],[-89.9651,32.1807],[-89.9651,32.1623],[-90.0022,32.1664],[-90.0061,32.1753],[-90.0158,32.1811],[-90.038,32.1809],[-90.038,32.1646],[-90.0552,32.167],[-90.0701,32.1799],[-90.0702,32.1737],[-90.0875,32.1737],[-90.0857,32.1525],[-90.1052,32.146],[-90.089,32.1416],[-90.0798,32.1305],[-90.0592,32.1304],[-90.0565,32.1098],[-90.0322,32.0852],[-89.985,32.0494],[-90.1929,32.0496],[-90.1891,32.009],[-90.2008,32.0077],[-90.1985,32.0021],[-90.2242,31.9966]]]},"properties":{"geoid":"28077","state":"28","district":"77","name":"State House District 77","chamber":"House"}},{"type":"Feature","geometry":{"type":"Polygon","coordinates":[[[-89.5744,32.5764],[-89.5658,32.5563],[-89.5701,32.5389],[-89.5586,32.5138],[-89.5717,32.5077],[-89.5677,32.4926],[-89.5701,32.4836],[-89.5665,32.4808],[-89.4565,32.4798],[-89.4571,32.4751],[-89.4503,32.4716],[-89.4259,32.4714],[-89.4263,32.4651],[-89.4504,32.4596],[-89.4567,32.4504],[-89.4564,32.383],[-89.4114,32.3826],[-89.4351,32.3702],[-89.4353,32.3573],[-89.389,32.3527],[-89.3889,32.3275],[-89.4568,32.3244],[-89.4565,32.2234],[-89.1858,32.2238],[-89.1858,32.2676],[-89.2028,32.2673],[-89.203,32.3545],[-89.2201,32.3545],[-89.2201,32.3907],[-89.1991,32.3934],[-89.185,32.3824],[-89.1696,32.3577],[-89.1647,32.3614],[-89.1264,32.3619],[-89.1226,32.369],[-89.1116,32.3693],[-89.1189,32.3827],[-89.1133,32.4154],[-89.0906,32.4175],[-89.0811,32.4101],[-89.0749,32.3838],[-89.0585,32.3837],[-89.0488,32.3778],[-89.0401,32.3808],[-89.0428,32.3912],[-89.0322,32.3928],[-89.0377,32.3989],[-89,32.3985],[-89,32.4564],[-88.9838,32.4563],[-88.9864,32.4592],[-88.9811,32.4631],[-88.9744,32.4876],[-88.9839,32.5069],[-88.9833,32.5208],[-88.966,32.5305],[-88.966,32.5767],[-89.3684,32.5763],[-89.3697,32.6204],[-89.4036,32.6197],[-89.4037,32.6491],[-89.3179,32.6492],[-89.3183,32.7095],[-89.4049,32.7091],[-89.4083,32.6983],[-89.4031,32.6979],[-89.4087,32.686],[-89.4373,32.6754],[-89.4394,32.6673],[-89.4506,32.6645],[-89.4463,32.6535],[-89.4584,32.6617],[-89.4713,32.6548],[-89.4696,32.6509],[-89.4801,32.6395],[-89.5058,32.6308],[-89.4946,32.6161],[-89.4947,32.6084],[-89.4884,32.6062],[-89.4875,32.5947],[-89.4746,32.5916],[-89.4721,32.5764],[-89.5744,32.5764]]]},"properties":{"geoid":"28078","state":"28","district":"78","name":"State House District 78","chamber":"House"}},{"type":"Feature","geometry":{"type":"Polygon","coordinates":[[[-89.8638,32.2827],[-89.8502,32.2542],[-89.7996,32.2514],[-89.7999,32.2218],[-89.7311,32.2219],[-89.7301,32.0471],[-89.6621,32.0472],[-89.6544,32.0137],[-89.653,31.7807],[-89.1982,31.8093],[-89.1984,31.8281],[-89.2154,31.8279],[-89.2155,31.8571],[-89.1983,31.8571],[-89.1939,31.8748],[-89.2014,31.8748],[-89.2014,31.8892],[-89.2527,31.889],[-89.253,31.9255],[-89.2623,31.9446],[-89.2534,31.9466],[-89.2534,31.9617],[-89.289,31.9616],[-89.2887,31.9822],[-89.292,31.9783],[-89.3083,31.983],[-89.3218,31.9632],[-89.3227,32.2235],[-89.4565,32.2234],[-89.4568,32.3244],[-89.3889,32.3275],[-89.389,32.3527],[-89.4353,32.3573],[-89.4351,32.3702],[-89.4614,32.3635],[-89.5158,32.362],[-89.5363,32.357],[-89.5412,32.3397],[-89.5874,32.3218],[-89.6844,32.3084],[-89.7578,32.2898],[-89.8158,32.2975],[-89.8638,32.2827]]]},"properties":{"geoid":"28079","state":"28","district":"79","name":"State House District 79","chamber":"House"}},{"type":"Feature","geometry":{"type":"Polygon","coordinates":[[[-89.1659,31.6642],[-89.1601,31.6592],[-89.1431,31.6604],[-89.1389,31.6562],[-89.1309,31.6597],[-89.1308,31.6672],[-89.1159,31.6782],[-89.122,31.6841],[-89.12,31.6886],[-89.1131,31.6881],[-89.1127,31.6833],[-89.1094,31.6974],[-89.09,31.7018],[-89.093,31.7079],[-89.0846,31.726],[-89.0115,31.7263],[-89.0114,31.7844],[-88.9432,31.7842],[-88.9434,31.8246],[-88.7634,31.8359],[-88.6224,31.8572],[-88.561,31.8727],[-88.5523,31.8842],[-88.5479,31.9031],[-88.5509,31.9175],[-88.566,31.9279],[-88.6056,31.9272],[-88.6109,31.9211],[-88.6376,31.9113],[-88.6724,31.9067],[-88.6783,31.9019],[-88.6766,31.8978],[-88.6838,31.8949],[-88.6802,31.8845],[-88.6882,31.8814],[-88.6962,31.886],[-88.6916,31.8874],[-88.6941,31.901],[-88.688,31.9026],[-88.6892,31.9126],[-88.7003,31.9156],[-88.6923,31.917],[-88.6874,31.9249],[-88.6835,31.922],[-88.6773,31.9296],[-88.702,31.9499],[-88.7006,31.9639],[-88.7837,31.9638],[-88.7832,31.9205],[-88.8001,31.9205],[-88.8004,31.935],[-88.9116,31.9344],[-88.9117,31.9628],[-88.8605,31.9633],[-88.8612,32.0013],[-88.8703,32.0031],[-88.8498,32.0447],[-88.8707,32.0497],[-88.8737,32.0595],[-88.8935,32.0722],[-88.8902,32.1047],[-88.9135,32.1089],[-88.9129,32.0494],[-89.0333,32.0496],[-89.0372,32.0304],[-89.0424,32.0278],[-89.0477,32.0137],[-89.0605,32.0096],[-89.065,31.9981],[-89.0651,31.9923],[-89.051,31.9779],[-89.0553,31.9622],[-89.0654,31.9622],[-89.0654,31.9561],[-89.0831,31.9535],[-89.0909,31.965],[-89.1074,31.9651],[-89.0885,31.9342],[-89.0935,31.9292],[-89.1162,31.9354],[-89.1163,31.8792],[-89.1069,31.881],[-89.1041,31.8772],[-89.106,31.86],[-89.0966,31.8569],[-89.0946,31.8449],[-89.0796,31.8424],[-89.0794,31.8166],[-89.0832,31.8163],[-89.0728,31.8097],[-89.0747,31.7984],[-89.0713,31.7956],[-89.0795,31.7804],[-89.0786,31.7714],[-89.087,31.7674],[-89.0832,31.7626],[-89.085,31.7518],[-89.1175,31.726],[-89.1218,31.7269],[-89.1274,31.743],[-89.1305,31.7698],[-89.1558,31.7697],[-89.1547,31.7532],[-89.1351,31.7217],[-89.1346,31.7042],[-89.1263,31.7042],[-89.125,31.6971],[-89.1282,31.6923],[-89.1386,31.6957],[-89.1411,31.7078],[-89.149,31.7114],[-89.1467,31.6944],[-89.1638,31.6928],[-89.1659,31.6642]]]},"properties":{"geoid":"28080","state":"28","district":"80","name":"State House District 80","chamber":"House"}},{"type":"Feature","geometry":{"type":"Polygon","coordinates":[[[-89.2203,32.3766],[-89.2201,32.3545],[-89.203,32.3545],[-89.2029,32.3232],[-89.1597,32.3196],[-89.143,32.3408],[-89.0639,32.3479],[-89.0372,32.3437],[-88.9654,32.3437],[-88.9651,32.2677],[-88.9822,32.2677],[-88.9819,32.2241],[-88.6234,32.2264],[-88.6228,32.1538],[-88.6094,32.1539],[-88.6093,32.1404],[-88.6039,32.1393],[-88.6037,32.1107],[-88.5273,32.1106],[-88.5269,32.1292],[-88.5193,32.1293],[-88.5172,32.1408],[-88.4429,32.1366],[-88.41,32.3993],[-88.4681,32.3993],[-88.4714,32.4424],[-88.6043,32.443],[-88.6056,32.4131],[-88.6322,32.4135],[-88.6326,32.3941],[-88.6515,32.3928],[-88.6672,32.3819],[-88.6746,32.3818],[-88.6934,32.3647],[-88.6875,32.3557],[-88.7012,32.3491],[-88.7011,32.3415],[-88.7364,32.3413],[-88.7365,32.3307],[-88.7459,32.3307],[-88.7564,32.3124],[-88.7616,32.3125],[-88.7619,32.3459],[-88.7756,32.344],[-88.7897,32.3256],[-88.803,32.3415],[-88.8125,32.3424],[-88.8126,32.3555],[-88.7998,32.3569],[-88.8105,32.36],[-88.8238,32.3765],[-88.8392,32.3792],[-88.8384,32.3925],[-88.8308,32.399],[-88.7625,32.3991],[-88.7626,32.4139],[-88.7358,32.414],[-88.7357,32.4209],[-88.7614,32.4209],[-88.7618,32.4427],[-88.776,32.4427],[-88.7792,32.4516],[-88.7928,32.4581],[-88.79,32.4614],[-88.7965,32.4711],[-88.7964,32.4569],[-88.8104,32.4562],[-88.8177,32.4646],[-88.8296,32.4642],[-88.8294,32.4527],[-88.8481,32.4705],[-88.9154,32.4864],[-88.9151,32.3987],[-89.0377,32.3989],[-89.0322,32.3928],[-89.0428,32.3912],[-89.0401,32.3808],[-89.0488,32.3778],[-89.0585,32.3837],[-89.0749,32.3838],[-89.0811,32.4101],[-89.0906,32.4175],[-89.1133,32.4154],[-89.1189,32.3827],[-89.1116,32.3693],[-89.1226,32.369],[-89.1264,32.3619],[-89.1647,32.3614],[-89.1696,32.3577],[-89.185,32.3824],[-89.2005,32.3942],[-89.2201,32.3907],[-89.2203,32.3766]]]},"properties":{"geoid":"28081","state":"28","district":"81","name":"State House District 81","chamber":"House"}},{"type":"Feature","geometry":{"type":"Polygon","coordinates":[[[-88.8392,32.3793],[-88.8238,32.3765],[-88.8105,32.36],[-88.7998,32.3569],[-88.8126,32.3555],[-88.8125,32.3424],[-88.803,32.3415],[-88.7897,32.3256],[-88.7756,32.344],[-88.7619,32.3459],[-88.7616,32.3125],[-88.7564,32.3124],[-88.7459,32.3307],[-88.7365,32.3307],[-88.7364,32.3413],[-88.7011,32.3415],[-88.7012,32.3491],[-88.6875,32.3557],[-88.6934,32.3647],[-88.681,32.3726],[-88.6801,32.3786],[-88.7013,32.3898],[-88.7011,32.3977],[-88.7051,32.3977],[-88.7019,32.4046],[-88.7145,32.4045],[-88.7239,32.4115],[-88.7198,32.3968],[-88.7336,32.3934],[-88.7473,32.3934],[-88.7527,32.3992],[-88.8308,32.399],[-88.8384,32.3925],[-88.8392,32.3793]]]},"properties":{"geoid":"28082","state":"28","district":"82","name":"State House District 82","chamber":"House"}},{"type":"Feature","geometry":{"type":"Polygon","coordinates":[[[-89.0001,32.4396],[-89,32.3985],[-88.9151,32.3987],[-88.9154,32.4864],[-88.8481,32.4705],[-88.8294,32.4527],[-88.8296,32.4642],[-88.8177,32.4646],[-88.8104,32.4562],[-88.7964,32.4569],[-88.7965,32.4711],[-88.79,32.4614],[-88.7928,32.4581],[-88.7792,32.4516],[-88.776,32.4427],[-88.7618,32.4427],[-88.7614,32.4209],[-88.7357,32.4209],[-88.7358,32.414],[-88.7626,32.4139],[-88.7625,32.3991],[-88.7527,32.3992],[-88.7444,32.3928],[-88.7212,32.3956],[-88.7239,32.4115],[-88.7145,32.4045],[-88.7019,32.4046],[-88.7051,32.3977],[-88.6993,32.3925],[-88.681,32.3941],[-88.6789,32.4137],[-88.658,32.4177],[-88.6581,32.4285],[-88.6711,32.4285],[-88.6713,32.4355],[-88.6622,32.4358],[-88.6621,32.4398],[-88.6721,32.4396],[-88.6712,32.4429],[-88.6455,32.4429],[-88.6368,32.4502],[-88.6293,32.4502],[-88.6258,32.4684],[-88.6141,32.4682],[-88.5508,32.51],[-88.5648,32.5159],[-88.5797,32.506],[-88.5761,32.5392],[-88.6058,32.5455],[-88.6055,32.5777],[-88.6785,32.5775],[-88.6831,32.6189],[-88.7068,32.6283],[-88.7126,32.6355],[-88.7946,32.6357],[-88.7946,32.6796],[-88.8287,32.6797],[-88.8288,32.7083],[-88.9153,32.7087],[-88.9145,32.577],[-88.966,32.5767],[-88.9662,32.5293],[-88.9739,32.5295],[-88.9842,32.5155],[-88.9839,32.5068],[-88.976,32.4958],[-88.9765,32.4761],[-88.9864,32.4592],[-88.9838,32.4563],[-89,32.4564],[-89.0001,32.4396]]]},"properties":{"geoid":"28083","state":"28","district":"83","name":"State House District 83","chamber":"House"}},{"type":"Feature","geometry":{"type":"Polygon","coordinates":[[[-89.3227,32.1995],[-89.3218,31.9632],[-89.3083,31.983],[-89.292,31.9783],[-89.2887,31.9822],[-89.289,31.9616],[-89.2534,31.9617],[-89.2534,31.9466],[-89.2623,31.9446],[-89.253,31.9255],[-89.2527,31.889],[-89.2014,31.8892],[-89.2014,31.8748],[-89.1939,31.8748],[-89.1983,31.8571],[-89.2155,31.8571],[-89.2154,31.8279],[-89.1984,31.8281],[-89.1982,31.8092],[-89.0794,31.8166],[-89.0796,31.8424],[-89.0946,31.8449],[-89.0966,31.8569],[-89.106,31.86],[-89.1041,31.8772],[-89.1069,31.881],[-89.1163,31.8792],[-89.1162,31.9354],[-89.0935,31.9292],[-89.0885,31.9342],[-89.1074,31.9651],[-89.0909,31.965],[-89.0831,31.9535],[-89.0654,31.9561],[-89.0654,31.9622],[-89.0553,31.9622],[-89.051,31.9779],[-89.0651,31.9923],[-89.065,31.9981],[-89.0605,32.0096],[-89.0477,32.0137],[-89.0424,32.0278],[-89.0372,32.0304],[-89.0333,32.0496],[-88.9129,32.0494],[-88.9133,32.1089],[-88.8902,32.1047],[-88.8935,32.0722],[-88.8737,32.0595],[-88.8707,32.0497],[-88.8498,32.0447],[-88.8703,32.0031],[-88.8612,32.0013],[-88.8605,31.9633],[-88.9117,31.9628],[-88.9116,31.9344],[-88.8004,31.935],[-88.8001,31.9205],[-88.7832,31.9205],[-88.7837,31.9638],[-88.7006,31.9639],[-88.702,31.9499],[-88.6773,31.9296],[-88.6835,31.922],[-88.6874,31.9249],[-88.6923,31.917],[-88.7003,31.9156],[-88.6892,31.9126],[-88.6875,31.905],[-88.694,31.9013],[-88.6941,31.883],[-88.6804,31.8841],[-88.6838,31.8949],[-88.6766,31.8978],[-88.6783,31.9019],[-88.6724,31.9068],[-88.6377,31.9112],[-88.6109,31.9211],[-88.6056,31.9272],[-88.5869,31.9305],[-88.566,31.9279],[-88.5509,31.9175],[-88.5479,31.9035],[-88.5522,31.8843],[-88.5617,31.8721],[-88.4732,31.8939],[-88.4431,32.1372],[-88.5172,32.1408],[-88.5193,32.1293],[-88.5269,32.1292],[-88.5273,32.1106],[-88.6037,32.1107],[-88.6039,32.1393],[-88.6093,32.1404],[-88.6094,32.1539],[-88.6228,32.1538],[-88.6234,32.2264],[-88.9819,32.2241],[-88.9822,32.2677],[-88.9651,32.2677],[-88.9654,32.3437],[-89.0372,32.3437],[-89.0625,32.3479],[-89.143,32.3408],[-89.1597,32.3196],[-89.2029,32.3232],[-89.2028,32.2673],[-89.1858,32.2676],[-89.1858,32.2238],[-89.3227,32.2235],[-89.3227,32.1995]]]},"properties":{"geoid":"28084","state":"28","district":"84","name":"State House District 84","chamber":"House"}},{"type":"Feature","geometry":{"type":"Polygon","coordinates":[[[-91.2462,31.8709],[-91.0122,31.8615],[-91.0199,31.8443],[-91.0429,31.8307],[-91.0571,31.7925],[-91.0453,31.7704],[-91.0345,31.7699],[-91.032,31.7618],[-91.0204,31.7565],[-91.0303,31.745],[-91.0329,31.7247],[-91.0347,31.7285],[-91.062,31.7283],[-91.0698,31.7149],[-91.0668,31.7108],[-91.072,31.7109],[-91.1228,31.6693],[-91.1232,31.6589],[-91.132,31.6448],[-91.1259,31.6225],[-91.1274,31.6102],[-91.049,31.6105],[-91.0438,31.5909],[-91.0338,31.5787],[-91.0634,31.5734],[-91.0509,31.5529],[-91.0373,31.5455],[-91.0364,31.5349],[-91.0236,31.53],[-91.0228,31.5208],[-91.0334,31.5079],[-91.025,31.5088],[-91.0249,31.4991],[-90.9993,31.4934],[-91.0053,31.4796],[-90.9991,31.4716],[-91.0037,31.4646],[-90.9995,31.4645],[-90.9994,31.4497],[-90.919,31.4501],[-90.9102,31.445],[-90.9168,31.439],[-90.9125,31.4323],[-90.9258,31.4202],[-90.9167,31.3981],[-90.9397,31.3854],[-90.9519,31.3858],[-90.9495,31.3677],[-90.9633,31.3694],[-90.9673,31.3512],[-90.9794,31.3559],[-90.983,31.3487],[-90.7708,31.3496],[-90.7707,31.3637],[-90.778,31.3637],[-90.777,31.3778],[-90.7873,31.3776],[-90.787,31.3927],[-90.8209,31.3927],[-90.8213,31.4619],[-90.7977,31.4841],[-90.7847,31.4729],[-90.7716,31.4746],[-90.7367,31.4583],[-90.7372,31.5389],[-90.7281,31.5388],[-90.7281,31.5969],[-90.7365,31.6],[-90.7265,31.6112],[-90.7373,31.6111],[-90.7356,31.8155],[-90.733,31.83],[-90.7168,31.8446],[-90.7144,31.9776],[-90.7266,32.2366],[-90.7396,32.2387],[-90.7518,32.2477],[-90.7635,32.2436],[-90.7649,32.2292],[-90.7841,32.228],[-90.8053,32.2404],[-90.8108,32.2535],[-90.8303,32.2499],[-90.8402,32.26],[-90.8665,32.266],[-90.872,32.2576],[-90.8811,32.2567],[-90.8797,32.2489],[-90.8859,32.2361],[-90.8814,32.2232],[-90.8856,32.2174],[-90.9147,32.2262],[-90.9202,32.2326],[-90.9137,32.2411],[-90.9217,32.2496],[-90.9226,32.2459],[-90.9288,32.2476],[-90.944,32.2145],[-90.9671,32.2114],[-90.9754,32.199],[-90.9997,32.1911],[-91.005,32.2128],[-91.0029,32.2231],[-91.039,32.2423],[-91.0503,32.2379],[-91.0614,32.2186],[-91.0711,32.2261],[-91.0837,32.2265],[-91.113,32.2065],[-91.1318,32.2137],[-91.1606,32.2002],[-91.1746,32.1573],[-91.1717,32.1442],[-91.1628,32.1327],[-91.111,32.1246],[-91.1012,32.1311],[-91.0816,32.134],[-91.0536,32.1244],[-91.0485,32.1502],[-91.0589,32.1712],[-91.0583,32.181],[-91.025,32.1626],[-91.0029,32.1621],[-91.0041,32.1462],[-91.0158,32.1268],[-91.0309,32.1206],[-91.0352,32.1005],[-91.0811,32.0784],[-91.0809,32.0479],[-91.1037,32.0503],[-91.1357,32.0807],[-91.1458,32.0812],[-91.1574,32.0742],[-91.162,32.0619],[-91.1538,32.0507],[-91.0914,32.0361],[-91.0759,32.0168],[-91.1048,31.9901],[-91.1635,31.9828],[-91.1763,31.9743],[-91.1883,31.961],[-91.1932,31.9357],[-91.1847,31.9351],[-91.1806,31.918],[-91.2028,31.908],[-91.2462,31.8709]]]},"properties":{"geoid":"28085","state":"28","district":"85","name":"State House District 85","chamber":"House"}},{"type":"Feature","geometry":{"type":"Polygon","coordinates":[[[-89.0324,31.4105],[-89.0259,31.4035],[-89.0022,31.4003],[-89.0118,31.3978],[-89.0156,31.3892],[-89.0062,31.3799],[-89.0105,31.3581],[-88.962,31.3582],[-88.9469,31.3495],[-88.9358,31.3499],[-88.9364,31.3414],[-88.9265,31.338],[-88.9174,31.3176],[-88.9014,31.3175],[-88.8998,31.2967],[-88.8869,31.2943],[-88.8844,31.2842],[-88.8783,31.28],[-88.8662,31.2867],[-88.8654,31.2741],[-88.8544,31.2695],[-88.8412,31.2678],[-88.8413,31.4337],[-88.6744,31.434],[-88.6721,31.4256],[-88.6976,31.4064],[-88.6864,31.3866],[-88.6554,31.3943],[-88.6526,31.3834],[-88.633,31.3794],[-88.6228,31.3629],[-88.624,31.3482],[-88.6392,31.3396],[-88.6447,31.3423],[-88.6495,31.3381],[-88.6642,31.3477],[-88.6719,31.3419],[-88.6604,31.3337],[-88.6597,31.3284],[-88.673,31.3163],[-88.6713,31.311],[-88.6548,31.3215],[-88.6379,31.2885],[-88.4413,31.29],[-88.4732,31.8939],[-88.6224,31.8572],[-88.7146,31.843],[-88.7634,31.8359],[-88.9434,31.8246],[-88.9435,31.4335],[-89.0134,31.4336],[-89.0324,31.4105]]]},"properties":{"geoid":"28086","state":"28","district":"86","name":"State House District 86","chamber":"House"}},{"type":"Feature","geometry":{"type":"Polygon","coordinates":[[[-89.6544,31.4085],[-89.6544,31.4047],[-89.6388,31.4047],[-89.6102,31.3801],[-89.5856,31.3463],[-89.6029,31.3463],[-89.6028,31.3172],[-89.6204,31.3172],[-89.6201,31.3027],[-89.6344,31.3027],[-89.6336,31.288],[-89.6538,31.2831],[-89.654,31.2297],[-89.4551,31.2297],[-89.443,31.2101],[-89.4374,31.1879],[-89.4298,31.1802],[-89.4208,31.1819],[-89.4172,31.1748],[-89.4043,31.1779],[-89.406,31.1627],[-89.3945,31.1622],[-89.3768,31.1901],[-89.3664,31.1844],[-89.363,31.1749],[-89.3489,31.1663],[-89.349,31.1357],[-89.3418,31.139],[-89.3333,31.1558],[-89.316,31.1464],[-89.3142,31.1528],[-89.2918,31.1573],[-89.2846,31.166],[-89.2956,31.1729],[-89.2903,31.1857],[-89.2514,31.1859],[-89.2751,31.2425],[-89.3129,31.2377],[-89.3442,31.2464],[-89.3377,31.2591],[-89.3479,31.2592],[-89.3479,31.325],[-89.3563,31.3244],[-89.3559,31.3039],[-89.3713,31.2991],[-89.399,31.3112],[-89.4105,31.3109],[-89.4157,31.2818],[-89.4122,31.2712],[-89.4217,31.2715],[-89.4279,31.2616],[-89.4374,31.2626],[-89.4444,31.253],[-89.4586,31.2488],[-89.4708,31.29],[-89.472,31.3129],[-89.485,31.3084],[-89.4846,31.3357],[-89.4977,31.3464],[-89.4684,31.3464],[-89.4684,31.3611],[-89.451,31.3611],[-89.4516,31.434],[-89.6542,31.4338],[-89.6544,31.4085]]]},"properties":{"geoid":"28087","state":"28","district":"87","name":"State House District 87","chamber":"House"}},{"type":"Feature","geometry":{"type":"Polygon","coordinates":[[[-89.4005,31.6862],[-89.3995,31.5075],[-89.3115,31.5069],[-89.3013,31.4954],[-89.3082,31.4921],[-89.3057,31.4793],[-89.3143,31.4801],[-89.3,31.471],[-89.299,31.4341],[-88.9435,31.4335],[-88.9432,31.7842],[-89.0114,31.7844],[-89.0115,31.7263],[-89.0846,31.726],[-89.093,31.7079],[-89.09,31.7018],[-89.1094,31.6974],[-89.1127,31.6833],[-89.1131,31.6881],[-89.12,31.6886],[-89.122,31.6841],[-89.1159,31.6782],[-89.1308,31.6672],[-89.1307,31.6599],[-89.1389,31.6562],[-89.1531,31.6605],[-89.1669,31.6433],[-89.173,31.6348],[-89.1659,31.6328],[-89.1742,31.6239],[-89.147,31.6238],[-89.147,31.521],[-89.2472,31.521],[-89.2477,31.5737],[-89.2748,31.5364],[-89.3103,31.536],[-89.3074,31.5445],[-89.3157,31.5467],[-89.3211,31.5633],[-89.316,31.5744],[-89.3199,31.5893],[-89.3277,31.5898],[-89.3305,31.595],[-89.3265,31.5969],[-89.3306,31.6002],[-89.3228,31.6062],[-89.3246,31.6089],[-89.234,31.609],[-89.2318,31.6236],[-89.2149,31.6238],[-89.215,31.6384],[-89.2818,31.638],[-89.2821,31.7113],[-89.2482,31.7117],[-89.2483,31.7697],[-89.1871,31.7703],[-89.1893,31.7749],[-89.1834,31.7833],[-89.1951,31.7925],[-89.2008,31.8091],[-89.3502,31.7999],[-89.3496,31.6817],[-89.3926,31.6817],[-89.4005,31.6862]]]},"properties":{"geoid":"28088","state":"28","district":"88","name":"State House District 88","chamber":"House"}},{"type":"Feature","geometry":{"type":"Polygon","coordinates":[[[-89.3306,31.6002],[-89.327,31.5991],[-89.3305,31.5953],[-89.3278,31.5898],[-89.3199,31.5893],[-89.316,31.5744],[-89.3211,31.5633],[-89.3157,31.5467],[-89.3074,31.5445],[-89.3103,31.536],[-89.2748,31.5364],[-89.2477,31.5737],[-89.2472,31.521],[-89.147,31.521],[-89.147,31.6238],[-89.1742,31.6239],[-89.1659,31.6329],[-89.173,31.6348],[-89.1531,31.6604],[-89.1601,31.6592],[-89.166,31.6642],[-89.1638,31.6928],[-89.1467,31.6944],[-89.149,31.7114],[-89.1411,31.7078],[-89.1386,31.6957],[-89.1282,31.6923],[-89.125,31.7003],[-89.1263,31.7042],[-89.1346,31.7042],[-89.1351,31.7217],[-89.1547,31.7532],[-89.1558,31.7697],[-89.1305,31.7698],[-89.1274,31.743],[-89.1218,31.7269],[-89.1175,31.726],[-89.085,31.7518],[-89.0832,31.7626],[-89.087,31.7674],[-89.0786,31.7714],[-89.0795,31.7804],[-89.0713,31.7958],[-89.0755,31.8135],[-89.0832,31.8163],[-89.2008,31.8091],[-89.1951,31.7925],[-89.1834,31.7833],[-89.1893,31.7749],[-89.1873,31.7701],[-89.2483,31.7697],[-89.2482,31.7117],[-89.2821,31.7113],[-89.2818,31.638],[-89.215,31.6384],[-89.2149,31.6238],[-89.2318,31.6236],[-89.2334,31.6091],[-89.3246,31.6089],[-89.3228,31.6062],[-89.3306,31.6002]]]},"properties":{"geoid":"28089","state":"28","district":"89","name":"State House District 89","chamber":"House"}},{"type":"Feature","geometry":{"type":"Polygon","coordinates":[[[-89.7558,31.6134],[-89.7556,31.6098],[-89.7308,31.6071],[-89.7355,31.5875],[-89.7292,31.5726],[-89.7338,31.5671],[-89.7218,31.5537],[-89.652,31.5522],[-89.6711,31.5374],[-89.671,31.4338],[-89.4516,31.434],[-89.4511,31.3464],[-89.399,31.3465],[-89.3923,31.3492],[-89.3926,31.3578],[-89.3868,31.3607],[-89.3757,31.3583],[-89.3736,31.3648],[-89.354,31.365],[-89.3466,31.3569],[-89.3365,31.3679],[-89.3431,31.3757],[-89.3511,31.375],[-89.3506,31.3794],[-89.3599,31.3858],[-89.3537,31.3905],[-89.3624,31.3886],[-89.3613,31.3966],[-89.3684,31.3955],[-89.3798,31.4102],[-89.3841,31.4083],[-89.382,31.4123],[-89.3945,31.4192],[-89.4039,31.434],[-89.299,31.4341],[-89.3,31.471],[-89.3143,31.4801],[-89.3057,31.4793],[-89.3082,31.4921],[-89.3013,31.4954],[-89.3115,31.5069],[-89.3995,31.5075],[-89.4005,31.6862],[-89.3926,31.6817],[-89.3496,31.6817],[-89.3502,31.7999],[-89.653,31.7807],[-89.6547,31.8768],[-89.6776,31.8768],[-89.6793,31.884],[-89.6853,31.8806],[-89.6931,31.8882],[-89.7079,31.8805],[-89.7131,31.8805],[-89.7141,31.8893],[-89.7267,31.8879],[-89.7267,31.8796],[-89.7206,31.8795],[-89.7211,31.8735],[-89.7324,31.8733],[-89.7324,31.8652],[-89.7249,31.8644],[-89.7056,31.8275],[-89.7551,31.8272],[-89.7551,31.7747],[-89.6805,31.7793],[-89.675,31.7657],[-89.6651,31.7566],[-89.6622,31.7541],[-89.6526,31.7601],[-89.6395,31.7435],[-89.653,31.7384],[-89.6582,31.7221],[-89.671,31.725],[-89.6708,31.7188],[-89.6826,31.7071],[-89.668,31.6883],[-89.6663,31.6784],[-89.6536,31.6783],[-89.6538,31.6675],[-89.6596,31.6675],[-89.6641,31.6584],[-89.6528,31.6405],[-89.6504,31.624],[-89.6729,31.6378],[-89.7556,31.642],[-89.7558,31.6134]]]},"properties":{"geoid":"28090","state":"28","district":"90","name":"State House District 90","chamber":"House"}},{"type":"Feature","geometry":{"type":"Polygon","coordinates":[[[-90.2452,31.7175],[-90.2284,31.7049],[-90.2072,31.7024],[-90.1854,31.7066],[-90.1764,31.703],[-90.1516,31.7074],[-90.1452,31.7006],[-90.1316,31.7002],[-90.1316,31.6938],[-90.1247,31.6947],[-90.1228,31.6875],[-90.1081,31.6857],[-90.1167,31.6778],[-90.1077,31.6592],[-90.115,31.658],[-90.1209,31.6635],[-90.1248,31.6544],[-90.1051,31.6464],[-90.1125,31.627],[-90.1298,31.6175],[-90.1347,31.6429],[-90.1598,31.6448],[-90.1597,31.6058],[-90.1657,31.603],[-90.1901,31.6172],[-90.2013,31.6169],[-90.2004,31.6229],[-90.2051,31.6253],[-90.223,31.6296],[-90.2448,31.6269],[-90.2447,31.5484],[-90.1829,31.5535],[-90.1801,31.5476],[-90.169,31.544],[-90.1679,31.5306],[-90.1544,31.5155],[-90.1431,31.511],[-90.1417,31.5052],[-90.1324,31.5063],[-90.1226,31.5149],[-90.0764,31.5062],[-90.0807,31.4896],[-90.0624,31.4776],[-90.0529,31.4769],[-90.0559,31.466],[-90.0654,31.4704],[-90.0679,31.4667],[-90.0557,31.4601],[-90.0497,31.4644],[-90.052,31.4561],[-90.0476,31.4493],[-90.0517,31.4427],[-90.0396,31.4469],[-90.0463,31.4375],[-90.0296,31.429],[-90.0155,31.4403],[-90.0035,31.4362],[-90.0105,31.431],[-90.0062,31.424],[-90.0145,31.4286],[-90.0159,31.4214],[-90.0121,31.4173],[-89.9974,31.4211],[-90.0096,31.4134],[-90.0037,31.4072],[-90.0064,31.4033],[-89.9995,31.4039],[-89.9965,31.4107],[-89.9891,31.4097],[-89.9908,31.3997],[-89.9756,31.4011],[-89.9733,31.3925],[-89.9645,31.3957],[-89.9663,31.3905],[-89.8233,31.39],[-89.8242,31.4341],[-89.671,31.4338],[-89.6711,31.5374],[-89.652,31.5522],[-89.7218,31.5537],[-89.7338,31.5671],[-89.7292,31.5726],[-89.7355,31.5875],[-89.7308,31.6071],[-89.7556,31.6098],[-89.7556,31.642],[-89.6729,31.6378],[-89.6504,31.624],[-89.6528,31.6405],[-89.6641,31.6584],[-89.6596,31.6675],[-89.6538,31.6675],[-89.6536,31.6783],[-89.6663,31.6784],[-89.668,31.6883],[-89.6826,31.7071],[-89.6708,31.7188],[-89.671,31.725],[-89.6582,31.7221],[-89.653,31.7384],[-89.6395,31.7435],[-89.6526,31.7601],[-89.6622,31.7541],[-89.6651,31.7566],[-89.675,31.7657],[-89.6805,31.7793],[-89.7551,31.7747],[-89.7551,31.8272],[-89.8062,31.8272],[-89.8057,31.8563],[-89.8839,31.857],[-89.881,31.8224],[-89.9014,31.8158],[-89.913,31.8215],[-89.9235,31.8132],[-89.9233,31.8267],[-89.9634,31.8273],[-89.9701,31.8208],[-89.9739,31.8064],[-89.9875,31.7967],[-89.9871,31.7865],[-90.0107,31.7859],[-90.0424,31.7923],[-90.0397,31.8819],[-89.9609,31.8885],[-89.9645,31.9098],[-89.9566,31.9144],[-89.9484,31.931],[-89.9643,31.9452],[-90.0053,31.947],[-90.0056,31.9177],[-90.1698,31.9176],[-90.1703,31.9045],[-90.1441,31.8911],[-90.132,31.8583],[-90.1389,31.8481],[-90.1592,31.8448],[-90.1446,31.8299],[-90.1364,31.8328],[-90.1273,31.8256],[-90.1296,31.8225],[-90.1369,31.826],[-90.136,31.819],[-90.1487,31.8078],[-90.1507,31.7999],[-90.1391,31.7889],[-90.1125,31.7913],[-90.1075,31.7777],[-90.1141,31.7682],[-90.1197,31.768],[-90.1224,31.775],[-90.1281,31.7697],[-90.1231,31.752],[-90.1313,31.756],[-90.1841,31.7315],[-90.2452,31.7175]]]},"properties":{"geoid":"28091","state":"28","district":"91","name":"State House District 91","chamber":"House"}},{"type":"Feature","geometry":{"type":"Polygon","coordinates":[[[-90.7374,31.6253],[-90.7373,31.6111],[-90.6332,31.6114],[-90.6331,31.4447],[-90.6184,31.4403],[-90.6164,31.4516],[-90.6114,31.4494],[-90.6117,31.4443],[-90.58,31.4358],[-90.5732,31.4551],[-90.5485,31.4515],[-90.5482,31.4479],[-90.5287,31.4425],[-90.5146,31.4436],[-90.5106,31.4368],[-90.5002,31.4339],[-90.4798,31.4376],[-90.4788,31.4211],[-90.4664,31.4115],[-90.4631,31.4226],[-90.4542,31.427],[-90.4479,31.4227],[-90.4424,31.4316],[-90.4477,31.4407],[-90.4421,31.4669],[-90.4454,31.4808],[-90.4281,31.4811],[-90.4294,31.5504],[-90.4348,31.5554],[-90.4445,31.5502],[-90.4453,31.5724],[-90.4544,31.5741],[-90.4525,31.5802],[-90.4449,31.583],[-90.4514,31.5862],[-90.4509,31.592],[-90.4433,31.5909],[-90.4452,31.6122],[-90.433,31.6367],[-90.4195,31.6417],[-90.4301,31.6124],[-90.4232,31.6117],[-90.4225,31.5927],[-90.4135,31.5958],[-90.4124,31.5708],[-90.399,31.583],[-90.3922,31.5831],[-90.3928,31.5774],[-90.3794,31.5782],[-90.3793,31.556],[-90.3711,31.5531],[-90.3385,31.5554],[-90.256,31.5483],[-90.2446,31.5488],[-90.2448,31.6269],[-90.223,31.6296],[-90.2051,31.6253],[-90.2004,31.6229],[-90.2013,31.6169],[-90.1901,31.6172],[-90.1657,31.603],[-90.1597,31.6058],[-90.1598,31.6448],[-90.1347,31.6429],[-90.1298,31.6175],[-90.1125,31.627],[-90.1051,31.6464],[-90.1248,31.6544],[-90.1209,31.6635],[-90.115,31.658],[-90.1077,31.6592],[-90.1167,31.6778],[-90.1081,31.6857],[-90.1228,31.6875],[-90.1247,31.6947],[-90.1316,31.6938],[-90.1316,31.7002],[-90.1452,31.7006],[-90.1516,31.7074],[-90.1764,31.703],[-90.1854,31.7066],[-90.2072,31.7024],[-90.2284,31.7049],[-90.2452,31.7162],[-90.2299,31.7237],[-90.1954,31.7279],[-90.1637,31.7441],[-90.1479,31.7463],[-90.1674,31.8739],[-90.2318,31.8702],[-90.2584,31.8767],[-90.2837,31.8905],[-90.3402,31.8744],[-90.3479,31.8656],[-90.3788,31.8664],[-90.3753,31.8599],[-90.363,31.8602],[-90.3629,31.8342],[-90.3302,31.8308],[-90.33,31.816],[-90.3132,31.8163],[-90.3121,31.7726],[-90.3806,31.7732],[-90.3762,31.7085],[-90.393,31.7147],[-90.393,31.7191],[-90.4099,31.719],[-90.4055,31.7122],[-90.4143,31.7122],[-90.413,31.7041],[-90.4196,31.7005],[-90.594,31.6984],[-90.5507,31.8216],[-90.5703,31.8281],[-90.5901,31.8284],[-90.5978,31.8442],[-90.7168,31.8446],[-90.733,31.83],[-90.7356,31.8155],[-90.7374,31.6253]]]},"properties":{"geoid":"28092","state":"28","district":"92","name":"State House District 92","chamber":"House"}},{"type":"Feature","geometry":{"type":"Polygon","coordinates":[[[-89.6472,30.5274],[-89.6471,30.5027],[-89.5992,30.5025],[-89.6002,30.4977],[-89.5712,30.5041],[-89.5449,30.4932],[-89.5278,30.4942],[-89.5278,30.5018],[-89.4431,30.5026],[-89.4431,30.4723],[-89.3906,30.4741],[-89.3831,30.4829],[-89.3814,30.4937],[-89.3997,30.5023],[-89.3941,30.5089],[-89.3951,30.528],[-89.3898,30.5351],[-89.3763,30.5397],[-89.3543,30.5263],[-89.3417,30.5013],[-89.3414,30.6477],[-89.2401,30.6476],[-89.2401,30.6772],[-89.1535,30.6784],[-89.1536,30.6824],[-89.1617,30.6854],[-89.1629,30.6928],[-89.1547,30.7007],[-89.1408,30.7024],[-89.1421,30.7093],[-89.1388,30.7092],[-89.1461,30.7262],[-89.1448,30.7554],[-89.1381,30.7729],[-89.1404,30.7799],[-89.136,30.7838],[-89.138,30.8371],[-89.133,30.8372],[-89.1356,30.8446],[-89.1129,30.8489],[-89.1131,30.8591],[-89.1211,30.8542],[-89.1296,30.8577],[-89.1291,30.8537],[-89.1378,30.854],[-89.1386,30.8626],[-89.1646,30.8851],[-89.1711,30.9099],[-89.3408,30.9099],[-89.3409,30.8576],[-89.4724,30.8473],[-89.4654,30.8355],[-89.4552,30.83],[-89.4528,30.8219],[-89.437,30.8099],[-89.4483,30.8081],[-89.4589,30.7947],[-89.4696,30.7932],[-89.4757,30.7944],[-89.4784,30.8083],[-89.5174,30.8065],[-89.5235,30.75],[-89.55,30.7264],[-89.5614,30.7024],[-89.5614,30.6918],[-89.5442,30.6917],[-89.5443,30.6632],[-89.5821,30.6568],[-89.64,30.5615],[-89.6183,30.6003],[-89.6091,30.5964],[-89.5972,30.5756],[-89.6319,30.5424],[-89.6368,30.5272],[-89.6472,30.5274]]]},"properties":{"geoid":"28093","state":"28","district":"93","name":"State House District 93","chamber":"House"}},{"type":"Feature","geometry":{"type":"Polygon","coordinates":[[[-91.5179,31.6186],[-91.5028,31.5957],[-91.4852,31.5862],[-91.462,31.5867],[-91.4267,31.597],[-91.4071,31.592],[-91.4039,31.5889],[-91.4078,31.5696],[-91.3981,31.5594],[-91.4014,31.5558],[-91.3905,31.5483],[-91.3959,31.5405],[-91.3843,31.5393],[-91.3771,31.5284],[-91.3786,31.5367],[-91.3699,31.55],[-91.3618,31.5414],[-91.374,31.533],[-91.3718,31.5251],[-91.3378,31.5161],[-91.3404,31.49],[-91.3436,31.4896],[-91.3321,31.4719],[-91.3029,31.4868],[-91.2973,31.4953],[-91.2898,31.4929],[-91.3074,31.5123],[-91.2862,31.512],[-91.2627,31.4977],[-91.2628,31.4698],[-91.2245,31.4333],[-91.2106,31.4527],[-91.2165,31.458],[-91.2095,31.4685],[-91.1697,31.4405],[-91.1589,31.425],[-91.1561,31.4362],[-91.008,31.4364],[-91.0077,31.4646],[-90.999,31.4701],[-91.0052,31.4794],[-91.004,31.4901],[-90.9993,31.4934],[-91.0249,31.4991],[-91.025,31.5088],[-91.0334,31.5079],[-91.0228,31.5208],[-91.0236,31.53],[-91.0364,31.5349],[-91.0373,31.5455],[-91.0509,31.5529],[-91.0634,31.5734],[-91.0338,31.5787],[-91.0438,31.5909],[-91.049,31.6105],[-91.1274,31.6102],[-91.1259,31.6225],[-91.132,31.6364],[-91.1228,31.6693],[-91.072,31.7109],[-91.0668,31.7108],[-91.0698,31.7149],[-91.062,31.7283],[-91.0347,31.7285],[-91.0329,31.7247],[-91.0303,31.745],[-91.0204,31.7565],[-91.032,31.7618],[-91.0345,31.7699],[-91.0453,31.7704],[-91.0571,31.7925],[-91.0429,31.8307],[-91.0199,31.8443],[-91.0122,31.8615],[-91.2501,31.8695],[-91.2658,31.8649],[-91.2689,31.856],[-91.2456,31.8332],[-91.2466,31.8234],[-91.2554,31.8128],[-91.2668,31.8091],[-91.2849,31.8184],[-91.2934,31.8602],[-91.3364,31.8524],[-91.3457,31.8429],[-91.3637,31.7826],[-91.3656,31.7608],[-91.3456,31.7585],[-91.2812,31.7723],[-91.2637,31.7677],[-91.2617,31.7565],[-91.2771,31.7449],[-91.3209,31.7501],[-91.3694,31.7469],[-91.398,31.709],[-91.3957,31.6442],[-91.4008,31.6205],[-91.4211,31.6116],[-91.4362,31.6125],[-91.4743,31.6254],[-91.4977,31.6454],[-91.5141,31.6324],[-91.5179,31.6186]]]},"properties":{"geoid":"28094","state":"28","district":"94","name":"State House District 94","chamber":"House"}},{"type":"Feature","geometry":{"type":"Polygon","coordinates":[[[-89.4485,30.3996],[-89.4223,30.356],[-89.4281,30.3391],[-89.425,30.3302],[-89.4026,30.3451],[-89.3928,30.3362],[-89.366,30.338],[-89.3408,30.358],[-89.3416,30.4598],[-89.305,30.4639],[-89.2744,30.4836],[-89.2581,30.4711],[-89.2578,30.4633],[-89.2477,30.4651],[-89.2397,30.4492],[-89.2398,30.4718],[-89.1903,30.4709],[-89.1869,30.4782],[-89.1206,30.4785],[-89.1208,30.5005],[-89.1113,30.5004],[-89.1163,30.5261],[-89.1377,30.5586],[-89.1711,30.5617],[-89.1883,30.5704],[-89.1884,30.5588],[-89.2036,30.5542],[-89.2161,30.5573],[-89.2283,30.5484],[-89.2364,30.5345],[-89.2758,30.5696],[-89.3166,30.549],[-89.3276,30.5598],[-89.3415,30.5598],[-89.3417,30.5013],[-89.3556,30.5273],[-89.3763,30.5397],[-89.3898,30.535],[-89.3951,30.528],[-89.3944,30.508],[-89.3998,30.5027],[-89.3814,30.4937],[-89.3831,30.4829],[-89.3944,30.4722],[-89.4301,30.4723],[-89.4366,30.4616],[-89.4309,30.441],[-89.4328,30.4175],[-89.436,30.4078],[-89.4485,30.3996]]]},"properties":{"geoid":"28095","state":"28","district":"95","name":"State House District 95","chamber":"House"}},{"type":"Feature","geometry":{"type":"Polygon","coordinates":[[[-91.655,31.2518],[-91.6444,31.2344],[-91.6076,31.2134],[-91.5901,31.1937],[-91.5902,31.1756],[-91.6242,31.1337],[-91.6276,31.1207],[-91.6132,31.1035],[-91.5641,31.0668],[-91.5599,31.0541],[-91.5644,31.039],[-91.5784,31.024],[-91.6369,30.9994],[-90.457,30.9997],[-90.4598,31.0123],[-90.4231,31.046],[-90.4408,31.0873],[-90.3841,31.0875],[-90.3635,31.1166],[-90.4843,31.117],[-90.4787,31.1554],[-90.4841,31.2036],[-90.5994,31.201],[-90.5983,31.1791],[-90.6077,31.1658],[-90.6337,31.1757],[-90.6945,31.1602],[-90.6996,31.1725],[-90.7212,31.1755],[-90.7203,31.1914],[-90.71,31.2065],[-90.7017,31.209],[-90.7175,31.2192],[-90.7186,31.2318],[-90.7858,31.2323],[-90.7858,31.2604],[-90.8038,31.2603],[-90.805,31.2546],[-90.8257,31.2487],[-90.8369,31.2399],[-90.8406,31.2398],[-90.8477,31.2542],[-90.857,31.2544],[-90.8608,31.2386],[-90.8676,31.2314],[-90.8803,31.2376],[-90.8884,31.2483],[-90.9018,31.242],[-90.9221,31.2176],[-90.9566,31.2205],[-90.9687,31.2172],[-90.9591,31.2457],[-91.0253,31.2461],[-91.0254,31.2966],[-91.0131,31.3048],[-91.0151,31.3132],[-91.0238,31.3198],[-91.0171,31.3218],[-91.0156,31.332],[-91.0239,31.3381],[-91.0209,31.3453],[-91.0283,31.3357],[-91.0454,31.3354],[-91.0554,31.3303],[-91.0657,31.3389],[-91.0692,31.3283],[-91.0866,31.3267],[-91.0954,31.321],[-91.1027,31.3271],[-91.118,31.3203],[-91.1437,31.3394],[-91.1408,31.342],[-91.1473,31.3437],[-91.1452,31.3475],[-91.1519,31.3454],[-91.1525,31.3486],[-91.1546,31.3431],[-91.1627,31.3507],[-91.1722,31.3457],[-91.1788,31.3511],[-91.1856,31.348],[-91.1896,31.3569],[-91.2076,31.3544],[-91.2131,31.3571],[-91.2099,31.3618],[-91.2193,31.3682],[-91.2179,31.3724],[-91.231,31.3732],[-91.2394,31.3667],[-91.2548,31.3655],[-91.2574,31.3601],[-91.2644,31.3625],[-91.2625,31.3693],[-91.2753,31.3698],[-91.2745,31.3655],[-91.2873,31.3561],[-91.2992,31.3599],[-91.2988,31.3648],[-91.3101,31.3539],[-91.3143,31.3572],[-91.3309,31.3518],[-91.3417,31.34],[-91.3509,31.3375],[-91.3561,31.3458],[-91.3648,31.342],[-91.3667,31.3359],[-91.3869,31.3504],[-91.3985,31.3828],[-91.4017,31.4046],[-91.3965,31.4241],[-91.3994,31.4706],[-91.4041,31.4836],[-91.3915,31.4824],[-91.3815,31.4754],[-91.3713,31.4787],[-91.3673,31.4893],[-91.3696,31.5037],[-91.3731,31.509],[-91.3812,31.507],[-91.3954,31.5136],[-91.3988,31.5196],[-91.3931,31.5214],[-91.407,31.5221],[-91.3965,31.5396],[-91.3986,31.5487],[-91.4026,31.5468],[-91.4079,31.5552],[-91.4167,31.5565],[-91.4048,31.5661],[-91.4078,31.5696],[-91.4499,31.5397],[-91.4797,31.5304],[-91.4896,31.5343],[-91.5134,31.532],[-91.5225,31.5221],[-91.5207,31.5134],[-91.5149,31.5101],[-91.5181,31.4835],[-91.5151,31.4492],[-91.4998,31.4201],[-91.4721,31.3971],[-91.471,31.3762],[-91.4748,31.3686],[-91.4788,31.3649],[-91.5048,31.365],[-91.5218,31.3752],[-91.5323,31.3903],[-91.5395,31.414],[-91.5371,31.4242],[-91.5434,31.4326],[-91.5652,31.4234],[-91.5763,31.4105],[-91.5783,31.3991],[-91.569,31.3776],[-91.5557,31.3864],[-91.5461,31.3822],[-91.551,31.3636],[-91.5482,31.3461],[-91.5087,31.3151],[-91.5089,31.2916],[-91.5156,31.2782],[-91.5377,31.2674],[-91.5642,31.2616],[-91.6377,31.2677],[-91.6499,31.2612],[-91.655,31.2518]]]},"properties":{"geoid":"28096","state":"28","district":"96","name":"State House District 96","chamber":"House"}},{"type":"Feature","geometry":{"type":"Polygon","coordinates":[[[-91.4167,31.5565],[-91.3979,31.5472],[-91.3965,31.5396],[-91.407,31.5221],[-91.3931,31.5214],[-91.3988,31.5196],[-91.3954,31.5136],[-91.3801,31.5067],[-91.3741,31.5094],[-91.3697,31.5046],[-91.3673,31.4893],[-91.3713,31.4787],[-91.3815,31.4754],[-91.3915,31.4824],[-91.4041,31.4836],[-91.3994,31.4706],[-91.3965,31.4241],[-91.4017,31.4046],[-91.3985,31.3828],[-91.3869,31.3504],[-91.3667,31.3359],[-91.3648,31.342],[-91.3561,31.3458],[-91.3509,31.3375],[-91.3417,31.34],[-91.3309,31.3518],[-91.3143,31.3572],[-91.3101,31.3539],[-91.2988,31.3648],[-91.2992,31.3599],[-91.2873,31.3561],[-91.2745,31.3655],[-91.2753,31.3698],[-91.2625,31.3693],[-91.2644,31.3625],[-91.2574,31.3601],[-91.2548,31.3655],[-91.2394,31.3667],[-91.231,31.3732],[-91.2179,31.3724],[-91.2193,31.3682],[-91.2099,31.3618],[-91.2131,31.3571],[-91.2076,31.3544],[-91.1896,31.3569],[-91.1856,31.348],[-91.1788,31.3511],[-91.1722,31.3457],[-91.1627,31.3507],[-91.1546,31.3431],[-91.1525,31.3486],[-91.1519,31.3454],[-91.1452,31.3475],[-91.1473,31.3437],[-91.1408,31.342],[-91.1437,31.3394],[-91.118,31.3203],[-91.1027,31.3271],[-91.0954,31.321],[-91.0866,31.3267],[-91.0692,31.3283],[-91.0657,31.3389],[-91.0554,31.3303],[-91.0454,31.3354],[-91.0283,31.3357],[-91.0209,31.3453],[-91.0239,31.3381],[-91.0156,31.332],[-91.0171,31.3218],[-91.0238,31.3198],[-91.0151,31.3132],[-91.0131,31.3048],[-91.0254,31.2966],[-91.0253,31.2461],[-90.9591,31.2457],[-90.9687,31.2172],[-90.9566,31.2205],[-90.9227,31.2175],[-90.9018,31.242],[-90.8884,31.2483],[-90.8803,31.2376],[-90.8676,31.2314],[-90.8608,31.2386],[-90.857,31.2544],[-90.8477,31.2542],[-90.8406,31.2398],[-90.8369,31.2399],[-90.8257,31.2487],[-90.805,31.2546],[-90.8038,31.2603],[-90.7858,31.2604],[-90.7858,31.2323],[-90.7186,31.2318],[-90.7175,31.2192],[-90.7017,31.209],[-90.71,31.2065],[-90.7203,31.1914],[-90.7212,31.1755],[-90.6996,31.1725],[-90.6945,31.1602],[-90.6337,31.1757],[-90.6077,31.1658],[-90.5983,31.1791],[-90.5994,31.201],[-90.4841,31.2036],[-90.4813,31.2379],[-90.4611,31.2473],[-90.4509,31.244],[-90.4633,31.2694],[-90.4792,31.2692],[-90.4788,31.2888],[-90.4659,31.2878],[-90.4643,31.2918],[-90.4544,31.2916],[-90.4541,31.2733],[-90.4383,31.262],[-90.4383,31.2184],[-90.4313,31.2209],[-90.4215,31.2156],[-90.419,31.2214],[-90.3932,31.2153],[-90.3915,31.2045],[-90.3619,31.2042],[-90.3618,31.2331],[-90.3789,31.2334],[-90.3789,31.2455],[-90.3672,31.2458],[-90.3699,31.2677],[-90.3509,31.2705],[-90.3642,31.2923],[-90.382,31.3067],[-90.4138,31.289],[-90.4139,31.2923],[-90.4474,31.2921],[-90.4474,31.3058],[-90.4633,31.3063],[-90.4633,31.3136],[-90.4683,31.3135],[-90.4697,31.3495],[-90.983,31.3487],[-90.9794,31.3559],[-90.9673,31.3512],[-90.9633,31.3694],[-90.9495,31.3677],[-90.9519,31.3858],[-90.9397,31.3854],[-90.9167,31.3981],[-90.9258,31.4202],[-90.9125,31.4323],[-90.9168,31.439],[-90.9115,31.4464],[-90.919,31.4501],[-90.9994,31.4497],[-90.9995,31.4645],[-91.0077,31.4646],[-91.008,31.4364],[-91.1561,31.4362],[-91.1581,31.4249],[-91.1697,31.4405],[-91.2095,31.4685],[-91.2165,31.458],[-91.2106,31.4527],[-91.2245,31.4333],[-91.2628,31.4698],[-91.2627,31.4977],[-91.2862,31.512],[-91.3074,31.5123],[-91.2898,31.4929],[-91.2973,31.4953],[-91.3029,31.4868],[-91.3318,31.4718],[-91.3436,31.4896],[-91.3404,31.49],[-91.3378,31.5161],[-91.3718,31.5251],[-91.374,31.533],[-91.3618,31.5414],[-91.3698,31.5499],[-91.3786,31.5367],[-91.3771,31.5284],[-91.3843,31.5393],[-91.3959,31.5405],[-91.3905,31.5483],[-91.4014,31.5558],[-91.3981,31.5594],[-91.404,31.5674],[-91.4167,31.5565]]]},"properties":{"geoid":"28097","state":"28","district":"97","name":"State House District 97","chamber":"House"}},{"type":"Feature","geometry":{"type":"Polygon","coordinates":[[[-90.4852,31.19],[-90.4787,31.1554],[-90.4843,31.117],[-90.3635,31.1166],[-90.3841,31.0875],[-90.4408,31.0873],[-90.4231,31.046],[-90.4598,31.0123],[-90.457,30.9997],[-90.2596,31.0007],[-90.2606,31.1758],[-90.2423,31.1723],[-90.2451,31.1618],[-90.2363,31.1444],[-90.2227,31.1457],[-90.2143,31.1581],[-90.1798,31.1325],[-90.1789,31.1509],[-90.1753,31.1561],[-90.1667,31.1558],[-90.1885,31.2039],[-90.1657,31.199],[-90.1501,31.2048],[-90.1644,31.2334],[-90.1422,31.2343],[-90.1419,31.2597],[-90.146,31.2685],[-90.1592,31.2681],[-90.1591,31.2839],[-90.1377,31.2902],[-90.1377,31.2994],[-90.1225,31.2992],[-90.1213,31.303],[-90.1106,31.2977],[-90.1102,31.312],[-90.1136,31.3183],[-90.1378,31.3177],[-90.1378,31.3303],[-90.1582,31.3306],[-90.172,31.3378],[-90.1678,31.3506],[-90.2604,31.3503],[-90.2607,31.2947],[-90.2709,31.2897],[-90.2934,31.2902],[-90.3077,31.2836],[-90.3297,31.2828],[-90.3484,31.2713],[-90.3699,31.2677],[-90.3672,31.2458],[-90.3789,31.2455],[-90.3789,31.2334],[-90.3618,31.2331],[-90.3619,31.2042],[-90.3915,31.2045],[-90.3932,31.2153],[-90.419,31.2214],[-90.4215,31.2156],[-90.4313,31.2209],[-90.4383,31.2184],[-90.4383,31.262],[-90.4541,31.2733],[-90.4544,31.2916],[-90.4788,31.2888],[-90.4792,31.2692],[-90.4633,31.2694],[-90.4509,31.244],[-90.4611,31.2473],[-90.4813,31.2379],[-90.4852,31.19]]]},"properties":{"geoid":"28098","state":"28","district":"98","name":"State House District 98","chamber":"House"}},{"type":"Feature","geometry":{"type":"Polygon","coordinates":[[[-90.2606,31.1758],[-90.2596,31.0007],[-89.7505,30.9994],[-89.7325,31.0048],[-89.5519,31.0019],[-89.552,31.016],[-89.5328,31.016],[-89.5445,31.0313],[-89.5521,31.0293],[-89.5517,31.0833],[-89.4506,31.0832],[-89.4507,31.054],[-89.4336,31.0539],[-89.4335,31.01],[-89.3489,31.0104],[-89.3491,31.083],[-89.3848,31.0832],[-89.3816,31.0951],[-89.4021,31.112],[-89.4077,31.127],[-89.4151,31.127],[-89.4213,31.1383],[-89.433,31.1339],[-89.4343,31.1396],[-89.4475,31.1411],[-89.4454,31.15],[-89.4516,31.1559],[-89.448,31.1646],[-89.4573,31.1657],[-89.4877,31.19],[-89.5357,31.174],[-89.6023,31.1712],[-89.626,31.1774],[-89.6361,31.1993],[-89.6547,31.213],[-89.6679,31.2091],[-89.6692,31.2149],[-89.6833,31.215],[-89.6878,31.2128],[-89.6878,31.2002],[-89.706,31.1946],[-89.7105,31.1835],[-89.7217,31.1739],[-89.7207,31.1508],[-89.7383,31.1454],[-89.7382,31.1323],[-89.7696,31.1194],[-89.779,31.124],[-89.7887,31.1195],[-89.7913,31.108],[-89.7945,31.1098],[-89.7966,31.1252],[-89.8071,31.1351],[-89.8065,31.1419],[-89.822,31.1493],[-89.822,31.1585],[-89.8135,31.1627],[-89.8295,31.1716],[-89.8288,31.1802],[-89.8337,31.1855],[-89.8278,31.1917],[-89.8404,31.193],[-89.843,31.1983],[-89.8417,31.2024],[-89.8298,31.2004],[-89.8342,31.2084],[-89.8247,31.2076],[-89.8217,31.2146],[-89.8358,31.2186],[-89.8369,31.2077],[-89.842,31.2078],[-89.8429,31.2284],[-89.8541,31.2329],[-89.845,31.2418],[-89.8472,31.2491],[-89.8409,31.2519],[-89.8422,31.2595],[-89.8627,31.2497],[-89.8711,31.2633],[-89.9394,31.2636],[-89.9389,31.2369],[-89.9771,31.254],[-89.985,31.2643],[-90.0148,31.2736],[-90.0404,31.2718],[-90.0405,31.3947],[-89.9754,31.3947],[-89.9756,31.4011],[-89.9908,31.3997],[-89.9891,31.4097],[-89.9965,31.4107],[-89.9995,31.4039],[-90.0064,31.4033],[-90.0037,31.4072],[-90.0096,31.4134],[-89.9982,31.4217],[-90.0121,31.4173],[-90.0157,31.4233],[-90.1078,31.4233],[-90.1081,31.3798],[-90.159,31.3793],[-90.1591,31.3506],[-90.1694,31.3492],[-90.172,31.3378],[-90.1582,31.3306],[-90.1378,31.3303],[-90.1378,31.3177],[-90.1136,31.3183],[-90.1097,31.3032],[-90.1106,31.2977],[-90.1213,31.303],[-90.1225,31.2992],[-90.1377,31.2994],[-90.1377,31.2902],[-90.1591,31.2839],[-90.1592,31.2681],[-90.146,31.2685],[-90.1419,31.2597],[-90.1422,31.2343],[-90.1644,31.2334],[-90.1501,31.2048],[-90.1657,31.199],[-90.1885,31.2039],[-90.1667,31.1558],[-90.1753,31.1561],[-90.1789,31.1509],[-90.1798,31.1325],[-90.2143,31.1581],[-90.2227,31.1457],[-90.2363,31.1444],[-90.2451,31.1618],[-90.2423,31.1723],[-90.2606,31.1758]]]},"properties":{"geoid":"28099","state":"28","district":"99","name":"State House District 99","chamber":"House"}},{"type":"Feature","geometry":{"type":"Polygon","coordinates":[[[-90.0406,31.2889],[-90.0404,31.2718],[-90.0148,31.2736],[-89.985,31.2643],[-89.9771,31.254],[-89.9389,31.2369],[-89.9394,31.2636],[-89.8711,31.2633],[-89.8627,31.2497],[-89.8422,31.2595],[-89.8409,31.2519],[-89.8472,31.2491],[-89.845,31.2418],[-89.8541,31.2329],[-89.8429,31.2284],[-89.842,31.2078],[-89.8369,31.2077],[-89.8358,31.2186],[-89.8213,31.2127],[-89.8257,31.2073],[-89.8342,31.2084],[-89.8298,31.2004],[-89.8417,31.2024],[-89.843,31.1983],[-89.8404,31.193],[-89.8278,31.1917],[-89.8337,31.1855],[-89.8288,31.1802],[-89.8295,31.1716],[-89.8135,31.1627],[-89.822,31.1585],[-89.822,31.1493],[-89.8065,31.1419],[-89.8071,31.1351],[-89.7981,31.1286],[-89.7957,31.1114],[-89.7913,31.108],[-89.788,31.1201],[-89.779,31.124],[-89.7696,31.1194],[-89.7382,31.1323],[-89.7383,31.1454],[-89.7207,31.1508],[-89.7225,31.1724],[-89.7105,31.1835],[-89.7081,31.1928],[-89.6978,31.2002],[-89.6878,31.2002],[-89.6878,31.2128],[-89.67,31.215],[-89.6679,31.2091],[-89.6547,31.213],[-89.6363,31.1996],[-89.626,31.1774],[-89.6023,31.1712],[-89.5357,31.174],[-89.4877,31.19],[-89.4573,31.1657],[-89.448,31.1646],[-89.4516,31.1559],[-89.4454,31.15],[-89.4475,31.1411],[-89.4343,31.1396],[-89.433,31.1339],[-89.4213,31.1383],[-89.4151,31.127],[-89.4077,31.127],[-89.4021,31.112],[-89.3816,31.0951],[-89.3848,31.0832],[-89.349,31.0825],[-89.3498,31.1682],[-89.3625,31.1744],[-89.3653,31.1833],[-89.3768,31.1901],[-89.3945,31.1622],[-89.406,31.1627],[-89.4043,31.1779],[-89.4172,31.1748],[-89.4208,31.1819],[-89.4298,31.1802],[-89.4374,31.1879],[-89.443,31.2101],[-89.4551,31.2297],[-89.654,31.2297],[-89.6538,31.2831],[-89.6336,31.288],[-89.6344,31.3027],[-89.6201,31.3027],[-89.6204,31.3172],[-89.6028,31.3172],[-89.6029,31.3463],[-89.5856,31.3463],[-89.5973,31.3655],[-89.6328,31.4004],[-89.6388,31.4047],[-89.6544,31.4047],[-89.6542,31.4338],[-89.8242,31.4341],[-89.8233,31.39],[-90.0405,31.3947],[-90.0406,31.2889]]]},"properties":{"geoid":"28100","state":"28","district":"100","name":"State House District 100","chamber":"House"}},{"type":"Feature","geometry":{"type":"Polygon","coordinates":[[[-89.4977,31.3464],[-89.4846,31.3357],[-89.485,31.3084],[-89.472,31.3129],[-89.4662,31.2682],[-89.4561,31.2472],[-89.4374,31.2626],[-89.4278,31.2617],[-89.4217,31.2715],[-89.4122,31.2712],[-89.4157,31.2818],[-89.4105,31.3109],[-89.399,31.3112],[-89.3741,31.299],[-89.3559,31.3039],[-89.3577,31.3205],[-89.3526,31.3466],[-89.4511,31.3464],[-89.451,31.3611],[-89.4684,31.3611],[-89.4684,31.3464],[-89.4977,31.3464]]]},"properties":{"geoid":"28101","state":"28","district":"101","name":"State House District 101","chamber":"House"}},{"type":"Feature","geometry":{"type":"Polygon","coordinates":[[[-89.399,31.3472],[-89.3526,31.3466],[-89.3564,31.3253],[-89.3479,31.325],[-89.3479,31.2592],[-89.3377,31.2591],[-89.3442,31.2464],[-89.3129,31.2377],[-89.2751,31.2425],[-89.2888,31.2754],[-89.2979,31.2858],[-89.3081,31.277],[-89.3133,31.2904],[-89.3234,31.2892],[-89.3312,31.2955],[-89.3312,31.3041],[-89.3204,31.3042],[-89.3081,31.3148],[-89.3042,31.312],[-89.2858,31.3219],[-89.2865,31.3257],[-89.3228,31.3247],[-89.3223,31.332],[-89.329,31.332],[-89.3305,31.3451],[-89.354,31.365],[-89.3736,31.3648],[-89.3757,31.3583],[-89.3868,31.3607],[-89.3926,31.3578],[-89.3923,31.3492],[-89.399,31.3472]]]},"properties":{"geoid":"28102","state":"28","district":"102","name":"State House District 102","chamber":"House"}},{"type":"Feature","geometry":{"type":"Polygon","coordinates":[[[-89.405,31.4325],[-89.3716,31.3978],[-89.3613,31.3966],[-89.3622,31.3884],[-89.3537,31.3905],[-89.3599,31.3858],[-89.3506,31.3794],[-89.3511,31.375],[-89.3404,31.3731],[-89.3365,31.3679],[-89.3466,31.3569],[-89.3305,31.3451],[-89.329,31.332],[-89.3223,31.332],[-89.3228,31.3247],[-89.2865,31.3257],[-89.2858,31.3219],[-89.3042,31.312],[-89.3081,31.3148],[-89.3204,31.3042],[-89.3312,31.3041],[-89.3312,31.2955],[-89.3234,31.2892],[-89.3133,31.2904],[-89.3081,31.277],[-89.2979,31.2858],[-89.2888,31.2754],[-89.2759,31.2444],[-89.2626,31.2456],[-89.2625,31.2592],[-89.2235,31.2592],[-89.2304,31.273],[-89.2379,31.2727],[-89.2372,31.2786],[-89.2434,31.2829],[-89.2384,31.2988],[-89.2442,31.2923],[-89.2627,31.3058],[-89.2523,31.3182],[-89.2672,31.3266],[-89.263,31.3308],[-89.2672,31.332],[-89.2672,31.3393],[-89.2629,31.3417],[-89.2588,31.3606],[-89.2694,31.3645],[-89.2682,31.372],[-89.2806,31.3722],[-89.2749,31.3802],[-89.2824,31.3798],[-89.2788,31.3828],[-89.2846,31.3908],[-89.2823,31.3942],[-89.2889,31.3961],[-89.2858,31.4031],[-89.2894,31.4067],[-89.2825,31.4132],[-89.3023,31.4305],[-89.299,31.4341],[-89.405,31.4325]]]},"properties":{"geoid":"28103","state":"28","district":"103","name":"State House District 103","chamber":"House"}},{"type":"Feature","geometry":{"type":"Polygon","coordinates":[[[-89.3491,31.0786],[-89.349,31.001],[-89.3407,31.001],[-89.3408,30.9099],[-89.138,30.9099],[-89.1382,31.0002],[-89.1462,31.0004],[-89.1461,31.4341],[-89.3021,31.432],[-89.2825,31.4132],[-89.2894,31.4067],[-89.2858,31.4031],[-89.2889,31.3961],[-89.2823,31.3942],[-89.2846,31.3908],[-89.2788,31.3828],[-89.2824,31.3798],[-89.2749,31.3802],[-89.2806,31.3722],[-89.2682,31.372],[-89.2694,31.3645],[-89.2588,31.3606],[-89.2629,31.3417],[-89.2672,31.3393],[-89.2672,31.332],[-89.263,31.3308],[-89.2672,31.3266],[-89.2523,31.3182],[-89.2627,31.3058],[-89.2442,31.2923],[-89.2384,31.2988],[-89.2434,31.2829],[-89.2372,31.2786],[-89.2379,31.2727],[-89.2304,31.273],[-89.2235,31.2592],[-89.2625,31.2592],[-89.2626,31.2456],[-89.2759,31.2444],[-89.2514,31.1859],[-89.2903,31.1857],[-89.2956,31.1729],[-89.2846,31.166],[-89.2866,31.1623],[-89.2927,31.1568],[-89.3155,31.1522],[-89.316,31.1464],[-89.3333,31.1558],[-89.3418,31.139],[-89.349,31.1357],[-89.3491,31.0786]]]},"properties":{"geoid":"28104","state":"28","district":"104","name":"State House District 104","chamber":"House"}},{"type":"Feature","geometry":{"type":"Polygon","coordinates":[[[-89.1462,31.0013],[-89.1382,31.0002],[-89.138,30.9099],[-88.8345,30.9103],[-88.8343,30.998],[-88.5609,30.9983],[-88.5652,30.9776],[-88.5607,30.9735],[-88.5607,30.9554],[-88.5471,30.9501],[-88.547,30.9393],[-88.5303,30.9393],[-88.5304,30.8954],[-88.4962,30.8954],[-88.4962,30.8666],[-88.4793,30.8666],[-88.4796,30.8521],[-88.4181,30.8559],[-88.4413,31.29],[-88.6379,31.2885],[-88.6548,31.3215],[-88.6713,31.311],[-88.673,31.3163],[-88.6597,31.3284],[-88.6604,31.3337],[-88.6719,31.3419],[-88.6642,31.3477],[-88.6495,31.3381],[-88.6447,31.3423],[-88.6392,31.3396],[-88.624,31.3482],[-88.6228,31.3629],[-88.633,31.3794],[-88.6526,31.3834],[-88.6554,31.3943],[-88.6864,31.3866],[-88.6976,31.4064],[-88.6721,31.4256],[-88.6744,31.434],[-88.8413,31.4337],[-88.8412,31.2678],[-88.8544,31.2695],[-88.8654,31.2741],[-88.8662,31.2867],[-88.8783,31.28],[-88.8844,31.2842],[-88.8869,31.2943],[-88.8998,31.2967],[-88.9014,31.3175],[-88.9174,31.3176],[-88.9265,31.338],[-88.9364,31.3414],[-88.9358,31.3499],[-88.9469,31.3495],[-88.962,31.3582],[-89.0105,31.3581],[-89.0062,31.3799],[-89.0156,31.3892],[-89.0118,31.3978],[-89.0022,31.4003],[-89.0259,31.4035],[-89.0324,31.4097],[-89.0324,31.4148],[-89.0271,31.4156],[-89.0249,31.4236],[-89.0134,31.4336],[-89.1461,31.4341],[-89.1462,31.0013]]]},"properties":{"geoid":"28105","state":"28","district":"105","name":"State House District 105","chamber":"House"}},{"type":"Feature","geometry":{"type":"Polygon","coordinates":[[[-89.836,30.7358],[-89.7299,30.736],[-89.7298,30.6236],[-89.7148,30.6245],[-89.7145,30.5542],[-89.7084,30.557],[-89.7108,30.5614],[-89.696,30.5589],[-89.6917,30.5553],[-89.6928,30.5435],[-89.6804,30.5391],[-89.6807,30.5272],[-89.6605,30.5238],[-89.6579,30.5286],[-89.6747,30.5352],[-89.6661,30.5364],[-89.6694,30.5456],[-89.6525,30.6213],[-89.6569,30.6487],[-89.5974,30.6483],[-89.5947,30.6312],[-89.6012,30.6226],[-89.5821,30.6568],[-89.5443,30.6632],[-89.5442,30.6917],[-89.5614,30.6918],[-89.5614,30.7024],[-89.55,30.7264],[-89.5235,30.75],[-89.5161,30.8081],[-89.4784,30.8083],[-89.475,30.7936],[-89.4589,30.7947],[-89.4483,30.8081],[-89.437,30.8103],[-89.4528,30.8219],[-89.4552,30.83],[-89.4654,30.8355],[-89.4724,30.8473],[-89.3409,30.8576],[-89.3407,31.001],[-89.349,31.001],[-89.3489,31.0104],[-89.4335,31.01],[-89.4336,31.0539],[-89.4507,31.054],[-89.4506,31.0832],[-89.5492,31.0833],[-89.5521,31.0293],[-89.5445,31.0313],[-89.5328,31.016],[-89.552,31.016],[-89.5519,31.0019],[-89.7355,30.9997],[-89.7277,30.9933],[-89.7305,30.9797],[-89.7371,30.9761],[-89.7271,30.9674],[-89.7357,30.9666],[-89.7565,30.9429],[-89.7489,30.9339],[-89.7528,30.9254],[-89.7448,30.9189],[-89.7501,30.9129],[-89.7642,30.9119],[-89.7567,30.9011],[-89.7587,30.8973],[-89.7734,30.8977],[-89.7696,30.8811],[-89.7771,30.8811],[-89.7792,30.876],[-89.7678,30.8656],[-89.7717,30.8547],[-89.7834,30.856],[-89.7816,30.8453],[-89.7925,30.8504],[-89.7875,30.8441],[-89.7907,30.8318],[-89.7823,30.8326],[-89.7876,30.8235],[-89.7815,30.8189],[-89.7953,30.8172],[-89.7975,30.8215],[-89.7972,30.8118],[-89.8046,30.8025],[-89.8156,30.8038],[-89.8084,30.7918],[-89.8035,30.7946],[-89.8035,30.7911],[-89.8116,30.7875],[-89.8129,30.7936],[-89.8192,30.7952],[-89.8193,30.7834],[-89.8244,30.7796],[-89.829,30.783],[-89.8288,30.7687],[-89.8353,30.7698],[-89.8256,30.7584],[-89.8332,30.7533],[-89.8225,30.7546],[-89.8286,30.7374],[-89.8161,30.7389],[-89.836,30.7358]]]},"properties":{"geoid":"28106","state":"28","district":"106","name":"State House District 106","chamber":"House"}},{"type":"Feature","geometry":{"type":"Polygon","coordinates":[[[-89.1711,30.9099],[-89.1646,30.8851],[-89.1386,30.8626],[-89.1378,30.854],[-89.1291,30.8537],[-89.1296,30.8577],[-89.1211,30.8542],[-89.1131,30.8591],[-89.1129,30.8489],[-89.1356,30.8446],[-89.133,30.8372],[-89.138,30.8371],[-89.136,30.7838],[-89.1404,30.7799],[-89.1381,30.7729],[-89.1448,30.7554],[-89.1461,30.7262],[-89.1388,30.7092],[-89.1421,30.7093],[-89.1408,30.7024],[-89.1547,30.7007],[-89.1629,30.6928],[-89.1617,30.6854],[-89.1521,30.6805],[-89.1554,30.677],[-88.8845,30.6773],[-88.8845,30.7356],[-88.6602,30.7347],[-88.6591,30.7528],[-88.6683,30.7563],[-88.6664,30.764],[-88.615,30.764],[-88.6149,30.7819],[-88.581,30.7823],[-88.5809,30.8224],[-88.5472,30.8225],[-88.5472,30.8368],[-88.4963,30.8374],[-88.4962,30.8954],[-88.5304,30.8954],[-88.5303,30.9393],[-88.547,30.9393],[-88.5471,30.9501],[-88.5607,30.9554],[-88.5607,30.9735],[-88.5652,30.9776],[-88.5609,30.9983],[-88.8343,30.998],[-88.8345,30.9103],[-89.1711,30.9099]]]},"properties":{"geoid":"28107","state":"28","district":"107","name":"State House District 107","chamber":"House"}},{"type":"Feature","geometry":{"type":"Polygon","coordinates":[[[-89.8523,30.6624],[-89.8408,30.6608],[-89.8407,30.6522],[-89.8332,30.6575],[-89.8257,30.6453],[-89.8207,30.6461],[-89.823,30.6391],[-89.814,30.6382],[-89.8307,30.6172],[-89.8214,30.6198],[-89.8233,30.6077],[-89.8139,30.6077],[-89.8226,30.6052],[-89.814,30.5986],[-89.8198,30.5968],[-89.8188,30.5929],[-89.807,30.5871],[-89.8157,30.5855],[-89.8093,30.58],[-89.808,30.5677],[-89.7953,30.5701],[-89.793,30.5641],[-89.7912,30.5699],[-89.7869,30.5691],[-89.7917,30.5626],[-89.804,30.5605],[-89.7945,30.5566],[-89.7922,30.5483],[-89.8039,30.5493],[-89.7792,30.544],[-89.7741,30.5378],[-89.7774,30.533],[-89.7691,30.5292],[-89.7731,30.5208],[-89.7678,30.5132],[-89.7575,30.5186],[-89.7607,30.512],[-89.7545,30.5098],[-89.7586,30.506],[-89.7528,30.5077],[-89.7526,30.5024],[-89.7575,30.4996],[-89.7467,30.503],[-89.7421,30.4973],[-89.7473,30.4927],[-89.7331,30.496],[-89.7297,30.49],[-89.7248,30.4921],[-89.7208,30.487],[-89.7237,30.4825],[-89.7096,30.478],[-89.7055,30.4648],[-89.6899,30.4593],[-89.647,30.4589],[-89.6474,30.5274],[-89.6368,30.5272],[-89.6319,30.5424],[-89.5983,30.5736],[-89.6092,30.5966],[-89.6183,30.6003],[-89.64,30.5615],[-89.6167,30.604],[-89.5947,30.6312],[-89.5974,30.6483],[-89.6569,30.6487],[-89.6525,30.6213],[-89.6694,30.5456],[-89.6661,30.5364],[-89.6747,30.5352],[-89.6579,30.5286],[-89.6605,30.5238],[-89.6807,30.5272],[-89.6804,30.5391],[-89.6928,30.5435],[-89.6917,30.5553],[-89.696,30.5589],[-89.7108,30.5614],[-89.7084,30.557],[-89.7145,30.5542],[-89.7148,30.6245],[-89.7298,30.6236],[-89.7299,30.736],[-89.836,30.7358],[-89.8362,30.7325],[-89.8275,30.7321],[-89.8363,30.7272],[-89.8256,30.7277],[-89.8313,30.7226],[-89.831,30.7155],[-89.8424,30.7207],[-89.8401,30.7118],[-89.8466,30.7062],[-89.8381,30.704],[-89.8353,30.6918],[-89.845,30.6906],[-89.8449,30.687],[-89.8374,30.6878],[-89.8423,30.6803],[-89.8371,30.6779],[-89.8472,30.67],[-89.8378,30.6719],[-89.8437,30.6634],[-89.8523,30.6624]]]},"properties":{"geoid":"28108","state":"28","district":"108","name":"State House District 108","chamber":"House"}},{"type":"Feature","geometry":{"type":"Polygon","coordinates":[[[-88.8336,30.7342],[-88.8325,30.6904],[-88.7667,30.6903],[-88.7667,30.6616],[-88.7326,30.6613],[-88.7325,30.6477],[-88.699,30.6473],[-88.6966,30.6337],[-88.6816,30.6211],[-88.6753,30.6034],[-88.6982,30.592],[-88.6926,30.5894],[-88.6925,30.5766],[-88.697,30.5726],[-88.6892,30.5518],[-88.6875,30.5309],[-88.6786,30.5243],[-88.684,30.5101],[-88.6806,30.5115],[-88.6796,30.5029],[-88.6858,30.4989],[-88.6847,30.4924],[-88.6871,30.5035],[-88.6871,30.4956],[-88.6748,30.4874],[-88.6777,30.4845],[-88.674,30.4801],[-88.6713,30.4822],[-88.661,30.4735],[-88.6509,30.4736],[-88.6357,30.486],[-88.6279,30.4829],[-88.6283,30.4755],[-88.6178,30.4596],[-88.6277,30.4509],[-88.612,30.438],[-88.5577,30.4384],[-88.5686,30.4458],[-88.5599,30.4534],[-88.5573,30.4714],[-88.5633,30.4792],[-88.5642,30.516],[-88.4414,30.5157],[-88.4126,30.5443],[-88.4124,30.5599],[-88.4042,30.5599],[-88.4181,30.8559],[-88.4796,30.8521],[-88.4793,30.8666],[-88.4962,30.8666],[-88.4963,30.8374],[-88.5472,30.8368],[-88.5472,30.8225],[-88.5809,30.8224],[-88.581,30.7823],[-88.6149,30.7819],[-88.615,30.764],[-88.6664,30.764],[-88.6683,30.7563],[-88.6591,30.7528],[-88.6602,30.7347],[-88.8336,30.7342]]]},"properties":{"geoid":"28109","state":"28","district":"109","name":"State House District 109","chamber":"House"}},{"type":"Feature","geometry":{"type":"Polygon","coordinates":[[[-88.6075,30.3827],[-88.5627,30.3719],[-88.566,30.3844],[-88.5431,30.3838],[-88.5483,30.3732],[-88.558,30.3709],[-88.5594,30.3594],[-88.5485,30.3548],[-88.5485,30.3624],[-88.5325,30.3663],[-88.5324,30.3548],[-88.5239,30.3548],[-88.5239,30.3622],[-88.5005,30.3682],[-88.5007,30.382],[-88.5075,30.3905],[-88.4795,30.4083],[-88.4798,30.4136],[-88.4987,30.4134],[-88.4969,30.4287],[-88.5232,30.4284],[-88.5286,30.4419],[-88.5577,30.4384],[-88.5605,30.4223],[-88.5822,30.4132],[-88.5786,30.4007],[-88.5968,30.4004],[-88.6075,30.3827]]]},"properties":{"geoid":"28110","state":"28","district":"110","name":"State House District 110","chamber":"House"}},{"type":"Feature","geometry":{"type":"Polygon","coordinates":[[[-88.7533,30.3956],[-88.7501,30.384],[-88.7384,30.3826],[-88.739,30.3755],[-88.749,30.3708],[-88.749,30.3481],[-88.7069,30.3425],[-88.6783,30.3564],[-88.6713,30.3424],[-88.665,30.346],[-88.6694,30.1786],[-88.5866,30.1691],[-88.5459,30.1767],[-88.5098,30.1579],[-88.4613,30.1467],[-88.4194,30.1492],[-88.3844,30.1585],[-88.4042,30.5599],[-88.4124,30.5599],[-88.4126,30.5443],[-88.4414,30.5157],[-88.5642,30.516],[-88.5633,30.4792],[-88.5573,30.4714],[-88.5599,30.4534],[-88.568,30.4444],[-88.5593,30.4429],[-88.5577,30.4384],[-88.5286,30.4419],[-88.5232,30.4284],[-88.4969,30.4287],[-88.4987,30.4134],[-88.4798,30.4136],[-88.4795,30.4083],[-88.5075,30.3905],[-88.5007,30.382],[-88.5005,30.3682],[-88.5239,30.3622],[-88.5239,30.3548],[-88.5324,30.3548],[-88.5325,30.3663],[-88.5485,30.3624],[-88.5485,30.3548],[-88.5594,30.3594],[-88.558,30.3709],[-88.5483,30.3732],[-88.5431,30.3838],[-88.566,30.3844],[-88.5627,30.3719],[-88.6086,30.3829],[-88.611,30.3735],[-88.6346,30.3587],[-88.6505,30.3579],[-88.6822,30.3638],[-88.6702,30.3727],[-88.677,30.3727],[-88.6888,30.3933],[-88.721,30.3998],[-88.7195,30.4037],[-88.7329,30.4082],[-88.7329,30.4135],[-88.749,30.4135],[-88.7489,30.3956],[-88.7533,30.3956]]]},"properties":{"geoid":"28111","state":"28","district":"111","name":"State House District 111","chamber":"House"}},{"type":"Feature","geometry":{"type":"Polygon","coordinates":[[[-88.8038,30.4463],[-88.7927,30.4292],[-88.766,30.4258],[-88.7659,30.4196],[-88.7491,30.421],[-88.749,30.4135],[-88.7329,30.4135],[-88.7329,30.4082],[-88.7195,30.4037],[-88.721,30.3998],[-88.6888,30.3933],[-88.677,30.3727],[-88.6702,30.3727],[-88.6822,30.3638],[-88.6418,30.3575],[-88.611,30.3735],[-88.5968,30.4004],[-88.5786,30.4007],[-88.5822,30.4132],[-88.5605,30.4223],[-88.5577,30.4384],[-88.612,30.438],[-88.6277,30.4509],[-88.6178,30.4596],[-88.6283,30.4755],[-88.6279,30.4829],[-88.6357,30.486],[-88.6509,30.4736],[-88.661,30.4735],[-88.6847,30.4917],[-88.688,30.5001],[-88.6871,30.5035],[-88.6847,30.4924],[-88.6858,30.4989],[-88.6796,30.5031],[-88.6836,30.5171],[-88.6786,30.5243],[-88.6875,30.5309],[-88.6892,30.5518],[-88.697,30.5726],[-88.6925,30.5766],[-88.6926,30.5894],[-88.6982,30.592],[-88.7435,30.5742],[-88.7472,30.5681],[-88.7831,30.5805],[-88.7828,30.4566],[-88.8034,30.4501],[-88.8038,30.4463]]]},"properties":{"geoid":"28112","state":"28","district":"112","name":"State House District 112","chamber":"House"}},{"type":"Feature","geometry":{"type":"Polygon","coordinates":[[[-88.8338,30.3941],[-88.7953,30.3504],[-88.7951,30.2],[-88.7653,30.1899],[-88.7174,30.1909],[-88.6694,30.1786],[-88.665,30.346],[-88.6713,30.3424],[-88.6783,30.3564],[-88.7069,30.3425],[-88.749,30.3481],[-88.749,30.3708],[-88.7383,30.3774],[-88.7384,30.3826],[-88.7531,30.3872],[-88.7533,30.3956],[-88.7489,30.3956],[-88.7491,30.421],[-88.7659,30.4196],[-88.766,30.4258],[-88.7927,30.4292],[-88.7991,30.4417],[-88.8305,30.439],[-88.8279,30.4045],[-88.8241,30.4026],[-88.8338,30.3941]]]},"properties":{"geoid":"28113","state":"28","district":"113","name":"State House District 113","chamber":"House"}},{"type":"Feature","geometry":{"type":"Polygon","coordinates":[[[-88.8845,30.7146],[-88.8831,30.4188],[-88.8676,30.4189],[-88.8338,30.3941],[-88.8241,30.4026],[-88.8279,30.4045],[-88.8305,30.439],[-88.8055,30.4406],[-88.8035,30.4501],[-88.7828,30.4566],[-88.7831,30.5805],[-88.7472,30.5681],[-88.7435,30.5742],[-88.6753,30.6034],[-88.6816,30.6211],[-88.6966,30.6337],[-88.699,30.6473],[-88.7325,30.6477],[-88.7326,30.6613],[-88.7667,30.6616],[-88.7667,30.6903],[-88.8325,30.6904],[-88.834,30.736],[-88.8845,30.7356],[-88.8845,30.7146]]]},"properties":{"geoid":"28114","state":"28","district":"114","name":"State House District 114","chamber":"House"}},{"type":"Feature","geometry":{"type":"Polygon","coordinates":[[[-88.9614,30.4035],[-88.9551,30.4026],[-88.9562,30.3974],[-88.9471,30.3977],[-88.9471,30.3937],[-88.9342,30.3925],[-88.9332,30.1455],[-88.889,30.1398],[-88.9003,30.17],[-88.8504,30.1923],[-88.8214,30.2174],[-88.7951,30.2],[-88.7953,30.3504],[-88.8135,30.3752],[-88.846,30.4057],[-88.8676,30.4189],[-88.8831,30.4188],[-88.8834,30.4479],[-88.8915,30.448],[-88.8917,30.454],[-88.9171,30.4476],[-88.9172,30.4355],[-88.9386,30.4355],[-88.9425,30.4193],[-88.9508,30.4167],[-88.9509,30.4099],[-88.9614,30.4098],[-88.9614,30.4035]]]},"properties":{"geoid":"28115","state":"28","district":"115","name":"State House District 115","chamber":"House"}},{"type":"Feature","geometry":{"type":"Polygon","coordinates":[[[-89.2401,30.6489],[-89.23,30.6399],[-89.2099,30.6507],[-89.2028,30.6399],[-89.1557,30.6236],[-89.1553,30.582],[-89.1457,30.5783],[-89.1412,30.57],[-89.1343,30.5686],[-89.135,30.585],[-89.1211,30.585],[-89.1203,30.5593],[-89.0705,30.5588],[-89.0701,30.5344],[-89.0558,30.5213],[-89.0503,30.5076],[-89.0527,30.502],[-89.0425,30.4978],[-89.0373,30.4881],[-89.026,30.4857],[-89.0203,30.4786],[-89.0232,30.4749],[-89.0165,30.4755],[-89.0101,30.4684],[-89.0144,30.4668],[-89.0095,30.458],[-89.0136,30.4525],[-89.0082,30.4524],[-89.012,30.4383],[-89.006,30.4289],[-88.9964,30.4347],[-88.9983,30.439],[-88.9955,30.4363],[-88.9941,30.4426],[-88.9865,30.4429],[-88.991,30.4379],[-88.9709,30.4511],[-88.9778,30.4476],[-88.9716,30.4445],[-88.9639,30.4539],[-88.9517,30.4538],[-88.9499,30.448],[-88.9444,30.4546],[-88.9214,30.4475],[-88.8917,30.454],[-88.8915,30.448],[-88.8834,30.4479],[-88.8845,30.6773],[-89.2401,30.6772],[-89.2401,30.6489]]]},"properties":{"geoid":"28116","state":"28","district":"116","name":"State House District 116","chamber":"House"}},{"type":"Feature","geometry":{"type":"Polygon","coordinates":[[[-89.0014,30.4321],[-89.0002,30.154],[-88.9332,30.1455],[-88.9342,30.3925],[-88.9562,30.3974],[-88.9614,30.4098],[-88.9509,30.4099],[-88.9508,30.4167],[-88.9425,30.4193],[-88.9386,30.4355],[-88.9172,30.4355],[-88.9171,30.4476],[-88.9444,30.4546],[-88.9499,30.448],[-88.9517,30.4538],[-88.9639,30.4539],[-88.9716,30.4445],[-88.9778,30.4476],[-88.9709,30.4511],[-88.991,30.4379],[-88.9865,30.4429],[-88.9941,30.4426],[-89.0014,30.4321]]]},"properties":{"geoid":"28117","state":"28","district":"117","name":"State House District 117","chamber":"House"}},{"type":"Feature","geometry":{"type":"Polygon","coordinates":[[[-89.1001,30.1721],[-89.0965,30.1658],[-89.0002,30.154],[-89.0014,30.4321],[-89.006,30.4289],[-89.0119,30.438],[-89.0084,30.4527],[-89.0356,30.4604],[-89.0418,30.4716],[-89.0696,30.4715],[-89.0696,30.4571],[-89.0751,30.4495],[-89.0311,30.4497],[-89.0313,30.4445],[-89.0526,30.4413],[-89.0526,30.4293],[-89.0694,30.4267],[-89.0591,30.4163],[-89.0622,30.4116],[-89.059,30.3944],[-89.0567,30.3905],[-89.0444,30.394],[-89.044,30.3822],[-89.0583,30.3785],[-89.0585,30.3751],[-89.0487,30.3775],[-89.0549,30.3743],[-89.0779,30.3697],[-89.0776,30.3547],[-89.096,30.3493],[-89.1001,30.1721]]]},"properties":{"geoid":"28118","state":"28","district":"118","name":"State House District 118","chamber":"House"}},{"type":"Feature","geometry":{"type":"Polygon","coordinates":[[[-89.1535,30.3842],[-89.1018,30.384],[-89.103,30.3766],[-89.1194,30.3766],[-89.1206,30.3718],[-89.1363,30.3692],[-89.1275,30.3586],[-89.1113,30.364],[-89.1136,30.3692],[-89.1088,30.3724],[-89.0953,30.3671],[-89.0953,30.3713],[-89.074,30.3744],[-89.0789,30.3816],[-89.0763,30.3852],[-89.063,30.3884],[-89.065,30.3768],[-89.044,30.3822],[-89.0444,30.394],[-89.0567,30.3905],[-89.059,30.3944],[-89.0622,30.4116],[-89.0591,30.4163],[-89.0694,30.4267],[-89.0526,30.4293],[-89.0526,30.4413],[-89.0313,30.4445],[-89.0311,30.4497],[-89.0899,30.4495],[-89.0918,30.442],[-89.0812,30.4413],[-89.086,30.4349],[-89.1266,30.4276],[-89.1307,30.4384],[-89.1429,30.4381],[-89.1431,30.4331],[-89.1368,30.4331],[-89.1366,30.4052],[-89.119,30.4001],[-89.1366,30.3979],[-89.1466,30.3892],[-89.1535,30.3931],[-89.1535,30.3842]]]},"properties":{"geoid":"28119","state":"28","district":"119","name":"State House District 119","chamber":"House"}},{"type":"Feature","geometry":{"type":"Polygon","coordinates":[[[-89.2039,30.3648],[-89.2039,30.36],[-89.1957,30.3616],[-89.1957,30.3542],[-89.1894,30.3542],[-89.1868,30.3392],[-89.1902,30.2095],[-89.1837,30.2122],[-89.1003,30.1679],[-89.096,30.3493],[-89.0776,30.3547],[-89.0779,30.3697],[-89.0487,30.3775],[-89.065,30.3768],[-89.063,30.3884],[-89.0763,30.3852],[-89.0789,30.3816],[-89.074,30.3744],[-89.0953,30.3713],[-89.0953,30.3671],[-89.1088,30.3724],[-89.1136,30.3692],[-89.1113,30.364],[-89.1275,30.3586],[-89.1363,30.3692],[-89.1206,30.3718],[-89.1194,30.3766],[-89.103,30.3766],[-89.1018,30.384],[-89.1534,30.3838],[-89.1535,30.3931],[-89.1466,30.3892],[-89.1366,30.3979],[-89.119,30.4001],[-89.1366,30.4052],[-89.1367,30.4244],[-89.1706,30.418],[-89.1705,30.4277],[-89.1918,30.4274],[-89.1871,30.3672],[-89.2039,30.3648]]]},"properties":{"geoid":"28120","state":"28","district":"120","name":"State House District 120","chamber":"House"}},{"type":"Feature","geometry":{"type":"Polygon","coordinates":[[[-89.3416,30.4598],[-89.3408,30.358],[-89.3111,30.3464],[-89.3068,30.3384],[-89.3061,30.1779],[-89.261,30.182],[-89.1902,30.2095],[-89.1868,30.3392],[-89.1894,30.3542],[-89.1957,30.3542],[-89.1957,30.3616],[-89.2039,30.3602],[-89.2039,30.3648],[-89.1871,30.3672],[-89.1918,30.4274],[-89.1705,30.4277],[-89.1706,30.418],[-89.1367,30.4244],[-89.1368,30.4331],[-89.1431,30.4331],[-89.1429,30.4381],[-89.1307,30.4384],[-89.1266,30.4276],[-89.0974,30.4357],[-89.1037,30.4517],[-89.1037,30.4772],[-89.1869,30.4782],[-89.1903,30.4709],[-89.2398,30.4718],[-89.2397,30.4492],[-89.2477,30.4651],[-89.2578,30.4633],[-89.2581,30.4711],[-89.2744,30.4836],[-89.305,30.4639],[-89.3416,30.4598]]]},"properties":{"geoid":"28121","state":"28","district":"121","name":"State House District 121","chamber":"House"}},{"type":"Feature","geometry":{"type":"Polygon","coordinates":[[[-89.6906,30.4577],[-89.6899,30.4531],[-89.6834,30.4515],[-89.685,30.4395],[-89.6775,30.4181],[-89.68,30.4116],[-89.6845,30.4123],[-89.6838,30.4058],[-89.6602,30.3734],[-89.6572,30.3566],[-89.6413,30.3462],[-89.6369,30.3476],[-89.6296,30.339],[-89.6327,30.328],[-89.6296,30.3216],[-89.634,30.3213],[-89.6262,30.3143],[-89.6403,30.3068],[-89.6404,30.2955],[-89.6472,30.2894],[-89.6385,30.2881],[-89.6313,30.2798],[-89.6323,30.2686],[-89.6253,30.2635],[-89.6316,30.257],[-89.614,30.2448],[-89.6157,30.2234],[-89.5966,30.212],[-89.5768,30.1832],[-89.5661,30.1812],[-89.5448,30.1943],[-89.5337,30.195],[-89.5112,30.1606],[-89.454,30.1662],[-89.4167,30.1776],[-89.3061,30.1779],[-89.3068,30.3384],[-89.3111,30.3464],[-89.3408,30.358],[-89.3678,30.3374],[-89.3928,30.3362],[-89.4026,30.3451],[-89.425,30.3302],[-89.4281,30.3391],[-89.4223,30.356],[-89.4485,30.3993],[-89.4355,30.4086],[-89.4309,30.4404],[-89.4366,30.4616],[-89.4301,30.4723],[-89.4431,30.4723],[-89.4431,30.5026],[-89.5278,30.5018],[-89.5278,30.4942],[-89.5449,30.4932],[-89.5712,30.5041],[-89.6002,30.4977],[-89.5992,30.5025],[-89.6471,30.5027],[-89.647,30.4589],[-89.6906,30.4577]]]},"properties":{"geoid":"28122","state":"28","district":"122","name":"State House District 122","chamber":"House"}}]}