{"type":"FeatureCollection","features":[{"type":"Feature","geometry":{"type":"Polygon","coordinates":[[[-90.21,34.6193],[-90.2066,34.6071],[-90.0918,34.6187],[-90.0886,34.5987],[-90.0919,34.5541],[-90.0327,34.5541],[-90.0305,34.6041],[-90.0266,34.6075],[-90.0336,34.6192],[-90.0037,34.6194],[-90.0035,34.6307],[-90.04,34.6298],[-90.075,34.6559],[-90.0752,34.6702],[-90.0396,34.6703],[-90.0397,34.6849],[-90.0174,34.6849],[-90.0121,34.6751],[-90.0074,34.6746],[-90.0098,34.6848],[-90.0048,34.6854],[-90.0054,34.6896],[-90.0168,34.6981],[-90.0238,34.6974],[-90.0264,34.7011],[-90.0215,34.702],[-90.0268,34.7026],[-90.028,34.7099],[-90.0004,34.716],[-90.0002,34.7202],[-89.9949,34.7167],[-89.99,34.7211],[-89.9861,34.7189],[-89.9816,34.7264],[-89.9541,34.7269],[-89.9555,34.7379],[-89.9251,34.7516],[-89.9192,34.76],[-89.9154,34.7582],[-89.9122,34.7725],[-89.7234,34.7723],[-89.7239,34.8783],[-89.7544,34.9065],[-89.755,34.9],[-89.7645,34.8983],[-89.7654,34.8927],[-89.7741,34.8927],[-89.7772,34.8866],[-89.7853,34.8881],[-89.7866,34.8784],[-89.7956,34.8717],[-89.7949,34.9039],[-89.8303,34.9037],[-89.8304,34.9331],[-89.8686,34.9332],[-89.871,34.9184],[-89.8887,34.9186],[-89.8919,34.9134],[-89.9126,34.9187],[-89.8953,34.8948],[-89.8924,34.8754],[-89.8803,34.8607],[-89.9369,34.8605],[-89.9368,34.948],[-89.9544,34.948],[-89.9635,34.9334],[-89.9722,34.9334],[-89.9723,34.9043],[-90.1313,34.9042],[-90.1316,34.8757],[-90.1442,34.8719],[-90.1481,34.8602],[-90.2021,34.8604],[-90.1995,34.6858],[-90.1803,34.6852],[-90.1801,34.6447],[-90.195,34.6347],[-90.2072,34.6346],[-90.21,34.6193]]]},"properties":{"geoid":"28001","state":"28","district":"1","name":"State Senate District 1","chamber":"Senate"}},{"type":"Feature","geometry":{"type":"Polygon","coordinates":[[[-90.485,34.868],[-90.4554,34.8208],[-90.4722,34.8091],[-90.4756,34.7909],[-90.4419,34.7347],[-90.4646,34.7164],[-90.462,34.708],[-90.4514,34.7128],[-90.4034,34.7137],[-90.4032,34.7066],[-90.3957,34.7069],[-90.3941,34.7],[-90.3755,34.702],[-90.3745,34.6847],[-90.3685,34.6811],[-90.3715,34.6703],[-90.3583,34.6701],[-90.3593,34.7176],[-90.3672,34.7251],[-90.3409,34.7762],[-90.2467,34.7722],[-90.2276,34.8427],[-90.2253,34.8779],[-90.1683,34.9336],[-90.1491,34.9332],[-90.1503,34.9463],[-90.142,34.9624],[-90.1138,34.9625],[-90.114,34.977],[-90.0882,34.977],[-90.0867,34.9625],[-90.0963,34.9625],[-90.0964,34.9479],[-90.0782,34.948],[-90.0783,34.9333],[-90.0518,34.9334],[-90.0518,34.9408],[-90.043,34.9335],[-90.0468,34.9557],[-90.0423,34.957],[-90.0342,34.9532],[-90.0342,34.9481],[-89.9967,34.9481],[-89.9943,34.9336],[-89.9883,34.9336],[-89.993,34.9478],[-89.9811,34.9481],[-89.9804,34.9627],[-89.9899,34.9627],[-89.9899,34.9772],[-89.9544,34.977],[-89.9544,34.9701],[-89.9452,34.9682],[-89.9368,34.9717],[-89.9367,34.9764],[-89.9014,34.9763],[-89.9014,34.9626],[-89.9189,34.9624],[-89.919,34.9479],[-89.9012,34.9477],[-89.8918,34.9477],[-89.8921,34.9741],[-89.8837,34.9735],[-89.8837,34.9674],[-89.8735,34.9673],[-89.8658,34.9694],[-89.8647,34.9767],[-89.8784,34.9944],[-90.3084,34.9957],[-90.2952,34.9756],[-90.2452,34.9479],[-90.2413,34.9214],[-90.2449,34.906],[-90.2579,34.8934],[-90.3177,34.8711],[-90.3151,34.8641],[-90.3029,34.8575],[-90.308,34.8458],[-90.3224,34.8461],[-90.3384,34.8585],[-90.3894,34.8307],[-90.4387,34.8252],[-90.4497,34.8399],[-90.4294,34.8664],[-90.4375,34.8838],[-90.4646,34.8913],[-90.4803,34.8824],[-90.485,34.868]]]},"properties":{"geoid":"28002","state":"28","district":"2","name":"State Senate District 2","chamber":"Senate"}},{"type":"Feature","geometry":{"type":"Polygon","coordinates":[[[-89.4955,34.876],[-89.494,34.8607],[-89.4762,34.8609],[-89.4756,34.787],[-89.4667,34.787],[-89.4666,34.7804],[-89.4578,34.7799],[-89.4577,34.773],[-89.4486,34.7703],[-89.4367,34.7719],[-89.4364,34.7843],[-89.4223,34.7843],[-89.4223,34.752],[-89.3062,34.6941],[-89.3011,34.7095],[-89.3035,34.7162],[-89.2988,34.7214],[-89.2983,34.5829],[-89.2456,34.5832],[-89.2456,34.5976],[-89.1411,34.5979],[-89.1405,34.4963],[-89.1053,34.4964],[-89.1048,34.438],[-89.034,34.4384],[-89.0338,34.38],[-89.2463,34.3793],[-89.2464,34.3338],[-89.2425,34.3294],[-89.2198,34.3259],[-89.141,34.3289],[-89.1407,34.2633],[-89.1055,34.2634],[-89.1056,34.2489],[-89.037,34.2491],[-89.0369,34.2373],[-89.0442,34.2363],[-89.0506,34.2198],[-88.988,34.2224],[-88.9884,34.2457],[-88.9609,34.2493],[-88.948,34.2493],[-88.9484,34.2204],[-88.8955,34.2203],[-88.896,34.2349],[-88.8888,34.2351],[-88.8775,34.2351],[-88.8778,34.2204],[-88.825,34.2207],[-88.8251,34.3939],[-88.7898,34.3937],[-88.7894,34.4949],[-88.7367,34.4947],[-88.7365,34.5089],[-88.5417,34.5092],[-88.5421,34.4653],[-88.5069,34.4655],[-88.5071,34.5674],[-88.5774,34.5674],[-88.5774,34.5966],[-88.6125,34.5964],[-88.6127,34.6182],[-88.6705,34.6186],[-88.6704,34.5965],[-89.0885,34.5982],[-89.0881,34.8153],[-89.0353,34.8153],[-89.035,34.8588],[-89.0176,34.8587],[-89.0171,34.995],[-89.3527,34.9939],[-89.3529,34.9173],[-89.4233,34.918],[-89.4229,34.9036],[-89.4413,34.9032],[-89.4408,34.8437],[-89.4648,34.865],[-89.4773,34.8655],[-89.4863,34.8742],[-89.4955,34.876]]]},"properties":{"geoid":"28003","state":"28","district":"3","name":"State Senate District 3","chamber":"Senate"}},{"type":"Feature","geometry":{"type":"Polygon","coordinates":[[[-89.0886,34.7535],[-89.0885,34.5982],[-88.7178,34.5965],[-88.7185,34.7568],[-88.3655,34.7556],[-88.3635,34.9955],[-89.0171,34.995],[-89.0176,34.8587],[-89.035,34.8588],[-89.0353,34.8153],[-89.0881,34.8153],[-89.0886,34.7535]]]},"properties":{"geoid":"28004","state":"28","district":"4","name":"State Senate District 4","chamber":"Senate"}},{"type":"Feature","geometry":{"type":"Polygon","coordinates":[[[-88.719,34.7354],[-88.7178,34.5965],[-88.6704,34.5965],[-88.6705,34.6186],[-88.6127,34.6182],[-88.6125,34.5964],[-88.5774,34.5966],[-88.5774,34.5674],[-88.5071,34.5674],[-88.5069,34.4655],[-88.5421,34.4653],[-88.5437,34.1921],[-88.5221,34.1938],[-88.5182,34.1854],[-88.5089,34.1842],[-88.509,34.1915],[-88.4972,34.1924],[-88.498,34.2061],[-88.4875,34.2131],[-88.4594,34.2001],[-88.459,34.2095],[-88.4427,34.2018],[-88.4281,34.2024],[-88.4184,34.2066],[-88.4223,34.2145],[-88.4128,34.2156],[-88.3998,34.2051],[-88.397,34.1919],[-88.402,34.1922],[-88.4034,34.1875],[-88.3873,34.1874],[-88.3838,34.1823],[-88.3885,34.1795],[-88.3834,34.1777],[-88.3905,34.1733],[-88.3815,34.1685],[-88.3793,34.179],[-88.3879,34.2042],[-88.377,34.204],[-88.3681,34.215],[-88.3683,34.2222],[-88.3583,34.222],[-88.3584,34.2151],[-88.3503,34.2152],[-88.35,34.1912],[-88.2964,34.1941],[-88.2843,34.2168],[-88.291,34.2213],[-88.2843,34.2333],[-88.2864,34.2505],[-88.2801,34.2542],[-88.2734,34.2761],[-88.2625,34.2846],[-88.2636,34.2945],[-88.2152,34.2938],[-88.2121,34.2988],[-88.1773,34.2923],[-88.0979,34.8922],[-88.132,34.905],[-88.1524,34.9197],[-88.2,34.9956],[-88.3635,34.9955],[-88.3655,34.7556],[-88.7185,34.7568],[-88.719,34.7354]]]},"properties":{"geoid":"28005","state":"28","district":"5","name":"State Senate District 5","chamber":"Senate"}},{"type":"Feature","geometry":{"type":"Polygon","coordinates":[[[-88.8256,34.3303],[-88.8248,34.206],[-88.7812,34.2061],[-88.7792,34.2183],[-88.766,34.2361],[-88.7599,34.2253],[-88.7463,34.2243],[-88.7462,34.221],[-88.7199,34.2249],[-88.7167,34.2485],[-88.7463,34.247],[-88.7463,34.2554],[-88.7381,34.256],[-88.7377,34.2648],[-88.72,34.2646],[-88.7245,34.2521],[-88.72,34.2522],[-88.7206,34.2573],[-88.7113,34.2573],[-88.7155,34.283],[-88.7082,34.2965],[-88.6971,34.2932],[-88.7099,34.2209],[-88.6738,34.2233],[-88.6555,34.2513],[-88.6497,34.2513],[-88.6495,34.2355],[-88.6146,34.2357],[-88.614,34.1622],[-88.5439,34.1621],[-88.5417,34.5092],[-88.7365,34.5089],[-88.7367,34.4947],[-88.7894,34.4949],[-88.7898,34.3937],[-88.8251,34.3939],[-88.8256,34.3303]]]},"properties":{"geoid":"28006","state":"28","district":"6","name":"State Senate District 6","chamber":"Senate"}},{"type":"Feature","geometry":{"type":"Polygon","coordinates":[[[-88.8248,34.206],[-88.8245,34.0749],[-88.719,34.0745],[-88.7196,33.6803],[-88.4971,33.6802],[-88.5007,33.6889],[-88.4881,33.6911],[-88.483,33.696],[-88.4883,33.6974],[-88.4879,33.7014],[-88.4718,33.7059],[-88.4861,33.7056],[-88.4998,33.7178],[-88.4965,33.7243],[-88.4992,33.7329],[-88.4895,33.7366],[-88.4974,33.7511],[-88.508,33.7489],[-88.5091,33.7574],[-88.4928,33.7694],[-88.4989,33.7693],[-88.4985,33.79],[-88.5165,33.8197],[-88.5088,33.8321],[-88.508,33.8433],[-88.5223,33.8415],[-88.5207,33.8505],[-88.5316,33.8539],[-88.5243,33.8612],[-88.5282,33.874],[-88.5095,33.8876],[-88.4707,33.884],[-88.4683,33.8926],[-88.4082,33.9271],[-88.4075,33.959],[-88.2556,33.9571],[-88.2567,33.98],[-88.2471,33.9826],[-88.2323,34.0019],[-88.2133,34.0105],[-88.1773,34.2923],[-88.2121,34.2988],[-88.2152,34.2938],[-88.2636,34.2945],[-88.2625,34.2846],[-88.2734,34.2761],[-88.2801,34.2542],[-88.2864,34.2505],[-88.2843,34.2333],[-88.291,34.2213],[-88.2843,34.2168],[-88.2964,34.1941],[-88.35,34.1912],[-88.3503,34.2152],[-88.3584,34.2151],[-88.3583,34.222],[-88.3683,34.2222],[-88.3681,34.215],[-88.377,34.204],[-88.3879,34.2042],[-88.3793,34.179],[-88.3815,34.1685],[-88.3905,34.1733],[-88.3834,34.1777],[-88.3885,34.1795],[-88.3838,34.1823],[-88.3873,34.1874],[-88.4034,34.1875],[-88.402,34.1922],[-88.397,34.1919],[-88.3998,34.2051],[-88.4128,34.2156],[-88.4223,34.2145],[-88.4184,34.2066],[-88.4281,34.2024],[-88.4427,34.2018],[-88.459,34.2095],[-88.4594,34.2001],[-88.4875,34.2131],[-88.498,34.2061],[-88.4972,34.1924],[-88.509,34.1915],[-88.5089,34.1842],[-88.5182,34.1854],[-88.5221,34.1938],[-88.544,34.1926],[-88.5439,34.1621],[-88.614,34.1622],[-88.6146,34.2357],[-88.6495,34.2355],[-88.6497,34.2513],[-88.6555,34.2513],[-88.6737,34.2233],[-88.7099,34.2209],[-88.6971,34.2932],[-88.7082,34.2965],[-88.7155,34.283],[-88.7113,34.2573],[-88.7206,34.2573],[-88.72,34.2522],[-88.7245,34.2521],[-88.72,34.2646],[-88.7377,34.2648],[-88.7381,34.256],[-88.7463,34.2554],[-88.7463,34.247],[-88.7167,34.2485],[-88.7199,34.2249],[-88.7462,34.221],[-88.7463,34.2243],[-88.7599,34.2253],[-88.766,34.2361],[-88.7792,34.2183],[-88.7812,34.2061],[-88.8248,34.206]]]},"properties":{"geoid":"28007","state":"28","district":"7","name":"State Senate District 7","chamber":"Senate"}},{"type":"Feature","geometry":{"type":"Polygon","coordinates":[[[-89.9317,34.1452],[-89.9255,34.1406],[-89.9261,33.898],[-89.7693,33.8971],[-89.7691,33.8673],[-89.5074,33.8675],[-89.5071,33.7218],[-89.1919,33.7222],[-89.1918,33.7386],[-89.0345,33.7394],[-89.0348,33.7542],[-88.9316,33.7543],[-88.9312,33.8124],[-88.72,33.8113],[-88.719,34.0745],[-88.8245,34.0749],[-88.825,34.2207],[-88.8778,34.2204],[-88.8775,34.2351],[-88.8888,34.2351],[-88.896,34.2349],[-88.8955,34.2203],[-88.9484,34.2204],[-88.948,34.2493],[-88.9609,34.2493],[-88.9884,34.2457],[-88.988,34.2224],[-89.0506,34.2198],[-89.0442,34.2363],[-89.0369,34.2373],[-89.037,34.2491],[-89.1056,34.2489],[-89.1055,34.2634],[-89.1407,34.2633],[-89.141,34.3289],[-89.2198,34.3259],[-89.2425,34.3294],[-89.2464,34.3338],[-89.2455,34.1612],[-89.4208,34.1619],[-89.4216,34.2341],[-89.4568,34.2346],[-89.4566,34.2782],[-89.4918,34.2785],[-89.4934,34.284],[-89.5269,34.2749],[-89.5268,34.2924],[-89.5443,34.2918],[-89.5363,34.3141],[-89.5573,34.3141],[-89.5532,34.3277],[-89.56,34.3299],[-89.5524,34.3365],[-89.6143,34.3372],[-89.6143,34.3141],[-89.6319,34.314],[-89.6319,34.3225],[-89.6558,34.3227],[-89.6611,34.3071],[-89.6645,34.3132],[-89.6654,34.2855],[-89.6739,34.2854],[-89.6856,34.2688],[-89.702,34.2665],[-89.7062,34.2577],[-89.7155,34.2574],[-89.7202,34.264],[-89.7214,34.1635],[-89.9315,34.1643],[-89.9317,34.1452]]]},"properties":{"geoid":"28008","state":"28","district":"8","name":"State Senate District 8","chamber":"Senate"}},{"type":"Feature","geometry":{"type":"Polygon","coordinates":[[[-90.0022,34.3723],[-89.9952,34.3654],[-89.9953,34.3578],[-89.9679,34.3476],[-89.9646,34.3282],[-89.9529,34.3162],[-89.9587,34.3095],[-89.992,34.3008],[-89.9964,34.2811],[-89.8602,34.2807],[-89.8593,34.32],[-89.7685,34.3331],[-89.721,34.3492],[-89.7202,34.264],[-89.7103,34.2566],[-89.7031,34.2594],[-89.7018,34.2667],[-89.6855,34.2688],[-89.6735,34.2857],[-89.6654,34.2855],[-89.6645,34.3132],[-89.6611,34.3071],[-89.6558,34.3227],[-89.6319,34.3225],[-89.6319,34.314],[-89.6143,34.3141],[-89.6143,34.3372],[-89.5529,34.3367],[-89.56,34.3299],[-89.5532,34.3277],[-89.5573,34.3141],[-89.5363,34.3141],[-89.5443,34.2918],[-89.5268,34.2924],[-89.5269,34.2749],[-89.4934,34.284],[-89.4918,34.2785],[-89.4566,34.2782],[-89.4568,34.2346],[-89.4216,34.2341],[-89.4208,34.1619],[-89.2455,34.1612],[-89.2463,34.3793],[-89.3535,34.3793],[-89.3492,34.3943],[-89.3518,34.4515],[-89.3599,34.4485],[-89.3744,34.4527],[-89.3884,34.4371],[-89.4088,34.4324],[-89.4113,34.4373],[-89.4424,34.4387],[-89.4585,34.4309],[-89.4619,34.437],[-89.5166,34.4376],[-89.5117,34.4462],[-89.5223,34.4547],[-89.5457,34.4572],[-89.5589,34.4713],[-89.5729,34.476],[-89.6102,34.5046],[-89.511,34.5545],[-89.7213,34.5543],[-89.7209,34.4509],[-89.9227,34.4516],[-89.9172,34.4338],[-89.8816,34.4374],[-89.8742,34.4441],[-89.8635,34.4232],[-89.8626,34.3863],[-89.8824,34.3875],[-89.8893,34.3791],[-89.9849,34.3796],[-90.0022,34.3723]]]},"properties":{"geoid":"28009","state":"28","district":"9","name":"State Senate District 9","chamber":"Senate"}},{"type":"Feature","geometry":{"type":"Polygon","coordinates":[[[-90.0752,34.6702],[-90.075,34.6559],[-90.04,34.6298],[-90.0035,34.6307],[-90.0037,34.6194],[-90.0336,34.6192],[-90.0266,34.6075],[-90.0305,34.6041],[-90.0327,34.5541],[-89.511,34.5545],[-89.6102,34.5046],[-89.5729,34.476],[-89.5589,34.4713],[-89.5457,34.4572],[-89.5223,34.4547],[-89.5117,34.4462],[-89.5166,34.4376],[-89.4619,34.437],[-89.4585,34.4309],[-89.4424,34.4387],[-89.4113,34.4373],[-89.4088,34.4324],[-89.3884,34.4371],[-89.3744,34.4527],[-89.3599,34.4485],[-89.3518,34.4515],[-89.3492,34.3943],[-89.3535,34.3793],[-89.0338,34.38],[-89.034,34.4384],[-89.1048,34.438],[-89.1053,34.4964],[-89.1405,34.4963],[-89.1411,34.5979],[-89.2456,34.5976],[-89.2456,34.5832],[-89.2983,34.5829],[-89.2988,34.7214],[-89.3035,34.7162],[-89.3011,34.7095],[-89.3062,34.6941],[-89.4223,34.752],[-89.4223,34.7843],[-89.4364,34.7843],[-89.4367,34.7719],[-89.4486,34.7703],[-89.4577,34.773],[-89.4578,34.7799],[-89.4666,34.7804],[-89.4667,34.787],[-89.4756,34.787],[-89.4762,34.8609],[-89.494,34.8607],[-89.4955,34.876],[-89.4863,34.8742],[-89.4773,34.8655],[-89.4648,34.865],[-89.4408,34.8437],[-89.4413,34.9032],[-89.4229,34.9036],[-89.4233,34.918],[-89.3529,34.9173],[-89.3527,34.9939],[-89.7243,34.9948],[-89.7234,34.7723],[-89.9122,34.7725],[-89.9154,34.7582],[-89.9192,34.76],[-89.9251,34.7516],[-89.9555,34.7379],[-89.9541,34.7269],[-89.9816,34.7264],[-89.9861,34.7189],[-89.99,34.7211],[-89.9949,34.7167],[-90.0002,34.7202],[-90.0004,34.716],[-90.028,34.7099],[-90.0268,34.7026],[-90.0215,34.702],[-90.0264,34.7011],[-90.0238,34.6974],[-90.0168,34.6981],[-90.0054,34.6896],[-90.0048,34.6854],[-90.0098,34.6848],[-90.0074,34.6746],[-90.0121,34.6751],[-90.0174,34.6849],[-90.0397,34.6849],[-90.0396,34.6703],[-90.0752,34.6702]]]},"properties":{"geoid":"28010","state":"28","district":"10","name":"State Senate District 10","chamber":"Senate"}},{"type":"Feature","geometry":{"type":"Polygon","coordinates":[[[-90.6419,34.2121],[-90.6419,34.2051],[-90.6114,34.2016],[-90.59,34.1845],[-90.5905,34.1172],[-90.5679,34.1173],[-90.568,34.1086],[-90.56,34.1083],[-90.5543,34.117],[-90.5165,34.1168],[-90.5448,34.1594],[-90.4685,34.1609],[-90.4537,34.1547],[-90.4544,34.1586],[-90.4507,34.1537],[-90.451,34.0729],[-90.1357,34.0729],[-90.1344,34.2655],[-90.1941,34.3014],[-90.1986,34.5544],[-90.0919,34.5541],[-90.0886,34.5987],[-90.0918,34.6187],[-90.119,34.6134],[-90.2076,34.609],[-90.2074,34.6345],[-90.1947,34.6348],[-90.1801,34.6447],[-90.1799,34.6526],[-90.1803,34.6852],[-90.1995,34.6858],[-90.2021,34.8604],[-90.1481,34.8602],[-90.1442,34.8719],[-90.1316,34.8757],[-90.1313,34.9042],[-89.9723,34.9043],[-89.9722,34.9334],[-89.9635,34.9334],[-89.9571,34.9409],[-89.9544,34.9625],[-89.9804,34.9627],[-89.9811,34.9481],[-89.993,34.9478],[-89.9883,34.9336],[-89.9943,34.9336],[-89.9967,34.9481],[-90.0342,34.9481],[-90.0342,34.9532],[-90.0423,34.957],[-90.0468,34.9557],[-90.043,34.9335],[-90.0518,34.9408],[-90.0518,34.9334],[-90.0723,34.9332],[-90.0786,34.9336],[-90.0782,34.948],[-90.0964,34.9479],[-90.0963,34.9625],[-90.0867,34.9625],[-90.0882,34.977],[-90.114,34.977],[-90.1138,34.9625],[-90.142,34.9624],[-90.1503,34.9463],[-90.1491,34.9332],[-90.1683,34.9336],[-90.2253,34.8779],[-90.2276,34.8427],[-90.2467,34.7722],[-90.3409,34.7762],[-90.3672,34.7251],[-90.3593,34.7176],[-90.3583,34.6701],[-90.3715,34.6703],[-90.3685,34.6811],[-90.3745,34.6847],[-90.3755,34.702],[-90.3941,34.7],[-90.3957,34.7069],[-90.4032,34.7066],[-90.4034,34.7137],[-90.4514,34.7128],[-90.462,34.708],[-90.4646,34.7164],[-90.4419,34.7347],[-90.4482,34.7401],[-90.4602,34.7295],[-90.4833,34.7222],[-90.5,34.7217],[-90.5242,34.7314],[-90.4941,34.7576],[-90.4928,34.7725],[-90.5114,34.79],[-90.5139,34.8],[-90.5264,34.8017],[-90.5408,34.7958],[-90.5478,34.7833],[-90.5411,34.7506],[-90.5456,34.7389],[-90.5667,34.735],[-90.5719,34.7128],[-90.5296,34.6958],[-90.4742,34.7053],[-90.4662,34.6991],[-90.4629,34.6838],[-90.4709,34.6677],[-90.506,34.6382],[-90.5342,34.6275],[-90.5465,34.631],[-90.5549,34.6452],[-90.5526,34.6593],[-90.5401,34.6764],[-90.5419,34.6839],[-90.5562,34.6936],[-90.5701,34.6934],[-90.5684,34.6689],[-90.5832,34.652],[-90.5916,34.621],[-90.5738,34.5921],[-90.5396,34.5539],[-90.5441,34.5377],[-90.5679,34.524],[-90.3975,34.4226],[-90.3996,34.3787],[-90.5207,34.3782],[-90.5202,34.3933],[-90.5379,34.3932],[-90.5375,34.3788],[-90.5524,34.3791],[-90.5535,34.2475],[-90.6223,34.2483],[-90.6228,34.2323],[-90.6242,34.2484],[-90.6409,34.2483],[-90.6419,34.2121]]]},"properties":{"geoid":"28011","state":"28","district":"11","name":"State Senate District 11","chamber":"Senate"}},{"type":"Feature","geometry":{"type":"Polygon","coordinates":[[[-91.2359,33.4403],[-91.2065,33.4339],[-91.1772,33.4439],[-91.1695,33.4526],[-91.1775,33.483],[-91.1703,33.4979],[-91.1337,33.4827],[-91.1224,33.4698],[-91.1169,33.4533],[-91.1319,33.4303],[-91.1753,33.4171],[-91.1996,33.4182],[-91.2093,33.4065],[-91.2041,33.3983],[-91.1799,33.384],[-91.1481,33.3788],[-91.1201,33.389],[-91.1,33.4066],[-91.0952,33.4179],[-91.0965,33.4379],[-91.0869,33.4514],[-91.0691,33.4557],[-91.0581,33.4469],[-91.0581,33.429],[-91.0647,33.4182],[-91.1032,33.3856],[-91.1208,33.3633],[-91.1422,33.349],[-91.1414,33.2988],[-91.1255,33.2801],[-91.1281,33.2686],[-91.1177,33.2612],[-91.1058,33.2415],[-91.0985,33.2387],[-91.0856,33.275],[-91.078,33.2836],[-91.0552,33.2863],[-91.0439,33.2758],[-91.0505,33.2512],[-91.0708,33.2274],[-91.1003,33.2194],[-91.0804,33.1801],[-91.086,33.1363],[-91.1027,33.1304],[-91.1339,33.1291],[-91.1505,33.1309],[-91.1631,33.1422],[-91.1832,33.1418],[-91.1924,33.1373],[-91.2018,33.124],[-91.1999,33.1068],[-91.1816,33.0988],[-91.1729,33.0886],[-91.1502,33.0821],[-91.1208,33.0581],[-91.1278,33.0348],[-91.1594,33.0217],[-91.1661,33.0113],[-90.9143,33.0077],[-90.9145,33.0974],[-90.683,33.0983],[-90.6796,33.1146],[-90.6882,33.1159],[-90.6895,33.1235],[-90.6977,33.1213],[-90.7006,33.1251],[-90.6985,33.138],[-90.6881,33.1485],[-90.6897,33.1581],[-90.6838,33.174],[-90.6867,33.1877],[-90.679,33.1997],[-90.6883,33.2085],[-90.7136,33.2184],[-90.7223,33.229],[-90.7323,33.2297],[-90.7291,33.2527],[-90.732,33.2634],[-90.7163,33.27],[-90.7638,33.2704],[-90.7645,33.4457],[-90.7605,33.4458],[-90.7635,33.5577],[-90.7951,33.558],[-90.7953,33.5784],[-90.8082,33.5965],[-90.7981,33.605],[-90.7984,33.6316],[-90.7634,33.6313],[-90.763,33.7331],[-90.8149,33.7337],[-90.8158,33.7479],[-90.7994,33.7647],[-90.8052,33.7731],[-90.8234,33.7824],[-90.8117,33.787],[-90.8154,33.792],[-90.8153,33.8212],[-90.8676,33.8208],[-90.8708,33.918],[-90.824,33.9182],[-90.8236,33.9307],[-90.7977,33.9275],[-90.7979,33.9523],[-90.7877,33.9524],[-90.7903,33.9595],[-90.8132,33.9625],[-90.8111,33.9886],[-90.7211,33.9849],[-90.7116,33.9881],[-90.451,33.9857],[-90.4524,34.1563],[-90.4685,34.1609],[-90.5435,34.1598],[-90.5165,34.1168],[-90.5543,34.117],[-90.56,34.1083],[-90.568,34.1086],[-90.5679,34.1173],[-90.5905,34.1172],[-90.5891,34.1829],[-90.6114,34.2016],[-90.6419,34.2051],[-90.6409,34.2483],[-90.6242,34.2484],[-90.6228,34.2323],[-90.6223,34.2483],[-90.5535,34.2475],[-90.5524,34.3791],[-90.5375,34.3788],[-90.5379,34.3932],[-90.5202,34.3933],[-90.5207,34.3782],[-90.3996,34.3787],[-90.3975,34.4226],[-90.5679,34.524],[-90.5718,34.5228],[-90.5829,34.513],[-90.5939,34.4842],[-90.5777,34.4324],[-90.5817,34.4179],[-90.5908,34.4043],[-90.606,34.3933],[-90.6409,34.3889],[-90.6585,34.3757],[-90.6554,34.3718],[-90.6669,34.3558],[-90.6575,34.3222],[-90.6615,34.3152],[-90.6781,34.3131],[-90.6931,34.3226],[-90.6915,34.3386],[-90.6815,34.3526],[-90.6763,34.3713],[-90.7158,34.3603],[-90.7573,34.3674],[-90.7683,34.3598],[-90.7694,34.3497],[-90.7418,34.32],[-90.7352,34.3026],[-90.738,34.2893],[-90.7529,34.2746],[-90.7683,34.2695],[-90.8167,34.2806],[-90.8296,34.2786],[-90.8405,34.238],[-90.8381,34.22],[-90.8471,34.2061],[-90.8923,34.2229],[-90.9063,34.2444],[-90.9229,34.2465],[-90.9355,34.2378],[-90.9345,34.2179],[-90.9144,34.1957],[-90.8867,34.1825],[-90.8544,34.1868],[-90.8175,34.1832],[-90.8095,34.1777],[-90.8076,34.1618],[-90.8226,34.1441],[-90.8453,34.1369],[-90.8646,34.1406],[-90.8944,34.1611],[-90.91,34.1655],[-90.9586,34.1355],[-90.9586,34.1224],[-90.9456,34.108],[-90.9189,34.0928],[-90.8831,34.0967],[-90.8728,34.0879],[-90.8711,34.0802],[-90.888,34.0549],[-90.8865,34.0377],[-90.894,34.0262],[-90.9195,34.0213],[-90.9646,34.0268],[-90.9882,34.0192],[-90.9799,33.9979],[-90.9613,33.979],[-90.9683,33.9632],[-90.9843,33.9602],[-91,33.9664],[-91.0189,34.0032],[-91.0467,33.9924],[-91.0731,34.0086],[-91.0864,34.0061],[-91.0907,33.9887],[-91.0865,33.9578],[-91.0191,33.9421],[-91.0102,33.9322],[-91.033,33.8998],[-91.0713,33.8708],[-91.0694,33.8433],[-91.0491,33.816],[-91.0005,33.7995],[-90.9916,33.7923],[-90.9888,33.7831],[-90.9976,33.7708],[-91.0175,33.7642],[-91.0534,33.7783],[-91.1087,33.7717],[-91.1294,33.7837],[-91.1449,33.7683],[-91.141,33.7581],[-91.1488,33.7314],[-91.1336,33.7153],[-91.1176,33.7053],[-91.1053,33.7047],[-91.0692,33.716],[-91.0592,33.7145],[-91.0302,33.6875],[-91.0327,33.6756],[-91.0401,33.6701],[-91.0798,33.658],[-91.0931,33.6582],[-91.1309,33.6749],[-91.1604,33.7066],[-91.2121,33.7001],[-91.2271,33.6902],[-91.2303,33.675],[-91.2205,33.6614],[-91.1807,33.653],[-91.1622,33.6443],[-91.1369,33.6262],[-91.1287,33.6068],[-91.1362,33.5909],[-91.1641,33.5705],[-91.2201,33.5688],[-91.2334,33.5627],[-91.2334,33.5535],[-91.2188,33.5294],[-91.1854,33.5075],[-91.1825,33.4998],[-91.2075,33.4695],[-91.2317,33.4569],[-91.2359,33.4403]]]},"properties":{"geoid":"28012","state":"28","district":"12","name":"State Senate District 12","chamber":"Senate"}},{"type":"Feature","geometry":{"type":"Polygon","coordinates":[[[-90.8704,33.918],[-90.8676,33.8208],[-90.8153,33.8212],[-90.8154,33.792],[-90.8117,33.787],[-90.8234,33.7824],[-90.8052,33.7731],[-90.7994,33.7647],[-90.8158,33.7479],[-90.8149,33.7337],[-90.763,33.7331],[-90.7634,33.6313],[-90.7984,33.6316],[-90.7981,33.605],[-90.8082,33.5965],[-90.7953,33.5784],[-90.7951,33.558],[-90.7635,33.5577],[-90.7605,33.4458],[-90.7645,33.4457],[-90.7638,33.2704],[-90.5552,33.2705],[-90.5555,33.3292],[-90.4532,33.3295],[-90.4506,33.9084],[-90.4346,33.8978],[-90.3906,33.8975],[-90.3762,33.9042],[-90.3399,33.9366],[-90.349,33.9447],[-90.3495,33.9542],[-90.3559,33.9603],[-90.3683,33.9621],[-90.3725,33.9723],[-90.3574,33.9867],[-90.3462,33.9869],[-90.3445,34.0121],[-90.3589,34.031],[-90.3466,34.0332],[-90.3431,34.0398],[-90.357,34.0617],[-90.351,34.0728],[-90.451,34.0729],[-90.451,33.9857],[-90.7116,33.9881],[-90.7211,33.9849],[-90.8111,33.9886],[-90.8132,33.9625],[-90.7903,33.9595],[-90.7877,33.9524],[-90.7979,33.9523],[-90.7977,33.9275],[-90.8236,33.9307],[-90.824,33.9182],[-90.8704,33.918]]]},"properties":{"geoid":"28013","state":"28","district":"13","name":"State Senate District 13","chamber":"Senate"}},{"type":"Feature","geometry":{"type":"Polygon","coordinates":[[[-90.2053,33.5321],[-90.1994,33.5287],[-90.1926,33.5315],[-90.1842,33.5217],[-90.1638,33.531],[-90.1639,33.5217],[-90.1505,33.5226],[-90.1507,33.5103],[-90.1016,33.5102],[-90.1014,33.4589],[-90.1376,33.4591],[-90.1378,33.4165],[-90.1748,33.417],[-90.1746,33.3334],[-89.7486,33.2116],[-89.7162,33.2122],[-89.715,33.1367],[-89.6338,33.1374],[-89.6128,33.1153],[-89.5939,33.079],[-89.5901,33.0819],[-89.59,33.0785],[-89.5978,33.0784],[-89.5978,33.0653],[-89.5878,33.0626],[-89.5888,33.0489],[-89.5816,33.0432],[-89.594,33.0398],[-89.5844,33.0277],[-89.5929,33.021],[-89.6044,32.9632],[-89.6015,32.9548],[-89.6065,32.9408],[-89.602,32.9309],[-89.3192,32.9317],[-89.3164,33.2856],[-89.5235,33.2859],[-89.5235,33.3295],[-89.5411,33.3294],[-89.5397,33.3488],[-89.5548,33.355],[-89.5636,33.3537],[-89.5706,33.3622],[-89.5971,33.3695],[-89.6141,33.383],[-89.6413,33.3717],[-89.6455,33.3654],[-89.6463,33.4025],[-89.7156,33.4021],[-89.7158,33.4168],[-89.7273,33.4167],[-89.7216,33.4297],[-89.7291,33.4456],[-89.7157,33.4458],[-89.7146,33.4415],[-89.7053,33.458],[-89.7257,33.4729],[-89.7397,33.4685],[-89.7422,33.4738],[-89.7503,33.4736],[-89.7541,33.469],[-89.7505,33.4866],[-89.736,33.4878],[-89.7358,33.4827],[-89.7303,33.4824],[-89.7302,33.478],[-89.7357,33.4792],[-89.7328,33.4744],[-89.7279,33.475],[-89.7269,33.4863],[-89.7071,33.4758],[-89.6806,33.4764],[-89.6806,33.4795],[-89.6348,33.4744],[-89.6279,33.4746],[-89.6282,33.4888],[-89.5928,33.4895],[-89.5928,33.5181],[-89.6666,33.5176],[-89.6595,33.5305],[-89.6432,33.5294],[-89.6371,33.5432],[-89.6455,33.5485],[-89.6454,33.5759],[-89.5906,33.5765],[-89.5904,33.5857],[-89.5821,33.588],[-89.5768,33.5876],[-89.5758,33.5768],[-89.5066,33.5763],[-89.5074,33.8675],[-89.7691,33.8673],[-89.7693,33.8971],[-89.9261,33.898],[-89.9263,33.8239],[-89.9783,33.824],[-89.9784,33.8097],[-90.1365,33.8093],[-90.137,33.6769],[-90.122,33.6735],[-90.1178,33.6619],[-90.103,33.6612],[-90.1082,33.655],[-90.1018,33.6511],[-90.1091,33.6315],[-90.1053,33.6123],[-90.1084,33.6059],[-90.1145,33.6099],[-90.1169,33.6041],[-90.1278,33.6073],[-90.1382,33.5931],[-90.1366,33.5881],[-90.154,33.5749],[-90.164,33.5732],[-90.1658,33.563],[-90.2053,33.5321]]]},"properties":{"geoid":"28014","state":"28","district":"14","name":"State Senate District 14","chamber":"Senate"}},{"type":"Feature","geometry":{"type":"Polygon","coordinates":[[[-89.754,33.4695],[-89.7503,33.4736],[-89.7422,33.4738],[-89.7397,33.4685],[-89.7247,33.4727],[-89.7053,33.458],[-89.7146,33.4415],[-89.7157,33.4458],[-89.7291,33.4456],[-89.7216,33.4297],[-89.7273,33.4167],[-89.7158,33.4168],[-89.7156,33.4021],[-89.6463,33.4025],[-89.6455,33.3654],[-89.6413,33.3717],[-89.6141,33.383],[-89.5971,33.3695],[-89.5706,33.3622],[-89.5636,33.3537],[-89.5548,33.355],[-89.5397,33.3488],[-89.5411,33.3294],[-89.5235,33.3295],[-89.5235,33.2859],[-89.3164,33.2856],[-89.3179,33.1089],[-89.2139,33.1094],[-89.2134,33.1975],[-89.1089,33.1981],[-89.1089,33.2859],[-88.9007,33.2863],[-88.9072,33.2963],[-88.9087,33.3152],[-88.896,33.3361],[-88.8781,33.3511],[-88.8673,33.3867],[-88.8642,33.391],[-88.8581,33.3873],[-88.8473,33.4011],[-88.835,33.4274],[-88.8366,33.4359],[-88.828,33.4358],[-88.8279,33.4323],[-88.822,33.4375],[-88.8223,33.4515],[-88.8192,33.4498],[-88.8268,33.403],[-88.8148,33.403],[-88.8217,33.3959],[-88.8165,33.3775],[-88.7931,33.374],[-88.7931,33.403],[-88.8047,33.403],[-88.7976,33.4179],[-88.7975,33.4324],[-88.8036,33.4324],[-88.8035,33.4377],[-88.8014,33.4497],[-88.7849,33.4471],[-88.7887,33.4513],[-88.7856,33.4587],[-88.7896,33.4581],[-88.7893,33.484],[-88.8103,33.484],[-88.8103,33.4748],[-88.8151,33.4839],[-88.8239,33.4838],[-88.824,33.475],[-88.8103,33.4735],[-88.8146,33.4722],[-88.8139,33.4638],[-88.8102,33.4638],[-88.8138,33.458],[-88.8165,33.4627],[-88.8799,33.4619],[-88.8803,33.5055],[-88.9322,33.5055],[-88.9321,33.547],[-88.9477,33.552],[-88.9498,33.5643],[-89.0186,33.5621],[-89.0185,33.6354],[-89.036,33.6336],[-89.0345,33.7394],[-89.1918,33.7386],[-89.1919,33.7222],[-89.5071,33.7218],[-89.5066,33.5763],[-89.5758,33.5768],[-89.5768,33.5876],[-89.5821,33.588],[-89.5904,33.5857],[-89.5906,33.5765],[-89.6454,33.5759],[-89.6455,33.5485],[-89.6371,33.5432],[-89.6432,33.5294],[-89.6595,33.5305],[-89.6666,33.5176],[-89.5928,33.5181],[-89.5928,33.4895],[-89.6282,33.4888],[-89.6279,33.4746],[-89.6348,33.4744],[-89.6806,33.4795],[-89.6806,33.4764],[-89.7071,33.4758],[-89.7269,33.4863],[-89.7279,33.475],[-89.7328,33.4744],[-89.7357,33.4792],[-89.7302,33.478],[-89.7303,33.4824],[-89.7358,33.4827],[-89.736,33.4878],[-89.7505,33.4866],[-89.754,33.4695]]]},"properties":{"geoid":"28015","state":"28","district":"15","name":"State Senate District 15","chamber":"Senate"}},{"type":"Feature","geometry":{"type":"Polygon","coordinates":[[[-89.0361,33.6354],[-89.0185,33.6354],[-89.0186,33.5621],[-88.9498,33.5643],[-88.9477,33.552],[-88.9321,33.547],[-88.9322,33.5055],[-88.8803,33.5055],[-88.8799,33.4619],[-88.8165,33.4627],[-88.8138,33.458],[-88.8102,33.4638],[-88.8139,33.4638],[-88.8146,33.4722],[-88.8103,33.4735],[-88.824,33.475],[-88.8239,33.4838],[-88.8151,33.4839],[-88.8103,33.4748],[-88.8103,33.484],[-88.7893,33.484],[-88.7896,33.4581],[-88.7856,33.4587],[-88.7887,33.4513],[-88.7849,33.4471],[-88.8014,33.4497],[-88.8036,33.4324],[-88.7975,33.4324],[-88.7976,33.4179],[-88.8047,33.4041],[-88.7931,33.403],[-88.7931,33.374],[-88.8165,33.3775],[-88.8217,33.3959],[-88.8148,33.403],[-88.8268,33.403],[-88.8192,33.4498],[-88.8223,33.4515],[-88.822,33.4375],[-88.8279,33.4323],[-88.828,33.4358],[-88.8366,33.4359],[-88.835,33.4274],[-88.8473,33.4011],[-88.8581,33.3873],[-88.8642,33.391],[-88.8673,33.3867],[-88.8781,33.3511],[-88.896,33.3361],[-88.9095,33.3123],[-88.9007,33.2863],[-88.8131,33.2864],[-88.8114,33.1694],[-88.7981,33.1679],[-88.7753,33.1831],[-88.7536,33.1809],[-88.7442,33.1735],[-88.7138,33.1756],[-88.7091,33.17],[-88.6889,33.1673],[-88.6866,33.1632],[-88.6918,33.1635],[-88.6939,33.1578],[-88.6913,33.1531],[-88.6861,33.1524],[-88.6865,33.1485],[-88.6681,33.1486],[-88.6646,33.1349],[-88.6538,33.1401],[-88.6395,33.1384],[-88.6443,33.1335],[-88.6339,33.1296],[-88.6334,33.1245],[-88.6287,33.1256],[-88.623,33.1104],[-88.6166,33.1145],[-88.6083,33.108],[-88.6078,33.1141],[-88.6019,33.1173],[-88.5956,33.1084],[-88.5927,33.1165],[-88.5836,33.1133],[-88.5869,33.105],[-88.5774,33.1023],[-88.5728,33.1075],[-88.5728,33.1192],[-88.5646,33.1193],[-88.5645,33.1248],[-88.5603,33.1248],[-88.5624,33.1467],[-88.5543,33.1467],[-88.547,33.1544],[-88.5273,33.1911],[-88.5214,33.1911],[-88.5127,33.1821],[-88.5127,33.1615],[-88.5008,33.1618],[-88.5053,33.1388],[-88.4952,33.1421],[-88.495,33.1181],[-88.5008,33.1106],[-88.508,33.1102],[-88.5082,33.0982],[-88.5399,33.1033],[-88.5454,33.1],[-88.5252,33.0746],[-88.5124,33.0725],[-88.5112,33.0607],[-88.4837,33.0535],[-88.4517,33.0596],[-88.4512,33.0923],[-88.3482,33.0895],[-88.3422,33.0728],[-88.331,33.0725],[-88.3044,33.2883],[-88.6719,33.2869],[-88.7051,33.3372],[-88.7058,33.362],[-88.7214,33.3809],[-88.7183,33.389],[-88.7103,33.3892],[-88.7107,33.4039],[-88.7183,33.4105],[-88.7141,33.4161],[-88.6945,33.4191],[-88.6975,33.4466],[-88.7298,33.4634],[-88.7443,33.4616],[-88.7436,33.4475],[-88.7763,33.4473],[-88.7765,33.4692],[-88.7416,33.4771],[-88.7417,33.5063],[-88.6011,33.5079],[-88.5805,33.5174],[-88.5798,33.5216],[-88.5716,33.5191],[-88.5717,33.5239],[-88.566,33.5263],[-88.5552,33.5216],[-88.5508,33.5284],[-88.5433,33.5271],[-88.5418,33.5341],[-88.5277,33.541],[-88.5274,33.5466],[-88.4981,33.4823],[-88.4735,33.4592],[-88.4134,33.4452],[-88.3662,33.4448],[-88.3702,33.4504],[-88.3558,33.505],[-88.3634,33.5051],[-88.3649,33.4933],[-88.3923,33.4974],[-88.3953,33.5136],[-88.4022,33.5109],[-88.3938,33.5273],[-88.417,33.5158],[-88.4267,33.5007],[-88.4257,33.4955],[-88.4137,33.4971],[-88.4165,33.4914],[-88.4286,33.4911],[-88.4335,33.4857],[-88.4351,33.4943],[-88.4531,33.4882],[-88.4633,33.4952],[-88.483,33.4988],[-88.4992,33.5185],[-88.4966,33.5235],[-88.4788,33.5227],[-88.4719,33.5271],[-88.492,33.5424],[-88.4976,33.5635],[-88.4862,33.5665],[-88.4948,33.5804],[-88.4752,33.5977],[-88.4752,33.6035],[-88.493,33.6147],[-88.5062,33.6143],[-88.4991,33.6267],[-88.4986,33.642],[-88.5115,33.6438],[-88.5142,33.6485],[-88.5131,33.6609],[-88.5022,33.6659],[-88.4997,33.6752],[-88.4925,33.6715],[-88.492,33.6778],[-88.7196,33.6803],[-88.72,33.8113],[-88.9312,33.8124],[-88.9316,33.7543],[-89.0348,33.7542],[-89.0361,33.6354]]]},"properties":{"geoid":"28016","state":"28","district":"16","name":"State Senate District 16","chamber":"Senate"}},{"type":"Feature","geometry":{"type":"Polygon","coordinates":[[[-88.7765,33.4692],[-88.7763,33.4473],[-88.7436,33.4475],[-88.7443,33.4616],[-88.7298,33.4634],[-88.6975,33.4466],[-88.6945,33.4191],[-88.7141,33.4161],[-88.7183,33.4105],[-88.7107,33.4039],[-88.7103,33.3892],[-88.7183,33.389],[-88.7214,33.3809],[-88.7058,33.362],[-88.7051,33.3372],[-88.6719,33.2869],[-88.3044,33.2883],[-88.2133,34.0105],[-88.2323,34.0019],[-88.2471,33.9826],[-88.2567,33.98],[-88.2556,33.9571],[-88.4075,33.959],[-88.4082,33.9271],[-88.4683,33.8926],[-88.4707,33.884],[-88.5095,33.8876],[-88.5292,33.8715],[-88.5243,33.8612],[-88.5316,33.8539],[-88.5207,33.8505],[-88.5223,33.8415],[-88.508,33.8433],[-88.5088,33.8321],[-88.5165,33.8197],[-88.4985,33.79],[-88.4989,33.7693],[-88.4928,33.7694],[-88.5091,33.7574],[-88.508,33.7489],[-88.4974,33.7511],[-88.4895,33.7366],[-88.4992,33.7329],[-88.4965,33.7243],[-88.4998,33.7178],[-88.4861,33.7056],[-88.4718,33.7059],[-88.4879,33.7014],[-88.4883,33.6974],[-88.483,33.696],[-88.4881,33.6911],[-88.5007,33.6889],[-88.4911,33.6732],[-88.5005,33.6747],[-88.5022,33.6659],[-88.5126,33.6614],[-88.5144,33.6539],[-88.5123,33.6444],[-88.4985,33.6416],[-88.4991,33.6267],[-88.5062,33.6143],[-88.493,33.6147],[-88.475,33.6027],[-88.4878,33.5834],[-88.4948,33.5804],[-88.4862,33.5665],[-88.4976,33.5635],[-88.492,33.5424],[-88.472,33.5256],[-88.4966,33.5235],[-88.4995,33.5193],[-88.483,33.4988],[-88.4633,33.4952],[-88.4531,33.4882],[-88.4351,33.4943],[-88.4335,33.4857],[-88.4286,33.4911],[-88.4165,33.4914],[-88.4137,33.4971],[-88.4257,33.4955],[-88.4267,33.5007],[-88.417,33.5158],[-88.3938,33.5273],[-88.4022,33.5109],[-88.3953,33.5136],[-88.3923,33.4974],[-88.3649,33.4933],[-88.3634,33.5051],[-88.3558,33.505],[-88.3702,33.4504],[-88.3662,33.4448],[-88.4134,33.4452],[-88.4735,33.4592],[-88.4981,33.4823],[-88.5274,33.5466],[-88.5277,33.541],[-88.5418,33.5341],[-88.5433,33.5271],[-88.5508,33.5284],[-88.5552,33.5216],[-88.566,33.5263],[-88.5717,33.5239],[-88.5716,33.5191],[-88.5798,33.5216],[-88.5805,33.5174],[-88.6011,33.5079],[-88.7417,33.5063],[-88.7416,33.4771],[-88.7765,33.4692]]]},"properties":{"geoid":"28017","state":"28","district":"17","name":"State Senate District 17","chamber":"Senate"}},{"type":"Feature","geometry":{"type":"Polygon","coordinates":[[[-89.7303,32.6251],[-89.7302,32.5772],[-88.9145,32.577],[-88.9144,32.9266],[-88.8128,32.926],[-88.8137,33.0892],[-88.8507,33.0977],[-88.8886,33.098],[-88.9095,33.1045],[-88.9464,33.1018],[-88.9644,33.1166],[-88.9879,33.1227],[-88.9884,33.129],[-89.0145,33.1304],[-89.0169,33.1105],[-88.9873,33.094],[-88.9632,33.0646],[-88.98,33.0664],[-88.9932,33.0575],[-89.0079,33.0629],[-89.0084,33.0502],[-89.0433,33.0502],[-89.0408,33.0359],[-89.0464,33.0262],[-89.0456,33.0106],[-89.0672,33.0209],[-89.1279,33.0211],[-89.1279,33.0276],[-89.1362,33.0276],[-89.1367,33.0355],[-89.1644,33.0352],[-89.1272,33.0857],[-89.1273,33.1389],[-89.1095,33.1391],[-89.1096,33.1706],[-89.1289,33.1977],[-89.2134,33.1975],[-89.2139,33.1094],[-89.3179,33.1089],[-89.3192,32.9317],[-89.7302,32.9299],[-89.7299,32.8114],[-89.6011,32.812],[-89.6098,32.7949],[-89.6097,32.779],[-89.6217,32.7776],[-89.6236,32.7604],[-89.5995,32.7555],[-89.5962,32.7469],[-89.5874,32.7454],[-89.5843,32.739],[-89.5791,32.746],[-89.5687,32.746],[-89.5504,32.7387],[-89.5528,32.7523],[-89.5402,32.749],[-89.5382,32.7365],[-89.5519,32.7265],[-89.5365,32.7322],[-89.5345,32.7168],[-89.5305,32.7168],[-89.5264,32.7072],[-89.5354,32.7109],[-89.5468,32.6977],[-89.5669,32.6984],[-89.5738,32.6914],[-89.5822,32.6941],[-89.6085,32.683],[-89.6212,32.6858],[-89.6216,32.681],[-89.6285,32.6819],[-89.6332,32.6695],[-89.6418,32.6653],[-89.6556,32.6676],[-89.661,32.6746],[-89.6679,32.6732],[-89.6729,32.6659],[-89.6779,32.6689],[-89.681,32.6577],[-89.696,32.6558],[-89.6932,32.6508],[-89.7013,32.6488],[-89.7002,32.642],[-89.7126,32.6369],[-89.7202,32.639],[-89.716,32.645],[-89.7251,32.6433],[-89.7303,32.6251]]]},"properties":{"geoid":"28018","state":"28","district":"18","name":"State Senate District 18","chamber":"Senate"}},{"type":"Feature","geometry":{"type":"Polygon","coordinates":[[[-89.9899,34.9705],[-89.9899,34.9627],[-89.9544,34.9625],[-89.9544,34.948],[-89.9368,34.948],[-89.9369,34.8605],[-89.8803,34.8607],[-89.8924,34.8754],[-89.8953,34.8948],[-89.9126,34.9187],[-89.8919,34.9134],[-89.8887,34.9186],[-89.871,34.9184],[-89.8686,34.9332],[-89.8304,34.9331],[-89.8303,34.9037],[-89.7949,34.9039],[-89.7956,34.8717],[-89.7866,34.8784],[-89.7853,34.8881],[-89.7772,34.8866],[-89.7741,34.8927],[-89.7654,34.8927],[-89.7645,34.8983],[-89.755,34.9],[-89.7544,34.9065],[-89.7239,34.8783],[-89.7243,34.9948],[-89.8784,34.9943],[-89.8647,34.9767],[-89.8658,34.9694],[-89.8837,34.9674],[-89.8837,34.9735],[-89.8921,34.9741],[-89.8918,34.9477],[-89.919,34.9478],[-89.9189,34.9624],[-89.9014,34.9626],[-89.9014,34.9763],[-89.9367,34.9764],[-89.9368,34.9717],[-89.9452,34.9682],[-89.9544,34.9701],[-89.9544,34.977],[-89.9796,34.9788],[-89.9899,34.9772],[-89.9899,34.9705]]]},"properties":{"geoid":"28019","state":"28","district":"19","name":"State Senate District 19","chamber":"Senate"}},{"type":"Feature","geometry":{"type":"Polygon","coordinates":[[[-90.1627,32.3063],[-90.1562,32.2973],[-90.1262,32.2976],[-90.1256,32.3049],[-90.1081,32.3052],[-90.1077,32.3126],[-90.0906,32.3126],[-90.0913,32.3292],[-90.0795,32.339],[-90.048,32.3454],[-90.04,32.3418],[-90.0504,32.3268],[-90.0379,32.3259],[-90.0293,32.3049],[-90.0223,32.3051],[-90.0228,32.3002],[-90.0186,32.2998],[-90.0252,32.2838],[-89.985,32.2798],[-89.9771,32.2918],[-89.9708,32.2914],[-89.9705,32.3128],[-89.9767,32.3132],[-89.9445,32.3132],[-89.9464,32.3202],[-89.9607,32.3201],[-89.9524,32.3276],[-89.9524,32.3421],[-89.9282,32.3385],[-89.9283,32.3531],[-89.9199,32.353],[-89.9195,32.3821],[-89.8856,32.3814],[-89.8849,32.4112],[-89.8677,32.4113],[-89.8678,32.4401],[-89.8332,32.4409],[-89.8332,32.4837],[-89.8158,32.4837],[-89.8159,32.5268],[-89.7697,32.5272],[-89.7841,32.5869],[-89.789,32.5851],[-89.7867,32.5914],[-89.7948,32.5926],[-89.7919,32.5885],[-89.7952,32.5845],[-89.7975,32.5898],[-89.8089,32.5907],[-89.8072,32.5848],[-89.8131,32.5859],[-89.8139,32.5819],[-89.8167,32.5865],[-89.8322,32.5861],[-89.8325,32.5901],[-89.8369,32.5854],[-89.84,32.5933],[-89.8465,32.5827],[-89.8589,32.5848],[-89.867,32.5645],[-89.8751,32.5592],[-89.8869,32.5629],[-89.8959,32.5544],[-89.8932,32.5424],[-89.9113,32.5373],[-89.9112,32.5287],[-89.9222,32.5297],[-89.9282,32.5144],[-89.9419,32.5132],[-89.9456,32.509],[-89.9415,32.5075],[-89.9541,32.503],[-89.9606,32.4914],[-89.9816,32.4982],[-89.9844,32.4878],[-89.9928,32.4828],[-90.0032,32.4858],[-90.0075,32.48],[-90.0193,32.4773],[-90.0264,32.4628],[-90.0415,32.4485],[-90.0365,32.4466],[-90.0407,32.4417],[-90.0555,32.4397],[-90.0575,32.4351],[-90.0688,32.4381],[-90.063,32.4192],[-90.0754,32.4186],[-90.0636,32.4039],[-90.0688,32.3984],[-90.0679,32.3918],[-90.0779,32.3877],[-90.0805,32.3895],[-90.0761,32.3938],[-90.0815,32.3953],[-90.0874,32.3847],[-90.0952,32.3891],[-90.0957,32.3817],[-90.1007,32.3823],[-90.0973,32.3741],[-90.1018,32.3757],[-90.0998,32.3668],[-90.1053,32.366],[-90.1062,32.3555],[-90.1095,32.3548],[-90.1069,32.3614],[-90.114,32.3605],[-90.1101,32.3444],[-90.1161,32.3461],[-90.1397,32.3221],[-90.1522,32.3237],[-90.1542,32.314],[-90.1506,32.3117],[-90.1627,32.3063]]]},"properties":{"geoid":"28020","state":"28","district":"20","name":"State Senate District 20","chamber":"Senate"}},{"type":"Feature","geometry":{"type":"Polygon","coordinates":[[[-90.4318,33.0964],[-90.4283,33.0573],[-90.4154,33.049],[-90.3838,33.0476],[-90.3795,33.0387],[-90.3829,33.0234],[-90.3719,33.0127],[-90.3539,33.0121],[-90.3496,33.0205],[-90.3431,33.0218],[-90.3383,33.0101],[-89.9659,32.8796],[-89.9732,32.8671],[-89.9833,32.8645],[-89.983,32.8563],[-89.9881,32.847],[-89.9928,32.8472],[-89.9897,32.8448],[-89.9954,32.834],[-90.0096,32.8277],[-90.0133,32.8316],[-90.0175,32.827],[-90.0209,32.8062],[-90.0172,32.803],[-90.024,32.7952],[-90.0207,32.7931],[-90.0254,32.7777],[-90.032,32.7749],[-90.0325,32.7597],[-90.0395,32.7589],[-90.0397,32.7474],[-90.0495,32.7354],[-90.0574,32.7356],[-90.0576,32.7312],[-90.0764,32.7294],[-90.0748,32.7256],[-90.0936,32.7076],[-90.089,32.7023],[-90.0891,32.6404],[-90.0719,32.64],[-90.0659,32.633],[-90.0548,32.6326],[-90.0545,32.6403],[-90.0291,32.6404],[-90.0395,32.619],[-90.0467,32.6185],[-90.0467,32.6126],[-90.0405,32.6126],[-90.0488,32.593],[-90.042,32.59],[-90.0496,32.5791],[-90.0465,32.5607],[-90.0813,32.5607],[-90.091,32.5467],[-90.1189,32.5466],[-90.1177,32.5314],[-90.1319,32.5305],[-90.132,32.5168],[-90.1013,32.5172],[-90.1175,32.5037],[-90.1231,32.4898],[-90.115,32.4892],[-90.108,32.4971],[-90.1005,32.4877],[-90.0633,32.4878],[-90.0604,32.4662],[-90.0727,32.4504],[-90.0669,32.4378],[-90.0575,32.4351],[-90.0555,32.4397],[-90.0407,32.4417],[-90.0365,32.4466],[-90.0409,32.4495],[-90.0136,32.4808],[-90.0075,32.48],[-90.0025,32.4859],[-89.9928,32.4828],[-89.9844,32.4878],[-89.9813,32.4983],[-89.961,32.4912],[-89.9541,32.503],[-89.9415,32.5075],[-89.9456,32.509],[-89.9419,32.5132],[-89.9294,32.5133],[-89.9233,32.5289],[-89.9112,32.5287],[-89.9113,32.5373],[-89.8932,32.5424],[-89.8959,32.5544],[-89.8869,32.5629],[-89.8751,32.5592],[-89.867,32.5645],[-89.8589,32.5848],[-89.8465,32.5827],[-89.84,32.5933],[-89.8369,32.5854],[-89.8325,32.5901],[-89.8322,32.5861],[-89.8167,32.5865],[-89.8139,32.5819],[-89.8131,32.5859],[-89.8072,32.5848],[-89.8086,32.5908],[-89.7975,32.5898],[-89.7946,32.5848],[-89.794,32.593],[-89.7867,32.5914],[-89.7859,32.5837],[-89.7811,32.5902],[-89.7829,32.5966],[-89.7679,32.6005],[-89.7709,32.6061],[-89.7613,32.6067],[-89.7588,32.614],[-89.7303,32.6342],[-89.7251,32.6433],[-89.716,32.645],[-89.7202,32.639],[-89.7126,32.6369],[-89.7002,32.642],[-89.7013,32.6488],[-89.6932,32.6508],[-89.696,32.6558],[-89.681,32.6577],[-89.6779,32.6689],[-89.6729,32.6659],[-89.661,32.6746],[-89.6556,32.6676],[-89.6418,32.6653],[-89.6332,32.6695],[-89.6285,32.6819],[-89.6216,32.681],[-89.6212,32.6858],[-89.6085,32.683],[-89.5822,32.6941],[-89.5738,32.6914],[-89.5669,32.6984],[-89.5468,32.6977],[-89.5354,32.7109],[-89.5264,32.7072],[-89.5305,32.7168],[-89.5345,32.7168],[-89.5365,32.7322],[-89.5519,32.7265],[-89.5382,32.7365],[-89.5402,32.749],[-89.5528,32.7523],[-89.5504,32.7387],[-89.5687,32.746],[-89.5791,32.746],[-89.5843,32.739],[-89.5874,32.7454],[-89.5962,32.7469],[-89.5995,32.7555],[-89.6236,32.7604],[-89.6217,32.7776],[-89.6097,32.779],[-89.6098,32.7949],[-89.6011,32.812],[-89.7299,32.8114],[-89.7302,32.9299],[-89.6008,32.9305],[-89.6065,32.9408],[-89.6015,32.9548],[-89.6044,32.9632],[-89.5929,33.021],[-89.5844,33.0277],[-89.594,33.0398],[-89.5816,33.0432],[-89.5888,33.0489],[-89.5878,33.0626],[-89.5978,33.0653],[-89.5978,33.0784],[-89.59,33.0785],[-89.5901,33.0819],[-89.5939,33.079],[-89.6128,33.1153],[-89.6338,33.1374],[-89.715,33.1367],[-89.7162,33.2122],[-89.7486,33.2116],[-90.3215,33.3751],[-90.3181,33.363],[-90.2886,33.3577],[-90.2796,33.3395],[-90.2919,33.3237],[-90.2869,33.3123],[-90.2949,33.3149],[-90.3048,33.3096],[-90.3035,33.3164],[-90.3104,33.3204],[-90.3177,33.3173],[-90.315,33.3102],[-90.3264,33.3119],[-90.3316,33.3028],[-90.3306,33.1354],[-90.3447,33.1337],[-90.3536,33.1228],[-90.3554,33.1127],[-90.3468,33.1016],[-90.3552,33.0938],[-90.3662,33.1037],[-90.3677,33.1247],[-90.3835,33.121],[-90.3863,33.1128],[-90.3829,33.1075],[-90.3646,33.0936],[-90.3721,33.0844],[-90.3859,33.0881],[-90.3971,33.1047],[-90.4143,33.1014],[-90.4206,33.1163],[-90.4287,33.109],[-90.4222,33.099],[-90.4318,33.0964]]]},"properties":{"geoid":"28021","state":"28","district":"21","name":"State Senate District 21","chamber":"Senate"}},{"type":"Feature","geometry":{"type":"Polygon","coordinates":[[[-90.9653,32.6935],[-90.9649,32.6628],[-90.7232,32.6621],[-90.7121,32.6784],[-90.7122,32.6874],[-90.7044,32.6908],[-90.6956,32.6851],[-90.6908,32.6661],[-90.6786,32.6642],[-90.6677,32.671],[-90.6638,32.686],[-90.6714,32.6965],[-90.6887,32.7054],[-90.7177,32.709],[-90.7426,32.7292],[-90.7344,32.7572],[-90.7094,32.7474],[-90.6905,32.7576],[-90.6898,32.7659],[-90.7077,32.7778],[-90.7158,32.7934],[-90.711,32.8055],[-90.6944,32.8153],[-90.7087,32.818],[-90.7171,32.8144],[-90.7268,32.8196],[-90.733,32.81],[-90.7394,32.8089],[-90.7486,32.8182],[-90.7596,32.814],[-90.7598,32.8358],[-90.6567,32.9225],[-90.5936,32.9226],[-90.6165,32.9055],[-90.5874,32.8691],[-90.5743,32.8399],[-90.5532,32.8495],[-90.5311,32.8353],[-90.5563,32.8337],[-90.5584,32.8071],[-90.5024,32.8066],[-90.4838,32.8172],[-90.4536,32.824],[-90.4499,32.8229],[-90.4529,32.821],[-90.4474,32.8082],[-90.4496,32.7963],[-90.4377,32.7979],[-90.4319,32.7913],[-90.4208,32.7966],[-90.4195,32.7906],[-90.4124,32.7894],[-90.3987,32.8008],[-90.3982,32.8393],[-90.3825,32.8367],[-90.3843,32.8403],[-90.3418,32.843],[-90.3357,32.8422],[-90.3304,32.8317],[-90.2818,32.8269],[-90.2781,32.8277],[-90.2701,32.8578],[-90.2611,32.8584],[-90.2544,32.8663],[-90.2436,32.8652],[-90.2437,32.8365],[-90.2076,32.8364],[-90.2065,32.8292],[-90.192,32.8292],[-90.1924,32.7851],[-90.206,32.7853],[-90.2137,32.7711],[-90.2308,32.7692],[-90.2309,32.7641],[-90.261,32.764],[-90.2614,32.7275],[-90.2777,32.7143],[-90.2844,32.694],[-90.3076,32.6834],[-90.3085,32.6689],[-90.3159,32.6653],[-90.313,32.6573],[-90.3036,32.6513],[-90.3041,32.6451],[-90.3116,32.6401],[-90.3098,32.6338],[-90.325,32.6222],[-90.3223,32.616],[-90.3323,32.6132],[-90.33,32.6112],[-90.3363,32.6062],[-90.3444,32.6059],[-90.3457,32.6134],[-90.3496,32.6133],[-90.3556,32.6025],[-90.3576,32.6067],[-90.3638,32.6033],[-90.3323,32.5718],[-90.3169,32.5764],[-90.3103,32.5459],[-90.2747,32.5461],[-90.2486,32.5601],[-90.2254,32.5566],[-90.1957,32.5375],[-90.1919,32.5242],[-90.132,32.5168],[-90.1319,32.5305],[-90.1177,32.5314],[-90.1189,32.5466],[-90.091,32.5467],[-90.0813,32.5607],[-90.0464,32.5608],[-90.0496,32.5791],[-90.042,32.59],[-90.0488,32.593],[-90.0405,32.6126],[-90.0467,32.6126],[-90.0467,32.6185],[-90.0395,32.619],[-90.0291,32.6404],[-90.0545,32.6403],[-90.0548,32.6326],[-90.0659,32.633],[-90.0719,32.64],[-90.0891,32.6404],[-90.089,32.7023],[-90.0936,32.7076],[-90.0748,32.7256],[-90.0764,32.7294],[-90.0576,32.7312],[-90.0574,32.7356],[-90.0495,32.7354],[-90.0397,32.7474],[-90.0395,32.7589],[-90.0325,32.7597],[-90.032,32.7749],[-90.0254,32.7777],[-90.0207,32.7931],[-90.024,32.7952],[-90.0172,32.803],[-90.0209,32.8062],[-90.0175,32.827],[-90.0133,32.8316],[-90.0096,32.8277],[-89.9954,32.834],[-89.9897,32.8448],[-89.9928,32.8472],[-89.9881,32.847],[-89.983,32.8563],[-89.9833,32.8645],[-89.9732,32.8671],[-89.9659,32.8796],[-90.3383,33.0101],[-90.3431,33.0218],[-90.3582,33.0111],[-90.3763,33.0156],[-90.3829,33.0234],[-90.3795,33.0387],[-90.3838,33.0476],[-90.4154,33.049],[-90.4283,33.0573],[-90.4319,33.0959],[-90.4222,33.099],[-90.4287,33.109],[-90.4206,33.1163],[-90.4143,33.1014],[-90.3971,33.1047],[-90.3849,33.0873],[-90.3693,33.0855],[-90.3655,33.0955],[-90.3863,33.1128],[-90.3831,33.1214],[-90.3738,33.126],[-90.3663,33.1228],[-90.3663,33.1042],[-90.3593,33.0941],[-90.3469,33.1014],[-90.3542,33.1099],[-90.355,33.1202],[-90.3457,33.1332],[-90.3303,33.1378],[-90.3316,33.3028],[-90.3438,33.3091],[-90.3575,33.2965],[-90.3632,33.2764],[-90.3767,33.2814],[-90.367,33.2609],[-90.3753,33.2468],[-90.3684,33.2461],[-90.3701,33.2408],[-90.3661,33.2397],[-90.3738,33.2385],[-90.3741,33.2428],[-90.3844,33.2451],[-90.4101,33.2453],[-90.4132,33.2353],[-90.4538,33.2673],[-90.4532,33.3295],[-90.5555,33.3292],[-90.5552,33.2705],[-90.7142,33.2705],[-90.7314,33.2646],[-90.7323,33.2297],[-90.7223,33.229],[-90.7136,33.2184],[-90.6883,33.2085],[-90.679,33.1997],[-90.6867,33.1877],[-90.6838,33.174],[-90.6897,33.1581],[-90.6881,33.1485],[-90.6985,33.138],[-90.7006,33.1251],[-90.6977,33.1213],[-90.6895,33.1235],[-90.6882,33.1159],[-90.6796,33.1146],[-90.6789,33.1038],[-90.6841,33.0975],[-90.9145,33.0974],[-90.914,32.9442],[-90.9198,32.9378],[-90.9248,32.9115],[-90.9402,32.8858],[-90.9359,32.8773],[-90.942,32.8697],[-90.9399,32.8625],[-90.9569,32.8524],[-90.9548,32.8456],[-90.9638,32.8381],[-90.9653,32.6935]]]},"properties":{"geoid":"28022","state":"28","district":"22","name":"State Senate District 22","chamber":"Senate"}},{"type":"Feature","geometry":{"type":"Polygon","coordinates":[[[-91.214,32.9303],[-91.2116,32.9196],[-91.1968,32.9068],[-91.1702,32.8994],[-91.1474,32.9041],[-91.134,32.9177],[-91.1313,32.9269],[-91.1379,32.9528],[-91.1307,32.9623],[-91.1386,32.9714],[-91.1355,32.9797],[-91.1066,32.9889],[-91.0969,32.9864],[-91.0868,32.9763],[-91.0791,32.9551],[-91.0826,32.9462],[-91.064,32.9241],[-91.0638,32.9037],[-91.0706,32.8887],[-91.1056,32.8584],[-91.1279,32.8551],[-91.1426,32.8455],[-91.1578,32.8233],[-91.1644,32.7858],[-91.1555,32.7799],[-91.1659,32.7556],[-91.1586,32.7434],[-91.1246,32.7432],[-91.0906,32.7361],[-91.057,32.7256],[-91.0553,32.7171],[-91.0761,32.6938],[-91.1044,32.6824],[-91.1262,32.6671],[-91.1376,32.6506],[-91.1527,32.6408],[-91.1536,32.6262],[-91.1428,32.5989],[-91.1199,32.5848],[-91.1157,32.591],[-91.0498,32.6072],[-91.0372,32.6379],[-91.0258,32.6466],[-91.0143,32.6405],[-91.003,32.6226],[-91.0082,32.6042],[-91.0362,32.5796],[-91.0804,32.5565],[-91.0754,32.5467],[-91.0577,32.5338],[-91.0011,32.5129],[-90.9872,32.4957],[-91.0005,32.4822],[-91.0381,32.4904],[-91.0937,32.5491],[-91.1013,32.5256],[-91.1167,32.5001],[-91.1131,32.4777],[-91.0934,32.4574],[-91.0514,32.4378],[-91.0282,32.4337],[-90.9955,32.4509],[-90.98,32.4478],[-90.9696,32.4395],[-90.966,32.4207],[-90.9753,32.411],[-90.9941,32.4039],[-91.0014,32.3794],[-91.0045,32.3647],[-90.9936,32.354],[-90.9124,32.3395],[-90.8972,32.3552],[-90.8916,32.3715],[-90.8756,32.3735],[-90.9007,32.3304],[-90.9026,32.3196],[-90.9222,32.2986],[-90.9498,32.2831],[-90.9641,32.2969],[-90.9795,32.2937],[-90.983,32.2703],[-90.9694,32.2525],[-90.9803,32.2436],[-90.9834,32.2118],[-90.9949,32.1931],[-90.9997,32.1911],[-91.0032,32.198],[-91.0029,32.2231],[-91.039,32.2423],[-91.0503,32.2379],[-91.0614,32.2186],[-91.0711,32.2261],[-91.0837,32.2265],[-91.113,32.2065],[-91.1336,32.2134],[-91.1653,32.1946],[-91.1746,32.155],[-91.1628,32.1327],[-91.111,32.1246],[-91.1012,32.1311],[-91.0816,32.134],[-91.0536,32.1244],[-91.0485,32.1502],[-91.0589,32.1712],[-91.0583,32.181],[-91.025,32.1626],[-91.0029,32.1621],[-91.005,32.1429],[-91.0111,32.1322],[-91.0309,32.1206],[-91.0272,32.1122],[-90.9917,32.0972],[-90.9787,32.0989],[-90.9703,32.0946],[-90.962,32.1054],[-90.9574,32.1016],[-90.966,32.0879],[-90.9584,32.0907],[-90.9519,32.0812],[-90.9525,32.0902],[-90.9492,32.086],[-90.9439,32.0894],[-90.9439,32.0783],[-90.9384,32.0853],[-90.9162,32.0814],[-90.9126,32.0871],[-90.9207,32.0874],[-90.9141,32.0971],[-90.9238,32.0971],[-90.9254,32.101],[-90.9169,32.1021],[-90.9227,32.105],[-90.9176,32.1074],[-90.9217,32.1178],[-90.9127,32.1185],[-90.9077,32.1319],[-90.8798,32.1143],[-90.8773,32.1164],[-90.8823,32.1215],[-90.8771,32.1199],[-90.8755,32.1275],[-90.8717,32.1266],[-90.8754,32.1218],[-90.8695,32.1199],[-90.8458,32.1284],[-90.8438,32.1386],[-90.8583,32.1424],[-90.8493,32.1486],[-90.8507,32.1528],[-90.8444,32.1518],[-90.8513,32.1556],[-90.8446,32.1588],[-90.8261,32.1563],[-90.8297,32.1449],[-90.8207,32.1371],[-90.814,32.1389],[-90.8096,32.1471],[-90.8112,32.1555],[-90.8,32.1497],[-90.7983,32.1428],[-90.7923,32.1444],[-90.7968,32.1464],[-90.7929,32.1516],[-90.7755,32.1574],[-90.7743,32.1537],[-90.7697,32.1553],[-90.7684,32.1647],[-90.7756,32.1628],[-90.7807,32.1719],[-90.791,32.1769],[-90.7772,32.1936],[-90.7766,32.1895],[-90.7677,32.1948],[-90.7641,32.1916],[-90.7632,32.1962],[-90.7507,32.1955],[-90.7533,32.2075],[-90.747,32.2034],[-90.7453,32.2076],[-90.7385,32.2056],[-90.7319,32.2145],[-90.7395,32.2155],[-90.7255,32.2299],[-90.7269,32.2415],[-90.7135,32.2529],[-90.7283,32.2595],[-90.7134,32.2639],[-90.7207,32.2687],[-90.717,32.2709],[-90.7195,32.2773],[-90.7146,32.276],[-90.7068,32.2865],[-90.7005,32.2872],[-90.7067,32.2923],[-90.7028,32.291],[-90.6957,32.298],[-90.6991,32.3118],[-90.7042,32.3109],[-90.7078,32.3167],[-90.7033,32.3163],[-90.7054,32.3247],[-90.6993,32.3311],[-90.6992,32.3378],[-90.7033,32.3349],[-90.7074,32.339],[-90.7052,32.3468],[-90.6961,32.3484],[-90.6922,32.3543],[-90.628,32.3395],[-90.636,32.3751],[-90.6223,32.3841],[-90.6258,32.3882],[-90.6177,32.393],[-90.6214,32.3949],[-90.6158,32.3977],[-90.6132,32.4134],[-90.6,32.4246],[-90.5994,32.4363],[-90.5858,32.4448],[-90.5978,32.4503],[-90.6041,32.4813],[-90.5873,32.4869],[-90.5891,32.4953],[-90.582,32.4942],[-90.5787,32.5037],[-90.5704,32.4994],[-90.5712,32.5063],[-90.5656,32.5029],[-90.5469,32.5105],[-90.5423,32.5054],[-90.5302,32.5109],[-90.5222,32.5031],[-90.5207,32.5099],[-90.5257,32.5157],[-90.5197,32.5173],[-90.5235,32.5193],[-90.5145,32.5255],[-90.4981,32.5241],[-90.4848,32.5426],[-90.4651,32.5477],[-90.4625,32.559],[-90.454,32.5583],[-90.45,32.5738],[-90.4498,32.488],[-90.2799,32.4876],[-90.2729,32.4958],[-90.2885,32.5195],[-90.2675,32.5225],[-90.2384,32.5351],[-90.2437,32.5407],[-90.2437,32.5571],[-90.2476,32.5601],[-90.2747,32.5461],[-90.3103,32.5459],[-90.3169,32.5764],[-90.3323,32.5718],[-90.3638,32.6033],[-90.3576,32.6067],[-90.3556,32.6025],[-90.3496,32.6133],[-90.3457,32.6134],[-90.3444,32.6059],[-90.3363,32.6062],[-90.33,32.6112],[-90.3323,32.6132],[-90.3223,32.616],[-90.325,32.6222],[-90.3098,32.6338],[-90.3116,32.6401],[-90.3041,32.6451],[-90.3036,32.6513],[-90.313,32.6573],[-90.3159,32.6653],[-90.3085,32.6689],[-90.3076,32.6834],[-90.2844,32.694],[-90.2777,32.7143],[-90.2614,32.7275],[-90.261,32.764],[-90.2309,32.7641],[-90.2308,32.7692],[-90.2137,32.7711],[-90.206,32.7853],[-90.1924,32.7851],[-90.192,32.8292],[-90.2065,32.8292],[-90.2076,32.8364],[-90.2437,32.8365],[-90.2436,32.8652],[-90.2544,32.8663],[-90.2611,32.8584],[-90.2701,32.8578],[-90.2781,32.8277],[-90.2818,32.8269],[-90.3304,32.8317],[-90.3357,32.8422],[-90.3418,32.843],[-90.3843,32.8403],[-90.3825,32.8367],[-90.3982,32.8393],[-90.3987,32.8008],[-90.4124,32.7894],[-90.4195,32.7906],[-90.4208,32.7966],[-90.4319,32.7913],[-90.4377,32.7979],[-90.4496,32.7963],[-90.4474,32.8082],[-90.4529,32.821],[-90.4499,32.8229],[-90.4536,32.824],[-90.4838,32.8172],[-90.5024,32.8066],[-90.5584,32.8071],[-90.5563,32.8337],[-90.5311,32.8353],[-90.5532,32.8495],[-90.5743,32.8399],[-90.5874,32.8691],[-90.6165,32.9055],[-90.5936,32.9226],[-90.6567,32.9225],[-90.7598,32.8358],[-90.7596,32.814],[-90.7486,32.8182],[-90.7394,32.8089],[-90.733,32.81],[-90.7268,32.8196],[-90.7171,32.8144],[-90.7087,32.818],[-90.6944,32.8153],[-90.711,32.8055],[-90.7158,32.7934],[-90.7077,32.7778],[-90.6898,32.7659],[-90.6905,32.7576],[-90.7094,32.7474],[-90.7344,32.7572],[-90.7426,32.7292],[-90.7177,32.709],[-90.6887,32.7054],[-90.6714,32.6965],[-90.6638,32.686],[-90.6677,32.671],[-90.6786,32.6642],[-90.6908,32.6661],[-90.6956,32.6851],[-90.7044,32.6908],[-90.7122,32.6874],[-90.7121,32.6784],[-90.7232,32.6621],[-90.9649,32.6628],[-90.9638,32.8381],[-90.9548,32.8456],[-90.9569,32.8524],[-90.9399,32.8625],[-90.942,32.8697],[-90.9359,32.8773],[-90.9402,32.8858],[-90.9248,32.9115],[-90.9198,32.9378],[-90.914,32.9442],[-90.9143,33.0077],[-91.1661,33.0113],[-91.169,32.9921],[-91.2018,32.9612],[-91.1983,32.9502],[-91.2074,32.9444],[-91.214,32.9303]]]},"properties":{"geoid":"28023","state":"28","district":"23","name":"State Senate District 23","chamber":"Senate"}},{"type":"Feature","geometry":{"type":"Polygon","coordinates":[[[-90.4538,33.2688],[-90.4132,33.2353],[-90.4101,33.2453],[-90.3844,33.2451],[-90.3741,33.2428],[-90.3738,33.2385],[-90.3661,33.2397],[-90.3701,33.2408],[-90.3684,33.2461],[-90.3753,33.2468],[-90.367,33.2609],[-90.3767,33.2814],[-90.3632,33.2764],[-90.3575,33.2965],[-90.343,33.3094],[-90.3311,33.3029],[-90.3264,33.3119],[-90.315,33.3102],[-90.3177,33.3173],[-90.3104,33.3204],[-90.3035,33.3164],[-90.3048,33.3096],[-90.2949,33.3149],[-90.2863,33.3131],[-90.292,33.3227],[-90.2803,33.337],[-90.2833,33.3503],[-90.295,33.3618],[-90.3181,33.363],[-90.3215,33.3751],[-90.1746,33.3334],[-90.1748,33.417],[-90.1378,33.4165],[-90.1376,33.4591],[-90.1014,33.4589],[-90.1016,33.5102],[-90.1507,33.5103],[-90.1505,33.5226],[-90.1639,33.5217],[-90.1638,33.531],[-90.1842,33.5217],[-90.1926,33.5315],[-90.1994,33.5287],[-90.2053,33.532],[-90.1658,33.563],[-90.164,33.5732],[-90.154,33.5749],[-90.1366,33.5881],[-90.1382,33.5931],[-90.1278,33.6073],[-90.1169,33.6041],[-90.1145,33.6099],[-90.1084,33.6059],[-90.1053,33.6123],[-90.1091,33.6315],[-90.1018,33.6511],[-90.1082,33.655],[-90.103,33.6612],[-90.1178,33.6619],[-90.122,33.6735],[-90.137,33.6769],[-90.1365,33.8093],[-89.9784,33.8097],[-89.9783,33.824],[-89.9263,33.8239],[-89.9255,34.1406],[-89.9317,34.1443],[-89.9315,34.1643],[-89.7214,34.1635],[-89.721,34.3492],[-89.7685,34.3331],[-89.8593,34.32],[-89.8602,34.2807],[-89.9964,34.2811],[-89.992,34.3008],[-89.9587,34.3095],[-89.9529,34.3162],[-89.9646,34.3282],[-89.9679,34.3476],[-89.9953,34.3578],[-89.9952,34.3654],[-90.0022,34.3723],[-89.9849,34.3796],[-89.8893,34.3791],[-89.8824,34.3875],[-89.8626,34.3863],[-89.8635,34.4232],[-89.8742,34.4441],[-89.8816,34.4374],[-89.9172,34.4338],[-89.9227,34.4516],[-89.7209,34.4509],[-89.7213,34.5543],[-90.1986,34.5544],[-90.1941,34.3014],[-90.1344,34.2655],[-90.1357,34.0729],[-90.351,34.0728],[-90.357,34.0617],[-90.3431,34.0398],[-90.3466,34.0332],[-90.3589,34.031],[-90.3445,34.0121],[-90.3462,33.9869],[-90.3574,33.9867],[-90.3725,33.9723],[-90.3683,33.9621],[-90.3559,33.9603],[-90.3495,33.9542],[-90.349,33.9447],[-90.3399,33.9366],[-90.3762,33.9042],[-90.3906,33.8975],[-90.4346,33.8978],[-90.4505,33.9086],[-90.4538,33.2688]]]},"properties":{"geoid":"28024","state":"28","district":"24","name":"State Senate District 24","chamber":"Senate"}},{"type":"Feature","geometry":{"type":"Polygon","coordinates":[[[-90.1919,32.5242],[-90.176,32.4836],[-90.1793,32.4733],[-90.1879,32.4732],[-90.1878,32.466],[-90.1836,32.466],[-90.1865,32.4549],[-90.1752,32.4549],[-90.1752,32.4282],[-90.1439,32.4307],[-90.1459,32.4057],[-90.134,32.4264],[-90.13,32.4263],[-90.1321,32.4141],[-90.0942,32.412],[-90.0866,32.4019],[-90.1235,32.3995],[-90.1214,32.3913],[-90.1291,32.3892],[-90.1231,32.3843],[-90.1419,32.3842],[-90.1278,32.3704],[-90.1419,32.3667],[-90.1418,32.3342],[-90.1291,32.3317],[-90.1161,32.3461],[-90.1101,32.3444],[-90.114,32.3605],[-90.1069,32.3614],[-90.1095,32.3548],[-90.1062,32.3555],[-90.1053,32.366],[-90.0998,32.3668],[-90.1018,32.3757],[-90.0973,32.3741],[-90.1007,32.3823],[-90.0957,32.3817],[-90.0952,32.3891],[-90.0874,32.3847],[-90.0815,32.3953],[-90.0761,32.3938],[-90.0805,32.3895],[-90.0779,32.3877],[-90.0657,32.3948],[-90.0688,32.3984],[-90.0636,32.4039],[-90.0754,32.4186],[-90.0658,32.4163],[-90.0629,32.4198],[-90.0727,32.4504],[-90.0604,32.4662],[-90.0633,32.4878],[-90.1005,32.4877],[-90.108,32.4971],[-90.115,32.4892],[-90.1231,32.4898],[-90.1175,32.5037],[-90.1013,32.5172],[-90.1512,32.5168],[-90.1919,32.5242]]]},"properties":{"geoid":"28025","state":"28","district":"25","name":"State Senate District 25","chamber":"Senate"}},{"type":"Feature","geometry":{"type":"Polygon","coordinates":[[[-90.7283,32.2595],[-90.7135,32.2529],[-90.7269,32.2415],[-90.7279,32.226],[-90.5542,32.2257],[-90.5541,32.3425],[-90.399,32.3428],[-90.399,32.3568],[-90.2438,32.3561],[-90.2438,32.3626],[-90.2317,32.3556],[-90.1927,32.3559],[-90.1927,32.36],[-90.1799,32.3612],[-90.1798,32.3725],[-90.1684,32.3685],[-90.1711,32.3639],[-90.1655,32.3631],[-90.1665,32.3599],[-90.1518,32.3558],[-90.147,32.3804],[-90.1231,32.3843],[-90.1291,32.3892],[-90.1214,32.3913],[-90.1235,32.3995],[-90.0859,32.3995],[-90.0942,32.412],[-90.1321,32.4141],[-90.13,32.4263],[-90.134,32.4264],[-90.1459,32.4057],[-90.1439,32.4307],[-90.1752,32.4282],[-90.1752,32.4549],[-90.1865,32.4549],[-90.1836,32.466],[-90.1878,32.466],[-90.1879,32.4732],[-90.1793,32.4733],[-90.176,32.4836],[-90.1809,32.4897],[-90.1799,32.4999],[-90.1916,32.5188],[-90.1927,32.5338],[-90.2158,32.5533],[-90.2437,32.5571],[-90.2438,32.5409],[-90.2384,32.5351],[-90.2675,32.5225],[-90.2885,32.5195],[-90.2729,32.4958],[-90.2799,32.4876],[-90.4498,32.488],[-90.45,32.5738],[-90.454,32.5583],[-90.4625,32.559],[-90.4651,32.5477],[-90.4848,32.5426],[-90.4981,32.5241],[-90.5145,32.5255],[-90.5235,32.5193],[-90.5197,32.5173],[-90.5257,32.5157],[-90.5207,32.5099],[-90.5222,32.5031],[-90.5302,32.5109],[-90.5423,32.5054],[-90.5469,32.5105],[-90.5656,32.5029],[-90.5712,32.5063],[-90.5701,32.4996],[-90.5787,32.5037],[-90.582,32.4942],[-90.5891,32.4953],[-90.5873,32.4869],[-90.6037,32.4819],[-90.5978,32.4503],[-90.5858,32.4451],[-90.5957,32.441],[-90.6,32.4246],[-90.6132,32.4134],[-90.6158,32.3977],[-90.6214,32.3949],[-90.6177,32.393],[-90.6259,32.3878],[-90.6227,32.3834],[-90.636,32.3751],[-90.628,32.3395],[-90.6922,32.3543],[-90.6961,32.3484],[-90.7047,32.3473],[-90.7074,32.339],[-90.7033,32.3349],[-90.6992,32.3378],[-90.6993,32.3311],[-90.7054,32.3247],[-90.7033,32.3163],[-90.7078,32.3167],[-90.7042,32.3109],[-90.6991,32.3118],[-90.6957,32.298],[-90.7028,32.291],[-90.7067,32.2923],[-90.7005,32.2872],[-90.7068,32.2865],[-90.7146,32.276],[-90.7195,32.2773],[-90.717,32.2709],[-90.7207,32.2687],[-90.7134,32.2639],[-90.7283,32.2595]]]},"properties":{"geoid":"28026","state":"28","district":"26","name":"State Senate District 26","chamber":"Senate"}},{"type":"Feature","geometry":{"type":"Polygon","coordinates":[[[-90.6603,32.2126],[-90.6392,32.1827],[-90.615,32.1924],[-90.5935,32.1773],[-90.5729,32.1729],[-90.5605,32.1613],[-90.5546,32.1817],[-90.3259,32.1808],[-90.3484,32.2102],[-90.3479,32.2937],[-90.3302,32.2937],[-90.3277,32.2972],[-90.3271,32.3333],[-90.3112,32.3348],[-90.309,32.3309],[-90.3087,32.3347],[-90.2957,32.3346],[-90.2955,32.342],[-90.2813,32.342],[-90.2811,32.3346],[-90.2424,32.327],[-90.2528,32.3258],[-90.2529,32.3052],[-90.2149,32.3049],[-90.2135,32.3153],[-90.2077,32.318],[-90.2204,32.3238],[-90.1868,32.3268],[-90.18,32.3506],[-90.1753,32.3502],[-90.1742,32.3556],[-90.1584,32.3558],[-90.1584,32.3599],[-90.1665,32.3599],[-90.1655,32.3631],[-90.1711,32.3639],[-90.1684,32.3685],[-90.1798,32.3725],[-90.1799,32.3612],[-90.1927,32.36],[-90.1927,32.3559],[-90.2317,32.3556],[-90.2438,32.3626],[-90.2438,32.3561],[-90.399,32.3568],[-90.399,32.3428],[-90.5541,32.3425],[-90.5542,32.2257],[-90.6424,32.2257],[-90.6603,32.2126]]]},"properties":{"geoid":"28027","state":"28","district":"27","name":"State Senate District 27","chamber":"Senate"}},{"type":"Feature","geometry":{"type":"Polygon","coordinates":[[[-90.3481,32.2108],[-90.3259,32.1808],[-90.2967,32.1809],[-90.2995,32.1996],[-90.2939,32.2032],[-90.2957,32.2465],[-90.2663,32.2465],[-90.2663,32.2395],[-90.2308,32.2418],[-90.2147,32.277],[-90.1927,32.2998],[-90.1942,32.3268],[-90.2204,32.3238],[-90.2077,32.318],[-90.2135,32.3153],[-90.2149,32.3049],[-90.2529,32.3052],[-90.2528,32.3258],[-90.2424,32.327],[-90.2811,32.3346],[-90.2813,32.342],[-90.2955,32.342],[-90.2957,32.3346],[-90.3087,32.3347],[-90.309,32.3309],[-90.3112,32.3348],[-90.3271,32.3333],[-90.3277,32.2972],[-90.3302,32.2937],[-90.3479,32.2937],[-90.3481,32.2108]]]},"properties":{"geoid":"28028","state":"28","district":"28","name":"State Senate District 28","chamber":"Senate"}},{"type":"Feature","geometry":{"type":"Polygon","coordinates":[[[-90.5533,32.1817],[-90.5531,32.05],[-90.2303,32.0497],[-90.2299,32.0581],[-90.2362,32.0657],[-90.2291,32.0683],[-90.2267,32.08],[-90.2358,32.0902],[-90.2268,32.0943],[-90.2468,32.0935],[-90.2472,32.1],[-90.2417,32.0969],[-90.2367,32.0999],[-90.2467,32.1037],[-90.2513,32.1127],[-90.2428,32.1139],[-90.2483,32.1183],[-90.241,32.1217],[-90.2475,32.1352],[-90.2428,32.1489],[-90.2548,32.1512],[-90.2417,32.1554],[-90.2427,32.1777],[-90.2363,32.178],[-90.2344,32.1731],[-90.2263,32.1789],[-90.2126,32.18],[-90.2047,32.1915],[-90.1959,32.1851],[-90.1966,32.1956],[-90.1933,32.1988],[-90.1883,32.1946],[-90.1817,32.2016],[-90.1905,32.2036],[-90.1854,32.2186],[-90.1907,32.227],[-90.1964,32.2253],[-90.209,32.2358],[-90.2044,32.2346],[-90.204,32.2406],[-90.1993,32.2409],[-90.2053,32.2519],[-90.194,32.2621],[-90.1837,32.2622],[-90.1867,32.2728],[-90.1793,32.2766],[-90.1777,32.2903],[-90.1656,32.2839],[-90.1569,32.2879],[-90.1589,32.293],[-90.1514,32.291],[-90.1627,32.3062],[-90.1506,32.3117],[-90.1542,32.314],[-90.1522,32.3237],[-90.1458,32.3254],[-90.1423,32.3211],[-90.1291,32.3315],[-90.1418,32.3342],[-90.1419,32.3667],[-90.1278,32.3707],[-90.1419,32.3839],[-90.142,32.3801],[-90.147,32.3804],[-90.1518,32.3558],[-90.1742,32.3556],[-90.1753,32.3502],[-90.18,32.3506],[-90.1868,32.3268],[-90.1942,32.3268],[-90.1927,32.2998],[-90.2147,32.277],[-90.2308,32.2418],[-90.2663,32.2395],[-90.2663,32.2465],[-90.2957,32.2465],[-90.2939,32.2032],[-90.2995,32.1996],[-90.2967,32.1809],[-90.5533,32.1817]]]},"properties":{"geoid":"28029","state":"28","district":"29","name":"State Senate District 29","chamber":"Senate"}},{"type":"Feature","geometry":{"type":"Polygon","coordinates":[[[-90.1796,32.2763],[-90.1427,32.2655],[-90.143,32.2539],[-90.1187,32.233],[-90.0994,32.2317],[-90.0854,32.2166],[-90.0685,32.2148],[-90.0463,32.2027],[-90.0299,32.2032],[-90.0128,32.2132],[-90.0005,32.2138],[-89.9901,32.2261],[-89.9009,32.2222],[-89.9029,32.2382],[-89.9469,32.2547],[-89.9383,32.2716],[-89.9561,32.2788],[-90.0012,32.2788],[-90.0252,32.2838],[-90.0186,32.2998],[-90.0228,32.3002],[-90.0223,32.3051],[-90.0293,32.3049],[-90.0379,32.3259],[-90.0504,32.3268],[-90.04,32.3418],[-90.048,32.3454],[-90.0795,32.339],[-90.0913,32.3292],[-90.0906,32.3126],[-90.1077,32.3126],[-90.1081,32.3052],[-90.1256,32.3049],[-90.1262,32.2976],[-90.1562,32.2973],[-90.1514,32.291],[-90.1589,32.293],[-90.1569,32.2879],[-90.1656,32.2839],[-90.1777,32.2903],[-90.1796,32.2763]]]},"properties":{"geoid":"28030","state":"28","district":"30","name":"State Senate District 30","chamber":"Senate"}},{"type":"Feature","geometry":{"type":"Polygon","coordinates":[[[-89.8861,32.3984],[-89.7398,32.3958],[-89.7301,32.3527],[-89.7304,32.222],[-88.9138,32.2242],[-88.9154,32.4864],[-88.8481,32.4705],[-88.8294,32.4527],[-88.8296,32.4642],[-88.8177,32.4646],[-88.8104,32.4562],[-88.7964,32.4569],[-88.794,32.5771],[-89.7302,32.5772],[-89.7303,32.6342],[-89.7554,32.6171],[-89.7613,32.6067],[-89.7709,32.6061],[-89.7686,32.6],[-89.7832,32.596],[-89.7697,32.5272],[-89.8159,32.5268],[-89.8158,32.4837],[-89.8332,32.4837],[-89.8332,32.4409],[-89.8678,32.4401],[-89.8677,32.4113],[-89.8849,32.4112],[-89.8861,32.3984]]]},"properties":{"geoid":"28031","state":"28","district":"31","name":"State Senate District 31","chamber":"Senate"}},{"type":"Feature","geometry":{"type":"Polygon","coordinates":[[[-89.1638,33.0355],[-89.1367,33.0355],[-89.1362,33.0276],[-89.1279,33.0276],[-89.1279,33.0211],[-89.0672,33.0209],[-89.0456,33.0106],[-89.0464,33.0262],[-89.0408,33.0359],[-89.0433,33.0502],[-89.0084,33.0502],[-89.0079,33.0629],[-88.9932,33.0575],[-88.98,33.0664],[-88.9632,33.0646],[-88.9873,33.094],[-89.0169,33.1105],[-89.0142,33.1305],[-88.9884,33.129],[-88.9879,33.1227],[-88.9644,33.1166],[-88.9464,33.1018],[-88.9095,33.1045],[-88.8886,33.098],[-88.8507,33.0977],[-88.8137,33.0892],[-88.8128,32.926],[-88.9144,32.9266],[-88.9145,32.577],[-88.7084,32.5776],[-88.7099,32.5034],[-88.6995,32.5045],[-88.6884,32.4971],[-88.6695,32.5141],[-88.6596,32.5425],[-88.6545,32.5464],[-88.6347,32.5412],[-88.6325,32.5344],[-88.6288,32.5555],[-88.6056,32.559],[-88.6058,32.5455],[-88.5762,32.5394],[-88.5797,32.506],[-88.5648,32.5159],[-88.5508,32.51],[-88.5895,32.4876],[-88.6141,32.4682],[-88.628,32.4502],[-88.6368,32.4502],[-88.6455,32.4429],[-88.6712,32.4429],[-88.6721,32.4396],[-88.6621,32.4398],[-88.6622,32.4358],[-88.6713,32.4355],[-88.6711,32.4285],[-88.6581,32.4285],[-88.658,32.4177],[-88.6624,32.4178],[-88.6582,32.4109],[-88.6771,32.3854],[-88.6852,32.3854],[-88.6808,32.3942],[-88.7013,32.3927],[-88.7014,32.3853],[-88.7076,32.3853],[-88.7076,32.3992],[-88.7127,32.3991],[-88.7126,32.4043],[-88.7019,32.4046],[-88.6994,32.4284],[-88.7358,32.4288],[-88.7358,32.414],[-88.7626,32.4139],[-88.7625,32.3991],[-88.7527,32.3992],[-88.7578,32.3812],[-88.7475,32.3717],[-88.7702,32.3705],[-88.7733,32.3579],[-88.7697,32.3443],[-88.7619,32.3459],[-88.7616,32.3125],[-88.7564,32.3124],[-88.7459,32.3307],[-88.7365,32.3307],[-88.7364,32.3413],[-88.7011,32.3415],[-88.7012,32.3491],[-88.6875,32.3557],[-88.6937,32.3651],[-88.6746,32.3818],[-88.6672,32.3819],[-88.6515,32.3928],[-88.6326,32.3941],[-88.6322,32.4135],[-88.6056,32.4131],[-88.6043,32.443],[-88.4859,32.4425],[-88.484,32.4865],[-88.4,32.4854],[-88.331,33.0725],[-88.3422,33.0728],[-88.3475,33.0893],[-88.4512,33.0923],[-88.4517,33.0596],[-88.4837,33.0535],[-88.5112,33.0607],[-88.5124,33.0725],[-88.5252,33.0746],[-88.5454,33.1],[-88.5399,33.1033],[-88.5082,33.0982],[-88.508,33.1102],[-88.5008,33.1106],[-88.495,33.1181],[-88.4952,33.1421],[-88.5053,33.1388],[-88.5008,33.1618],[-88.5127,33.1615],[-88.5127,33.1821],[-88.5214,33.1911],[-88.5273,33.1911],[-88.547,33.1544],[-88.5543,33.1467],[-88.5624,33.1467],[-88.5603,33.1248],[-88.5645,33.1248],[-88.5646,33.1193],[-88.5728,33.1192],[-88.5728,33.1075],[-88.5774,33.1023],[-88.5869,33.105],[-88.5836,33.1133],[-88.5927,33.1165],[-88.5956,33.1084],[-88.6019,33.1173],[-88.6078,33.1141],[-88.6083,33.108],[-88.6166,33.1145],[-88.623,33.1104],[-88.6287,33.1256],[-88.6334,33.1245],[-88.6339,33.1296],[-88.6443,33.1335],[-88.6395,33.1384],[-88.6538,33.1401],[-88.6646,33.1349],[-88.6681,33.1486],[-88.6865,33.1485],[-88.6861,33.1524],[-88.6913,33.1531],[-88.6939,33.1578],[-88.6918,33.1635],[-88.6866,33.1632],[-88.6889,33.1673],[-88.7091,33.17],[-88.7138,33.1756],[-88.7442,33.1735],[-88.7536,33.1809],[-88.7753,33.1831],[-88.7981,33.1679],[-88.8091,33.168],[-88.8132,33.1735],[-88.8131,33.2864],[-89.1089,33.2859],[-89.1089,33.1981],[-89.1289,33.1977],[-89.1096,33.1706],[-89.1095,33.1391],[-89.1273,33.1389],[-89.1272,33.0857],[-89.1638,33.0355]]]},"properties":{"geoid":"28032","state":"28","district":"32","name":"State Senate District 32","chamber":"Senate"}},{"type":"Feature","geometry":{"type":"Polygon","coordinates":[[[-88.9154,32.4864],[-88.9105,31.8266],[-88.7634,31.8359],[-88.6407,31.8539],[-88.4732,31.8939],[-88.4005,32.4868],[-88.4863,32.4853],[-88.4859,32.4425],[-88.6043,32.443],[-88.6056,32.4131],[-88.6322,32.4135],[-88.6326,32.3941],[-88.6515,32.3928],[-88.6672,32.3819],[-88.6746,32.3818],[-88.6937,32.3651],[-88.6875,32.3557],[-88.7012,32.3491],[-88.7011,32.3415],[-88.7364,32.3413],[-88.7365,32.3307],[-88.7459,32.3307],[-88.7564,32.3124],[-88.7616,32.3125],[-88.7619,32.3459],[-88.7697,32.3443],[-88.7736,32.3562],[-88.7703,32.3704],[-88.7475,32.3717],[-88.7578,32.3812],[-88.7527,32.3992],[-88.7625,32.3991],[-88.7626,32.4139],[-88.7358,32.414],[-88.7358,32.4288],[-88.6994,32.4284],[-88.7019,32.4046],[-88.7126,32.4043],[-88.7127,32.3991],[-88.7076,32.3992],[-88.7076,32.3853],[-88.7014,32.3853],[-88.7013,32.3927],[-88.6808,32.3942],[-88.6852,32.3854],[-88.6771,32.3854],[-88.6582,32.4109],[-88.6624,32.4178],[-88.658,32.4177],[-88.6581,32.4285],[-88.6711,32.4285],[-88.6713,32.4355],[-88.6622,32.4358],[-88.6621,32.4398],[-88.6721,32.4396],[-88.6712,32.4429],[-88.6455,32.4429],[-88.6368,32.4502],[-88.628,32.4502],[-88.6141,32.4682],[-88.5895,32.4876],[-88.5508,32.51],[-88.5648,32.5159],[-88.5797,32.506],[-88.5763,32.5396],[-88.6058,32.5455],[-88.6056,32.559],[-88.6247,32.5589],[-88.6319,32.5513],[-88.6323,32.5344],[-88.6347,32.5412],[-88.6426,32.545],[-88.6545,32.5464],[-88.6596,32.5426],[-88.6693,32.5144],[-88.6887,32.4972],[-88.6995,32.5045],[-88.7099,32.5034],[-88.7084,32.5776],[-88.794,32.5771],[-88.7964,32.4569],[-88.8104,32.4562],[-88.8177,32.4646],[-88.8296,32.4642],[-88.8294,32.4527],[-88.8481,32.4705],[-88.9154,32.4864]]]},"properties":{"geoid":"28033","state":"28","district":"33","name":"State Senate District 33","chamber":"Senate"}},{"type":"Feature","geometry":{"type":"Polygon","coordinates":[[[-89.7556,31.642],[-89.6729,31.6378],[-89.6465,31.6229],[-89.6082,31.6274],[-89.5838,31.6368],[-89.5741,31.6294],[-89.5723,31.6223],[-89.5651,31.6249],[-89.5609,31.6355],[-89.545,31.626],[-89.5449,31.6311],[-89.5527,31.6311],[-89.5523,31.6368],[-89.5587,31.6379],[-89.5543,31.6426],[-89.5433,31.6392],[-89.5361,31.6235],[-89.4857,31.6239],[-89.4857,31.633],[-89.4805,31.6329],[-89.461,31.624],[-89.4002,31.6237],[-89.4002,31.6094],[-89.2342,31.609],[-89.2318,31.6236],[-89.2149,31.6242],[-89.2073,31.6129],[-89.2191,31.6011],[-89.2191,31.5957],[-89.209,31.5914],[-89.1978,31.5959],[-89.1972,31.6045],[-89.1808,31.6237],[-89.1299,31.6247],[-89.1319,31.6647],[-89.1159,31.6782],[-89.1217,31.6839],[-89.1203,31.6884],[-89.1131,31.6881],[-89.1127,31.6833],[-89.1094,31.6974],[-89.0614,31.7059],[-89.0553,31.7261],[-89.0115,31.7263],[-89.0114,31.7698],[-89.0841,31.7699],[-89.085,31.7518],[-89.1175,31.726],[-89.1218,31.7269],[-89.1274,31.743],[-89.1305,31.7698],[-89.1558,31.7697],[-89.1547,31.7532],[-89.1457,31.7405],[-89.1554,31.7369],[-89.1552,31.7115],[-89.1636,31.7103],[-89.1668,31.6889],[-89.1784,31.6868],[-89.1841,31.6939],[-89.1843,31.6847],[-89.1794,31.6819],[-89.181,31.6533],[-89.1948,31.6523],[-89.1928,31.6386],[-89.3545,31.6384],[-89.3605,31.6347],[-89.3665,31.6347],[-89.3665,31.6385],[-89.4003,31.6379],[-89.4005,31.6862],[-89.3926,31.6817],[-89.3496,31.6817],[-89.3502,31.7259],[-89.3228,31.726],[-89.3274,31.7435],[-89.3097,31.7448],[-89.2974,31.7402],[-89.2744,31.7552],[-89.2615,31.7429],[-89.2567,31.7473],[-89.2482,31.7404],[-89.2484,31.755],[-89.2219,31.759],[-89.2191,31.7624],[-89.2224,31.7696],[-89.2654,31.7694],[-89.2647,31.8052],[-88.9105,31.8266],[-88.9138,32.2242],[-89.3227,32.2235],[-89.3211,31.8816],[-89.3207,31.8743],[-89.3171,31.8743],[-89.3166,31.8021],[-89.7551,31.7747],[-89.7556,31.642]]]},"properties":{"geoid":"28034","state":"28","district":"34","name":"State Senate District 34","chamber":"Senate"}},{"type":"Feature","geometry":{"type":"Polygon","coordinates":[[[-90.4806,31.7735],[-90.464,31.7715],[-90.4634,31.6992],[-90.4142,31.7005],[-90.4136,31.6853],[-90.3794,31.6852],[-90.3799,31.7002],[-90.28,31.6999],[-90.259,31.7039],[-90.2452,31.7175],[-90.2445,31.4879],[-90.2276,31.4895],[-90.2104,31.5036],[-90.1906,31.5047],[-90.1767,31.5037],[-90.1771,31.4869],[-90.1849,31.4792],[-90.1801,31.474],[-90.1769,31.482],[-90.0658,31.4819],[-90.0807,31.4896],[-90.0764,31.5062],[-90.1174,31.5132],[-90.1095,31.5335],[-90.1075,31.5305],[-90.0842,31.5365],[-90.0821,31.5418],[-90.0747,31.5427],[-90.0691,31.5375],[-90.0741,31.5326],[-90.0696,31.5225],[-90.0616,31.5262],[-90.0546,31.5215],[-90.0411,31.5221],[-90.0349,31.516],[-90.0103,31.5507],[-89.9959,31.5464],[-89.9789,31.552],[-89.9761,31.5225],[-89.9591,31.5224],[-89.9589,31.3905],[-89.8233,31.39],[-89.8242,31.4341],[-89.5868,31.4337],[-89.5869,31.5134],[-89.5908,31.5167],[-89.5962,31.5129],[-89.6029,31.5388],[-89.6144,31.5406],[-89.6205,31.5502],[-89.6369,31.5589],[-89.673,31.5647],[-89.6875,31.5754],[-89.6989,31.5772],[-89.7163,31.5883],[-89.7351,31.6103],[-89.7556,31.6098],[-89.7551,31.7747],[-89.653,31.7807],[-89.6544,32.0137],[-89.6621,32.0472],[-90.336,32.0497],[-90.3393,32.0421],[-90.334,32.0273],[-90.3472,32.0078],[-90.3716,32.0197],[-90.3774,32.0102],[-90.3732,31.9956],[-90.358,31.9848],[-90.3363,31.9794],[-90.3345,31.9732],[-90.3482,31.973],[-90.348,31.9621],[-90.3285,31.9621],[-90.3212,31.954],[-90.3086,31.9529],[-90.2908,31.9433],[-90.2739,31.9238],[-90.2689,31.9222],[-90.2452,31.9359],[-90.2452,31.9035],[-90.2279,31.9035],[-90.2275,31.8747],[-90.2576,31.8764],[-90.2839,31.8904],[-90.3383,31.8747],[-90.3627,31.8744],[-90.3667,31.8664],[-90.3788,31.8664],[-90.3739,31.8549],[-90.3804,31.857],[-90.3802,31.846],[-90.4473,31.8447],[-90.4471,31.8302],[-90.4627,31.8301],[-90.4629,31.8157],[-90.48,31.8157],[-90.4806,31.7735]]]},"properties":{"geoid":"28035","state":"28","district":"35","name":"State Senate District 35","chamber":"Senate"}},{"type":"Feature","geometry":{"type":"Polygon","coordinates":[[[-90.2547,32.1513],[-90.2428,32.1489],[-90.2475,32.1352],[-90.241,32.1217],[-90.2483,32.1183],[-90.2428,32.1139],[-90.2513,32.1127],[-90.2467,32.1037],[-90.2367,32.0999],[-90.2417,32.0969],[-90.2472,32.1],[-90.2468,32.0935],[-90.2268,32.0943],[-90.2358,32.0902],[-90.2267,32.08],[-90.2291,32.0683],[-90.2362,32.0657],[-90.2299,32.0581],[-90.2303,32.0497],[-89.6621,32.0472],[-89.6544,32.0137],[-89.653,31.7807],[-89.3166,31.8021],[-89.3171,31.8743],[-89.3207,31.8743],[-89.3211,31.8816],[-89.3227,32.2235],[-89.7304,32.222],[-89.7301,32.3527],[-89.7398,32.3958],[-89.8852,32.3963],[-89.8856,32.3814],[-89.9195,32.3821],[-89.9199,32.353],[-89.9283,32.3531],[-89.9282,32.3385],[-89.9524,32.3421],[-89.9524,32.3276],[-89.9607,32.3237],[-89.9607,32.3201],[-89.9464,32.3202],[-89.9445,32.3132],[-89.9767,32.3132],[-89.9705,32.3128],[-89.9708,32.2914],[-89.9771,32.2918],[-89.9868,32.2789],[-89.9561,32.2788],[-89.9383,32.2716],[-89.9469,32.2547],[-89.9029,32.2382],[-89.9009,32.2222],[-89.9901,32.2261],[-90.0005,32.2138],[-90.0128,32.2132],[-90.0299,32.2032],[-90.0463,32.2027],[-90.0685,32.2148],[-90.0854,32.2166],[-90.0994,32.2317],[-90.1187,32.233],[-90.143,32.2539],[-90.1427,32.2655],[-90.1797,32.2762],[-90.1867,32.2728],[-90.1837,32.2622],[-90.194,32.2621],[-90.2053,32.2519],[-90.1993,32.2409],[-90.204,32.2406],[-90.2044,32.2346],[-90.209,32.2358],[-90.1964,32.2253],[-90.1907,32.227],[-90.1854,32.2186],[-90.1905,32.2036],[-90.1817,32.2016],[-90.1883,32.1946],[-90.1933,32.1988],[-90.1966,32.1956],[-90.1959,32.1851],[-90.2047,32.1915],[-90.2126,32.18],[-90.2263,32.1789],[-90.2344,32.1731],[-90.2363,32.178],[-90.2427,32.1777],[-90.2417,32.1554],[-90.2547,32.1513]]]},"properties":{"geoid":"28036","state":"28","district":"36","name":"State Senate District 36","chamber":"Senate"}},{"type":"Feature","geometry":{"type":"Polygon","coordinates":[[[-91.4231,31.5015],[-91.4151,31.4915],[-91.4105,31.4934],[-91.4114,31.4986],[-91.3988,31.4812],[-91.3915,31.4824],[-91.3815,31.4754],[-91.3716,31.4788],[-91.3679,31.4917],[-91.3448,31.497],[-91.3308,31.4725],[-91.3585,31.4582],[-91.3556,31.452],[-91.3627,31.4542],[-91.3745,31.4484],[-91.3746,31.443],[-91.3832,31.4377],[-91.3779,31.4331],[-91.3884,31.428],[-91.3835,31.4253],[-91.3878,31.4148],[-91.3838,31.4112],[-91.3881,31.4103],[-91.3853,31.3937],[-91.3891,31.3908],[-91.3906,31.3707],[-91.3781,31.3636],[-91.3799,31.3602],[-91.3738,31.361],[-91.3677,31.348],[-91.3578,31.3429],[-91.3531,31.3451],[-91.3509,31.3375],[-91.3238,31.3547],[-91.3211,31.3521],[-91.3143,31.3572],[-91.3101,31.3539],[-91.2988,31.3648],[-91.2992,31.3599],[-91.2873,31.3561],[-91.2745,31.3655],[-91.2753,31.3698],[-91.2625,31.3693],[-91.2644,31.3625],[-91.2574,31.3601],[-91.2548,31.3655],[-91.2394,31.3667],[-91.231,31.3732],[-91.2179,31.3724],[-91.2193,31.3682],[-91.2099,31.3618],[-91.2131,31.3571],[-91.2076,31.3544],[-91.1896,31.3569],[-91.1856,31.348],[-91.1788,31.3511],[-91.1722,31.3457],[-91.1627,31.3507],[-91.1546,31.3431],[-91.1525,31.3486],[-91.1519,31.3454],[-91.1452,31.3475],[-91.1473,31.3437],[-91.141,31.3431],[-91.1437,31.3394],[-91.1349,31.3314],[-91.113,31.3198],[-91.1027,31.3271],[-91.0954,31.321],[-91.0866,31.3267],[-91.0692,31.3283],[-91.0657,31.3389],[-91.0554,31.3303],[-91.0454,31.3354],[-91.0283,31.3357],[-91.018,31.3475],[-91.0076,31.3467],[-91.002,31.337],[-90.9898,31.3363],[-90.983,31.3487],[-90.7708,31.3496],[-90.7707,31.3637],[-90.778,31.3637],[-90.777,31.3778],[-90.7873,31.3776],[-90.787,31.3927],[-90.8209,31.3927],[-90.8213,31.4619],[-90.7977,31.4841],[-90.7847,31.4729],[-90.7716,31.4746],[-90.7367,31.4583],[-90.7372,31.5389],[-90.7281,31.5388],[-90.7281,31.5969],[-90.7365,31.6],[-90.7265,31.6112],[-90.7373,31.6111],[-90.7368,31.6985],[-90.4634,31.6992],[-90.464,31.7715],[-90.4806,31.7717],[-90.48,31.8157],[-90.4629,31.8157],[-90.4627,31.8301],[-90.4471,31.8302],[-90.4473,31.8447],[-90.3802,31.846],[-90.3804,31.857],[-90.3739,31.8549],[-90.3788,31.8664],[-90.3667,31.8664],[-90.3627,31.8744],[-90.3383,31.8747],[-90.2839,31.8904],[-90.2576,31.8764],[-90.2275,31.8747],[-90.2279,31.9035],[-90.2452,31.9035],[-90.2452,31.9359],[-90.2689,31.9222],[-90.2739,31.9238],[-90.2908,31.9433],[-90.3086,31.9529],[-90.3212,31.954],[-90.3285,31.9621],[-90.348,31.9621],[-90.3482,31.973],[-90.3345,31.9732],[-90.3363,31.9794],[-90.358,31.9848],[-90.3729,31.9951],[-90.3774,32.0102],[-90.3716,32.0197],[-90.3472,32.0078],[-90.3341,32.0271],[-90.3393,32.0421],[-90.336,32.0497],[-90.5531,32.05],[-90.5533,32.1817],[-90.5605,32.1613],[-90.5729,32.1729],[-90.5935,32.1773],[-90.615,32.1924],[-90.6392,32.1827],[-90.6603,32.2126],[-90.6424,32.2257],[-90.7321,32.2255],[-90.7395,32.2155],[-90.7319,32.215],[-90.7385,32.2056],[-90.7544,32.2062],[-90.7507,32.1955],[-90.7632,32.1962],[-90.7641,32.1916],[-90.7677,32.1948],[-90.7766,32.1895],[-90.7769,32.1937],[-90.7904,32.1782],[-90.7756,32.1628],[-90.7668,32.163],[-90.7707,32.1546],[-90.7755,32.1574],[-90.7929,32.1516],[-90.7968,32.1464],[-90.7923,32.1444],[-90.7983,32.1428],[-90.8,32.1497],[-90.8112,32.1555],[-90.8096,32.1471],[-90.814,32.1389],[-90.8207,32.1371],[-90.8297,32.1449],[-90.8261,32.1563],[-90.8446,32.1588],[-90.8513,32.1556],[-90.8444,32.1518],[-90.8507,32.1528],[-90.8493,32.1486],[-90.8583,32.1424],[-90.8438,32.1386],[-90.8458,32.1284],[-90.8695,32.1199],[-90.8754,32.1218],[-90.8717,32.1266],[-90.8755,32.1275],[-90.8771,32.1199],[-90.8823,32.1215],[-90.8773,32.1164],[-90.8798,32.1143],[-90.9077,32.1319],[-90.9127,32.1185],[-90.9217,32.1178],[-90.9176,32.1074],[-90.9227,32.105],[-90.9169,32.1021],[-90.9254,32.101],[-90.9238,32.0971],[-90.9139,32.0967],[-90.9207,32.0874],[-90.9124,32.0869],[-90.918,32.0807],[-90.9384,32.0853],[-90.944,32.0784],[-90.9439,32.0894],[-90.9492,32.086],[-90.9525,32.0902],[-90.9519,32.0812],[-90.9584,32.0907],[-90.966,32.0879],[-90.9574,32.1016],[-90.962,32.1054],[-90.97,32.0947],[-90.9787,32.0989],[-90.9909,32.097],[-91.0303,32.1144],[-91.0352,32.1005],[-91.0811,32.0784],[-91.0809,32.0479],[-91.1037,32.0503],[-91.1357,32.0807],[-91.1458,32.0812],[-91.1574,32.0742],[-91.162,32.0619],[-91.1538,32.0507],[-91.0914,32.0361],[-91.0759,32.0168],[-91.1028,31.991],[-91.1644,31.9826],[-91.1848,31.9656],[-91.1932,31.9357],[-91.1838,31.9336],[-91.1823,31.9158],[-91.2028,31.908],[-91.2349,31.8769],[-91.2677,31.8627],[-91.2676,31.8524],[-91.245,31.8322],[-91.2466,31.8234],[-91.2576,31.8114],[-91.2692,31.8092],[-91.2832,31.8158],[-91.294,31.8605],[-91.3338,31.8533],[-91.3452,31.8439],[-91.3605,31.7958],[-91.3656,31.7608],[-91.3456,31.7585],[-91.2812,31.7723],[-91.265,31.7685],[-91.2595,31.7602],[-91.2771,31.7449],[-91.3209,31.7501],[-91.3694,31.7469],[-91.3971,31.7114],[-91.4001,31.6873],[-91.3957,31.6442],[-91.404,31.6106],[-91.3803,31.612],[-91.3788,31.5888],[-91.3681,31.5782],[-91.3666,31.592],[-91.3558,31.595],[-91.3559,31.6001],[-91.3663,31.6002],[-91.3627,31.6055],[-91.3481,31.601],[-91.3331,31.608],[-91.3286,31.5974],[-91.3392,31.5967],[-91.3432,31.5901],[-91.3543,31.5867],[-91.3539,31.5785],[-91.3618,31.574],[-91.3542,31.5632],[-91.3684,31.5639],[-91.3813,31.557],[-91.3808,31.5527],[-91.3889,31.5536],[-91.3964,31.5611],[-91.396,31.5703],[-91.4019,31.5678],[-91.3974,31.5601],[-91.4014,31.5558],[-91.3905,31.5483],[-91.407,31.5221],[-91.3931,31.5214],[-91.3988,31.5196],[-91.3954,31.5136],[-91.4141,31.511],[-91.4231,31.5015]]]},"properties":{"geoid":"28037","state":"28","district":"37","name":"State Senate District 37","chamber":"Senate"}},{"type":"Feature","geometry":{"type":"Polygon","coordinates":[[[-91.655,31.2518],[-91.6444,31.2344],[-91.6076,31.2134],[-91.5901,31.1937],[-91.5902,31.1756],[-91.6242,31.1337],[-91.6276,31.1207],[-91.6132,31.1035],[-91.5641,31.0668],[-91.5599,31.0541],[-91.5644,31.039],[-91.5784,31.024],[-91.6369,30.9994],[-90.1647,31.001],[-90.1598,31.0042],[-90.158,31.0183],[-90.1665,31.025],[-90.166,31.0483],[-90.0881,31.0412],[-90.082,31.028],[-90.0689,31.036],[-90.0779,31.0619],[-90.0666,31.0664],[-90.0865,31.0884],[-90.101,31.0893],[-90.1092,31.1034],[-90.1296,31.1004],[-90.1337,31.107],[-90.1467,31.1044],[-90.1446,31.1103],[-90.1551,31.1067],[-90.1542,31.1119],[-90.1643,31.1102],[-90.1671,31.1197],[-90.1763,31.1226],[-90.2262,31.1176],[-90.2266,31.1237],[-90.2089,31.1448],[-90.2002,31.1474],[-90.1798,31.1325],[-90.1789,31.1509],[-90.1753,31.1561],[-90.1667,31.1558],[-90.1885,31.2039],[-90.1657,31.199],[-90.1501,31.2048],[-90.1644,31.2334],[-90.1422,31.2343],[-90.1419,31.2597],[-90.146,31.2685],[-90.1592,31.2681],[-90.1591,31.2839],[-90.1377,31.2902],[-90.1377,31.2994],[-90.1225,31.2992],[-90.1213,31.303],[-90.1106,31.2977],[-90.1136,31.3183],[-90.1378,31.3177],[-90.1378,31.3303],[-90.1582,31.3306],[-90.172,31.3378],[-90.1678,31.3506],[-90.2604,31.3503],[-90.2606,31.1754],[-90.2919,31.1781],[-90.3857,31.2099],[-90.3913,31.1924],[-90.4125,31.1898],[-90.4127,31.1931],[-90.4298,31.1936],[-90.4296,31.204],[-90.4538,31.2038],[-90.4577,31.2177],[-90.4383,31.2178],[-90.4355,31.2303],[-90.4383,31.262],[-90.4533,31.2721],[-90.4383,31.272],[-90.4383,31.279],[-90.4258,31.2811],[-90.4139,31.2923],[-90.4474,31.2921],[-90.4474,31.3058],[-90.4633,31.3063],[-90.4633,31.3136],[-90.4802,31.3134],[-90.4801,31.3062],[-90.4973,31.3062],[-90.4973,31.2924],[-90.4789,31.2889],[-90.4793,31.2692],[-90.4719,31.2692],[-90.4718,31.2607],[-90.4791,31.2601],[-90.4813,31.2379],[-90.4904,31.2326],[-90.5145,31.2329],[-90.5283,31.2257],[-90.5484,31.2234],[-90.5479,31.1475],[-90.5586,31.153],[-90.5606,31.1456],[-90.6155,31.1455],[-90.6156,31.1162],[-90.718,31.1161],[-90.7125,31.1306],[-90.7048,31.1332],[-90.705,31.1495],[-90.7156,31.1595],[-90.7232,31.1831],[-90.7526,31.1713],[-90.7613,31.1628],[-90.7579,31.1531],[-90.7365,31.1461],[-90.7657,31.1366],[-90.7691,31.1307],[-90.7995,31.1528],[-90.7992,31.1581],[-90.786,31.1623],[-90.801,31.1562],[-90.8204,31.1584],[-90.9201,31.1813],[-90.9244,31.2021],[-90.9223,31.2175],[-90.9031,31.2384],[-90.8985,31.2589],[-90.8635,31.2793],[-90.8832,31.286],[-90.8837,31.3084],[-90.872,31.3274],[-90.8895,31.3491],[-90.983,31.3487],[-90.9898,31.3363],[-91.002,31.337],[-91.0076,31.3467],[-91.018,31.3475],[-91.0283,31.3357],[-91.0454,31.3354],[-91.0554,31.3303],[-91.0657,31.3389],[-91.0692,31.3283],[-91.0866,31.3267],[-91.0954,31.321],[-91.1027,31.3271],[-91.113,31.3198],[-91.1349,31.3314],[-91.1437,31.3394],[-91.141,31.3431],[-91.1473,31.3437],[-91.1452,31.3475],[-91.1519,31.3454],[-91.1525,31.3486],[-91.1546,31.3431],[-91.1627,31.3507],[-91.1722,31.3457],[-91.1788,31.3511],[-91.1856,31.348],[-91.1896,31.3569],[-91.2088,31.3548],[-91.2131,31.3571],[-91.2104,31.3629],[-91.2193,31.3682],[-91.2179,31.3724],[-91.2311,31.3732],[-91.2394,31.3667],[-91.2548,31.3655],[-91.2574,31.3601],[-91.2644,31.3625],[-91.2625,31.3693],[-91.2753,31.3698],[-91.2745,31.3655],[-91.2873,31.3561],[-91.2992,31.3599],[-91.2988,31.3648],[-91.3101,31.3539],[-91.3143,31.3572],[-91.3309,31.3518],[-91.35,31.3374],[-91.3531,31.3451],[-91.3578,31.3429],[-91.3677,31.348],[-91.3738,31.361],[-91.3799,31.3602],[-91.3781,31.3636],[-91.3906,31.3707],[-91.3891,31.3908],[-91.3853,31.3937],[-91.3881,31.4103],[-91.3838,31.4112],[-91.3878,31.4148],[-91.3835,31.4253],[-91.3884,31.428],[-91.3779,31.4331],[-91.3832,31.4377],[-91.3746,31.443],[-91.3745,31.4484],[-91.3627,31.4542],[-91.3556,31.452],[-91.3585,31.4582],[-91.3308,31.4725],[-91.3448,31.497],[-91.3679,31.4917],[-91.3716,31.4788],[-91.3815,31.4754],[-91.4017,31.4832],[-91.4116,31.4988],[-91.4105,31.4934],[-91.4156,31.4917],[-91.423,31.5026],[-91.4141,31.511],[-91.3954,31.5136],[-91.3988,31.5196],[-91.3931,31.5214],[-91.407,31.5221],[-91.3905,31.5483],[-91.4014,31.5558],[-91.3974,31.5601],[-91.4019,31.5678],[-91.396,31.5703],[-91.3964,31.5611],[-91.3889,31.5536],[-91.3808,31.5527],[-91.3813,31.557],[-91.3684,31.5639],[-91.3542,31.5632],[-91.3618,31.574],[-91.3539,31.5785],[-91.3543,31.5867],[-91.3287,31.6005],[-91.3331,31.608],[-91.3481,31.601],[-91.3584,31.6066],[-91.3658,31.6038],[-91.3663,31.6002],[-91.3559,31.6001],[-91.3558,31.595],[-91.3666,31.592],[-91.3681,31.5782],[-91.3788,31.5888],[-91.3804,31.612],[-91.404,31.6106],[-91.4008,31.6205],[-91.423,31.6113],[-91.4591,31.619],[-91.4798,31.629],[-91.4961,31.6453],[-91.5123,31.6347],[-91.5179,31.6186],[-91.513,31.6069],[-91.4965,31.5916],[-91.472,31.5856],[-91.4227,31.5971],[-91.4039,31.5898],[-91.4098,31.5671],[-91.4424,31.5433],[-91.479,31.5305],[-91.4896,31.5343],[-91.5134,31.532],[-91.5225,31.5221],[-91.5207,31.5134],[-91.5149,31.5101],[-91.5181,31.4835],[-91.5151,31.4492],[-91.4998,31.4201],[-91.4721,31.3971],[-91.4725,31.3711],[-91.4788,31.3649],[-91.5048,31.365],[-91.5164,31.3705],[-91.5323,31.3903],[-91.5406,31.4308],[-91.5485,31.4327],[-91.5652,31.4234],[-91.5763,31.4105],[-91.5783,31.3991],[-91.569,31.3776],[-91.5557,31.3864],[-91.5462,31.3825],[-91.551,31.3636],[-91.549,31.3473],[-91.5087,31.3151],[-91.5121,31.2842],[-91.5224,31.2734],[-91.5587,31.2622],[-91.6413,31.2669],[-91.655,31.2518]]]},"properties":{"geoid":"28038","state":"28","district":"38","name":"State Senate District 38","chamber":"Senate"}},{"type":"Feature","geometry":{"type":"Polygon","coordinates":[[[-90.9244,31.2026],[-90.9201,31.1813],[-90.8204,31.1584],[-90.801,31.1562],[-90.786,31.1623],[-90.7992,31.1581],[-90.7995,31.1528],[-90.7691,31.1307],[-90.7657,31.1366],[-90.7365,31.1461],[-90.7579,31.1531],[-90.7613,31.1628],[-90.7526,31.1713],[-90.7232,31.1831],[-90.7156,31.1595],[-90.705,31.1495],[-90.7048,31.1332],[-90.7125,31.1306],[-90.718,31.1161],[-90.6156,31.1162],[-90.6155,31.1455],[-90.5606,31.1456],[-90.5586,31.153],[-90.5479,31.1475],[-90.5484,31.2234],[-90.5283,31.2257],[-90.5145,31.2329],[-90.4904,31.2326],[-90.4813,31.2379],[-90.4791,31.2601],[-90.4718,31.2607],[-90.4719,31.2692],[-90.4793,31.2692],[-90.4789,31.2889],[-90.4973,31.2924],[-90.4973,31.3062],[-90.4801,31.3062],[-90.4802,31.3134],[-90.4633,31.3136],[-90.4633,31.3063],[-90.4474,31.3058],[-90.4474,31.2921],[-90.4139,31.2923],[-90.4258,31.2811],[-90.4383,31.279],[-90.4383,31.272],[-90.4533,31.2721],[-90.4383,31.262],[-90.4355,31.2303],[-90.4383,31.2178],[-90.4577,31.2177],[-90.4538,31.2038],[-90.4296,31.204],[-90.4298,31.1936],[-90.4127,31.1931],[-90.4125,31.1898],[-90.3913,31.1924],[-90.3857,31.2099],[-90.2919,31.1781],[-90.2606,31.1754],[-90.2604,31.3503],[-90.1087,31.3509],[-90.1086,31.3435],[-90.0914,31.3433],[-90.091,31.336],[-90.0825,31.336],[-90.0824,31.3288],[-90.053,31.3289],[-90.0487,31.3358],[-90.0405,31.336],[-90.0405,31.3947],[-89.9718,31.3923],[-89.9654,31.3958],[-89.9663,31.3905],[-89.9589,31.3905],[-89.9591,31.5224],[-89.9761,31.5225],[-89.9787,31.552],[-89.9959,31.5464],[-90.0103,31.5507],[-90.0358,31.5159],[-90.0411,31.5221],[-90.0546,31.5215],[-90.0616,31.5262],[-90.0696,31.5225],[-90.0741,31.5326],[-90.0691,31.5375],[-90.0759,31.543],[-90.0842,31.5365],[-90.1075,31.5305],[-90.1095,31.5335],[-90.1174,31.5132],[-90.0764,31.5062],[-90.0807,31.4896],[-90.0658,31.4819],[-90.1769,31.482],[-90.1801,31.474],[-90.1849,31.4792],[-90.1771,31.4869],[-90.1767,31.5037],[-90.1906,31.5047],[-90.2104,31.5036],[-90.2276,31.4895],[-90.2445,31.4879],[-90.2452,31.7175],[-90.259,31.7039],[-90.28,31.6999],[-90.3801,31.7002],[-90.3794,31.6852],[-90.4136,31.6853],[-90.4142,31.7005],[-90.7368,31.6985],[-90.7373,31.6111],[-90.7265,31.6112],[-90.7365,31.6],[-90.7281,31.5969],[-90.7281,31.5388],[-90.7372,31.5389],[-90.7367,31.4583],[-90.7716,31.4746],[-90.7847,31.4729],[-90.7977,31.4841],[-90.8213,31.4619],[-90.8209,31.3927],[-90.787,31.3927],[-90.7873,31.3776],[-90.777,31.3778],[-90.778,31.3637],[-90.7707,31.3637],[-90.7708,31.3496],[-90.8895,31.3491],[-90.872,31.3274],[-90.8837,31.3084],[-90.8832,31.286],[-90.8635,31.2793],[-90.8984,31.2591],[-90.9031,31.2384],[-90.9223,31.2175],[-90.9244,31.2026]]]},"properties":{"geoid":"28039","state":"28","district":"39","name":"State Senate District 39","chamber":"Senate"}},{"type":"Feature","geometry":{"type":"Polygon","coordinates":[[[-89.8523,30.6624],[-89.8408,30.6608],[-89.8407,30.6522],[-89.8332,30.6575],[-89.8257,30.6453],[-89.8207,30.6461],[-89.823,30.6391],[-89.814,30.6382],[-89.8307,30.6172],[-89.8214,30.6198],[-89.8233,30.6077],[-89.8139,30.6077],[-89.8226,30.6052],[-89.814,30.5986],[-89.8198,30.5968],[-89.8188,30.5929],[-89.807,30.5871],[-89.8157,30.5855],[-89.8093,30.58],[-89.808,30.5677],[-89.7953,30.5701],[-89.793,30.5641],[-89.7912,30.5699],[-89.7869,30.5691],[-89.7917,30.5626],[-89.804,30.5605],[-89.7945,30.5566],[-89.7922,30.5483],[-89.8039,30.5493],[-89.7792,30.544],[-89.7741,30.5378],[-89.7774,30.533],[-89.7691,30.5292],[-89.7731,30.5208],[-89.7678,30.5132],[-89.7575,30.5186],[-89.7607,30.512],[-89.7545,30.5098],[-89.7586,30.506],[-89.7528,30.5077],[-89.7526,30.5024],[-89.7575,30.4996],[-89.7467,30.503],[-89.7421,30.4973],[-89.7473,30.4927],[-89.7331,30.496],[-89.7297,30.49],[-89.7248,30.4921],[-89.7208,30.487],[-89.7237,30.4825],[-89.7096,30.478],[-89.7055,30.4648],[-89.6899,30.4593],[-89.647,30.4589],[-89.6471,30.5027],[-89.5957,30.5025],[-89.5959,30.5171],[-89.5445,30.5169],[-89.5442,30.6484],[-89.2401,30.6476],[-89.2401,30.675],[-89.247,30.6817],[-89.2669,30.6879],[-89.268,30.7035],[-89.2745,30.7092],[-89.2735,30.7198],[-89.2636,30.7353],[-89.2545,30.7327],[-89.239,30.7388],[-89.2417,30.763],[-89.2384,30.7674],[-89.265,30.7873],[-89.2657,30.7973],[-89.2432,30.8138],[-89.2389,30.8262],[-89.2676,30.8372],[-89.2836,30.8512],[-89.2488,30.8443],[-89.2164,30.8515],[-89.1716,30.8518],[-89.1639,30.8637],[-89.1703,30.908],[-89.3408,30.9099],[-89.3407,31.001],[-89.349,31.001],[-89.3489,31.0104],[-89.4248,31.0101],[-89.4253,30.9825],[-89.476,30.9829],[-89.4759,31.0014],[-89.5014,31.0015],[-89.5013,31.016],[-89.552,31.016],[-89.5519,31.0019],[-89.7355,30.9997],[-89.7277,30.9933],[-89.7305,30.9797],[-89.7371,30.9761],[-89.7271,30.9674],[-89.7357,30.9666],[-89.7565,30.9429],[-89.7489,30.9339],[-89.7528,30.9254],[-89.7448,30.9189],[-89.7501,30.9129],[-89.7642,30.9119],[-89.7567,30.9011],[-89.7587,30.8973],[-89.7734,30.8977],[-89.7696,30.8811],[-89.7771,30.8811],[-89.7792,30.876],[-89.7678,30.8656],[-89.7717,30.8547],[-89.7834,30.856],[-89.7816,30.8453],[-89.7925,30.8504],[-89.7875,30.8441],[-89.7907,30.8318],[-89.7823,30.8326],[-89.7876,30.8235],[-89.7815,30.8189],[-89.7862,30.816],[-89.7987,30.8209],[-89.7972,30.8118],[-89.8046,30.8025],[-89.8157,30.8034],[-89.8084,30.7918],[-89.8035,30.7946],[-89.8035,30.7911],[-89.8116,30.7875],[-89.8129,30.7936],[-89.8192,30.7952],[-89.8201,30.7824],[-89.8301,30.7814],[-89.8288,30.7687],[-89.8351,30.7711],[-89.8256,30.7584],[-89.8332,30.7533],[-89.8225,30.7546],[-89.8286,30.7374],[-89.8161,30.7389],[-89.8369,30.7349],[-89.8275,30.7321],[-89.8363,30.7272],[-89.8256,30.7274],[-89.8313,30.7226],[-89.831,30.7155],[-89.8425,30.7204],[-89.8401,30.7118],[-89.8467,30.7057],[-89.8381,30.704],[-89.8353,30.6918],[-89.845,30.6906],[-89.8449,30.687],[-89.8374,30.6878],[-89.8423,30.6803],[-89.8371,30.6779],[-89.8472,30.67],[-89.8378,30.6719],[-89.8437,30.6634],[-89.8523,30.6624]]]},"properties":{"geoid":"28040","state":"28","district":"40","name":"State Senate District 40","chamber":"Senate"}},{"type":"Feature","geometry":{"type":"Polygon","coordinates":[[[-90.2269,31.1228],[-90.2245,31.116],[-90.1763,31.1226],[-90.1671,31.1197],[-90.1643,31.1102],[-90.1542,31.1119],[-90.1551,31.1067],[-90.1446,31.1103],[-90.1467,31.1044],[-90.1337,31.107],[-90.1296,31.1004],[-90.1092,31.1034],[-90.101,31.0893],[-90.0865,31.0884],[-90.0666,31.0664],[-90.0779,31.0619],[-90.0689,31.0361],[-90.0756,31.029],[-90.082,31.028],[-90.0881,31.0412],[-90.1246,31.0416],[-90.1545,31.0501],[-90.1668,31.0477],[-90.1665,31.025],[-90.158,31.0183],[-90.1598,31.0042],[-90.1645,31.001],[-89.7505,30.9994],[-89.7325,31.0048],[-89.5519,31.0019],[-89.552,31.016],[-89.5013,31.016],[-89.5014,31.0015],[-89.4759,31.0014],[-89.476,30.9829],[-89.4253,30.9825],[-89.4248,31.0101],[-89.4335,31.01],[-89.4336,31.0539],[-89.4507,31.054],[-89.4506,31.0832],[-89.5517,31.0833],[-89.5616,31.0954],[-89.5013,31.1156],[-89.5014,31.1474],[-89.5355,31.1587],[-89.5359,31.2297],[-89.4551,31.2297],[-89.4708,31.29],[-89.4726,31.3158],[-89.4798,31.3317],[-89.4736,31.3396],[-89.4839,31.3463],[-89.4684,31.3464],[-89.4684,31.3611],[-89.451,31.3611],[-89.4516,31.434],[-89.3992,31.434],[-89.4002,31.6237],[-89.461,31.624],[-89.4826,31.633],[-89.4857,31.6239],[-89.5361,31.6235],[-89.5433,31.6392],[-89.5543,31.6426],[-89.5587,31.6379],[-89.5523,31.6368],[-89.5527,31.6311],[-89.5449,31.6311],[-89.545,31.626],[-89.5609,31.6355],[-89.5651,31.6249],[-89.5723,31.6223],[-89.5741,31.6294],[-89.5838,31.6368],[-89.6082,31.6274],[-89.6468,31.623],[-89.6729,31.6378],[-89.7556,31.642],[-89.7556,31.6098],[-89.7351,31.6103],[-89.7163,31.5883],[-89.6989,31.5772],[-89.6875,31.5754],[-89.673,31.5647],[-89.6369,31.5589],[-89.6205,31.5502],[-89.6144,31.5406],[-89.5995,31.5351],[-89.6027,31.5319],[-89.5963,31.5252],[-89.5962,31.5129],[-89.5908,31.5167],[-89.5869,31.5134],[-89.5868,31.4337],[-89.8242,31.4341],[-89.8233,31.39],[-90.0405,31.3947],[-90.0405,31.336],[-90.0487,31.3358],[-90.053,31.3289],[-90.0824,31.3288],[-90.0825,31.336],[-90.091,31.336],[-90.0914,31.3433],[-90.1086,31.3435],[-90.1087,31.3509],[-90.1678,31.3506],[-90.172,31.3378],[-90.1582,31.3306],[-90.1378,31.3303],[-90.1378,31.3177],[-90.1136,31.3183],[-90.1106,31.2977],[-90.1213,31.303],[-90.1225,31.2992],[-90.1377,31.2994],[-90.1377,31.2902],[-90.1591,31.2839],[-90.1592,31.2681],[-90.146,31.2685],[-90.1419,31.2597],[-90.1422,31.2343],[-90.1644,31.2334],[-90.1501,31.2048],[-90.1657,31.199],[-90.1885,31.2039],[-90.1667,31.1558],[-90.1753,31.1561],[-90.1789,31.1509],[-90.1798,31.1325],[-90.2002,31.1474],[-90.2089,31.1448],[-90.2269,31.1228]]]},"properties":{"geoid":"28041","state":"28","district":"41","name":"State Senate District 41","chamber":"Senate"}},{"type":"Feature","geometry":{"type":"Polygon","coordinates":[[[-89.4005,31.6862],[-89.4003,31.6379],[-89.3665,31.6385],[-89.3665,31.6347],[-89.3605,31.6347],[-89.3545,31.6384],[-89.1928,31.6386],[-89.1948,31.6523],[-89.181,31.6533],[-89.1794,31.6819],[-89.1843,31.6847],[-89.1841,31.6939],[-89.1784,31.6868],[-89.1668,31.6889],[-89.1636,31.7103],[-89.1552,31.7115],[-89.1554,31.7369],[-89.1457,31.7405],[-89.1547,31.7532],[-89.1558,31.7697],[-89.1305,31.7698],[-89.1274,31.743],[-89.1218,31.7269],[-89.1175,31.726],[-89.085,31.7518],[-89.0841,31.7699],[-89.0114,31.7698],[-89.0115,31.7263],[-89.0553,31.7261],[-89.0614,31.7059],[-89.1094,31.6974],[-89.11,31.6854],[-89.1203,31.6884],[-89.1217,31.6839],[-89.1159,31.6782],[-89.1319,31.6647],[-89.1299,31.6247],[-89.1808,31.6237],[-89.1972,31.6045],[-89.1978,31.5959],[-89.209,31.5914],[-89.2191,31.5957],[-89.2191,31.6011],[-89.2073,31.6129],[-89.2149,31.6242],[-89.2318,31.6236],[-89.2342,31.609],[-89.4,31.61],[-89.3992,31.434],[-89.299,31.4341],[-89.3023,31.4305],[-89.2825,31.4132],[-89.2894,31.4067],[-89.2858,31.4031],[-89.2889,31.3961],[-89.2823,31.3942],[-89.2846,31.3908],[-89.2788,31.3828],[-89.2827,31.3804],[-89.2749,31.3802],[-89.2801,31.3771],[-89.2774,31.3643],[-89.2847,31.3639],[-89.2791,31.3369],[-89.2626,31.3213],[-89.2462,31.3176],[-89.2463,31.3102],[-89.2134,31.3103],[-89.2062,31.3043],[-89.1966,31.3176],[-89.1965,31.3024],[-89.1549,31.2835],[-89.1458,31.2718],[-89.1461,31.4341],[-88.8417,31.4337],[-88.8412,31.2595],[-88.7903,31.2589],[-88.7906,31.303],[-88.686,31.3032],[-88.6841,31.313],[-88.667,31.3187],[-88.6598,31.3281],[-88.6604,31.3337],[-88.6719,31.3405],[-88.6701,31.3466],[-88.6639,31.3477],[-88.6495,31.3381],[-88.6233,31.3496],[-88.6232,31.3645],[-88.633,31.3794],[-88.6526,31.3834],[-88.6554,31.3943],[-88.6864,31.3866],[-88.693,31.3973],[-88.6976,31.4064],[-88.695,31.4107],[-88.6721,31.4256],[-88.6744,31.434],[-88.7087,31.435],[-88.6891,31.4621],[-88.689,31.4777],[-88.7401,31.4776],[-88.7404,31.4937],[-88.7472,31.5009],[-88.7702,31.5005],[-88.7649,31.5092],[-88.7748,31.528],[-88.7912,31.5212],[-88.791,31.5504],[-88.8421,31.5503],[-88.8421,31.5357],[-88.8591,31.5356],[-88.8591,31.5064],[-88.9429,31.5065],[-88.9434,31.8246],[-89.2647,31.8052],[-89.2654,31.7694],[-89.2224,31.7696],[-89.2191,31.7624],[-89.2219,31.759],[-89.2484,31.755],[-89.2482,31.7404],[-89.2567,31.7473],[-89.2615,31.7429],[-89.2744,31.7552],[-89.2974,31.7402],[-89.3097,31.7448],[-89.3274,31.7435],[-89.3228,31.726],[-89.3502,31.7259],[-89.3496,31.6817],[-89.3926,31.6817],[-89.4005,31.6862]]]},"properties":{"geoid":"28042","state":"28","district":"42","name":"State Senate District 42","chamber":"Senate"}},{"type":"Feature","geometry":{"type":"Polygon","coordinates":[[[-88.9434,31.8246],[-88.9429,31.5065],[-88.8591,31.5064],[-88.8591,31.5356],[-88.8421,31.5357],[-88.8421,31.5503],[-88.791,31.5504],[-88.7912,31.5212],[-88.7748,31.528],[-88.7649,31.5092],[-88.7702,31.5005],[-88.7472,31.5009],[-88.7404,31.4937],[-88.7401,31.4776],[-88.689,31.4777],[-88.6891,31.4621],[-88.7087,31.435],[-88.674,31.4333],[-88.6721,31.4256],[-88.6976,31.4064],[-88.6864,31.3866],[-88.6554,31.3943],[-88.6526,31.3834],[-88.633,31.3794],[-88.6224,31.3611],[-88.624,31.3482],[-88.6392,31.3396],[-88.6447,31.3423],[-88.6495,31.3381],[-88.6639,31.3477],[-88.6701,31.3466],[-88.6719,31.3405],[-88.6604,31.3337],[-88.6598,31.3281],[-88.667,31.3187],[-88.6841,31.313],[-88.6859,31.3032],[-88.7906,31.303],[-88.7903,31.2589],[-88.8412,31.2595],[-88.8409,30.9984],[-88.8343,30.998],[-88.8345,30.9103],[-88.885,30.9108],[-88.8845,30.7356],[-88.4126,30.7356],[-88.4732,31.8939],[-88.6224,31.8572],[-88.7146,31.843],[-88.7634,31.8359],[-88.9434,31.8246]]]},"properties":{"geoid":"28043","state":"28","district":"43","name":"State Senate District 43","chamber":"Senate"}},{"type":"Feature","geometry":{"type":"Polygon","coordinates":[[[-89.5616,31.0954],[-89.5517,31.0833],[-89.4506,31.0832],[-89.4507,31.054],[-89.4336,31.0539],[-89.4335,31.01],[-89.3489,31.0104],[-89.349,31.001],[-89.3407,31.001],[-89.3408,30.9099],[-88.8345,30.9103],[-88.8343,30.998],[-88.8409,30.9984],[-88.8417,31.4337],[-89.1461,31.4341],[-89.1455,31.1973],[-89.1707,31.1965],[-89.1709,31.2011],[-89.1845,31.2107],[-89.1972,31.2013],[-89.209,31.2085],[-89.2123,31.2039],[-89.2241,31.2077],[-89.2275,31.2044],[-89.2625,31.2126],[-89.2902,31.2778],[-89.2979,31.2858],[-89.3081,31.277],[-89.3133,31.2904],[-89.3234,31.2892],[-89.3312,31.2955],[-89.3312,31.2991],[-89.3168,31.2982],[-89.3125,31.3035],[-89.3289,31.3247],[-89.3354,31.3248],[-89.3313,31.317],[-89.3453,31.3166],[-89.3421,31.3115],[-89.348,31.3113],[-89.348,31.3043],[-89.3745,31.2991],[-89.3992,31.3112],[-89.3994,31.3188],[-89.3734,31.3222],[-89.3729,31.3288],[-89.3969,31.3337],[-89.399,31.3465],[-89.4511,31.3464],[-89.451,31.3611],[-89.4684,31.3611],[-89.4684,31.3464],[-89.4839,31.3463],[-89.4736,31.3396],[-89.4798,31.3317],[-89.4726,31.3158],[-89.4708,31.29],[-89.4551,31.2297],[-89.5359,31.2297],[-89.5355,31.1587],[-89.5014,31.1474],[-89.5013,31.1156],[-89.5616,31.0954]]]},"properties":{"geoid":"28044","state":"28","district":"44","name":"State Senate District 44","chamber":"Senate"}},{"type":"Feature","geometry":{"type":"Polygon","coordinates":[[[-89.4516,31.434],[-89.4511,31.3464],[-89.399,31.3465],[-89.3969,31.3337],[-89.3729,31.3288],[-89.3734,31.3222],[-89.3994,31.3188],[-89.3992,31.3112],[-89.3745,31.2991],[-89.348,31.3043],[-89.348,31.3113],[-89.3421,31.3115],[-89.3453,31.3166],[-89.3313,31.317],[-89.3354,31.3248],[-89.3289,31.3247],[-89.3125,31.3035],[-89.3168,31.2982],[-89.3312,31.2991],[-89.3312,31.2955],[-89.3234,31.2892],[-89.3133,31.2904],[-89.3081,31.277],[-89.2979,31.2858],[-89.2902,31.2778],[-89.2625,31.2126],[-89.2275,31.2044],[-89.2241,31.2077],[-89.2123,31.2039],[-89.209,31.2085],[-89.1972,31.2013],[-89.1845,31.2107],[-89.1709,31.2011],[-89.1707,31.1965],[-89.1455,31.1973],[-89.1458,31.2718],[-89.1549,31.2835],[-89.1965,31.3024],[-89.1966,31.3176],[-89.2062,31.3043],[-89.2134,31.3103],[-89.2463,31.3102],[-89.2462,31.3176],[-89.2626,31.3213],[-89.2784,31.3361],[-89.2847,31.3639],[-89.2774,31.3643],[-89.2801,31.3771],[-89.2749,31.3802],[-89.2827,31.3804],[-89.2788,31.3828],[-89.2846,31.3908],[-89.2823,31.3942],[-89.2889,31.3961],[-89.2858,31.4031],[-89.2894,31.4067],[-89.2825,31.4132],[-89.3023,31.4305],[-89.299,31.4341],[-89.4516,31.434]]]},"properties":{"geoid":"28045","state":"28","district":"45","name":"State Senate District 45","chamber":"Senate"}},{"type":"Feature","geometry":{"type":"Polygon","coordinates":[[[-89.6906,30.4577],[-89.6899,30.4531],[-89.6834,30.4515],[-89.685,30.4395],[-89.6775,30.4181],[-89.68,30.4116],[-89.6845,30.4123],[-89.6838,30.4058],[-89.6602,30.3734],[-89.6572,30.3566],[-89.6413,30.3462],[-89.6369,30.3476],[-89.6296,30.339],[-89.6327,30.328],[-89.6296,30.3216],[-89.634,30.3213],[-89.6262,30.3143],[-89.6403,30.3068],[-89.6404,30.2955],[-89.6475,30.2905],[-89.6313,30.2798],[-89.6323,30.2686],[-89.6253,30.2635],[-89.6316,30.257],[-89.614,30.2448],[-89.6157,30.2234],[-89.5966,30.212],[-89.5752,30.1822],[-89.5661,30.1812],[-89.5448,30.1943],[-89.5348,30.1954],[-89.5148,30.1618],[-89.495,30.1608],[-89.454,30.1662],[-89.4167,30.1776],[-89.3061,30.1779],[-89.3068,30.2397],[-89.345,30.2938],[-89.3634,30.2867],[-89.3797,30.271],[-89.3968,30.289],[-89.3974,30.2996],[-89.3381,30.3197],[-89.3068,30.3185],[-89.3068,30.3384],[-89.2519,30.3429],[-89.2401,30.3365],[-89.2398,30.4718],[-89.1903,30.4709],[-89.1966,30.4491],[-89.1936,30.4416],[-89.1876,30.4416],[-89.1877,30.4275],[-89.1705,30.4277],[-89.1706,30.418],[-89.1367,30.4244],[-89.1368,30.4331],[-89.1431,30.4343],[-89.1429,30.4381],[-89.1368,30.4384],[-89.137,30.4639],[-89.1058,30.464],[-89.1037,30.4772],[-89.1869,30.4782],[-89.1755,30.4958],[-89.168,30.5337],[-89.1749,30.5632],[-89.1377,30.5586],[-89.1358,30.57],[-89.1659,30.5875],[-89.1553,30.582],[-89.1557,30.6236],[-89.2028,30.6399],[-89.2099,30.6507],[-89.23,30.6399],[-89.2401,30.6476],[-89.5442,30.6484],[-89.5445,30.5169],[-89.5959,30.5171],[-89.5957,30.5025],[-89.6471,30.5027],[-89.647,30.4589],[-89.6906,30.4577]]]},"properties":{"geoid":"28046","state":"28","district":"46","name":"State Senate District 46","chamber":"Senate"}},{"type":"Feature","geometry":{"type":"Polygon","coordinates":[[[-89.2836,30.8512],[-89.2676,30.8372],[-89.2389,30.8262],[-89.2432,30.8138],[-89.2657,30.7973],[-89.265,30.7873],[-89.2383,30.7668],[-89.2417,30.763],[-89.239,30.7388],[-89.2545,30.7327],[-89.2636,30.7353],[-89.2735,30.7198],[-89.2745,30.709],[-89.268,30.7033],[-89.2673,30.6885],[-89.2401,30.675],[-89.2401,30.6476],[-89.2307,30.64],[-89.2099,30.6507],[-89.2028,30.6399],[-89.1557,30.6236],[-89.1553,30.582],[-89.1659,30.5875],[-89.1358,30.57],[-89.1377,30.5586],[-89.1749,30.5632],[-89.168,30.5337],[-89.1755,30.4958],[-89.1869,30.4782],[-89.1076,30.4785],[-89.1154,30.5263],[-89.0855,30.5194],[-89.0681,30.5074],[-89.066,30.5006],[-89.0428,30.4979],[-89.0375,30.4881],[-89.026,30.4856],[-89.0203,30.4786],[-89.0232,30.4749],[-89.0165,30.4755],[-89.0072,30.4627],[-89.0014,30.465],[-89.0017,30.5081],[-88.8836,30.5081],[-88.8831,30.4188],[-88.8618,30.4156],[-88.8392,30.444],[-88.8431,30.4544],[-88.8627,30.4543],[-88.8626,30.4718],[-88.783,30.4723],[-88.7837,30.6417],[-88.7708,30.6439],[-88.7709,30.657],[-88.7666,30.6616],[-88.7326,30.6613],[-88.7325,30.6477],[-88.699,30.6473],[-88.6966,30.6337],[-88.6815,30.6211],[-88.676,30.6035],[-88.6595,30.6035],[-88.6411,30.6107],[-88.6372,30.6048],[-88.6394,30.5983],[-88.6304,30.6003],[-88.6276,30.5931],[-88.6126,30.5962],[-88.6201,30.5854],[-88.6049,30.5893],[-88.604,30.5954],[-88.5855,30.5904],[-88.5885,30.5969],[-88.5822,30.5972],[-88.5706,30.5835],[-88.5831,30.5786],[-88.58,30.5744],[-88.5852,30.5606],[-88.5766,30.555],[-88.5934,30.5449],[-88.5875,30.5401],[-88.5924,30.5332],[-88.5849,30.5322],[-88.603,30.5145],[-88.5935,30.5182],[-88.5921,30.5101],[-88.5859,30.5092],[-88.5898,30.5043],[-88.5773,30.4956],[-88.5644,30.4946],[-88.5642,30.516],[-88.5474,30.5158],[-88.5471,30.5452],[-88.5308,30.5449],[-88.5305,30.6186],[-88.4071,30.6178],[-88.4126,30.7356],[-88.8845,30.7356],[-88.885,30.9108],[-89.1711,30.9099],[-89.1639,30.8637],[-89.1716,30.8518],[-89.2164,30.8515],[-89.2488,30.8443],[-89.2836,30.8512]]]},"properties":{"geoid":"28047","state":"28","district":"47","name":"State Senate District 47","chamber":"Senate"}},{"type":"Feature","geometry":{"type":"Polygon","coordinates":[[[-89.3977,30.2961],[-89.3966,30.2887],[-89.3797,30.271],[-89.3634,30.2867],[-89.345,30.2938],[-89.3068,30.2397],[-89.3061,30.1779],[-89.261,30.182],[-89.1837,30.2122],[-89.1003,30.1679],[-89.0958,30.3557],[-89.1014,30.3617],[-89.0984,30.3703],[-89.1138,30.3711],[-89.1115,30.3766],[-89.0967,30.3768],[-89.0978,30.3803],[-89.0953,30.3713],[-89.0874,30.371],[-89.0536,30.3797],[-89.0544,30.3876],[-89.0609,30.3885],[-89.0545,30.3895],[-89.0523,30.3993],[-89.0574,30.3967],[-89.0619,30.4018],[-89.0591,30.4163],[-89.0704,30.4238],[-89.0959,30.4118],[-89.0974,30.4357],[-89.1266,30.4276],[-89.1307,30.4384],[-89.1429,30.4381],[-89.1431,30.4331],[-89.1368,30.4331],[-89.1367,30.4244],[-89.1706,30.418],[-89.1705,30.4277],[-89.1877,30.4275],[-89.1876,30.4416],[-89.1936,30.4416],[-89.1966,30.4491],[-89.1903,30.4709],[-89.2398,30.4718],[-89.24,30.3366],[-89.2519,30.3429],[-89.3068,30.3384],[-89.3068,30.3185],[-89.3394,30.3194],[-89.3974,30.2996],[-89.3977,30.2961]]]},"properties":{"geoid":"28048","state":"28","district":"48","name":"State Senate District 48","chamber":"Senate"}},{"type":"Feature","geometry":{"type":"Polygon","coordinates":[[[-89.137,30.4592],[-89.1368,30.4384],[-89.1307,30.4384],[-89.1266,30.4276],[-89.0974,30.4357],[-89.0959,30.4118],[-89.0704,30.4238],[-89.0591,30.4163],[-89.0619,30.4018],[-89.0574,30.3967],[-89.0523,30.3993],[-89.0545,30.3895],[-89.0609,30.3885],[-89.0544,30.3876],[-89.0536,30.3797],[-89.0874,30.371],[-89.0953,30.3713],[-89.0978,30.3803],[-89.0967,30.3768],[-89.1115,30.3766],[-89.1138,30.3711],[-89.0984,30.3703],[-89.1014,30.3617],[-89.0958,30.3557],[-89.1003,30.1679],[-89.0002,30.154],[-89.001,30.3871],[-88.9728,30.3905],[-88.9763,30.4097],[-88.9634,30.4098],[-88.9588,30.4203],[-88.9425,30.4193],[-88.9419,30.4283],[-88.958,30.4282],[-88.9608,30.454],[-88.9718,30.4444],[-88.9778,30.4476],[-88.9709,30.4511],[-88.991,30.4379],[-88.9865,30.4429],[-88.9941,30.4426],[-89.0014,30.4283],[-89.0313,30.4278],[-89.0275,30.4547],[-89.0422,30.4554],[-89.0547,30.4716],[-89.0744,30.4715],[-89.07,30.4785],[-89.1037,30.4787],[-89.1058,30.464],[-89.137,30.4639],[-89.137,30.4592]]]},"properties":{"geoid":"28049","state":"28","district":"49","name":"State Senate District 49","chamber":"Senate"}},{"type":"Feature","geometry":{"type":"Polygon","coordinates":[[[-89.1163,30.526],[-89.1073,30.4764],[-89.07,30.4785],[-89.0744,30.4715],[-89.0547,30.4716],[-89.0422,30.4554],[-89.0287,30.4555],[-89.0313,30.4278],[-89.0014,30.4283],[-88.9941,30.4426],[-88.9865,30.4429],[-88.991,30.4379],[-88.9709,30.4511],[-88.9778,30.4476],[-88.9718,30.4444],[-88.9608,30.454],[-88.958,30.4282],[-88.9419,30.4283],[-88.9425,30.4193],[-88.9588,30.4203],[-88.9634,30.4098],[-88.9763,30.4097],[-88.9728,30.3905],[-89.001,30.3871],[-89.0002,30.154],[-88.889,30.1398],[-88.9003,30.17],[-88.8504,30.1923],[-88.8214,30.2174],[-88.7951,30.2],[-88.7953,30.3504],[-88.8135,30.3752],[-88.846,30.4057],[-88.8676,30.4189],[-88.8831,30.4188],[-88.8836,30.5081],[-89.0017,30.5081],[-89.0014,30.465],[-89.0072,30.4627],[-89.0165,30.4755],[-89.0232,30.4749],[-89.0203,30.4786],[-89.026,30.4856],[-89.0375,30.4881],[-89.0428,30.4979],[-89.0679,30.5015],[-89.0681,30.5074],[-89.0946,30.5239],[-89.1096,30.5221],[-89.1163,30.526]]]},"properties":{"geoid":"28050","state":"28","district":"50","name":"State Senate District 50","chamber":"Senate"}},{"type":"Feature","geometry":{"type":"Polygon","coordinates":[[[-88.8628,30.4648],[-88.8627,30.4543],[-88.8431,30.4544],[-88.8392,30.444],[-88.8535,30.428],[-88.8327,30.4187],[-88.8184,30.4261],[-88.8027,30.4186],[-88.7889,30.4227],[-88.7919,30.4141],[-88.7822,30.4125],[-88.7859,30.4106],[-88.6981,30.3991],[-88.698,30.4143],[-88.6531,30.4141],[-88.6492,30.4219],[-88.6558,30.4347],[-88.631,30.4373],[-88.6338,30.4216],[-88.613,30.4166],[-88.619,30.411],[-88.6068,30.3919],[-88.6089,30.383],[-88.5627,30.3719],[-88.566,30.3844],[-88.5196,30.3822],[-88.5142,30.3856],[-88.5055,30.3803],[-88.5005,30.384],[-88.4467,30.3843],[-88.447,30.1463],[-88.3844,30.1585],[-88.4071,30.6178],[-88.5305,30.6186],[-88.5308,30.5449],[-88.5471,30.5452],[-88.5474,30.5158],[-88.5642,30.516],[-88.5644,30.4946],[-88.5773,30.4956],[-88.5898,30.5043],[-88.5859,30.5092],[-88.5921,30.5101],[-88.5935,30.5182],[-88.603,30.5145],[-88.5849,30.5322],[-88.5924,30.5332],[-88.5875,30.5401],[-88.5934,30.5449],[-88.5766,30.555],[-88.5852,30.5606],[-88.58,30.5744],[-88.5831,30.5786],[-88.5706,30.5835],[-88.5822,30.5972],[-88.5885,30.5969],[-88.5855,30.5904],[-88.604,30.5954],[-88.6049,30.5893],[-88.6201,30.5854],[-88.6126,30.5962],[-88.6276,30.5931],[-88.6304,30.6003],[-88.6394,30.5983],[-88.6372,30.6048],[-88.6411,30.6107],[-88.6595,30.6035],[-88.676,30.6035],[-88.6815,30.6211],[-88.6966,30.6337],[-88.699,30.6473],[-88.7325,30.6477],[-88.7326,30.6613],[-88.7666,30.6616],[-88.7709,30.657],[-88.7708,30.6439],[-88.7837,30.6417],[-88.783,30.4723],[-88.8626,30.4718],[-88.8628,30.4648]]]},"properties":{"geoid":"28051","state":"28","district":"51","name":"State Senate District 51","chamber":"Senate"}},{"type":"Feature","geometry":{"type":"Polygon","coordinates":[[[-88.8566,30.4235],[-88.8618,30.4156],[-88.8135,30.3752],[-88.7953,30.3504],[-88.7951,30.2],[-88.7539,30.1882],[-88.7174,30.1909],[-88.6774,30.1797],[-88.5952,30.1697],[-88.5679,30.1705],[-88.5459,30.1767],[-88.5098,30.1579],[-88.447,30.1463],[-88.4467,30.3843],[-88.5005,30.384],[-88.5055,30.3803],[-88.5142,30.3856],[-88.5196,30.3822],[-88.566,30.3844],[-88.5627,30.3719],[-88.6089,30.383],[-88.6068,30.3919],[-88.619,30.411],[-88.613,30.4166],[-88.6338,30.4216],[-88.631,30.4373],[-88.6558,30.4347],[-88.6492,30.4219],[-88.6531,30.4141],[-88.698,30.4143],[-88.6981,30.3991],[-88.7859,30.4106],[-88.7822,30.4125],[-88.7919,30.4141],[-88.7889,30.4227],[-88.8027,30.4186],[-88.8184,30.4261],[-88.8327,30.4187],[-88.8535,30.428],[-88.8566,30.4235]]]},"properties":{"geoid":"28052","state":"28","district":"52","name":"State Senate District 52","chamber":"Senate"}}]}