{"type":"FeatureCollection","features":[{"type":"Feature","geometry":{"type":"Polygon","coordinates":[[[-116.0491,48.9743],[-116.049,48.2164],[-116.0166,48.2064],[-116.0186,48.2026],[-116.013,48.1968],[-116.0211,48.1919],[-116.0216,48.1833],[-116.0165,48.1804],[-116.0182,48.1698],[-116.0098,48.1649],[-116.0092,48.1597],[-115.9802,48.1584],[-115.9567,48.1491],[-115.9367,48.1842],[-115.9085,48.1826],[-115.9034,48.1925],[-115.8831,48.2026],[-115.858,48.2058],[-115.856,48.2107],[-115.8454,48.2111],[-115.8438,48.2161],[-115.8412,48.211],[-115.8319,48.2109],[-115.8294,48.2174],[-115.8002,48.2228],[-115.7825,48.2397],[-115.7714,48.2591],[-115.7592,48.264],[-115.7373,48.2633],[-115.7339,48.2559],[-115.7098,48.2484],[-115.6985,48.2383],[-115.6932,48.2243],[-115.6724,48.2064],[-115.673,48.1948],[-115.6839,48.1935],[-115.6967,48.1774],[-115.6935,48.1662],[-115.6719,48.1616],[-115.6698,48.1548],[-115.6545,48.1461],[-115.657,48.1406],[-115.6458,48.1341],[-115.6496,48.1242],[-115.6406,48.1157],[-115.6384,48.0954],[-115.6322,48.0886],[-115.6411,48.0789],[-115.609,48.0599],[-115.6113,48.0483],[-115.6011,48.0413],[-115.5964,48.0308],[-115.5838,48.0214],[-115.5682,48.0202],[-115.5448,47.9994],[-115.5377,47.9813],[-115.5579,47.9405],[-115.5457,47.9288],[-115.5463,47.9217],[-115.5247,47.9086],[-115.501,47.9088],[-115.4815,47.9182],[-115.47,47.9131],[-115.4613,47.9206],[-115.4275,47.911],[-115.4269,47.9275],[-115.4215,47.9338],[-115.3998,47.9361],[-115.3995,47.9124],[-115.382,47.9044],[-115.32,47.9217],[-115.301,47.912],[-115.2939,47.8986],[-115.2784,47.8903],[-115.2633,47.9032],[-115.252,47.9052],[-115.2484,47.9152],[-115.2251,47.9083],[-115.206,47.9193],[-115.1972,47.916],[-115.1952,47.9202],[-115.1851,47.9191],[-115.1785,47.9479],[-115.1855,47.957],[-115.1751,47.9602],[-115.1761,47.9742],[-115.1653,47.973],[-115.1601,47.9631],[-115.1537,47.9616],[-115.1481,47.9635],[-115.1457,47.9755],[-115.1363,47.9842],[-115.151,47.9957],[-115.1492,48.0098],[-115.1545,48.0177],[-115.0107,48.0176],[-115.0107,48.0031],[-114.9894,48.0031],[-114.9893,47.8728],[-114.6046,47.8756],[-114.6045,47.7899],[-114.4773,47.7899],[-114.4775,47.8754],[-114.4921,47.8754],[-114.4926,47.9456],[-114.498,47.9376],[-114.4973,47.9467],[-114.5192,47.954],[-114.5339,47.952],[-114.53,47.9655],[-114.5586,47.9581],[-114.5647,47.9491],[-114.5721,47.9474],[-114.577,47.951],[-114.5729,47.9567],[-114.5798,47.9553],[-114.5915,47.9653],[-114.601,47.9412],[-114.6125,47.9463],[-114.6267,47.9443],[-114.6327,47.9585],[-114.6204,47.962],[-114.6205,48.0624],[-114.605,48.0725],[-114.5821,48.0703],[-114.5785,48.0739],[-114.5819,48.0756],[-114.5636,48.0943],[-114.5517,48.095],[-114.5622,48.0999],[-114.5347,48.0921],[-114.5348,48.1384],[-114.5241,48.1384],[-114.5242,48.226],[-114.8481,48.2261],[-114.8498,48.5735],[-114.8887,48.5735],[-114.8886,48.6588],[-114.639,48.6589],[-114.6559,48.6706],[-114.6913,48.6784],[-114.6921,48.6846],[-114.6807,48.6975],[-114.6917,48.7086],[-114.6788,48.7245],[-114.6256,48.7384],[-114.6127,48.7547],[-114.6181,48.7596],[-114.6353,48.759],[-114.6481,48.7793],[-114.6618,48.7811],[-114.6733,48.7892],[-114.6717,48.7994],[-114.7149,48.8016],[-114.7325,48.8093],[-114.7232,48.8315],[-114.708,48.8325],[-114.705,48.8387],[-114.6917,48.8421],[-114.6894,48.8639],[-114.6937,48.8742],[-114.711,48.8907],[-114.7038,48.9099],[-114.7087,48.9293],[-114.7181,48.9318],[-114.7189,48.939],[-114.6972,48.9537],[-114.6848,48.9733],[-114.6971,48.98],[-114.7348,48.9824],[-114.7394,48.9914],[-114.727,49.0005],[-116.0491,49.0008],[-116.0491,48.9743]]]},"properties":{"geoid":"30001","state":"30","district":"1","name":"State Senate District 1","chamber":"Senate"}},{"type":"Feature","geometry":{"type":"Polygon","coordinates":[[[-114.8887,48.6009],[-114.8887,48.5735],[-114.8498,48.5735],[-114.8496,48.3995],[-114.6326,48.3995],[-114.6325,48.3704],[-114.5041,48.3705],[-114.504,48.3417],[-114.4768,48.3417],[-114.4768,48.3381],[-114.466,48.3381],[-114.4661,48.3308],[-114.4606,48.3309],[-114.4605,48.3453],[-114.4389,48.3491],[-114.439,48.3708],[-114.4172,48.3737],[-114.4129,48.3693],[-114.3356,48.3709],[-114.3164,48.3668],[-114.3155,48.3715],[-114.2191,48.3706],[-114.224,48.3514],[-114.1714,48.3642],[-114.1662,48.3692],[-114.1674,48.3791],[-114.1611,48.384],[-114.1657,48.3853],[-114.1645,48.3998],[-114.1494,48.4021],[-114.1415,48.4099],[-114.1443,48.4186],[-114.1469,48.4153],[-114.1559,48.4204],[-114.154,48.4326],[-114.1603,48.4342],[-114.1601,48.4514],[-114.1317,48.4693],[-114.0712,48.462],[-114.0713,48.4673],[-114.0593,48.472],[-114.0128,48.4691],[-113.8499,48.4734],[-113.8516,48.3647],[-113.8648,48.353],[-113.8311,48.3339],[-113.8373,48.3278],[-113.8197,48.3181],[-113.8223,48.3142],[-113.8097,48.3066],[-113.8078,48.2957],[-113.7881,48.2891],[-113.7575,48.301],[-113.6795,48.2976],[-113.6798,48.2222],[-113.5633,48.2222],[-113.5563,48.2008],[-113.5519,48.1994],[-113.564,48.1905],[-113.5632,48.1802],[-113.553,48.1714],[-113.5444,48.1725],[-113.5301,48.1572],[-113.5096,48.1598],[-113.494,48.1504],[-113.4503,48.1463],[-113.4395,48.1521],[-113.4279,48.1483],[-113.4216,48.1401],[-113.4113,48.1391],[-113.3767,48.1447],[-113.3755,48.1486],[-113.3565,48.1527],[-113.3452,48.1685],[-113.3299,48.1783],[-113.3346,48.1932],[-113.3317,48.2163],[-113.3385,48.2181],[-113.3483,48.213],[-113.3435,48.2224],[-113.2678,48.2225],[-113.2676,48.26],[-113.2896,48.2653],[-113.2978,48.2843],[-113.323,48.2878],[-113.3338,48.2982],[-113.3421,48.2991],[-113.3495,48.3056],[-113.348,48.3114],[-113.3743,48.3239],[-113.3746,48.3324],[-113.387,48.3415],[-113.341,48.3696],[-113.3339,48.3823],[-113.333,48.3876],[-113.3469,48.3944],[-113.3511,48.4059],[-113.3484,48.4134],[-113.356,48.4239],[-113.3866,48.4164],[-113.411,48.4195],[-113.4518,48.4458],[-113.4646,48.4454],[-113.4792,48.4531],[-113.4808,48.4597],[-113.4666,48.4745],[-113.4718,48.4876],[-113.4661,48.4984],[-113.4737,48.5048],[-113.4674,48.5476],[-113.4734,48.5525],[-113.4923,48.5523],[-113.5103,48.5598],[-113.5169,48.5729],[-113.5361,48.5777],[-113.5439,48.587],[-113.5726,48.5788],[-113.5778,48.584],[-113.5856,48.5838],[-113.593,48.577],[-113.6042,48.5754],[-113.6329,48.599],[-113.6419,48.6006],[-113.6641,48.5857],[-113.6798,48.5934],[-113.7245,48.6001],[-113.7505,48.6143],[-113.754,48.6188],[-113.7422,48.6355],[-113.7467,48.6397],[-113.7456,48.6528],[-113.7391,48.6631],[-113.7259,48.6715],[-113.741,48.6927],[-113.7142,48.6985],[-113.7027,48.7179],[-113.7096,48.7241],[-113.7072,48.7312],[-113.7137,48.7417],[-113.7357,48.7495],[-113.7427,48.7652],[-113.7616,48.7733],[-113.7717,48.7878],[-113.7731,48.8006],[-113.764,48.8037],[-113.7569,48.8183],[-113.7852,48.8326],[-113.7905,48.8455],[-113.8137,48.8392],[-113.8184,48.8482],[-113.8371,48.8508],[-113.8412,48.8559],[-113.8643,48.8479],[-113.8753,48.8372],[-113.9114,48.8501],[-113.9175,48.8357],[-113.9545,48.8177],[-113.9655,48.8237],[-113.9735,48.8188],[-113.9809,48.8258],[-114.0018,48.8316],[-113.999,48.8391],[-113.9897,48.8406],[-113.993,48.8541],[-114.0063,48.8649],[-114.0172,48.8647],[-114.0326,48.8809],[-114.0581,48.889],[-114.0549,48.895],[-114.0385,48.8951],[-114.0183,48.9034],[-114.0136,48.909],[-114.0149,48.9248],[-114.0248,48.9334],[-114.0456,48.9336],[-114.0428,48.9456],[-114.0212,48.9613],[-114.0504,48.9634],[-114.0577,48.9767],[-114.0564,48.9861],[-114.0682,48.9989],[-114.7296,48.9998],[-114.7395,48.9912],[-114.7348,48.9824],[-114.6971,48.98],[-114.6848,48.973],[-114.6972,48.9537],[-114.7189,48.939],[-114.7181,48.9318],[-114.7087,48.9293],[-114.7038,48.9099],[-114.711,48.8907],[-114.6937,48.8742],[-114.6894,48.8639],[-114.6917,48.8421],[-114.705,48.8387],[-114.708,48.8325],[-114.7232,48.8315],[-114.7325,48.8093],[-114.7149,48.8016],[-114.6717,48.7994],[-114.6733,48.7892],[-114.6618,48.7811],[-114.6481,48.7793],[-114.6353,48.759],[-114.6181,48.7596],[-114.6127,48.7547],[-114.6256,48.7384],[-114.6788,48.7245],[-114.6917,48.7086],[-114.6807,48.6975],[-114.6921,48.6846],[-114.6913,48.6784],[-114.6559,48.6706],[-114.639,48.6589],[-114.8886,48.6588],[-114.8887,48.6009]]]},"properties":{"geoid":"30002","state":"30","district":"2","name":"State Senate District 2","chamber":"Senate"}},{"type":"Feature","geometry":{"type":"Polygon","coordinates":[[[-114.8487,48.2943],[-114.8481,48.2261],[-114.5215,48.226],[-114.5205,48.2357],[-114.5134,48.2417],[-114.4703,48.2495],[-114.4581,48.2441],[-114.4172,48.2402],[-114.417,48.2316],[-114.4108,48.2259],[-114.3488,48.2259],[-114.3459,48.2113],[-114.3361,48.2114],[-114.3346,48.2189],[-114.3233,48.2217],[-114.3256,48.2259],[-114.3137,48.2259],[-114.3087,48.2549],[-114.2246,48.2563],[-114.224,48.2626],[-114.2153,48.269],[-114.1971,48.2691],[-114.1972,48.2836],[-114.1645,48.2839],[-114.1645,48.2766],[-114.1542,48.2766],[-114.1541,48.3021],[-114.1475,48.3029],[-114.145,48.3092],[-113.9515,48.3087],[-113.9599,48.3187],[-113.9357,48.337],[-113.9155,48.3398],[-113.8973,48.352],[-113.8637,48.3541],[-113.8516,48.3647],[-113.8499,48.4734],[-114.0128,48.4691],[-114.0593,48.472],[-114.0713,48.4673],[-114.0712,48.462],[-114.1317,48.4693],[-114.1601,48.4514],[-114.1603,48.4342],[-114.154,48.4326],[-114.1559,48.4204],[-114.1469,48.4153],[-114.1443,48.4186],[-114.1415,48.4099],[-114.1494,48.4021],[-114.1645,48.3998],[-114.1657,48.3853],[-114.1611,48.384],[-114.1674,48.3791],[-114.1662,48.3692],[-114.1714,48.3642],[-114.224,48.3514],[-114.2191,48.3706],[-114.3155,48.3715],[-114.3164,48.3668],[-114.3356,48.3709],[-114.4129,48.3693],[-114.4172,48.3737],[-114.439,48.3708],[-114.4389,48.3491],[-114.4605,48.3453],[-114.4606,48.3309],[-114.4661,48.3308],[-114.466,48.3381],[-114.4768,48.3381],[-114.4768,48.3417],[-114.504,48.3417],[-114.5041,48.3705],[-114.6325,48.3704],[-114.6326,48.3995],[-114.8486,48.3995],[-114.8487,48.2943]]]},"properties":{"geoid":"30003","state":"30","district":"3","name":"State Senate District 3","chamber":"Senate"}},{"type":"Feature","geometry":{"type":"Polygon","coordinates":[[[-114.3316,48.1859],[-114.3041,48.1825],[-114.3002,48.1772],[-114.2959,48.1831],[-114.2879,48.1806],[-114.288,48.2031],[-114.258,48.2104],[-114.239,48.2229],[-114.2379,48.228],[-114.2252,48.2328],[-114.2347,48.2405],[-114.2416,48.2404],[-114.2385,48.2548],[-114.3087,48.2549],[-114.3137,48.2259],[-114.3256,48.2259],[-114.3261,48.2151],[-114.3202,48.2151],[-114.3203,48.2097],[-114.3303,48.2062],[-114.3316,48.1859]]]},"properties":{"geoid":"30004","state":"30","district":"4","name":"State Senate District 4","chamber":"Senate"}},{"type":"Feature","geometry":{"type":"Polygon","coordinates":[[[-114.6327,47.9585],[-114.6267,47.9443],[-114.6125,47.9463],[-114.601,47.9412],[-114.5915,47.9653],[-114.5798,47.9553],[-114.5729,47.9567],[-114.577,47.951],[-114.5721,47.9474],[-114.5647,47.9491],[-114.5586,47.9581],[-114.53,47.9655],[-114.5339,47.952],[-114.5192,47.954],[-114.4973,47.9467],[-114.498,47.9376],[-114.4977,47.9426],[-114.4921,47.9441],[-114.4922,47.962],[-114.1101,47.9625],[-114.1183,48.0367],[-114.132,48.0542],[-114.1115,48.0864],[-114.1151,48.0925],[-114.1418,48.0952],[-114.2372,48.0954],[-114.2454,48.1055],[-114.2457,48.1341],[-114.3034,48.139],[-114.3129,48.1458],[-114.3093,48.1826],[-114.3316,48.1859],[-114.3303,48.2062],[-114.3203,48.2097],[-114.3202,48.2151],[-114.3261,48.2151],[-114.324,48.2215],[-114.3346,48.2189],[-114.3361,48.2114],[-114.3459,48.2113],[-114.3488,48.2259],[-114.4105,48.2258],[-114.417,48.2316],[-114.4172,48.2402],[-114.4581,48.2441],[-114.4699,48.2495],[-114.4923,48.2483],[-114.5135,48.2416],[-114.5242,48.226],[-114.5241,48.1384],[-114.5348,48.1384],[-114.5347,48.0921],[-114.5622,48.0999],[-114.5517,48.095],[-114.5636,48.0943],[-114.5819,48.0756],[-114.5785,48.0739],[-114.5821,48.0703],[-114.605,48.0725],[-114.6206,48.0623],[-114.6204,47.962],[-114.6327,47.9585]]]},"properties":{"geoid":"30005","state":"30","district":"5","name":"State Senate District 5","chamber":"Senate"}},{"type":"Feature","geometry":{"type":"Polygon","coordinates":[[[-114.4922,47.962],[-114.4921,47.8754],[-114.4775,47.8754],[-114.4791,47.7461],[-114.3073,47.7449],[-114.307,47.7768],[-114.2898,47.7764],[-114.2784,47.7678],[-114.2744,47.7689],[-114.2757,47.7764],[-114.1505,47.7765],[-114.151,47.7712],[-114.1338,47.7729],[-114.1367,47.7783],[-114.129,47.7808],[-114.1289,47.7869],[-114.1096,47.8076],[-114.1077,47.7874],[-114.0995,47.7786],[-114.0973,47.7671],[-114.0993,47.7594],[-114.1157,47.7474],[-114.1223,47.7319],[-114.0901,47.7221],[-114.0733,47.7136],[-114.0731,47.7091],[-114.0547,47.7033],[-114.0166,47.7099],[-113.9745,47.7044],[-113.9599,47.698],[-113.9546,47.6861],[-113.9514,47.7031],[-113.9651,47.7071],[-113.9695,47.7272],[-113.9571,47.7379],[-113.9564,47.7549],[-113.9249,47.7555],[-113.9218,47.7668],[-113.9331,47.7811],[-113.9247,47.7896],[-113.9209,47.805],[-113.9271,47.8321],[-113.9328,47.8366],[-113.9494,47.8369],[-113.9546,47.8483],[-113.9477,47.8522],[-113.9537,47.8544],[-113.9484,47.8563],[-113.9422,47.8712],[-113.9252,47.8733],[-113.9238,47.8838],[-113.9307,47.8846],[-113.9318,47.8893],[-113.9298,47.9062],[-113.921,47.9034],[-113.9259,47.9118],[-113.9105,47.9044],[-113.9148,47.8948],[-113.9008,47.9039],[-113.8955,47.9027],[-113.8975,47.8933],[-113.8921,47.8917],[-113.8936,47.8858],[-113.874,47.8998],[-113.8684,47.8963],[-113.8658,47.8851],[-113.8331,47.8849],[-113.8342,47.8738],[-113.8198,47.8723],[-113.7989,47.885],[-113.8117,47.8927],[-113.8027,47.8986],[-113.8188,47.9213],[-113.7962,47.9206],[-113.775,47.9258],[-113.7549,47.9354],[-113.7516,47.9492],[-113.7443,47.9504],[-113.7624,47.9518],[-113.7704,47.9477],[-113.7742,47.9505],[-113.7724,47.9581],[-113.7893,47.9688],[-113.7958,47.9682],[-113.8027,47.9797],[-113.8133,47.9833],[-113.8217,47.9787],[-113.8296,47.9812],[-113.8326,47.9764],[-113.8422,47.9782],[-113.8626,48.0073],[-113.8656,48.0137],[-113.8587,48.0245],[-113.8698,48.0345],[-113.8666,48.0417],[-113.8757,48.0478],[-113.8411,48.033],[-113.8157,48.0136],[-113.8006,48.0079],[-113.7705,48.0122],[-113.7526,48.0205],[-113.7065,48.0262],[-113.6898,48.0444],[-113.6887,48.056],[-113.6763,48.0636],[-113.6974,48.1007],[-113.7267,48.1172],[-113.724,48.1266],[-113.7455,48.146],[-113.7671,48.1524],[-113.7831,48.1639],[-113.7703,48.1791],[-113.7727,48.1965],[-113.792,48.2141],[-113.8149,48.2466],[-113.8358,48.2537],[-113.8684,48.2776],[-113.9203,48.2994],[-113.9436,48.2957],[-113.9515,48.3087],[-114.145,48.3092],[-114.1475,48.3029],[-114.1541,48.3021],[-114.1542,48.2766],[-114.1645,48.2766],[-114.1645,48.2839],[-114.1972,48.2836],[-114.1971,48.2691],[-114.2153,48.269],[-114.224,48.2626],[-114.2243,48.2565],[-114.2385,48.257],[-114.2416,48.2404],[-114.2347,48.2405],[-114.2258,48.2314],[-114.2379,48.228],[-114.239,48.2229],[-114.258,48.2104],[-114.288,48.2031],[-114.2879,48.1806],[-114.2959,48.1831],[-114.3002,48.1772],[-114.3093,48.1826],[-114.3094,48.1535],[-114.3148,48.1536],[-114.3147,48.15],[-114.3034,48.139],[-114.2457,48.1341],[-114.2454,48.1055],[-114.2372,48.0954],[-114.1151,48.0925],[-114.1117,48.0846],[-114.132,48.0542],[-114.1183,48.0367],[-114.1101,47.9625],[-114.4922,47.962]]]},"properties":{"geoid":"30006","state":"30","district":"6","name":"State Senate District 6","chamber":"Senate"}},{"type":"Feature","geometry":{"type":"Polygon","coordinates":[[[-116.0491,48.0008],[-116.0491,47.9768],[-116.0385,47.9713],[-116.0304,47.9726],[-116.0188,47.9629],[-116.0075,47.9508],[-116.0067,47.9433],[-115.9981,47.9385],[-115.9934,47.926],[-115.9847,47.9226],[-115.9824,47.9156],[-115.9669,47.9126],[-115.9684,47.8992],[-115.9541,47.8945],[-115.938,47.8811],[-115.9189,47.8536],[-115.9093,47.8526],[-115.9014,47.8431],[-115.8815,47.8496],[-115.8707,47.835],[-115.8523,47.8279],[-115.8451,47.815],[-115.8488,47.8101],[-115.8474,47.7851],[-115.8374,47.7748],[-115.8317,47.7558],[-115.825,47.7524],[-115.7975,47.7573],[-115.781,47.7432],[-115.7843,47.73],[-115.7763,47.7197],[-115.753,47.717],[-115.7228,47.6953],[-115.7283,47.6817],[-115.7266,47.6729],[-115.7365,47.6538],[-115.7299,47.6419],[-115.7077,47.6347],[-115.6944,47.6238],[-115.6919,47.6172],[-115.6987,47.612],[-115.6984,47.6066],[-115.6878,47.5953],[-115.7048,47.585],[-115.706,47.5776],[-115.7212,47.5763],[-115.7237,47.5706],[-115.741,47.5634],[-115.7556,47.5479],[-115.7423,47.5383],[-115.7021,47.5342],[-115.6954,47.5277],[-115.7111,47.5234],[-115.7114,47.5168],[-115.6986,47.5023],[-115.69,47.5008],[-115.6863,47.4849],[-115.6678,47.4888],[-115.661,47.4778],[-115.6288,47.4797],[-115.6191,47.4846],[-115.6095,47.4738],[-115.5589,47.4719],[-115.5297,47.4769],[-115.5216,47.4864],[-115.5262,47.4952],[-115.5193,47.4968],[-115.5043,47.4947],[-115.4845,47.4717],[-115.4719,47.467],[-115.4562,47.4715],[-115.4437,47.4656],[-115.4299,47.476],[-115.4017,47.4849],[-115.3634,47.4837],[-115.3427,47.4709],[-115.324,47.471],[-115.3058,47.4715],[-115.2822,47.4869],[-115.24,47.4778],[-115.2241,47.4658],[-115.1939,47.4611],[-115.1574,47.4478],[-115.159,47.4434],[-115.1502,47.4335],[-115.1281,47.423],[-115.1283,47.439],[-115.1236,47.4413],[-115.0847,47.4412],[-115.065,47.4548],[-115.0346,47.4653],[-114.9896,47.4719],[-114.9739,47.4847],[-114.9662,47.4846],[-114.965,47.4674],[-114.9366,47.4607],[-114.9238,47.4492],[-114.9068,47.4466],[-114.893,47.4551],[-114.8642,47.4536],[-114.8437,47.4694],[-114.7346,47.4695],[-114.7442,47.4859],[-114.7632,47.4881],[-114.7609,47.4972],[-114.7881,47.5129],[-114.7864,47.5176],[-114.7813,47.5216],[-114.7462,47.5236],[-114.7366,47.5348],[-114.5499,47.5901],[-114.5331,47.5974],[-114.5363,47.6018],[-114.3504,47.6021],[-114.342,47.5893],[-114.3271,47.5983],[-114.3201,47.5927],[-114.3404,47.5843],[-114.3397,47.5707],[-114.3284,47.5657],[-114.3286,47.5587],[-114.3056,47.5586],[-114.3057,47.5296],[-114.1633,47.5297],[-114.1558,47.5443],[-114.1387,47.5442],[-114.1383,47.5523],[-114.1238,47.5594],[-114.1238,47.6166],[-114.0545,47.6167],[-114.0494,47.6203],[-114.0492,47.6312],[-113.966,47.6312],[-113.9656,47.6612],[-113.9596,47.6669],[-113.9671,47.6754],[-113.9546,47.6861],[-113.9599,47.698],[-113.9745,47.7044],[-114.0166,47.7099],[-114.0547,47.7033],[-114.0731,47.7091],[-114.0733,47.7136],[-114.0901,47.7221],[-114.1223,47.7319],[-114.1157,47.7474],[-114.0993,47.7594],[-114.0973,47.7671],[-114.0995,47.7786],[-114.1077,47.7874],[-114.1096,47.8076],[-114.1289,47.7869],[-114.129,47.7808],[-114.1367,47.7783],[-114.1338,47.7729],[-114.151,47.7712],[-114.1505,47.7765],[-114.2757,47.7764],[-114.2744,47.7689],[-114.2784,47.7678],[-114.2898,47.7764],[-114.307,47.7768],[-114.3073,47.7449],[-114.477,47.7452],[-114.4773,47.7899],[-114.6045,47.7899],[-114.6046,47.8756],[-114.9893,47.8728],[-114.9894,48.0031],[-115.0107,48.0031],[-115.0107,48.0176],[-115.1545,48.0177],[-115.1492,48.0098],[-115.151,47.9957],[-115.1363,47.9842],[-115.1457,47.9755],[-115.1481,47.9635],[-115.1537,47.9616],[-115.1601,47.9631],[-115.1653,47.973],[-115.1761,47.9742],[-115.1751,47.9602],[-115.1855,47.957],[-115.1785,47.9479],[-115.1851,47.9191],[-115.1952,47.9202],[-115.1972,47.916],[-115.206,47.9193],[-115.2251,47.9083],[-115.2484,47.9152],[-115.252,47.9052],[-115.2633,47.9032],[-115.2784,47.8903],[-115.2939,47.8986],[-115.301,47.912],[-115.32,47.9217],[-115.382,47.9044],[-115.3995,47.9124],[-115.3998,47.9361],[-115.4215,47.9338],[-115.4269,47.9275],[-115.4275,47.911],[-115.4613,47.9206],[-115.47,47.9131],[-115.4815,47.9182],[-115.501,47.9088],[-115.5247,47.9086],[-115.5463,47.9217],[-115.5457,47.9288],[-115.5579,47.9405],[-115.5377,47.9813],[-115.5448,47.9994],[-115.5682,48.0202],[-115.5838,48.0214],[-115.5964,48.0308],[-115.6011,48.0413],[-115.6113,48.0483],[-115.609,48.0599],[-115.6411,48.0789],[-115.6322,48.0886],[-115.6384,48.0954],[-115.6406,48.1157],[-115.6496,48.1242],[-115.6458,48.1341],[-115.657,48.1406],[-115.6545,48.1461],[-115.6698,48.1548],[-115.6719,48.1616],[-115.6935,48.1662],[-115.6967,48.1774],[-115.6839,48.1935],[-115.673,48.1948],[-115.6724,48.2064],[-115.6932,48.2243],[-115.6985,48.2383],[-115.7098,48.2484],[-115.7339,48.2559],[-115.7373,48.2633],[-115.7592,48.264],[-115.7714,48.2591],[-115.7825,48.2397],[-115.8002,48.2228],[-115.8294,48.2174],[-115.8319,48.2109],[-115.8412,48.211],[-115.8438,48.2161],[-115.8454,48.2111],[-115.856,48.2107],[-115.858,48.2058],[-115.8831,48.2026],[-115.9034,48.1925],[-115.9085,48.1826],[-115.9367,48.1842],[-115.9567,48.1491],[-115.9802,48.1584],[-116.0092,48.1597],[-116.0098,48.1649],[-116.0182,48.1698],[-116.0165,48.1804],[-116.0216,48.1833],[-116.0211,48.1919],[-116.013,48.1968],[-116.0186,48.2026],[-116.0166,48.2064],[-116.0487,48.2161],[-116.0491,48.0008]]]},"properties":{"geoid":"30007","state":"30","district":"7","name":"State Senate District 7","chamber":"Senate"}},{"type":"Feature","geometry":{"type":"Polygon","coordinates":[[[-114.1348,47.3021],[-114.1273,47.2831],[-114.1075,47.2751],[-114.1091,47.2688],[-113.8243,47.2687],[-113.8243,47.2744],[-113.8435,47.2721],[-113.8554,47.285],[-113.8726,47.2894],[-113.8782,47.305],[-113.901,47.312],[-113.8865,47.3184],[-113.8818,47.3385],[-113.8932,47.3592],[-113.8872,47.3599],[-113.886,47.3694],[-113.8759,47.371],[-113.8711,47.392],[-113.8911,47.4159],[-113.8905,47.4313],[-113.9027,47.4467],[-113.9326,47.4577],[-113.9288,47.4659],[-113.9512,47.476],[-113.9388,47.4842],[-113.9425,47.4928],[-113.9308,47.5002],[-113.915,47.5003],[-113.9085,47.5143],[-113.9278,47.5208],[-113.9219,47.5283],[-113.9232,47.5361],[-113.9297,47.5399],[-113.9195,47.5494],[-113.9321,47.576],[-113.9293,47.5969],[-113.9488,47.6],[-113.3258,47.6002],[-113.3258,47.5955],[-113.1444,47.5955],[-113.1463,47.6075],[-113.1358,47.6203],[-113.1444,47.6265],[-113.1447,47.6369],[-113.1303,47.6416],[-113.1285,47.661],[-113.1409,47.6686],[-113.1578,47.6958],[-113.1656,47.728],[-113.1383,47.7459],[-113.1209,47.7414],[-113.0941,47.7436],[-113.081,47.7499],[-113.0828,47.773],[-113.0665,47.7762],[-113.0614,47.7879],[-113.0668,47.7992],[-113.06,47.8081],[-113.0641,47.8135],[-113.0624,47.822],[-113.0693,47.8292],[-113.0664,47.8381],[-113.0581,47.8427],[-113.058,47.8707],[-113.0653,47.877],[-113.0629,47.8856],[-113.0915,47.8943],[-113.0933,47.908],[-113.0867,47.9104],[-113.0866,47.9182],[-113.0657,47.9267],[-113.0221,47.9271],[-113.0131,47.942],[-112.9984,47.9441],[-112.9818,47.9553],[-112.9581,47.9515],[-112.9514,47.9446],[-112.9126,47.9464],[-112.8979,47.9725],[-112.8785,47.9758],[-112.8967,48.019],[-112.9078,48.0299],[-112.9362,48.0353],[-112.9496,48.0327],[-112.9509,48.0496],[-112.9371,48.0555],[-112.9376,48.0608],[-112.9524,48.0653],[-112.9637,48.0749],[-112.982,48.074],[-112.9782,48.0802],[-112.9829,48.0864],[-112.979,48.0888],[-112.9939,48.0981],[-112.9961,48.1061],[-112.9907,48.1078],[-112.9932,48.1149],[-112.9845,48.1199],[-113.0006,48.1307],[-113.0148,48.131],[-112.891,48.131],[-112.8902,48.1597],[-112.8712,48.1634],[-112.8574,48.1753],[-112.8229,48.1816],[-112.8073,48.1943],[-112.8001,48.1926],[-112.7816,48.2056],[-112.7774,48.2024],[-112.7702,48.2052],[-112.7531,48.2288],[-112.6789,48.2482],[-112.6617,48.2414],[-112.6305,48.2443],[-112.6211,48.254],[-112.6091,48.2576],[-112.6064,48.2746],[-112.5971,48.283],[-112.5901,48.3039],[-112.584,48.3097],[-112.5759,48.3097],[-112.577,48.4833],[-112.229,48.4836],[-112.2075,48.4771],[-112.1848,48.4773],[-112.1934,48.9987],[-114.0682,48.9989],[-114.0564,48.9861],[-114.0577,48.9767],[-114.0504,48.9634],[-114.0212,48.9613],[-114.0428,48.9456],[-114.0456,48.9336],[-114.0248,48.9334],[-114.0149,48.9248],[-114.0136,48.909],[-114.0183,48.9034],[-114.0385,48.8951],[-114.0549,48.895],[-114.0581,48.889],[-114.0326,48.8809],[-114.0172,48.8647],[-114.0063,48.8649],[-113.993,48.8541],[-113.9897,48.8406],[-113.999,48.8391],[-114.0018,48.8316],[-113.9809,48.8258],[-113.9735,48.8188],[-113.9655,48.8237],[-113.9545,48.8177],[-113.9175,48.8357],[-113.9114,48.8501],[-113.8753,48.8372],[-113.8643,48.8479],[-113.8412,48.8559],[-113.8371,48.8508],[-113.8184,48.8482],[-113.8137,48.8392],[-113.7905,48.8455],[-113.7852,48.8326],[-113.7569,48.8183],[-113.764,48.8037],[-113.7731,48.8006],[-113.7717,48.7878],[-113.7616,48.7733],[-113.7427,48.7652],[-113.7357,48.7495],[-113.7137,48.7417],[-113.7072,48.7312],[-113.7096,48.7241],[-113.7027,48.7179],[-113.7142,48.6985],[-113.741,48.6927],[-113.7259,48.6715],[-113.7391,48.6631],[-113.7456,48.6528],[-113.7467,48.6397],[-113.7422,48.6355],[-113.754,48.6188],[-113.7505,48.6143],[-113.7245,48.6001],[-113.6798,48.5934],[-113.6641,48.5857],[-113.6419,48.6006],[-113.6329,48.599],[-113.6042,48.5754],[-113.593,48.577],[-113.5856,48.5838],[-113.5778,48.584],[-113.5726,48.5788],[-113.5439,48.587],[-113.5361,48.5777],[-113.5169,48.5729],[-113.5103,48.5598],[-113.4923,48.5523],[-113.4734,48.5525],[-113.4674,48.5476],[-113.4737,48.5048],[-113.4661,48.4984],[-113.4718,48.4876],[-113.4666,48.4745],[-113.4808,48.4597],[-113.4792,48.4531],[-113.4646,48.4454],[-113.4518,48.4458],[-113.411,48.4195],[-113.3866,48.4164],[-113.356,48.4239],[-113.3484,48.4134],[-113.3511,48.4059],[-113.3469,48.3944],[-113.333,48.3876],[-113.3339,48.3823],[-113.341,48.3696],[-113.387,48.3415],[-113.3746,48.3324],[-113.3743,48.3239],[-113.348,48.3114],[-113.3495,48.3056],[-113.3421,48.2991],[-113.3338,48.2982],[-113.323,48.2878],[-113.2978,48.2843],[-113.2896,48.2653],[-113.2676,48.26],[-113.2678,48.2225],[-113.3434,48.2225],[-113.3483,48.213],[-113.3385,48.2181],[-113.3317,48.2163],[-113.3317,48.1755],[-113.3452,48.1685],[-113.3569,48.1525],[-113.3755,48.1486],[-113.3767,48.1447],[-113.4206,48.1399],[-113.4279,48.1483],[-113.4395,48.1521],[-113.4501,48.1463],[-113.4691,48.1475],[-113.494,48.1504],[-113.5096,48.1598],[-113.5342,48.1593],[-113.5443,48.1724],[-113.553,48.1714],[-113.5632,48.1802],[-113.564,48.1905],[-113.5519,48.1994],[-113.5563,48.2008],[-113.5633,48.2222],[-113.6798,48.2222],[-113.6795,48.2976],[-113.7575,48.301],[-113.7874,48.2892],[-113.7973,48.2905],[-113.8079,48.2958],[-113.8097,48.3066],[-113.8223,48.3142],[-113.8197,48.3181],[-113.8371,48.3276],[-113.8311,48.3339],[-113.8394,48.3354],[-113.8648,48.3545],[-113.8982,48.3517],[-113.9155,48.3398],[-113.9357,48.337],[-113.9599,48.3187],[-113.9448,48.2962],[-113.9203,48.2994],[-113.8684,48.2776],[-113.8358,48.2537],[-113.8149,48.2466],[-113.792,48.2141],[-113.7727,48.1965],[-113.7703,48.1791],[-113.7831,48.1639],[-113.7671,48.1524],[-113.7455,48.146],[-113.724,48.1266],[-113.7267,48.1172],[-113.6974,48.1007],[-113.6763,48.0636],[-113.6887,48.056],[-113.6898,48.0444],[-113.7065,48.0262],[-113.7526,48.0205],[-113.7705,48.0122],[-113.8006,48.0079],[-113.8157,48.0136],[-113.8411,48.033],[-113.8763,48.047],[-113.8665,48.0415],[-113.8698,48.0345],[-113.8583,48.0225],[-113.8656,48.0137],[-113.8422,47.9782],[-113.8326,47.9764],[-113.8296,47.9812],[-113.8217,47.9787],[-113.8133,47.9833],[-113.8027,47.9797],[-113.7958,47.9682],[-113.7893,47.9688],[-113.7724,47.9581],[-113.7742,47.9505],[-113.7704,47.9477],[-113.7624,47.9518],[-113.7443,47.9504],[-113.7516,47.9492],[-113.7549,47.9354],[-113.775,47.9258],[-113.7962,47.9206],[-113.8188,47.9213],[-113.8027,47.8986],[-113.8117,47.8927],[-113.7989,47.885],[-113.8184,47.8726],[-113.8342,47.8738],[-113.8331,47.8849],[-113.8658,47.8851],[-113.8684,47.8963],[-113.8737,47.8997],[-113.8936,47.8858],[-113.8921,47.8917],[-113.8975,47.8933],[-113.8955,47.9027],[-113.9008,47.9039],[-113.9148,47.8948],[-113.9111,47.9053],[-113.9221,47.907],[-113.9227,47.9132],[-113.9261,47.9093],[-113.921,47.9034],[-113.9298,47.9062],[-113.9316,47.8865],[-113.9238,47.8838],[-113.9252,47.8733],[-113.9422,47.8712],[-113.9484,47.8563],[-113.9537,47.8544],[-113.9477,47.8522],[-113.9546,47.8483],[-113.9494,47.8369],[-113.9328,47.8366],[-113.9271,47.8321],[-113.9209,47.805],[-113.9247,47.7896],[-113.9331,47.7811],[-113.9218,47.7668],[-113.9249,47.7555],[-113.9564,47.7549],[-113.9571,47.7379],[-113.9695,47.7272],[-113.9651,47.7071],[-113.9515,47.7033],[-113.951,47.6973],[-113.9523,47.687],[-113.9671,47.6754],[-113.9596,47.6669],[-113.9656,47.6612],[-113.966,47.6312],[-114.0492,47.6312],[-114.0494,47.6203],[-114.0545,47.6167],[-114.1238,47.6166],[-114.1238,47.5594],[-114.1271,47.5587],[-114.0849,47.5588],[-114.0892,47.5442],[-114.0703,47.5443],[-114.0703,47.5298],[-114.0866,47.5278],[-114.0884,47.5224],[-114.0943,47.5223],[-114.0969,47.5128],[-114.0968,47.4136],[-114.0541,47.4136],[-114.0542,47.3687],[-114.0329,47.3701],[-114.033,47.3267],[-114.097,47.3267],[-114.1184,47.3109],[-114.1288,47.3123],[-114.1275,47.3057],[-114.1348,47.3021]]]},"properties":{"geoid":"30008","state":"30","district":"8","name":"State Senate District 8","chamber":"Senate"}},{"type":"Feature","geometry":{"type":"Polygon","coordinates":[[[-113.1659,47.7213],[-113.1464,47.6765],[-113.1285,47.661],[-113.1303,47.6416],[-113.1447,47.6371],[-113.1444,47.6265],[-113.1358,47.6203],[-113.1474,47.6023],[-113.1422,47.5931],[-113.1308,47.5877],[-113.127,47.5759],[-113.1177,47.5705],[-113.1181,47.5605],[-113.1247,47.5579],[-113.1225,47.5452],[-113.1259,47.5417],[-113.1183,47.5205],[-113.1231,47.5158],[-113.1165,47.5088],[-113.1154,47.4914],[-113.0914,47.4804],[-113.0804,47.4856],[-113.0627,47.4823],[-113.0592,47.4886],[-113.0591,47.1796],[-112.7958,47.177],[-112.7956,46.8317],[-112.5041,46.8342],[-112.4619,46.8598],[-112.4821,46.867],[-112.483,46.8759],[-112.5002,46.8821],[-112.5013,46.8894],[-112.4917,46.8977],[-112.4948,46.8925],[-112.4889,46.8903],[-112.4803,46.8939],[-112.4814,46.897],[-112.4079,46.8991],[-112.3841,46.8893],[-112.3428,46.8838],[-112.341,46.8778],[-112.3011,46.8572],[-112.2674,46.8229],[-112.2521,46.8186],[-112.2538,46.8094],[-112.2433,46.8059],[-112.2433,46.7986],[-112.2542,46.7984],[-112.3028,46.7532],[-112.3185,46.7502],[-112.3112,46.7507],[-112.3064,46.7464],[-112.3087,46.7434],[-112.3033,46.7418],[-112.3315,46.728],[-112.3114,46.7137],[-112.3164,46.7003],[-112.3256,46.6925],[-112.329,46.6734],[-112.3261,46.6654],[-112.3297,46.6615],[-112.3093,46.642],[-112.3068,46.6368],[-112.3108,46.6335],[-112.2985,46.626],[-112.2982,46.6181],[-112.2423,46.6175],[-112.24,46.6312],[-112.2333,46.6393],[-112.1754,46.6622],[-112.1466,46.6641],[-112.1423,46.6837],[-112.1322,46.6807],[-112.131,46.6996],[-112.1078,46.699],[-112.1098,46.7064],[-112.0417,46.7043],[-112.0413,46.7282],[-112.0205,46.7336],[-112.0203,46.749],[-112.0261,46.7588],[-112.0218,46.7598],[-112.031,46.7663],[-112.0339,46.7862],[-111.9022,46.7877],[-111.9063,46.7927],[-111.9202,46.7935],[-111.9201,46.8009],[-111.9444,46.8199],[-111.9122,46.8494],[-111.9027,46.8678],[-111.9239,46.8942],[-111.9115,46.9142],[-111.8934,46.9089],[-111.8804,46.9129],[-111.8125,46.9052],[-111.7904,46.9086],[-111.7893,47.1289],[-111.8749,47.1287],[-111.8744,47.1214],[-111.8964,47.1213],[-111.8963,47.1357],[-111.9201,47.1357],[-111.9289,47.1435],[-111.9389,47.1417],[-111.9486,47.1501],[-111.9463,47.1543],[-111.9645,47.159],[-111.9608,47.1669],[-111.9661,47.1735],[-111.9717,47.1678],[-111.9824,47.1737],[-111.9755,47.1785],[-111.9774,47.1839],[-111.9967,47.1855],[-111.9985,47.181],[-111.9937,47.178],[-112.0097,47.1791],[-112.0144,47.1878],[-112.0085,47.1908],[-112.0111,47.1954],[-112.0261,47.1993],[-112.0257,47.194],[-112.0301,47.197],[-112.0448,47.1927],[-112.0478,47.516],[-112.0273,47.518],[-112.0002,47.5072],[-111.995,47.5113],[-111.9861,47.5069],[-111.9706,47.5113],[-111.9608,47.5034],[-111.9481,47.5071],[-111.9246,47.5012],[-111.9229,47.6112],[-111.6663,47.6113],[-111.6665,47.6978],[-111.4089,47.6981],[-111.409,48.2195],[-111.2753,48.2195],[-111.2699,48.9972],[-112.1934,48.9987],[-112.1848,48.4773],[-112.2075,48.4771],[-112.229,48.4836],[-112.577,48.4833],[-112.5759,48.3097],[-112.584,48.3097],[-112.5901,48.3039],[-112.5971,48.283],[-112.6064,48.2746],[-112.6091,48.2576],[-112.6211,48.254],[-112.6305,48.2443],[-112.6617,48.2414],[-112.6789,48.2482],[-112.7531,48.2288],[-112.7702,48.2052],[-112.7774,48.2024],[-112.7816,48.2056],[-112.8001,48.1926],[-112.8073,48.1943],[-112.8229,48.1816],[-112.8574,48.1753],[-112.8712,48.1634],[-112.8902,48.1597],[-112.891,48.131],[-113.0148,48.131],[-113.0006,48.1307],[-112.9845,48.1199],[-112.9932,48.1149],[-112.9907,48.1078],[-112.9961,48.1061],[-112.9939,48.0981],[-112.979,48.0888],[-112.9829,48.0864],[-112.9782,48.0802],[-112.982,48.074],[-112.9637,48.0749],[-112.9524,48.0653],[-112.9376,48.0608],[-112.9371,48.0555],[-112.9509,48.0496],[-112.9496,48.0327],[-112.9362,48.0353],[-112.9078,48.0299],[-112.8967,48.019],[-112.8785,47.9758],[-112.8979,47.9725],[-112.9126,47.9464],[-112.9514,47.9446],[-112.9581,47.9515],[-112.9818,47.9553],[-112.9984,47.9441],[-113.0131,47.942],[-113.0221,47.9271],[-113.0657,47.9267],[-113.0865,47.9183],[-113.0867,47.9104],[-113.0933,47.908],[-113.0915,47.8943],[-113.0629,47.8856],[-113.0653,47.877],[-113.058,47.8707],[-113.0581,47.8427],[-113.0664,47.8381],[-113.0693,47.8292],[-113.0624,47.822],[-113.0641,47.8135],[-113.06,47.8081],[-113.0668,47.7992],[-113.0614,47.7879],[-113.0665,47.7762],[-113.0828,47.773],[-113.081,47.7499],[-113.0941,47.7436],[-113.1209,47.7414],[-113.1383,47.7459],[-113.1641,47.73],[-113.1659,47.7213]]]},"properties":{"geoid":"30009","state":"30","district":"9","name":"State Senate District 9","chamber":"Senate"}},{"type":"Feature","geometry":{"type":"Polygon","coordinates":[[[-111.3117,47.5044],[-111.308,47.5003],[-111.3112,47.4935],[-111.2417,47.4951],[-111.2413,47.5211],[-111.2919,47.5191],[-111.3047,47.5138],[-111.3117,47.5044]]]},"properties":{"geoid":"30010","state":"30","district":"10","name":"State Senate District 10","chamber":"Senate"}},{"type":"Feature","geometry":{"type":"Polygon","coordinates":[[[-111.339,47.5192],[-111.3106,47.5065],[-111.2919,47.5191],[-111.267,47.5172],[-111.2502,47.5233],[-111.2413,47.5211],[-111.2417,47.4962],[-111.1789,47.4874],[-111.1558,47.4796],[-111.1518,47.4872],[-111.1522,47.5498],[-111.1727,47.5474],[-111.1997,47.5329],[-111.2155,47.5387],[-111.2432,47.5296],[-111.2443,47.5343],[-111.2818,47.5326],[-111.2869,47.5443],[-111.3059,47.5391],[-111.3065,47.5464],[-111.3246,47.5461],[-111.3253,47.5251],[-111.339,47.5192]]]},"properties":{"geoid":"30011","state":"30","district":"11","name":"State Senate District 11","chamber":"Senate"}},{"type":"Feature","geometry":{"type":"Polygon","coordinates":[[[-111.3539,47.4769],[-111.3489,47.478],[-111.349,47.4719],[-111.3415,47.4647],[-111.2843,47.465],[-111.2843,47.4724],[-111.2629,47.4724],[-111.263,47.4798],[-111.2364,47.4842],[-111.2257,47.4938],[-111.3112,47.4935],[-111.3106,47.5065],[-111.3219,47.5088],[-111.327,47.516],[-111.3487,47.5159],[-111.3435,47.489],[-111.3539,47.4769]]]},"properties":{"geoid":"30012","state":"30","district":"12","name":"State Senate District 12","chamber":"Senate"}},{"type":"Feature","geometry":{"type":"Polygon","coordinates":[[[-112.0478,47.516],[-112.0448,47.1927],[-112.0301,47.197],[-112.0257,47.194],[-112.0261,47.1993],[-112.0111,47.1954],[-112.0085,47.1908],[-112.0144,47.1878],[-112.0097,47.1791],[-111.9937,47.178],[-111.9985,47.181],[-111.9967,47.1855],[-111.9774,47.1839],[-111.9755,47.1785],[-111.9824,47.1737],[-111.9717,47.1678],[-111.9661,47.1735],[-111.9608,47.1669],[-111.9645,47.159],[-111.9463,47.1543],[-111.9486,47.1501],[-111.9389,47.1417],[-111.9289,47.1435],[-111.9201,47.1357],[-111.8963,47.1357],[-111.8964,47.1213],[-111.8744,47.1214],[-111.8749,47.1287],[-111.7893,47.1289],[-111.7902,46.9138],[-111.5392,46.9134],[-111.5394,47.0006],[-111.2853,47.001],[-111.2852,47.0117],[-111.1584,47.0118],[-111.1586,47.0883],[-111.0039,47.0878],[-111.004,47.2328],[-110.9899,47.2543],[-110.9901,47.2607],[-111.0371,47.2598],[-111.0495,47.2717],[-111.0501,47.2793],[-111.1065,47.278],[-111.1065,47.349],[-111.0716,47.349],[-111.0705,47.3524],[-111.0701,47.4256],[-111.0295,47.4256],[-111.0257,47.582],[-111.0219,47.577],[-111.0036,47.5724],[-110.975,47.5744],[-110.9661,47.5639],[-110.9597,47.5667],[-110.9603,47.5621],[-110.9496,47.5531],[-110.9358,47.5526],[-110.9369,47.5468],[-110.9253,47.5481],[-110.9251,47.5428],[-110.897,47.545],[-110.8906,47.5525],[-110.8896,47.5398],[-110.8798,47.5473],[-110.8816,47.541],[-110.8682,47.5386],[-110.8729,47.5347],[-110.8668,47.5332],[-110.8646,47.5247],[-110.7685,47.5256],[-110.7691,47.4461],[-110.6406,47.4463],[-110.6396,47.4165],[-110.164,47.4194],[-110.1596,47.4153],[-110.1519,47.4253],[-110.146,47.4245],[-110.1472,47.4285],[-110.13,47.4288],[-110.1297,47.4341],[-110.1203,47.4319],[-110.119,47.4363],[-110.1124,47.4362],[-110.1134,47.4413],[-110.1068,47.4398],[-110.1088,47.4432],[-110.1028,47.4402],[-110.0854,47.4451],[-110.079,47.4487],[-110.0825,47.4533],[-110.0749,47.4554],[-110.0769,47.4577],[-110.0483,47.4656],[-110.0508,47.4692],[-110.0458,47.4682],[-110.0465,47.4722],[-110.0423,47.4698],[-110.0286,47.4749],[-110.0332,47.4769],[-110.0309,47.4796],[-110.0195,47.4788],[-110.015,47.4736],[-110.0098,47.4796],[-110.0029,47.4755],[-109.9989,47.4812],[-109.9895,47.4786],[-109.9907,47.4832],[-109.9815,47.4827],[-109.9837,47.4854],[-109.976,47.4856],[-109.9794,47.4889],[-109.9756,47.491],[-109.968,47.4876],[-109.9566,47.4983],[-109.9378,47.5013],[-109.9348,47.5116],[-109.9198,47.5126],[-109.9231,47.5157],[-109.9102,47.5186],[-109.915,47.5214],[-109.9071,47.5199],[-109.9028,47.5265],[-109.8901,47.5255],[-109.8903,47.5215],[-109.8784,47.5267],[-109.8713,47.5246],[-109.8713,47.53],[-109.8635,47.5315],[-109.8571,47.541],[-109.8491,47.5404],[-109.8546,47.5422],[-109.8481,47.5426],[-109.8446,47.5493],[-109.8492,47.5537],[-109.8439,47.5605],[-109.85,47.5618],[-109.8453,47.5653],[-109.851,47.566],[-109.8431,47.5771],[-109.852,47.5803],[-109.8483,47.5839],[-109.8537,47.5862],[-109.8524,47.5908],[-109.8456,47.5907],[-109.8509,47.5959],[-109.8433,47.6001],[-109.8484,47.6054],[-109.8421,47.6101],[-109.8434,47.6161],[-109.838,47.6166],[-109.8427,47.6189],[-109.8371,47.6222],[-109.8426,47.6222],[-109.8321,47.6321],[-109.8401,47.6358],[-109.8315,47.6487],[-109.8397,47.6526],[-109.8322,47.6566],[-109.8392,47.6633],[-109.8345,47.6633],[-109.834,47.6683],[-109.8412,47.6718],[-109.8334,47.6794],[-109.8394,47.6819],[-109.8364,47.687],[-109.831,47.6872],[-109.8408,47.6913],[-109.8409,47.6979],[-109.8364,47.6978],[-109.8407,47.6994],[-109.8335,47.7012],[-109.8392,47.7052],[-109.833,47.7091],[-109.8369,47.7122],[-109.8264,47.7162],[-109.7848,47.7081],[-109.7697,47.7097],[-109.7534,47.7029],[-109.7237,47.7024],[-109.6783,47.7346],[-109.6335,47.7394],[-109.6082,47.7322],[-109.5813,47.7478],[-109.5387,47.7389],[-109.5387,47.871],[-109.5329,47.8711],[-109.5338,48.1346],[-109.7269,48.1329],[-109.7269,48.1473],[-109.8177,48.1473],[-109.8338,48.2011],[-109.8514,48.201],[-109.8568,48.2084],[-109.8677,48.2084],[-109.873,48.2196],[-109.8838,48.2195],[-109.8887,48.2049],[-109.8996,48.2013],[-109.8995,48.1976],[-109.9214,48.2009],[-109.9214,48.2044],[-109.9322,48.2043],[-109.9267,48.2188],[-109.9485,48.2187],[-109.9487,48.2317],[-109.9558,48.2316],[-109.9665,48.2481],[-109.9988,48.2481],[-109.9976,48.2772],[-110.0136,48.2808],[-110.0141,48.306],[-110.5228,48.3068],[-110.6254,48.3065],[-110.6255,48.2197],[-110.8274,48.2196],[-110.8272,48.1332],[-111.4091,48.1322],[-111.4089,47.6981],[-111.6665,47.6978],[-111.6663,47.6113],[-111.9229,47.6112],[-111.9246,47.5012],[-111.9481,47.5071],[-111.9608,47.5034],[-111.9706,47.5113],[-111.9861,47.5069],[-111.995,47.5113],[-112.0002,47.5072],[-112.0273,47.518],[-112.0478,47.516]],[[-111.3539,47.4765],[-111.3435,47.489],[-111.3487,47.5159],[-111.3344,47.5172],[-111.339,47.5192],[-111.3253,47.5251],[-111.3246,47.5461],[-111.3065,47.5464],[-111.3059,47.5391],[-111.2869,47.5443],[-111.2818,47.5326],[-111.2443,47.5343],[-111.2432,47.5296],[-111.2155,47.5387],[-111.1997,47.5329],[-111.1724,47.5474],[-111.1518,47.5496],[-111.1518,47.4872],[-111.1558,47.4796],[-111.1789,47.4874],[-111.2257,47.4938],[-111.2364,47.4842],[-111.263,47.4798],[-111.2629,47.4724],[-111.2843,47.4724],[-111.2843,47.465],[-111.3415,47.4647],[-111.349,47.4719],[-111.3489,47.478],[-111.3539,47.4765]]]},"properties":{"geoid":"30013","state":"30","district":"13","name":"State Senate District 13","chamber":"Senate"}},{"type":"Feature","geometry":{"type":"Polygon","coordinates":[[[-111.4091,48.1411],[-111.4091,48.1322],[-110.8272,48.1332],[-110.8274,48.2196],[-110.6255,48.2197],[-110.6254,48.3065],[-110.0631,48.3061],[-110.0578,48.3133],[-110.0522,48.3134],[-110.0607,48.323],[-110.0519,48.3249],[-110.058,48.3324],[-110.0556,48.3371],[-110.0598,48.3369],[-110.0575,48.3461],[-110.0419,48.3641],[-110.0303,48.364],[-110.0303,48.3712],[-110.0142,48.3657],[-110.0141,48.3747],[-110.0194,48.3747],[-110.0195,48.3788],[-109.9976,48.377],[-109.9757,48.3931],[-109.9452,48.3933],[-109.952,48.3947],[-109.952,48.4381],[-109.8776,48.4382],[-109.8127,48.5017],[-109.7755,48.516],[-109.7505,48.5322],[-109.7039,48.543],[-109.7049,48.5325],[-109.6876,48.5371],[-109.6819,48.5249],[-109.6576,48.5249],[-109.6559,48.5397],[-109.5838,48.5395],[-109.5838,48.554],[-109.5732,48.554],[-109.5732,48.5647],[-109.5693,48.5655],[-109.5209,48.5595],[-109.4645,48.5648],[-109.4227,48.5871],[-109.3727,48.5942],[-109.2573,48.5967],[-109.2373,48.5945],[-109.2373,48.5828],[-109.2263,48.5828],[-109.2264,48.5946],[-109.0987,48.5843],[-109.0521,48.5852],[-108.949,48.5733],[-108.7935,48.5356],[-108.7815,48.5379],[-108.7798,48.5329],[-108.7568,48.5267],[-108.5982,48.4949],[-108.5487,48.4736],[-108.469,48.4549],[-108.3467,48.437],[-108.3485,48.425],[-108.3439,48.42],[-108.3294,48.4292],[-108.3299,48.419],[-108.3164,48.4182],[-108.3161,48.4105],[-108.3075,48.4111],[-108.2936,48.4025],[-108.2531,48.3977],[-108.2431,48.3913],[-108.241,48.3961],[-108.1655,48.3803],[-108.1401,48.3844],[-107.9384,48.3652],[-107.8857,48.3649],[-107.8774,48.3608],[-107.8892,48.3529],[-107.8747,48.3513],[-107.8667,48.3386],[-107.8667,48.3496],[-107.8517,48.3557],[-107.8625,48.3595],[-107.8362,48.3607],[-107.7946,48.3738],[-107.698,48.4516],[-107.4947,48.4757],[-107.4012,48.4744],[-107.2617,48.4236],[-107.2245,48.4159],[-107.1656,48.4126],[-107.0131,48.3726],[-106.9604,48.3735],[-106.9396,48.369],[-106.8457,48.3235],[-106.74,48.239],[-106.6742,48.2079],[-106.6412,48.1974],[-106.6467,48.2],[-106.6413,48.199],[-106.6426,48.2109],[-106.6618,48.2269],[-106.6503,48.2379],[-106.65,48.2773],[-106.6063,48.2772],[-106.6067,48.2482],[-106.5633,48.2482],[-106.5636,48.3826],[-106.5448,48.3855],[-106.545,48.372],[-106.5202,48.3912],[-106.4787,48.3733],[-106.463,48.3713],[-106.4616,48.3664],[-106.4395,48.3665],[-106.434,48.3711],[-106.4105,48.3671],[-106.4227,48.3774],[-106.4313,48.3779],[-106.4396,48.4033],[-106.4529,48.4178],[-106.4513,48.4222],[-106.4625,48.4269],[-106.4702,48.436],[-106.4682,48.4388],[-106.4762,48.4397],[-106.4736,48.442],[-106.4812,48.4489],[-106.4747,48.4493],[-106.4804,48.4513],[-106.4775,48.4534],[-106.481,48.4586],[-106.4932,48.463],[-106.4896,48.4678],[-106.4947,48.4741],[-106.4899,48.4755],[-106.4941,48.4805],[-106.4864,48.4819],[-106.4896,48.4932],[-106.4841,48.4993],[-106.4916,48.5004],[-106.488,48.5065],[-106.4918,48.5097],[-106.4822,48.5156],[-106.4889,48.5172],[-106.4846,48.5192],[-106.4957,48.5288],[-106.5024,48.5269],[-106.5022,48.5332],[-106.5297,48.5528],[-106.5304,48.5581],[-106.5474,48.5668],[-106.5454,48.5731],[-106.5541,48.5803],[-106.5497,48.5877],[-106.5538,48.5888],[-106.5511,48.5905],[-106.5587,48.6015],[-106.5579,48.6082],[-106.5638,48.6116],[-106.5638,48.6224],[-106.5782,48.6346],[-106.2393,48.6337],[-106.2394,48.7536],[-106.2448,48.7617],[-106.2449,48.7926],[-106.2501,48.7972],[-106.2515,48.8455],[-106.2452,48.8529],[-106.2561,48.8529],[-106.2608,48.912],[-106.388,48.9122],[-106.3879,48.9914],[-106.378,48.9995],[-111.2699,48.9972],[-111.2753,48.2195],[-111.409,48.2195],[-111.4091,48.1411]]]},"properties":{"geoid":"30014","state":"30","district":"14","name":"State Senate District 14","chamber":"Senate"}},{"type":"Feature","geometry":{"type":"Polygon","coordinates":[[[-106.6618,48.2269],[-106.6421,48.21],[-106.6413,48.199],[-106.6467,48.2],[-106.6412,48.1974],[-106.6502,48.197],[-106.6467,48.1899],[-106.6279,48.1919],[-106.5949,48.1654],[-106.5923,48.1576],[-106.5985,48.1432],[-106.5551,48.1467],[-106.5546,48.1286],[-106.5221,48.1346],[-106.4188,48.132],[-106.4189,48.1281],[-106.4055,48.1257],[-106.395,48.1352],[-106.3829,48.1332],[-106.3811,48.1213],[-106.3759,48.1187],[-106.3697,48.1206],[-106.3655,48.1302],[-106.3448,48.128],[-106.3449,48.1317],[-106.3249,48.1331],[-106.3372,48.1353],[-106.3356,48.1392],[-106.3454,48.1368],[-106.3447,48.1425],[-106.3647,48.1452],[-106.3651,48.1522],[-106.3794,48.1601],[-106.379,48.1703],[-106.3865,48.1752],[-106.3857,48.1866],[-106.3814,48.19],[-106.3872,48.1947],[-106.3826,48.1962],[-106.3873,48.2018],[-106.3782,48.2049],[-106.377,48.2169],[-106.3702,48.2191],[-106.2758,48.2197],[-106.2748,48.2038],[-106.1671,48.2045],[-106.1673,48.1612],[-106.1021,48.1607],[-106.1021,48.2191],[-106.0777,48.2191],[-106.0548,48.2067],[-106.0381,48.2046],[-106.0384,48.1902],[-105.9947,48.1901],[-105.9947,48.1757],[-105.9694,48.1766],[-105.9734,48.1613],[-105.9525,48.161],[-105.9308,48.1682],[-105.9303,48.1538],[-105.8963,48.1539],[-105.8872,48.1552],[-105.8872,48.1756],[-105.8662,48.1761],[-105.8659,48.1828],[-105.8606,48.1848],[-105.825,48.1833],[-105.8233,48.1757],[-105.7885,48.1769],[-105.7882,48.228],[-105.7619,48.224],[-105.7466,48.2309],[-105.739,48.2262],[-105.7112,48.2303],[-105.6972,48.2262],[-105.6786,48.2084],[-105.6746,48.2154],[-105.496,48.2155],[-105.4953,48.2445],[-105.452,48.2445],[-105.4515,48.255],[-105.4452,48.259],[-105.3877,48.259],[-105.3866,48.2301],[-105.3396,48.2295],[-105.3394,48.2445],[-105.2681,48.2446],[-105.2674,48.2302],[-105.2134,48.2248],[-105.2154,48.2012],[-105.168,48.1977],[-105.1602,48.2042],[-105.1601,48.2123],[-105.1416,48.2128],[-105.145,48.2233],[-105.1198,48.2224],[-105.1215,48.2269],[-105.1136,48.2356],[-105.102,48.2388],[-105.0973,48.2469],[-105.0833,48.2456],[-105.0795,48.2592],[-104.7579,48.2591],[-104.733,48.2355],[-104.7251,48.2157],[-104.6863,48.2154],[-104.6779,48.2103],[-104.6751,48.2012],[-104.6607,48.1965],[-104.6645,48.1931],[-104.6737,48.1959],[-104.6665,48.1879],[-104.6572,48.1876],[-104.6637,48.1825],[-104.6573,48.1796],[-104.6604,48.1772],[-104.6534,48.1732],[-104.6537,48.1684],[-104.642,48.1676],[-104.6389,48.1762],[-104.6441,48.1779],[-104.6372,48.1793],[-104.6381,48.1703],[-104.6251,48.1684],[-104.6308,48.1663],[-104.624,48.1582],[-104.6277,48.1553],[-104.612,48.1597],[-104.61,48.1544],[-104.6175,48.15],[-104.6034,48.1513],[-104.6043,48.1468],[-104.6141,48.1456],[-104.6103,48.1338],[-104.6292,48.1274],[-104.6206,48.1152],[-104.6795,48.103],[-104.6855,48.1146],[-104.6979,48.1188],[-104.7143,48.1189],[-104.7454,48.1103],[-104.7607,48.1264],[-104.7711,48.1298],[-104.8196,48.1193],[-104.836,48.1202],[-104.8531,48.125],[-104.8719,48.1438],[-104.8913,48.1507],[-104.9151,48.1441],[-104.9222,48.1379],[-104.9258,48.1105],[-104.9399,48.0947],[-104.9827,48.102],[-104.9748,48.0845],[-104.987,48.0686],[-104.9978,48.0666],[-104.9929,48.0819],[-105.0062,48.0854],[-105.0139,48.0773],[-105.0138,48.0693],[-105.0371,48.0634],[-105.0436,48.0536],[-105.0518,48.0562],[-105.0486,48.0717],[-105.0583,48.0779],[-105.0677,48.0766],[-105.0875,48.0631],[-105.1191,48.0596],[-105.1078,48.0686],[-105.1094,48.0764],[-105.1177,48.0787],[-105.1423,48.073],[-105.1716,48.081],[-105.1764,48.0885],[-105.1677,48.0978],[-105.1743,48.1027],[-105.1811,48.1013],[-105.1816,48.0797],[-105.1948,48.0666],[-105.1951,47.8681],[-105.2347,47.8681],[-105.235,47.7036],[-104.8574,47.7032],[-104.7781,47.6955],[-104.6298,47.6936],[-104.5979,47.703],[-104.467,47.704],[-104.4179,47.6891],[-104.2152,47.689],[-104.2162,47.686],[-104.1734,47.6853],[-104.1633,47.6889],[-104.1638,47.6789],[-104.1583,47.6736],[-104.1492,47.6803],[-104.126,47.6825],[-104.088,47.705],[-104.0961,47.7356],[-104.0868,47.752],[-104.0586,47.7584],[-104.0489,47.7682],[-104.0531,47.7802],[-104.0721,47.7897],[-104.0718,47.7953],[-104.0578,47.8056],[-104.0423,47.8085],[-104.0487,48.9999],[-106.378,48.9995],[-106.3879,48.9914],[-106.388,48.9122],[-106.2608,48.912],[-106.2561,48.8529],[-106.2452,48.8529],[-106.2515,48.8455],[-106.2501,48.7972],[-106.2449,48.7926],[-106.2448,48.7617],[-106.2394,48.7536],[-106.2393,48.6337],[-106.5782,48.6346],[-106.5638,48.6224],[-106.5638,48.6116],[-106.5579,48.6082],[-106.5587,48.6015],[-106.5511,48.5905],[-106.5538,48.5888],[-106.5497,48.5877],[-106.5541,48.5803],[-106.5454,48.5731],[-106.5474,48.5668],[-106.5304,48.5581],[-106.5297,48.5528],[-106.5022,48.5332],[-106.5024,48.5269],[-106.4957,48.5288],[-106.4846,48.5192],[-106.4889,48.5172],[-106.4822,48.5156],[-106.4918,48.5097],[-106.488,48.5065],[-106.4916,48.5004],[-106.4841,48.4993],[-106.4896,48.4932],[-106.4864,48.4819],[-106.4941,48.4805],[-106.4899,48.4755],[-106.4947,48.4741],[-106.4896,48.4678],[-106.4932,48.463],[-106.481,48.4586],[-106.4775,48.4534],[-106.4804,48.4513],[-106.4747,48.4493],[-106.4812,48.4489],[-106.4736,48.442],[-106.4762,48.4397],[-106.4682,48.4388],[-106.4702,48.436],[-106.4625,48.4269],[-106.4513,48.4222],[-106.4529,48.4178],[-106.4396,48.4033],[-106.4313,48.3779],[-106.4227,48.3774],[-106.4105,48.3671],[-106.434,48.3711],[-106.4395,48.3665],[-106.4616,48.3664],[-106.463,48.3713],[-106.4787,48.3733],[-106.5202,48.3912],[-106.545,48.372],[-106.5448,48.3855],[-106.5636,48.3826],[-106.5633,48.2482],[-106.6067,48.2482],[-106.6063,48.2772],[-106.65,48.2773],[-106.6503,48.2379],[-106.6618,48.2269]]]},"properties":{"geoid":"30015","state":"30","district":"15","name":"State Senate District 15","chamber":"Senate"}},{"type":"Feature","geometry":{"type":"Polygon","coordinates":[[[-110.0632,48.3095],[-110.0631,48.3061],[-110.0141,48.306],[-110.0136,48.2808],[-109.9976,48.2772],[-109.9988,48.2481],[-109.9665,48.2481],[-109.9558,48.2316],[-109.9487,48.2317],[-109.9485,48.2187],[-109.9267,48.2188],[-109.9322,48.2043],[-109.8995,48.1976],[-109.8996,48.2013],[-109.8887,48.2049],[-109.8838,48.2195],[-109.873,48.2196],[-109.8677,48.2084],[-109.8568,48.2084],[-109.8514,48.201],[-109.8338,48.2011],[-109.8177,48.1473],[-109.7269,48.1473],[-109.7269,48.1329],[-109.5338,48.1346],[-109.5329,47.8711],[-109.5387,47.871],[-109.5387,47.7389],[-109.5164,47.7464],[-109.4858,47.7305],[-109.4722,47.7315],[-109.4587,47.7236],[-109.4386,47.7261],[-109.4253,47.7202],[-109.3935,47.7347],[-109.388,47.7422],[-109.3143,47.7576],[-109.3011,47.7703],[-109.2829,47.776],[-109.2839,47.7864],[-109.2759,47.7929],[-109.2266,47.7947],[-109.1903,47.7909],[-109.1637,47.78],[-109.14,47.7804],[-109.0727,47.8011],[-109.0345,47.7921],[-109.0007,47.8031],[-108.9784,47.8027],[-108.9628,47.7933],[-108.939,47.7902],[-108.9463,47.7739],[-108.9207,47.7579],[-108.9225,47.7529],[-108.9492,47.7393],[-108.9437,47.7291],[-108.9194,47.7354],[-108.8924,47.7351],[-108.8429,47.7191],[-108.8184,47.7074],[-108.808,47.6959],[-108.7841,47.6821],[-108.7823,47.6721],[-108.7898,47.6628],[-108.7716,47.6455],[-108.7554,47.6438],[-108.7266,47.6496],[-108.7129,47.6416],[-108.7087,47.6321],[-108.686,47.6311],[-108.6714,47.6196],[-108.608,47.6241],[-108.5942,47.6152],[-108.5822,47.6155],[-108.5724,47.6095],[-108.5385,47.6139],[-108.5271,47.6211],[-108.5086,47.6116],[-108.5092,47.6012],[-108.4773,47.5974],[-108.4632,47.6054],[-108.4585,47.615],[-108.4477,47.616],[-108.4391,47.6125],[-108.4393,47.6025],[-108.4266,47.6049],[-108.4224,47.6009],[-108.4283,47.5862],[-108.4125,47.5849],[-108.4045,47.5951],[-108.3914,47.5937],[-108.3794,47.5867],[-108.376,47.5768],[-108.3554,47.5799],[-108.3489,47.5667],[-108.3248,47.5717],[-108.3334,47.582],[-108.3239,47.5854],[-108.2824,47.5796],[-108.2596,47.588],[-108.2426,47.5822],[-108.1996,47.5897],[-108.1715,47.5799],[-108.1475,47.5836],[-108.1318,47.594],[-108.0839,47.5911],[-108.0641,47.5984],[-108.0222,47.5821],[-108,47.5833],[-107.989,47.5889],[-107.9777,47.5865],[-107.9616,47.5699],[-107.9443,47.5663],[-107.9311,47.5691],[-107.9251,47.5634],[-107.9239,47.5558],[-107.9306,47.5456],[-107.9184,47.533],[-107.919,47.5202],[-107.897,47.507],[-107.9091,47.488],[-107.9049,47.4748],[-107.9127,47.4649],[-107.9122,47.4532],[-107.9052,47.4494],[-107.8609,47.457],[-107.8611,47.4659],[-107.869,47.4777],[-107.8499,47.4905],[-107.8657,47.5121],[-107.8474,47.5203],[-107.8394,47.5344],[-107.8187,47.5461],[-107.7986,47.5446],[-107.7908,47.5545],[-107.7771,47.5433],[-107.7633,47.547],[-107.7594,47.5532],[-107.763,47.5636],[-107.7328,47.5713],[-107.7315,47.5854],[-107.7098,47.5999],[-107.6951,47.621],[-107.6947,47.6298],[-107.6712,47.6299],[-107.6598,47.62],[-107.6509,47.6237],[-107.6459,47.6406],[-107.6549,47.6524],[-107.6376,47.6488],[-107.6191,47.6311],[-107.6109,47.6474],[-107.5943,47.6497],[-107.5701,47.6431],[-107.5521,47.6464],[-107.5208,47.6429],[-107.5003,47.6242],[-107.4495,47.6222],[-107.4346,47.6316],[-107.4384,47.649],[-107.4207,47.6577],[-107.4281,47.6773],[-107.4173,47.6907],[-107.4092,47.6925],[-107.3645,47.6921],[-107.335,47.6808],[-107.2811,47.6799],[-107.2479,47.6615],[-107.1767,47.6617],[-107.1588,47.6678],[-107.1141,47.669],[-107.029,47.6604],[-107.0114,47.6631],[-106.9975,47.6742],[-106.9659,47.6717],[-106.946,47.6763],[-106.9164,47.6702],[-106.8791,47.6795],[-106.8699,47.7023],[-106.8792,47.7207],[-106.8537,47.7403],[-106.7901,47.7434],[-106.7617,47.7317],[-106.7466,47.7313],[-106.7305,47.7358],[-106.7132,47.7525],[-106.7105,47.7732],[-106.6817,47.7767],[-106.6656,47.7698],[-106.6553,47.7798],[-106.653,47.7903],[-106.6428,47.7931],[-106.6218,47.7909],[-106.6098,47.7772],[-106.6022,47.787],[-106.6095,47.8059],[-106.5663,47.815],[-106.5578,47.8255],[-106.5624,47.8434],[-106.5285,47.8508],[-106.5271,47.861],[-106.5419,47.87],[-106.5427,47.8758],[-106.5279,47.8813],[-106.5082,47.8802],[-106.5101,47.8912],[-106.5309,47.9045],[-106.5196,47.9119],[-106.4985,47.9145],[-106.4894,47.9274],[-106.4934,47.9416],[-106.5099,47.9473],[-106.5017,47.9583],[-106.4626,47.9653],[-106.4516,47.9712],[-106.4518,47.98],[-106.4474,47.9829],[-106.4294,47.977],[-106.434,47.9623],[-106.4302,47.9554],[-106.4235,47.9537],[-106.4182,47.9578],[-106.4138,47.9709],[-106.4239,48.0121],[-106.4305,48.0197],[-106.4178,48.0429],[-106.3942,48.0647],[-106.3711,48.0613],[-106.3661,48.0484],[-106.3558,48.0444],[-106.3438,48.0443],[-106.3172,48.0556],[-106.3053,48.0501],[-106.301,48.0414],[-106.2725,48.0461],[-106.2448,48.0299],[-106.2293,48.0264],[-106.1261,48.031],[-106.1222,48.0271],[-106.1245,48.0215],[-106.143,48.0128],[-106.1456,48.0083],[-106.142,48.0064],[-106.1199,48.0041],[-106.0955,48.0106],[-106.0845,48.0227],[-106.0882,48.0331],[-106.0791,48.0355],[-106.0583,48.0289],[-106.0441,48.0085],[-106.0294,48.0041],[-106.0167,48.0052],[-106.0111,48.0113],[-106.0251,48.0261],[-106.0157,48.0338],[-105.9992,48.0314],[-105.9746,48.0159],[-105.9384,48.0142],[-105.9166,48.0038],[-105.8975,48.0111],[-105.8993,48.0342],[-105.8946,48.0382],[-105.8859,48.0359],[-105.8792,48.0226],[-105.852,48.0085],[-105.8089,48.0247],[-105.7863,48.0226],[-105.7813,48.031],[-105.7819,48.0425],[-105.7745,48.0483],[-105.7674,48.0432],[-105.7638,48.0289],[-105.7506,48.0254],[-105.7172,48.0334],[-105.7012,48.0491],[-105.68,48.0591],[-105.6662,48.057],[-105.6625,48.0463],[-105.6515,48.0465],[-105.6386,48.059],[-105.64,48.0665],[-105.6528,48.0719],[-105.6479,48.0773],[-105.6175,48.0733],[-105.5981,48.0813],[-105.5685,48.0835],[-105.5354,48.0664],[-105.5237,48.0743],[-105.5152,48.0917],[-105.5032,48.0978],[-105.4869,48.0911],[-105.4682,48.094],[-105.4533,48.0894],[-105.3861,48.0931],[-105.3645,48.0888],[-105.3411,48.0949],[-105.3271,48.0905],[-105.3255,48.0822],[-105.3176,48.079],[-105.2318,48.0901],[-105.2189,48.0815],[-105.224,48.0722],[-105.2219,48.0669],[-105.2109,48.0633],[-105.1864,48.0709],[-105.1816,48.0797],[-105.1829,48.0977],[-105.1777,48.1031],[-105.1672,48.0965],[-105.1764,48.0885],[-105.1716,48.081],[-105.1423,48.073],[-105.1177,48.0787],[-105.1094,48.0764],[-105.1078,48.0686],[-105.1191,48.0596],[-105.0875,48.0631],[-105.0677,48.0766],[-105.0583,48.0779],[-105.0486,48.0717],[-105.0518,48.0562],[-105.0436,48.0536],[-105.0371,48.0634],[-105.0138,48.0693],[-105.0139,48.0773],[-105.0062,48.0854],[-104.9929,48.0819],[-104.9978,48.0666],[-104.987,48.0686],[-104.9748,48.0845],[-104.9827,48.102],[-104.9399,48.0947],[-104.9258,48.1105],[-104.9222,48.1379],[-104.8984,48.1493],[-104.8786,48.148],[-104.8622,48.1307],[-104.8395,48.1207],[-104.8196,48.1193],[-104.7711,48.1298],[-104.7607,48.1264],[-104.7454,48.1103],[-104.7143,48.1189],[-104.6979,48.1188],[-104.6855,48.1146],[-104.683,48.1041],[-104.6773,48.103],[-104.6228,48.1136],[-104.6198,48.1178],[-104.6292,48.1274],[-104.6103,48.1338],[-104.6141,48.1456],[-104.6032,48.1487],[-104.6054,48.1529],[-104.6177,48.1501],[-104.6101,48.1543],[-104.612,48.1597],[-104.6277,48.1553],[-104.624,48.1582],[-104.6308,48.1663],[-104.6251,48.1684],[-104.6381,48.1703],[-104.6372,48.1793],[-104.6441,48.1779],[-104.6389,48.1762],[-104.642,48.1676],[-104.6537,48.1684],[-104.6534,48.1732],[-104.6604,48.1772],[-104.6573,48.1796],[-104.6637,48.1825],[-104.6572,48.1876],[-104.6665,48.1879],[-104.6737,48.1959],[-104.6645,48.1931],[-104.6607,48.1965],[-104.6751,48.2012],[-104.6779,48.2103],[-104.6863,48.2154],[-104.7251,48.2157],[-104.733,48.2355],[-104.7579,48.2591],[-105.0795,48.2592],[-105.0833,48.2456],[-105.0973,48.2469],[-105.102,48.2388],[-105.1136,48.2356],[-105.1215,48.2269],[-105.1198,48.2224],[-105.145,48.2233],[-105.1416,48.2128],[-105.1601,48.2123],[-105.1605,48.2038],[-105.1712,48.1977],[-105.1766,48.2012],[-105.2154,48.2012],[-105.2134,48.2248],[-105.2674,48.2302],[-105.268,48.2446],[-105.3394,48.2445],[-105.3396,48.2295],[-105.3866,48.2301],[-105.3873,48.259],[-105.4445,48.259],[-105.4515,48.255],[-105.452,48.2445],[-105.4953,48.2445],[-105.496,48.2155],[-105.6746,48.2154],[-105.6786,48.2084],[-105.6972,48.2262],[-105.7112,48.2303],[-105.739,48.2262],[-105.7466,48.2309],[-105.7619,48.224],[-105.7882,48.228],[-105.7885,48.1769],[-105.8233,48.1757],[-105.825,48.1833],[-105.8606,48.1848],[-105.8659,48.1828],[-105.8662,48.1761],[-105.8872,48.1756],[-105.8872,48.1552],[-105.8963,48.1539],[-105.9303,48.1538],[-105.9308,48.1682],[-105.9525,48.161],[-105.9734,48.1613],[-105.9694,48.1766],[-105.9947,48.1757],[-105.9947,48.1901],[-106.0384,48.1902],[-106.0381,48.2046],[-106.0548,48.2067],[-106.0777,48.2191],[-106.1021,48.2191],[-106.1021,48.1607],[-106.1673,48.1612],[-106.1671,48.2045],[-106.2748,48.2038],[-106.2758,48.2197],[-106.3702,48.2191],[-106.377,48.2169],[-106.3782,48.2049],[-106.3873,48.2018],[-106.3826,48.1962],[-106.3872,48.1947],[-106.3814,48.19],[-106.3857,48.1866],[-106.3865,48.1752],[-106.379,48.1703],[-106.3794,48.1601],[-106.3651,48.1522],[-106.3647,48.1452],[-106.3445,48.1425],[-106.3454,48.1368],[-106.3356,48.1392],[-106.3377,48.1355],[-106.3288,48.1365],[-106.3259,48.1309],[-106.3654,48.1302],[-106.3697,48.1206],[-106.3759,48.1187],[-106.3811,48.1213],[-106.3829,48.1332],[-106.395,48.1352],[-106.4055,48.1257],[-106.4189,48.1281],[-106.4188,48.132],[-106.5221,48.1346],[-106.5546,48.1286],[-106.5549,48.1467],[-106.5985,48.1432],[-106.5923,48.1575],[-106.5947,48.1652],[-106.627,48.1913],[-106.6467,48.1899],[-106.6491,48.1998],[-106.74,48.239],[-106.8457,48.3235],[-106.9369,48.368],[-106.9604,48.3735],[-107.0131,48.3726],[-107.1656,48.4126],[-107.2245,48.4159],[-107.2617,48.4236],[-107.4003,48.4742],[-107.4947,48.4757],[-107.698,48.4516],[-107.7946,48.3738],[-107.8362,48.3607],[-107.8625,48.3595],[-107.8517,48.3557],[-107.8667,48.3496],[-107.8667,48.3386],[-107.8747,48.3513],[-107.8892,48.3529],[-107.8774,48.3608],[-107.8857,48.3649],[-107.9384,48.3652],[-108.1401,48.3844],[-108.1655,48.3803],[-108.241,48.3961],[-108.2431,48.3913],[-108.2531,48.3977],[-108.2936,48.4025],[-108.3075,48.4111],[-108.3161,48.4105],[-108.3164,48.4182],[-108.3299,48.419],[-108.3294,48.4292],[-108.3439,48.42],[-108.3485,48.425],[-108.3467,48.437],[-108.469,48.4549],[-108.5487,48.4736],[-108.5982,48.4949],[-108.7568,48.5267],[-108.7798,48.5329],[-108.7815,48.5379],[-108.7935,48.5356],[-108.949,48.5733],[-109.0521,48.5852],[-109.0987,48.5843],[-109.2264,48.5946],[-109.2263,48.5828],[-109.2373,48.5828],[-109.2373,48.5945],[-109.2562,48.5967],[-109.3727,48.5942],[-109.4227,48.5871],[-109.4645,48.5648],[-109.5209,48.5595],[-109.5693,48.5655],[-109.5732,48.5647],[-109.5732,48.554],[-109.5838,48.554],[-109.5838,48.5395],[-109.6559,48.5397],[-109.6576,48.5249],[-109.6819,48.5249],[-109.6876,48.5371],[-109.7049,48.5325],[-109.7039,48.543],[-109.7505,48.5322],[-109.7755,48.516],[-109.8127,48.5017],[-109.8776,48.4382],[-109.952,48.4381],[-109.952,48.3947],[-109.9452,48.3933],[-109.9757,48.3931],[-109.9976,48.377],[-110.0195,48.3788],[-110.0194,48.3747],[-110.0141,48.3747],[-110.0142,48.3657],[-110.0303,48.3712],[-110.0303,48.364],[-110.0419,48.3641],[-110.0542,48.3534],[-110.0598,48.3369],[-110.0556,48.3371],[-110.058,48.3324],[-110.0519,48.3249],[-110.0607,48.3229],[-110.0522,48.3134],[-110.0632,48.3095]]]},"properties":{"geoid":"30016","state":"30","district":"16","name":"State Senate District 16","chamber":"Senate"}},{"type":"Feature","geometry":{"type":"Polygon","coordinates":[[[-106.4302,48.0207],[-106.4239,48.0121],[-106.4138,47.9709],[-106.4186,47.9575],[-106.3583,47.9572],[-106.3581,47.8684],[-106.2609,47.8684],[-106.2611,47.5291],[-106.2981,47.529],[-106.2982,47.3543],[-106.1707,47.3545],[-106.1704,47.1808],[-106.0868,47.1809],[-106.0866,46.8603],[-105.8327,46.8608],[-105.8326,46.832],[-105.6182,46.8321],[-105.6181,46.7449],[-105.5764,46.745],[-105.5761,46.658],[-105.492,46.6581],[-105.4921,46.6243],[-105.5878,46.555],[-105.6123,46.5292],[-105.7347,46.4698],[-105.7992,46.4053],[-105.8117,46.3774],[-105.8461,46.3464],[-105.8989,46.3538],[-105.9648,46.3252],[-105.9675,46.3279],[-105.9883,46.3198],[-105.9883,46.3155],[-106.1547,46.2748],[-106.1534,46.1373],[-106.1916,46.1372],[-106.1917,45.7886],[-106.2345,45.7886],[-106.2357,45.3518],[-106.2795,45.3518],[-106.2797,45.1797],[-106.2637,45.1797],[-106.2637,44.9938],[-105.9282,44.9935],[-105.9131,45.0002],[-105.857,45.0004],[-104.0397,44.9981],[-104.0468,46.0175],[-104.0425,47.8067],[-104.0578,47.8056],[-104.0718,47.7953],[-104.0721,47.7897],[-104.0531,47.7802],[-104.0489,47.7682],[-104.0586,47.7584],[-104.0868,47.752],[-104.0961,47.7356],[-104.088,47.705],[-104.1106,47.6946],[-104.1149,47.6861],[-104.1492,47.6803],[-104.1583,47.6736],[-104.1638,47.6789],[-104.1633,47.6889],[-104.1734,47.6853],[-104.2162,47.686],[-104.2152,47.689],[-104.4179,47.6891],[-104.467,47.704],[-104.5979,47.703],[-104.6298,47.6936],[-104.7781,47.6955],[-104.8574,47.7032],[-105.235,47.7036],[-105.2347,47.8681],[-105.1951,47.8681],[-105.1948,48.0666],[-105.2199,48.0648],[-105.2242,48.0714],[-105.2189,48.0815],[-105.23,48.0898],[-105.2605,48.0894],[-105.3176,48.079],[-105.3255,48.0822],[-105.3271,48.0905],[-105.3411,48.0949],[-105.3645,48.0888],[-105.3861,48.0931],[-105.4533,48.0894],[-105.4682,48.094],[-105.4869,48.0911],[-105.5032,48.0978],[-105.5152,48.0917],[-105.5237,48.0743],[-105.5354,48.0664],[-105.5685,48.0835],[-105.5981,48.0813],[-105.6175,48.0733],[-105.6479,48.0773],[-105.6528,48.0719],[-105.64,48.0665],[-105.6386,48.059],[-105.6515,48.0465],[-105.6625,48.0463],[-105.6662,48.057],[-105.68,48.0591],[-105.7012,48.0491],[-105.7172,48.0334],[-105.7506,48.0254],[-105.7638,48.0289],[-105.7674,48.0432],[-105.7745,48.0483],[-105.7819,48.0425],[-105.7813,48.031],[-105.7863,48.0226],[-105.8089,48.0247],[-105.852,48.0085],[-105.8792,48.0226],[-105.8859,48.0359],[-105.8946,48.0382],[-105.8993,48.0342],[-105.8975,48.0111],[-105.9166,48.0038],[-105.9384,48.0142],[-105.9746,48.0159],[-105.9992,48.0314],[-106.0157,48.0338],[-106.0251,48.0261],[-106.0111,48.0113],[-106.0167,48.0052],[-106.0294,48.0041],[-106.0441,48.0085],[-106.0583,48.0289],[-106.0791,48.0355],[-106.0882,48.0331],[-106.0845,48.0227],[-106.0955,48.0106],[-106.1199,48.0041],[-106.142,48.0064],[-106.1456,48.0083],[-106.143,48.0128],[-106.1245,48.0215],[-106.1222,48.0271],[-106.1261,48.031],[-106.2293,48.0264],[-106.2448,48.0299],[-106.2725,48.0461],[-106.301,48.0414],[-106.3053,48.0501],[-106.3172,48.0556],[-106.3438,48.0443],[-106.3558,48.0444],[-106.3661,48.0484],[-106.3711,48.0613],[-106.3924,48.0647],[-106.4076,48.0552],[-106.4302,48.0207]]]},"properties":{"geoid":"30017","state":"30","district":"17","name":"State Senate District 17","chamber":"Senate"}},{"type":"Feature","geometry":{"type":"Polygon","coordinates":[[[-108.3416,45.815],[-108.3413,45.7837],[-108.243,45.7838],[-108.2427,45.6815],[-107.6681,45.6815],[-107.6682,45.6942],[-107.6622,45.6943],[-107.6621,45.7674],[-107.5961,45.7691],[-107.015,45.7682],[-107.0163,45.6914],[-106.974,45.6911],[-106.9741,45.684],[-106.8465,45.6838],[-106.8465,45.6766],[-106.6252,45.6761],[-106.6045,45.6763],[-106.6046,45.6875],[-106.3576,45.6856],[-106.3575,45.7885],[-106.3166,45.7885],[-106.3166,45.8758],[-106.1915,45.8762],[-106.1916,46.1372],[-106.1534,46.1373],[-106.1547,46.2748],[-105.9883,46.3155],[-105.9883,46.3198],[-105.9675,46.3279],[-105.9648,46.3252],[-105.8989,46.3538],[-105.8461,46.3464],[-105.8117,46.3774],[-105.7992,46.4053],[-105.7347,46.4698],[-105.6123,46.5292],[-105.5878,46.555],[-105.4921,46.6243],[-105.492,46.6581],[-105.5761,46.658],[-105.5764,46.745],[-105.6181,46.7449],[-105.6182,46.8321],[-105.8326,46.832],[-105.8327,46.8608],[-106.0866,46.8603],[-106.0868,47.1809],[-106.1704,47.1808],[-106.1707,47.3545],[-106.2982,47.3543],[-106.2981,47.529],[-106.2611,47.5291],[-106.2609,47.8684],[-106.3581,47.8684],[-106.3583,47.9572],[-106.4278,47.9541],[-106.4341,47.9614],[-106.4294,47.977],[-106.4454,47.9828],[-106.4518,47.98],[-106.4516,47.9712],[-106.4626,47.9653],[-106.5005,47.9592],[-106.5099,47.9473],[-106.4934,47.9416],[-106.4894,47.9274],[-106.4985,47.9145],[-106.5196,47.9119],[-106.5309,47.9045],[-106.5101,47.8912],[-106.5082,47.8802],[-106.5279,47.8813],[-106.5427,47.8758],[-106.5419,47.87],[-106.5271,47.861],[-106.5285,47.8508],[-106.5624,47.8434],[-106.5578,47.8255],[-106.5663,47.815],[-106.6095,47.8059],[-106.6022,47.787],[-106.6098,47.7772],[-106.6218,47.7909],[-106.6428,47.7931],[-106.653,47.7903],[-106.6553,47.7798],[-106.6656,47.7698],[-106.6817,47.7767],[-106.7105,47.7732],[-106.7132,47.7525],[-106.7305,47.7358],[-106.7466,47.7313],[-106.7617,47.7317],[-106.7901,47.7434],[-106.8537,47.7403],[-106.8792,47.7207],[-106.87,47.6941],[-106.8797,47.679],[-106.8928,47.6748],[-106.9256,47.6695],[-106.9445,47.6763],[-106.9659,47.6717],[-106.9949,47.6746],[-107.0125,47.6626],[-107.029,47.6604],[-107.1141,47.669],[-107.1588,47.6678],[-107.1767,47.6617],[-107.2479,47.6615],[-107.2812,47.6799],[-107.335,47.6808],[-107.3662,47.6923],[-107.4114,47.6923],[-107.4285,47.6765],[-107.4197,47.6609],[-107.4242,47.653],[-107.4389,47.6483],[-107.4347,47.6314],[-107.4495,47.6222],[-107.5003,47.6242],[-107.5208,47.6429],[-107.5521,47.6464],[-107.5701,47.6431],[-107.5943,47.6497],[-107.6109,47.6474],[-107.6191,47.6311],[-107.6376,47.6488],[-107.6549,47.6524],[-107.6461,47.6421],[-107.6489,47.6254],[-107.6598,47.62],[-107.6712,47.6299],[-107.6947,47.6298],[-107.6951,47.621],[-107.7098,47.5999],[-107.7315,47.5854],[-107.7328,47.5713],[-107.763,47.5636],[-107.7594,47.5532],[-107.7633,47.547],[-107.7771,47.5433],[-107.7908,47.5545],[-107.8013,47.5436],[-107.822,47.5452],[-107.8394,47.5344],[-107.8474,47.5203],[-107.8649,47.5137],[-107.865,47.5082],[-107.8498,47.4898],[-107.869,47.4777],[-107.8611,47.4659],[-107.8609,47.457],[-107.9228,47.4452],[-107.9138,47.4417],[-107.9209,47.4393],[-107.9122,47.4343],[-107.9099,47.429],[-107.9137,47.4257],[-107.9087,47.4193],[-107.9206,47.4162],[-107.9093,47.4142],[-107.9124,47.4084],[-107.9092,47.4017],[-107.9259,47.396],[-107.9248,47.3867],[-107.9356,47.3879],[-107.9369,47.3834],[-107.9309,47.3832],[-107.9294,47.3776],[-107.9431,47.3774],[-107.9383,47.3719],[-107.9435,47.37],[-107.9391,47.3681],[-107.9576,47.36],[-107.9516,47.3548],[-107.9639,47.354],[-107.951,47.3422],[-107.9564,47.3419],[-107.956,47.3355],[-107.9639,47.3289],[-107.9519,47.326],[-107.9571,47.3175],[-107.9536,47.3171],[-107.9544,47.3227],[-107.9445,47.3202],[-107.9439,47.3237],[-107.9347,47.3188],[-107.9538,47.3137],[-107.9568,47.3039],[-107.9458,47.301],[-107.9501,47.2945],[-107.9572,47.2956],[-107.9644,47.2893],[-107.9468,47.2833],[-107.9562,47.2843],[-107.9644,47.2759],[-107.9534,47.2743],[-107.9517,47.2676],[-107.9567,47.2716],[-107.9625,47.2625],[-107.9475,47.2588],[-107.9529,47.2531],[-107.9618,47.257],[-107.9685,47.2503],[-107.9486,47.2427],[-107.9498,47.2377],[-107.9618,47.2377],[-107.9554,47.2329],[-107.956,47.228],[-107.9647,47.2305],[-107.9539,47.2236],[-107.9497,47.2284],[-107.9432,47.2234],[-107.947,47.22],[-107.9374,47.2162],[-107.939,47.2049],[-107.9511,47.1946],[-107.9323,47.193],[-107.9398,47.1895],[-107.9315,47.1862],[-107.939,47.182],[-107.9348,47.1767],[-107.9314,47.1831],[-107.9228,47.1793],[-107.9344,47.1733],[-107.9286,47.1694],[-107.9315,47.1655],[-107.9461,47.17],[-107.9382,47.1617],[-107.9375,47.1531],[-107.9443,47.1576],[-107.9431,47.1612],[-107.9549,47.1586],[-107.9385,47.1422],[-107.9556,47.1399],[-107.9406,47.1386],[-107.952,47.1303],[-107.9566,47.1344],[-107.9561,47.1279],[-107.961,47.1265],[-107.9543,47.1207],[-107.9315,47.1157],[-107.9324,47.11],[-107.9384,47.1144],[-107.9538,47.1073],[-107.9383,47.1046],[-107.9341,47.0976],[-107.9332,47.0887],[-107.9442,47.0848],[-107.9324,47.084],[-107.9295,47.0759],[-107.9284,47.0831],[-107.9222,47.0823],[-107.9178,47.0794],[-107.9274,47.07],[-107.9207,47.068],[-107.9162,47.0724],[-107.9139,47.0692],[-107.9248,47.0654],[-107.9162,47.0595],[-107.928,47.054],[-107.9192,47.0506],[-107.9278,47.0466],[-107.9087,47.0403],[-107.9097,47.0315],[-107.9018,47.0299],[-107.9131,47.029],[-107.922,47.0207],[-107.9106,47.0128],[-107.9025,47.0214],[-107.8962,47.0153],[-107.8961,47.0078],[-107.8907,47.0105],[-107.8898,47.0027],[-107.8825,46.9992],[-107.8903,46.9968],[-107.8878,46.9932],[-107.8914,46.9905],[-107.8847,46.9842],[-107.8973,46.9833],[-107.8892,46.9768],[-107.9157,46.97],[-107.9045,46.9625],[-107.9109,46.9611],[-107.9117,46.9574],[-107.9049,46.9552],[-107.917,46.9447],[-107.9049,46.938],[-107.9288,46.9332],[-107.9155,46.9312],[-107.9294,46.9268],[-107.9172,46.9209],[-107.9346,46.9167],[-107.9285,46.9083],[-107.9342,46.9048],[-107.9302,46.8986],[-107.9412,46.8944],[-107.9366,46.8874],[-107.9412,46.8819],[-107.936,46.8737],[-107.9279,46.8781],[-107.9152,46.8749],[-107.9191,46.8665],[-107.8987,46.8648],[-107.9072,46.8572],[-107.892,46.8525],[-107.8975,46.8484],[-107.8768,46.8451],[-107.8734,46.835],[-107.8618,46.8356],[-107.8668,46.8294],[-107.8616,46.8272],[-107.8656,46.8251],[-107.8582,46.8244],[-107.8561,46.8186],[-107.8472,46.8192],[-107.855,46.8123],[-107.8408,46.8027],[-107.8521,46.8],[-107.8519,46.7938],[-107.8373,46.7922],[-107.8448,46.7897],[-107.8432,46.7847],[-107.8533,46.778],[-107.8421,46.7807],[-107.8457,46.776],[-107.8435,46.7719],[-107.8375,46.7736],[-107.8405,46.7649],[-107.828,46.7647],[-107.8256,46.7615],[-107.8321,46.7571],[-107.8272,46.7584],[-107.8255,46.7482],[-107.8136,46.7436],[-107.8162,46.7374],[-107.8085,46.736],[-107.8118,46.7342],[-107.8076,46.7324],[-107.8095,46.7288],[-107.8272,46.7267],[-107.8267,46.7209],[-107.8191,46.7201],[-107.826,46.7142],[-107.8171,46.7096],[-107.8219,46.7015],[-107.8143,46.7013],[-107.8087,46.6933],[-107.8036,46.6963],[-107.7929,46.6798],[-107.7994,46.675],[-107.7971,46.6721],[-107.8011,46.6693],[-107.7966,46.6663],[-107.7999,46.6618],[-107.81,46.6611],[-107.8059,46.6544],[-107.8137,46.6562],[-107.8212,46.6457],[-107.8175,46.6449],[-107.8208,46.6394],[-107.8112,46.6397],[-107.8146,46.6271],[-107.8225,46.6234],[-107.8171,46.6138],[-107.83,46.609],[-107.8262,46.6052],[-107.829,46.6005],[-107.8342,46.6027],[-107.8377,46.5966],[-107.7955,46.5967],[-107.7968,46.4959],[-107.7812,46.496],[-107.7821,46.3952],[-107.9285,46.3953],[-107.9285,46.3808],[-107.9494,46.3806],[-107.9493,46.3661],[-107.9702,46.366],[-107.97,46.3515],[-107.9911,46.3515],[-107.9908,46.337],[-108.0119,46.3368],[-108.0116,46.3078],[-108.0293,46.3078],[-108.0294,46.2641],[-108.2059,46.2639],[-108.2022,46.2488],[-108.2052,46.2352],[-108.1827,46.2002],[-108.2042,46.1877],[-108.1865,46.1862],[-108.1829,46.1729],[-108.1742,46.1657],[-108.1961,46.1539],[-108.1537,46.1359],[-108.1314,46.1339],[-108.1305,46.1174],[-108.1562,46.1137],[-108.1654,46.1096],[-108.1676,46.1031],[-108.1886,46.1027],[-108.1923,46.0957],[-108.1873,46.0942],[-108.1945,46.0905],[-108.1943,46.0762],[-108.1882,46.0721],[-108.1927,46.0653],[-108.1871,46.0568],[-108.193,46.0477],[-108.1805,46.0428],[-108.1842,46.0363],[-108.2303,46.0395],[-108.236,46.0376],[-108.23,46.0313],[-108.2324,46.0285],[-108.2657,46.0287],[-108.2587,46.0163],[-108.2641,46.004],[-108.2499,45.9943],[-108.257,45.9864],[-108.2497,45.9862],[-108.2412,45.9763],[-108.2271,45.9838],[-108.2529,45.9684],[-108.2318,45.9805],[-108.2378,45.9288],[-108.2484,45.9287],[-108.2484,45.936],[-108.2696,45.936],[-108.2693,45.9155],[-108.2925,45.9011],[-108.2938,45.896],[-108.2975,45.8973],[-108.2941,45.8915],[-108.3087,45.8845],[-108.2966,45.8576],[-108.2947,45.8289],[-108.2898,45.8245],[-108.2925,45.8198],[-108.299,45.8155],[-108.3389,45.8184],[-108.3416,45.815]]]},"properties":{"geoid":"30018","state":"30","district":"18","name":"State Senate District 18","chamber":"Senate"}},{"type":"Feature","geometry":{"type":"Polygon","coordinates":[[[-109.7566,47.174],[-109.7558,46.9847],[-109.6498,46.9831],[-109.6499,46.9686],[-109.6305,46.9683],[-109.6079,46.9686],[-109.608,46.9831],[-109.5868,46.983],[-109.5863,46.925],[-109.5652,46.925],[-109.5652,46.9177],[-109.5758,46.9178],[-109.5759,46.9106],[-109.5653,46.9106],[-109.5654,46.8814],[-109.5018,46.8813],[-109.5016,46.9248],[-109.4808,46.9249],[-109.4807,46.9103],[-109.4597,46.9103],[-109.4596,46.8958],[-109.4385,46.8958],[-109.4385,46.8812],[-109.4279,46.8812],[-109.4277,46.8519],[-109.4383,46.8519],[-109.4383,46.8374],[-109.4525,46.8375],[-109.4524,46.8092],[-109.4735,46.8092],[-109.4735,46.7803],[-109.3892,46.7803],[-109.3885,46.4906],[-109.4035,46.4907],[-109.4029,46.2197],[-109.6539,46.2194],[-109.6538,46.1325],[-109.6042,46.1325],[-109.6052,46.045],[-109.4172,46.0448],[-109.4162,46.1324],[-108.9246,46.1324],[-108.9223,45.9594],[-108.9017,45.9594],[-108.9048,45.6819],[-108.8848,45.6829],[-108.8844,45.661],[-108.8719,45.6682],[-108.8431,45.6685],[-108.8431,45.6767],[-108.8349,45.6804],[-108.8269,45.6797],[-108.8226,45.6732],[-108.8026,45.6774],[-108.8019,45.6817],[-108.7835,45.6827],[-108.7817,45.6873],[-108.7716,45.6827],[-108.772,45.6937],[-108.7841,45.7102],[-108.8024,45.7212],[-108.8028,45.7474],[-108.7966,45.7778],[-108.8218,45.7835],[-108.8124,45.8008],[-108.7945,45.8145],[-108.8025,45.8272],[-108.6938,45.8278],[-108.6938,45.8202],[-108.6888,45.8183],[-108.6699,45.8222],[-108.6579,45.8381],[-108.6368,45.8421],[-108.6119,45.8372],[-108.6108,45.8421],[-108.5812,45.8431],[-108.5805,45.8498],[-108.5949,45.8566],[-108.6109,45.8566],[-108.6109,45.871],[-108.6318,45.871],[-108.6325,45.958],[-108.4678,45.958],[-108.4674,45.9434],[-108.3843,45.9437],[-108.3844,45.9726],[-108.343,45.9725],[-108.3429,45.958],[-108.333,45.9587],[-108.3271,45.9528],[-108.3322,45.9506],[-108.3365,45.9364],[-108.3427,45.9365],[-108.3427,45.9304],[-108.3636,45.9292],[-108.3635,45.9147],[-108.3427,45.9147],[-108.3427,45.9075],[-108.3192,45.9049],[-108.3134,45.8996],[-108.3171,45.8882],[-108.3087,45.8845],[-108.2941,45.8915],[-108.2975,45.8973],[-108.2938,45.896],[-108.2925,45.9011],[-108.2693,45.9155],[-108.2696,45.936],[-108.2484,45.936],[-108.2484,45.9287],[-108.2378,45.9288],[-108.2318,45.9805],[-108.2529,45.9684],[-108.2271,45.9838],[-108.2412,45.9763],[-108.2497,45.9862],[-108.257,45.9864],[-108.2499,45.9943],[-108.2641,46.004],[-108.2587,46.0163],[-108.2657,46.0287],[-108.2324,46.0285],[-108.23,46.0313],[-108.236,46.0376],[-108.2303,46.0395],[-108.1842,46.0363],[-108.1805,46.0428],[-108.193,46.0477],[-108.1871,46.0568],[-108.1927,46.0653],[-108.1882,46.0721],[-108.1943,46.0762],[-108.1945,46.0905],[-108.1873,46.0942],[-108.1923,46.0957],[-108.1886,46.1027],[-108.1676,46.1031],[-108.1654,46.1096],[-108.1562,46.1137],[-108.1305,46.1174],[-108.1296,46.1237],[-108.1314,46.1339],[-108.1537,46.1359],[-108.1961,46.1539],[-108.1742,46.1657],[-108.1829,46.1729],[-108.1865,46.1862],[-108.2042,46.1877],[-108.1827,46.2002],[-108.2052,46.2352],[-108.2022,46.2488],[-108.2059,46.2639],[-108.0294,46.2641],[-108.0293,46.3078],[-108.0116,46.3078],[-108.0119,46.3368],[-107.9908,46.337],[-107.9911,46.3515],[-107.97,46.3515],[-107.9702,46.366],[-107.9493,46.3661],[-107.9494,46.3806],[-107.9285,46.3808],[-107.9285,46.3953],[-107.7821,46.3952],[-107.7812,46.496],[-107.7968,46.4959],[-107.7955,46.5967],[-107.8377,46.5966],[-107.8342,46.6027],[-107.829,46.6005],[-107.8262,46.6052],[-107.83,46.609],[-107.8171,46.6138],[-107.8225,46.6234],[-107.8146,46.6271],[-107.8112,46.6397],[-107.8208,46.6394],[-107.8175,46.6449],[-107.8212,46.6457],[-107.8137,46.6562],[-107.8059,46.6544],[-107.81,46.6611],[-107.7999,46.6618],[-107.7966,46.6663],[-107.8011,46.6693],[-107.7971,46.6721],[-107.7994,46.675],[-107.7929,46.6798],[-107.8036,46.6963],[-107.8087,46.6933],[-107.8143,46.7013],[-107.8219,46.7015],[-107.8171,46.7096],[-107.826,46.7142],[-107.8191,46.7201],[-107.8267,46.7209],[-107.8272,46.7267],[-107.8095,46.7288],[-107.8076,46.7324],[-107.8118,46.7342],[-107.8085,46.736],[-107.8162,46.7374],[-107.8136,46.7436],[-107.8255,46.7482],[-107.8272,46.7584],[-107.8321,46.7571],[-107.8256,46.7615],[-107.828,46.7647],[-107.8405,46.7649],[-107.8375,46.7736],[-107.8435,46.7719],[-107.8457,46.776],[-107.8421,46.7807],[-107.8533,46.778],[-107.8432,46.7847],[-107.8448,46.7897],[-107.8373,46.7922],[-107.8519,46.7938],[-107.8521,46.8],[-107.8408,46.8027],[-107.855,46.8123],[-107.8472,46.8192],[-107.8561,46.8186],[-107.8582,46.8244],[-107.8656,46.8251],[-107.8616,46.8272],[-107.8668,46.8294],[-107.8618,46.8356],[-107.8734,46.835],[-107.8768,46.8451],[-107.8975,46.8484],[-107.892,46.8525],[-107.9072,46.8572],[-107.8987,46.8648],[-107.9191,46.8665],[-107.9152,46.8749],[-107.9279,46.8781],[-107.936,46.8737],[-107.9413,46.8826],[-107.9366,46.8874],[-107.9412,46.8944],[-107.9302,46.8986],[-107.9342,46.9048],[-107.9285,46.9083],[-107.9346,46.9167],[-107.9172,46.9209],[-107.9294,46.9268],[-107.9155,46.9312],[-107.9288,46.9332],[-107.9049,46.938],[-107.917,46.9447],[-107.9049,46.9552],[-107.9117,46.9574],[-107.9109,46.9611],[-107.9045,46.9625],[-107.9157,46.97],[-107.8892,46.9768],[-107.8973,46.9833],[-107.8847,46.9842],[-107.8914,46.9905],[-107.8878,46.9932],[-107.8903,46.9968],[-107.8825,46.9992],[-107.8898,47.0027],[-107.8907,47.0105],[-107.8961,47.0078],[-107.8962,47.0153],[-107.9025,47.0214],[-107.9106,47.0128],[-107.922,47.0207],[-107.9131,47.029],[-107.9018,47.0299],[-107.9097,47.0315],[-107.9087,47.0403],[-107.9278,47.0466],[-107.9192,47.0506],[-107.928,47.054],[-107.9162,47.0595],[-107.9248,47.0654],[-107.9139,47.0692],[-107.9162,47.0724],[-107.9207,47.068],[-107.9274,47.07],[-107.9178,47.0794],[-107.9222,47.0823],[-107.9284,47.0831],[-107.9295,47.0759],[-107.9324,47.084],[-107.9442,47.0848],[-107.9332,47.0887],[-107.9341,47.0976],[-107.9383,47.1046],[-107.9538,47.1073],[-107.9384,47.1144],[-107.9324,47.11],[-107.9315,47.1157],[-107.9543,47.1207],[-107.961,47.1265],[-107.9561,47.1279],[-107.9566,47.1344],[-107.952,47.1303],[-107.9406,47.1386],[-107.9556,47.1399],[-107.9385,47.1422],[-107.9549,47.1586],[-107.9431,47.1612],[-107.9443,47.1576],[-107.9375,47.1531],[-107.9382,47.1617],[-107.9461,47.17],[-107.9315,47.1655],[-107.9286,47.1694],[-107.9344,47.1733],[-107.9228,47.1793],[-107.9314,47.1831],[-107.9348,47.1767],[-107.939,47.182],[-107.9315,47.1862],[-107.9398,47.1895],[-107.9323,47.193],[-107.9511,47.1946],[-107.939,47.2049],[-107.9374,47.2162],[-107.947,47.22],[-107.9432,47.2234],[-107.9497,47.2284],[-107.9539,47.2236],[-107.9647,47.2305],[-107.956,47.228],[-107.9554,47.2329],[-107.9618,47.2377],[-107.9498,47.2377],[-107.9486,47.2427],[-107.9685,47.2503],[-107.9618,47.257],[-107.9529,47.2531],[-107.9475,47.2588],[-107.9625,47.2625],[-107.9567,47.2716],[-107.9517,47.2676],[-107.9534,47.2743],[-107.9644,47.2759],[-107.9562,47.2843],[-107.9468,47.2833],[-107.9644,47.2893],[-107.9572,47.2956],[-107.9501,47.2945],[-107.9458,47.301],[-107.9568,47.3039],[-107.9538,47.3137],[-107.9347,47.3188],[-107.9439,47.3237],[-107.9445,47.3202],[-107.9544,47.3227],[-107.9536,47.3171],[-107.9571,47.3175],[-107.9519,47.326],[-107.9639,47.3289],[-107.956,47.3355],[-107.9564,47.3419],[-107.951,47.3422],[-107.9639,47.354],[-107.9516,47.3548],[-107.9576,47.36],[-107.9391,47.3681],[-107.9435,47.37],[-107.9383,47.3719],[-107.9431,47.3774],[-107.9294,47.3776],[-107.9309,47.3832],[-107.9369,47.3834],[-107.9356,47.3879],[-107.9248,47.3867],[-107.9259,47.396],[-107.9092,47.4017],[-107.9124,47.4084],[-107.9093,47.4142],[-107.9206,47.4162],[-107.9087,47.4193],[-107.9137,47.4257],[-107.9099,47.429],[-107.9122,47.4343],[-107.9209,47.4393],[-107.9138,47.4417],[-107.923,47.4448],[-107.9091,47.4507],[-107.9127,47.4649],[-107.9049,47.4748],[-107.9091,47.488],[-107.897,47.507],[-107.919,47.5202],[-107.9184,47.533],[-107.9306,47.5456],[-107.9236,47.5572],[-107.9311,47.5691],[-107.9443,47.5663],[-107.9616,47.5699],[-107.9677,47.58],[-107.9853,47.5887],[-108.0222,47.5821],[-108.0641,47.5984],[-108.0839,47.5911],[-108.1318,47.594],[-108.1475,47.5836],[-108.1715,47.5799],[-108.1996,47.5897],[-108.2426,47.5822],[-108.2596,47.588],[-108.2824,47.5796],[-108.3239,47.5854],[-108.3334,47.582],[-108.3248,47.5717],[-108.3489,47.5667],[-108.3554,47.5799],[-108.376,47.5768],[-108.3794,47.5867],[-108.3914,47.5937],[-108.4045,47.5951],[-108.4125,47.5849],[-108.4283,47.5862],[-108.4224,47.6009],[-108.4266,47.6049],[-108.4393,47.6025],[-108.4391,47.6125],[-108.4477,47.616],[-108.4585,47.615],[-108.4632,47.6054],[-108.4773,47.5974],[-108.5092,47.6012],[-108.5086,47.6116],[-108.5271,47.6211],[-108.5385,47.6139],[-108.5724,47.6095],[-108.5822,47.6155],[-108.5942,47.6152],[-108.608,47.6241],[-108.6714,47.6196],[-108.686,47.6311],[-108.7087,47.6321],[-108.7129,47.6416],[-108.7266,47.6496],[-108.7554,47.6438],[-108.7716,47.6455],[-108.7898,47.6628],[-108.7823,47.6721],[-108.7841,47.6821],[-108.808,47.6959],[-108.8184,47.7074],[-108.8429,47.7191],[-108.8924,47.7351],[-108.9194,47.7354],[-108.9437,47.7291],[-108.9492,47.7393],[-108.9225,47.7529],[-108.9207,47.7579],[-108.9463,47.7739],[-108.939,47.7902],[-108.9628,47.7933],[-108.9807,47.8029],[-109.0007,47.8031],[-109.0345,47.7921],[-109.0727,47.8011],[-109.14,47.7804],[-109.1637,47.78],[-109.1903,47.7909],[-109.2266,47.7947],[-109.2759,47.7929],[-109.2839,47.7864],[-109.2829,47.776],[-109.3011,47.7703],[-109.3143,47.7576],[-109.388,47.7422],[-109.3935,47.7347],[-109.4253,47.7202],[-109.4386,47.7261],[-109.4587,47.7236],[-109.4722,47.7315],[-109.4858,47.7305],[-109.5184,47.7465],[-109.5411,47.7388],[-109.583,47.7476],[-109.6099,47.7321],[-109.6335,47.7394],[-109.6781,47.7346],[-109.6782,47.7106],[-109.6652,47.7108],[-109.665,47.5471],[-109.6653,47.5399],[-109.6819,47.5399],[-109.6817,47.511],[-109.6496,47.5109],[-109.6496,47.5035],[-109.6389,47.5036],[-109.6389,47.5108],[-109.5796,47.5078],[-109.5797,47.4753],[-109.5851,47.4753],[-109.5852,47.4571],[-109.5799,47.4571],[-109.5798,47.4231],[-109.6385,47.42],[-109.6384,47.3916],[-109.7024,47.3879],[-109.7023,47.36],[-109.7234,47.3594],[-109.7219,47.3158],[-109.7449,47.3154],[-109.7449,47.272],[-109.7184,47.2721],[-109.7183,47.2543],[-109.7075,47.2543],[-109.7076,47.2615],[-109.6969,47.2615],[-109.6968,47.2542],[-109.6915,47.2506],[-109.6968,47.2506],[-109.6968,47.2434],[-109.6914,47.2434],[-109.6914,47.2362],[-109.6594,47.2327],[-109.6593,47.2182],[-109.6539,47.2146],[-109.6274,47.2074],[-109.6168,47.2146],[-109.6168,47.1857],[-109.635,47.1857],[-109.6348,47.1604],[-109.6561,47.1603],[-109.656,47.1531],[-109.6666,47.1531],[-109.6667,47.1603],[-109.6826,47.1639],[-109.6826,47.1711],[-109.7357,47.1712],[-109.7358,47.1857],[-109.7566,47.1857],[-109.7566,47.174]]]},"properties":{"geoid":"30019","state":"30","district":"19","name":"State Senate District 19","chamber":"Senate"}},{"type":"Feature","geometry":{"type":"Polygon","coordinates":[[[-108.4813,45.7985],[-108.4809,45.7943],[-108.4698,45.7965],[-108.4775,45.7815],[-108.4755,45.7616],[-108.4484,45.7621],[-108.4484,45.7481],[-108.3977,45.7124],[-108.3976,45.7399],[-108.3625,45.7501],[-108.3649,45.7837],[-108.3413,45.7837],[-108.3416,45.8182],[-108.299,45.8155],[-108.2897,45.8232],[-108.2946,45.8287],[-108.296,45.855],[-108.3067,45.8829],[-108.3171,45.8882],[-108.3134,45.8996],[-108.3272,45.9076],[-108.3427,45.9075],[-108.3427,45.9147],[-108.4049,45.9146],[-108.4049,45.9002],[-108.4255,45.9001],[-108.4254,45.8712],[-108.4376,45.871],[-108.4681,45.8832],[-108.4722,45.8744],[-108.4662,45.8536],[-108.4658,45.8161],[-108.4813,45.7985]]]},"properties":{"geoid":"30020","state":"30","district":"20","name":"State Senate District 20","chamber":"Senate"}},{"type":"Feature","geometry":{"type":"Polygon","coordinates":[[[-108.6996,45.3489],[-108.6964,45.3204],[-108.6996,45.2177],[-108.0981,45.2205],[-108.129,45.2176],[-108.1259,45.2105],[-108.1368,45.2034],[-108.1304,45.1948],[-108.1457,45.1932],[-108.13,45.1833],[-108.1474,45.1853],[-108.1528,45.1682],[-108.1619,45.1728],[-108.1691,45.1701],[-108.1585,45.1634],[-108.1741,45.1582],[-108.1692,45.1494],[-108.1718,45.1441],[-108.1639,45.138],[-108.1709,45.1323],[-108.1887,45.1313],[-108.1816,45.1245],[-108.183,45.1133],[-108.198,45.1134],[-108.1878,45.1079],[-108.1886,45.1003],[-108.1958,45.0986],[-108.2025,45.1047],[-108.2071,45.0937],[-108.217,45.0945],[-108.2202,45.0783],[-108.2299,45.0707],[-108.2278,45.0642],[-108.2392,45.0631],[-108.2387,45.0559],[-108.2226,45.0531],[-108.2208,45.0474],[-108.2345,45.048],[-108.2444,45.0422],[-108.2504,45.0292],[-108.2475,45.0214],[-108.2537,45.0192],[-108.2586,45.0082],[-108.2464,45.006],[-108.2494,44.9999],[-107.3149,45.001],[-106.2637,44.9938],[-106.2637,45.1797],[-106.2797,45.1797],[-106.2795,45.3518],[-106.2357,45.3518],[-106.2345,45.7886],[-106.1917,45.7886],[-106.1915,45.8762],[-106.3166,45.8758],[-106.3166,45.7885],[-106.3575,45.7885],[-106.3576,45.6856],[-106.6046,45.6875],[-106.6045,45.6763],[-106.6252,45.6761],[-106.8465,45.6766],[-106.8465,45.6838],[-106.9741,45.684],[-106.974,45.6911],[-107.0163,45.6914],[-107.015,45.7682],[-107.5961,45.7691],[-107.6621,45.7674],[-107.6622,45.6943],[-107.6682,45.6942],[-107.6681,45.6815],[-108.2427,45.6815],[-108.243,45.7838],[-108.3649,45.7837],[-108.3625,45.7501],[-108.3976,45.7399],[-108.3977,45.7124],[-108.4484,45.7481],[-108.4484,45.7621],[-108.4755,45.7616],[-108.4754,45.7698],[-108.5112,45.7698],[-108.5151,45.753],[-108.5097,45.7525],[-108.5357,45.7523],[-108.5326,45.727],[-108.5146,45.7176],[-108.5205,45.7181],[-108.5205,45.7145],[-108.5108,45.7108],[-108.5014,45.6981],[-108.4489,45.6806],[-108.4477,45.6459],[-108.4581,45.6459],[-108.458,45.6314],[-108.4879,45.6314],[-108.4879,45.6239],[-108.5097,45.6239],[-108.5095,45.6094],[-108.5199,45.6094],[-108.5197,45.5949],[-108.5302,45.5949],[-108.5299,45.5803],[-108.5401,45.5802],[-108.5398,45.5585],[-108.5501,45.5584],[-108.5501,45.5512],[-108.5603,45.5511],[-108.5602,45.5402],[-108.5778,45.5402],[-108.5777,45.5293],[-108.5888,45.5216],[-108.6382,45.5017],[-108.6231,45.4816],[-108.6231,45.4754],[-108.6407,45.4679],[-108.6822,45.4331],[-108.6857,45.3919],[-108.6996,45.3489]]]},"properties":{"geoid":"30021","state":"30","district":"21","name":"State Senate District 21","chamber":"Senate"}},{"type":"Feature","geometry":{"type":"Polygon","coordinates":[[[-108.6325,45.958],[-108.6318,45.871],[-108.6109,45.871],[-108.6109,45.8566],[-108.5949,45.8566],[-108.5805,45.8498],[-108.5812,45.8441],[-108.5468,45.8419],[-108.534,45.8232],[-108.5093,45.8133],[-108.5064,45.8042],[-108.4916,45.7973],[-108.481,45.7997],[-108.4658,45.8161],[-108.4662,45.8536],[-108.4722,45.8744],[-108.4681,45.8832],[-108.4376,45.871],[-108.4254,45.8712],[-108.4255,45.9001],[-108.4049,45.9002],[-108.4049,45.9146],[-108.3635,45.9147],[-108.3636,45.9292],[-108.3427,45.9304],[-108.3427,45.9365],[-108.3365,45.9364],[-108.3322,45.9506],[-108.3271,45.9528],[-108.333,45.9587],[-108.3429,45.958],[-108.343,45.9725],[-108.3844,45.9726],[-108.3843,45.9437],[-108.4674,45.9434],[-108.4678,45.958],[-108.6325,45.958]]]},"properties":{"geoid":"30022","state":"30","district":"22","name":"State Senate District 22","chamber":"Senate"}},{"type":"Feature","geometry":{"type":"Polygon","coordinates":[[[-108.5809,45.7956],[-108.5807,45.7914],[-108.559,45.7913],[-108.5695,45.7871],[-108.5642,45.7841],[-108.5642,45.776],[-108.5513,45.776],[-108.5513,45.7698],[-108.5358,45.7698],[-108.5385,45.784],[-108.5107,45.7835],[-108.4808,45.8001],[-108.4982,45.7975],[-108.5683,45.8042],[-108.5795,45.8005],[-108.5809,45.7956]]]},"properties":{"geoid":"30023","state":"30","district":"23","name":"State Senate District 23","chamber":"Senate"}},{"type":"Feature","geometry":{"type":"Polygon","coordinates":[[[-108.6175,45.7522],[-108.6173,45.7189],[-108.6069,45.7189],[-108.6069,45.7044],[-108.59,45.7213],[-108.5743,45.7223],[-108.5581,45.7351],[-108.5461,45.7333],[-108.534,45.7381],[-108.5357,45.7523],[-108.5097,45.7525],[-108.5151,45.753],[-108.5112,45.7698],[-108.4754,45.7698],[-108.4775,45.7815],[-108.4698,45.7965],[-108.481,45.7943],[-108.4812,45.7992],[-108.5107,45.7835],[-108.5385,45.784],[-108.5358,45.7698],[-108.5513,45.7698],[-108.5513,45.776],[-108.5642,45.776],[-108.5666,45.7552],[-108.6175,45.7522]]]},"properties":{"geoid":"30024","state":"30","district":"24","name":"State Senate District 24","chamber":"Senate"}},{"type":"Feature","geometry":{"type":"Polygon","coordinates":[[[-108.6593,45.7841],[-108.6589,45.7551],[-108.6123,45.7551],[-108.6123,45.7515],[-108.5666,45.7552],[-108.5642,45.776],[-108.6176,45.7768],[-108.618,45.7986],[-108.6319,45.7987],[-108.6369,45.7841],[-108.6593,45.7841]]]},"properties":{"geoid":"30025","state":"30","district":"25","name":"State Senate District 25","chamber":"Senate"}},{"type":"Feature","geometry":{"type":"Polygon","coordinates":[[[-108.6881,45.8178],[-108.6739,45.8094],[-108.684,45.7987],[-108.6736,45.7986],[-108.6735,45.784],[-108.6369,45.7841],[-108.6319,45.7987],[-108.618,45.7986],[-108.6176,45.7768],[-108.5642,45.776],[-108.5642,45.7841],[-108.5695,45.7871],[-108.559,45.7913],[-108.5807,45.7914],[-108.5795,45.8005],[-108.5683,45.8042],[-108.4957,45.7975],[-108.4954,45.8018],[-108.5064,45.8042],[-108.5093,45.8133],[-108.534,45.8232],[-108.5467,45.8419],[-108.5677,45.8446],[-108.6108,45.8421],[-108.6119,45.8372],[-108.6368,45.8421],[-108.6579,45.8381],[-108.6695,45.8225],[-108.6836,45.8221],[-108.6881,45.8178]]]},"properties":{"geoid":"30026","state":"30","district":"26","name":"State Senate District 26","chamber":"Senate"}},{"type":"Feature","geometry":{"type":"Polygon","coordinates":[[[-108.8844,45.661],[-108.8844,45.6538],[-108.8638,45.6539],[-108.8637,45.6394],[-108.8431,45.6395],[-108.843,45.611],[-108.8085,45.625],[-108.7978,45.6352],[-108.782,45.6386],[-108.7828,45.6128],[-108.7896,45.611],[-108.7874,45.6072],[-108.7937,45.6049],[-108.7903,45.5978],[-108.7983,45.5959],[-108.7956,45.59],[-108.8024,45.5875],[-108.8018,45.552],[-108.7605,45.5519],[-108.7603,45.5228],[-108.6993,45.5226],[-108.6981,45.4641],[-108.6453,45.4641],[-108.6231,45.4754],[-108.6231,45.4816],[-108.6382,45.5017],[-108.5888,45.5216],[-108.5777,45.5293],[-108.5778,45.5402],[-108.5602,45.5402],[-108.5603,45.5511],[-108.5501,45.5512],[-108.5501,45.5584],[-108.5398,45.5585],[-108.5401,45.5802],[-108.5299,45.5803],[-108.5302,45.5949],[-108.5197,45.5949],[-108.5199,45.6094],[-108.5095,45.6094],[-108.5097,45.6239],[-108.4879,45.6239],[-108.4879,45.6314],[-108.458,45.6314],[-108.4581,45.6459],[-108.4477,45.6459],[-108.4486,45.6804],[-108.5032,45.6992],[-108.5108,45.7108],[-108.5205,45.7145],[-108.5205,45.7181],[-108.5146,45.7176],[-108.5324,45.7268],[-108.5331,45.7378],[-108.5462,45.7333],[-108.5581,45.7351],[-108.5743,45.7223],[-108.5895,45.7215],[-108.6069,45.7044],[-108.6069,45.7189],[-108.6173,45.7189],[-108.6174,45.7551],[-108.6589,45.7551],[-108.6593,45.7841],[-108.6735,45.784],[-108.6736,45.7986],[-108.684,45.7987],[-108.6739,45.8094],[-108.6938,45.8202],[-108.6938,45.8278],[-108.8025,45.8272],[-108.7945,45.8145],[-108.8124,45.8008],[-108.8218,45.7835],[-108.7966,45.7778],[-108.8028,45.7474],[-108.8024,45.7212],[-108.7841,45.7102],[-108.772,45.6937],[-108.7716,45.6827],[-108.7817,45.6873],[-108.7835,45.6827],[-108.8019,45.6817],[-108.8026,45.6774],[-108.8226,45.6732],[-108.8269,45.6797],[-108.8349,45.6804],[-108.8431,45.6767],[-108.8431,45.6685],[-108.8719,45.6682],[-108.8844,45.661]]]},"properties":{"geoid":"30027","state":"30","district":"27","name":"State Senate District 27","chamber":"Senate"}},{"type":"Feature","geometry":{"type":"Polygon","coordinates":[[[-110.2282,45.3488],[-110.2281,45.1721],[-109.7987,45.1721],[-109.7985,45.0023],[-109.1032,45.0058],[-109.0807,44.9994],[-108.2494,44.9999],[-108.2464,45.006],[-108.2586,45.0082],[-108.2537,45.0192],[-108.2475,45.0214],[-108.2504,45.0292],[-108.2444,45.0422],[-108.2345,45.048],[-108.2208,45.0474],[-108.2226,45.0531],[-108.2387,45.0559],[-108.2392,45.0631],[-108.2278,45.0642],[-108.2299,45.0707],[-108.2202,45.0783],[-108.217,45.0945],[-108.2071,45.0937],[-108.2025,45.1047],[-108.1958,45.0986],[-108.1886,45.1003],[-108.1878,45.1079],[-108.198,45.1134],[-108.183,45.1133],[-108.1816,45.1245],[-108.1887,45.1313],[-108.1709,45.1323],[-108.1639,45.138],[-108.1718,45.1441],[-108.1692,45.1494],[-108.1741,45.1582],[-108.1585,45.1634],[-108.1691,45.1701],[-108.1619,45.1728],[-108.1528,45.1682],[-108.1474,45.1853],[-108.13,45.1833],[-108.1457,45.1932],[-108.1304,45.1948],[-108.1368,45.2034],[-108.1259,45.2105],[-108.129,45.2176],[-108.0981,45.2205],[-108.6996,45.2177],[-108.6964,45.3204],[-108.6996,45.3489],[-108.6857,45.3919],[-108.6822,45.4331],[-108.6453,45.4641],[-108.6981,45.4641],[-108.6993,45.5226],[-108.7603,45.5228],[-108.7605,45.5519],[-108.8018,45.552],[-108.8024,45.5875],[-108.7956,45.59],[-108.7983,45.5959],[-108.7903,45.5978],[-108.7937,45.6049],[-108.7874,45.6072],[-108.7896,45.611],[-108.7828,45.6128],[-108.782,45.6386],[-108.7978,45.6352],[-108.8085,45.625],[-108.843,45.611],[-108.8431,45.6395],[-108.8637,45.6394],[-108.8638,45.6539],[-108.8844,45.6538],[-108.8848,45.6829],[-108.9048,45.6819],[-108.9017,45.9594],[-108.9223,45.9594],[-108.9246,46.1324],[-109.4162,46.1324],[-109.4172,46.0448],[-109.6052,46.045],[-109.6042,46.1325],[-109.6538,46.1325],[-109.6539,46.2194],[-109.8971,46.2193],[-109.9054,46.1532],[-109.9355,46.0976],[-109.9361,46.0698],[-109.9513,46.0507],[-109.9592,46.0004],[-109.9689,45.9841],[-109.9716,45.9623],[-109.9888,45.9339],[-109.9789,45.8992],[-109.9591,45.8873],[-109.9399,45.8667],[-109.9409,45.8417],[-109.9299,45.843],[-109.9323,45.8393],[-109.9467,45.8266],[-109.9604,45.826],[-109.9563,45.8289],[-109.968,45.8292],[-109.9572,45.8384],[-109.9788,45.8431],[-109.9874,45.837],[-110.0137,45.8315],[-110.0162,45.822],[-110.0437,45.8114],[-110.2206,45.7692],[-110.2194,45.3488],[-110.2282,45.3488]]]},"properties":{"geoid":"30028","state":"30","district":"28","name":"State Senate District 28","chamber":"Senate"}},{"type":"Feature","geometry":{"type":"Polygon","coordinates":[[[-111.0466,45.1093],[-111.0451,45.001],[-110.7901,45.0009],[-110.6717,44.9922],[-110.4457,44.9937],[-110.4071,44.9995],[-110.1832,44.997],[-110.1058,45.0035],[-109.7985,45.0023],[-109.7987,45.1721],[-110.2281,45.1721],[-110.2282,45.3488],[-110.2194,45.3488],[-110.2209,45.785],[-110.2927,45.7851],[-110.2928,46.1338],[-110.2819,46.1338],[-110.2819,46.1844],[-110.4093,46.1844],[-110.4093,46.1921],[-110.9932,46.1928],[-110.9981,45.9467],[-110.9761,45.9467],[-110.977,45.8727],[-110.9723,45.8723],[-110.9128,45.7869],[-110.9591,45.7871],[-110.9591,45.77],[-110.9799,45.7661],[-110.9803,45.7288],[-111.0006,45.7289],[-111.0021,45.7],[-111.0212,45.7013],[-111.0171,45.6929],[-111.0344,45.6855],[-111.0319,45.6722],[-111.0364,45.6672],[-111.0326,45.6687],[-111.0326,45.6632],[-111.001,45.6639],[-111.0104,45.6752],[-110.9608,45.6655],[-110.9399,45.6487],[-110.9155,45.6392],[-110.8622,45.6473],[-110.8309,45.6656],[-110.8051,45.6666],[-110.7956,45.6626],[-110.7948,45.5907],[-110.8574,45.5907],[-110.8583,45.5249],[-110.9192,45.5249],[-110.9179,45.3513],[-111.0382,45.3514],[-111.0386,45.1764],[-111.0466,45.1763],[-111.0466,45.1093]]]},"properties":{"geoid":"30029","state":"30","district":"29","name":"State Senate District 29","chamber":"Senate"}},{"type":"Feature","geometry":{"type":"Polygon","coordinates":[[[-111.4944,45.2811],[-111.4887,45.2641],[-111.4734,45.253],[-111.4306,45.2536],[-111.4136,45.2446],[-111.3925,45.2495],[-111.3732,45.246],[-111.3722,44.9118],[-111.3775,44.9118],[-111.377,44.7514],[-111.353,44.7262],[-111.3371,44.7332],[-111.3236,44.7291],[-111.3225,44.7188],[-111.2963,44.7023],[-111.2969,44.6914],[-111.2793,44.6822],[-111.2668,44.6675],[-111.2806,44.6552],[-111.2785,44.6513],[-111.2701,44.6468],[-111.2526,44.6512],[-111.2492,44.6441],[-111.2426,44.6434],[-111.2193,44.6225],[-111.2409,44.6145],[-111.2276,44.5767],[-111.2015,44.5759],[-111.181,44.5692],[-111.1786,44.5525],[-111.1589,44.5463],[-111.1506,44.535],[-111.1314,44.5324],[-111.1386,44.5169],[-111.1274,44.4976],[-111.1072,44.4869],[-111.0524,44.4784],[-111.0546,45.001],[-111.0451,45.001],[-111.0466,45.1763],[-111.0386,45.1764],[-111.0382,45.3514],[-110.9179,45.3513],[-110.9192,45.5249],[-110.8583,45.5249],[-110.8574,45.5907],[-110.7948,45.5907],[-110.7956,45.6626],[-110.8071,45.667],[-110.8297,45.6659],[-110.8622,45.6473],[-110.9155,45.6392],[-110.9404,45.649],[-110.9579,45.6647],[-111.0104,45.6752],[-111.001,45.6639],[-111.0326,45.6632],[-111.0418,45.6557],[-111.0419,45.6494],[-111.0628,45.6495],[-111.0629,45.6566],[-111.134,45.6571],[-111.1456,45.654],[-111.1455,45.6492],[-111.1847,45.6529],[-111.1861,45.6457],[-111.212,45.6493],[-111.2173,45.642],[-111.2892,45.6419],[-111.2893,45.5982],[-111.3513,45.5985],[-111.35,45.3505],[-111.373,45.3505],[-111.3751,45.3453],[-111.4157,45.3499],[-111.4246,45.3435],[-111.4329,45.3278],[-111.4452,45.3209],[-111.4594,45.3295],[-111.4898,45.3344],[-111.4883,45.2994],[-111.4944,45.2811]]]},"properties":{"geoid":"30030","state":"30","district":"30","name":"State Senate District 30","chamber":"Senate"}},{"type":"Feature","geometry":{"type":"Polygon","coordinates":[[[-111.2089,45.6718],[-111.1992,45.6529],[-111.2017,45.6457],[-111.1861,45.6457],[-111.1847,45.6529],[-111.1455,45.6492],[-111.1456,45.654],[-111.134,45.6571],[-111.0629,45.6566],[-111.0628,45.6495],[-111.0419,45.6494],[-111.0378,45.661],[-111.0326,45.6609],[-111.0326,45.6687],[-111.0377,45.6672],[-111.0373,45.6712],[-111.0627,45.6711],[-111.0627,45.6784],[-111.0709,45.6784],[-111.0713,45.6857],[-111.0765,45.6857],[-111.0773,45.6784],[-111.0889,45.6784],[-111.1042,45.6785],[-111.104,45.6858],[-111.1514,45.6857],[-111.1697,45.6786],[-111.17,45.671],[-111.2089,45.6718]]]},"properties":{"geoid":"30031","state":"30","district":"31","name":"State Senate District 31","chamber":"Senate"}},{"type":"Feature","geometry":{"type":"Polygon","coordinates":[[[-111.2104,45.6742],[-111.17,45.671],[-111.1697,45.6786],[-111.151,45.6857],[-111.104,45.6858],[-111.1042,45.6785],[-111.0889,45.6784],[-111.0773,45.6784],[-111.0765,45.6857],[-111.0713,45.6857],[-111.0709,45.6784],[-111.0627,45.6784],[-111.062,45.6858],[-111.0672,45.6857],[-111.068,45.6907],[-111.0625,45.6931],[-111.064,45.7149],[-111.0904,45.7299],[-111.1881,45.7293],[-111.1927,45.717],[-111.1853,45.7147],[-111.1854,45.7001],[-111.196,45.6982],[-111.2104,45.6742]]]},"properties":{"geoid":"30032","state":"30","district":"32","name":"State Senate District 32","chamber":"Senate"}},{"type":"Feature","geometry":{"type":"Polygon","coordinates":[[[-111.3388,45.887],[-111.3264,45.8832],[-111.3276,45.8749],[-111.3223,45.8749],[-111.3266,45.8603],[-111.2992,45.857],[-111.2989,45.8394],[-111.2037,45.7874],[-111.2,45.788],[-111.2041,45.8021],[-111.184,45.8021],[-111.1872,45.7999],[-111.1792,45.7948],[-111.1702,45.8021],[-111.1444,45.8049],[-111.1441,45.7948],[-111.1336,45.7947],[-111.1335,45.7874],[-111.1259,45.787],[-111.1296,45.7747],[-111.1269,45.7619],[-111.1311,45.7577],[-111.1263,45.748],[-111.1627,45.7605],[-111.1645,45.7497],[-111.1852,45.7439],[-111.1851,45.7293],[-111.0904,45.7299],[-111.064,45.7149],[-111.0625,45.6931],[-111.068,45.6907],[-111.0672,45.6857],[-111.062,45.6858],[-111.0627,45.6711],[-111.0373,45.6712],[-111.0364,45.6672],[-111.0319,45.6722],[-111.0344,45.6855],[-111.0171,45.6929],[-111.0212,45.7013],[-111.0021,45.7],[-111.0006,45.7289],[-110.9803,45.7288],[-110.9799,45.7661],[-110.9591,45.77],[-110.9591,45.7871],[-110.9128,45.7869],[-110.9723,45.8723],[-110.977,45.8727],[-110.9761,45.9467],[-110.9981,45.9467],[-110.9932,46.1928],[-111.1595,46.1928],[-111.1595,46.1878],[-111.2427,46.1878],[-111.2441,46.0494],[-111.2865,46.0494],[-111.2865,46.006],[-111.2648,46.0055],[-111.2617,45.9575],[-111.2751,45.9475],[-111.3003,45.9401],[-111.3172,45.9248],[-111.2964,45.9201],[-111.3033,45.9101],[-111.2908,45.9093],[-111.2931,45.8911],[-111.3147,45.8941],[-111.3368,45.8917],[-111.3388,45.887]]]},"properties":{"geoid":"30033","state":"30","district":"33","name":"State Senate District 33","chamber":"Senate"}},{"type":"Feature","geometry":{"type":"Polygon","coordinates":[[[-111.5363,45.662],[-111.5362,45.6423],[-111.3514,45.6419],[-111.3513,45.5985],[-111.2893,45.5982],[-111.2892,45.6419],[-111.2173,45.642],[-111.212,45.6493],[-111.2022,45.6493],[-111.1992,45.6529],[-111.2098,45.678],[-111.196,45.6982],[-111.1854,45.7001],[-111.1853,45.7147],[-111.192,45.7147],[-111.1926,45.7217],[-111.1851,45.7293],[-111.1852,45.7439],[-111.1645,45.7497],[-111.1627,45.7605],[-111.1264,45.7477],[-111.1311,45.7577],[-111.1269,45.7619],[-111.1296,45.7747],[-111.1259,45.787],[-111.1335,45.7874],[-111.1336,45.7947],[-111.1441,45.7948],[-111.1453,45.8051],[-111.1702,45.8021],[-111.1792,45.7948],[-111.1872,45.7999],[-111.184,45.8021],[-111.2041,45.8021],[-111.2,45.788],[-111.2037,45.7874],[-111.2687,45.8219],[-111.2743,45.8108],[-111.2655,45.8036],[-111.2642,45.7945],[-111.2588,45.7945],[-111.2589,45.7872],[-111.2536,45.7844],[-111.2582,45.7762],[-111.2532,45.7727],[-111.3206,45.7732],[-111.3211,45.7687],[-111.3306,45.7662],[-111.3304,45.7871],[-111.3682,45.787],[-111.3683,45.8452],[-111.3585,45.8458],[-111.3698,45.8484],[-111.3695,45.8644],[-111.417,45.8792],[-111.4115,45.8865],[-111.4241,45.889],[-111.4443,45.8822],[-111.4937,45.8955],[-111.4866,45.8744],[-111.4876,45.8349],[-111.4926,45.8306],[-111.5029,45.7943],[-111.5063,45.7643],[-111.5176,45.7478],[-111.5177,45.7313],[-111.5226,45.7238],[-111.5185,45.6972],[-111.5307,45.676],[-111.5292,45.6713],[-111.5363,45.6713],[-111.5363,45.662]]]},"properties":{"geoid":"30034","state":"30","district":"34","name":"State Senate District 34","chamber":"Senate"}},{"type":"Feature","geometry":{"type":"Polygon","coordinates":[[[-113.938,45.6961],[-113.9314,45.673],[-113.9206,45.6641],[-113.9199,45.6581],[-113.8953,45.6438],[-113.9024,45.6375],[-113.8994,45.6285],[-113.9047,45.622],[-113.886,45.6174],[-113.8616,45.6238],[-113.8486,45.6201],[-113.8389,45.6107],[-113.8241,45.6128],[-113.8064,45.6016],[-113.7967,45.5816],[-113.8215,45.5659],[-113.8174,45.557],[-113.8348,45.5207],[-113.766,45.5206],[-113.7728,45.5133],[-113.7599,45.4804],[-113.7762,45.4709],[-113.7746,45.463],[-113.7843,45.4549],[-113.7744,45.4465],[-113.776,45.4337],[-113.7597,45.4271],[-113.7772,45.4166],[-113.7759,45.4078],[-113.7492,45.4029],[-113.7335,45.3908],[-113.7329,45.3731],[-113.7389,45.3681],[-113.729,45.3561],[-113.7403,45.3454],[-113.7387,45.3294],[-113.7186,45.3168],[-113.71,45.301],[-113.6803,45.2789],[-113.6803,45.2744],[-113.6919,45.2724],[-113.6929,45.2642],[-113.685,45.2535],[-113.6554,45.24],[-113.6364,45.2118],[-113.5921,45.1848],[-113.5894,45.1773],[-113.5942,45.1661],[-113.5907,45.1559],[-113.58,45.1484],[-113.5657,45.1496],[-113.5767,45.1312],[-113.5699,45.1239],[-113.5497,45.1129],[-113.5112,45.1161],[-113.506,45.1078],[-113.5222,45.0914],[-113.4894,45.0765],[-113.4855,45.0636],[-113.4603,45.0649],[-113.452,45.0592],[-113.4493,45.0462],[-113.4558,45.0397],[-113.4463,45.0339],[-113.4487,45.02],[-113.4379,45.0073],[-113.4469,44.9983],[-113.4449,44.9733],[-113.4498,44.9706],[-113.4439,44.9594],[-113.4658,44.9476],[-113.4947,44.9485],[-113.4988,44.9422],[-113.4907,44.9229],[-113.4718,44.9098],[-113.4786,44.8956],[-113.4612,44.8868],[-113.4551,44.8654],[-113.4396,44.8557],[-113.4291,44.8549],[-113.422,44.8376],[-113.4094,44.8408],[-113.3776,44.8352],[-113.3766,44.8305],[-113.3561,44.8198],[-113.3461,44.8006],[-113.3541,44.7918],[-113.3413,44.7847],[-113.2469,44.823],[-113.2387,44.8141],[-113.1931,44.8017],[-113.1795,44.7872],[-113.1637,44.7788],[-113.1579,44.781],[-113.1315,44.7728],[-113.1313,44.7649],[-113.1377,44.7601],[-113.1348,44.7528],[-113.1203,44.746],[-113.1168,44.7325],[-113.1016,44.7295],[-113.0978,44.6989],[-113.0821,44.6917],[-113.0809,44.6831],[-113.0678,44.6788],[-113.0656,44.6493],[-113.0507,44.6345],[-113.0537,44.6217],[-113.0719,44.6159],[-113.0883,44.5997],[-113.0623,44.5862],[-113.0672,44.5791],[-113.0373,44.5648],[-113.0368,44.5604],[-113.0468,44.5536],[-113.0454,44.5443],[-113.0065,44.5258],[-113.0055,44.5198],[-113.0159,44.516],[-113.0159,44.5059],[-113.0268,44.4955],[-113.0061,44.471],[-113.0088,44.464],[-113.0045,44.4528],[-112.9715,44.4276],[-112.963,44.4233],[-112.952,44.425],[-112.951,44.4173],[-112.9454,44.4146],[-112.9211,44.4109],[-112.9146,44.4027],[-112.9019,44.3989],[-112.8896,44.4059],[-112.8835,44.4006],[-112.8816,44.3793],[-112.8555,44.3601],[-112.8446,44.358],[-112.8122,44.3771],[-112.8151,44.3951],[-112.8101,44.3988],[-112.8199,44.4002],[-112.8399,44.4247],[-112.8269,44.4321],[-112.827,44.4431],[-112.798,44.4609],[-112.798,44.4663],[-112.7808,44.4847],[-112.7431,44.4883],[-112.7345,44.4995],[-112.7179,44.5043],[-112.6927,44.5],[-112.685,44.4928],[-112.6617,44.486],[-112.6333,44.4911],[-112.6291,44.4828],[-112.625,44.483],[-112.602,44.4907],[-112.578,44.4801],[-112.5417,44.4838],[-112.5358,44.4784],[-112.5139,44.4751],[-112.5113,44.4664],[-112.5006,44.4628],[-112.4727,44.4793],[-112.4603,44.4751],[-112.4552,44.4663],[-112.4415,44.4666],[-112.4335,44.4598],[-112.4341,44.4543],[-112.4161,44.453],[-112.4072,44.4575],[-112.3865,44.4473],[-112.3661,44.467],[-112.3645,44.4803],[-112.3584,44.4853],[-112.3588,44.5294],[-112.3525,44.538],[-112.3195,44.5389],[-112.315,44.5419],[-112.3137,44.553],[-112.2866,44.5686],[-112.2678,44.5655],[-112.2567,44.5717],[-112.2292,44.5641],[-112.2296,44.5495],[-112.2223,44.5439],[-112.1837,44.533],[-112.1646,44.5415],[-112.1489,44.5368],[-112.1367,44.5399],[-112.1292,44.5362],[-112.127,44.5289],[-112.1064,44.5206],[-112.0965,44.523],[-112.0931,44.53],[-112.0691,44.5372],[-112.0328,44.5284],[-112.0327,44.5466],[-112.0115,44.5435],[-111.9955,44.535],[-111.9777,44.5357],[-111.9612,44.5492],[-111.9517,44.5495],[-111.9478,44.557],[-111.9029,44.5567],[-111.8923,44.564],[-111.8795,44.5604],[-111.8693,44.5666],[-111.8639,44.5515],[-111.8569,44.5491],[-111.8423,44.5262],[-111.8299,44.52],[-111.8215,44.5089],[-111.808,44.5102],[-111.8082,44.5197],[-111.8011,44.526],[-111.7798,44.5238],[-111.7715,44.5309],[-111.7627,44.5258],[-111.7499,44.5396],[-111.7156,44.5434],[-111.7032,44.5601],[-111.69,44.5562],[-111.683,44.5617],[-111.6593,44.5527],[-111.6468,44.5548],[-111.6139,44.5487],[-111.5861,44.5627],[-111.5628,44.5552],[-111.5471,44.5572],[-111.5236,44.5479],[-111.512,44.5359],[-111.4996,44.542],[-111.4635,44.5414],[-111.4694,44.5577],[-111.4787,44.5534],[-111.492,44.5608],[-111.5083,44.5627],[-111.5096,44.5662],[-111.5013,44.5725],[-111.5189,44.5833],[-111.5245,44.5972],[-111.5193,44.6018],[-111.5257,44.6046],[-111.5166,44.6201],[-111.5025,44.6265],[-111.5163,44.644],[-111.5049,44.6443],[-111.501,44.6496],[-111.4901,44.6425],[-111.4906,44.6497],[-111.4725,44.6662],[-111.4765,44.6737],[-111.4685,44.6792],[-111.4846,44.6876],[-111.4888,44.7056],[-111.4388,44.7205],[-111.4296,44.7201],[-111.4143,44.7107],[-111.398,44.7236],[-111.3994,44.7343],[-111.3944,44.7441],[-111.3978,44.7464],[-111.393,44.7523],[-111.3848,44.755],[-111.377,44.7514],[-111.3775,44.9118],[-111.3722,44.9118],[-111.3732,45.246],[-111.3925,45.2495],[-111.4136,45.2446],[-111.4306,45.2536],[-111.4734,45.253],[-111.4793,45.2568],[-111.49,45.2661],[-111.4944,45.281],[-111.4883,45.2994],[-111.4898,45.3344],[-111.4594,45.3295],[-111.4452,45.3209],[-111.4329,45.3278],[-111.4246,45.3435],[-111.4157,45.3499],[-111.3751,45.3453],[-111.373,45.3505],[-111.35,45.3505],[-111.3514,45.6419],[-111.5362,45.6423],[-111.5363,45.6713],[-111.5292,45.6713],[-111.5307,45.676],[-111.5227,45.6847],[-111.5168,45.7045],[-111.5226,45.7238],[-111.5177,45.7313],[-111.5173,45.7487],[-111.5063,45.7643],[-111.5029,45.7943],[-111.4926,45.8306],[-111.4875,45.8354],[-111.4866,45.8744],[-111.4936,45.8953],[-111.5344,45.9016],[-111.5657,45.8981],[-111.5663,45.889],[-111.562,45.889],[-111.5668,45.8851],[-111.5619,45.8864],[-111.5808,45.87],[-111.5763,45.8692],[-111.6117,45.8485],[-111.6071,45.8417],[-111.6414,45.8224],[-111.6333,45.8076],[-111.6328,45.7942],[-111.6476,45.7942],[-111.652,45.8093],[-111.6665,45.8174],[-111.6666,45.825],[-111.6612,45.8286],[-111.6651,45.8329],[-111.6601,45.8335],[-111.6603,45.9198],[-111.7016,45.92],[-111.7903,45.9089],[-111.8503,45.8927],[-111.8907,45.8751],[-111.9102,45.8827],[-111.9428,45.8703],[-112.0022,45.8767],[-112.0353,45.8715],[-112.0769,45.8743],[-112.0766,45.8676],[-112.0974,45.8654],[-112.1117,45.8443],[-112.1576,45.8277],[-112.1692,45.8087],[-112.1725,45.7795],[-112.1932,45.7508],[-112.1903,45.7485],[-112.4618,45.7426],[-112.5185,45.7799],[-112.5311,45.7968],[-112.5262,45.803],[-112.5313,45.8091],[-112.5478,45.8138],[-112.5544,45.81],[-112.5579,45.8237],[-112.5689,45.8276],[-112.5713,45.9123],[-112.5961,45.9052],[-112.6006,45.9098],[-112.6084,45.9091],[-112.6079,45.9414],[-112.5991,45.9496],[-112.6036,45.9503],[-112.6011,45.9548],[-112.6213,45.9627],[-112.6221,45.9749],[-112.5911,45.9749],[-112.5905,45.9825],[-112.5821,45.9833],[-112.5776,45.9987],[-112.5702,45.9974],[-112.5702,46.004],[-112.7085,46.0107],[-112.7274,46.0242],[-112.7345,46.0389],[-112.7775,46.0678],[-112.7777,46.0483],[-112.8528,46.0484],[-112.8701,46.0282],[-112.8678,46.0107],[-112.8776,45.9995],[-112.9228,46.0048],[-112.9278,45.9973],[-112.939,45.9933],[-112.9419,45.9865],[-112.9371,45.9813],[-112.9384,45.9684],[-112.932,45.963],[-112.9322,45.9526],[-112.9232,45.9346],[-112.9292,45.9268],[-112.9602,45.9226],[-112.969,45.9138],[-112.9653,45.9055],[-112.9819,45.8975],[-112.9842,45.8921],[-113.0102,45.8858],[-113.0241,45.8714],[-113.0533,45.867],[-113.0612,45.8697],[-113.0855,45.8606],[-113.0873,45.8719],[-113.1003,45.8817],[-113.1783,45.8852],[-113.1969,45.8746],[-113.2135,45.8753],[-113.228,45.8673],[-113.2388,45.8534],[-113.2527,45.8497],[-113.255,45.8456],[-113.2502,45.8393],[-113.2749,45.8182],[-113.2868,45.8169],[-113.2931,45.8212],[-113.3083,45.8064],[-113.333,45.8134],[-113.3395,45.811],[-113.3476,45.8041],[-113.3534,45.7843],[-113.3644,45.771],[-113.3629,45.758],[-113.3951,45.7665],[-113.432,45.8007],[-113.4351,45.807],[-113.4273,45.8139],[-113.4323,45.8262],[-113.4293,45.8309],[-113.4336,45.8322],[-113.4317,45.8367],[-113.4402,45.8394],[-113.4414,45.8558],[-113.4597,45.8715],[-113.4567,45.8757],[-113.4657,45.8815],[-113.4708,45.8978],[-113.4854,45.9117],[-113.4951,45.9357],[-113.5042,45.9415],[-113.5161,45.9388],[-113.5351,45.9133],[-113.5368,45.8941],[-113.5286,45.8812],[-113.5792,45.873],[-113.5911,45.8634],[-113.5922,45.8502],[-113.6093,45.8509],[-113.6266,45.84],[-113.6547,45.8404],[-113.6674,45.8353],[-113.6749,45.8408],[-113.6859,45.8387],[-113.7016,45.8431],[-113.7586,45.8019],[-113.771,45.8009],[-113.7784,45.792],[-113.792,45.7921],[-113.7921,45.783],[-113.7871,45.7785],[-113.8007,45.7724],[-113.8113,45.7576],[-113.8299,45.7507],[-113.8493,45.7526],[-113.8551,45.7735],[-113.8691,45.7815],[-113.8965,45.7701],[-113.9163,45.7461],[-113.9044,45.7312],[-113.9094,45.7267],[-113.903,45.7215],[-113.9113,45.7107],[-113.9067,45.7039],[-113.9122,45.6989],[-113.9223,45.704],[-113.938,45.6961]]]},"properties":{"geoid":"30035","state":"30","district":"35","name":"State Senate District 35","chamber":"Senate"}},{"type":"Feature","geometry":{"type":"Polygon","coordinates":[[[-113.5175,45.9405],[-113.504,45.9415],[-113.4955,45.9362],[-113.4854,45.9117],[-113.4708,45.8978],[-113.4656,45.8813],[-113.4567,45.8757],[-113.4597,45.8715],[-113.4414,45.8558],[-113.4402,45.8394],[-113.4317,45.8367],[-113.4336,45.8322],[-113.4293,45.8309],[-113.4323,45.8262],[-113.4273,45.8139],[-113.4351,45.807],[-113.432,45.8007],[-113.3951,45.7665],[-113.3633,45.7579],[-113.3644,45.771],[-113.3534,45.7843],[-113.3476,45.8041],[-113.3395,45.811],[-113.333,45.8134],[-113.3083,45.8064],[-113.2931,45.8212],[-113.2868,45.8169],[-113.2749,45.8182],[-113.2502,45.8393],[-113.255,45.8456],[-113.2527,45.8497],[-113.2388,45.8534],[-113.228,45.8673],[-113.2135,45.8753],[-113.1969,45.8746],[-113.1783,45.8852],[-113.1003,45.8817],[-113.0873,45.8719],[-113.0855,45.8606],[-113.0612,45.8697],[-113.0533,45.867],[-113.0241,45.8714],[-113.0102,45.8858],[-112.9842,45.8921],[-112.9819,45.8975],[-112.9653,45.9055],[-112.969,45.9138],[-112.9602,45.9226],[-112.9292,45.9268],[-112.9232,45.9346],[-112.9322,45.9526],[-112.932,45.963],[-112.9384,45.9684],[-112.9371,45.9813],[-112.9419,45.9865],[-112.939,45.9933],[-112.9278,45.9973],[-112.9228,46.0048],[-112.8776,45.9995],[-112.8678,46.0107],[-112.8701,46.0282],[-112.8528,46.0484],[-112.7777,46.0483],[-112.7775,46.0678],[-112.7345,46.0389],[-112.7274,46.0242],[-112.7085,46.0107],[-112.5702,46.004],[-112.5702,45.9974],[-112.5776,45.9987],[-112.5821,45.9833],[-112.5905,45.9825],[-112.5911,45.9749],[-112.6221,45.9749],[-112.6213,45.9627],[-112.6011,45.9548],[-112.6036,45.9503],[-112.5991,45.9496],[-112.6079,45.9414],[-112.6084,45.9091],[-112.6006,45.9098],[-112.5961,45.9052],[-112.5713,45.9123],[-112.5714,45.9055],[-112.5348,45.9036],[-112.5282,45.9136],[-112.5082,45.9232],[-112.508,45.9835],[-112.5389,45.9832],[-112.5406,46.0142],[-112.5282,46.0151],[-112.5106,46.0049],[-112.499,46.0131],[-112.5049,46.0349],[-112.4738,46.0486],[-112.4769,46.0519],[-112.4617,46.0759],[-112.4708,46.0825],[-112.4663,46.093],[-112.5023,46.1128],[-112.5013,46.1207],[-112.5145,46.1249],[-112.52,46.1364],[-112.5128,46.1547],[-112.5168,46.1668],[-112.5052,46.1842],[-112.5258,46.185],[-112.5402,46.1748],[-112.5526,46.1794],[-112.5594,46.1755],[-112.5771,46.179],[-112.5821,46.1987],[-112.5738,46.2143],[-112.5797,46.2213],[-112.5928,46.2254],[-112.5927,46.2323],[-112.5981,46.2365],[-112.5797,46.2418],[-112.5586,46.2658],[-113.0368,46.2668],[-113.0368,46.2233],[-113.1187,46.2233],[-113.1217,46.2069],[-113.143,46.1902],[-113.1231,46.163],[-113.1392,46.1601],[-113.1758,46.1709],[-113.1988,46.1631],[-113.2088,46.1649],[-113.2131,46.1514],[-113.2278,46.1337],[-113.2744,46.1254],[-113.2744,46.0593],[-113.2808,46.0572],[-113.2779,46.0456],[-113.2854,46.0381],[-113.3282,46.0155],[-113.3358,46.0054],[-113.3527,46.0103],[-113.3638,46.0075],[-113.3784,46.0186],[-113.3969,46.0142],[-113.3944,46.0074],[-113.3993,46.0005],[-113.4113,45.9996],[-113.4151,45.9898],[-113.4418,45.981],[-113.4584,45.9843],[-113.4682,45.9706],[-113.4593,45.9623],[-113.48,45.9398],[-113.5002,45.9485],[-113.5175,45.9405]]]},"properties":{"geoid":"30036","state":"30","district":"36","name":"State Senate District 36","chamber":"Senate"}},{"type":"Feature","geometry":{"type":"Polygon","coordinates":[[[-112.571,45.8391],[-112.5689,45.8276],[-112.5611,45.8263],[-112.5547,45.8187],[-112.5548,45.8102],[-112.5478,45.8138],[-112.5313,45.8091],[-112.5262,45.803],[-112.5311,45.7968],[-112.5185,45.7799],[-112.4618,45.7426],[-112.19,45.7493],[-112.2148,45.7657],[-112.2415,45.7722],[-112.2549,45.7709],[-112.2739,45.7912],[-112.2833,45.7907],[-112.4265,45.8437],[-112.4303,45.8546],[-112.4042,45.8878],[-112.4093,45.9019],[-112.4213,45.911],[-112.4163,45.9222],[-112.4311,45.9293],[-112.4362,45.939],[-112.4303,45.9448],[-112.4336,45.952],[-112.4299,45.9587],[-112.4383,45.9677],[-112.4455,45.9981],[-112.4433,46.0091],[-112.4356,46.0137],[-112.442,46.0295],[-112.4623,46.0395],[-112.4726,46.0392],[-112.4738,46.0486],[-112.5026,46.0387],[-112.5053,46.0257],[-112.4982,46.0144],[-112.5106,46.0049],[-112.5282,46.0151],[-112.5406,46.0142],[-112.5389,45.9832],[-112.508,45.9835],[-112.5081,45.9234],[-112.5282,45.9136],[-112.5348,45.9036],[-112.5508,45.9023],[-112.5703,45.9078],[-112.571,45.8391]]]},"properties":{"geoid":"30037","state":"30","district":"37","name":"State Senate District 37","chamber":"Senate"}},{"type":"Feature","geometry":{"type":"Polygon","coordinates":[[[-113.8784,46.5032],[-113.8783,46.4974],[-113.8659,46.4921],[-113.8675,46.4831],[-113.8628,46.4801],[-113.8642,46.4745],[-113.8568,46.4705],[-113.8492,46.448],[-113.8583,46.4202],[-113.8202,46.4073],[-113.8217,46.4032],[-113.8004,46.3844],[-113.7964,46.3731],[-113.7865,46.3704],[-113.7828,46.3642],[-113.7855,46.3391],[-113.7718,46.3213],[-113.7852,46.2967],[-113.7842,46.285],[-113.7559,46.2754],[-113.7484,46.268],[-113.7612,46.2581],[-113.7638,46.2462],[-113.7742,46.2447],[-113.7782,46.2371],[-113.7754,46.228],[-113.8175,46.2156],[-113.823,46.2087],[-113.8179,46.1911],[-113.8024,46.1914],[-113.7849,46.1812],[-113.7917,46.1749],[-113.7901,46.1623],[-113.7952,46.1523],[-113.7801,46.1444],[-113.7772,46.1342],[-113.7702,46.1323],[-113.7531,46.1121],[-113.7556,46.1046],[-113.7676,46.1009],[-113.7737,46.0832],[-113.7879,46.074],[-113.786,46.0696],[-113.793,46.0634],[-113.7931,46.0568],[-113.8035,46.049],[-113.8038,46.0379],[-113.769,46.0278],[-113.7604,46.0302],[-113.7535,46.0466],[-113.7449,46.0488],[-113.7317,46.0384],[-113.6873,46.0352],[-113.6907,46.0256],[-113.6712,46.023],[-113.6764,46.0152],[-113.6677,46.0009],[-113.6702,45.994],[-113.6496,45.9659],[-113.644,45.9632],[-113.6161,45.9703],[-113.6088,45.9498],[-113.584,45.9471],[-113.5792,45.9387],[-113.5543,45.9473],[-113.5262,45.9451],[-113.5174,45.9401],[-113.5141,45.9451],[-113.5002,45.9485],[-113.4802,45.9397],[-113.4593,45.9623],[-113.4682,45.9706],[-113.4584,45.9843],[-113.4418,45.981],[-113.4151,45.9898],[-113.4113,45.9996],[-113.3993,46.0005],[-113.3944,46.0074],[-113.3969,46.0142],[-113.3784,46.0186],[-113.3638,46.0075],[-113.3527,46.0103],[-113.3358,46.0054],[-113.3282,46.0155],[-113.3165,46.0189],[-113.2779,46.0456],[-113.2808,46.0572],[-113.2744,46.0593],[-113.2744,46.1254],[-113.2278,46.1337],[-113.2131,46.1514],[-113.2088,46.1649],[-113.1988,46.1631],[-113.1758,46.1709],[-113.1392,46.1601],[-113.1231,46.163],[-113.143,46.1902],[-113.1217,46.2069],[-113.1187,46.2233],[-113.0368,46.2233],[-113.0368,46.2668],[-112.5586,46.2658],[-112.5797,46.2418],[-112.5981,46.2361],[-112.5927,46.2323],[-112.5928,46.2254],[-112.5797,46.2213],[-112.5738,46.2143],[-112.5821,46.1987],[-112.5766,46.1785],[-112.5587,46.1755],[-112.5526,46.1794],[-112.5402,46.1748],[-112.5258,46.185],[-112.5051,46.184],[-112.5168,46.1668],[-112.5128,46.1547],[-112.52,46.1364],[-112.5145,46.1249],[-112.5013,46.1207],[-112.5023,46.1128],[-112.4663,46.093],[-112.4708,46.0825],[-112.4617,46.0759],[-112.477,46.0517],[-112.4724,46.0481],[-112.4726,46.0392],[-112.4623,46.0395],[-112.442,46.0295],[-112.4356,46.0137],[-112.4433,46.0091],[-112.4455,45.9981],[-112.4383,45.9677],[-112.4299,45.9587],[-112.4336,45.952],[-112.4303,45.9448],[-112.4362,45.939],[-112.4311,45.9293],[-112.4163,45.9222],[-112.4213,45.911],[-112.4093,45.9019],[-112.4042,45.8878],[-112.4303,45.8546],[-112.4267,45.844],[-112.2833,45.7907],[-112.2739,45.7912],[-112.2534,45.7703],[-112.2415,45.7722],[-112.2148,45.7657],[-112.1932,45.7508],[-112.1726,45.7792],[-112.1692,45.8087],[-112.1576,45.8277],[-112.1117,45.8443],[-112.0974,45.8654],[-112.0766,45.8676],[-112.0769,45.8743],[-112.0353,45.8715],[-112.0022,45.8767],[-111.9428,45.8703],[-111.9102,45.8827],[-111.8907,45.8751],[-111.8503,45.8927],[-111.7896,45.909],[-111.7024,45.9199],[-111.6603,45.9198],[-111.6604,46.0492],[-111.7846,46.0498],[-111.7879,46.5695],[-111.9668,46.5692],[-111.9582,46.5635],[-111.9687,46.5573],[-111.967,46.548],[-111.9773,46.544],[-112.0209,46.5434],[-112.0396,46.5385],[-112.0837,46.5166],[-112.1208,46.5147],[-112.1348,46.5221],[-112.1838,46.5011],[-112.2058,46.4997],[-112.2006,46.4857],[-112.2032,46.4797],[-112.1798,46.4711],[-112.1762,46.4563],[-112.1874,46.4495],[-112.2156,46.4503],[-112.2199,46.4364],[-112.2426,46.4225],[-112.2513,46.4241],[-112.2688,46.4149],[-112.287,46.4219],[-112.3168,46.4225],[-112.3234,46.4329],[-112.3212,46.4434],[-112.3044,46.4508],[-112.309,46.4555],[-112.3046,46.4614],[-112.309,46.4812],[-112.3018,46.4902],[-112.3061,46.5117],[-112.2933,46.5179],[-112.297,46.5264],[-112.2937,46.5311],[-112.308,46.5497],[-112.309,46.5648],[-112.3167,46.5749],[-112.2997,46.5915],[-112.3007,46.5987],[-112.2932,46.6051],[-112.2985,46.626],[-112.3108,46.6335],[-112.3068,46.6368],[-112.3093,46.642],[-112.3297,46.6615],[-112.3261,46.6654],[-112.329,46.6734],[-112.3256,46.6925],[-112.3164,46.7003],[-112.3114,46.7137],[-112.3315,46.728],[-112.3243,46.7344],[-112.3109,46.7354],[-112.302,46.7435],[-112.3087,46.7434],[-112.3064,46.7464],[-112.3118,46.751],[-112.3185,46.7502],[-112.3028,46.7532],[-112.2542,46.7984],[-112.2433,46.7986],[-112.2433,46.8059],[-112.2538,46.8094],[-112.2521,46.8185],[-112.2674,46.8229],[-112.3011,46.8572],[-112.341,46.8778],[-112.3428,46.8838],[-112.3841,46.8893],[-112.4083,46.8992],[-112.4814,46.897],[-112.4803,46.8939],[-112.4889,46.8903],[-112.4948,46.8925],[-112.4917,46.8977],[-112.5013,46.8894],[-112.5002,46.8821],[-112.483,46.8759],[-112.4821,46.867],[-112.4619,46.8598],[-112.5041,46.8342],[-112.7956,46.8317],[-112.7958,47.177],[-113.0591,47.1796],[-113.0592,47.4886],[-113.0627,47.4823],[-113.0804,47.4856],[-113.0914,47.4804],[-113.1154,47.4914],[-113.1165,47.5088],[-113.1231,47.5158],[-113.1183,47.5205],[-113.1259,47.5417],[-113.1225,47.5452],[-113.1247,47.5579],[-113.1181,47.5605],[-113.1177,47.5705],[-113.127,47.5759],[-113.1308,47.5877],[-113.1444,47.5955],[-113.4665,47.6001],[-113.4664,47.1948],[-113.4846,47.1828],[-113.4846,47.19],[-113.5012,47.1954],[-113.5035,47.1898],[-113.5161,47.1889],[-113.5162,47.1796],[-113.5059,47.17],[-113.4912,47.1662],[-113.4894,47.1583],[-113.4808,47.1555],[-113.4852,47.1527],[-113.4718,47.1408],[-113.4594,47.1402],[-113.4485,47.1266],[-113.4504,47.1211],[-113.4373,47.1153],[-113.438,47.1207],[-113.4182,47.1163],[-113.4056,47.1218],[-113.4103,47.1299],[-113.4074,47.1286],[-113.4034,47.1384],[-113.3948,47.1302],[-113.3864,47.134],[-113.3632,47.123],[-113.3466,47.1224],[-113.3405,47.1267],[-113.3348,47.1236],[-113.3251,47.135],[-113.3042,47.1255],[-113.3029,46.8322],[-113.4166,46.8321],[-113.4171,46.8025],[-113.4798,46.8028],[-113.4799,46.7447],[-113.5451,46.7446],[-113.5451,46.731],[-113.5515,46.731],[-113.5515,46.7165],[-113.6682,46.7162],[-113.668,46.6584],[-113.8277,46.6609],[-113.8178,46.6374],[-113.8028,46.6296],[-113.8048,46.6194],[-113.8165,46.615],[-113.8098,46.6091],[-113.8093,46.5951],[-113.8121,46.5888],[-113.8361,46.5832],[-113.8287,46.5707],[-113.8451,46.5469],[-113.8496,46.5153],[-113.8662,46.5127],[-113.8784,46.5032]]]},"properties":{"geoid":"30038","state":"30","district":"38","name":"State Senate District 38","chamber":"Senate"}},{"type":"Feature","geometry":{"type":"Polygon","coordinates":[[[-111.7879,46.5694],[-111.7846,46.0498],[-111.6604,46.0492],[-111.6601,45.8335],[-111.6651,45.8329],[-111.6612,45.8286],[-111.6666,45.825],[-111.6665,45.8174],[-111.652,45.8093],[-111.6476,45.7942],[-111.6328,45.7942],[-111.6333,45.8076],[-111.6414,45.8225],[-111.6071,45.8417],[-111.6117,45.8485],[-111.5763,45.8692],[-111.5808,45.87],[-111.5619,45.8864],[-111.5668,45.8851],[-111.562,45.889],[-111.5663,45.889],[-111.5657,45.8981],[-111.5344,45.9016],[-111.4636,45.8904],[-111.4443,45.8822],[-111.4241,45.889],[-111.4115,45.8865],[-111.417,45.8792],[-111.3696,45.8644],[-111.3698,45.8484],[-111.3585,45.8458],[-111.3683,45.8452],[-111.3682,45.787],[-111.3304,45.7871],[-111.3306,45.7662],[-111.3211,45.7687],[-111.3206,45.7732],[-111.2532,45.7727],[-111.2582,45.7762],[-111.2536,45.7844],[-111.2589,45.7872],[-111.2588,45.7945],[-111.2642,45.7945],[-111.2655,45.8036],[-111.2743,45.8108],[-111.2687,45.8219],[-111.2989,45.8394],[-111.2971,45.8539],[-111.3026,45.8596],[-111.3266,45.8603],[-111.3223,45.8749],[-111.3276,45.8749],[-111.3264,45.8832],[-111.3388,45.887],[-111.3368,45.8917],[-111.3147,45.8941],[-111.2931,45.8911],[-111.2908,45.9093],[-111.3033,45.9101],[-111.2964,45.9201],[-111.3172,45.9248],[-111.3003,45.9401],[-111.2751,45.9475],[-111.2617,45.9575],[-111.2648,46.0055],[-111.2865,46.006],[-111.2865,46.0494],[-111.2441,46.0494],[-111.2427,46.1878],[-111.1595,46.1878],[-111.1595,46.1928],[-110.4093,46.1921],[-110.4093,46.1844],[-110.2819,46.1844],[-110.2819,46.1338],[-110.2928,46.1338],[-110.2927,45.7851],[-110.2209,45.785],[-110.2206,45.7692],[-110.0437,45.8114],[-110.0162,45.822],[-110.0137,45.8315],[-109.9874,45.837],[-109.9788,45.8431],[-109.9572,45.8384],[-109.968,45.8292],[-109.9563,45.8289],[-109.9604,45.826],[-109.9467,45.8266],[-109.9323,45.8393],[-109.9299,45.843],[-109.9409,45.8417],[-109.9399,45.8667],[-109.9591,45.8873],[-109.9789,45.8992],[-109.9888,45.9339],[-109.9716,45.9623],[-109.9689,45.9841],[-109.9592,46.0004],[-109.9513,46.0507],[-109.9361,46.0698],[-109.9355,46.0976],[-109.9054,46.1532],[-109.8971,46.2193],[-109.4029,46.2197],[-109.4035,46.4907],[-109.3885,46.4906],[-109.3892,46.7803],[-109.4735,46.7803],[-109.4735,46.8092],[-109.4524,46.8092],[-109.4525,46.8375],[-109.4383,46.8374],[-109.4383,46.8519],[-109.4277,46.8519],[-109.4279,46.8812],[-109.4385,46.8812],[-109.4385,46.8958],[-109.4596,46.8958],[-109.4597,46.9103],[-109.4807,46.9103],[-109.4808,46.9249],[-109.5016,46.9248],[-109.5018,46.8813],[-109.5654,46.8814],[-109.5653,46.9106],[-109.5759,46.9106],[-109.5758,46.9178],[-109.5652,46.9177],[-109.5652,46.925],[-109.5863,46.925],[-109.5868,46.983],[-109.608,46.9831],[-109.6079,46.9686],[-109.6305,46.9683],[-109.6499,46.9686],[-109.6498,46.9831],[-109.7558,46.9847],[-109.7566,47.1857],[-109.7358,47.1857],[-109.7357,47.1712],[-109.6826,47.1711],[-109.6826,47.1639],[-109.6667,47.1603],[-109.6666,47.1531],[-109.656,47.1531],[-109.6561,47.1603],[-109.6348,47.1604],[-109.635,47.1857],[-109.6168,47.1857],[-109.6168,47.2146],[-109.6274,47.2074],[-109.6539,47.2146],[-109.6593,47.2182],[-109.6594,47.2327],[-109.6914,47.2362],[-109.6914,47.2434],[-109.6968,47.2434],[-109.6968,47.2506],[-109.6915,47.2506],[-109.6968,47.2542],[-109.6969,47.2615],[-109.7076,47.2615],[-109.7075,47.2543],[-109.7183,47.2543],[-109.7184,47.2721],[-109.7449,47.272],[-109.7449,47.3154],[-109.7219,47.3158],[-109.7234,47.3594],[-109.7023,47.36],[-109.7024,47.3879],[-109.6384,47.3916],[-109.6385,47.42],[-109.5798,47.4231],[-109.5799,47.4571],[-109.5852,47.4571],[-109.5851,47.4753],[-109.5797,47.4753],[-109.5796,47.5078],[-109.6389,47.5108],[-109.6389,47.5036],[-109.6496,47.5035],[-109.6496,47.5109],[-109.6817,47.511],[-109.6819,47.5399],[-109.6653,47.5399],[-109.665,47.5471],[-109.6652,47.7108],[-109.6782,47.7106],[-109.6781,47.7346],[-109.7237,47.7024],[-109.7534,47.7029],[-109.7697,47.7097],[-109.7848,47.7081],[-109.8264,47.7162],[-109.8369,47.7122],[-109.833,47.7091],[-109.8392,47.7052],[-109.8335,47.7012],[-109.8407,47.6994],[-109.8364,47.6978],[-109.8409,47.6979],[-109.8408,47.6913],[-109.831,47.6872],[-109.8364,47.687],[-109.8394,47.6819],[-109.8334,47.6794],[-109.8412,47.6718],[-109.834,47.6683],[-109.8345,47.6633],[-109.8392,47.6633],[-109.8322,47.6566],[-109.8397,47.6526],[-109.8315,47.6487],[-109.8401,47.6358],[-109.8321,47.6321],[-109.8426,47.6222],[-109.8371,47.6222],[-109.8427,47.6189],[-109.838,47.6166],[-109.8434,47.6161],[-109.8421,47.6101],[-109.8484,47.6054],[-109.8433,47.6001],[-109.8509,47.5959],[-109.8456,47.5907],[-109.8524,47.5908],[-109.8536,47.5867],[-109.8483,47.5839],[-109.852,47.5803],[-109.8431,47.5771],[-109.8506,47.5705],[-109.8449,47.5714],[-109.851,47.5656],[-109.8454,47.5654],[-109.85,47.5618],[-109.8439,47.5605],[-109.8492,47.5537],[-109.8452,47.5524],[-109.8454,47.5459],[-109.8546,47.5422],[-109.8491,47.5404],[-109.8572,47.5409],[-109.8744,47.5229],[-109.8784,47.5267],[-109.8903,47.5215],[-109.8901,47.5255],[-109.9022,47.5266],[-109.9071,47.5199],[-109.9153,47.5213],[-109.9102,47.5186],[-109.9231,47.5157],[-109.9202,47.5125],[-109.9348,47.5116],[-109.9378,47.5013],[-109.9566,47.4983],[-109.968,47.4876],[-109.9756,47.491],[-109.9794,47.4889],[-109.976,47.4856],[-109.9837,47.4854],[-109.9815,47.4827],[-109.9907,47.4832],[-109.9895,47.4786],[-109.9989,47.4812],[-110.0029,47.4755],[-110.0098,47.4796],[-110.015,47.4736],[-110.0195,47.4788],[-110.0309,47.4796],[-110.0332,47.4769],[-110.0286,47.4749],[-110.0423,47.4698],[-110.0465,47.4722],[-110.0458,47.4682],[-110.0508,47.4692],[-110.0483,47.4656],[-110.0769,47.4577],[-110.0749,47.4554],[-110.0825,47.4533],[-110.079,47.4487],[-110.0854,47.4451],[-110.1028,47.4402],[-110.1088,47.4432],[-110.1068,47.4398],[-110.1134,47.4413],[-110.1124,47.4362],[-110.119,47.4363],[-110.1203,47.4319],[-110.1297,47.4341],[-110.13,47.4288],[-110.1472,47.4285],[-110.146,47.4245],[-110.1519,47.4253],[-110.1596,47.4153],[-110.164,47.4194],[-110.6396,47.4165],[-110.6406,47.4463],[-110.7691,47.4461],[-110.7685,47.5256],[-110.8646,47.5247],[-110.8668,47.5332],[-110.8729,47.5347],[-110.8682,47.5386],[-110.8816,47.541],[-110.8798,47.5473],[-110.8896,47.5398],[-110.8906,47.5525],[-110.897,47.545],[-110.9251,47.5428],[-110.9253,47.5481],[-110.9369,47.5468],[-110.9358,47.5526],[-110.9496,47.5531],[-110.9603,47.5621],[-110.9597,47.5667],[-110.9661,47.5639],[-110.975,47.5744],[-111.0036,47.5724],[-111.0219,47.577],[-111.0257,47.582],[-111.0295,47.4256],[-111.0701,47.4256],[-111.0705,47.3524],[-111.0716,47.349],[-111.1065,47.349],[-111.1065,47.278],[-111.0501,47.2793],[-111.0495,47.2717],[-111.0371,47.2598],[-110.9901,47.2607],[-110.9899,47.2543],[-111.004,47.2328],[-111.0039,47.0878],[-111.1586,47.0883],[-111.1584,47.0118],[-111.2852,47.0117],[-111.2853,47.001],[-111.5394,47.0006],[-111.5392,46.9134],[-111.6581,46.9127],[-111.6214,46.9032],[-111.6028,46.8916],[-111.605,46.8866],[-111.6129,46.8852],[-111.6079,46.8819],[-111.61,46.8768],[-111.6422,46.8654],[-111.6349,46.8521],[-111.6457,46.8437],[-111.6395,46.8321],[-111.6251,46.832],[-111.613,46.8171],[-111.5893,46.8056],[-111.5729,46.8101],[-111.5521,46.8039],[-111.5323,46.8044],[-111.5238,46.8092],[-111.5238,46.8171],[-111.5092,46.8162],[-111.5055,46.8137],[-111.5115,46.8083],[-111.4958,46.7899],[-111.4973,46.7638],[-111.5089,46.7596],[-111.5447,46.7692],[-111.5612,46.7662],[-111.5673,46.769],[-111.5673,46.7769],[-111.5873,46.7819],[-111.6072,46.7758],[-111.6253,46.7459],[-111.6393,46.7382],[-111.6401,46.5825],[-111.6319,46.57],[-111.7879,46.5694]]]},"properties":{"geoid":"30039","state":"30","district":"39","name":"State Senate District 39","chamber":"Senate"}},{"type":"Feature","geometry":{"type":"Polygon","coordinates":[[[-112.3234,46.4337],[-112.3155,46.4219],[-112.287,46.4219],[-112.27,46.415],[-112.2513,46.4241],[-112.2426,46.4225],[-112.2199,46.4364],[-112.2156,46.4503],[-112.1874,46.4495],[-112.1762,46.4563],[-112.1798,46.4711],[-112.2032,46.4797],[-112.2006,46.4857],[-112.2058,46.4997],[-112.1838,46.5011],[-112.1348,46.5221],[-112.1208,46.5147],[-112.0837,46.5166],[-112.0396,46.5385],[-111.967,46.548],[-111.9687,46.5573],[-111.9582,46.5635],[-111.9668,46.5692],[-112.0195,46.5688],[-112.0155,46.5726],[-112.0294,46.5723],[-112.0296,46.5815],[-112.0366,46.5815],[-112.0341,46.5845],[-112.0452,46.5897],[-112.0459,46.5975],[-112.0319,46.5981],[-112.025,46.6047],[-112.0267,46.6165],[-112.0315,46.6165],[-112.032,46.6433],[-112.0214,46.6444],[-112.0209,46.7045],[-112.1098,46.7064],[-112.1078,46.699],[-112.1318,46.6988],[-112.1302,46.6854],[-112.1325,46.6802],[-112.1423,46.6837],[-112.1466,46.6641],[-112.1754,46.6622],[-112.2333,46.6393],[-112.24,46.6312],[-112.2423,46.6175],[-112.2982,46.6181],[-112.2932,46.6044],[-112.3168,46.5744],[-112.309,46.5648],[-112.308,46.5497],[-112.2937,46.5311],[-112.297,46.5264],[-112.2933,46.5179],[-112.3061,46.5117],[-112.3018,46.4902],[-112.309,46.4812],[-112.3046,46.4614],[-112.309,46.4555],[-112.3045,46.4501],[-112.3212,46.4434],[-112.3234,46.4337]]]},"properties":{"geoid":"30040","state":"30","district":"40","name":"State Senate District 40","chamber":"Senate"}},{"type":"Feature","geometry":{"type":"Polygon","coordinates":[[[-112.0459,46.5975],[-112.0452,46.5897],[-112.0341,46.5845],[-112.0366,46.5815],[-112.0246,46.5793],[-112.0051,46.5814],[-112.0054,46.5912],[-111.9585,46.5912],[-111.957,46.5949],[-111.9677,46.6095],[-111.926,46.6094],[-111.9146,46.6143],[-111.8939,46.6112],[-111.894,46.6464],[-111.9149,46.6463],[-111.9149,46.6791],[-111.9049,46.6823],[-111.9093,46.69],[-111.9024,46.7025],[-111.9167,46.7086],[-112.0209,46.7045],[-112.0214,46.6444],[-112.032,46.6433],[-112.0315,46.6165],[-112.0267,46.6165],[-112.025,46.6047],[-112.0319,46.5981],[-112.0459,46.5975]]]},"properties":{"geoid":"30041","state":"30","district":"41","name":"State Senate District 41","chamber":"Senate"}},{"type":"Feature","geometry":{"type":"Polygon","coordinates":[[[-112.0417,46.7085],[-112.0417,46.7043],[-111.9167,46.7086],[-111.9024,46.7025],[-111.9093,46.69],[-111.9049,46.6823],[-111.9149,46.6791],[-111.9149,46.6463],[-111.894,46.6464],[-111.8939,46.6112],[-111.9146,46.6143],[-111.926,46.6094],[-111.9677,46.6095],[-111.957,46.5949],[-111.9585,46.5912],[-112.0054,46.5912],[-112.0051,46.5814],[-112.0296,46.5793],[-112.0294,46.5723],[-112.0155,46.5726],[-112.0195,46.5688],[-111.6319,46.57],[-111.6401,46.5825],[-111.6393,46.7382],[-111.6253,46.7459],[-111.6229,46.7555],[-111.6153,46.7584],[-111.6101,46.7728],[-111.6025,46.7783],[-111.5867,46.7818],[-111.5673,46.7769],[-111.5673,46.769],[-111.5612,46.7662],[-111.5447,46.7692],[-111.5089,46.7596],[-111.4964,46.7657],[-111.4958,46.7899],[-111.5115,46.8083],[-111.5055,46.8137],[-111.5092,46.8162],[-111.5238,46.8171],[-111.5238,46.8092],[-111.5323,46.8044],[-111.5521,46.8039],[-111.5729,46.8101],[-111.5893,46.8056],[-111.613,46.8171],[-111.6251,46.832],[-111.6395,46.8321],[-111.6457,46.8437],[-111.6349,46.8521],[-111.6422,46.8654],[-111.61,46.8768],[-111.6079,46.8819],[-111.6129,46.8852],[-111.6031,46.8892],[-111.6214,46.9032],[-111.6501,46.908],[-111.6581,46.9134],[-111.7902,46.9138],[-111.7904,46.9086],[-111.8095,46.9052],[-111.88,46.9129],[-111.8937,46.909],[-111.9109,46.9144],[-111.9239,46.8942],[-111.9027,46.8678],[-111.9122,46.8494],[-111.9444,46.8199],[-111.9201,46.8009],[-111.9202,46.7935],[-111.9063,46.7927],[-111.9022,46.7877],[-112.0339,46.7862],[-112.031,46.7663],[-112.0218,46.7598],[-112.0261,46.7588],[-112.0203,46.749],[-112.0205,46.7336],[-112.0413,46.7282],[-112.0417,46.7085]]]},"properties":{"geoid":"30042","state":"30","district":"42","name":"State Senate District 42","chamber":"Senate"}},{"type":"Feature","geometry":{"type":"Polygon","coordinates":[[[-114.5665,45.7733],[-114.5445,45.7592],[-114.5479,45.7433],[-114.5356,45.7391],[-114.5267,45.7276],[-114.5042,45.7218],[-114.4951,45.704],[-114.5014,45.6937],[-114.5151,45.6849],[-114.499,45.6789],[-114.5023,45.6739],[-114.4995,45.6688],[-114.5076,45.6575],[-114.5219,45.6495],[-114.5395,45.6506],[-114.5417,45.6414],[-114.564,45.6376],[-114.5546,45.6199],[-114.5447,45.617],[-114.5379,45.6066],[-114.5585,45.5845],[-114.553,45.5766],[-114.5655,45.5626],[-114.5649,45.5577],[-114.5526,45.557],[-114.5273,45.5709],[-114.4981,45.5555],[-114.4719,45.5652],[-114.4657,45.5605],[-114.4561,45.5622],[-114.4639,45.545],[-114.4505,45.5423],[-114.4306,45.5295],[-114.4257,45.5107],[-114.3889,45.503],[-114.3672,45.4919],[-114.3611,45.4744],[-114.3516,45.471],[-114.3457,45.4607],[-114.3306,45.4596],[-114.2951,45.4794],[-114.2699,45.4846],[-114.27,45.4909],[-114.2615,45.4949],[-114.2585,45.5112],[-114.2472,45.5247],[-114.2516,45.5375],[-114.2484,45.5458],[-114.2279,45.5461],[-114.2053,45.5359],[-114.1936,45.5364],[-114.1803,45.5512],[-114.1358,45.5571],[-114.129,45.5654],[-114.1307,45.5758],[-114.1213,45.5846],[-114.0861,45.5915],[-114.0819,45.6106],[-114.0736,45.6151],[-114.0667,45.6282],[-114.0518,45.6327],[-114.0346,45.6476],[-114.0191,45.6484],[-114.0153,45.6528],[-114.0157,45.6642],[-114.0283,45.6752],[-114.0144,45.6838],[-114.0192,45.6926],[-114.0155,45.6959],[-113.9968,45.6969],[-113.9885,45.706],[-113.9708,45.7029],[-113.9692,45.6927],[-113.9627,45.6897],[-113.9223,45.704],[-113.9104,45.6994],[-113.9062,45.7068],[-113.911,45.7134],[-113.9031,45.7216],[-113.9093,45.7265],[-113.9044,45.731],[-113.9099,45.7418],[-113.9163,45.7461],[-113.8965,45.7701],[-113.8691,45.7815],[-113.8551,45.7735],[-113.8493,45.7526],[-113.8299,45.7507],[-113.8113,45.7576],[-113.8007,45.7724],[-113.7871,45.7785],[-113.7921,45.783],[-113.792,45.7921],[-113.7784,45.792],[-113.771,45.8009],[-113.7586,45.8019],[-113.7016,45.8431],[-113.6859,45.8387],[-113.6749,45.8408],[-113.6674,45.8353],[-113.6547,45.8404],[-113.6266,45.84],[-113.6093,45.8509],[-113.5922,45.8502],[-113.5911,45.8634],[-113.5792,45.873],[-113.5286,45.8812],[-113.5368,45.8941],[-113.5351,45.9132],[-113.5154,45.9368],[-113.5262,45.9451],[-113.5543,45.9473],[-113.5792,45.9387],[-113.584,45.9471],[-113.6088,45.9498],[-113.6165,45.9704],[-113.6484,45.965],[-113.6638,45.9805],[-113.6702,45.994],[-113.6677,46.0009],[-113.6764,46.0152],[-113.6712,46.023],[-113.6907,46.0256],[-113.6877,46.0354],[-113.7317,46.0384],[-113.7449,46.0488],[-113.7535,46.0466],[-113.7604,46.0302],[-113.769,46.0278],[-113.8037,46.0377],[-113.8036,46.0488],[-113.7931,46.0568],[-113.793,46.0634],[-113.786,46.0696],[-113.7879,46.074],[-113.7737,46.0832],[-113.7676,46.1009],[-113.7556,46.1046],[-113.7531,46.1121],[-113.7702,46.1323],[-113.7772,46.1342],[-113.7801,46.1444],[-113.7952,46.1523],[-113.7901,46.1623],[-113.7917,46.1749],[-113.7849,46.1812],[-113.8024,46.1914],[-113.8179,46.1911],[-113.823,46.2087],[-113.8175,46.2156],[-113.7754,46.228],[-113.7782,46.2371],[-113.7742,46.2447],[-113.7638,46.2462],[-113.7612,46.2581],[-113.7482,46.2655],[-113.7519,46.2733],[-113.7857,46.2879],[-113.7824,46.3047],[-113.7718,46.3213],[-113.7855,46.3391],[-113.7828,46.3642],[-113.7865,46.3704],[-113.7964,46.3731],[-113.8114,46.3956],[-113.817,46.3998],[-114.0106,46.4002],[-114.0619,46.3997],[-114.0619,46.3961],[-114.083,46.3924],[-114.0935,46.396],[-114.0934,46.3747],[-114.1013,46.3605],[-114.1139,46.3534],[-114.1192,46.356],[-114.1197,46.3127],[-114.1382,46.3127],[-114.1354,46.2984],[-114.1402,46.2981],[-114.1402,46.2911],[-114.1539,46.2912],[-114.1544,46.2958],[-114.1601,46.2892],[-114.1879,46.2874],[-114.2154,46.2777],[-114.2245,46.2693],[-114.3364,46.2781],[-114.3458,46.2743],[-114.3705,46.2771],[-114.4273,46.2718],[-114.4478,46.2653],[-114.4567,46.25],[-114.4683,46.2487],[-114.4521,46.2413],[-114.448,46.2316],[-114.4456,46.2197],[-114.4518,46.2148],[-114.4433,46.203],[-114.4443,46.1689],[-114.4577,46.1702],[-114.476,46.1606],[-114.4892,46.1677],[-114.5075,46.1646],[-114.5147,46.1677],[-114.5144,46.154],[-114.5273,46.1461],[-114.5177,46.1356],[-114.521,46.1251],[-114.4885,46.113],[-114.4745,46.1131],[-114.4596,46.0944],[-114.462,46.0786],[-114.4724,46.0768],[-114.4683,46.0628],[-114.4933,46.0526],[-114.4975,46.0424],[-114.5066,46.0385],[-114.5075,46.0315],[-114.4972,46.0279],[-114.4803,46.0303],[-114.4731,46.0142],[-114.4878,46.0036],[-114.48,45.9929],[-114.4578,45.9975],[-114.4485,45.9876],[-114.4288,45.9866],[-114.4118,45.9779],[-114.4014,45.9635],[-114.4025,45.9579],[-114.4314,45.936],[-114.4149,45.9221],[-114.4136,45.9116],[-114.3951,45.9014],[-114.3879,45.8839],[-114.3961,45.8712],[-114.4059,45.8704],[-114.4097,45.8516],[-114.4377,45.8626],[-114.4749,45.8466],[-114.4871,45.8517],[-114.5096,45.8454],[-114.5174,45.8349],[-114.5115,45.8294],[-114.531,45.8189],[-114.531,45.8099],[-114.545,45.7979],[-114.5441,45.7904],[-114.5556,45.7865],[-114.5665,45.7733]]]},"properties":{"geoid":"30043","state":"30","district":"43","name":"State Senate District 43","chamber":"Senate"}},{"type":"Feature","geometry":{"type":"Polygon","coordinates":[[[-114.4707,46.266],[-114.4648,46.2522],[-114.4683,46.2487],[-114.4567,46.25],[-114.4478,46.2653],[-114.4273,46.2718],[-114.3705,46.2771],[-114.3458,46.2743],[-114.3364,46.2781],[-114.2245,46.2693],[-114.2154,46.2777],[-114.1879,46.2874],[-114.1601,46.2892],[-114.1544,46.2958],[-114.1539,46.2912],[-114.1402,46.2911],[-114.1402,46.2981],[-114.1354,46.2984],[-114.1382,46.3127],[-114.1197,46.3127],[-114.1192,46.356],[-114.1139,46.3534],[-114.1013,46.3605],[-114.0934,46.3747],[-114.0935,46.396],[-114.083,46.3924],[-114.0619,46.3961],[-114.0619,46.3997],[-113.817,46.3998],[-113.8258,46.4101],[-113.8324,46.4087],[-113.8362,46.4145],[-113.8583,46.4202],[-113.8492,46.448],[-113.8568,46.4705],[-113.8642,46.4745],[-113.8628,46.4801],[-113.8675,46.4831],[-113.8659,46.4921],[-113.8783,46.4974],[-113.8784,46.5032],[-113.8662,46.5127],[-113.8494,46.5156],[-113.8451,46.5469],[-113.8287,46.5707],[-113.8361,46.5832],[-113.8117,46.5891],[-113.8076,46.6021],[-113.8165,46.615],[-113.8048,46.6194],[-113.8029,46.6297],[-113.8178,46.6374],[-113.8277,46.6609],[-114.3328,46.6606],[-114.3216,46.649],[-114.3203,46.6383],[-114.3221,46.6258],[-114.3281,46.6198],[-114.3225,46.6109],[-114.3326,46.5967],[-114.3442,46.59],[-114.3296,46.5762],[-114.3479,46.5515],[-114.3439,46.5415],[-114.3492,46.5299],[-114.342,46.5197],[-114.3583,46.5052],[-114.3946,46.5035],[-114.4033,46.4982],[-114.4007,46.4778],[-114.3794,46.4603],[-114.3844,46.447],[-114.3684,46.4371],[-114.383,46.4322],[-114.3848,46.4114],[-114.4086,46.4007],[-114.4224,46.387],[-114.4102,46.3611],[-114.414,46.3356],[-114.4219,46.3301],[-114.4334,46.3055],[-114.4273,46.2838],[-114.4448,46.2727],[-114.4649,46.2732],[-114.4707,46.266]]]},"properties":{"geoid":"30044","state":"30","district":"44","name":"State Senate District 44","chamber":"Senate"}},{"type":"Feature","geometry":{"type":"Polygon","coordinates":[[[-115.7593,47.4242],[-115.7211,47.4257],[-115.7123,47.4154],[-115.692,47.4153],[-115.6752,47.4094],[-115.6776,47.4018],[-115.6575,47.4005],[-115.6434,47.3773],[-115.6172,47.3825],[-115.5776,47.3674],[-115.5751,47.3559],[-115.5508,47.3497],[-115.5505,47.3343],[-115.5388,47.3291],[-115.5409,47.3246],[-115.5279,47.309],[-115.5285,47.2992],[-115.4908,47.2895],[-115.4823,47.2814],[-115.4658,47.2875],[-115.4559,47.2776],[-115.426,47.2803],[-115.4116,47.2644],[-115.3847,47.2678],[-115.3592,47.2596],[-115.3404,47.2629],[-115.3198,47.2567],[-115.3184,47.2519],[-115.3244,47.2447],[-115.3158,47.2328],[-115.2988,47.2255],[-115.2915,47.2109],[-115.3006,47.1883],[-115.2618,47.1814],[-115.2562,47.175],[-115.2555,47.1637],[-115.2446,47.1513],[-115.2219,47.149],[-115.2125,47.142],[-115.199,47.1399],[-115.186,47.1294],[-115.1717,47.1068],[-115.1441,47.1019],[-115.1396,47.08],[-115.1311,47.069],[-115.1225,47.0659],[-115.1058,47.0484],[-115.0874,47.0457],[-115.0798,47.0282],[-115.0717,47.0264],[-115.0694,47.015],[-115.0728,47.0129],[-115.0651,47.0002],[-115.0678,46.9952],[-115.0499,46.9811],[-115.0488,46.97],[-115.0314,46.9717],[-115.0286,46.9757],[-115.0013,46.9719],[-114.9861,46.9497],[-114.9645,46.9381],[-114.9588,46.9336],[-114.9606,46.93],[-114.9251,46.9187],[-114.9218,46.9127],[-114.9293,46.9099],[-114.9367,46.8973],[-114.9314,46.877],[-114.9483,46.86],[-114.9287,46.8548],[-114.924,46.8482],[-114.9287,46.8352],[-114.9207,46.8271],[-114.8984,46.8224],[-114.8952,46.8016],[-114.8869,46.8095],[-114.8658,46.8145],[-114.8569,46.8016],[-114.8366,46.7925],[-114.8291,46.7826],[-114.8084,46.7824],[-114.7987,46.7758],[-114.7875,46.7828],[-114.7836,46.7687],[-114.7651,46.7582],[-114.7683,46.7482],[-114.7652,46.7454],[-114.77,46.735],[-114.7828,46.7263],[-114.7821,46.7195],[-114.7884,46.7128],[-114.7819,46.7068],[-114.7685,46.7048],[-114.7668,46.6969],[-114.7485,46.6986],[-114.7398,46.7119],[-114.713,46.7154],[-114.698,46.7406],[-114.6886,46.7365],[-114.6654,46.7392],[-114.6487,46.7325],[-114.6446,46.7228],[-114.6208,46.7073],[-114.6235,46.6909],[-114.6418,46.679],[-114.6426,46.6729],[-114.633,46.6711],[-114.6398,46.6654],[-114.6352,46.6592],[-114.6146,46.6551],[-114.6117,46.6475],[-114.615,46.64],[-114.6066,46.6362],[-114.5829,46.6334],[-114.5706,46.6433],[-114.5632,46.6408],[-114.5418,46.65],[-114.5238,46.6406],[-114.5011,46.6414],[-114.4875,46.6332],[-114.4671,46.6318],[-114.4526,46.6416],[-114.4535,46.6492],[-114.4246,46.6607],[-114.4121,46.6568],[-114.4096,46.6622],[-114.3837,46.6625],[-114.3582,46.6711],[-114.353,46.6636],[-114.3328,46.6606],[-114.1708,46.6604],[-114.1708,46.7186],[-114.1088,46.719],[-114.1089,46.7335],[-114.0553,46.7331],[-114.064,46.7587],[-114.061,46.7729],[-114.0791,46.7779],[-114.0983,46.7952],[-114.0866,46.8137],[-114.0792,46.8199],[-114.0565,46.8202],[-114.0503,46.829],[-114.0453,46.8198],[-114.0297,46.8202],[-114.0183,46.8317],[-114.029,46.8357],[-114.3056,46.8369],[-114.3053,46.8433],[-114.2932,46.8449],[-114.2906,46.8513],[-114.288,46.8694],[-114.2979,46.8811],[-114.2934,46.893],[-114.2628,46.9201],[-114.2364,46.9301],[-114.2357,46.9359],[-114.2718,46.9358],[-114.2724,47.008],[-114.2609,47.0068],[-114.2454,47.013],[-114.2053,47.0041],[-114.2111,47.0094],[-114.1953,47.0258],[-114.1807,47.0249],[-114.1883,47.0326],[-114.1625,47.0229],[-114.1694,47.0318],[-114.1647,47.0332],[-114.1704,47.036],[-114.1555,47.0304],[-114.1398,47.0334],[-114.1398,47.0371],[-114.1239,47.037],[-114.1239,47.0516],[-114.1069,47.0515],[-114.1401,47.0742],[-114.1219,47.0861],[-114.1281,47.102],[-114.1216,47.117],[-114.1319,47.124],[-114.1313,47.1303],[-114.139,47.1381],[-114.1944,47.1387],[-114.2121,47.1277],[-114.2358,47.1344],[-114.2545,47.1207],[-114.2924,47.1254],[-114.3026,47.1363],[-114.3133,47.1372],[-114.3231,47.1453],[-114.3332,47.1452],[-114.3444,47.1551],[-114.3558,47.1576],[-114.3523,47.1689],[-114.3389,47.1725],[-114.3453,47.175],[-114.3536,47.1911],[-114.3606,47.1871],[-114.3813,47.188],[-114.4239,47.2101],[-114.4544,47.208],[-114.467,47.219],[-114.4934,47.2194],[-114.5318,47.2403],[-114.5435,47.2401],[-114.5501,47.2517],[-114.5935,47.2571],[-114.6314,47.2685],[-114.6368,47.2659],[-114.6872,47.2743],[-114.693,47.2875],[-114.6888,47.2982],[-114.6935,47.3089],[-114.689,47.3154],[-114.7023,47.3492],[-114.6903,47.3621],[-114.6872,47.3749],[-114.6906,47.3827],[-114.7076,47.3887],[-114.6948,47.401],[-114.6971,47.4183],[-114.7076,47.4278],[-114.7056,47.434],[-114.7248,47.4466],[-114.733,47.469],[-114.8437,47.4694],[-114.8689,47.452],[-114.893,47.4551],[-114.8959,47.4498],[-114.9114,47.4467],[-114.9252,47.45],[-114.9366,47.4607],[-114.965,47.4674],[-114.9662,47.4846],[-114.9739,47.4847],[-114.9896,47.4719],[-115.0349,47.4652],[-115.0657,47.4545],[-115.0668,47.45],[-115.0847,47.4412],[-115.1236,47.4413],[-115.1283,47.439],[-115.1281,47.423],[-115.1502,47.4335],[-115.159,47.4434],[-115.1574,47.4478],[-115.1939,47.4611],[-115.2241,47.4658],[-115.24,47.4778],[-115.2822,47.4869],[-115.3058,47.4715],[-115.324,47.471],[-115.3427,47.4709],[-115.3634,47.4837],[-115.4017,47.4849],[-115.4299,47.476],[-115.4437,47.4656],[-115.4562,47.4715],[-115.4719,47.467],[-115.4845,47.4717],[-115.5043,47.4947],[-115.5193,47.4968],[-115.5262,47.4952],[-115.5216,47.4864],[-115.5297,47.4769],[-115.5589,47.4719],[-115.6095,47.4738],[-115.6191,47.4846],[-115.6295,47.4796],[-115.6376,47.4628],[-115.6465,47.4568],[-115.7161,47.4529],[-115.7474,47.442],[-115.7593,47.4242]]]},"properties":{"geoid":"30045","state":"30","district":"45","name":"State Senate District 45","chamber":"Senate"}},{"type":"Feature","geometry":{"type":"Polygon","coordinates":[[[-114.7885,47.5145],[-114.7609,47.4972],[-114.7632,47.4881],[-114.7474,47.4875],[-114.738,47.4806],[-114.7248,47.4466],[-114.7056,47.434],[-114.7076,47.4278],[-114.6971,47.4183],[-114.6948,47.401],[-114.7076,47.3887],[-114.6906,47.3827],[-114.6872,47.3749],[-114.6903,47.3621],[-114.7023,47.3492],[-114.689,47.3154],[-114.6935,47.3089],[-114.6888,47.2982],[-114.693,47.2875],[-114.6872,47.2743],[-114.6368,47.2659],[-114.6314,47.2685],[-114.5935,47.2571],[-114.5501,47.2517],[-114.5435,47.2401],[-114.5318,47.2403],[-114.4934,47.2194],[-114.467,47.219],[-114.4544,47.208],[-114.4239,47.2101],[-114.3813,47.188],[-114.3606,47.1871],[-114.3536,47.1911],[-114.3453,47.175],[-114.3389,47.1725],[-114.3523,47.1689],[-114.3558,47.1576],[-114.3444,47.1551],[-114.3332,47.1452],[-114.3231,47.1453],[-114.3133,47.1372],[-114.3026,47.1363],[-114.2924,47.1254],[-114.2545,47.1207],[-114.2358,47.1344],[-114.2121,47.1277],[-114.1944,47.1387],[-114.139,47.1381],[-114.1313,47.1303],[-114.1319,47.124],[-114.1214,47.1162],[-114.127,47.1115],[-114.1281,47.102],[-114.1219,47.0861],[-114.1396,47.0716],[-114.0969,47.0476],[-114.0768,47.0301],[-114.0958,47.0153],[-114.0833,47.0112],[-114.0761,47.0151],[-114.0644,47.004],[-114.0406,47.008],[-114.0214,47.0293],[-113.9868,47.0407],[-113.9863,46.921],[-113.9942,46.921],[-113.9659,46.9102],[-113.9732,46.9011],[-113.9719,46.8826],[-113.9879,46.8667],[-113.9562,46.8614],[-113.9274,46.8724],[-113.8952,46.8737],[-113.8741,46.8657],[-113.8615,46.8741],[-113.8674,46.868],[-113.8526,46.8598],[-113.8555,46.8581],[-113.8466,46.853],[-113.8492,46.8495],[-113.8431,46.8439],[-113.8282,46.8488],[-113.7764,46.8491],[-113.7764,46.8346],[-113.6498,46.8344],[-113.6499,46.7881],[-113.4799,46.7882],[-113.4798,46.8028],[-113.4171,46.8025],[-113.4166,46.8321],[-113.3029,46.8322],[-113.3042,47.1255],[-113.3251,47.135],[-113.3348,47.1236],[-113.3405,47.1267],[-113.3466,47.1224],[-113.3632,47.123],[-113.3864,47.134],[-113.3948,47.1302],[-113.4034,47.1384],[-113.4074,47.1286],[-113.4103,47.1299],[-113.4056,47.1218],[-113.4182,47.1163],[-113.438,47.1207],[-113.4373,47.1153],[-113.4504,47.1211],[-113.4485,47.1266],[-113.4594,47.1402],[-113.4718,47.1408],[-113.4852,47.1527],[-113.4808,47.1555],[-113.4894,47.1583],[-113.4912,47.1662],[-113.5059,47.17],[-113.5162,47.1796],[-113.5161,47.1889],[-113.5035,47.1898],[-113.5012,47.1954],[-113.4846,47.19],[-113.4846,47.1828],[-113.4664,47.1948],[-113.4665,47.6001],[-113.9488,47.6],[-113.9293,47.5969],[-113.9321,47.576],[-113.9195,47.5494],[-113.9297,47.5399],[-113.9232,47.5361],[-113.9219,47.5283],[-113.9278,47.5208],[-113.9085,47.5143],[-113.915,47.5003],[-113.9308,47.5002],[-113.9425,47.4928],[-113.9388,47.4842],[-113.9512,47.476],[-113.9288,47.4659],[-113.9326,47.4577],[-113.9027,47.4467],[-113.8905,47.4313],[-113.8911,47.4159],[-113.8711,47.392],[-113.8759,47.371],[-113.886,47.3694],[-113.8872,47.3599],[-113.8932,47.3592],[-113.8818,47.3385],[-113.8865,47.3184],[-113.901,47.312],[-113.8782,47.305],[-113.8726,47.2894],[-113.8554,47.285],[-113.8435,47.2721],[-113.8243,47.2744],[-113.8243,47.2687],[-114.1091,47.2688],[-114.1075,47.2751],[-114.1273,47.2831],[-114.1348,47.3021],[-114.1275,47.3057],[-114.1288,47.3123],[-114.1184,47.3109],[-114.097,47.3267],[-114.033,47.3266],[-114.0329,47.3701],[-114.0542,47.3687],[-114.0541,47.4136],[-114.0968,47.4136],[-114.0952,47.5209],[-114.0884,47.5224],[-114.0863,47.528],[-114.0702,47.53],[-114.0703,47.5443],[-114.0892,47.5442],[-114.0849,47.5588],[-114.1289,47.5581],[-114.1389,47.5516],[-114.1387,47.5442],[-114.1558,47.5443],[-114.1633,47.5297],[-114.3057,47.5296],[-114.3056,47.5586],[-114.3286,47.5587],[-114.3284,47.5657],[-114.3397,47.5707],[-114.3404,47.5843],[-114.3201,47.5927],[-114.3271,47.5983],[-114.342,47.5893],[-114.3504,47.6021],[-114.5363,47.6018],[-114.5331,47.5974],[-114.5499,47.5901],[-114.7358,47.5351],[-114.7462,47.5236],[-114.7813,47.5216],[-114.7885,47.5145]]]},"properties":{"geoid":"30046","state":"30","district":"46","name":"State Senate District 46","chamber":"Senate"}},{"type":"Feature","geometry":{"type":"Polygon","coordinates":[[[-114.1708,46.7186],[-114.1707,46.661],[-113.668,46.6584],[-113.6682,46.7162],[-113.5515,46.7165],[-113.5515,46.731],[-113.5451,46.731],[-113.5451,46.7446],[-113.4799,46.7447],[-113.4799,46.7882],[-113.6499,46.7881],[-113.6498,46.8344],[-113.7764,46.8346],[-113.7764,46.8491],[-113.8282,46.8488],[-113.8431,46.8439],[-113.8492,46.8495],[-113.8466,46.853],[-113.8555,46.8581],[-113.8526,46.8598],[-113.8674,46.868],[-113.8615,46.8741],[-113.8741,46.8657],[-113.8952,46.8737],[-113.9249,46.8728],[-113.945,46.863],[-113.9787,46.8644],[-113.9892,46.8532],[-114.0078,46.8533],[-114.0079,46.8375],[-114.0183,46.8343],[-114.0297,46.8202],[-114.0453,46.8198],[-114.0503,46.829],[-114.0565,46.8202],[-114.0792,46.8199],[-114.0859,46.8144],[-114.0983,46.7952],[-114.0791,46.7779],[-114.061,46.7729],[-114.064,46.7587],[-114.0553,46.7331],[-114.1089,46.7335],[-114.1088,46.719],[-114.1708,46.7186]]]},"properties":{"geoid":"30047","state":"30","district":"47","name":"State Senate District 47","chamber":"Senate"}},{"type":"Feature","geometry":{"type":"Polygon","coordinates":[[[-114.3051,46.8375],[-114.2964,46.8342],[-114.0167,46.8343],[-114.0079,46.8375],[-114.0078,46.8533],[-113.9892,46.8532],[-113.9787,46.8644],[-114.0281,46.867],[-114.0262,46.8524],[-114.0321,46.8488],[-114.0607,46.8488],[-114.0606,46.8597],[-114.0814,46.8632],[-114.0815,46.8703],[-114.0762,46.8697],[-114.0796,46.8706],[-114.0873,46.8656],[-114.1134,46.8703],[-114.12,46.8615],[-114.1309,46.8798],[-114.1511,46.8933],[-114.1502,46.8994],[-114.134,46.9006],[-114.145,46.9109],[-114.1454,46.9348],[-114.2357,46.9359],[-114.242,46.9263],[-114.2613,46.9211],[-114.2798,46.9088],[-114.2934,46.893],[-114.2979,46.8811],[-114.288,46.8694],[-114.2906,46.8513],[-114.2932,46.8449],[-114.3053,46.8433],[-114.3051,46.8375]]]},"properties":{"geoid":"30048","state":"30","district":"48","name":"State Senate District 48","chamber":"Senate"}},{"type":"Feature","geometry":{"type":"Polygon","coordinates":[[[-114.1514,46.8953],[-114.1465,46.8868],[-114.1304,46.8793],[-114.12,46.8615],[-114.1134,46.8703],[-114.0873,46.8656],[-114.0786,46.8704],[-114.0814,46.8632],[-114.0606,46.8597],[-114.0603,46.8486],[-114.0262,46.8524],[-114.0281,46.867],[-114.0368,46.8718],[-114.0393,46.8851],[-114.0124,46.88],[-114.0124,46.8849],[-114.0339,46.8977],[-114.0347,46.9052],[-114.05,46.9065],[-114.0577,46.9117],[-114.0566,46.9157],[-114.0674,46.9141],[-114.1035,46.9323],[-114.1241,46.9287],[-114.1241,46.9359],[-114.1454,46.9348],[-114.145,46.9109],[-114.134,46.9006],[-114.1493,46.8998],[-114.1514,46.8953]]]},"properties":{"geoid":"30049","state":"30","district":"49","name":"State Senate District 49","chamber":"Senate"}},{"type":"Feature","geometry":{"type":"Polygon","coordinates":[[[-114.2724,47.008],[-114.2718,46.9358],[-114.1706,46.9326],[-114.1241,46.9359],[-114.1235,46.9285],[-114.1083,46.9334],[-114.0674,46.9141],[-114.0566,46.9157],[-114.0577,46.9117],[-114.05,46.9065],[-114.0347,46.9052],[-114.0339,46.8977],[-114.0124,46.8849],[-114.0124,46.88],[-114.0169,46.879],[-114.0393,46.8851],[-114.0316,46.8669],[-113.9879,46.8667],[-113.9719,46.8826],[-113.9732,46.9011],[-113.9659,46.9102],[-113.9942,46.921],[-113.9863,46.921],[-113.9868,47.0407],[-114.0193,47.0305],[-114.0394,47.0088],[-114.0553,47.0041],[-114.0644,47.004],[-114.0761,47.0151],[-114.0833,47.0112],[-114.0966,47.016],[-114.0853,47.0204],[-114.0768,47.0301],[-114.1069,47.0515],[-114.1239,47.0516],[-114.1239,47.037],[-114.1398,47.0371],[-114.1398,47.0334],[-114.1555,47.0304],[-114.1704,47.036],[-114.1647,47.0332],[-114.1694,47.0318],[-114.1625,47.0229],[-114.1883,47.0326],[-114.1807,47.0249],[-114.1953,47.0258],[-114.2111,47.0094],[-114.2053,47.0041],[-114.2454,47.013],[-114.2609,47.0068],[-114.2724,47.008]]]},"properties":{"geoid":"30050","state":"30","district":"50","name":"State Senate District 50","chamber":"Senate"}}]}