{"type":"FeatureCollection","features":[{"type":"Feature","geometry":{"type":"Polygon","coordinates":[[[-108.5371,36.9592],[-108.5367,36.8503],[-108.2513,36.8501],[-108.2514,36.8062],[-108.2879,36.8061],[-108.2879,36.7636],[-108.2379,36.7664],[-108.2422,36.758],[-108.2342,36.756],[-108.1847,36.7562],[-108.1821,36.7379],[-108.1473,36.7499],[-108.1076,36.7812],[-108.0527,36.8003],[-108.0476,36.8076],[-108.0367,36.8075],[-108.0243,36.8178],[-108.0065,36.8203],[-108.0122,36.8467],[-108.0384,36.8734],[-108.0443,36.8877],[-108.0697,36.8944],[-108.085,36.9081],[-108.0425,36.9542],[-108.0319,36.9823],[-108.0236,36.9914],[-108.0335,36.9997],[-108.5364,36.9993],[-108.5371,36.9592]]]},"properties":{"geoid":"35001","state":"35","district":"001","name":"State House District 1","chamber":"House"}},{"type":"Feature","geometry":{"type":"Polygon","coordinates":[[[-108.4132,36.7501],[-108.3918,36.7254],[-108.3746,36.7312],[-108.3629,36.7266],[-108.3447,36.7288],[-108.3449,36.6991],[-108.3376,36.6922],[-108.3375,36.6831],[-108.3245,36.662],[-108.3086,36.6471],[-108.238,36.6471],[-108.2205,36.6375],[-108.2048,36.6401],[-108.1718,36.6361],[-108.1406,36.6476],[-108.1282,36.6402],[-108.1086,36.6795],[-108.1119,36.6962],[-108.0957,36.6894],[-108.0533,36.6859],[-108.0109,36.7],[-108.015,36.7008],[-108.0145,36.7081],[-108.038,36.7008],[-108.0946,36.7023],[-108.0778,36.7434],[-108.1121,36.7423],[-108.1152,36.7539],[-108.132,36.7587],[-108.1202,36.7642],[-108.1199,36.7717],[-108.1473,36.7499],[-108.1821,36.7379],[-108.1847,36.7562],[-108.2233,36.7546],[-108.2247,36.7504],[-108.2157,36.7425],[-108.2203,36.734],[-108.1976,36.7318],[-108.2033,36.7291],[-108.2027,36.7204],[-108.218,36.7134],[-108.2225,36.7139],[-108.229,36.7262],[-108.2505,36.7257],[-108.2495,36.7333],[-108.2561,36.7367],[-108.2783,36.7281],[-108.2878,36.7304],[-108.2878,36.7386],[-108.3158,36.731],[-108.3874,36.7508],[-108.4132,36.7501]]]},"properties":{"geoid":"35002","state":"35","district":"002","name":"State House District 2","chamber":"House"}},{"type":"Feature","geometry":{"type":"Polygon","coordinates":[[[-108.132,36.7587],[-108.1152,36.7539],[-108.1121,36.7423],[-108.0778,36.7434],[-108.0946,36.7023],[-108.038,36.7008],[-108.0145,36.7081],[-108.015,36.7008],[-108.0109,36.7],[-108.0533,36.6859],[-108.0957,36.6894],[-108.1119,36.6962],[-108.1086,36.6795],[-108.1282,36.6402],[-108.1192,36.6336],[-108.0903,36.6549],[-108.0902,36.6623],[-108.0826,36.6624],[-108.072,36.6623],[-108.0676,36.6477],[-108.055,36.6371],[-108.0362,36.6398],[-108.0401,36.6177],[-108.0185,36.6215],[-108.0184,36.6115],[-107.9466,36.5162],[-107.9343,36.5232],[-107.9102,36.5165],[-107.8924,36.5237],[-107.8821,36.5358],[-107.8644,36.5421],[-107.8619,36.5477],[-107.852,36.5468],[-107.8384,36.5535],[-107.8438,36.5575],[-107.8413,36.5638],[-107.8497,36.5761],[-107.8449,36.5719],[-107.846,36.5793],[-107.8404,36.5805],[-107.8435,36.5839],[-107.8292,36.59],[-107.8207,36.5976],[-107.821,36.6047],[-107.8107,36.609],[-107.8094,36.6174],[-107.8048,36.6163],[-107.8059,36.6267],[-107.7989,36.6199],[-107.792,36.6262],[-107.7866,36.6408],[-107.7937,36.6512],[-107.7783,36.646],[-107.763,36.6483],[-107.7658,36.6651],[-107.7505,36.6812],[-107.7576,36.6885],[-107.7531,36.6903],[-107.7379,36.685],[-107.7085,36.6614],[-107.7078,36.6508],[-107.6956,36.6389],[-107.6962,36.6346],[-107.6848,36.6339],[-107.6796,36.6277],[-107.6749,36.6186],[-107.6756,36.5888],[-107.6623,36.5564],[-107.6488,36.5534],[-107.6375,36.5407],[-107.6256,36.5383],[-107.6182,36.8043],[-107.6034,36.799],[-107.6065,36.8109],[-107.5916,36.8138],[-107.6003,36.8159],[-107.5999,36.8325],[-107.5896,36.8372],[-107.58,36.8351],[-107.567,36.8444],[-107.5617,36.8558],[-107.556,36.8571],[-107.5462,36.8491],[-107.5397,36.8556],[-107.5306,36.8539],[-107.5229,36.8755],[-107.5158,36.8785],[-107.5048,36.8753],[-107.5021,36.8826],[-107.4941,36.8762],[-107.4755,36.8947],[-107.457,36.8981],[-107.4457,36.9154],[-107.4551,36.9311],[-107.4558,36.9395],[-107.4484,36.9449],[-107.4572,36.955],[-107.4461,36.9659],[-107.43,36.9709],[-107.4315,36.9863],[-107.4209,37],[-108.0335,36.9997],[-108.0236,36.9914],[-108.0319,36.9823],[-108.0425,36.9542],[-108.085,36.9081],[-108.0697,36.8944],[-108.0443,36.8877],[-108.0384,36.8734],[-108.0122,36.8467],[-108.0065,36.8203],[-108.0243,36.8178],[-108.0367,36.8075],[-108.0476,36.8076],[-108.0527,36.8003],[-108.1076,36.7812],[-108.1199,36.7717],[-108.1202,36.7642],[-108.132,36.7587]]]},"properties":{"geoid":"35003","state":"35","district":"003","name":"State House District 3","chamber":"House"}},{"type":"Feature","geometry":{"type":"Polygon","coordinates":[[[-109.0456,36.5276],[-108.5566,36.655],[-108.5283,36.6569],[-108.5245,36.652],[-108.5341,36.647],[-108.5291,36.6422],[-108.5466,36.6375],[-108.5526,36.6242],[-108.5631,36.6213],[-108.5626,36.6139],[-108.573,36.6123],[-108.5628,36.6074],[-108.5727,36.6025],[-108.5784,36.5924],[-108.5665,36.5742],[-108.5744,36.5586],[-108.5676,36.548],[-108.5727,36.5322],[-108.5668,36.528],[-108.5758,36.5143],[-108.5677,36.5043],[-108.573,36.4877],[-108.5619,36.4728],[-108.5667,36.471],[-108.5677,36.4545],[-108.5773,36.4444],[-108.5777,36.4373],[-108.5919,36.4286],[-108.5923,36.4208],[-108.5961,36.4198],[-108.5923,36.4049],[-108.5826,36.3976],[-108.5897,36.3779],[-108.567,36.3704],[-108.5656,36.3553],[-108.5695,36.3497],[-108.5659,36.3385],[-108.5519,36.3292],[-108.5414,36.307],[-108.5641,36.2759],[-108.5581,36.2651],[-108.561,36.2541],[-108.5497,36.2392],[-108.5538,36.2231],[-108.5393,36.2156],[-108.5365,36.207],[-108.5476,36.1839],[-108.5387,36.1764],[-108.5301,36.1761],[-108.5213,36.1783],[-108.5195,36.1886],[-108.5119,36.189],[-108.4888,36.1678],[-108.4713,36.1718],[-108.4678,36.1926],[-108.4491,36.1967],[-108.4442,36.1958],[-108.4336,36.1777],[-108.4076,36.1839],[-108.3939,36.1798],[-108.3766,36.1965],[-108.3459,36.1864],[-108.332,36.204],[-108.3129,36.1976],[-108.2956,36.2003],[-108.2695,36.219],[-108.2714,36.3046],[-108.2517,36.3344],[-108.2518,36.4636],[-108.2567,36.4836],[-108.2339,36.5],[-108.2314,36.6439],[-108.3086,36.6471],[-108.3245,36.662],[-108.3375,36.6831],[-108.3376,36.6922],[-108.3449,36.6991],[-108.3447,36.7288],[-108.3629,36.7266],[-108.3746,36.7312],[-108.3918,36.7254],[-108.4134,36.7499],[-108.4109,36.7531],[-108.3874,36.7508],[-108.3158,36.731],[-108.2878,36.7386],[-108.2878,36.7304],[-108.2783,36.7281],[-108.2561,36.7367],[-108.2497,36.7336],[-108.2483,36.7247],[-108.2278,36.7255],[-108.2217,36.7135],[-108.2027,36.7204],[-108.2033,36.7291],[-108.198,36.7339],[-108.2203,36.734],[-108.2157,36.7425],[-108.2253,36.7565],[-108.2422,36.758],[-108.2379,36.7664],[-108.2879,36.7636],[-108.2879,36.8061],[-108.2514,36.8062],[-108.2513,36.8501],[-108.5367,36.8503],[-108.5364,36.9993],[-109.0452,36.999],[-109.0456,36.5276]]]},"properties":{"geoid":"35004","state":"35","district":"004","name":"State House District 4","chamber":"House"}},{"type":"Feature","geometry":{"type":"Polygon","coordinates":[[[-109.0462,36.0799],[-109.0461,36.0027],[-108.8647,36.0027],[-108.8577,35.8868],[-108.8487,35.8717],[-108.7936,35.8278],[-108.7642,35.8181],[-108.7668,35.808],[-108.7606,35.8013],[-108.7599,35.7824],[-108.7528,35.772],[-108.7345,35.7763],[-108.6741,35.7523],[-108.7508,35.7507],[-108.7747,35.7574],[-108.7739,35.7625],[-108.7899,35.761],[-108.8161,35.7687],[-108.8599,35.7605],[-108.8602,35.7672],[-108.8898,35.7515],[-108.9084,35.7519],[-108.9081,35.7457],[-108.9191,35.7402],[-108.914,35.7073],[-108.9319,35.6808],[-108.9259,35.6721],[-108.9057,35.6633],[-108.9067,35.6598],[-108.6952,35.6599],[-108.6955,35.6528],[-108.6886,35.6527],[-108.687,35.6291],[-108.6899,35.5522],[-108.7281,35.5634],[-108.7323,35.5577],[-108.7327,35.5544],[-108.7222,35.5531],[-108.7188,35.5448],[-108.7256,35.5263],[-108.735,35.5253],[-108.7365,35.5186],[-108.7327,35.5186],[-108.7339,35.5116],[-108.7295,35.5116],[-108.7309,35.519],[-108.7238,35.5187],[-108.7284,35.5034],[-108.7201,35.5062],[-108.7199,35.5014],[-108.7112,35.5013],[-108.7111,35.494],[-108.7143,35.4875],[-108.7203,35.4934],[-108.7292,35.4896],[-108.7408,35.4918],[-108.7423,35.4726],[-108.7243,35.4723],[-108.7243,35.4655],[-108.7069,35.4653],[-108.6681,35.4443],[-108.6278,35.4619],[-108.6258,35.5309],[-108.5988,35.5289],[-108.5493,35.514],[-108.5562,35.5177],[-108.5563,35.5384],[-108.5387,35.5384],[-108.5385,35.5664],[-108.3704,35.5667],[-108.3724,35.6585],[-108.2698,35.6586],[-108.2697,35.6526],[-108.1606,35.6529],[-108.1439,35.6494],[-108.1482,35.6418],[-108.1464,35.6315],[-108.1364,35.6273],[-108.1388,35.6203],[-108.1277,35.6147],[-108.135,35.6116],[-108.1324,35.6045],[-108.1469,35.5917],[-108.1403,35.5955],[-108.1136,35.595],[-108.1135,35.5879],[-108.1051,35.5878],[-108.1051,35.5806],[-108.0871,35.5805],[-108.0873,35.6165],[-108.0797,35.6164],[-108.0873,35.6181],[-108.0874,35.6455],[-108.1053,35.6456],[-108.1053,35.6527],[-108.1008,35.6527],[-108.101,35.6817],[-108.0921,35.6817],[-108.0921,35.696],[-108.0744,35.6961],[-108.0744,35.7471],[-108.0031,35.7472],[-108.0023,36.0022],[-108.374,36.0024],[-108.376,36.0248],[-108.365,36.0596],[-108.3563,36.1152],[-108.3559,36.1492],[-108.3687,36.1765],[-108.3556,36.1897],[-108.3768,36.1965],[-108.3939,36.1798],[-108.4076,36.1839],[-108.4336,36.1777],[-108.4442,36.1958],[-108.4491,36.1967],[-108.4678,36.1926],[-108.4713,36.1718],[-108.4888,36.1678],[-108.5119,36.189],[-108.5195,36.1886],[-108.5213,36.1783],[-108.5301,36.1761],[-108.5387,36.1764],[-108.5476,36.1839],[-108.5365,36.207],[-108.5393,36.2156],[-108.5538,36.2231],[-108.5497,36.2392],[-108.561,36.2541],[-108.5581,36.2651],[-108.5641,36.2759],[-108.5414,36.307],[-108.5519,36.3292],[-108.5659,36.3385],[-108.5695,36.3497],[-108.5656,36.3553],[-108.567,36.3704],[-108.5897,36.3779],[-108.5826,36.3976],[-108.5923,36.4049],[-108.5961,36.4198],[-108.5923,36.4208],[-108.5919,36.4286],[-108.5777,36.4373],[-108.5773,36.4444],[-108.5677,36.4545],[-108.5667,36.471],[-108.5619,36.4728],[-108.573,36.4877],[-108.5677,36.5043],[-108.5758,36.5143],[-108.5668,36.528],[-108.5727,36.5322],[-108.5676,36.548],[-108.5744,36.5586],[-108.5665,36.5742],[-108.5784,36.5924],[-108.5727,36.6025],[-108.5628,36.6074],[-108.573,36.6123],[-108.5626,36.6139],[-108.5631,36.6213],[-108.5526,36.6242],[-108.5466,36.6375],[-108.5291,36.6422],[-108.5341,36.647],[-108.5245,36.652],[-108.5283,36.6569],[-108.5566,36.655],[-109.0456,36.5273],[-109.0462,36.0799]]]},"properties":{"geoid":"35005","state":"35","district":"005","name":"State House District 5","chamber":"House"}},{"type":"Feature","geometry":{"type":"Polygon","coordinates":[[[-109.047,35.3934],[-109.0461,34.5793],[-108.0106,34.5793],[-108.0126,34.6017],[-108.0041,34.6207],[-107.9886,34.7115],[-107.9658,34.7332],[-107.9579,34.7587],[-107.9099,34.8113],[-107.9085,34.8279],[-107.9178,34.8435],[-107.9038,34.8719],[-107.8953,34.8772],[-107.8878,34.8727],[-107.871,34.8789],[-107.8407,34.9323],[-107.8239,34.9411],[-107.8046,34.9816],[-107.8147,35.0074],[-107.8127,35.0292],[-107.7932,35.07],[-107.7704,35.0846],[-107.8298,35.124],[-107.8282,35.1382],[-107.8362,35.1539],[-107.8268,35.1559],[-107.8246,35.1612],[-107.8485,35.1611],[-107.854,35.1572],[-107.858,35.1678],[-107.8446,35.1703],[-107.8767,35.2082],[-107.8363,35.2663],[-107.8354,35.305],[-108.1588,35.3065],[-108.1584,35.35],[-108.2112,35.3502],[-108.2117,35.3645],[-108.1939,35.3644],[-108.1939,35.3789],[-108.1762,35.3789],[-108.1762,35.3885],[-108.1584,35.3872],[-108.1594,35.4095],[-108.2087,35.4081],[-108.2116,35.4131],[-108.2296,35.4132],[-108.2479,35.4091],[-108.2475,35.4237],[-108.2999,35.4226],[-108.2998,35.4299],[-108.3174,35.43],[-108.3173,35.4373],[-108.3429,35.4372],[-108.3526,35.4414],[-108.3522,35.4732],[-108.3698,35.4733],[-108.3702,35.5239],[-108.3525,35.5239],[-108.3523,35.5095],[-108.2998,35.5095],[-108.2998,35.4951],[-108.2466,35.4951],[-108.2465,35.4879],[-108.2378,35.4878],[-108.2377,35.495],[-108.1579,35.4949],[-108.1579,35.48],[-108.0169,35.4787],[-108.017,35.5077],[-107.9816,35.5077],[-107.9816,35.4786],[-107.9638,35.4787],[-107.9639,35.4932],[-107.955,35.4933],[-107.946,35.4933],[-107.946,35.4788],[-107.9101,35.4789],[-107.9103,35.4933],[-107.9281,35.4935],[-107.9278,35.5078],[-107.8747,35.5076],[-107.8747,35.529],[-107.8659,35.5291],[-107.8659,35.5362],[-107.857,35.5362],[-107.8571,35.5508],[-107.875,35.5508],[-107.8748,35.5581],[-107.8837,35.5582],[-107.8827,35.5656],[-107.927,35.5652],[-107.927,35.5946],[-107.9091,35.5946],[-107.9086,35.6528],[-107.9676,35.6529],[-107.9676,35.6673],[-107.9498,35.6674],[-107.9497,35.7395],[-108.0031,35.7399],[-108.0031,35.7472],[-108.0744,35.7471],[-108.0744,35.6961],[-108.0921,35.696],[-108.0921,35.6817],[-108.101,35.6817],[-108.1008,35.6527],[-108.1053,35.6527],[-108.1053,35.6456],[-108.0874,35.6455],[-108.0873,35.6181],[-108.0797,35.6164],[-108.0873,35.6165],[-108.0871,35.5805],[-108.1051,35.5806],[-108.1051,35.5878],[-108.1135,35.5879],[-108.1136,35.595],[-108.1403,35.5955],[-108.1469,35.5917],[-108.1324,35.6045],[-108.135,35.6116],[-108.1277,35.6147],[-108.1388,35.6203],[-108.1364,35.6273],[-108.1464,35.6315],[-108.1482,35.6418],[-108.1439,35.6494],[-108.1606,35.6529],[-108.2697,35.6526],[-108.2698,35.6586],[-108.3724,35.6585],[-108.3704,35.5667],[-108.5385,35.5664],[-108.5387,35.5384],[-108.5563,35.5384],[-108.5562,35.5177],[-108.4951,35.4937],[-108.4576,35.4849],[-108.4625,35.479],[-108.4601,35.4705],[-108.4815,35.4295],[-108.4986,35.423],[-108.5172,35.4278],[-108.5235,35.4157],[-108.5162,35.3763],[-108.5027,35.3769],[-108.4943,35.3652],[-108.4942,35.3467],[-108.4867,35.3467],[-108.4855,35.3396],[-108.459,35.3323],[-108.4589,35.3214],[-108.4411,35.3214],[-108.4412,35.3067],[-108.4687,35.3067],[-108.4687,35.2992],[-108.4921,35.306],[-108.5345,35.2967],[-108.5391,35.2918],[-108.5391,35.3069],[-108.7595,35.3066],[-108.7595,35.3211],[-108.795,35.3212],[-108.7957,35.3468],[-108.849,35.3498],[-108.8491,35.3712],[-108.8522,35.3642],[-108.8658,35.3641],[-108.8657,35.3715],[-108.9189,35.3723],[-108.9185,35.4506],[-108.9366,35.4504],[-108.9368,35.4936],[-108.9548,35.5006],[-109.0465,35.5024],[-109.047,35.3934]]]},"properties":{"geoid":"35006","state":"35","district":"006","name":"State House District 6","chamber":"House"}},{"type":"Feature","geometry":{"type":"Polygon","coordinates":[[[-106.7968,34.662],[-106.7899,34.6434],[-106.79,34.6467],[-106.7769,34.6449],[-106.7772,34.6383],[-106.764,34.6312],[-106.7618,34.6582],[-106.7329,34.6528],[-106.6945,34.6618],[-106.6855,34.6703],[-106.6759,34.7408],[-106.5925,34.7505],[-106.5526,34.7436],[-106.5191,34.7281],[-106.5109,34.7373],[-106.4988,34.7415],[-106.4848,34.7321],[-106.4852,34.7194],[-106.4667,34.7064],[-106.4645,34.811],[-106.6676,34.8112],[-106.6709,34.8162],[-106.6717,34.807],[-106.6819,34.8073],[-106.6843,34.8007],[-106.6868,34.8048],[-106.7011,34.8009],[-106.7008,34.8086],[-106.7092,34.8023],[-106.7358,34.8075],[-106.7416,34.7821],[-106.7272,34.7784],[-106.7303,34.7629],[-106.7409,34.7483],[-106.7363,34.7247],[-106.7484,34.7081],[-106.7415,34.6915],[-106.766,34.6932],[-106.7745,34.6677],[-106.7902,34.6732],[-106.7959,34.6702],[-106.7968,34.662]]]},"properties":{"geoid":"35007","state":"35","district":"007","name":"State House District 7","chamber":"House"}},{"type":"Feature","geometry":{"type":"Polygon","coordinates":[[[-106.847,34.8184],[-106.8048,34.8238],[-106.7797,34.8199],[-106.7825,34.8096],[-106.7673,34.8112],[-106.7672,34.7997],[-106.7867,34.7525],[-106.7901,34.7115],[-106.7872,34.7049],[-106.7923,34.6851],[-106.7902,34.6732],[-106.7745,34.6677],[-106.766,34.6932],[-106.7415,34.6915],[-106.7484,34.7081],[-106.7363,34.7247],[-106.7409,34.7483],[-106.7303,34.7629],[-106.7272,34.7784],[-106.7416,34.7821],[-106.7358,34.8075],[-106.7092,34.8023],[-106.7008,34.8086],[-106.7011,34.8009],[-106.6868,34.8048],[-106.6843,34.8007],[-106.6828,34.8066],[-106.6717,34.807],[-106.6709,34.8162],[-106.6674,34.8155],[-106.6641,34.8362],[-106.6673,34.8381],[-106.6627,34.8442],[-106.6799,34.8437],[-106.6845,34.8485],[-106.6884,34.8652],[-106.6845,34.8711],[-106.6903,34.8751],[-106.6913,34.8711],[-106.7662,34.87],[-106.7973,34.8541],[-106.8097,34.8345],[-106.8357,34.8276],[-106.847,34.8184]]]},"properties":{"geoid":"35008","state":"35","district":"008","name":"State House District 8","chamber":"House"}},{"type":"Feature","geometry":{"type":"Polygon","coordinates":[[[-109.0468,35.8027],[-109.0465,35.5024],[-108.9548,35.5006],[-108.9368,35.4936],[-108.9366,35.4504],[-108.9185,35.4506],[-108.9189,35.3723],[-108.8657,35.3715],[-108.8658,35.3641],[-108.8522,35.3642],[-108.8491,35.3712],[-108.849,35.3498],[-108.7957,35.3468],[-108.795,35.3212],[-108.7595,35.3211],[-108.7595,35.3066],[-108.5391,35.3069],[-108.5391,35.2918],[-108.5345,35.2967],[-108.4921,35.306],[-108.4687,35.2992],[-108.4687,35.3067],[-108.4412,35.3067],[-108.4411,35.3214],[-108.4589,35.3214],[-108.459,35.3323],[-108.4855,35.3396],[-108.4867,35.3467],[-108.4942,35.3467],[-108.4943,35.3652],[-108.5027,35.3769],[-108.5162,35.3763],[-108.5235,35.4157],[-108.5172,35.4278],[-108.4986,35.423],[-108.4815,35.4295],[-108.4601,35.4705],[-108.4625,35.479],[-108.4576,35.4849],[-108.5981,35.5287],[-108.6258,35.5309],[-108.6278,35.4619],[-108.6344,35.4622],[-108.6441,35.4535],[-108.6681,35.4443],[-108.7069,35.4653],[-108.7243,35.4655],[-108.7243,35.4723],[-108.742,35.4724],[-108.7408,35.4918],[-108.7292,35.4896],[-108.7203,35.4934],[-108.7143,35.4875],[-108.7111,35.494],[-108.7112,35.5013],[-108.7199,35.5014],[-108.7201,35.5062],[-108.7284,35.5034],[-108.7238,35.5187],[-108.7309,35.519],[-108.7295,35.5116],[-108.7339,35.5116],[-108.7327,35.5186],[-108.7365,35.5186],[-108.735,35.5253],[-108.7256,35.5263],[-108.7188,35.5448],[-108.7222,35.5531],[-108.7327,35.5544],[-108.7323,35.5577],[-108.7281,35.5634],[-108.6899,35.5522],[-108.6886,35.6527],[-108.6955,35.6528],[-108.6952,35.6599],[-108.9067,35.6598],[-108.9057,35.6633],[-108.9259,35.6721],[-108.9318,35.6806],[-108.914,35.7073],[-108.9191,35.7402],[-108.9081,35.7457],[-108.9084,35.7519],[-108.8898,35.7515],[-108.8602,35.7672],[-108.8599,35.7605],[-108.8161,35.7687],[-108.7899,35.761],[-108.7739,35.7625],[-108.7747,35.7574],[-108.7508,35.7507],[-108.6741,35.7518],[-108.7345,35.7763],[-108.7528,35.772],[-108.7599,35.7824],[-108.7606,35.8013],[-108.7668,35.808],[-108.7642,35.8181],[-108.7936,35.8278],[-108.8487,35.8717],[-108.8577,35.8868],[-108.8647,36.0027],[-109.0461,36.0027],[-109.0468,35.8027]]]},"properties":{"geoid":"35009","state":"35","district":"009","name":"State House District 9","chamber":"House"}},{"type":"Feature","geometry":{"type":"Polygon","coordinates":[[[-106.7717,35.0126],[-106.7646,34.9877],[-106.7644,34.9642],[-106.754,34.9617],[-106.7523,34.9567],[-106.7253,34.9567],[-106.7251,34.9473],[-106.3804,34.9474],[-106.3674,34.9802],[-106.3693,34.9876],[-106.3774,34.9733],[-106.3839,34.9719],[-106.3749,34.9827],[-106.3803,34.9834],[-106.3826,34.9931],[-106.3865,34.9937],[-106.3853,35.0016],[-106.3906,35.0058],[-106.4082,35.0014],[-106.4628,35.0025],[-106.4628,35.043],[-106.533,35.0431],[-106.5325,35.0673],[-106.5435,35.0581],[-106.5506,35.0581],[-106.5505,35.0655],[-106.5595,35.0655],[-106.5596,35.0582],[-106.6133,35.0584],[-106.6143,35.0678],[-106.6161,35.0584],[-106.6291,35.0584],[-106.6381,35.0596],[-106.6394,35.0698],[-106.6432,35.0707],[-106.643,35.0667],[-106.6492,35.0651],[-106.6523,35.0685],[-106.6616,35.0298],[-106.6728,35.0272],[-106.6728,35.0138],[-106.6857,35.0145],[-106.6804,35.0268],[-106.7104,35.0276],[-106.7686,35.0244],[-106.7717,35.0126]]]},"properties":{"geoid":"35010","state":"35","district":"010","name":"State House District 10","chamber":"House"}},{"type":"Feature","geometry":{"type":"Polygon","coordinates":[[[-106.6926,35.1166],[-106.6881,35.0927],[-106.6812,35.0891],[-106.6713,35.0952],[-106.647,35.084],[-106.6445,35.0771],[-106.637,35.0787],[-106.6292,35.1055],[-106.6042,35.1052],[-106.6041,35.1237],[-106.6264,35.1241],[-106.6395,35.1301],[-106.6441,35.1238],[-106.6655,35.1275],[-106.6784,35.1458],[-106.6899,35.1309],[-106.6926,35.1166]]]},"properties":{"geoid":"35011","state":"35","district":"011","name":"State House District 11","chamber":"House"}},{"type":"Feature","geometry":{"type":"Polygon","coordinates":[[[-106.7405,35.0304],[-106.7405,35.0246],[-106.6804,35.0268],[-106.6857,35.0145],[-106.6738,35.0135],[-106.6728,35.0272],[-106.6616,35.0298],[-106.6576,35.0494],[-106.6654,35.0489],[-106.6625,35.0596],[-106.6729,35.0597],[-106.6745,35.0665],[-106.701,35.0679],[-106.708,35.0603],[-106.7073,35.0514],[-106.7156,35.0523],[-106.7125,35.0593],[-106.7225,35.0581],[-106.7282,35.0352],[-106.7385,35.0358],[-106.7405,35.0304]]]},"properties":{"geoid":"35012","state":"35","district":"012","name":"State House District 12","chamber":"House"}},{"type":"Feature","geometry":{"type":"Polygon","coordinates":[[[-106.7603,35.0559],[-106.7524,35.0245],[-106.7405,35.0246],[-106.7385,35.0358],[-106.7282,35.0352],[-106.722,35.0532],[-106.7273,35.0701],[-106.7384,35.0702],[-106.7379,35.0738],[-106.7427,35.0727],[-106.7419,35.0635],[-106.7465,35.0627],[-106.7441,35.0555],[-106.7513,35.0554],[-106.7423,35.0522],[-106.7436,35.0473],[-106.7603,35.0559]]]},"properties":{"geoid":"35013","state":"35","district":"013","name":"State House District 13","chamber":"House"}},{"type":"Feature","geometry":{"type":"Polygon","coordinates":[[[-106.7379,35.0723],[-106.7273,35.0701],[-106.7261,35.0578],[-106.7125,35.0593],[-106.7156,35.0523],[-106.7086,35.0515],[-106.708,35.0603],[-106.701,35.0679],[-106.6745,35.0665],[-106.6729,35.0597],[-106.6625,35.0596],[-106.6625,35.0478],[-106.6567,35.0493],[-106.6523,35.0685],[-106.643,35.0667],[-106.637,35.0787],[-106.6445,35.0771],[-106.647,35.084],[-106.6753,35.0954],[-106.6847,35.0858],[-106.7379,35.0723]]]},"properties":{"geoid":"35014","state":"35","district":"014","name":"State House District 14","chamber":"House"}},{"type":"Feature","geometry":{"type":"Polygon","coordinates":[[[-106.6784,35.1459],[-106.6746,35.1446],[-106.6777,35.1402],[-106.6688,35.1373],[-106.6696,35.1297],[-106.6441,35.1238],[-106.6395,35.1301],[-106.6226,35.1238],[-106.6098,35.1328],[-106.5865,35.1309],[-106.5888,35.1533],[-106.584,35.1744],[-106.6133,35.1759],[-106.6037,35.1919],[-106.6158,35.1953],[-106.6173,35.1891],[-106.6426,35.1971],[-106.6522,35.184],[-106.6541,35.1726],[-106.6784,35.1459]]]},"properties":{"geoid":"35015","state":"35","district":"015","name":"State House District 15","chamber":"House"}},{"type":"Feature","geometry":{"type":"Polygon","coordinates":[[[-106.7266,35.124],[-106.7146,35.113],[-106.7189,35.1106],[-106.7225,35.0944],[-106.7096,35.0944],[-106.7108,35.0893],[-106.7038,35.0918],[-106.6977,35.0849],[-106.6812,35.0891],[-106.6918,35.1004],[-106.6927,35.1162],[-106.6899,35.1309],[-106.6784,35.1458],[-106.6925,35.1524],[-106.7173,35.1522],[-106.7093,35.1384],[-106.7266,35.124]]]},"properties":{"geoid":"35016","state":"35","district":"016","name":"State House District 16","chamber":"House"}},{"type":"Feature","geometry":{"type":"Polygon","coordinates":[[[-106.7022,35.1797],[-106.6955,35.171],[-106.6869,35.1708],[-106.6923,35.1591],[-106.6857,35.1599],[-106.6896,35.1514],[-106.6784,35.1458],[-106.6541,35.1726],[-106.6522,35.184],[-106.6429,35.1954],[-106.6425,35.2073],[-106.6582,35.2179],[-106.6966,35.218],[-106.6985,35.2131],[-106.6752,35.2058],[-106.6907,35.1797],[-106.7022,35.1797]]]},"properties":{"geoid":"35017","state":"35","district":"017","name":"State House District 17","chamber":"House"}},{"type":"Feature","geometry":{"type":"Polygon","coordinates":[[[-106.6399,35.074],[-106.6381,35.0596],[-106.6161,35.0584],[-106.6171,35.0677],[-106.6134,35.0677],[-106.6133,35.0584],[-106.5865,35.0584],[-106.5864,35.0656],[-106.5964,35.0663],[-106.5913,35.0783],[-106.5953,35.0788],[-106.5953,35.0874],[-106.6042,35.0875],[-106.6042,35.1052],[-106.6292,35.1055],[-106.6399,35.074]]]},"properties":{"geoid":"35018","state":"35","district":"018","name":"State House District 18","chamber":"House"}},{"type":"Feature","geometry":{"type":"Polygon","coordinates":[[[-106.5961,35.0668],[-106.5864,35.0656],[-106.5865,35.0584],[-106.5596,35.0582],[-106.5595,35.0655],[-106.5505,35.0655],[-106.5506,35.0873],[-106.5953,35.0874],[-106.5913,35.0757],[-106.5961,35.0668]]]},"properties":{"geoid":"35019","state":"35","district":"019","name":"State House District 19","chamber":"House"}},{"type":"Feature","geometry":{"type":"Polygon","coordinates":[[[-106.5329,35.0432],[-106.4799,35.0427],[-106.48,35.0574],[-106.4885,35.0573],[-106.4876,35.061],[-106.4251,35.0656],[-106.4069,35.0801],[-106.3951,35.0805],[-106.3922,35.094],[-106.4275,35.1058],[-106.4268,35.1136],[-106.4429,35.1082],[-106.4574,35.0956],[-106.48,35.099],[-106.48,35.1127],[-106.488,35.1112],[-106.4931,35.108],[-106.4899,35.1054],[-106.4928,35.1022],[-106.5064,35.1014],[-106.5062,35.0793],[-106.4973,35.0791],[-106.4967,35.0742],[-106.486,35.0751],[-106.4847,35.0685],[-106.5152,35.0701],[-106.5167,35.059],[-106.525,35.0636],[-106.5248,35.0711],[-106.5324,35.0719],[-106.5329,35.0432]]]},"properties":{"geoid":"35020","state":"35","district":"020","name":"State House District 20","chamber":"House"}},{"type":"Feature","geometry":{"type":"Polygon","coordinates":[[[-106.5687,35.0947],[-106.5644,35.0946],[-106.5676,35.0873],[-106.5506,35.0873],[-106.5506,35.0581],[-106.5435,35.0581],[-106.5324,35.0719],[-106.5248,35.0711],[-106.525,35.0636],[-106.5167,35.059],[-106.5152,35.0701],[-106.4846,35.0689],[-106.486,35.0751],[-106.4967,35.0742],[-106.4973,35.0791],[-106.5062,35.0793],[-106.5062,35.0902],[-106.5219,35.0912],[-106.5243,35.1016],[-106.5329,35.1017],[-106.5324,35.0833],[-106.5431,35.0874],[-106.5399,35.0878],[-106.5417,35.0946],[-106.5507,35.0946],[-106.5507,35.0903],[-106.5687,35.0947]]]},"properties":{"geoid":"35021","state":"35","district":"021","name":"State House District 21","chamber":"House"}},{"type":"Feature","geometry":{"type":"Polygon","coordinates":[[[-106.5048,35.2088],[-106.5043,35.2021],[-106.4716,35.1867],[-106.4858,35.1887],[-106.4857,35.1779],[-106.4802,35.1795],[-106.4804,35.1598],[-106.4973,35.1573],[-106.4867,35.1564],[-106.4825,35.1454],[-106.4981,35.1377],[-106.4804,35.131],[-106.48,35.099],[-106.4531,35.0967],[-106.4497,35.1041],[-106.4268,35.1136],[-106.4275,35.1058],[-106.3921,35.0936],[-106.3951,35.0805],[-106.4069,35.0801],[-106.4251,35.0656],[-106.4885,35.0603],[-106.48,35.0574],[-106.4799,35.0427],[-106.4628,35.043],[-106.4628,35.0025],[-106.4082,35.0014],[-106.3906,35.0058],[-106.3853,35.0016],[-106.3865,34.9937],[-106.3826,34.9931],[-106.3803,34.9834],[-106.3749,34.9827],[-106.3839,34.9719],[-106.3774,34.9733],[-106.3676,34.9859],[-106.3732,34.9608],[-106.3855,34.9382],[-106.3838,34.9168],[-106.3784,34.9129],[-106.3823,34.9014],[-106.4134,34.8902],[-106.4118,34.8702],[-106.4639,34.8702],[-106.4649,34.6084],[-106.4712,34.6084],[-106.4698,34.5212],[-106.4169,34.5217],[-106.416,34.2598],[-105.8893,34.26],[-105.8622,34.2983],[-105.7704,34.3036],[-105.7699,34.3767],[-105.8046,34.3774],[-105.8033,34.5236],[-105.8094,34.5262],[-105.8104,34.5369],[-105.7998,34.5561],[-105.8034,34.5948],[-105.821,34.5953],[-105.821,34.6099],[-105.8332,34.6101],[-105.8331,34.7688],[-105.8684,34.7687],[-105.8684,34.7975],[-105.8594,34.8073],[-105.8667,34.8423],[-105.9282,34.8703],[-106.0261,34.8702],[-106.026,34.9267],[-106.0518,34.9268],[-106.051,34.9679],[-106.1207,34.9679],[-106.1207,35.0327],[-106.1399,35.0405],[-106.244,35.04],[-106.2442,35.2157],[-106.5024,35.2179],[-106.5048,35.2088]]]},"properties":{"geoid":"35022","state":"35","district":"022","name":"State House District 22","chamber":"House"}},{"type":"Feature","geometry":{"type":"Polygon","coordinates":[[[-106.6969,35.2512],[-106.6894,35.2509],[-106.6845,35.2416],[-106.6732,35.2415],[-106.6699,35.2523],[-106.6531,35.2484],[-106.5932,35.298],[-106.5874,35.2897],[-106.5813,35.2905],[-106.5737,35.3012],[-106.5594,35.3081],[-106.5552,35.3214],[-106.5834,35.3382],[-106.5961,35.3282],[-106.5902,35.3211],[-106.5937,35.3096],[-106.5877,35.307],[-106.6151,35.3068],[-106.6968,35.2678],[-106.6969,35.2512]]]},"properties":{"geoid":"35023","state":"35","district":"023","name":"State House District 23","chamber":"House"}},{"type":"Feature","geometry":{"type":"Polygon","coordinates":[[[-106.5689,35.1164],[-106.5687,35.0977],[-106.5507,35.0903],[-106.5507,35.0946],[-106.5417,35.0946],[-106.5399,35.0878],[-106.5431,35.0874],[-106.5324,35.0833],[-106.5329,35.1017],[-106.5177,35.1015],[-106.5245,35.109],[-106.518,35.1106],[-106.5213,35.1173],[-106.5157,35.1307],[-106.5333,35.1306],[-106.5333,35.1234],[-106.5687,35.1262],[-106.5689,35.1164]]]},"properties":{"geoid":"35024","state":"35","district":"024","name":"State House District 24","chamber":"House"}},{"type":"Feature","geometry":{"type":"Polygon","coordinates":[[[-106.622,35.1238],[-106.6041,35.1237],[-106.6042,35.0875],[-106.5645,35.0886],[-106.5644,35.0946],[-106.5687,35.0945],[-106.5687,35.1308],[-106.6098,35.1328],[-106.622,35.1238]]]},"properties":{"geoid":"35025","state":"35","district":"025","name":"State House District 25","chamber":"House"}},{"type":"Feature","geometry":{"type":"Polygon","coordinates":[[[-106.9461,34.9572],[-106.7523,34.9567],[-106.754,34.9617],[-106.7644,34.9642],[-106.7646,34.9877],[-106.7718,35.0122],[-106.7686,35.0244],[-106.7524,35.0245],[-106.7603,35.0559],[-106.7436,35.0473],[-106.7423,35.0522],[-106.7513,35.0554],[-106.7441,35.0555],[-106.7427,35.0727],[-106.691,35.0864],[-106.6996,35.0856],[-106.7038,35.0918],[-106.7108,35.0893],[-106.7096,35.0944],[-106.7225,35.0944],[-106.7189,35.1106],[-106.7293,35.1042],[-106.7434,35.1083],[-106.7541,35.0966],[-106.7467,35.0859],[-106.7933,35.0625],[-106.9416,35.0333],[-106.939,35.0212],[-106.9358,35.0225],[-106.9302,35.0111],[-106.9265,35.0114],[-106.9259,34.9986],[-106.9317,34.9907],[-106.9255,34.9825],[-106.9347,34.9821],[-106.9364,34.9658],[-106.9461,34.9572]]]},"properties":{"geoid":"35026","state":"35","district":"026","name":"State House District 26","chamber":"House"}},{"type":"Feature","geometry":{"type":"Polygon","coordinates":[[[-106.5871,35.1608],[-106.5599,35.1589],[-106.5604,35.1519],[-106.5539,35.1461],[-106.5478,35.1487],[-106.5432,35.1415],[-106.5315,35.1431],[-106.5333,35.1306],[-106.5245,35.1307],[-106.5245,35.1354],[-106.5158,35.1376],[-106.514,35.1432],[-106.5225,35.1482],[-106.517,35.151],[-106.5245,35.1544],[-106.5244,35.1746],[-106.584,35.1744],[-106.5871,35.1608]]]},"properties":{"geoid":"35027","state":"35","district":"027","name":"State House District 27","chamber":"House"}},{"type":"Feature","geometry":{"type":"Polygon","coordinates":[[[-106.5246,35.0955],[-106.5205,35.0906],[-106.5062,35.0902],[-106.5064,35.1014],[-106.4928,35.1022],[-106.4927,35.1087],[-106.48,35.1127],[-106.4804,35.131],[-106.4981,35.1377],[-106.4981,35.1451],[-106.5069,35.1451],[-106.5069,35.1523],[-106.5225,35.1482],[-106.514,35.1432],[-106.5158,35.1376],[-106.5245,35.1354],[-106.5245,35.1307],[-106.5157,35.1307],[-106.5157,35.1235],[-106.5213,35.1173],[-106.518,35.1106],[-106.5245,35.109],[-106.5177,35.1015],[-106.5243,35.1016],[-106.5246,35.0955]]]},"properties":{"geoid":"35028","state":"35","district":"028","name":"State House District 28","chamber":"House"}},{"type":"Feature","geometry":{"type":"Polygon","coordinates":[[[-106.962,35.2184],[-106.9537,35.2157],[-106.9573,35.1975],[-106.9525,35.1783],[-106.9446,35.1774],[-106.9484,35.1728],[-106.9437,35.1691],[-106.9486,35.1656],[-106.9446,35.1654],[-106.946,35.1551],[-106.9418,35.1483],[-106.9524,35.1352],[-106.9488,35.1333],[-106.9503,35.1264],[-106.9424,35.1207],[-106.9471,35.1146],[-106.943,35.1033],[-106.9529,35.06],[-106.9416,35.0333],[-106.7933,35.0625],[-106.7467,35.0859],[-106.7541,35.0966],[-106.7434,35.1083],[-106.7293,35.1042],[-106.7146,35.113],[-106.7266,35.124],[-106.7093,35.1384],[-106.7173,35.1522],[-106.6867,35.1545],[-106.6857,35.1599],[-106.6923,35.1591],[-106.6869,35.1708],[-106.6955,35.171],[-106.7022,35.1797],[-106.7201,35.184],[-106.7217,35.1798],[-106.7369,35.1798],[-106.7365,35.2032],[-106.7522,35.2028],[-106.7631,35.218],[-106.962,35.2184]]]},"properties":{"geoid":"35029","state":"35","district":"029","name":"State House District 29","chamber":"House"}},{"type":"Feature","geometry":{"type":"Polygon","coordinates":[[[-106.5887,35.1538],[-106.5865,35.1309],[-106.5687,35.1308],[-106.5687,35.1262],[-106.5599,35.1273],[-106.5593,35.1226],[-106.5333,35.1234],[-106.5315,35.1431],[-106.5432,35.1415],[-106.5478,35.1487],[-106.5539,35.1461],[-106.5604,35.1519],[-106.5599,35.1589],[-106.5872,35.1603],[-106.5887,35.1538]]]},"properties":{"geoid":"35030","state":"35","district":"030","name":"State House District 30","chamber":"House"}},{"type":"Feature","geometry":{"type":"Polygon","coordinates":[[[-106.584,35.1744],[-106.5244,35.1746],[-106.5245,35.1544],[-106.5069,35.1523],[-106.5069,35.1451],[-106.491,35.1402],[-106.4824,35.1445],[-106.486,35.1555],[-106.4973,35.1573],[-106.4804,35.1598],[-106.4802,35.1795],[-106.4857,35.1779],[-106.4858,35.1887],[-106.4716,35.1867],[-106.5043,35.2021],[-106.5024,35.2179],[-106.574,35.2179],[-106.584,35.1744]]]},"properties":{"geoid":"35031","state":"35","district":"031","name":"State House District 31","chamber":"House"}},{"type":"Feature","geometry":{"type":"Polygon","coordinates":[[[-109.0504,31.5284],[-109.05,31.3323],[-108.2085,31.3334],[-108.2085,31.7837],[-107.2968,31.7836],[-107.2984,32.243],[-107.1784,32.2432],[-107.1822,32.3758],[-107.1168,32.4007],[-107.0867,32.4369],[-107.1202,32.4844],[-107.1341,32.4866],[-107.1489,32.503],[-107.1606,32.5053],[-107.1593,32.5281],[-107.1464,32.5386],[-107.1367,32.5349],[-107.1295,32.5414],[-107.114,32.5402],[-107.1103,32.5476],[-107.0701,32.5584],[-107.0456,32.5798],[-107.0347,32.606],[-107.0196,32.6045],[-107.02,32.6173],[-107.0425,32.6316],[-107.0413,32.641],[-107.0508,32.647],[-107.0636,32.6465],[-107.075,32.6548],[-107.1058,32.6544],[-107.12,32.6681],[-107.1606,32.6637],[-107.2116,32.6941],[-107.2362,32.6954],[-107.2543,32.7042],[-107.2561,32.7189],[-107.2847,32.7381],[-107.2895,32.755],[-107.2835,32.7638],[-107.2995,32.7799],[-107.2996,32.6054],[-107.924,32.6044],[-107.9238,32.5174],[-108.2293,32.5168],[-108.23,32.0799],[-108.217,32.0799],[-108.2171,31.8641],[-108.5245,31.8636],[-108.5246,32.0798],[-108.5377,32.0798],[-108.537,32.5166],[-108.6468,32.5165],[-108.6465,32.6037],[-108.7751,32.6002],[-108.8474,32.5712],[-108.9279,32.555],[-108.9519,32.5738],[-108.9814,32.6101],[-109.0478,32.6471],[-109.0504,31.5284]]]},"properties":{"geoid":"35032","state":"35","district":"032","name":"State House District 32","chamber":"House"}},{"type":"Feature","geometry":{"type":"Polygon","coordinates":[[[-107.2984,32.243],[-107.2983,32.2201],[-107.1559,32.1835],[-107.114,32.1426],[-107.0161,32.1064],[-106.998,32.1289],[-106.9906,32.146],[-106.9687,32.17],[-106.9641,32.1821],[-106.9454,32.1967],[-106.8566,32.2235],[-106.8286,32.2183],[-106.7984,32.2276],[-106.7595,32.2067],[-106.7576,32.2291],[-106.765,32.2405],[-106.7497,32.2482],[-106.7535,32.2541],[-106.7455,32.2691],[-106.7551,32.2791],[-106.7403,32.2819],[-106.7433,32.2865],[-106.7399,32.2889],[-106.745,32.3047],[-106.7786,32.2992],[-106.7858,32.2936],[-106.7964,32.3034],[-106.8098,32.2942],[-106.8255,32.2906],[-106.8275,32.3106],[-106.9106,32.2735],[-107.1966,32.2411],[-107.2984,32.243]]]},"properties":{"geoid":"35033","state":"35","district":"033","name":"State House District 33","chamber":"House"}},{"type":"Feature","geometry":{"type":"Polygon","coordinates":[[[-107.2987,32.0845],[-107.2968,31.7836],[-106.5279,31.7839],[-106.5274,31.79],[-106.5471,31.8073],[-106.5665,31.8134],[-106.5772,31.8104],[-106.5891,31.8227],[-106.6028,31.825],[-106.6017,31.8444],[-106.6148,31.8464],[-106.6359,31.8662],[-106.6292,31.8837],[-106.6455,31.8987],[-106.6129,31.9204],[-106.6297,31.9266],[-106.6225,31.9349],[-106.6237,31.9455],[-106.6153,31.949],[-106.6144,31.956],[-106.6251,31.9545],[-106.6196,31.9716],[-106.6301,31.9713],[-106.6382,31.9768],[-106.6365,31.9857],[-106.6294,31.9901],[-106.6452,32.0109],[-106.6611,32.0466],[-106.664,32.083],[-106.6562,32.0996],[-106.6997,32.1419],[-106.703,32.154],[-106.7166,32.1601],[-106.6963,32.1636],[-106.7202,32.2015],[-106.6895,32.2016],[-106.7199,32.2439],[-106.7234,32.2291],[-106.7285,32.2337],[-106.7404,32.2335],[-106.7497,32.2482],[-106.765,32.2405],[-106.7576,32.2291],[-106.7595,32.2067],[-106.7984,32.2276],[-106.8286,32.2183],[-106.8566,32.2235],[-106.9454,32.1967],[-106.9641,32.1821],[-106.9687,32.17],[-106.9906,32.146],[-106.998,32.1289],[-107.0161,32.1064],[-107.114,32.1426],[-107.1559,32.1835],[-107.2983,32.2201],[-107.2987,32.0845]]]},"properties":{"geoid":"35034","state":"35","district":"034","name":"State House District 34","chamber":"House"}},{"type":"Feature","geometry":{"type":"Polygon","coordinates":[[[-106.8224,32.3589],[-106.806,32.3293],[-106.7883,32.3284],[-106.7836,32.3164],[-106.7903,32.3147],[-106.7854,32.3053],[-106.7925,32.3037],[-106.7858,32.2936],[-106.7786,32.2992],[-106.7506,32.3028],[-106.7548,32.312],[-106.7654,32.3097],[-106.772,32.3207],[-106.7606,32.3257],[-106.7698,32.3481],[-106.7577,32.3582],[-106.761,32.3611],[-106.7685,32.3549],[-106.7733,32.3591],[-106.7639,32.3638],[-106.7762,32.3777],[-106.7956,32.3638],[-106.8011,32.3634],[-106.8067,32.3732],[-106.8224,32.3589]]]},"properties":{"geoid":"35035","state":"35","district":"035","name":"State House District 35","chamber":"House"}},{"type":"Feature","geometry":{"type":"Polygon","coordinates":[[[-107.1823,32.3701],[-107.1784,32.2432],[-106.9097,32.2736],[-106.8275,32.3106],[-106.8255,32.2906],[-106.7854,32.3053],[-106.7903,32.3147],[-106.7836,32.3164],[-106.7883,32.3284],[-106.806,32.3293],[-106.8224,32.3589],[-106.8067,32.3732],[-106.8011,32.3634],[-106.7956,32.3638],[-106.7874,32.3695],[-106.795,32.3773],[-106.771,32.3861],[-106.7343,32.39],[-106.7087,32.3874],[-106.7087,32.3954],[-106.7277,32.3936],[-106.7251,32.4125],[-106.7464,32.5358],[-106.7409,32.6176],[-106.7866,32.6921],[-106.8535,32.7297],[-106.8754,32.7624],[-106.9268,32.7084],[-106.9678,32.6329],[-106.914,32.5368],[-106.8985,32.4871],[-106.8727,32.4507],[-106.8496,32.4312],[-106.8679,32.4187],[-106.8626,32.405],[-106.8923,32.3947],[-106.912,32.3964],[-106.921,32.4011],[-106.921,32.4101],[-106.9294,32.4229],[-106.9333,32.4214],[-106.9289,32.4141],[-106.9314,32.4088],[-106.9436,32.4084],[-106.978,32.4416],[-106.9768,32.4456],[-107.0242,32.4381],[-107.0233,32.4272],[-107.0553,32.4463],[-107.0625,32.4389],[-107.0878,32.4366],[-107.0893,32.4299],[-107.1168,32.4007],[-107.1617,32.3866],[-107.1821,32.3759],[-107.1823,32.3701]]]},"properties":{"geoid":"35036","state":"35","district":"036","name":"State House District 36","chamber":"House"}},{"type":"Feature","geometry":{"type":"Polygon","coordinates":[[[-106.7948,32.3775],[-106.7874,32.3695],[-106.7762,32.3777],[-106.7639,32.3638],[-106.7733,32.3591],[-106.7685,32.3549],[-106.761,32.3611],[-106.7577,32.3582],[-106.7698,32.3481],[-106.7606,32.3257],[-106.772,32.3207],[-106.7654,32.3097],[-106.7548,32.312],[-106.743,32.2987],[-106.7338,32.3008],[-106.7276,32.3068],[-106.7338,32.3234],[-106.7316,32.3327],[-106.7398,32.3584],[-106.7472,32.3667],[-106.7316,32.3791],[-106.7099,32.3881],[-106.7599,32.3882],[-106.7948,32.3775]]]},"properties":{"geoid":"35037","state":"35","district":"037","name":"State House District 37","chamber":"House"}},{"type":"Feature","geometry":{"type":"Polygon","coordinates":[[[-107.3138,32.9284],[-107.307,32.9175],[-107.3069,32.9056],[-107.301,32.9031],[-107.3114,32.8993],[-107.2925,32.8947],[-107.2972,32.8794],[-107.2874,32.8554],[-107.2888,32.8126],[-107.2824,32.8001],[-107.2594,32.7801],[-107.2995,32.7799],[-107.2835,32.7638],[-107.2895,32.755],[-107.2847,32.7381],[-107.2561,32.7189],[-107.2552,32.705],[-107.2362,32.6954],[-107.2116,32.6941],[-107.1606,32.6637],[-107.12,32.6681],[-107.1058,32.6544],[-107.075,32.6548],[-107.0636,32.6465],[-107.0508,32.647],[-107.0413,32.641],[-107.0425,32.6316],[-107.02,32.6173],[-107.0196,32.6045],[-107.0347,32.606],[-107.0456,32.5798],[-107.0701,32.5584],[-107.1103,32.5476],[-107.114,32.5402],[-107.1295,32.5414],[-107.1367,32.5349],[-107.1464,32.5386],[-107.1593,32.5281],[-107.1606,32.5053],[-107.1489,32.503],[-107.1341,32.4866],[-107.1202,32.4844],[-107.0867,32.4369],[-107.0625,32.4389],[-107.0537,32.4463],[-107.0233,32.4272],[-107.0242,32.4381],[-106.9858,32.4413],[-106.9776,32.4457],[-106.978,32.4416],[-106.9436,32.4084],[-106.9314,32.4088],[-106.9289,32.4141],[-106.9333,32.4214],[-106.9294,32.4229],[-106.921,32.4101],[-106.921,32.4011],[-106.912,32.3964],[-106.8923,32.3947],[-106.8626,32.405],[-106.8679,32.4187],[-106.8496,32.4312],[-106.8727,32.4507],[-106.8985,32.4871],[-106.914,32.5368],[-106.9678,32.6329],[-106.9268,32.7084],[-106.8754,32.7624],[-106.8535,32.7297],[-106.7866,32.6921],[-106.7425,32.6216],[-106.7464,32.5358],[-106.7251,32.4125],[-106.7277,32.3936],[-106.7087,32.3954],[-106.7087,32.3874],[-106.5802,32.4315],[-106.5652,32.4254],[-106.5474,32.4362],[-106.4681,32.4387],[-106.4227,32.4597],[-106.3769,32.5165],[-106.3766,32.9581],[-106.3407,32.9584],[-106.3457,33.3906],[-106.3719,33.3906],[-106.3737,33.6605],[-106.2683,33.6605],[-106.1583,33.6503],[-106.0527,33.6503],[-106.0527,33.7483],[-106.0821,33.7494],[-106.1167,33.7591],[-106.1446,33.7719],[-106.1819,33.7997],[-106.1971,33.797],[-106.2636,33.8177],[-106.3199,33.8754],[-106.3554,33.8898],[-106.4916,33.8764],[-106.7283,33.8871],[-106.7507,33.8908],[-106.7865,33.9059],[-106.8573,33.9186],[-106.8518,33.9514],[-106.8626,33.9695],[-106.8636,33.9887],[-106.8742,34.0028],[-106.8649,34.0202],[-106.8705,34.0366],[-106.8687,34.0465],[-106.8774,34.0568],[-106.8731,34.0801],[-106.8786,34.0871],[-106.8961,34.0848],[-106.8994,34.0981],[-106.9037,34.097],[-106.9183,34.0666],[-106.9394,34.0533],[-106.9395,34.0226],[-106.9239,34.0201],[-106.9529,34.0047],[-106.992,34.0077],[-106.9993,33.9939],[-107.0104,33.9897],[-107.0052,33.9765],[-106.9927,33.9675],[-106.9914,33.9571],[-107.0005,33.9399],[-107.0221,33.9252],[-107.0161,33.9022],[-107.0477,33.8919],[-107.0701,33.8975],[-107.0707,33.8825],[-107.0796,33.8783],[-107.0714,33.8407],[-107.0539,33.8037],[-107.0358,33.769],[-107.0122,33.737],[-107.1504,33.6102],[-107.2327,33.4555],[-107.2484,33.4354],[-107.2955,33.3272],[-107.2889,33.2967],[-107.2753,33.2819],[-107.2567,33.2241],[-107.2534,33.171],[-107.2431,33.1604],[-107.2504,33.1297],[-107.2592,33.1287],[-107.254,33.1186],[-107.2975,33.1107],[-107.2925,33.1014],[-107.2794,33.0997],[-107.2936,33.0799],[-107.2904,33.075],[-107.2768,33.0733],[-107.2746,33.0677],[-107.2794,33.0599],[-107.2778,33.0414],[-107.282,33.0334],[-107.2881,33.0369],[-107.296,33.0316],[-107.2997,33.0016],[-107.2864,32.99],[-107.2909,32.9853],[-107.2973,32.9868],[-107.31,32.9691],[-107.3111,32.9621],[-107.3018,32.9601],[-107.3059,32.9531],[-107.302,32.9501],[-107.3052,32.9424],[-107.3122,32.9443],[-107.3039,32.939],[-107.3065,32.9253],[-107.3101,32.9217],[-107.3138,32.9284]]]},"properties":{"geoid":"35038","state":"35","district":"038","name":"State House District 38","chamber":"House"}},{"type":"Feature","geometry":{"type":"Polygon","coordinates":[[[-109.0478,32.8087],[-109.0478,32.6471],[-108.9814,32.6101],[-108.9519,32.5738],[-108.9279,32.555],[-108.8474,32.5712],[-108.7751,32.6002],[-108.6465,32.6037],[-108.6468,32.5165],[-108.537,32.5166],[-108.5377,32.0798],[-108.5246,32.0798],[-108.5245,31.8636],[-108.2171,31.8641],[-108.217,32.0799],[-108.23,32.0799],[-108.2293,32.5168],[-107.9238,32.5174],[-107.924,32.6044],[-107.6085,32.6054],[-107.7169,32.6226],[-107.737,32.6296],[-107.7241,32.6675],[-107.7274,32.6921],[-107.7196,32.6975],[-107.7204,32.7142],[-107.7153,32.7216],[-107.7229,32.7361],[-107.7162,32.763],[-107.7218,32.7788],[-107.7369,32.7844],[-107.7479,32.8001],[-107.7451,32.8253],[-107.7584,32.8461],[-107.7736,32.8551],[-107.7789,32.8969],[-107.7651,32.9152],[-107.7757,32.9308],[-107.7758,32.9375],[-107.7704,32.9409],[-107.7741,32.9506],[-107.7805,32.9528],[-107.7918,32.9481],[-107.8039,32.9591],[-107.8144,32.9575],[-107.8298,32.9639],[-107.8308,32.9732],[-107.8386,32.9742],[-107.8407,32.9876],[-107.8567,33.0025],[-107.8489,33.0063],[-107.8462,33.0134],[-107.8482,33.0264],[-107.8568,33.0366],[-107.8505,33.0444],[-107.8515,33.0562],[-107.8448,33.0586],[-107.8333,33.075],[-107.8455,33.0842],[-107.8422,33.0964],[-107.8507,33.1201],[-107.8456,33.1309],[-107.8529,33.1343],[-107.8576,33.165],[-107.8499,33.1734],[-107.8421,33.173],[-107.8395,33.1825],[-107.8554,33.1911],[-107.8612,33.1877],[-107.8583,33.2009],[-108.2232,33.2019],[-108.2443,33.218],[-108.2451,33.225],[-108.2363,33.2282],[-108.2307,33.2395],[-108.2342,33.2709],[-108.2452,33.2768],[-108.2622,33.2708],[-108.2639,33.2855],[-108.2714,33.2863],[-108.2705,33.2927],[-108.2827,33.2924],[-108.2808,33.2984],[-108.2995,33.2925],[-108.3027,33.3005],[-108.3126,33.2964],[-108.3229,33.3066],[-108.3285,33.3028],[-108.3438,33.3249],[-108.3503,33.3251],[-108.3472,33.3302],[-108.3642,33.331],[-108.3604,33.3365],[-108.3708,33.3369],[-108.3694,33.3466],[-108.3757,33.3448],[-108.3831,33.3579],[-108.3956,33.3547],[-108.3926,33.3606],[-108.3965,33.3583],[-108.4103,33.365],[-108.4084,33.369],[-108.414,33.3744],[-108.4544,33.3758],[-108.4741,33.3844],[-108.471,33.39],[-108.481,33.3964],[-108.48,33.411],[-108.488,33.409],[-108.4872,33.4144],[-108.4964,33.4186],[-108.4998,33.4416],[-108.5943,33.4344],[-108.6071,33.4455],[-108.6004,33.4551],[-108.6398,33.4787],[-108.6411,33.4871],[-108.6481,33.4896],[-108.6422,33.4933],[-108.6434,33.4984],[-108.6529,33.5013],[-108.6519,33.5061],[-108.6667,33.5081],[-108.6661,33.5189],[-108.6701,33.5197],[-108.6655,33.523],[-108.6626,33.5387],[-108.6797,33.5359],[-108.6837,33.5387],[-108.6814,33.5424],[-108.6887,33.5422],[-108.6885,33.5633],[-108.7152,33.563],[-108.7364,33.5444],[-108.7516,33.5422],[-108.795,33.5164],[-108.7962,33.5239],[-108.8119,33.5208],[-108.8147,33.5242],[-108.844,33.5025],[-108.8626,33.5095],[-108.8836,33.5075],[-108.8802,33.517],[-108.894,33.521],[-108.9052,33.5137],[-108.9143,33.5204],[-108.9281,33.5162],[-108.9449,33.5229],[-108.9481,33.5126],[-108.9785,33.5419],[-108.9774,33.5483],[-108.9861,33.5585],[-108.9797,33.5726],[-109.0104,33.5887],[-109.0192,33.6058],[-109.0192,33.6158],[-109.0338,33.621],[-109.0471,33.6171],[-109.0478,32.8087]]]},"properties":{"geoid":"35039","state":"35","district":"039","name":"State House District 39","chamber":"House"}},{"type":"Feature","geometry":{"type":"Polygon","coordinates":[[[-106.1268,36.0846],[-106.1147,36.0784],[-106.1113,36.0653],[-106.0884,36.0438],[-106.0732,36.0178],[-106.0725,36.0081],[-106.0651,36.0082],[-106.0642,36.0196],[-106.0579,36.0195],[-106.0509,36.002],[-105.7168,36.0023],[-105.7205,35.8712],[-105.5051,35.8707],[-105.5053,35.7495],[-105.5143,35.753],[-105.5113,35.7479],[-105.5179,35.7451],[-105.5162,35.7403],[-105.5331,35.7478],[-105.5291,35.7376],[-105.5344,35.736],[-105.5374,35.7246],[-105.5283,35.7284],[-105.5306,35.7241],[-105.5246,35.7199],[-105.5293,35.7181],[-105.5219,35.7156],[-105.5262,35.7074],[-105.5169,35.7081],[-105.5211,35.7004],[-105.5101,35.6945],[-105.4564,35.6966],[-105.4567,35.6821],[-105.4387,35.6821],[-105.4386,35.6676],[-105.4027,35.6676],[-105.4027,35.6529],[-105.3752,35.6408],[-105.363,35.6502],[-105.3392,35.6439],[-105.3281,35.6468],[-105.3243,35.6393],[-105.2707,35.6391],[-105.2706,35.6463],[-105.2607,35.6322],[-105.2461,35.639],[-105.2274,35.6661],[-105.2321,35.6969],[-105.2184,35.7038],[-105.2152,35.719],[-105.2188,35.7211],[-105.2043,35.7124],[-105.2018,35.6884],[-105.1929,35.6734],[-105.1869,35.673],[-105.1867,35.6621],[-105.1645,35.6892],[-105.156,35.7153],[-105.1562,35.73],[-105.1346,35.7408],[-105.1123,35.741],[-105.1122,35.746],[-105.1055,35.7462],[-105.1086,35.7489],[-105.0998,35.7471],[-105.0921,35.7585],[-105.0745,35.7624],[-105.0723,35.7702],[-105.0528,35.7764],[-105.0421,35.7678],[-105.0345,35.7691],[-105.0368,35.7647],[-105.0255,35.7542],[-105.0186,35.7697],[-105.0073,35.7712],[-104.7506,35.7831],[-104.3702,35.7792],[-104.3609,35.7849],[-104.3714,35.8067],[-104.3635,35.8118],[-104.3781,35.8231],[-104.3669,35.8302],[-104.3799,35.8358],[-104.365,35.8422],[-104.3735,35.8483],[-104.3761,35.8415],[-104.382,35.8429],[-104.3765,35.8518],[-104.3907,35.8594],[-104.3814,35.8624],[-104.3779,35.8788],[-104.3736,35.871],[-104.3669,35.8714],[-104.374,35.8812],[-104.3593,35.8884],[-104.3678,35.8976],[-104.3507,35.899],[-104.3541,35.9077],[-104.3437,35.9122],[-104.3548,35.9203],[-104.3382,35.9237],[-104.3429,35.9306],[-104.3547,35.9296],[-104.3535,35.9398],[-104.339,35.9432],[-104.3521,35.954],[-104.3442,35.9555],[-104.3406,35.9487],[-104.3273,35.9602],[-104.3563,35.9839],[-104.3412,35.9919],[-104.3397,36.0004],[-104.3506,36.0107],[-104.3653,36.0134],[-104.3605,36.0233],[-104.3616,36.0388],[-104.3797,36.0493],[-104.3703,36.0661],[-104.3774,36.0673],[-104.3903,36.0822],[-104.3855,36.0884],[-104.4011,36.0915],[-104.3974,36.0995],[-104.4027,36.1166],[-104.4141,36.1224],[-104.4093,36.132],[-104.4206,36.1408],[-104.4154,36.1462],[-104.4078,36.1406],[-104.4034,36.1542],[-104.4191,36.1664],[-104.4142,36.1763],[-104.4241,36.184],[-104.4277,36.184],[-104.4279,36.1767],[-104.4361,36.1771],[-104.4321,36.1884],[-104.439,36.1948],[-104.4266,36.1969],[-104.4339,36.2013],[-104.4305,36.2136],[-104.4361,36.2185],[-104.0088,36.2181],[-104.0085,36.5676],[-104.0947,36.566],[-104.1064,36.5732],[-104.1163,36.5873],[-104.1188,36.6541],[-104.1503,36.6543],[-104.1481,36.6255],[-104.1775,36.598],[-104.1959,36.6014],[-104.2167,36.5962],[-104.236,36.6158],[-104.2656,36.6226],[-104.314,36.6102],[-104.3126,36.6195],[-104.329,36.6535],[-104.31,36.6671],[-104.3032,36.6873],[-104.314,36.7016],[-104.3483,36.7209],[-104.3589,36.7402],[-104.3802,36.7431],[-104.3697,36.7294],[-104.3766,36.7077],[-104.3744,36.6912],[-104.3852,36.6885],[-104.3893,36.682],[-104.391,36.6714],[-104.3853,36.6634],[-104.3927,36.6404],[-104.4024,36.6335],[-104.4222,36.6315],[-104.4538,36.6422],[-104.4755,36.6402],[-104.4758,36.6477],[-104.489,36.6509],[-104.4867,36.6559],[-104.4909,36.6597],[-104.4865,36.663],[-104.4938,36.6689],[-104.4895,36.6748],[-104.4844,36.6736],[-104.4848,36.6893],[-104.4773,36.7014],[-104.4621,36.7017],[-104.4617,36.7095],[-104.4691,36.7164],[-104.4652,36.7363],[-104.4548,36.7465],[-104.4597,36.7502],[-104.4542,36.7522],[-104.459,36.754],[-104.4562,36.7659],[-104.4601,36.7735],[-104.4555,36.7777],[-104.462,36.7864],[-104.4435,36.818],[-104.4405,36.8901],[-104.4331,36.8914],[-104.4322,36.8993],[-104.4295,36.9032],[-104.4249,36.9003],[-104.4243,36.9068],[-104.4351,36.9121],[-104.4382,36.9055],[-104.4658,36.9365],[-104.4837,36.9839],[-104.4806,36.9939],[-105.2206,36.9952],[-105.2235,36.9867],[-105.2362,36.9819],[-105.2362,36.9623],[-105.2284,36.9546],[-105.221,36.9343],[-105.2131,36.9324],[-105.2108,36.9173],[-105.2001,36.9156],[-105.2215,36.8743],[-105.2294,36.8477],[-105.2231,36.8335],[-105.2244,36.8223],[-105.2334,36.812],[-105.2264,36.8034],[-105.2352,36.7882],[-105.2223,36.7546],[-105.2243,36.7341],[-105.2306,36.7238],[-105.2503,36.7174],[-105.2675,36.7164],[-105.2769,36.7213],[-105.2808,36.7183],[-105.2908,36.7285],[-105.3118,36.7245],[-105.322,36.6984],[-105.3355,36.7025],[-105.3523,36.6972],[-105.3707,36.6809],[-105.3696,36.67],[-105.3602,36.6625],[-105.3641,36.6541],[-105.351,36.6334],[-105.3658,36.6274],[-105.3748,36.6086],[-105.3579,36.5897],[-105.3493,36.5622],[-105.3753,36.5562],[-105.3777,36.5521],[-105.3484,36.5328],[-105.3436,36.5106],[-105.3187,36.4917],[-105.3222,36.4867],[-105.3364,36.4835],[-105.3393,36.4708],[-105.3573,36.4508],[-105.3536,36.443],[-105.3378,36.4446],[-105.3397,36.4344],[-105.3327,36.4288],[-105.3405,36.4161],[-105.3275,36.4071],[-105.3307,36.4045],[-105.3266,36.3825],[-105.3374,36.3689],[-105.3321,36.367],[-105.3288,36.3506],[-105.3325,36.3465],[-105.3286,36.339],[-105.336,36.3034],[-105.3274,36.2772],[-105.3413,36.2619],[-105.3874,36.2528],[-105.3938,36.2435],[-105.4097,36.2368],[-105.3993,36.2298],[-105.3928,36.2161],[-105.3992,36.2033],[-105.397,36.1916],[-105.4218,36.1697],[-105.4213,36.162],[-105.4147,36.1571],[-105.421,36.1485],[-105.42,36.1317],[-105.4893,36.0374],[-105.5087,36.0191],[-105.5304,36.013],[-105.68,36.0764],[-105.7199,36.1394],[-105.7394,36.1483],[-105.7492,36.1397],[-105.7655,36.1501],[-105.7683,36.1608],[-105.7892,36.1594],[-105.8395,36.2108],[-105.8587,36.2047],[-105.8684,36.193],[-105.8618,36.1801],[-105.8662,36.1655],[-105.8432,36.1314],[-105.8528,36.1351],[-105.853,36.1311],[-105.8877,36.1316],[-105.9335,36.1501],[-105.9558,36.1716],[-105.972,36.175],[-105.9805,36.1858],[-105.972,36.1979],[-105.9865,36.2053],[-106.12,36.0994],[-106.1268,36.0846]]]},"properties":{"geoid":"35040","state":"35","district":"040","name":"State House District 40","chamber":"House"}},{"type":"Feature","geometry":{"type":"Polygon","coordinates":[[[-107.2722,36.3324],[-107.2457,36.2785],[-107.2564,36.25],[-107.254,36.2166],[-107.0537,36.2166],[-107.0857,36.2116],[-107.0837,36.1879],[-107.0591,36.165],[-107.0496,36.1624],[-107.0445,36.1448],[-107.0352,36.141],[-107.0293,36.1305],[-107.0007,36.1141],[-107.0051,36.1112],[-107.0122,36.0715],[-107.0283,36.0716],[-107.0355,36.0538],[-107.0625,36.0471],[-107.0883,36.0162],[-107.0786,36.0044],[-107.0985,35.9777],[-107.0953,35.9565],[-107.0914,35.9562],[-107.0959,35.9371],[-107.1005,35.9303],[-107.1216,35.9215],[-107.1308,35.9079],[-107.1166,35.8982],[-107.1013,35.8773],[-107.0776,35.8668],[-107.0167,35.8701],[-106.9747,35.8798],[-106.977,35.9003],[-106.9908,35.9074],[-106.9887,35.9137],[-106.9932,35.9173],[-106.9769,35.9273],[-106.9678,35.943],[-106.9472,35.9489],[-106.9495,35.9573],[-106.929,35.9705],[-106.8635,35.9986],[-106.2472,36.0014],[-106.2456,35.9307],[-106.0543,35.9308],[-106.0542,35.9859],[-106.0576,35.9867],[-106.0395,35.9869],[-106.0477,35.9911],[-106.0579,36.0195],[-106.0642,36.0196],[-106.0651,36.0082],[-106.0725,36.0081],[-106.0732,36.0178],[-106.0884,36.0438],[-106.1113,36.0653],[-106.1147,36.0784],[-106.1268,36.0845],[-106.12,36.0994],[-105.9865,36.2053],[-105.972,36.1979],[-105.9805,36.1858],[-105.972,36.175],[-105.9558,36.1716],[-105.9335,36.1501],[-105.8877,36.1316],[-105.853,36.1311],[-105.8528,36.1351],[-105.8427,36.1323],[-105.8628,36.1574],[-105.8667,36.1673],[-105.8618,36.1801],[-105.8684,36.193],[-105.8587,36.2047],[-105.8381,36.2106],[-105.8569,36.2304],[-105.9218,36.2519],[-105.8555,36.2961],[-105.8667,36.3395],[-105.8967,36.3611],[-105.9066,36.4054],[-105.8976,36.4039],[-105.8699,36.3842],[-105.8434,36.4043],[-105.8375,36.4226],[-105.8293,36.4186],[-105.8192,36.421],[-105.8191,36.4119],[-105.8103,36.4033],[-105.8024,36.4041],[-105.7841,36.3952],[-105.7835,36.3787],[-105.7444,36.3787],[-105.7379,36.3845],[-105.7229,36.3859],[-105.7175,36.4174],[-105.7198,36.4328],[-105.7283,36.4431],[-105.733,36.4762],[-105.617,36.4572],[-105.5951,36.459],[-105.5962,36.5222],[-105.6221,36.5392],[-105.6143,36.5497],[-105.5974,36.5593],[-105.5871,36.5753],[-105.5949,36.5825],[-105.6067,36.5803],[-105.6099,36.5865],[-105.644,36.5875],[-105.6668,36.5794],[-105.6606,36.5875],[-105.6713,36.5825],[-105.6958,36.5841],[-105.6876,36.6047],[-105.696,36.6197],[-105.687,36.6784],[-105.7051,36.6885],[-105.7065,36.6944],[-105.6704,36.7645],[-105.6872,36.7836],[-105.6859,36.8026],[-105.6992,36.8113],[-105.692,36.8225],[-105.6943,36.8405],[-105.7048,36.8526],[-105.7071,36.8769],[-105.7032,36.8827],[-105.7268,36.8964],[-105.7381,36.929],[-105.7318,36.9382],[-105.7334,36.9492],[-105.7228,36.9555],[-105.7162,36.9666],[-105.7185,36.9958],[-106.7819,36.9925],[-106.7808,36.9671],[-106.7985,36.9277],[-106.7933,36.9073],[-106.7653,36.8919],[-106.7174,36.8825],[-106.7063,36.8722],[-106.7069,36.8603],[-106.6771,36.8554],[-106.6733,36.845],[-106.6669,36.845],[-106.6633,36.8363],[-106.6668,36.8308],[-106.6522,36.8188],[-106.6607,36.8025],[-106.6585,36.798],[-106.6478,36.7973],[-106.6336,36.7827],[-106.6361,36.7785],[-106.6289,36.7755],[-106.6331,36.7658],[-106.627,36.7611],[-106.6259,36.7442],[-106.6337,36.7382],[-106.6592,36.7414],[-106.6932,36.7477],[-106.7088,36.7583],[-106.7338,36.7614],[-106.7627,36.7725],[-106.7802,36.7685],[-106.7869,36.777],[-106.8139,36.7886],[-106.8208,36.8002],[-106.8509,36.8082],[-106.8805,36.8058],[-106.8822,36.7767],[-106.8759,36.7638],[-106.8753,36.744],[-106.8875,36.7125],[-106.8565,36.6678],[-106.8649,36.6425],[-106.9003,36.6194],[-106.9082,36.6233],[-106.9404,36.6216],[-106.9604,36.6127],[-106.9776,36.6178],[-106.9963,36.5894],[-107.0048,36.5612],[-107.0163,36.5478],[-107.0565,36.5542],[-107.0658,36.553],[-107.0751,36.5428],[-107.0794,36.547],[-107.0772,36.5555],[-107.1033,36.5407],[-107.176,36.5311],[-107.1901,36.5176],[-107.1934,36.4952],[-107.1788,36.4625],[-107.1754,36.4365],[-107.1679,36.43],[-107.172,36.41],[-107.2348,36.3784],[-107.2469,36.3638],[-107.2681,36.3518],[-107.2722,36.3324]]]},"properties":{"geoid":"35041","state":"35","district":"041","name":"State House District 41","chamber":"House"}},{"type":"Feature","geometry":{"type":"Polygon","coordinates":[[[-105.9218,36.2519],[-105.8569,36.2304],[-105.7892,36.1594],[-105.7683,36.1608],[-105.7655,36.1501],[-105.7492,36.1397],[-105.7394,36.1483],[-105.7201,36.1396],[-105.68,36.0764],[-105.5304,36.013],[-105.5087,36.0191],[-105.4893,36.0374],[-105.42,36.1317],[-105.421,36.1485],[-105.4147,36.1571],[-105.4213,36.162],[-105.4218,36.1697],[-105.397,36.1916],[-105.3992,36.2033],[-105.3928,36.2161],[-105.3993,36.2298],[-105.4097,36.2368],[-105.3938,36.2435],[-105.3874,36.2528],[-105.3413,36.2619],[-105.3274,36.2772],[-105.336,36.3034],[-105.3286,36.339],[-105.3325,36.3465],[-105.3288,36.3506],[-105.3321,36.367],[-105.3374,36.3689],[-105.3266,36.3825],[-105.3307,36.4045],[-105.3275,36.4071],[-105.3405,36.4161],[-105.3327,36.4288],[-105.3397,36.4344],[-105.3378,36.4446],[-105.3536,36.443],[-105.3573,36.4508],[-105.3393,36.4708],[-105.3364,36.4835],[-105.3222,36.4867],[-105.3187,36.4917],[-105.3436,36.5106],[-105.3484,36.5328],[-105.3777,36.5521],[-105.3753,36.5562],[-105.3493,36.5622],[-105.3579,36.5897],[-105.3748,36.6086],[-105.3658,36.6274],[-105.351,36.6334],[-105.3641,36.6541],[-105.3602,36.6625],[-105.3696,36.67],[-105.3707,36.6809],[-105.3523,36.6972],[-105.3355,36.7025],[-105.322,36.6984],[-105.3118,36.7245],[-105.2908,36.7285],[-105.2808,36.7183],[-105.2769,36.7213],[-105.2675,36.7164],[-105.2503,36.7174],[-105.2306,36.7238],[-105.2243,36.7341],[-105.2223,36.7546],[-105.2352,36.7882],[-105.2264,36.8034],[-105.2334,36.812],[-105.2244,36.8223],[-105.2231,36.8335],[-105.2294,36.8477],[-105.2215,36.8743],[-105.2001,36.9156],[-105.2108,36.9173],[-105.2131,36.9324],[-105.221,36.9343],[-105.2284,36.9546],[-105.2362,36.9623],[-105.2362,36.9819],[-105.2235,36.9867],[-105.2204,36.995],[-105.7185,36.9958],[-105.7162,36.9666],[-105.7228,36.9555],[-105.7334,36.9492],[-105.7318,36.9382],[-105.7381,36.929],[-105.7268,36.8964],[-105.7032,36.8827],[-105.7071,36.8769],[-105.7048,36.8526],[-105.6943,36.8405],[-105.692,36.8225],[-105.6992,36.8113],[-105.6859,36.8026],[-105.6872,36.7836],[-105.6704,36.7645],[-105.7065,36.6944],[-105.7051,36.6885],[-105.687,36.6784],[-105.696,36.6197],[-105.6876,36.6047],[-105.6958,36.5841],[-105.6713,36.5825],[-105.6606,36.5875],[-105.6668,36.5794],[-105.644,36.5875],[-105.6099,36.5865],[-105.6067,36.5803],[-105.5949,36.5825],[-105.5871,36.5753],[-105.5974,36.5593],[-105.6143,36.5497],[-105.6221,36.5392],[-105.5962,36.5222],[-105.5939,36.4624],[-105.5977,36.4573],[-105.6159,36.4571],[-105.733,36.4762],[-105.7283,36.4431],[-105.7198,36.4328],[-105.7175,36.4172],[-105.7217,36.4108],[-105.7229,36.386],[-105.7379,36.3845],[-105.7444,36.3787],[-105.7835,36.3787],[-105.7841,36.3952],[-105.8024,36.4041],[-105.8103,36.4033],[-105.8191,36.4119],[-105.8192,36.421],[-105.8293,36.4186],[-105.8375,36.4226],[-105.8434,36.4043],[-105.8699,36.3842],[-105.8976,36.4039],[-105.9066,36.4054],[-105.8967,36.3611],[-105.8667,36.3395],[-105.8555,36.2961],[-105.9218,36.2519]]]},"properties":{"geoid":"35042","state":"35","district":"042","name":"State House District 42","chamber":"House"}},{"type":"Feature","geometry":{"type":"Polygon","coordinates":[[[-106.8698,35.8151],[-106.8633,35.7886],[-106.8554,35.7884],[-106.8437,35.7723],[-106.8439,35.7515],[-106.8519,35.7417],[-106.8415,35.7372],[-106.8369,35.7278],[-106.8443,35.7254],[-106.8389,35.7128],[-106.8414,35.7077],[-106.8461,35.7099],[-106.8455,35.7052],[-106.8117,35.6876],[-106.8015,35.673],[-106.7992,35.6603],[-106.7824,35.6503],[-106.6806,35.6501],[-106.6806,35.6387],[-106.6692,35.639],[-106.6691,35.6311],[-106.6544,35.6253],[-106.6438,35.6293],[-106.6271,35.6562],[-106.6152,35.6401],[-106.6239,35.6179],[-106.5586,35.6136],[-106.539,35.6246],[-106.519,35.6247],[-106.519,35.635],[-106.4421,35.5985],[-106.4423,35.6384],[-106.3921,35.6381],[-106.3928,35.6754],[-106.316,35.6759],[-106.3015,35.6711],[-106.3085,35.6532],[-106.3182,35.6509],[-106.3201,35.6375],[-106.3256,35.6337],[-106.3174,35.6182],[-106.3313,35.6171],[-106.333,35.6068],[-106.3538,35.5962],[-106.3597,35.5607],[-106.343,35.5536],[-106.3412,35.5597],[-106.3141,35.5488],[-106.2888,35.5506],[-106.2713,35.5364],[-106.2487,35.5309],[-106.2457,35.505],[-106.2154,35.5201],[-106.1656,35.5221],[-106.0622,35.5904],[-106.0715,35.601],[-106.0712,35.6321],[-106.0607,35.6336],[-106.0247,35.6576],[-106.0673,35.6736],[-106.0716,35.6851],[-106.0795,35.6892],[-106.0939,35.6902],[-106.1271,35.7258],[-106.1402,35.7322],[-106.1678,35.7424],[-106.1876,35.7326],[-106.214,35.7767],[-106.1978,35.7877],[-106.1939,35.8039],[-106.1805,35.8088],[-106.1719,35.8278],[-106.2254,35.8288],[-106.2483,35.8392],[-106.2472,36.0014],[-106.8082,35.9988],[-106.7951,35.9926],[-106.7915,35.9695],[-106.7868,35.9649],[-106.7901,35.9637],[-106.7864,35.9503],[-106.789,35.9374],[-106.8042,35.9113],[-106.7964,35.8905],[-106.7949,35.8705],[-106.806,35.8373],[-106.7876,35.8166],[-106.8136,35.8242],[-106.8316,35.818],[-106.8486,35.8308],[-106.8555,35.8446],[-106.8611,35.8415],[-106.8644,35.8188],[-106.8698,35.8151]]]},"properties":{"geoid":"35043","state":"35","district":"043","name":"State House District 43","chamber":"House"}},{"type":"Feature","geometry":{"type":"Polygon","coordinates":[[[-106.6771,35.2263],[-106.6771,35.2179],[-106.6487,35.2145],[-106.651,35.2108],[-106.6425,35.2073],[-106.6455,35.2016],[-106.6415,35.1964],[-106.6173,35.1891],[-106.6158,35.1953],[-106.6037,35.1919],[-106.6133,35.1759],[-106.584,35.1744],[-106.574,35.2179],[-106.5987,35.2179],[-106.5834,35.2381],[-106.5951,35.2806],[-106.5855,35.2906],[-106.5932,35.298],[-106.6531,35.2484],[-106.6723,35.251],[-106.6771,35.2263]]]},"properties":{"geoid":"35044","state":"35","district":"044","name":"State House District 44","chamber":"House"}},{"type":"Feature","geometry":{"type":"Polygon","coordinates":[[[-106.0717,35.6159],[-106.0714,35.6004],[-106.0622,35.5904],[-106.0247,35.6126],[-105.9562,35.635],[-105.9563,35.6496],[-105.965,35.6515],[-105.9656,35.6595],[-105.9728,35.6594],[-105.9704,35.6522],[-105.9846,35.6491],[-105.9827,35.6384],[-106.0334,35.6373],[-106.0408,35.6482],[-106.0607,35.6336],[-106.0712,35.6321],[-106.0717,35.6159]]]},"properties":{"geoid":"35045","state":"35","district":"045","name":"State House District 45","chamber":"House"}},{"type":"Feature","geometry":{"type":"Polygon","coordinates":[[[-106.2485,35.8728],[-106.2478,35.8388],[-106.2254,35.8288],[-106.1719,35.8278],[-106.1805,35.8088],[-106.1939,35.8039],[-106.1978,35.7877],[-106.214,35.7767],[-106.1866,35.7311],[-106.1851,35.7363],[-106.168,35.7424],[-106.142,35.733],[-106.1271,35.7258],[-106.0939,35.6902],[-106.0716,35.6851],[-106.0673,35.6736],[-106.028,35.6584],[-106.0117,35.6599],[-105.9769,35.6778],[-105.9745,35.6749],[-105.9645,35.68],[-105.9622,35.6723],[-105.944,35.6873],[-105.9384,35.6861],[-105.9362,35.6995],[-105.9452,35.7006],[-105.9431,35.7069],[-105.9532,35.6978],[-105.9541,35.6887],[-105.9609,35.6877],[-105.9587,35.6954],[-105.9694,35.7016],[-105.9919,35.6985],[-106.0009,35.7085],[-105.9994,35.739],[-106.0332,35.7373],[-106.0275,35.7543],[-106.0306,35.7672],[-105.9442,35.7667],[-105.9319,35.7392],[-105.9321,35.7238],[-105.9253,35.7265],[-105.9183,35.7227],[-105.9197,35.7148],[-105.9124,35.7338],[-105.9053,35.7253],[-105.8396,35.7282],[-105.8344,35.7457],[-105.8222,35.7622],[-105.812,35.7604],[-105.8092,35.7692],[-105.8134,35.7754],[-105.8025,35.796],[-105.7902,35.7926],[-105.7946,35.7856],[-105.7732,35.7878],[-105.7694,35.7808],[-105.7724,35.7711],[-105.7685,35.7682],[-105.7656,35.7736],[-105.758,35.7736],[-105.7527,35.7862],[-105.755,35.792],[-105.7468,35.7868],[-105.7212,35.7954],[-105.7168,36.0023],[-106.0509,36.002],[-106.0468,35.9897],[-106.0395,35.9869],[-106.0576,35.9867],[-106.0542,35.9859],[-106.0543,35.9308],[-106.2456,35.9307],[-106.2485,35.8728]]]},"properties":{"geoid":"35046","state":"35","district":"046","name":"State House District 46","chamber":"House"}},{"type":"Feature","geometry":{"type":"Polygon","coordinates":[[[-106.0537,35.5564],[-105.9915,35.5767],[-105.9808,35.5531],[-105.9737,35.5593],[-105.9447,35.5569],[-105.9291,35.5684],[-105.8989,35.5531],[-105.882,35.5593],[-105.8718,35.545],[-105.857,35.5373],[-105.8246,35.5497],[-105.838,35.5239],[-105.8274,35.5108],[-105.8183,35.5175],[-105.7963,35.5203],[-105.7801,35.5327],[-105.7808,35.5399],[-105.7743,35.5418],[-105.76,35.5254],[-105.7605,35.5125],[-105.7498,35.4948],[-105.7525,35.4759],[-105.7319,35.4747],[-105.7192,35.4697],[-105.7181,35.4642],[-105.7163,35.6542],[-105.7212,35.7954],[-105.7468,35.7868],[-105.755,35.792],[-105.7527,35.7862],[-105.758,35.7736],[-105.7656,35.7736],[-105.7685,35.7682],[-105.7724,35.7711],[-105.7694,35.7808],[-105.7732,35.7878],[-105.7946,35.7856],[-105.7902,35.7926],[-105.8025,35.796],[-105.8134,35.7754],[-105.8092,35.7692],[-105.812,35.7604],[-105.8222,35.7622],[-105.8344,35.7457],[-105.8396,35.7282],[-105.9053,35.7253],[-105.9124,35.7338],[-105.9197,35.7148],[-105.9183,35.7227],[-105.9253,35.7265],[-105.9321,35.7238],[-105.9319,35.7392],[-105.9442,35.7667],[-106.0308,35.7671],[-106.0275,35.7543],[-106.0332,35.7373],[-105.9994,35.739],[-106.0009,35.7085],[-105.9919,35.6985],[-105.9694,35.7016],[-105.9587,35.6954],[-105.9609,35.6877],[-105.9541,35.6887],[-105.9532,35.6978],[-105.9431,35.7069],[-105.9452,35.7006],[-105.9372,35.7021],[-105.9383,35.6862],[-105.944,35.6873],[-105.9485,35.6818],[-105.9412,35.6805],[-105.9438,35.6646],[-105.9375,35.663],[-105.9388,35.6546],[-105.9565,35.6591],[-105.9562,35.635],[-106.0247,35.6126],[-106.0374,35.5997],[-106.0516,35.5941],[-106.0537,35.5564]]]},"properties":{"geoid":"35047","state":"35","district":"047","name":"State House District 47","chamber":"House"}},{"type":"Feature","geometry":{"type":"Polygon","coordinates":[[[-106.0408,35.6482],[-106.0334,35.6373],[-105.9827,35.6384],[-105.9846,35.6491],[-105.9704,35.6522],[-105.9728,35.6594],[-105.9656,35.6595],[-105.965,35.6515],[-105.9582,35.6497],[-105.9565,35.6591],[-105.9388,35.6546],[-105.9375,35.663],[-105.944,35.6656],[-105.9412,35.6805],[-105.9485,35.6818],[-105.9622,35.6723],[-105.9645,35.68],[-105.9745,35.6749],[-105.9769,35.6778],[-105.9967,35.6648],[-106.0247,35.6576],[-106.0408,35.6482]]]},"properties":{"geoid":"35048","state":"35","district":"048","name":"State House District 48","chamber":"House"}},{"type":"Feature","geometry":{"type":"Polygon","coordinates":[[[-109.0471,33.6259],[-109.0471,33.6171],[-109.0338,33.621],[-109.0194,33.6159],[-109.011,33.5893],[-108.9797,33.5726],[-108.9861,33.5585],[-108.9774,33.5483],[-108.9785,33.5419],[-108.9481,33.5126],[-108.9449,33.5229],[-108.9281,33.5162],[-108.9143,33.5204],[-108.9052,33.5137],[-108.894,33.521],[-108.8802,33.517],[-108.8836,33.5075],[-108.8626,33.5095],[-108.844,33.5025],[-108.8147,33.5242],[-108.8119,33.5208],[-108.7962,33.5239],[-108.795,33.5164],[-108.7516,33.5422],[-108.7364,33.5444],[-108.7152,33.563],[-108.6885,33.5633],[-108.6887,33.5422],[-108.6814,33.5424],[-108.6837,33.5387],[-108.6797,33.5359],[-108.6626,33.5387],[-108.6655,33.523],[-108.6701,33.5197],[-108.6661,33.5189],[-108.6667,33.5081],[-108.6519,33.5061],[-108.6529,33.5013],[-108.6434,33.4984],[-108.6422,33.4933],[-108.6481,33.4896],[-108.6411,33.4871],[-108.6398,33.4787],[-108.6004,33.4551],[-108.6071,33.4455],[-108.5943,33.4344],[-108.4998,33.4416],[-108.4964,33.4186],[-108.4872,33.4144],[-108.488,33.409],[-108.48,33.411],[-108.481,33.3964],[-108.471,33.39],[-108.4741,33.3844],[-108.4544,33.3758],[-108.414,33.3744],[-108.4084,33.369],[-108.4103,33.365],[-108.3965,33.3583],[-108.3926,33.3606],[-108.3956,33.3547],[-108.3831,33.3579],[-108.3757,33.3448],[-108.3694,33.3466],[-108.3708,33.3369],[-108.3604,33.3365],[-108.3642,33.331],[-108.3472,33.3302],[-108.3503,33.3251],[-108.3438,33.3249],[-108.3285,33.3028],[-108.3229,33.3066],[-108.3126,33.2964],[-108.3027,33.3005],[-108.2995,33.2925],[-108.2808,33.2984],[-108.2827,33.2924],[-108.2705,33.2927],[-108.2714,33.2863],[-108.2639,33.2855],[-108.2622,33.2708],[-108.2452,33.2768],[-108.2342,33.2709],[-108.2307,33.2395],[-108.2363,33.2282],[-108.2451,33.225],[-108.2443,33.218],[-108.2232,33.2019],[-107.8583,33.2009],[-107.8612,33.1877],[-107.8554,33.1911],[-107.8395,33.1825],[-107.8421,33.173],[-107.8499,33.1734],[-107.8576,33.165],[-107.8529,33.1343],[-107.8456,33.1309],[-107.8507,33.1201],[-107.8422,33.0964],[-107.8455,33.0842],[-107.8333,33.075],[-107.8448,33.0586],[-107.8515,33.0562],[-107.8505,33.0444],[-107.8568,33.0366],[-107.8482,33.0264],[-107.8462,33.0134],[-107.8489,33.0063],[-107.8567,33.0025],[-107.8407,32.9876],[-107.8386,32.9742],[-107.8308,32.9732],[-107.8298,32.9639],[-107.8144,32.9575],[-107.8039,32.9591],[-107.7918,32.9481],[-107.7805,32.9528],[-107.7741,32.9506],[-107.7704,32.9409],[-107.7758,32.9375],[-107.7757,32.9308],[-107.7651,32.9152],[-107.7789,32.8969],[-107.7736,32.8551],[-107.7584,32.8461],[-107.7451,32.8253],[-107.7479,32.8001],[-107.7369,32.7844],[-107.7218,32.7788],[-107.7162,32.763],[-107.7229,32.7361],[-107.7153,32.7216],[-107.7204,32.7142],[-107.7196,32.6975],[-107.7274,32.6921],[-107.7241,32.6675],[-107.7369,32.6295],[-107.7169,32.6226],[-107.6085,32.6054],[-107.2996,32.6054],[-107.2995,32.7802],[-107.2594,32.7801],[-107.2824,32.8001],[-107.2889,32.813],[-107.2874,32.8554],[-107.2972,32.8794],[-107.292,32.8868],[-107.2927,32.8954],[-107.3114,32.8993],[-107.301,32.9031],[-107.3069,32.9056],[-107.307,32.9175],[-107.3139,32.9281],[-107.3101,32.9217],[-107.3065,32.9253],[-107.3039,32.939],[-107.3122,32.9443],[-107.3052,32.9424],[-107.302,32.9501],[-107.3059,32.9531],[-107.3018,32.9601],[-107.3108,32.9618],[-107.3111,32.9661],[-107.2973,32.9868],[-107.2909,32.9853],[-107.2864,32.99],[-107.2997,33.0016],[-107.3002,33.0157],[-107.2946,33.0351],[-107.2824,33.033],[-107.278,33.0406],[-107.2794,33.0599],[-107.2746,33.0677],[-107.2768,33.0733],[-107.2904,33.075],[-107.2939,33.0805],[-107.2794,33.0997],[-107.2925,33.1014],[-107.2977,33.1092],[-107.2901,33.114],[-107.2748,33.1126],[-107.254,33.1186],[-107.2592,33.1287],[-107.2504,33.1297],[-107.2431,33.1604],[-107.2534,33.171],[-107.2567,33.2241],[-107.2753,33.2819],[-107.2889,33.2967],[-107.2958,33.3262],[-107.2484,33.4354],[-107.2327,33.4555],[-107.1504,33.6102],[-107.0122,33.737],[-107.0358,33.769],[-107.0539,33.8037],[-107.0714,33.8407],[-107.0796,33.8783],[-107.0707,33.8825],[-107.0701,33.8975],[-107.0477,33.8919],[-107.016,33.9023],[-107.0221,33.9252],[-107.0005,33.9399],[-106.9914,33.9571],[-106.9927,33.9675],[-107.0052,33.9765],[-107.0104,33.9897],[-106.9993,33.9939],[-106.992,34.0077],[-106.9529,34.0047],[-106.9239,34.0201],[-106.9395,34.0226],[-106.9394,34.0533],[-106.9183,34.0666],[-106.9142,34.0808],[-106.8994,34.0981],[-106.8961,34.0848],[-106.8786,34.0871],[-106.8731,34.0801],[-106.8774,34.0568],[-106.8687,34.0465],[-106.8705,34.0366],[-106.8649,34.0202],[-106.8742,34.0028],[-106.8636,33.9887],[-106.8626,33.9695],[-106.8518,33.9514],[-106.8573,33.9186],[-106.7865,33.9059],[-106.7507,33.8908],[-106.7283,33.8871],[-106.4916,33.8764],[-106.3554,33.8898],[-106.3199,33.8754],[-106.2636,33.8177],[-106.1971,33.797],[-106.1819,33.7997],[-106.1446,33.7719],[-106.1167,33.7591],[-106.0821,33.7494],[-106.0527,33.7483],[-106.0527,33.8256],[-105.9247,33.8256],[-105.926,34.26],[-106.416,34.2598],[-106.4169,34.5217],[-106.4698,34.5212],[-106.4712,34.6084],[-106.4649,34.6084],[-106.4667,34.7064],[-106.4852,34.7194],[-106.4848,34.7321],[-106.4988,34.7415],[-106.5109,34.7373],[-106.5191,34.7281],[-106.5526,34.7436],[-106.5925,34.7505],[-106.6759,34.7408],[-106.6861,34.6684],[-106.6971,34.6605],[-106.7321,34.6529],[-106.7618,34.6582],[-106.764,34.6312],[-106.7772,34.6383],[-106.7769,34.6449],[-106.79,34.6467],[-106.7899,34.6434],[-106.7968,34.6615],[-106.7959,34.6702],[-106.7902,34.6701],[-106.7867,34.7525],[-106.7672,34.7997],[-106.7673,34.8112],[-106.7825,34.8096],[-106.7797,34.8199],[-106.8045,34.8237],[-106.847,34.8183],[-106.8545,34.7763],[-106.8881,34.7629],[-106.9204,34.7838],[-106.966,34.7785],[-106.9981,34.7974],[-107.2033,34.797],[-107.2017,34.5788],[-107.02,34.5796],[-107.0282,34.5523],[-107.0247,34.5361],[-107.0576,34.5207],[-107.0614,34.5127],[-107.1159,34.5051],[-107.1318,34.496],[-107.1388,34.4779],[-107.1644,34.4599],[-107.187,34.4518],[-107.2117,34.4193],[-107.2101,34.4118],[-107.2327,34.3944],[-107.2465,34.4027],[-107.2663,34.4019],[-107.2673,34.408],[-107.2873,34.4158],[-107.3096,34.417],[-107.3194,34.4089],[-107.3405,34.4121],[-107.3509,34.4351],[-107.3632,34.446],[-107.4195,34.4398],[-107.4231,34.4346],[-107.3941,34.4344],[-107.3942,34.4193],[-107.3856,34.4195],[-107.3856,34.4123],[-107.3767,34.4124],[-107.3766,34.4053],[-107.3943,34.405],[-107.3944,34.3905],[-107.3856,34.3906],[-107.3855,34.3761],[-107.3944,34.376],[-107.3941,34.362],[-107.4113,34.3619],[-107.4113,34.3183],[-107.4372,34.3181],[-107.4388,34.3042],[-107.4979,34.3033],[-107.4978,34.3181],[-107.5154,34.3185],[-107.5156,34.3329],[-107.5331,34.3326],[-107.5329,34.3474],[-107.5155,34.3474],[-107.5156,34.3575],[-107.5297,34.3687],[-107.5531,34.3625],[-107.5637,34.3788],[-107.5986,34.4069],[-107.6382,34.4143],[-107.6552,34.4097],[-107.6634,34.4213],[-107.682,34.386],[-107.7016,34.3693],[-107.7257,34.3606],[-107.7248,34.5781],[-109.0461,34.5793],[-109.0471,33.6259]]]},"properties":{"geoid":"35049","state":"35","district":"049","name":"State House District 49","chamber":"House"}},{"type":"Feature","geometry":{"type":"Polygon","coordinates":[[[-106.5393,35.3005],[-106.4808,35.2698],[-106.4705,35.2599],[-106.461,35.2578],[-106.4568,35.2505],[-106.4532,35.2548],[-106.4324,35.256],[-106.4245,35.2612],[-106.4189,35.274],[-106.4179,35.268],[-106.4094,35.2736],[-106.4066,35.2548],[-106.4138,35.2398],[-106.4085,35.2302],[-106.4146,35.2287],[-106.403,35.2267],[-106.4024,35.2174],[-106.2442,35.2157],[-106.244,35.04],[-105.7144,35.0416],[-105.7181,35.4642],[-105.7192,35.4697],[-105.7319,35.4747],[-105.7525,35.4759],[-105.7498,35.4948],[-105.7605,35.5125],[-105.76,35.5254],[-105.7743,35.5418],[-105.7808,35.5399],[-105.7801,35.5327],[-105.7963,35.5203],[-105.8183,35.5175],[-105.8274,35.5108],[-105.838,35.5239],[-105.8246,35.5497],[-105.857,35.5373],[-105.8718,35.545],[-105.882,35.5593],[-105.8989,35.5531],[-105.9291,35.5684],[-105.9447,35.5569],[-105.9737,35.5593],[-105.9808,35.5531],[-105.9915,35.5767],[-106.0537,35.556],[-106.0528,35.5921],[-106.0349,35.6049],[-106.1656,35.5221],[-106.2154,35.5201],[-106.2487,35.5062],[-106.2488,35.4433],[-106.3252,35.4616],[-106.3561,35.4489],[-106.3552,35.3656],[-106.3997,35.3652],[-106.3997,35.3544],[-106.3948,35.3542],[-106.3948,35.3484],[-106.4042,35.3483],[-106.4043,35.3546],[-106.4809,35.358],[-106.4938,35.3511],[-106.507,35.3344],[-106.5213,35.3344],[-106.5393,35.3005]]]},"properties":{"geoid":"35050","state":"35","district":"050","name":"State House District 50","chamber":"House"}},{"type":"Feature","geometry":{"type":"Polygon","coordinates":[[[-106.0084,32.8246],[-105.9747,32.8224],[-105.975,32.8156],[-105.9031,32.819],[-105.8781,32.8069],[-105.8615,32.8092],[-105.8553,32.817],[-105.8364,32.8178],[-105.8347,32.8269],[-105.8214,32.8336],[-105.8241,32.8436],[-105.8348,32.8471],[-105.8334,32.853],[-105.8389,32.859],[-105.84,32.8728],[-105.8358,32.8762],[-105.8537,32.8847],[-105.8595,32.8819],[-105.8725,32.8952],[-105.877,32.919],[-105.8932,32.9385],[-105.8914,32.9459],[-105.8842,32.9477],[-105.8925,32.9535],[-105.909,32.9522],[-105.9274,32.9601],[-105.951,32.9572],[-105.9675,32.9429],[-105.9607,32.9245],[-105.9642,32.8744],[-105.9895,32.8633],[-105.9891,32.8519],[-105.9977,32.8517],[-105.9956,32.8401],[-106.0084,32.8246]]]},"properties":{"geoid":"35051","state":"35","district":"051","name":"State House District 51","chamber":"House"}},{"type":"Feature","geometry":{"type":"Polygon","coordinates":[[[-106.7551,32.2791],[-106.7455,32.2691],[-106.7535,32.2541],[-106.7404,32.2335],[-106.7285,32.2337],[-106.7233,32.2291],[-106.7199,32.2439],[-106.6895,32.2016],[-106.7202,32.2015],[-106.6963,32.1636],[-106.7167,32.1603],[-106.703,32.154],[-106.6997,32.1419],[-106.6562,32.0996],[-106.664,32.083],[-106.6621,32.0526],[-106.6452,32.0109],[-106.6294,31.9901],[-106.6194,31.9947],[-106.6185,32.0005],[-106.5826,32.0007],[-106.5838,32.014],[-106.6194,32.0886],[-106.5813,32.0915],[-106.5803,32.3155],[-106.5753,32.3155],[-106.5715,32.3235],[-106.5817,32.322],[-106.5967,32.332],[-106.6115,32.3321],[-106.6656,32.303],[-106.6911,32.2972],[-106.7089,32.2991],[-106.709,32.308],[-106.728,32.3078],[-106.743,32.2987],[-106.7403,32.2819],[-106.7551,32.2791]]]},"properties":{"geoid":"35052","state":"35","district":"052","name":"State House District 52","chamber":"House"}},{"type":"Feature","geometry":{"type":"Polygon","coordinates":[[[-106.7471,32.3667],[-106.7342,32.3455],[-106.7338,32.3234],[-106.728,32.3078],[-106.709,32.308],[-106.7089,32.2991],[-106.6911,32.2972],[-106.6682,32.302],[-106.6115,32.3321],[-106.5967,32.332],[-106.5817,32.322],[-106.5715,32.3235],[-106.5753,32.3155],[-106.5803,32.3155],[-106.5813,32.0915],[-106.6194,32.0886],[-106.5838,32.014],[-106.5826,32.0007],[-106.3265,32.0016],[-106.3216,32.0059],[-106.2752,32.0788],[-106.3488,32.1125],[-106.3773,32.1115],[-106.3769,32.5165],[-106.4207,32.4612],[-106.4653,32.4395],[-106.5474,32.4362],[-106.5652,32.4254],[-106.5813,32.4312],[-106.7295,32.3802],[-106.7471,32.3667]]]},"properties":{"geoid":"35053","state":"35","district":"053","name":"State House District 53","chamber":"House"}},{"type":"Feature","geometry":{"type":"Polygon","coordinates":[[[-106.3774,32.1687],[-106.3773,32.1115],[-106.3488,32.1125],[-106.2752,32.0788],[-106.3265,32.0016],[-104.7721,31.9975],[-104.3296,32.0002],[-104.3103,32.0362],[-104.3179,32.0638],[-104.3161,32.0845],[-104.3034,32.0738],[-104.2501,32.0662],[-104.2517,32.079],[-104.2222,32.1756],[-104.2207,32.254],[-104.2553,32.2416],[-104.2767,32.2153],[-104.3131,32.2228],[-104.2815,32.286],[-104.3272,32.2962],[-104.3542,32.2894],[-104.3644,32.2831],[-104.3647,32.2691],[-104.4061,32.2475],[-104.4478,32.2668],[-104.4561,32.2779],[-104.4891,32.2717],[-104.5091,32.2765],[-104.5302,32.2879],[-104.5338,32.2943],[-104.5705,32.3052],[-104.5918,32.3268],[-104.574,32.3612],[-104.6136,32.3556],[-104.6245,32.3739],[-104.6191,32.3828],[-104.6302,32.391],[-104.6266,32.4019],[-104.6546,32.4248],[-104.6604,32.4415],[-104.6575,32.444],[-104.68,32.4426],[-104.713,32.455],[-104.7573,32.4495],[-104.7669,32.4649],[-104.7848,32.4684],[-104.7849,32.4738],[-104.778,32.4762],[-104.7981,32.4915],[-104.7799,32.5115],[-104.7808,32.5175],[-104.7638,32.5295],[-104.7574,32.5435],[-104.7299,32.5575],[-104.6984,32.6517],[-104.7035,32.6713],[-104.7183,32.6856],[-104.6949,32.6846],[-104.6424,32.665],[-104.5843,32.6534],[-104.5466,32.6538],[-104.5477,32.6696],[-104.5405,32.674],[-104.5503,32.6902],[-104.5515,32.7043],[-104.5426,32.7039],[-104.5358,32.71],[-104.5346,32.735],[-104.5044,32.7327],[-104.5055,32.7411],[-104.5284,32.7439],[-104.5314,32.7557],[-104.4818,32.756],[-104.479,32.7733],[-104.4833,32.7776],[-104.4789,32.7807],[-104.4127,32.7845],[-104.4126,32.7989],[-104.4298,32.7991],[-104.4299,32.8281],[-104.378,32.8283],[-104.3781,32.8716],[-104.4005,32.8716],[-104.4023,32.8803],[-104.3917,32.9152],[-104.3609,32.9156],[-104.3621,32.9645],[-104.9052,32.9629],[-104.9055,33.1389],[-105.0065,33.1389],[-105.0065,33.1344],[-105.1086,33.1317],[-105.317,33.1323],[-105.316,32.9621],[-105.3525,32.962],[-105.3533,32.7462],[-105.3593,32.7486],[-105.3832,32.7406],[-105.4194,32.7393],[-105.432,32.7295],[-105.4488,32.7012],[-105.4355,32.7001],[-105.4262,32.69],[-105.4351,32.6778],[-105.4517,32.6696],[-105.4717,32.6795],[-105.5054,32.6738],[-105.5296,32.6816],[-105.5483,32.6793],[-105.5601,32.6888],[-105.5583,32.6966],[-105.5867,32.6899],[-105.6004,32.6801],[-105.6114,32.6661],[-105.6106,32.66],[-105.541,32.6383],[-105.5275,32.6394],[-105.5246,32.6313],[-105.5318,32.6251],[-105.5331,32.6146],[-105.5891,32.6036],[-105.591,32.5951],[-105.5863,32.5914],[-105.5939,32.5882],[-105.5892,32.5739],[-105.5717,32.5688],[-105.5822,32.561],[-105.617,32.5586],[-105.6411,32.5479],[-105.6592,32.546],[-105.6641,32.5386],[-105.6796,32.5323],[-105.6957,32.547],[-105.7148,32.5504],[-105.7307,32.5678],[-105.7367,32.5628],[-105.7562,32.5643],[-105.7815,32.5472],[-105.803,32.5506],[-105.8413,32.5633],[-105.8502,32.5821],[-105.8703,32.5885],[-105.8709,32.6013],[-105.8796,32.6088],[-105.9534,32.6145],[-105.96,32.6207],[-105.945,32.6311],[-105.9415,32.64],[-105.9335,32.6406],[-105.9366,32.6538],[-105.9324,32.667],[-105.9103,32.6656],[-105.8977,32.6753],[-105.894,32.6707],[-105.8696,32.6706],[-105.8713,32.6578],[-105.8615,32.6424],[-105.8561,32.6423],[-105.8463,32.6552],[-105.8508,32.663],[-105.8347,32.6615],[-105.8325,32.6686],[-105.8238,32.6718],[-105.8205,32.6784],[-105.8265,32.7036],[-105.8243,32.7112],[-105.8322,32.7175],[-105.8202,32.7265],[-105.8315,32.7317],[-105.8398,32.7456],[-105.8328,32.7564],[-105.8424,32.7762],[-105.834,32.7888],[-105.8368,32.7948],[-105.8316,32.817],[-105.8553,32.817],[-105.8615,32.8092],[-105.8781,32.8069],[-105.9031,32.819],[-105.975,32.8156],[-105.9747,32.8224],[-106.0084,32.8246],[-105.9956,32.8401],[-105.9977,32.8517],[-105.9891,32.8519],[-105.9895,32.8633],[-105.9642,32.8744],[-105.9607,32.9245],[-105.9675,32.9429],[-105.9491,32.9578],[-105.9267,32.9601],[-105.909,32.9522],[-105.8909,32.9528],[-105.9052,32.9571],[-105.9058,32.9643],[-105.9171,32.9675],[-105.9175,32.9827],[-105.9131,32.9882],[-105.9242,32.9904],[-105.9393,33.0115],[-105.9704,33.009],[-105.9904,32.9993],[-106.0151,33.0615],[-106.0106,33.0623],[-106.0106,33.0838],[-105.9896,33.0824],[-105.9753,33.094],[-105.9324,33.171],[-105.9301,33.1827],[-105.9348,33.1842],[-105.9338,33.1912],[-105.8932,33.2181],[-105.9296,33.2184],[-105.9316,33.3899],[-106.3457,33.3906],[-106.3407,32.9584],[-106.3766,32.9581],[-106.3774,32.1687]]]},"properties":{"geoid":"35054","state":"35","district":"054","name":"State House District 54","chamber":"House"}},{"type":"Feature","geometry":{"type":"Polygon","coordinates":[[[-104.3926,32.5627],[-104.3818,32.5491],[-104.3669,32.5438],[-104.3829,32.5247],[-104.3829,32.5142],[-104.3709,32.4997],[-104.2777,32.4692],[-104.2643,32.4478],[-104.2795,32.4454],[-104.2756,32.4339],[-104.2869,32.4289],[-104.2771,32.4217],[-104.2634,32.4217],[-104.2631,32.4288],[-104.2367,32.4287],[-104.2368,32.4204],[-104.2316,32.4168],[-104.2382,32.4145],[-104.2252,32.4144],[-104.2195,32.3909],[-104.2119,32.3855],[-104.2128,32.3813],[-104.2202,32.3817],[-104.2222,32.1756],[-104.2517,32.079],[-104.2501,32.0662],[-104.3034,32.0738],[-104.3161,32.0845],[-104.3179,32.0638],[-104.3103,32.0362],[-104.3296,32.0002],[-103.0645,32.0004],[-103.0647,32.5384],[-103.0656,32.5523],[-103.0783,32.5578],[-103.0821,32.5647],[-103.1277,32.5691],[-103.1276,32.5218],[-103.6417,32.5226],[-103.6954,32.548],[-103.726,32.5546],[-103.7945,32.5309],[-103.8142,32.5292],[-103.8143,32.6479],[-103.8598,32.6675],[-103.8584,32.6585],[-103.8747,32.6291],[-103.9042,32.6212],[-103.9129,32.6111],[-103.9483,32.6155],[-103.9685,32.5998],[-103.9795,32.6066],[-103.9873,32.6224],[-104.0397,32.6373],[-104.0738,32.6524],[-104.1209,32.6629],[-104.1458,32.6782],[-104.1693,32.6801],[-104.2131,32.7064],[-104.2214,32.6637],[-104.2566,32.6591],[-104.3091,32.6016],[-104.3353,32.587],[-104.3526,32.5965],[-104.3635,32.5845],[-104.3841,32.5756],[-104.3926,32.5627]]]},"properties":{"geoid":"35055","state":"35","district":"055","name":"State House District 55","chamber":"House"}},{"type":"Feature","geometry":{"type":"Polygon","coordinates":[[[-106.3738,33.5768],[-106.3719,33.3906],[-105.9314,33.3895],[-105.9296,33.2184],[-105.8932,33.2181],[-105.9338,33.1912],[-105.9348,33.1842],[-105.9301,33.1827],[-105.9324,33.171],[-105.9753,33.094],[-105.9896,33.0824],[-106.0106,33.0838],[-106.0106,33.0623],[-106.015,33.0608],[-105.9904,32.9993],[-105.9704,33.009],[-105.9393,33.0115],[-105.9242,32.9904],[-105.9131,32.9882],[-105.9175,32.9827],[-105.9171,32.9675],[-105.9063,32.9647],[-105.9052,32.9571],[-105.8842,32.9477],[-105.8914,32.9459],[-105.8932,32.9385],[-105.877,32.919],[-105.8704,32.8917],[-105.8595,32.8819],[-105.8537,32.8847],[-105.8358,32.8762],[-105.84,32.8728],[-105.8389,32.859],[-105.8334,32.853],[-105.8348,32.8471],[-105.8241,32.8436],[-105.8214,32.8336],[-105.8353,32.8256],[-105.8301,32.8127],[-105.8359,32.8021],[-105.834,32.7888],[-105.8424,32.7762],[-105.8328,32.7564],[-105.8401,32.7465],[-105.8315,32.7317],[-105.8202,32.7265],[-105.8322,32.7175],[-105.8246,32.7123],[-105.8205,32.6784],[-105.824,32.6716],[-105.8325,32.6686],[-105.834,32.6618],[-105.8508,32.663],[-105.8463,32.6552],[-105.8561,32.6423],[-105.8615,32.6424],[-105.8713,32.6578],[-105.8696,32.6706],[-105.894,32.6707],[-105.8977,32.6753],[-105.9103,32.6656],[-105.9324,32.667],[-105.9366,32.6538],[-105.9335,32.6406],[-105.9415,32.64],[-105.945,32.6311],[-105.96,32.6207],[-105.9534,32.6145],[-105.8796,32.6088],[-105.8709,32.6013],[-105.8703,32.5885],[-105.8502,32.5821],[-105.8487,32.5722],[-105.8379,32.561],[-105.7822,32.5472],[-105.7562,32.5643],[-105.7367,32.5628],[-105.7307,32.5678],[-105.7148,32.5504],[-105.6957,32.547],[-105.6796,32.5323],[-105.6641,32.5386],[-105.6592,32.546],[-105.6411,32.5479],[-105.617,32.5586],[-105.5822,32.561],[-105.5717,32.5688],[-105.5892,32.5739],[-105.5939,32.5882],[-105.5863,32.5914],[-105.591,32.5951],[-105.5891,32.6036],[-105.5331,32.6146],[-105.5318,32.6251],[-105.5246,32.6313],[-105.5275,32.6394],[-105.541,32.6383],[-105.6106,32.66],[-105.6114,32.6661],[-105.6004,32.6801],[-105.5867,32.6899],[-105.5583,32.6966],[-105.5601,32.6888],[-105.5483,32.6793],[-105.5296,32.6816],[-105.5054,32.6738],[-105.4717,32.6795],[-105.4517,32.6696],[-105.4351,32.6778],[-105.4262,32.69],[-105.4355,32.7001],[-105.4488,32.7012],[-105.432,32.7295],[-105.4194,32.7393],[-105.3526,32.7471],[-105.3525,32.962],[-105.316,32.9621],[-105.317,33.1323],[-105.1086,33.1317],[-105.0065,33.1344],[-105.0065,33.1389],[-104.9054,33.1389],[-104.9038,33.3059],[-104.8851,33.3058],[-104.8851,33.3933],[-104.8924,33.3982],[-104.8917,34.347],[-105.3131,34.3472],[-105.3132,34.26],[-105.926,34.26],[-105.9247,33.8256],[-106.0527,33.8256],[-106.0527,33.6503],[-106.1583,33.6503],[-106.2683,33.6605],[-106.3737,33.6605],[-106.3738,33.5768]]]},"properties":{"geoid":"35056","state":"35","district":"056","name":"State House District 56","chamber":"House"}},{"type":"Feature","geometry":{"type":"Polygon","coordinates":[[[-107.0185,35.3349],[-107.0107,35.3201],[-106.9887,35.3161],[-106.9869,35.3113],[-106.9914,35.3114],[-106.9851,35.3053],[-106.9882,35.3013],[-106.9824,35.3002],[-106.9873,35.2972],[-106.9795,35.291],[-106.9837,35.2889],[-106.9794,35.2873],[-106.981,35.2819],[-106.9731,35.2864],[-106.9604,35.2842],[-106.9316,35.29],[-106.9092,35.2999],[-106.9096,35.2964],[-106.8564,35.2934],[-106.8564,35.3071],[-106.7168,35.3063],[-106.7168,35.2844],[-106.6974,35.2803],[-106.6968,35.2678],[-106.6151,35.3068],[-106.5877,35.307],[-106.5937,35.3096],[-106.5902,35.3211],[-106.5961,35.3282],[-106.5834,35.3382],[-106.6314,35.366],[-106.6363,35.3777],[-106.6725,35.3776],[-106.6727,35.3921],[-106.7259,35.3932],[-106.7394,35.4107],[-106.7859,35.4001],[-106.8084,35.4001],[-106.8149,35.4064],[-106.8332,35.4066],[-106.8331,35.45],[-106.8154,35.4498],[-106.815,35.4645],[-106.833,35.4645],[-106.8319,35.4991],[-106.8466,35.4951],[-106.8479,35.4828],[-106.8925,35.4828],[-106.8963,35.4793],[-106.8901,35.4741],[-106.8983,35.4612],[-106.9187,35.4659],[-106.9432,35.4834],[-106.9606,35.4865],[-106.9946,35.4633],[-106.9954,35.4553],[-107.0028,35.4484],[-107.0018,35.4329],[-106.9738,35.3735],[-106.9894,35.3623],[-106.988,35.3563],[-106.9966,35.3471],[-107.0088,35.3441],[-107.0185,35.3349]]]},"properties":{"geoid":"35057","state":"35","district":"057","name":"State House District 57","chamber":"House"}},{"type":"Feature","geometry":{"type":"Polygon","coordinates":[[[-104.9055,33.1389],[-104.9052,32.9629],[-104.051,32.9654],[-104.1067,33.0528],[-104.1264,33.0975],[-104.2589,33.2904],[-104.3017,33.3411],[-104.3318,33.3394],[-104.346,33.3752],[-104.3463,33.3993],[-104.5055,33.3942],[-104.5057,33.4087],[-104.5182,33.4087],[-104.5195,33.3942],[-104.5455,33.3942],[-104.5411,33.3796],[-104.5289,33.3798],[-104.5289,33.3725],[-104.523,33.3726],[-104.5231,33.3654],[-104.5361,33.3651],[-104.5364,33.3505],[-104.5957,33.3504],[-104.5942,33.3159],[-104.599,33.303],[-104.6237,33.3],[-104.6514,33.3023],[-104.686,33.3227],[-104.6977,33.3235],[-104.7058,33.3172],[-104.7063,33.3094],[-104.7331,33.2911],[-104.7467,33.3046],[-104.7569,33.3013],[-104.7738,33.3061],[-104.792,33.3045],[-104.8032,33.3223],[-104.8197,33.3366],[-104.8286,33.3363],[-104.8313,33.3443],[-104.8539,33.3502],[-104.8572,33.3446],[-104.8745,33.3431],[-104.8835,33.3497],[-104.8851,33.3058],[-104.9038,33.3059],[-104.9055,33.1389]]]},"properties":{"geoid":"35058","state":"35","district":"058","name":"State House District 58","chamber":"House"}},{"type":"Feature","geometry":{"type":"Polygon","coordinates":[[[-104.8924,33.4273],[-104.8924,33.3982],[-104.8851,33.3933],[-104.8854,33.3473],[-104.8828,33.3498],[-104.8745,33.3431],[-104.8574,33.3446],[-104.8539,33.3502],[-104.8313,33.3443],[-104.8286,33.3363],[-104.8197,33.3366],[-104.8032,33.3223],[-104.792,33.3045],[-104.7738,33.3061],[-104.7569,33.3013],[-104.7467,33.3046],[-104.7309,33.291],[-104.7063,33.3094],[-104.7058,33.3172],[-104.6977,33.3235],[-104.686,33.3227],[-104.6513,33.3023],[-104.599,33.303],[-104.5942,33.3159],[-104.5957,33.3504],[-104.5364,33.3505],[-104.5361,33.3651],[-104.5231,33.3654],[-104.523,33.3726],[-104.5289,33.3725],[-104.5289,33.3798],[-104.5411,33.3796],[-104.5455,33.3942],[-104.5195,33.3942],[-104.5192,33.4074],[-104.4879,33.4381],[-104.5007,33.438],[-104.5099,33.4498],[-104.5233,33.4448],[-104.5232,33.4379],[-104.5591,33.4376],[-104.5591,33.423],[-104.5952,33.4226],[-104.5944,33.4517],[-104.6133,33.466],[-104.6615,33.477],[-104.6756,33.4854],[-104.7203,33.4856],[-104.7398,33.5028],[-104.7862,33.5303],[-104.8276,33.5283],[-104.8735,33.5352],[-104.8921,33.5338],[-104.8924,33.4273]]]},"properties":{"geoid":"35059","state":"35","district":"059","name":"State House District 59","chamber":"House"}},{"type":"Feature","geometry":{"type":"Polygon","coordinates":[[[-106.981,35.2603],[-106.9696,35.2533],[-106.9729,35.2425],[-106.9677,35.2421],[-106.9681,35.2366],[-106.9749,35.2298],[-106.9655,35.2282],[-106.97,35.2232],[-106.9652,35.2241],[-106.962,35.2184],[-106.6771,35.2179],[-106.677,35.2416],[-106.6845,35.2416],[-106.6922,35.2527],[-106.6968,35.249],[-106.6974,35.2803],[-106.7168,35.2844],[-106.7168,35.3063],[-106.8564,35.3071],[-106.8564,35.2934],[-106.9199,35.2984],[-106.9317,35.2899],[-106.9604,35.2842],[-106.9733,35.2863],[-106.9757,35.2808],[-106.9711,35.2806],[-106.9711,35.2749],[-106.9736,35.2776],[-106.9744,35.2718],[-106.9789,35.2721],[-106.9767,35.2621],[-106.981,35.2603]]]},"properties":{"geoid":"35060","state":"35","district":"060","name":"State House District 60","chamber":"House"}},{"type":"Feature","geometry":{"type":"Polygon","coordinates":[[[-103.8146,32.8721],[-103.8142,32.5292],[-103.7945,32.5309],[-103.726,32.5546],[-103.6954,32.548],[-103.6417,32.5226],[-103.1276,32.5218],[-103.1277,32.5691],[-103.0821,32.5647],[-103.0783,32.5578],[-103.0656,32.5523],[-103.0647,32.5384],[-103.0648,32.7087],[-103.1142,32.7112],[-103.1233,32.7153],[-103.1233,32.7198],[-103.1275,32.7198],[-103.1276,32.7112],[-103.1362,32.7112],[-103.1612,32.7406],[-103.1706,32.7329],[-103.2885,32.7336],[-103.3508,32.713],[-103.3511,32.9295],[-103.3424,32.9295],[-103.342,32.9384],[-103.3424,32.944],[-103.3511,32.944],[-103.3511,32.9481],[-103.3424,32.9481],[-103.3431,32.9665],[-103.3146,32.9811],[-103.3521,32.9814],[-103.3511,32.9584],[-103.3684,32.9572],[-103.377,32.9511],[-103.3773,32.9439],[-103.5217,32.9439],[-103.6318,32.9092],[-103.6601,32.9293],[-103.6799,32.9519],[-103.7283,32.9455],[-103.7395,32.9387],[-103.7538,32.9397],[-103.7768,32.9581],[-103.7789,32.9652],[-103.8145,32.9651],[-103.8146,32.8721]]]},"properties":{"geoid":"35061","state":"35","district":"061","name":"State House District 61","chamber":"House"}},{"type":"Feature","geometry":{"type":"Polygon","coordinates":[[[-103.3511,32.8568],[-103.3508,32.713],[-103.2885,32.7336],[-103.1706,32.7329],[-103.1612,32.7406],[-103.1362,32.7112],[-103.1276,32.7112],[-103.1275,32.7198],[-103.1233,32.7198],[-103.1233,32.7153],[-103.1142,32.7112],[-103.0648,32.7087],[-103.0641,33.0245],[-103.1105,33.0247],[-103.1105,33.0103],[-103.1968,33.0102],[-103.1951,32.8855],[-103.1788,32.878],[-103.1793,32.842],[-103.2307,32.8419],[-103.2313,32.8122],[-103.2752,32.857],[-103.3511,32.8568]]]},"properties":{"geoid":"35062","state":"35","district":"062","name":"State House District 62","chamber":"House"}},{"type":"Feature","geometry":{"type":"Polygon","coordinates":[[[-105.3131,34.3476],[-104.8919,34.3471],[-104.8934,34.0884],[-104.7864,34.0877],[-104.7861,34.0001],[-104.1563,33.9954],[-104.1556,34.0832],[-103.8755,34.0821],[-103.8753,34.17],[-103.7384,34.1699],[-103.7375,34.1115],[-103.6837,34.1116],[-103.6837,34.0991],[-103.599,34.0993],[-103.598,34.083],[-103.4921,34.0838],[-103.4927,34.1053],[-103.4753,34.1052],[-103.4755,34.156],[-103.4574,34.1558],[-103.4575,34.2002],[-103.3523,34.2005],[-103.3482,34.181],[-103.335,34.1906],[-103.335,34.1861],[-103.3177,34.1862],[-103.3196,34.3033],[-103.1436,34.303],[-103.1433,34.4049],[-103.1877,34.4047],[-103.1876,34.412],[-103.2054,34.411],[-103.2054,34.4194],[-103.2493,34.4192],[-103.2494,34.4046],[-103.3371,34.4062],[-103.3371,34.4343],[-103.4779,34.4344],[-103.4773,34.5506],[-103.5469,34.5508],[-103.547,34.5654],[-103.5542,34.5654],[-103.5998,34.5654],[-103.5998,34.5508],[-103.6342,34.5508],[-103.6352,34.6919],[-103.7058,34.6924],[-103.7061,34.605],[-104.1289,34.6052],[-104.1251,35.2157],[-105.0234,35.2164],[-105.0314,35.2209],[-105.0257,35.2341],[-105.0377,35.2447],[-105.0341,35.2525],[-105.0367,35.2614],[-105.0516,35.2646],[-105.0567,35.2823],[-105.1063,35.2939],[-105.1113,35.3069],[-105.1079,35.3074],[-105.1187,35.3111],[-105.129,35.3022],[-105.1468,35.3061],[-105.1668,35.3015],[-105.1668,35.2939],[-105.1739,35.2855],[-105.1613,35.2796],[-105.173,35.2746],[-105.1745,35.2678],[-105.1678,35.2649],[-105.1733,35.2597],[-105.1653,35.2523],[-105.1682,35.2434],[-105.1629,35.2381],[-105.1832,35.2407],[-105.1852,35.235],[-105.1864,35.2398],[-105.1998,35.2427],[-105.208,35.2368],[-105.2295,35.248],[-105.2493,35.2422],[-105.2538,35.2363],[-105.2603,35.2373],[-105.259,35.2165],[-105.2912,35.2165],[-105.2904,34.6068],[-105.3128,34.607],[-105.3131,34.3476]]]},"properties":{"geoid":"35063","state":"35","district":"063","name":"State House District 63","chamber":"House"}},{"type":"Feature","geometry":{"type":"Polygon","coordinates":[[[-104.8948,33.912],[-104.8946,33.8244],[-104.8911,33.8223],[-104.8921,33.5338],[-104.8276,33.5283],[-104.7862,33.5303],[-104.7398,33.5028],[-104.7203,33.4856],[-104.6756,33.4854],[-104.6615,33.477],[-104.6133,33.466],[-104.5944,33.4517],[-104.5952,33.4226],[-104.5591,33.423],[-104.5591,33.4376],[-104.5232,33.4379],[-104.5233,33.4448],[-104.5099,33.4498],[-104.5017,33.4386],[-104.4879,33.437],[-104.379,33.5656],[-104.3487,33.5883],[-104.2505,33.621],[-104.2071,33.6434],[-104.1234,33.6586],[-104.0694,33.6581],[-104.028,33.6666],[-103.8843,33.6699],[-103.8214,33.7027],[-103.7822,33.7127],[-103.7706,33.7284],[-103.7179,33.7036],[-103.7183,33.6562],[-103.5098,33.6573],[-103.5101,33.5701],[-103.0526,33.5706],[-103.0437,34.0036],[-103.0431,34.7063],[-103.2149,34.7053],[-103.2136,34.5966],[-103.1963,34.5942],[-103.1965,34.4267],[-103.1785,34.4262],[-103.1788,34.4193],[-103.1876,34.4193],[-103.1877,34.4047],[-103.1433,34.4049],[-103.1436,34.303],[-103.3196,34.3033],[-103.3177,34.1862],[-103.335,34.1861],[-103.335,34.1906],[-103.3482,34.181],[-103.3523,34.2005],[-103.4575,34.2002],[-103.4574,34.1558],[-103.4755,34.156],[-103.4753,34.1052],[-103.4927,34.1053],[-103.4921,34.0838],[-103.598,34.083],[-103.599,34.0993],[-103.6837,34.0991],[-103.6837,34.1116],[-103.7375,34.1115],[-103.7384,34.1699],[-103.8753,34.17],[-103.8755,34.0821],[-104.1556,34.0832],[-104.1563,33.9954],[-104.3506,33.9959],[-104.7861,34.0001],[-104.7864,34.0877],[-104.8934,34.0884],[-104.8948,33.912]]]},"properties":{"geoid":"35064","state":"35","district":"064","name":"State House District 64","chamber":"House"}},{"type":"Feature","geometry":{"type":"Polygon","coordinates":[[[-108.2717,36.2944],[-108.2693,36.2188],[-108.2596,36.2147],[-108.215,36.2163],[-108.1783,36.2061],[-108.1517,36.1733],[-108.1515,36.1654],[-108.1269,36.1572],[-108.0775,36.1773],[-108.0238,36.1916],[-108.022,36.1693],[-108.0038,36.1693],[-108.0037,36.1618],[-108.0127,36.1617],[-108.0132,36.1455],[-108.0205,36.1358],[-108.0167,36.1198],[-108.0109,36.1165],[-107.9797,36.124],[-107.9526,36.1101],[-107.9562,36.0988],[-107.9495,36.0742],[-107.9267,36.0663],[-107.8961,36.0683],[-107.8865,36.0624],[-107.8579,36.0593],[-107.8518,36.0569],[-107.8555,36.0529],[-107.8025,36.0319],[-107.8006,36.0238],[-107.8244,36.0083],[-107.8489,36.0162],[-107.8445,36.0102],[-107.8246,36.0034],[-107.3087,35.9986],[-107.3061,35.4191],[-107.3103,35.4195],[-107.3094,35.3057],[-107.2389,35.3055],[-107.1972,35.2195],[-106.962,35.2184],[-106.9652,35.2241],[-106.97,35.2232],[-106.9655,35.2282],[-106.9749,35.2298],[-106.9681,35.2366],[-106.9677,35.2421],[-106.9729,35.2425],[-106.9697,35.2534],[-106.981,35.2602],[-106.9767,35.2621],[-106.9789,35.272],[-106.9744,35.2718],[-106.9736,35.2776],[-106.9711,35.2748],[-106.9711,35.2806],[-106.9826,35.2838],[-106.9794,35.2873],[-106.9837,35.2889],[-106.9795,35.2909],[-106.9873,35.2972],[-106.9824,35.2999],[-106.9883,35.3014],[-106.9851,35.3053],[-106.9913,35.3112],[-106.9869,35.3113],[-106.9888,35.3164],[-107.0107,35.3201],[-107.0185,35.3349],[-107.0088,35.3441],[-106.9966,35.3471],[-106.988,35.3563],[-106.9894,35.3623],[-106.9738,35.3735],[-106.9854,35.4003],[-106.9926,35.4068],[-107.0028,35.4484],[-106.9954,35.4553],[-106.9946,35.4633],[-106.9608,35.4865],[-106.9432,35.4834],[-106.9187,35.4659],[-106.8983,35.4612],[-106.8901,35.4741],[-106.8963,35.4793],[-106.8925,35.4828],[-106.8479,35.4828],[-106.8466,35.4951],[-106.8319,35.4991],[-106.833,35.4645],[-106.815,35.4645],[-106.8154,35.4498],[-106.8331,35.45],[-106.8332,35.4066],[-106.8149,35.4064],[-106.8084,35.4001],[-106.7859,35.4001],[-106.7394,35.4107],[-106.7259,35.3932],[-106.6727,35.3921],[-106.6725,35.3776],[-106.6363,35.3777],[-106.6314,35.366],[-106.5552,35.3214],[-106.5603,35.3072],[-106.5737,35.3012],[-106.595,35.2813],[-106.5834,35.2381],[-106.5987,35.2179],[-106.401,35.2182],[-106.4031,35.2267],[-106.4146,35.2287],[-106.4085,35.2302],[-106.4138,35.2398],[-106.4066,35.2548],[-106.4094,35.2736],[-106.4179,35.268],[-106.4189,35.274],[-106.4245,35.2612],[-106.4324,35.256],[-106.4532,35.2548],[-106.4568,35.2505],[-106.461,35.2578],[-106.4705,35.2599],[-106.4808,35.2698],[-106.5393,35.3005],[-106.532,35.3205],[-106.5213,35.3344],[-106.507,35.3344],[-106.4938,35.3511],[-106.4809,35.358],[-106.4043,35.3546],[-106.4042,35.3483],[-106.3948,35.3484],[-106.3948,35.3542],[-106.3997,35.3544],[-106.3997,35.3652],[-106.3552,35.3656],[-106.3561,35.4489],[-106.3252,35.4616],[-106.2488,35.4433],[-106.2487,35.5309],[-106.2713,35.5364],[-106.2888,35.5506],[-106.3141,35.5488],[-106.3412,35.5597],[-106.343,35.5536],[-106.3597,35.5607],[-106.3535,35.5968],[-106.333,35.6068],[-106.3313,35.6171],[-106.3174,35.6182],[-106.3256,35.6337],[-106.3201,35.6375],[-106.3182,35.6509],[-106.3085,35.6532],[-106.3024,35.6715],[-106.316,35.6759],[-106.3928,35.6754],[-106.3921,35.6381],[-106.4423,35.6384],[-106.4421,35.5985],[-106.519,35.635],[-106.519,35.6247],[-106.539,35.6246],[-106.5586,35.6136],[-106.6239,35.6179],[-106.6152,35.6401],[-106.6271,35.6562],[-106.6438,35.6293],[-106.6544,35.6253],[-106.6691,35.6311],[-106.6692,35.639],[-106.6806,35.6387],[-106.6806,35.6501],[-106.7824,35.6503],[-106.7992,35.6603],[-106.8015,35.673],[-106.8117,35.6876],[-106.8453,35.7049],[-106.8461,35.7099],[-106.8414,35.7077],[-106.8389,35.7128],[-106.8443,35.7254],[-106.8369,35.7278],[-106.8415,35.7372],[-106.8519,35.7417],[-106.8439,35.7515],[-106.8437,35.7723],[-106.8554,35.7884],[-106.8633,35.7886],[-106.8698,35.8151],[-106.8644,35.8188],[-106.8611,35.8415],[-106.8555,35.8446],[-106.8486,35.8308],[-106.8316,35.818],[-106.8136,35.8242],[-106.7876,35.8166],[-106.806,35.8373],[-106.7949,35.8705],[-106.7964,35.8905],[-106.8042,35.9113],[-106.7913,35.9311],[-106.7864,35.9503],[-106.7953,35.9928],[-106.8082,35.9988],[-106.8699,35.9982],[-106.8754,35.9918],[-106.8905,35.9899],[-106.929,35.9705],[-106.9495,35.9573],[-106.9472,35.9489],[-106.9678,35.943],[-106.9769,35.9273],[-106.9934,35.9171],[-106.9887,35.9137],[-106.9908,35.9074],[-106.977,35.9003],[-106.9747,35.8798],[-107.0167,35.8701],[-107.0591,35.87],[-107.072,35.8658],[-107.1013,35.8773],[-107.1166,35.8982],[-107.1308,35.9079],[-107.1216,35.9215],[-107.1005,35.9303],[-107.0959,35.9371],[-107.0914,35.9562],[-107.0953,35.9565],[-107.0985,35.9777],[-107.0786,36.0044],[-107.0884,36.016],[-107.0625,36.0471],[-107.0355,36.0538],[-107.0283,36.0716],[-107.0122,36.0715],[-107.0051,36.1112],[-107.0007,36.1141],[-107.0293,36.1305],[-107.0352,36.141],[-107.0445,36.1448],[-107.0496,36.1624],[-107.0591,36.165],[-107.0837,36.1879],[-107.0857,36.2116],[-107.0537,36.2166],[-107.254,36.2166],[-107.2564,36.25],[-107.2457,36.2785],[-107.2719,36.3303],[-107.2714,36.3457],[-107.2345,36.3786],[-107.172,36.41],[-107.1678,36.4297],[-107.1754,36.4365],[-107.1788,36.4625],[-107.1933,36.4946],[-107.1899,36.5179],[-107.1741,36.5322],[-107.1033,36.5407],[-107.0772,36.5555],[-107.0794,36.547],[-107.0751,36.5428],[-107.0658,36.553],[-107.0565,36.5542],[-107.0163,36.5478],[-107.0048,36.5612],[-106.9963,36.5894],[-106.9776,36.6178],[-106.9604,36.6127],[-106.9404,36.6216],[-106.9082,36.6233],[-106.9003,36.6194],[-106.865,36.6423],[-106.8565,36.6678],[-106.8875,36.7125],[-106.8753,36.744],[-106.8759,36.7638],[-106.8822,36.7767],[-106.8805,36.8058],[-106.8509,36.8082],[-106.8208,36.8002],[-106.8139,36.7886],[-106.7869,36.777],[-106.7802,36.7685],[-106.7627,36.7725],[-106.7338,36.7614],[-106.7088,36.7583],[-106.6932,36.7477],[-106.6592,36.7414],[-106.6337,36.7382],[-106.6259,36.7442],[-106.627,36.7611],[-106.6331,36.7658],[-106.6289,36.7755],[-106.6361,36.7785],[-106.6336,36.7827],[-106.6478,36.7973],[-106.6585,36.798],[-106.6607,36.8025],[-106.6522,36.8188],[-106.6668,36.8308],[-106.6633,36.8363],[-106.6669,36.845],[-106.6733,36.845],[-106.6771,36.8554],[-106.7069,36.8603],[-106.7063,36.8722],[-106.7174,36.8825],[-106.7653,36.8919],[-106.7933,36.9073],[-106.7985,36.9277],[-106.7808,36.9671],[-106.7819,36.9925],[-106.8698,36.9925],[-106.8772,37.0001],[-107.4212,37.0002],[-107.4315,36.9863],[-107.43,36.9709],[-107.4461,36.9659],[-107.4572,36.955],[-107.4484,36.9449],[-107.4558,36.9395],[-107.4551,36.9311],[-107.4457,36.9154],[-107.457,36.8981],[-107.4755,36.8947],[-107.4941,36.8762],[-107.5021,36.8826],[-107.5048,36.8753],[-107.5158,36.8785],[-107.5229,36.8755],[-107.5306,36.8539],[-107.5397,36.8556],[-107.5462,36.8491],[-107.556,36.8571],[-107.5617,36.8558],[-107.567,36.8444],[-107.58,36.8351],[-107.5896,36.8372],[-107.5999,36.8325],[-107.6003,36.8159],[-107.5916,36.8138],[-107.6065,36.8109],[-107.6034,36.799],[-107.6182,36.8043],[-107.6256,36.5383],[-107.6375,36.5407],[-107.6488,36.5534],[-107.6623,36.5564],[-107.6756,36.5888],[-107.6749,36.6186],[-107.6796,36.6277],[-107.6848,36.6339],[-107.6962,36.6346],[-107.6956,36.6389],[-107.7078,36.6508],[-107.7085,36.6614],[-107.7506,36.69],[-107.7574,36.689],[-107.7505,36.6812],[-107.7658,36.6651],[-107.763,36.6483],[-107.7783,36.646],[-107.7937,36.6512],[-107.7866,36.6408],[-107.792,36.6262],[-107.7989,36.6199],[-107.8059,36.6267],[-107.8048,36.6163],[-107.8094,36.6174],[-107.8107,36.609],[-107.821,36.6047],[-107.8207,36.5976],[-107.8292,36.59],[-107.8435,36.5839],[-107.8404,36.5805],[-107.846,36.5793],[-107.8449,36.5719],[-107.8497,36.5761],[-107.8413,36.5638],[-107.8438,36.5575],[-107.8384,36.5535],[-107.852,36.5468],[-107.8619,36.5477],[-107.8644,36.5421],[-107.8821,36.5358],[-107.8924,36.5237],[-107.9105,36.5164],[-107.9343,36.5232],[-107.9466,36.5162],[-108.0184,36.6115],[-108.0185,36.6215],[-108.0401,36.6177],[-108.0362,36.6398],[-108.055,36.6371],[-108.0676,36.6477],[-108.072,36.6623],[-108.0902,36.6623],[-108.0903,36.6549],[-108.1192,36.6336],[-108.1399,36.6476],[-108.1718,36.6361],[-108.2048,36.6401],[-108.2205,36.6375],[-108.2314,36.6439],[-108.2339,36.5],[-108.2567,36.4836],[-108.2518,36.4636],[-108.2518,36.3337],[-108.2702,36.3081],[-108.2717,36.2944]]]},"properties":{"geoid":"35065","state":"35","district":"065","name":"State House District 65","chamber":"House"}},{"type":"Feature","geometry":{"type":"Polygon","coordinates":[[[-104.7981,32.4915],[-104.778,32.4762],[-104.7849,32.4738],[-104.7848,32.4684],[-104.7669,32.4649],[-104.7573,32.4495],[-104.713,32.455],[-104.68,32.4426],[-104.6575,32.444],[-104.6604,32.4415],[-104.6546,32.4248],[-104.6266,32.4019],[-104.6302,32.391],[-104.6191,32.3828],[-104.6245,32.3739],[-104.6136,32.3556],[-104.574,32.3612],[-104.5918,32.3268],[-104.5705,32.3052],[-104.5338,32.2943],[-104.5302,32.2879],[-104.5091,32.2765],[-104.4891,32.2717],[-104.4561,32.2779],[-104.4478,32.2668],[-104.4061,32.2475],[-104.3647,32.2691],[-104.3644,32.2831],[-104.3542,32.2894],[-104.3272,32.2962],[-104.2814,32.286],[-104.3131,32.2228],[-104.2767,32.2153],[-104.2553,32.2416],[-104.2207,32.254],[-104.2202,32.3817],[-104.2128,32.3813],[-104.2119,32.3855],[-104.2195,32.3909],[-104.2252,32.4144],[-104.2382,32.4145],[-104.2316,32.4168],[-104.2368,32.4204],[-104.2367,32.4287],[-104.2631,32.4288],[-104.2634,32.4217],[-104.2771,32.4217],[-104.2869,32.4289],[-104.2756,32.4339],[-104.2795,32.4454],[-104.2643,32.4478],[-104.2777,32.4692],[-104.3713,32.5001],[-104.3829,32.5142],[-104.3829,32.5247],[-104.3669,32.5438],[-104.3742,32.5435],[-104.3885,32.5554],[-104.3926,32.5625],[-104.3893,32.569],[-104.3763,32.5814],[-104.3631,32.5848],[-104.3526,32.5965],[-104.3353,32.587],[-104.3091,32.6016],[-104.2566,32.6591],[-104.2214,32.6637],[-104.2131,32.7064],[-104.1693,32.6801],[-104.1458,32.6782],[-104.1209,32.6629],[-104.0738,32.6524],[-104.0397,32.6373],[-103.9873,32.6224],[-103.9795,32.6066],[-103.9685,32.5998],[-103.9483,32.6155],[-103.9129,32.6111],[-103.9042,32.6212],[-103.8747,32.6291],[-103.8584,32.6585],[-103.8598,32.6675],[-103.8143,32.6479],[-103.8145,32.9651],[-103.7789,32.9652],[-103.7768,32.9581],[-103.7538,32.9397],[-103.7395,32.9387],[-103.7283,32.9455],[-103.6799,32.9519],[-103.6601,32.9293],[-103.6318,32.9092],[-103.5217,32.9439],[-103.3773,32.9439],[-103.377,32.9511],[-103.3684,32.9572],[-103.3511,32.9584],[-103.3521,32.9814],[-103.3146,32.9811],[-103.3431,32.9665],[-103.3424,32.9481],[-103.3511,32.9481],[-103.3511,32.944],[-103.3424,32.944],[-103.342,32.9384],[-103.3424,32.9295],[-103.3511,32.9295],[-103.351,32.8569],[-103.2752,32.857],[-103.2313,32.8122],[-103.2307,32.8419],[-103.1793,32.842],[-103.1788,32.878],[-103.1951,32.8855],[-103.1968,33.0102],[-103.1105,33.0103],[-103.1105,33.0247],[-103.0641,33.0245],[-103.0526,33.5706],[-103.5101,33.5701],[-103.5098,33.6573],[-103.7183,33.6562],[-103.7179,33.7036],[-103.7706,33.7284],[-103.7822,33.7127],[-103.8214,33.7027],[-103.8836,33.6701],[-104.0194,33.667],[-104.0694,33.6581],[-104.1234,33.6586],[-104.2066,33.6435],[-104.2505,33.621],[-104.3297,33.5977],[-104.3301,33.592],[-104.3439,33.5914],[-104.379,33.5656],[-104.4852,33.4395],[-104.5182,33.4087],[-104.5057,33.4087],[-104.5055,33.3942],[-104.3463,33.3993],[-104.346,33.3752],[-104.3318,33.3394],[-104.3017,33.3411],[-104.2589,33.2904],[-104.1264,33.0975],[-104.1067,33.0528],[-104.051,32.9654],[-104.3622,32.9646],[-104.3609,32.9156],[-104.3917,32.9152],[-104.4023,32.8803],[-104.4005,32.8716],[-104.3781,32.8716],[-104.378,32.8283],[-104.4299,32.8281],[-104.4298,32.7991],[-104.4126,32.7989],[-104.4127,32.7845],[-104.4789,32.7807],[-104.4833,32.7776],[-104.479,32.7733],[-104.4818,32.756],[-104.5314,32.7557],[-104.5284,32.7439],[-104.5055,32.7411],[-104.5044,32.7327],[-104.5346,32.735],[-104.5358,32.71],[-104.5426,32.7039],[-104.5515,32.7043],[-104.5503,32.6902],[-104.5405,32.674],[-104.5477,32.6696],[-104.5466,32.6538],[-104.5843,32.6534],[-104.6424,32.665],[-104.6949,32.6846],[-104.7183,32.6856],[-104.7035,32.6713],[-104.6984,32.6517],[-104.7299,32.5575],[-104.7574,32.5435],[-104.7638,32.5295],[-104.7808,32.5175],[-104.7799,32.5115],[-104.7981,32.4915]]]},"properties":{"geoid":"35066","state":"35","district":"066","name":"State House District 66","chamber":"House"}},{"type":"Feature","geometry":{"type":"Polygon","coordinates":[[[-104.4938,36.6689],[-104.4865,36.663],[-104.4909,36.6597],[-104.4867,36.6559],[-104.489,36.651],[-104.4758,36.6477],[-104.4755,36.6402],[-104.4538,36.6422],[-104.4222,36.6315],[-104.4028,36.6332],[-104.3927,36.6404],[-104.3853,36.6634],[-104.391,36.6714],[-104.3893,36.682],[-104.3852,36.6885],[-104.3744,36.6912],[-104.3766,36.7077],[-104.3697,36.7294],[-104.3802,36.7431],[-104.3589,36.7402],[-104.3483,36.7209],[-104.314,36.7016],[-104.3032,36.6873],[-104.31,36.6671],[-104.329,36.6535],[-104.3126,36.6195],[-104.314,36.6102],[-104.2656,36.6226],[-104.236,36.6158],[-104.2167,36.5962],[-104.1959,36.6014],[-104.1775,36.598],[-104.1481,36.6255],[-104.1503,36.6543],[-104.1188,36.6541],[-104.1163,36.5873],[-104.1064,36.5732],[-104.0947,36.566],[-104.0085,36.5676],[-104.0088,36.2181],[-104.4361,36.2185],[-104.4305,36.2136],[-104.4339,36.2013],[-104.4266,36.1969],[-104.4392,36.1942],[-104.4321,36.1884],[-104.4361,36.1771],[-104.4279,36.1767],[-104.4277,36.184],[-104.4241,36.184],[-104.4142,36.1763],[-104.4191,36.1664],[-104.4034,36.1542],[-104.4078,36.1406],[-104.4154,36.1462],[-104.4205,36.1403],[-104.4093,36.132],[-104.4141,36.1224],[-104.4027,36.1166],[-104.3974,36.0995],[-104.4011,36.0915],[-104.3855,36.0884],[-104.3903,36.0822],[-104.3774,36.0673],[-104.3703,36.0661],[-104.3797,36.0493],[-104.3616,36.0388],[-104.3605,36.0233],[-104.3655,36.0138],[-104.3506,36.0107],[-104.3397,36.0004],[-104.3412,35.9919],[-104.3563,35.9839],[-104.3273,35.9602],[-104.3406,35.9487],[-104.3442,35.9555],[-104.3521,35.954],[-104.339,35.9432],[-104.3535,35.9398],[-104.3547,35.9296],[-104.3429,35.9306],[-104.3382,35.9237],[-104.3548,35.9203],[-104.3437,35.9122],[-104.3541,35.9077],[-104.3507,35.899],[-104.3678,35.8976],[-104.3593,35.8884],[-104.374,35.8812],[-104.3669,35.8714],[-104.3736,35.871],[-104.3779,35.8788],[-104.3814,35.8624],[-104.3907,35.8594],[-104.3765,35.8518],[-104.382,35.8429],[-104.3761,35.8415],[-104.3735,35.8483],[-104.365,35.8422],[-104.3799,35.8358],[-104.3669,35.8302],[-104.3781,35.8231],[-104.3635,35.8118],[-104.3714,35.8067],[-104.3609,35.7849],[-104.3701,35.7793],[-104.1074,35.7817],[-104.1071,35.7711],[-104.1164,35.7646],[-104.1222,35.7408],[-104.145,35.7313],[-104.1499,35.7168],[-104.2146,35.7023],[-104.2309,35.7057],[-104.261,35.7021],[-104.2957,35.6794],[-104.3443,35.6591],[-104.3775,35.6551],[-104.3813,35.6512],[-104.3755,35.6469],[-104.3868,35.6445],[-104.3758,35.6435],[-104.3733,35.6386],[-104.3679,35.6466],[-104.3641,35.635],[-104.3384,35.6399],[-104.3349,35.6187],[-104.3241,35.6071],[-104.2942,35.6076],[-104.2931,35.6002],[-104.3022,35.5951],[-104.2898,35.5923],[-104.2783,35.5982],[-104.2749,35.5896],[-104.2837,35.5837],[-104.2725,35.5783],[-104.2688,35.5709],[-104.2626,35.5758],[-104.255,35.5746],[-104.2632,35.5583],[-104.2553,35.5606],[-104.2459,35.5563],[-104.2382,35.5428],[-104.2498,35.5346],[-104.2487,35.531],[-104.2412,35.5257],[-104.2409,35.5327],[-104.2359,35.5349],[-104.2251,35.521],[-104.2229,35.5089],[-104.2299,35.4925],[-104.2406,35.4843],[-104.2414,35.474],[-104.225,35.4708],[-104.2168,35.4758],[-104.2124,35.4724],[-104.2092,35.4634],[-104.2179,35.4638],[-104.222,35.4562],[-104.2138,35.4543],[-104.2111,35.4468],[-104.1988,35.445],[-104.1948,35.4377],[-104.2008,35.4127],[-104.1937,35.399],[-104.1978,35.389],[-104.235,35.3764],[-104.2745,35.3756],[-104.2955,35.3656],[-104.2992,35.3388],[-104.3057,35.3361],[-104.3021,35.3311],[-104.2917,35.3374],[-104.2865,35.3262],[-104.3086,35.3241],[-104.3126,35.3157],[-104.3022,35.3186],[-104.2985,35.3131],[-104.3132,35.3027],[-104.3114,35.2943],[-104.3083,35.2981],[-104.2959,35.2947],[-104.2908,35.2795],[-104.3224,35.2718],[-104.3238,35.2632],[-104.342,35.2461],[-104.3519,35.2425],[-104.3596,35.2314],[-104.3596,35.2208],[-104.3552,35.2161],[-104.1251,35.2157],[-104.1289,34.6052],[-103.7061,34.605],[-103.7058,34.6924],[-103.6352,34.6919],[-103.6342,34.5508],[-103.5998,34.5508],[-103.5998,34.5654],[-103.5542,34.5654],[-103.547,34.5654],[-103.5469,34.5508],[-103.4773,34.5506],[-103.4779,34.4344],[-103.3371,34.4343],[-103.3371,34.4062],[-103.2494,34.4046],[-103.2493,34.4192],[-103.2054,34.4194],[-103.2054,34.411],[-103.1876,34.412],[-103.1876,34.4193],[-103.1788,34.4193],[-103.1785,34.4262],[-103.1965,34.4267],[-103.1963,34.5942],[-103.2136,34.5966],[-103.2149,34.7053],[-103.0431,34.7063],[-103.0417,36.5004],[-103.0023,36.5009],[-103.0023,37.0001],[-104.4806,36.9939],[-104.4837,36.9839],[-104.4658,36.9365],[-104.4382,36.9055],[-104.4351,36.9121],[-104.4243,36.9068],[-104.4249,36.9003],[-104.4295,36.9032],[-104.4322,36.8993],[-104.4331,36.8914],[-104.4405,36.8901],[-104.4435,36.818],[-104.462,36.7864],[-104.4555,36.7777],[-104.4601,36.7735],[-104.4562,36.7659],[-104.459,36.754],[-104.4542,36.7522],[-104.4597,36.7502],[-104.4548,36.7465],[-104.4652,36.7363],[-104.4691,36.7164],[-104.4617,36.7095],[-104.4621,36.7017],[-104.4785,36.7003],[-104.4848,36.6893],[-104.4844,36.6736],[-104.4895,36.6748],[-104.4938,36.6689]]]},"properties":{"geoid":"35067","state":"35","district":"067","name":"State House District 67","chamber":"House"}},{"type":"Feature","geometry":{"type":"Polygon","coordinates":[[[-106.7631,35.218],[-106.7522,35.2028],[-106.7365,35.2032],[-106.7369,35.1798],[-106.7217,35.1798],[-106.7201,35.184],[-106.7139,35.1798],[-106.6907,35.1797],[-106.6752,35.2058],[-106.6985,35.2131],[-106.6966,35.218],[-106.7631,35.218]]]},"properties":{"geoid":"35068","state":"35","district":"068","name":"State House District 68","chamber":"House"}},{"type":"Feature","geometry":{"type":"Polygon","coordinates":[[[-108.3765,36.0196],[-108.374,36.0024],[-108.0023,36.0022],[-108.0031,35.7399],[-107.9497,35.7395],[-107.9498,35.6674],[-107.9676,35.6673],[-107.9677,35.6531],[-107.9086,35.6528],[-107.9091,35.5946],[-107.927,35.5946],[-107.927,35.5652],[-107.8827,35.5656],[-107.8837,35.5582],[-107.8748,35.5581],[-107.875,35.5508],[-107.8571,35.5508],[-107.857,35.5362],[-107.8659,35.5362],[-107.8659,35.5291],[-107.8747,35.529],[-107.8747,35.5076],[-107.9278,35.5078],[-107.9281,35.4935],[-107.9103,35.4933],[-107.9101,35.4789],[-107.946,35.4788],[-107.946,35.4933],[-107.955,35.4933],[-107.9639,35.4932],[-107.9638,35.4787],[-107.9816,35.4786],[-107.9816,35.5077],[-108.017,35.5077],[-108.0169,35.4787],[-108.1579,35.48],[-108.1579,35.4949],[-108.2377,35.495],[-108.2378,35.4878],[-108.2465,35.4879],[-108.2466,35.4951],[-108.2998,35.4951],[-108.2998,35.5095],[-108.3523,35.5095],[-108.3525,35.5239],[-108.3702,35.5239],[-108.3698,35.4733],[-108.3522,35.4732],[-108.3526,35.4414],[-108.3429,35.4372],[-108.3173,35.4373],[-108.3174,35.43],[-108.2998,35.4299],[-108.2999,35.4226],[-108.2475,35.4237],[-108.2479,35.4091],[-108.2296,35.4132],[-108.2116,35.4131],[-108.2087,35.4081],[-108.1594,35.4095],[-108.1584,35.3872],[-108.1762,35.3885],[-108.1762,35.3789],[-108.1939,35.3789],[-108.1939,35.3644],[-108.2117,35.3645],[-108.2112,35.3502],[-108.1584,35.35],[-108.1588,35.3065],[-107.8354,35.305],[-107.8363,35.2663],[-107.8767,35.2082],[-107.8446,35.1703],[-107.858,35.1678],[-107.854,35.1572],[-107.8485,35.1611],[-107.8246,35.1612],[-107.8268,35.1559],[-107.8362,35.1539],[-107.8282,35.1382],[-107.8298,35.124],[-107.7704,35.0846],[-107.7932,35.07],[-107.8127,35.0292],[-107.8147,35.0074],[-107.8046,34.9816],[-107.8239,34.9411],[-107.8407,34.9323],[-107.871,34.8789],[-107.8878,34.8727],[-107.8953,34.8772],[-107.9038,34.8719],[-107.9178,34.8435],[-107.9085,34.8279],[-107.9099,34.8113],[-107.9579,34.7587],[-107.9658,34.7332],[-107.9886,34.7115],[-108.0041,34.6207],[-108.0126,34.6017],[-108.0106,34.5793],[-107.7248,34.5781],[-107.7257,34.3606],[-107.7016,34.3693],[-107.682,34.386],[-107.6634,34.4213],[-107.6552,34.4097],[-107.6382,34.4143],[-107.5986,34.4069],[-107.5637,34.3788],[-107.5531,34.3625],[-107.5297,34.3687],[-107.5156,34.3575],[-107.5155,34.3474],[-107.5329,34.3474],[-107.5331,34.3326],[-107.5156,34.3329],[-107.5154,34.3185],[-107.4978,34.3181],[-107.4979,34.3033],[-107.4388,34.3042],[-107.4372,34.3181],[-107.4113,34.3183],[-107.4113,34.3619],[-107.3941,34.362],[-107.3944,34.376],[-107.3855,34.3761],[-107.3856,34.3906],[-107.3944,34.3905],[-107.3943,34.405],[-107.3766,34.4053],[-107.3767,34.4124],[-107.3856,34.4123],[-107.3856,34.4195],[-107.3942,34.4193],[-107.3941,34.4344],[-107.4231,34.4346],[-107.4195,34.4398],[-107.3632,34.446],[-107.3509,34.4351],[-107.3405,34.4121],[-107.3194,34.4089],[-107.3096,34.417],[-107.2873,34.4158],[-107.2673,34.408],[-107.2663,34.4019],[-107.2465,34.4027],[-107.2327,34.3944],[-107.2101,34.4118],[-107.2117,34.4193],[-107.187,34.4518],[-107.1644,34.4599],[-107.1388,34.4779],[-107.1318,34.496],[-107.1159,34.5051],[-107.0614,34.5127],[-107.0576,34.5207],[-107.0257,34.535],[-107.0282,34.5523],[-107.02,34.5796],[-107.2017,34.5788],[-107.2033,34.797],[-106.9981,34.7974],[-106.966,34.7785],[-106.9204,34.7838],[-106.8861,34.7631],[-106.8555,34.7753],[-106.847,34.8183],[-106.8357,34.8276],[-106.8097,34.8345],[-106.7989,34.8526],[-106.7883,34.8596],[-106.7662,34.87],[-106.6913,34.8711],[-106.6903,34.8751],[-106.6845,34.8711],[-106.6884,34.8652],[-106.6845,34.8485],[-106.6799,34.8437],[-106.6627,34.8442],[-106.6673,34.8381],[-106.6641,34.8362],[-106.6676,34.8112],[-106.4645,34.811],[-106.4639,34.8702],[-106.4118,34.8702],[-106.4134,34.8902],[-106.3914,34.895],[-106.3816,34.9026],[-106.3784,34.9129],[-106.3838,34.9168],[-106.3855,34.9382],[-106.3804,34.9474],[-106.7251,34.9473],[-106.7253,34.9567],[-106.9461,34.9572],[-106.9364,34.9658],[-106.9347,34.9821],[-106.9256,34.9821],[-106.9317,34.9921],[-106.9256,35.0001],[-106.9265,35.0114],[-106.9302,35.0111],[-106.9358,35.0225],[-106.939,35.0212],[-106.9373,35.0268],[-106.9529,35.06],[-106.943,35.1033],[-106.9471,35.1146],[-106.9424,35.1207],[-106.9503,35.1264],[-106.9488,35.1333],[-106.9524,35.1352],[-106.9418,35.1486],[-106.946,35.1551],[-106.9446,35.1654],[-106.9486,35.1656],[-106.9437,35.1691],[-106.9484,35.1728],[-106.9446,35.1777],[-106.9525,35.1783],[-106.9573,35.1975],[-106.9537,35.2159],[-107.1972,35.2195],[-107.2389,35.3055],[-107.3094,35.3057],[-107.3103,35.4195],[-107.3061,35.4191],[-107.3087,35.9986],[-107.8157,36.0013],[-107.8445,36.0102],[-107.8489,36.0162],[-107.8244,36.0083],[-107.8006,36.0238],[-107.8025,36.0319],[-107.8555,36.0529],[-107.8518,36.0569],[-107.8579,36.0593],[-107.8865,36.0624],[-107.8961,36.0683],[-107.9267,36.0663],[-107.9495,36.0742],[-107.9562,36.0988],[-107.9526,36.1101],[-107.9797,36.124],[-108.0109,36.1165],[-108.0167,36.1198],[-108.0205,36.1358],[-108.0132,36.1455],[-108.0127,36.1617],[-108.0037,36.1618],[-108.0038,36.1693],[-108.022,36.1693],[-108.0238,36.1916],[-108.0775,36.1773],[-108.1269,36.1572],[-108.1515,36.1654],[-108.1517,36.1733],[-108.1783,36.2061],[-108.215,36.2163],[-108.2596,36.2147],[-108.2695,36.219],[-108.2956,36.2003],[-108.3129,36.1976],[-108.332,36.204],[-108.3451,36.1868],[-108.3559,36.1889],[-108.3687,36.1765],[-108.3559,36.1492],[-108.3563,36.1152],[-108.3765,36.0196]]]},"properties":{"geoid":"35069","state":"35","district":"069","name":"State House District 69","chamber":"House"}},{"type":"Feature","geometry":{"type":"Polygon","coordinates":[[[-106.1399,35.0405],[-106.1207,35.0327],[-106.1207,34.9679],[-106.051,34.9679],[-106.0518,34.9268],[-106.026,34.9267],[-106.0261,34.8702],[-105.9282,34.8703],[-105.8668,34.8424],[-105.8594,34.8073],[-105.8684,34.7975],[-105.8684,34.7687],[-105.8331,34.7688],[-105.8332,34.6101],[-105.821,34.6099],[-105.821,34.5953],[-105.8035,34.595],[-105.7998,34.5564],[-105.8104,34.5369],[-105.8094,34.5262],[-105.8033,34.5236],[-105.8046,34.3774],[-105.7699,34.3767],[-105.7704,34.3036],[-105.8622,34.2983],[-105.8899,34.26],[-105.3132,34.26],[-105.3128,34.607],[-105.2904,34.6068],[-105.2912,35.2165],[-105.259,35.2165],[-105.2603,35.2373],[-105.2538,35.2363],[-105.2493,35.2422],[-105.2295,35.248],[-105.208,35.2368],[-105.1998,35.2427],[-105.1864,35.2398],[-105.1852,35.235],[-105.1832,35.2407],[-105.1629,35.2381],[-105.1682,35.2434],[-105.1653,35.2523],[-105.1733,35.2597],[-105.1678,35.2649],[-105.1745,35.2678],[-105.173,35.2746],[-105.1613,35.2796],[-105.1739,35.2855],[-105.1668,35.2939],[-105.1668,35.3015],[-105.1468,35.3061],[-105.129,35.3022],[-105.1187,35.3111],[-105.1079,35.3074],[-105.1113,35.3069],[-105.1063,35.2939],[-105.0567,35.2823],[-105.0516,35.2646],[-105.0367,35.2614],[-105.0341,35.2525],[-105.0377,35.2447],[-105.0257,35.2341],[-105.0314,35.2209],[-105.0234,35.2164],[-104.3552,35.2161],[-104.3596,35.2208],[-104.359,35.2326],[-104.3507,35.2438],[-104.343,35.2454],[-104.3238,35.2632],[-104.3224,35.2718],[-104.2908,35.2795],[-104.2959,35.2947],[-104.3083,35.2981],[-104.3114,35.2943],[-104.3132,35.3027],[-104.2985,35.3131],[-104.3022,35.3186],[-104.3126,35.3157],[-104.3086,35.3241],[-104.2865,35.3262],[-104.2917,35.3374],[-104.3021,35.3311],[-104.3057,35.3361],[-104.2992,35.3388],[-104.2955,35.3656],[-104.2745,35.3756],[-104.235,35.3764],[-104.1978,35.389],[-104.1937,35.399],[-104.2008,35.4127],[-104.1948,35.4377],[-104.1988,35.445],[-104.2111,35.4468],[-104.2138,35.4543],[-104.222,35.4562],[-104.2179,35.4638],[-104.2092,35.4634],[-104.2124,35.4724],[-104.2168,35.4758],[-104.225,35.4708],[-104.2414,35.474],[-104.2406,35.4843],[-104.2299,35.4925],[-104.2229,35.5089],[-104.2251,35.521],[-104.2359,35.5349],[-104.2409,35.5327],[-104.2412,35.5257],[-104.2487,35.531],[-104.2498,35.5346],[-104.2382,35.5428],[-104.2459,35.5563],[-104.2553,35.5606],[-104.2632,35.5583],[-104.255,35.5746],[-104.2626,35.5758],[-104.2688,35.5709],[-104.2725,35.5783],[-104.2837,35.5837],[-104.2749,35.5896],[-104.2783,35.5982],[-104.2898,35.5923],[-104.3022,35.5951],[-104.2931,35.6002],[-104.2942,35.6076],[-104.3241,35.6071],[-104.3349,35.6187],[-104.3384,35.6399],[-104.3641,35.635],[-104.3679,35.6466],[-104.3736,35.6386],[-104.3758,35.6435],[-104.3867,35.6447],[-104.3755,35.6469],[-104.3813,35.6512],[-104.3775,35.6551],[-104.3443,35.6591],[-104.2957,35.6794],[-104.261,35.7021],[-104.2309,35.7057],[-104.2146,35.7023],[-104.1499,35.7168],[-104.145,35.7313],[-104.1222,35.7408],[-104.1164,35.7646],[-104.1071,35.7711],[-104.1074,35.7817],[-104.4204,35.7784],[-104.5464,35.7807],[-104.5463,35.7837],[-104.7506,35.7831],[-105.0073,35.7712],[-105.0186,35.7697],[-105.0255,35.7542],[-105.0368,35.7647],[-105.0345,35.7691],[-105.0421,35.7678],[-105.0528,35.7764],[-105.0723,35.7702],[-105.0745,35.7624],[-105.0921,35.7585],[-105.0998,35.7471],[-105.1086,35.7489],[-105.1055,35.7462],[-105.1122,35.746],[-105.1123,35.741],[-105.1346,35.7408],[-105.1562,35.73],[-105.156,35.7153],[-105.1645,35.6892],[-105.1867,35.6621],[-105.1869,35.673],[-105.1929,35.6734],[-105.2018,35.6884],[-105.2043,35.7124],[-105.2188,35.7211],[-105.2152,35.719],[-105.2184,35.7038],[-105.2321,35.6969],[-105.2274,35.6844],[-105.2311,35.6566],[-105.2461,35.639],[-105.2607,35.6322],[-105.2706,35.6463],[-105.2707,35.6391],[-105.3243,35.6393],[-105.3281,35.6468],[-105.3392,35.6439],[-105.363,35.6502],[-105.3752,35.6408],[-105.4027,35.6529],[-105.4027,35.6676],[-105.4386,35.6676],[-105.4387,35.6821],[-105.4567,35.6821],[-105.4564,35.6966],[-105.5054,35.6965],[-105.5055,35.6932],[-105.5211,35.7004],[-105.5163,35.7065],[-105.5262,35.7074],[-105.5219,35.7156],[-105.5293,35.7181],[-105.5246,35.7199],[-105.5306,35.7241],[-105.5283,35.7284],[-105.5376,35.725],[-105.5344,35.736],[-105.5291,35.7376],[-105.5331,35.7478],[-105.5162,35.7403],[-105.5179,35.7451],[-105.5113,35.7479],[-105.5143,35.753],[-105.5053,35.7495],[-105.5051,35.8707],[-105.7205,35.8712],[-105.7144,35.0416],[-106.1399,35.0405]]]},"properties":{"geoid":"35070","state":"35","district":"070","name":"State House District 70","chamber":"House"}}]}