{"type":"FeatureCollection","features":[{"type":"Feature","geometry":{"type":"Polygon","coordinates":[[[-108.5371,36.7465],[-108.5214,36.7459],[-108.5008,36.7545],[-108.4598,36.7421],[-108.4396,36.7411],[-108.4158,36.7508],[-108.4031,36.7394],[-108.3433,36.7335],[-108.3427,36.7252],[-108.3278,36.7205],[-108.3178,36.7244],[-108.3017,36.7211],[-108.2847,36.7313],[-108.2783,36.7281],[-108.2527,36.736],[-108.2503,36.7256],[-108.23,36.7264],[-108.2245,36.7217],[-108.2333,36.7183],[-108.2378,36.7103],[-108.2236,36.6978],[-108.216,36.6824],[-108.2314,36.6439],[-108.2205,36.6375],[-108.1684,36.6364],[-108.1417,36.6476],[-108.1281,36.6403],[-108.1086,36.6795],[-108.1121,36.696],[-108.0954,36.6903],[-108.0946,36.7022],[-108.1357,36.71],[-108.1353,36.7248],[-108.1279,36.735],[-108.1606,36.7271],[-108.1667,36.7318],[-108.1679,36.7428],[-108.1579,36.7516],[-108.1539,36.764],[-108.1589,36.7654],[-108.1583,36.7744],[-108.1621,36.7765],[-108.206,36.7735],[-108.2247,36.7566],[-108.2422,36.758],[-108.2379,36.7664],[-108.2879,36.7636],[-108.2879,36.8061],[-108.2514,36.8062],[-108.2513,36.8501],[-108.5363,36.8503],[-108.5368,36.8074],[-108.5211,36.8067],[-108.5295,36.7979],[-108.5369,36.7982],[-108.5371,36.7465]]]},"properties":{"geoid":"35001","state":"35","district":"001","name":"State Senate District 1","chamber":"Senate"}},{"type":"Feature","geometry":{"type":"Polygon","coordinates":[[[-108.2104,36.7723],[-108.1774,36.7768],[-108.1583,36.7744],[-108.1589,36.7654],[-108.1539,36.764],[-108.1579,36.7516],[-108.1679,36.7428],[-108.1664,36.7315],[-108.1606,36.7271],[-108.1279,36.735],[-108.1353,36.7248],[-108.1357,36.71],[-108.0946,36.7022],[-108.0957,36.6894],[-108.1121,36.696],[-108.1086,36.6795],[-108.1282,36.6402],[-108.1192,36.6336],[-108.0903,36.6549],[-108.0902,36.6623],[-108.0826,36.6624],[-108.072,36.6623],[-108.0676,36.6477],[-108.055,36.6371],[-108.0362,36.6398],[-108.0401,36.6177],[-108.0185,36.6215],[-108.0184,36.6115],[-107.9466,36.5162],[-107.9343,36.5232],[-107.9102,36.5165],[-107.8924,36.5237],[-107.8821,36.5358],[-107.8644,36.5421],[-107.8619,36.5477],[-107.852,36.5468],[-107.8384,36.5535],[-107.8438,36.5575],[-107.8413,36.5638],[-107.8497,36.5761],[-107.8449,36.5719],[-107.846,36.5793],[-107.8404,36.5805],[-107.8435,36.5839],[-107.8292,36.59],[-107.8207,36.5976],[-107.821,36.6047],[-107.8107,36.609],[-107.8094,36.6174],[-107.8048,36.6163],[-107.8059,36.6267],[-107.7989,36.6199],[-107.792,36.6262],[-107.7866,36.6408],[-107.7937,36.6512],[-107.7783,36.646],[-107.763,36.6483],[-107.7658,36.6651],[-107.7505,36.6812],[-107.7576,36.6885],[-107.7531,36.6903],[-107.7379,36.685],[-107.7085,36.6614],[-107.7078,36.6508],[-107.6956,36.6389],[-107.6962,36.6346],[-107.6848,36.6339],[-107.6796,36.6277],[-107.6749,36.6186],[-107.6756,36.5888],[-107.6623,36.5564],[-107.6488,36.5534],[-107.6375,36.5407],[-107.6256,36.5383],[-107.6182,36.8043],[-107.6034,36.799],[-107.6065,36.8109],[-107.5916,36.8138],[-107.6003,36.8159],[-107.5999,36.8325],[-107.5896,36.8372],[-107.58,36.8351],[-107.567,36.8444],[-107.5617,36.8558],[-107.556,36.8571],[-107.5462,36.8491],[-107.5397,36.8556],[-107.5306,36.8539],[-107.5229,36.8755],[-107.5158,36.8785],[-107.5048,36.8753],[-107.5021,36.8826],[-107.4941,36.8762],[-107.4755,36.8947],[-107.457,36.8981],[-107.4457,36.9154],[-107.4551,36.9311],[-107.4558,36.9395],[-107.4484,36.9449],[-107.4572,36.955],[-107.4461,36.9659],[-107.43,36.9709],[-107.4315,36.9863],[-107.4209,37],[-108.0335,36.9997],[-108.0236,36.9914],[-108.0524,36.94],[-108.1013,36.8977],[-108.105,36.8873],[-108.1252,36.8736],[-108.1688,36.826],[-108.1774,36.8047],[-108.2104,36.7723]]]},"properties":{"geoid":"35002","state":"35","district":"002","name":"State Senate District 2","chamber":"Senate"}},{"type":"Feature","geometry":{"type":"Polygon","coordinates":[[[-109.0456,36.5276],[-108.5566,36.655],[-108.5283,36.6569],[-108.5242,36.6535],[-108.5333,36.6506],[-108.5293,36.6421],[-108.5446,36.6388],[-108.5523,36.6315],[-108.5526,36.6242],[-108.5631,36.6213],[-108.5627,36.6138],[-108.573,36.6123],[-108.5628,36.6074],[-108.5727,36.6025],[-108.5784,36.5924],[-108.5665,36.5742],[-108.5744,36.5586],[-108.5676,36.548],[-108.5727,36.5322],[-108.5668,36.528],[-108.5758,36.5143],[-108.5677,36.5043],[-108.573,36.4877],[-108.5619,36.4728],[-108.5667,36.471],[-108.5677,36.4545],[-108.5773,36.4444],[-108.5777,36.4373],[-108.5919,36.4286],[-108.5923,36.4208],[-108.5961,36.4198],[-108.5923,36.4049],[-108.5826,36.3976],[-108.5897,36.3779],[-108.567,36.3704],[-108.5656,36.3553],[-108.5695,36.3497],[-108.5659,36.3385],[-108.5519,36.3292],[-108.5414,36.307],[-108.5641,36.2759],[-108.5581,36.2651],[-108.561,36.2541],[-108.5497,36.2392],[-108.5538,36.2231],[-108.5393,36.2156],[-108.5365,36.207],[-108.5477,36.1855],[-108.5453,36.1754],[-108.5672,36.1651],[-108.6752,36.1445],[-108.696,36.1309],[-108.7171,36.1297],[-108.7216,36.1221],[-108.7354,36.1158],[-108.7326,36.1135],[-108.7606,36.1017],[-108.7592,36.1081],[-108.8386,36.0939],[-108.8572,36.0979],[-108.8619,36.0882],[-108.8729,36.0882],[-108.8975,36.0768],[-108.9015,36.0643],[-108.9035,36.036],[-108.8892,36.0534],[-108.8737,36.0566],[-108.8819,36.0506],[-108.8828,36.0411],[-108.8938,36.0355],[-108.897,36.0132],[-108.9082,36.0027],[-108.8647,36.0027],[-108.8598,35.9076],[-108.8544,35.8794],[-108.7936,35.8278],[-108.7642,35.8181],[-108.7668,35.808],[-108.7606,35.8013],[-108.7599,35.7824],[-108.7528,35.772],[-108.7345,35.7763],[-108.6741,35.7523],[-108.7508,35.7507],[-108.7747,35.7574],[-108.7739,35.7625],[-108.7899,35.761],[-108.8161,35.7687],[-108.8599,35.7605],[-108.8602,35.7672],[-108.8898,35.7515],[-108.9084,35.7519],[-108.9081,35.7457],[-108.9191,35.7402],[-108.914,35.7073],[-108.9319,35.6808],[-108.9259,35.6721],[-108.9045,35.662],[-108.9081,35.6537],[-108.8995,35.6536],[-108.8994,35.6099],[-108.882,35.6099],[-108.8823,35.5444],[-108.8642,35.5435],[-108.8641,35.5358],[-108.8554,35.5359],[-108.8553,35.5288],[-108.8638,35.5289],[-108.8749,35.5117],[-108.8706,35.5219],[-108.8827,35.5223],[-108.8834,35.4842],[-108.8878,35.4899],[-108.899,35.4871],[-108.9336,35.4686],[-108.9366,35.4504],[-108.9185,35.4506],[-108.9186,35.4197],[-108.9134,35.4228],[-108.9058,35.4143],[-108.9098,35.4251],[-108.9038,35.4209],[-108.9012,35.4279],[-108.896,35.4257],[-108.8877,35.431],[-108.8929,35.4402],[-108.877,35.4341],[-108.8789,35.4287],[-108.8692,35.4285],[-108.8625,35.4395],[-108.8608,35.4349],[-108.8569,35.4404],[-108.8498,35.4376],[-108.845,35.4293],[-108.8471,35.4215],[-108.8446,35.4361],[-108.8763,35.459],[-108.8814,35.4674],[-108.8739,35.4696],[-108.8783,35.4797],[-108.8483,35.4793],[-108.8478,35.4931],[-108.8304,35.4934],[-108.8303,35.4796],[-108.8216,35.4796],[-108.8216,35.4865],[-108.8128,35.4865],[-108.8129,35.4796],[-108.7867,35.4797],[-108.7865,35.4652],[-108.7777,35.4652],[-108.7777,35.458],[-108.7732,35.458],[-108.7732,35.4652],[-108.7597,35.4652],[-108.7599,35.4797],[-108.7422,35.4797],[-108.7386,35.5084],[-108.7283,35.5116],[-108.7309,35.519],[-108.7234,35.5187],[-108.723,35.5299],[-108.709,35.5294],[-108.7067,35.5198],[-108.7065,35.5229],[-108.6931,35.5196],[-108.6919,35.5229],[-108.6708,35.5232],[-108.6709,35.5158],[-108.655,35.5158],[-108.6551,35.5231],[-108.6352,35.5232],[-108.6352,35.5315],[-108.6673,35.5288],[-108.6798,35.5375],[-108.6979,35.5384],[-108.6989,35.5527],[-108.6899,35.5522],[-108.6873,35.6087],[-108.6886,35.6527],[-108.6955,35.6528],[-108.6952,35.6599],[-108.4195,35.6588],[-108.3608,35.7456],[-108.3536,35.7679],[-108.3443,35.7703],[-108.3201,35.8027],[-108.2859,35.8057],[-108.2834,35.7924],[-108.2706,35.7927],[-108.272,36.0022],[-108.374,36.0024],[-108.3765,36.0196],[-108.3563,36.1152],[-108.3559,36.1492],[-108.3687,36.1765],[-108.3559,36.1889],[-108.3451,36.1868],[-108.332,36.204],[-108.3129,36.1976],[-108.2956,36.2003],[-108.2695,36.219],[-108.2714,36.3046],[-108.2517,36.3344],[-108.2518,36.4636],[-108.2567,36.4836],[-108.2339,36.5],[-108.2339,36.6367],[-108.2159,36.6815],[-108.2236,36.6978],[-108.2377,36.7112],[-108.2245,36.7217],[-108.23,36.7264],[-108.2499,36.7254],[-108.2495,36.7333],[-108.2563,36.7368],[-108.2669,36.7299],[-108.2918,36.7288],[-108.3017,36.7211],[-108.3178,36.7244],[-108.3278,36.7205],[-108.3427,36.7252],[-108.3433,36.7335],[-108.4031,36.7394],[-108.4161,36.7509],[-108.4396,36.7411],[-108.4598,36.7421],[-108.5008,36.7545],[-108.5214,36.7459],[-108.5371,36.7462],[-108.5369,36.7982],[-108.5295,36.7979],[-108.5211,36.8067],[-108.5368,36.8074],[-108.5363,36.8503],[-108.2513,36.8501],[-108.2514,36.8062],[-108.2879,36.8061],[-108.2879,36.7636],[-108.2379,36.7664],[-108.2422,36.758],[-108.2241,36.7567],[-108.1774,36.8047],[-108.1688,36.826],[-108.1252,36.8736],[-108.105,36.8873],[-108.1013,36.8977],[-108.0524,36.94],[-108.0236,36.9914],[-108.0335,36.9997],[-109.0452,36.999],[-109.0456,36.5276]]]},"properties":{"geoid":"35003","state":"35","district":"003","name":"State Senate District 3","chamber":"Senate"}},{"type":"Feature","geometry":{"type":"Polygon","coordinates":[[[-109.047,35.3934],[-109.046,35.1755],[-108.8476,35.1766],[-108.8369,35.1657],[-108.8385,35.125],[-108.8561,35.1061],[-108.8374,35.1132],[-108.8359,35.1093],[-108.842,35.0896],[-108.852,35.0931],[-108.8515,35.0686],[-108.8101,35.0757],[-108.7653,35.0561],[-108.7489,35.0556],[-108.7149,35.0653],[-108.7335,35.0838],[-108.7364,35.0994],[-108.7058,35.1119],[-108.6361,35.1218],[-108.6128,35.1178],[-108.5858,35.1062],[-108.5704,35.1056],[-108.54,35.1221],[-108.5418,34.9898],[-108.5238,34.9907],[-108.5221,34.9737],[-108.5045,34.9737],[-108.5044,34.9591],[-108.5208,34.9591],[-108.5206,34.9439],[-108.5385,34.9438],[-108.5381,34.9294],[-108.5556,34.9296],[-108.5413,34.9025],[-108.5478,34.8959],[-108.5662,34.8906],[-108.5583,34.8787],[-108.5738,34.8679],[-108.5667,34.8659],[-108.5727,34.8571],[-108.572,34.785],[-108.5548,34.785],[-108.5554,34.7991],[-108.5378,34.7993],[-108.5373,34.7849],[-108.5022,34.7849],[-108.5025,34.7773],[-108.4937,34.7774],[-108.4934,34.7849],[-108.4846,34.7849],[-108.4843,34.7991],[-108.4676,34.7987],[-108.4675,34.784],[-108.4496,34.7841],[-108.4495,34.7987],[-108.4462,34.7988],[-108.4318,34.7988],[-108.4317,34.7842],[-108.3786,34.7843],[-108.3788,34.7989],[-108.3617,34.7989],[-108.3617,34.7261],[-108.3445,34.7262],[-108.3447,34.7119],[-108.3617,34.7118],[-108.3618,34.6969],[-108.274,34.6973],[-108.2741,34.7117],[-108.2567,34.7117],[-108.2567,34.7481],[-108.2358,34.7535],[-108.2192,34.7756],[-108.202,34.7796],[-108.1717,34.76],[-108.1412,34.7494],[-108.043,34.7248],[-108.0301,34.7122],[-108.0283,34.7027],[-107.9897,34.7107],[-107.9658,34.7332],[-107.9613,34.7527],[-107.9523,34.7659],[-107.9099,34.8113],[-107.9085,34.8279],[-107.9178,34.8435],[-107.9038,34.8719],[-107.8953,34.8772],[-107.8871,34.8727],[-107.8703,34.8796],[-107.8407,34.9323],[-107.8239,34.9411],[-107.8052,34.9799],[-107.8147,35.0074],[-107.8145,35.0241],[-107.7934,35.0697],[-107.7704,35.0846],[-107.8298,35.124],[-107.8274,35.1322],[-107.8313,35.141],[-107.8183,35.1466],[-107.8119,35.1611],[-107.8342,35.1616],[-107.8121,35.1798],[-107.8355,35.1828],[-107.8355,35.1756],[-107.8446,35.1755],[-107.8446,35.1703],[-107.8767,35.2082],[-107.8363,35.2663],[-107.8354,35.305],[-108.1588,35.3065],[-108.1584,35.35],[-108.2112,35.3502],[-108.2117,35.3645],[-108.1939,35.3644],[-108.1939,35.3789],[-108.1762,35.3789],[-108.1762,35.3885],[-108.1584,35.3872],[-108.1594,35.4095],[-108.2087,35.4081],[-108.2116,35.4131],[-108.2296,35.4132],[-108.2479,35.4091],[-108.2475,35.4237],[-108.2999,35.4226],[-108.2998,35.4299],[-108.3174,35.43],[-108.3173,35.4373],[-108.3429,35.4372],[-108.3526,35.4414],[-108.3522,35.4732],[-108.3698,35.4733],[-108.3723,35.6581],[-108.6952,35.6599],[-108.6955,35.6528],[-108.6886,35.6527],[-108.6873,35.6087],[-108.6899,35.5522],[-108.6989,35.5527],[-108.6979,35.5384],[-108.6798,35.5375],[-108.6673,35.5288],[-108.6352,35.5315],[-108.6352,35.5232],[-108.6551,35.5231],[-108.655,35.5158],[-108.6709,35.5158],[-108.6708,35.5232],[-108.6919,35.5229],[-108.6931,35.5196],[-108.7065,35.5229],[-108.7067,35.5198],[-108.709,35.5294],[-108.723,35.5299],[-108.7234,35.5187],[-108.7309,35.519],[-108.7283,35.5116],[-108.7386,35.5084],[-108.7422,35.4797],[-108.7599,35.4797],[-108.7597,35.4652],[-108.7732,35.4652],[-108.7732,35.458],[-108.7777,35.458],[-108.7777,35.4652],[-108.7865,35.4652],[-108.7867,35.4797],[-108.8129,35.4796],[-108.8128,35.4865],[-108.8216,35.4865],[-108.8216,35.4796],[-108.8303,35.4796],[-108.8304,35.4934],[-108.8478,35.4931],[-108.8483,35.4793],[-108.8783,35.4797],[-108.8739,35.4696],[-108.8814,35.4674],[-108.8763,35.459],[-108.8446,35.4361],[-108.8471,35.4215],[-108.845,35.4293],[-108.8498,35.4376],[-108.8569,35.4404],[-108.8608,35.4349],[-108.8625,35.4395],[-108.8692,35.4285],[-108.8789,35.4287],[-108.877,35.4341],[-108.8929,35.4402],[-108.8877,35.431],[-108.896,35.4257],[-108.9012,35.4279],[-108.9038,35.4209],[-108.9098,35.4251],[-108.9058,35.4143],[-108.9134,35.4228],[-108.9186,35.4197],[-108.9185,35.4506],[-108.9366,35.4504],[-108.9336,35.4686],[-108.899,35.4871],[-108.8878,35.4899],[-108.8834,35.4842],[-108.8827,35.5223],[-108.8706,35.5219],[-108.8749,35.5117],[-108.8638,35.5289],[-108.8553,35.5288],[-108.8554,35.5359],[-108.8641,35.5358],[-108.8642,35.5435],[-108.8823,35.5444],[-108.882,35.6099],[-108.8994,35.6099],[-108.8995,35.6536],[-108.9081,35.6537],[-108.9045,35.662],[-108.9259,35.6721],[-108.9319,35.6808],[-108.914,35.7073],[-108.9191,35.7402],[-108.9081,35.7457],[-108.9084,35.7519],[-108.8898,35.7515],[-108.8602,35.7672],[-108.8599,35.7605],[-108.8161,35.7687],[-108.7899,35.761],[-108.7739,35.7625],[-108.7747,35.7574],[-108.7508,35.7507],[-108.6741,35.7518],[-108.7345,35.7763],[-108.7528,35.772],[-108.7599,35.7824],[-108.7606,35.8013],[-108.7668,35.808],[-108.7642,35.8181],[-108.7936,35.8278],[-108.8544,35.8794],[-108.8598,35.9076],[-108.8647,36.0027],[-108.9082,36.0027],[-108.897,36.0132],[-108.8938,36.0357],[-108.8828,36.0411],[-108.8819,36.0506],[-108.8734,36.0546],[-108.8885,36.0539],[-108.9041,36.0362],[-108.8999,36.0697],[-108.8975,36.0768],[-108.8862,36.0789],[-108.8785,36.0862],[-108.8614,36.0885],[-108.8572,36.0979],[-108.8386,36.0939],[-108.7592,36.1081],[-108.7606,36.1017],[-108.7326,36.1135],[-108.7354,36.1158],[-108.7216,36.1221],[-108.7171,36.1297],[-108.696,36.1309],[-108.6752,36.1445],[-108.5672,36.1651],[-108.5453,36.1754],[-108.5477,36.1855],[-108.5365,36.207],[-108.5393,36.2156],[-108.5538,36.2231],[-108.5497,36.2392],[-108.561,36.2541],[-108.5581,36.2651],[-108.5641,36.2759],[-108.5414,36.307],[-108.5519,36.3292],[-108.5659,36.3385],[-108.5695,36.3497],[-108.5656,36.3553],[-108.567,36.3704],[-108.5897,36.3779],[-108.5826,36.3976],[-108.5923,36.4049],[-108.5961,36.4198],[-108.5923,36.4208],[-108.5919,36.4286],[-108.5777,36.4373],[-108.5773,36.4444],[-108.5677,36.4545],[-108.5667,36.471],[-108.5619,36.4728],[-108.573,36.4877],[-108.5677,36.5043],[-108.5758,36.5143],[-108.5668,36.528],[-108.5727,36.5322],[-108.5676,36.548],[-108.5744,36.5586],[-108.5665,36.5742],[-108.5784,36.5924],[-108.5727,36.6025],[-108.5628,36.6074],[-108.573,36.6123],[-108.5626,36.6139],[-108.5631,36.6213],[-108.5526,36.6242],[-108.5466,36.6375],[-108.5291,36.6422],[-108.5341,36.647],[-108.5245,36.652],[-108.5283,36.6569],[-108.5566,36.655],[-109.0456,36.5273],[-109.047,35.3934]]]},"properties":{"geoid":"35004","state":"35","district":"004","name":"State Senate District 4","chamber":"Senate"}},{"type":"Feature","geometry":{"type":"Polygon","coordinates":[[[-106.9014,36.6154],[-106.8957,36.6032],[-106.8682,36.6007],[-106.845,36.5737],[-106.8353,36.554],[-106.8301,36.5247],[-106.8194,36.5217],[-106.8037,36.5275],[-106.7937,36.5413],[-106.7889,36.531],[-106.7703,36.5254],[-106.7584,36.5262],[-106.7588,36.5342],[-106.7419,36.5346],[-106.7386,36.5388],[-106.7295,36.5329],[-106.7349,36.5232],[-106.7246,36.5232],[-106.7202,36.5187],[-106.7224,36.5104],[-106.7311,36.5057],[-106.7308,36.4981],[-106.7247,36.4845],[-106.7102,36.4748],[-106.7054,36.4661],[-106.701,36.4514],[-106.7057,36.4486],[-106.7049,36.4236],[-106.6964,36.4123],[-106.6904,36.3886],[-106.683,36.3825],[-106.6789,36.3704],[-106.6825,36.3652],[-106.6755,36.36],[-106.6736,36.3502],[-106.6605,36.3505],[-106.6458,36.3364],[-106.6365,36.3367],[-106.6086,36.3213],[-106.5698,36.309],[-106.5516,36.3109],[-106.5133,36.3379],[-106.5026,36.3214],[-106.4396,36.3019],[-106.4236,36.2675],[-106.4102,36.2543],[-106.4213,36.2515],[-106.4282,36.2437],[-106.4265,36.2385],[-106.4179,36.2395],[-106.3978,36.2289],[-106.3921,36.2343],[-106.3774,36.2226],[-106.3526,36.2133],[-106.3627,36.1966],[-106.3785,36.184],[-106.3781,36.1689],[-106.3696,36.1612],[-106.3483,36.168],[-106.3478,36.1599],[-106.3411,36.1544],[-106.337,36.0948],[-106.3403,36.0839],[-106.3333,36.071],[-106.3412,36.0542],[-106.3031,36.0377],[-106.3116,36.036],[-106.3121,36.0211],[-106.382,36.0004],[-106.2472,36.0014],[-106.2466,35.9732],[-106.2482,35.9663],[-106.2642,35.9655],[-106.2642,35.9728],[-106.3004,35.9734],[-106.3002,35.9584],[-106.3168,35.9585],[-106.3154,35.9524],[-106.3861,35.9527],[-106.3858,35.9599],[-106.3995,35.9601],[-106.3996,35.8282],[-106.3635,35.8332],[-106.3628,35.8376],[-106.3609,35.8343],[-106.349,35.8713],[-106.3222,35.8775],[-106.3204,35.8691],[-106.3021,35.8606],[-106.2777,35.8587],[-106.2483,35.8392],[-106.2456,35.9307],[-106.0543,35.9308],[-106.0542,35.9859],[-106.0289,35.9621],[-106.0072,35.981],[-106.0005,35.9804],[-105.9956,35.9956],[-105.9644,36.0021],[-105.9877,36.0021],[-105.99,36.0263],[-105.9823,36.0491],[-105.9702,36.0523],[-105.9608,36.047],[-105.9543,36.0519],[-105.9287,36.0478],[-105.9122,36.04],[-105.9023,36.0438],[-105.894,36.0405],[-105.8652,36.0501],[-105.8637,36.0669],[-105.8778,36.075],[-105.8854,36.0926],[-105.9375,36.1319],[-105.912,36.1397],[-105.8877,36.1316],[-105.853,36.1311],[-105.8528,36.1351],[-105.8432,36.1314],[-105.8662,36.1655],[-105.8618,36.1801],[-105.8684,36.193],[-105.8587,36.2047],[-105.8381,36.2106],[-105.8569,36.2304],[-106.0584,36.297],[-106.0383,36.3257],[-106.0018,36.332],[-105.96,36.3538],[-105.9515,36.3798],[-105.9545,36.4257],[-105.9385,36.4655],[-105.9418,36.4966],[-105.9524,36.5196],[-105.9548,36.5392],[-105.9499,36.5432],[-105.9725,36.6481],[-105.9844,36.6453],[-105.9843,36.6596],[-105.9681,36.6612],[-105.9811,36.7128],[-105.9773,36.7225],[-105.9845,36.8114],[-105.9746,36.8375],[-105.9719,36.8862],[-105.9858,36.9204],[-105.988,36.9405],[-106.0064,36.9814],[-106.0063,36.9953],[-106.3397,36.994],[-106.3469,36.9744],[-106.3677,36.9646],[-106.3726,36.946],[-106.3715,36.9318],[-106.3558,36.9261],[-106.358,36.909],[-106.3459,36.9014],[-106.3473,36.8872],[-106.343,36.877],[-106.3268,36.8737],[-106.3143,36.8815],[-106.288,36.8863],[-106.2816,36.8888],[-106.2739,36.9059],[-106.2514,36.9082],[-106.2406,36.8949],[-106.2286,36.8968],[-106.2208,36.8925],[-106.2059,36.8989],[-106.1912,36.8978],[-106.1815,36.8815],[-106.1818,36.8732],[-106.1572,36.8705],[-106.1502,36.8624],[-106.1858,36.8537],[-106.192,36.8435],[-106.2265,36.8257],[-106.2291,36.8163],[-106.2408,36.8147],[-106.2575,36.7989],[-106.26,36.8038],[-106.2789,36.81],[-106.3342,36.8132],[-106.3506,36.7993],[-106.3599,36.799],[-106.3596,36.7917],[-106.375,36.7851],[-106.401,36.8045],[-106.4184,36.8092],[-106.4455,36.8257],[-106.4579,36.818],[-106.4834,36.8148],[-106.4851,36.7968],[-106.4929,36.7965],[-106.5033,36.8087],[-106.5179,36.8025],[-106.5376,36.8087],[-106.5661,36.8076],[-106.5558,36.7822],[-106.556,36.7759],[-106.5623,36.7744],[-106.5608,36.7784],[-106.5708,36.7808],[-106.5926,36.8083],[-106.6287,36.7874],[-106.6262,36.7795],[-106.6331,36.7658],[-106.627,36.7611],[-106.6259,36.7444],[-106.6349,36.7382],[-106.6929,36.7477],[-106.7088,36.7583],[-106.7338,36.7614],[-106.7627,36.7725],[-106.7802,36.7685],[-106.7869,36.777],[-106.8139,36.7886],[-106.8208,36.8002],[-106.8509,36.8082],[-106.8805,36.8058],[-106.8822,36.7767],[-106.8759,36.7638],[-106.8753,36.744],[-106.8875,36.7125],[-106.8564,36.667],[-106.8649,36.6425],[-106.9014,36.6154]]]},"properties":{"geoid":"35005","state":"35","district":"005","name":"State Senate District 5","chamber":"Senate"}},{"type":"Feature","geometry":{"type":"Polygon","coordinates":[[[-106.4188,35.8256],[-106.414,35.8133],[-106.403,35.808],[-106.3824,35.808],[-106.3704,35.8131],[-106.357,35.807],[-106.357,35.8164],[-106.2826,35.7919],[-106.2578,35.7697],[-106.2541,35.7543],[-106.2085,35.7778],[-106.1962,35.79],[-106.1938,35.804],[-106.1805,35.8088],[-106.1781,35.8211],[-106.1665,35.8324],[-106.1548,35.8304],[-106.1403,35.8169],[-106.1261,35.8115],[-106.0959,35.8107],[-106.0703,35.8222],[-106.0411,35.8112],[-106.0183,35.8494],[-106.0157,35.8389],[-105.9886,35.8397],[-105.9962,35.8521],[-105.9881,35.8466],[-105.929,35.8487],[-105.9289,35.8268],[-105.8747,35.8264],[-105.8723,35.8524],[-105.8653,35.843],[-105.8452,35.8429],[-105.8392,35.8356],[-105.8118,35.8298],[-105.7911,35.8196],[-105.7773,35.821],[-105.7681,35.8328],[-105.7598,35.8306],[-105.7528,35.8354],[-105.7353,35.8245],[-105.7219,35.8243],[-105.7175,35.9787],[-105.7076,35.9687],[-105.6809,35.9686],[-105.66,35.9585],[-105.6452,35.9622],[-105.6443,35.9693],[-105.6321,35.9796],[-105.6034,35.9733],[-105.5918,35.9765],[-105.5715,35.9726],[-105.5575,35.984],[-105.5371,35.9909],[-105.5301,36.0018],[-105.5321,36.0118],[-105.5087,36.0191],[-105.4893,36.0374],[-105.42,36.1317],[-105.421,36.1485],[-105.4147,36.1571],[-105.4213,36.162],[-105.4218,36.1697],[-105.397,36.1916],[-105.3992,36.2033],[-105.3928,36.2161],[-105.3993,36.2298],[-105.4097,36.2368],[-105.3938,36.2435],[-105.3874,36.2528],[-105.3413,36.2619],[-105.328,36.2765],[-105.3339,36.2768],[-105.3389,36.2696],[-105.346,36.271],[-105.34,36.2759],[-105.3444,36.2873],[-105.374,36.2908],[-105.4022,36.3113],[-105.4204,36.3134],[-105.4109,36.3289],[-105.414,36.3344],[-105.4968,36.3385],[-105.4997,36.3558],[-105.517,36.3593],[-105.5295,36.3809],[-105.5451,36.3755],[-105.5648,36.3774],[-105.5778,36.3876],[-105.5681,36.4005],[-105.5699,36.4046],[-105.56,36.4087],[-105.4999,36.401],[-105.4877,36.4167],[-105.4686,36.4027],[-105.4525,36.4097],[-105.4361,36.4018],[-105.4259,36.4089],[-105.4154,36.4091],[-105.4071,36.4003],[-105.3876,36.3993],[-105.3829,36.4048],[-105.3664,36.4067],[-105.352,36.4211],[-105.3514,36.4368],[-105.3571,36.4515],[-105.3393,36.4708],[-105.3364,36.4835],[-105.3222,36.4867],[-105.3187,36.4917],[-105.3436,36.5106],[-105.3484,36.5328],[-105.3777,36.5521],[-105.3753,36.5562],[-105.3493,36.5622],[-105.3579,36.5897],[-105.3748,36.6086],[-105.3658,36.6274],[-105.351,36.6334],[-105.3641,36.6541],[-105.3602,36.6625],[-105.3696,36.67],[-105.3707,36.6809],[-105.3523,36.6972],[-105.3355,36.7025],[-105.322,36.6984],[-105.312,36.7175],[-105.3132,36.7232],[-105.2908,36.7285],[-105.2953,36.7301],[-105.2874,36.7329],[-105.2812,36.746],[-105.2682,36.7564],[-105.2741,36.7624],[-105.2693,36.769],[-105.2781,36.7823],[-105.2981,36.7959],[-105.2988,36.8049],[-105.3045,36.8042],[-105.3193,36.8004],[-105.3258,36.7857],[-105.3357,36.7831],[-105.3292,36.779],[-105.3517,36.7754],[-105.358,36.7664],[-105.3709,36.77],[-105.3728,36.7773],[-105.3978,36.7633],[-105.4313,36.7588],[-105.4614,36.7376],[-105.4845,36.7325],[-105.5037,36.7369],[-105.5385,36.7271],[-105.5435,36.7307],[-105.5712,36.7297],[-105.582,36.7458],[-105.6022,36.7419],[-105.6047,36.7517],[-105.6301,36.7618],[-105.6377,36.7354],[-105.6422,36.731],[-105.6506,36.7323],[-105.6449,36.71],[-105.6489,36.7071],[-105.6443,36.7008],[-105.651,36.684],[-105.6595,36.681],[-105.6755,36.659],[-105.694,36.6479],[-105.687,36.6784],[-105.7051,36.6885],[-105.7065,36.6944],[-105.6704,36.7645],[-105.6872,36.7836],[-105.6859,36.8026],[-105.6992,36.8118],[-105.692,36.8224],[-105.6941,36.8341],[-105.6842,36.8441],[-105.5854,36.8438],[-105.5828,36.8745],[-105.5571,36.9305],[-105.5557,36.9247],[-105.546,36.9197],[-105.547,36.9397],[-105.5376,36.9427],[-105.5297,36.958],[-105.517,36.9667],[-105.4863,36.9641],[-105.4579,36.9452],[-105.436,36.9659],[-105.4197,36.9953],[-106.0063,36.9953],[-106.0064,36.9814],[-105.988,36.9405],[-105.9858,36.9204],[-105.9719,36.8862],[-105.9746,36.8375],[-105.9845,36.8114],[-105.9773,36.7225],[-105.9811,36.7128],[-105.9681,36.6612],[-105.9843,36.6596],[-105.9844,36.6453],[-105.9725,36.6481],[-105.9499,36.5432],[-105.9548,36.5392],[-105.9524,36.5196],[-105.9418,36.4966],[-105.9385,36.4655],[-105.9545,36.4257],[-105.9515,36.3798],[-105.96,36.3538],[-106.0018,36.332],[-106.0383,36.3257],[-106.0584,36.297],[-105.8569,36.2304],[-105.8381,36.2106],[-105.8587,36.2047],[-105.8684,36.193],[-105.8618,36.1801],[-105.8662,36.1655],[-105.8432,36.1314],[-105.8528,36.1351],[-105.853,36.1311],[-105.8877,36.1316],[-105.912,36.1397],[-105.9375,36.1319],[-105.8854,36.0926],[-105.8778,36.075],[-105.8637,36.0669],[-105.8652,36.0501],[-105.894,36.0405],[-105.9023,36.0438],[-105.9122,36.04],[-105.9287,36.0478],[-105.9543,36.0519],[-105.9608,36.047],[-105.9702,36.0523],[-105.9823,36.0491],[-105.99,36.0263],[-105.9877,36.0021],[-105.9644,36.0021],[-105.9956,35.9956],[-106.0005,35.9804],[-106.0072,35.981],[-106.0289,35.9621],[-106.0542,35.9859],[-106.0543,35.9308],[-106.2456,35.9307],[-106.2483,35.8392],[-106.2777,35.8587],[-106.3021,35.8606],[-106.3204,35.8691],[-106.3222,35.8775],[-106.349,35.8713],[-106.3609,35.8343],[-106.3628,35.8376],[-106.3635,35.8332],[-106.3767,35.834],[-106.3904,35.8273],[-106.4188,35.8256]]]},"properties":{"geoid":"35006","state":"35","district":"006","name":"State Senate District 6","chamber":"Senate"}},{"type":"Feature","geometry":{"type":"Polygon","coordinates":[[[-104.1294,34.8987],[-104.1289,34.6052],[-103.7382,34.6047],[-103.7401,34.3031],[-103.4727,34.3033],[-103.4679,34.3073],[-103.468,34.3181],[-103.4601,34.3186],[-103.46,34.4052],[-103.4604,34.414],[-103.4773,34.415],[-103.4779,34.4344],[-103.2493,34.434],[-103.2494,34.3904],[-103.2205,34.3901],[-103.2205,34.3984],[-103.1432,34.3935],[-103.1433,34.4049],[-103.0908,34.4046],[-103.0907,34.419],[-103.0436,34.4191],[-103.0417,36.5004],[-103.0023,36.5009],[-103.0023,37.0001],[-104.0079,36.9961],[-104.0089,36.1745],[-103.794,36.174],[-103.7945,36.0857],[-103.365,36.0861],[-103.3651,35.9987],[-103.3749,35.9987],[-103.3752,35.6525],[-103.3794,35.6525],[-103.3795,35.5632],[-103.4849,35.5632],[-103.4859,35.4912],[-103.5213,35.4912],[-103.5213,35.3895],[-103.389,35.3896],[-103.3797,35.3968],[-103.3796,35.4947],[-103.375,35.5003],[-103.363,35.4843],[-103.3455,35.4732],[-103.3493,35.4625],[-103.344,35.4472],[-103.3252,35.4402],[-103.3432,35.4237],[-103.3265,35.4147],[-103.3149,35.398],[-103.2907,35.3977],[-103.2651,35.3904],[-103.2742,35.3904],[-103.2754,35.374],[-103.2954,35.3699],[-103.2985,35.3722],[-103.2923,35.379],[-103.32,35.3819],[-103.3275,35.3772],[-103.3238,35.3877],[-103.3371,35.393],[-103.3476,35.3863],[-103.357,35.3893],[-103.3653,35.3839],[-103.3736,35.3855],[-103.3773,35.3787],[-103.3753,35.3671],[-103.3923,35.3682],[-103.3947,35.349],[-103.4096,35.3478],[-103.3896,35.3444],[-103.3968,35.3404],[-103.401,35.3265],[-103.3912,35.3223],[-103.401,35.3189],[-103.4015,35.3023],[-103.4069,35.2934],[-103.4148,35.2924],[-103.4147,35.2837],[-103.4673,35.2897],[-103.5674,35.2499],[-103.6594,35.2022],[-103.7149,35.1862],[-103.721,35.1863],[-103.7198,35.1937],[-103.7375,35.1936],[-103.7375,35.1756],[-103.7929,35.1496],[-103.8162,35.1461],[-103.8593,35.1227],[-103.8878,35.12],[-103.9216,35.1289],[-103.9526,35.1263],[-104.1251,35.0834],[-104.1294,34.8987]]]},"properties":{"geoid":"35007","state":"35","district":"007","name":"State Senate District 7","chamber":"Senate"}},{"type":"Feature","geometry":{"type":"Polygon","coordinates":[[[-105.7205,35.8712],[-105.5051,35.8707],[-105.5053,35.7495],[-105.5143,35.753],[-105.5113,35.7479],[-105.5179,35.7451],[-105.5162,35.7403],[-105.5331,35.7478],[-105.5291,35.7376],[-105.5344,35.736],[-105.5376,35.725],[-105.5283,35.7284],[-105.5306,35.7241],[-105.5246,35.7199],[-105.5293,35.7181],[-105.522,35.7159],[-105.5258,35.7068],[-105.5169,35.7081],[-105.5211,35.7004],[-105.5055,35.6932],[-105.5058,35.5635],[-105.4819,35.543],[-105.4824,35.4778],[-105.4917,35.4813],[-105.4957,35.4778],[-105.4991,35.4854],[-105.5072,35.4707],[-105.5176,35.4716],[-105.5458,35.5132],[-105.5702,35.4958],[-105.5692,35.5014],[-105.5772,35.5019],[-105.5825,35.4809],[-105.5794,35.4395],[-105.5866,35.4275],[-105.6001,35.4314],[-105.665,35.4785],[-105.6734,35.4667],[-105.6629,35.4331],[-105.6648,35.4019],[-105.6366,35.4014],[-105.6321,35.3908],[-105.6208,35.3867],[-105.587,35.3334],[-105.5674,35.3335],[-105.5256,35.2878],[-105.5107,35.2806],[-105.4779,35.2916],[-105.4662,35.276],[-105.4663,35.2678],[-105.4514,35.2649],[-105.4365,35.2956],[-105.419,35.2968],[-105.4197,35.3087],[-105.4122,35.3119],[-105.3985,35.309],[-105.3989,35.3001],[-105.3646,35.3039],[-105.3668,35.3218],[-105.3717,35.3256],[-105.365,35.339],[-105.3862,35.3492],[-105.3878,35.3662],[-105.3932,35.3707],[-105.3734,35.3704],[-105.3775,35.3887],[-105.3869,35.3931],[-105.3804,35.3959],[-105.4066,35.3981],[-105.4088,35.4107],[-105.394,35.4341],[-105.3336,35.4496],[-105.3294,35.4406],[-105.3185,35.4356],[-105.3166,35.4222],[-105.3114,35.4174],[-105.2941,35.4201],[-105.2847,35.416],[-105.2854,35.422],[-105.2725,35.4334],[-105.2616,35.4273],[-105.2587,35.4308],[-105.252,35.4161],[-105.2313,35.4009],[-105.2442,35.3876],[-105.2337,35.3845],[-105.2301,35.3747],[-105.2439,35.3686],[-105.2474,35.3607],[-105.2336,35.3541],[-105.2267,35.3426],[-105.2161,35.3395],[-105.2137,35.3252],[-105.2012,35.3278],[-105.201,35.3214],[-105.1913,35.3173],[-105.1907,35.3087],[-105.1794,35.3068],[-105.1835,35.2971],[-105.1777,35.2853],[-105.1613,35.2796],[-105.173,35.2746],[-105.1744,35.2693],[-105.1678,35.2649],[-105.1733,35.26],[-105.1653,35.2523],[-105.1682,35.2434],[-105.1644,35.2373],[-105.1832,35.2407],[-105.1853,35.235],[-105.1864,35.2398],[-105.1998,35.2427],[-105.208,35.2368],[-105.2295,35.248],[-105.2493,35.2422],[-105.2538,35.2363],[-105.2603,35.2373],[-105.259,35.2165],[-105.2912,35.2165],[-105.2904,34.6068],[-105.3128,34.607],[-105.3131,34.3472],[-104.8917,34.347],[-104.892,34.6044],[-104.4448,34.605],[-104.4449,34.6917],[-104.3397,34.6922],[-104.3398,34.7791],[-104.1291,34.7793],[-104.1251,35.0834],[-103.9526,35.1263],[-103.9216,35.1289],[-103.8878,35.12],[-103.8593,35.1227],[-103.8162,35.1461],[-103.7929,35.1496],[-103.7375,35.1756],[-103.7375,35.1936],[-103.7198,35.1937],[-103.721,35.1863],[-103.7149,35.1862],[-103.6594,35.2022],[-103.5674,35.2499],[-103.4673,35.2897],[-103.4147,35.2837],[-103.4148,35.2924],[-103.4069,35.2934],[-103.4015,35.3023],[-103.401,35.3189],[-103.3912,35.3223],[-103.401,35.3265],[-103.3968,35.3404],[-103.3896,35.3444],[-103.4096,35.3478],[-103.3947,35.349],[-103.3923,35.3682],[-103.3753,35.3671],[-103.3773,35.3787],[-103.3736,35.3855],[-103.3653,35.3839],[-103.357,35.3893],[-103.3476,35.3863],[-103.3371,35.393],[-103.3238,35.3877],[-103.3275,35.3772],[-103.32,35.3819],[-103.2923,35.379],[-103.2985,35.3722],[-103.2954,35.3699],[-103.2754,35.374],[-103.2742,35.3904],[-103.2651,35.3904],[-103.2907,35.3977],[-103.3149,35.398],[-103.3265,35.4147],[-103.3432,35.4237],[-103.3252,35.4402],[-103.344,35.4472],[-103.3493,35.4625],[-103.3455,35.4732],[-103.363,35.4843],[-103.375,35.5003],[-103.3796,35.4947],[-103.3797,35.3968],[-103.389,35.3896],[-103.5213,35.3895],[-103.5213,35.4912],[-103.4859,35.4912],[-103.4849,35.5632],[-103.3795,35.5632],[-103.3794,35.6525],[-103.3752,35.6525],[-103.3749,35.9987],[-103.3651,35.9987],[-103.365,36.0861],[-103.7945,36.0857],[-103.794,36.174],[-104.0089,36.1745],[-104.0079,36.9961],[-105.4197,36.9953],[-105.436,36.9659],[-105.4579,36.9452],[-105.4859,36.964],[-105.5216,36.9642],[-105.536,36.9503],[-105.5376,36.9427],[-105.547,36.9397],[-105.546,36.9197],[-105.5557,36.9247],[-105.5571,36.9305],[-105.5828,36.8745],[-105.5854,36.8438],[-105.6842,36.8441],[-105.6931,36.836],[-105.692,36.8224],[-105.6992,36.8113],[-105.6859,36.8026],[-105.6872,36.7836],[-105.6704,36.7645],[-105.7065,36.6911],[-105.687,36.6784],[-105.6939,36.648],[-105.6755,36.659],[-105.6595,36.681],[-105.651,36.684],[-105.6443,36.7008],[-105.6489,36.7071],[-105.6449,36.71],[-105.6506,36.7323],[-105.6422,36.731],[-105.6377,36.7354],[-105.6295,36.762],[-105.6047,36.7517],[-105.6022,36.7419],[-105.582,36.7458],[-105.5712,36.7297],[-105.5435,36.7307],[-105.5385,36.7271],[-105.5037,36.7369],[-105.4845,36.7325],[-105.4614,36.7376],[-105.4313,36.7588],[-105.3978,36.7633],[-105.3728,36.7773],[-105.3709,36.77],[-105.358,36.7664],[-105.3517,36.7754],[-105.3292,36.779],[-105.3357,36.7831],[-105.3259,36.7857],[-105.3157,36.8019],[-105.2988,36.8049],[-105.2981,36.7959],[-105.2781,36.7823],[-105.2693,36.769],[-105.2739,36.7617],[-105.2681,36.7565],[-105.2812,36.746],[-105.2874,36.7329],[-105.2953,36.7301],[-105.2908,36.7285],[-105.3132,36.7232],[-105.312,36.7175],[-105.322,36.6984],[-105.3355,36.7025],[-105.3523,36.6972],[-105.3707,36.6809],[-105.3696,36.67],[-105.3602,36.6625],[-105.3641,36.6541],[-105.351,36.6334],[-105.3658,36.6274],[-105.3748,36.6086],[-105.3579,36.5897],[-105.3493,36.5622],[-105.3753,36.5562],[-105.3777,36.5521],[-105.3484,36.5328],[-105.3436,36.5106],[-105.3187,36.4917],[-105.3222,36.4867],[-105.3364,36.4835],[-105.3393,36.4708],[-105.3571,36.4515],[-105.3514,36.4368],[-105.352,36.4211],[-105.3664,36.4067],[-105.3829,36.4048],[-105.3876,36.3993],[-105.4071,36.4003],[-105.4154,36.4091],[-105.4259,36.4089],[-105.4361,36.4018],[-105.4525,36.4097],[-105.4686,36.4027],[-105.4877,36.4167],[-105.4999,36.401],[-105.56,36.4087],[-105.5699,36.4046],[-105.5681,36.4005],[-105.5778,36.3876],[-105.5648,36.3774],[-105.5451,36.3755],[-105.5295,36.3809],[-105.517,36.3593],[-105.4997,36.3558],[-105.4968,36.3385],[-105.414,36.3344],[-105.4109,36.3289],[-105.4204,36.3134],[-105.4022,36.3113],[-105.374,36.2908],[-105.3444,36.2873],[-105.34,36.2759],[-105.346,36.271],[-105.3389,36.2696],[-105.3339,36.2768],[-105.328,36.2765],[-105.3413,36.2619],[-105.3874,36.2528],[-105.3938,36.2435],[-105.4097,36.2368],[-105.3993,36.2298],[-105.3928,36.2161],[-105.3992,36.2033],[-105.397,36.1916],[-105.4218,36.1697],[-105.4213,36.162],[-105.4147,36.1571],[-105.421,36.1485],[-105.42,36.1317],[-105.4893,36.0374],[-105.5087,36.0191],[-105.5328,36.0111],[-105.5301,36.0018],[-105.5371,35.9909],[-105.5567,35.9845],[-105.5724,35.9725],[-105.6321,35.9796],[-105.6443,35.9693],[-105.6452,35.9622],[-105.66,35.9585],[-105.6809,35.9686],[-105.7076,35.9687],[-105.7175,35.9787],[-105.7205,35.8712]]]},"properties":{"geoid":"35008","state":"35","district":"008","name":"State Senate District 8","chamber":"Senate"}},{"type":"Feature","geometry":{"type":"Polygon","coordinates":[[[-106.681,35.198],[-106.6769,35.1905],[-106.6797,35.1869],[-106.6682,35.181],[-106.6473,35.2031],[-106.6434,35.1978],[-106.6381,35.2039],[-106.6045,35.2179],[-106.4024,35.2174],[-106.403,35.2267],[-106.4146,35.2287],[-106.4085,35.2302],[-106.4138,35.2398],[-106.4113,35.2499],[-106.4015,35.2321],[-106.3844,35.2501],[-106.3529,35.2663],[-106.3457,35.2772],[-106.349,35.2952],[-106.359,35.3032],[-106.3526,35.3094],[-106.3561,35.3166],[-106.3533,35.3152],[-106.3465,35.3553],[-106.3406,35.3597],[-106.3552,35.3662],[-106.3983,35.3652],[-106.4088,35.3905],[-106.4366,35.3959],[-106.4385,35.3998],[-106.4619,35.3844],[-106.4872,35.3932],[-106.5014,35.3925],[-106.5012,35.3823],[-106.5141,35.3819],[-106.5313,35.3692],[-106.4748,35.3665],[-106.4823,35.3557],[-106.4935,35.3515],[-106.507,35.3344],[-106.5393,35.3343],[-106.5394,35.3261],[-106.5536,35.329],[-106.5489,35.324],[-106.5585,35.3241],[-106.5556,35.3334],[-106.5613,35.3331],[-106.5611,35.3273],[-106.5706,35.3307],[-106.579,35.3113],[-106.66,35.2413],[-106.6639,35.2179],[-106.672,35.2179],[-106.6717,35.2061],[-106.681,35.198]]]},"properties":{"geoid":"35009","state":"35","district":"009","name":"State Senate District 9","chamber":"Senate"}},{"type":"Feature","geometry":{"type":"Polygon","coordinates":[[[-106.7259,35.1655],[-106.7192,35.1576],[-106.7033,35.1615],[-106.6942,35.1557],[-106.6793,35.16],[-106.6863,35.1497],[-106.6784,35.1458],[-106.6899,35.1309],[-106.6918,35.1004],[-106.6714,35.0776],[-106.6628,35.0756],[-106.6678,35.0834],[-106.6502,35.1068],[-106.6648,35.1064],[-106.6685,35.111],[-106.6658,35.1184],[-106.6719,35.1229],[-106.655,35.1227],[-106.6522,35.1363],[-106.6449,35.1362],[-106.6538,35.1386],[-106.6413,35.1386],[-106.6379,35.1559],[-106.644,35.1566],[-106.6428,35.1627],[-106.6389,35.1731],[-106.6331,35.174],[-106.6338,35.1782],[-106.6421,35.1794],[-106.584,35.1744],[-106.574,35.2179],[-106.6045,35.2179],[-106.6381,35.2039],[-106.6434,35.1978],[-106.6473,35.2031],[-106.6682,35.181],[-106.6797,35.1869],[-106.6799,35.2005],[-106.6968,35.2016],[-106.7211,35.1831],[-106.7208,35.1713],[-106.7259,35.1655]]]},"properties":{"geoid":"35010","state":"35","district":"010","name":"State Senate District 10","chamber":"Senate"}},{"type":"Feature","geometry":{"type":"Polygon","coordinates":[[[-106.7639,35.0679],[-106.7603,35.0559],[-106.74,35.0522],[-106.7325,35.039],[-106.696,35.0362],[-106.6942,35.0306],[-106.6985,35.0267],[-106.6859,35.0268],[-106.6804,35.0268],[-106.6777,35.0535],[-106.6685,35.0562],[-106.6662,35.0685],[-106.6816,35.065],[-106.701,35.0679],[-106.6977,35.0765],[-106.7132,35.073],[-106.7106,35.08],[-106.7639,35.0679]]]},"properties":{"geoid":"35011","state":"35","district":"011","name":"State Senate District 11","chamber":"Senate"}},{"type":"Feature","geometry":{"type":"Polygon","coordinates":[[[-106.7368,35.2486],[-106.7368,35.2416],[-106.7259,35.2416],[-106.719,35.233],[-106.7264,35.2217],[-106.7028,35.218],[-106.7072,35.2057],[-106.7277,35.2033],[-106.7277,35.1891],[-106.7201,35.184],[-106.6968,35.2016],[-106.6799,35.2005],[-106.6717,35.2061],[-106.672,35.2179],[-106.6639,35.2179],[-106.6586,35.2401],[-106.6732,35.2415],[-106.6707,35.2573],[-106.677,35.2584],[-106.6834,35.2744],[-106.7368,35.2486]]]},"properties":{"geoid":"35012","state":"35","district":"012","name":"State Senate District 12","chamber":"Senate"}},{"type":"Feature","geometry":{"type":"Polygon","coordinates":[[[-106.6719,35.1229],[-106.6658,35.1184],[-106.6685,35.111],[-106.6648,35.1064],[-106.6502,35.1068],[-106.6687,35.0809],[-106.6597,35.0645],[-106.6612,35.0509],[-106.6535,35.0493],[-106.6525,35.0549],[-106.6453,35.0548],[-106.6483,35.0489],[-106.6376,35.0476],[-106.6399,35.0742],[-106.6362,35.0827],[-106.6268,35.0814],[-106.6255,35.0869],[-106.6182,35.087],[-106.6211,35.0919],[-106.6114,35.102],[-106.6138,35.1074],[-106.6294,35.1055],[-106.6237,35.1205],[-106.5916,35.1444],[-106.584,35.1744],[-106.6402,35.1822],[-106.6421,35.1794],[-106.6338,35.1782],[-106.6331,35.174],[-106.6389,35.1731],[-106.6428,35.1627],[-106.644,35.1566],[-106.6379,35.1559],[-106.6413,35.1386],[-106.6538,35.1386],[-106.6449,35.1362],[-106.6522,35.1363],[-106.655,35.1227],[-106.6719,35.1229]]]},"properties":{"geoid":"35013","state":"35","district":"013","name":"State Senate District 13","chamber":"Senate"}},{"type":"Feature","geometry":{"type":"Polygon","coordinates":[[[-106.7603,35.0559],[-106.7462,34.9962],[-106.7189,34.9918],[-106.7192,34.966],[-106.715,34.9566],[-106.7253,34.9567],[-106.7251,34.9473],[-106.3804,34.9474],[-106.3674,34.9802],[-106.3693,34.9876],[-106.3774,34.9733],[-106.3839,34.9719],[-106.3749,34.9827],[-106.3803,34.9834],[-106.3826,34.9931],[-106.3865,34.9937],[-106.3853,35.0016],[-106.3906,35.0058],[-106.4082,35.0014],[-106.4617,35.0028],[-106.4742,34.9987],[-106.4807,34.991],[-106.5063,34.989],[-106.5488,35.0213],[-106.5794,35.0304],[-106.5862,35.0234],[-106.6106,35.0189],[-106.6329,35.0058],[-106.6442,35.0042],[-106.6385,35.0234],[-106.6296,35.0319],[-106.6287,35.0449],[-106.6308,35.0485],[-106.6483,35.0489],[-106.6453,35.0548],[-106.6525,35.0549],[-106.6535,35.0493],[-106.6612,35.0509],[-106.661,35.0697],[-106.6662,35.0685],[-106.6685,35.0562],[-106.6777,35.0535],[-106.6804,35.0268],[-106.6985,35.0267],[-106.6942,35.0306],[-106.696,35.0362],[-106.7325,35.039],[-106.74,35.0522],[-106.7603,35.0559]]]},"properties":{"geoid":"35014","state":"35","district":"014","name":"State Senate District 14","chamber":"Senate"}},{"type":"Feature","geometry":{"type":"Polygon","coordinates":[[[-106.6293,35.1058],[-106.585,35.1038],[-106.5687,35.0977],[-106.5688,35.1091],[-106.5509,35.1092],[-106.551,35.1268],[-106.5421,35.1268],[-106.545,35.1312],[-106.5396,35.1328],[-106.5511,35.1375],[-106.5607,35.1524],[-106.5757,35.1533],[-106.5793,35.1486],[-106.5888,35.1533],[-106.5928,35.1432],[-106.6214,35.1246],[-106.6293,35.1058]]]},"properties":{"geoid":"35015","state":"35","district":"015","name":"State Senate District 15","chamber":"Senate"}},{"type":"Feature","geometry":{"type":"Polygon","coordinates":[[[-106.6442,35.0042],[-106.6329,35.0058],[-106.6106,35.0189],[-106.5862,35.0234],[-106.5794,35.0304],[-106.5386,35.0154],[-106.5104,34.99],[-106.4807,34.991],[-106.4628,35.0025],[-106.4628,35.043],[-106.4977,35.0429],[-106.5047,35.0494],[-106.5038,35.0543],[-106.4955,35.0558],[-106.497,35.0643],[-106.527,35.0574],[-106.5326,35.058],[-106.5325,35.0673],[-106.5505,35.0673],[-106.5595,35.0655],[-106.5596,35.0582],[-106.5865,35.0584],[-106.5869,35.103],[-106.6124,35.107],[-106.6131,35.0983],[-106.6175,35.0983],[-106.6219,35.0893],[-106.6182,35.087],[-106.6255,35.0869],[-106.6268,35.0814],[-106.6362,35.0827],[-106.6398,35.0747],[-106.6376,35.0476],[-106.6308,35.0485],[-106.6287,35.0362],[-106.6385,35.0234],[-106.6442,35.0042]]]},"properties":{"geoid":"35016","state":"35","district":"016","name":"State Senate District 16","chamber":"Senate"}},{"type":"Feature","geometry":{"type":"Polygon","coordinates":[[[-106.5865,35.0589],[-106.5596,35.0582],[-106.5595,35.0655],[-106.5348,35.0674],[-106.5326,35.058],[-106.5211,35.0615],[-106.5135,35.0579],[-106.5112,35.064],[-106.4955,35.0641],[-106.495,35.0677],[-106.5152,35.0701],[-106.515,35.0868],[-106.5326,35.0873],[-106.5327,35.0945],[-106.5417,35.0946],[-106.5399,35.0878],[-106.5862,35.0874],[-106.5865,35.0589]]]},"properties":{"geoid":"35017","state":"35","district":"017","name":"State Senate District 17","chamber":"Senate"}},{"type":"Feature","geometry":{"type":"Polygon","coordinates":[[[-106.5875,35.1039],[-106.5862,35.0874],[-106.5399,35.0878],[-106.5417,35.0946],[-106.548,35.0966],[-106.5418,35.1],[-106.5444,35.1044],[-106.5331,35.1054],[-106.5285,35.1235],[-106.5157,35.1235],[-106.5156,35.1163],[-106.5006,35.1179],[-106.506,35.1307],[-106.4981,35.1307],[-106.4981,35.1408],[-106.5158,35.1376],[-106.5175,35.1486],[-106.5069,35.149],[-106.5069,35.1523],[-106.5314,35.1543],[-106.5439,35.1504],[-106.5539,35.1461],[-106.5511,35.1375],[-106.5396,35.1328],[-106.545,35.1312],[-106.5421,35.1268],[-106.551,35.1268],[-106.5509,35.1092],[-106.5688,35.1091],[-106.5687,35.0977],[-106.5875,35.1039]]]},"properties":{"geoid":"35018","state":"35","district":"018","name":"State Senate District 18","chamber":"Senate"}},{"type":"Feature","geometry":{"type":"Polygon","coordinates":[[[-106.5777,35.2019],[-106.4982,35.1899],[-106.4964,35.1714],[-106.4869,35.1676],[-106.4462,35.1879],[-106.4423,35.196],[-106.4256,35.1927],[-106.4156,35.1827],[-106.4139,35.1451],[-106.4297,35.121],[-106.4268,35.1136],[-106.4429,35.1082],[-106.4574,35.0956],[-106.48,35.099],[-106.48,35.1127],[-106.4927,35.1087],[-106.4899,35.1054],[-106.4975,35.1009],[-106.4978,35.0948],[-106.4932,35.0949],[-106.4891,35.0792],[-106.4973,35.0791],[-106.4955,35.0558],[-106.5038,35.0543],[-106.5047,35.0494],[-106.4977,35.0429],[-106.4628,35.043],[-106.4628,35.0025],[-106.4082,35.0014],[-106.3906,35.0058],[-106.3853,35.0016],[-106.3865,34.9937],[-106.3826,34.9931],[-106.3803,34.9834],[-106.3749,34.9827],[-106.3839,34.9719],[-106.3774,34.9733],[-106.3678,34.9873],[-106.3732,34.9608],[-106.3855,34.9382],[-106.3799,34.9058],[-106.3914,34.895],[-106.4134,34.8902],[-106.4118,34.8703],[-106.1497,34.8701],[-106.1489,34.9219],[-106.1409,34.9205],[-106.14,34.9126],[-106.0521,34.9124],[-106.0518,34.9268],[-106.0418,34.9268],[-106.026,34.9267],[-106.0261,34.8702],[-105.8916,34.8699],[-105.8846,34.884],[-105.8554,34.8898],[-105.8214,34.9048],[-105.7822,34.9106],[-105.7866,34.9329],[-105.778,34.9874],[-105.8183,34.9844],[-105.8337,34.9782],[-105.8627,34.979],[-105.8249,34.9934],[-105.8176,35.0049],[-105.7228,35.0041],[-105.7058,35.0106],[-105.6641,35.0083],[-105.6828,35.0416],[-105.7144,35.0416],[-105.7154,35.2155],[-105.7387,35.2016],[-105.7863,35.2007],[-105.777,35.1878],[-105.7803,35.1861],[-105.8136,35.1863],[-105.8512,35.1716],[-105.961,35.171],[-105.9692,35.1674],[-105.9617,35.1863],[-105.961,35.232],[-105.9357,35.2891],[-105.9315,35.3248],[-105.9412,35.351],[-105.9426,35.3859],[-105.9577,35.3824],[-105.974,35.3932],[-106.0049,35.3852],[-106.0259,35.3894],[-106.0363,35.3986],[-106.0413,35.3871],[-106.0746,35.371],[-106.0699,35.3637],[-106.0773,35.3479],[-106.1386,35.3372],[-106.1566,35.326],[-106.1701,35.3296],[-106.1882,35.3179],[-106.215,35.3214],[-106.2119,35.3407],[-106.235,35.3527],[-106.2489,35.3775],[-106.2488,35.4433],[-106.3252,35.4616],[-106.3561,35.4489],[-106.3552,35.3662],[-106.3406,35.3597],[-106.3465,35.3553],[-106.3533,35.3152],[-106.3561,35.3166],[-106.3526,35.3094],[-106.359,35.3032],[-106.3446,35.2865],[-106.3529,35.2663],[-106.3844,35.2501],[-106.4015,35.2321],[-106.4113,35.2499],[-106.4138,35.2398],[-106.4085,35.2302],[-106.4146,35.2287],[-106.403,35.2267],[-106.4024,35.2174],[-106.574,35.2179],[-106.5777,35.2019]]]},"properties":{"geoid":"35019","state":"35","district":"019","name":"State Senate District 19","chamber":"Senate"}},{"type":"Feature","geometry":{"type":"Polygon","coordinates":[[[-106.5477,35.0972],[-106.5327,35.0945],[-106.5326,35.0873],[-106.515,35.0868],[-106.5152,35.0701],[-106.4977,35.0682],[-106.4973,35.0791],[-106.4891,35.0792],[-106.4932,35.0949],[-106.4978,35.0948],[-106.4909,35.1101],[-106.48,35.1127],[-106.48,35.099],[-106.4574,35.0956],[-106.4429,35.1082],[-106.4268,35.1136],[-106.4297,35.121],[-106.4139,35.1451],[-106.4183,35.1868],[-106.4423,35.196],[-106.4462,35.1879],[-106.4768,35.17],[-106.4864,35.1676],[-106.4964,35.1714],[-106.4973,35.1559],[-106.4867,35.1564],[-106.4824,35.1445],[-106.4981,35.1408],[-106.4981,35.1307],[-106.506,35.1307],[-106.5006,35.1179],[-106.5156,35.1163],[-106.5157,35.1235],[-106.5285,35.1235],[-106.5331,35.1054],[-106.5444,35.1044],[-106.5418,35.1],[-106.5477,35.0972]]]},"properties":{"geoid":"35020","state":"35","district":"020","name":"State Senate District 20","chamber":"Senate"}},{"type":"Feature","geometry":{"type":"Polygon","coordinates":[[[-106.5887,35.1538],[-106.5793,35.1486],[-106.5757,35.1533],[-106.5607,35.1524],[-106.5539,35.1461],[-106.5314,35.1543],[-106.5069,35.1523],[-106.5069,35.149],[-106.5175,35.1486],[-106.5158,35.1376],[-106.4824,35.1445],[-106.4867,35.1564],[-106.4973,35.1559],[-106.4982,35.1899],[-106.5777,35.2019],[-106.5887,35.1538]]]},"properties":{"geoid":"35021","state":"35","district":"021","name":"State Senate District 21","chamber":"Senate"}},{"type":"Feature","geometry":{"type":"MultiPolygon","coordinates":[[[[-108.4194,35.659],[-108.3723,35.6581],[-108.3701,35.6524],[-108.3698,35.4733],[-108.3522,35.4732],[-108.3526,35.4414],[-108.3429,35.4372],[-108.3173,35.4373],[-108.3174,35.43],[-108.2998,35.4299],[-108.2999,35.4226],[-108.2475,35.4237],[-108.2479,35.4091],[-108.2296,35.4132],[-108.2116,35.4131],[-108.2087,35.4081],[-108.1594,35.4095],[-108.1584,35.3872],[-108.1762,35.3885],[-108.1762,35.3789],[-108.1939,35.3789],[-108.1939,35.3644],[-108.2117,35.3645],[-108.2112,35.3502],[-108.1584,35.35],[-108.1588,35.3065],[-107.7342,35.305],[-107.7342,35.3481],[-107.6283,35.3483],[-107.6288,35.3043],[-107.2389,35.3055],[-107.031,34.8835],[-107.0255,34.886],[-107.0306,34.8922],[-107.0268,34.8975],[-107.0345,34.9032],[-107.0316,34.9056],[-107.0347,34.9133],[-107.0282,34.9149],[-107.0268,34.9204],[-107.0218,34.918],[-107.0153,34.9232],[-107.0159,34.9303],[-106.9967,34.9375],[-106.9844,34.9502],[-106.9816,34.9466],[-106.9818,34.9523],[-106.9697,34.9493],[-106.9471,34.9548],[-106.9364,34.9658],[-106.9347,34.9821],[-106.9255,34.9825],[-106.9317,34.9907],[-106.9259,34.9986],[-106.9265,35.0114],[-106.9302,35.0111],[-106.9358,35.0225],[-106.939,35.0212],[-106.9373,35.0268],[-106.9529,35.06],[-106.943,35.1033],[-106.9471,35.1146],[-106.9424,35.1207],[-106.9503,35.1264],[-106.9488,35.1333],[-106.9524,35.1352],[-106.9418,35.1486],[-106.946,35.1551],[-106.9446,35.1654],[-106.9486,35.1656],[-106.9437,35.1691],[-106.9484,35.1728],[-106.9446,35.1777],[-106.9525,35.1783],[-106.9573,35.1975],[-106.9537,35.2157],[-106.9643,35.2196],[-106.9653,35.2242],[-106.9698,35.2227],[-106.9657,35.2284],[-106.9749,35.2298],[-106.9681,35.2366],[-106.9677,35.2421],[-106.9729,35.2425],[-106.9684,35.2477],[-106.9725,35.2565],[-106.981,35.2602],[-106.9767,35.2621],[-106.9789,35.272],[-106.9744,35.2718],[-106.9736,35.2776],[-106.9711,35.2748],[-106.9709,35.2801],[-106.9826,35.2838],[-106.9794,35.2873],[-106.9837,35.2889],[-106.9795,35.2909],[-106.9873,35.2972],[-106.9824,35.2999],[-106.9883,35.3014],[-106.9851,35.3051],[-106.9914,35.3114],[-106.9869,35.3113],[-106.9884,35.3156],[-107.0107,35.3201],[-107.0185,35.3345],[-107.0088,35.3441],[-106.9966,35.3471],[-106.988,35.3563],[-106.9894,35.3623],[-106.9738,35.3735],[-107.0018,35.4329],[-107.0028,35.4484],[-106.9954,35.4553],[-106.9946,35.4633],[-106.9606,35.4865],[-106.9432,35.4834],[-106.9187,35.4659],[-106.8983,35.4612],[-106.8901,35.4741],[-106.8963,35.4793],[-106.8925,35.4828],[-106.8479,35.4828],[-106.8466,35.4951],[-106.8319,35.4991],[-106.833,35.4645],[-106.815,35.4645],[-106.8154,35.4498],[-106.8331,35.45],[-106.8332,35.4066],[-106.8149,35.4064],[-106.8084,35.4001],[-106.7859,35.4001],[-106.7394,35.4107],[-106.7259,35.3932],[-106.6727,35.3921],[-106.6725,35.3776],[-106.6363,35.3777],[-106.6384,35.36],[-106.6456,35.3593],[-106.6455,35.346],[-106.6377,35.3455],[-106.6296,35.3334],[-106.612,35.3334],[-106.6154,35.3397],[-106.5964,35.3279],[-106.5889,35.3338],[-106.5745,35.3214],[-106.5706,35.3307],[-106.5611,35.3273],[-106.5613,35.3331],[-106.5556,35.3334],[-106.5585,35.3241],[-106.5489,35.324],[-106.5536,35.329],[-106.5394,35.3261],[-106.5393,35.3343],[-106.507,35.3344],[-106.4935,35.3515],[-106.4823,35.3557],[-106.4748,35.3665],[-106.5313,35.3692],[-106.5141,35.3819],[-106.5012,35.3823],[-106.5014,35.3925],[-106.4872,35.3932],[-106.4619,35.3844],[-106.4385,35.3998],[-106.4366,35.3959],[-106.4088,35.3905],[-106.3983,35.3652],[-106.3586,35.3637],[-106.3552,35.3656],[-106.3561,35.4489],[-106.3252,35.4616],[-106.2486,35.4457],[-106.2506,35.7563],[-106.2541,35.7543],[-106.2578,35.7697],[-106.266,35.7795],[-106.2826,35.7919],[-106.357,35.8164],[-106.357,35.807],[-106.3704,35.8131],[-106.3824,35.808],[-106.403,35.808],[-106.414,35.8133],[-106.4189,35.8255],[-106.3996,35.8278],[-106.3995,35.9601],[-106.3858,35.9599],[-106.3861,35.9527],[-106.3154,35.9524],[-106.3168,35.9585],[-106.3002,35.9584],[-106.3004,35.9734],[-106.2642,35.9728],[-106.2642,35.9655],[-106.2482,35.9663],[-106.2472,36.0014],[-106.382,36.0004],[-106.3121,36.0211],[-106.3116,36.036],[-106.3031,36.0377],[-106.3412,36.0542],[-106.3333,36.071],[-106.3403,36.0839],[-106.337,36.0948],[-106.3411,36.1544],[-106.3478,36.1599],[-106.3483,36.168],[-106.3696,36.1612],[-106.3781,36.1689],[-106.3785,36.184],[-106.3627,36.1966],[-106.3526,36.2133],[-106.3774,36.2226],[-106.3921,36.2343],[-106.3978,36.2289],[-106.4179,36.2395],[-106.4265,36.2385],[-106.4282,36.2437],[-106.4213,36.2515],[-106.4102,36.2543],[-106.4236,36.2675],[-106.4396,36.3019],[-106.5026,36.3214],[-106.5133,36.3379],[-106.5516,36.3109],[-106.5698,36.309],[-106.6086,36.3213],[-106.6365,36.3367],[-106.6458,36.3364],[-106.6605,36.3505],[-106.6734,36.3501],[-106.6755,36.36],[-106.6825,36.3652],[-106.6789,36.3704],[-106.683,36.3825],[-106.6904,36.3886],[-106.6964,36.4123],[-106.7049,36.4236],[-106.7057,36.4486],[-106.701,36.4514],[-106.7054,36.4661],[-106.7102,36.4748],[-106.7247,36.4845],[-106.7308,36.4981],[-106.7311,36.5057],[-106.7224,36.5104],[-106.7202,36.5187],[-106.7246,36.5232],[-106.7349,36.5232],[-106.7295,36.5329],[-106.7386,36.5388],[-106.7419,36.5346],[-106.7588,36.5342],[-106.7584,36.5262],[-106.7703,36.5254],[-106.7889,36.531],[-106.7937,36.5413],[-106.8037,36.5275],[-106.8194,36.5217],[-106.8301,36.5247],[-106.8387,36.5646],[-106.8635,36.5968],[-106.8805,36.6045],[-106.8884,36.6018],[-106.8987,36.6059],[-106.9005,36.6193],[-106.865,36.6423],[-106.8564,36.667],[-106.8875,36.7125],[-106.8753,36.744],[-106.8759,36.7638],[-106.8822,36.7767],[-106.8805,36.8058],[-106.8509,36.8082],[-106.8208,36.8002],[-106.8139,36.7886],[-106.7869,36.777],[-106.7802,36.7685],[-106.7627,36.7725],[-106.7338,36.7614],[-106.7088,36.7583],[-106.6929,36.7477],[-106.6337,36.7382],[-106.6259,36.7444],[-106.627,36.7611],[-106.6331,36.7658],[-106.6262,36.7795],[-106.6287,36.7874],[-106.5932,36.8082],[-106.5708,36.7808],[-106.5608,36.7784],[-106.5623,36.7744],[-106.556,36.7759],[-106.5558,36.7822],[-106.5661,36.8076],[-106.5376,36.8087],[-106.5179,36.8025],[-106.5033,36.8087],[-106.4929,36.7965],[-106.4851,36.7968],[-106.4834,36.8148],[-106.4579,36.818],[-106.4455,36.8257],[-106.4184,36.8092],[-106.401,36.8045],[-106.375,36.7851],[-106.3596,36.7917],[-106.3599,36.799],[-106.3506,36.7993],[-106.3342,36.8132],[-106.2789,36.81],[-106.26,36.8038],[-106.2579,36.7988],[-106.2408,36.8147],[-106.2291,36.8163],[-106.2265,36.8257],[-106.192,36.8435],[-106.1858,36.8537],[-106.1502,36.8624],[-106.1517,36.8654],[-106.1572,36.8705],[-106.1818,36.8732],[-106.1815,36.8815],[-106.1912,36.8978],[-106.2059,36.8989],[-106.2208,36.8925],[-106.2286,36.8968],[-106.2406,36.8949],[-106.2514,36.9082],[-106.2739,36.9059],[-106.2816,36.8888],[-106.288,36.8863],[-106.3143,36.8815],[-106.3268,36.8737],[-106.343,36.877],[-106.3473,36.8872],[-106.3459,36.9014],[-106.358,36.909],[-106.3558,36.9261],[-106.3715,36.9318],[-106.3726,36.946],[-106.3677,36.9646],[-106.3469,36.9744],[-106.3397,36.994],[-106.8698,36.9925],[-106.8772,37.0001],[-107.4212,37.0002],[-107.4315,36.9863],[-107.43,36.9709],[-107.4461,36.9659],[-107.4572,36.955],[-107.4484,36.9449],[-107.4558,36.9395],[-107.4551,36.9311],[-107.4457,36.9154],[-107.457,36.8981],[-107.4755,36.8947],[-107.4941,36.8762],[-107.5021,36.8826],[-107.5048,36.8753],[-107.5158,36.8785],[-107.5229,36.8755],[-107.5306,36.8539],[-107.5397,36.8556],[-107.5462,36.8491],[-107.556,36.8571],[-107.5617,36.8558],[-107.567,36.8444],[-107.58,36.8351],[-107.5896,36.8372],[-107.5999,36.8325],[-107.6003,36.8159],[-107.5916,36.8138],[-107.6065,36.8109],[-107.6034,36.799],[-107.6182,36.8043],[-107.6256,36.5383],[-107.6375,36.5407],[-107.6488,36.5534],[-107.6623,36.5564],[-107.6756,36.5888],[-107.6749,36.6186],[-107.6796,36.6277],[-107.6848,36.6339],[-107.6962,36.6346],[-107.6956,36.6389],[-107.7078,36.6508],[-107.7085,36.6614],[-107.7506,36.69],[-107.7574,36.689],[-107.7505,36.6812],[-107.7658,36.6651],[-107.763,36.6483],[-107.7783,36.646],[-107.7937,36.6512],[-107.7866,36.6408],[-107.792,36.6262],[-107.7989,36.6199],[-107.8059,36.6267],[-107.8048,36.6163],[-107.8094,36.6174],[-107.8107,36.609],[-107.821,36.6047],[-107.8207,36.5976],[-107.8292,36.59],[-107.8435,36.5839],[-107.8404,36.5805],[-107.846,36.5793],[-107.8449,36.5719],[-107.8497,36.5761],[-107.8413,36.5638],[-107.8438,36.5575],[-107.8384,36.5535],[-107.852,36.5468],[-107.8619,36.5477],[-107.8644,36.5421],[-107.8821,36.5358],[-107.8924,36.5237],[-107.9105,36.5164],[-107.9343,36.5232],[-107.9466,36.5162],[-108.0184,36.6115],[-108.0185,36.6215],[-108.0401,36.6177],[-108.0362,36.6398],[-108.055,36.6371],[-108.0676,36.6477],[-108.072,36.6623],[-108.0902,36.6623],[-108.0903,36.6549],[-108.1192,36.6336],[-108.1399,36.6476],[-108.1718,36.6361],[-108.2048,36.6401],[-108.2205,36.6375],[-108.2314,36.6439],[-108.2339,36.5],[-108.2567,36.4836],[-108.2518,36.4636],[-108.2517,36.3344],[-108.2714,36.3046],[-108.2695,36.219],[-108.2956,36.2003],[-108.3129,36.1976],[-108.332,36.204],[-108.3451,36.1868],[-108.3559,36.1889],[-108.3687,36.1765],[-108.3559,36.1492],[-108.3563,36.1152],[-108.3765,36.0196],[-108.374,36.0024],[-108.272,36.0022],[-108.2706,35.7927],[-108.2834,35.7924],[-108.2859,35.8057],[-108.3201,35.8027],[-108.3443,35.7703],[-108.3536,35.7679],[-108.3608,35.7456],[-108.4194,35.659]]],[[[-107.0306,34.883],[-107.0229,34.87],[-107.0219,34.8742],[-107.0306,34.883]]]]},"properties":{"geoid":"35022","state":"35","district":"022","name":"State Senate District 22","chamber":"Senate"}},{"type":"Feature","geometry":{"type":"Polygon","coordinates":[[[-106.962,35.2184],[-106.9537,35.2157],[-106.9573,35.1975],[-106.9525,35.1783],[-106.9446,35.1774],[-106.9484,35.1728],[-106.9437,35.1691],[-106.9486,35.1656],[-106.9446,35.1654],[-106.946,35.1551],[-106.9418,35.1483],[-106.9524,35.1352],[-106.9488,35.1333],[-106.9503,35.1264],[-106.9424,35.1207],[-106.9471,35.1146],[-106.943,35.1033],[-106.9529,35.06],[-106.9416,35.0333],[-106.7106,35.08],[-106.7096,35.0944],[-106.7225,35.0944],[-106.7224,35.0981],[-106.7467,35.0859],[-106.7541,35.0966],[-106.7473,35.1094],[-106.754,35.1115],[-106.7278,35.1179],[-106.7241,35.1266],[-106.7065,35.1277],[-106.7084,35.1348],[-106.7018,35.1349],[-106.7003,35.139],[-106.6881,35.134],[-106.6784,35.1458],[-106.6863,35.1497],[-106.6793,35.16],[-106.6942,35.1557],[-106.7033,35.1615],[-106.7192,35.1576],[-106.7259,35.1654],[-106.7208,35.1713],[-106.7201,35.184],[-106.7277,35.1891],[-106.7277,35.2033],[-106.7072,35.2057],[-106.7028,35.218],[-106.962,35.2184]]]},"properties":{"geoid":"35023","state":"35","district":"023","name":"State Senate District 23","chamber":"Senate"}},{"type":"Feature","geometry":{"type":"Polygon","coordinates":[[[-106.0717,35.6159],[-106.0614,35.6153],[-106.0402,35.624],[-106.0396,35.6192],[-106.0309,35.6173],[-106.035,35.6055],[-105.9828,35.6257],[-105.9827,35.6384],[-105.9739,35.6372],[-105.9738,35.6521],[-105.9653,35.6521],[-105.9656,35.6611],[-105.958,35.6718],[-105.9615,35.6728],[-105.9539,35.6775],[-105.9541,35.6887],[-105.9708,35.6844],[-105.9967,35.6648],[-106.0247,35.6576],[-106.0526,35.6419],[-106.0606,35.6353],[-106.0608,35.628],[-106.0713,35.6227],[-106.0717,35.6159]]]},"properties":{"geoid":"35024","state":"35","district":"024","name":"State Senate District 24","chamber":"Senate"}},{"type":"Feature","geometry":{"type":"Polygon","coordinates":[[[-106.2138,35.7768],[-106.1866,35.7311],[-106.1851,35.7363],[-106.1678,35.7424],[-106.1402,35.7322],[-106.1271,35.7258],[-106.0939,35.6902],[-106.0795,35.6892],[-106.0716,35.6851],[-106.0673,35.6736],[-106.028,35.6584],[-105.9967,35.6648],[-105.971,35.6843],[-105.9541,35.6887],[-105.9539,35.6775],[-105.9615,35.6728],[-105.958,35.6718],[-105.9656,35.6611],[-105.9653,35.6521],[-105.9738,35.6521],[-105.9739,35.6372],[-105.9827,35.6384],[-105.9828,35.6257],[-105.9917,35.6236],[-105.9827,35.6054],[-105.9606,35.609],[-105.9429,35.5913],[-105.9347,35.5717],[-105.928,35.567],[-105.9271,35.5446],[-105.9085,35.5391],[-105.9037,35.5271],[-105.8895,35.5297],[-105.9084,35.4805],[-105.9,35.4654],[-105.876,35.4833],[-105.8561,35.5146],[-105.8365,35.5257],[-105.8338,35.5147],[-105.8276,35.5108],[-105.8183,35.5175],[-105.7965,35.5203],[-105.7748,35.5419],[-105.76,35.5254],[-105.7605,35.5125],[-105.7498,35.4946],[-105.7525,35.4759],[-105.7319,35.4747],[-105.7192,35.4697],[-105.7181,35.4642],[-105.7163,35.6542],[-105.7224,35.8251],[-105.7353,35.8245],[-105.7528,35.8354],[-105.7598,35.8306],[-105.7681,35.8328],[-105.7773,35.821],[-105.7911,35.8196],[-105.8118,35.8298],[-105.8392,35.8356],[-105.8452,35.8429],[-105.8653,35.843],[-105.8723,35.8524],[-105.8747,35.8264],[-105.9289,35.8268],[-105.929,35.8487],[-105.9881,35.8466],[-105.9962,35.8521],[-105.9886,35.8397],[-106.0157,35.8389],[-106.0183,35.8494],[-106.0411,35.8112],[-106.0703,35.8222],[-106.0959,35.8107],[-106.1261,35.8115],[-106.1403,35.8169],[-106.1548,35.8304],[-106.1665,35.8324],[-106.1781,35.8211],[-106.1805,35.8088],[-106.1939,35.8039],[-106.1978,35.7877],[-106.2138,35.7768]]]},"properties":{"geoid":"35025","state":"35","district":"025","name":"State Senate District 25","chamber":"Senate"}},{"type":"Feature","geometry":{"type":"Polygon","coordinates":[[[-106.754,35.0968],[-106.7467,35.0859],[-106.7224,35.0981],[-106.7225,35.0944],[-106.7096,35.0944],[-106.7137,35.0742],[-106.6977,35.0765],[-106.701,35.0679],[-106.6816,35.065],[-106.661,35.0697],[-106.6881,35.0927],[-106.6927,35.1162],[-106.6881,35.134],[-106.6967,35.1348],[-106.6976,35.1393],[-106.7084,35.1348],[-106.7065,35.1277],[-106.7241,35.1266],[-106.7278,35.1179],[-106.754,35.1115],[-106.7473,35.1094],[-106.754,35.0968]]]},"properties":{"geoid":"35026","state":"35","district":"026","name":"State Senate District 26","chamber":"Senate"}},{"type":"Feature","geometry":{"type":"Polygon","coordinates":[[[-104.8948,33.912],[-104.8946,33.8244],[-104.8911,33.8223],[-104.8924,33.3982],[-104.8851,33.3933],[-104.8852,33.3692],[-104.8277,33.3688],[-104.7357,33.3825],[-104.696,33.3942],[-104.5318,33.3942],[-104.5404,33.4234],[-104.5231,33.4232],[-104.5229,33.4087],[-104.5144,33.4087],[-104.5142,33.3996],[-104.5055,33.3996],[-104.5055,33.3942],[-104.3463,33.3993],[-104.346,33.3752],[-104.3317,33.3393],[-104.3017,33.3411],[-104.2792,33.3141],[-103.7663,33.3119],[-103.7664,33.2079],[-103.7482,33.2023],[-103.6998,33.1744],[-103.6926,33.1411],[-103.6098,33.1405],[-103.6111,33.1147],[-103.5919,33.1156],[-103.5822,33.1094],[-103.5442,33.1096],[-103.5352,33.1042],[-103.4557,33.104],[-103.4557,33.141],[-103.0617,33.1409],[-103.0437,34.0036],[-103.0436,34.4191],[-103.0907,34.419],[-103.0908,34.4046],[-103.1433,34.4049],[-103.1432,34.3935],[-103.2205,34.3984],[-103.2205,34.3901],[-103.2494,34.3904],[-103.2493,34.434],[-103.4779,34.4344],[-103.4773,34.415],[-103.4604,34.414],[-103.46,34.4052],[-103.4601,34.3186],[-103.468,34.3181],[-103.4679,34.3073],[-103.4727,34.3033],[-103.7401,34.3031],[-103.7382,34.6047],[-104.1289,34.6052],[-104.1291,34.7793],[-104.3398,34.7791],[-104.3397,34.6922],[-104.4449,34.6917],[-104.4448,34.605],[-104.892,34.6044],[-104.8948,33.912]]]},"properties":{"geoid":"35027","state":"35","district":"027","name":"State Senate District 27","chamber":"Senate"}},{"type":"Feature","geometry":{"type":"Polygon","coordinates":[[[-109.0504,31.5284],[-109.05,31.3323],[-108.2085,31.3334],[-108.2085,31.7837],[-107.2968,31.7836],[-107.2984,32.243],[-107.3651,32.2442],[-107.3906,32.2363],[-107.4545,32.2429],[-107.6191,32.2428],[-107.6486,32.2498],[-107.6485,32.2358],[-107.6655,32.2339],[-107.6653,32.2253],[-107.6994,32.2255],[-107.7,32.2687],[-107.7145,32.269],[-107.7132,32.2761],[-107.7514,32.2714],[-107.7368,32.2803],[-107.7541,32.2866],[-107.7612,32.2833],[-107.7638,32.2916],[-107.9986,32.5152],[-108.0156,32.521],[-108.0231,32.5287],[-108.0309,32.554],[-108.0456,32.5705],[-108.0454,32.5901],[-108.0578,32.6202],[-108.0538,32.6345],[-108.0585,32.6404],[-108.0576,32.6502],[-108.0532,32.6512],[-108.0543,32.6567],[-108.0461,32.667],[-108.0471,32.6786],[-108.0393,32.6879],[-108.039,32.6957],[-108.0304,32.7009],[-108.0268,32.7151],[-108.022,32.7157],[-108.0151,32.7288],[-107.9999,32.7325],[-107.9996,32.742],[-108.0218,32.7453],[-108.0369,32.7611],[-108.0463,32.7629],[-108.0573,32.7728],[-108.0658,32.7639],[-108.0806,32.7611],[-108.0936,32.7709],[-108.0979,32.7816],[-108.0816,32.7909],[-108.0855,32.7962],[-108.0834,32.8037],[-108.0674,32.8086],[-108.0595,32.8062],[-108.0563,32.8205],[-108.0168,32.8379],[-108.0165,32.8445],[-108.0277,32.8499],[-108.0289,32.8655],[-108.0548,32.8885],[-108.0749,32.896],[-108.0748,32.9012],[-108.1095,32.8912],[-108.1256,32.9014],[-108.1215,32.9043],[-108.1356,32.9228],[-108.1503,32.9181],[-108.17,32.9197],[-108.1633,32.9108],[-108.1735,32.9056],[-108.1953,32.9085],[-108.1977,32.9011],[-108.2287,32.8995],[-108.2426,32.8928],[-108.2637,32.9056],[-108.2826,32.8983],[-108.3021,32.9039],[-108.3304,32.9044],[-108.3397,32.9112],[-108.3419,32.9079],[-108.3512,32.9102],[-108.3561,32.9163],[-108.3645,32.9138],[-108.3715,32.9225],[-108.385,32.9159],[-108.4234,32.9519],[-108.426,32.9409],[-108.4365,32.9328],[-108.4181,32.9187],[-108.4183,32.9122],[-108.4074,32.9027],[-108.4091,32.8908],[-108.4024,32.8847],[-108.4029,32.8773],[-108.3755,32.8543],[-108.3811,32.8514],[-108.3755,32.8517],[-108.3645,32.8322],[-108.3585,32.8302],[-108.3613,32.8198],[-108.387,32.8013],[-108.3981,32.8019],[-108.4201,32.7938],[-108.3937,32.7828],[-108.4183,32.7695],[-108.4318,32.7686],[-108.4814,32.7848],[-108.488,32.7936],[-108.4945,32.7885],[-108.5012,32.7782],[-108.4999,32.7671],[-108.507,32.7597],[-108.5001,32.7246],[-108.5075,32.7201],[-108.5118,32.7022],[-108.5215,32.701],[-108.5295,32.6925],[-108.5339,32.6801],[-108.5272,32.6645],[-108.5384,32.6568],[-108.5351,32.6506],[-108.543,32.644],[-108.5756,32.6303],[-108.6348,32.6272],[-108.6842,32.6168],[-108.6985,32.6193],[-108.7407,32.6401],[-108.738,32.6024],[-108.7751,32.6002],[-108.8474,32.5712],[-108.9279,32.555],[-108.9519,32.5738],[-108.9814,32.6101],[-109.0478,32.6471],[-109.0504,31.5284]]]},"properties":{"geoid":"35028","state":"35","district":"028","name":"State Senate District 28","chamber":"Senate"}},{"type":"Feature","geometry":{"type":"Polygon","coordinates":[[[-107.0936,34.2891],[-107.0934,34.1731],[-106.9889,34.1731],[-106.9893,34.1294],[-107.0934,34.1294],[-107.0935,34.0998],[-107.0416,34.0998],[-107.0414,34.1149],[-106.9893,34.1148],[-106.9892,34.0067],[-106.9826,34.0049],[-106.9462,34.007],[-106.9239,34.0201],[-106.8918,34.0605],[-106.8776,34.0614],[-106.8687,34.0465],[-106.8705,34.0366],[-106.8649,34.0202],[-106.8742,34.0028],[-106.8636,33.9887],[-106.8626,33.9695],[-106.8518,33.9514],[-106.8573,33.9186],[-106.7865,33.9059],[-106.7507,33.8908],[-106.7283,33.8871],[-106.5327,33.8782],[-106.5053,33.9021],[-106.5105,33.9286],[-106.4972,33.9561],[-106.47,33.9931],[-106.4708,34.0864],[-106.4539,34.1149],[-106.4546,34.1521],[-106.4707,34.1834],[-106.4711,34.2428],[-106.4883,34.2623],[-106.4839,34.2797],[-106.4858,34.338],[-106.4774,34.3537],[-106.4797,34.3667],[-106.4891,34.3802],[-106.4878,34.4052],[-106.5124,34.4049],[-106.5216,34.4298],[-106.5352,34.436],[-106.5515,34.4625],[-106.5771,34.4841],[-106.5787,34.4904],[-106.7256,34.639],[-106.7214,34.6423],[-106.7234,34.653],[-106.73,34.6534],[-106.6971,34.6605],[-106.6861,34.6684],[-106.6747,34.7484],[-106.6626,34.7733],[-106.6496,34.7832],[-106.6523,34.7976],[-106.6312,34.7976],[-106.6311,34.8112],[-106.6676,34.8112],[-106.6641,34.8362],[-106.6673,34.8381],[-106.6627,34.8442],[-106.6799,34.8437],[-106.6845,34.8485],[-106.6879,34.8744],[-106.6913,34.8711],[-106.7201,34.8721],[-106.7153,34.8383],[-106.7204,34.8281],[-106.7148,34.8147],[-106.7263,34.8151],[-106.7249,34.8223],[-106.7402,34.8224],[-106.7437,34.8123],[-106.7358,34.8075],[-106.7405,34.7872],[-106.7619,34.7909],[-106.7632,34.7831],[-106.7578,34.7829],[-106.7574,34.753],[-106.7582,34.748],[-106.7635,34.7499],[-106.7676,34.7442],[-106.7717,34.7326],[-106.7625,34.7264],[-106.7718,34.6967],[-106.7665,34.6914],[-106.7761,34.6628],[-106.7902,34.6638],[-106.7902,34.67],[-106.7959,34.6702],[-106.7893,34.6369],[-106.7903,34.5946],[-106.7964,34.5745],[-106.7927,34.5739],[-106.7981,34.5439],[-106.7731,34.5333],[-106.7923,34.5225],[-106.7917,34.5028],[-106.8027,34.4808],[-106.8046,34.4711],[-106.7979,34.4582],[-106.8041,34.4466],[-106.7992,34.4179],[-106.8242,34.4162],[-106.8375,34.4199],[-106.8478,34.4062],[-106.8578,34.4121],[-106.8659,34.4296],[-106.8605,34.4298],[-106.8656,34.4334],[-106.9232,34.3498],[-106.923,34.2893],[-107.0936,34.2891]]]},"properties":{"geoid":"35029","state":"35","district":"029","name":"State Senate District 29","chamber":"Senate"}},{"type":"Feature","geometry":{"type":"Polygon","coordinates":[[[-109.0461,34.8761],[-109.0461,34.5793],[-107.7248,34.5781],[-107.7257,34.3606],[-107.7016,34.3693],[-107.682,34.386],[-107.6634,34.4213],[-107.6552,34.4097],[-107.6382,34.4143],[-107.5986,34.4069],[-107.5637,34.3788],[-107.5531,34.3625],[-107.5297,34.3687],[-107.5156,34.3575],[-107.5155,34.3474],[-107.5329,34.3474],[-107.5331,34.3326],[-107.5156,34.3329],[-107.5154,34.3185],[-107.4978,34.3181],[-107.4979,34.3033],[-107.4388,34.3042],[-107.4372,34.3181],[-107.4113,34.3183],[-107.4113,34.3619],[-107.3941,34.362],[-107.3944,34.376],[-107.3855,34.3761],[-107.3856,34.3906],[-107.3944,34.3905],[-107.3943,34.405],[-107.3766,34.4053],[-107.3767,34.4124],[-107.3856,34.4123],[-107.3856,34.4195],[-107.3942,34.4193],[-107.3941,34.4344],[-107.4224,34.4372],[-107.3769,34.4468],[-107.3596,34.4449],[-107.3467,34.4287],[-107.3405,34.4121],[-107.3194,34.4089],[-107.3096,34.417],[-107.2873,34.4158],[-107.2673,34.408],[-107.2663,34.4019],[-107.2465,34.4027],[-107.2244,34.3914],[-107.233,34.3804],[-107.2287,34.3747],[-107.2343,34.3333],[-107.2309,34.325],[-107.2391,34.3124],[-107.2075,34.2929],[-107.2235,34.269],[-107.2215,34.255],[-107.2417,34.2529],[-107.243,34.2467],[-107.2598,34.2326],[-107.2515,34.2168],[-107.2163,34.2099],[-107.2141,34.192],[-107.1885,34.2009],[-107.1545,34.2522],[-107.1568,34.255],[-107.1361,34.2715],[-107.1329,34.2801],[-107.1053,34.2991],[-107.0953,34.2989],[-107.0937,34.2889],[-106.923,34.2893],[-106.9232,34.3498],[-106.8656,34.4334],[-106.8605,34.4298],[-106.8659,34.4296],[-106.8578,34.4121],[-106.8478,34.4062],[-106.8375,34.4199],[-106.8242,34.4162],[-106.7992,34.4179],[-106.8041,34.4466],[-106.7979,34.4582],[-106.8046,34.4711],[-106.8027,34.4808],[-106.7917,34.5028],[-106.7923,34.5225],[-106.7731,34.5333],[-106.7981,34.5439],[-106.7927,34.5739],[-106.7964,34.5745],[-106.7903,34.5946],[-106.7893,34.6369],[-106.7959,34.6702],[-106.7902,34.67],[-106.7902,34.6638],[-106.7761,34.6628],[-106.7665,34.6914],[-106.7718,34.6967],[-106.7625,34.7264],[-106.7717,34.7326],[-106.7676,34.7442],[-106.7635,34.7499],[-106.7582,34.748],[-106.7574,34.753],[-106.7578,34.7829],[-106.7632,34.7831],[-106.7619,34.7909],[-106.7405,34.7872],[-106.7358,34.8075],[-106.7437,34.8123],[-106.7402,34.8224],[-106.7249,34.8223],[-106.7263,34.8151],[-106.7148,34.8147],[-106.7204,34.8281],[-106.7153,34.8383],[-106.7201,34.8721],[-106.6913,34.8711],[-106.6903,34.8751],[-106.6845,34.8711],[-106.6884,34.8652],[-106.6845,34.8485],[-106.6799,34.8437],[-106.6627,34.8442],[-106.6673,34.8381],[-106.6641,34.8362],[-106.6676,34.8112],[-106.4645,34.811],[-106.4639,34.8702],[-106.4118,34.8702],[-106.4134,34.8902],[-106.3911,34.8951],[-106.3822,34.9014],[-106.3784,34.9129],[-106.3838,34.9168],[-106.3851,34.9315],[-106.3804,34.9474],[-106.7251,34.9473],[-106.7253,34.9567],[-106.715,34.9566],[-106.7192,34.966],[-106.7189,34.9918],[-106.7462,34.9962],[-106.7639,35.0679],[-106.9416,35.0333],[-106.939,35.0212],[-106.9358,35.0225],[-106.9302,35.0111],[-106.9265,35.0114],[-106.9259,34.9986],[-106.9317,34.9907],[-106.9256,34.9821],[-106.9347,34.9821],[-106.9364,34.9658],[-106.9471,34.9548],[-106.9697,34.9493],[-106.9818,34.9523],[-106.9816,34.9466],[-106.9844,34.9502],[-106.9967,34.9375],[-107.0159,34.9303],[-107.0153,34.9232],[-107.0218,34.918],[-107.0268,34.9204],[-107.0282,34.9149],[-107.0347,34.9133],[-107.0329,34.8992],[-107.0267,34.8972],[-107.0303,34.8973],[-107.0304,34.8915],[-107.025,34.887],[-107.031,34.8835],[-107.2389,35.3055],[-107.6288,35.3043],[-107.6283,35.3483],[-107.7342,35.3481],[-107.7342,35.305],[-107.8354,35.305],[-107.8363,35.2663],[-107.8767,35.2082],[-107.8446,35.1703],[-107.8446,35.1755],[-107.8355,35.1756],[-107.8355,35.1828],[-107.8121,35.1798],[-107.8342,35.1616],[-107.8119,35.1611],[-107.8183,35.1466],[-107.8313,35.141],[-107.8274,35.1322],[-107.8298,35.124],[-107.7704,35.0846],[-107.7932,35.07],[-107.8127,35.0292],[-107.8147,35.0074],[-107.8046,34.9816],[-107.8239,34.9411],[-107.8407,34.9323],[-107.871,34.8789],[-107.8878,34.8727],[-107.8953,34.8772],[-107.9038,34.8719],[-107.9178,34.8435],[-107.9085,34.8279],[-107.9099,34.8113],[-107.9479,34.7714],[-107.9602,34.7551],[-107.966,34.733],[-107.99,34.7105],[-108.0283,34.7027],[-108.0301,34.7122],[-108.043,34.7248],[-108.1412,34.7494],[-108.1717,34.76],[-108.202,34.7796],[-108.2192,34.7756],[-108.2358,34.7535],[-108.2567,34.7481],[-108.2567,34.7117],[-108.2741,34.7117],[-108.274,34.6973],[-108.3618,34.6969],[-108.3617,34.7118],[-108.3447,34.7119],[-108.3445,34.7262],[-108.3617,34.7261],[-108.3617,34.7989],[-108.3788,34.7989],[-108.3786,34.7843],[-108.4317,34.7842],[-108.4318,34.7988],[-108.4462,34.7988],[-108.4495,34.7987],[-108.4496,34.7841],[-108.4675,34.784],[-108.4676,34.7987],[-108.4843,34.7991],[-108.4846,34.7849],[-108.4934,34.7849],[-108.4937,34.7774],[-108.5025,34.7773],[-108.5022,34.7849],[-108.5373,34.7849],[-108.5378,34.7993],[-108.5554,34.7991],[-108.5548,34.785],[-108.572,34.785],[-108.5727,34.8571],[-108.5667,34.8659],[-108.5738,34.8679],[-108.5583,34.8787],[-108.5662,34.8906],[-108.5478,34.8959],[-108.5413,34.9025],[-108.5556,34.9296],[-108.5381,34.9294],[-108.5385,34.9438],[-108.5206,34.9439],[-108.5208,34.9591],[-108.5044,34.9591],[-108.5045,34.9737],[-108.5221,34.9737],[-108.5238,34.9907],[-108.5418,34.9898],[-108.54,35.1221],[-108.5704,35.1056],[-108.5858,35.1062],[-108.6128,35.1178],[-108.6361,35.1218],[-108.7058,35.1119],[-108.7364,35.0994],[-108.7335,35.0838],[-108.7149,35.0653],[-108.7489,35.0556],[-108.7653,35.0561],[-108.8101,35.0757],[-108.8515,35.0686],[-108.852,35.0931],[-108.842,35.0896],[-108.8359,35.1093],[-108.8374,35.1132],[-108.8561,35.1061],[-108.8385,35.125],[-108.8369,35.1657],[-108.8476,35.1766],[-109.046,35.1755],[-109.0461,34.8761]],[[-107.0307,34.8828],[-107.0219,34.8742],[-107.0229,34.87],[-107.0307,34.8828]]]},"properties":{"geoid":"35030","state":"35","district":"030","name":"State Senate District 30","chamber":"Senate"}},{"type":"Feature","geometry":{"type":"Polygon","coordinates":[[[-106.7604,31.9179],[-106.693,31.8575],[-106.6886,31.8619],[-106.656,31.8605],[-106.6695,31.8488],[-106.6561,31.8377],[-106.6482,31.8351],[-106.6392,31.8417],[-106.6438,31.8478],[-106.6378,31.8525],[-106.626,31.8488],[-106.6021,31.8209],[-106.6106,31.8132],[-106.5987,31.8078],[-106.5915,31.7958],[-106.6018,31.7839],[-106.5279,31.7839],[-106.5274,31.79],[-106.5471,31.8073],[-106.5665,31.8134],[-106.5772,31.8104],[-106.5891,31.8227],[-106.6028,31.825],[-106.6017,31.8444],[-106.6148,31.8464],[-106.6359,31.8662],[-106.6292,31.8837],[-106.6455,31.8987],[-106.6129,31.9204],[-106.6297,31.9266],[-106.6225,31.9349],[-106.6237,31.9455],[-106.6153,31.949],[-106.6144,31.956],[-106.6251,31.9545],[-106.6193,31.971],[-106.6382,31.9768],[-106.6365,31.9857],[-106.6236,31.991],[-106.6185,32.0005],[-106.3265,32.0016],[-106.2983,32.0424],[-106.3187,32.0422],[-106.3238,32.0347],[-106.3388,32.03],[-106.3727,32.0339],[-106.3773,32.0375],[-106.3772,32.0816],[-106.5813,32.0828],[-106.5813,32.2102],[-106.6141,32.2099],[-106.6357,32.2014],[-106.6784,32.2958],[-106.6855,32.2838],[-106.7051,32.274],[-106.7104,32.2818],[-106.7342,32.2736],[-106.7277,32.2548],[-106.6492,32.1451],[-106.603,32.0571],[-106.6033,32.0391],[-106.6482,32.036],[-106.6461,32.0128],[-106.6357,31.9993],[-106.6554,31.9976],[-106.6568,32.0018],[-106.6777,31.9935],[-106.6684,31.9839],[-106.6723,31.9793],[-106.6678,31.9571],[-106.6903,31.9582],[-106.7291,31.9457],[-106.7604,31.9179]]]},"properties":{"geoid":"35031","state":"35","district":"031","name":"State Senate District 31","chamber":"Senate"}},{"type":"Feature","geometry":{"type":"Polygon","coordinates":[[[-105.3539,32.5342],[-105.354,32.5188],[-104.8422,32.5205],[-104.8416,32.9632],[-104.5507,32.964],[-104.5507,32.9448],[-104.5593,32.9447],[-104.5625,32.921],[-104.5826,32.9009],[-104.4557,32.9015],[-104.4298,32.8968],[-104.4298,32.9008],[-104.4125,32.9008],[-104.4127,32.8571],[-104.4299,32.8572],[-104.4299,32.8281],[-104.4214,32.8281],[-104.417,32.8321],[-104.4213,32.8353],[-104.4147,32.8358],[-104.4126,32.8281],[-104.3958,32.8282],[-104.3957,32.7844],[-104.361,32.7853],[-104.3611,32.7757],[-104.3287,32.7726],[-104.3331,32.7675],[-104.3254,32.7679],[-104.316,32.7603],[-104.2329,32.7914],[-104.2021,32.7865],[-104.1962,32.7962],[-104.1502,32.8002],[-104.1339,32.899],[-104.121,32.9203],[-104.1196,32.9351],[-104.125,32.9493],[-104.1076,32.9654],[-104.051,32.9654],[-104.1067,33.0528],[-104.1264,33.0975],[-104.2589,33.2904],[-104.3017,33.3411],[-104.3318,33.3394],[-104.346,33.3752],[-104.3463,33.3993],[-104.5055,33.3942],[-104.5055,33.3996],[-104.5142,33.3996],[-104.5144,33.4087],[-104.5229,33.4087],[-104.5231,33.4232],[-104.5404,33.4234],[-104.5318,33.3942],[-104.5669,33.3924],[-104.5652,33.3869],[-104.559,33.3869],[-104.559,33.3796],[-104.5359,33.3797],[-104.5467,33.3685],[-104.5695,33.3577],[-104.5737,33.3502],[-104.5957,33.3504],[-104.5942,33.3159],[-104.599,33.303],[-104.5949,33.2917],[-104.5533,33.2929],[-104.5532,33.2869],[-104.5447,33.2868],[-104.5444,33.2558],[-104.3887,33.2562],[-104.388,33.1395],[-105.0065,33.1389],[-105.0065,33.1344],[-105.1086,33.1317],[-105.317,33.1323],[-105.316,32.9621],[-105.3525,32.962],[-105.3539,32.5342]]]},"properties":{"geoid":"35032","state":"35","district":"032","name":"State Senate District 32","chamber":"Senate"}},{"type":"Feature","geometry":{"type":"Polygon","coordinates":[[[-106.3738,33.5768],[-106.3719,33.3906],[-106.3457,33.3906],[-106.3405,33.1161],[-106.2814,33.1126],[-106.2079,33.0823],[-106.1492,33.0777],[-106.1482,33.0853],[-106.1078,33.0823],[-106.0797,33.088],[-106.0364,33.0884],[-106.0347,33.0693],[-106.0156,33.0695],[-105.9614,32.9279],[-105.9603,32.8998],[-105.9446,32.8999],[-105.9434,32.8925],[-105.9191,32.8974],[-105.9042,32.8909],[-105.8666,32.8877],[-105.8644,32.8828],[-105.874,32.8984],[-105.877,32.919],[-105.8938,32.943],[-105.8852,32.9486],[-105.8758,32.9472],[-105.8812,32.9565],[-105.8753,32.9546],[-105.8459,32.9669],[-105.8322,32.9801],[-105.7869,32.989],[-105.7756,33.004],[-105.4362,33.0043],[-105.4361,32.9999],[-105.4219,32.9992],[-105.4188,32.9923],[-105.4133,32.9925],[-105.4131,33.0038],[-105.3162,33.0027],[-105.317,33.1323],[-105.1086,33.1317],[-105.0065,33.1344],[-105.0065,33.1389],[-104.388,33.1395],[-104.3887,33.2562],[-104.5444,33.2558],[-104.5447,33.2868],[-104.5532,33.2869],[-104.5533,33.2929],[-104.5949,33.2917],[-104.599,33.303],[-104.5942,33.3159],[-104.5957,33.3504],[-104.5737,33.3502],[-104.5695,33.3577],[-104.5467,33.3685],[-104.5359,33.3797],[-104.559,33.3796],[-104.559,33.3869],[-104.5652,33.3869],[-104.5668,33.3942],[-104.696,33.3942],[-104.7357,33.3825],[-104.8277,33.3688],[-104.8852,33.3692],[-104.8851,33.3933],[-104.8924,33.3982],[-104.8919,34.3471],[-105.3131,34.3472],[-105.3132,34.26],[-105.926,34.26],[-105.9247,33.8256],[-106.0527,33.8256],[-106.0527,33.6503],[-106.1583,33.6503],[-106.2683,33.6605],[-106.3737,33.6605],[-106.3738,33.5768]]]},"properties":{"geoid":"35033","state":"35","district":"033","name":"State Senate District 33","chamber":"Senate"}},{"type":"Feature","geometry":{"type":"Polygon","coordinates":[[[-106.3774,32.1687],[-106.3773,32.0375],[-106.3569,32.0339],[-106.3569,32.0303],[-106.3388,32.03],[-106.3238,32.0347],[-106.3187,32.0422],[-106.2983,32.0424],[-106.3265,32.0016],[-104.7721,31.9975],[-104.3296,32.0002],[-104.3103,32.0362],[-104.3179,32.0638],[-104.3161,32.0845],[-104.3034,32.0738],[-104.2501,32.0662],[-104.2517,32.079],[-104.2228,32.1721],[-104.2207,32.254],[-104.2553,32.2416],[-104.2767,32.2153],[-104.3131,32.2228],[-104.2587,32.3317],[-104.2373,32.3632],[-104.2382,32.4169],[-104.2289,32.4203],[-104.2287,32.4341],[-104.2564,32.4401],[-104.2801,32.4706],[-104.3647,32.4957],[-104.3829,32.5142],[-104.3819,32.5292],[-104.368,32.5381],[-104.3669,32.5438],[-104.3818,32.5491],[-104.3926,32.5627],[-104.3841,32.5756],[-104.3635,32.5845],[-104.3507,32.5972],[-104.3697,32.6153],[-104.3696,32.6594],[-104.3951,32.662],[-104.3954,32.656],[-104.426,32.6533],[-104.5466,32.6538],[-104.5477,32.6696],[-104.5405,32.674],[-104.5503,32.6902],[-104.5515,32.7043],[-104.5426,32.7039],[-104.5358,32.71],[-104.5346,32.735],[-104.5044,32.7327],[-104.5055,32.7411],[-104.5284,32.7439],[-104.5314,32.7557],[-104.4818,32.756],[-104.479,32.7733],[-104.4833,32.7776],[-104.4789,32.7807],[-104.4127,32.7845],[-104.4126,32.7989],[-104.4298,32.7991],[-104.4299,32.8565],[-104.4127,32.8571],[-104.4122,32.89],[-104.4125,32.9008],[-104.4298,32.9008],[-104.4298,32.8968],[-104.4557,32.9015],[-104.5826,32.9009],[-104.5625,32.921],[-104.5593,32.9447],[-104.5507,32.9448],[-104.5507,32.964],[-104.8416,32.9632],[-104.8422,32.5205],[-105.354,32.5188],[-105.3525,32.962],[-105.316,32.9621],[-105.3162,33.0027],[-105.4131,33.0038],[-105.4133,32.9925],[-105.4188,32.9923],[-105.4219,32.9992],[-105.4361,32.9999],[-105.4362,33.0043],[-105.7756,33.004],[-105.7869,32.989],[-105.8322,32.9801],[-105.8459,32.9669],[-105.8753,32.9546],[-105.8812,32.9565],[-105.8758,32.9472],[-105.8852,32.9486],[-105.8938,32.943],[-105.877,32.919],[-105.874,32.8984],[-105.8644,32.8828],[-105.8666,32.8877],[-105.9042,32.8909],[-105.9191,32.8974],[-105.9434,32.8925],[-105.9446,32.8999],[-105.9603,32.8998],[-105.9614,32.9279],[-106.0156,33.0695],[-106.0347,33.0693],[-106.0364,33.0884],[-106.0797,33.088],[-106.1078,33.0823],[-106.1482,33.0853],[-106.1492,33.0777],[-106.2079,33.0823],[-106.2814,33.1126],[-106.3405,33.1161],[-106.3407,32.9584],[-106.3766,32.9581],[-106.3774,32.1687]]]},"properties":{"geoid":"35034","state":"35","district":"034","name":"State Senate District 34","chamber":"Senate"}},{"type":"Feature","geometry":{"type":"Polygon","coordinates":[[[-109.0478,32.8087],[-109.0478,32.6471],[-108.9814,32.6101],[-108.9519,32.5738],[-108.9279,32.555],[-108.8474,32.5712],[-108.7751,32.6002],[-108.738,32.6024],[-108.7407,32.6401],[-108.6985,32.6193],[-108.684,32.6168],[-108.6348,32.6272],[-108.5756,32.6303],[-108.5373,32.6474],[-108.5385,32.6566],[-108.5268,32.6666],[-108.5339,32.6801],[-108.5295,32.6925],[-108.5215,32.701],[-108.5118,32.7022],[-108.5075,32.7201],[-108.5001,32.7246],[-108.507,32.7597],[-108.4999,32.7671],[-108.5012,32.7782],[-108.4945,32.7885],[-108.488,32.7936],[-108.4814,32.7848],[-108.4318,32.7686],[-108.4183,32.7695],[-108.3937,32.7828],[-108.4201,32.7938],[-108.3981,32.8019],[-108.387,32.8013],[-108.3613,32.8198],[-108.3585,32.8302],[-108.3645,32.8322],[-108.3755,32.8517],[-108.3811,32.8514],[-108.3755,32.8543],[-108.4029,32.8773],[-108.4024,32.8847],[-108.4091,32.8908],[-108.4074,32.9027],[-108.4183,32.9122],[-108.4181,32.9187],[-108.4365,32.9328],[-108.426,32.9409],[-108.4234,32.9519],[-108.4056,32.9325],[-108.3977,32.9316],[-108.3984,32.9254],[-108.3879,32.9216],[-108.3884,32.9174],[-108.3808,32.9164],[-108.3715,32.9225],[-108.3641,32.9136],[-108.3567,32.9164],[-108.3512,32.9102],[-108.3419,32.9079],[-108.3397,32.9112],[-108.3176,32.9024],[-108.3093,32.9048],[-108.2791,32.8983],[-108.2669,32.9061],[-108.2373,32.8925],[-108.2301,32.8992],[-108.1977,32.9011],[-108.1953,32.9085],[-108.1735,32.9056],[-108.1633,32.9108],[-108.17,32.9197],[-108.1503,32.9181],[-108.1356,32.9228],[-108.1215,32.9043],[-108.1256,32.9014],[-108.1095,32.8912],[-108.0748,32.9012],[-108.0749,32.896],[-108.0548,32.8885],[-108.0289,32.8655],[-108.0277,32.8499],[-108.0154,32.8403],[-108.0563,32.8205],[-108.0595,32.8062],[-108.0674,32.8086],[-108.0834,32.8037],[-108.0855,32.7962],[-108.0815,32.791],[-108.0978,32.7827],[-108.0969,32.7757],[-108.0798,32.761],[-108.0658,32.7639],[-108.0573,32.7728],[-108.0463,32.7629],[-108.0369,32.7611],[-108.0218,32.7453],[-107.9996,32.742],[-107.9999,32.7325],[-108.0151,32.7288],[-108.022,32.7157],[-108.0268,32.7151],[-108.0304,32.7009],[-108.039,32.6957],[-108.0393,32.6879],[-108.0471,32.6786],[-108.0461,32.667],[-108.0579,32.6478],[-108.0538,32.6345],[-108.0578,32.6202],[-108.0454,32.5901],[-108.0472,32.5747],[-108.0309,32.554],[-108.0231,32.5287],[-108.0113,32.5173],[-107.9986,32.5152],[-107.7638,32.2916],[-107.7612,32.2833],[-107.7541,32.2866],[-107.7368,32.2803],[-107.7514,32.2714],[-107.7132,32.2761],[-107.7145,32.269],[-107.7,32.2687],[-107.6994,32.2255],[-107.6909,32.2254],[-107.6653,32.2253],[-107.6655,32.2339],[-107.6485,32.2358],[-107.6486,32.2498],[-107.6191,32.2428],[-107.4545,32.2429],[-107.3906,32.2363],[-107.3637,32.2443],[-107.1951,32.2412],[-106.9083,32.2739],[-106.8275,32.3106],[-106.8416,32.3455],[-106.8398,32.3751],[-106.8566,32.3763],[-106.8674,32.3844],[-106.8626,32.405],[-106.8923,32.3947],[-106.912,32.3964],[-106.921,32.4011],[-106.921,32.4101],[-106.9294,32.4229],[-106.9333,32.4214],[-106.9289,32.4141],[-106.9314,32.4088],[-106.9436,32.4084],[-106.978,32.4416],[-106.9776,32.4457],[-106.9858,32.4413],[-107.0242,32.4381],[-107.0233,32.4272],[-107.0537,32.4463],[-107.0625,32.4389],[-107.0867,32.4369],[-107.1202,32.4844],[-107.1341,32.4866],[-107.1489,32.503],[-107.1615,32.5066],[-107.1593,32.5281],[-107.1494,32.5372],[-107.1366,32.5349],[-107.1295,32.5414],[-107.114,32.5402],[-107.1103,32.5476],[-107.0702,32.5584],[-107.0456,32.5798],[-107.0347,32.606],[-107.0196,32.6045],[-107.0202,32.6175],[-107.0425,32.6316],[-107.0431,32.6429],[-107.0637,32.6465],[-107.0746,32.6548],[-107.106,32.6545],[-107.12,32.6681],[-107.1681,32.6628],[-107.1858,32.6482],[-107.2436,32.6179],[-107.2995,32.5958],[-107.2995,32.7802],[-106.9379,32.7794],[-106.9486,32.7644],[-106.9687,32.7517],[-106.9314,32.7522],[-106.8958,32.7441],[-106.9268,32.7084],[-106.9678,32.6329],[-106.914,32.5368],[-106.8987,32.4873],[-106.8731,32.4511],[-106.8253,32.4111],[-106.795,32.3773],[-106.7688,32.3864],[-106.7534,32.3693],[-106.7387,32.3876],[-106.7282,32.39],[-106.7264,32.4028],[-106.7087,32.4027],[-106.7087,32.3874],[-106.683,32.3881],[-106.683,32.3755],[-106.6573,32.378],[-106.6145,32.3657],[-106.6133,32.4203],[-106.5797,32.4315],[-106.5641,32.4256],[-106.5474,32.4362],[-106.4653,32.4395],[-106.4207,32.4612],[-106.3769,32.5165],[-106.3766,32.9581],[-106.3407,32.9585],[-106.3457,33.3906],[-106.3719,33.3906],[-106.3737,33.6605],[-106.2683,33.6605],[-106.1583,33.6503],[-106.0527,33.6503],[-106.0527,33.8256],[-105.9247,33.8256],[-105.926,34.26],[-106.416,34.2598],[-106.4169,34.4397],[-106.4563,34.4371],[-106.5046,34.457],[-106.5646,34.4739],[-106.5511,34.4619],[-106.5352,34.436],[-106.5213,34.4294],[-106.5124,34.4049],[-106.4878,34.4052],[-106.4891,34.3802],[-106.4797,34.3667],[-106.4774,34.3537],[-106.4858,34.338],[-106.4839,34.2797],[-106.4883,34.2623],[-106.4712,34.243],[-106.4707,34.1834],[-106.4554,34.155],[-106.454,34.1423],[-106.454,34.1148],[-106.4708,34.086],[-106.4708,33.99],[-106.4972,33.9561],[-106.5105,33.9286],[-106.5053,33.9021],[-106.5327,33.8782],[-106.7302,33.8872],[-106.7517,33.8911],[-106.7865,33.9059],[-106.8573,33.9186],[-106.8518,33.9514],[-106.8626,33.9695],[-106.8636,33.9887],[-106.8742,34.0028],[-106.8649,34.0202],[-106.8705,34.0366],[-106.8687,34.0465],[-106.8776,34.0614],[-106.8918,34.0605],[-106.9239,34.0201],[-106.9462,34.007],[-106.9826,34.0049],[-106.9892,34.0067],[-106.9893,34.1148],[-107.0414,34.1149],[-107.0416,34.0998],[-107.0935,34.0998],[-107.0934,34.1294],[-106.9893,34.1294],[-106.9889,34.1731],[-107.0934,34.1731],[-107.0953,34.2989],[-107.1152,34.2932],[-107.1485,34.2645],[-107.1896,34.2002],[-107.2141,34.192],[-107.2163,34.2099],[-107.2532,34.2183],[-107.2598,34.2326],[-107.243,34.2467],[-107.2417,34.2529],[-107.2215,34.255],[-107.2235,34.269],[-107.2075,34.2929],[-107.2391,34.3124],[-107.2309,34.325],[-107.2343,34.3333],[-107.2287,34.3747],[-107.233,34.3804],[-107.2251,34.3874],[-107.2281,34.396],[-107.233,34.3944],[-107.2467,34.4027],[-107.2663,34.4019],[-107.2673,34.408],[-107.2873,34.4158],[-107.3096,34.417],[-107.3194,34.4089],[-107.3405,34.4121],[-107.3509,34.4351],[-107.3632,34.446],[-107.4192,34.4399],[-107.4231,34.4346],[-107.3941,34.4344],[-107.3942,34.4193],[-107.3856,34.4195],[-107.3856,34.4123],[-107.3767,34.4124],[-107.3766,34.4053],[-107.3943,34.405],[-107.3944,34.3905],[-107.3856,34.3906],[-107.3855,34.3761],[-107.3944,34.376],[-107.3941,34.362],[-107.4113,34.3619],[-107.4113,34.3183],[-107.4372,34.3181],[-107.4414,34.304],[-107.4979,34.3033],[-107.4978,34.3181],[-107.5154,34.3185],[-107.5156,34.3329],[-107.5331,34.3326],[-107.5329,34.3474],[-107.5155,34.3474],[-107.5156,34.3575],[-107.5297,34.3687],[-107.5531,34.3625],[-107.5637,34.3788],[-107.5986,34.4069],[-107.6382,34.4143],[-107.6552,34.4097],[-107.6634,34.4213],[-107.682,34.386],[-107.7016,34.3693],[-107.7257,34.3606],[-107.7248,34.5781],[-109.0461,34.5793],[-109.0478,32.8087]]]},"properties":{"geoid":"35035","state":"35","district":"035","name":"State Senate District 35","chamber":"Senate"}},{"type":"Feature","geometry":{"type":"Polygon","coordinates":[[[-107.2997,32.6233],[-107.2995,32.5958],[-107.2436,32.6179],[-107.1858,32.6482],[-107.1692,32.6625],[-107.12,32.6681],[-107.106,32.6545],[-107.0746,32.6548],[-107.0637,32.6465],[-107.0431,32.6429],[-107.0425,32.6316],[-107.0202,32.6175],[-107.0196,32.6045],[-107.0347,32.606],[-107.0456,32.5798],[-107.0702,32.5584],[-107.1103,32.5476],[-107.114,32.5402],[-107.1295,32.5414],[-107.1366,32.5349],[-107.1494,32.5372],[-107.1593,32.5281],[-107.1606,32.5053],[-107.1489,32.503],[-107.1341,32.4866],[-107.1202,32.4844],[-107.0867,32.4369],[-107.0625,32.4389],[-107.0537,32.4463],[-107.0233,32.4272],[-107.0242,32.4381],[-106.9858,32.4413],[-106.9776,32.4457],[-106.978,32.4416],[-106.9436,32.4084],[-106.9314,32.4088],[-106.9289,32.4141],[-106.9333,32.4214],[-106.9294,32.4229],[-106.921,32.4101],[-106.921,32.4011],[-106.912,32.3964],[-106.8923,32.3947],[-106.8626,32.405],[-106.8674,32.3844],[-106.8566,32.3763],[-106.8398,32.3751],[-106.8416,32.3455],[-106.8275,32.3106],[-106.8205,32.3116],[-106.8212,32.3176],[-106.8129,32.317],[-106.8121,32.3245],[-106.8002,32.3213],[-106.7868,32.3244],[-106.7779,32.3071],[-106.7806,32.2969],[-106.7761,32.2899],[-106.76,32.2962],[-106.763,32.3018],[-106.745,32.3047],[-106.7536,32.3231],[-106.772,32.3207],[-106.779,32.3277],[-106.7722,32.3306],[-106.7705,32.3383],[-106.7619,32.3366],[-106.7698,32.3481],[-106.7473,32.3666],[-106.7511,32.3728],[-106.7534,32.3693],[-106.7593,32.3724],[-106.7688,32.3864],[-106.795,32.3773],[-106.8253,32.4111],[-106.8727,32.4507],[-106.8987,32.4873],[-106.914,32.5368],[-106.9678,32.6329],[-106.9268,32.7084],[-106.8958,32.7441],[-106.9314,32.7522],[-106.9687,32.7517],[-106.9486,32.7644],[-106.9379,32.7794],[-107.2995,32.7802],[-107.2997,32.6233]]]},"properties":{"geoid":"35036","state":"35","district":"036","name":"State Senate District 36","chamber":"Senate"}},{"type":"Feature","geometry":{"type":"Polygon","coordinates":[[[-106.7789,32.3278],[-106.772,32.3207],[-106.7635,32.3245],[-106.7524,32.3222],[-106.745,32.3047],[-106.7626,32.3004],[-106.7554,32.2898],[-106.7399,32.2889],[-106.7432,32.2862],[-106.7386,32.2871],[-106.7342,32.2736],[-106.7104,32.2818],[-106.7051,32.274],[-106.6855,32.2838],[-106.6757,32.2952],[-106.6357,32.2014],[-106.6141,32.2099],[-106.5813,32.2102],[-106.5813,32.0828],[-106.3772,32.0816],[-106.3769,32.5165],[-106.4207,32.4612],[-106.4653,32.4395],[-106.5474,32.4362],[-106.5641,32.4256],[-106.5797,32.4315],[-106.6133,32.4203],[-106.6145,32.3657],[-106.6573,32.378],[-106.683,32.3755],[-106.683,32.3881],[-106.7087,32.3874],[-106.7087,32.4027],[-106.7264,32.4028],[-106.7282,32.39],[-106.7389,32.3875],[-106.7511,32.3728],[-106.7473,32.3666],[-106.7698,32.3481],[-106.7619,32.3366],[-106.7705,32.3383],[-106.7722,32.3306],[-106.7789,32.3278]]]},"properties":{"geoid":"35037","state":"35","district":"037","name":"State Senate District 37","chamber":"Senate"}},{"type":"Feature","geometry":{"type":"Polygon","coordinates":[[[-107.2987,32.0845],[-107.2968,31.7836],[-106.6018,31.7839],[-106.5915,31.7958],[-106.5987,31.8078],[-106.6106,31.8132],[-106.6021,31.8209],[-106.6305,31.8521],[-106.6438,31.8478],[-106.639,31.8419],[-106.6482,31.8351],[-106.6561,31.8377],[-106.6695,31.8488],[-106.656,31.8605],[-106.6886,31.8619],[-106.693,31.8575],[-106.7605,31.9178],[-106.7291,31.9457],[-106.6903,31.9582],[-106.6678,31.9571],[-106.6723,31.9793],[-106.6684,31.9839],[-106.6777,31.9935],[-106.6568,32.0018],[-106.6554,31.9976],[-106.6357,31.9993],[-106.6461,32.0128],[-106.6482,32.036],[-106.6033,32.0391],[-106.6022,32.053],[-106.6505,32.1472],[-106.7277,32.2548],[-106.7386,32.2871],[-106.7554,32.2898],[-106.76,32.2962],[-106.7761,32.2899],[-106.7806,32.2969],[-106.7779,32.3071],[-106.7868,32.3244],[-106.8002,32.3213],[-106.8121,32.3245],[-106.8129,32.317],[-106.8212,32.3176],[-106.8205,32.3116],[-106.84,32.3067],[-106.8801,32.2843],[-106.9097,32.2736],[-107.1966,32.2411],[-107.2984,32.243],[-107.2987,32.0845]]]},"properties":{"geoid":"35038","state":"35","district":"038","name":"State Senate District 38","chamber":"Senate"}},{"type":"Feature","geometry":{"type":"Polygon","coordinates":[[[-106.7299,34.6535],[-106.7234,34.653],[-106.7214,34.6423],[-106.7256,34.639],[-106.5646,34.4739],[-106.5046,34.457],[-106.4563,34.4371],[-106.4169,34.4397],[-106.416,34.2598],[-105.3132,34.26],[-105.3128,34.607],[-105.2904,34.6068],[-105.2912,35.2165],[-105.259,35.2165],[-105.2603,35.2373],[-105.2538,35.2363],[-105.2493,35.2422],[-105.2295,35.248],[-105.208,35.2368],[-105.1998,35.2427],[-105.1864,35.2398],[-105.1853,35.235],[-105.1832,35.2407],[-105.1644,35.2373],[-105.1682,35.2434],[-105.1653,35.2523],[-105.1733,35.26],[-105.1678,35.2649],[-105.1744,35.2693],[-105.173,35.2746],[-105.1613,35.2796],[-105.1777,35.2853],[-105.1835,35.2971],[-105.1794,35.3068],[-105.1907,35.3087],[-105.1913,35.3173],[-105.201,35.3214],[-105.2012,35.3278],[-105.2137,35.3252],[-105.2161,35.3395],[-105.2267,35.3426],[-105.2336,35.3541],[-105.2474,35.3607],[-105.2439,35.3686],[-105.2301,35.3747],[-105.2337,35.3845],[-105.2442,35.3876],[-105.2313,35.4009],[-105.252,35.4161],[-105.2587,35.4308],[-105.2616,35.4273],[-105.2725,35.4334],[-105.2854,35.422],[-105.2847,35.416],[-105.2941,35.4201],[-105.3114,35.4174],[-105.3166,35.4222],[-105.3185,35.4356],[-105.3294,35.4406],[-105.3336,35.4496],[-105.394,35.4341],[-105.4088,35.4107],[-105.4066,35.3981],[-105.3804,35.3959],[-105.3869,35.3931],[-105.3775,35.3887],[-105.3734,35.3704],[-105.3932,35.3707],[-105.3878,35.3662],[-105.3862,35.3492],[-105.365,35.339],[-105.3717,35.3256],[-105.3668,35.3218],[-105.3646,35.3039],[-105.3989,35.3001],[-105.3985,35.309],[-105.4122,35.3119],[-105.4197,35.3087],[-105.419,35.2968],[-105.4365,35.2956],[-105.4514,35.2649],[-105.4663,35.2678],[-105.4662,35.276],[-105.4779,35.2916],[-105.5107,35.2806],[-105.5256,35.2878],[-105.5674,35.3335],[-105.587,35.3334],[-105.6208,35.3867],[-105.6321,35.3908],[-105.6366,35.4014],[-105.6648,35.4019],[-105.6629,35.4331],[-105.6734,35.4667],[-105.665,35.4785],[-105.6001,35.4314],[-105.5866,35.4275],[-105.5794,35.4395],[-105.5825,35.4809],[-105.5772,35.5019],[-105.5692,35.5014],[-105.5702,35.4958],[-105.5458,35.5132],[-105.5176,35.4716],[-105.5072,35.4707],[-105.4991,35.4854],[-105.4957,35.4778],[-105.4917,35.4813],[-105.4824,35.4778],[-105.4819,35.543],[-105.5058,35.5635],[-105.5055,35.6932],[-105.5211,35.7004],[-105.5169,35.7081],[-105.5258,35.7068],[-105.522,35.7159],[-105.5293,35.7181],[-105.5246,35.7199],[-105.5306,35.7241],[-105.5283,35.7284],[-105.5376,35.725],[-105.5344,35.736],[-105.5291,35.7376],[-105.5331,35.7478],[-105.5162,35.7403],[-105.5179,35.7451],[-105.5113,35.7479],[-105.5143,35.753],[-105.5053,35.7495],[-105.5051,35.8707],[-105.7205,35.8712],[-105.7181,35.4642],[-105.7192,35.4697],[-105.7319,35.4747],[-105.7525,35.4759],[-105.7498,35.4946],[-105.7605,35.5125],[-105.76,35.5254],[-105.7748,35.5419],[-105.7965,35.5203],[-105.8183,35.5175],[-105.8276,35.5108],[-105.8338,35.5147],[-105.8365,35.5257],[-105.8561,35.5146],[-105.876,35.4833],[-105.9,35.4654],[-105.9084,35.4805],[-105.8895,35.5297],[-105.9037,35.5271],[-105.9085,35.5391],[-105.9271,35.5446],[-105.928,35.567],[-105.9347,35.5717],[-105.9429,35.5913],[-105.9606,35.609],[-105.9827,35.6054],[-105.9917,35.6236],[-106.035,35.6055],[-106.0309,35.6173],[-106.0396,35.6192],[-106.0402,35.624],[-106.0717,35.6129],[-106.0713,35.6227],[-106.0608,35.628],[-106.0604,35.6355],[-106.0249,35.6578],[-106.0673,35.6736],[-106.0716,35.6851],[-106.0795,35.6892],[-106.0939,35.6902],[-106.1271,35.7258],[-106.1402,35.7322],[-106.1678,35.7424],[-106.1851,35.7363],[-106.1866,35.7311],[-106.214,35.7767],[-106.2186,35.7702],[-106.2402,35.7642],[-106.2505,35.7558],[-106.2489,35.3775],[-106.235,35.3527],[-106.2119,35.3407],[-106.215,35.3214],[-106.1882,35.3179],[-106.1701,35.3296],[-106.1566,35.326],[-106.1386,35.3372],[-106.0773,35.3479],[-106.0699,35.3637],[-106.0746,35.371],[-106.0413,35.3871],[-106.0363,35.3986],[-106.0259,35.3894],[-106.0049,35.3852],[-105.974,35.3932],[-105.9577,35.3824],[-105.9426,35.3859],[-105.9412,35.351],[-105.9315,35.3258],[-105.9349,35.2937],[-105.9501,35.2493],[-105.961,35.232],[-105.9617,35.1863],[-105.9692,35.1674],[-105.961,35.171],[-105.8512,35.1716],[-105.8136,35.1863],[-105.7803,35.1861],[-105.777,35.1878],[-105.7863,35.2007],[-105.7387,35.2016],[-105.7154,35.2155],[-105.7144,35.0416],[-105.6828,35.0416],[-105.6641,35.0083],[-105.7058,35.0106],[-105.7228,35.0041],[-105.8176,35.0049],[-105.8249,34.9934],[-105.8627,34.979],[-105.8337,34.9782],[-105.8183,34.9844],[-105.778,34.9874],[-105.7866,34.9329],[-105.7822,34.9106],[-105.8214,34.9048],[-105.8554,34.8898],[-105.8846,34.884],[-105.8916,34.8699],[-106.0261,34.8702],[-106.026,34.9267],[-106.0418,34.9268],[-106.0518,34.9268],[-106.0521,34.9124],[-106.14,34.9126],[-106.1409,34.9205],[-106.1489,34.9219],[-106.1497,34.8701],[-106.4639,34.8702],[-106.4645,34.811],[-106.6311,34.8112],[-106.6312,34.7976],[-106.6523,34.7976],[-106.6496,34.7832],[-106.6628,34.773],[-106.6749,34.7478],[-106.6861,34.6684],[-106.6971,34.6605],[-106.7299,34.6535]]]},"properties":{"geoid":"35039","state":"35","district":"039","name":"State Senate District 39","chamber":"Senate"}},{"type":"Feature","geometry":{"type":"Polygon","coordinates":[[[-107.0185,35.3349],[-107.0107,35.3201],[-106.9888,35.3164],[-106.9869,35.3113],[-106.9913,35.3112],[-106.9851,35.3053],[-106.9883,35.3014],[-106.9824,35.2999],[-106.9873,35.2972],[-106.9795,35.2909],[-106.9837,35.2889],[-106.9794,35.2873],[-106.9826,35.2838],[-106.9711,35.2806],[-106.9711,35.2748],[-106.9736,35.2776],[-106.9744,35.2718],[-106.9789,35.272],[-106.9767,35.2621],[-106.981,35.2602],[-106.9697,35.2534],[-106.9729,35.2425],[-106.9677,35.2421],[-106.9681,35.2366],[-106.9749,35.2298],[-106.9655,35.2282],[-106.97,35.2232],[-106.9652,35.2241],[-106.962,35.2184],[-106.714,35.218],[-106.7264,35.2217],[-106.719,35.233],[-106.7259,35.2416],[-106.7368,35.2416],[-106.7368,35.2486],[-106.6834,35.2744],[-106.677,35.2584],[-106.6707,35.2573],[-106.6732,35.2415],[-106.656,35.2412],[-106.6511,35.2509],[-106.6263,35.2671],[-106.579,35.3113],[-106.5745,35.3214],[-106.5889,35.3338],[-106.5964,35.3279],[-106.6154,35.3397],[-106.612,35.3334],[-106.6296,35.3334],[-106.6377,35.3455],[-106.6455,35.346],[-106.6456,35.3593],[-106.6384,35.36],[-106.6363,35.3777],[-106.6725,35.3776],[-106.6727,35.3921],[-106.7259,35.3932],[-106.7394,35.4107],[-106.7859,35.4001],[-106.8084,35.4001],[-106.8149,35.4064],[-106.8332,35.4066],[-106.8331,35.45],[-106.8154,35.4498],[-106.815,35.4645],[-106.833,35.4645],[-106.8319,35.4991],[-106.8466,35.4951],[-106.8479,35.4828],[-106.8925,35.4828],[-106.8963,35.4793],[-106.8901,35.4741],[-106.8983,35.4612],[-106.9187,35.4659],[-106.9432,35.4834],[-106.9606,35.4865],[-106.9946,35.4633],[-106.9954,35.4553],[-107.0028,35.4484],[-107.0018,35.4329],[-106.9738,35.3735],[-106.9894,35.3623],[-106.988,35.3563],[-106.9966,35.3471],[-107.0088,35.3441],[-107.0185,35.3349]]]},"properties":{"geoid":"35040","state":"35","district":"040","name":"State Senate District 40","chamber":"Senate"}},{"type":"Feature","geometry":{"type":"Polygon","coordinates":[[[-104.3297,32.0003],[-103.0645,32.0004],[-103.0648,32.7087],[-103.1362,32.7112],[-103.137,32.7258],[-103.1467,32.7258],[-103.1612,32.7406],[-103.1706,32.7329],[-103.2885,32.7336],[-103.3508,32.713],[-103.3511,32.9295],[-103.3424,32.9295],[-103.342,32.9384],[-103.3424,32.944],[-103.3511,32.944],[-103.3511,32.9481],[-103.3424,32.9481],[-103.3431,32.9665],[-103.3146,32.9811],[-103.3521,32.9814],[-103.3521,32.9668],[-103.3598,32.9667],[-103.3599,32.956],[-103.3684,32.9572],[-103.377,32.9511],[-103.3773,32.9439],[-103.5217,32.9439],[-103.6318,32.9092],[-103.6601,32.9293],[-103.6799,32.9519],[-103.7283,32.9455],[-103.7395,32.9387],[-103.7538,32.9397],[-103.7768,32.9581],[-103.7789,32.9652],[-103.8145,32.9651],[-103.8142,32.5224],[-103.7229,32.5223],[-103.7229,32.3748],[-103.7372,32.3596],[-103.7897,32.3393],[-103.8074,32.3263],[-103.8257,32.3316],[-103.829,32.325],[-103.9067,32.3351],[-103.9454,32.3497],[-104.0019,32.3422],[-104.0338,32.3204],[-104.0418,32.3354],[-104.0604,32.3411],[-104.0758,32.3545],[-104.0933,32.3489],[-104.11,32.361],[-104.124,32.3636],[-104.1394,32.3829],[-104.1542,32.3877],[-104.1773,32.4071],[-104.2065,32.4065],[-104.2222,32.4113],[-104.2243,32.4179],[-104.2252,32.4144],[-104.2368,32.4145],[-104.2373,32.3632],[-104.2587,32.3317],[-104.3131,32.2228],[-104.2767,32.2153],[-104.2553,32.2416],[-104.2207,32.254],[-104.2228,32.1721],[-104.2517,32.079],[-104.2501,32.0662],[-104.3034,32.0738],[-104.3161,32.0845],[-104.3179,32.0638],[-104.3103,32.0362],[-104.3297,32.0003]]]},"properties":{"geoid":"35041","state":"35","district":"041","name":"State Senate District 41","chamber":"Senate"}},{"type":"Feature","geometry":{"type":"Polygon","coordinates":[[[-104.5514,32.7043],[-104.5503,32.6902],[-104.5405,32.674],[-104.5477,32.6696],[-104.5466,32.6538],[-104.426,32.6533],[-104.3954,32.656],[-104.3951,32.662],[-104.3696,32.6594],[-104.3697,32.6153],[-104.3507,32.5972],[-104.3635,32.5845],[-104.3841,32.5756],[-104.3926,32.5627],[-104.3818,32.5491],[-104.3669,32.5438],[-104.368,32.5381],[-104.3819,32.5292],[-104.3829,32.5142],[-104.3647,32.4957],[-104.2777,32.4692],[-104.2564,32.4401],[-104.229,32.4348],[-104.2289,32.4203],[-104.2382,32.4145],[-104.2252,32.4144],[-104.2243,32.4179],[-104.2222,32.4113],[-104.2065,32.4065],[-104.1773,32.4071],[-104.1542,32.3877],[-104.1394,32.3829],[-104.124,32.3636],[-104.11,32.361],[-104.0933,32.3489],[-104.0758,32.3545],[-104.0604,32.3411],[-104.0418,32.3354],[-104.0338,32.3204],[-104.0019,32.3422],[-103.9454,32.3497],[-103.9067,32.3351],[-103.829,32.325],[-103.8257,32.3316],[-103.8074,32.3263],[-103.7897,32.3393],[-103.7372,32.3596],[-103.7229,32.3748],[-103.7229,32.5223],[-103.8142,32.5224],[-103.8145,32.9651],[-103.7789,32.9652],[-103.7768,32.9581],[-103.7538,32.9397],[-103.7395,32.9387],[-103.7283,32.9455],[-103.6799,32.9519],[-103.6601,32.9293],[-103.6318,32.9092],[-103.5217,32.9439],[-103.3773,32.9439],[-103.377,32.9511],[-103.3684,32.9572],[-103.3599,32.956],[-103.3598,32.9667],[-103.3521,32.9668],[-103.3521,32.9814],[-103.3146,32.9811],[-103.3431,32.9665],[-103.3424,32.9481],[-103.3511,32.9481],[-103.3511,32.944],[-103.3424,32.944],[-103.342,32.9384],[-103.3424,32.9295],[-103.3511,32.9295],[-103.3508,32.713],[-103.2885,32.7336],[-103.1706,32.7329],[-103.1612,32.7406],[-103.1467,32.7258],[-103.137,32.7258],[-103.1362,32.7112],[-103.0648,32.7087],[-103.0617,33.1409],[-103.4557,33.141],[-103.4557,33.104],[-103.5352,33.1042],[-103.5442,33.1096],[-103.5822,33.1094],[-103.5919,33.1156],[-103.6111,33.1147],[-103.6107,33.1409],[-103.6928,33.1411],[-103.6998,33.1744],[-103.7482,33.2023],[-103.7664,33.2079],[-103.7663,33.3119],[-104.2792,33.3141],[-104.2216,33.2394],[-104.1264,33.0975],[-104.1067,33.0528],[-104.051,32.9654],[-104.1076,32.9654],[-104.125,32.9493],[-104.1196,32.9351],[-104.121,32.9203],[-104.1339,32.899],[-104.1502,32.8002],[-104.1962,32.7962],[-104.2021,32.7865],[-104.2329,32.7914],[-104.3204,32.7603],[-104.3254,32.7679],[-104.3334,32.7679],[-104.3287,32.7726],[-104.3611,32.7757],[-104.361,32.7853],[-104.3957,32.7844],[-104.3958,32.8282],[-104.4126,32.8281],[-104.4127,32.8358],[-104.4213,32.8353],[-104.417,32.8317],[-104.4299,32.8281],[-104.4298,32.7991],[-104.4126,32.7989],[-104.4127,32.7845],[-104.4789,32.7807],[-104.4833,32.7776],[-104.479,32.7733],[-104.4818,32.756],[-104.5312,32.7558],[-104.5284,32.7439],[-104.5055,32.7411],[-104.5044,32.7327],[-104.5346,32.735],[-104.5358,32.71],[-104.5426,32.7039],[-104.5514,32.7043]]]},"properties":{"geoid":"35042","state":"35","district":"042","name":"State Senate District 42","chamber":"Senate"}}]}