{"type":"FeatureCollection","features":[{"type":"Feature","geometry":{"type":"Polygon","coordinates":[[[-83.0651,39.9639],[-83.0592,39.9557],[-83.0593,39.9394],[-83.0411,39.939],[-83.0402,39.9439],[-83.0215,39.9449],[-83.0211,39.9503],[-83.0083,39.9531],[-82.9824,39.9522],[-82.9836,39.9363],[-82.9984,39.9394],[-82.9975,39.9237],[-82.9656,39.92],[-82.9644,39.9346],[-82.9787,39.9353],[-82.9779,39.9464],[-82.9424,39.9483],[-82.935,39.9388],[-82.9194,39.9396],[-82.9195,39.9471],[-82.9122,39.9467],[-82.911,39.9539],[-82.9046,39.9563],[-82.904,39.9768],[-82.9129,39.9776],[-82.9113,39.9821],[-82.8693,39.9864],[-82.8685,40.0024],[-82.9015,40.0103],[-82.9289,39.9962],[-82.9298,40.0038],[-82.9383,39.9996],[-82.9956,40.0012],[-82.9951,39.9943],[-83.012,39.9955],[-83.0137,39.9904],[-83.0088,39.9803],[-82.9935,39.9799],[-83.0022,39.9702],[-83.0012,39.9649],[-83.0651,39.9639]]]},"properties":{"geoid":"39001","state":"39","district":"1","name":"State House District 1","chamber":"House"}},{"type":"Feature","geometry":{"type":"Polygon","coordinates":[[[-83.0102,39.9139],[-83.0081,39.9071],[-82.9954,39.906],[-82.9953,39.9013],[-82.9873,39.9009],[-82.9866,39.8958],[-82.9676,39.8949],[-82.9665,39.9091],[-82.9571,39.9088],[-82.955,39.9047],[-82.9218,39.9068],[-82.9116,39.8952],[-82.9154,39.889],[-82.895,39.9053],[-82.9113,39.9065],[-82.9104,39.9133],[-82.8991,39.9076],[-82.8969,39.9143],[-82.8865,39.909],[-82.8517,39.9137],[-82.8503,39.9039],[-82.8419,39.9072],[-82.8249,39.9029],[-82.8237,39.9173],[-82.831,39.9249],[-82.8307,39.9329],[-82.8599,39.9346],[-82.8642,39.9385],[-82.8547,39.9454],[-82.8532,39.9548],[-82.853,39.947],[-82.8465,39.9509],[-82.8496,39.9458],[-82.8442,39.9547],[-82.819,39.9573],[-82.8186,39.9632],[-82.828,39.9637],[-82.8315,39.9787],[-82.8029,39.9774],[-82.8048,39.9836],[-82.7912,39.985],[-82.7971,39.9877],[-82.7968,39.9916],[-82.7918,39.9914],[-82.791,40.0003],[-82.7813,39.9985],[-82.781,40.0027],[-82.7875,40.0021],[-82.7807,40.0094],[-82.8001,40.0076],[-82.7908,40.0063],[-82.7911,40.0016],[-82.7989,40.002],[-82.8041,39.9892],[-82.8159,39.9952],[-82.8576,39.9867],[-82.8573,39.9949],[-82.8684,39.9971],[-82.8693,39.9864],[-82.9096,39.9837],[-82.9129,39.9776],[-82.9041,39.9771],[-82.9046,39.9563],[-82.911,39.9539],[-82.9122,39.9467],[-82.9195,39.9471],[-82.9194,39.9396],[-82.935,39.9388],[-82.9424,39.9483],[-82.9779,39.9464],[-82.9787,39.9353],[-82.9644,39.9346],[-82.9656,39.92],[-82.9954,39.9218],[-82.9997,39.9394],[-83.0102,39.9139]]]},"properties":{"geoid":"39002","state":"39","district":"2","name":"State House District 2","chamber":"House"}},{"type":"Feature","geometry":{"type":"Polygon","coordinates":[[[-83.0203,40.0486],[-83.007,39.9948],[-82.9951,39.9943],[-82.9956,40.0012],[-82.9383,39.9996],[-82.9298,40.0038],[-82.9301,39.9966],[-82.9214,39.9979],[-82.9072,40.0102],[-82.8996,40.0094],[-82.9034,40.038],[-82.8999,40.0462],[-82.8879,40.0473],[-82.8887,40.0564],[-82.9774,40.0606],[-82.9768,40.0495],[-83.0203,40.0486]]]},"properties":{"geoid":"39003","state":"39","district":"3","name":"State House District 3","chamber":"House"}},{"type":"Feature","geometry":{"type":"Polygon","coordinates":[[[-82.9716,40.1256],[-82.9486,40.1193],[-82.949,40.1106],[-82.936,40.1032],[-82.9252,40.1043],[-82.9113,40.0963],[-82.9024,40.0984],[-82.9071,40.0949],[-82.9061,40.089],[-82.8899,40.094],[-82.8726,40.0899],[-82.8749,40.0797],[-82.862,40.0789],[-82.8626,40.0711],[-82.8391,40.0629],[-82.8433,40.0618],[-82.8432,40.0545],[-82.8104,40.0531],[-82.8886,40.0564],[-82.8883,40.0461],[-82.8999,40.0462],[-82.9034,40.038],[-82.8996,40.0096],[-82.8718,40.0051],[-82.8686,39.9972],[-82.8573,39.9949],[-82.8576,39.9867],[-82.8159,39.9952],[-82.8096,39.9934],[-82.815,39.9914],[-82.8103,39.9894],[-82.8015,39.9899],[-82.7989,40.002],[-82.7911,40.0016],[-82.7908,40.0063],[-82.8001,40.0076],[-82.7807,40.0094],[-82.7875,40.0021],[-82.781,40.0027],[-82.7813,39.9985],[-82.791,40.0003],[-82.7918,39.9914],[-82.7968,39.9916],[-82.7971,39.9877],[-82.7727,39.9871],[-82.7618,40.1259],[-82.97,40.1349],[-82.9716,40.1256]]]},"properties":{"geoid":"39004","state":"39","district":"4","name":"State House District 4","chamber":"House"}},{"type":"Feature","geometry":{"type":"Polygon","coordinates":[[[-83.0328,39.8183],[-83.0316,39.8095],[-83.0165,39.8114],[-83.0131,39.8044],[-82.8243,39.795],[-82.8215,39.8243],[-82.8025,39.823],[-82.7975,39.8769],[-82.7944,39.9108],[-82.8131,39.9117],[-82.8108,39.9412],[-82.7825,39.9397],[-82.7795,39.9763],[-82.7738,39.9761],[-82.7727,39.9871],[-82.8048,39.9836],[-82.8029,39.9774],[-82.8315,39.9787],[-82.828,39.9637],[-82.8186,39.9632],[-82.819,39.9573],[-82.8442,39.9547],[-82.8496,39.9458],[-82.8465,39.9509],[-82.853,39.947],[-82.8532,39.9548],[-82.8547,39.9454],[-82.864,39.9388],[-82.8599,39.9346],[-82.8307,39.9329],[-82.831,39.9249],[-82.8237,39.9173],[-82.8249,39.9029],[-82.8419,39.9072],[-82.8503,39.9039],[-82.8517,39.9137],[-82.8865,39.909],[-82.8969,39.9143],[-82.8991,39.9076],[-82.9104,39.9133],[-82.9113,39.9065],[-82.895,39.9053],[-82.9154,39.889],[-82.9116,39.8952],[-82.9184,39.9055],[-82.9574,39.9048],[-82.9571,39.9088],[-82.9665,39.9091],[-82.9679,39.8904],[-82.9841,39.8911],[-82.9828,39.8853],[-82.9919,39.877],[-82.9889,39.874],[-83.0012,39.8756],[-83.0005,39.8797],[-83.0079,39.8757],[-83.0055,39.8681],[-83.0009,39.8734],[-82.9882,39.8732],[-82.9891,39.8631],[-82.9941,39.8622],[-82.99,39.8562],[-82.981,39.8557],[-82.9831,39.8396],[-82.9912,39.8401],[-82.9937,39.8328],[-83.01,39.8376],[-83.0117,39.8233],[-83.0326,39.8217],[-83.0328,39.8183]]]},"properties":{"geoid":"39005","state":"39","district":"5","name":"State House District 5","chamber":"House"}},{"type":"Feature","geometry":{"type":"Polygon","coordinates":[[[-83.1836,40.0141],[-83.1745,40.0033],[-83.1819,40.0027],[-83.1802,39.9845],[-83.1835,39.9819],[-83.1611,39.9782],[-83.1742,39.9752],[-83.1667,39.9756],[-83.166,39.9722],[-83.1724,39.9721],[-83.1665,39.9685],[-83.1736,39.9653],[-83.1719,39.9564],[-83.1626,39.9528],[-83.1719,39.9497],[-83.1729,39.9446],[-83.1575,39.9354],[-83.159,39.9319],[-83.1529,39.9316],[-83.1698,39.9321],[-83.1624,39.9255],[-83.1707,39.9283],[-83.1702,39.9229],[-83.1784,39.9255],[-83.178,39.922],[-83.1629,39.9194],[-83.1627,39.9232],[-83.153,39.9241],[-83.1526,39.9172],[-83.144,39.919],[-83.144,39.9156],[-83.1201,39.9235],[-83.1241,39.934],[-83.1177,39.9393],[-83.0977,39.9288],[-83.1008,39.9361],[-83.0975,39.9425],[-83.0719,39.9438],[-83.0593,39.9394],[-83.0592,39.9557],[-83.0651,39.9639],[-83.0596,39.9647],[-83.087,39.9659],[-83.0757,39.9699],[-83.0947,39.9737],[-83.0794,39.9767],[-83.0862,39.9812],[-83.0824,39.9839],[-83.0853,39.988],[-83.0907,39.9889],[-83.0765,39.9988],[-83.0917,40.0183],[-83.1111,40.0123],[-83.1202,40.0199],[-83.1202,40.0113],[-83.154,40.0206],[-83.1584,40.018],[-83.1472,40.0101],[-83.1539,40.0055],[-83.1597,40.0091],[-83.16,40.004],[-83.1667,40.0061],[-83.1661,40.0155],[-83.1597,40.0189],[-83.1738,40.0178],[-83.1753,40.011],[-83.1836,40.0141]]]},"properties":{"geoid":"39006","state":"39","district":"6","name":"State House District 6","chamber":"House"}},{"type":"Feature","geometry":{"type":"Polygon","coordinates":[[[-83.1126,40.0675],[-83.108,40.067],[-83.0972,40.0504],[-83.0994,40.0365],[-83.0954,40.0284],[-83.1025,40.0254],[-83.0986,40.0222],[-83.1089,40.0226],[-83.1079,40.0191],[-83.0917,40.0183],[-83.0765,39.999],[-83.0907,39.9889],[-83.0853,39.988],[-83.0824,39.9839],[-83.0862,39.9812],[-83.0794,39.9767],[-83.0947,39.9737],[-83.0757,39.9699],[-83.087,39.9659],[-83.0393,39.9622],[-83.0252,39.9668],[-83.0205,39.963],[-83.0012,39.9649],[-83.0022,39.9702],[-82.9931,39.9789],[-83.0121,39.9821],[-83.012,39.9955],[-83.0071,39.9953],[-83.0203,40.0486],[-82.9986,40.0483],[-82.9996,40.0617],[-83.0299,40.063],[-83.0272,40.059],[-83.0327,40.047],[-83.0285,40.0379],[-83.0409,40.0397],[-83.039,40.0327],[-83.0457,40.033],[-83.0498,40.0492],[-83.1126,40.0675]]]},"properties":{"geoid":"39007","state":"39","district":"7","name":"State House District 7","chamber":"House"}},{"type":"Feature","geometry":{"type":"Polygon","coordinates":[[[-83.1142,40.0862],[-83.1083,40.0681],[-83.1019,40.0634],[-83.0498,40.0492],[-83.0463,40.0331],[-83.039,40.0327],[-83.0409,40.0397],[-83.0285,40.0379],[-83.0327,40.047],[-83.0272,40.059],[-83.0299,40.063],[-82.9996,40.0617],[-83.0029,40.0884],[-82.9973,40.0882],[-82.9953,40.1205],[-82.9877,40.1188],[-82.98,40.1259],[-82.9716,40.1256],[-82.97,40.1349],[-83.0805,40.1389],[-83.0728,40.1268],[-83.0791,40.1042],[-83.0729,40.104],[-83.0732,40.0978],[-83.077,40.092],[-83.0917,40.0971],[-83.0919,40.0937],[-83.1079,40.0945],[-83.1142,40.0862]]]},"properties":{"geoid":"39008","state":"39","district":"8","name":"State House District 8","chamber":"House"}},{"type":"Feature","geometry":{"type":"Polygon","coordinates":[[[-83.0029,40.0884],[-82.9986,40.0483],[-82.9768,40.0495],[-82.9774,40.0606],[-82.8104,40.053],[-82.8432,40.0545],[-82.8433,40.0618],[-82.8391,40.0629],[-82.8626,40.0711],[-82.862,40.0789],[-82.8749,40.0797],[-82.8726,40.0899],[-82.8899,40.094],[-82.9061,40.089],[-82.9071,40.0949],[-82.9024,40.0984],[-82.9113,40.0963],[-82.9252,40.1043],[-82.936,40.1032],[-82.949,40.1106],[-82.9486,40.1193],[-82.9633,40.1251],[-82.98,40.1259],[-82.9877,40.1188],[-82.9953,40.1205],[-82.9973,40.0882],[-83.0029,40.0884]]]},"properties":{"geoid":"39009","state":"39","district":"9","name":"State House District 9","chamber":"House"}},{"type":"Feature","geometry":{"type":"Polygon","coordinates":[[[-83.1573,39.8857],[-83.1449,39.8825],[-83.1403,39.8836],[-83.1401,39.889],[-83.1198,39.8905],[-83.1204,39.8078],[-83.0131,39.8044],[-83.0165,39.8114],[-83.0316,39.8095],[-83.0326,39.8217],[-83.0169,39.8206],[-83.0177,39.8238],[-83.0108,39.8243],[-83.01,39.8376],[-82.9937,39.8328],[-82.9912,39.8401],[-82.9831,39.8396],[-82.9811,39.8468],[-82.981,39.8557],[-82.99,39.8562],[-82.9941,39.8622],[-82.9891,39.8631],[-82.9882,39.8732],[-83.0009,39.8734],[-83.0055,39.8681],[-83.0076,39.8768],[-83.0005,39.8797],[-83.0012,39.8756],[-82.9889,39.874],[-82.9919,39.877],[-82.9828,39.8853],[-82.9841,39.8911],[-82.9679,39.8904],[-82.9676,39.8949],[-82.9866,39.8958],[-82.9873,39.9009],[-82.9953,39.9013],[-82.9954,39.906],[-83.0081,39.9071],[-83.0095,39.9172],[-82.9997,39.9394],[-82.9836,39.9363],[-82.9824,39.952],[-83.006,39.9533],[-83.0211,39.9503],[-83.0215,39.9449],[-83.0402,39.9439],[-83.0411,39.939],[-83.0975,39.9425],[-83.1008,39.9361],[-83.0977,39.9288],[-83.1177,39.9393],[-83.1238,39.9351],[-83.1218,39.9221],[-83.1526,39.9172],[-83.1525,39.9121],[-83.1454,39.9112],[-83.1563,39.9115],[-83.1567,39.9058],[-83.1459,39.9061],[-83.1439,39.9008],[-83.1481,39.9009],[-83.1573,39.8857]]]},"properties":{"geoid":"39010","state":"39","district":"10","name":"State House District 10","chamber":"House"}},{"type":"Feature","geometry":{"type":"Polygon","coordinates":[[[-83.2609,40.0028],[-83.246,39.987],[-83.2506,39.9716],[-83.2455,39.9671],[-83.2351,39.9658],[-83.2272,39.9746],[-83.2185,39.9645],[-83.2043,39.9636],[-83.2116,39.9698],[-83.1931,39.9736],[-83.1943,39.9635],[-83.1855,39.9635],[-83.1783,39.9652],[-83.1799,39.9818],[-83.1835,39.9819],[-83.1802,39.9845],[-83.1819,40.0027],[-83.1745,40.0033],[-83.1836,40.0141],[-83.1753,40.011],[-83.1738,40.0178],[-83.1597,40.0189],[-83.1661,40.0155],[-83.1667,40.0061],[-83.16,40.004],[-83.1597,40.0091],[-83.1539,40.0055],[-83.1472,40.0101],[-83.1584,40.018],[-83.154,40.0206],[-83.1202,40.0113],[-83.1202,40.0199],[-83.1111,40.0123],[-83.0987,40.0164],[-83.1088,40.022],[-83.0986,40.0222],[-83.1025,40.0254],[-83.0954,40.0287],[-83.0994,40.0365],[-83.0974,40.0514],[-83.108,40.067],[-83.1125,40.0671],[-83.1083,40.0682],[-83.114,40.0882],[-83.111,40.0936],[-83.0919,40.0937],[-83.0917,40.0971],[-83.077,40.092],[-83.0732,40.0978],[-83.0729,40.104],[-83.0791,40.1042],[-83.0748,40.1099],[-83.0745,40.1325],[-83.0797,40.1327],[-83.0805,40.1389],[-83.1699,40.1431],[-83.1702,40.1069],[-83.2063,40.1077],[-83.2122,40.0481],[-83.2553,40.0482],[-83.2517,40.0084],[-83.2609,40.0028]]]},"properties":{"geoid":"39011","state":"39","district":"11","name":"State House District 11","chamber":"House"}},{"type":"Feature","geometry":{"type":"Polygon","coordinates":[[[-83.6534,39.7177],[-83.2524,39.6954],[-83.2667,39.5162],[-82.9846,39.5068],[-82.9787,39.5009],[-82.9804,39.4903],[-82.9929,39.4899],[-82.9982,39.4801],[-82.7406,39.4685],[-82.7315,39.5544],[-82.843,39.5615],[-82.8243,39.795],[-83.1204,39.8078],[-83.1198,39.8905],[-83.1559,39.8834],[-83.1536,39.8936],[-83.1438,39.9032],[-83.1567,39.9058],[-83.1563,39.9115],[-83.1454,39.9121],[-83.1525,39.9121],[-83.153,39.9241],[-83.1627,39.9232],[-83.1629,39.9194],[-83.178,39.922],[-83.1784,39.9255],[-83.1702,39.9229],[-83.1707,39.9283],[-83.1624,39.9255],[-83.1698,39.9321],[-83.1529,39.9314],[-83.1729,39.9446],[-83.1719,39.9497],[-83.1626,39.9528],[-83.1719,39.9564],[-83.1736,39.9653],[-83.1665,39.9685],[-83.1724,39.9721],[-83.166,39.9722],[-83.1667,39.9756],[-83.1742,39.9752],[-83.1611,39.9782],[-83.1798,39.9797],[-83.1783,39.9652],[-83.1855,39.9635],[-83.1943,39.9635],[-83.1931,39.9736],[-83.2116,39.9698],[-83.2043,39.9636],[-83.2185,39.9645],[-83.2272,39.9746],[-83.2325,39.972],[-83.2296,39.9681],[-83.2426,39.9656],[-83.2505,39.9711],[-83.2461,39.9873],[-83.2609,40.0028],[-83.2517,40.0084],[-83.2551,40.0486],[-83.2122,40.0481],[-83.2063,40.1077],[-83.5037,40.1115],[-83.5162,40.0102],[-83.5126,40.01],[-83.5899,39.7688],[-83.6472,39.773],[-83.6534,39.7177]]]},"properties":{"geoid":"39012","state":"39","district":"12","name":"State House District 12","chamber":"House"}},{"type":"Feature","geometry":{"type":"Polygon","coordinates":[[[-81.844,41.4946],[-81.8323,41.4864],[-81.8332,41.4771],[-81.8219,41.4771],[-81.8241,41.4707],[-81.8371,41.4691],[-81.8373,41.4634],[-81.832,41.4632],[-81.8355,41.4696],[-81.7831,41.4705],[-81.7833,41.4605],[-81.7756,41.4597],[-81.7727,41.452],[-81.7654,41.4525],[-81.7639,41.445],[-81.7386,41.4625],[-81.7281,41.4558],[-81.7246,41.4675],[-81.72,41.4675],[-81.7194,41.457],[-81.7006,41.4618],[-81.6929,41.4678],[-81.6934,41.4774],[-81.6804,41.4778],[-81.6914,41.4822],[-81.6926,41.495],[-81.7039,41.4896],[-81.7016,41.4969],[-81.7148,41.5073],[-81.7505,41.4939],[-81.7842,41.5],[-81.844,41.4946]]]},"properties":{"geoid":"39013","state":"39","district":"13","name":"State House District 13","chamber":"House"}},{"type":"Feature","geometry":{"type":"Polygon","coordinates":[[[-81.785,41.3557],[-81.7851,41.3507],[-81.6846,41.351],[-81.6855,41.4194],[-81.7102,41.4191],[-81.7077,41.4304],[-81.6973,41.4318],[-81.6912,41.4272],[-81.6924,41.4379],[-81.6868,41.444],[-81.6929,41.4678],[-81.7174,41.4581],[-81.7189,41.4383],[-81.7076,41.4382],[-81.7281,41.4187],[-81.7839,41.4184],[-81.785,41.3557]]]},"properties":{"geoid":"39014","state":"39","district":"14","name":"State House District 14","chamber":"House"}},{"type":"Feature","geometry":{"type":"Polygon","coordinates":[[[-81.9712,41.3531],[-81.9373,41.351],[-81.9372,41.3596],[-81.9319,41.3632],[-81.9201,41.3603],[-81.9245,41.3584],[-81.9126,41.3592],[-81.905,41.3684],[-81.9204,41.3684],[-81.9201,41.3822],[-81.8957,41.3846],[-81.903,41.386],[-81.903,41.3916],[-81.8932,41.3915],[-81.8915,41.3851],[-81.8967,41.3811],[-81.8932,41.3792],[-81.8782,41.3789],[-81.8909,41.382],[-81.8887,41.3856],[-81.8764,41.382],[-81.8762,41.39],[-81.8429,41.3894],[-81.849,41.3795],[-81.8407,41.377],[-81.8378,41.3641],[-81.8557,41.3541],[-81.8497,41.3506],[-81.7851,41.3507],[-81.7839,41.4184],[-81.7281,41.4187],[-81.7076,41.4382],[-81.7189,41.4383],[-81.7161,41.4529],[-81.72,41.4675],[-81.7246,41.4675],[-81.7281,41.4558],[-81.7386,41.4625],[-81.7676,41.4462],[-81.78,41.4336],[-81.7799,41.4375],[-81.794,41.4336],[-81.7939,41.4387],[-81.8082,41.4381],[-81.806,41.4413],[-81.8197,41.4403],[-81.8226,41.434],[-81.8453,41.4377],[-81.8452,41.4305],[-81.8535,41.4304],[-81.8522,41.4187],[-81.8754,41.4176],[-81.8747,41.4481],[-81.8931,41.448],[-81.8934,41.4407],[-81.9029,41.4408],[-81.9032,41.4335],[-81.9326,41.4338],[-81.9329,41.4292],[-81.9428,41.4268],[-81.9462,41.414],[-81.9703,41.411],[-81.9712,41.3531]]]},"properties":{"geoid":"39015","state":"39","district":"15","name":"State House District 15","chamber":"House"}},{"type":"Feature","geometry":{"type":"Polygon","coordinates":[[[-81.9706,41.8778],[-81.9703,41.411],[-81.9462,41.414],[-81.9428,41.4268],[-81.9329,41.4292],[-81.9326,41.4338],[-81.9032,41.4335],[-81.9029,41.4408],[-81.8934,41.4407],[-81.8931,41.448],[-81.8747,41.4481],[-81.8754,41.4176],[-81.8522,41.4187],[-81.8535,41.4304],[-81.8452,41.4305],[-81.8453,41.4377],[-81.8226,41.434],[-81.8197,41.4403],[-81.806,41.4413],[-81.8082,41.4381],[-81.7939,41.4387],[-81.794,41.4336],[-81.7799,41.4375],[-81.78,41.4336],[-81.7637,41.4488],[-81.7758,41.4541],[-81.7756,41.4597],[-81.7833,41.4605],[-81.7805,41.4693],[-81.8355,41.4696],[-81.832,41.4632],[-81.8373,41.4634],[-81.8371,41.4691],[-81.8241,41.4707],[-81.8219,41.4771],[-81.8332,41.4771],[-81.8323,41.4864],[-81.844,41.4946],[-81.7842,41.5],[-81.7505,41.4939],[-81.7302,41.4994],[-81.6711,41.5342],[-81.6333,41.5482],[-81.6227,41.5475],[-81.5931,41.5668],[-81.5929,41.5728],[-81.5402,41.6122],[-81.4887,41.6351],[-81.4952,42.0964],[-81.6864,42],[-81.7092,42],[-81.9706,41.8778]]]},"properties":{"geoid":"39016","state":"39","district":"16","name":"State House District 16","chamber":"House"}},{"type":"Feature","geometry":{"type":"Polygon","coordinates":[[[-81.9373,41.3511],[-81.877,41.3507],[-81.8781,41.275],[-81.6702,41.2773],[-81.6699,41.3139],[-81.6412,41.3135],[-81.641,41.3511],[-81.8497,41.3506],[-81.8557,41.3541],[-81.8378,41.3641],[-81.8407,41.377],[-81.849,41.3795],[-81.8429,41.3894],[-81.8762,41.39],[-81.8764,41.382],[-81.8887,41.3856],[-81.8909,41.382],[-81.8782,41.3789],[-81.8932,41.3792],[-81.8967,41.3811],[-81.8915,41.3851],[-81.8932,41.3915],[-81.903,41.3916],[-81.903,41.386],[-81.8957,41.3846],[-81.9201,41.3822],[-81.9204,41.3684],[-81.9058,41.3657],[-81.9126,41.3592],[-81.9245,41.3584],[-81.9201,41.3603],[-81.9319,41.3632],[-81.9372,41.3596],[-81.9373,41.3511]]]},"properties":{"geoid":"39017","state":"39","district":"17","name":"State House District 17","chamber":"House"}},{"type":"Feature","geometry":{"type":"Polygon","coordinates":[[[-81.6031,41.4966],[-81.5936,41.493],[-81.5935,41.4876],[-81.5849,41.4867],[-81.5848,41.4718],[-81.5777,41.4718],[-81.5769,41.4654],[-81.5724,41.4652],[-81.5755,41.453],[-81.5846,41.453],[-81.5807,41.4444],[-81.5911,41.4454],[-81.5911,41.4417],[-81.5845,41.4418],[-81.5806,41.4305],[-81.5681,41.4297],[-81.5679,41.4243],[-81.4525,41.4245],[-81.4522,41.4305],[-81.4607,41.4309],[-81.4601,41.4558],[-81.4665,41.4623],[-81.4883,41.4637],[-81.4915,41.4497],[-81.5025,41.4497],[-81.517,41.4509],[-81.5169,41.4645],[-81.532,41.4645],[-81.532,41.4719],[-81.5069,41.4718],[-81.5074,41.4863],[-81.5488,41.4872],[-81.5488,41.4938],[-81.5561,41.4977],[-81.5559,41.5033],[-81.5461,41.5031],[-81.5461,41.5084],[-81.5364,41.51],[-81.535,41.5311],[-81.5297,41.534],[-81.5463,41.538],[-81.5464,41.5451],[-81.5682,41.5481],[-81.5915,41.5448],[-81.5914,41.5304],[-81.5982,41.5306],[-81.5986,41.5179],[-81.5912,41.5161],[-81.5913,41.5087],[-81.6032,41.501],[-81.6031,41.4966]]]},"properties":{"geoid":"39018","state":"39","district":"18","name":"State House District 18","chamber":"House"}},{"type":"Feature","geometry":{"type":"Polygon","coordinates":[[[-81.7102,41.4191],[-81.6855,41.4194],[-81.6846,41.351],[-81.641,41.3511],[-81.6412,41.3135],[-81.6699,41.3139],[-81.6702,41.2773],[-81.5651,41.2778],[-81.5622,41.2799],[-81.5757,41.3009],[-81.573,41.3029],[-81.5854,41.3085],[-81.5834,41.3154],[-81.5917,41.3287],[-81.5878,41.3422],[-81.5952,41.3439],[-81.5929,41.3494],[-81.5981,41.3512],[-81.3917,41.3483],[-81.3918,41.4243],[-81.3748,41.4244],[-81.375,41.4453],[-81.3915,41.4452],[-81.3909,41.5007],[-81.4384,41.5008],[-81.4386,41.5148],[-81.4323,41.5146],[-81.4321,41.533],[-81.4632,41.5307],[-81.4632,41.539],[-81.4491,41.5389],[-81.4473,41.57],[-81.4878,41.5701],[-81.4879,41.5306],[-81.4747,41.5307],[-81.4697,41.5081],[-81.472,41.5012],[-81.4805,41.5012],[-81.4853,41.4953],[-81.4904,41.4639],[-81.4665,41.4623],[-81.4601,41.4558],[-81.4607,41.4309],[-81.4522,41.4305],[-81.4525,41.4245],[-81.4883,41.4243],[-81.4888,41.4021],[-81.4946,41.4021],[-81.4946,41.3726],[-81.5082,41.3727],[-81.5082,41.3801],[-81.5126,41.3801],[-81.5125,41.3727],[-81.5366,41.3728],[-81.5367,41.3845],[-81.5414,41.3874],[-81.5536,41.3838],[-81.5562,41.3785],[-81.5706,41.3794],[-81.5656,41.3875],[-81.5847,41.3846],[-81.6249,41.415],[-81.6381,41.4175],[-81.6333,41.4414],[-81.651,41.441],[-81.651,41.451],[-81.6571,41.4558],[-81.6815,41.4551],[-81.681,41.449],[-81.6877,41.4516],[-81.6913,41.427],[-81.6973,41.4318],[-81.7077,41.4304],[-81.7102,41.4191]]]},"properties":{"geoid":"39019","state":"39","district":"19","name":"State House District 19","chamber":"House"}},{"type":"Feature","geometry":{"type":"Polygon","coordinates":[[[-81.7149,41.5075],[-81.7016,41.4969],[-81.7039,41.4896],[-81.6926,41.495],[-81.6914,41.4822],[-81.6804,41.4778],[-81.6934,41.4774],[-81.6941,41.4605],[-81.6877,41.4516],[-81.681,41.449],[-81.6815,41.4551],[-81.6571,41.4558],[-81.651,41.451],[-81.651,41.441],[-81.6361,41.4397],[-81.6235,41.455],[-81.6116,41.4573],[-81.6116,41.4668],[-81.6215,41.4757],[-81.6098,41.4771],[-81.6098,41.4817],[-81.6178,41.4828],[-81.6102,41.499],[-81.5979,41.5012],[-81.5913,41.5087],[-81.5912,41.5161],[-81.5986,41.5179],[-81.5982,41.5306],[-81.5914,41.5304],[-81.5915,41.5448],[-81.5711,41.5451],[-81.5688,41.5522],[-81.536,41.5729],[-81.5415,41.5762],[-81.539,41.5813],[-81.5565,41.5871],[-81.562,41.577],[-81.5684,41.5757],[-81.5754,41.5768],[-81.576,41.5839],[-81.5929,41.5728],[-81.5931,41.5668],[-81.6039,41.5586],[-81.6265,41.5455],[-81.6333,41.5482],[-81.6711,41.5342],[-81.7149,41.5075]]]},"properties":{"geoid":"39020","state":"39","district":"20","name":"State House District 20","chamber":"House"}},{"type":"Feature","geometry":{"type":"Polygon","coordinates":[[[-81.576,41.5839],[-81.5754,41.5768],[-81.5684,41.5757],[-81.562,41.577],[-81.5565,41.5871],[-81.5401,41.5839],[-81.5415,41.5762],[-81.536,41.5729],[-81.5713,41.5503],[-81.5653,41.5452],[-81.5464,41.5451],[-81.5463,41.538],[-81.5297,41.534],[-81.535,41.5311],[-81.5364,41.51],[-81.5461,41.5084],[-81.5461,41.5031],[-81.5559,41.5033],[-81.5561,41.4977],[-81.5488,41.4938],[-81.5488,41.4872],[-81.5074,41.4863],[-81.5069,41.4718],[-81.532,41.4719],[-81.532,41.4645],[-81.5169,41.4645],[-81.517,41.4509],[-81.4915,41.4497],[-81.4855,41.4949],[-81.4698,41.506],[-81.4747,41.5307],[-81.4879,41.5306],[-81.488,41.5378],[-81.5072,41.538],[-81.5071,41.5447],[-81.5273,41.5454],[-81.528,41.5601],[-81.5133,41.5601],[-81.5142,41.571],[-81.5025,41.574],[-81.5026,41.5836],[-81.4879,41.5862],[-81.4887,41.6351],[-81.5402,41.6122],[-81.576,41.5839]]]},"properties":{"geoid":"39021","state":"39","district":"21","name":"State House District 21","chamber":"House"}},{"type":"Feature","geometry":{"type":"Polygon","coordinates":[[[-81.6381,41.4175],[-81.6249,41.415],[-81.5847,41.3846],[-81.5656,41.3875],[-81.5704,41.3813],[-81.5676,41.3779],[-81.5535,41.3793],[-81.5536,41.3838],[-81.5414,41.3874],[-81.5367,41.3845],[-81.5366,41.3728],[-81.5125,41.3727],[-81.5126,41.3801],[-81.5082,41.3801],[-81.5082,41.3727],[-81.4946,41.3726],[-81.4946,41.4021],[-81.4888,41.4021],[-81.4883,41.4243],[-81.5679,41.4243],[-81.5707,41.4313],[-81.5806,41.4305],[-81.5845,41.4418],[-81.5911,41.4417],[-81.5911,41.4454],[-81.5807,41.4444],[-81.5846,41.453],[-81.5755,41.453],[-81.5724,41.4652],[-81.5769,41.4654],[-81.5777,41.4718],[-81.5848,41.4718],[-81.5849,41.4867],[-81.5935,41.4876],[-81.5936,41.493],[-81.6032,41.4951],[-81.6032,41.4996],[-81.6102,41.499],[-81.6178,41.4828],[-81.6098,41.4817],[-81.6098,41.4771],[-81.6215,41.4757],[-81.6116,41.4668],[-81.6116,41.4573],[-81.6279,41.4515],[-81.6262,41.4475],[-81.6345,41.4414],[-81.6381,41.4175]]]},"properties":{"geoid":"39022","state":"39","district":"22","name":"State House District 22","chamber":"House"}},{"type":"Feature","geometry":{"type":"Polygon","coordinates":[[[-81.5279,41.5601],[-81.5273,41.5454],[-81.5071,41.5447],[-81.5072,41.538],[-81.4881,41.5378],[-81.4878,41.5701],[-81.4473,41.57],[-81.4491,41.5389],[-81.4632,41.539],[-81.4632,41.5307],[-81.4321,41.533],[-81.4323,41.5146],[-81.4386,41.5148],[-81.4384,41.5008],[-81.3909,41.5007],[-81.3916,41.5971],[-81.402,41.6003],[-81.4073,41.6077],[-81.4124,41.6034],[-81.4151,41.6075],[-81.4054,41.6151],[-81.4074,41.6215],[-81.3932,41.6303],[-81.3858,41.6237],[-81.3785,41.6257],[-81.3663,41.6326],[-81.3721,41.6404],[-81.3472,41.6405],[-81.3459,41.6449],[-81.334,41.6485],[-81.3341,41.6549],[-81.3204,41.6548],[-81.3019,41.6706],[-81.3034,41.6795],[-81.3274,41.6723],[-81.3272,41.6804],[-81.3397,41.6779],[-81.3393,41.6866],[-81.3216,41.697],[-81.308,41.7134],[-81.3113,41.7214],[-81.3239,41.7182],[-81.3247,41.7137],[-81.3422,41.7145],[-81.3391,41.6998],[-81.3509,41.705],[-81.3511,41.6903],[-81.3594,41.6963],[-81.3594,41.6926],[-81.3687,41.6902],[-81.3568,41.6867],[-81.3566,41.6818],[-81.3786,41.6647],[-81.3784,41.6694],[-81.39,41.6695],[-81.3899,41.6743],[-81.3888,41.7044],[-81.3556,41.7051],[-81.3541,41.7162],[-81.3485,41.7176],[-81.3496,41.7283],[-81.2908,41.7575],[-81.2914,42.1959],[-81.4952,42.0964],[-81.4879,41.5862],[-81.5026,41.5836],[-81.5025,41.574],[-81.5142,41.571],[-81.5133,41.5601],[-81.5279,41.5601]]]},"properties":{"geoid":"39023","state":"39","district":"23","name":"State House District 23","chamber":"House"}},{"type":"Feature","geometry":{"type":"Polygon","coordinates":[[[-84.7124,39.1306],[-84.6872,39.1016],[-84.6585,39.0958],[-84.6325,39.0766],[-84.6183,39.0733],[-84.5719,39.0824],[-84.5508,39.0995],[-84.5238,39.0923],[-84.5062,39.0952],[-84.4714,39.1215],[-84.487,39.1146],[-84.4879,39.1258],[-84.5319,39.1303],[-84.5335,39.1242],[-84.5429,39.1245],[-84.5463,39.1489],[-84.5523,39.1441],[-84.5503,39.1397],[-84.5631,39.1455],[-84.5528,39.1612],[-84.5699,39.1582],[-84.5826,39.1701],[-84.5831,39.1646],[-84.6019,39.1634],[-84.6083,39.1494],[-84.6227,39.1489],[-84.625,39.1446],[-84.6192,39.1399],[-84.6183,39.1296],[-84.605,39.1259],[-84.6068,39.1161],[-84.616,39.1183],[-84.6073,39.1109],[-84.608,39.104],[-84.5923,39.1035],[-84.598,39.1003],[-84.5944,39.0956],[-84.5896,39.1033],[-84.5797,39.1025],[-84.5812,39.088],[-84.6014,39.0802],[-84.6164,39.0794],[-84.6189,39.0849],[-84.6233,39.0784],[-84.6455,39.0945],[-84.679,39.1035],[-84.6817,39.109],[-84.6784,39.1108],[-84.6808,39.1153],[-84.6855,39.1128],[-84.6871,39.1226],[-84.6953,39.1236],[-84.7042,39.1323],[-84.7124,39.1306]]]},"properties":{"geoid":"39024","state":"39","district":"24","name":"State House District 24","chamber":"House"}},{"type":"Feature","geometry":{"type":"Polygon","coordinates":[[[-84.5827,39.1984],[-84.5813,39.1829],[-84.5714,39.1859],[-84.5826,39.1701],[-84.5699,39.1582],[-84.5528,39.1612],[-84.5631,39.1455],[-84.5503,39.1397],[-84.5523,39.1441],[-84.5463,39.1489],[-84.5429,39.1245],[-84.5335,39.1242],[-84.5319,39.1303],[-84.4879,39.1258],[-84.487,39.1146],[-84.4788,39.1204],[-84.4768,39.1294],[-84.485,39.1409],[-84.4712,39.1477],[-84.4724,39.1636],[-84.4598,39.168],[-84.4595,39.1719],[-84.4679,39.1721],[-84.4662,39.197],[-84.4589,39.1968],[-84.4507,39.2076],[-84.4559,39.2076],[-84.4554,39.2131],[-84.4478,39.2191],[-84.4736,39.2178],[-84.4741,39.213],[-84.4802,39.2136],[-84.4815,39.2198],[-84.4922,39.2211],[-84.4932,39.2059],[-84.497,39.2044],[-84.4943,39.1995],[-84.5342,39.2016],[-84.5359,39.2058],[-84.5323,39.2021],[-84.5279,39.2058],[-84.5274,39.2132],[-84.5348,39.2171],[-84.5445,39.2091],[-84.5571,39.2097],[-84.5576,39.2036],[-84.5797,39.2049],[-84.5827,39.1984]]]},"properties":{"geoid":"39025","state":"39","district":"25","name":"State House District 25","chamber":"House"}},{"type":"Feature","geometry":{"type":"Polygon","coordinates":[[[-84.485,39.1409],[-84.4767,39.1303],[-84.4788,39.1204],[-84.4843,39.1169],[-84.4719,39.1223],[-84.4588,39.1214],[-84.4373,39.1045],[-84.4327,39.0668],[-84.4242,39.0521],[-84.404,39.0678],[-84.4135,39.0847],[-84.4095,39.0821],[-84.4048,39.0875],[-84.3987,39.0846],[-84.402,39.0795],[-84.3951,39.0823],[-84.3964,39.0773],[-84.3804,39.0795],[-84.3697,39.0737],[-84.3748,39.0813],[-84.3704,39.0813],[-84.3714,39.1003],[-84.3849,39.1076],[-84.3958,39.1045],[-84.4022,39.1085],[-84.3961,39.0984],[-84.4053,39.09],[-84.4127,39.0932],[-84.4064,39.0995],[-84.4117,39.1027],[-84.4009,39.1102],[-84.3961,39.123],[-84.3989,39.1358],[-84.3856,39.134],[-84.3631,39.1413],[-84.3393,39.1356],[-84.335,39.1459],[-84.322,39.1465],[-84.3215,39.1523],[-84.3366,39.1479],[-84.3437,39.14],[-84.3517,39.1408],[-84.3511,39.1462],[-84.3679,39.1472],[-84.3789,39.1582],[-84.3764,39.1694],[-84.381,39.1628],[-84.3876,39.1683],[-84.4306,39.1679],[-84.4225,39.1769],[-84.4025,39.1718],[-84.3991,39.1762],[-84.4084,39.1795],[-84.4011,39.1876],[-84.4104,39.1883],[-84.4111,39.1945],[-84.4233,39.1935],[-84.4283,39.1876],[-84.4533,39.1925],[-84.4491,39.2043],[-84.4537,39.2046],[-84.4589,39.1968],[-84.4662,39.197],[-84.4681,39.1908],[-84.465,39.1854],[-84.4679,39.1721],[-84.4595,39.1719],[-84.4598,39.168],[-84.4724,39.1636],[-84.4712,39.1477],[-84.485,39.1409]]]},"properties":{"geoid":"39026","state":"39","district":"26","name":"State House District 26","chamber":"House"}},{"type":"Feature","geometry":{"type":"Polygon","coordinates":[[[-84.5673,39.2448],[-84.5337,39.2396],[-84.5361,39.2239],[-84.5315,39.2234],[-84.5274,39.2132],[-84.5279,39.2058],[-84.5323,39.2021],[-84.5359,39.2058],[-84.5342,39.2016],[-84.4943,39.1995],[-84.497,39.2044],[-84.4932,39.2059],[-84.4922,39.2211],[-84.4815,39.2198],[-84.4802,39.2136],[-84.4741,39.213],[-84.4736,39.2178],[-84.4478,39.2191],[-84.4554,39.2131],[-84.4559,39.2076],[-84.4507,39.2076],[-84.4537,39.2046],[-84.4491,39.2043],[-84.4533,39.1925],[-84.4283,39.1876],[-84.4233,39.1935],[-84.4111,39.1945],[-84.4104,39.1883],[-84.4011,39.1876],[-84.4084,39.1795],[-84.3991,39.1762],[-84.4025,39.1718],[-84.4225,39.1769],[-84.4306,39.1679],[-84.3876,39.1683],[-84.381,39.1628],[-84.3764,39.1694],[-84.3789,39.1582],[-84.3679,39.1472],[-84.3511,39.1462],[-84.3517,39.1408],[-84.3437,39.14],[-84.3366,39.1479],[-84.3215,39.1523],[-84.322,39.1465],[-84.335,39.1459],[-84.3393,39.1356],[-84.3631,39.1413],[-84.3856,39.134],[-84.3989,39.1358],[-84.3961,39.123],[-84.4009,39.1102],[-84.4117,39.1027],[-84.4064,39.0995],[-84.4127,39.0932],[-84.4053,39.09],[-84.3961,39.0984],[-84.4022,39.1085],[-84.3958,39.1045],[-84.3849,39.1076],[-84.3714,39.1003],[-84.3704,39.0813],[-84.3748,39.0813],[-84.3697,39.0737],[-84.3804,39.0795],[-84.3964,39.0773],[-84.3951,39.0823],[-84.402,39.0795],[-84.3987,39.0846],[-84.4048,39.0875],[-84.4095,39.0821],[-84.4135,39.0847],[-84.404,39.0678],[-84.4242,39.0521],[-84.4081,39.0459],[-84.3595,39.0412],[-84.32,39.0215],[-84.3017,39.1594],[-84.2951,39.1672],[-84.2994,39.1742],[-84.2887,39.1817],[-84.2762,39.2017],[-84.284,39.2131],[-84.3096,39.2088],[-84.3189,39.2252],[-84.3287,39.2237],[-84.3197,39.2384],[-84.3112,39.2379],[-84.3159,39.2439],[-84.3148,39.2526],[-84.336,39.2537],[-84.339,39.2427],[-84.3464,39.2423],[-84.348,39.2275],[-84.3558,39.2194],[-84.3543,39.2045],[-84.3701,39.2032],[-84.37,39.1915],[-84.4045,39.1966],[-84.4041,39.2013],[-84.409,39.2016],[-84.4095,39.22],[-84.4167,39.2205],[-84.4077,39.226],[-84.4096,39.2311],[-84.4333,39.2338],[-84.4298,39.2402],[-84.4409,39.2409],[-84.4458,39.2326],[-84.4508,39.2361],[-84.4465,39.2492],[-84.4517,39.2498],[-84.4509,39.2637],[-84.4875,39.2661],[-84.4902,39.2401],[-84.5039,39.2363],[-84.5016,39.2283],[-84.5102,39.2298],[-84.5124,39.2457],[-84.5272,39.245],[-84.5296,39.2549],[-84.5669,39.2504],[-84.5673,39.2448]]]},"properties":{"geoid":"39027","state":"39","district":"27","name":"State House District 27","chamber":"House"}},{"type":"Feature","geometry":{"type":"Polygon","coordinates":[[[-84.5644,39.2803],[-84.55,39.2772],[-84.5503,39.2729],[-84.5449,39.2725],[-84.5446,39.2766],[-84.5099,39.2757],[-84.5087,39.2695],[-84.4957,39.2667],[-84.4947,39.2729],[-84.478,39.2739],[-84.4776,39.2788],[-84.446,39.2785],[-84.4496,39.2722],[-84.4402,39.2703],[-84.4408,39.2651],[-84.4425,39.2606],[-84.4507,39.2619],[-84.4517,39.2498],[-84.4465,39.2492],[-84.4508,39.2361],[-84.4458,39.2326],[-84.4409,39.2409],[-84.4298,39.2402],[-84.4333,39.2338],[-84.4096,39.2311],[-84.4077,39.226],[-84.4167,39.2205],[-84.4095,39.22],[-84.409,39.2016],[-84.4041,39.2013],[-84.4045,39.1966],[-84.37,39.1915],[-84.3701,39.2032],[-84.3543,39.2045],[-84.3556,39.2203],[-84.348,39.2275],[-84.3464,39.2423],[-84.339,39.2427],[-84.336,39.2537],[-84.3148,39.2526],[-84.3159,39.2439],[-84.3112,39.2379],[-84.3197,39.2384],[-84.3284,39.228],[-84.3287,39.2237],[-84.3199,39.2247],[-84.2994,39.2352],[-84.2936,39.2486],[-84.2615,39.2646],[-84.2563,39.2754],[-84.2648,39.2809],[-84.2624,39.2884],[-84.5623,39.3081],[-84.5644,39.2803]]]},"properties":{"geoid":"39028","state":"39","district":"28","name":"State House District 28","chamber":"House"}},{"type":"Feature","geometry":{"type":"Polygon","coordinates":[[[-84.8203,39.1565],[-84.8201,39.12],[-84.8174,39.1292],[-84.7989,39.1318],[-84.8045,39.1429],[-84.7864,39.1637],[-84.7595,39.159],[-84.7626,39.1609],[-84.7573,39.163],[-84.7609,39.1648],[-84.757,39.1741],[-84.7466,39.1834],[-84.7584,39.1958],[-84.746,39.2043],[-84.7229,39.1975],[-84.7017,39.203],[-84.698,39.2118],[-84.5576,39.2036],[-84.5571,39.2097],[-84.5445,39.2091],[-84.5315,39.2168],[-84.5315,39.2234],[-84.5361,39.2239],[-84.5337,39.2396],[-84.5672,39.2432],[-84.5669,39.2504],[-84.5292,39.2548],[-84.5272,39.245],[-84.5124,39.2457],[-84.5102,39.2298],[-84.5016,39.2283],[-84.5039,39.2363],[-84.4902,39.2401],[-84.4875,39.2661],[-84.4425,39.2606],[-84.4402,39.2703],[-84.4496,39.2722],[-84.446,39.2785],[-84.4574,39.2795],[-84.4575,39.2761],[-84.4776,39.2788],[-84.478,39.2739],[-84.4947,39.2729],[-84.4957,39.2667],[-84.5087,39.2695],[-84.5099,39.2757],[-84.5446,39.2766],[-84.5449,39.2725],[-84.5503,39.2729],[-84.55,39.2772],[-84.5644,39.2799],[-84.5623,39.3081],[-84.6304,39.3121],[-84.6418,39.305],[-84.8195,39.3052],[-84.8203,39.1565]]]},"properties":{"geoid":"39029","state":"39","district":"29","name":"State House District 29","chamber":"House"}},{"type":"Feature","geometry":{"type":"Polygon","coordinates":[[[-84.8202,39.112],[-84.8202,39.1054],[-84.7889,39.1147],[-84.7623,39.1422],[-84.7439,39.1477],[-84.6871,39.1226],[-84.6855,39.1128],[-84.6808,39.1153],[-84.6784,39.1108],[-84.6817,39.109],[-84.679,39.1035],[-84.6453,39.0944],[-84.6303,39.0806],[-84.6231,39.0784],[-84.6189,39.0849],[-84.6164,39.0794],[-84.587,39.084],[-84.5866,39.0883],[-84.5812,39.088],[-84.5797,39.1025],[-84.5896,39.1033],[-84.5944,39.0956],[-84.598,39.1003],[-84.5923,39.1035],[-84.608,39.104],[-84.6073,39.1109],[-84.616,39.1183],[-84.6068,39.1161],[-84.605,39.1259],[-84.6183,39.1296],[-84.6192,39.1399],[-84.6249,39.1452],[-84.6083,39.1494],[-84.6013,39.1637],[-84.5831,39.1646],[-84.582,39.1756],[-84.5714,39.1859],[-84.5813,39.1829],[-84.5797,39.2049],[-84.698,39.2118],[-84.7017,39.203],[-84.7229,39.1975],[-84.746,39.2043],[-84.7584,39.1958],[-84.7466,39.1834],[-84.757,39.1741],[-84.7609,39.1648],[-84.7573,39.163],[-84.7626,39.1609],[-84.7595,39.159],[-84.7864,39.1637],[-84.8045,39.1429],[-84.7989,39.1318],[-84.8186,39.1277],[-84.8202,39.112]]]},"properties":{"geoid":"39030","state":"39","district":"30","name":"State House District 30","chamber":"House"}},{"type":"Feature","geometry":{"type":"Polygon","coordinates":[[[-81.6884,40.9907],[-81.6477,40.9886],[-81.6408,40.9871],[-81.641,40.9824],[-81.633,40.9886],[-81.6323,40.9833],[-81.621,40.985],[-81.6183,40.9792],[-81.6006,40.9758],[-81.6005,40.98],[-81.5933,40.9798],[-81.6008,40.9886],[-81.5805,40.9926],[-81.5854,40.9934],[-81.581,40.9979],[-81.586,40.9995],[-81.5725,40.9996],[-81.5734,41.01],[-81.5639,41.0104],[-81.5638,41.0173],[-81.579,41.0217],[-81.5775,41.0396],[-81.5892,41.0413],[-81.5882,41.0959],[-81.5944,41.096],[-81.5954,41.1028],[-81.605,41.1028],[-81.6098,41.1139],[-81.6149,41.1101],[-81.6445,41.1102],[-81.638,41.1212],[-81.6485,41.1204],[-81.6485,41.1285],[-81.634,41.1285],[-81.6394,41.1336],[-81.6296,41.1358],[-81.6294,41.1433],[-81.6401,41.1457],[-81.6573,41.1382],[-81.6425,41.1499],[-81.6176,41.1439],[-81.6039,41.1442],[-81.604,41.1475],[-81.5935,41.1445],[-81.5936,41.1494],[-81.5693,41.1444],[-81.5764,41.166],[-81.5568,41.1706],[-81.5569,41.1632],[-81.551,41.1631],[-81.5511,41.1588],[-81.537,41.1614],[-81.5452,41.1567],[-81.5408,41.1573],[-81.5408,41.1514],[-81.5485,41.1513],[-81.552,41.1439],[-81.5569,41.1513],[-81.5662,41.1513],[-81.5484,41.136],[-81.5407,41.1408],[-81.5423,41.148],[-81.5356,41.1513],[-81.5345,41.1459],[-81.5344,41.1513],[-81.5288,41.1533],[-81.5309,41.1587],[-81.5227,41.1589],[-81.5191,41.1666],[-81.5113,41.1664],[-81.5091,41.1609],[-81.5176,41.1585],[-81.5158,41.1443],[-81.5243,41.1444],[-81.5228,41.1518],[-81.532,41.1513],[-81.5377,41.1366],[-81.5287,41.1431],[-81.5276,41.136],[-81.5218,41.136],[-81.5222,41.1393],[-81.5198,41.136],[-81.5196,41.1244],[-81.4981,41.1236],[-81.4898,41.1175],[-81.4531,41.1187],[-81.4499,41.1481],[-81.4557,41.1494],[-81.4596,41.1444],[-81.469,41.1484],[-81.4693,41.164],[-81.4896,41.1605],[-81.4894,41.2772],[-81.5038,41.2774],[-81.5063,41.283],[-81.5096,41.2821],[-81.5046,41.2774],[-81.5263,41.2777],[-81.5265,41.2705],[-81.5477,41.2703],[-81.5479,41.2775],[-81.5518,41.2779],[-81.685,41.2771],[-81.6884,40.9907]]]},"properties":{"geoid":"39031","state":"39","district":"31","name":"State House District 31","chamber":"House"}},{"type":"Feature","geometry":{"type":"Polygon","coordinates":[[[-81.6479,40.9231],[-81.6477,40.914],[-81.4204,40.9065],[-81.4163,40.9885],[-81.3932,40.9885],[-81.3929,41.0662],[-81.4295,41.0667],[-81.4293,41.0726],[-81.4418,41.078],[-81.4415,41.0848],[-81.4571,41.0851],[-81.4508,41.0929],[-81.4659,41.096],[-81.477,41.093],[-81.4885,41.1026],[-81.4985,41.1023],[-81.4971,41.094],[-81.5006,41.0975],[-81.5003,41.0934],[-81.505,41.0933],[-81.4944,41.0837],[-81.4981,41.0753],[-81.466,41.07],[-81.4666,41.0623],[-81.4793,41.0639],[-81.4765,41.0596],[-81.4634,41.0596],[-81.4633,41.0538],[-81.4535,41.0562],[-81.4562,41.0433],[-81.449,41.045],[-81.4481,41.0515],[-81.442,41.0449],[-81.4444,41.04],[-81.453,41.0421],[-81.4534,41.0301],[-81.4748,41.0248],[-81.5047,41.0287],[-81.5056,41.0356],[-81.5176,41.0333],[-81.5229,41.0467],[-81.5276,41.0477],[-81.5423,41.0427],[-81.5437,41.048],[-81.5539,41.0392],[-81.5709,41.0459],[-81.5719,41.0393],[-81.578,41.0386],[-81.579,41.0217],[-81.5638,41.0173],[-81.5639,41.0104],[-81.5734,41.01],[-81.5725,40.9996],[-81.586,40.9995],[-81.581,40.9979],[-81.5854,40.9934],[-81.5805,40.9926],[-81.6008,40.9886],[-81.5933,40.9798],[-81.6005,40.98],[-81.6006,40.9758],[-81.6183,40.9792],[-81.621,40.985],[-81.6323,40.9833],[-81.633,40.9886],[-81.6396,40.9871],[-81.6403,40.9824],[-81.6408,40.9871],[-81.6477,40.9873],[-81.6479,40.9231]]]},"properties":{"geoid":"39032","state":"39","district":"32","name":"State House District 32","chamber":"House"}},{"type":"Feature","geometry":{"type":"Polygon","coordinates":[[[-81.6573,41.1382],[-81.6401,41.1457],[-81.6314,41.1447],[-81.6296,41.1358],[-81.6394,41.1336],[-81.634,41.1285],[-81.6485,41.1285],[-81.6485,41.1204],[-81.638,41.1212],[-81.6445,41.1102],[-81.6149,41.1101],[-81.6098,41.1139],[-81.605,41.1028],[-81.5954,41.1028],[-81.5944,41.096],[-81.5882,41.0958],[-81.5892,41.0413],[-81.5758,41.0382],[-81.5709,41.0459],[-81.5651,41.0458],[-81.5653,41.0415],[-81.5537,41.0392],[-81.5437,41.048],[-81.5423,41.0427],[-81.5276,41.0477],[-81.5229,41.0467],[-81.5176,41.0333],[-81.5056,41.0356],[-81.5047,41.0287],[-81.4741,41.0248],[-81.4534,41.0301],[-81.453,41.0421],[-81.4444,41.04],[-81.442,41.0449],[-81.4481,41.0515],[-81.449,41.045],[-81.4562,41.0433],[-81.4535,41.0562],[-81.4633,41.0538],[-81.4634,41.0596],[-81.4765,41.0596],[-81.4794,41.064],[-81.4666,41.0623],[-81.466,41.07],[-81.4981,41.0753],[-81.4944,41.0837],[-81.5014,41.0879],[-81.5232,41.0799],[-81.5266,41.082],[-81.5234,41.0881],[-81.5392,41.0918],[-81.5354,41.0931],[-81.537,41.1003],[-81.5438,41.0983],[-81.5444,41.1026],[-81.5564,41.1043],[-81.5586,41.1144],[-81.5532,41.1172],[-81.5619,41.1182],[-81.5485,41.1229],[-81.5503,41.1311],[-81.5585,41.1335],[-81.5493,41.1321],[-81.5472,41.1371],[-81.5662,41.1513],[-81.5569,41.1513],[-81.552,41.1439],[-81.5485,41.1513],[-81.5408,41.1514],[-81.5408,41.1573],[-81.5452,41.1567],[-81.537,41.1611],[-81.5511,41.1588],[-81.551,41.1631],[-81.5569,41.1632],[-81.5568,41.1706],[-81.5764,41.166],[-81.5693,41.1444],[-81.5936,41.1494],[-81.5935,41.1445],[-81.604,41.1475],[-81.6039,41.1442],[-81.6176,41.1439],[-81.6425,41.1499],[-81.6573,41.1382]]]},"properties":{"geoid":"39033","state":"39","district":"33","name":"State House District 33","chamber":"House"}},{"type":"Feature","geometry":{"type":"Polygon","coordinates":[[[-81.5619,41.1182],[-81.5532,41.1172],[-81.5586,41.1144],[-81.5564,41.1043],[-81.5444,41.1026],[-81.5438,41.0983],[-81.537,41.1003],[-81.5354,41.0931],[-81.5392,41.0918],[-81.5234,41.0881],[-81.5266,41.082],[-81.523,41.0798],[-81.5168,41.0851],[-81.51,41.0825],[-81.5019,41.087],[-81.505,41.0933],[-81.5003,41.0934],[-81.5006,41.0975],[-81.4971,41.094],[-81.4985,41.1023],[-81.4885,41.1026],[-81.4772,41.093],[-81.4659,41.096],[-81.4508,41.0929],[-81.4571,41.0851],[-81.4415,41.0848],[-81.4418,41.078],[-81.4293,41.0726],[-81.4295,41.0667],[-81.3929,41.0662],[-81.3923,41.2765],[-81.4894,41.2772],[-81.4896,41.1605],[-81.4693,41.164],[-81.469,41.1484],[-81.4596,41.1444],[-81.4557,41.1494],[-81.4499,41.1481],[-81.4531,41.1187],[-81.4898,41.1175],[-81.4981,41.1236],[-81.5196,41.1244],[-81.5198,41.136],[-81.5222,41.1393],[-81.5218,41.136],[-81.5276,41.136],[-81.5287,41.1431],[-81.5377,41.1366],[-81.532,41.1513],[-81.5228,41.1518],[-81.5243,41.1444],[-81.5158,41.1443],[-81.5176,41.1585],[-81.5086,41.1644],[-81.5175,41.1666],[-81.5227,41.1589],[-81.5309,41.1587],[-81.5288,41.1533],[-81.5344,41.1513],[-81.5345,41.1459],[-81.5356,41.1513],[-81.5423,41.148],[-81.5407,41.1408],[-81.5493,41.1321],[-81.5577,41.1348],[-81.5559,41.1303],[-81.5503,41.1311],[-81.5485,41.1229],[-81.5619,41.1182]]]},"properties":{"geoid":"39034","state":"39","district":"34","name":"State House District 34","chamber":"House"}},{"type":"Feature","geometry":{"type":"Polygon","coordinates":[[[-81.5981,41.3509],[-81.5929,41.3494],[-81.5952,41.3439],[-81.5878,41.3422],[-81.5917,41.3287],[-81.5834,41.3154],[-81.5854,41.3085],[-81.573,41.3029],[-81.5757,41.3009],[-81.5622,41.2799],[-81.5651,41.2778],[-81.5479,41.2775],[-81.5477,41.2703],[-81.5265,41.2705],[-81.5263,41.2777],[-81.5046,41.2774],[-81.5096,41.2821],[-81.5063,41.283],[-81.5038,41.2774],[-81.3923,41.2765],[-81.3922,41.2029],[-81.3458,41.2062],[-81.2994,41.2024],[-81.2987,41.2753],[-81.2348,41.2743],[-81.2349,41.2794],[-81.2437,41.2855],[-81.235,41.2799],[-81.235,41.2897],[-81.2233,41.29],[-81.2096,41.2898],[-81.2096,41.2741],[-81.1921,41.2739],[-81.1906,41.4256],[-81.2977,41.4251],[-81.2978,41.4397],[-81.353,41.4408],[-81.3744,41.4337],[-81.3748,41.4244],[-81.3918,41.4243],[-81.3917,41.3483],[-81.5981,41.3509]]]},"properties":{"geoid":"39035","state":"39","district":"35","name":"State House District 35","chamber":"House"}},{"type":"Feature","geometry":{"type":"Polygon","coordinates":[[[-84.2147,39.6966],[-84.2009,39.6935],[-84.2066,39.6828],[-84.2024,39.6748],[-84.1648,39.6743],[-84.1626,39.6684],[-84.1573,39.6683],[-84.1557,39.6739],[-84.1357,39.6734],[-84.1369,39.6579],[-84.1145,39.6558],[-84.1173,39.6701],[-84.1087,39.6678],[-84.0929,39.8383],[-84.1084,39.8376],[-84.1059,39.8318],[-84.1123,39.8323],[-84.1099,39.8248],[-84.1224,39.8255],[-84.1281,39.8184],[-84.1324,39.82],[-84.1318,39.8259],[-84.16,39.8255],[-84.1504,39.8097],[-84.1646,39.7981],[-84.1603,39.798],[-84.1635,39.7936],[-84.1543,39.7945],[-84.1618,39.7833],[-84.1733,39.7842],[-84.1771,39.7686],[-84.2011,39.7588],[-84.1953,39.759],[-84.1972,39.7544],[-84.1893,39.752],[-84.1594,39.7572],[-84.1391,39.7517],[-84.1399,39.7436],[-84.1304,39.7432],[-84.1306,39.7376],[-84.1087,39.7368],[-84.1098,39.7291],[-84.1297,39.7282],[-84.1304,39.723],[-84.1527,39.721],[-84.1553,39.717],[-84.1609,39.7174],[-84.1669,39.7328],[-84.1858,39.7331],[-84.1975,39.7278],[-84.2016,39.7035],[-84.2147,39.6966]]]},"properties":{"geoid":"39036","state":"39","district":"36","name":"State House District 36","chamber":"House"}},{"type":"Feature","geometry":{"type":"Polygon","coordinates":[[[-84.3665,39.7454],[-84.3664,39.658],[-84.3282,39.6582],[-84.3276,39.6224],[-84.3187,39.6225],[-84.3145,39.6437],[-84.3086,39.6437],[-84.3124,39.6518],[-84.3195,39.6535],[-84.3144,39.6584],[-84.3091,39.6584],[-84.309,39.6488],[-84.2911,39.6499],[-84.2932,39.6586],[-84.2828,39.6616],[-84.2843,39.6586],[-84.2507,39.6538],[-84.2436,39.6407],[-84.2298,39.6409],[-84.2249,39.651],[-84.2332,39.6496],[-84.2239,39.652],[-84.2151,39.6453],[-84.2225,39.6455],[-84.2199,39.6378],[-84.2303,39.6342],[-84.2296,39.6296],[-84.2351,39.6318],[-84.2364,39.6179],[-84.2458,39.6159],[-84.2462,39.6103],[-84.234,39.6085],[-84.2376,39.5967],[-84.2543,39.6005],[-84.2573,39.6058],[-84.2533,39.608],[-84.2586,39.6078],[-84.2611,39.6176],[-84.2692,39.6243],[-84.2722,39.6131],[-84.2875,39.6154],[-84.2918,39.6107],[-84.2859,39.6044],[-84.2962,39.5992],[-84.2929,39.6265],[-84.3047,39.6267],[-84.3025,39.6228],[-84.3087,39.6225],[-84.3052,39.6286],[-84.313,39.6363],[-84.3161,39.6276],[-84.3121,39.6224],[-84.3141,39.6159],[-84.3085,39.6162],[-84.3105,39.6081],[-84.3165,39.6066],[-84.3164,39.6136],[-84.3221,39.6137],[-84.3202,39.6188],[-84.3276,39.6188],[-84.3268,39.5908],[-84.3374,39.5895],[-84.1142,39.5782],[-84.1087,39.6678],[-84.1173,39.6701],[-84.1145,39.6558],[-84.1209,39.6549],[-84.1369,39.6579],[-84.1357,39.6734],[-84.1557,39.6739],[-84.1573,39.6683],[-84.1626,39.6684],[-84.1648,39.6743],[-84.2024,39.6748],[-84.2066,39.6828],[-84.2009,39.6935],[-84.2147,39.6966],[-84.2016,39.7035],[-84.1975,39.7278],[-84.2077,39.7264],[-84.2059,39.7289],[-84.2326,39.7382],[-84.2386,39.7324],[-84.2529,39.7341],[-84.2673,39.732],[-84.2674,39.7287],[-84.2809,39.7319],[-84.2811,39.7373],[-84.2683,39.7396],[-84.2722,39.7466],[-84.3665,39.7454]]]},"properties":{"geoid":"39037","state":"39","district":"37","name":"State House District 37","chamber":"House"}},{"type":"Feature","geometry":{"type":"Polygon","coordinates":[[[-84.3671,39.8321],[-84.3665,39.7458],[-84.2722,39.7466],[-84.2683,39.7396],[-84.2811,39.7373],[-84.2809,39.7319],[-84.2712,39.7326],[-84.268,39.7287],[-84.2529,39.7341],[-84.2386,39.7324],[-84.2341,39.7382],[-84.222,39.7363],[-84.2243,39.7324],[-84.2134,39.7321],[-84.2059,39.7289],[-84.2077,39.7264],[-84.1726,39.7345],[-84.1645,39.7311],[-84.1609,39.7174],[-84.1349,39.7214],[-84.1297,39.7282],[-84.1098,39.7291],[-84.1087,39.7368],[-84.1306,39.7376],[-84.1304,39.7432],[-84.1399,39.7436],[-84.1391,39.7517],[-84.1594,39.7572],[-84.1893,39.752],[-84.1972,39.7544],[-84.1953,39.759],[-84.2011,39.7587],[-84.1771,39.7686],[-84.1733,39.7842],[-84.1618,39.7833],[-84.1543,39.7945],[-84.1635,39.7936],[-84.1603,39.798],[-84.1646,39.7981],[-84.1504,39.8097],[-84.1614,39.8255],[-84.1675,39.8201],[-84.1686,39.8267],[-84.1559,39.8313],[-84.1641,39.8303],[-84.158,39.8567],[-84.1707,39.8575],[-84.174,39.8514],[-84.1677,39.8478],[-84.1678,39.8443],[-84.1736,39.8455],[-84.1796,39.8269],[-84.1757,39.8063],[-84.1851,39.8001],[-84.1765,39.8002],[-84.1767,39.797],[-84.1947,39.7877],[-84.1943,39.8009],[-84.2016,39.8209],[-84.2059,39.8209],[-84.1987,39.8379],[-84.2081,39.8378],[-84.2111,39.8286],[-84.2232,39.8266],[-84.2215,39.8174],[-84.2061,39.8082],[-84.2056,39.8004],[-84.219,39.8008],[-84.22,39.794],[-84.2319,39.791],[-84.2351,39.7935],[-84.2295,39.7971],[-84.2389,39.801],[-84.235,39.806],[-84.2389,39.8053],[-84.2447,39.8028],[-84.2385,39.7937],[-84.2445,39.7927],[-84.2449,39.7882],[-84.2531,39.7897],[-84.2545,39.8336],[-84.3671,39.8321]]]},"properties":{"geoid":"39038","state":"39","district":"38","name":"State House District 38","chamber":"House"}},{"type":"Feature","geometry":{"type":"Polygon","coordinates":[[[-84.3434,39.8569],[-84.3261,39.8484],[-84.33,39.8471],[-84.3297,39.837],[-84.3235,39.8327],[-84.2545,39.8336],[-84.2516,39.7883],[-84.2395,39.7913],[-84.2389,39.7983],[-84.2448,39.7984],[-84.2447,39.8028],[-84.2389,39.8053],[-84.235,39.806],[-84.2389,39.801],[-84.2295,39.7971],[-84.2351,39.7935],[-84.2319,39.791],[-84.22,39.794],[-84.219,39.8008],[-84.2056,39.8004],[-84.2061,39.8082],[-84.2215,39.8174],[-84.2232,39.8266],[-84.2111,39.8286],[-84.2081,39.8378],[-84.1987,39.8379],[-84.2059,39.8209],[-84.2016,39.8209],[-84.1943,39.8009],[-84.1947,39.7877],[-84.1767,39.797],[-84.1765,39.8002],[-84.1851,39.8001],[-84.1757,39.8063],[-84.1796,39.8269],[-84.1736,39.8455],[-84.1678,39.8443],[-84.1676,39.8504],[-84.1741,39.8483],[-84.1707,39.8575],[-84.158,39.8567],[-84.1641,39.8303],[-84.1559,39.8313],[-84.1686,39.8267],[-84.1675,39.8201],[-84.1639,39.8261],[-84.1571,39.8201],[-84.1604,39.8252],[-84.1548,39.8272],[-84.1318,39.8259],[-84.1324,39.82],[-84.1281,39.8184],[-84.1224,39.8255],[-84.1099,39.8248],[-84.1123,39.8323],[-84.1059,39.8318],[-84.1084,39.8376],[-84.0551,39.8362],[-84.051,39.8798],[-84.1572,39.886],[-84.1672,39.9114],[-84.1577,39.923],[-84.3152,39.9214],[-84.3192,39.914],[-84.3236,39.9142],[-84.3242,39.901],[-84.3313,39.9022],[-84.3326,39.8982],[-84.3329,39.9055],[-84.3381,39.9056],[-84.3377,39.896],[-84.3342,39.8913],[-84.3053,39.8943],[-84.3027,39.8913],[-84.3077,39.8909],[-84.3062,39.8857],[-84.3263,39.8837],[-84.3261,39.8803],[-84.3383,39.8796],[-84.3382,39.8764],[-84.3202,39.8726],[-84.3201,39.8667],[-84.3304,39.8665],[-84.3304,39.8623],[-84.3147,39.865],[-84.3147,39.8618],[-84.3434,39.8569]]]},"properties":{"geoid":"39039","state":"39","district":"39","name":"State House District 39","chamber":"House"}},{"type":"Feature","geometry":{"type":"Polygon","coordinates":[[[-84.8151,39.5692],[-84.703,39.5675],[-84.7025,39.4782],[-84.5583,39.4795],[-84.5525,39.4733],[-84.548,39.4744],[-84.5484,39.4796],[-84.4836,39.4805],[-84.4774,39.4786],[-84.4833,39.4761],[-84.4822,39.4686],[-84.4821,39.4725],[-84.4747,39.4702],[-84.4822,39.467],[-84.4771,39.4658],[-84.4767,39.4569],[-84.4689,39.4571],[-84.4686,39.4621],[-84.4618,39.462],[-84.4619,39.4571],[-84.4489,39.4575],[-84.4517,39.4653],[-84.4482,39.4765],[-84.4337,39.4958],[-84.4454,39.4959],[-84.4523,39.4864],[-84.4516,39.4945],[-84.4609,39.4957],[-84.4613,39.5005],[-84.4726,39.5008],[-84.4776,39.4953],[-84.4792,39.591],[-84.3268,39.5908],[-84.3276,39.6188],[-84.3202,39.6188],[-84.3221,39.6137],[-84.3164,39.6136],[-84.3165,39.6066],[-84.3085,39.6137],[-84.3141,39.6159],[-84.313,39.6363],[-84.3052,39.6286],[-84.3087,39.6225],[-84.3025,39.6228],[-84.3047,39.6267],[-84.2929,39.6265],[-84.2962,39.5992],[-84.2859,39.6044],[-84.2918,39.6107],[-84.2875,39.6154],[-84.2722,39.6131],[-84.2692,39.6243],[-84.2611,39.6176],[-84.2586,39.6078],[-84.2533,39.608],[-84.2573,39.6058],[-84.2543,39.6005],[-84.2376,39.5967],[-84.234,39.6085],[-84.2462,39.6103],[-84.2458,39.6159],[-84.2364,39.6179],[-84.2351,39.6318],[-84.2296,39.6296],[-84.2303,39.6342],[-84.2199,39.6378],[-84.2225,39.6455],[-84.2151,39.6447],[-84.2196,39.6457],[-84.2192,39.6505],[-84.2332,39.6496],[-84.2249,39.651],[-84.2243,39.6471],[-84.2298,39.6409],[-84.239,39.6403],[-84.2436,39.6407],[-84.2507,39.6538],[-84.2632,39.6585],[-84.2902,39.6613],[-84.2932,39.6586],[-84.2902,39.6506],[-84.2998,39.6486],[-84.309,39.6488],[-84.3091,39.6584],[-84.3144,39.6584],[-84.3195,39.6535],[-84.3124,39.6518],[-84.3086,39.6437],[-84.3145,39.6437],[-84.3187,39.6225],[-84.3276,39.6224],[-84.3282,39.6582],[-84.3664,39.658],[-84.3671,39.8321],[-84.3235,39.8327],[-84.3297,39.837],[-84.33,39.8471],[-84.3261,39.8484],[-84.3434,39.8569],[-84.3147,39.8618],[-84.3147,39.865],[-84.3304,39.8623],[-84.3304,39.8665],[-84.3201,39.8667],[-84.3202,39.8726],[-84.3382,39.8764],[-84.3383,39.8796],[-84.3261,39.8803],[-84.3263,39.8837],[-84.3062,39.8857],[-84.3077,39.8909],[-84.3027,39.8913],[-84.3053,39.8943],[-84.3342,39.8913],[-84.3377,39.896],[-84.3381,39.9056],[-84.3329,39.9055],[-84.3326,39.8982],[-84.3313,39.9022],[-84.3242,39.901],[-84.3236,39.9142],[-84.3192,39.914],[-84.3152,39.9214],[-84.8124,39.9169],[-84.8151,39.5692]]]},"properties":{"geoid":"39040","state":"39","district":"40","name":"State House District 40","chamber":"House"}},{"type":"Feature","geometry":{"type":"Polygon","coordinates":[[[-83.7865,41.6038],[-83.7864,41.5823],[-83.7613,41.5828],[-83.7614,41.5883],[-83.691,41.5877],[-83.6906,41.5716],[-83.6957,41.5723],[-83.6963,41.5663],[-83.6907,41.5662],[-83.6881,41.5588],[-83.6992,41.5569],[-83.6993,41.5509],[-83.7015,41.5538],[-83.7182,41.5482],[-83.7162,41.5406],[-83.7082,41.5366],[-83.6859,41.5508],[-83.697,41.5378],[-83.6449,41.5608],[-83.6361,41.5603],[-83.6256,41.5701],[-83.6127,41.5708],[-83.5783,41.611],[-83.5639,41.6177],[-83.5625,41.6288],[-83.5673,41.6288],[-83.5673,41.6383],[-83.5754,41.6387],[-83.6259,41.6243],[-83.626,41.6381],[-83.6386,41.6382],[-83.6412,41.6608],[-83.6626,41.6694],[-83.693,41.6685],[-83.694,41.661],[-83.7605,41.659],[-83.7615,41.6176],[-83.7864,41.6174],[-83.7865,41.6038]]]},"properties":{"geoid":"39041","state":"39","district":"41","name":"State House District 41","chamber":"House"}},{"type":"Feature","geometry":{"type":"Polygon","coordinates":[[[-83.6084,41.665],[-83.6005,41.6633],[-83.6005,41.6497],[-83.588,41.6455],[-83.5907,41.6359],[-83.5673,41.6383],[-83.5673,41.6288],[-83.5625,41.6288],[-83.5639,41.6177],[-83.1645,41.6232],[-82.9956,41.829],[-83.0693,41.8642],[-83.1125,41.9594],[-83.4159,41.7338],[-83.4648,41.7323],[-83.4699,41.7244],[-83.4827,41.7202],[-83.4857,41.6943],[-83.5271,41.6936],[-83.5268,41.6853],[-83.5365,41.6851],[-83.5621,41.6885],[-83.5653,41.6926],[-83.5848,41.6923],[-83.5844,41.6818],[-83.5892,41.679],[-83.6001,41.6835],[-83.6084,41.665]]]},"properties":{"geoid":"39042","state":"39","district":"42","name":"State House District 42","chamber":"House"}},{"type":"Feature","geometry":{"type":"Polygon","coordinates":[[[-83.6668,41.6731],[-83.6566,41.6646],[-83.6412,41.6608],[-83.6386,41.6382],[-83.626,41.6381],[-83.6259,41.6243],[-83.5952,41.6315],[-83.5867,41.6429],[-83.5904,41.6492],[-83.5968,41.6473],[-83.6032,41.6529],[-83.6005,41.6633],[-83.6084,41.6632],[-83.6001,41.6835],[-83.5892,41.679],[-83.5844,41.6818],[-83.5848,41.6923],[-83.5653,41.6926],[-83.5621,41.6885],[-83.5365,41.6851],[-83.5268,41.6853],[-83.5271,41.6936],[-83.4857,41.6943],[-83.4827,41.7202],[-83.4699,41.7244],[-83.4644,41.7324],[-83.6496,41.7274],[-83.6495,41.7201],[-83.656,41.7184],[-83.6527,41.7196],[-83.6451,41.7056],[-83.6616,41.705],[-83.6583,41.6994],[-83.6553,41.7028],[-83.6449,41.6985],[-83.6499,41.6985],[-83.6496,41.6912],[-83.6644,41.691],[-83.6654,41.686],[-83.6543,41.6876],[-83.6515,41.6799],[-83.6666,41.6767],[-83.6668,41.6731]]]},"properties":{"geoid":"39043","state":"39","district":"43","name":"State House District 43","chamber":"House"}},{"type":"Feature","geometry":{"type":"Polygon","coordinates":[[[-83.8832,41.4165],[-83.8543,41.4145],[-83.8456,41.425],[-83.8157,41.4329],[-83.7817,41.4493],[-83.777,41.4629],[-83.7472,41.4662],[-83.7364,41.482],[-83.7124,41.4929],[-83.7096,41.5219],[-83.6992,41.5217],[-83.6967,41.5359],[-83.6885,41.5409],[-83.6884,41.5377],[-83.6828,41.5394],[-83.6843,41.5346],[-83.6751,41.5337],[-83.675,41.5408],[-83.6701,41.5407],[-83.6594,41.5532],[-83.6556,41.5497],[-83.6564,41.5538],[-83.6441,41.5604],[-83.6346,41.5594],[-83.6246,41.5682],[-83.615,41.5665],[-83.6149,41.5619],[-83.6028,41.5715],[-83.6019,41.565],[-83.5974,41.5677],[-83.5901,41.5617],[-83.599,41.5482],[-83.5286,41.519],[-83.5286,41.5448],[-83.538,41.5483],[-83.5381,41.5528],[-83.5378,41.5637],[-83.5277,41.5637],[-83.528,41.601],[-83.509,41.6013],[-83.4998,41.5924],[-83.4997,41.6015],[-83.4687,41.6014],[-83.4687,41.595],[-83.4645,41.595],[-83.4636,41.6015],[-83.4157,41.6019],[-83.4146,41.5002],[-83.339,41.5012],[-83.3386,41.4866],[-83.3,41.4871],[-83.2995,41.6218],[-83.5699,41.6172],[-83.6127,41.5708],[-83.6256,41.5701],[-83.6361,41.5603],[-83.6449,41.5608],[-83.697,41.5378],[-83.6959,41.5437],[-83.6852,41.5498],[-83.6884,41.551],[-83.6993,41.54],[-83.7116,41.5367],[-83.7182,41.5482],[-83.7015,41.5538],[-83.6993,41.5509],[-83.6992,41.5569],[-83.6881,41.5588],[-83.6907,41.5662],[-83.6963,41.5663],[-83.6957,41.5723],[-83.6906,41.5716],[-83.691,41.5877],[-83.7614,41.5883],[-83.7613,41.5828],[-83.7864,41.5823],[-83.7864,41.6174],[-83.7615,41.6176],[-83.7605,41.659],[-83.694,41.661],[-83.693,41.6685],[-83.6626,41.6694],[-83.6666,41.6767],[-83.6538,41.677],[-83.6517,41.6841],[-83.6543,41.6876],[-83.6654,41.686],[-83.6644,41.691],[-83.6496,41.6912],[-83.6499,41.6985],[-83.6449,41.6985],[-83.6553,41.7028],[-83.6583,41.6994],[-83.6616,41.705],[-83.6451,41.7056],[-83.6527,41.7196],[-83.656,41.7184],[-83.6495,41.7201],[-83.6496,41.7274],[-83.8804,41.7202],[-83.8774,41.6175],[-83.8824,41.6175],[-83.8832,41.4165]]]},"properties":{"geoid":"39044","state":"39","district":"44","name":"State House District 44","chamber":"House"}},{"type":"Feature","geometry":{"type":"Polygon","coordinates":[[[-84.8192,39.3168],[-84.8195,39.3052],[-84.6418,39.305],[-84.63,39.3121],[-84.3532,39.2923],[-84.3463,39.3684],[-84.4786,39.3747],[-84.4808,39.3472],[-84.4908,39.3522],[-84.4895,39.3652],[-84.5007,39.3647],[-84.5012,39.3506],[-84.4922,39.3519],[-84.4913,39.3482],[-84.4965,39.3482],[-84.497,39.3419],[-84.5025,39.3433],[-84.5029,39.3359],[-84.5101,39.3345],[-84.5205,39.3425],[-84.519,39.3606],[-84.537,39.3662],[-84.5449,39.3667],[-84.544,39.353],[-84.5639,39.3527],[-84.5643,39.3651],[-84.5693,39.3577],[-84.5765,39.3592],[-84.576,39.3515],[-84.5924,39.3506],[-84.5899,39.3869],[-84.5929,39.3817],[-84.6004,39.3817],[-84.5982,39.395],[-84.6089,39.3878],[-84.6088,39.3768],[-84.6235,39.3747],[-84.6278,39.384],[-84.6091,39.3915],[-84.6465,39.3913],[-84.6539,39.3883],[-84.646,39.3839],[-84.6562,39.3838],[-84.6612,39.3913],[-84.8176,39.3918],[-84.8192,39.3168]]]},"properties":{"geoid":"39045","state":"39","district":"45","name":"State House District 45","chamber":"House"}},{"type":"Feature","geometry":{"type":"Polygon","coordinates":[[[-84.5902,39.4791],[-84.5902,39.4524],[-84.5847,39.4523],[-84.5902,39.4523],[-84.5902,39.4418],[-84.5549,39.4358],[-84.5521,39.4208],[-84.5442,39.4309],[-84.5434,39.4259],[-84.5367,39.4242],[-84.5207,39.4369],[-84.5041,39.4324],[-84.5037,39.4255],[-84.4971,39.4214],[-84.4745,39.4297],[-84.4786,39.3747],[-84.3463,39.3684],[-84.3317,39.5492],[-84.3643,39.5438],[-84.3652,39.5899],[-84.4792,39.591],[-84.4776,39.4953],[-84.4726,39.5008],[-84.4613,39.5005],[-84.4609,39.4957],[-84.4516,39.4945],[-84.4523,39.4864],[-84.4454,39.4959],[-84.4337,39.4958],[-84.4482,39.4765],[-84.4517,39.4653],[-84.4489,39.4575],[-84.4619,39.4571],[-84.4618,39.462],[-84.4686,39.4621],[-84.4689,39.4571],[-84.4767,39.4569],[-84.4771,39.4658],[-84.4822,39.467],[-84.4747,39.4702],[-84.4821,39.4725],[-84.4822,39.4686],[-84.4833,39.4761],[-84.4774,39.4786],[-84.4836,39.4805],[-84.5484,39.4796],[-84.548,39.4744],[-84.5525,39.4733],[-84.5583,39.4795],[-84.5902,39.4791]]]},"properties":{"geoid":"39046","state":"39","district":"46","name":"State House District 46","chamber":"House"}},{"type":"Feature","geometry":{"type":"Polygon","coordinates":[[[-84.8177,39.3946],[-84.6585,39.3912],[-84.6562,39.3838],[-84.646,39.3839],[-84.6539,39.3883],[-84.6465,39.3913],[-84.6091,39.3915],[-84.6278,39.384],[-84.6235,39.3747],[-84.6088,39.3768],[-84.6089,39.3878],[-84.5982,39.395],[-84.6004,39.3817],[-84.5929,39.3817],[-84.5899,39.3869],[-84.5924,39.3506],[-84.576,39.3515],[-84.5765,39.3592],[-84.5693,39.3577],[-84.5643,39.3651],[-84.5639,39.3527],[-84.544,39.353],[-84.5449,39.3667],[-84.537,39.3662],[-84.519,39.3606],[-84.5205,39.3425],[-84.5101,39.3345],[-84.5029,39.3359],[-84.5025,39.3433],[-84.497,39.3419],[-84.4965,39.3482],[-84.4913,39.3482],[-84.4922,39.3519],[-84.5012,39.3506],[-84.5007,39.3647],[-84.4895,39.3652],[-84.4908,39.3522],[-84.4804,39.3477],[-84.4745,39.4297],[-84.4971,39.4214],[-84.5037,39.4255],[-84.5041,39.4324],[-84.5207,39.4369],[-84.5367,39.4242],[-84.5434,39.4259],[-84.5442,39.4309],[-84.5521,39.4208],[-84.5549,39.4358],[-84.5902,39.4418],[-84.5902,39.4523],[-84.5847,39.4523],[-84.5902,39.4524],[-84.5902,39.4791],[-84.7025,39.4782],[-84.703,39.5675],[-84.8147,39.5678],[-84.8177,39.3946]]]},"properties":{"geoid":"39047","state":"39","district":"47","name":"State House District 47","chamber":"House"}},{"type":"Feature","geometry":{"type":"Polygon","coordinates":[[[-81.4225,40.8659],[-81.4156,40.8645],[-81.4131,40.8595],[-81.4191,40.8617],[-81.4089,40.854],[-81.3746,40.8532],[-81.3646,40.8601],[-81.3455,40.8596],[-81.346,40.845],[-81.358,40.8446],[-81.3595,40.8381],[-81.3657,40.8377],[-81.3664,40.8274],[-81.3512,40.8286],[-81.356,40.838],[-81.3467,40.8326],[-81.3504,40.8272],[-81.3463,40.831],[-81.3281,40.8298],[-81.3399,40.8341],[-81.3302,40.8397],[-81.33,40.8445],[-81.3244,40.8396],[-81.3238,40.8511],[-81.3288,40.8579],[-81.3216,40.8594],[-81.3075,40.844],[-81.301,40.8438],[-81.3094,40.8363],[-81.309,40.8145],[-81.1938,40.8108],[-81.1883,40.9023],[-81.1626,40.9021],[-81.1625,40.8923],[-81.1551,40.8923],[-81.1548,40.8868],[-81.1483,40.8906],[-81.1453,40.9007],[-81.138,40.8943],[-81.1319,40.9001],[-81.1277,40.888],[-81.1152,40.8927],[-81.1151,40.8865],[-81.1057,40.8863],[-81.1,40.894],[-81.0899,40.894],[-81.0867,40.8989],[-81.0863,40.988],[-81.4163,40.9885],[-81.4222,40.8812],[-81.4188,40.8738],[-81.4225,40.8659]]]},"properties":{"geoid":"39048","state":"39","district":"48","name":"State House District 48","chamber":"House"}},{"type":"Feature","geometry":{"type":"Polygon","coordinates":[[[-81.5397,40.8635],[-81.5209,40.8511],[-81.5111,40.8508],[-81.5115,40.8448],[-81.5213,40.8447],[-81.5224,40.8405],[-81.5119,40.8378],[-81.5123,40.8308],[-81.4853,40.8301],[-81.4931,40.8205],[-81.4093,40.821],[-81.3976,40.8149],[-81.4111,40.8132],[-81.4079,40.8059],[-81.4119,40.8041],[-81.4259,40.8034],[-81.4268,40.7888],[-81.4176,40.7885],[-81.4183,40.7736],[-81.4089,40.7733],[-81.4185,40.7686],[-81.4189,40.7625],[-81.4099,40.7549],[-81.4288,40.7519],[-81.4293,40.7442],[-81.421,40.7441],[-81.4193,40.7513],[-81.4155,40.7514],[-81.4159,40.7439],[-81.414,40.7511],[-81.4072,40.7478],[-81.409,40.7437],[-81.4019,40.7462],[-81.3979,40.7581],[-81.403,40.7584],[-81.4009,40.763],[-81.3796,40.7689],[-81.3756,40.7686],[-81.3712,40.7511],[-81.361,40.7515],[-81.3589,40.757],[-81.371,40.7574],[-81.3744,40.7708],[-81.3798,40.7724],[-81.3698,40.7768],[-81.3675,40.7721],[-81.3603,40.7719],[-81.3625,40.7821],[-81.3501,40.7812],[-81.3496,40.7868],[-81.321,40.7807],[-81.3134,40.784],[-81.2998,40.7737],[-81.2995,40.7622],[-81.2929,40.762],[-81.2905,40.7727],[-81.285,40.7765],[-81.2847,40.7818],[-81.3189,40.7845],[-81.3169,40.7889],[-81.3254,40.7842],[-81.3436,40.788],[-81.3394,40.7933],[-81.3198,40.7957],[-81.3247,40.8054],[-81.3195,40.8029],[-81.3204,40.8109],[-81.3093,40.8099],[-81.3094,40.8363],[-81.301,40.8438],[-81.3075,40.844],[-81.3177,40.8524],[-81.3184,40.8583],[-81.3259,40.8594],[-81.3244,40.8396],[-81.33,40.8445],[-81.3302,40.8397],[-81.3399,40.8341],[-81.3281,40.8298],[-81.3463,40.831],[-81.3504,40.8272],[-81.3467,40.8326],[-81.356,40.838],[-81.3512,40.8286],[-81.3664,40.8274],[-81.3657,40.8377],[-81.3595,40.8381],[-81.358,40.8446],[-81.346,40.845],[-81.3455,40.8596],[-81.3646,40.8601],[-81.3746,40.8532],[-81.4133,40.8548],[-81.4191,40.8617],[-81.4131,40.8615],[-81.4225,40.8658],[-81.4188,40.8738],[-81.422,40.8745],[-81.4204,40.9065],[-81.5364,40.9103],[-81.5375,40.8955],[-81.5179,40.8948],[-81.5288,40.8922],[-81.5304,40.8807],[-81.5385,40.881],[-81.5397,40.8635]]]},"properties":{"geoid":"39049","state":"39","district":"49","name":"State House District 49","chamber":"House"}},{"type":"Feature","geometry":{"type":"Polygon","coordinates":[[[-81.6481,40.8049],[-81.6314,40.7991],[-81.6462,40.8048],[-81.6278,40.8166],[-81.5915,40.8153],[-81.6019,40.8071],[-81.593,40.7937],[-81.5853,40.795],[-81.5904,40.7983],[-81.5842,40.7993],[-81.5872,40.8049],[-81.5824,40.8047],[-81.5762,40.7961],[-81.5732,40.7982],[-81.5735,40.793],[-81.5796,40.7915],[-81.5674,40.792],[-81.5724,40.7841],[-81.5801,40.7859],[-81.5804,40.7798],[-81.5562,40.7853],[-81.5599,40.7752],[-81.5461,40.7776],[-81.5464,40.7717],[-81.5421,40.7716],[-81.5464,40.7592],[-81.551,40.7583],[-81.5328,40.7557],[-81.5333,40.7449],[-81.5418,40.7389],[-81.5373,40.7387],[-81.5392,40.7283],[-81.5308,40.726],[-81.5329,40.7228],[-81.528,40.7329],[-81.5086,40.7396],[-81.4984,40.7372],[-81.4967,40.7318],[-81.3139,40.7261],[-81.3177,40.6519],[-81.2412,40.6505],[-81.2372,40.7235],[-81.1991,40.7222],[-81.1987,40.7291],[-81.0873,40.7278],[-81.0867,40.8989],[-81.0899,40.894],[-81.1,40.894],[-81.1057,40.8863],[-81.1151,40.8865],[-81.1152,40.8927],[-81.1277,40.888],[-81.1319,40.9001],[-81.138,40.8943],[-81.1453,40.9007],[-81.1483,40.8906],[-81.1548,40.8868],[-81.1551,40.8923],[-81.1625,40.8923],[-81.1626,40.9021],[-81.1883,40.9023],[-81.1938,40.8108],[-81.309,40.8145],[-81.3093,40.8099],[-81.3204,40.8109],[-81.3195,40.8029],[-81.3247,40.8054],[-81.3238,40.7981],[-81.3197,40.7973],[-81.3228,40.7928],[-81.3394,40.7933],[-81.3436,40.788],[-81.3254,40.7842],[-81.3169,40.7889],[-81.3189,40.7845],[-81.2847,40.7818],[-81.2929,40.762],[-81.2995,40.7622],[-81.2998,40.7737],[-81.3134,40.784],[-81.321,40.7807],[-81.3496,40.7868],[-81.3501,40.7812],[-81.3625,40.7821],[-81.3603,40.7719],[-81.3675,40.7721],[-81.3698,40.7768],[-81.3798,40.7724],[-81.3744,40.7708],[-81.371,40.7574],[-81.3589,40.757],[-81.361,40.7515],[-81.3712,40.7511],[-81.3756,40.7686],[-81.3796,40.7689],[-81.3996,40.7641],[-81.403,40.7584],[-81.3979,40.7583],[-81.4003,40.7472],[-81.4059,40.7479],[-81.4077,40.7436],[-81.41,40.751],[-81.414,40.7511],[-81.4159,40.7439],[-81.4175,40.7514],[-81.421,40.7441],[-81.4293,40.7442],[-81.4288,40.7519],[-81.4099,40.7549],[-81.4189,40.7625],[-81.4185,40.7686],[-81.4089,40.7733],[-81.4183,40.7736],[-81.4176,40.7885],[-81.4268,40.7888],[-81.4275,40.7962],[-81.4259,40.8034],[-81.4079,40.8059],[-81.4111,40.8132],[-81.3976,40.8149],[-81.4093,40.821],[-81.4931,40.8205],[-81.4858,40.8305],[-81.5123,40.8308],[-81.5119,40.8378],[-81.5224,40.8405],[-81.5213,40.8447],[-81.5115,40.8448],[-81.5111,40.8508],[-81.5209,40.8511],[-81.5397,40.8629],[-81.5385,40.881],[-81.5304,40.8807],[-81.5288,40.8922],[-81.5179,40.8948],[-81.5375,40.8955],[-81.5364,40.9103],[-81.6477,40.914],[-81.6481,40.8049]]]},"properties":{"geoid":"39050","state":"39","district":"50","name":"State House District 50","chamber":"House"}},{"type":"Feature","geometry":{"type":"Polygon","coordinates":[[[-81.7124,40.3711],[-81.6163,40.3681],[-81.6224,40.2213],[-81.3381,40.2141],[-81.3346,40.3043],[-81.2753,40.3034],[-81.2647,40.565],[-81.3217,40.5666],[-81.3139,40.7261],[-81.4967,40.7318],[-81.4984,40.7372],[-81.5086,40.7396],[-81.528,40.7329],[-81.5329,40.7228],[-81.5308,40.726],[-81.5392,40.7283],[-81.5373,40.7387],[-81.5418,40.7389],[-81.5333,40.7449],[-81.5328,40.7557],[-81.551,40.7583],[-81.5464,40.7592],[-81.5421,40.7716],[-81.5464,40.7717],[-81.5461,40.7776],[-81.5599,40.7752],[-81.5562,40.7853],[-81.5804,40.7798],[-81.5801,40.7859],[-81.5724,40.7841],[-81.5674,40.792],[-81.5796,40.7915],[-81.5735,40.793],[-81.5732,40.7982],[-81.5762,40.7961],[-81.5824,40.8047],[-81.5872,40.8049],[-81.5842,40.7993],[-81.5904,40.7983],[-81.5853,40.795],[-81.593,40.7937],[-81.6019,40.8071],[-81.5915,40.8153],[-81.6278,40.8166],[-81.6462,40.8048],[-81.6314,40.7991],[-81.6481,40.8046],[-81.6491,40.6345],[-81.668,40.6312],[-81.6682,40.6275],[-81.6628,40.6273],[-81.6698,40.4439],[-81.7091,40.4449],[-81.7124,40.3711]]]},"properties":{"geoid":"39051","state":"39","district":"51","name":"State House District 51","chamber":"House"}},{"type":"Feature","geometry":{"type":"Polygon","coordinates":[[[-82.2654,41.3738],[-82.2663,41.3528],[-82.2606,41.3537],[-82.2636,41.3537],[-82.2592,41.3624],[-82.2435,41.3616],[-82.239,41.3683],[-82.2299,41.3657],[-82.2332,41.3601],[-82.2219,41.3573],[-82.2235,41.3526],[-82.1248,41.3521],[-82.1463,41.3448],[-82.117,41.3483],[-82.1114,41.3448],[-82.1114,41.3364],[-82.0979,41.3363],[-82.1066,41.3328],[-82.0903,41.3327],[-82.0883,41.3275],[-82.081,41.331],[-82.1004,41.3394],[-82.0972,41.3447],[-82.1021,41.3519],[-82.0886,41.3519],[-82.0883,41.3448],[-82.0829,41.343],[-82.086,41.3392],[-82.0721,41.3349],[-82.0693,41.3381],[-82.0726,41.3402],[-82.0677,41.3404],[-82.0703,41.3455],[-82.0637,41.3388],[-82.0592,41.3473],[-82.0431,41.3517],[-81.9713,41.3513],[-81.9695,41.478],[-82.067,41.4787],[-82.0678,41.4183],[-82.1041,41.418],[-82.097,41.4219],[-82.1014,41.4294],[-82.0983,41.4359],[-82.1051,41.4375],[-82.104,41.4245],[-82.1306,41.4242],[-82.1303,41.4182],[-82.1607,41.4182],[-82.1572,41.4161],[-82.1776,41.4112],[-82.18,41.4182],[-82.1857,41.4182],[-82.2093,41.4058],[-82.202,41.4008],[-82.2082,41.3982],[-82.2033,41.3914],[-82.2146,41.3978],[-82.2099,41.392],[-82.2158,41.3879],[-82.21,41.3869],[-82.2101,41.3827],[-82.2165,41.3799],[-82.2295,41.3781],[-82.2313,41.3879],[-82.239,41.3844],[-82.2393,41.3774],[-82.248,41.3771],[-82.2506,41.3986],[-82.2651,41.3934],[-82.2654,41.3738]]]},"properties":{"geoid":"39052","state":"39","district":"52","name":"State House District 52","chamber":"House"}},{"type":"Feature","geometry":{"type":"Polygon","coordinates":[[[-82.2916,41.4113],[-82.2644,41.405],[-82.2651,41.3934],[-82.2506,41.3986],[-82.248,41.3771],[-82.2393,41.3774],[-82.239,41.3844],[-82.2313,41.3879],[-82.2291,41.378],[-82.2101,41.3827],[-82.21,41.3869],[-82.2158,41.3879],[-82.2099,41.392],[-82.2146,41.3978],[-82.2033,41.3914],[-82.2082,41.3982],[-82.202,41.4008],[-82.2093,41.4058],[-82.1857,41.4182],[-82.18,41.4182],[-82.1776,41.4112],[-82.1572,41.4161],[-82.1607,41.4182],[-82.1303,41.4182],[-82.1306,41.4242],[-82.104,41.4245],[-82.1051,41.4375],[-82.0983,41.4359],[-82.1014,41.4294],[-82.097,41.4219],[-82.1041,41.418],[-82.0678,41.4183],[-82.067,41.4787],[-81.9695,41.478],[-81.9683,41.5052],[-82.0126,41.5157],[-82.0475,41.5066],[-82.0553,41.5084],[-82.0579,41.5038],[-82.165,41.4745],[-82.1811,41.4766],[-82.1743,41.4729],[-82.186,41.4739],[-82.1839,41.4713],[-82.1875,41.4728],[-82.1911,41.4659],[-82.2237,41.4477],[-82.2557,41.4341],[-82.2835,41.4294],[-82.2834,41.4185],[-82.287,41.4184],[-82.2867,41.4114],[-82.2916,41.4113]]]},"properties":{"geoid":"39053","state":"39","district":"53","name":"State House District 53","chamber":"House"}},{"type":"Feature","geometry":{"type":"Polygon","coordinates":[[[-82.8385,41.217],[-82.8289,40.9966],[-82.4329,40.9929],[-82.4369,41.0654],[-82.1715,41.0635],[-82.1699,41.1371],[-82.0743,41.1365],[-82.0725,41.1998],[-81.9739,41.1998],[-81.9725,41.2748],[-81.8781,41.275],[-81.877,41.3507],[-82.0431,41.3517],[-82.0592,41.3473],[-82.0637,41.3388],[-82.0703,41.3455],[-82.0677,41.3404],[-82.0726,41.3402],[-82.0693,41.3381],[-82.0721,41.3349],[-82.086,41.3392],[-82.0829,41.343],[-82.0883,41.3448],[-82.0886,41.3519],[-82.1021,41.3519],[-82.0972,41.3447],[-82.1004,41.3394],[-82.081,41.331],[-82.0883,41.3275],[-82.0903,41.3327],[-82.1066,41.3328],[-82.0979,41.3363],[-82.1114,41.3364],[-82.1114,41.3448],[-82.117,41.3483],[-82.1463,41.3448],[-82.1248,41.3521],[-82.2235,41.3526],[-82.2219,41.3573],[-82.2332,41.3601],[-82.2299,41.3657],[-82.239,41.3683],[-82.2435,41.3616],[-82.2592,41.3624],[-82.2636,41.3537],[-82.2606,41.3537],[-82.2663,41.3528],[-82.2644,41.405],[-82.2921,41.4098],[-82.2834,41.4185],[-82.2835,41.4294],[-82.2557,41.4341],[-82.2237,41.4477],[-82.1911,41.4659],[-82.1875,41.4728],[-82.1839,41.4713],[-82.186,41.4739],[-82.1743,41.4729],[-82.1811,41.4766],[-82.165,41.4745],[-82.0579,41.5038],[-82.0553,41.5084],[-82.0475,41.5066],[-82.0126,41.5157],[-81.9683,41.5052],[-81.9706,41.8778],[-82.3481,41.7001],[-82.3482,41.4319],[-82.3403,41.2113],[-82.4417,41.2127],[-82.4425,41.2839],[-82.5794,41.2863],[-82.7422,41.2879],[-82.7391,41.215],[-82.8385,41.217]]]},"properties":{"geoid":"39054","state":"39","district":"54","name":"State House District 54","chamber":"House"}},{"type":"Feature","geometry":{"type":"Polygon","coordinates":[[[-84.3652,39.5895],[-84.3643,39.5438],[-84.3317,39.5492],[-84.3379,39.4824],[-84.3255,39.4803],[-84.3231,39.4876],[-84.3082,39.4866],[-84.3053,39.4792],[-84.2992,39.4788],[-84.2986,39.4861],[-84.2401,39.4856],[-84.1142,39.4768],[-84.0978,39.4561],[-84.1031,39.4452],[-84.1025,39.4317],[-84.1114,39.423],[-84.1039,39.4191],[-84.098,39.4029],[-84.1016,39.3978],[-84.1529,39.4008],[-84.1571,39.3646],[-84.2012,39.3672],[-84.2067,39.3634],[-84.2048,39.3599],[-84.1987,39.3621],[-84.2038,39.3474],[-84.2048,39.3549],[-84.2218,39.352],[-84.2151,39.355],[-84.2191,39.3567],[-84.2154,39.36],[-84.2228,39.3597],[-84.2203,39.3667],[-84.2249,39.3671],[-84.2363,39.3647],[-84.2358,39.3558],[-84.2415,39.3515],[-84.2346,39.3528],[-84.2376,39.3508],[-84.2323,39.3495],[-84.2318,39.3409],[-84.2377,39.3411],[-84.2358,39.3466],[-84.2413,39.351],[-84.2529,39.3491],[-84.2562,39.3392],[-84.2517,39.3184],[-84.2586,39.3094],[-84.2564,39.2968],[-84.2653,39.2826],[-84.2564,39.277],[-84.2594,39.2709],[-84.0075,39.2551],[-83.977,39.5694],[-84.2862,39.5896],[-84.3652,39.5895]]]},"properties":{"geoid":"39055","state":"39","district":"55","name":"State House District 55","chamber":"House"}},{"type":"Feature","geometry":{"type":"Polygon","coordinates":[[[-84.3532,39.2923],[-84.2627,39.2884],[-84.2564,39.2968],[-84.2586,39.3094],[-84.2517,39.3184],[-84.2562,39.3392],[-84.2532,39.3486],[-84.2413,39.351],[-84.2358,39.3466],[-84.2377,39.3411],[-84.2318,39.3409],[-84.2323,39.3495],[-84.2376,39.3508],[-84.2346,39.3528],[-84.2415,39.3515],[-84.2358,39.3558],[-84.2359,39.365],[-84.2203,39.3667],[-84.2228,39.3597],[-84.2164,39.3625],[-84.219,39.3555],[-84.2151,39.355],[-84.222,39.3522],[-84.2044,39.3548],[-84.2038,39.3474],[-84.1987,39.3621],[-84.2048,39.3599],[-84.2067,39.3634],[-84.2012,39.3672],[-84.1571,39.3646],[-84.1529,39.4008],[-84.1016,39.3978],[-84.098,39.4029],[-84.1039,39.4191],[-84.1114,39.423],[-84.1018,39.4337],[-84.1031,39.4452],[-84.0977,39.4558],[-84.1009,39.4625],[-84.1142,39.4768],[-84.2401,39.4856],[-84.2986,39.4861],[-84.2992,39.4788],[-84.3053,39.4792],[-84.3082,39.4866],[-84.3231,39.4876],[-84.3255,39.4803],[-84.3371,39.4838],[-84.3532,39.2923]]]},"properties":{"geoid":"39056","state":"39","district":"56","name":"State House District 56","chamber":"House"}},{"type":"Feature","geometry":{"type":"Polygon","coordinates":[[[-81.4153,41.6064],[-81.4121,41.6034],[-81.4073,41.6077],[-81.402,41.6003],[-81.3916,41.5971],[-81.391,41.5697],[-81.2959,41.5699],[-81.2947,41.6409],[-81.1014,41.6415],[-81.1023,41.7143],[-81.0029,41.7149],[-81.0021,41.8549],[-81.0098,41.8652],[-81.0098,42.2516],[-81.2498,42.2164],[-81.2914,42.1959],[-81.2908,41.7575],[-81.3496,41.7283],[-81.3485,41.7176],[-81.3541,41.7162],[-81.3556,41.7051],[-81.3888,41.7044],[-81.3899,41.6743],[-81.39,41.6695],[-81.3784,41.6694],[-81.3786,41.6647],[-81.3566,41.6818],[-81.3568,41.6867],[-81.3687,41.6902],[-81.3594,41.6926],[-81.3594,41.6963],[-81.3511,41.6903],[-81.3509,41.705],[-81.3391,41.6998],[-81.3422,41.7145],[-81.3247,41.7137],[-81.3239,41.7182],[-81.3113,41.7214],[-81.308,41.7134],[-81.3216,41.697],[-81.3393,41.6866],[-81.3397,41.6779],[-81.3272,41.6804],[-81.3274,41.6723],[-81.3034,41.6795],[-81.3019,41.6707],[-81.3204,41.6548],[-81.3341,41.6549],[-81.334,41.6485],[-81.3459,41.6449],[-81.3472,41.6405],[-81.3721,41.6404],[-81.3663,41.6326],[-81.3785,41.6257],[-81.3858,41.6237],[-81.3932,41.6303],[-81.4074,41.6215],[-81.4054,41.6151],[-81.4153,41.6064]]]},"properties":{"geoid":"39057","state":"39","district":"57","name":"State House District 57","chamber":"House"}},{"type":"Feature","geometry":{"type":"Polygon","coordinates":[[[-81.0025,41.1342],[-81.0024,41.0621],[-80.6618,41.0609],[-80.6628,41.0534],[-80.6484,41.0532],[-80.6474,41.0608],[-80.6284,41.0607],[-80.6288,41.05],[-80.6158,41.05],[-80.6159,41.0606],[-80.6009,41.0642],[-80.6083,41.0713],[-80.6079,41.0772],[-80.6155,41.0759],[-80.6128,41.091],[-80.5773,41.0904],[-80.5772,41.0837],[-80.5679,41.0836],[-80.5679,41.0754],[-80.5595,41.0757],[-80.5595,41.071],[-80.5771,41.0696],[-80.572,41.0611],[-80.5777,41.0561],[-80.5617,41.0492],[-80.5629,41.0438],[-80.5792,41.0446],[-80.579,41.0385],[-80.5853,41.0353],[-80.5997,41.0384],[-80.6019,41.0308],[-80.6035,41.0438],[-80.6157,41.0438],[-80.6156,41.0359],[-80.6221,41.0358],[-80.6187,41.0242],[-80.6247,41.0242],[-80.6311,41.0143],[-80.6266,41.0145],[-80.6189,41.0039],[-80.6157,41.014],[-80.6156,40.9879],[-80.519,40.9874],[-80.519,41.1332],[-81.0025,41.1342]]]},"properties":{"geoid":"39058","state":"39","district":"58","name":"State House District 58","chamber":"House"}},{"type":"Feature","geometry":{"type":"Polygon","coordinates":[[[-81.087,40.8149],[-80.8583,40.8133],[-80.8572,40.8711],[-80.8968,40.8715],[-80.8958,40.9302],[-80.8216,40.9298],[-80.8219,40.9009],[-80.5191,40.9003],[-80.519,40.9874],[-80.6156,40.9879],[-80.6157,41.014],[-80.6189,41.0039],[-80.6266,41.0145],[-80.6311,41.0143],[-80.6247,41.0242],[-80.6187,41.0242],[-80.6221,41.0358],[-80.6156,41.0359],[-80.6157,41.0438],[-80.6035,41.0438],[-80.6019,41.0308],[-80.5997,41.0384],[-80.5853,41.0353],[-80.579,41.0385],[-80.5792,41.0446],[-80.5629,41.0438],[-80.5617,41.0492],[-80.5777,41.0561],[-80.572,41.0611],[-80.5771,41.0696],[-80.5595,41.071],[-80.5595,41.0757],[-80.5679,41.0754],[-80.5679,41.0836],[-80.5772,41.0837],[-80.5773,41.0904],[-80.6128,41.091],[-80.6155,41.0759],[-80.6079,41.0772],[-80.6083,41.0713],[-80.6009,41.0642],[-80.6159,41.0606],[-80.6158,41.05],[-80.6288,41.05],[-80.6284,41.0607],[-80.6474,41.0608],[-80.6484,41.0532],[-80.6628,41.0534],[-80.6618,41.0609],[-81.0024,41.0621],[-81.002,40.9878],[-81.0863,40.988],[-81.087,40.8149]]]},"properties":{"geoid":"39059","state":"39","district":"59","name":"State House District 59","chamber":"House"}},{"type":"Feature","geometry":{"type":"Polygon","coordinates":[[[-83.2496,40.3466],[-83.2484,40.2445],[-83.1723,40.2443],[-83.1696,40.1428],[-82.8841,40.1312],[-82.8866,40.1388],[-82.8828,40.1431],[-82.8892,40.1452],[-82.9235,40.147],[-82.9212,40.1511],[-82.9463,40.1499],[-82.9356,40.285],[-83.0162,40.2882],[-83.0152,40.2747],[-83.0318,40.2843],[-83.0339,40.2536],[-83.0258,40.2533],[-83.0185,40.2463],[-83.0133,40.2483],[-83.0126,40.2338],[-83.0174,40.234],[-83.018,40.227],[-83.0374,40.2278],[-83.0355,40.233],[-83.0513,40.2382],[-83.0607,40.2527],[-83.1129,40.2545],[-83.1125,40.262],[-83.1164,40.2622],[-83.1131,40.2678],[-83.1292,40.2702],[-83.1262,40.3064],[-83.1718,40.3117],[-83.1684,40.3194],[-83.1809,40.3454],[-83.2496,40.3498],[-83.2496,40.3466]]]},"properties":{"geoid":"39060","state":"39","district":"60","name":"State House District 60","chamber":"House"}},{"type":"Feature","geometry":{"type":"Polygon","coordinates":[[[-83.2496,40.3658],[-83.2496,40.3498],[-83.1809,40.3454],[-83.1684,40.3194],[-83.1718,40.3117],[-83.1262,40.3064],[-83.1292,40.2702],[-83.1131,40.2678],[-83.1164,40.2622],[-83.1125,40.262],[-83.1129,40.2545],[-83.0607,40.2527],[-83.0513,40.2382],[-83.0355,40.233],[-83.0374,40.2278],[-83.018,40.227],[-83.0174,40.234],[-83.0126,40.2338],[-83.0133,40.2483],[-83.0185,40.2463],[-83.0258,40.2533],[-83.0339,40.2536],[-83.0318,40.2843],[-83.0152,40.2747],[-83.0162,40.2882],[-82.9356,40.285],[-82.9463,40.1499],[-82.9212,40.1511],[-82.9235,40.147],[-82.8892,40.1452],[-82.8828,40.1431],[-82.8866,40.1388],[-82.8841,40.1312],[-82.7618,40.1259],[-82.7507,40.277],[-82.4761,40.2647],[-82.4693,40.3674],[-82.4731,40.37],[-82.4726,40.3623],[-82.4802,40.3665],[-82.4769,40.36],[-82.4799,40.3563],[-82.4714,40.3479],[-82.4804,40.3483],[-82.4808,40.3429],[-82.4966,40.3382],[-82.496,40.3469],[-82.4893,40.3467],[-82.4956,40.3526],[-82.4951,40.3568],[-82.4887,40.357],[-82.4913,40.3651],[-82.4879,40.3707],[-82.5014,40.3767],[-82.513,40.3762],[-82.5127,40.3806],[-82.5082,40.3765],[-82.4961,40.3793],[-82.4874,40.3754],[-82.4877,40.3879],[-82.4945,40.3809],[-82.5051,40.3854],[-82.5039,40.3945],[-82.5189,40.395],[-82.5075,40.3945],[-82.5106,40.3987],[-82.5023,40.3982],[-82.4996,40.4049],[-82.4931,40.4062],[-82.4919,40.4091],[-82.4985,40.4087],[-82.4922,40.4101],[-82.4979,40.4121],[-82.4937,40.4186],[-82.4832,40.4192],[-82.4889,40.4135],[-82.4743,40.4113],[-82.4747,40.406],[-82.4664,40.4071],[-82.4567,40.5426],[-82.4516,40.5431],[-82.4516,40.5508],[-82.6428,40.55],[-82.6428,40.5221],[-82.6332,40.5231],[-82.6465,40.3451],[-82.9296,40.3581],[-82.9248,40.415],[-83.0221,40.4189],[-83.0208,40.4338],[-83.2486,40.444],[-83.2496,40.3658]]]},"properties":{"geoid":"39061","state":"39","district":"61","name":"State House District 61","chamber":"House"}},{"type":"Feature","geometry":{"type":"Polygon","coordinates":[[[-84.32,39.2231],[-84.3103,39.2091],[-84.2855,39.2135],[-84.2762,39.2017],[-84.2887,39.1817],[-84.2994,39.1742],[-84.2951,39.1672],[-84.3017,39.1594],[-84.3152,39.0573],[-84.2558,39.0539],[-84.2471,39.0481],[-84.2103,39.1206],[-84.2009,39.1099],[-84.1813,39.105],[-84.1558,39.1083],[-84.1479,39.1135],[-84.1477,39.1064],[-84.1025,39.1017],[-84.1047,39.1089],[-84.0898,39.1558],[-84.1042,39.1734],[-84.1342,39.192],[-84.0947,39.222],[-84.0737,39.2592],[-84.2594,39.2709],[-84.2616,39.2645],[-84.2936,39.2486],[-84.2994,39.2352],[-84.3072,39.2344],[-84.32,39.2231]]]},"properties":{"geoid":"39062","state":"39","district":"62","name":"State House District 62","chamber":"House"}},{"type":"Feature","geometry":{"type":"Polygon","coordinates":[[[-84.3199,39.023],[-84.3008,38.9979],[-84.2958,38.9692],[-84.2888,38.9556],[-84.2343,38.8933],[-84.2302,38.8266],[-84.2215,38.8131],[-84.2059,38.8027],[-84.1486,38.7932],[-84.0708,38.7704],[-84.0438,38.7707],[-83.9781,38.7874],[-83.9624,38.7875],[-83.9159,38.7698],[-83.9166,38.7821],[-83.9008,38.7885],[-83.8915,38.7986],[-83.8809,38.8003],[-83.8726,38.8089],[-83.8592,38.8078],[-83.8496,38.8207],[-83.8525,38.8266],[-83.8406,38.8329],[-83.8426,38.877],[-83.8842,38.8948],[-83.8763,38.9351],[-83.8801,38.9363],[-83.8626,38.9721],[-83.8715,38.993],[-83.8841,38.9971],[-83.8682,39.0105],[-83.873,39.0198],[-83.8657,39.2473],[-84.0737,39.2592],[-84.0947,39.222],[-84.1342,39.192],[-84.1042,39.1734],[-84.0898,39.1558],[-84.1047,39.1089],[-84.1025,39.1017],[-84.1477,39.1064],[-84.1479,39.1135],[-84.1558,39.1083],[-84.1813,39.105],[-84.2009,39.1099],[-84.2103,39.1206],[-84.2471,39.0481],[-84.2558,39.0539],[-84.3152,39.0573],[-84.3199,39.023]]]},"properties":{"geoid":"39063","state":"39","district":"63","name":"State House District 63","chamber":"House"}},{"type":"Feature","geometry":{"type":"Polygon","coordinates":[[[-81.0032,41.3176],[-81.0025,41.1342],[-80.7111,41.1339],[-80.7111,41.1683],[-80.7196,41.1742],[-80.7113,41.1807],[-80.7117,41.2721],[-80.8111,41.2722],[-80.8109,41.4252],[-81.0031,41.4259],[-81.0032,41.3176]]]},"properties":{"geoid":"39064","state":"39","district":"64","name":"State House District 64","chamber":"House"}},{"type":"Feature","geometry":{"type":"Polygon","coordinates":[[[-81.0034,41.4539],[-81.0031,41.4259],[-80.8109,41.4252],[-80.8111,41.2722],[-80.7117,41.2721],[-80.7113,41.1807],[-80.7196,41.1742],[-80.7111,41.1683],[-80.7111,41.1339],[-80.519,41.1332],[-80.5193,41.8921],[-80.6261,41.8929],[-80.6265,41.9177],[-80.6597,41.915],[-80.6665,41.9113],[-80.6666,41.9031],[-80.6805,41.9038],[-80.6804,41.8978],[-80.6906,41.8938],[-80.693,41.9005],[-80.7024,41.8973],[-80.6974,41.892],[-80.7054,41.892],[-80.7055,41.886],[-80.713,41.8892],[-80.7131,41.7889],[-80.9286,41.7892],[-80.9279,41.7944],[-80.9369,41.797],[-80.9244,41.7998],[-80.9243,41.8063],[-80.9315,41.8063],[-80.9317,41.818],[-80.966,41.8145],[-80.967,41.7994],[-80.9636,41.7998],[-80.9625,41.785],[-80.9584,41.785],[-80.9587,41.7595],[-80.9438,41.7571],[-80.9523,41.7416],[-80.9525,41.715],[-80.9038,41.7147],[-80.9047,41.6423],[-81.0028,41.642],[-81.0034,41.4539]]]},"properties":{"geoid":"39065","state":"39","district":"65","name":"State House District 65","chamber":"House"}},{"type":"Feature","geometry":{"type":"Polygon","coordinates":[[[-82.0786,40.9937],[-81.6885,40.9886],[-81.685,41.2771],[-81.7851,41.2764],[-81.7849,41.2015],[-81.8783,41.2003],[-81.8783,41.1545],[-81.8917,41.1533],[-81.9059,41.1615],[-81.9001,41.1518],[-81.9052,41.1489],[-81.9086,41.1548],[-81.9098,41.1415],[-81.9167,41.1411],[-81.9167,41.136],[-81.9753,41.1359],[-81.9759,41.0627],[-82.0766,41.0628],[-82.0786,40.9937]]]},"properties":{"geoid":"39066","state":"39","district":"66","name":"State House District 66","chamber":"House"}},{"type":"Feature","geometry":{"type":"Polygon","coordinates":[[[-82.4369,41.0654],[-82.4329,40.9929],[-82.4179,40.9929],[-82.4155,40.8284],[-82.4208,40.8234],[-82.4168,40.8146],[-82.408,40.8146],[-82.4078,40.8082],[-82.3886,40.8082],[-82.3898,40.7961],[-82.3787,40.7868],[-82.3784,40.7271],[-82.3392,40.7267],[-82.337,40.555],[-82.2203,40.5682],[-82.2211,40.6674],[-82.1262,40.6684],[-82.125,40.8863],[-82.1293,40.9918],[-82.0786,40.9912],[-82.0766,41.0628],[-81.9759,41.0627],[-81.9753,41.1359],[-81.9167,41.136],[-81.9167,41.1411],[-81.9098,41.1415],[-81.9086,41.1548],[-81.9052,41.1489],[-81.9001,41.1518],[-81.9059,41.1615],[-81.8917,41.1533],[-81.8783,41.1545],[-81.8783,41.2003],[-81.7849,41.2015],[-81.7851,41.2764],[-81.9725,41.2748],[-81.9739,41.1998],[-82.0725,41.1998],[-82.0743,41.1365],[-82.1699,41.1371],[-82.1715,41.0635],[-82.4369,41.0654]]]},"properties":{"geoid":"39067","state":"39","district":"67","name":"State House District 67","chamber":"House"}},{"type":"Feature","geometry":{"type":"Polygon","coordinates":[[[-82.7825,39.94],[-82.5056,39.9267],[-82.5027,39.9338],[-82.4923,39.9333],[-82.4916,39.9439],[-82.4615,39.9464],[-82.4601,39.9625],[-82.4698,39.963],[-82.469,39.9678],[-82.4739,39.9704],[-82.4675,39.9739],[-82.4765,39.9874],[-82.4594,40.0054],[-82.476,39.99],[-82.4831,39.9905],[-82.4821,39.9998],[-82.5013,40.0006],[-82.4958,40.015],[-82.4815,40.0079],[-82.4802,40.0263],[-82.4862,40.0297],[-82.4798,40.0307],[-82.4794,40.036],[-82.4428,40.0433],[-82.4335,40.0405],[-82.4315,40.0441],[-82.3927,40.0406],[-82.3924,40.0459],[-82.38,40.056],[-82.3522,40.0536],[-82.3515,40.0612],[-82.338,40.0636],[-82.3554,40.0656],[-82.3592,40.0714],[-82.3683,40.0671],[-82.3782,40.0722],[-82.3753,40.103],[-82.3969,40.1044],[-82.3963,40.1113],[-82.3911,40.111],[-82.3924,40.1248],[-82.4071,40.1234],[-82.4073,40.1194],[-82.4176,40.1239],[-82.426,40.1154],[-82.45,40.1123],[-82.4505,40.1071],[-82.4742,40.108],[-82.4737,40.1125],[-82.7618,40.1259],[-82.7738,39.9761],[-82.7795,39.9763],[-82.7825,39.94]]]},"properties":{"geoid":"39068","state":"39","district":"68","name":"State House District 68","chamber":"House"}},{"type":"Feature","geometry":{"type":"Polygon","coordinates":[[[-82.8429,39.5616],[-82.7315,39.5544],[-82.7303,39.5691],[-82.6201,39.564],[-82.6175,39.6086],[-82.4961,39.6028],[-82.4903,39.6617],[-82.2567,39.6483],[-82.2488,39.7359],[-82.0802,39.7277],[-82.0729,39.8162],[-82.17,39.8207],[-82.1624,39.9094],[-82.234,39.9133],[-82.2317,39.9511],[-82.1987,39.9502],[-82.1828,40.2386],[-82.4773,40.2458],[-82.4761,40.2647],[-82.7507,40.277],[-82.7618,40.1259],[-82.4737,40.1125],[-82.4742,40.108],[-82.4505,40.1071],[-82.45,40.1123],[-82.426,40.1154],[-82.4176,40.1239],[-82.4073,40.1194],[-82.4071,40.1234],[-82.3924,40.1248],[-82.3911,40.111],[-82.3963,40.1113],[-82.3969,40.1044],[-82.3753,40.103],[-82.3782,40.0722],[-82.3683,40.0671],[-82.3592,40.0714],[-82.3554,40.0656],[-82.3381,40.0628],[-82.3515,40.0612],[-82.3522,40.0536],[-82.38,40.056],[-82.3924,40.0459],[-82.3927,40.0406],[-82.4315,40.0441],[-82.4335,40.0405],[-82.4428,40.0433],[-82.4794,40.036],[-82.4798,40.0307],[-82.4862,40.0297],[-82.4802,40.0263],[-82.4815,40.0079],[-82.4958,40.015],[-82.4965,40.0055],[-82.501,40.0057],[-82.5013,40.0006],[-82.4821,39.9998],[-82.4831,39.9905],[-82.476,39.99],[-82.4594,40.0054],[-82.4765,39.9874],[-82.4675,39.9739],[-82.4739,39.9704],[-82.469,39.9678],[-82.4698,39.963],[-82.4601,39.9625],[-82.4615,39.9464],[-82.4916,39.9439],[-82.4923,39.9333],[-82.5027,39.9338],[-82.5055,39.9293],[-82.4734,39.9251],[-82.4628,39.9304],[-82.4847,39.7188],[-82.5239,39.7209],[-82.5244,39.7152],[-82.5349,39.7155],[-82.5356,39.7066],[-82.5776,39.7046],[-82.5768,39.6989],[-82.582,39.6947],[-82.5891,39.6996],[-82.5973,39.696],[-82.5941,39.6874],[-82.61,39.6892],[-82.6047,39.6957],[-82.6089,39.7005],[-82.6223,39.6988],[-82.6218,39.7073],[-82.6382,39.7046],[-82.634,39.7104],[-82.6413,39.7217],[-82.6552,39.7202],[-82.6545,39.7265],[-82.6645,39.727],[-82.6651,39.7195],[-82.6717,39.7178],[-82.6754,39.7229],[-82.676,39.7182],[-82.6834,39.7248],[-82.6879,39.7173],[-82.6934,39.7206],[-82.6927,39.7285],[-82.7146,39.7296],[-82.7084,39.7985],[-82.7144,39.8008],[-82.7141,39.8047],[-82.7099,39.8019],[-82.7171,39.8092],[-82.7075,39.8088],[-82.7068,39.8178],[-82.8215,39.8243],[-82.8429,39.5616]]]},"properties":{"geoid":"39069","state":"39","district":"69","name":"State House District 69","chamber":"House"}},{"type":"Feature","geometry":{"type":"Polygon","coordinates":[[[-84.1142,39.5783],[-83.9225,39.5662],[-83.9184,39.5794],[-83.9265,39.5797],[-83.9195,39.6002],[-83.9256,39.6011],[-83.9178,39.6281],[-83.9651,39.6381],[-83.9875,39.6574],[-83.983,39.6601],[-83.9933,39.6602],[-83.9922,39.6674],[-83.9868,39.6694],[-83.9913,39.6781],[-83.9866,39.679],[-83.9835,39.6731],[-83.9776,39.6754],[-83.9746,39.7104],[-83.962,39.7273],[-83.9495,39.7296],[-83.9492,39.7416],[-83.9587,39.7422],[-83.9586,39.7568],[-83.9672,39.7574],[-83.9666,39.7717],[-83.9473,39.7708],[-83.94,39.8438],[-84.0537,39.8507],[-84.0551,39.8362],[-84.0929,39.8383],[-84.1142,39.5783]]]},"properties":{"geoid":"39070","state":"39","district":"70","name":"State House District 70","chamber":"House"}},{"type":"Feature","geometry":{"type":"Polygon","coordinates":[[[-84.0373,39.8495],[-83.94,39.8438],[-83.9473,39.7708],[-83.9666,39.7717],[-83.9672,39.7574],[-83.9586,39.7568],[-83.9587,39.7422],[-83.9492,39.7416],[-83.9495,39.7296],[-83.962,39.7273],[-83.9746,39.7104],[-83.9776,39.6754],[-83.9835,39.6731],[-83.9866,39.679],[-83.9913,39.6781],[-83.9868,39.6694],[-83.9922,39.6674],[-83.9933,39.6602],[-83.983,39.6601],[-83.9875,39.6574],[-83.9651,39.6381],[-83.9178,39.6281],[-83.9256,39.6011],[-83.9195,39.6002],[-83.9265,39.5797],[-83.9184,39.5794],[-83.9225,39.5662],[-83.977,39.5694],[-84.0075,39.2551],[-83.8344,39.2457],[-83.8359,39.2233],[-83.8094,39.2242],[-83.7848,39.2629],[-83.5909,39.3787],[-83.5763,39.5445],[-83.6702,39.5503],[-83.6681,39.5728],[-83.6472,39.773],[-83.5899,39.7688],[-83.5375,39.9345],[-83.7007,39.9477],[-83.7116,39.8589],[-83.8621,39.8689],[-83.8569,39.9154],[-83.8658,39.9166],[-83.8695,39.9223],[-83.8858,39.9094],[-83.9093,39.9057],[-83.937,39.8911],[-83.9773,39.8848],[-83.9911,39.8738],[-84.0115,39.8756],[-84.0143,39.8666],[-84.0209,39.8662],[-84.0373,39.8495]]]},"properties":{"geoid":"39071","state":"39","district":"71","name":"State House District 71","chamber":"House"}},{"type":"Feature","geometry":{"type":"Polygon","coordinates":[[[-81.3933,40.9999],[-81.3932,40.9885],[-81.002,40.9878],[-81.0032,41.3479],[-81.1914,41.3476],[-81.1921,41.2739],[-81.2096,41.2741],[-81.2096,41.2898],[-81.2233,41.29],[-81.235,41.2897],[-81.235,41.2799],[-81.2437,41.2855],[-81.2349,41.2794],[-81.2348,41.2743],[-81.2987,41.2753],[-81.2994,41.2024],[-81.3458,41.2062],[-81.3922,41.2029],[-81.3933,40.9999]]]},"properties":{"geoid":"39072","state":"39","district":"72","name":"State House District 72","chamber":"House"}},{"type":"Feature","geometry":{"type":"Polygon","coordinates":[[[-82.8131,39.9117],[-82.7944,39.9108],[-82.8024,39.824],[-82.7068,39.8178],[-82.7075,39.8088],[-82.7171,39.8092],[-82.7099,39.8019],[-82.7141,39.8047],[-82.7144,39.8008],[-82.7084,39.7985],[-82.7146,39.7296],[-82.6927,39.7285],[-82.6934,39.7206],[-82.6879,39.7173],[-82.6834,39.7248],[-82.676,39.7182],[-82.6754,39.7229],[-82.6717,39.7178],[-82.6651,39.7195],[-82.6645,39.727],[-82.6545,39.7265],[-82.6552,39.7202],[-82.6413,39.7217],[-82.634,39.7104],[-82.6382,39.7046],[-82.6218,39.7073],[-82.6223,39.6988],[-82.6089,39.7005],[-82.6047,39.6957],[-82.61,39.6892],[-82.5997,39.6876],[-82.5941,39.6874],[-82.5954,39.6976],[-82.5778,39.6969],[-82.5776,39.7046],[-82.5356,39.7066],[-82.5349,39.7155],[-82.5244,39.7152],[-82.5239,39.7209],[-82.4847,39.7188],[-82.4628,39.9304],[-82.4734,39.9251],[-82.8108,39.9412],[-82.8131,39.9117]]]},"properties":{"geoid":"39073","state":"39","district":"73","name":"State House District 73","chamber":"House"}},{"type":"Feature","geometry":{"type":"Polygon","coordinates":[[[-84.0537,39.8513],[-84.0353,39.8498],[-84.0211,39.8661],[-84.0143,39.8666],[-84.0115,39.8756],[-83.9911,39.8738],[-83.9773,39.8848],[-83.937,39.8911],[-83.9093,39.9057],[-83.8858,39.9094],[-83.8695,39.9223],[-83.8658,39.9166],[-83.8569,39.9154],[-83.8621,39.8689],[-83.7116,39.8589],[-83.7007,39.9477],[-83.5375,39.9345],[-83.5126,40.01],[-84.0361,40.0402],[-84.0537,39.8513]]]},"properties":{"geoid":"39074","state":"39","district":"74","name":"State House District 74","chamber":"House"}},{"type":"Feature","geometry":{"type":"Polygon","coordinates":[[[-83.8837,41.345],[-83.8811,41.1678],[-83.4211,41.1668],[-83.4157,41.6019],[-83.4636,41.6015],[-83.4645,41.595],[-83.4687,41.595],[-83.4687,41.6014],[-83.4997,41.6015],[-83.4998,41.5924],[-83.509,41.6013],[-83.528,41.601],[-83.5277,41.5637],[-83.5378,41.5637],[-83.5381,41.5528],[-83.538,41.5483],[-83.5286,41.5448],[-83.5286,41.519],[-83.599,41.5482],[-83.5901,41.5617],[-83.5974,41.5677],[-83.6019,41.565],[-83.6045,41.5718],[-83.6149,41.5619],[-83.615,41.5665],[-83.6244,41.5682],[-83.6346,41.5594],[-83.6441,41.5604],[-83.6564,41.5538],[-83.6556,41.5497],[-83.6594,41.5532],[-83.6701,41.5407],[-83.675,41.5408],[-83.6751,41.5337],[-83.6843,41.5346],[-83.6836,41.5401],[-83.6918,41.5394],[-83.699,41.5339],[-83.6992,41.5217],[-83.7096,41.5219],[-83.7124,41.4929],[-83.7364,41.482],[-83.7472,41.4662],[-83.777,41.4629],[-83.7817,41.4493],[-83.8157,41.4329],[-83.8456,41.425],[-83.8543,41.4145],[-83.8832,41.4145],[-83.8837,41.345]]]},"properties":{"geoid":"39075","state":"39","district":"75","name":"State House District 75","chamber":"House"}},{"type":"Feature","geometry":{"type":"Polygon","coordinates":[[[-82.7271,40.7149],[-82.7272,40.7112],[-82.6272,40.7094],[-82.6262,40.6661],[-82.645,40.6664],[-82.645,40.6602],[-82.6441,40.6372],[-82.6248,40.6373],[-82.6236,40.5499],[-82.3749,40.5509],[-82.337,40.555],[-82.3392,40.7267],[-82.3784,40.7271],[-82.3787,40.7868],[-82.3898,40.7961],[-82.3886,40.8082],[-82.4078,40.8082],[-82.408,40.8146],[-82.4168,40.8146],[-82.4208,40.8234],[-82.4155,40.8284],[-82.4179,40.9929],[-82.7248,40.9956],[-82.7271,40.7149]]]},"properties":{"geoid":"39076","state":"39","district":"76","name":"State House District 76","chamber":"House"}},{"type":"Feature","geometry":{"type":"Polygon","coordinates":[[[-82.1293,40.9918],[-82.125,40.8863],[-82.1262,40.6684],[-81.6489,40.6678],[-81.6477,40.9886],[-82.1293,40.9918]]]},"properties":{"geoid":"39077","state":"39","district":"77","name":"State House District 77","chamber":"House"}},{"type":"Feature","geometry":{"type":"Polygon","coordinates":[[[-84.4562,40.6773],[-84.456,40.6262],[-84.3394,40.6266],[-84.3392,40.5537],[-84.2216,40.5549],[-84.2311,40.555],[-84.2263,40.5561],[-84.2264,40.5628],[-84.2216,40.5616],[-84.2227,40.5841],[-84.2076,40.5842],[-84.2077,40.5915],[-84.1958,40.5963],[-84.1934,40.5922],[-84.2029,40.5896],[-84.2028,40.5857],[-84.1834,40.5845],[-84.179,40.5882],[-84.179,40.5845],[-84.1719,40.5846],[-84.1758,40.58],[-84.1741,40.57],[-84.1645,40.5555],[-83.9938,40.557],[-83.9939,40.5352],[-83.88,40.5387],[-83.8804,40.9204],[-83.9952,40.9198],[-83.9952,40.9051],[-84.1095,40.9047],[-84.1096,40.861],[-84.3405,40.8591],[-84.3401,40.8161],[-84.3974,40.8159],[-84.3968,40.6849],[-84.4562,40.6849],[-84.4562,40.6773]]]},"properties":{"geoid":"39078","state":"39","district":"78","name":"State House District 78","chamber":"House"}},{"type":"Feature","geometry":{"type":"Polygon","coordinates":[[[-81.3213,40.5728],[-81.3217,40.5666],[-81.2647,40.565],[-81.27,40.4335],[-80.9419,40.4247],[-80.9402,40.4683],[-80.9246,40.468],[-80.9209,40.5563],[-80.8636,40.5554],[-80.862,40.5994],[-80.7471,40.597],[-80.7473,40.5833],[-80.668,40.5825],[-80.6635,40.5908],[-80.6272,40.6199],[-80.5988,40.6253],[-80.5767,40.6142],[-80.5511,40.6288],[-80.519,40.6388],[-80.5191,40.9003],[-80.8219,40.9009],[-80.8216,40.9298],[-80.8958,40.9302],[-80.8968,40.8715],[-80.8572,40.8711],[-80.8583,40.8133],[-81.0868,40.8139],[-81.0873,40.7278],[-81.1987,40.7291],[-81.1991,40.7222],[-81.2372,40.7235],[-81.2412,40.6505],[-81.3177,40.6519],[-81.3213,40.5728]]]},"properties":{"geoid":"39079","state":"39","district":"79","name":"State House District 79","chamber":"House"}},{"type":"Feature","geometry":{"type":"Polygon","coordinates":[[[-84.8124,39.9226],[-84.8124,39.9169],[-84.6245,39.9165],[-84.1577,39.923],[-84.1672,39.9114],[-84.1572,39.886],[-84.051,39.8798],[-84.0229,40.1839],[-84.2189,40.1955],[-84.2187,40.2],[-84.4326,40.197],[-84.4363,40.1808],[-84.4323,40.1808],[-84.4299,40.0944],[-84.5658,40.0922],[-84.5651,40.0634],[-84.6278,40.0628],[-84.7063,40.063],[-84.7071,40.0918],[-84.8089,40.0926],[-84.8124,39.9226]]]},"properties":{"geoid":"39080","state":"39","district":"80","name":"State House District 80","chamber":"House"}},{"type":"Feature","geometry":{"type":"Polygon","coordinates":[[[-84.8062,41.6746],[-84.8026,41.339],[-84.2274,41.3405],[-84.2282,41.1659],[-83.8811,41.1678],[-83.8824,41.6175],[-83.8774,41.6175],[-83.8804,41.7202],[-84.806,41.6961],[-84.8062,41.6746]]]},"properties":{"geoid":"39081","state":"39","district":"81","name":"State House District 81","chamber":"House"}},{"type":"Feature","geometry":{"type":"Polygon","coordinates":[[[-84.804,41.339],[-84.8023,40.7281],[-84.4562,40.7283],[-84.4562,40.6849],[-84.3968,40.6849],[-84.3974,40.8159],[-84.3401,40.8161],[-84.3405,40.8591],[-84.1096,40.861],[-84.1095,40.9047],[-83.9952,40.9051],[-83.9952,40.9198],[-83.8804,40.9204],[-83.8811,41.1678],[-84.2282,41.1659],[-84.2274,41.3405],[-84.804,41.339]]]},"properties":{"geoid":"39082","state":"39","district":"82","name":"State House District 82","chamber":"House"}},{"type":"Feature","geometry":{"type":"Polygon","coordinates":[[[-84.0048,40.3904],[-84.0044,40.3687],[-83.9321,40.3695],[-83.9343,40.3645],[-83.8695,40.3606],[-83.8652,40.4048],[-83.7676,40.414],[-83.7663,40.4172],[-83.7284,40.4203],[-83.73,40.4045],[-83.5591,40.3981],[-83.5414,40.3928],[-83.5328,40.3968],[-83.5202,40.5041],[-83.4187,40.5052],[-83.4156,40.5154],[-83.4198,40.6868],[-83.4403,40.6876],[-83.4402,40.7022],[-83.4958,40.7015],[-83.4963,40.8179],[-83.5159,40.8181],[-83.5147,40.9051],[-83.4767,40.905],[-83.4768,40.9484],[-83.4577,40.9485],[-83.4578,40.9917],[-83.4203,40.9919],[-83.4211,41.1668],[-83.8811,41.1678],[-83.88,40.5387],[-83.9939,40.5352],[-83.9938,40.483],[-84.0024,40.4831],[-84.0048,40.3904]]]},"properties":{"geoid":"39083","state":"39","district":"83","name":"State House District 83","chamber":"House"}},{"type":"Feature","geometry":{"type":"Polygon","coordinates":[[[-84.8089,40.0971],[-84.8089,40.0926],[-84.7071,40.0918],[-84.7063,40.063],[-84.5651,40.0634],[-84.5658,40.0922],[-84.4299,40.0944],[-84.4323,40.1808],[-84.4363,40.1808],[-84.4326,40.197],[-84.434,40.3782],[-84.3387,40.3788],[-84.3391,40.4811],[-83.9938,40.483],[-83.9938,40.557],[-84.1645,40.5555],[-84.1741,40.57],[-84.1758,40.58],[-84.1719,40.5846],[-84.179,40.5845],[-84.179,40.5882],[-84.1834,40.5845],[-84.2028,40.5857],[-84.2029,40.5896],[-84.1934,40.5922],[-84.1982,40.5962],[-84.2077,40.5915],[-84.2076,40.5842],[-84.2227,40.5841],[-84.2216,40.5616],[-84.2264,40.5628],[-84.2263,40.5561],[-84.2311,40.555],[-84.2216,40.5549],[-84.3392,40.5537],[-84.3394,40.6266],[-84.456,40.6262],[-84.4562,40.7283],[-84.8023,40.7281],[-84.8089,40.0971]]]},"properties":{"geoid":"39084","state":"39","district":"84","name":"State House District 84","chamber":"House"}},{"type":"Feature","geometry":{"type":"Polygon","coordinates":[[[-84.4346,40.3543],[-84.4326,40.197],[-84.2187,40.2],[-84.2189,40.1955],[-84.0229,40.1839],[-84.0361,40.0402],[-83.5161,40.0108],[-83.4945,40.2255],[-83.5513,40.2294],[-83.5328,40.3968],[-83.5469,40.3929],[-83.5532,40.3977],[-83.73,40.4045],[-83.7284,40.4203],[-83.8652,40.4048],[-83.8695,40.3606],[-83.9343,40.3645],[-83.9321,40.3695],[-84.0044,40.3687],[-84.0024,40.4831],[-84.3391,40.4811],[-84.3387,40.3788],[-84.434,40.3782],[-84.4346,40.3543]]]},"properties":{"geoid":"39085","state":"39","district":"85","name":"State House District 85","chamber":"House"}},{"type":"Feature","geometry":{"type":"Polygon","coordinates":[[[-83.5513,40.2298],[-83.4945,40.2255],[-83.5037,40.1115],[-83.1702,40.1069],[-83.1723,40.2443],[-83.2484,40.2445],[-83.2486,40.444],[-83.1137,40.437],[-83.1106,40.4748],[-83.1419,40.4719],[-83.1418,40.4909],[-83.0748,40.4915],[-83.0732,40.6447],[-83.0999,40.645],[-83.1053,40.6519],[-83.1128,40.652],[-83.1187,40.6447],[-83.1884,40.6441],[-83.1893,40.5567],[-83.1793,40.5566],[-83.1801,40.5204],[-83.2054,40.5206],[-83.1997,40.5056],[-83.2483,40.501],[-83.2483,40.5071],[-83.5202,40.5041],[-83.5513,40.2298]]]},"properties":{"geoid":"39086","state":"39","district":"86","name":"State House District 86","chamber":"House"}},{"type":"Feature","geometry":{"type":"Polygon","coordinates":[[[-83.5159,40.8189],[-83.4963,40.8179],[-83.4958,40.7015],[-83.4402,40.7022],[-83.4403,40.6876],[-83.4198,40.6868],[-83.4156,40.5154],[-83.4187,40.5052],[-83.2483,40.5071],[-83.2483,40.501],[-83.1997,40.5056],[-83.2054,40.5206],[-83.1801,40.5204],[-83.1793,40.5566],[-83.1893,40.5567],[-83.1884,40.6441],[-83.1187,40.6447],[-83.1137,40.652],[-83.1053,40.6519],[-83.0999,40.645],[-83.0732,40.6447],[-83.0748,40.4915],[-83.1418,40.4909],[-83.1419,40.4719],[-83.1106,40.4748],[-83.1137,40.437],[-83.0208,40.4338],[-83.0221,40.4189],[-82.9248,40.415],[-82.9296,40.3581],[-82.6465,40.3451],[-82.6332,40.5231],[-82.6428,40.5221],[-82.6428,40.55],[-82.6236,40.5499],[-82.6248,40.6373],[-82.6441,40.6372],[-82.645,40.6664],[-82.6262,40.6661],[-82.6272,40.7094],[-82.7272,40.7112],[-82.7248,40.9956],[-83.4578,40.9917],[-83.4577,40.9485],[-83.4768,40.9484],[-83.4767,40.905],[-83.5147,40.9051],[-83.5159,40.8189]]]},"properties":{"geoid":"39087","state":"39","district":"87","name":"State House District 87","chamber":"House"}},{"type":"Feature","geometry":{"type":"Polygon","coordinates":[[[-83.4213,41.1438],[-83.4203,40.9919],[-82.8295,40.9966],[-82.8477,41.4305],[-82.9529,41.4302],[-82.9522,41.4582],[-83.3382,41.4575],[-83.339,41.5012],[-83.4146,41.5002],[-83.4213,41.1438]]]},"properties":{"geoid":"39088","state":"39","district":"88","name":"State House District 88","chamber":"House"}},{"type":"Feature","geometry":{"type":"Polygon","coordinates":[[[-83.3386,41.4866],[-83.3382,41.4575],[-82.9522,41.4582],[-82.9529,41.4302],[-82.8477,41.4305],[-82.8385,41.217],[-82.7391,41.215],[-82.7422,41.2879],[-82.5794,41.2863],[-82.4425,41.2839],[-82.4417,41.2127],[-82.3403,41.2113],[-82.3482,41.4319],[-82.3481,41.7001],[-82.3983,41.6765],[-82.6811,41.6763],[-82.9956,41.829],[-83.1645,41.6232],[-83.2995,41.6218],[-83.3,41.4871],[-83.3386,41.4866]]]},"properties":{"geoid":"39089","state":"39","district":"89","name":"State House District 89","chamber":"House"}},{"type":"Feature","geometry":{"type":"Polygon","coordinates":[[[-83.9171,38.7798],[-83.9159,38.7698],[-83.8583,38.7563],[-83.8483,38.7465],[-83.8368,38.7177],[-83.7878,38.6999],[-83.773,38.6598],[-83.7642,38.6525],[-83.7209,38.6467],[-83.6815,38.6303],[-83.6595,38.6274],[-83.6455,38.6356],[-83.6365,38.6673],[-83.626,38.6786],[-83.5209,38.7031],[-83.4936,38.6945],[-83.4677,38.6753],[-83.3628,38.6572],[-83.3276,38.6377],[-83.3166,38.608],[-83.2944,38.5966],[-83.2643,38.6214],[-83.2457,38.6286],[-83.2044,38.6168],[-83.1532,38.619],[-83.1348,38.632],[-83.1124,38.6716],[-83.054,38.6951],[-83.0305,38.7258],[-83.0088,38.73],[-82.9715,38.7272],[-82.9347,38.7467],[-82.8897,38.7561],[-82.8758,38.7475],[-82.871,38.7365],[-82.8776,38.6898],[-82.8601,38.6622],[-82.8519,38.6059],[-82.8419,38.5883],[-82.8159,38.5708],[-82.7404,38.5972],[-82.7662,38.6447],[-82.7639,38.68],[-82.7064,38.6775],[-82.6954,38.75],[-82.6629,38.748],[-82.65,38.8491],[-82.7607,38.8549],[-82.7534,38.9454],[-82.9704,38.9554],[-83.2121,38.9601],[-83.2148,38.9628],[-83.2107,38.9699],[-83.2172,38.9718],[-83.2148,38.9917],[-83.2342,38.9989],[-83.2378,39.0099],[-83.2688,39.0145],[-83.2855,39.024],[-83.2881,39.0298],[-83.3104,39.0424],[-83.3146,39.0522],[-83.3857,39.0552],[-83.6116,39.0189],[-83.8722,39.0213],[-83.8685,39.0083],[-83.8841,38.9971],[-83.8715,38.993],[-83.8626,38.9721],[-83.8801,38.9363],[-83.8763,38.9351],[-83.8842,38.8948],[-83.8426,38.877],[-83.8386,38.8493],[-83.842,38.8414],[-83.8386,38.8384],[-83.8416,38.8312],[-83.8525,38.8266],[-83.8496,38.8207],[-83.8592,38.8078],[-83.8726,38.8089],[-83.9171,38.7798]]]},"properties":{"geoid":"39090","state":"39","district":"90","name":"State House District 90","chamber":"House"}},{"type":"Feature","geometry":{"type":"Polygon","coordinates":[[[-83.8721,39.0236],[-83.6116,39.0189],[-83.3857,39.0552],[-83.3146,39.0522],[-83.3104,39.0424],[-83.2881,39.0298],[-83.2855,39.024],[-83.2688,39.0145],[-83.2378,39.0099],[-83.2342,38.9989],[-83.2148,38.9917],[-83.2172,38.9718],[-83.2107,38.9699],[-83.2148,38.9628],[-83.2121,38.9601],[-82.8071,38.9481],[-82.7859,39.1688],[-83.145,39.1876],[-83.1145,39.235],[-83.1242,39.2765],[-83.0938,39.2927],[-83.0909,39.3241],[-83.0836,39.3254],[-83.0536,39.3516],[-83.057,39.3576],[-83.0724,39.3538],[-83.0857,39.3594],[-83.0902,39.3555],[-83.1076,39.3556],[-83.141,39.367],[-83.1225,39.4427],[-83.0892,39.4761],[-83.0849,39.4871],[-83.0784,39.4819],[-83.0617,39.5086],[-83.2667,39.5162],[-83.2524,39.6954],[-83.6533,39.7169],[-83.6702,39.5503],[-83.5763,39.5445],[-83.5909,39.3787],[-83.7848,39.2629],[-83.8086,39.2245],[-83.8359,39.2233],[-83.8344,39.2457],[-83.8657,39.2473],[-83.8721,39.0236]]]},"properties":{"geoid":"39091","state":"39","district":"91","name":"State House District 91","chamber":"House"}},{"type":"Feature","geometry":{"type":"Polygon","coordinates":[[[-83.1449,39.1878],[-82.7667,39.1678],[-82.7629,39.208],[-82.6501,39.2023],[-82.6515,39.1896],[-82.5371,39.181],[-82.5403,39.1445],[-82.4247,39.138],[-82.4353,39.0351],[-82.3229,39.0277],[-82.3067,39.2055],[-82.2686,39.2038],[-82.2638,39.2538],[-82.2602,39.2929],[-82.2985,39.2949],[-82.2804,39.4729],[-82.1674,39.4661],[-82.1592,39.5566],[-82.0396,39.5502],[-82.0242,39.7247],[-82.2488,39.7359],[-82.2567,39.6483],[-82.4903,39.6617],[-82.4961,39.6028],[-82.6175,39.6086],[-82.6201,39.564],[-82.7303,39.5691],[-82.7409,39.4683],[-82.9982,39.4801],[-82.9929,39.4899],[-82.9804,39.4903],[-82.9787,39.5009],[-82.9836,39.5065],[-83.0617,39.5086],[-83.0784,39.4819],[-83.0849,39.4871],[-83.0892,39.4761],[-83.1225,39.4427],[-83.141,39.367],[-83.1076,39.3556],[-83.0902,39.3555],[-83.0857,39.3594],[-83.0724,39.3538],[-83.057,39.3576],[-83.0536,39.3516],[-83.0836,39.3254],[-83.0909,39.3241],[-83.0938,39.2927],[-83.1242,39.2765],[-83.1145,39.235],[-83.1449,39.1878]]]},"properties":{"geoid":"39092","state":"39","district":"92","name":"State House District 92","chamber":"House"}},{"type":"Feature","geometry":{"type":"Polygon","coordinates":[[[-82.8159,38.5708],[-82.7882,38.5597],[-82.7264,38.5585],[-82.6983,38.5438],[-82.6536,38.4938],[-82.6108,38.472],[-82.5935,38.4183],[-82.5716,38.4051],[-82.5285,38.4058],[-82.4049,38.4393],[-82.3818,38.4348],[-82.3303,38.4445],[-82.3181,38.4579],[-82.3042,38.4963],[-82.304,38.5177],[-82.2957,38.5385],[-82.2913,38.579],[-82.2621,38.5982],[-82.201,38.5921],[-82.1888,38.595],[-82.1753,38.6071],[-82.1725,38.6288],[-82.1909,38.6804],[-82.1825,38.7088],[-82.1931,38.7377],[-82.1869,38.7223],[-82.188,38.7331],[-82.1989,38.7577],[-82.2196,38.7723],[-82.2216,38.7872],[-82.2114,38.8012],[-82.1912,38.8151],[-82.1636,38.8234],[-82.1449,38.8405],[-82.1392,38.865],[-82.1454,38.8842],[-82.1433,38.8979],[-82.1294,38.9079],[-82.099,38.9584],[-82.0955,39.0028],[-82.3239,39.0132],[-82.3229,39.0277],[-82.4353,39.0351],[-82.4247,39.138],[-82.5403,39.1445],[-82.5371,39.181],[-82.6515,39.1896],[-82.6501,39.2023],[-82.7629,39.208],[-82.7667,39.1678],[-82.7859,39.1688],[-82.8071,38.9481],[-82.7534,38.9454],[-82.7607,38.8549],[-82.65,38.8491],[-82.6629,38.748],[-82.6954,38.75],[-82.7064,38.6775],[-82.7639,38.68],[-82.7662,38.6447],[-82.7404,38.5972],[-82.8159,38.5708]]]},"properties":{"geoid":"39093","state":"39","district":"93","name":"State House District 93","chamber":"House"}},{"type":"Feature","geometry":{"type":"Polygon","coordinates":[[[-82.3239,39.0148],[-82.0955,39.0028],[-82.099,38.9584],[-82.0902,38.9753],[-82.0511,38.9949],[-82.0377,39.0239],[-82.006,39.0294],[-81.9914,39.0184],[-81.9794,38.9932],[-81.9514,38.996],[-81.9332,38.9877],[-81.8985,38.9296],[-81.9267,38.9013],[-81.928,38.8935],[-81.9103,38.8793],[-81.8951,38.874],[-81.856,38.8927],[-81.8453,38.9101],[-81.8445,38.9287],[-81.8274,38.9459],[-81.8112,38.9447],[-81.7856,38.9262],[-81.7627,38.9241],[-81.757,38.9372],[-81.7788,38.9559],[-81.7818,38.9649],[-81.7741,38.9937],[-81.7652,39.0026],[-81.7643,39.0153],[-81.8081,39.0538],[-81.8139,39.0797],[-81.8067,39.0841],[-81.7756,39.0784],[-81.7608,39.0841],[-81.7461,39.097],[-81.7428,39.1427],[-81.7562,39.1805],[-81.7369,39.1926],[-81.7256,39.2159],[-81.7009,39.2208],[-81.6919,39.227],[-81.6968,39.2535],[-81.6895,39.266],[-81.6776,39.2742],[-81.6561,39.2774],[-81.6058,39.2759],[-81.5702,39.2677],[-81.5652,39.2762],[-81.5575,39.3388],[-81.4561,39.4093],[-81.4356,39.4085],[-81.4127,39.3946],[-81.3938,39.3517],[-81.376,39.3417],[-81.3449,39.3468],[-81.2703,39.386],[-81.2444,39.3904],[-81.2173,39.3876],[-81.2082,39.4071],[-81.1851,39.4315],[-81.1676,39.4401],[-81.1325,39.4463],[-81.0919,39.4966],[-81.0387,39.5399],[-81.0368,39.5722],[-81.2653,39.5768],[-81.2643,39.6053],[-81.2831,39.6057],[-81.2835,39.5918],[-81.3564,39.5935],[-81.3563,39.6009],[-81.3949,39.6015],[-81.395,39.6157],[-81.4138,39.6159],[-81.4137,39.6305],[-81.4527,39.6312],[-81.4519,39.6454],[-81.4732,39.646],[-81.4735,39.5833],[-81.6875,39.5905],[-81.7121,39.5853],[-81.7165,39.5818],[-81.7163,39.566],[-81.7235,39.5476],[-81.7222,39.5316],[-81.7051,39.531],[-81.7085,39.4808],[-81.761,39.4828],[-81.761,39.4886],[-81.8232,39.4941],[-81.8258,39.4492],[-81.8449,39.4502],[-81.8532,39.3179],[-81.8347,39.3172],[-81.8356,39.3025],[-81.8164,39.3018],[-81.8183,39.2726],[-81.8232,39.2724],[-82.1838,39.2887],[-82.1794,39.3366],[-82.1632,39.3454],[-82.1503,39.335],[-82.1343,39.332],[-82.1291,39.3415],[-82.1318,39.345],[-82.1226,39.3479],[-82.1252,39.3519],[-82.1146,39.3524],[-82.112,39.357],[-82.1162,39.3592],[-82.1119,39.3637],[-82.1287,39.3752],[-81.9471,39.3665],[-81.9405,39.4543],[-82.0558,39.4601],[-82.0475,39.5508],[-82.1592,39.5566],[-82.1674,39.4661],[-82.2804,39.4729],[-82.2985,39.2949],[-82.2602,39.2929],[-82.2638,39.2538],[-82.2686,39.2038],[-82.3067,39.2055],[-82.3239,39.0148]]]},"properties":{"geoid":"39094","state":"39","district":"94","name":"State House District 94","chamber":"House"}},{"type":"Feature","geometry":{"type":"Polygon","coordinates":[[[-82.1837,39.2899],[-81.8183,39.2726],[-81.8164,39.3018],[-81.8356,39.3025],[-81.8347,39.3172],[-81.8532,39.3179],[-81.8449,39.4502],[-81.8258,39.4492],[-81.8232,39.4941],[-81.761,39.4886],[-81.761,39.4828],[-81.7085,39.4808],[-81.7051,39.531],[-81.7222,39.5316],[-81.7235,39.5476],[-81.7144,39.5843],[-81.6889,39.5905],[-81.4735,39.5833],[-81.4732,39.646],[-81.4519,39.6454],[-81.4527,39.6312],[-81.4137,39.6305],[-81.4138,39.6159],[-81.395,39.6157],[-81.3949,39.6015],[-81.3563,39.6009],[-81.3564,39.5935],[-81.2835,39.5918],[-81.2806,39.7069],[-81.3191,39.7076],[-81.3136,39.8695],[-81.2373,39.8678],[-81.234,39.9535],[-80.8984,39.9399],[-80.8953,39.9842],[-80.8346,39.9815],[-80.8295,40.0993],[-80.8861,40.1005],[-80.8723,40.3737],[-80.8716,40.3795],[-80.8672,40.3794],[-80.8655,40.4229],[-81.27,40.4335],[-81.2753,40.3034],[-81.3346,40.3043],[-81.3381,40.2141],[-81.5246,40.219],[-81.5359,39.9924],[-81.5123,39.9917],[-81.5126,39.9845],[-81.4981,39.9837],[-81.5009,39.9246],[-81.491,39.9244],[-81.4925,39.8953],[-81.5786,39.8977],[-81.5803,39.8391],[-81.6941,39.8426],[-81.6974,39.7556],[-82.0766,39.771],[-82.0802,39.7277],[-82.0242,39.7247],[-82.0396,39.5502],[-82.0475,39.5508],[-82.0558,39.4601],[-81.9405,39.4543],[-81.9471,39.3665],[-82.1287,39.3752],[-82.1119,39.3637],[-82.1162,39.3592],[-82.112,39.357],[-82.1146,39.3524],[-82.1252,39.3519],[-82.1226,39.3479],[-82.1318,39.345],[-82.1291,39.3415],[-82.1343,39.332],[-82.1503,39.335],[-82.1632,39.3454],[-82.1794,39.3366],[-82.1837,39.2899]]]},"properties":{"geoid":"39095","state":"39","district":"95","name":"State House District 95","chamber":"House"}},{"type":"Feature","geometry":{"type":"Polygon","coordinates":[[[-81.3191,39.7087],[-81.2806,39.7069],[-81.2832,39.6057],[-81.2643,39.6053],[-81.2653,39.5768],[-81.0368,39.5722],[-81.0387,39.5399],[-80.9333,39.6148],[-80.8804,39.6207],[-80.8666,39.6526],[-80.8637,39.6917],[-80.8339,39.7035],[-80.8298,39.7118],[-80.846,39.7387],[-80.8653,39.7533],[-80.8691,39.7664],[-80.863,39.7752],[-80.8261,39.7986],[-80.8222,39.8117],[-80.8261,39.8442],[-80.7908,39.8673],[-80.794,39.8828],[-80.8092,39.9039],[-80.8068,39.9163],[-80.787,39.9184],[-80.7634,39.9086],[-80.7561,39.9134],[-80.7643,39.95],[-80.7579,39.9597],[-80.7401,39.9708],[-80.7422,40.0086],[-80.731,40.0443],[-80.7382,40.0786],[-80.7095,40.1003],[-80.7102,40.1383],[-80.7056,40.1535],[-80.6681,40.1997],[-80.6615,40.2298],[-80.6521,40.245],[-80.6193,40.2652],[-80.6149,40.292],[-80.5999,40.3177],[-80.6128,40.3477],[-80.6097,40.3749],[-80.6314,40.3857],[-80.6327,40.3905],[-80.6123,40.4028],[-80.6122,40.4348],[-80.596,40.4634],[-80.5954,40.4753],[-80.618,40.502],[-80.6275,40.5358],[-80.6644,40.57],[-80.668,40.5825],[-80.7473,40.5833],[-80.7471,40.597],[-80.862,40.5994],[-80.8636,40.5554],[-80.9209,40.5563],[-80.9246,40.468],[-80.9402,40.4683],[-80.9419,40.4247],[-80.8655,40.4229],[-80.8672,40.3794],[-80.8716,40.3795],[-80.8723,40.3737],[-80.8861,40.1005],[-80.8295,40.0993],[-80.8346,39.9815],[-80.8953,39.9842],[-80.8984,39.9399],[-81.234,39.9535],[-81.2373,39.8678],[-81.3136,39.8695],[-81.3191,39.7087]]]},"properties":{"geoid":"39096","state":"39","district":"96","name":"State House District 96","chamber":"House"}},{"type":"Feature","geometry":{"type":"Polygon","coordinates":[[[-82.2339,39.914],[-82.1624,39.9094],[-82.17,39.8207],[-82.0729,39.8162],[-82.0766,39.771],[-81.6974,39.7556],[-81.6941,39.8426],[-81.5803,39.8391],[-81.5786,39.8977],[-81.4925,39.8953],[-81.491,39.9244],[-81.5009,39.9246],[-81.4981,39.9837],[-81.5126,39.9845],[-81.5123,39.9917],[-81.5359,39.9924],[-81.5246,40.219],[-81.6676,40.2225],[-81.6709,40.151],[-82.1871,40.1669],[-82.1987,39.9502],[-82.2317,39.9511],[-82.2339,39.914]]]},"properties":{"geoid":"39097","state":"39","district":"97","name":"State House District 97","chamber":"House"}},{"type":"Feature","geometry":{"type":"Polygon","coordinates":[[[-82.5189,40.395],[-82.5039,40.3945],[-82.5051,40.3854],[-82.4945,40.3809],[-82.4877,40.3879],[-82.4874,40.3754],[-82.4961,40.3793],[-82.5082,40.3765],[-82.5127,40.3806],[-82.513,40.3762],[-82.5014,40.3767],[-82.4879,40.3707],[-82.4913,40.3651],[-82.4887,40.357],[-82.4951,40.3568],[-82.4956,40.3526],[-82.4893,40.3467],[-82.496,40.3469],[-82.4966,40.3382],[-82.4808,40.3429],[-82.4804,40.3483],[-82.4714,40.3479],[-82.4799,40.3563],[-82.4769,40.36],[-82.4802,40.3665],[-82.4726,40.3623],[-82.4731,40.37],[-82.4693,40.3674],[-82.4773,40.2458],[-82.1828,40.2386],[-82.1871,40.1669],[-81.6709,40.151],[-81.6676,40.2225],[-81.6224,40.2213],[-81.6163,40.3681],[-81.7124,40.3708],[-81.7091,40.4449],[-81.6698,40.4439],[-81.6628,40.6273],[-81.6682,40.6275],[-81.6679,40.6324],[-81.6491,40.6345],[-81.6489,40.6678],[-82.2211,40.6674],[-82.2203,40.5682],[-82.3749,40.5509],[-82.4516,40.5508],[-82.4516,40.5431],[-82.4567,40.5426],[-82.4664,40.4071],[-82.4747,40.406],[-82.4743,40.4113],[-82.4889,40.4135],[-82.4832,40.4192],[-82.4937,40.4186],[-82.4979,40.4121],[-82.4922,40.4101],[-82.4985,40.4087],[-82.4919,40.4091],[-82.4931,40.4062],[-82.4996,40.4049],[-82.5023,40.3982],[-82.5106,40.3987],[-82.5075,40.3945],[-82.5189,40.395]]]},"properties":{"geoid":"39098","state":"39","district":"98","name":"State House District 98","chamber":"House"}},{"type":"Feature","geometry":{"type":"Polygon","coordinates":[[[-81.3915,41.4462],[-81.375,41.4453],[-81.3748,41.4324],[-81.353,41.4408],[-81.2978,41.4397],[-81.2977,41.4251],[-81.1906,41.4256],[-81.1914,41.3476],[-81.0032,41.3479],[-81.0028,41.642],[-80.9047,41.6423],[-80.9038,41.7147],[-80.9525,41.715],[-80.9523,41.7416],[-80.9438,41.7571],[-80.9587,41.7595],[-80.9584,41.785],[-80.9625,41.785],[-80.9636,41.7998],[-80.967,41.7994],[-80.966,41.8145],[-80.9317,41.818],[-80.9315,41.8063],[-80.9243,41.8063],[-80.9244,41.7998],[-80.9369,41.797],[-80.9279,41.7944],[-80.9286,41.7892],[-80.7131,41.7889],[-80.713,41.8892],[-80.7055,41.886],[-80.7054,41.892],[-80.6974,41.892],[-80.7024,41.8973],[-80.693,41.9005],[-80.6906,41.8938],[-80.6804,41.8978],[-80.6805,41.9038],[-80.6666,41.9031],[-80.6665,41.9113],[-80.6597,41.915],[-80.6265,41.9177],[-80.6261,41.8929],[-80.5193,41.8921],[-80.5199,42.3271],[-81.0098,42.2516],[-81.0098,41.8652],[-81.0021,41.8549],[-81.0029,41.7149],[-81.1023,41.7143],[-81.1014,41.6415],[-81.2947,41.6409],[-81.2959,41.5699],[-81.391,41.5697],[-81.3915,41.4462]]]},"properties":{"geoid":"39099","state":"39","district":"99","name":"State House District 99","chamber":"House"}}]}