{"type":"FeatureCollection","features":[{"type":"Feature","geometry":{"type":"Polygon","coordinates":[[[-95.1567,33.9467],[-95.1559,33.9366],[-95.1296,33.9367],[-95.1212,33.9313],[-95.1317,33.9152],[-95.1209,33.9045],[-95.1104,33.9054],[-95.0797,33.9206],[-95.0797,33.9086],[-95.1004,33.8956],[-95.0901,33.8811],[-95.0824,33.8799],[-95.0787,33.905],[-95.074,33.9156],[-95.068,33.9176],[-95.0637,33.9111],[-95.0746,33.9073],[-95.0759,33.9018],[-95.0718,33.8956],[-95.0724,33.9027],[-95.0601,33.9019],[-95.0591,33.8875],[-95.0506,33.8783],[-95.0482,33.8635],[-95.0157,33.8577],[-95.0022,33.8637],[-94.9885,33.851],[-94.9702,33.8618],[-94.9644,33.837],[-94.9439,33.8302],[-94.9535,33.8165],[-94.9462,33.8074],[-94.9233,33.8087],[-94.9266,33.8276],[-94.918,33.8268],[-94.9109,33.8159],[-94.9215,33.7905],[-94.9013,33.7709],[-94.8869,33.7691],[-94.8764,33.7573],[-94.8746,33.7696],[-94.8681,33.7689],[-94.8667,33.7618],[-94.8771,33.7531],[-94.8678,33.745],[-94.8493,33.7396],[-94.8279,33.7409],[-94.8285,33.7351],[-94.822,33.7329],[-94.823,33.7475],[-94.8309,33.76],[-94.8207,33.769],[-94.8122,33.7509],[-94.817,33.74],[-94.8028,33.7327],[-94.7801,33.7445],[-94.7729,33.7597],[-94.763,33.7598],[-94.7578,33.7559],[-94.7589,33.7485],[-94.7768,33.7464],[-94.7886,33.7357],[-94.7687,33.727],[-94.7606,33.7271],[-94.7518,33.7343],[-94.7477,33.7251],[-94.7577,33.7178],[-94.7514,33.7135],[-94.7421,33.7267],[-94.7334,33.7252],[-94.7361,33.7161],[-94.7538,33.7087],[-94.7351,33.6913],[-94.7195,33.6889],[-94.7159,33.6949],[-94.7189,33.7033],[-94.7307,33.7074],[-94.734,33.7157],[-94.7016,33.7029],[-94.7035,33.6975],[-94.7144,33.6972],[-94.7162,33.6879],[-94.6848,33.6844],[-94.6669,33.6946],[-94.6514,33.6858],[-94.6471,33.6903],[-94.6479,33.7005],[-94.6437,33.7015],[-94.6386,33.6958],[-94.6504,33.6844],[-94.6453,33.6736],[-94.6518,33.6705],[-94.6626,33.6749],[-94.6708,33.6693],[-94.6686,33.6638],[-94.6549,33.6599],[-94.6392,33.6637],[-94.6287,33.6805],[-94.622,33.6825],[-94.6058,33.6642],[-94.596,33.6639],[-94.59,33.6759],[-94.593,33.684],[-94.5879,33.6863],[-94.5796,33.6776],[-94.5808,33.6664],[-94.5603,33.6666],[-94.5768,33.6588],[-94.5905,33.6451],[-94.58,33.6445],[-94.5496,33.6607],[-94.5426,33.654],[-94.5454,33.6462],[-94.5684,33.6372],[-94.569,33.6275],[-94.5534,33.6276],[-94.5275,33.6413],[-94.5185,33.6376],[-94.5353,33.6246],[-94.5279,33.616],[-94.5198,33.6181],[-94.5175,33.6331],[-94.5057,33.6207],[-94.4876,33.6285],[-94.4917,33.6363],[-94.4859,33.6379],[-94.4512,34.8276],[-94.4887,34.8262],[-94.5057,34.8174],[-94.5293,34.8164],[-94.5971,34.8002],[-94.6076,34.7918],[-94.6057,34.7778],[-94.6111,34.7716],[-94.6188,34.7782],[-94.6137,34.7902],[-94.6209,34.7934],[-94.6211,34.8039],[-94.6247,34.7969],[-94.6296,34.7971],[-94.6445,34.8112],[-94.6445,34.8224],[-94.6576,34.8223],[-94.6574,34.8111],[-94.6632,34.8099],[-94.6798,34.8109],[-94.6958,34.8182],[-94.6932,34.8461],[-94.7211,34.8583],[-94.7051,34.8696],[-94.7368,34.8816],[-94.7471,34.8946],[-94.7412,34.9002],[-94.7569,34.9054],[-94.7576,34.9132],[-94.7308,34.913],[-94.7322,34.9238],[-94.725,34.9263],[-94.7343,34.9279],[-94.7345,34.9509],[-94.7082,34.9506],[-94.7082,34.9712],[-94.6993,34.9795],[-94.7058,34.9856],[-94.7168,34.9857],[-94.7169,35.0002],[-94.7257,35.0002],[-94.7257,35.0146],[-94.7345,35.0168],[-94.7344,35.056],[-94.7554,35.0564],[-94.7818,35.0337],[-94.8027,35.0291],[-94.8189,35.0368],[-94.8443,35.0622],[-94.8489,35.0499],[-94.8485,35.0292],[-94.8796,35.0293],[-94.9278,35.0052],[-94.9277,34.942],[-94.9981,34.942],[-94.9978,34.8549],[-95.0595,34.855],[-95.0596,34.6807],[-94.9376,34.6808],[-94.9376,34.5073],[-95.0467,34.5073],[-95.0466,34.2438],[-95.1513,34.2437],[-95.1513,34.1568],[-95.1565,34.157],[-95.1567,33.9467]]]},"properties":{"geoid":"40001","state":"40","district":"1","name":"State House District 1","chamber":"House"}},{"type":"Feature","geometry":{"type":"Polygon","coordinates":[[[-95.1323,35.5457],[-95.1323,35.5261],[-95.1237,35.5103],[-95.0961,35.4857],[-95.0856,35.4614],[-95.0772,35.4588],[-95.0612,35.4651],[-95.0277,35.4548],[-95.0235,35.4508],[-95.0228,35.4287],[-95.0002,35.412],[-94.9513,35.4083],[-94.9385,35.3966],[-94.9257,35.3928],[-94.9018,35.3979],[-94.8923,35.3797],[-94.8947,35.3731],[-94.9193,35.3541],[-94.9145,35.3475],[-94.8689,35.3556],[-94.8452,35.3708],[-94.8349,35.3684],[-94.829,35.3615],[-94.8259,35.3334],[-94.8173,35.3239],[-94.7944,35.3271],[-94.7752,35.3532],[-94.7502,35.357],[-94.73,35.352],[-94.7055,35.3332],[-94.6835,35.3263],[-94.6777,35.3035],[-94.6631,35.2926],[-94.6295,35.2953],[-94.6159,35.3041],[-94.5988,35.3264],[-94.589,35.3285],[-94.5691,35.3256],[-94.5476,35.3064],[-94.5335,35.3043],[-94.517,35.3095],[-94.4939,35.3012],[-94.4811,35.3095],[-94.495,35.331],[-94.4947,35.3428],[-94.4806,35.3518],[-94.4855,35.3672],[-94.4723,35.376],[-94.4431,35.3812],[-94.431,35.3932],[-94.4726,35.6386],[-95.1275,35.6388],[-95.1273,35.5518],[-95.1323,35.5518],[-95.1323,35.5457]]]},"properties":{"geoid":"40002","state":"40","district":"2","name":"State House District 2","chamber":"House"}},{"type":"Feature","geometry":{"type":"Polygon","coordinates":[[[-94.8143,35.2202],[-94.814,35.2144],[-94.8053,35.2127],[-94.7967,35.2132],[-94.7966,35.2169],[-94.7612,35.2168],[-94.7613,35.2023],[-94.768,35.202],[-94.7725,35.1887],[-94.7731,35.1558],[-94.7679,35.1534],[-94.7718,35.1508],[-94.7702,35.1308],[-94.7832,35.1298],[-94.7766,35.1194],[-94.7526,35.1162],[-94.7408,35.1067],[-94.752,35.0866],[-94.7412,35.0814],[-94.7341,35.0602],[-94.7345,35.0168],[-94.7257,35.0146],[-94.7257,35.0002],[-94.7169,35.0002],[-94.7168,34.9857],[-94.6993,34.9811],[-94.7082,34.9712],[-94.7082,34.9506],[-94.7345,34.9509],[-94.7343,34.9279],[-94.725,34.9263],[-94.7322,34.9238],[-94.7308,34.913],[-94.7576,34.9132],[-94.7569,34.9054],[-94.7412,34.9002],[-94.7471,34.8946],[-94.7368,34.8816],[-94.7051,34.8696],[-94.7211,34.8583],[-94.6932,34.8461],[-94.696,34.8184],[-94.6798,34.8109],[-94.6632,34.8099],[-94.6574,34.8111],[-94.6576,34.8223],[-94.6445,34.8224],[-94.6445,34.8112],[-94.6296,34.7971],[-94.6247,34.7969],[-94.6211,34.8039],[-94.6209,34.7934],[-94.6137,34.7902],[-94.6188,34.7782],[-94.6111,34.7716],[-94.6057,34.7778],[-94.6076,34.7918],[-94.5971,34.8002],[-94.5293,34.8164],[-94.5057,34.8174],[-94.4887,34.8262],[-94.4512,34.8276],[-94.4315,35.3693],[-94.4344,35.3874],[-94.4498,35.3786],[-94.476,35.3746],[-94.4855,35.3672],[-94.4806,35.3518],[-94.4947,35.3428],[-94.495,35.331],[-94.4811,35.3095],[-94.4946,35.3011],[-94.517,35.3095],[-94.5335,35.3043],[-94.5476,35.3064],[-94.5691,35.3256],[-94.589,35.3285],[-94.5988,35.3264],[-94.6159,35.3041],[-94.6295,35.2953],[-94.6631,35.2926],[-94.6777,35.3035],[-94.6835,35.3263],[-94.7055,35.3332],[-94.7257,35.3497],[-94.7502,35.357],[-94.7752,35.3532],[-94.7927,35.3284],[-94.8136,35.3233],[-94.8143,35.2202]]]},"properties":{"geoid":"40003","state":"40","district":"3","name":"State House District 3","chamber":"House"}},{"type":"Feature","geometry":{"type":"Polygon","coordinates":[[[-95.3328,36.0279],[-95.3327,36.0172],[-95.3154,36.0026],[-95.3152,35.9803],[-95.2996,35.9676],[-95.2765,35.9682],[-95.2522,35.9878],[-95.2393,35.9877],[-95.2433,35.9722],[-95.2078,35.9732],[-95.2078,35.9587],[-95.1719,35.9565],[-95.1721,35.9442],[-95.1541,35.9442],[-95.1546,35.9352],[-95.1613,35.9353],[-95.1629,35.9306],[-95.154,35.9272],[-95.1413,35.9297],[-95.1407,35.9237],[-95.1363,35.9237],[-95.1362,35.9069],[-95.1269,35.9006],[-95.1272,35.6388],[-94.8078,35.6385],[-94.8075,35.9003],[-94.8282,35.9052],[-94.8375,35.9215],[-94.846,35.9145],[-94.8466,35.9078],[-94.8668,35.9028],[-94.8646,35.8894],[-94.8713,35.9009],[-94.9053,35.901],[-94.9576,35.9549],[-94.9801,35.9734],[-94.9935,35.9734],[-94.9934,36.0023],[-95.0159,36.0046],[-95.0776,36.0747],[-95.2554,36.0748],[-95.2818,36.0463],[-95.3123,36.0353],[-95.3307,36.0358],[-95.3328,36.0279]]]},"properties":{"geoid":"40004","state":"40","district":"4","name":"State House District 4","chamber":"House"}},{"type":"Feature","geometry":{"type":"Polygon","coordinates":[[[-95.2562,36.288],[-95.2561,36.2494],[-95.2269,36.2479],[-95.2253,36.1807],[-95.1328,36.1873],[-95.1186,36.2008],[-95.1187,36.2342],[-95.0107,36.2344],[-95.0044,36.2656],[-94.942,36.2652],[-94.9264,36.2427],[-94.9222,36.2437],[-94.9153,36.2584],[-94.924,36.2674],[-94.9155,36.2737],[-94.9114,36.2845],[-94.8946,36.2834],[-94.8826,36.3031],[-94.872,36.3014],[-94.8625,36.3094],[-94.8628,36.3292],[-94.8538,36.3291],[-94.8539,36.3409],[-94.8248,36.3503],[-94.8085,36.3501],[-94.7999,36.3551],[-94.769,36.3425],[-94.7602,36.3455],[-94.7426,36.3365],[-94.7388,36.3288],[-94.7268,36.3285],[-94.7254,36.3243],[-94.7145,36.3216],[-94.6937,36.3268],[-94.6839,36.3205],[-94.657,36.3224],[-94.6571,36.3306],[-94.6329,36.3384],[-94.6205,36.3272],[-94.6089,36.3272],[-94.5963,36.3365],[-94.5913,36.3325],[-94.6179,36.5],[-94.6179,36.598],[-94.7295,36.5979],[-94.7295,36.6252],[-94.8093,36.6253],[-94.8153,36.6497],[-94.8408,36.6706],[-94.9994,36.6706],[-94.9994,36.598],[-95.0057,36.5977],[-95.0057,36.5099],[-95.0292,36.5091],[-95.0204,36.5053],[-95.0226,36.5017],[-95.0508,36.5002],[-95.0422,36.4971],[-95.0495,36.4811],[-95.0858,36.4807],[-95.1251,36.455],[-95.1219,36.4668],[-95.1309,36.4621],[-95.1309,36.4547],[-95.178,36.4516],[-95.1997,36.4382],[-95.2102,36.409],[-95.2382,36.4088],[-95.2363,36.3364],[-95.2467,36.2928],[-95.2561,36.2928],[-95.2562,36.288]]]},"properties":{"geoid":"40005","state":"40","district":"5","name":"State House District 5","chamber":"House"}},{"type":"Feature","geometry":{"type":"Polygon","coordinates":[[[-95.8125,36.4617],[-95.8123,36.4236],[-95.7944,36.4236],[-95.7942,36.3966],[-95.8123,36.3946],[-95.8122,36.3365],[-95.6778,36.3363],[-95.6894,36.3614],[-95.6748,36.3703],[-95.6647,36.3653],[-95.6507,36.3653],[-95.653,36.3715],[-95.6461,36.3653],[-95.6328,36.3653],[-95.6328,36.3912],[-95.6272,36.3947],[-95.561,36.3911],[-95.561,36.3944],[-95.4379,36.3943],[-95.4356,36.3906],[-95.4219,36.3949],[-95.3458,36.3944],[-95.3426,36.4089],[-95.2102,36.409],[-95.1997,36.4382],[-95.1788,36.4513],[-95.1309,36.4547],[-95.1309,36.4621],[-95.1219,36.4668],[-95.1251,36.455],[-95.0858,36.4807],[-95.0495,36.4811],[-95.0422,36.4971],[-95.0508,36.5002],[-95.0226,36.5017],[-95.0204,36.5053],[-95.0292,36.5091],[-95.0057,36.5099],[-95.0057,36.5977],[-94.9994,36.598],[-94.9994,36.6997],[-95.1076,36.6996],[-95.1076,36.6706],[-95.1796,36.6704],[-95.1795,36.6559],[-95.2516,36.6558],[-95.2516,36.6848],[-95.4317,36.6844],[-95.4317,36.699],[-95.6116,36.6991],[-95.6116,36.7136],[-95.772,36.7136],[-95.7927,36.7278],[-95.8097,36.728],[-95.8125,36.4617]]]},"properties":{"geoid":"40006","state":"40","district":"6","name":"State House District 6","chamber":"House"}},{"type":"Feature","geometry":{"type":"Polygon","coordinates":[[[-95.4318,36.8824],[-95.4317,36.6844],[-95.2516,36.6848],[-95.2516,36.6558],[-95.1795,36.6559],[-95.1796,36.6704],[-95.1076,36.6706],[-95.1076,36.6996],[-94.9994,36.6997],[-94.9994,36.6706],[-94.8408,36.6706],[-94.8153,36.6497],[-94.8093,36.6253],[-94.7295,36.6252],[-94.7295,36.5979],[-94.6179,36.598],[-94.618,36.9989],[-95.4077,36.9993],[-95.4078,36.9427],[-95.4318,36.9426],[-95.4318,36.8824]]]},"properties":{"geoid":"40007","state":"40","district":"7","name":"State House District 7","chamber":"House"}},{"type":"Feature","geometry":{"type":"Polygon","coordinates":[[[-95.6727,36.1606],[-95.6716,36.0942],[-95.6623,36.0996],[-95.6639,36.0949],[-95.6561,36.0952],[-95.6574,36.0923],[-95.6484,36.0888],[-95.6437,36.092],[-95.6337,36.0875],[-95.5929,36.0897],[-95.5838,36.0807],[-95.5904,36.0802],[-95.5853,36.0773],[-95.5885,36.0762],[-95.5746,36.0766],[-95.5516,36.0658],[-95.5715,36.0753],[-95.2554,36.0748],[-95.2528,36.0845],[-95.2645,36.1073],[-95.2565,36.1286],[-95.2641,36.1335],[-95.2585,36.1306],[-95.2547,36.1425],[-95.2253,36.1628],[-95.2269,36.2479],[-95.2561,36.2494],[-95.2561,36.2928],[-95.2467,36.2928],[-95.2363,36.3364],[-95.2382,36.4088],[-95.3426,36.4089],[-95.3458,36.3944],[-95.4219,36.3949],[-95.4356,36.3906],[-95.4379,36.3943],[-95.561,36.3944],[-95.561,36.3911],[-95.6299,36.3941],[-95.6328,36.3653],[-95.5789,36.3653],[-95.5789,36.351],[-95.5823,36.3508],[-95.5789,36.3472],[-95.5778,36.3072],[-95.607,36.294],[-95.624,36.279],[-95.6083,36.2779],[-95.6094,36.2645],[-95.597,36.2588],[-95.5964,36.2535],[-95.6014,36.2552],[-95.6017,36.2515],[-95.5964,36.2472],[-95.6031,36.2411],[-95.5949,36.2372],[-95.6026,36.2345],[-95.5941,36.2311],[-95.6036,36.2275],[-95.6007,36.2232],[-95.6253,36.2239],[-95.6083,36.2258],[-95.598,36.2179],[-95.6058,36.1956],[-95.6204,36.1901],[-95.6192,36.1626],[-95.6727,36.1606]]]},"properties":{"geoid":"40008","state":"40","district":"8","name":"State House District 8","chamber":"House"}},{"type":"Feature","geometry":{"type":"Polygon","coordinates":[[[-95.8663,36.3367],[-95.8663,36.3221],[-95.8122,36.3221],[-95.8122,36.3075],[-95.7765,36.3074],[-95.7761,36.264],[-95.7584,36.2639],[-95.7584,36.2495],[-95.7345,36.2498],[-95.7343,36.2565],[-95.7448,36.2654],[-95.7158,36.2734],[-95.7031,36.2724],[-95.6904,36.2628],[-95.6791,36.2786],[-95.624,36.279],[-95.607,36.294],[-95.5778,36.3072],[-95.5789,36.3472],[-95.5823,36.3508],[-95.5789,36.351],[-95.5789,36.3653],[-95.6461,36.3653],[-95.653,36.3715],[-95.6507,36.3653],[-95.6647,36.3653],[-95.6748,36.3703],[-95.6894,36.3614],[-95.6778,36.3363],[-95.8663,36.3367]]]},"properties":{"geoid":"40009","state":"40","district":"9","name":"State House District 9","chamber":"House"}},{"type":"Feature","geometry":{"type":"Polygon","coordinates":[[[-96.3895,36.4548],[-96.3896,36.4486],[-96.3715,36.449],[-96.3715,36.4232],[-96.367,36.4196],[-96.3851,36.4194],[-96.371,36.4038],[-96.2995,36.3768],[-96.2731,36.3764],[-96.2517,36.37],[-96.2345,36.3736],[-96.2079,36.3683],[-96.1494,36.3899],[-96.1031,36.3903],[-96.1028,36.4194],[-96.0669,36.4194],[-96.0669,36.4339],[-96.0308,36.4336],[-96.0309,36.4483],[-96.0014,36.4483],[-96.0012,36.4237],[-95.9203,36.4237],[-95.9208,36.5098],[-95.9264,36.5251],[-95.9382,36.5252],[-95.9382,36.5396],[-95.9286,36.5396],[-95.9293,36.576],[-95.9353,36.6019],[-95.9351,36.699],[-95.9608,36.699],[-95.9658,36.7032],[-95.9671,36.7126],[-95.9781,36.7176],[-95.9895,36.7473],[-95.8992,36.7425],[-95.8993,36.728],[-95.7936,36.728],[-95.772,36.7136],[-95.6116,36.7136],[-95.6116,36.6991],[-95.4317,36.699],[-95.4318,36.9426],[-95.4078,36.9427],[-95.4077,36.9993],[-96.1847,36.9993],[-96.2017,36.953],[-96.2066,36.9302],[-96.2043,36.8927],[-96.2129,36.8722],[-96.2525,36.842],[-96.2537,36.8232],[-96.299,36.7435],[-96.313,36.7055],[-96.3125,36.6749],[-96.3065,36.673],[-96.314,36.6665],[-96.3048,36.6137],[-96.3078,36.5808],[-96.3269,36.5501],[-96.3354,36.5501],[-96.3353,36.5428],[-96.3268,36.5428],[-96.3289,36.5346],[-96.3668,36.4987],[-96.3895,36.4548]]]},"properties":{"geoid":"40010","state":"40","district":"10","name":"State House District 10","chamber":"House"}},{"type":"Feature","geometry":{"type":"Polygon","coordinates":[[[-96.0013,36.3747],[-95.9913,36.3656],[-95.9561,36.3657],[-95.9558,36.3076],[-95.9377,36.3075],[-95.9376,36.286],[-95.8841,36.2861],[-95.8842,36.3366],[-95.8122,36.3365],[-95.8123,36.3946],[-95.7942,36.3945],[-95.7944,36.4236],[-95.8123,36.4236],[-95.8097,36.728],[-95.8993,36.728],[-95.8992,36.7425],[-95.9895,36.7473],[-95.9781,36.7176],[-95.9671,36.7126],[-95.9658,36.7032],[-95.9608,36.699],[-95.9351,36.699],[-95.9353,36.6019],[-95.9293,36.576],[-95.9286,36.5396],[-95.9382,36.5396],[-95.9382,36.5252],[-95.9264,36.5251],[-95.9208,36.5098],[-95.9203,36.4237],[-96.0012,36.4237],[-96.0013,36.3747]]]},"properties":{"geoid":"40011","state":"40","district":"11","name":"State House District 11","chamber":"House"}},{"type":"Feature","geometry":{"type":"Polygon","coordinates":[[[-95.8195,35.9009],[-95.8195,35.8563],[-95.6504,35.8566],[-95.6491,35.8421],[-95.6388,35.8365],[-95.6383,35.7876],[-95.6215,35.7776],[-95.6019,35.7781],[-95.5897,35.7652],[-95.5773,35.7716],[-95.5631,35.7879],[-95.5207,35.7922],[-95.4743,35.8045],[-95.4202,35.7996],[-95.4022,35.8066],[-95.4026,35.9087],[-95.4041,35.9444],[-95.4218,35.9445],[-95.422,35.9735],[-95.4042,35.9735],[-95.4059,35.988],[-95.3864,35.9881],[-95.3864,36.0172],[-95.3327,36.0172],[-95.3327,36.0344],[-95.3123,36.0353],[-95.285,36.0446],[-95.2554,36.0748],[-95.5715,36.0753],[-95.5514,36.0658],[-95.5746,36.0766],[-95.5885,36.0762],[-95.5853,36.0773],[-95.5904,36.0802],[-95.5838,36.0807],[-95.5929,36.0897],[-95.6337,36.0875],[-95.6437,36.092],[-95.6484,36.0888],[-95.6574,36.0923],[-95.6561,36.0952],[-95.6639,36.0949],[-95.662,36.0995],[-95.6715,36.0941],[-95.6725,36.1043],[-95.7261,36.1044],[-95.726,36.0609],[-95.7081,36.0608],[-95.7081,36.0463],[-95.6902,36.0462],[-95.6902,36.0317],[-95.7354,36.0315],[-95.7412,36.0367],[-95.7433,36.0307],[-95.7616,36.0319],[-95.7617,35.9011],[-95.8195,35.9009]]]},"properties":{"geoid":"40012","state":"40","district":"12","name":"State House District 12","chamber":"House"}},{"type":"Feature","geometry":{"type":"Polygon","coordinates":[[[-95.7662,35.7272],[-95.6422,35.726],[-95.642,35.639],[-95.6243,35.6386],[-95.6245,35.5523],[-95.646,35.5517],[-95.6456,35.5204],[-95.6074,35.4789],[-95.5572,35.4785],[-95.5572,35.4583],[-95.5402,35.4586],[-95.5403,35.4495],[-95.5048,35.4497],[-95.5046,35.4642],[-95.3536,35.4642],[-95.3448,35.4679],[-95.3448,35.5518],[-95.3581,35.5518],[-95.3581,35.639],[-95.287,35.6389],[-95.2871,35.646],[-95.279,35.646],[-95.2793,35.6511],[-95.2765,35.6494],[-95.2502,35.6765],[-95.2242,35.711],[-95.2516,35.716],[-95.2516,35.7114],[-95.3098,35.7115],[-95.3096,35.726],[-95.378,35.7254],[-95.3722,35.7404],[-95.3894,35.7422],[-95.383,35.7528],[-95.3694,35.7479],[-95.3659,35.754],[-95.3228,35.7551],[-95.3255,35.7843],[-95.3369,35.7844],[-95.3314,35.8133],[-95.3051,35.8132],[-95.3051,35.8858],[-95.3909,35.8858],[-95.3936,35.8823],[-95.4025,35.8866],[-95.4022,35.8066],[-95.4269,35.7983],[-95.4776,35.8042],[-95.5207,35.7922],[-95.5631,35.7879],[-95.5773,35.7716],[-95.5897,35.7652],[-95.6019,35.7781],[-95.6215,35.7776],[-95.6383,35.7876],[-95.6388,35.8365],[-95.6491,35.8421],[-95.6504,35.8566],[-95.7661,35.8563],[-95.7662,35.7272]]]},"properties":{"geoid":"40013","state":"40","district":"13","name":"State House District 13","chamber":"House"}},{"type":"Feature","geometry":{"type":"Polygon","coordinates":[[[-95.422,35.9735],[-95.4218,35.9445],[-95.4041,35.9444],[-95.4025,35.8866],[-95.3936,35.8823],[-95.3909,35.8858],[-95.3051,35.8858],[-95.3051,35.8132],[-95.3314,35.8133],[-95.3369,35.7844],[-95.3255,35.7843],[-95.3228,35.7551],[-95.3659,35.754],[-95.3694,35.7479],[-95.383,35.7528],[-95.3894,35.7422],[-95.3722,35.7404],[-95.3783,35.7255],[-95.3096,35.726],[-95.3098,35.7115],[-95.2516,35.7114],[-95.2516,35.716],[-95.2216,35.7105],[-95.2258,35.6865],[-95.2035,35.6678],[-95.194,35.6679],[-95.194,35.6594],[-95.1872,35.6533],[-95.1627,35.6533],[-95.1628,35.6678],[-95.1375,35.6677],[-95.1272,35.6731],[-95.1269,35.9006],[-95.1362,35.9069],[-95.1363,35.9237],[-95.1407,35.9237],[-95.1413,35.9297],[-95.154,35.9272],[-95.1629,35.9306],[-95.1613,35.9353],[-95.1546,35.9352],[-95.1541,35.9442],[-95.1721,35.9442],[-95.1719,35.9565],[-95.179,35.9587],[-95.2078,35.9587],[-95.2078,35.9732],[-95.2433,35.9722],[-95.2393,35.9877],[-95.2522,35.9878],[-95.2765,35.9682],[-95.2996,35.9676],[-95.3152,35.9803],[-95.3154,36.0026],[-95.3291,36.0172],[-95.3864,36.0172],[-95.3864,35.9881],[-95.4059,35.988],[-95.4042,35.9735],[-95.422,35.9735]]]},"properties":{"geoid":"40014","state":"40","district":"14","name":"State House District 14","chamber":"House"}},{"type":"Feature","geometry":{"type":"Polygon","coordinates":[[[-95.9832,35.2029],[-95.9831,35.1517],[-95.908,35.1435],[-95.8884,35.1557],[-95.8692,35.1869],[-95.8478,35.1884],[-95.8373,35.1845],[-95.7921,35.1972],[-95.7825,35.1939],[-95.7677,35.1784],[-95.7569,35.1769],[-95.7423,35.1925],[-95.7172,35.189],[-95.7072,35.2023],[-95.6798,35.2035],[-95.6742,35.2089],[-95.6828,35.2164],[-95.6769,35.2248],[-95.6281,35.2468],[-95.6109,35.2498],[-95.6041,35.2441],[-95.6046,35.237],[-95.623,35.2279],[-95.6195,35.2222],[-95.6081,35.2204],[-95.611,35.2165],[-95.5683,35.2293],[-95.5572,35.2174],[-95.575,35.2175],[-95.5751,35.2103],[-95.5682,35.2066],[-95.5743,35.202],[-95.4552,35.2027],[-95.455,35.1604],[-95.3937,35.1602],[-95.3906,35.1429],[-95.3711,35.1226],[-95.3495,35.126],[-95.3494,35.0585],[-94.9279,35.0582],[-94.9278,35.0052],[-94.8796,35.0293],[-94.8485,35.0292],[-94.8489,35.0499],[-94.8437,35.0625],[-94.8189,35.0368],[-94.8027,35.0291],[-94.7818,35.0337],[-94.7554,35.0564],[-94.7344,35.056],[-94.7412,35.0814],[-94.7519,35.0859],[-94.7408,35.1067],[-94.7526,35.1162],[-94.7766,35.1194],[-94.7832,35.1298],[-94.7702,35.1308],[-94.7718,35.1508],[-94.7679,35.1534],[-94.7731,35.1558],[-94.7725,35.1887],[-94.768,35.202],[-94.7613,35.2023],[-94.7612,35.2168],[-94.8143,35.2148],[-94.8136,35.3233],[-94.8259,35.3334],[-94.8312,35.3655],[-94.8452,35.3708],[-94.8689,35.3556],[-94.9145,35.3475],[-94.9193,35.3541],[-94.8947,35.3731],[-94.8923,35.3797],[-94.9018,35.3979],[-94.9257,35.3928],[-94.9385,35.3966],[-94.9513,35.4083],[-95.0002,35.412],[-95.0228,35.4287],[-95.0235,35.4508],[-95.0277,35.4548],[-95.0612,35.4651],[-95.0772,35.4588],[-95.0856,35.4614],[-95.0961,35.4857],[-95.1208,35.5057],[-95.1323,35.5261],[-95.1323,35.5518],[-95.1273,35.5518],[-95.1272,35.6731],[-95.1375,35.6677],[-95.1628,35.6678],[-95.1627,35.6533],[-95.1872,35.6533],[-95.194,35.6594],[-95.194,35.6679],[-95.2035,35.6678],[-95.2258,35.6865],[-95.2242,35.711],[-95.2502,35.6765],[-95.2765,35.6494],[-95.2793,35.6511],[-95.279,35.646],[-95.2871,35.646],[-95.287,35.6389],[-95.3581,35.639],[-95.3581,35.5518],[-95.3448,35.5518],[-95.3448,35.4679],[-95.3536,35.4642],[-95.5046,35.4642],[-95.5048,35.4497],[-95.5403,35.4495],[-95.5402,35.4586],[-95.5572,35.4583],[-95.5572,35.4785],[-95.6087,35.4798],[-95.6453,35.5195],[-95.646,35.5517],[-95.8224,35.5517],[-95.8224,35.4637],[-95.8753,35.4636],[-95.8754,35.3767],[-95.9815,35.3768],[-95.9832,35.2029]]]},"properties":{"geoid":"40015","state":"40","district":"15","name":"State House District 15","chamber":"House"}},{"type":"Feature","geometry":{"type":"Polygon","coordinates":[[[-96.1928,35.5774],[-96.1927,35.552],[-96.0878,35.552],[-96.0875,35.3769],[-95.8754,35.3767],[-95.8753,35.4636],[-95.8224,35.4637],[-95.8224,35.5517],[-95.6245,35.5517],[-95.6243,35.6386],[-95.642,35.639],[-95.6422,35.726],[-95.7663,35.7257],[-95.7661,35.8563],[-95.8195,35.8563],[-95.8195,35.9012],[-95.7617,35.9011],[-95.7616,35.9738],[-95.7791,35.9738],[-95.7744,35.9662],[-95.7811,35.9588],[-95.7963,35.9637],[-95.8151,35.9628],[-95.8151,35.9739],[-95.8687,35.9738],[-95.8688,35.9302],[-95.9044,35.9301],[-95.9045,35.9011],[-95.9081,35.9011],[-95.9085,35.7694],[-95.944,35.7695],[-95.944,35.7405],[-96.0509,35.7408],[-96.0509,35.7554],[-96.1114,35.7555],[-96.1575,35.7553],[-96.1575,35.7408],[-96.1925,35.7408],[-96.1928,35.5774]]]},"properties":{"geoid":"40016","state":"40","district":"16","name":"State House District 16","chamber":"House"}},{"type":"Feature","geometry":{"type":"Polygon","coordinates":[[[-95.9295,34.6806],[-95.8822,34.6805],[-95.882,34.5935],[-95.5145,34.5942],[-95.5145,34.6807],[-95.0596,34.6807],[-95.0595,34.855],[-94.9978,34.8549],[-94.9981,34.942],[-94.9277,34.942],[-94.9279,35.0582],[-95.3494,35.0585],[-95.3495,35.126],[-95.3711,35.1226],[-95.3906,35.1429],[-95.3937,35.1602],[-95.455,35.1604],[-95.4552,35.2027],[-95.5743,35.202],[-95.5682,35.2066],[-95.5751,35.2103],[-95.575,35.2175],[-95.5572,35.2174],[-95.5683,35.2293],[-95.611,35.2165],[-95.6081,35.2204],[-95.6195,35.2222],[-95.623,35.2279],[-95.6046,35.237],[-95.6041,35.2441],[-95.6109,35.2498],[-95.6281,35.2468],[-95.6769,35.2248],[-95.6828,35.2164],[-95.6742,35.2089],[-95.6798,35.2035],[-95.7072,35.2023],[-95.7172,35.189],[-95.7423,35.1925],[-95.7569,35.1769],[-95.7677,35.1784],[-95.7825,35.1939],[-95.7921,35.1972],[-95.8373,35.1845],[-95.8478,35.1884],[-95.8692,35.1869],[-95.8965,35.149],[-95.8891,35.1416],[-95.8842,35.1451],[-95.772,35.1451],[-95.7687,35.0638],[-95.7746,35.0264],[-95.7664,35.006],[-95.7409,34.9988],[-95.7582,34.9748],[-95.7614,34.9471],[-95.7786,34.8952],[-95.8133,34.8624],[-95.8167,34.8636],[-95.8412,34.8347],[-95.8477,34.8344],[-95.8491,34.8233],[-95.8817,34.7822],[-95.9024,34.7314],[-95.9151,34.7244],[-95.9085,34.7131],[-95.9042,34.7132],[-95.9114,34.6927],[-95.9295,34.6806]]]},"properties":{"geoid":"40017","state":"40","district":"17","name":"State House District 17","chamber":"House"}},{"type":"Feature","geometry":{"type":"Polygon","coordinates":[[[-96.6247,35.4629],[-96.6213,35.3981],[-96.6114,35.3942],[-96.6065,35.3994],[-96.5998,35.3969],[-96.5859,35.4115],[-96.5768,35.402],[-96.5556,35.4025],[-96.5565,35.3947],[-96.537,35.3907],[-96.5317,35.4002],[-96.5381,35.4044],[-96.5372,35.4109],[-96.5496,35.4146],[-96.5478,35.4185],[-96.5526,35.423],[-96.5565,35.4188],[-96.5599,35.4213],[-96.5557,35.4345],[-96.5696,35.4396],[-96.5599,35.449],[-96.5538,35.4481],[-96.5543,35.4539],[-96.5444,35.4528],[-96.5439,35.4578],[-96.5188,35.4313],[-96.4971,35.4288],[-96.4849,35.4356],[-96.4831,35.4425],[-96.4883,35.4482],[-96.4758,35.4634],[-96.4656,35.4581],[-96.4586,35.4615],[-96.4462,35.4584],[-96.4412,35.4677],[-96.4413,35.1158],[-96.4904,35.1159],[-96.4908,34.9106],[-96.4781,34.9164],[-96.4604,34.9165],[-96.4365,34.9025],[-96.4264,34.9032],[-96.4182,34.9081],[-96.4061,34.9342],[-96.4064,34.68],[-96.5122,34.6801],[-96.5138,34.4632],[-96.4098,34.4619],[-96.4084,34.4764],[-96.3641,34.4765],[-96.3637,34.4728],[-96.3561,34.4728],[-96.3451,34.4782],[-96.3112,34.4764],[-96.3111,34.4975],[-96.3024,34.4985],[-96.3025,34.5061],[-96.2621,34.5305],[-96.2451,34.5349],[-96.2494,34.5349],[-96.2488,34.5435],[-96.2143,34.5481],[-96.2144,34.5929],[-96.1832,34.593],[-96.1794,34.6067],[-96.1668,34.5992],[-96.1611,34.6072],[-96.0921,34.6075],[-96.092,34.6806],[-95.9297,34.6805],[-95.9129,34.6907],[-95.9042,34.7132],[-95.9085,34.7131],[-95.9151,34.7244],[-95.9024,34.7314],[-95.8817,34.7822],[-95.8491,34.8233],[-95.8477,34.8344],[-95.8412,34.8347],[-95.8167,34.8636],[-95.8133,34.8624],[-95.7786,34.8952],[-95.7614,34.9471],[-95.7582,34.9748],[-95.7409,34.9988],[-95.7664,35.006],[-95.7746,35.0264],[-95.7687,35.0638],[-95.772,35.1451],[-95.8842,35.1451],[-95.8856,35.1414],[-95.8965,35.149],[-95.9213,35.1426],[-95.9528,35.1514],[-95.9831,35.1517],[-95.9815,35.3768],[-96.0875,35.3769],[-96.0878,35.552],[-96.1927,35.552],[-96.1926,35.6391],[-96.6208,35.639],[-96.6247,35.4629]]]},"properties":{"geoid":"40018","state":"40","district":"18","name":"State House District 18","chamber":"House"}},{"type":"Feature","geometry":{"type":"Polygon","coordinates":[[[-96.5325,33.8229],[-96.5197,33.811],[-96.5166,33.7883],[-96.501,33.7728],[-96.4592,33.7752],[-96.448,33.781],[-96.4218,33.7752],[-96.4082,33.7505],[-96.3696,33.7168],[-96.3622,33.6918],[-96.3461,33.6863],[-96.3211,33.6951],[-96.3122,33.7063],[-96.3064,33.7231],[-96.3062,33.744],[-96.2937,33.7694],[-96.2636,33.7675],[-96.229,33.748],[-96.1866,33.755],[-96.1691,33.7704],[-96.1598,33.8116],[-96.1555,33.814],[-96.1638,33.8131],[-96.1696,33.8009],[-96.1757,33.8023],[-96.1791,33.8102],[-96.1665,33.8179],[-96.1508,33.817],[-96.1492,33.8371],[-96.1229,33.84],[-96.0994,33.8305],[-96.1001,33.848],[-96.0488,33.8365],[-96.035,33.8426],[-96.027,33.8575],[-96.0195,33.8535],[-96.0227,33.8411],[-96.0171,33.8415],[-96.0041,33.8452],[-95.9968,33.8539],[-95.9949,33.8618],[-96.0029,33.8667],[-96.0029,33.8736],[-95.9849,33.8658],[-95.9849,33.8525],[-95.9473,33.8589],[-95.9514,33.8573],[-95.9418,33.8617],[-95.9322,33.8839],[-95.9251,33.8849],[-95.8672,33.8513],[-95.8568,33.8501],[-95.8439,33.8382],[-95.8304,33.8348],[-95.8195,33.8413],[-95.8209,33.8562],[-95.8156,33.8599],[-95.7976,33.8606],[-95.7702,33.8452],[-95.758,33.8496],[-95.7513,33.8603],[-95.7625,33.8811],[-95.7522,33.8946],[-95.7332,33.8964],[-95.7122,33.8855],[-95.7006,33.8858],[-95.6846,33.8906],[-95.6655,33.909],[-95.6328,33.9048],[-95.6164,33.9276],[-95.6031,33.9292],[-95.5941,33.9431],[-95.5819,33.9342],[-95.5638,33.9329],[-95.5542,33.927],[-95.5478,33.9019],[-95.5512,33.8897],[-95.5441,33.8806],[-95.5326,33.8815],[-95.5086,33.8975],[-95.506,33.877],[-95.5021,33.8751],[-95.4835,33.8768],[-95.463,33.8872],[-95.4597,33.8867],[-95.4633,33.8724],[-95.4432,33.8666],[-95.4277,33.8705],[-95.4052,33.8646],[-95.3632,33.8668],[-95.3357,33.8743],[-95.3299,33.8863],[-95.3051,33.8746],[-95.2807,33.8755],[-95.2781,33.89],[-95.2856,33.9034],[-95.2755,33.9114],[-95.2668,33.9091],[-95.2667,33.8939],[-95.2589,33.8892],[-95.2486,33.9062],[-95.2502,33.9385],[-95.2329,33.9497],[-95.2261,33.9622],[-95.2145,33.9623],[-95.1715,33.9467],[-95.1559,33.9366],[-95.1565,34.157],[-95.1513,34.1568],[-95.1513,34.2437],[-95.0466,34.2438],[-95.0467,34.5073],[-94.9376,34.5073],[-94.9376,34.6808],[-95.5145,34.6807],[-95.5145,34.5942],[-95.6718,34.5937],[-95.6717,34.5068],[-95.7791,34.5066],[-95.7792,34.4176],[-95.8664,34.4173],[-95.8669,34.3886],[-95.9008,34.3885],[-95.9008,34.374],[-95.9882,34.3744],[-95.9881,34.3454],[-95.993,34.3488],[-96.0051,34.3438],[-96.0054,34.3165],[-96.0145,34.3165],[-96.0146,34.311],[-96.0229,34.3166],[-96.023,34.302],[-96.0405,34.302],[-96.0405,34.273],[-96.0055,34.2728],[-96.0055,34.2585],[-95.9881,34.2584],[-95.9873,34.2293],[-95.9358,34.2323],[-95.9297,34.2269],[-95.929,34.2163],[-95.9188,34.1981],[-95.919,34.1567],[-96.4129,34.1562],[-96.4009,34.1416],[-96.3922,34.1411],[-96.3946,34.1289],[-96.3879,34.1239],[-96.3905,34.1192],[-96.3749,34.1078],[-96.3692,34.0957],[-96.3717,34.0896],[-96.366,34.0919],[-96.3582,34.0842],[-96.3612,34.0777],[-96.3526,34.0707],[-96.3526,34.0647],[-96.3422,34.0636],[-96.3456,34.061],[-96.3404,34.0533],[-96.3467,34.0495],[-96.3472,34.0428],[-96.338,34.0409],[-96.3359,33.996],[-96.3405,33.9737],[-96.3506,33.9658],[-96.3731,33.9656],[-96.3731,33.8661],[-96.3787,33.8477],[-96.3864,33.8383],[-96.3964,33.8353],[-96.4131,33.8396],[-96.4138,33.8528],[-96.496,33.8529],[-96.4942,33.8602],[-96.5038,33.8601],[-96.5038,33.8544],[-96.5115,33.8529],[-96.5141,33.8437],[-96.5325,33.8229]]]},"properties":{"geoid":"40019","state":"40","district":"19","name":"State House District 19","chamber":"House"}},{"type":"Feature","geometry":{"type":"Polygon","coordinates":[[[-97.6714,35.3374],[-97.6705,35.1028],[-97.6,35.1024],[-97.6001,35.0588],[-97.5019,35.0588],[-97.5027,35.0505],[-97.4812,35.05],[-97.4752,35.0568],[-97.4768,35.0734],[-97.4417,35.0733],[-97.4417,35.0662],[-97.4241,35.0661],[-97.4241,35.0807],[-97.4152,35.0807],[-97.4157,35.0878],[-97.3888,35.0821],[-97.3683,35.0852],[-97.3528,35.074],[-97.3546,35.0663],[-97.3496,35.0555],[-97.3566,35.0288],[-97.3004,35.0294],[-97.3006,35.0148],[-97.1421,35.0148],[-97.1421,35.1017],[-97.3355,35.1029],[-97.3532,35.1012],[-97.3532,35.0974],[-97.3709,35.1075],[-97.3705,35.175],[-97.4236,35.1751],[-97.4237,35.1607],[-97.4534,35.1637],[-97.4578,35.1703],[-97.5548,35.2243],[-97.5622,35.2346],[-97.5567,35.2402],[-97.5665,35.2474],[-97.5589,35.2481],[-97.5641,35.2526],[-97.5547,35.2622],[-97.5607,35.2921],[-97.5814,35.3025],[-97.6178,35.3052],[-97.6525,35.3334],[-97.6714,35.3374]]]},"properties":{"geoid":"40020","state":"40","district":"20","name":"State House District 20","chamber":"House"}},{"type":"Feature","geometry":{"type":"Polygon","coordinates":[[[-96.7264,34.0267],[-96.7262,34.0099],[-96.7187,34.0096],[-96.711,34.002],[-96.6748,33.9982],[-96.6743,33.9693],[-96.6917,33.9692],[-96.6917,33.9299],[-96.6953,33.9327],[-96.6937,33.9252],[-96.698,33.9247],[-96.6876,33.9034],[-96.678,33.9022],[-96.6734,33.9123],[-96.6644,33.9173],[-96.6283,33.8945],[-96.5879,33.8948],[-96.5854,33.8889],[-96.5901,33.8807],[-96.612,33.869],[-96.6298,33.8466],[-96.5732,33.8192],[-96.5581,33.8171],[-96.5327,33.8231],[-96.5141,33.8437],[-96.5115,33.8529],[-96.5038,33.8544],[-96.5038,33.8601],[-96.4942,33.8602],[-96.496,33.8529],[-96.4138,33.8528],[-96.4121,33.8388],[-96.3964,33.8353],[-96.3864,33.8383],[-96.3791,33.8466],[-96.3731,33.8661],[-96.3731,33.9656],[-96.3444,33.9688],[-96.3359,33.996],[-96.338,34.0409],[-96.3473,34.0431],[-96.3467,34.0495],[-96.3404,34.0533],[-96.3456,34.061],[-96.3422,34.0636],[-96.3525,34.0646],[-96.3526,34.0707],[-96.3612,34.0777],[-96.3582,34.0842],[-96.366,34.0919],[-96.3717,34.0896],[-96.3701,34.0998],[-96.3904,34.119],[-96.3879,34.1239],[-96.3946,34.1289],[-96.3922,34.1411],[-96.3983,34.1401],[-96.4073,34.1471],[-96.4133,34.1556],[-96.4106,34.1573],[-96.4539,34.1573],[-96.4538,34.1141],[-96.5838,34.1143],[-96.5871,34.1178],[-96.5822,34.1186],[-96.5823,34.1253],[-96.6002,34.1347],[-96.603,34.1456],[-96.6061,34.1402],[-96.6133,34.1414],[-96.6078,34.1462],[-96.6192,34.154],[-96.6208,34.162],[-96.6286,34.1537],[-96.6412,34.1584],[-96.6386,34.1681],[-96.6561,34.1612],[-96.6678,34.1668],[-96.67,34.1725],[-96.7132,34.1726],[-96.7061,34.162],[-96.706,34.1471],[-96.723,34.129],[-96.7147,34.129],[-96.7147,34.1144],[-96.706,34.1144],[-96.7061,34.0999],[-96.7109,34.0999],[-96.706,34.0709],[-96.7176,34.0709],[-96.7175,34.0496],[-96.7263,34.0501],[-96.7264,34.0267]]]},"properties":{"geoid":"40021","state":"40","district":"21","name":"State House District 21","chamber":"House"}},{"type":"Feature","geometry":{"type":"Polygon","coordinates":[[[-97.2001,34.6228],[-97.1948,34.617],[-97.198,34.6088],[-97.1906,34.6055],[-97.191,34.5971],[-97.175,34.5955],[-97.1671,34.5882],[-97.1747,34.5859],[-97.1642,34.5741],[-97.1743,34.5743],[-97.1732,34.5651],[-97.1573,34.564],[-97.1647,34.5595],[-97.1574,34.5515],[-97.1635,34.5482],[-97.1602,34.5349],[-97.1657,34.5317],[-97.1568,34.5218],[-97.1437,34.5207],[-97.1531,34.5168],[-97.144,34.5066],[-97.1741,34.5067],[-97.1533,34.4694],[-97.1289,34.4421],[-97.1449,34.3761],[-97.0365,34.3754],[-97.0337,34.3729],[-97.0387,34.366],[-97.0314,34.3513],[-97.0428,34.3425],[-97.0288,34.3323],[-96.9333,34.3326],[-96.9335,34.1727],[-96.67,34.1725],[-96.6678,34.1668],[-96.6561,34.1612],[-96.6386,34.1681],[-96.6412,34.1584],[-96.6286,34.1537],[-96.6208,34.162],[-96.6192,34.154],[-96.6078,34.1462],[-96.6133,34.1414],[-96.6068,34.1399],[-96.6018,34.1448],[-96.6002,34.1347],[-96.5823,34.1253],[-96.5822,34.1186],[-96.5871,34.1178],[-96.5838,34.1143],[-96.4538,34.1141],[-96.4539,34.1573],[-95.919,34.1567],[-95.9188,34.1981],[-95.929,34.2163],[-95.9297,34.2269],[-95.9358,34.2323],[-95.9873,34.2293],[-95.9881,34.2584],[-96.0055,34.2585],[-96.0055,34.2728],[-96.0405,34.273],[-96.0405,34.302],[-96.023,34.302],[-96.0229,34.3166],[-96.0146,34.311],[-96.0145,34.3165],[-96.0054,34.3165],[-96.0051,34.3438],[-95.993,34.3488],[-95.9881,34.3454],[-95.9882,34.3744],[-95.9008,34.374],[-95.9008,34.3885],[-95.8669,34.3886],[-95.8664,34.4173],[-95.7792,34.4176],[-95.7791,34.5066],[-95.6717,34.5068],[-95.6718,34.5937],[-95.882,34.5935],[-95.8822,34.6805],[-96.092,34.6806],[-96.0921,34.6075],[-96.1611,34.6072],[-96.1668,34.5992],[-96.1794,34.6067],[-96.1832,34.593],[-96.2144,34.5929],[-96.2143,34.5481],[-96.2488,34.5435],[-96.2494,34.5349],[-96.2451,34.5349],[-96.2621,34.5305],[-96.3025,34.5061],[-96.3024,34.4985],[-96.3111,34.4975],[-96.3112,34.4764],[-96.3451,34.4782],[-96.3561,34.4728],[-96.3637,34.4728],[-96.3641,34.4765],[-96.4084,34.4764],[-96.4098,34.4619],[-96.5138,34.4632],[-96.5138,34.5054],[-96.8273,34.5061],[-96.8271,34.5932],[-96.9324,34.5933],[-96.9325,34.6368],[-97.1427,34.6371],[-97.1426,34.6226],[-97.2001,34.6228]]]},"properties":{"geoid":"40022","state":"40","district":"22","name":"State House District 22","chamber":"House"}},{"type":"Feature","geometry":{"type":"Polygon","coordinates":[[[-95.8511,36.1255],[-95.8511,36.119],[-95.7351,36.119],[-95.7351,36.1117],[-95.7261,36.1116],[-95.7261,36.1044],[-95.6725,36.1043],[-95.6727,36.1623],[-95.6192,36.1626],[-95.6204,36.1901],[-95.6058,36.1956],[-95.598,36.2179],[-95.6083,36.2258],[-95.6253,36.2239],[-95.6007,36.2232],[-95.6036,36.2275],[-95.5942,36.2308],[-95.6026,36.2345],[-95.5949,36.2372],[-95.6031,36.2411],[-95.5964,36.2472],[-95.6017,36.2515],[-95.6014,36.2552],[-95.5964,36.2535],[-95.597,36.259],[-95.6093,36.2644],[-95.6085,36.278],[-95.625,36.2792],[-95.6791,36.2786],[-95.6904,36.2628],[-95.7123,36.2738],[-95.7434,36.2668],[-95.7343,36.2565],[-95.7345,36.2498],[-95.7584,36.2495],[-95.76,36.2325],[-95.8153,36.2245],[-95.8154,36.148],[-95.8481,36.148],[-95.8511,36.1255]]]},"properties":{"geoid":"40023","state":"40","district":"23","name":"State House District 23","chamber":"House"}},{"type":"Feature","geometry":{"type":"Polygon","coordinates":[[[-96.1926,35.7451],[-96.1925,35.7408],[-96.1575,35.7408],[-96.1575,35.7553],[-96.0509,35.7554],[-96.0509,35.7408],[-95.944,35.7405],[-95.944,35.7695],[-95.9085,35.7694],[-95.9081,35.9011],[-95.9045,35.9011],[-95.9044,35.9301],[-95.8688,35.9302],[-95.8686,36.0029],[-95.8866,36.0028],[-95.8865,35.9883],[-95.9044,35.9883],[-95.9045,35.9654],[-95.9174,35.9739],[-95.9938,35.9737],[-95.9938,35.9592],[-96.0117,35.9592],[-96.0118,35.9445],[-96.0295,35.9447],[-96.0295,35.9156],[-96.0831,35.9156],[-96.0833,35.9229],[-96.0833,35.9155],[-96.1544,35.9156],[-96.1548,35.9012],[-96.1659,35.9011],[-96.1659,35.8788],[-96.192,35.8788],[-96.1926,35.7451]]]},"properties":{"geoid":"40024","state":"40","district":"24","name":"State House District 24","chamber":"House"}},{"type":"Feature","geometry":{"type":"Polygon","coordinates":[[[-97.1423,34.9285],[-97.1337,34.9247],[-97.1329,34.9346],[-97.114,34.9351],[-97.1013,34.9303],[-97.1214,34.9047],[-97.1183,34.8987],[-97.1069,34.8986],[-97.1078,34.855],[-96.9324,34.8546],[-96.9324,34.5933],[-96.8271,34.5932],[-96.8273,34.5061],[-96.5121,34.5056],[-96.5122,34.6801],[-96.4064,34.68],[-96.4061,34.9342],[-96.4182,34.9081],[-96.4264,34.9032],[-96.4365,34.9025],[-96.4604,34.9165],[-96.4893,34.9116],[-96.5126,34.8755],[-96.5271,34.8696],[-96.546,34.8823],[-96.5563,34.8992],[-96.556,34.9126],[-96.5641,34.9173],[-96.5771,34.9166],[-96.6132,34.9005],[-96.6368,34.8988],[-96.647,34.9022],[-96.6654,34.9284],[-96.6942,34.9328],[-96.7046,34.9263],[-96.7121,34.9139],[-96.6935,34.9013],[-96.687,34.8913],[-96.6873,34.881],[-96.6948,34.8681],[-96.7257,34.8569],[-96.7404,34.8669],[-96.7555,34.8998],[-96.7851,34.8991],[-96.7986,34.9059],[-96.7982,34.93],[-96.8159,34.9457],[-96.8524,34.9288],[-96.8854,34.9263],[-96.9108,34.959],[-96.9299,34.9651],[-96.9314,34.9859],[-97.0393,34.9859],[-97.0727,35.0143],[-97.1421,35.0148],[-97.1423,34.9285]]]},"properties":{"geoid":"40025","state":"40","district":"25","name":"State House District 25","chamber":"House"}},{"type":"Feature","geometry":{"type":"Polygon","coordinates":[[[-97.0896,35.3912],[-97.0895,35.3841],[-97.0714,35.3834],[-97.0717,35.3768],[-97.0542,35.3748],[-97.0539,35.2896],[-96.8072,35.2897],[-96.8072,35.3331],[-96.7768,35.3334],[-96.7769,35.4056],[-96.8946,35.4054],[-96.8948,35.42],[-96.9473,35.42],[-96.9475,35.4055],[-97.0183,35.4055],[-97.0183,35.391],[-97.0896,35.3912]]]},"properties":{"geoid":"40026","state":"40","district":"26","name":"State House District 26","chamber":"House"}},{"type":"Feature","geometry":{"type":"Polygon","coordinates":[[[-97.4591,35.2908],[-97.4591,35.2763],[-97.2828,35.2761],[-97.2828,35.1895],[-97.3707,35.1895],[-97.3709,35.1075],[-97.3532,35.0974],[-97.3532,35.1012],[-97.3355,35.1029],[-97.1421,35.1017],[-97.1421,35.1307],[-97.0498,35.1306],[-97.0496,35.1235],[-97.0239,35.1236],[-97.024,35.1163],[-96.9846,35.1162],[-96.9843,35.0534],[-96.9625,35.0653],[-96.9624,35.073],[-96.9312,35.0728],[-96.9319,35.1054],[-96.9233,35.1054],[-96.9233,35.116],[-96.8794,35.116],[-96.8794,35.1014],[-96.8093,35.1014],[-96.8092,35.1158],[-96.7916,35.1302],[-96.7917,35.1446],[-96.7758,35.1447],[-96.7768,35.3334],[-96.8072,35.3331],[-96.8072,35.2897],[-97.0539,35.2896],[-97.0539,35.3331],[-97.142,35.3332],[-97.1419,35.3187],[-97.3181,35.3196],[-97.318,35.3412],[-97.3708,35.3413],[-97.3709,35.3486],[-97.4414,35.3488],[-97.4413,35.2908],[-97.4591,35.2908]]]},"properties":{"geoid":"40027","state":"40","district":"27","name":"State House District 27","chamber":"House"}},{"type":"Feature","geometry":{"type":"Polygon","coordinates":[[[-97.1423,35.0231],[-97.1421,35.0148],[-97.0721,35.0141],[-97.0396,34.9859],[-96.9314,34.9859],[-96.9299,34.9651],[-96.9108,34.959],[-96.8854,34.9263],[-96.8524,34.9288],[-96.8159,34.9457],[-96.7982,34.93],[-96.7986,34.9059],[-96.7851,34.8991],[-96.7555,34.8998],[-96.7421,34.8694],[-96.728,34.8572],[-96.6948,34.8681],[-96.6873,34.881],[-96.687,34.8913],[-96.6935,34.9013],[-96.7121,34.9139],[-96.7046,34.9263],[-96.692,34.9333],[-96.6654,34.9284],[-96.647,34.9022],[-96.6368,34.8988],[-96.6132,34.9005],[-96.5771,34.9166],[-96.5641,34.9173],[-96.556,34.9126],[-96.5559,34.8981],[-96.5438,34.8801],[-96.5303,34.87],[-96.517,34.8716],[-96.4908,34.9106],[-96.4904,35.1159],[-96.4413,35.1158],[-96.4412,35.4677],[-96.4462,35.4584],[-96.4586,35.4615],[-96.4656,35.4581],[-96.4758,35.4634],[-96.4883,35.4482],[-96.4831,35.4425],[-96.4849,35.4356],[-96.4971,35.4288],[-96.5188,35.4313],[-96.5439,35.4578],[-96.5444,35.4528],[-96.5543,35.4539],[-96.5538,35.4481],[-96.5599,35.449],[-96.5696,35.4396],[-96.5557,35.4345],[-96.5599,35.4213],[-96.5565,35.4188],[-96.5526,35.423],[-96.5478,35.4185],[-96.5496,35.4146],[-96.5372,35.4109],[-96.5381,35.4044],[-96.5317,35.4002],[-96.537,35.3907],[-96.5565,35.3947],[-96.5556,35.4025],[-96.5768,35.402],[-96.5859,35.4115],[-96.5998,35.3969],[-96.6065,35.3994],[-96.6114,35.3942],[-96.6213,35.3981],[-96.6247,35.4627],[-97.1415,35.464],[-97.142,35.3332],[-97.0539,35.3331],[-97.0542,35.3748],[-97.0717,35.3768],[-97.0714,35.3834],[-97.0895,35.3841],[-97.0896,35.3912],[-97.0183,35.391],[-97.0183,35.4055],[-96.9475,35.4055],[-96.9473,35.42],[-96.8948,35.42],[-96.8946,35.4054],[-96.7767,35.4055],[-96.7758,35.1447],[-96.7917,35.1446],[-96.7916,35.1302],[-96.8092,35.1158],[-96.8093,35.1014],[-96.8794,35.1014],[-96.8794,35.116],[-96.9233,35.116],[-96.9233,35.1054],[-96.9319,35.1054],[-96.9312,35.0728],[-96.9624,35.073],[-96.9625,35.0653],[-96.9843,35.0534],[-96.9846,35.1162],[-97.024,35.1163],[-97.0239,35.1236],[-97.0496,35.1235],[-97.0498,35.1306],[-97.1421,35.1307],[-97.1423,35.0231]]]},"properties":{"geoid":"40028","state":"40","district":"28","name":"State House District 28","chamber":"House"}},{"type":"Feature","geometry":{"type":"Polygon","coordinates":[[[-96.6209,35.653],[-96.6208,35.639],[-96.1926,35.6391],[-96.192,35.8788],[-96.1659,35.8788],[-96.1653,35.9027],[-96.1607,35.8984],[-96.1548,35.9012],[-96.1546,35.9154],[-96.1499,35.9157],[-96.1723,35.9158],[-96.1723,35.9304],[-96.1902,35.9303],[-96.1902,36.0321],[-96.0884,36.032],[-96.0742,36.0552],[-96.0741,36.0756],[-96.1011,36.0756],[-96.1011,36.1046],[-96.1901,36.1049],[-96.1904,36.1457],[-96.2394,36.1398],[-96.2669,36.162],[-96.4008,36.1629],[-96.3986,36.1279],[-96.3875,36.1101],[-96.3872,36.0031],[-96.5055,36.0026],[-96.5471,35.9887],[-96.5839,35.9871],[-96.5839,35.9582],[-96.6204,35.9593],[-96.6209,35.653]]]},"properties":{"geoid":"40029","state":"40","district":"29","name":"State House District 29","chamber":"House"}},{"type":"Feature","geometry":{"type":"Polygon","coordinates":[[[-96.1903,35.9693],[-96.1902,35.9303],[-96.1723,35.9304],[-96.1723,35.9158],[-96.0833,35.9155],[-96.0833,35.9229],[-96.0831,35.9156],[-96.0295,35.9156],[-96.0295,35.9447],[-96.0118,35.9445],[-96.0119,35.9643],[-96.0295,35.9592],[-96.0295,36.032],[-96.0475,36.0319],[-96.0475,36.0449],[-96.0296,36.0464],[-96.0295,36.061],[-96.0385,36.0613],[-96.0376,36.0681],[-96.0295,36.0692],[-96.0295,36.1045],[-96.1011,36.1046],[-96.1011,36.0756],[-96.0741,36.0756],[-96.0742,36.0552],[-96.0884,36.032],[-96.1902,36.0321],[-96.1903,35.9693]]]},"properties":{"geoid":"40030","state":"40","district":"30","name":"State House District 30","chamber":"House"}},{"type":"Feature","geometry":{"type":"Polygon","coordinates":[[[-97.6386,35.7098],[-97.6386,35.6965],[-97.5496,35.6965],[-97.5496,35.6896],[-97.5326,35.6896],[-97.5319,35.7257],[-97.2474,35.7246],[-97.2471,35.8265],[-97.2649,35.8263],[-97.265,35.8408],[-97.336,35.8412],[-97.336,35.8339],[-97.3408,35.834],[-97.3539,35.8341],[-97.354,35.8413],[-97.3949,35.8419],[-97.3939,35.8986],[-97.4164,35.8986],[-97.4164,35.8853],[-97.4782,35.8853],[-97.48,35.8711],[-97.5498,35.8714],[-97.5499,35.8422],[-97.5851,35.8423],[-97.5847,35.7258],[-97.6385,35.7259],[-97.6386,35.7098]]]},"properties":{"geoid":"40031","state":"40","district":"31","name":"State House District 31","chamber":"House"}},{"type":"Feature","geometry":{"type":"Polygon","coordinates":[[[-97.2826,35.8604],[-97.2825,35.8408],[-97.265,35.8408],[-97.2649,35.8263],[-97.2471,35.8265],[-97.2471,35.7249],[-97.1411,35.7244],[-97.1415,35.464],[-96.6247,35.4627],[-96.6197,35.9416],[-96.8738,35.9421],[-96.8738,35.9859],[-96.9984,35.9855],[-96.9985,35.9998],[-97.0508,36],[-97.0508,35.9854],[-97.1051,35.9855],[-97.1045,35.9747],[-97.0916,35.979],[-97.0836,35.9748],[-97.0863,35.9633],[-97.095,35.958],[-97.1057,35.9571],[-97.1276,35.9687],[-97.1393,35.9632],[-97.1415,35.8691],[-97.2826,35.8698],[-97.2826,35.8604]]]},"properties":{"geoid":"40032","state":"40","district":"32","name":"State House District 32","chamber":"House"}},{"type":"Feature","geometry":{"type":"Polygon","coordinates":[[[-97.3949,35.8419],[-97.354,35.8413],[-97.3521,35.8341],[-97.336,35.8339],[-97.336,35.8412],[-97.2825,35.8408],[-97.2826,35.8698],[-97.1415,35.8691],[-97.1393,35.9632],[-97.1276,35.9687],[-97.1057,35.9571],[-97.095,35.958],[-97.0863,35.9633],[-97.0836,35.9748],[-97.0916,35.979],[-97.1045,35.9747],[-97.1051,35.9855],[-97.0508,35.9854],[-97.0508,36],[-96.9985,35.9998],[-96.9984,35.9855],[-96.8738,35.9859],[-96.8738,35.9421],[-96.6197,35.9416],[-96.6214,36.1599],[-96.819,36.1589],[-96.8189,36.1878],[-97.0518,36.1884],[-97.0518,36.174],[-97.034,36.174],[-97.0335,36.1087],[-97.0872,36.1086],[-97.0871,36.1013],[-97.1404,36.1013],[-97.1406,36.1303],[-97.1007,36.1304],[-97.1056,36.1738],[-97.0853,36.1786],[-97.0698,36.1739],[-97.0698,36.1884],[-97.1407,36.1882],[-97.1407,36.1592],[-97.3541,36.1591],[-97.354,35.913],[-97.3913,35.9133],[-97.3949,35.8419]]]},"properties":{"geoid":"40033","state":"40","district":"33","name":"State House District 33","chamber":"House"}},{"type":"Feature","geometry":{"type":"Polygon","coordinates":[[[-97.1406,36.1303],[-97.1404,36.1013],[-97.0871,36.1013],[-97.0872,36.1086],[-97.0335,36.1087],[-97.034,36.174],[-97.0789,36.1739],[-97.0853,36.1786],[-97.1056,36.1738],[-97.1007,36.1304],[-97.1406,36.1303]]]},"properties":{"geoid":"40034","state":"40","district":"34","name":"State House District 34","chamber":"House"}},{"type":"Feature","geometry":{"type":"Polygon","coordinates":[[[-97.301,36.291],[-97.2818,36.286],[-97.2827,36.1593],[-97.1407,36.1592],[-97.1407,36.1882],[-97.0698,36.1884],[-97.0698,36.1739],[-97.0518,36.174],[-97.0518,36.1884],[-96.9257,36.1894],[-96.8189,36.1878],[-96.819,36.1589],[-96.6214,36.1599],[-96.6204,35.9593],[-96.5839,35.9582],[-96.5839,35.9871],[-96.5471,35.9887],[-96.5055,36.0026],[-96.3872,36.0031],[-96.3875,36.1101],[-96.3986,36.1279],[-96.4008,36.1629],[-96.2683,36.162],[-96.2692,36.1737],[-96.2476,36.1915],[-96.2429,36.2019],[-96.1852,36.202],[-96.1878,36.2074],[-96.183,36.2142],[-96.1661,36.2164],[-96.1619,36.2358],[-96.165,36.2452],[-96.1925,36.2454],[-96.1927,36.3023],[-96.1883,36.3023],[-96.1844,36.3164],[-96.1902,36.3279],[-96.1867,36.3328],[-96.192,36.3328],[-96.1918,36.3619],[-96.2071,36.3618],[-96.2063,36.3686],[-96.2327,36.3734],[-96.2517,36.37],[-96.2731,36.3764],[-96.2995,36.3768],[-96.3701,36.4033],[-96.385,36.4185],[-96.367,36.4196],[-96.3715,36.4232],[-96.3723,36.4496],[-96.3898,36.4486],[-96.3897,36.4377],[-96.394,36.434],[-96.4075,36.434],[-96.4074,36.4146],[-96.424,36.4082],[-96.4461,36.4144],[-96.4682,36.4124],[-96.5087,36.4365],[-96.5788,36.4501],[-96.6747,36.4966],[-96.704,36.5068],[-96.7246,36.5052],[-96.7235,36.5202],[-96.7372,36.5501],[-96.7536,36.5626],[-96.767,36.5653],[-96.7981,36.5536],[-96.8206,36.5393],[-96.8377,36.5208],[-96.8379,36.5117],[-96.8517,36.4913],[-96.8753,36.4709],[-96.9117,36.468],[-96.9353,36.4559],[-96.982,36.4661],[-97.0052,36.4857],[-97.0125,36.507],[-97.0321,36.507],[-97.032,36.478],[-97.0679,36.4782],[-97.0679,36.4637],[-97.1968,36.4665],[-97.2828,36.4634],[-97.2829,36.3189],[-97.3008,36.3188],[-97.301,36.291]]]},"properties":{"geoid":"40035","state":"40","district":"35","name":"State House District 35","chamber":"House"}},{"type":"Feature","geometry":{"type":"Polygon","coordinates":[[[-97.3538,35.596],[-97.327,35.5947],[-97.327,35.5657],[-97.3181,35.5658],[-97.3182,35.5512],[-97.3093,35.5512],[-97.3093,35.5439],[-97.3005,35.5439],[-97.3005,35.4932],[-97.2651,35.4932],[-97.265,35.4208],[-97.2304,35.4207],[-97.2305,35.3772],[-97.3002,35.3773],[-97.3003,35.3484],[-97.3179,35.3486],[-97.3181,35.3196],[-97.1419,35.3187],[-97.1411,35.7244],[-97.3006,35.7251],[-97.3005,35.6235],[-97.3538,35.6237],[-97.3538,35.596]]]},"properties":{"geoid":"40036","state":"40","district":"36","name":"State House District 36","chamber":"House"}},{"type":"Feature","geometry":{"type":"Polygon","coordinates":[[[-97.1394,36.5944],[-97.0576,36.5939],[-97.0359,36.5862],[-97.0029,36.5826],[-96.9486,36.59],[-96.9239,36.6004],[-96.9107,36.5976],[-96.888,36.5749],[-96.8904,36.5636],[-96.8991,36.5532],[-96.9262,36.5521],[-96.9585,36.5343],[-96.9818,36.5345],[-97.0078,36.5183],[-97.0055,36.486],[-96.982,36.4661],[-96.9684,36.4604],[-96.9377,36.4556],[-96.9117,36.468],[-96.8753,36.4709],[-96.8517,36.4913],[-96.8379,36.5117],[-96.8377,36.5208],[-96.8206,36.5393],[-96.7981,36.5536],[-96.767,36.5653],[-96.7536,36.5626],[-96.7372,36.5501],[-96.7235,36.5202],[-96.7246,36.5052],[-96.704,36.5068],[-96.6747,36.4966],[-96.5784,36.45],[-96.5087,36.4365],[-96.4692,36.4127],[-96.4461,36.4144],[-96.4199,36.4091],[-96.4074,36.4146],[-96.4075,36.434],[-96.3897,36.4377],[-96.3892,36.4564],[-96.3681,36.4968],[-96.3293,36.5339],[-96.3268,36.5428],[-96.3353,36.5428],[-96.3354,36.5501],[-96.3269,36.5501],[-96.3078,36.5808],[-96.3048,36.6137],[-96.314,36.6665],[-96.3065,36.673],[-96.3125,36.6749],[-96.313,36.7055],[-96.299,36.7435],[-96.2537,36.8232],[-96.2525,36.842],[-96.2129,36.8722],[-96.2043,36.8927],[-96.2066,36.9302],[-96.2017,36.953],[-96.1847,36.9993],[-96.9253,36.9991],[-96.9412,36.9838],[-96.9393,36.9539],[-96.9541,36.9465],[-96.9449,36.911],[-96.9497,36.9072],[-96.9618,36.9098],[-96.9609,36.8971],[-96.9461,36.8835],[-96.9777,36.8832],[-96.9775,36.8253],[-97.0313,36.8251],[-97.0314,36.8106],[-97.0852,36.8107],[-97.0852,36.782],[-97.139,36.7822],[-97.1394,36.5944]]]},"properties":{"geoid":"40037","state":"40","district":"37","name":"State House District 37","chamber":"House"}},{"type":"Feature","geometry":{"type":"Polygon","coordinates":[[[-98.112,36.9981],[-98.1093,36.5936],[-97.9617,36.5935],[-97.962,36.4343],[-97.944,36.4343],[-97.944,36.427],[-97.8729,36.4273],[-97.8729,36.42],[-97.8369,36.4197],[-97.8368,36.3617],[-97.783,36.3615],[-97.7831,36.347],[-97.6754,36.347],[-97.6743,35.8422],[-97.5499,35.8422],[-97.5498,35.8714],[-97.4789,35.8713],[-97.4782,35.8853],[-97.4164,35.8853],[-97.4164,35.8986],[-97.3939,35.8986],[-97.3912,35.9135],[-97.354,35.913],[-97.3541,36.1591],[-97.2827,36.1593],[-97.2818,36.286],[-97.301,36.2897],[-97.3008,36.3188],[-97.2829,36.3189],[-97.2828,36.4634],[-97.1968,36.4665],[-97.0679,36.4637],[-97.0679,36.4782],[-97.032,36.478],[-97.0321,36.507],[-97.0098,36.5069],[-97.0078,36.5183],[-96.9962,36.529],[-96.979,36.5352],[-96.9554,36.5353],[-96.9247,36.5526],[-96.9013,36.5517],[-96.889,36.5664],[-96.8883,36.5756],[-96.9107,36.5976],[-96.9205,36.6007],[-96.9486,36.59],[-97.0029,36.5826],[-97.0359,36.5862],[-97.0576,36.5939],[-97.1394,36.594],[-97.139,36.7822],[-97.0852,36.782],[-97.0852,36.8107],[-97.0314,36.8106],[-97.0313,36.8251],[-96.9775,36.8253],[-96.9777,36.8832],[-96.9461,36.8835],[-96.9609,36.8971],[-96.9618,36.9098],[-96.9497,36.9072],[-96.9449,36.911],[-96.9541,36.9465],[-96.9393,36.9539],[-96.9412,36.9838],[-96.9253,36.9991],[-98.112,36.9981]]]},"properties":{"geoid":"40038","state":"40","district":"38","name":"State House District 38","chamber":"House"}},{"type":"Feature","geometry":{"type":"Polygon","coordinates":[[[-97.5329,35.6867],[-97.5317,35.6675],[-97.5229,35.6675],[-97.5227,35.6384],[-97.4872,35.6383],[-97.4871,35.6674],[-97.4605,35.6672],[-97.4605,35.7253],[-97.5319,35.7257],[-97.5329,35.6867]]]},"properties":{"geoid":"40039","state":"40","district":"39","name":"State House District 39","chamber":"House"}},{"type":"Feature","geometry":{"type":"Polygon","coordinates":[[[-97.9441,36.4213],[-97.9438,36.4053],[-97.9259,36.4053],[-97.9257,36.3763],[-97.8369,36.3763],[-97.8369,36.4197],[-97.8729,36.42],[-97.8729,36.4273],[-97.944,36.427],[-97.9441,36.4213]]]},"properties":{"geoid":"40040","state":"40","district":"40","name":"State House District 40","chamber":"House"}},{"type":"Feature","geometry":{"type":"Polygon","coordinates":[[[-97.8341,35.6432],[-97.7452,35.6045],[-97.7452,35.5801],[-97.7273,35.5789],[-97.7273,35.5656],[-97.7216,35.5656],[-97.7196,35.5801],[-97.7095,35.5801],[-97.7094,35.5946],[-97.6385,35.5946],[-97.6385,35.6529],[-97.5583,35.6531],[-97.5583,35.6748],[-97.5672,35.6749],[-97.5672,35.6967],[-97.6386,35.6965],[-97.6385,35.7259],[-97.5847,35.7258],[-97.5851,35.8423],[-97.7807,35.8418],[-97.7806,35.7983],[-97.7724,35.7978],[-97.778,35.7943],[-97.7771,35.7887],[-97.7882,35.7839],[-97.7806,35.7838],[-97.7806,35.7257],[-97.8341,35.7259],[-97.8341,35.6432]]]},"properties":{"geoid":"40041","state":"40","district":"41","name":"State House District 41","chamber":"House"}},{"type":"Feature","geometry":{"type":"Polygon","coordinates":[[[-97.6708,34.9422],[-97.6685,34.6813],[-97.563,34.6812],[-97.563,34.6776],[-97.5591,34.6811],[-97.5283,34.6811],[-97.5279,34.7247],[-97.4054,34.7247],[-97.4054,34.7464],[-97.3745,34.7466],[-97.3594,34.7384],[-97.2388,34.7393],[-97.2291,34.7352],[-97.2204,34.7413],[-97.2131,34.7324],[-97.2127,34.6227],[-97.1426,34.6226],[-97.1427,34.6371],[-96.9323,34.6369],[-96.9324,34.8546],[-97.1078,34.855],[-97.1069,34.8986],[-97.1183,34.8987],[-97.1214,34.9047],[-97.1013,34.9303],[-97.114,34.9351],[-97.1329,34.9346],[-97.1337,34.9247],[-97.1423,34.9282],[-97.1421,35.0148],[-97.3006,35.0148],[-97.3004,35.0294],[-97.3566,35.0288],[-97.3496,35.0555],[-97.3531,35.0747],[-97.3641,35.0846],[-97.3888,35.0821],[-97.4157,35.0878],[-97.4152,35.0807],[-97.4241,35.0807],[-97.4241,35.0661],[-97.4417,35.0662],[-97.4417,35.0733],[-97.4768,35.0734],[-97.4769,35.0529],[-97.4945,35.0487],[-97.5027,35.0505],[-97.5019,35.0588],[-97.6001,35.0588],[-97.6,35.1024],[-97.6701,35.1029],[-97.6708,34.9422]]]},"properties":{"geoid":"40042","state":"40","district":"42","name":"State House District 42","chamber":"House"}},{"type":"Feature","geometry":{"type":"Polygon","coordinates":[[[-97.7603,35.4854],[-97.7602,35.4354],[-97.7069,35.4352],[-97.7068,35.4933],[-97.7158,35.4934],[-97.7157,35.5079],[-97.7602,35.5079],[-97.7603,35.4854]]]},"properties":{"geoid":"40043","state":"40","district":"43","name":"State House District 43","chamber":"House"}},{"type":"Feature","geometry":{"type":"Polygon","coordinates":[[[-97.4767,35.1968],[-97.4539,35.1822],[-97.4326,35.1792],[-97.4182,35.184],[-97.4239,35.1929],[-97.4235,35.2473],[-97.45,35.2474],[-97.4499,35.2329],[-97.459,35.233],[-97.459,35.2184],[-97.4766,35.2183],[-97.4767,35.1968]]]},"properties":{"geoid":"40044","state":"40","district":"44","name":"State House District 44","chamber":"House"}},{"type":"Feature","geometry":{"type":"Polygon","coordinates":[[[-97.4591,35.2662],[-97.4591,35.2619],[-97.4412,35.2619],[-97.4412,35.2474],[-97.4235,35.2473],[-97.4239,35.1929],[-97.4182,35.184],[-97.424,35.1815],[-97.4237,35.1751],[-97.3705,35.175],[-97.3707,35.1895],[-97.2828,35.1895],[-97.2828,35.2761],[-97.4591,35.2763],[-97.4591,35.2662]]]},"properties":{"geoid":"40045","state":"40","district":"45","name":"State House District 45","chamber":"House"}},{"type":"Feature","geometry":{"type":"Polygon","coordinates":[[[-97.5665,35.2475],[-97.5567,35.2402],[-97.5622,35.2346],[-97.5548,35.2243],[-97.5415,35.2142],[-97.5294,35.2127],[-97.45,35.162],[-97.4237,35.1607],[-97.424,35.1815],[-97.4553,35.1825],[-97.4767,35.1966],[-97.4766,35.2183],[-97.459,35.2184],[-97.459,35.233],[-97.4499,35.2329],[-97.45,35.2474],[-97.4412,35.2474],[-97.4412,35.2619],[-97.4591,35.2619],[-97.4591,35.2908],[-97.5593,35.2907],[-97.5547,35.2622],[-97.5641,35.2526],[-97.5589,35.2481],[-97.5665,35.2475]]]},"properties":{"geoid":"40046","state":"40","district":"46","name":"State House District 46","chamber":"House"}},{"type":"Feature","geometry":{"type":"Polygon","coordinates":[[[-97.8337,35.3354],[-97.8121,35.3338],[-97.8071,35.3408],[-97.7967,35.3391],[-97.791,35.3328],[-97.7776,35.3371],[-97.7693,35.3457],[-97.7373,35.3238],[-97.7188,35.3288],[-97.7062,35.325],[-97.6714,35.3359],[-97.6715,35.4642],[-97.689,35.4643],[-97.6892,35.4496],[-97.7069,35.4496],[-97.7069,35.4352],[-97.7602,35.4354],[-97.7603,35.4499],[-97.8309,35.4498],[-97.8306,35.3359],[-97.8337,35.3354]]]},"properties":{"geoid":"40047","state":"40","district":"47","name":"State House District 47","chamber":"House"}},{"type":"Feature","geometry":{"type":"Polygon","coordinates":[[[-97.5633,34.5157],[-97.5626,34.2236],[-97.5514,34.2237],[-97.5514,34.2311],[-97.4922,34.231],[-97.4922,34.2164],[-97.4748,34.2164],[-97.4748,34.2297],[-97.4682,34.2311],[-97.4416,34.2274],[-97.4397,34.2309],[-97.3175,34.2309],[-97.3176,34.2455],[-97.2303,34.2455],[-97.2304,34.2165],[-97.2129,34.2128],[-97.2128,34.1292],[-97.073,34.1292],[-97.0732,34.2325],[-97.0615,34.2511],[-97.0592,34.2686],[-97.0356,34.2775],[-97.0348,34.2889],[-97.0025,34.2918],[-96.9955,34.3089],[-96.9941,34.3047],[-96.9873,34.3062],[-96.9925,34.3104],[-96.9851,34.3172],[-97.0116,34.3197],[-97.0162,34.327],[-97.0142,34.3323],[-97.0288,34.3323],[-97.0406,34.3385],[-97.0426,34.3446],[-97.0314,34.3513],[-97.0387,34.366],[-97.0337,34.3729],[-97.0365,34.3754],[-97.1449,34.3761],[-97.1289,34.4421],[-97.1533,34.4694],[-97.1741,34.5067],[-97.144,34.5066],[-97.1531,34.5168],[-97.1437,34.5207],[-97.1568,34.5218],[-97.1657,34.5317],[-97.1602,34.5349],[-97.1635,34.5482],[-97.1574,34.5515],[-97.1647,34.5595],[-97.1572,34.5635],[-97.1716,34.5637],[-97.1761,34.5714],[-97.1643,34.5736],[-97.1747,34.5859],[-97.1671,34.5882],[-97.175,34.5955],[-97.191,34.5971],[-97.1907,34.6056],[-97.1988,34.6106],[-97.1948,34.6164],[-97.1991,34.6222],[-97.2127,34.6227],[-97.2131,34.7324],[-97.2204,34.7413],[-97.2291,34.7352],[-97.2388,34.7393],[-97.3594,34.7384],[-97.3745,34.7466],[-97.4054,34.7464],[-97.4054,34.7247],[-97.5279,34.7247],[-97.528,34.6813],[-97.5591,34.6811],[-97.563,34.6776],[-97.5633,34.5157]]]},"properties":{"geoid":"40048","state":"40","district":"48","name":"State House District 48","chamber":"House"}},{"type":"Feature","geometry":{"type":"Polygon","coordinates":[[[-97.5626,34.2167],[-97.5609,34.003],[-97.5533,34.0026],[-97.551,33.9914],[-97.5368,33.9839],[-97.5607,33.984],[-97.5607,33.8986],[-97.5515,33.8979],[-97.5003,33.9196],[-97.4614,33.9052],[-97.4508,33.8866],[-97.4515,33.8709],[-97.4632,33.842],[-97.4449,33.824],[-97.4142,33.818],[-97.3687,33.8214],[-97.3472,33.8451],[-97.3319,33.8845],[-97.3233,33.8792],[-97.3342,33.8629],[-97.3328,33.8553],[-97.3143,33.8651],[-97.3092,33.8887],[-97.2709,33.858],[-97.2566,33.8633],[-97.2492,33.8751],[-97.245,33.9032],[-97.2285,33.9133],[-97.2103,33.9159],[-97.1808,33.8952],[-97.1666,33.8473],[-97.1716,33.8353],[-97.1958,33.8308],[-97.205,33.8189],[-97.2054,33.8015],[-97.1904,33.7812],[-97.1877,33.7698],[-97.1926,33.7597],[-97.1801,33.7545],[-97.1722,33.7375],[-97.1574,33.7255],[-97.1236,33.717],[-97.1004,33.7254],[-97.0865,33.7433],[-97.0852,33.7647],[-97.0951,33.7922],[-97.0926,33.8042],[-97.0791,33.8123],[-97.0481,33.8175],[-97.0519,33.833],[-97.0872,33.8414],[-97.0885,33.8518],[-97.0638,33.86],[-97.0404,33.8377],[-97.0214,33.8464],[-97,33.8679],[-96.9838,33.8909],[-96.9963,33.9427],[-96.9879,33.9547],[-96.9794,33.9562],[-96.9798,33.9416],[-96.9729,33.9357],[-96.9243,33.9592],[-96.9127,33.9551],[-96.901,33.9388],[-96.8957,33.8964],[-96.883,33.868],[-96.8561,33.8475],[-96.8424,33.8518],[-96.8398,33.8684],[-96.8322,33.8748],[-96.7943,33.8689],[-96.7806,33.8601],[-96.7694,33.8275],[-96.754,33.8247],[-96.7081,33.8331],[-96.6868,33.8576],[-96.678,33.9022],[-96.6876,33.9034],[-96.698,33.9247],[-96.6937,33.9252],[-96.6953,33.9327],[-96.6917,33.9299],[-96.6917,33.9692],[-96.6743,33.9693],[-96.6748,33.9982],[-96.711,34.002],[-96.7187,34.0096],[-96.7262,34.0099],[-96.7263,34.0501],[-96.7175,34.0496],[-96.7176,34.0709],[-96.706,34.0709],[-96.7109,34.0999],[-96.7061,34.0999],[-96.706,34.1144],[-96.7147,34.1144],[-96.7147,34.129],[-96.723,34.129],[-96.7066,34.1456],[-96.7066,34.1632],[-96.7132,34.1726],[-96.9335,34.1727],[-96.9333,34.3326],[-97.0142,34.3323],[-97.0119,34.3199],[-96.9853,34.3175],[-96.9925,34.3104],[-96.9874,34.306],[-96.9941,34.3047],[-96.9955,34.3089],[-97.0033,34.2913],[-97.0348,34.2889],[-97.0356,34.2775],[-97.0589,34.269],[-97.0615,34.2511],[-97.0732,34.2325],[-97.073,34.1292],[-97.2128,34.1292],[-97.2129,34.2128],[-97.2304,34.2165],[-97.2303,34.2455],[-97.3176,34.2455],[-97.3175,34.2309],[-97.4397,34.2309],[-97.4416,34.2274],[-97.4682,34.2311],[-97.4748,34.2297],[-97.4748,34.2164],[-97.4922,34.2164],[-97.4922,34.231],[-97.5514,34.2311],[-97.5514,34.2237],[-97.5625,34.2237],[-97.5626,34.2167]]]},"properties":{"geoid":"40049","state":"40","district":"49","name":"State House District 49","chamber":"House"}},{"type":"Feature","geometry":{"type":"Polygon","coordinates":[[[-98.1421,34.507],[-98.1391,34.1419],[-98.1234,34.1545],[-98.1095,34.1541],[-98.1006,34.1435],[-98.1029,34.1326],[-98.0899,34.1293],[-98.0993,34.1043],[-98.121,34.0803],[-98.1146,34.0623],[-98.0825,34.0394],[-98.089,34.0338],[-98.1017,34.0391],[-98.1062,34.0349],[-98.084,34.0144],[-98.0868,34.0042],[-98.0277,33.9934],[-97.9909,33.9989],[-97.9742,34.0067],[-97.9583,33.9908],[-97.946,33.9903],[-97.9604,33.9519],[-97.9742,33.9428],[-97.9712,33.9371],[-97.9545,33.9378],[-97.9537,33.9244],[-97.9654,33.9069],[-97.98,33.9114],[-97.9846,33.8991],[-97.9779,33.8898],[-97.9584,33.8791],[-97.9342,33.8781],[-97.8753,33.8497],[-97.8343,33.8576],[-97.8207,33.8689],[-97.8176,33.881],[-97.8054,33.8772],[-97.7989,33.8985],[-97.7924,33.8991],[-97.7853,33.8907],[-97.7808,33.8944],[-97.7803,33.9048],[-97.7861,33.9134],[-97.7835,33.9183],[-97.7638,33.9142],[-97.7594,33.9188],[-97.7628,33.9344],[-97.7323,33.9365],[-97.7122,33.9516],[-97.6931,33.9837],[-97.6713,33.9916],[-97.6338,33.9813],[-97.6091,33.9681],[-97.598,33.9552],[-97.5896,33.9536],[-97.5954,33.9414],[-97.5912,33.9296],[-97.5963,33.9138],[-97.5811,33.8997],[-97.5609,33.8996],[-97.5607,33.984],[-97.5368,33.9839],[-97.551,33.9914],[-97.5533,34.0026],[-97.5609,34.003],[-97.5631,34.5286],[-97.6768,34.529],[-97.6769,34.5432],[-97.6946,34.5433],[-97.6945,34.5578],[-97.7122,34.5579],[-97.7121,34.5432],[-97.7298,34.5432],[-97.7297,34.5289],[-97.809,34.529],[-97.8089,34.5798],[-97.8792,34.5798],[-97.8792,34.5871],[-97.9232,34.587],[-97.9233,34.5724],[-97.9407,34.5725],[-97.9407,34.558],[-97.9976,34.5579],[-97.9976,34.5653],[-98.037,34.5652],[-98.037,34.5507],[-98.1421,34.5506],[-98.1421,34.507]]]},"properties":{"geoid":"40050","state":"40","district":"50","name":"State House District 50","chamber":"House"}},{"type":"Feature","geometry":{"type":"Polygon","coordinates":[[[-98.1421,34.5514],[-98.037,34.5507],[-98.037,34.5652],[-97.9976,34.5653],[-97.9976,34.5579],[-97.9407,34.558],[-97.9407,34.5725],[-97.9233,34.5724],[-97.9232,34.587],[-97.8792,34.5871],[-97.8792,34.5798],[-97.8089,34.5798],[-97.809,34.529],[-97.7297,34.5289],[-97.7298,34.5432],[-97.7121,34.5432],[-97.7122,34.5579],[-97.6945,34.5578],[-97.6946,34.5433],[-97.6769,34.5432],[-97.6768,34.529],[-97.5631,34.5286],[-97.563,34.6812],[-97.6685,34.6813],[-97.6708,35.3055],[-97.7062,35.3055],[-97.7062,35.291],[-97.7769,35.2909],[-97.7769,35.2763],[-97.7946,35.2763],[-97.7946,35.2037],[-97.7847,35.2037],[-97.7907,35.1981],[-97.7847,35.198],[-97.7848,35.1747],[-97.7776,35.1747],[-97.809,35.147],[-97.8335,35.1329],[-97.8908,35.0818],[-97.9047,35.0663],[-97.9155,35.0353],[-97.9426,35.0215],[-97.9542,35.0076],[-97.9878,35.0078],[-97.9876,35.0296],[-98.0931,35.0288],[-98.0891,34.6812],[-98.1418,34.6812],[-98.1421,34.5514]]]},"properties":{"geoid":"40051","state":"40","district":"51","name":"State House District 51","chamber":"House"}},{"type":"Feature","geometry":{"type":"Polygon","coordinates":[[[-100.0005,34.7086],[-100.0003,34.5604],[-99.9716,34.5622],[-99.9538,34.5785],[-99.9232,34.5746],[-99.877,34.5401],[-99.8531,34.5116],[-99.8218,34.4978],[-99.8143,34.4762],[-99.7937,34.4539],[-99.7656,34.4375],[-99.7672,34.4305],[-99.7542,34.4213],[-99.7203,34.4063],[-99.7127,34.3909],[-99.695,34.3783],[-99.6783,34.3798],[-99.6627,34.3737],[-99.6465,34.3825],[-99.6242,34.3736],[-99.6,34.3747],[-99.5854,34.3889],[-99.5801,34.4167],[-99.5697,34.4184],[-99.5492,34.4127],[-99.5143,34.414],[-99.499,34.4092],[-99.4872,34.398],[-99.4664,34.3959],[-99.4611,34.3807],[-99.4551,34.3813],[-99.4538,34.3887],[-99.4383,34.3712],[-99.431,34.3711],[-99.4249,34.3858],[-99.4053,34.3729],[-99.3974,34.3779],[-99.3957,34.3977],[-99.3872,34.4108],[-99.3972,34.4186],[-99.3933,34.4276],[-99.3952,34.442],[-99.3812,34.4569],[-99.3698,34.4586],[-99.3557,34.4531],[-99.3569,34.4421],[-99.3341,34.4275],[-99.3196,34.4089],[-99.2946,34.4154],[-99.2856,34.4124],[-99.28,34.4007],[-99.2613,34.4035],[-99.2589,34.3913],[-99.2749,34.3849],[-99.2598,34.3776],[-99.2586,34.3726],[-99.2489,34.376],[-99.2429,34.3727],[-99.2481,34.3674],[-99.2445,34.3637],[-99.2365,34.3658],[-99.2341,34.3535],[-99.228,34.3495],[-99.234,34.3422],[-99.2305,34.3378],[-99.1983,34.3396],[-99.1923,34.3467],[-99.1936,34.3569],[-99.2017,34.3626],[-99.2041,34.3715],[-99.2203,34.3751],[-99.2095,34.3928],[-99.2289,34.3877],[-99.2261,34.4007],[-99.2351,34.4011],[-99.2379,34.4267],[-99.234,34.4285],[-99.228,34.4196],[-99.2221,34.424],[-99.223,34.4328],[-99.2303,34.4383],[-99.2299,34.4479],[-99.213,34.4583],[-99.2212,34.4635],[-99.2149,34.481],[-99.2164,34.484],[-99.2196,34.4781],[-99.2243,34.4802],[-99.2219,34.4933],[-99.2084,34.5037],[-99.2087,34.5131],[-99.1957,34.545],[-99.1788,34.5397],[-99.1711,34.5472],[-99.1798,34.5504],[-99.1849,34.5614],[-99.1639,34.5875],[-99.1322,34.5921],[-99.1246,34.583],[-99.1198,34.5892],[-99.1008,34.5942],[-99.0948,34.5873],[-99.0842,34.5895],[-99.085,34.6073],[-99.0919,34.6125],[-99.0806,34.6147],[-99.0803,34.6223],[-99.0919,34.6266],[-99.1031,34.638],[-98.9486,34.6383],[-98.9522,34.6463],[-98.9442,34.6526],[-98.9494,34.6807],[-98.9486,34.6959],[-98.9454,34.6959],[-98.9502,34.7773],[-98.9578,34.7869],[-98.9889,34.8057],[-99.0282,34.845],[-99.026,34.8574],[-99.0609,34.952],[-99.0607,35.1166],[-99.4093,35.1169],[-99.4307,35.1082],[-99.441,35.1098],[-99.444,35.1134],[-99.4404,35.1169],[-99.7827,35.1169],[-99.7829,35.0301],[-100.0004,35.0299],[-100.0005,34.7086]]]},"properties":{"geoid":"40052","state":"40","district":"52","name":"State House District 52","chamber":"House"}},{"type":"Feature","geometry":{"type":"Polygon","coordinates":[[[-97.5299,35.3052],[-97.5297,35.2907],[-97.4413,35.2908],[-97.4414,35.3488],[-97.495,35.3488],[-97.4945,35.3343],[-97.5121,35.3343],[-97.5121,35.3198],[-97.521,35.3198],[-97.521,35.3053],[-97.5299,35.3052]]]},"properties":{"geoid":"40053","state":"40","district":"53","name":"State House District 53","chamber":"House"}},{"type":"Feature","geometry":{"type":"Polygon","coordinates":[[[-97.5479,35.3802],[-97.5301,35.3771],[-97.53,35.3633],[-97.5211,35.3633],[-97.521,35.3488],[-97.53,35.3488],[-97.5299,35.3343],[-97.4945,35.3343],[-97.495,35.3488],[-97.4592,35.3486],[-97.4593,35.3914],[-97.5301,35.3915],[-97.5301,35.3846],[-97.5479,35.3844],[-97.5479,35.3802]]]},"properties":{"geoid":"40054","state":"40","district":"54","name":"State House District 54","chamber":"House"}},{"type":"Feature","geometry":{"type":"Polygon","coordinates":[[[-99.6117,35.2231],[-99.6116,35.2048],[-99.6066,35.2042],[-99.6067,35.117],[-99.4404,35.1169],[-99.444,35.1134],[-99.441,35.1098],[-99.4307,35.1082],[-99.4093,35.1169],[-98.7565,35.1165],[-98.7492,35.1163],[-98.7359,35.101],[-98.7327,35.109],[-98.7287,35.1087],[-98.7331,35.1109],[-98.7312,35.1141],[-98.7168,35.1133],[-98.7201,35.1084],[-98.7125,35.1048],[-98.6974,35.1119],[-98.6842,35.1072],[-98.6843,35.1143],[-98.6773,35.108],[-98.6722,35.119],[-98.6626,35.1181],[-98.6513,35.1242],[-98.6426,35.1199],[-98.6507,35.1156],[-98.6456,35.1116],[-98.6412,35.1133],[-98.6396,35.1232],[-98.6351,35.1213],[-98.6211,35.0974],[-98.618,35.2041],[-98.6239,35.2042],[-98.6234,35.3629],[-98.3946,35.363],[-98.3946,35.4714],[-98.3857,35.4715],[-98.3862,35.5515],[-98.2738,35.5514],[-98.2386,35.5365],[-97.9726,35.5368],[-97.9727,35.508],[-97.9549,35.5078],[-97.9527,35.5314],[-97.9591,35.5804],[-97.8339,35.5802],[-97.8341,35.7259],[-98.3132,35.7252],[-98.3132,35.7107],[-98.3649,35.7108],[-98.3735,35.7229],[-98.3839,35.7254],[-98.5964,35.7252],[-98.5967,35.7338],[-98.614,35.7295],[-98.6162,35.7384],[-98.6322,35.7448],[-98.6322,35.5515],[-98.6232,35.5515],[-98.6233,35.4642],[-99.4698,35.4656],[-99.4701,35.4221],[-99.5935,35.4215],[-99.5938,35.2334],[-99.6116,35.2331],[-99.6117,35.2231]]]},"properties":{"geoid":"40055","state":"40","district":"55","name":"State House District 55","chamber":"House"}},{"type":"Feature","geometry":{"type":"Polygon","coordinates":[[[-98.3947,35.3812],[-98.3946,35.363],[-98.3683,35.3629],[-98.3683,35.3594],[-98.3241,35.363],[-98.3242,35.3773],[-98.096,35.3778],[-98.095,35.2037],[-98.0913,35.2022],[-98.0931,35.0288],[-97.9876,35.0296],[-97.9878,35.0078],[-97.9542,35.0076],[-97.9426,35.0215],[-97.9189,35.0321],[-97.899,35.0736],[-97.8335,35.1329],[-97.809,35.147],[-97.7776,35.1747],[-97.7848,35.1747],[-97.7847,35.198],[-97.7907,35.1981],[-97.7847,35.2037],[-97.7946,35.2037],[-97.7946,35.2763],[-97.7769,35.2763],[-97.7769,35.2909],[-97.7062,35.291],[-97.7062,35.3055],[-97.6708,35.3055],[-97.6714,35.3359],[-97.7062,35.325],[-97.7188,35.3288],[-97.7373,35.3238],[-97.7693,35.3457],[-97.7776,35.3371],[-97.791,35.3328],[-97.7967,35.3391],[-97.8071,35.3408],[-97.8121,35.3338],[-97.8337,35.3354],[-97.8306,35.3359],[-97.8309,35.4645],[-97.9548,35.4646],[-97.9549,35.5078],[-97.9727,35.508],[-97.9726,35.5368],[-98.2386,35.5365],[-98.2738,35.5514],[-98.3862,35.5515],[-98.3857,35.4719],[-98.3946,35.4714],[-98.3947,35.3812]]]},"properties":{"geoid":"40056","state":"40","district":"56","name":"State House District 56","chamber":"House"}},{"type":"Feature","geometry":{"type":"Polygon","coordinates":[[[-100.0004,35.2048],[-100.0004,35.0299],[-99.7829,35.0301],[-99.7827,35.1169],[-99.6067,35.117],[-99.6066,35.2042],[-99.6116,35.2048],[-99.6116,35.2331],[-99.5938,35.2334],[-99.5935,35.4215],[-99.4701,35.4221],[-99.47,35.4654],[-99.4661,35.4658],[-98.6233,35.4642],[-98.6232,35.5515],[-98.6322,35.5515],[-98.632,35.8124],[-99.3758,35.8122],[-99.376,35.8989],[-99.3812,35.8989],[-99.3835,36.0137],[-99.4499,36.0061],[-99.4775,35.9857],[-99.4869,35.9855],[-99.4988,35.9735],[-99.5139,35.9277],[-99.5507,35.8989],[-99.5497,35.886],[-99.5594,35.865],[-99.6018,35.8559],[-99.619,35.8423],[-99.635,35.8431],[-99.6532,35.8501],[-99.6814,35.851],[-99.7171,35.8598],[-99.7464,35.882],[-99.7611,35.8807],[-99.7761,35.8881],[-99.78,35.8974],[-99.8014,35.9106],[-99.8031,35.922],[-99.8102,35.9289],[-99.8098,35.9533],[-99.8023,35.9716],[-99.8094,36],[-99.8305,36.0063],[-99.855,36.0037],[-99.8723,35.9887],[-99.8934,35.9853],[-99.895,35.9771],[-99.9105,35.9641],[-99.9113,35.946],[-99.9056,35.9367],[-99.9084,35.9281],[-99.9251,35.9137],[-99.9588,35.9006],[-99.9721,35.8888],[-100.0004,35.8812],[-100.0004,35.2048]]]},"properties":{"geoid":"40057","state":"40","district":"57","name":"State House District 57","chamber":"House"}},{"type":"Feature","geometry":{"type":"Polygon","coordinates":[[[-99.4562,36.9995],[-99.4412,36.9934],[-99.4248,36.9477],[-99.3975,36.9208],[-99.3748,36.8802],[-99.3143,36.8562],[-99.3188,36.8481],[-99.3165,36.8405],[-99.2952,36.8196],[-99.2952,36.595],[-99.2999,36.595],[-99.2995,36.5075],[-99.3355,36.5066],[-99.3355,36.456],[-99.3904,36.4552],[-99.3906,36.4446],[-99.4362,36.448],[-99.4284,36.4335],[-99.4434,36.4336],[-99.4436,36.4191],[-99.4254,36.4191],[-99.4254,36.4048],[-99.3706,36.405],[-99.354,36.3908],[-99.3244,36.3769],[-99.2291,36.3773],[-99.2285,36.3339],[-99.2106,36.3338],[-99.2109,36.3196],[-99.1796,36.314],[-99.1764,36.3233],[-99.1653,36.329],[-99.1632,36.3177],[-99.1548,36.3123],[-99.1444,36.3221],[-99.1348,36.3133],[-99.1402,36.3039],[-99.1143,36.3028],[-99.1032,36.2923],[-99.1081,36.2875],[-99.1062,36.2826],[-99.089,36.2789],[-99.0819,36.2636],[-99.0686,36.2589],[-99.062,36.2436],[-99.0422,36.2307],[-98.956,36.2309],[-98.9558,36.1616],[-98.033,36.165],[-98.0331,36.4053],[-97.9438,36.4053],[-97.944,36.4343],[-97.962,36.4343],[-97.9617,36.5935],[-98.1093,36.5936],[-98.112,36.9981],[-99.4562,36.9995]]]},"properties":{"geoid":"40058","state":"40","district":"58","name":"State House District 58","chamber":"House"}},{"type":"Feature","geometry":{"type":"Polygon","coordinates":[[[-99.4801,36.3893],[-99.4796,36.3335],[-99.3895,36.3327],[-99.3896,36.2467],[-99.3818,36.2467],[-99.3812,35.8989],[-99.376,35.8989],[-99.3758,35.8122],[-98.632,35.8124],[-98.6322,35.7448],[-98.6162,35.7384],[-98.614,35.7295],[-98.5967,35.7338],[-98.5961,35.7252],[-98.3839,35.7254],[-98.3735,35.7229],[-98.3649,35.7108],[-98.3135,35.7107],[-98.3132,35.7252],[-97.7806,35.7257],[-97.7806,35.7838],[-97.7882,35.7839],[-97.7771,35.7887],[-97.778,35.7943],[-97.7724,35.7978],[-97.7806,35.7983],[-97.7807,35.8418],[-97.6743,35.8422],[-97.6754,36.347],[-97.7831,36.347],[-97.783,36.3615],[-97.8368,36.3617],[-97.8369,36.3763],[-97.9257,36.3763],[-97.9259,36.4053],[-98.0331,36.4053],[-98.033,36.165],[-98.9558,36.1616],[-98.956,36.2309],[-99.0422,36.2307],[-99.062,36.2436],[-99.0686,36.2589],[-99.0819,36.2636],[-99.089,36.2789],[-99.1062,36.2826],[-99.1081,36.2875],[-99.1032,36.2923],[-99.1143,36.3028],[-99.1402,36.3039],[-99.1348,36.3133],[-99.1444,36.3221],[-99.1548,36.3123],[-99.1632,36.3177],[-99.1653,36.329],[-99.1764,36.3233],[-99.1796,36.314],[-99.2109,36.3196],[-99.2106,36.3338],[-99.2285,36.3339],[-99.2291,36.3773],[-99.3244,36.3769],[-99.354,36.3908],[-99.3706,36.405],[-99.4254,36.4048],[-99.4254,36.4191],[-99.4436,36.4191],[-99.4434,36.4336],[-99.4797,36.4338],[-99.4801,36.3893]]]},"properties":{"geoid":"40059","state":"40","district":"59","name":"State House District 59","chamber":"House"}},{"type":"Feature","geometry":{"type":"Polygon","coordinates":[[[-97.9592,35.5696],[-97.9527,35.5314],[-97.9548,35.4646],[-97.8309,35.4645],[-97.8309,35.4498],[-97.7603,35.4499],[-97.7602,35.5079],[-97.7247,35.508],[-97.7157,35.5079],[-97.7158,35.4934],[-97.7068,35.4933],[-97.7069,35.4496],[-97.6892,35.4496],[-97.689,35.4643],[-97.6715,35.4642],[-97.674,35.5948],[-97.7094,35.5946],[-97.7095,35.5801],[-97.7196,35.5801],[-97.7188,35.569],[-97.7273,35.5656],[-97.7273,35.5789],[-97.7452,35.5801],[-97.7452,35.6045],[-97.8341,35.6426],[-97.8339,35.5802],[-97.9591,35.5804],[-97.9592,35.5696]]]},"properties":{"geoid":"40060","state":"40","district":"60","name":"State House District 60","chamber":"House"}},{"type":"Feature","geometry":{"type":"Polygon","coordinates":[[[-103.0024,36.6755],[-103.0024,36.5004],[-100.0004,36.4997],[-100.0004,35.8812],[-99.9707,35.8894],[-99.9588,35.9006],[-99.9251,35.9137],[-99.9084,35.9281],[-99.9057,35.9395],[-99.9113,35.946],[-99.9114,35.9619],[-99.895,35.9771],[-99.8934,35.9853],[-99.8723,35.9887],[-99.8515,36.0051],[-99.8305,36.0063],[-99.8094,36],[-99.8023,35.9716],[-99.8098,35.9533],[-99.8102,35.9289],[-99.8031,35.922],[-99.8014,35.9106],[-99.78,35.8974],[-99.7761,35.8881],[-99.7611,35.8807],[-99.7464,35.882],[-99.7171,35.8598],[-99.6206,35.842],[-99.6018,35.8559],[-99.5585,35.866],[-99.5497,35.886],[-99.5507,35.8989],[-99.5139,35.9277],[-99.4988,35.9735],[-99.4869,35.9855],[-99.4775,35.9857],[-99.4629,36],[-99.4465,36.007],[-99.381,36.0129],[-99.3818,36.2467],[-99.3896,36.2467],[-99.3895,36.3327],[-99.4796,36.3335],[-99.4797,36.4338],[-99.4284,36.4335],[-99.4362,36.448],[-99.3906,36.4446],[-99.3904,36.4552],[-99.3355,36.456],[-99.3355,36.5066],[-99.2995,36.5075],[-99.2999,36.595],[-99.2952,36.595],[-99.2952,36.8196],[-99.3165,36.8405],[-99.3188,36.8481],[-99.3143,36.8562],[-99.3748,36.8802],[-99.3975,36.9208],[-99.4248,36.9477],[-99.4412,36.9934],[-99.4562,36.9995],[-100.1948,37.0022],[-102.0421,36.993],[-103.0023,37.0001],[-103.0024,36.6755]]]},"properties":{"geoid":"40061","state":"40","district":"61","name":"State House District 61","chamber":"House"}},{"type":"Feature","geometry":{"type":"Polygon","coordinates":[[[-98.5452,34.638],[-98.5452,34.609],[-98.4923,34.6029],[-98.4923,34.5948],[-98.4748,34.5945],[-98.4749,34.5799],[-98.4398,34.5799],[-98.4398,34.6236],[-98.4222,34.6232],[-98.4222,34.6382],[-98.5452,34.638]]]},"properties":{"geoid":"40062","state":"40","district":"62","name":"State House District 62","chamber":"House"}},{"type":"Feature","geometry":{"type":"Polygon","coordinates":[[[-99.2381,34.425],[-99.2351,34.4011],[-99.2261,34.4007],[-99.2289,34.3877],[-99.2102,34.3934],[-99.2092,34.3886],[-99.2203,34.3751],[-99.2076,34.3742],[-99.1927,34.3549],[-99.1957,34.3412],[-99.2107,34.3373],[-99.2056,34.3192],[-99.2133,34.3093],[-99.2089,34.2852],[-99.1954,34.2808],[-99.1993,34.2608],[-99.1916,34.2585],[-99.1969,34.2444],[-99.19,34.2298],[-99.1928,34.2179],[-99.1883,34.2139],[-99.1537,34.2073],[-99.1381,34.2192],[-99.1304,34.2195],[-99.1265,34.2154],[-99.132,34.2074],[-99.1266,34.2031],[-99.1082,34.2035],[-99.0962,34.2117],[-99.0889,34.2085],[-99.0794,34.2115],[-99.0445,34.1981],[-99.0361,34.2069],[-99.013,34.2032],[-99.0022,34.2094],[-99.0047,34.2141],[-99.0006,34.2177],[-98.9882,34.2213],[-98.9726,34.2026],[-98.9629,34.2038],[-98.96,34.2133],[-98.9513,34.2122],[-98.9183,34.1818],[-98.8729,34.1666],[-98.8749,34.1557],[-98.8681,34.1496],[-98.8601,34.1499],[-98.8556,34.1616],[-98.8371,34.1565],[-98.8311,34.1622],[-98.813,34.1584],[-98.7962,34.1428],[-98.7884,34.1467],[-98.7656,34.1364],[-98.757,34.1246],[-98.742,34.1255],[-98.7343,34.1358],[-98.7175,34.1364],[-98.7125,34.1312],[-98.703,34.1359],[-98.6901,34.1332],[-98.6481,34.1644],[-98.6167,34.1564],[-98.5998,34.1606],[-98.5771,34.149],[-98.5602,34.1332],[-98.5509,34.1326],[-98.5518,34.1271],[-98.5586,34.1283],[-98.561,34.1239],[-98.5363,34.1073],[-98.5041,34.0723],[-98.4836,34.0623],[-98.4715,34.0657],[-98.4651,34.0737],[-98.449,34.0735],[-98.4401,34.0843],[-98.4144,34.0851],[-98.4097,34.0925],[-98.4114,34.1003],[-98.3998,34.1],[-98.3984,34.1285],[-98.3894,34.1332],[-98.3801,34.1308],[-98.3869,34.1389],[-98.3844,34.1463],[-98.3656,34.157],[-98.3254,34.151],[-98.2939,34.133],[-98.2565,34.1295],[-98.2325,34.1346],[-98.2165,34.1218],[-98.1708,34.1142],[-98.1554,34.1218],[-98.1391,34.1419],[-98.1421,34.5505],[-98.2822,34.5507],[-98.2823,34.5942],[-98.326,34.5944],[-98.3274,34.5866],[-98.3348,34.5866],[-98.3348,34.5943],[-98.387,34.5942],[-98.3871,34.5653],[-98.4046,34.5653],[-98.4046,34.5798],[-98.4749,34.5799],[-98.4748,34.5945],[-98.4923,34.5948],[-98.4923,34.6029],[-98.5452,34.609],[-98.5452,34.638],[-98.3893,34.638],[-98.3895,34.6437],[-98.3994,34.6514],[-98.3991,34.6609],[-98.3962,34.6649],[-98.3822,34.6604],[-98.381,34.6672],[-98.3974,34.7112],[-98.4269,34.7242],[-98.4635,34.7244],[-98.4673,34.7328],[-98.483,34.7425],[-98.4936,34.7693],[-98.5165,34.7883],[-98.5455,34.8553],[-98.6201,34.8553],[-98.6207,35.0978],[-98.63,35.1164],[-98.6389,35.1232],[-98.6434,35.1116],[-98.6507,35.1156],[-98.6426,35.1199],[-98.6519,35.1242],[-98.6626,35.1181],[-98.6722,35.119],[-98.6773,35.108],[-98.6848,35.1142],[-98.6849,35.1071],[-98.6974,35.1119],[-98.7125,35.1048],[-98.7201,35.1084],[-98.7168,35.1133],[-98.7312,35.1141],[-98.7331,35.1109],[-98.7287,35.1087],[-98.7327,35.109],[-98.7359,35.101],[-98.7492,35.1163],[-99.0607,35.1166],[-99.0609,34.952],[-99.026,34.8574],[-99.0282,34.845],[-98.9889,34.8057],[-98.9578,34.7869],[-98.9502,34.7773],[-98.9454,34.6959],[-98.9486,34.6959],[-98.9494,34.6807],[-98.9442,34.6526],[-98.9522,34.6463],[-98.9486,34.6383],[-99.1031,34.638],[-99.0919,34.6266],[-99.0803,34.6223],[-99.0806,34.6147],[-99.0919,34.6125],[-99.0852,34.6079],[-99.0831,34.5904],[-99.0948,34.5873],[-99.1017,34.5941],[-99.1198,34.5892],[-99.1246,34.583],[-99.1322,34.5921],[-99.1639,34.5875],[-99.1849,34.5614],[-99.1798,34.5504],[-99.1711,34.5472],[-99.1788,34.5397],[-99.1957,34.545],[-99.2087,34.5131],[-99.2084,34.5037],[-99.2219,34.4933],[-99.2243,34.4802],[-99.2196,34.4781],[-99.2164,34.484],[-99.2149,34.481],[-99.2212,34.4635],[-99.213,34.4583],[-99.2299,34.4479],[-99.2303,34.4383],[-99.223,34.4328],[-99.2221,34.424],[-99.228,34.4196],[-99.2345,34.4288],[-99.2381,34.425]]]},"properties":{"geoid":"40063","state":"40","district":"63","name":"State House District 63","chamber":"House"}},{"type":"Feature","geometry":{"type":"Polygon","coordinates":[[[-98.4398,34.6024],[-98.4398,34.5799],[-98.4046,34.5798],[-98.4046,34.5653],[-98.3871,34.5653],[-98.387,34.5942],[-98.3348,34.5943],[-98.3348,34.5866],[-98.3274,34.5866],[-98.326,34.5944],[-98.2823,34.5942],[-98.2822,34.5507],[-98.1421,34.5505],[-98.1418,34.6812],[-98.2826,34.6808],[-98.2826,34.6376],[-98.4222,34.6382],[-98.4222,34.6232],[-98.4398,34.6236],[-98.4398,34.6024]]]},"properties":{"geoid":"40064","state":"40","district":"64","name":"State House District 64","chamber":"House"}},{"type":"Feature","geometry":{"type":"Polygon","coordinates":[[[-98.6239,35.2044],[-98.618,35.2041],[-98.6201,34.8553],[-98.5455,34.8553],[-98.5165,34.7883],[-98.4936,34.7693],[-98.4825,34.742],[-98.4673,34.7328],[-98.4635,34.7244],[-98.4269,34.7242],[-98.3974,34.7112],[-98.381,34.6672],[-98.3822,34.6604],[-98.3962,34.6649],[-98.3991,34.6609],[-98.3994,34.6514],[-98.3895,34.6437],[-98.3893,34.638],[-98.2826,34.6376],[-98.2826,34.6808],[-98.0891,34.6812],[-98.096,35.3778],[-98.3242,35.3773],[-98.3241,35.363],[-98.3594,35.3629],[-98.3594,35.3593],[-98.3683,35.3594],[-98.3683,35.3629],[-98.6234,35.3629],[-98.6239,35.2044]]]},"properties":{"geoid":"40065","state":"40","district":"65","name":"State House District 65","chamber":"House"}},{"type":"Feature","geometry":{"type":"Polygon","coordinates":[[[-96.2698,36.1708],[-96.2683,36.162],[-96.24,36.14],[-96.19,36.1455],[-96.1901,36.1049],[-96.0636,36.1046],[-96.0652,36.1309],[-96.0572,36.1336],[-96.0572,36.1392],[-96.0474,36.1407],[-96.0472,36.148],[-96.0562,36.1481],[-96.0562,36.1611],[-96.0402,36.1633],[-96.0387,36.1768],[-96.0322,36.1855],[-96.0373,36.1875],[-96.0376,36.2156],[-96.0112,36.2139],[-96.0013,36.2193],[-96.0013,36.2794],[-95.9918,36.2764],[-95.9737,36.2786],[-95.9736,36.2858],[-95.9376,36.286],[-95.9377,36.3075],[-95.9558,36.3076],[-95.9561,36.3657],[-95.9913,36.3656],[-95.9914,36.3693],[-96.0012,36.3721],[-96.0014,36.4483],[-96.0309,36.4483],[-96.0308,36.4336],[-96.0669,36.4339],[-96.0669,36.4194],[-96.1028,36.4194],[-96.1031,36.3903],[-96.1494,36.3899],[-96.2063,36.3686],[-96.2071,36.3618],[-96.1918,36.3619],[-96.192,36.3328],[-96.1867,36.3328],[-96.1902,36.3279],[-96.1844,36.3168],[-96.1883,36.3023],[-96.1927,36.3023],[-96.1925,36.2454],[-96.165,36.2452],[-96.1619,36.2358],[-96.1661,36.2164],[-96.183,36.2142],[-96.1878,36.2074],[-96.1852,36.202],[-96.2429,36.2019],[-96.2476,36.1915],[-96.2698,36.1708]]]},"properties":{"geoid":"40066","state":"40","district":"66","name":"State House District 66","chamber":"House"}},{"type":"Feature","geometry":{"type":"Polygon","coordinates":[[[-95.9326,36.0391],[-95.9305,36.0319],[-95.9222,36.0319],[-95.9222,36.0173],[-95.9042,36.0173],[-95.9043,36.0028],[-95.8686,36.0029],[-95.8686,36.0561],[-95.9043,36.0537],[-95.9042,36.0609],[-95.9221,36.0608],[-95.9221,36.0464],[-95.9305,36.0464],[-95.9326,36.0391]]]},"properties":{"geoid":"40067","state":"40","district":"67","name":"State House District 67","chamber":"House"}},{"type":"Feature","geometry":{"type":"Polygon","coordinates":[[[-96.0653,36.1263],[-96.0636,36.1046],[-96.0295,36.1045],[-96.0295,36.0692],[-96.0376,36.0681],[-96.0385,36.0613],[-96.0295,36.061],[-96.0296,36.0464],[-96.0475,36.0449],[-96.0475,36.0319],[-96.0295,36.032],[-96.0295,35.9592],[-96.0119,35.9643],[-96.0119,35.9592],[-95.9938,35.9592],[-95.9938,35.9737],[-95.976,35.9737],[-95.9759,36.0029],[-95.9938,36.0029],[-95.9938,36.0246],[-95.9758,36.0226],[-95.9763,36.0501],[-95.988,36.09],[-95.9874,36.1212],[-95.9975,36.137],[-96.0145,36.1464],[-96.0572,36.1392],[-96.0653,36.1263]]]},"properties":{"geoid":"40068","state":"40","district":"68","name":"State House District 68","chamber":"House"}},{"type":"Feature","geometry":{"type":"Polygon","coordinates":[[[-95.9939,36.0173],[-95.9938,36.0029],[-95.9759,36.0029],[-95.976,35.9737],[-95.9174,35.9739],[-95.9045,35.9654],[-95.9044,35.9883],[-95.8865,35.9883],[-95.8866,36.0028],[-95.9043,36.0028],[-95.9042,36.0173],[-95.9222,36.0173],[-95.9222,36.0319],[-95.9305,36.0319],[-95.9327,36.0387],[-95.9305,36.0464],[-95.94,36.0464],[-95.9399,36.0608],[-95.9579,36.0608],[-95.9578,36.0464],[-95.9745,36.0463],[-95.9763,36.0501],[-95.9758,36.0226],[-95.9938,36.0246],[-95.9939,36.0173]]]},"properties":{"geoid":"40069","state":"40","district":"69","name":"State House District 69","chamber":"House"}},{"type":"Feature","geometry":{"type":"Polygon","coordinates":[[[-95.9676,36.1203],[-95.9582,36.1188],[-95.9579,36.0608],[-95.9399,36.0608],[-95.94,36.0464],[-95.9221,36.0464],[-95.9222,36.0898],[-95.9156,36.0898],[-95.9156,36.0971],[-95.9086,36.1044],[-95.8866,36.1044],[-95.8866,36.1086],[-95.8965,36.1137],[-95.8892,36.1189],[-95.9224,36.1188],[-95.9225,36.1333],[-95.962,36.1333],[-95.9676,36.1203]]]},"properties":{"geoid":"40070","state":"40","district":"70","name":"State House District 70","chamber":"House"}},{"type":"Feature","geometry":{"type":"Polygon","coordinates":[[[-96.0057,36.143],[-95.9922,36.1318],[-95.9874,36.1212],[-95.9861,36.0752],[-95.9758,36.048],[-95.9578,36.0464],[-95.9582,36.1188],[-95.9676,36.1197],[-95.962,36.1333],[-95.9834,36.1334],[-95.9896,36.1361],[-95.9896,36.1438],[-96.0027,36.1478],[-96.0057,36.143]]]},"properties":{"geoid":"40071","state":"40","district":"71","name":"State House District 71","chamber":"House"}},{"type":"Feature","geometry":{"type":"Polygon","coordinates":[[[-96.0562,36.1482],[-96.0472,36.148],[-96.0474,36.1407],[-96.0204,36.1467],[-96.0059,36.1427],[-96.0027,36.1478],[-95.9816,36.1417],[-95.9404,36.1478],[-95.9403,36.1608],[-95.9335,36.1608],[-95.932,36.1662],[-95.9328,36.1772],[-95.9225,36.1771],[-95.9225,36.2056],[-95.8958,36.2089],[-95.8867,36.2153],[-95.8864,36.2347],[-95.8897,36.2351],[-95.8838,36.2496],[-95.8841,36.2861],[-95.9736,36.2858],[-95.9737,36.2786],[-96.0013,36.2794],[-96.0013,36.2495],[-95.9846,36.2495],[-95.9845,36.235],[-95.9584,36.2351],[-95.9582,36.1517],[-95.9802,36.1528],[-95.9819,36.1567],[-96.0027,36.1502],[-95.9994,36.1613],[-96.0562,36.1611],[-96.0562,36.1482]]]},"properties":{"geoid":"40072","state":"40","district":"72","name":"State House District 72","chamber":"House"}},{"type":"Feature","geometry":{"type":"Polygon","coordinates":[[[-96.0438,36.1618],[-95.9994,36.1613],[-96.0027,36.1502],[-95.9819,36.1567],[-95.9802,36.1528],[-95.9582,36.1517],[-95.9584,36.2351],[-95.9845,36.235],[-95.9846,36.2495],[-96.0013,36.2495],[-96.0013,36.2193],[-96.0112,36.2139],[-96.0376,36.2156],[-96.0373,36.1875],[-96.0322,36.1856],[-96.0387,36.1768],[-96.0373,36.1679],[-96.0438,36.1618]]]},"properties":{"geoid":"40073","state":"40","district":"73","name":"State House District 73","chamber":"House"}},{"type":"Feature","geometry":{"type":"Polygon","coordinates":[[[-95.8842,36.3254],[-95.8838,36.2496],[-95.8153,36.2495],[-95.8153,36.2245],[-95.76,36.2325],[-95.7584,36.2639],[-95.7761,36.264],[-95.7765,36.3074],[-95.8122,36.3075],[-95.8122,36.3221],[-95.8663,36.3221],[-95.8663,36.3367],[-95.8842,36.3366],[-95.8842,36.3254]]]},"properties":{"geoid":"40074","state":"40","district":"74","name":"State House District 74","chamber":"House"}},{"type":"Feature","geometry":{"type":"Polygon","coordinates":[[[-95.8596,36.1183],[-95.8593,36.0754],[-95.8078,36.0754],[-95.7974,36.0709],[-95.7934,36.0768],[-95.7795,36.0755],[-95.7797,36.0899],[-95.7617,36.09],[-95.7616,36.119],[-95.8596,36.1183]]]},"properties":{"geoid":"40075","state":"40","district":"75","name":"State House District 75","chamber":"House"}},{"type":"Feature","geometry":{"type":"Polygon","coordinates":[[[-95.8555,36.0702],[-95.851,36.0678],[-95.851,36.0173],[-95.7975,36.0175],[-95.7974,36.0709],[-95.8078,36.0754],[-95.851,36.0754],[-95.8555,36.0702]]]},"properties":{"geoid":"40076","state":"40","district":"76","name":"State House District 76","chamber":"House"}},{"type":"Feature","geometry":{"type":"Polygon","coordinates":[[[-95.9404,36.1498],[-95.8603,36.148],[-95.8599,36.1396],[-95.8481,36.148],[-95.8154,36.148],[-95.8153,36.2495],[-95.8866,36.248],[-95.8897,36.2351],[-95.8864,36.2347],[-95.8867,36.2153],[-95.8958,36.2089],[-95.9225,36.2056],[-95.9225,36.1771],[-95.9328,36.1772],[-95.932,36.1662],[-95.9335,36.1608],[-95.9403,36.1608],[-95.9404,36.1498]]]},"properties":{"geoid":"40077","state":"40","district":"77","name":"State House District 77","chamber":"House"}},{"type":"Feature","geometry":{"type":"Polygon","coordinates":[[[-95.9896,36.1379],[-95.9834,36.1334],[-95.9225,36.1333],[-95.9224,36.1188],[-95.8892,36.1189],[-95.8965,36.1137],[-95.8866,36.1086],[-95.8865,36.1122],[-95.8783,36.1127],[-95.8782,36.1189],[-95.8511,36.1157],[-95.8511,36.1458],[-95.8599,36.1396],[-95.8603,36.148],[-95.9582,36.1478],[-95.9582,36.1429],[-95.9896,36.1438],[-95.9896,36.1379]]]},"properties":{"geoid":"40078","state":"40","district":"78","name":"State House District 78","chamber":"House"}},{"type":"Feature","geometry":{"type":"Polygon","coordinates":[[[-95.9224,36.0806],[-95.9221,36.0608],[-95.9042,36.0609],[-95.9043,36.0537],[-95.8748,36.0578],[-95.8692,36.0542],[-95.8685,36.0609],[-95.851,36.0609],[-95.851,36.0678],[-95.8555,36.067],[-95.851,36.0754],[-95.8593,36.0754],[-95.8596,36.119],[-95.8782,36.1189],[-95.8783,36.1127],[-95.8865,36.1122],[-95.8866,36.1044],[-95.9086,36.1044],[-95.9156,36.0971],[-95.9156,36.0898],[-95.9222,36.0898],[-95.9224,36.0806]]]},"properties":{"geoid":"40079","state":"40","district":"79","name":"State House District 79","chamber":"House"}},{"type":"Feature","geometry":{"type":"Polygon","coordinates":[[[-95.8687,36.0016],[-95.8687,35.9738],[-95.8151,35.9739],[-95.8151,35.9628],[-95.7963,35.9637],[-95.7811,35.9588],[-95.7744,35.9662],[-95.7791,35.9738],[-95.7616,35.9738],[-95.7616,36.0174],[-95.851,36.0173],[-95.851,36.0609],[-95.8685,36.0609],[-95.8687,36.0016]]]},"properties":{"geoid":"40080","state":"40","district":"80","name":"State House District 80","chamber":"House"}},{"type":"Feature","geometry":{"type":"Polygon","coordinates":[[[-97.496,35.6246],[-97.4782,35.6235],[-97.4782,35.6089],[-97.4429,35.6092],[-97.4428,35.6237],[-97.4248,35.6237],[-97.425,35.6817],[-97.4605,35.6818],[-97.4605,35.6672],[-97.4871,35.6674],[-97.4872,35.6383],[-97.496,35.6383],[-97.496,35.6246]]]},"properties":{"geoid":"40081","state":"40","district":"81","name":"State House District 81","chamber":"House"}},{"type":"Feature","geometry":{"type":"Polygon","coordinates":[[[-97.6386,35.6247],[-97.6385,35.6088],[-97.6208,35.6087],[-97.6207,35.5946],[-97.603,35.5947],[-97.6029,35.609],[-97.5852,35.6088],[-97.5851,35.6237],[-97.5672,35.6237],[-97.5671,35.6385],[-97.5227,35.6384],[-97.5229,35.6675],[-97.5317,35.6675],[-97.5326,35.6896],[-97.5496,35.6896],[-97.5496,35.6965],[-97.5672,35.6967],[-97.5672,35.6749],[-97.5583,35.6748],[-97.5583,35.6531],[-97.6385,35.6529],[-97.6386,35.6247]]]},"properties":{"geoid":"40082","state":"40","district":"82","name":"State House District 82","chamber":"House"}},{"type":"Feature","geometry":{"type":"Polygon","coordinates":[[[-97.6385,35.6088],[-97.6384,35.5656],[-97.6207,35.5656],[-97.6207,35.5765],[-97.6146,35.5801],[-97.5672,35.5802],[-97.5672,35.6098],[-97.5316,35.609],[-97.5316,35.6385],[-97.5671,35.6385],[-97.5672,35.6237],[-97.5851,35.6237],[-97.5852,35.6088],[-97.6029,35.609],[-97.603,35.5947],[-97.6207,35.5946],[-97.6208,35.6087],[-97.6385,35.6088]]]},"properties":{"geoid":"40083","state":"40","district":"83","name":"State House District 83","chamber":"House"}},{"type":"Feature","geometry":{"type":"Polygon","coordinates":[[[-97.6715,35.493],[-97.669,35.4851],[-97.6279,35.4861],[-97.6236,35.4933],[-97.6011,35.4933],[-97.6012,35.5416],[-97.619,35.5494],[-97.619,35.5296],[-97.6256,35.5296],[-97.6258,35.5223],[-97.6632,35.5222],[-97.6714,35.53],[-97.6715,35.493]]]},"properties":{"geoid":"40084","state":"40","district":"84","name":"State House District 84","chamber":"House"}},{"type":"Feature","geometry":{"type":"Polygon","coordinates":[[[-97.6384,35.558],[-97.5902,35.5368],[-97.5657,35.5365],[-97.5656,35.5262],[-97.5387,35.5219],[-97.5437,35.5078],[-97.5146,35.5078],[-97.5177,35.5224],[-97.5298,35.5223],[-97.5297,35.5511],[-97.5343,35.5511],[-97.5342,35.5586],[-97.5389,35.5606],[-97.5404,35.5801],[-97.6146,35.5801],[-97.6207,35.5765],[-97.6207,35.5656],[-97.6384,35.5656],[-97.6384,35.558]]]},"properties":{"geoid":"40085","state":"40","district":"85","name":"State House District 85","chamber":"House"}},{"type":"Feature","geometry":{"type":"Polygon","coordinates":[[[-95.2645,36.1086],[-95.2528,36.0845],[-95.2554,36.0748],[-95.0776,36.0747],[-95.0159,36.0046],[-94.9934,36.0023],[-94.9935,35.9734],[-94.9801,35.9734],[-94.9576,35.9549],[-94.9053,35.901],[-94.8713,35.9009],[-94.8646,35.8894],[-94.8668,35.9028],[-94.8466,35.9078],[-94.846,35.9145],[-94.8375,35.9215],[-94.8282,35.9052],[-94.8075,35.9003],[-94.8078,35.6385],[-94.4726,35.6386],[-94.5935,36.3354],[-94.6089,36.3272],[-94.6199,36.3272],[-94.6329,36.3384],[-94.6571,36.3306],[-94.657,36.3224],[-94.6793,36.3203],[-94.6937,36.3268],[-94.7114,36.3214],[-94.7252,36.3242],[-94.7268,36.3285],[-94.7388,36.3288],[-94.7426,36.3365],[-94.7602,36.3455],[-94.769,36.3425],[-94.7999,36.3551],[-94.8539,36.3409],[-94.8538,36.3291],[-94.8628,36.3292],[-94.8627,36.3091],[-94.872,36.3014],[-94.8826,36.3031],[-94.8946,36.2834],[-94.9114,36.2845],[-94.9155,36.2737],[-94.9234,36.2686],[-94.9153,36.2584],[-94.9217,36.2439],[-94.9264,36.2427],[-94.942,36.2652],[-95.0044,36.2656],[-95.0107,36.2344],[-95.1187,36.2342],[-95.1186,36.2008],[-95.1311,36.188],[-95.2253,36.1807],[-95.2253,36.1628],[-95.2547,36.1425],[-95.2585,36.1306],[-95.2639,36.1338],[-95.2565,36.1286],[-95.2645,36.1086]]]},"properties":{"geoid":"40086","state":"40","district":"86","name":"State House District 86","chamber":"House"}},{"type":"Feature","geometry":{"type":"Polygon","coordinates":[[[-97.6367,35.4807],[-97.6011,35.4788],[-97.6011,35.486],[-97.5792,35.486],[-97.5788,35.4969],[-97.5657,35.4995],[-97.5656,35.5113],[-97.5487,35.5135],[-97.542,35.522],[-97.5656,35.5262],[-97.5657,35.5365],[-97.5902,35.5368],[-97.6012,35.5416],[-97.6011,35.4933],[-97.6236,35.4933],[-97.6279,35.4861],[-97.6367,35.4861],[-97.6367,35.4807]]]},"properties":{"geoid":"40087","state":"40","district":"87","name":"State House District 87","chamber":"House"}},{"type":"Feature","geometry":{"type":"Polygon","coordinates":[[[-97.6011,35.4816],[-97.5332,35.4787],[-97.53,35.4824],[-97.5119,35.4823],[-97.5146,35.5078],[-97.5437,35.5078],[-97.5387,35.5187],[-97.542,35.522],[-97.5487,35.5135],[-97.5656,35.5113],[-97.5657,35.4995],[-97.5788,35.4969],[-97.5792,35.486],[-97.6011,35.486],[-97.6011,35.4816]]]},"properties":{"geoid":"40088","state":"40","district":"88","name":"State House District 88","chamber":"House"}},{"type":"Feature","geometry":{"type":"Polygon","coordinates":[[[-97.5833,35.4447],[-97.5833,35.417],[-97.5772,35.4069],[-97.5656,35.4062],[-97.5655,35.4207],[-97.5214,35.4207],[-97.5212,35.4564],[-97.5301,35.458],[-97.5301,35.4643],[-97.5777,35.4641],[-97.5733,35.4551],[-97.5833,35.45],[-97.5833,35.4447]]]},"properties":{"geoid":"40089","state":"40","district":"89","name":"State House District 89","chamber":"House"}},{"type":"Feature","geometry":{"type":"Polygon","coordinates":[[[-97.6715,35.4722],[-97.6714,35.3375],[-97.6525,35.3334],[-97.6178,35.3052],[-97.599,35.3034],[-97.5865,35.3485],[-97.5653,35.3486],[-97.5656,35.394],[-97.5763,35.3971],[-97.5833,35.417],[-97.5833,35.45],[-97.5733,35.4551],[-97.5788,35.4787],[-97.6367,35.4789],[-97.6367,35.4861],[-97.6715,35.4861],[-97.6715,35.4722]]]},"properties":{"geoid":"40090","state":"40","district":"90","name":"State House District 90","chamber":"House"}},{"type":"Feature","geometry":{"type":"Polygon","coordinates":[[[-97.599,35.3035],[-97.579,35.3018],[-97.5593,35.2907],[-97.5297,35.2907],[-97.5299,35.3052],[-97.521,35.3053],[-97.521,35.3198],[-97.5121,35.3198],[-97.5121,35.3343],[-97.5299,35.3343],[-97.53,35.3488],[-97.521,35.3488],[-97.521,35.3561],[-97.5211,35.3633],[-97.53,35.3633],[-97.5301,35.3771],[-97.5656,35.3771],[-97.5653,35.3486],[-97.5865,35.3485],[-97.599,35.3035]]]},"properties":{"geoid":"40091","state":"40","district":"91","name":"State House District 91","chamber":"House"}},{"type":"Feature","geometry":{"type":"Polygon","coordinates":[[[-97.5796,35.4711],[-97.5777,35.4641],[-97.5301,35.4643],[-97.5301,35.458],[-97.5212,35.4564],[-97.5214,35.4171],[-97.5302,35.4171],[-97.5302,35.4062],[-97.5214,35.4062],[-97.5213,35.3915],[-97.4593,35.3914],[-97.4592,35.4063],[-97.4724,35.4063],[-97.4686,35.4208],[-97.4882,35.4208],[-97.4874,35.4499],[-97.5127,35.4562],[-97.5119,35.4823],[-97.5788,35.4787],[-97.5796,35.4711]]]},"properties":{"geoid":"40092","state":"40","district":"92","name":"State House District 92","chamber":"House"}},{"type":"Feature","geometry":{"type":"Polygon","coordinates":[[[-97.5775,35.4003],[-97.5656,35.394],[-97.5656,35.3771],[-97.5479,35.3771],[-97.5479,35.3844],[-97.5301,35.3846],[-97.5301,35.3915],[-97.5213,35.3915],[-97.5214,35.4062],[-97.5302,35.4092],[-97.5302,35.4171],[-97.5214,35.4171],[-97.5214,35.4207],[-97.5655,35.4207],[-97.5656,35.4062],[-97.5772,35.4069],[-97.5775,35.4003]]]},"properties":{"geoid":"40093","state":"40","district":"93","name":"State House District 93","chamber":"House"}},{"type":"Feature","geometry":{"type":"Polygon","coordinates":[[[-97.4882,35.4208],[-97.4686,35.4208],[-97.4724,35.4063],[-97.4592,35.4063],[-97.4592,35.3773],[-97.4236,35.3773],[-97.424,35.4787],[-97.4446,35.4787],[-97.4683,35.4642],[-97.4768,35.464],[-97.477,35.4498],[-97.4874,35.4499],[-97.4882,35.4208]]]},"properties":{"geoid":"40094","state":"40","district":"94","name":"State House District 94","chamber":"House"}},{"type":"Feature","geometry":{"type":"Polygon","coordinates":[[[-97.4593,35.3572],[-97.4592,35.3486],[-97.3709,35.3486],[-97.3708,35.3413],[-97.318,35.3412],[-97.3179,35.3486],[-97.3003,35.3484],[-97.3002,35.3773],[-97.3178,35.3773],[-97.318,35.4354],[-97.3708,35.4352],[-97.3708,35.4277],[-97.3791,35.4278],[-97.379,35.4352],[-97.3884,35.4352],[-97.3885,35.4592],[-97.3797,35.4641],[-97.3802,35.4786],[-97.424,35.4787],[-97.4236,35.3773],[-97.4592,35.3773],[-97.4593,35.3572]]]},"properties":{"geoid":"40095","state":"40","district":"95","name":"State House District 95","chamber":"House"}},{"type":"Feature","geometry":{"type":"Polygon","coordinates":[[[-97.5672,35.5954],[-97.5538,35.5947],[-97.5541,35.6021],[-97.4328,35.6012],[-97.4251,35.5992],[-97.4251,35.5947],[-97.3538,35.5946],[-97.3538,35.6237],[-97.3005,35.6235],[-97.3006,35.7251],[-97.4605,35.7253],[-97.4605,35.6818],[-97.425,35.6817],[-97.4248,35.6237],[-97.4428,35.6237],[-97.4429,35.6092],[-97.4782,35.6089],[-97.4782,35.6235],[-97.496,35.6236],[-97.496,35.6383],[-97.5316,35.6385],[-97.5316,35.609],[-97.5672,35.6098],[-97.5672,35.5954]]]},"properties":{"geoid":"40096","state":"40","district":"96","name":"State House District 96","chamber":"House"}},{"type":"Feature","geometry":{"type":"Polygon","coordinates":[[[-97.5165,35.5225],[-97.5029,35.5223],[-97.5032,35.5005],[-97.4856,35.5004],[-97.4855,35.4932],[-97.4241,35.4932],[-97.424,35.4787],[-97.3531,35.4785],[-97.3531,35.493],[-97.3445,35.493],[-97.3487,35.5075],[-97.3005,35.5077],[-97.3005,35.5439],[-97.3093,35.5439],[-97.3093,35.5512],[-97.3182,35.5512],[-97.3181,35.5658],[-97.327,35.5657],[-97.327,35.5947],[-97.4251,35.5947],[-97.4251,35.5992],[-97.4328,35.6012],[-97.5137,35.6007],[-97.5165,35.5225]]]},"properties":{"geoid":"40097","state":"40","district":"97","name":"State House District 97","chamber":"House"}},{"type":"Feature","geometry":{"type":"Polygon","coordinates":[[[-95.7976,36.0388],[-95.7975,36.0175],[-95.7616,36.0174],[-95.7616,36.0319],[-95.7433,36.0307],[-95.7412,36.0367],[-95.7354,36.0315],[-95.6902,36.0317],[-95.6902,36.0462],[-95.7081,36.0463],[-95.7081,36.0608],[-95.726,36.0609],[-95.7261,36.1116],[-95.7351,36.1117],[-95.7351,36.119],[-95.7616,36.119],[-95.7617,36.09],[-95.7797,36.0899],[-95.7795,36.0755],[-95.7974,36.0754],[-95.7976,36.0388]]]},"properties":{"geoid":"40098","state":"40","district":"98","name":"State House District 98","chamber":"House"}},{"type":"Feature","geometry":{"type":"Polygon","coordinates":[[[-97.5672,35.5929],[-97.5672,35.5802],[-97.5404,35.5801],[-97.5389,35.5606],[-97.5342,35.5586],[-97.5343,35.5511],[-97.5297,35.5511],[-97.5298,35.5223],[-97.5177,35.5224],[-97.5153,35.5117],[-97.5124,35.4556],[-97.477,35.4498],[-97.4768,35.464],[-97.4683,35.4642],[-97.4446,35.4787],[-97.424,35.4787],[-97.4241,35.4932],[-97.4855,35.4932],[-97.4856,35.5004],[-97.5032,35.5005],[-97.5029,35.5223],[-97.5166,35.5224],[-97.5137,35.6007],[-97.5541,35.6021],[-97.5538,35.5947],[-97.5672,35.5929]]]},"properties":{"geoid":"40099","state":"40","district":"99","name":"State House District 99","chamber":"House"}},{"type":"Feature","geometry":{"type":"Polygon","coordinates":[[[-97.6741,35.5657],[-97.6715,35.53],[-97.6632,35.5222],[-97.6258,35.5223],[-97.6256,35.5296],[-97.619,35.5296],[-97.619,35.5494],[-97.6384,35.5579],[-97.6385,35.5946],[-97.674,35.5948],[-97.6741,35.5657]]]},"properties":{"geoid":"40100","state":"40","district":"100","name":"State House District 100","chamber":"House"}},{"type":"Feature","geometry":{"type":"Polygon","coordinates":[[[-97.3885,35.4592],[-97.3884,35.4352],[-97.379,35.4352],[-97.3791,35.4278],[-97.3708,35.4277],[-97.3708,35.4352],[-97.318,35.4354],[-97.3178,35.3773],[-97.2305,35.3772],[-97.2304,35.4207],[-97.265,35.4208],[-97.2651,35.4932],[-97.3005,35.4932],[-97.3005,35.5077],[-97.3487,35.5075],[-97.3445,35.493],[-97.3531,35.493],[-97.3531,35.4785],[-97.3802,35.4786],[-97.3797,35.4641],[-97.3885,35.4592]]]},"properties":{"geoid":"40101","state":"40","district":"101","name":"State House District 101","chamber":"House"}}]}