{"type":"FeatureCollection","features":[{"type":"Feature","geometry":{"type":"Polygon","coordinates":[[[-124.7035,42.7704],[-124.7003,42.7525],[-124.6907,42.7383],[-124.6646,42.7205],[-124.6421,42.7161],[-124.5847,42.7193],[-124.5612,42.6928],[-124.5441,42.6838],[-124.5457,42.6572],[-124.5303,42.6323],[-124.5085,42.6196],[-124.4736,42.6147],[-124.4808,42.5816],[-124.4741,42.5628],[-124.4654,42.553],[-124.5012,42.5354],[-124.5187,42.5111],[-124.5547,42.4941],[-124.5672,42.4778],[-124.5695,42.4546],[-124.5427,42.4153],[-124.5271,42.4056],[-124.4942,42.3961],[-124.5008,42.3748],[-124.4966,42.3522],[-124.4865,42.3383],[-124.4941,42.3259],[-124.4941,42.3018],[-124.4903,42.2906],[-124.4783,42.278],[-124.4859,42.2475],[-124.482,42.2241],[-124.4714,42.2037],[-124.4335,42.1648],[-124.4325,42.1318],[-124.4163,42.0749],[-124.375,42.0292],[-124.3492,42.0164],[-124.3429,42.0066],[-124.3288,41.9983],[-123.822,41.9956],[-123.8182,41.9988],[-123.8287,42.0023],[-123.8266,42.0091],[-123.84,42.0176],[-123.8361,42.0292],[-123.8445,42.0334],[-123.8491,42.0443],[-123.8407,42.0518],[-123.8414,42.0597],[-123.8274,42.0721],[-123.822,42.0872],[-123.8402,42.1168],[-123.8392,42.1247],[-123.8502,42.1269],[-123.8585,42.1351],[-123.8534,42.1436],[-123.8239,42.1577],[-123.8126,42.1697],[-123.8135,42.184],[-123.8213,42.1898],[-123.8205,42.199],[-123.8088,42.217],[-123.7905,42.2203],[-123.7922,42.2376],[-123.8122,42.2438],[-123.8149,42.2624],[-123.8225,42.2646],[-123.8255,42.2764],[-123.8383,42.2884],[-123.8379,42.2947],[-123.8473,42.2992],[-123.8395,42.3122],[-123.8513,42.3206],[-123.8599,42.3185],[-123.8696,42.3228],[-123.8791,42.3355],[-123.8779,42.3449],[-123.888,42.3515],[-123.9204,42.3465],[-123.9332,42.3543],[-123.9365,42.3616],[-123.9496,42.3565],[-124.0287,42.361],[-124.042,42.3877],[-124.0355,42.4022],[-124.0131,42.4127],[-124.0086,42.4196],[-124.0148,42.4334],[-124.0018,42.4447],[-124.0058,42.4612],[-124.001,42.4663],[-124.002,42.4841],[-124.0115,42.4896],[-124.0105,42.4939],[-123.9885,42.502],[-123.9727,42.4953],[-123.9444,42.5014],[-123.9192,42.4948],[-123.8906,42.5006],[-123.8752,42.5132],[-123.8786,42.5245],[-123.8548,42.5497],[-123.861,42.5604],[-123.85,42.5746],[-123.8496,42.5837],[-123.8303,42.5951],[-123.8285,42.6063],[-123.8194,42.6124],[-123.8215,42.6197],[-123.8317,42.6258],[-123.8313,42.6323],[-123.7592,42.7177],[-123.7496,42.742],[-123.7375,42.7531],[-123.733,42.7689],[-123.7165,42.7841],[-123.7323,42.7801],[-123.7435,42.788],[-123.7826,42.7994],[-123.8037,42.7875],[-123.8115,42.7882],[-123.8118,42.8241],[-123.7002,42.825],[-123.703,42.9113],[-123.7125,42.9106],[-123.7072,42.9187],[-123.7176,42.9178],[-123.7243,42.9225],[-123.724,42.9299],[-123.7169,42.936],[-123.7211,42.9424],[-123.7178,42.9482],[-123.728,42.9653],[-123.7532,42.9725],[-123.7291,42.988],[-123.7278,42.9941],[-123.6937,43.0124],[-123.6507,43.0644],[-123.6353,43.069],[-123.6227,43.0637],[-123.5984,43.0707],[-123.5801,43.0788],[-123.562,43.0974],[-123.5005,43.1164],[-123.4922,43.1139],[-123.4808,43.1014],[-123.455,43.1086],[-123.4551,43.1034],[-123.4445,43.1034],[-123.4408,43.1076],[-123.4369,43.0963],[-123.4302,43.0963],[-123.4185,43.0843],[-123.3985,43.0787],[-123.3848,43.0808],[-123.3782,43.0762],[-123.378,43.0468],[-123.3658,43.0505],[-123.3644,43.0284],[-123.3344,43.0351],[-123.3287,43.0487],[-123.338,43.0598],[-123.3276,43.0498],[-123.3123,43.0532],[-123.3066,43.062],[-123.3143,43.0613],[-123.3101,43.0683],[-123.2979,43.0739],[-123.3033,43.0815],[-123.3139,43.0836],[-123.34,43.0784],[-123.3342,43.0891],[-123.3236,43.0926],[-123.3238,43.0989],[-123.3171,43.1046],[-123.3244,43.1034],[-123.3301,43.1126],[-123.3295,43.1258],[-123.364,43.1272],[-123.3612,43.1549],[-123.3661,43.1674],[-123.3604,43.1758],[-123.3648,43.181],[-123.3487,43.1915],[-123.3539,43.1957],[-123.3561,43.2124],[-123.4372,43.1914],[-123.4374,43.186],[-123.457,43.1861],[-123.452,43.1681],[-123.4763,43.1692],[-123.4822,43.1611],[-123.4882,43.1661],[-123.4983,43.1555],[-123.5124,43.1615],[-123.5174,43.1701],[-123.5302,43.1729],[-123.53,43.177],[-123.5523,43.1802],[-123.5254,43.2143],[-123.5063,43.2056],[-123.5062,43.2135],[-123.4958,43.2193],[-123.5013,43.2232],[-123.5,43.2316],[-123.484,43.2333],[-123.4711,43.2243],[-123.4725,43.2377],[-123.4666,43.2434],[-123.4514,43.2239],[-123.4413,43.2259],[-123.4405,43.2463],[-123.4489,43.249],[-123.4432,43.2579],[-123.4507,43.263],[-123.4458,43.2689],[-123.4317,43.2681],[-123.4376,43.2736],[-123.4377,43.2817],[-123.3941,43.2832],[-123.3814,43.3021],[-123.4036,43.3133],[-123.3931,43.3359],[-123.3999,43.3439],[-123.4068,43.3445],[-123.4069,43.3549],[-123.4314,43.3623],[-123.431,43.3696],[-123.426,43.3696],[-123.4259,43.3983],[-123.4565,43.4014],[-123.4567,43.4192],[-123.4617,43.4192],[-123.4565,43.4336],[-123.5544,43.4333],[-123.5556,43.4224],[-123.5508,43.4191],[-123.5587,43.4144],[-123.5524,43.4085],[-123.5531,43.3953],[-123.5941,43.3953],[-123.5863,43.4356],[-123.5798,43.4363],[-123.5753,43.444],[-123.5811,43.4522],[-123.5764,43.4583],[-123.6841,43.4602],[-123.6845,43.5237],[-123.6944,43.5234],[-123.6988,43.5371],[-123.7051,43.5369],[-123.7051,43.5166],[-123.942,43.5153],[-123.9441,43.522],[-124.0637,43.5228],[-124.0633,43.4791],[-124.1028,43.4786],[-124.1028,43.463],[-124.0882,43.4659],[-124.0931,43.4596],[-124.0832,43.4577],[-124.0829,43.3934],[-124.0957,43.3933],[-124.0935,43.3823],[-124.0994,43.3771],[-124.1275,43.3774],[-124.148,43.3691],[-124.1508,43.3619],[-124.1647,43.3592],[-124.1763,43.3632],[-124.1764,43.3588],[-124.1932,43.3581],[-124.1911,43.3438],[-124.1969,43.3407],[-124.191,43.3339],[-124.2041,43.3248],[-124.2016,43.3118],[-124.2096,43.3067],[-124.2077,43.3005],[-124.2213,43.2879],[-124.2332,43.2912],[-124.2559,43.2853],[-124.2638,43.2657],[-124.2959,43.2658],[-124.2962,43.2293],[-124.3351,43.2294],[-124.3381,43.2727],[-124.462,43.2734],[-124.4555,43.2682],[-124.465,43.2575],[-124.4712,43.238],[-124.4652,43.2003],[-124.4816,43.1594],[-124.5012,43.1482],[-124.5149,43.1275],[-124.5164,43.1025],[-124.5053,43.068],[-124.5535,42.9517],[-124.5724,42.9225],[-124.6069,42.9035],[-124.6221,42.8772],[-124.6452,42.8619],[-124.6551,42.84],[-124.6718,42.8256],[-124.6806,42.8043],[-124.6958,42.7911],[-124.7035,42.7704]]]},"properties":{"geoid":"41001","state":"41","district":"1","name":"State House District 1","chamber":"House"}},{"type":"Feature","geometry":{"type":"Polygon","coordinates":[[[-123.8127,43.6641],[-123.8076,43.6637],[-123.8086,43.6704],[-123.7995,43.6737],[-123.7934,43.6709],[-123.7935,43.6077],[-123.7648,43.6076],[-123.765,43.5597],[-123.7051,43.5596],[-123.7051,43.5369],[-123.6978,43.5363],[-123.6944,43.5234],[-123.6845,43.5237],[-123.6841,43.4602],[-123.5764,43.4583],[-123.5811,43.4522],[-123.5753,43.444],[-123.5798,43.4363],[-123.5863,43.4356],[-123.5941,43.3953],[-123.5531,43.3953],[-123.5524,43.4085],[-123.5588,43.4159],[-123.5508,43.4191],[-123.5558,43.4278],[-123.552,43.4277],[-123.5544,43.4333],[-123.5499,43.4335],[-123.4565,43.4336],[-123.4617,43.4192],[-123.4567,43.4192],[-123.4565,43.4014],[-123.4259,43.3983],[-123.426,43.3696],[-123.431,43.3696],[-123.4314,43.3623],[-123.4069,43.3549],[-123.4068,43.3445],[-123.3999,43.3439],[-123.3931,43.3359],[-123.4036,43.3133],[-123.3814,43.3021],[-123.3941,43.2832],[-123.4377,43.2817],[-123.4376,43.2736],[-123.4317,43.2681],[-123.4458,43.2689],[-123.4507,43.263],[-123.4432,43.2579],[-123.4489,43.249],[-123.4405,43.2463],[-123.4413,43.2259],[-123.4514,43.2239],[-123.4666,43.2434],[-123.4725,43.2377],[-123.4711,43.2243],[-123.484,43.2333],[-123.5,43.2316],[-123.5013,43.2232],[-123.4958,43.2193],[-123.5062,43.2135],[-123.5063,43.2056],[-123.5254,43.2143],[-123.5523,43.1802],[-123.53,43.177],[-123.5302,43.1729],[-123.5174,43.1701],[-123.5124,43.1615],[-123.4983,43.1555],[-123.4882,43.1661],[-123.4822,43.1611],[-123.4763,43.1692],[-123.452,43.1681],[-123.457,43.1861],[-123.4374,43.186],[-123.4372,43.1914],[-123.4163,43.1939],[-123.383,43.2077],[-123.3532,43.2101],[-123.3568,43.2057],[-123.3487,43.1915],[-123.3648,43.181],[-123.3604,43.1758],[-123.3661,43.1674],[-123.3612,43.1549],[-123.364,43.1272],[-123.3295,43.1258],[-123.3301,43.1126],[-123.3244,43.1034],[-123.3171,43.1046],[-123.3238,43.0989],[-123.3236,43.0926],[-123.3342,43.0891],[-123.3401,43.0784],[-123.3138,43.0836],[-123.3032,43.0814],[-123.2978,43.0728],[-123.3101,43.0683],[-123.3143,43.0613],[-123.3066,43.062],[-123.3123,43.0532],[-123.3276,43.0498],[-123.338,43.0598],[-123.3287,43.0487],[-123.3311,43.0357],[-123.3032,43.03],[-123.2978,43.024],[-123.3014,43.0109],[-123.331,42.9857],[-123.335,42.9657],[-123.3252,42.9611],[-123.3106,42.9718],[-123.286,42.9742],[-123.2785,42.9825],[-123.2769,42.9925],[-123.2625,42.9995],[-123.2666,43.0124],[-123.2552,43.0186],[-123.242,43.0109],[-123.2457,43.0154],[-123.2389,43.0102],[-123.2295,43.014],[-123.2231,43.0074],[-123.2104,43.0068],[-123.2097,42.9991],[-123.1793,42.9997],[-123.178,43.0135],[-123.1277,43.0151],[-123.1277,43.0267],[-123.0833,43.0263],[-123.0803,43.0337],[-123.0416,43.0413],[-123.0202,43.0412],[-123.0238,43.0333],[-123.0182,43.0325],[-123.0134,43.0398],[-123.0116,43.0333],[-123.0102,43.0363],[-123.0038,43.0333],[-123.0114,43.0241],[-123.0095,43.0173],[-123.0242,43.0122],[-123.052,42.9774],[-123.0404,42.9783],[-123.049,42.9725],[-123.0427,42.9635],[-123.0486,42.9573],[-123.049,42.9419],[-123.0564,42.9308],[-123.0232,42.9394],[-123.0109,42.9378],[-123.0084,42.9446],[-122.9925,42.9375],[-122.9915,42.9319],[-122.9405,42.9239],[-122.9383,42.911],[-122.9307,42.9029],[-122.9325,42.8967],[-122.9256,42.8972],[-122.9227,42.8907],[-122.8955,42.8794],[-122.8813,42.8653],[-122.8596,42.8544],[-122.8522,42.8428],[-122.8525,42.8309],[-122.8608,42.8268],[-122.8719,42.8094],[-122.8668,42.8005],[-122.8693,42.7836],[-122.8654,42.7782],[-122.8687,42.7745],[-122.8529,42.7746],[-122.8537,42.7818],[-122.7948,42.7782],[-122.7948,42.7927],[-122.7855,42.7927],[-122.7849,42.8068],[-122.775,42.8068],[-122.7752,42.8288],[-122.7364,42.8235],[-122.7363,42.8377],[-122.7167,42.8377],[-122.7167,42.8521],[-122.697,42.8521],[-122.697,42.8666],[-122.6772,42.8666],[-122.6772,42.8811],[-122.6377,42.8811],[-122.6378,42.897],[-122.6003,42.8957],[-122.6002,42.9111],[-122.5801,42.9108],[-122.58,42.9247],[-122.5603,42.9247],[-122.5603,42.9392],[-122.4602,42.9399],[-122.4602,42.9544],[-122.4405,42.9544],[-122.4405,42.9689],[-122.4209,42.9689],[-122.4208,42.9834],[-122.4011,42.9835],[-122.4003,42.9966],[-122.2827,42.9965],[-122.2826,43.0677],[-122.0763,43.0677],[-122.0935,43.0758],[-122.0921,43.0868],[-122.0757,43.1259],[-122.0652,43.1357],[-122.0663,43.1528],[-122.0536,43.1578],[-122.0539,43.1729],[-122.039,43.1913],[-122.0409,43.1979],[-122.0336,43.207],[-122.0407,43.218],[-122.0279,43.22],[-122.0116,43.2343],[-122.0022,43.2345],[-121.9927,43.2512],[-121.9742,43.2617],[-121.9881,43.2779],[-122.0077,43.2882],[-122.0085,43.3012],[-121.9993,43.309],[-122.0159,43.3242],[-122.0082,43.3374],[-122.0218,43.362],[-122.0337,43.3566],[-122.03,43.3646],[-122.0592,43.3862],[-122.0627,43.3948],[-122.0571,43.3996],[-122.0812,43.4145],[-122.0916,43.4288],[-122.1016,43.4251],[-122.1206,43.4354],[-122.1324,43.4363],[-122.132,43.4402],[-122.7417,43.4374],[-122.7418,43.5447],[-123.1077,43.54],[-123.1073,43.6059],[-123.1372,43.6059],[-123.1373,43.7797],[-123.3482,43.7802],[-123.3482,43.8092],[-123.4704,43.8101],[-123.4703,43.8312],[-123.5292,43.8301],[-123.529,43.8683],[-123.5797,43.8683],[-123.5796,43.8628],[-123.7034,43.8629],[-123.7049,43.6932],[-123.7924,43.6926],[-123.7922,43.6893],[-123.7809,43.6893],[-123.7824,43.682],[-123.8126,43.6784],[-123.8127,43.6641]]]},"properties":{"geoid":"41002","state":"41","district":"2","name":"State House District 2","chamber":"House"}},{"type":"Feature","geometry":{"type":"Polygon","coordinates":[[[-124.042,42.3877],[-124.0353,42.3776],[-124.0363,42.3702],[-124.0271,42.3592],[-123.9496,42.3565],[-123.9365,42.3616],[-123.9332,42.3543],[-123.9204,42.3465],[-123.888,42.3515],[-123.8779,42.3449],[-123.8791,42.3355],[-123.8696,42.3228],[-123.8599,42.3185],[-123.8513,42.3206],[-123.8395,42.3122],[-123.8473,42.2992],[-123.8379,42.2947],[-123.8383,42.2884],[-123.8255,42.2764],[-123.8225,42.2646],[-123.8149,42.2624],[-123.8122,42.2438],[-123.7922,42.2376],[-123.7905,42.2203],[-123.8088,42.217],[-123.8205,42.199],[-123.8213,42.1898],[-123.8135,42.184],[-123.8126,42.1697],[-123.8239,42.1577],[-123.8534,42.1436],[-123.8585,42.1351],[-123.8502,42.1269],[-123.8392,42.1247],[-123.8402,42.1168],[-123.822,42.0872],[-123.8274,42.0721],[-123.8414,42.0597],[-123.8407,42.0518],[-123.8491,42.0443],[-123.8445,42.0334],[-123.8361,42.0292],[-123.84,42.0176],[-123.8266,42.0091],[-123.8287,42.0023],[-123.8182,41.9988],[-123.822,41.9956],[-123.6572,41.9951],[-123.5642,42.0007],[-123.347,41.9993],[-123.2311,42.0039],[-123.2299,42.2874],[-123.2588,42.3029],[-123.2628,42.3104],[-123.2858,42.3174],[-123.3097,42.3415],[-123.3587,42.3329],[-123.3563,42.3356],[-123.3698,42.3447],[-123.3773,42.3536],[-123.3771,42.3624],[-123.3837,42.3653],[-123.3816,42.3704],[-123.371,42.369],[-123.3732,42.3823],[-123.3631,42.3826],[-123.3663,42.3919],[-123.3473,42.3902],[-123.3485,42.3757],[-123.3285,42.3754],[-123.3262,42.41],[-123.3173,42.4115],[-123.3172,42.4029],[-123.3025,42.4044],[-123.3002,42.4158],[-123.2852,42.4243],[-123.2879,42.4283],[-123.2826,42.4333],[-123.2941,42.4332],[-123.2938,42.4383],[-123.3064,42.4514],[-123.303,42.461],[-123.3127,42.4604],[-123.3177,42.4698],[-123.3273,42.4667],[-123.3525,42.4781],[-123.3609,42.4867],[-123.3629,42.4972],[-123.3819,42.498],[-123.3835,42.4946],[-123.4112,42.5096],[-123.4177,42.5093],[-123.421,42.5002],[-123.4382,42.5025],[-123.4458,42.5078],[-123.4435,42.5181],[-123.4586,42.5175],[-123.464,42.5241],[-123.478,42.5245],[-123.518,42.5478],[-123.5408,42.5548],[-123.5608,42.5505],[-123.5751,42.5643],[-123.5982,42.5604],[-123.5938,42.5658],[-123.5964,42.5731],[-123.5896,42.5806],[-123.5951,42.5873],[-123.5862,42.5926],[-123.5814,42.6045],[-123.5934,42.6099],[-123.5998,42.6206],[-123.5851,42.6408],[-123.5855,42.6499],[-123.6049,42.6461],[-123.6434,42.6594],[-123.6734,42.6559],[-123.6903,42.6454],[-123.7081,42.6465],[-123.7176,42.6527],[-123.7304,42.6527],[-123.7358,42.6757],[-123.7492,42.6779],[-123.7679,42.6716],[-123.7659,42.6822],[-123.7766,42.6849],[-123.78,42.694],[-123.8313,42.6323],[-123.8317,42.6258],[-123.8215,42.6197],[-123.8194,42.6124],[-123.8285,42.6063],[-123.8303,42.5951],[-123.8496,42.5837],[-123.85,42.5746],[-123.861,42.5604],[-123.8548,42.5497],[-123.8786,42.5245],[-123.8752,42.5132],[-123.8906,42.5006],[-123.9193,42.4947],[-123.9444,42.5014],[-123.9726,42.4953],[-123.9888,42.502],[-124.0087,42.4961],[-124.0115,42.4896],[-124.0022,42.4847],[-124.001,42.4663],[-124.0058,42.4612],[-124.0018,42.4447],[-124.0148,42.4334],[-124.0086,42.4196],[-124.0131,42.4127],[-124.0355,42.4022],[-124.042,42.3877]]]},"properties":{"geoid":"41003","state":"41","district":"3","name":"State House District 3","chamber":"House"}},{"type":"Feature","geometry":{"type":"Polygon","coordinates":[[[-123.8118,42.8241],[-123.8115,42.7882],[-123.8037,42.7875],[-123.7826,42.7994],[-123.7435,42.788],[-123.7323,42.7801],[-123.7165,42.7854],[-123.7203,42.7772],[-123.733,42.7689],[-123.7375,42.7531],[-123.7554,42.732],[-123.7573,42.7206],[-123.78,42.694],[-123.7766,42.6849],[-123.7659,42.6822],[-123.7679,42.6716],[-123.7492,42.6779],[-123.7358,42.6757],[-123.7304,42.6527],[-123.7176,42.6527],[-123.7065,42.6462],[-123.6903,42.6454],[-123.6734,42.6559],[-123.6434,42.6594],[-123.6049,42.6461],[-123.5855,42.6499],[-123.5851,42.6408],[-123.5998,42.6206],[-123.5934,42.6099],[-123.5814,42.6045],[-123.5862,42.5926],[-123.5951,42.5873],[-123.5896,42.5806],[-123.5964,42.5731],[-123.5938,42.5658],[-123.5982,42.5604],[-123.5751,42.5643],[-123.5608,42.5505],[-123.5408,42.5548],[-123.518,42.5478],[-123.478,42.5245],[-123.464,42.5241],[-123.4586,42.5175],[-123.4435,42.5181],[-123.4458,42.5078],[-123.4382,42.5025],[-123.421,42.5002],[-123.4177,42.5093],[-123.4112,42.5096],[-123.3835,42.4946],[-123.3819,42.498],[-123.3633,42.4973],[-123.3608,42.4864],[-123.3525,42.4781],[-123.3273,42.4667],[-123.3177,42.4698],[-123.3127,42.4604],[-123.303,42.461],[-123.3064,42.4514],[-123.2938,42.4383],[-123.2941,42.4332],[-123.2826,42.4333],[-123.2879,42.4283],[-123.2852,42.4243],[-123.3002,42.4158],[-123.3027,42.4043],[-123.3172,42.4029],[-123.3173,42.4115],[-123.3262,42.41],[-123.3285,42.3754],[-123.3485,42.3757],[-123.3473,42.3902],[-123.3663,42.3919],[-123.3631,42.3826],[-123.3732,42.3823],[-123.371,42.369],[-123.3835,42.3678],[-123.3771,42.3623],[-123.3771,42.3531],[-123.3563,42.3356],[-123.3587,42.3329],[-123.3094,42.3414],[-123.2858,42.3174],[-123.262,42.3099],[-123.2588,42.3029],[-123.2255,42.2846],[-123.2137,42.2692],[-123.1921,42.2546],[-123.1591,42.2545],[-123.1428,42.2407],[-123.1243,42.2416],[-123.0979,42.232],[-123.0929,42.2331],[-123.0927,42.2392],[-123.0689,42.2394],[-123.0619,42.2544],[-123.0603,42.2459],[-123.0439,42.2499],[-123.0404,42.2557],[-123.0285,42.2536],[-123.0286,42.2497],[-123.0228,42.2734],[-122.9941,42.2842],[-122.9961,42.2967],[-122.9834,42.3153],[-122.9883,42.3223],[-122.9649,42.3207],[-122.9434,42.3255],[-122.929,42.3408],[-122.9067,42.3408],[-122.9071,42.3519],[-122.9133,42.3519],[-122.9134,42.3626],[-122.8853,42.3641],[-122.8853,42.3984],[-122.9093,42.3966],[-122.9097,42.3925],[-122.9212,42.3962],[-122.9212,42.3925],[-122.945,42.4093],[-122.9483,42.4205],[-122.9599,42.4298],[-122.9753,42.4309],[-123.0025,42.4484],[-123.0065,42.4699],[-122.9988,42.4762],[-122.9545,42.4766],[-122.9545,42.4801],[-122.9485,42.4802],[-122.9467,42.4901],[-122.876,42.5148],[-122.8763,42.5936],[-122.8958,42.5929],[-122.8959,42.6073],[-122.9058,42.6074],[-122.9063,42.6195],[-122.8767,42.6223],[-122.8777,42.6368],[-122.9263,42.6362],[-122.9268,42.6506],[-122.9117,42.6508],[-122.9118,42.6711],[-122.9217,42.6712],[-122.9219,42.6929],[-122.9322,42.6926],[-122.9325,42.7204],[-122.9262,42.7218],[-122.9342,42.7299],[-122.9306,42.7373],[-122.9318,42.7655],[-122.9178,42.7748],[-122.8687,42.7745],[-122.8654,42.7782],[-122.8693,42.7836],[-122.8668,42.8005],[-122.8719,42.8094],[-122.8608,42.8268],[-122.8525,42.8309],[-122.852,42.8423],[-122.8596,42.8544],[-122.8813,42.8653],[-122.8955,42.8794],[-122.9227,42.8907],[-122.9256,42.8972],[-122.9325,42.8967],[-122.9307,42.9029],[-122.9383,42.911],[-122.9405,42.9239],[-122.9915,42.9319],[-122.9925,42.9375],[-123.0084,42.9446],[-123.0109,42.9378],[-123.0232,42.9394],[-123.0564,42.9308],[-123.049,42.9419],[-123.0486,42.9573],[-123.0427,42.9635],[-123.049,42.9725],[-123.0404,42.9783],[-123.052,42.9774],[-123.0242,43.0122],[-123.0095,43.0173],[-123.0114,43.0241],[-123.0038,43.0333],[-123.0102,43.0363],[-123.0116,43.0333],[-123.0134,43.0398],[-123.0182,43.0325],[-123.0238,43.0333],[-123.0202,43.0412],[-123.0416,43.0413],[-123.0803,43.0337],[-123.0833,43.0263],[-123.1277,43.0267],[-123.1277,43.0151],[-123.178,43.0135],[-123.1793,42.9997],[-123.2097,42.9991],[-123.2104,43.0068],[-123.2231,43.0074],[-123.2295,43.014],[-123.2389,43.0102],[-123.2457,43.0154],[-123.242,43.0109],[-123.2552,43.0186],[-123.2666,43.0124],[-123.2625,42.9995],[-123.2769,42.9925],[-123.2785,42.9825],[-123.286,42.9742],[-123.3106,42.9718],[-123.3252,42.9611],[-123.3347,42.9654],[-123.3367,42.9714],[-123.3244,42.9942],[-123.3009,43.0117],[-123.2978,43.0242],[-123.3022,43.0295],[-123.3167,43.03],[-123.3328,43.0378],[-123.3644,43.0284],[-123.3658,43.0505],[-123.378,43.0468],[-123.3782,43.0762],[-123.3848,43.0808],[-123.3985,43.0787],[-123.4185,43.0843],[-123.4302,43.0963],[-123.4369,43.0963],[-123.4408,43.1076],[-123.4445,43.1034],[-123.4551,43.1034],[-123.455,43.1086],[-123.4808,43.1014],[-123.4922,43.1139],[-123.5018,43.1162],[-123.562,43.0974],[-123.5801,43.0788],[-123.5984,43.0707],[-123.6227,43.0637],[-123.6353,43.069],[-123.6503,43.0647],[-123.6937,43.0124],[-123.7278,42.9941],[-123.7291,42.988],[-123.7532,42.9725],[-123.728,42.9653],[-123.7178,42.9482],[-123.7211,42.9424],[-123.7169,42.936],[-123.724,42.9299],[-123.7243,42.9225],[-123.7176,42.9178],[-123.7072,42.9187],[-123.7125,42.9106],[-123.703,42.9113],[-123.7002,42.825],[-123.8118,42.8241]]]},"properties":{"geoid":"41004","state":"41","district":"4","name":"State House District 4","chamber":"House"}},{"type":"Feature","geometry":{"type":"Polygon","coordinates":[[[-123.2313,42.0543],[-123.2311,42.0039],[-123.1457,42.0088],[-123.044,42.0031],[-122.2897,42.0081],[-122.2872,42.2888],[-122.7165,42.2895],[-122.7164,42.304],[-122.736,42.304],[-122.7362,42.3156],[-122.855,42.3158],[-122.85,42.312],[-122.8585,42.3056],[-122.8777,42.3056],[-122.8826,42.3129],[-122.9086,42.3122],[-122.9112,42.3239],[-122.904,42.3261],[-122.9039,42.3333],[-122.9089,42.3333],[-122.909,42.3408],[-122.929,42.3408],[-122.9451,42.3249],[-122.9649,42.3207],[-122.9883,42.3223],[-122.9834,42.3153],[-122.9961,42.2967],[-122.9941,42.2842],[-123.0228,42.2734],[-123.0286,42.2497],[-123.0285,42.2536],[-123.0404,42.2557],[-123.0439,42.2499],[-123.0603,42.2459],[-123.0619,42.2544],[-123.0689,42.2394],[-123.0927,42.2392],[-123.0929,42.2331],[-123.0991,42.2319],[-123.1243,42.2416],[-123.1428,42.2407],[-123.1591,42.2545],[-123.1921,42.2546],[-123.2123,42.268],[-123.2299,42.2874],[-123.2313,42.0543]]]},"properties":{"geoid":"41005","state":"41","district":"5","name":"State House District 5","chamber":"House"}},{"type":"Feature","geometry":{"type":"Polygon","coordinates":[[[-122.9134,42.3584],[-122.9133,42.3519],[-122.9071,42.3519],[-122.9089,42.3333],[-122.9039,42.3333],[-122.904,42.3261],[-122.9112,42.3239],[-122.9086,42.3122],[-122.8826,42.3129],[-122.8777,42.3056],[-122.857,42.3061],[-122.85,42.312],[-122.855,42.3158],[-122.7967,42.3178],[-122.7968,42.3236],[-122.785,42.3222],[-122.7837,42.332],[-122.7754,42.3344],[-122.7772,42.3454],[-122.8076,42.3455],[-122.8083,42.3527],[-122.8244,42.3527],[-122.8192,42.3553],[-122.8224,42.3614],[-122.8458,42.3674],[-122.8556,42.3799],[-122.8556,42.3933],[-122.8508,42.3956],[-122.8563,42.3982],[-122.8615,42.3982],[-122.8591,42.3929],[-122.8703,42.3906],[-122.8754,42.3984],[-122.8853,42.3984],[-122.8862,42.3627],[-122.9134,42.3626],[-122.9134,42.3584]]]},"properties":{"geoid":"41006","state":"41","district":"6","name":"State House District 6","chamber":"House"}},{"type":"Feature","geometry":{"type":"Polygon","coordinates":[[[-123.0502,44.0528],[-123.0477,44.0379],[-123.0318,44.0339],[-123.0277,44.0237],[-123.0118,44.0226],[-122.9972,44.0297],[-122.9433,44.0207],[-122.9353,44.0272],[-122.9253,44.0197],[-122.8919,44.0198],[-122.8873,44.0379],[-122.879,44.0417],[-122.8781,44.0526],[-122.8834,44.0569],[-122.8748,44.0519],[-122.8699,44.0604],[-122.8709,44.0688],[-122.8796,44.0712],[-122.8989,44.0675],[-122.931,44.0738],[-122.9534,44.0663],[-122.9641,44.0717],[-122.9742,44.0863],[-122.9803,44.0812],[-123.0242,44.076],[-123.0177,44.0882],[-123.0325,44.0936],[-123.0322,44.1075],[-123.0452,44.1121],[-123.0502,44.0528]]]},"properties":{"geoid":"41007","state":"41","district":"7","name":"State House District 7","chamber":"House"}},{"type":"Feature","geometry":{"type":"Polygon","coordinates":[[[-123.2623,43.976],[-123.2272,43.9752],[-123.2275,43.9522],[-123.2374,43.9523],[-123.2374,43.9292],[-123.2283,43.9291],[-123.2281,43.9216],[-123.1883,43.9215],[-123.1888,43.886],[-123.1595,43.886],[-123.1278,43.8776],[-123.1471,43.8517],[-123.1076,43.8519],[-123.1074,43.8374],[-123.1022,43.8374],[-123.1021,43.8446],[-123.095,43.8446],[-123.0941,43.8195],[-123.0892,43.8218],[-123.0849,43.8144],[-123.0794,43.8159],[-123.0621,43.8067],[-123.0459,43.8138],[-123.0488,43.8426],[-123.0371,43.8585],[-123.0417,43.8686],[-123.0316,43.8688],[-123.0276,43.8763],[-123.0317,43.8763],[-123.0313,43.8811],[-123.0193,43.9028],[-123.0212,43.9107],[-123.0319,43.9107],[-123.0341,43.9264],[-123.0174,43.9305],[-123.0137,43.9679],[-123.0304,43.9689],[-123.0311,43.9877],[-123.0496,43.9904],[-123.0497,43.9949],[-123.0789,43.9952],[-123.0749,44.0044],[-123.0815,44.0242],[-123.0246,44.0135],[-123.0309,44.0331],[-123.0493,44.0403],[-123.0495,44.0623],[-123.0846,44.0608],[-123.1132,44.0681],[-123.1173,44.0626],[-123.1049,44.0509],[-123.1181,44.0509],[-123.1178,44.0195],[-123.1317,44.0215],[-123.1492,44.0169],[-123.1667,44.0275],[-123.195,44.0129],[-123.2052,44.0003],[-123.2385,44.0005],[-123.2439,43.9936],[-123.2611,43.9985],[-123.2623,43.976]]]},"properties":{"geoid":"41008","state":"41","district":"8","name":"State House District 8","chamber":"House"}},{"type":"Feature","geometry":{"type":"Polygon","coordinates":[[[-124.4771,43.3105],[-124.4748,43.2886],[-124.462,43.2734],[-124.3381,43.2727],[-124.3351,43.2294],[-124.2962,43.2293],[-124.2959,43.2658],[-124.2638,43.2657],[-124.2559,43.2853],[-124.2332,43.2912],[-124.2213,43.2879],[-124.2077,43.3005],[-124.2096,43.3067],[-124.2016,43.3118],[-124.2041,43.3248],[-124.191,43.3339],[-124.1969,43.3407],[-124.1911,43.3438],[-124.1932,43.3581],[-124.1764,43.3588],[-124.1763,43.3632],[-124.1647,43.3592],[-124.1508,43.3619],[-124.148,43.3691],[-124.1275,43.3774],[-124.0994,43.3771],[-124.0935,43.3823],[-124.0957,43.3933],[-124.0829,43.3934],[-124.0832,43.4577],[-124.0931,43.4596],[-124.0882,43.4659],[-124.1028,43.463],[-124.1028,43.4786],[-124.0633,43.4791],[-124.0637,43.5228],[-123.9441,43.522],[-123.942,43.5153],[-123.7051,43.5166],[-123.7051,43.5596],[-123.765,43.5597],[-123.7648,43.6076],[-123.7935,43.6077],[-123.7934,43.6709],[-123.7976,43.674],[-123.8086,43.6704],[-123.8076,43.6637],[-123.8129,43.6638],[-123.8126,43.6784],[-123.7824,43.682],[-123.7809,43.6893],[-123.7922,43.6893],[-123.7924,43.6926],[-123.7049,43.6932],[-123.7034,43.8629],[-123.5796,43.8628],[-123.5797,43.8683],[-123.529,43.8683],[-123.5292,43.8301],[-123.4703,43.8312],[-123.4704,43.8101],[-123.3482,43.8092],[-123.3482,43.7802],[-123.186,43.7795],[-123.187,43.8376],[-123.1678,43.8376],[-123.1679,43.8445],[-123.1471,43.8448],[-123.1471,43.8517],[-123.1278,43.8776],[-123.1595,43.886],[-123.1888,43.886],[-123.1883,43.9215],[-123.2281,43.9216],[-123.2283,43.9291],[-123.2374,43.9292],[-123.2374,43.9523],[-123.2275,43.9522],[-123.2272,43.9752],[-123.2623,43.9752],[-123.262,43.9963],[-123.2734,43.9962],[-123.2734,44.0028],[-123.2629,44.0096],[-123.2642,44.0187],[-123.283,44.0169],[-123.283,44.0123],[-123.3394,44.0124],[-123.3393,44.0077],[-123.3554,44.0048],[-123.3554,44.0123],[-123.3704,44.0122],[-123.3706,44.0268],[-123.3805,44.0267],[-123.3829,44.0338],[-123.3789,44.0361],[-123.3909,44.0428],[-123.3716,44.048],[-123.3707,44.0566],[-123.3664,44.0581],[-123.3774,44.0774],[-123.3522,44.0764],[-123.3331,44.098],[-123.321,44.1383],[-123.305,44.162],[-123.2859,44.1751],[-123.2827,44.1828],[-123.2908,44.1852],[-123.2864,44.1922],[-123.2865,44.2155],[-123.3106,44.2156],[-123.317,44.2114],[-123.3296,44.2135],[-123.3444,44.2231],[-123.37,44.2231],[-123.3812,44.2014],[-123.3923,44.1918],[-123.3838,44.1823],[-123.3668,44.1807],[-123.3663,44.1757],[-123.3921,44.1712],[-123.4243,44.1584],[-123.4393,44.166],[-123.4535,44.188],[-123.4708,44.1965],[-123.4717,44.2812],[-123.5933,44.2819],[-123.5936,44.2254],[-123.5903,44.2244],[-123.5936,44.2236],[-123.5936,44.2086],[-123.6541,44.2088],[-123.6542,44.1943],[-123.6742,44.1941],[-123.6748,44.1215],[-123.7147,44.1217],[-123.7148,44.101],[-123.7046,44.1008],[-123.7046,44.0969],[-123.7759,44.0935],[-123.7714,44.0866],[-123.7943,44.077],[-123.7872,44.0716],[-123.7955,44.0571],[-123.8162,44.0581],[-123.8484,44.0735],[-123.8651,44.0764],[-123.8733,44.0761],[-123.8789,44.0701],[-123.8885,44.0804],[-123.8885,44.074],[-123.9289,44.0735],[-123.9287,44.0369],[-123.9487,44.0372],[-123.9486,44.0183],[-123.9859,44.0174],[-124.0487,43.9833],[-124.0697,43.9764],[-124.0818,43.9766],[-124.0791,43.9985],[-124.0939,43.9953],[-124.0941,44.0024],[-124.0891,44.0023],[-124.094,44.0062],[-124.0941,44.0206],[-124.1041,44.0209],[-124.1042,44.0281],[-124.1243,44.0317],[-124.1298,44.0491],[-124.139,44.0466],[-124.1425,44.0171],[-124.2127,44.0181],[-124.2079,44.0021],[-124.2397,43.8111],[-124.2657,43.7016],[-124.2796,43.6871],[-124.2853,43.6727],[-124.2803,43.6484],[-124.303,43.5681],[-124.3438,43.465],[-124.3792,43.4041],[-124.4256,43.3859],[-124.4395,43.3748],[-124.4467,43.3582],[-124.4716,43.3392],[-124.4769,43.3294],[-124.4771,43.3105]]]},"properties":{"geoid":"41009","state":"41","district":"9","name":"State House District 9","chamber":"House"}},{"type":"Feature","geometry":{"type":"Polygon","coordinates":[[[-124.2128,44.022],[-124.2127,44.0181],[-124.1425,44.0171],[-124.139,44.0466],[-124.1298,44.0491],[-124.1243,44.0317],[-124.1042,44.0281],[-124.1041,44.0209],[-124.0941,44.0206],[-124.094,44.0062],[-124.0891,44.0023],[-124.0941,44.0024],[-124.0939,43.9953],[-124.0791,43.9985],[-124.0818,43.9766],[-124.0697,43.9764],[-124.0487,43.9833],[-123.9859,44.0174],[-123.9486,44.0183],[-123.9487,44.0372],[-123.9287,44.0369],[-123.9289,44.0735],[-123.8885,44.074],[-123.8885,44.0804],[-123.8789,44.0701],[-123.8733,44.0761],[-123.8651,44.0764],[-123.8484,44.0735],[-123.8162,44.0581],[-123.7955,44.0571],[-123.7872,44.0716],[-123.7943,44.077],[-123.7714,44.0866],[-123.7759,44.0935],[-123.7046,44.0969],[-123.7046,44.1008],[-123.7148,44.101],[-123.7147,44.1217],[-123.6748,44.1215],[-123.6742,44.1941],[-123.6542,44.1943],[-123.6541,44.2088],[-123.5936,44.2086],[-123.5936,44.2236],[-123.5903,44.2244],[-123.5936,44.2254],[-123.5933,44.2819],[-123.4717,44.2812],[-123.4708,44.1965],[-123.4535,44.188],[-123.4393,44.166],[-123.4243,44.1584],[-123.3921,44.1712],[-123.3663,44.1757],[-123.3668,44.1807],[-123.3838,44.1823],[-123.3923,44.1918],[-123.3812,44.2014],[-123.37,44.2231],[-123.3444,44.2231],[-123.3296,44.2135],[-123.317,44.2114],[-123.3103,44.2157],[-123.2399,44.2152],[-123.2399,44.2285],[-123.2006,44.2328],[-123.1956,44.2529],[-123.1854,44.2645],[-123.1742,44.2671],[-123.176,44.2776],[-123.1931,44.2898],[-123.1898,44.2959],[-123.1938,44.307],[-123.2169,44.3116],[-123.2203,44.3294],[-123.2457,44.3321],[-123.2287,44.3422],[-123.2347,44.3574],[-123.2189,44.361],[-123.2452,44.3832],[-123.2236,44.3935],[-123.2293,44.4151],[-123.2198,44.4157],[-123.2194,44.4194],[-123.2278,44.4329],[-123.2092,44.4352],[-123.2053,44.443],[-123.2165,44.4685],[-123.2137,44.4784],[-123.221,44.4848],[-123.2142,44.4894],[-123.2126,44.505],[-123.2381,44.528],[-123.2534,44.5289],[-123.268,44.5258],[-123.2687,44.52],[-123.2854,44.5199],[-123.2883,44.5091],[-123.3035,44.5077],[-123.312,44.5029],[-123.3122,44.4976],[-123.3378,44.4957],[-123.3331,44.5655],[-123.3348,44.5692],[-123.356,44.5694],[-123.356,44.574],[-123.3711,44.5725],[-123.3714,44.6218],[-123.3513,44.6222],[-123.3521,44.6949],[-123.3173,44.6948],[-123.3166,44.72],[-123.7045,44.7212],[-123.7046,44.739],[-123.725,44.739],[-123.7247,45.0444],[-124.0958,45.044],[-124.096,45.0205],[-124.0862,45.0029],[-124.0906,44.9659],[-124.0985,44.9454],[-124.0979,44.9297],[-124.1166,44.8663],[-124.1362,44.8492],[-124.1416,44.8334],[-124.1396,44.8116],[-124.1478,44.7736],[-124.1483,44.7404],[-124.1391,44.7105],[-124.151,44.6903],[-124.154,44.6753],[-124.152,44.6632],[-124.1374,44.641],[-124.1491,44.6248],[-124.1523,44.6093],[-124.1343,44.5832],[-124.1461,44.5402],[-124.1597,44.5234],[-124.1646,44.4998],[-124.1534,44.465],[-124.157,44.4216],[-124.1635,44.3748],[-124.1876,44.2886],[-124.1828,44.231],[-124.1868,44.1765],[-124.201,44.1395],[-124.1954,44.0975],[-124.2052,44.0406],[-124.2128,44.022]]]},"properties":{"geoid":"41010","state":"41","district":"10","name":"State House District 10","chamber":"House"}},{"type":"Feature","geometry":{"type":"Polygon","coordinates":[[[-123.2457,44.3329],[-123.238,44.329],[-123.2225,44.3307],[-123.2169,44.325],[-123.2162,44.3108],[-123.1933,44.3065],[-123.1898,44.2959],[-123.1934,44.2902],[-123.1782,44.2812],[-123.1749,44.2616],[-123.1629,44.2611],[-123.1398,44.2383],[-123.1252,44.2118],[-123.1277,44.2],[-122.9058,44.2007],[-122.904,44.2591],[-122.8655,44.259],[-122.8655,44.2873],[-122.8428,44.2811],[-122.8344,44.2834],[-122.823,44.2743],[-122.8072,44.2842],[-122.7768,44.2837],[-122.7627,44.2905],[-122.7498,44.2847],[-122.7311,44.2882],[-122.7203,44.2814],[-122.6994,44.28],[-122.6689,44.2689],[-122.6574,44.271],[-122.6468,44.2666],[-122.6453,44.254],[-122.64,44.2494],[-122.5935,44.2444],[-122.5754,44.2354],[-122.577,44.2279],[-122.5363,44.235],[-122.5282,44.2265],[-122.5136,44.2317],[-122.5037,44.2217],[-122.4793,44.2191],[-122.4659,44.2231],[-122.4482,44.2167],[-122.4349,44.2213],[-122.4047,44.2206],[-122.4048,44.2169],[-122.3846,44.2171],[-122.3846,44.211],[-122.3796,44.2094],[-122.3606,44.2119],[-122.3526,44.2207],[-122.3403,44.2216],[-122.3273,44.2312],[-122.3257,44.2376],[-122.3324,44.2434],[-122.3272,44.2528],[-121.7994,44.2583],[-121.819,44.2618],[-121.8249,44.2829],[-121.8413,44.2857],[-121.8376,44.334],[-121.8439,44.3462],[-121.8368,44.3567],[-121.846,44.3669],[-121.8419,44.3727],[-121.8467,44.4032],[-121.8409,44.4108],[-121.8455,44.4146],[-121.8476,44.4303],[-121.8411,44.4449],[-121.8496,44.4673],[-121.843,44.479],[-121.8494,44.4845],[-121.8469,44.4911],[-121.8231,44.5112],[-121.8094,44.5144],[-121.8163,44.5374],[-121.8071,44.5474],[-121.8018,44.5664],[-122.2627,44.5665],[-122.2637,44.6548],[-122.3257,44.6538],[-122.3232,44.5618],[-122.5996,44.5613],[-122.5987,44.6928],[-122.6295,44.6932],[-122.6291,44.706],[-122.6204,44.7059],[-122.6204,44.7127],[-122.6564,44.7288],[-122.6765,44.73],[-122.6795,44.7236],[-122.7155,44.7301],[-122.764,44.7295],[-122.7636,44.7234],[-122.8254,44.7234],[-122.8249,44.7463],[-122.8349,44.7461],[-122.8354,44.7703],[-122.8289,44.7707],[-122.844,44.7746],[-122.8485,44.7726],[-122.8493,44.7627],[-122.8564,44.7591],[-122.865,44.7583],[-122.8662,44.7661],[-122.8815,44.7658],[-122.9072,44.7535],[-122.9072,44.7579],[-122.9302,44.7579],[-122.9412,44.7512],[-122.9382,44.7633],[-122.9649,44.7635],[-122.975,44.7568],[-122.9976,44.7576],[-122.9976,44.7496],[-123.0158,44.7496],[-123.0103,44.744],[-123.0103,44.7279],[-123.0182,44.7236],[-123.0138,44.7134],[-123.0186,44.6988],[-122.9977,44.6753],[-122.9886,44.6722],[-122.9822,44.6629],[-122.9902,44.6467],[-122.98,44.6443],[-122.9822,44.6296],[-122.9879,44.6296],[-122.9874,44.5861],[-123.0051,44.5862],[-123.0049,44.5818],[-122.9964,44.5818],[-122.9965,44.5716],[-123.0083,44.5713],[-123.0087,44.555],[-123.0908,44.5558],[-123.0896,44.534],[-123.1304,44.5341],[-123.1305,44.5428],[-123.1469,44.5326],[-123.2262,44.5359],[-123.2197,44.5329],[-123.2239,44.5288],[-123.2192,44.5267],[-123.228,44.5165],[-123.2122,44.5039],[-123.2142,44.4894],[-123.221,44.4848],[-123.2137,44.4784],[-123.2165,44.4685],[-123.2053,44.443],[-123.2092,44.4352],[-123.228,44.4324],[-123.2194,44.4194],[-123.2198,44.4157],[-123.2293,44.4151],[-123.2236,44.3935],[-123.2452,44.3823],[-123.2366,44.3732],[-123.2242,44.3694],[-123.2189,44.361],[-123.2347,44.3574],[-123.2287,44.3422],[-123.2457,44.3329]]]},"properties":{"geoid":"41011","state":"41","district":"11","name":"State House District 11","chamber":"House"}},{"type":"Feature","geometry":{"type":"Polygon","coordinates":[[[-123.2908,44.1888],[-123.2827,44.1828],[-123.2737,44.1852],[-123.2784,44.1905],[-123.2087,44.1931],[-123.2086,44.1896],[-123.2026,44.1902],[-123.2036,44.1682],[-123.1991,44.1336],[-123.1947,44.1278],[-123.1428,44.1272],[-123.1439,44.1303],[-123.1262,44.1316],[-123.1261,44.1424],[-123.1189,44.1423],[-123.12,44.1342],[-123.1114,44.1314],[-123.1074,44.1237],[-123.0801,44.1164],[-123.0676,44.1186],[-123.0472,44.1126],[-123.0464,44.1165],[-123.0453,44.112],[-123.0324,44.1078],[-123.0345,44.0963],[-123.0177,44.0882],[-123.0242,44.076],[-122.9803,44.0812],[-122.9742,44.0863],[-122.9641,44.0717],[-122.9532,44.0663],[-122.9297,44.0738],[-122.899,44.0675],[-122.8709,44.0688],[-122.8733,44.0528],[-122.8834,44.0569],[-122.8781,44.0526],[-122.879,44.0417],[-122.8873,44.0379],[-122.8919,44.0198],[-122.9253,44.0197],[-122.9353,44.0272],[-122.9433,44.0207],[-122.9972,44.0297],[-123.0118,44.0226],[-123.0277,44.0237],[-123.0294,44.0274],[-123.0248,44.0135],[-123.0815,44.0242],[-123.0749,44.0044],[-123.0789,43.9952],[-123.0497,43.9949],[-123.0496,43.9904],[-123.0311,43.9877],[-123.0304,43.9689],[-123.0137,43.9679],[-123.0174,43.9305],[-123.0341,43.9264],[-123.0319,43.9107],[-123.0212,43.9107],[-123.0193,43.9028],[-123.0313,43.8811],[-123.0317,43.8763],[-123.0276,43.8763],[-123.0316,43.8688],[-123.0417,43.8686],[-123.0371,43.8585],[-123.0488,43.8426],[-123.0459,43.8138],[-123.0621,43.8067],[-123.0794,43.8159],[-123.0849,43.8144],[-123.0892,43.8218],[-123.0941,43.8195],[-123.095,43.8446],[-123.1021,43.8446],[-123.1022,43.8374],[-123.1074,43.8374],[-123.1076,43.8519],[-123.1471,43.8517],[-123.1471,43.8448],[-123.1679,43.8445],[-123.1678,43.8376],[-123.187,43.8376],[-123.186,43.7795],[-123.1373,43.7797],[-123.1372,43.6059],[-123.1073,43.6059],[-123.1077,43.54],[-122.7418,43.5447],[-122.7417,43.4374],[-122.132,43.4402],[-122.153,43.4476],[-122.1369,43.4562],[-122.1408,43.4663],[-122.135,43.4689],[-122.1309,43.4851],[-122.1298,43.5057],[-122.1477,43.5155],[-122.1495,43.5207],[-122.1403,43.5294],[-122.1429,43.537],[-122.131,43.5573],[-122.1105,43.5654],[-122.0935,43.5792],[-122.0713,43.5796],[-122.0715,43.5877],[-122.011,43.6093],[-122.0021,43.6159],[-122.0001,43.6264],[-121.9649,43.627],[-121.9805,43.6397],[-121.9871,43.6544],[-121.9782,43.688],[-121.9669,43.7034],[-121.9746,43.7086],[-121.9731,43.7158],[-121.9783,43.7244],[-121.9736,43.7311],[-121.9812,43.7434],[-121.9609,43.7639],[-121.9695,43.7685],[-121.9689,43.7748],[-121.9605,43.7812],[-121.9676,43.7882],[-121.9684,43.801],[-121.9636,43.8095],[-121.9755,43.8118],[-121.9751,43.8576],[-121.953,43.8717],[-121.9525,43.8779],[-121.9324,43.8942],[-121.9316,43.8991],[-121.9396,43.9009],[-121.9282,43.9092],[-121.9015,43.9159],[-121.8907,43.9084],[-121.8691,43.9121],[-121.8655,43.9202],[-121.8702,43.9235],[-121.858,43.9453],[-121.8597,43.9615],[-121.8365,43.9714],[-121.8451,43.9762],[-121.8357,43.9871],[-121.8283,43.9889],[-121.8334,43.9914],[-121.822,44.0117],[-121.8343,44.0402],[-121.8194,44.0516],[-121.8025,44.0524],[-121.7893,44.0749],[-121.7726,44.0909],[-121.768,44.1146],[-121.7727,44.1398],[-121.7843,44.1481],[-121.782,44.1598],[-121.7762,44.16],[-121.7716,44.1672],[-121.7797,44.1754],[-121.7741,44.1905],[-121.7815,44.1948],[-121.7816,44.2053],[-121.7856,44.2078],[-121.7781,44.221],[-121.7858,44.2292],[-121.7896,44.2493],[-121.7994,44.2583],[-122.3272,44.2528],[-122.3324,44.2434],[-122.3257,44.2376],[-122.3273,44.2312],[-122.3403,44.2216],[-122.3526,44.2207],[-122.3606,44.2119],[-122.3796,44.2094],[-122.3846,44.211],[-122.3846,44.2171],[-122.4048,44.2169],[-122.4047,44.2206],[-122.4349,44.2213],[-122.4482,44.2167],[-122.4659,44.2231],[-122.4793,44.2191],[-122.5037,44.2217],[-122.5136,44.2317],[-122.5282,44.2265],[-122.5363,44.235],[-122.577,44.2279],[-122.5754,44.2354],[-122.5935,44.2444],[-122.64,44.2494],[-122.6453,44.254],[-122.6468,44.2666],[-122.6574,44.271],[-122.6689,44.2689],[-122.6994,44.28],[-122.7203,44.2814],[-122.7311,44.2882],[-122.7498,44.2847],[-122.7627,44.2905],[-122.7768,44.2837],[-122.8072,44.2842],[-122.823,44.2743],[-122.8344,44.2834],[-122.8428,44.2811],[-122.8655,44.2873],[-122.8655,44.259],[-122.904,44.2591],[-122.9058,44.2007],[-123.1277,44.2],[-123.1252,44.2118],[-123.1405,44.2395],[-123.1629,44.2611],[-123.1738,44.2611],[-123.1773,44.2671],[-123.1956,44.2529],[-123.1992,44.2345],[-123.2081,44.2327],[-123.2062,44.2297],[-123.2399,44.2285],[-123.2399,44.2152],[-123.2865,44.2155],[-123.2864,44.1922],[-123.2908,44.1888]]]},"properties":{"geoid":"41012","state":"41","district":"12","name":"State House District 12","chamber":"House"}},{"type":"Feature","geometry":{"type":"Polygon","coordinates":[[[-123.1688,44.1242],[-123.1486,44.0836],[-123.1173,44.0626],[-123.1132,44.0681],[-123.0846,44.0608],[-123.0495,44.0623],[-123.0441,44.1047],[-123.0464,44.1165],[-123.0472,44.1126],[-123.0676,44.1186],[-123.0801,44.1164],[-123.1074,44.1237],[-123.1114,44.1314],[-123.1197,44.1336],[-123.1199,44.1424],[-123.1261,44.1424],[-123.1263,44.1315],[-123.1684,44.1275],[-123.1688,44.1242]]]},"properties":{"geoid":"41013","state":"41","district":"13","name":"State House District 13","chamber":"House"}},{"type":"Feature","geometry":{"type":"Polygon","coordinates":[[[-123.3909,44.0428],[-123.3789,44.0361],[-123.3829,44.0338],[-123.3805,44.0267],[-123.3706,44.0268],[-123.3704,44.0122],[-123.3554,44.0123],[-123.3554,44.0048],[-123.3393,44.0077],[-123.3394,44.0124],[-123.283,44.0123],[-123.283,44.0169],[-123.2642,44.0187],[-123.2629,44.0096],[-123.2734,44.0028],[-123.2734,43.9962],[-123.262,43.9963],[-123.2621,43.9918],[-123.2611,43.9985],[-123.2439,43.9936],[-123.2385,44.0005],[-123.205,44.0004],[-123.195,44.0129],[-123.1667,44.0275],[-123.1492,44.0169],[-123.1317,44.0215],[-123.1178,44.0195],[-123.1181,44.0509],[-123.1049,44.0512],[-123.1486,44.0836],[-123.1684,44.1275],[-123.198,44.1312],[-123.2026,44.1902],[-123.2505,44.1934],[-123.2784,44.1905],[-123.2737,44.1852],[-123.2815,44.1852],[-123.2861,44.1747],[-123.305,44.162],[-123.3211,44.1381],[-123.3334,44.0974],[-123.3522,44.0764],[-123.3774,44.0774],[-123.3666,44.0573],[-123.3707,44.0566],[-123.3716,44.048],[-123.3909,44.0428]]]},"properties":{"geoid":"41014","state":"41","district":"14","name":"State House District 14","chamber":"House"}},{"type":"Feature","geometry":{"type":"Polygon","coordinates":[[[-123.2608,44.5575],[-123.2421,44.5473],[-123.2525,44.527],[-123.2381,44.528],[-123.228,44.5166],[-123.2192,44.5267],[-123.2239,44.5288],[-123.2197,44.5329],[-123.2261,44.5341],[-123.2224,44.5377],[-123.1958,44.5328],[-123.1471,44.5326],[-123.1305,44.5428],[-123.1304,44.5341],[-123.0896,44.534],[-123.0908,44.5558],[-123.0087,44.555],[-123.0083,44.5713],[-122.9965,44.5716],[-122.9964,44.5818],[-123.0049,44.5818],[-123.0051,44.5862],[-122.9874,44.5861],[-122.9879,44.6296],[-122.9822,44.6296],[-122.98,44.6443],[-122.9902,44.6467],[-122.9822,44.6629],[-122.9886,44.6722],[-122.9977,44.6753],[-123.0186,44.6988],[-123.0138,44.7134],[-123.0182,44.7236],[-123.0103,44.7279],[-123.0103,44.744],[-123.0158,44.7496],[-122.9976,44.7496],[-122.9976,44.7576],[-122.9742,44.757],[-122.9647,44.7635],[-122.9668,44.7769],[-122.9685,44.7809],[-123.0002,44.781],[-123.0002,44.7737],[-123.0101,44.7737],[-123.0102,44.8021],[-123.0312,44.8022],[-123.0244,44.8173],[-123.0307,44.8251],[-123.0313,44.8407],[-123.0619,44.8468],[-123.0615,44.8686],[-123.0995,44.8695],[-123.0976,44.8615],[-123.1126,44.8529],[-123.113,44.8365],[-123.1211,44.8358],[-123.122,44.8424],[-123.133,44.8424],[-123.1317,44.8265],[-123.104,44.819],[-123.0914,44.8107],[-123.0977,44.7991],[-123.1266,44.7913],[-123.148,44.7636],[-123.1477,44.7511],[-123.1324,44.7412],[-123.1504,44.7276],[-123.1475,44.7148],[-123.1213,44.6914],[-123.1175,44.6786],[-123.1221,44.674],[-123.1454,44.6734],[-123.1474,44.6663],[-123.1429,44.6657],[-123.14,44.6501],[-123.145,44.6458],[-123.1438,44.6424],[-123.122,44.6404],[-123.1706,44.6345],[-123.1701,44.6227],[-123.1818,44.619],[-123.1839,44.6092],[-123.1984,44.6019],[-123.197,44.5976],[-123.1842,44.5943],[-123.1848,44.5875],[-123.2231,44.5844],[-123.2512,44.5746],[-123.2608,44.5575]]]},"properties":{"geoid":"41015","state":"41","district":"15","name":"State House District 15","chamber":"House"}},{"type":"Feature","geometry":{"type":"Polygon","coordinates":[[[-123.3714,44.589],[-123.3711,44.5725],[-123.356,44.574],[-123.356,44.5694],[-123.3348,44.5692],[-123.3331,44.5655],[-123.3378,44.4957],[-123.3122,44.4976],[-123.312,44.5029],[-123.3035,44.5077],[-123.2883,44.5091],[-123.2854,44.5199],[-123.2687,44.52],[-123.268,44.5258],[-123.2581,44.5251],[-123.2506,44.5319],[-123.2421,44.5473],[-123.2608,44.5569],[-123.2512,44.5746],[-123.2231,44.5844],[-123.1848,44.5875],[-123.1842,44.5943],[-123.197,44.5976],[-123.1984,44.6019],[-123.1839,44.6092],[-123.1818,44.619],[-123.1701,44.6227],[-123.1709,44.6342],[-123.122,44.6404],[-123.1438,44.6424],[-123.1451,44.6468],[-123.14,44.6502],[-123.1429,44.6657],[-123.1474,44.6663],[-123.1454,44.6734],[-123.1221,44.674],[-123.1175,44.6786],[-123.1211,44.6911],[-123.1433,44.7083],[-123.149,44.7202],[-123.3166,44.72],[-123.3173,44.6948],[-123.3521,44.6949],[-123.3513,44.6222],[-123.3714,44.6218],[-123.3714,44.589]]]},"properties":{"geoid":"41016","state":"41","district":"16","name":"State House District 16","chamber":"House"}},{"type":"Feature","geometry":{"type":"Polygon","coordinates":[[[-123.0637,44.8578],[-123.0619,44.8468],[-123.0313,44.8407],[-123.0307,44.8251],[-123.0244,44.8173],[-123.0312,44.8022],[-123.0102,44.8021],[-123.0101,44.7737],[-123.0002,44.7737],[-123.0002,44.781],[-122.9683,44.7809],[-122.9647,44.7635],[-122.9382,44.7633],[-122.9412,44.7512],[-122.9302,44.7579],[-122.9072,44.7579],[-122.9072,44.7535],[-122.8815,44.7658],[-122.8662,44.7661],[-122.865,44.7583],[-122.8568,44.759],[-122.8493,44.7627],[-122.8485,44.7726],[-122.844,44.7746],[-122.8289,44.7707],[-122.8354,44.7703],[-122.8349,44.7461],[-122.8249,44.7463],[-122.8254,44.7234],[-122.7636,44.7234],[-122.764,44.7295],[-122.7155,44.7301],[-122.6795,44.7236],[-122.6765,44.73],[-122.6564,44.7288],[-122.6204,44.7127],[-122.6204,44.7059],[-122.6291,44.706],[-122.6295,44.6932],[-122.5987,44.6928],[-122.5996,44.5613],[-122.3232,44.5618],[-122.3257,44.6538],[-122.2637,44.6548],[-122.2627,44.5665],[-121.8018,44.5664],[-121.7939,44.5941],[-121.8023,44.6104],[-121.8116,44.6158],[-121.8081,44.6284],[-121.7979,44.6403],[-121.8018,44.6599],[-121.7984,44.6862],[-121.8017,44.6886],[-121.7975,44.6866],[-121.7965,44.6991],[-121.803,44.7101],[-121.7961,44.7145],[-121.7944,44.7259],[-121.8046,44.7292],[-121.7885,44.7478],[-121.7874,44.7651],[-121.7991,44.771],[-121.8144,44.7716],[-121.8146,44.7757],[-121.8625,44.81],[-121.874,44.8096],[-121.8711,44.8164],[-121.8431,44.8359],[-121.8184,44.8384],[-121.8274,44.8575],[-121.8399,44.866],[-121.8252,44.8691],[-121.8325,44.8734],[-121.8067,44.8857],[-122.389,44.8857],[-122.386,44.8841],[-122.3918,44.881],[-122.4301,44.881],[-122.43,44.8688],[-122.4881,44.8686],[-122.4962,44.8747],[-122.5185,44.8756],[-122.6311,44.8758],[-122.6306,44.8404],[-122.6839,44.8404],[-122.6839,44.8604],[-122.7627,44.8604],[-122.7628,44.8832],[-122.8287,44.8841],[-122.8504,44.8952],[-122.8503,44.8889],[-122.8572,44.8889],[-122.857,44.9058],[-122.8515,44.9056],[-122.8547,44.932],[-122.8448,44.9342],[-122.8605,44.938],[-122.8686,44.9502],[-122.8776,44.9328],[-122.8841,44.9328],[-122.8902,44.9483],[-122.8826,44.9643],[-122.8774,44.9652],[-122.8776,45.009],[-122.9269,45.0105],[-122.9607,45.0045],[-122.9569,44.9971],[-122.9757,44.9939],[-122.9732,44.9726],[-122.9693,44.9725],[-122.9739,44.9397],[-122.9668,44.9363],[-122.9657,44.9281],[-122.9588,44.928],[-122.9538,44.9186],[-122.9592,44.9161],[-122.9574,44.9111],[-122.9625,44.9075],[-122.9883,44.9154],[-122.9847,44.8985],[-122.9973,44.8875],[-123.012,44.8538],[-123.0318,44.8611],[-123.0459,44.8576],[-123.0511,44.8649],[-123.0617,44.865],[-123.0637,44.8578]]]},"properties":{"geoid":"41017","state":"41","district":"17","name":"State House District 17","chamber":"House"}},{"type":"Feature","geometry":{"type":"Polygon","coordinates":[[[-123.0511,45.2113],[-123.0436,45.1994],[-123.0205,45.1998],[-123.0154,45.177],[-123.0077,45.171],[-122.9816,45.1709],[-122.9824,45.1617],[-122.9889,45.1617],[-122.994,45.1507],[-122.9847,45.148],[-122.9849,45.1424],[-122.978,45.1429],[-122.9749,45.1334],[-122.9672,45.1462],[-122.9436,45.1655],[-122.9384,45.1654],[-122.9382,45.1579],[-122.948,45.1528],[-122.9433,45.1518],[-122.9183,45.1511],[-122.917,45.1613],[-122.8961,45.1546],[-122.888,45.1625],[-122.8738,45.1585],[-122.8695,45.1627],[-122.8576,45.1583],[-122.8222,45.1615],[-122.8274,45.1557],[-122.8215,45.1577],[-122.8206,45.1539],[-122.8302,45.1422],[-122.8364,45.1412],[-122.8402,45.128],[-122.8522,45.1278],[-122.882,45.1097],[-122.9374,45.0682],[-122.9527,45.0497],[-122.9448,45.044],[-122.9552,45.0469],[-122.9635,45.0379],[-122.9582,45.0365],[-122.9582,45.0275],[-122.963,45.0275],[-122.9636,45.013],[-122.9761,45.0092],[-122.9764,45.0047],[-122.949,45.0045],[-122.9269,45.0105],[-122.8776,45.009],[-122.8774,44.9652],[-122.8826,44.9643],[-122.8902,44.9483],[-122.8841,44.9328],[-122.8776,44.9328],[-122.8686,44.9502],[-122.8605,44.938],[-122.8448,44.9342],[-122.8547,44.932],[-122.8515,44.9056],[-122.857,44.9058],[-122.8572,44.8889],[-122.8503,44.8889],[-122.8504,44.8952],[-122.8287,44.8841],[-122.7628,44.8832],[-122.7627,44.8604],[-122.6839,44.8604],[-122.6839,44.8404],[-122.6306,44.8404],[-122.6311,44.8758],[-122.5185,44.8756],[-122.4962,44.8747],[-122.4881,44.8686],[-122.43,44.8688],[-122.4301,44.881],[-122.3918,44.881],[-122.386,44.8841],[-122.389,44.8857],[-121.7653,44.8857],[-121.7613,44.911],[-121.7524,44.9306],[-121.7641,44.942],[-121.7798,44.9352],[-121.7961,44.9366],[-121.7856,44.9504],[-121.8033,44.9771],[-121.8053,45.0115],[-121.7932,45.0175],[-121.7815,45.0154],[-121.7784,45.0376],[-121.7688,45.0399],[-121.741,45.0344],[-121.7232,45.137],[-121.7414,45.1473],[-121.7482,45.1616],[-121.7407,45.171],[-121.7368,45.1671],[-121.7314,45.1706],[-121.7388,45.1804],[-121.8896,45.1806],[-121.8954,45.1678],[-121.911,45.1806],[-122.0021,45.1802],[-122.0035,45.3226],[-122.1061,45.3226],[-122.1061,45.344],[-122.148,45.3438],[-122.1475,45.3154],[-122.1681,45.315],[-122.1685,45.2863],[-122.2044,45.286],[-122.2089,45.293],[-122.2293,45.2947],[-122.2784,45.2924],[-122.2786,45.2771],[-122.3093,45.2733],[-122.312,45.2688],[-122.3287,45.2813],[-122.3474,45.2804],[-122.3489,45.271],[-122.3328,45.2547],[-122.3229,45.2297],[-122.3626,45.2232],[-122.3675,45.2086],[-122.3761,45.205],[-122.4238,45.2046],[-122.448,45.2162],[-122.4813,45.2155],[-122.4869,45.2223],[-122.4955,45.2155],[-122.5536,45.2123],[-122.5511,45.2247],[-122.5821,45.2227],[-122.5882,45.2336],[-122.5843,45.2448],[-122.6269,45.2466],[-122.6308,45.2385],[-122.6378,45.2374],[-122.6442,45.2448],[-122.6638,45.2398],[-122.7044,45.2486],[-122.7145,45.2631],[-122.7102,45.2656],[-122.7097,45.2786],[-122.7161,45.2848],[-122.7299,45.2823],[-122.7353,45.2765],[-122.7305,45.2755],[-122.7381,45.2731],[-122.7351,45.266],[-122.7407,45.2661],[-122.7396,45.2616],[-122.7465,45.2634],[-122.7393,45.2595],[-122.7848,45.2596],[-122.7849,45.2741],[-122.8346,45.2741],[-122.8467,45.2614],[-122.8672,45.253],[-122.8995,45.2567],[-122.9191,45.2681],[-122.9487,45.2678],[-122.9676,45.2851],[-122.9773,45.2731],[-123.0008,45.2593],[-122.9954,45.2366],[-122.9996,45.2238],[-123.0376,45.2225],[-123.0511,45.2113]]]},"properties":{"geoid":"41018","state":"41","district":"18","name":"State House District 18","chamber":"House"}},{"type":"Feature","geometry":{"type":"Polygon","coordinates":[[[-123.0818,44.8705],[-123.0615,44.8686],[-123.0619,44.865],[-123.0511,44.8649],[-123.0459,44.8576],[-123.0318,44.8611],[-123.012,44.8538],[-122.9973,44.8875],[-122.9847,44.8985],[-122.9883,44.9154],[-122.9625,44.9075],[-122.9538,44.9186],[-122.9588,44.928],[-122.9999,44.9281],[-123.0143,44.9361],[-123.0421,44.9408],[-123.0502,44.9214],[-123.0447,44.9212],[-123.046,44.9117],[-123.0385,44.8988],[-123.0546,44.8975],[-123.061,44.883],[-123.0701,44.883],[-123.0818,44.8705]]]},"properties":{"geoid":"41019","state":"41","district":"19","name":"State House District 19","chamber":"House"}},{"type":"Feature","geometry":{"type":"Polygon","coordinates":[[[-123.2499,44.8513],[-123.2451,44.8504],[-123.2456,44.8432],[-123.239,44.8433],[-123.2397,44.8382],[-123.2078,44.8418],[-123.2041,44.8364],[-123.1802,44.8363],[-123.18,44.8396],[-123.173,44.8301],[-123.1545,44.8302],[-123.1441,44.8254],[-123.1317,44.8265],[-123.133,44.8424],[-123.122,44.8424],[-123.1211,44.8358],[-123.1138,44.8358],[-123.1126,44.8529],[-123.0976,44.8615],[-123.0995,44.8695],[-123.0861,44.8689],[-123.0701,44.883],[-123.061,44.883],[-123.0546,44.8975],[-123.0385,44.8988],[-123.046,44.9117],[-123.0447,44.9212],[-123.0502,44.9214],[-123.0381,44.9566],[-123.0391,44.9867],[-123.046,44.991],[-123.0654,44.9907],[-123.0664,44.9847],[-123.0919,44.984],[-123.0917,44.9609],[-123.1109,44.9609],[-123.1123,44.9466],[-123.0954,44.9461],[-123.0968,44.9394],[-123.0817,44.9374],[-123.0817,44.9293],[-123.1427,44.9321],[-123.1609,44.9042],[-123.1782,44.8932],[-123.1869,44.881],[-123.1873,44.8723],[-123.2012,44.8728],[-123.2072,44.8637],[-123.2383,44.8646],[-123.2499,44.8513]]]},"properties":{"geoid":"41020","state":"41","district":"20","name":"State House District 20","chamber":"House"}},{"type":"Feature","geometry":{"type":"Polygon","coordinates":[[[-123.0755,45.0153],[-123.0647,44.99],[-123.0455,44.9909],[-123.0382,44.9852],[-123.0423,44.94],[-123.0154,44.9365],[-122.9999,44.9281],[-122.9657,44.9281],[-122.9668,44.9363],[-122.9739,44.9397],[-122.9735,44.9495],[-123.009,44.949],[-123.0113,44.9618],[-123.0194,44.9601],[-123.021,44.9729],[-123.0093,44.9822],[-122.9904,45.0163],[-123.0016,45.0164],[-122.9953,45.0352],[-123.0229,45.0355],[-123.0299,45.0157],[-123.0755,45.0153]]]},"properties":{"geoid":"41021","state":"41","district":"21","name":"State House District 21","chamber":"House"}},{"type":"Feature","geometry":{"type":"Polygon","coordinates":[[[-123.0751,45.0176],[-123.0618,45.0136],[-123.0299,45.0157],[-123.0229,45.0355],[-122.9953,45.0352],[-123.0016,45.0164],[-122.9904,45.0163],[-123.0093,44.9822],[-123.021,44.9729],[-123.0194,44.9601],[-123.0113,44.9618],[-123.009,44.949],[-122.9735,44.9495],[-122.9693,44.9725],[-122.9732,44.9726],[-122.9757,44.9939],[-122.9569,44.9971],[-122.9607,45.0046],[-122.9764,45.0047],[-122.9761,45.0092],[-122.9637,45.0128],[-122.9603,45.0198],[-122.963,45.0275],[-122.9582,45.0275],[-122.9582,45.0365],[-122.9635,45.0379],[-122.9552,45.0469],[-122.9448,45.044],[-122.9527,45.0497],[-122.9374,45.0682],[-122.9025,45.0957],[-122.8522,45.1278],[-122.8402,45.128],[-122.8364,45.1412],[-122.8302,45.1422],[-122.8206,45.1539],[-122.8215,45.1577],[-122.8274,45.1557],[-122.8222,45.1615],[-122.8576,45.1583],[-122.8695,45.1627],[-122.8738,45.1585],[-122.888,45.1625],[-122.8961,45.1546],[-122.917,45.1613],[-122.9183,45.1511],[-122.9433,45.1518],[-122.948,45.1528],[-122.9382,45.1579],[-122.9384,45.1654],[-122.9436,45.1655],[-122.9672,45.1462],[-122.9749,45.1334],[-122.978,45.1429],[-122.9849,45.1424],[-122.9847,45.148],[-122.994,45.1507],[-122.9889,45.1617],[-122.9824,45.1617],[-122.9816,45.1709],[-123.0077,45.171],[-123.0007,45.1652],[-123.0073,45.1595],[-123.0281,45.1614],[-123.0332,45.1538],[-123.0311,45.1442],[-123.0147,45.1365],[-122.9965,45.1175],[-123.0148,45.1018],[-123.0341,45.0987],[-123.0681,45.0784],[-123.0689,45.0419],[-123.0751,45.0176]]]},"properties":{"geoid":"41022","state":"41","district":"22","name":"State House District 22","chamber":"House"}},{"type":"Feature","geometry":{"type":"Polygon","coordinates":[[[-123.7256,44.8057],[-123.725,44.739],[-123.7046,44.739],[-123.7045,44.7212],[-123.149,44.7202],[-123.1504,44.7276],[-123.1324,44.7412],[-123.1478,44.7514],[-123.1458,44.7702],[-123.1336,44.7787],[-123.1248,44.7927],[-123.0972,44.7995],[-123.0921,44.8129],[-123.1263,44.8261],[-123.171,44.8293],[-123.18,44.8396],[-123.1802,44.8363],[-123.2041,44.8364],[-123.2078,44.8418],[-123.2397,44.8382],[-123.239,44.8433],[-123.2456,44.8432],[-123.2451,44.8504],[-123.2499,44.8519],[-123.2469,44.8585],[-123.238,44.8605],[-123.2383,44.8646],[-123.2072,44.8637],[-123.2012,44.8728],[-123.1873,44.8723],[-123.1869,44.881],[-123.1782,44.8932],[-123.1609,44.9042],[-123.1427,44.9321],[-123.0817,44.9293],[-123.0817,44.9374],[-123.0968,44.9394],[-123.0954,44.9461],[-123.1123,44.9466],[-123.1124,44.9592],[-123.0917,44.9609],[-123.0919,44.984],[-123.0648,44.9859],[-123.0756,45.0145],[-123.066,45.0674],[-123.0684,45.0778],[-123.0346,45.0985],[-123.0148,45.1018],[-122.9964,45.1177],[-123.0147,45.1365],[-123.0291,45.142],[-123.0333,45.1503],[-123.0277,45.1616],[-123.0073,45.1595],[-123.0012,45.1666],[-123.0152,45.1767],[-123.0205,45.1998],[-123.0436,45.1994],[-123.0509,45.212],[-123.0376,45.2225],[-122.9996,45.2238],[-122.9954,45.2366],[-123.0008,45.2593],[-122.9773,45.2731],[-122.9696,45.2843],[-122.963,45.2844],[-122.951,45.2693],[-122.9434,45.2676],[-122.9445,45.2901],[-122.9257,45.2982],[-122.9256,45.3065],[-122.9309,45.3067],[-122.9266,45.3081],[-122.928,45.3121],[-122.9049,45.3175],[-122.9089,45.3175],[-122.9088,45.3462],[-122.9829,45.3474],[-122.9716,45.3379],[-122.9894,45.3354],[-122.9894,45.3297],[-122.9837,45.3297],[-122.9837,45.3205],[-122.9888,45.3171],[-122.9838,45.317],[-122.984,45.3071],[-123.0186,45.3167],[-123.0723,45.3206],[-123.0654,45.2956],[-123.0683,45.2864],[-123.088,45.2867],[-123.0882,45.2822],[-123.0971,45.2792],[-123.0927,45.2581],[-123.101,45.2574],[-123.1024,45.2464],[-123.0985,45.2458],[-123.1023,45.2419],[-123.0956,45.2406],[-123.1083,45.2363],[-123.1041,45.2305],[-123.1068,45.2247],[-123.0958,45.2238],[-123.0953,45.2173],[-123.1052,45.2139],[-123.1037,45.2051],[-123.1112,45.1993],[-123.1233,45.1741],[-123.1439,45.1683],[-123.206,45.1347],[-123.207,45.123],[-123.1996,45.1244],[-123.2,45.1194],[-123.1926,45.1193],[-123.1969,45.1144],[-123.1907,45.1142],[-123.1858,45.1007],[-123.1863,45.075],[-123.2493,45.0751],[-123.2542,45.0667],[-123.261,45.0667],[-123.261,45.0579],[-123.2729,45.0578],[-123.2729,45.0637],[-123.2942,45.0638],[-123.2908,45.0524],[-123.3884,45.0521],[-123.3853,45.0466],[-123.3884,45.0394],[-123.4112,45.0374],[-123.4301,45.0432],[-123.4333,45.0387],[-123.4517,45.0388],[-123.4518,45.0325],[-123.4383,45.0326],[-123.4358,45.0242],[-123.4358,45.019],[-123.4436,45.0192],[-123.4438,45.0116],[-123.4319,45.0116],[-123.4359,44.9836],[-123.4489,44.9836],[-123.4489,44.9765],[-123.4388,44.9766],[-123.4387,44.9693],[-123.6017,44.9705],[-123.6007,44.9996],[-123.7246,45.0008],[-123.7256,44.8057]]]},"properties":{"geoid":"41023","state":"41","district":"23","name":"State House District 23","chamber":"House"}},{"type":"Feature","geometry":{"type":"Polygon","coordinates":[[[-123.7856,45.1597],[-123.7842,45.0767],[-123.7244,45.0768],[-123.7258,45.0007],[-123.6007,44.9996],[-123.6017,44.9705],[-123.4387,44.9693],[-123.4388,44.9766],[-123.4489,44.9765],[-123.4489,44.9836],[-123.4359,44.9836],[-123.4319,45.0116],[-123.4438,45.0116],[-123.4436,45.0192],[-123.4358,45.019],[-123.4358,45.0242],[-123.4383,45.0326],[-123.4518,45.0325],[-123.4517,45.0388],[-123.4333,45.0387],[-123.4301,45.0432],[-123.4112,45.0374],[-123.3884,45.0394],[-123.3853,45.0466],[-123.3884,45.0521],[-123.2908,45.0524],[-123.2942,45.0638],[-123.2729,45.0637],[-123.2729,45.0578],[-123.261,45.0579],[-123.261,45.0667],[-123.2542,45.0667],[-123.2493,45.0751],[-123.1863,45.075],[-123.1858,45.1007],[-123.1907,45.1142],[-123.1969,45.1144],[-123.1926,45.1193],[-123.2,45.1194],[-123.1996,45.1244],[-123.207,45.123],[-123.206,45.1347],[-123.1439,45.1683],[-123.1233,45.1741],[-123.1112,45.1993],[-123.1037,45.2051],[-123.1052,45.2139],[-123.0953,45.2173],[-123.0958,45.2238],[-123.1068,45.2247],[-123.1041,45.2305],[-123.1083,45.2363],[-123.0956,45.2406],[-123.1023,45.2419],[-123.0985,45.2458],[-123.1024,45.2464],[-123.101,45.2574],[-123.0927,45.2581],[-123.0971,45.2792],[-123.0882,45.2822],[-123.088,45.2867],[-123.0683,45.2864],[-123.0654,45.2956],[-123.0723,45.3206],[-123.0186,45.3167],[-122.984,45.3071],[-122.9838,45.317],[-122.9888,45.3171],[-122.9837,45.3205],[-122.9837,45.3297],[-122.9894,45.3297],[-122.9894,45.3354],[-122.9722,45.335],[-122.975,45.3419],[-122.9839,45.3462],[-122.9702,45.3469],[-122.9703,45.3608],[-122.9914,45.3611],[-122.9914,45.3755],[-123.0117,45.3763],[-123.0113,45.391],[-123.0324,45.3909],[-123.0322,45.405],[-123.1146,45.4044],[-123.1147,45.419],[-123.135,45.4183],[-123.1404,45.4319],[-123.4649,45.4333],[-123.4635,45.2163],[-123.7845,45.2163],[-123.7856,45.1597]]]},"properties":{"geoid":"41024","state":"41","district":"24","name":"State House District 24","chamber":"House"}},{"type":"Feature","geometry":{"type":"Polygon","coordinates":[[[-122.8481,45.427],[-122.8466,45.4194],[-122.8366,45.4163],[-122.8018,45.4137],[-122.8019,45.409],[-122.7935,45.4115],[-122.7992,45.3941],[-122.7824,45.3987],[-122.7644,45.3934],[-122.7536,45.4027],[-122.7532,45.3971],[-122.7467,45.397],[-122.7436,45.4549],[-122.7741,45.4533],[-122.7824,45.4568],[-122.7873,45.4485],[-122.8003,45.4442],[-122.8054,45.4446],[-122.801,45.4479],[-122.8031,45.4545],[-122.8208,45.4548],[-122.8208,45.4399],[-122.8481,45.427]]]},"properties":{"geoid":"41025","state":"41","district":"25","name":"State House District 25","chamber":"House"}},{"type":"Feature","geometry":{"type":"Polygon","coordinates":[[[-122.9451,45.2862],[-122.9434,45.2676],[-122.9191,45.2681],[-122.8995,45.2567],[-122.8672,45.253],[-122.8467,45.2614],[-122.8346,45.2741],[-122.7849,45.2741],[-122.7848,45.2596],[-122.7393,45.2595],[-122.7465,45.2634],[-122.7396,45.2616],[-122.7407,45.2661],[-122.7351,45.266],[-122.7381,45.2731],[-122.7305,45.2755],[-122.7353,45.2765],[-122.7299,45.2823],[-122.7161,45.2848],[-122.7232,45.2912],[-122.7181,45.2993],[-122.744,45.2994],[-122.7437,45.3131],[-122.7381,45.313],[-122.7381,45.3175],[-122.7438,45.3175],[-122.7438,45.3248],[-122.754,45.3247],[-122.7541,45.3357],[-122.7634,45.3357],[-122.7644,45.3404],[-122.7848,45.3404],[-122.785,45.3482],[-122.7937,45.3481],[-122.7944,45.3644],[-122.8018,45.368],[-122.8056,45.3643],[-122.8056,45.3694],[-122.8169,45.3752],[-122.8185,45.3921],[-122.8092,45.3893],[-122.7992,45.3941],[-122.7935,45.4115],[-122.8019,45.409],[-122.8018,45.4137],[-122.8366,45.4163],[-122.8466,45.4194],[-122.8484,45.4269],[-122.8569,45.4259],[-122.8569,45.4184],[-122.8519,45.4184],[-122.8522,45.3836],[-122.8678,45.3822],[-122.8678,45.3713],[-122.8868,45.3606],[-122.8867,45.3432],[-122.9088,45.3462],[-122.9089,45.3175],[-122.9049,45.3175],[-122.928,45.3121],[-122.9266,45.3081],[-122.9309,45.3067],[-122.9256,45.3065],[-122.9257,45.2982],[-122.9412,45.2931],[-122.9451,45.2862]]]},"properties":{"geoid":"41026","state":"41","district":"26","name":"State House District 26","chamber":"House"}},{"type":"Feature","geometry":{"type":"Polygon","coordinates":[[[-122.842,45.4814],[-122.8417,45.4753],[-122.8322,45.4714],[-122.8344,45.4656],[-122.8261,45.4657],[-122.826,45.453],[-122.8031,45.4545],[-122.801,45.4479],[-122.8054,45.4446],[-122.7875,45.4483],[-122.7747,45.4714],[-122.7641,45.4757],[-122.7611,45.4922],[-122.7541,45.4981],[-122.7641,45.4991],[-122.7646,45.5061],[-122.7759,45.5083],[-122.7632,45.5093],[-122.7671,45.516],[-122.7644,45.5339],[-122.7842,45.534],[-122.7928,45.5264],[-122.8063,45.5255],[-122.8022,45.5197],[-122.8075,45.5193],[-122.8402,45.5296],[-122.8396,45.5167],[-122.7915,45.4989],[-122.7916,45.4949],[-122.7923,45.4907],[-122.8261,45.4894],[-122.8261,45.4858],[-122.842,45.4814]]]},"properties":{"geoid":"41027","state":"41","district":"27","name":"State House District 27","chamber":"House"}},{"type":"Feature","geometry":{"type":"Polygon","coordinates":[[[-122.7824,45.4569],[-122.7741,45.4533],[-122.7168,45.4539],[-122.6895,45.4699],[-122.6781,45.4705],[-122.679,45.4863],[-122.673,45.5006],[-122.6651,45.5029],[-122.6704,45.5131],[-122.6978,45.5159],[-122.711,45.507],[-122.7658,45.5058],[-122.7641,45.4991],[-122.7541,45.4981],[-122.7611,45.4922],[-122.7641,45.4757],[-122.7746,45.4715],[-122.7824,45.4569]]]},"properties":{"geoid":"41028","state":"41","district":"28","name":"State House District 28","chamber":"House"}},{"type":"Feature","geometry":{"type":"Polygon","coordinates":[[[-123.172,45.5311],[-123.1587,45.5172],[-123.1442,45.5172],[-123.116,45.5045],[-123.1348,45.4701],[-123.1244,45.4723],[-123.1266,45.4407],[-123.0636,45.4403],[-123.0629,45.4049],[-123.0527,45.4047],[-123.0513,45.419],[-123.027,45.4192],[-122.9852,45.4411],[-122.9926,45.4624],[-122.9898,45.5176],[-122.9611,45.5133],[-122.9545,45.5208],[-122.9539,45.5307],[-122.957,45.5367],[-122.9796,45.5366],[-122.9797,45.55],[-122.9735,45.55],[-122.9682,45.5796],[-122.9969,45.5904],[-123.0162,45.5895],[-123.0217,45.5735],[-123.0453,45.5709],[-123.0641,45.5514],[-123.097,45.5477],[-123.1354,45.5515],[-123.1425,45.5448],[-123.1548,45.5498],[-123.1629,45.5407],[-123.1683,45.5416],[-123.172,45.5311]]]},"properties":{"geoid":"41029","state":"41","district":"29","name":"State House District 29","chamber":"House"}},{"type":"Feature","geometry":{"type":"Polygon","coordinates":[[[-122.9797,45.55],[-122.9796,45.5366],[-122.957,45.5367],[-122.9539,45.5307],[-122.9582,45.5147],[-122.9739,45.5128],[-122.9519,45.5028],[-122.9308,45.5003],[-122.9226,45.5028],[-122.9226,45.5087],[-122.9018,45.5087],[-122.901,45.5153],[-122.888,45.5152],[-122.8876,45.5229],[-122.8675,45.5155],[-122.8675,45.5342],[-122.874,45.5354],[-122.8675,45.5395],[-122.8676,45.5811],[-122.8728,45.581],[-122.8668,45.5904],[-122.8675,45.6062],[-122.888,45.6064],[-122.8878,45.6205],[-122.909,45.6208],[-122.9091,45.6352],[-122.9291,45.6353],[-122.9235,45.627],[-122.9395,45.6066],[-122.9446,45.6067],[-122.9514,45.5949],[-122.9691,45.5951],[-122.9664,45.5828],[-122.9735,45.55],[-122.9797,45.55]]]},"properties":{"geoid":"41030","state":"41","district":"30","name":"State House District 30","chamber":"House"}},{"type":"Feature","geometry":{"type":"Polygon","coordinates":[[[-123.4861,45.4336],[-123.152,45.4335],[-123.1509,45.4297],[-123.1385,45.4314],[-123.135,45.4183],[-123.1147,45.419],[-123.1146,45.4044],[-123.0629,45.4049],[-123.0636,45.4403],[-123.1266,45.4407],[-123.1244,45.4723],[-123.1348,45.4701],[-123.116,45.5045],[-123.1442,45.5172],[-123.1587,45.5172],[-123.172,45.5308],[-123.1683,45.5416],[-123.1629,45.5407],[-123.1539,45.55],[-123.1425,45.5448],[-123.1354,45.5515],[-123.097,45.5477],[-123.0641,45.5514],[-123.0453,45.5709],[-123.0217,45.5735],[-123.0162,45.5895],[-122.9969,45.5904],[-122.9682,45.5796],[-122.9691,45.5951],[-122.9514,45.5949],[-122.9446,45.6067],[-122.9395,45.6066],[-122.9235,45.627],[-122.9291,45.6353],[-122.9091,45.6352],[-122.909,45.6208],[-122.8878,45.6205],[-122.888,45.6064],[-122.8642,45.6083],[-122.8476,45.6044],[-122.8347,45.6095],[-122.816,45.6038],[-122.8158,45.6133],[-122.8048,45.6205],[-122.7923,45.6198],[-122.7887,45.633],[-122.7624,45.6564],[-122.7745,45.6804],[-122.7725,45.6996],[-122.7601,45.7344],[-122.7615,45.7592],[-122.7695,45.7806],[-122.7956,45.81],[-122.796,45.825],[-122.7857,45.8442],[-122.785,45.8682],[-122.7981,45.8843],[-122.8115,45.9127],[-122.8062,45.9324],[-122.814,45.961],[-122.8376,45.9808],[-122.8562,46.0145],[-122.8781,46.0313],[-122.8845,46.0603],[-122.9041,46.0837],[-122.9627,46.1048],[-123.0042,46.1338],[-123.0413,46.1464],[-123.105,46.1777],[-123.1041,46.1658],[-123.147,46.1623],[-123.1425,46.1525],[-123.1567,46.1503],[-123.1629,46.1418],[-123.1626,46.1324],[-123.1932,46.1233],[-123.201,46.1164],[-123.1873,46.1139],[-123.1905,46.1062],[-123.183,46.1043],[-123.1872,46.0959],[-123.2576,46.0844],[-123.2612,46.0744],[-123.2616,46.0831],[-123.3654,46.0831],[-123.3674,46.0395],[-123.3596,46.0394],[-123.3595,46.033],[-123.361,45.7087],[-123.4847,45.7088],[-123.4851,45.6792],[-123.4644,45.6793],[-123.4641,45.6651],[-123.4438,45.6651],[-123.4438,45.6507],[-123.423,45.6506],[-123.4233,45.6362],[-123.3802,45.6358],[-123.3807,45.622],[-123.3405,45.6222],[-123.3403,45.6075],[-123.2994,45.6072],[-123.2993,45.593],[-123.3202,45.593],[-123.32,45.5787],[-123.3611,45.5788],[-123.3611,45.5499],[-123.402,45.5501],[-123.4021,45.5356],[-123.4219,45.5354],[-123.422,45.5214],[-123.4427,45.5211],[-123.4411,45.4913],[-123.4612,45.4916],[-123.4639,45.4473],[-123.4854,45.4471],[-123.4861,45.4336]]]},"properties":{"geoid":"41031","state":"41","district":"31","name":"State House District 31","chamber":"House"}},{"type":"Feature","geometry":{"type":"Polygon","coordinates":[[[-124.1594,46.2611],[-124.147,46.2289],[-124.1263,46.2051],[-124.1037,46.1931],[-124.0673,46.1838],[-124.0507,46.1639],[-124.0231,46.1163],[-124.0098,46.082],[-124.0028,46.0275],[-124.0081,46.0099],[-124.0395,45.9859],[-124.0708,45.9739],[-124.0849,45.9601],[-124.0919,45.9435],[-124.0906,45.9258],[-124.0802,45.9083],[-124.0434,45.8871],[-124.042,45.8486],[-124.0377,45.8416],[-124.0556,45.8165],[-124.0541,45.7975],[-124.069,45.7727],[-124.068,45.7503],[-124.0438,45.7273],[-124.0248,45.7202],[-124.0108,45.7083],[-124.0166,45.6321],[-124.0293,45.6125],[-124.0371,45.5717],[-124.0267,45.5379],[-124.0531,45.5142],[-124.0548,45.4887],[-124.0645,45.4676],[-124.064,45.4515],[-124.0532,45.4357],[-124.0358,45.4221],[-124.0365,45.4133],[-124.0433,45.3841],[-124.0665,45.367],[-124.077,45.3418],[-124.0738,45.3175],[-124.0466,45.2932],[-124.0424,45.2822],[-124.0433,45.2452],[-124.0598,45.2156],[-124.057,45.1988],[-124.0451,45.1798],[-124.0448,45.166],[-124.0558,45.1248],[-124.0814,45.0855],[-124.0958,45.044],[-123.7247,45.0444],[-123.7244,45.0768],[-123.7842,45.0767],[-123.7845,45.2163],[-123.4635,45.2163],[-123.4649,45.4333],[-123.4861,45.4332],[-123.4854,45.4471],[-123.4639,45.4473],[-123.4612,45.4916],[-123.4411,45.4913],[-123.4427,45.5211],[-123.422,45.5214],[-123.4219,45.5354],[-123.4021,45.5356],[-123.402,45.5501],[-123.3611,45.5499],[-123.3611,45.5788],[-123.32,45.5787],[-123.3202,45.593],[-123.2993,45.593],[-123.2994,45.6072],[-123.3403,45.6075],[-123.3405,45.6222],[-123.3807,45.622],[-123.3802,45.6358],[-123.4233,45.6362],[-123.423,45.6506],[-123.4438,45.6507],[-123.4438,45.6651],[-123.4641,45.6651],[-123.4644,45.6793],[-123.4851,45.6792],[-123.4847,45.7088],[-123.361,45.7087],[-123.3595,46.033],[-123.3596,46.0394],[-123.3674,46.0395],[-123.3654,46.0831],[-123.2616,46.0831],[-123.2612,46.0744],[-123.2576,46.0844],[-123.1872,46.0959],[-123.183,46.1043],[-123.1905,46.1062],[-123.1873,46.1139],[-123.201,46.1164],[-123.1932,46.1233],[-123.1626,46.1324],[-123.1629,46.1418],[-123.1567,46.1503],[-123.1425,46.1525],[-123.147,46.1623],[-123.1041,46.1658],[-123.105,46.1777],[-123.1159,46.1853],[-123.1664,46.189],[-123.2802,46.1448],[-123.3714,46.1464],[-123.431,46.1816],[-123.4276,46.2293],[-123.4476,46.2498],[-123.4748,46.2678],[-123.5012,46.271],[-123.5505,46.2588],[-123.6488,46.2588],[-123.6881,46.2501],[-123.7414,46.2692],[-123.7794,46.2539],[-123.8151,46.2498],[-123.8726,46.235],[-123.9305,46.2388],[-123.9733,46.2685],[-124.0036,46.2747],[-124.0149,46.2932],[-124.0249,46.2991],[-124.0356,46.2968],[-124.0389,46.2846],[-124.0336,46.2759],[-124.036,46.2642],[-124.1594,46.2611]]]},"properties":{"geoid":"41032","state":"41","district":"32","name":"State House District 32","chamber":"House"}},{"type":"Feature","geometry":{"type":"Polygon","coordinates":[[[-122.8676,45.5955],[-122.8676,45.5919],[-122.8468,45.5918],[-122.847,45.5775],[-122.8263,45.5775],[-122.8262,45.563],[-122.8055,45.5629],[-122.8054,45.5557],[-122.7848,45.5557],[-122.7848,45.5485],[-122.7729,45.5474],[-122.7836,45.534],[-122.7644,45.5339],[-122.7671,45.516],[-122.7632,45.5093],[-122.7753,45.5081],[-122.7147,45.5065],[-122.6986,45.5158],[-122.6704,45.5131],[-122.6678,45.5268],[-122.6815,45.5392],[-122.7471,45.577],[-122.7359,45.5863],[-122.755,45.5903],[-122.7663,45.6064],[-122.7772,45.598],[-122.7908,45.6195],[-122.8048,45.6205],[-122.8158,45.6133],[-122.816,45.6038],[-122.8347,45.6095],[-122.8476,45.6044],[-122.8642,45.6083],[-122.8676,45.5955]]]},"properties":{"geoid":"41033","state":"41","district":"33","name":"State House District 33","chamber":"House"}},{"type":"Feature","geometry":{"type":"Polygon","coordinates":[[[-122.874,45.5354],[-122.8675,45.5342],[-122.8675,45.5277],[-122.8396,45.5167],[-122.8381,45.5307],[-122.8022,45.5197],[-122.8063,45.5255],[-122.7928,45.5264],[-122.7728,45.5473],[-122.7848,45.5485],[-122.7848,45.5557],[-122.8054,45.5557],[-122.8055,45.5629],[-122.8262,45.563],[-122.8263,45.5775],[-122.847,45.5775],[-122.8468,45.5918],[-122.8667,45.5919],[-122.8728,45.581],[-122.8676,45.5811],[-122.8675,45.5395],[-122.874,45.5354]]]},"properties":{"geoid":"41034","state":"41","district":"34","name":"State House District 34","chamber":"House"}},{"type":"Feature","geometry":{"type":"Polygon","coordinates":[[[-122.9022,45.4976],[-122.8917,45.4965],[-122.8929,45.4845],[-122.8815,45.4843],[-122.8784,45.4732],[-122.8816,45.4701],[-122.8477,45.4831],[-122.8261,45.4858],[-122.8261,45.4894],[-122.7923,45.4907],[-122.7915,45.4989],[-122.8673,45.5276],[-122.8675,45.5155],[-122.8876,45.5229],[-122.888,45.5152],[-122.901,45.5153],[-122.9022,45.4976]]]},"properties":{"geoid":"41035","state":"41","district":"35","name":"State House District 35","chamber":"House"}},{"type":"Feature","geometry":{"type":"Polygon","coordinates":[[[-123.0538,45.4108],[-123.0527,45.4047],[-123.0322,45.405],[-123.0324,45.3909],[-123.0113,45.391],[-123.0117,45.3763],[-122.9914,45.3755],[-122.9914,45.3611],[-122.9703,45.3608],[-122.9702,45.3465],[-122.8912,45.3461],[-122.888,45.3426],[-122.8868,45.3606],[-122.8678,45.3713],[-122.8678,45.3822],[-122.8521,45.3839],[-122.8519,45.4184],[-122.8569,45.4184],[-122.8569,45.4259],[-122.8208,45.4399],[-122.8208,45.4548],[-122.826,45.453],[-122.8261,45.4657],[-122.8344,45.4656],[-122.8322,45.4714],[-122.8417,45.4753],[-122.8419,45.4839],[-122.8816,45.4701],[-122.8784,45.4732],[-122.8815,45.4843],[-122.8929,45.4845],[-122.8917,45.4965],[-122.9022,45.4975],[-122.9021,45.5087],[-122.9226,45.5087],[-122.9226,45.5028],[-122.9308,45.5003],[-122.9476,45.502],[-122.9728,45.5117],[-122.974,45.5174],[-122.9898,45.5176],[-122.9926,45.4624],[-122.991,45.45],[-122.9846,45.4419],[-123.027,45.4192],[-123.0513,45.419],[-123.0538,45.4108]]]},"properties":{"geoid":"41036","state":"41","district":"36","name":"State House District 36","chamber":"House"}},{"type":"Feature","geometry":{"type":"Polygon","coordinates":[[[-122.8185,45.3921],[-122.8169,45.3752],[-122.8056,45.3694],[-122.8056,45.3643],[-122.8018,45.368],[-122.7944,45.3644],[-122.7937,45.3481],[-122.785,45.3482],[-122.7848,45.3404],[-122.7644,45.3404],[-122.7634,45.3357],[-122.7541,45.3357],[-122.754,45.3247],[-122.7438,45.3248],[-122.7438,45.3175],[-122.7381,45.3175],[-122.7381,45.313],[-122.7437,45.3131],[-122.744,45.2994],[-122.726,45.3021],[-122.7069,45.2961],[-122.6884,45.2999],[-122.6674,45.2849],[-122.6603,45.2915],[-122.6663,45.3057],[-122.6656,45.3189],[-122.6591,45.3292],[-122.6197,45.3509],[-122.6028,45.3658],[-122.6201,45.3776],[-122.6276,45.3931],[-122.6409,45.4008],[-122.6589,45.3942],[-122.6856,45.3968],[-122.718,45.3863],[-122.7165,45.3937],[-122.723,45.3971],[-122.7236,45.4048],[-122.7325,45.4027],[-122.7425,45.4087],[-122.7467,45.397],[-122.7532,45.3971],[-122.7536,45.4027],[-122.7644,45.3934],[-122.7824,45.3987],[-122.8075,45.3895],[-122.8185,45.3921]]]},"properties":{"geoid":"41037","state":"41","district":"37","name":"State House District 37","chamber":"House"}},{"type":"Feature","geometry":{"type":"Polygon","coordinates":[[[-122.7441,45.4333],[-122.744,45.4061],[-122.7236,45.4048],[-122.723,45.3971],[-122.7165,45.3937],[-122.718,45.3863],[-122.6856,45.3968],[-122.6589,45.3942],[-122.6571,45.398],[-122.6507,45.3956],[-122.64,45.4004],[-122.6573,45.4101],[-122.6554,45.4234],[-122.6493,45.4294],[-122.6511,45.4365],[-122.646,45.441],[-122.6665,45.4643],[-122.6691,45.4842],[-122.6651,45.5012],[-122.673,45.5006],[-122.6791,45.486],[-122.6788,45.47],[-122.6895,45.4699],[-122.7174,45.4537],[-122.7436,45.4549],[-122.7441,45.4333]]]},"properties":{"geoid":"41038","state":"41","district":"38","name":"State House District 38","chamber":"House"}},{"type":"Feature","geometry":{"type":"Polygon","coordinates":[[[-122.6013,45.4291],[-122.5926,45.4244],[-122.5933,45.4162],[-122.5788,45.4161],[-122.5817,45.4212],[-122.5763,45.4218],[-122.571,45.4075],[-122.5748,45.392],[-122.5697,45.3918],[-122.5783,45.3771],[-122.553,45.3743],[-122.5529,45.369],[-122.5483,45.368],[-122.5289,45.3698],[-122.5175,45.3752],[-122.5174,45.385],[-122.4951,45.3906],[-122.5051,45.4095],[-122.4861,45.4104],[-122.4857,45.4466],[-122.5063,45.4484],[-122.5073,45.4613],[-122.5997,45.4615],[-122.597,45.4314],[-122.6013,45.4291]]]},"properties":{"geoid":"41039","state":"41","district":"39","name":"State House District 39","chamber":"House"}},{"type":"Feature","geometry":{"type":"Polygon","coordinates":[[[-122.6663,45.3057],[-122.6605,45.2966],[-122.6551,45.3097],[-122.605,45.3082],[-122.5976,45.3223],[-122.5924,45.3166],[-122.5798,45.3195],[-122.5826,45.3111],[-122.5431,45.3132],[-122.5465,45.3168],[-122.5432,45.3205],[-122.5611,45.324],[-122.5644,45.337],[-122.5734,45.3368],[-122.5781,45.3428],[-122.5801,45.3637],[-122.5618,45.364],[-122.5529,45.369],[-122.553,45.3743],[-122.5783,45.3771],[-122.5697,45.3918],[-122.5748,45.392],[-122.571,45.4075],[-122.5763,45.4218],[-122.5817,45.4212],[-122.5788,45.4161],[-122.5999,45.4162],[-122.6123,45.4221],[-122.6227,45.4125],[-122.6176,45.4034],[-122.6355,45.3969],[-122.603,45.3649],[-122.6581,45.3303],[-122.6656,45.3189],[-122.6663,45.3057]]]},"properties":{"geoid":"41040","state":"41","district":"40","name":"State House District 40","chamber":"House"}},{"type":"Feature","geometry":{"type":"Polygon","coordinates":[[[-122.6689,45.4866],[-122.6661,45.4636],[-122.646,45.441],[-122.6511,45.4365],[-122.6493,45.4295],[-122.6554,45.4234],[-122.657,45.4094],[-122.6355,45.3969],[-122.6176,45.4034],[-122.6227,45.4125],[-122.6123,45.4221],[-122.5933,45.4162],[-122.5926,45.4244],[-122.6013,45.4278],[-122.597,45.4314],[-122.5997,45.4615],[-122.6167,45.4619],[-122.6165,45.4763],[-122.6022,45.4758],[-122.6013,45.4903],[-122.6339,45.4906],[-122.6343,45.4847],[-122.6413,45.4817],[-122.6435,45.4903],[-122.6576,45.4916],[-122.6611,45.5015],[-122.6651,45.5012],[-122.6689,45.4866]]]},"properties":{"geoid":"41041","state":"41","district":"41","name":"State House District 41","chamber":"House"}},{"type":"Feature","geometry":{"type":"Polygon","coordinates":[[[-122.6704,45.5131],[-122.6578,45.4919],[-122.6435,45.4903],[-122.6413,45.4817],[-122.6343,45.4847],[-122.6339,45.4905],[-122.6023,45.4924],[-122.6113,45.4974],[-122.6116,45.5119],[-122.6019,45.5141],[-122.601,45.5229],[-122.6173,45.5264],[-122.618,45.5317],[-122.6293,45.5342],[-122.6607,45.5255],[-122.6679,45.5281],[-122.6704,45.5131]]]},"properties":{"geoid":"41042","state":"41","district":"42","name":"State House District 42","chamber":"House"}},{"type":"Feature","geometry":{"type":"Polygon","coordinates":[[[-122.6832,45.5379],[-122.6617,45.5254],[-122.6351,45.5306],[-122.6306,45.5339],[-122.6307,45.5552],[-122.6096,45.5555],[-122.6066,45.5651],[-122.6187,45.5704],[-122.6142,45.5707],[-122.6613,45.5772],[-122.6614,45.57],[-122.6708,45.5699],[-122.6707,45.5627],[-122.6781,45.5627],[-122.6768,45.5435],[-122.6832,45.5379]]]},"properties":{"geoid":"41043","state":"41","district":"43","name":"State House District 43","chamber":"House"}},{"type":"Feature","geometry":{"type":"Polygon","coordinates":[[[-122.795,45.6194],[-122.7908,45.6195],[-122.7772,45.598],[-122.7663,45.6064],[-122.755,45.5903],[-122.7359,45.5863],[-122.7471,45.577],[-122.6833,45.5379],[-122.6768,45.5435],[-122.6781,45.5627],[-122.6707,45.5627],[-122.6708,45.5699],[-122.6614,45.57],[-122.6613,45.5772],[-122.6093,45.5691],[-122.6061,45.5627],[-122.6095,45.5627],[-122.6096,45.5555],[-122.5932,45.5554],[-122.5889,45.5627],[-122.5625,45.5618],[-122.5439,45.5796],[-122.5502,45.5972],[-122.6026,45.6076],[-122.6439,45.6097],[-122.675,45.618],[-122.7624,45.6564],[-122.7887,45.633],[-122.795,45.6194]]]},"properties":{"geoid":"41044","state":"41","district":"44","name":"State House District 44","chamber":"House"}},{"type":"Feature","geometry":{"type":"Polygon","coordinates":[[[-122.6307,45.5489],[-122.6306,45.5339],[-122.6173,45.5313],[-122.6173,45.5264],[-122.6102,45.5265],[-122.6102,45.5229],[-122.601,45.5229],[-122.599,45.5147],[-122.5655,45.519],[-122.5645,45.5341],[-122.5553,45.547],[-122.5102,45.5431],[-122.5103,45.5524],[-122.496,45.5495],[-122.4957,45.5424],[-122.4919,45.5425],[-122.4916,45.5497],[-122.4724,45.5493],[-122.4752,45.5608],[-122.5259,45.569],[-122.5449,45.5768],[-122.5625,45.5618],[-122.5889,45.5627],[-122.5932,45.5554],[-122.6307,45.5552],[-122.6307,45.5489]]]},"properties":{"geoid":"41045","state":"41","district":"45","name":"State House District 45","chamber":"House"}},{"type":"Feature","geometry":{"type":"Polygon","coordinates":[[[-122.6167,45.4619],[-122.548,45.461],[-122.5492,45.4871],[-122.5657,45.49],[-122.5652,45.519],[-122.5852,45.5192],[-122.6115,45.512],[-122.6113,45.4974],[-122.6013,45.4903],[-122.6022,45.4758],[-122.6165,45.4763],[-122.6167,45.4619]]]},"properties":{"geoid":"41046","state":"41","district":"46","name":"State House District 46","chamber":"House"}},{"type":"Feature","geometry":{"type":"Polygon","coordinates":[[[-122.5655,45.5199],[-122.5651,45.5044],[-122.4847,45.5046],[-122.4846,45.5191],[-122.4991,45.5192],[-122.496,45.5495],[-122.5061,45.5517],[-122.5103,45.5524],[-122.5102,45.5431],[-122.5563,45.5466],[-122.5645,45.5341],[-122.5655,45.5199]]]},"properties":{"geoid":"41047","state":"41","district":"47","name":"State House District 47","chamber":"House"}},{"type":"Feature","geometry":{"type":"Polygon","coordinates":[[[-122.5656,45.4909],[-122.5492,45.4871],[-122.548,45.461],[-122.5073,45.4613],[-122.5063,45.4484],[-122.4857,45.4466],[-122.4861,45.4104],[-122.5051,45.4095],[-122.4972,45.393],[-122.4745,45.3938],[-122.4687,45.3848],[-122.4445,45.3831],[-122.4333,45.3898],[-122.4222,45.3892],[-122.4064,45.3777],[-122.3952,45.3854],[-122.3756,45.3717],[-122.3011,45.4055],[-122.3189,45.4184],[-122.3779,45.4181],[-122.3744,45.4303],[-122.383,45.4303],[-122.3838,45.4431],[-122.3593,45.4434],[-122.3831,45.4613],[-122.4666,45.4611],[-122.4676,45.4822],[-122.4847,45.4923],[-122.4847,45.5046],[-122.5651,45.5044],[-122.5656,45.4909]]]},"properties":{"geoid":"41048","state":"41","district":"48","name":"State House District 48","chamber":"House"}},{"type":"Feature","geometry":{"type":"Polygon","coordinates":[[[-122.5502,45.5972],[-122.5449,45.5768],[-122.4729,45.5588],[-122.4724,45.5493],[-122.4916,45.5497],[-122.4991,45.5192],[-122.4391,45.5191],[-122.4361,45.5111],[-122.4255,45.513],[-122.4173,45.5048],[-122.3926,45.5047],[-122.385,45.5001],[-122.3896,45.5071],[-122.3775,45.5065],[-122.3607,45.5143],[-122.3677,45.5109],[-122.3731,45.5141],[-122.3686,45.5191],[-122.3681,45.5334],[-122.3858,45.5446],[-122.383,45.5554],[-122.3936,45.5602],[-122.4012,45.571],[-122.4387,45.5636],[-122.4793,45.5798],[-122.5502,45.5972]]]},"properties":{"geoid":"41049","state":"41","district":"49","name":"State House District 49","chamber":"House"}},{"type":"Feature","geometry":{"type":"Polygon","coordinates":[[[-122.4847,45.5149],[-122.4847,45.4923],[-122.4678,45.4827],[-122.4666,45.4611],[-122.3831,45.4613],[-122.3899,45.4673],[-122.3832,45.4738],[-122.3933,45.4828],[-122.3739,45.4829],[-122.3768,45.4857],[-122.3727,45.49],[-122.383,45.4907],[-122.383,45.4987],[-122.391,45.5041],[-122.4173,45.5048],[-122.4212,45.512],[-122.4377,45.5116],[-122.4391,45.5191],[-122.4846,45.5191],[-122.4847,45.5149]]]},"properties":{"geoid":"41050","state":"41","district":"50","name":"State House District 50","chamber":"House"}},{"type":"Feature","geometry":{"type":"Polygon","coordinates":[[[-122.7232,45.2912],[-122.7098,45.2792],[-122.7133,45.2603],[-122.7044,45.2486],[-122.6875,45.2442],[-122.6767,45.2456],[-122.6608,45.2396],[-122.6545,45.2448],[-122.6442,45.2448],[-122.6377,45.2374],[-122.6308,45.2385],[-122.6269,45.2466],[-122.5843,45.2448],[-122.5882,45.2336],[-122.5821,45.2227],[-122.5511,45.2247],[-122.5541,45.2188],[-122.5502,45.2115],[-122.4955,45.2155],[-122.4869,45.2223],[-122.4813,45.2155],[-122.448,45.2162],[-122.4238,45.2046],[-122.3761,45.205],[-122.3675,45.2086],[-122.3626,45.2232],[-122.3229,45.2297],[-122.3328,45.2547],[-122.3489,45.271],[-122.3474,45.2804],[-122.3287,45.2813],[-122.312,45.2688],[-122.3093,45.2733],[-122.2786,45.2771],[-122.2784,45.2924],[-122.2293,45.2947],[-122.2089,45.293],[-122.2044,45.286],[-122.1685,45.2863],[-122.1681,45.315],[-122.1475,45.3154],[-122.148,45.3438],[-122.1255,45.3454],[-122.1236,45.3528],[-122.1371,45.3551],[-122.1389,45.36],[-122.1547,45.3665],[-122.2233,45.3765],[-122.2323,45.3843],[-122.2278,45.385],[-122.2286,45.3929],[-122.2396,45.3907],[-122.254,45.4021],[-122.2654,45.4004],[-122.2653,45.4124],[-122.2704,45.4124],[-122.2678,45.4191],[-122.2755,45.422],[-122.2832,45.4184],[-122.2833,45.4112],[-122.2966,45.4067],[-122.305,45.4113],[-122.3021,45.4041],[-122.3756,45.3717],[-122.3952,45.3854],[-122.4064,45.3777],[-122.4222,45.3892],[-122.4333,45.3898],[-122.4445,45.3831],[-122.4687,45.3848],[-122.4745,45.3938],[-122.4974,45.3931],[-122.4966,45.3887],[-122.5174,45.385],[-122.5175,45.3752],[-122.5285,45.3699],[-122.5566,45.3688],[-122.5618,45.364],[-122.5823,45.3614],[-122.5775,45.3416],[-122.5734,45.3368],[-122.5644,45.337],[-122.5611,45.324],[-122.5432,45.3205],[-122.5465,45.3168],[-122.5431,45.3132],[-122.5826,45.3111],[-122.5798,45.3195],[-122.5924,45.3166],[-122.5976,45.3223],[-122.605,45.3082],[-122.6551,45.3097],[-122.6649,45.2848],[-122.6897,45.3001],[-122.7069,45.2961],[-122.7178,45.2991],[-122.7232,45.2912]]]},"properties":{"geoid":"41051","state":"41","district":"51","name":"State House District 51","chamber":"House"}},{"type":"Feature","geometry":{"type":"Polygon","coordinates":[[[-122.4012,45.571],[-122.3936,45.5602],[-122.383,45.5554],[-122.3858,45.5446],[-122.3681,45.5334],[-122.3686,45.5191],[-122.3731,45.5141],[-122.3677,45.5109],[-122.3607,45.5145],[-122.3775,45.5065],[-122.3896,45.5071],[-122.383,45.4987],[-122.383,45.4907],[-122.3727,45.49],[-122.3768,45.4857],[-122.374,45.4828],[-122.3933,45.4829],[-122.3832,45.4738],[-122.3899,45.4673],[-122.3593,45.4434],[-122.3838,45.4431],[-122.383,45.4303],[-122.3744,45.4303],[-122.3779,45.4181],[-122.3189,45.4184],[-122.2966,45.4067],[-122.2833,45.4112],[-122.2832,45.4184],[-122.2718,45.422],[-122.2678,45.4191],[-122.2704,45.4124],[-122.2653,45.4124],[-122.2654,45.4004],[-122.254,45.4021],[-122.2396,45.3907],[-122.2286,45.3929],[-122.2278,45.385],[-122.2323,45.3843],[-122.2233,45.3765],[-122.1547,45.3665],[-122.1389,45.36],[-122.1371,45.3551],[-122.1236,45.3528],[-122.1255,45.3454],[-122.1308,45.3437],[-122.1061,45.344],[-122.1061,45.3226],[-122.0035,45.3226],[-122.0021,45.1802],[-121.911,45.1806],[-121.8954,45.1678],[-121.8896,45.1806],[-121.7388,45.1804],[-121.748,45.189],[-121.7478,45.2056],[-121.7295,45.2118],[-121.7146,45.2112],[-121.6977,45.2274],[-121.6827,45.2286],[-121.6864,45.2343],[-121.6809,45.2506],[-121.6965,45.2579],[-121.4819,45.2581],[-121.4822,45.5196],[-121.4406,45.5194],[-121.4406,45.5328],[-121.4263,45.5419],[-121.343,45.5534],[-121.3168,45.5484],[-121.2872,45.5626],[-121.2509,45.5679],[-121.2138,45.5868],[-121.204,45.5846],[-121.2046,45.5916],[-121.1566,45.5852],[-121.1419,45.5956],[-121.1213,45.5956],[-121.1263,45.6034],[-121.1196,45.6163],[-121.1318,45.6098],[-121.1837,45.6065],[-121.1965,45.6166],[-121.2004,45.6498],[-121.2158,45.6712],[-121.2873,45.6869],[-121.3123,45.6998],[-121.3377,45.7048],[-121.3726,45.703],[-121.4017,45.6929],[-121.424,45.6941],[-121.4628,45.7013],[-121.4991,45.7207],[-121.5329,45.7265],[-121.6313,45.7047],[-121.6684,45.7051],[-121.7073,45.6948],[-121.7351,45.694],[-121.8112,45.7067],[-121.867,45.6934],[-121.9017,45.6707],[-121.9008,45.662],[-121.9081,45.6546],[-121.935,45.6442],[-121.9558,45.6436],[-121.9631,45.6329],[-121.983,45.6229],[-122.0443,45.6095],[-122.1018,45.5832],[-122.1416,45.584],[-122.1829,45.5768],[-122.2008,45.5651],[-122.2626,45.5443],[-122.3315,45.5482],[-122.3528,45.5694],[-122.3803,45.5759],[-122.4012,45.571]]]},"properties":{"geoid":"41052","state":"41","district":"52","name":"State House District 52","chamber":"House"}},{"type":"Feature","geometry":{"type":"Polygon","coordinates":[[[-121.8463,44.3865],[-121.8419,44.3727],[-121.8459,44.3665],[-121.8368,44.3567],[-121.8439,44.3462],[-121.8376,44.334],[-121.8413,44.2857],[-121.8254,44.2833],[-121.8192,44.262],[-121.8003,44.2594],[-121.7896,44.2493],[-121.7858,44.2292],[-121.7781,44.221],[-121.7856,44.2078],[-121.7816,44.2053],[-121.7815,44.1948],[-121.774,44.1902],[-121.7797,44.1754],[-121.7716,44.1673],[-121.7762,44.16],[-121.782,44.1598],[-121.7843,44.1481],[-121.7727,44.1396],[-121.768,44.1146],[-121.7725,44.091],[-121.7893,44.0749],[-121.8025,44.0524],[-121.8201,44.0509],[-121.4245,44.0511],[-121.4022,44.0544],[-121.4072,44.0479],[-121.4024,44.0452],[-121.3781,44.0517],[-121.3801,44.0577],[-121.3634,44.0624],[-121.3634,44.07],[-121.3388,44.0624],[-121.2938,44.06],[-121.2901,44.0763],[-121.2537,44.0794],[-121.2536,44.0875],[-121.2435,44.0875],[-121.2435,44.0947],[-121.2039,44.0947],[-121.2022,44.1032],[-121.1867,44.1096],[-121.243,44.1094],[-121.243,44.1237],[-121.2486,44.1238],[-121.2536,44.1216],[-121.2536,44.1161],[-121.2586,44.1161],[-121.2587,44.1093],[-121.2635,44.1093],[-121.2634,44.1242],[-121.2736,44.1242],[-121.2736,44.1311],[-121.2798,44.1311],[-121.2236,44.2074],[-121.2218,44.202],[-121.2095,44.2187],[-121.1691,44.2186],[-121.1689,44.2404],[-121.1361,44.2403],[-121.1335,44.2475],[-121.1336,44.2621],[-121.1479,44.2621],[-121.17,44.2726],[-121.1693,44.282],[-121.1791,44.282],[-121.1818,44.2755],[-121.2094,44.2764],[-121.2093,44.2692],[-121.2201,44.2692],[-121.2578,44.2734],[-121.287,44.2862],[-121.3561,44.2948],[-121.4023,44.2948],[-121.4121,44.2888],[-121.4886,44.2919],[-121.5153,44.2864],[-121.5334,44.2878],[-121.5331,44.295],[-121.5437,44.2949],[-121.5342,44.308],[-121.5436,44.3012],[-121.5632,44.2999],[-121.6237,44.3705],[-121.6559,44.3806],[-121.6737,44.3934],[-121.8431,44.3926],[-121.8463,44.3865]]]},"properties":{"geoid":"41053","state":"41","district":"53","name":"State House District 53","chamber":"House"}},{"type":"Feature","geometry":{"type":"Polygon","coordinates":[[[-121.3853,44.0435],[-121.3839,44.0371],[-121.3686,44.0369],[-121.3643,44.0079],[-121.3246,44.008],[-121.3125,43.9992],[-121.2941,44.0007],[-121.2907,44.0079],[-121.234,44.0078],[-121.2336,44.0366],[-121.2436,44.0368],[-121.2435,44.0513],[-121.2535,44.0514],[-121.2531,44.0621],[-121.2487,44.064],[-121.2537,44.0658],[-121.2537,44.0794],[-121.2901,44.0763],[-121.2938,44.06],[-121.3388,44.0624],[-121.3634,44.07],[-121.3634,44.0624],[-121.3801,44.0577],[-121.3781,44.0517],[-121.3839,44.0499],[-121.3853,44.0435]]]},"properties":{"geoid":"41054","state":"41","district":"54","name":"State House District 54","chamber":"House"}},{"type":"Feature","geometry":{"type":"Polygon","coordinates":[[[-122.1806,42.9415],[-122.1715,42.9372],[-122.1713,42.9295],[-122.1605,42.9152],[-122.148,42.9118],[-122.1481,42.9017],[-122.1359,42.9051],[-122.1328,42.8992],[-122.1388,42.8935],[-122.1372,42.8807],[-122.1424,42.8804],[-122.1448,42.8679],[-122.171,42.8732],[-122.1669,42.8628],[-122.1544,42.8585],[-122.1433,42.837],[-122.1254,42.8295],[-122.1185,42.8164],[-122.084,42.8022],[-122.0777,42.8033],[-122.0609,42.7627],[-122.0471,42.7438],[-122.0305,42.7341],[-122.0095,42.7331],[-122.0024,42.7194],[-121.998,42.7238],[-121.9905,42.7217],[-121.9982,42.7093],[-121.9974,42.7006],[-121.9724,42.6949],[-121.9734,42.6825],[-121.9653,42.6638],[-121.9376,42.6339],[-121.9216,42.5785],[-121.8863,42.5299],[-121.8667,42.4377],[-121.8254,42.4025],[-121.813,42.3852],[-121.829,42.3445],[-121.818,42.3294],[-121.8173,42.2959],[-121.8106,42.2687],[-121.8021,42.2719],[-121.7914,42.2682],[-121.7914,42.2646],[-121.7767,42.2645],[-121.7772,42.2502],[-121.7722,42.2502],[-121.7703,42.2371],[-121.7578,42.2358],[-121.7623,42.2302],[-121.7525,42.2283],[-121.7545,42.225],[-121.7403,42.2238],[-121.7382,42.2295],[-121.7347,42.2285],[-121.7349,42.2362],[-121.7425,42.2358],[-121.7429,42.2481],[-121.7343,42.2459],[-121.7358,42.2539],[-121.7228,42.2539],[-121.7177,42.2502],[-121.7179,42.243],[-121.708,42.243],[-121.703,42.2248],[-121.6981,42.2248],[-121.6982,42.2139],[-121.7099,42.2212],[-121.7474,42.2178],[-121.7434,42.2139],[-121.7487,42.2138],[-121.7474,42.2053],[-121.7548,42.2054],[-121.7523,42.1994],[-121.757,42.1968],[-121.7571,42.1863],[-121.7449,42.1829],[-121.7387,42.1739],[-121.7326,42.1746],[-121.7291,42.1864],[-121.7149,42.186],[-121.7178,42.1737],[-121.708,42.1733],[-121.708,42.17],[-121.7227,42.1699],[-121.7228,42.1582],[-121.7179,42.1517],[-121.718,42.1257],[-121.709,42.1117],[-121.815,42.1111],[-121.828,42.122],[-121.852,42.0634],[-121.873,42.0381],[-121.8892,42.0032],[-120.8799,41.9938],[-120.8833,42.7442],[-121.3497,42.7466],[-121.3485,43.3568],[-121.3324,43.3567],[-121.333,43.6166],[-120.8718,43.6155],[-120.8734,43.7889],[-120.916,43.789],[-120.9181,43.9594],[-120.9866,43.9609],[-120.9873,44.134],[-121.0924,44.1378],[-121.1062,44.1233],[-121.1628,44.1235],[-121.1619,44.1296],[-121.192,44.1053],[-121.2022,44.1032],[-121.2037,44.0947],[-121.2435,44.0947],[-121.2435,44.0875],[-121.2536,44.0875],[-121.2537,44.0658],[-121.2487,44.064],[-121.2531,44.0621],[-121.2535,44.0514],[-121.2435,44.0513],[-121.2436,44.0368],[-121.2337,44.0367],[-121.234,44.0078],[-121.2908,44.0079],[-121.2941,44.0006],[-121.3125,43.9992],[-121.3246,44.008],[-121.3643,44.0079],[-121.3686,44.0369],[-121.3839,44.0371],[-121.3839,44.0499],[-121.4068,44.0473],[-121.4022,44.0544],[-121.4245,44.0511],[-121.8201,44.0509],[-121.834,44.0406],[-121.822,44.0117],[-121.8334,43.9914],[-121.8283,43.9889],[-121.8357,43.9871],[-121.8451,43.9762],[-121.8365,43.9714],[-121.8597,43.9615],[-121.858,43.9453],[-121.8702,43.9235],[-121.8655,43.9202],[-121.8691,43.9121],[-121.8907,43.9084],[-121.9015,43.9159],[-121.9282,43.9092],[-121.9396,43.9009],[-121.9316,43.8991],[-121.9324,43.8942],[-121.9525,43.8779],[-121.953,43.8717],[-121.9754,43.8569],[-121.9755,43.8118],[-121.9636,43.8095],[-121.9684,43.801],[-121.9676,43.7882],[-121.9605,43.7812],[-121.9689,43.7748],[-121.9695,43.7685],[-121.9609,43.7639],[-121.9812,43.7434],[-121.9736,43.7311],[-121.9783,43.7244],[-121.9731,43.7158],[-121.9746,43.7086],[-121.9669,43.7034],[-121.9782,43.688],[-121.9871,43.6544],[-121.9805,43.6397],[-121.9649,43.627],[-122.0001,43.6264],[-122.0021,43.6159],[-122.011,43.6093],[-122.0715,43.5877],[-122.0713,43.5796],[-122.0923,43.5796],[-122.1042,43.5741],[-122.1101,43.5656],[-122.131,43.5573],[-122.1429,43.537],[-122.1403,43.5294],[-122.1495,43.5207],[-122.1451,43.5136],[-122.1325,43.5104],[-122.1287,43.4969],[-122.1335,43.4912],[-122.135,43.4689],[-122.1408,43.4663],[-122.1369,43.4562],[-122.153,43.4476],[-122.1016,43.4251],[-122.0916,43.4288],[-122.0812,43.4145],[-122.0571,43.3996],[-122.0628,43.3944],[-122.0562,43.3815],[-122.03,43.3646],[-122.0337,43.3566],[-122.022,43.3622],[-122.0104,43.3447],[-122.0092,43.3319],[-122.0159,43.3242],[-121.9993,43.309],[-122.0085,43.3012],[-122.0065,43.2862],[-121.9881,43.2779],[-121.9742,43.2617],[-121.9927,43.2512],[-122.0022,43.2345],[-122.0116,43.2343],[-122.0279,43.22],[-122.0407,43.218],[-122.0336,43.207],[-122.0409,43.1979],[-122.039,43.1913],[-122.0539,43.1729],[-122.0536,43.1578],[-122.0663,43.1528],[-122.0652,43.1357],[-122.0757,43.1259],[-122.0921,43.0868],[-122.0935,43.0758],[-122.0763,43.0677],[-122.1197,43.0678],[-122.1199,43.0262],[-122.1363,42.9944],[-122.1524,42.9823],[-122.1521,42.9653],[-122.1736,42.9544],[-122.1695,42.9455],[-122.1806,42.9415]]]},"properties":{"geoid":"41055","state":"41","district":"55","name":"State House District 55","chamber":"House"}},{"type":"Feature","geometry":{"type":"Polygon","coordinates":[[[-123.0065,42.4699],[-123.0025,42.4484],[-122.9753,42.4309],[-122.9599,42.4298],[-122.9483,42.4205],[-122.945,42.4093],[-122.9212,42.3925],[-122.9212,42.3962],[-122.9097,42.3925],[-122.9093,42.3966],[-122.8754,42.3984],[-122.8755,42.3929],[-122.8685,42.3906],[-122.8591,42.3929],[-122.8615,42.3982],[-122.8508,42.3965],[-122.8556,42.3933],[-122.8556,42.3799],[-122.8458,42.3674],[-122.8224,42.3614],[-122.8192,42.3553],[-122.8244,42.3527],[-122.8083,42.3527],[-122.8076,42.3455],[-122.7772,42.3454],[-122.7772,42.3308],[-122.7837,42.332],[-122.7852,42.3221],[-122.7968,42.3236],[-122.7967,42.3164],[-122.7362,42.3156],[-122.736,42.304],[-122.7164,42.304],[-122.7165,42.2895],[-122.2872,42.2888],[-122.2897,42.0081],[-121.8892,42.0032],[-121.873,42.0381],[-121.852,42.0634],[-121.828,42.122],[-121.815,42.1111],[-121.709,42.1117],[-121.718,42.1257],[-121.7179,42.1517],[-121.7228,42.1582],[-121.7227,42.1699],[-121.708,42.17],[-121.708,42.1733],[-121.7178,42.1737],[-121.7149,42.186],[-121.7291,42.1864],[-121.7326,42.1746],[-121.7387,42.1739],[-121.7449,42.1829],[-121.7571,42.1863],[-121.757,42.1968],[-121.7523,42.1994],[-121.7548,42.2054],[-121.7474,42.2053],[-121.7487,42.2138],[-121.7434,42.2139],[-121.7472,42.2178],[-121.7099,42.2212],[-121.6982,42.2139],[-121.703,42.2357],[-121.7079,42.2358],[-121.708,42.243],[-121.7179,42.243],[-121.7177,42.2502],[-121.7228,42.2539],[-121.7358,42.2539],[-121.7343,42.2459],[-121.7429,42.2481],[-121.7433,42.2392],[-121.7349,42.2362],[-121.7347,42.2285],[-121.7382,42.2295],[-121.7403,42.2238],[-121.7545,42.225],[-121.7525,42.2283],[-121.7623,42.2302],[-121.7578,42.2358],[-121.7703,42.2371],[-121.7722,42.2502],[-121.7772,42.2502],[-121.7767,42.2645],[-121.7914,42.2646],[-121.7914,42.2682],[-121.8021,42.2719],[-121.8106,42.2687],[-121.8173,42.2959],[-121.818,42.3294],[-121.829,42.3445],[-121.813,42.3852],[-121.8254,42.4025],[-121.8667,42.4377],[-121.8865,42.5303],[-121.9214,42.5781],[-121.9368,42.6322],[-121.9653,42.6638],[-121.9734,42.6825],[-121.9723,42.6948],[-121.9974,42.7006],[-121.9982,42.7093],[-121.9905,42.7217],[-121.998,42.7238],[-122.0024,42.7194],[-122.0095,42.7331],[-122.0305,42.7341],[-122.0475,42.7441],[-122.0609,42.7627],[-122.0777,42.8034],[-122.084,42.8022],[-122.1185,42.8164],[-122.1254,42.8295],[-122.1433,42.837],[-122.1544,42.8585],[-122.1651,42.8609],[-122.1711,42.8684],[-122.171,42.8732],[-122.1452,42.8676],[-122.1424,42.8804],[-122.1372,42.8807],[-122.1388,42.8935],[-122.1329,42.8973],[-122.1358,42.9051],[-122.1481,42.9017],[-122.148,42.9118],[-122.1605,42.9152],[-122.1713,42.9295],[-122.1715,42.9372],[-122.1806,42.9416],[-122.1695,42.9455],[-122.1736,42.9544],[-122.1521,42.9653],[-122.1524,42.9823],[-122.1363,42.9944],[-122.1199,43.0262],[-122.1197,43.0678],[-122.2826,43.0677],[-122.2827,42.9965],[-122.4003,42.9966],[-122.4011,42.9835],[-122.4208,42.9834],[-122.4209,42.9689],[-122.4405,42.9689],[-122.4405,42.9544],[-122.4602,42.9544],[-122.4602,42.9399],[-122.5603,42.9392],[-122.5603,42.9247],[-122.58,42.9247],[-122.5801,42.9108],[-122.6002,42.9111],[-122.6003,42.8957],[-122.6378,42.897],[-122.6377,42.8811],[-122.6772,42.8811],[-122.6772,42.8666],[-122.697,42.8666],[-122.697,42.8521],[-122.7167,42.8521],[-122.7167,42.8377],[-122.7363,42.8377],[-122.7364,42.8235],[-122.7752,42.8288],[-122.775,42.8068],[-122.7849,42.8068],[-122.7855,42.7927],[-122.7948,42.7927],[-122.7948,42.7782],[-122.8537,42.7818],[-122.8529,42.7746],[-122.9178,42.7748],[-122.9268,42.771],[-122.9318,42.7655],[-122.9306,42.7373],[-122.9342,42.7299],[-122.9262,42.7218],[-122.9325,42.7204],[-122.9322,42.6926],[-122.9219,42.6929],[-122.9217,42.6712],[-122.9118,42.6711],[-122.9117,42.6508],[-122.9268,42.6506],[-122.9263,42.6362],[-122.8777,42.6368],[-122.8767,42.6223],[-122.9063,42.6195],[-122.9058,42.6074],[-122.8959,42.6073],[-122.8958,42.5929],[-122.8763,42.5936],[-122.876,42.5148],[-122.9467,42.4901],[-122.9485,42.4802],[-122.9545,42.4801],[-122.9545,42.4766],[-122.9988,42.4762],[-123.0065,42.4699]]]},"properties":{"geoid":"41056","state":"41","district":"56","name":"State House District 56","chamber":"House"}},{"type":"Feature","geometry":{"type":"Polygon","coordinates":[[[-121.8739,44.8097],[-121.8625,44.81],[-121.8146,44.7757],[-121.8144,44.7716],[-121.7991,44.771],[-121.7874,44.7651],[-121.7885,44.7478],[-121.8046,44.7292],[-121.7944,44.7259],[-121.7961,44.7145],[-121.803,44.7101],[-121.7965,44.6991],[-121.7975,44.6866],[-121.8017,44.6886],[-121.7984,44.6862],[-121.8018,44.6599],[-121.7977,44.644],[-121.7887,44.6425],[-121.7777,44.6324],[-121.7125,44.641],[-121.6834,44.618],[-121.6757,44.5901],[-121.6548,44.5723],[-121.6409,44.5682],[-121.6196,44.5766],[-121.6208,44.5865],[-121.6107,44.594],[-121.6061,44.6117],[-121.5969,44.6197],[-121.6136,44.6494],[-121.5744,44.6715],[-121.5563,44.6754],[-121.5236,44.657],[-121.5247,44.6528],[-121.5172,44.6511],[-121.5021,44.6359],[-121.4635,44.616],[-121.4367,44.585],[-121.4238,44.5948],[-121.3236,44.5842],[-121.2916,44.5927],[-121.2776,44.6015],[-121.2759,44.609],[-121.2858,44.6297],[-121.2769,44.6302],[-121.2669,44.6389],[-121.2467,44.6699],[-121.2222,44.6715],[-121.2192,44.6754],[-121.2225,44.6933],[-121.1535,44.6936],[-121.1463,44.6791],[-121.128,44.6791],[-121.1284,44.6646],[-121.0978,44.6643],[-121.0516,44.7152],[-121.0431,44.734],[-121.017,44.7627],[-121.0052,44.7664],[-120.9762,44.7582],[-120.9651,44.781],[-120.9368,44.8027],[-120.9233,44.823],[-120.3714,44.8218],[-120.3807,44.8183],[-120.3777,44.8121],[-120.3865,44.8104],[-120.3789,44.8059],[-120.3846,44.7967],[-120.392,44.7959],[-120.3959,44.804],[-120.4048,44.7932],[-120.3947,44.786],[-120.3992,44.7779],[-120.3878,44.7699],[-120.3857,44.7612],[-120.3861,44.4361],[-120.0216,44.4388],[-120.0207,44.3897],[-119.8993,44.3896],[-119.899,44.3066],[-119.6555,44.307],[-119.6524,44.8233],[-119.6715,44.8233],[-119.6722,44.9951],[-119.163,44.9962],[-119.163,45.0829],[-119.1464,45.0829],[-119.1451,45.5159],[-119.2482,45.5161],[-119.2485,45.6019],[-119.4346,45.603],[-119.4348,45.8022],[-119.324,45.7833],[-119.3199,45.8063],[-119.037,45.8067],[-119.037,45.8353],[-119.0477,45.8354],[-119.0482,45.8507],[-118.9653,45.8508],[-118.9548,45.8407],[-118.9405,45.8379],[-118.9328,45.85],[-118.9294,45.85],[-118.9294,45.8427],[-118.9138,45.8428],[-118.9138,45.8503],[-118.9031,45.8504],[-118.9031,45.854],[-118.8773,45.8322],[-118.8772,45.8218],[-118.856,45.8221],[-118.8289,45.8144],[-118.786,45.8164],[-118.7536,45.8054],[-118.6542,45.8049],[-118.6542,45.8145],[-118.6481,45.8203],[-118.5695,45.8193],[-118.5695,45.8339],[-118.5801,45.834],[-118.5801,45.8483],[-118.529,45.8482],[-118.5286,45.841],[-118.4567,45.8413],[-118.4511,45.834],[-118.4331,45.8305],[-118.3996,45.8553],[-118.3823,45.9177],[-118.3884,45.9254],[-118.3847,45.9278],[-118.3874,45.95],[-118.4013,45.9502],[-118.407,45.9584],[-118.4131,45.9584],[-118.4153,46.0008],[-118.9763,46.0004],[-118.9873,45.9999],[-119.0087,45.9792],[-119.0272,45.9691],[-119.1263,45.9328],[-119.1955,45.9279],[-119.2571,45.9399],[-119.3226,45.9331],[-119.3645,45.9215],[-119.4504,45.9174],[-119.4881,45.9064],[-119.5245,45.9086],[-119.5716,45.9255],[-119.6007,45.9195],[-119.6236,45.9056],[-119.67,45.8569],[-119.7729,45.8457],[-119.8027,45.8476],[-119.9072,45.8282],[-119.9658,45.8244],[-120.0702,45.7852],[-120.1415,45.7732],[-120.1706,45.762],[-120.2108,45.7259],[-120.2834,45.7212],[-120.4037,45.6994],[-120.4826,45.6944],[-120.5057,45.6999],[-120.5593,45.7383],[-120.5911,45.7465],[-120.6351,45.7457],[-120.6895,45.7157],[-120.8554,45.6717],[-120.8958,45.6429],[-120.9136,45.64],[-120.944,45.6564],[-120.9835,45.6484],[-121.0074,45.6532],[-121.0645,45.6525],[-121.0849,45.6479],[-121.1201,45.6232],[-121.1172,45.6182],[-121.1263,45.6034],[-121.1213,45.5956],[-121.1419,45.5956],[-121.1566,45.5852],[-121.2046,45.5916],[-121.204,45.5846],[-121.2138,45.5868],[-121.2509,45.5679],[-121.2872,45.5626],[-121.3168,45.5484],[-121.343,45.5534],[-121.4263,45.5419],[-121.4406,45.5328],[-121.4406,45.5194],[-121.4822,45.5196],[-121.4819,45.2581],[-121.6965,45.2579],[-121.6809,45.2506],[-121.6864,45.2343],[-121.6827,45.2286],[-121.6977,45.2274],[-121.7146,45.2112],[-121.7295,45.2118],[-121.7482,45.2051],[-121.748,45.189],[-121.7314,45.1706],[-121.7368,45.1671],[-121.7407,45.171],[-121.7482,45.1616],[-121.7414,45.1473],[-121.7232,45.137],[-121.741,45.0344],[-121.7688,45.0399],[-121.7784,45.0376],[-121.7818,45.034],[-121.7812,45.0157],[-121.7982,45.0162],[-121.8057,45.0067],[-121.8033,44.9771],[-121.7856,44.9504],[-121.7961,44.9366],[-121.7798,44.9352],[-121.7641,44.942],[-121.7524,44.9306],[-121.7613,44.911],[-121.7653,44.8857],[-121.8067,44.8857],[-121.8235,44.8798],[-121.8325,44.8732],[-121.8244,44.8697],[-121.8399,44.866],[-121.8274,44.8575],[-121.8184,44.8384],[-121.8431,44.8359],[-121.8711,44.8164],[-121.8739,44.8097]]]},"properties":{"geoid":"41057","state":"41","district":"57","name":"State House District 57","chamber":"House"}},{"type":"Feature","geometry":{"type":"Polygon","coordinates":[[[-119.435,45.7921],[-119.4346,45.603],[-119.2485,45.6019],[-119.2482,45.5161],[-119.1451,45.5159],[-119.1464,45.0829],[-119.163,45.0829],[-119.163,44.9962],[-118.4689,44.9952],[-118.4644,44.9898],[-118.4483,44.9908],[-118.4374,44.9848],[-118.4396,44.9667],[-118.4355,44.9624],[-118.4244,44.9641],[-118.4045,44.9765],[-118.3899,44.9724],[-118.3875,44.9838],[-118.3798,44.9795],[-118.3595,44.9923],[-118.3297,44.9724],[-118.3193,44.976],[-118.3086,44.9721],[-118.2993,44.9607],[-118.2822,44.9647],[-118.2748,44.9574],[-118.2516,44.9563],[-118.2322,44.9607],[-118.2316,44.9703],[-118.2136,44.9898],[-118.2142,45.0074],[-118.1864,45.0192],[-118.161,45.0157],[-118.1419,45.0281],[-118.1314,45.0447],[-118.1104,45.047],[-118.0925,45.0415],[-118.0878,45.0323],[-118.0631,45.0139],[-118.0043,44.9949],[-117.9789,44.9947],[-117.956,45.001],[-117.9218,45.019],[-117.8965,45.0378],[-117.8947,45.0452],[-117.8861,45.0497],[-117.8884,45.0571],[-117.8725,45.0612],[-117.8737,45.0656],[-117.8626,45.0544],[-117.8538,45.0604],[-117.8377,45.0551],[-117.8407,45.0502],[-117.8181,45.0259],[-117.812,45.0245],[-117.813,45.0321],[-117.8051,45.0329],[-117.804,45.0275],[-117.7937,45.0261],[-117.796,45.0185],[-117.7787,45.0101],[-117.7849,44.9983],[-117.7775,44.9922],[-117.564,44.9929],[-117.5635,45.0794],[-116.7838,45.0783],[-116.7835,45.0936],[-116.7748,45.1055],[-116.7546,45.114],[-116.7455,45.133],[-116.7296,45.1421],[-116.7242,45.1715],[-116.7095,45.203],[-116.7037,45.2401],[-116.6914,45.2637],[-116.6745,45.2763],[-116.6738,45.3215],[-116.6234,45.394],[-116.5974,45.4128],[-116.5882,45.4429],[-116.5548,45.4629],[-116.5588,45.4812],[-116.5531,45.4962],[-116.5575,45.5042],[-116.5355,45.5251],[-116.5234,45.5466],[-116.5283,45.5515],[-116.507,45.5584],[-116.5028,45.5666],[-116.4824,45.5774],[-116.4822,45.5867],[-116.4634,45.6039],[-116.4635,45.6158],[-116.4721,45.6292],[-116.4828,45.6336],[-116.4888,45.6508],[-116.524,45.6776],[-116.5354,45.6917],[-116.5357,45.7342],[-116.5472,45.7517],[-116.5594,45.7552],[-116.5942,45.7791],[-116.632,45.785],[-116.6463,45.7798],[-116.6653,45.7821],[-116.6808,45.7944],[-116.6972,45.8201],[-116.7097,45.8257],[-116.7358,45.8264],[-116.7598,45.8162],[-116.7821,45.8251],[-116.7891,45.8335],[-116.7878,45.8443],[-116.7965,45.8612],[-116.8159,45.879],[-116.8436,45.8923],[-116.8573,45.9042],[-116.8697,45.9238],[-116.876,45.9548],[-116.8913,45.9603],[-116.8936,45.9776],[-116.9161,45.9954],[-118.4153,46.0008],[-118.4131,45.9584],[-118.407,45.9584],[-118.4013,45.9502],[-118.3874,45.95],[-118.3847,45.9278],[-118.3884,45.9254],[-118.3823,45.9177],[-118.3998,45.8549],[-118.4331,45.8305],[-118.4511,45.834],[-118.4567,45.8413],[-118.5286,45.841],[-118.529,45.8482],[-118.5801,45.8483],[-118.5801,45.834],[-118.5695,45.8339],[-118.5695,45.8193],[-118.6481,45.8203],[-118.6542,45.8145],[-118.6542,45.8049],[-118.7536,45.8054],[-118.786,45.8164],[-118.8289,45.8144],[-118.856,45.8221],[-118.8772,45.8218],[-118.8773,45.8322],[-118.9031,45.854],[-118.9031,45.8504],[-118.9138,45.8503],[-118.9138,45.8428],[-118.9294,45.8427],[-118.9294,45.85],[-118.9328,45.85],[-118.9405,45.8379],[-118.9548,45.8407],[-118.9653,45.8508],[-119.0482,45.8507],[-119.0477,45.8354],[-119.037,45.8353],[-119.037,45.8067],[-119.3199,45.8063],[-119.324,45.7833],[-119.4348,45.8022],[-119.435,45.7921]]]},"properties":{"geoid":"41058","state":"41","district":"58","name":"State House District 58","chamber":"House"}},{"type":"Feature","geometry":{"type":"Polygon","coordinates":[[[-121.8496,44.4677],[-121.8411,44.4449],[-121.8476,44.4296],[-121.8455,44.4146],[-121.8409,44.4108],[-121.8467,44.4032],[-121.8431,44.3926],[-121.6737,44.3934],[-121.6559,44.3806],[-121.6237,44.3705],[-121.5632,44.2999],[-121.5436,44.3012],[-121.5342,44.308],[-121.5437,44.2949],[-121.5331,44.295],[-121.5334,44.2878],[-121.5153,44.2864],[-121.4886,44.2919],[-121.4121,44.2888],[-121.4023,44.2948],[-121.3561,44.2948],[-121.287,44.2862],[-121.2578,44.2734],[-121.2201,44.2692],[-121.2093,44.2692],[-121.2094,44.2764],[-121.1818,44.2755],[-121.1791,44.282],[-121.1693,44.282],[-121.17,44.2726],[-121.1479,44.2621],[-121.1336,44.2621],[-121.1361,44.2403],[-121.1689,44.2404],[-121.1691,44.2186],[-121.2095,44.2187],[-121.2218,44.202],[-121.2236,44.2074],[-121.2798,44.1311],[-121.2736,44.1311],[-121.2736,44.1242],[-121.2634,44.1242],[-121.2635,44.1093],[-121.2587,44.1093],[-121.2586,44.1161],[-121.2536,44.1161],[-121.2536,44.1216],[-121.2486,44.1238],[-121.243,44.1237],[-121.243,44.1094],[-121.1867,44.1096],[-121.1619,44.1296],[-121.1628,44.1235],[-121.1062,44.1233],[-121.0924,44.1378],[-120.9873,44.134],[-120.9866,43.9609],[-120.7482,43.9573],[-120.7478,43.8713],[-120.3787,43.8724],[-120.3781,43.7854],[-120.2584,43.7853],[-120.2578,43.6988],[-119.7775,43.698],[-119.7754,43.9591],[-119.6572,43.9589],[-119.6555,44.307],[-119.899,44.3066],[-119.8993,44.3896],[-120.0207,44.3897],[-120.0216,44.4388],[-120.3861,44.4361],[-120.3857,44.7612],[-120.3878,44.7699],[-120.3992,44.7779],[-120.3947,44.786],[-120.4048,44.7932],[-120.3959,44.804],[-120.392,44.7959],[-120.3846,44.7967],[-120.3789,44.8059],[-120.3865,44.8104],[-120.3777,44.8121],[-120.3807,44.8183],[-120.3714,44.8218],[-120.9233,44.823],[-120.9368,44.8027],[-120.9651,44.781],[-120.9762,44.7582],[-121.0052,44.7664],[-121.017,44.7627],[-121.0431,44.734],[-121.0516,44.7152],[-121.0978,44.6643],[-121.1284,44.6646],[-121.128,44.6791],[-121.1463,44.6791],[-121.1535,44.6936],[-121.2225,44.6933],[-121.2192,44.6754],[-121.2222,44.6715],[-121.2467,44.6699],[-121.2669,44.6389],[-121.2769,44.6302],[-121.2858,44.6297],[-121.2758,44.6104],[-121.2776,44.6015],[-121.3193,44.5842],[-121.4238,44.5948],[-121.4367,44.585],[-121.4635,44.616],[-121.5021,44.6359],[-121.5172,44.6511],[-121.5247,44.6528],[-121.5236,44.657],[-121.5553,44.6754],[-121.5744,44.6715],[-121.6136,44.6494],[-121.5969,44.6197],[-121.6061,44.6117],[-121.6107,44.594],[-121.6208,44.5865],[-121.6196,44.5766],[-121.6411,44.5682],[-121.655,44.5724],[-121.6757,44.5901],[-121.6834,44.618],[-121.7125,44.641],[-121.7777,44.6324],[-121.7887,44.6425],[-121.7977,44.644],[-121.7976,44.6495],[-121.7979,44.6403],[-121.8081,44.6284],[-121.8116,44.6158],[-121.8023,44.6104],[-121.7939,44.5941],[-121.8033,44.5553],[-121.8163,44.5374],[-121.8092,44.5149],[-121.8231,44.5112],[-121.8469,44.4911],[-121.8494,44.4845],[-121.843,44.479],[-121.8496,44.4677]]]},"properties":{"geoid":"41059","state":"41","district":"59","name":"State House District 59","chamber":"House"}},{"type":"Feature","geometry":{"type":"Polygon","coordinates":[[[-121.3511,42.9309],[-121.3497,42.7466],[-120.8833,42.7442],[-120.8799,41.9938],[-120.3264,41.9926],[-119.8268,41.9975],[-118.7079,41.9921],[-117.0262,41.9999],[-117.0268,43.7337],[-117.0266,43.8081],[-117.0215,43.8194],[-117.0326,43.8302],[-117.0252,43.8413],[-117.0116,43.841],[-117.0107,43.8498],[-117.0201,43.854],[-117.02,43.859],[-116.9829,43.8677],[-116.9839,43.8808],[-116.976,43.8955],[-116.9811,43.9137],[-116.9615,43.9184],[-116.9593,43.9293],[-116.9691,43.9389],[-116.9605,43.9551],[-116.9724,43.958],[-116.9592,43.9664],[-116.9709,43.9683],[-116.976,43.9751],[-116.9353,43.9886],[-116.9449,44.0028],[-116.9369,44.0105],[-116.9361,44.0271],[-116.9567,44.0441],[-116.9732,44.0494],[-116.9774,44.0854],[-116.9337,44.1],[-116.9286,44.1152],[-116.9142,44.1273],[-116.9112,44.14],[-116.9024,44.1452],[-116.8942,44.1623],[-116.9028,44.1795],[-116.9254,44.1915],[-116.9717,44.1973],[-116.9702,44.2208],[-116.976,44.2429],[-117.0319,44.2486],[-117.0423,44.2428],[-117.0461,44.2307],[-117.0514,44.2287],[-117.0895,44.2582],[-117.1042,44.2799],[-117.1199,44.2783],[-117.1368,44.2604],[-117.1462,44.258],[-117.1703,44.2589],[-117.1981,44.2738],[-117.2227,44.2983],[-117.2168,44.3082],[-117.2033,44.313],[-117.1898,44.3366],[-117.1973,44.3474],[-117.2351,44.3739],[-117.2429,44.3956],[-117.2273,44.4052],[-117.2151,44.4272],[-117.2153,44.4522],[-117.2251,44.4823],[-117.2002,44.492],[-117.1816,44.523],[-117.161,44.5252],[-117.1492,44.5362],[-117.1429,44.5572],[-117.1483,44.5644],[-117.1248,44.5838],[-117.1205,44.6147],[-117.0982,44.6407],[-117.0959,44.6647],[-117.0808,44.6738],[-117.0791,44.6922],[-117.0618,44.7067],[-117.0623,44.7271],[-117.0502,44.7326],[-117.0478,44.7415],[-117.0383,44.7482],[-117.02,44.751],[-117.0138,44.7568],[-116.9989,44.7564],[-116.9709,44.7739],[-116.9347,44.7839],[-116.9311,44.8048],[-116.9001,44.8367],[-116.8986,44.8537],[-116.8877,44.8558],[-116.8653,44.8706],[-116.8524,44.8876],[-116.832,44.933],[-116.851,44.9616],[-116.8364,44.9692],[-116.8263,44.9825],[-116.8397,44.9831],[-116.8486,44.9717],[-116.858,44.9773],[-116.8446,45.0014],[-116.8479,45.0226],[-116.8017,45.0563],[-116.7838,45.0783],[-117.5635,45.0794],[-117.564,44.9929],[-117.7775,44.9922],[-117.7849,44.9983],[-117.7787,45.0101],[-117.796,45.0185],[-117.7937,45.0261],[-117.804,45.0275],[-117.8051,45.0329],[-117.813,45.0321],[-117.812,45.0245],[-117.8181,45.0259],[-117.8407,45.0502],[-117.8377,45.0551],[-117.8538,45.0604],[-117.8626,45.0544],[-117.8737,45.0656],[-117.8725,45.0612],[-117.8884,45.0571],[-117.8861,45.0497],[-117.8947,45.0452],[-117.8965,45.0378],[-117.9218,45.019],[-117.956,45.001],[-117.9789,44.9947],[-118.0043,44.9949],[-118.0631,45.0139],[-118.0878,45.0323],[-118.0925,45.0415],[-118.1104,45.047],[-118.1314,45.0447],[-118.1419,45.0281],[-118.161,45.0157],[-118.1864,45.0192],[-118.2142,45.0074],[-118.2136,44.9898],[-118.2316,44.9703],[-118.2322,44.9607],[-118.2516,44.9563],[-118.2748,44.9574],[-118.2822,44.9647],[-118.2993,44.9607],[-118.3086,44.9721],[-118.3193,44.976],[-118.3297,44.9724],[-118.3595,44.9923],[-118.3798,44.9795],[-118.3875,44.9838],[-118.3899,44.9724],[-118.4045,44.9765],[-118.4352,44.9624],[-118.4396,44.9667],[-118.4374,44.9848],[-118.4483,44.9908],[-118.4644,44.9898],[-118.4689,44.9952],[-118.8588,44.9982],[-119.6722,44.9951],[-119.6715,44.8233],[-119.6524,44.8233],[-119.6572,43.9589],[-119.7754,43.9591],[-119.7775,43.698],[-120.2578,43.6988],[-120.2584,43.7853],[-120.3781,43.7854],[-120.3787,43.8724],[-120.7478,43.8713],[-120.7482,43.9573],[-120.9181,43.9594],[-120.916,43.789],[-120.8734,43.7889],[-120.8718,43.6155],[-121.333,43.6166],[-121.3324,43.3567],[-121.3485,43.3568],[-121.3511,42.9309]]]},"properties":{"geoid":"41060","state":"41","district":"60","name":"State House District 60","chamber":"House"}}]}