{"type":"FeatureCollection","features":[{"type":"Feature","geometry":{"type":"Polygon","coordinates":[[[-80.5199,42.3271],[-80.5194,41.9775],[-80.3281,42.0367],[-80.2661,42.061],[-80.2401,42.0771],[-80.1978,42.0898],[-80.1583,42.1107],[-80.1344,42.1507],[-80.118,42.1658],[-80.0944,42.1735],[-80.0612,42.1716],[-80.0625,42.1675],[-80.0735,42.1671],[-80.072,42.1555],[-80.0803,42.1521],[-80.082,42.1553],[-80.1288,42.1487],[-80.1395,42.1395],[-80.152,42.1134],[-80.1385,42.1167],[-80.1123,42.0772],[-80.0873,42.0865],[-80.0749,42.1113],[-80.0793,42.118],[-80.0038,42.1468],[-80.0202,42.1639],[-79.8735,42.2319],[-79.8441,42.2355],[-79.7826,42.2645],[-79.7619,42.2693],[-79.7624,42.5161],[-80.0802,42.3942],[-80.5199,42.3271]]]},"properties":{"geoid":"42001","state":"42","district":"1","name":"State House District 1","chamber":"House"}},{"type":"Feature","geometry":{"type":"Polygon","coordinates":[[[-80.126,42.0478],[-80.1148,42.0299],[-80.1044,42.034],[-80.1047,42.0194],[-80.0746,42.0157],[-80.0645,41.9989],[-80.0449,41.9991],[-80.0451,42.0028],[-80.0247,42.0056],[-80.0243,41.9991],[-79.9039,41.9987],[-79.9028,42.211],[-79.9075,42.2092],[-79.9072,42.2155],[-79.9308,42.2069],[-80.0204,42.1637],[-80.0038,42.1468],[-80.0793,42.118],[-80.0749,42.1113],[-80.0873,42.0865],[-80.0792,42.0895],[-80.0709,42.0853],[-80.067,42.0904],[-80.0699,42.0931],[-80.0034,42.1173],[-79.9901,42.0964],[-80.126,42.0478]]]},"properties":{"geoid":"42002","state":"42","district":"2","name":"State House District 2","chamber":"House"}},{"type":"Feature","geometry":{"type":"Polygon","coordinates":[[[-80.2987,42.0483],[-80.2716,42.0036],[-80.2638,42.0062],[-80.2645,41.9703],[-80.2043,41.9698],[-80.2023,42.0219],[-79.9901,42.0964],[-80.0034,42.1173],[-80.0699,42.0931],[-80.067,42.0904],[-80.0709,42.0853],[-80.0792,42.0895],[-80.1123,42.0772],[-80.1385,42.1167],[-80.152,42.1134],[-80.1395,42.1395],[-80.1288,42.1487],[-80.082,42.1553],[-80.0803,42.1521],[-80.072,42.1555],[-80.0735,42.1671],[-80.0607,42.171],[-80.095,42.1734],[-80.118,42.1658],[-80.1283,42.1577],[-80.1587,42.1104],[-80.1881,42.094],[-80.2401,42.0771],[-80.2661,42.061],[-80.2987,42.0483]]]},"properties":{"geoid":"42003","state":"42","district":"3","name":"State House District 3","chamber":"House"}},{"type":"Feature","geometry":{"type":"Polygon","coordinates":[[[-80.3887,41.9459],[-80.3888,41.9403],[-80.2654,41.94],[-80.2662,41.8905],[-80.206,41.89],[-80.2065,41.849],[-79.6121,41.8503],[-79.6108,41.9988],[-79.762,41.9988],[-79.7619,42.2693],[-79.7826,42.2645],[-79.8441,42.2355],[-79.8732,42.232],[-79.907,42.2155],[-79.9075,42.2092],[-79.9028,42.211],[-79.9002,42.202],[-79.9039,41.9987],[-80.0243,41.9991],[-80.0247,42.0056],[-80.0451,42.0028],[-80.0449,41.9991],[-80.0645,41.9989],[-80.0746,42.0157],[-80.1047,42.0194],[-80.1044,42.034],[-80.1148,42.0299],[-80.126,42.0478],[-80.2023,42.0219],[-80.2043,41.9698],[-80.2645,41.9703],[-80.2638,42.0062],[-80.2716,42.0036],[-80.2989,42.0483],[-80.386,42.0192],[-80.3887,41.9459]]]},"properties":{"geoid":"42004","state":"42","district":"4","name":"State House District 4","chamber":"House"}},{"type":"Feature","geometry":{"type":"Polygon","coordinates":[[[-76.4398,40.4959],[-76.2319,40.3663],[-76.2055,40.3607],[-76.1495,40.3145],[-76.0918,40.2777],[-76.0768,40.2853],[-76.0551,40.3073],[-76.0459,40.3092],[-76.0411,40.3221],[-76.0257,40.3348],[-76.0117,40.3289],[-75.9991,40.3444],[-75.9835,40.3408],[-75.9658,40.3565],[-75.9607,40.3546],[-75.9414,40.3644],[-75.9558,40.3712],[-75.9527,40.3833],[-75.9728,40.3935],[-75.9649,40.4012],[-75.9748,40.4034],[-75.9725,40.409],[-75.9456,40.4099],[-75.899,40.4256],[-75.9155,40.4516],[-75.9482,40.4776],[-75.8966,40.4971],[-75.8929,40.4944],[-75.8844,40.5026],[-75.8832,40.5163],[-75.8746,40.5258],[-75.8789,40.5306],[-75.8776,40.5384],[-75.9839,40.5309],[-75.9965,40.524],[-76.0015,40.5153],[-76.0482,40.4993],[-76.0656,40.4846],[-76.1066,40.4779],[-76.1064,40.4742],[-76.1179,40.473],[-76.1175,40.4692],[-76.1972,40.4683],[-76.2097,40.4562],[-76.2211,40.4772],[-76.2003,40.4814],[-76.2087,40.507],[-76.2036,40.5305],[-76.256,40.5171],[-76.3382,40.5155],[-76.4159,40.496],[-76.4398,40.4959]]]},"properties":{"geoid":"42005","state":"42","district":"5","name":"State House District 5","chamber":"House"}},{"type":"Feature","geometry":{"type":"Polygon","coordinates":[[[-80.5194,41.6703],[-80.5192,41.4891],[-80.445,41.4871],[-80.4449,41.4923],[-80.4321,41.4921],[-80.4311,41.487],[-80.1254,41.4804],[-80.1256,41.4863],[-79.9987,41.4901],[-79.9987,41.501],[-79.9818,41.5002],[-79.9815,41.5129],[-79.9581,41.5135],[-79.9592,41.5254],[-79.9422,41.5253],[-79.9433,41.5378],[-79.9233,41.5376],[-79.9254,41.5502],[-79.9095,41.5501],[-79.9086,41.5622],[-79.8928,41.5622],[-79.8927,41.5741],[-79.8772,41.5742],[-79.8742,41.6239],[-79.8965,41.6241],[-79.9002,41.6813],[-79.9194,41.6768],[-80.0578,41.6689],[-80.1266,41.6688],[-80.1262,41.6743],[-80.1398,41.6742],[-80.1398,41.6793],[-80.1723,41.6843],[-80.1622,41.6939],[-80.1477,41.6952],[-80.1452,41.7066],[-80.1521,41.7199],[-80.1509,41.7307],[-80.1368,41.7423],[-80.1236,41.7431],[-80.121,41.7507],[-80.1124,41.7559],[-80.1157,41.7617],[-80.168,41.7621],[-80.1681,41.752],[-80.269,41.7535],[-80.267,41.8495],[-80.2065,41.849],[-80.206,41.89],[-80.2662,41.8905],[-80.2654,41.94],[-80.3888,41.9403],[-80.386,42.0192],[-80.5194,41.9775],[-80.5194,41.6703]]]},"properties":{"geoid":"42006","state":"42","district":"6","name":"State House District 6","chamber":"House"}},{"type":"Feature","geometry":{"type":"Polygon","coordinates":[[[-80.5192,41.489],[-80.519,41.1251],[-80.3851,41.1265],[-80.3849,41.1539],[-80.3125,41.1558],[-80.3099,41.1608],[-80.3152,41.1706],[-80.3089,41.1803],[-80.3192,41.2045],[-80.3149,41.2314],[-80.3185,41.2362],[-80.3862,41.2353],[-80.3891,41.3616],[-80.3208,41.3636],[-80.323,41.4201],[-80.3585,41.4211],[-80.3584,41.4268],[-80.3802,41.4278],[-80.3801,41.4859],[-80.4311,41.487],[-80.4321,41.4921],[-80.4449,41.4923],[-80.445,41.4871],[-80.5192,41.489]]]},"properties":{"geoid":"42007","state":"42","district":"7","name":"State House District 7","chamber":"House"}},{"type":"Feature","geometry":{"type":"Polygon","coordinates":[[[-80.5192,40.9024],[-80.5191,40.8513],[-80.1585,40.8551],[-80.1567,40.8175],[-80.0631,40.8173],[-80.0609,40.7745],[-80.0442,40.7669],[-80.0514,40.7602],[-80.0603,40.7641],[-80.0594,40.745],[-80.0424,40.748],[-80.0399,40.7444],[-79.9677,40.7448],[-79.967,40.683],[-79.9616,40.683],[-79.9646,40.6725],[-79.8771,40.6724],[-79.8746,40.8161],[-79.9701,40.8164],[-79.9724,40.8867],[-79.8759,40.8867],[-79.8801,41.0277],[-80.0233,41.0274],[-80.0443,41.0266],[-80.0477,41.0229],[-80.0706,41.0268],[-80.0758,41.0391],[-80.087,41.0428],[-80.1019,41.0674],[-80.0983,41.0711],[-80.1473,41.1139],[-80.2585,41.1173],[-80.2632,41.11],[-80.2583,41.1107],[-80.2585,40.9991],[-80.2669,40.9989],[-80.2663,40.9737],[-80.27,40.9736],[-80.264,40.909],[-80.5192,40.9024]]]},"properties":{"geoid":"42008","state":"42","district":"8","name":"State House District 8","chamber":"House"}},{"type":"Feature","geometry":{"type":"Polygon","coordinates":[[[-80.5193,40.9113],[-80.5192,40.9025],[-80.264,40.909],[-80.27,40.9736],[-80.2663,40.9737],[-80.2669,40.9989],[-80.2585,40.9991],[-80.2583,41.1107],[-80.2632,41.11],[-80.2579,41.1282],[-80.519,41.1251],[-80.5193,40.9113]]]},"properties":{"geoid":"42009","state":"42","district":"9","name":"State House District 9","chamber":"House"}},{"type":"Feature","geometry":{"type":"Polygon","coordinates":[[[-75.2403,39.9543],[-75.2262,39.9535],[-75.2249,39.96],[-75.1678,39.9559],[-75.1937,39.9753],[-75.2261,39.9649],[-75.2336,39.9673],[-75.2403,39.9543]]]},"properties":{"geoid":"42010","state":"42","district":"10","name":"State House District 10","chamber":"House"}},{"type":"Feature","geometry":{"type":"Polygon","coordinates":[[[-79.9724,40.8867],[-79.9701,40.8164],[-79.8746,40.8161],[-79.8771,40.6724],[-79.6929,40.6696],[-79.6899,40.9577],[-79.8787,40.9585],[-79.8759,40.8867],[-79.9724,40.8867]]]},"properties":{"geoid":"42011","state":"42","district":"11","name":"State House District 11","chamber":"House"}},{"type":"Feature","geometry":{"type":"Polygon","coordinates":[[[-80.1567,40.8175],[-80.1487,40.6738],[-79.9637,40.6735],[-79.9677,40.7448],[-80.0399,40.7444],[-80.0424,40.748],[-80.0594,40.745],[-80.0603,40.7641],[-80.0514,40.7602],[-80.0442,40.7669],[-80.0609,40.7745],[-80.0631,40.8173],[-80.1567,40.8175]]]},"properties":{"geoid":"42012","state":"42","district":"12","name":"State House District 12","chamber":"House"}},{"type":"Feature","geometry":{"type":"Polygon","coordinates":[[[-76.1367,39.7253],[-76.1355,39.7211],[-75.7738,39.7222],[-75.7545,39.7556],[-75.7608,39.7757],[-75.7757,39.7744],[-75.7809,39.8194],[-75.7887,39.8222],[-75.7885,39.8289],[-75.7827,39.8302],[-75.785,39.8488],[-75.7805,39.8492],[-75.7858,39.8717],[-75.849,39.8665],[-75.8531,39.8892],[-75.8353,39.9008],[-75.8373,39.9074],[-75.8465,39.9222],[-75.8566,39.9275],[-75.8537,39.9329],[-75.8592,39.9425],[-75.8691,39.942],[-75.8737,39.9496],[-75.8804,39.9492],[-75.8904,39.9586],[-75.9851,39.9379],[-75.9816,39.9295],[-75.9972,39.9287],[-75.9951,39.8989],[-75.9867,39.8929],[-75.9924,39.8823],[-75.9875,39.8723],[-75.9916,39.8687],[-76.0024,39.8744],[-76.0076,39.8523],[-76.0222,39.8508],[-76.0165,39.8313],[-76.0228,39.8308],[-76.027,39.8242],[-76.0376,39.8269],[-76.0296,39.8127],[-76.0352,39.8118],[-76.039,39.8012],[-76.0498,39.8027],[-76.0414,39.7966],[-76.0646,39.7712],[-76.0625,39.7648],[-76.0667,39.76],[-76.0819,39.7614],[-76.0868,39.7458],[-76.094,39.7427],[-76.1003,39.7457],[-76.102,39.7395],[-76.0925,39.734],[-76.0958,39.7299],[-76.1058,39.7241],[-76.1112,39.7283],[-76.1086,39.7348],[-76.1192,39.7366],[-76.1191,39.7235],[-76.1283,39.7277],[-76.1367,39.7253]]]},"properties":{"geoid":"42013","state":"42","district":"13","name":"State House District 13","chamber":"House"}},{"type":"Feature","geometry":{"type":"Polygon","coordinates":[[[-80.5191,40.8167],[-80.519,40.7894],[-80.5078,40.7851],[-80.4939,40.7877],[-80.4932,40.7927],[-80.4812,40.7975],[-80.4588,40.7938],[-80.433,40.8076],[-80.4089,40.7995],[-80.4097,40.7188],[-80.3388,40.7405],[-80.3346,40.7302],[-80.3056,40.7139],[-80.3024,40.7056],[-80.308,40.7053],[-80.2996,40.7026],[-80.2932,40.6914],[-80.2876,40.6955],[-80.3059,40.7197],[-80.3006,40.7199],[-80.3014,40.7248],[-80.2759,40.7256],[-80.2755,40.72],[-80.2481,40.724],[-80.247,40.6995],[-80.2571,40.6927],[-80.2525,40.688],[-80.2455,40.6941],[-80.2496,40.6871],[-80.2431,40.6761],[-80.2343,40.6765],[-80.225,40.664],[-80.2436,40.6554],[-80.2398,40.65],[-80.2227,40.6568],[-80.2249,40.651],[-80.2177,40.6536],[-80.2076,40.64],[-80.2068,40.5882],[-80.1949,40.5968],[-80.1843,40.5969],[-80.1887,40.5998],[-80.1801,40.6095],[-80.1658,40.606],[-80.1451,40.6134],[-80.1585,40.8551],[-80.519,40.8513],[-80.5191,40.8167]]]},"properties":{"geoid":"42014","state":"42","district":"14","name":"State House District 14","chamber":"House"}},{"type":"Feature","geometry":{"type":"Polygon","coordinates":[[[-80.5192,40.0956],[-80.519,40.0739],[-80.4125,40.0963],[-80.3902,40.1205],[-80.3466,40.1087],[-80.3437,40.1131],[-80.3143,40.1181],[-80.3088,40.1244],[-80.3099,40.1526],[-80.2682,40.1666],[-80.2668,40.1726],[-80.2579,40.1759],[-80.2698,40.1873],[-80.2674,40.1949],[-80.26,40.1979],[-80.2822,40.2055],[-80.288,40.2147],[-80.2869,40.2251],[-80.3034,40.2461],[-80.3113,40.25],[-80.3322,40.2382],[-80.3652,40.2575],[-80.3565,40.3086],[-80.3283,40.3496],[-80.2801,40.3641],[-80.2675,40.3582],[-80.2549,40.3605],[-80.2399,40.3653],[-80.2434,40.3705],[-80.2344,40.3736],[-80.3609,40.4777],[-80.278,40.5367],[-80.3209,40.601],[-80.3165,40.6041],[-80.3225,40.6119],[-80.3323,40.6211],[-80.3449,40.6148],[-80.3444,40.6241],[-80.3354,40.6255],[-80.3405,40.6301],[-80.3339,40.6353],[-80.3443,40.6388],[-80.3146,40.649],[-80.3256,40.6592],[-80.3206,40.6747],[-80.3103,40.6805],[-80.3127,40.6849],[-80.2932,40.6914],[-80.2996,40.7026],[-80.308,40.7053],[-80.3024,40.7056],[-80.3056,40.7139],[-80.3346,40.7302],[-80.3388,40.7405],[-80.4097,40.7188],[-80.4089,40.7995],[-80.4275,40.8075],[-80.4438,40.8037],[-80.4591,40.7937],[-80.4812,40.7975],[-80.5003,40.7859],[-80.519,40.7894],[-80.5192,40.0956]]]},"properties":{"geoid":"42015","state":"42","district":"15","name":"State House District 15","chamber":"House"}},{"type":"Feature","geometry":{"type":"Polygon","coordinates":[[[-80.3447,40.6155],[-80.3411,40.6138],[-80.3323,40.6211],[-80.3225,40.6119],[-80.3165,40.6041],[-80.3209,40.601],[-80.278,40.5367],[-80.2191,40.582],[-80.2118,40.5825],[-80.2068,40.5882],[-80.2076,40.64],[-80.2177,40.6536],[-80.2249,40.651],[-80.2227,40.6568],[-80.2398,40.65],[-80.2436,40.6554],[-80.225,40.664],[-80.2343,40.6765],[-80.2431,40.6761],[-80.2496,40.6871],[-80.2455,40.6941],[-80.2525,40.688],[-80.2571,40.6927],[-80.247,40.6995],[-80.2481,40.724],[-80.2755,40.72],[-80.2759,40.7256],[-80.3014,40.7248],[-80.3006,40.7199],[-80.3059,40.7197],[-80.2876,40.6955],[-80.3127,40.6849],[-80.3103,40.6805],[-80.3206,40.6747],[-80.3256,40.6592],[-80.3146,40.649],[-80.3443,40.6388],[-80.3339,40.6353],[-80.3405,40.6301],[-80.3354,40.6255],[-80.3444,40.6241],[-80.3447,40.6155]]]},"properties":{"geoid":"42016","state":"42","district":"16","name":"State House District 16","chamber":"House"}},{"type":"Feature","geometry":{"type":"Polygon","coordinates":[[[-80.3891,41.3616],[-80.3862,41.2353],[-80.3185,41.2362],[-80.3149,41.2314],[-80.3192,41.2045],[-80.3089,41.18],[-80.3152,41.1706],[-80.3099,41.1608],[-80.3125,41.1558],[-80.3849,41.1539],[-80.3851,41.1265],[-80.2579,41.1282],[-80.2579,41.1172],[-80.1473,41.1139],[-80.0983,41.0711],[-80.1019,41.0674],[-80.087,41.0428],[-80.0758,41.0391],[-80.0706,41.0268],[-80.0477,41.0229],[-80.0443,41.0266],[-80.0233,41.0274],[-79.8801,41.0277],[-79.8787,40.9585],[-79.6899,40.9577],[-79.6887,41.1472],[-79.6922,41.1719],[-79.9998,41.1719],[-79.9998,41.49],[-80.1256,41.4863],[-80.1254,41.4804],[-80.3801,41.4859],[-80.3802,41.4278],[-80.3584,41.4268],[-80.3585,41.4211],[-80.323,41.4201],[-80.3208,41.3636],[-80.3891,41.3616]]]},"properties":{"geoid":"42017","state":"42","district":"17","name":"State House District 17","chamber":"House"}},{"type":"Feature","geometry":{"type":"Polygon","coordinates":[[[-74.9945,40.127],[-74.9824,40.1199],[-74.9646,40.1185],[-74.9618,40.0978],[-74.9558,40.0951],[-74.9631,40.0773],[-74.9708,40.0762],[-74.9808,40.0661],[-74.9832,40.0542],[-74.974,40.0486],[-74.9306,40.0695],[-74.9091,40.0705],[-74.9097,40.0827],[-74.915,40.0886],[-74.9127,40.097],[-74.9026,40.104],[-74.9054,40.117],[-74.8982,40.1334],[-74.9076,40.1466],[-74.9184,40.1455],[-74.9332,40.1535],[-74.9574,40.1458],[-74.9709,40.1558],[-74.9945,40.127]]]},"properties":{"geoid":"42018","state":"42","district":"18","name":"State House District 18","chamber":"House"}},{"type":"Feature","geometry":{"type":"Polygon","coordinates":[[[-80.0752,40.4625],[-80.0722,40.4533],[-80.0666,40.4575],[-80.0565,40.4534],[-80.0575,40.4584],[-80.0503,40.452],[-80.0402,40.4525],[-80.0465,40.4468],[-80.0401,40.4421],[-80.0332,40.4506],[-80.002,40.4351],[-80.0049,40.4208],[-80.0113,40.4177],[-80.0082,40.4116],[-79.9972,40.4156],[-79.9967,40.4082],[-79.9919,40.4072],[-79.9875,40.426],[-79.9824,40.4255],[-79.9815,40.4335],[-79.9755,40.4344],[-79.956,40.4246],[-79.9516,40.4054],[-79.9455,40.3985],[-79.933,40.3973],[-79.9211,40.4083],[-79.9404,40.4124],[-79.9536,40.4257],[-79.9491,40.4277],[-79.9499,40.4344],[-79.9555,40.4307],[-79.9562,40.436],[-79.9766,40.4409],[-79.9779,40.4505],[-79.9929,40.4429],[-79.9961,40.4482],[-79.9998,40.4467],[-80.0015,40.4527],[-79.9968,40.4542],[-80.0012,40.4657],[-79.9901,40.4672],[-80.0008,40.4713],[-79.9953,40.4774],[-80.0032,40.4824],[-80.004,40.4978],[-80.0108,40.501],[-80.0107,40.4905],[-80.0183,40.4895],[-80.0118,40.4797],[-80.0151,40.4742],[-80.0174,40.4773],[-80.0351,40.4751],[-80.036,40.4813],[-80.044,40.4785],[-80.0511,40.4838],[-80.0468,40.4724],[-80.0512,40.4656],[-80.0752,40.4625]]]},"properties":{"geoid":"42019","state":"42","district":"19","name":"State House District 19","chamber":"House"}},{"type":"Feature","geometry":{"type":"Polygon","coordinates":[[[-80.0754,40.5088],[-80.075,40.4984],[-80.0546,40.483],[-80.044,40.4785],[-80.036,40.4813],[-80.0351,40.4751],[-80.0174,40.4773],[-80.0151,40.4742],[-80.0118,40.4797],[-80.0183,40.4895],[-80.0107,40.4905],[-80.0112,40.5008],[-79.9941,40.494],[-79.9856,40.502],[-79.9889,40.5539],[-80.0647,40.5527],[-80.0616,40.5058],[-80.0754,40.5088]]]},"properties":{"geoid":"42020","state":"42","district":"20","name":"State House District 20","chamber":"House"}},{"type":"Feature","geometry":{"type":"Polygon","coordinates":[[[-80.0039,40.4963],[-80.0032,40.4824],[-79.9953,40.4774],[-80.0009,40.4715],[-79.9901,40.4672],[-80.0012,40.4657],[-79.9968,40.4542],[-80.0015,40.4527],[-80.0005,40.4482],[-79.9929,40.4429],[-79.9499,40.4621],[-79.9445,40.4716],[-79.9349,40.4725],[-79.9489,40.4782],[-79.9402,40.482],[-79.9319,40.4752],[-79.9236,40.4907],[-79.9384,40.491],[-79.9405,40.4964],[-79.9361,40.4972],[-79.9387,40.554],[-79.9889,40.5539],[-79.9856,40.502],[-79.9941,40.494],[-80.0039,40.4963]]]},"properties":{"geoid":"42021","state":"42","district":"21","name":"State House District 21","chamber":"House"}},{"type":"Feature","geometry":{"type":"Polygon","coordinates":[[[-75.4907,40.6033],[-75.4817,40.5995],[-75.4645,40.6042],[-75.4506,40.5972],[-75.4418,40.5999],[-75.4367,40.5965],[-75.4378,40.5886],[-75.4502,40.5861],[-75.4459,40.5733],[-75.4504,40.5703],[-75.4487,40.5621],[-75.4038,40.5808],[-75.3943,40.593],[-75.4053,40.5961],[-75.4064,40.6035],[-75.3974,40.6067],[-75.3953,40.6135],[-75.4196,40.6161],[-75.4237,40.6359],[-75.4626,40.6285],[-75.4595,40.624],[-75.4673,40.6224],[-75.4638,40.6191],[-75.4891,40.6244],[-75.4766,40.6181],[-75.4871,40.6122],[-75.4893,40.6154],[-75.4844,40.6051],[-75.4907,40.6033]]]},"properties":{"geoid":"42022","state":"42","district":"22","name":"State House District 22","chamber":"House"}},{"type":"Feature","geometry":{"type":"Polygon","coordinates":[[[-79.9631,40.4371],[-79.9562,40.436],[-79.9555,40.4307],[-79.9499,40.4344],[-79.9491,40.4277],[-79.9536,40.4257],[-79.9404,40.4124],[-79.9211,40.4083],[-79.9133,40.4142],[-79.8996,40.4154],[-79.8975,40.4259],[-79.891,40.4272],[-79.8971,40.4276],[-79.8976,40.4397],[-79.9131,40.438],[-79.9082,40.4515],[-79.9225,40.4559],[-79.9549,40.451],[-79.9524,40.4461],[-79.9631,40.4371]]]},"properties":{"geoid":"42023","state":"42","district":"23","name":"State House District 23","chamber":"House"}},{"type":"Feature","geometry":{"type":"Polygon","coordinates":[[[-79.9792,40.4449],[-79.9649,40.4359],[-79.9524,40.4461],[-79.9549,40.451],[-79.9431,40.4546],[-79.9207,40.4529],[-79.9013,40.458],[-79.8868,40.4542],[-79.884,40.4489],[-79.8671,40.4494],[-79.8658,40.4557],[-79.8726,40.4575],[-79.8691,40.461],[-79.89,40.4618],[-79.8846,40.4909],[-79.8969,40.4926],[-79.9014,40.4858],[-79.9236,40.4907],[-79.9319,40.4752],[-79.9402,40.482],[-79.9489,40.4782],[-79.9349,40.4725],[-79.9445,40.4716],[-79.9499,40.4621],[-79.9741,40.4526],[-79.9792,40.4449]]]},"properties":{"geoid":"42024","state":"42","district":"24","name":"State House District 24","chamber":"House"}},{"type":"Feature","geometry":{"type":"Polygon","coordinates":[[[-79.8534,40.3884],[-79.8391,40.3759],[-79.8342,40.3615],[-79.7744,40.3597],[-79.7632,40.3917],[-79.7511,40.3884],[-79.7446,40.3962],[-79.7325,40.3996],[-79.7301,40.4087],[-79.7222,40.4087],[-79.727,40.4144],[-79.7175,40.4137],[-79.7068,40.4225],[-79.7021,40.4895],[-79.736,40.4778],[-79.7411,40.4902],[-79.7516,40.4965],[-79.7811,40.49],[-79.7708,40.482],[-79.7596,40.4604],[-79.7793,40.461],[-79.7963,40.4501],[-79.8045,40.4347],[-79.8032,40.4271],[-79.8326,40.4098],[-79.8337,40.4004],[-79.8301,40.3983],[-79.8371,40.3909],[-79.8517,40.3945],[-79.8534,40.3884]]]},"properties":{"geoid":"42025","state":"42","district":"25","name":"State House District 25","chamber":"House"}},{"type":"Feature","geometry":{"type":"Polygon","coordinates":[[[-75.8604,40.1298],[-75.8493,40.1229],[-75.8505,40.1063],[-75.8336,40.0733],[-75.7795,40.1159],[-75.7778,40.1234],[-75.7653,40.1243],[-75.7501,40.1],[-75.7351,40.0987],[-75.7302,40.1061],[-75.7197,40.1082],[-75.7151,40.1188],[-75.7095,40.1153],[-75.6742,40.1504],[-75.6662,40.1493],[-75.653,40.1584],[-75.6209,40.1522],[-75.6153,40.143],[-75.6,40.153],[-75.5945,40.1511],[-75.593,40.1433],[-75.5772,40.1379],[-75.6063,40.1082],[-75.5812,40.094],[-75.5472,40.1286],[-75.5129,40.1167],[-75.4997,40.1296],[-75.5108,40.14],[-75.5016,40.1583],[-75.5114,40.1593],[-75.5192,40.148],[-75.5259,40.1486],[-75.5289,40.1684],[-75.541,40.176],[-75.5574,40.2076],[-75.564,40.2093],[-75.5627,40.1975],[-75.5733,40.1953],[-75.5878,40.2144],[-75.597,40.2368],[-75.6069,40.2361],[-75.6032,40.227],[-75.6124,40.223],[-75.6209,40.2307],[-75.6665,40.2451],[-75.6869,40.2363],[-75.6968,40.2419],[-75.7432,40.2167],[-75.8545,40.1493],[-75.8604,40.1298]],[[-75.546,40.1296],[-75.5417,40.1344],[-75.5349,40.1334],[-75.5371,40.1289],[-75.546,40.1296]]]},"properties":{"geoid":"42026","state":"42","district":"26","name":"State House District 26","chamber":"House"}},{"type":"Feature","geometry":{"type":"Polygon","coordinates":[[[-80.1005,40.3958],[-80.0997,40.3847],[-80.0921,40.3845],[-80.0982,40.374],[-80.095,40.363],[-80.0728,40.3634],[-80.0841,40.3771],[-80.0675,40.3765],[-80.0691,40.3868],[-80.074,40.3882],[-80.0658,40.3932],[-80.0542,40.3929],[-80.0549,40.401],[-80.0327,40.4015],[-80.0278,40.4072],[-80.0311,40.4097],[-80.0262,40.4236],[-80.0132,40.4199],[-80.01,40.4245],[-80.005,40.4224],[-80.002,40.4351],[-80.0332,40.4506],[-80.0401,40.4421],[-80.0465,40.4468],[-80.0402,40.4525],[-80.0503,40.452],[-80.0575,40.4584],[-80.0565,40.4534],[-80.0666,40.4575],[-80.0722,40.4533],[-80.0765,40.4647],[-80.0837,40.4594],[-80.0946,40.4597],[-80.0902,40.4442],[-80.0804,40.4396],[-80.0912,40.4371],[-80.0904,40.4309],[-80.0953,40.43],[-80.0988,40.4182],[-80.0921,40.4202],[-80.0795,40.4148],[-80.0674,40.401],[-80.0867,40.3987],[-80.087,40.4033],[-80.1005,40.3958]]]},"properties":{"geoid":"42027","state":"42","district":"27","name":"State House District 27","chamber":"House"}},{"type":"Feature","geometry":{"type":"Polygon","coordinates":[[[-80.1485,40.6738],[-80.1452,40.6147],[-79.9682,40.6148],[-79.9767,40.5859],[-79.9699,40.5772],[-79.9575,40.5795],[-79.9621,40.5668],[-79.9545,40.5676],[-79.9592,40.5623],[-79.9582,40.5543],[-79.9151,40.5549],[-79.9159,40.5964],[-79.8126,40.5991],[-79.817,40.6717],[-80.1485,40.6738]]]},"properties":{"geoid":"42028","state":"42","district":"28","name":"State House District 28","chamber":"House"}},{"type":"Feature","geometry":{"type":"Polygon","coordinates":[[[-75.2255,40.2925],[-75.2183,40.2865],[-75.2234,40.2816],[-75.2111,40.2775],[-75.1987,40.2853],[-75.1947,40.2788],[-75.1901,40.2811],[-75.1938,40.2881],[-75.1778,40.2959],[-75.1743,40.2937],[-75.1855,40.2831],[-75.152,40.2629],[-75.1435,40.2714],[-75.1258,40.2612],[-75.0891,40.2827],[-75.0658,40.2634],[-75.0535,40.2681],[-75.0573,40.2575],[-75.0536,40.2559],[-75.0442,40.2631],[-75.0397,40.2617],[-74.981,40.3192],[-74.9269,40.3295],[-74.9428,40.3415],[-74.9489,40.3651],[-74.967,40.3985],[-74.9939,40.4101],[-75.0257,40.4035],[-75.0412,40.4105],[-75.0639,40.3876],[-75.0676,40.39],[-75.0806,40.3783],[-75.084,40.3803],[-75.1319,40.3297],[-75.1511,40.3412],[-75.1734,40.3191],[-75.1929,40.31],[-75.1873,40.3052],[-75.2008,40.2923],[-75.2078,40.3003],[-75.2181,40.303],[-75.219,40.2964],[-75.2255,40.2925]]]},"properties":{"geoid":"42029","state":"42","district":"29","name":"State House District 29","chamber":"House"}},{"type":"Feature","geometry":{"type":"Polygon","coordinates":[[[-80.1587,40.6092],[-80.1586,40.6052],[-80.1139,40.5755],[-80.1157,40.5529],[-80.1225,40.5488],[-80.1203,40.5131],[-80.075,40.4984],[-80.0754,40.5088],[-80.0616,40.5058],[-80.0647,40.5527],[-79.9582,40.5543],[-79.9592,40.5623],[-79.9545,40.5676],[-79.9621,40.5667],[-79.9575,40.5795],[-79.9752,40.58],[-79.9682,40.6148],[-80.1452,40.6147],[-80.1587,40.6092]]]},"properties":{"geoid":"42030","state":"42","district":"30","name":"State House District 30","chamber":"House"}},{"type":"Feature","geometry":{"type":"Polygon","coordinates":[[[-74.9989,40.3023],[-74.955,40.2767],[-74.9856,40.2463],[-74.9699,40.2403],[-74.9742,40.232],[-74.9628,40.2269],[-74.9654,40.2216],[-74.9542,40.2118],[-74.8876,40.2247],[-74.8711,40.193],[-74.8028,40.2077],[-74.7819,40.2219],[-74.8423,40.2505],[-74.8682,40.2952],[-74.8916,40.313],[-74.9083,40.3169],[-74.9269,40.3295],[-74.981,40.3192],[-74.9989,40.3023]]]},"properties":{"geoid":"42031","state":"42","district":"31","name":"State House District 31","chamber":"House"}},{"type":"Feature","geometry":{"type":"Polygon","coordinates":[[[-79.89,40.4619],[-79.8691,40.461],[-79.8726,40.4575],[-79.8683,40.4564],[-79.858,40.4594],[-79.8555,40.4536],[-79.8353,40.4451],[-79.8009,40.4391],[-79.7963,40.4501],[-79.7793,40.461],[-79.7596,40.4604],[-79.7708,40.482],[-79.7811,40.49],[-79.7516,40.4965],[-79.7411,40.4902],[-79.736,40.4778],[-79.7021,40.4895],[-79.7016,40.5254],[-79.7224,40.5422],[-79.7513,40.5518],[-79.7651,40.5492],[-79.7661,40.5407],[-79.7766,40.5349],[-79.8308,40.5343],[-79.8494,40.5236],[-79.8511,40.4936],[-79.8628,40.4858],[-79.8838,40.4832],[-79.89,40.4619]]]},"properties":{"geoid":"42032","state":"42","district":"32","name":"State House District 32","chamber":"House"}},{"type":"Feature","geometry":{"type":"Polygon","coordinates":[[[-79.9405,40.4964],[-79.9384,40.491],[-79.9014,40.4858],[-79.8969,40.4926],[-79.8846,40.4909],[-79.8882,40.4837],[-79.8655,40.4851],[-79.8511,40.4936],[-79.8506,40.5202],[-79.8423,40.5298],[-79.8221,40.5362],[-79.7838,40.5341],[-79.7685,40.5388],[-79.7637,40.546],[-79.7747,40.5707],[-79.7716,40.5856],[-79.7603,40.5951],[-79.7232,40.607],[-79.7,40.629],[-79.6892,40.6438],[-79.6958,40.6615],[-79.6929,40.6696],[-79.817,40.6717],[-79.8126,40.5991],[-79.9159,40.5964],[-79.9151,40.5549],[-79.9387,40.554],[-79.9361,40.4972],[-79.9405,40.4964]]]},"properties":{"geoid":"42033","state":"42","district":"33","name":"State House District 33","chamber":"House"}},{"type":"Feature","geometry":{"type":"Polygon","coordinates":[[[-79.913,40.4386],[-79.8976,40.4397],[-79.8971,40.4276],[-79.891,40.4272],[-79.8975,40.4259],[-79.8996,40.4154],[-79.8534,40.3884],[-79.8517,40.3945],[-79.8371,40.3909],[-79.8301,40.3983],[-79.8337,40.4004],[-79.8326,40.4098],[-79.8034,40.4269],[-79.802,40.4317],[-79.8027,40.4386],[-79.8353,40.4451],[-79.8555,40.4536],[-79.858,40.4594],[-79.867,40.4585],[-79.8671,40.4494],[-79.884,40.4489],[-79.8868,40.4542],[-79.9095,40.4567],[-79.913,40.4386]]]},"properties":{"geoid":"42034","state":"42","district":"34","name":"State House District 34","chamber":"House"}},{"type":"Feature","geometry":{"type":"Polygon","coordinates":[[[-79.933,40.3976],[-79.9296,40.3897],[-79.9182,40.3993],[-79.9133,40.397],[-79.9173,40.3816],[-79.8982,40.3752],[-79.8894,40.3808],[-79.8946,40.3842],[-79.8937,40.3954],[-79.8845,40.3975],[-79.8666,40.383],[-79.8543,40.3611],[-79.847,40.3603],[-79.8479,40.3569],[-79.8766,40.3544],[-79.8856,40.3452],[-79.881,40.3418],[-79.8831,40.3324],[-79.8723,40.3264],[-79.8778,40.3131],[-79.8842,40.3115],[-79.9005,40.319],[-79.8973,40.3143],[-79.9008,40.3121],[-79.8947,40.3056],[-79.8995,40.3019],[-79.8837,40.2981],[-79.9004,40.2956],[-79.8979,40.281],[-79.8801,40.2854],[-79.8717,40.2764],[-79.8517,40.2794],[-79.8299,40.2964],[-79.8395,40.3027],[-79.8356,40.309],[-79.8384,40.3143],[-79.8302,40.3123],[-79.8144,40.3199],[-79.7905,40.3145],[-79.7927,40.3084],[-79.8068,40.3022],[-79.803,40.2936],[-79.7886,40.2977],[-79.7744,40.3597],[-79.8342,40.3615],[-79.8439,40.3809],[-79.8999,40.4155],[-79.9154,40.4132],[-79.933,40.3976]]]},"properties":{"geoid":"42035","state":"42","district":"35","name":"State House District 35","chamber":"House"}},{"type":"Feature","geometry":{"type":"Polygon","coordinates":[[[-80.0334,40.404],[-80.0287,40.3913],[-80.0138,40.3866],[-80.0126,40.3809],[-80.0051,40.3839],[-80.0017,40.3797],[-80.0067,40.3749],[-79.986,40.3778],[-79.9889,40.3639],[-79.9823,40.3609],[-79.9616,40.3715],[-79.9628,40.3789],[-79.9758,40.3872],[-79.973,40.3925],[-79.9798,40.4013],[-79.9523,40.4112],[-79.956,40.4246],[-79.9755,40.4344],[-79.9815,40.4335],[-79.9824,40.4255],[-79.9875,40.426],[-79.9919,40.4072],[-79.9967,40.4082],[-79.9972,40.4156],[-80.01,40.4131],[-80.0059,40.4231],[-80.0132,40.4199],[-80.0262,40.4236],[-80.0311,40.4097],[-80.0278,40.4072],[-80.0334,40.404]]]},"properties":{"geoid":"42036","state":"42","district":"36","name":"State House District 36","chamber":"House"}},{"type":"Feature","geometry":{"type":"Polygon","coordinates":[[[-76.5223,40.0765],[-76.5151,40.0638],[-76.5096,40.0696],[-76.5011,40.0653],[-76.5048,40.0681],[-76.502,40.0704],[-76.4792,40.0656],[-76.4747,40.0696],[-76.4766,40.0732],[-76.4693,40.0732],[-76.4709,40.0766],[-76.4615,40.08],[-76.4596,40.0848],[-76.464,40.0859],[-76.4566,40.0895],[-76.4561,40.1],[-76.4453,40.1022],[-76.452,40.1065],[-76.4483,40.1113],[-76.4406,40.1076],[-76.438,40.113],[-76.4309,40.1074],[-76.4318,40.1123],[-76.4248,40.1109],[-76.4264,40.1167],[-76.4205,40.1158],[-76.4176,40.1219],[-76.4095,40.115],[-76.405,40.1222],[-76.3745,40.128],[-76.3668,40.1243],[-76.2832,40.1295],[-76.2266,40.1151],[-76.2375,40.1236],[-76.229,40.137],[-76.2157,40.142],[-76.2286,40.1537],[-76.2239,40.1594],[-76.2551,40.1711],[-76.2608,40.1812],[-76.2258,40.1885],[-76.2099,40.2021],[-76.1836,40.2074],[-76.1854,40.22],[-76.2009,40.2306],[-76.2005,40.2388],[-76.2167,40.2485],[-76.2158,40.2577],[-76.2093,40.2618],[-76.2113,40.2927],[-76.3076,40.2551],[-76.4354,40.2382],[-76.4693,40.2274],[-76.464,40.2173],[-76.4703,40.2112],[-76.4884,40.212],[-76.5051,40.2069],[-76.5218,40.1707],[-76.5171,40.1693],[-76.5161,40.1578],[-76.4995,40.1576],[-76.4972,40.1459],[-76.5056,40.141],[-76.5052,40.1345],[-76.496,40.1318],[-76.5013,40.1306],[-76.4992,40.1189],[-76.5024,40.1175],[-76.484,40.1094],[-76.4756,40.1138],[-76.4587,40.108],[-76.4901,40.1081],[-76.4935,40.0994],[-76.5015,40.0967],[-76.4967,40.0918],[-76.5052,40.0899],[-76.503,40.0804],[-76.513,40.0772],[-76.5115,40.0743],[-76.5223,40.0765]]]},"properties":{"geoid":"42037","state":"42","district":"37","name":"State House District 37","chamber":"House"}},{"type":"Feature","geometry":{"type":"Polygon","coordinates":[[[-80.0171,40.359],[-80.0056,40.343],[-79.9854,40.3295],[-79.9853,40.3334],[-79.964,40.345],[-79.9309,40.3252],[-79.8967,40.3197],[-79.8842,40.3115],[-79.8762,40.3146],[-79.8723,40.3264],[-79.8831,40.3324],[-79.881,40.3418],[-79.8856,40.3452],[-79.8814,40.351],[-79.8479,40.3569],[-79.847,40.3603],[-79.8543,40.3611],[-79.8666,40.383],[-79.8845,40.3975],[-79.8943,40.394],[-79.8913,40.3764],[-79.9055,40.3754],[-79.9173,40.3816],[-79.9133,40.397],[-79.9182,40.3993],[-79.9297,40.3897],[-79.933,40.3973],[-79.9455,40.3985],[-79.9567,40.4106],[-79.98,40.4007],[-79.973,40.3925],[-79.9741,40.3848],[-79.9693,40.3858],[-79.9628,40.3789],[-79.9621,40.3707],[-79.9823,40.3609],[-79.9889,40.3639],[-79.986,40.3778],[-79.9991,40.3773],[-80.0079,40.3666],[-80.0049,40.3648],[-80.0171,40.359]]]},"properties":{"geoid":"42038","state":"42","district":"38","name":"State House District 38","chamber":"House"}},{"type":"Feature","geometry":{"type":"Polygon","coordinates":[[[-80.0337,40.2877],[-80.0333,40.2764],[-80.0233,40.2623],[-80.0173,40.2651],[-80.011,40.2587],[-80.0186,40.2574],[-80.0163,40.2483],[-80.0224,40.2266],[-80.0124,40.2262],[-80.0025,40.2126],[-79.9843,40.2078],[-79.9932,40.1925],[-79.988,40.1858],[-79.9828,40.1825],[-79.9679,40.1862],[-79.9618,40.1809],[-79.9561,40.1915],[-79.9394,40.1966],[-79.9212,40.1849],[-79.903,40.1831],[-79.9045,40.18],[-79.8788,40.1806],[-79.8789,40.1869],[-79.8696,40.1896],[-79.8697,40.1947],[-79.8619,40.1899],[-79.8577,40.1932],[-79.8714,40.1974],[-79.7826,40.2276],[-79.8043,40.2319],[-79.8074,40.2369],[-79.7875,40.2625],[-79.7958,40.2811],[-79.7801,40.2821],[-79.775,40.287],[-79.7875,40.2975],[-79.7996,40.2926],[-79.805,40.2955],[-79.8068,40.3022],[-79.7927,40.3084],[-79.7903,40.3138],[-79.8105,40.3202],[-79.8302,40.3123],[-79.8384,40.3143],[-79.8356,40.309],[-79.8395,40.3027],[-79.8299,40.2964],[-79.8517,40.2794],[-79.8717,40.2764],[-79.8801,40.2854],[-79.8979,40.281],[-79.9004,40.2956],[-79.8837,40.2981],[-79.8995,40.3019],[-79.8947,40.3056],[-79.9008,40.3121],[-79.8986,40.3195],[-79.9309,40.3252],[-79.964,40.345],[-79.9853,40.3334],[-79.9854,40.3295],[-79.9981,40.3382],[-80.0337,40.2877]]]},"properties":{"geoid":"42039","state":"42","district":"39","name":"State House District 39","chamber":"House"}},{"type":"Feature","geometry":{"type":"Polygon","coordinates":[[[-80.1413,40.2614],[-80.1189,40.2508],[-80.1,40.2573],[-80.063,40.2428],[-80.0185,40.2465],[-80.0186,40.2574],[-80.011,40.2587],[-80.0173,40.2651],[-80.0233,40.2623],[-80.0333,40.2764],[-80.0337,40.2877],[-79.9981,40.3382],[-80.0171,40.359],[-80.0223,40.3593],[-80.0529,40.3507],[-80.0717,40.3293],[-80.0816,40.3249],[-80.0808,40.3292],[-80.0942,40.33],[-80.0958,40.3374],[-80.1101,40.3371],[-80.1135,40.3315],[-80.1014,40.3326],[-80.1007,40.328],[-80.1158,40.3226],[-80.1173,40.3096],[-80.112,40.3026],[-80.1155,40.2992],[-80.1365,40.3021],[-80.1285,40.2956],[-80.129,40.2865],[-80.14,40.2804],[-80.1312,40.2668],[-80.1413,40.2614]]]},"properties":{"geoid":"42040","state":"42","district":"40","name":"State House District 40","chamber":"House"}},{"type":"Feature","geometry":{"type":"MultiPolygon","coordinates":[[[[-76.5339,40.0508],[-76.5298,40.0311],[-76.5122,40.0134],[-76.489,40.0207],[-76.4565,40.0207],[-76.4187,40.0373],[-76.3841,40.0413],[-76.3756,40.0401],[-76.3765,40.0352],[-76.3834,40.0358],[-76.3786,40.0218],[-76.3839,40.0205],[-76.3749,40.0125],[-76.3771,40.0066],[-76.363,40.0069],[-76.3522,40.0149],[-76.354,40.0264],[-76.3439,40.0266],[-76.3453,40.0444],[-76.3414,40.0512],[-76.3455,40.0585],[-76.3426,40.0639],[-76.3474,40.0636],[-76.3448,40.0715],[-76.3517,40.0801],[-76.3448,40.0837],[-76.3465,40.0903],[-76.3597,40.0936],[-76.367,40.1088],[-76.3559,40.1065],[-76.3471,40.1103],[-76.3585,40.1225],[-76.3745,40.128],[-76.405,40.1222],[-76.4095,40.115],[-76.4176,40.1219],[-76.4205,40.1158],[-76.4264,40.1167],[-76.4248,40.1109],[-76.4318,40.1123],[-76.4307,40.1075],[-76.438,40.113],[-76.4406,40.1076],[-76.4484,40.1112],[-76.452,40.1065],[-76.4453,40.1022],[-76.4561,40.1],[-76.4566,40.0895],[-76.464,40.0859],[-76.4596,40.0848],[-76.4615,40.08],[-76.4709,40.0766],[-76.4693,40.0732],[-76.4766,40.0732],[-76.4769,40.0667],[-76.4882,40.0647],[-76.502,40.0704],[-76.5024,40.0649],[-76.5104,40.0695],[-76.5175,40.0561],[-76.5339,40.0508]]],[[[-76.3447,40.1083],[-76.3423,40.1067],[-76.3382,40.1076],[-76.3447,40.1083]]],[[[-76.3472,40.0999],[-76.3467,40.0936],[-76.3394,40.0956],[-76.3429,40.0883],[-76.3362,40.0953],[-76.3354,40.1041],[-76.3472,40.0999]]]]},"properties":{"geoid":"42041","state":"42","district":"41","name":"State House District 41","chamber":"House"}},{"type":"Feature","geometry":{"type":"Polygon","coordinates":[[[-80.1154,40.3337],[-80.0993,40.3381],[-80.0942,40.33],[-80.0808,40.3292],[-80.0816,40.3249],[-80.0745,40.3277],[-80.0529,40.3507],[-80.0096,40.3603],[-80.0008,40.371],[-80.0067,40.3749],[-80.0017,40.3797],[-80.0051,40.3839],[-80.0126,40.3809],[-80.0138,40.3866],[-80.0287,40.3913],[-80.0355,40.4043],[-80.0419,40.3994],[-80.0549,40.401],[-80.0542,40.3929],[-80.0658,40.3932],[-80.074,40.3882],[-80.0691,40.3868],[-80.0675,40.3765],[-80.084,40.3776],[-80.0728,40.3634],[-80.0952,40.3634],[-80.099,40.3576],[-80.0877,40.3524],[-80.1101,40.3516],[-80.1076,40.3476],[-80.1154,40.3337]]]},"properties":{"geoid":"42042","state":"42","district":"42","name":"State House District 42","chamber":"House"}},{"type":"Feature","geometry":{"type":"Polygon","coordinates":[[[-76.2608,40.1812],[-76.2551,40.1711],[-76.2243,40.1599],[-76.2286,40.1537],[-76.2157,40.1424],[-76.229,40.137],[-76.2374,40.1238],[-76.2265,40.1151],[-76.2263,40.1069],[-76.2345,40.1109],[-76.2379,40.1027],[-76.2483,40.1057],[-76.2446,40.0967],[-76.2522,40.0952],[-76.2481,40.0866],[-76.136,40.0101],[-76.1227,40.0156],[-76.1176,40.0095],[-76.101,40.0097],[-76.0874,40.0197],[-76.0803,40.0143],[-76.0679,40.0196],[-76.0612,40.0173],[-76.0466,40.0532],[-76.0824,40.1759],[-76.087,40.1771],[-76.094,40.1663],[-76.1062,40.1696],[-76.1354,40.1909],[-76.1518,40.1962],[-76.1661,40.2115],[-76.2099,40.2021],[-76.2258,40.1885],[-76.2608,40.1812]]]},"properties":{"geoid":"42043","state":"42","district":"43","name":"State House District 43","chamber":"House"}},{"type":"Feature","geometry":{"type":"Polygon","coordinates":[[[-80.3608,40.4777],[-80.2347,40.3755],[-80.2189,40.3731],[-80.2113,40.3836],[-80.1895,40.396],[-80.1977,40.4047],[-80.1846,40.4064],[-80.1777,40.3996],[-80.1696,40.3989],[-80.1674,40.4182],[-80.1727,40.4355],[-80.1723,40.4583],[-80.1681,40.4625],[-80.1595,40.4604],[-80.1623,40.464],[-80.1518,40.4727],[-80.1567,40.4756],[-80.1491,40.4917],[-80.1552,40.4968],[-80.1411,40.5015],[-80.1463,40.5069],[-80.1503,40.5036],[-80.1731,40.5099],[-80.1781,40.5179],[-80.1713,40.5274],[-80.1203,40.5131],[-80.1225,40.5488],[-80.1157,40.5529],[-80.1139,40.5755],[-80.1586,40.6052],[-80.1587,40.6093],[-80.1658,40.606],[-80.1801,40.6095],[-80.1887,40.5998],[-80.1843,40.5969],[-80.1949,40.5968],[-80.2123,40.5821],[-80.2191,40.582],[-80.3608,40.4777]]]},"properties":{"geoid":"42044","state":"42","district":"44","name":"State House District 44","chamber":"House"}},{"type":"Feature","geometry":{"type":"Polygon","coordinates":[[[-80.1781,40.5179],[-80.1731,40.5099],[-80.1503,40.5036],[-80.1463,40.5069],[-80.1411,40.5015],[-80.1552,40.4968],[-80.1491,40.4917],[-80.1567,40.4756],[-80.1518,40.4727],[-80.1623,40.464],[-80.1595,40.4604],[-80.1681,40.4625],[-80.1723,40.4583],[-80.1687,40.3838],[-80.1197,40.3723],[-80.1199,40.3583],[-80.1061,40.3489],[-80.0956,40.3533],[-80.0899,40.3506],[-80.099,40.3576],[-80.0943,40.3655],[-80.0982,40.374],[-80.0921,40.3845],[-80.0997,40.3847],[-80.1002,40.3978],[-80.087,40.4033],[-80.0867,40.3987],[-80.0674,40.401],[-80.0795,40.4148],[-80.0921,40.4202],[-80.0988,40.4182],[-80.0953,40.43],[-80.0904,40.4309],[-80.0912,40.4371],[-80.0804,40.4396],[-80.0902,40.4442],[-80.0952,40.4591],[-80.0832,40.4596],[-80.0781,40.4647],[-80.0686,40.4608],[-80.0512,40.4656],[-80.0485,40.4773],[-80.0778,40.5002],[-80.11,40.5111],[-80.1713,40.5274],[-80.1781,40.5179]]]},"properties":{"geoid":"42045","state":"42","district":"45","name":"State House District 45","chamber":"House"}},{"type":"Feature","geometry":{"type":"Polygon","coordinates":[[[-80.3652,40.2576],[-80.3322,40.2382],[-80.3113,40.25],[-80.3036,40.2462],[-80.2869,40.2251],[-80.288,40.2147],[-80.2792,40.2038],[-80.2663,40.2014],[-80.2634,40.2067],[-80.2249,40.2118],[-80.2162,40.2189],[-80.2111,40.2339],[-80.2137,40.2382],[-80.203,40.2398],[-80.2005,40.2451],[-80.1787,40.2405],[-80.1682,40.2546],[-80.1485,40.2566],[-80.1397,40.2602],[-80.1376,40.2663],[-80.1321,40.2652],[-80.14,40.2804],[-80.129,40.2865],[-80.1285,40.2956],[-80.1368,40.3016],[-80.115,40.2996],[-80.112,40.3026],[-80.1182,40.3171],[-80.113,40.3244],[-80.1018,40.3264],[-80.101,40.3323],[-80.1153,40.3335],[-80.1076,40.3479],[-80.1204,40.3588],[-80.1195,40.3722],[-80.1687,40.3838],[-80.1687,40.4018],[-80.1709,40.3978],[-80.1846,40.4064],[-80.1889,40.4031],[-80.1934,40.4063],[-80.1977,40.4047],[-80.1895,40.396],[-80.2113,40.3836],[-80.2189,40.3731],[-80.2271,40.3714],[-80.2343,40.3775],[-80.2344,40.3736],[-80.2434,40.3705],[-80.2399,40.3653],[-80.2535,40.3609],[-80.2675,40.3582],[-80.2801,40.3641],[-80.3283,40.3496],[-80.3565,40.3086],[-80.3652,40.2576]]]},"properties":{"geoid":"42046","state":"42","district":"46","name":"State House District 46","chamber":"House"}},{"type":"Feature","geometry":{"type":"Polygon","coordinates":[[[-76.8477,40.0938],[-76.8407,40.0733],[-76.8447,40.0634],[-76.8263,40.0249],[-76.8069,40.0114],[-76.7857,39.9875],[-76.7611,39.981],[-76.7558,39.9894],[-76.7467,39.9926],[-76.7423,39.9862],[-76.7431,39.973],[-76.7319,39.9727],[-76.7398,39.9802],[-76.7321,39.9828],[-76.6978,39.9782],[-76.6931,39.9731],[-76.6947,39.9828],[-76.6701,39.988],[-76.664,39.9823],[-76.6216,39.98],[-76.6161,39.9734],[-76.512,40.0125],[-76.5298,40.0311],[-76.5344,40.0513],[-76.5731,40.0458],[-76.6638,40.0632],[-76.7079,40.1106],[-76.705,40.1009],[-76.7132,40.0899],[-76.7078,40.0841],[-76.7175,40.0814],[-76.7242,40.0831],[-76.7397,40.1067],[-76.7497,40.0977],[-76.7756,40.1046],[-76.7849,40.0995],[-76.7972,40.1105],[-76.7945,40.1046],[-76.8038,40.0979],[-76.8098,40.1002],[-76.8132,40.0939],[-76.818,40.0984],[-76.8328,40.0968],[-76.83,40.0894],[-76.8346,40.082],[-76.8401,40.0861],[-76.8423,40.0991],[-76.8477,40.0938]]]},"properties":{"geoid":"42047","state":"42","district":"47","name":"State House District 47","chamber":"House"}},{"type":"Feature","geometry":{"type":"Polygon","coordinates":[[[-80.5193,40.0261],[-80.5191,39.9622],[-80.5014,39.9538],[-80.4889,39.9616],[-80.4892,39.9541],[-80.4666,39.9547],[-80.47,39.9617],[-80.4591,39.9631],[-80.4615,39.9672],[-80.4536,39.9734],[-80.4483,39.9667],[-80.4442,39.976],[-80.4336,39.9774],[-80.4254,39.9719],[-80.3965,39.9779],[-80.3912,39.988],[-80.3723,39.9966],[-80.3563,39.9968],[-80.3298,40.0055],[-80.3126,40.0033],[-80.3089,40.0065],[-80.3102,40.0177],[-80.3014,40.0206],[-80.2874,40.0192],[-80.2848,40.0121],[-80.2733,40.0133],[-80.2734,40.0024],[-80.2415,40.0095],[-80.1905,40.0018],[-80.1759,40.0081],[-80.1573,39.9996],[-80.1445,40.0113],[-80.1252,40.015],[-80.1296,40.0173],[-80.1254,40.0206],[-80.1397,40.0304],[-80.1378,40.0345],[-80.1448,40.0445],[-80.1414,40.053],[-80.1467,40.0551],[-80.1436,40.0576],[-80.1614,40.0634],[-80.1718,40.0728],[-80.1556,40.1036],[-80.133,40.132],[-80.1309,40.1493],[-80.1121,40.1457],[-80.1061,40.1377],[-80.0941,40.1344],[-80.0578,40.1023],[-80.0594,40.0978],[-80.0399,40.0729],[-80.0305,40.0901],[-80.0216,40.094],[-80.0299,40.1093],[-80.0287,40.1166],[-80.0219,40.1178],[-80.0264,40.1279],[-80.0044,40.1327],[-79.9951,40.1411],[-79.9899,40.1397],[-79.9959,40.1372],[-79.9921,40.1312],[-79.9951,40.1262],[-79.9844,40.1182],[-79.9889,40.1119],[-79.9769,40.1137],[-79.9471,40.1057],[-79.9014,40.1016],[-79.9041,40.1292],[-79.9136,40.1533],[-79.9049,40.1548],[-79.902,40.1614],[-79.8933,40.165],[-79.8595,40.1631],[-79.8514,40.1722],[-79.8514,40.183],[-79.8554,40.192],[-79.8619,40.1899],[-79.8697,40.1947],[-79.8696,40.1896],[-79.8789,40.1869],[-79.8788,40.1806],[-79.9045,40.18],[-79.903,40.1831],[-79.9212,40.1849],[-79.9315,40.1944],[-79.9423,40.1968],[-79.9561,40.1915],[-79.9618,40.1809],[-79.968,40.1862],[-79.9828,40.1825],[-79.9932,40.1925],[-79.9843,40.2078],[-80.0025,40.2126],[-80.0124,40.2262],[-80.0224,40.2266],[-80.0162,40.2492],[-80.0626,40.2427],[-80.1003,40.2574],[-80.1189,40.2508],[-80.1367,40.2601],[-80.1669,40.2551],[-80.1787,40.2405],[-80.2005,40.2451],[-80.203,40.2398],[-80.214,40.238],[-80.2111,40.2339],[-80.2162,40.2189],[-80.2249,40.2118],[-80.2656,40.2052],[-80.26,40.1976],[-80.2674,40.1949],[-80.2697,40.1866],[-80.2579,40.1759],[-80.2668,40.1726],[-80.2682,40.1666],[-80.3099,40.1526],[-80.3088,40.1244],[-80.3143,40.1181],[-80.3437,40.1131],[-80.3466,40.1087],[-80.3902,40.1205],[-80.4125,40.0963],[-80.519,40.0739],[-80.5193,40.0261]]]},"properties":{"geoid":"42048","state":"42","district":"48","name":"State House District 48","chamber":"House"}},{"type":"Feature","geometry":{"type":"Polygon","coordinates":[[[-76.3672,39.9986],[-76.356,39.9851],[-76.3523,39.9871],[-76.355,39.9932],[-76.3424,39.9987],[-76.3285,39.9877],[-76.331,40.0116],[-76.3231,40.0001],[-76.316,40.0066],[-76.3079,39.996],[-76.3026,40.0064],[-76.3045,40.0215],[-76.2958,40.0153],[-76.2989,40.024],[-76.2919,40.0248],[-76.2791,40.0074],[-76.284,40.0195],[-76.275,40.0266],[-76.2581,40.0288],[-76.2581,40.0365],[-76.2695,40.0339],[-76.2637,40.0296],[-76.2676,40.0273],[-76.2744,40.0289],[-76.278,40.0484],[-76.2878,40.0446],[-76.2931,40.0477],[-76.2971,40.0389],[-76.3261,40.0385],[-76.3269,40.0503],[-76.3421,40.0531],[-76.3439,40.0266],[-76.354,40.0263],[-76.3522,40.0149],[-76.3641,40.0089],[-76.3622,39.9993],[-76.3672,39.9986]],[[-76.2876,40.0431],[-76.2877,40.0438],[-76.2854,40.0445],[-76.2876,40.0431]]]},"properties":{"geoid":"42049","state":"42","district":"49","name":"State House District 49","chamber":"House"}},{"type":"Feature","geometry":{"type":"Polygon","coordinates":[[[-80.5195,39.7443],[-80.5193,39.7214],[-79.9163,39.7208],[-79.9034,39.743],[-79.9131,39.7517],[-79.9308,39.7579],[-79.9344,39.7813],[-79.9086,39.7935],[-79.9206,39.8134],[-79.9244,39.8382],[-79.9386,39.8449],[-79.9246,39.8551],[-79.9303,39.8693],[-79.9154,39.8796],[-79.9294,39.9057],[-79.9231,39.921],[-79.9572,39.9533],[-79.9988,39.9509],[-80.0093,39.9588],[-80.0105,39.974],[-79.9914,39.9855],[-79.9957,40.0051],[-79.9882,40.0119],[-79.9694,40.0131],[-79.9546,39.9953],[-79.9467,39.9943],[-79.9345,39.9996],[-79.9248,40.0161],[-79.91,40.022],[-79.89,40.0225],[-79.88,40.0283],[-79.877,40.0368],[-79.8919,40.0482],[-79.8794,40.0644],[-79.9018,40.076],[-79.8917,40.0804],[-79.8644,40.0753],[-79.8443,40.0823],[-79.839,40.0916],[-79.8491,40.1126],[-79.8866,40.1302],[-79.9049,40.1548],[-79.9136,40.1533],[-79.9041,40.1292],[-79.9014,40.1016],[-79.9471,40.1057],[-79.9769,40.1137],[-79.9889,40.1119],[-79.9844,40.1182],[-79.9951,40.1262],[-79.9921,40.1312],[-79.9959,40.1372],[-79.9899,40.1397],[-79.9951,40.1411],[-80.0044,40.1327],[-80.0264,40.1279],[-80.0219,40.1178],[-80.0287,40.1166],[-80.0299,40.1093],[-80.0216,40.094],[-80.0305,40.0901],[-80.0399,40.0729],[-80.0594,40.0978],[-80.0578,40.1023],[-80.0941,40.1344],[-80.1061,40.1377],[-80.1121,40.1457],[-80.1309,40.1493],[-80.133,40.132],[-80.1556,40.1036],[-80.1718,40.0728],[-80.1614,40.0634],[-80.1436,40.0576],[-80.1467,40.0554],[-80.1414,40.053],[-80.1439,40.0419],[-80.1376,40.0268],[-80.1254,40.0206],[-80.1296,40.0174],[-80.1272,40.0124],[-80.1433,40.0118],[-80.1573,39.9996],[-80.1759,40.0081],[-80.1905,40.0018],[-80.2401,40.0095],[-80.2659,40.0016],[-80.2754,40.004],[-80.2733,40.0133],[-80.2848,40.0121],[-80.2874,40.0192],[-80.3014,40.0206],[-80.3102,40.0177],[-80.3089,40.0065],[-80.3126,40.0033],[-80.3298,40.0055],[-80.3563,39.9968],[-80.3723,39.9966],[-80.3912,39.988],[-80.3965,39.9779],[-80.4254,39.9719],[-80.4336,39.9774],[-80.4442,39.976],[-80.4487,39.9665],[-80.4536,39.9734],[-80.4615,39.9672],[-80.4591,39.9631],[-80.4703,39.9614],[-80.4666,39.9547],[-80.4753,39.9521],[-80.4901,39.9545],[-80.488,39.9614],[-80.5014,39.9538],[-80.519,39.9636],[-80.5195,39.7443]]]},"properties":{"geoid":"42050","state":"42","district":"50","name":"State House District 50","chamber":"House"}},{"type":"Feature","geometry":{"type":"Polygon","coordinates":[[[-79.9386,39.8455],[-79.9244,39.8382],[-79.9206,39.8134],[-79.9086,39.7935],[-79.9344,39.7813],[-79.9308,39.7579],[-79.9131,39.7517],[-79.9034,39.743],[-79.9163,39.7208],[-79.3925,39.7216],[-79.3895,39.7271],[-79.3927,39.7327],[-79.41,39.735],[-79.408,39.742],[-79.3941,39.7433],[-79.3986,39.7583],[-79.3787,39.7689],[-79.395,39.7834],[-79.3831,39.7825],[-79.3801,39.7901],[-79.3586,39.7814],[-79.3513,39.7866],[-79.3671,39.7933],[-79.3688,39.8015],[-79.364,39.8068],[-79.3691,39.8247],[-79.3821,39.8271],[-79.382,39.8369],[-79.4173,39.8545],[-79.4418,39.8242],[-79.4868,39.8226],[-79.5095,39.8331],[-79.538,39.8259],[-79.5958,39.9007],[-79.635,39.9017],[-79.634,39.9101],[-79.6232,39.9226],[-79.6258,39.9295],[-79.6309,39.9298],[-79.628,39.9356],[-79.6342,39.9446],[-79.674,39.9618],[-79.6984,39.9582],[-79.7105,39.9626],[-79.7293,39.9513],[-79.7451,39.9531],[-79.7432,39.9563],[-79.7503,39.9614],[-79.7452,39.9635],[-79.7464,39.9686],[-79.7551,39.969],[-79.7543,39.975],[-79.7658,39.9761],[-79.7658,39.9928],[-79.7779,39.9904],[-79.782,39.9986],[-79.7999,39.9877],[-79.8108,39.9653],[-79.8196,39.9606],[-79.8259,39.942],[-79.8489,39.9388],[-79.85,39.9329],[-79.8936,39.9297],[-79.9042,39.9178],[-79.9256,39.9148],[-79.9287,39.9031],[-79.9154,39.8796],[-79.9303,39.8693],[-79.9246,39.8551],[-79.9386,39.8455]]]},"properties":{"geoid":"42051","state":"42","district":"51","name":"State House District 51","chamber":"House"}},{"type":"Feature","geometry":{"type":"Polygon","coordinates":[[[-80.0107,39.9711],[-80.0093,39.9588],[-79.9962,39.9498],[-79.9703,39.9555],[-79.9521,39.9506],[-79.9249,39.9239],[-79.9256,39.9148],[-79.9191,39.9132],[-79.9042,39.9178],[-79.8936,39.9297],[-79.85,39.9329],[-79.8489,39.9388],[-79.8259,39.942],[-79.8196,39.9606],[-79.8108,39.9653],[-79.7999,39.9877],[-79.7818,39.9986],[-79.7779,39.9904],[-79.7658,39.9928],[-79.7658,39.9761],[-79.7543,39.975],[-79.7551,39.969],[-79.7464,39.9686],[-79.7452,39.9635],[-79.7503,39.9614],[-79.7432,39.9563],[-79.7451,39.9531],[-79.7293,39.9513],[-79.7105,39.9626],[-79.6984,39.9582],[-79.674,39.9618],[-79.6342,39.9446],[-79.628,39.9356],[-79.6309,39.9298],[-79.6258,39.9295],[-79.6232,39.9226],[-79.634,39.9101],[-79.635,39.9017],[-79.5958,39.9007],[-79.538,39.8259],[-79.5095,39.8331],[-79.4868,39.8226],[-79.4418,39.8242],[-79.4173,39.8545],[-79.3987,39.9006],[-79.3876,39.9157],[-79.3916,39.9195],[-79.3541,39.9581],[-79.3426,39.9821],[-79.3385,39.982],[-79.2936,40.0408],[-79.3418,40.0432],[-79.3555,40.0743],[-79.3933,40.0906],[-79.4019,40.1028],[-79.4379,40.116],[-79.4474,40.126],[-79.4475,40.1332],[-79.4615,40.1441],[-79.5044,40.1409],[-79.5274,40.123],[-79.5347,40.1284],[-79.5421,40.1119],[-79.5566,40.1128],[-79.5606,40.1052],[-79.5854,40.1021],[-79.5846,40.0978],[-79.5933,40.0909],[-79.593,40.0821],[-79.6023,40.083],[-79.6037,40.0908],[-79.622,40.0945],[-79.627,40.0884],[-79.6424,40.0836],[-79.6411,40.0883],[-79.6541,40.0893],[-79.6582,40.0971],[-79.6681,40.097],[-79.6676,40.1045],[-79.6838,40.1086],[-79.6856,40.1138],[-79.7081,40.1077],[-79.7229,40.1132],[-79.7185,40.1169],[-79.7244,40.1231],[-79.7346,40.1209],[-79.7461,40.1285],[-79.8058,40.1275],[-79.8166,40.1328],[-79.8161,40.1284],[-79.8753,40.1295],[-79.8779,40.127],[-79.8501,40.114],[-79.839,40.0906],[-79.8459,40.0812],[-79.8625,40.0757],[-79.8917,40.0804],[-79.9014,40.0767],[-79.8985,40.0713],[-79.8794,40.0644],[-79.8919,40.0482],[-79.877,40.0368],[-79.88,40.0283],[-79.89,40.0225],[-79.91,40.022],[-79.9248,40.0161],[-79.9345,39.9996],[-79.9467,39.9943],[-79.9546,39.9953],[-79.9694,40.0131],[-79.9882,40.0119],[-79.9957,40.0051],[-79.9914,39.9855],[-80.0059,39.9802],[-80.0107,39.9711]]]},"properties":{"geoid":"42052","state":"42","district":"52","name":"State House District 52","chamber":"House"}},{"type":"Feature","geometry":{"type":"Polygon","coordinates":[[[-75.3592,40.3327],[-75.34,40.3146],[-75.3339,40.3153],[-75.3434,40.3037],[-75.3177,40.2903],[-75.336,40.2731],[-75.2973,40.2497],[-75.3033,40.2434],[-75.2796,40.223],[-75.2674,40.2319],[-75.248,40.2202],[-75.249,40.2258],[-75.2401,40.2351],[-75.2438,40.2474],[-75.2284,40.2658],[-75.3532,40.3402],[-75.3592,40.3327]]]},"properties":{"geoid":"42053","state":"42","district":"53","name":"State House District 53","chamber":"House"}},{"type":"Feature","geometry":{"type":"Polygon","coordinates":[[[-75.3647,40.1171],[-75.3269,40.1052],[-75.3157,40.0746],[-75.301,40.069],[-75.29,40.0786],[-75.2974,40.0829],[-75.2604,40.122],[-75.2982,40.1432],[-75.3167,40.1248],[-75.3445,40.1418],[-75.3647,40.1171]]]},"properties":{"geoid":"42054","state":"42","district":"54","name":"State House District 54","chamber":"House"}},{"type":"Feature","geometry":{"type":"Polygon","coordinates":[[[-79.7747,40.575],[-79.7651,40.5492],[-79.7356,40.549],[-79.7016,40.5254],[-79.7048,40.4263],[-79.7172,40.4138],[-79.7277,40.413],[-79.6964,40.3975],[-79.6866,40.4028],[-79.6557,40.3994],[-79.6096,40.4057],[-79.596,40.3987],[-79.5782,40.3747],[-79.571,40.3752],[-79.5154,40.3493],[-79.4803,40.3612],[-79.458,40.3602],[-79.4402,40.368],[-79.4271,40.3801],[-79.4153,40.3751],[-79.4061,40.3581],[-79.4008,40.3727],[-79.3854,40.3791],[-79.3648,40.367],[-79.3483,40.3938],[-79.3346,40.4067],[-79.3289,40.4028],[-79.3296,40.3946],[-79.2936,40.4],[-79.2703,40.4174],[-79.274,40.4203],[-79.2694,40.4285],[-79.2732,40.4395],[-79.2838,40.4427],[-79.2894,40.4367],[-79.3013,40.4352],[-79.3017,40.4514],[-79.2976,40.4558],[-79.301,40.4612],[-79.3286,40.4526],[-79.3403,40.4706],[-79.3454,40.4672],[-79.3464,40.4535],[-79.3579,40.4523],[-79.3625,40.4625],[-79.3573,40.4752],[-79.3621,40.4787],[-79.3667,40.4763],[-79.3696,40.4566],[-79.3818,40.4527],[-79.3945,40.456],[-79.4066,40.4743],[-79.4213,40.4706],[-79.4295,40.4886],[-79.4517,40.4823],[-79.4539,40.5055],[-79.4599,40.518],[-79.4492,40.5272],[-79.4512,40.5315],[-79.4643,40.5341],[-79.4766,40.5296],[-79.4769,40.5358],[-79.4819,40.5369],[-79.4865,40.5274],[-79.4971,40.5253],[-79.5113,40.5423],[-79.5262,40.5424],[-79.5606,40.5634],[-79.5707,40.5837],[-79.5659,40.5934],[-79.6216,40.5513],[-79.6712,40.5885],[-79.6987,40.5635],[-79.7112,40.58],[-79.741,40.5796],[-79.7374,40.5823],[-79.7441,40.5836],[-79.7492,40.5989],[-79.7681,40.5895],[-79.7747,40.575]]]},"properties":{"geoid":"42055","state":"42","district":"55","name":"State House District 55","chamber":"House"}},{"type":"Feature","geometry":{"type":"Polygon","coordinates":[[[-79.782,40.3238],[-79.7708,40.3219],[-79.7689,40.3163],[-79.7617,40.3172],[-79.7567,40.3109],[-79.751,40.3111],[-79.7485,40.3191],[-79.7393,40.316],[-79.7335,40.3214],[-79.7286,40.3097],[-79.7205,40.3051],[-79.7109,40.3075],[-79.7116,40.2957],[-79.7165,40.2932],[-79.7044,40.2913],[-79.6951,40.2918],[-79.674,40.313],[-79.668,40.3119],[-79.6659,40.3311],[-79.6597,40.3365],[-79.6547,40.3324],[-79.6502,40.3346],[-79.6485,40.3266],[-79.6327,40.33],[-79.6208,40.3193],[-79.6241,40.3159],[-79.605,40.3114],[-79.6026,40.316],[-79.6075,40.3175],[-79.6036,40.3197],[-79.6114,40.3251],[-79.593,40.3303],[-79.5895,40.3397],[-79.5775,40.3465],[-79.5726,40.354],[-79.5787,40.3528],[-79.5813,40.3622],[-79.5712,40.3751],[-79.5782,40.3747],[-79.596,40.3987],[-79.6096,40.4057],[-79.6557,40.3994],[-79.6866,40.4028],[-79.6942,40.397],[-79.7104,40.4056],[-79.7298,40.4088],[-79.7325,40.3996],[-79.7446,40.3962],[-79.7511,40.3884],[-79.7605,40.3929],[-79.7646,40.3903],[-79.782,40.3238]]]},"properties":{"geoid":"42056","state":"42","district":"56","name":"State House District 56","chamber":"House"}},{"type":"Feature","geometry":{"type":"Polygon","coordinates":[[[-79.7001,40.2733],[-79.6835,40.2488],[-79.6803,40.2521],[-79.6682,40.247],[-79.6701,40.2388],[-79.6614,40.2332],[-79.6537,40.2182],[-79.6575,40.2106],[-79.6634,40.2095],[-79.6424,40.2111],[-79.6222,40.2011],[-79.6135,40.2093],[-79.6094,40.2008],[-79.6212,40.2007],[-79.5578,40.1866],[-79.553,40.2172],[-79.5432,40.2212],[-79.5501,40.2231],[-79.545,40.225],[-79.5396,40.2463],[-79.5279,40.2546],[-79.5127,40.2562],[-79.5108,40.2665],[-79.4785,40.3122],[-79.4735,40.3319],[-79.4629,40.3399],[-79.4732,40.3613],[-79.5158,40.3494],[-79.5712,40.3751],[-79.5813,40.3622],[-79.5787,40.3528],[-79.5726,40.354],[-79.5775,40.3465],[-79.5895,40.3397],[-79.593,40.3303],[-79.6114,40.3251],[-79.6019,40.3132],[-79.6193,40.3129],[-79.6301,40.3287],[-79.6485,40.3266],[-79.6502,40.3346],[-79.6547,40.3324],[-79.6597,40.3365],[-79.6659,40.3311],[-79.668,40.3119],[-79.674,40.313],[-79.6956,40.2913],[-79.7001,40.2733]]]},"properties":{"geoid":"42057","state":"42","district":"57","name":"State House District 57","chamber":"House"}},{"type":"Feature","geometry":{"type":"Polygon","coordinates":[[[-79.9049,40.1556],[-79.8877,40.1311],[-79.8779,40.127],[-79.8161,40.1284],[-79.8166,40.1328],[-79.8058,40.1275],[-79.7461,40.1285],[-79.7346,40.1209],[-79.7244,40.1231],[-79.7185,40.1169],[-79.7229,40.1132],[-79.7081,40.1077],[-79.6856,40.1138],[-79.6838,40.1086],[-79.6676,40.1045],[-79.6681,40.097],[-79.6582,40.0971],[-79.6541,40.0893],[-79.6411,40.0883],[-79.6424,40.0836],[-79.627,40.0884],[-79.622,40.0945],[-79.6037,40.0908],[-79.6023,40.083],[-79.593,40.0821],[-79.5933,40.0909],[-79.5846,40.0978],[-79.5854,40.1021],[-79.5606,40.1052],[-79.5566,40.1128],[-79.5421,40.1119],[-79.5349,40.1283],[-79.5274,40.123],[-79.503,40.1411],[-79.5188,40.1514],[-79.5165,40.1627],[-79.5073,40.1733],[-79.4942,40.179],[-79.4891,40.189],[-79.4996,40.2009],[-79.5095,40.2032],[-79.516,40.2154],[-79.5343,40.2156],[-79.5474,40.223],[-79.5432,40.2212],[-79.5528,40.2178],[-79.5578,40.1866],[-79.6212,40.2007],[-79.6094,40.2008],[-79.6135,40.2093],[-79.6222,40.2011],[-79.6424,40.2111],[-79.6634,40.2095],[-79.6575,40.2106],[-79.6537,40.2182],[-79.6614,40.2332],[-79.6701,40.2388],[-79.6682,40.247],[-79.6803,40.2521],[-79.6835,40.2488],[-79.7001,40.273],[-79.6951,40.2918],[-79.7165,40.2932],[-79.7116,40.2957],[-79.7109,40.3075],[-79.7205,40.3051],[-79.7286,40.3097],[-79.7335,40.3214],[-79.7393,40.316],[-79.7485,40.3191],[-79.751,40.3111],[-79.7567,40.3109],[-79.7617,40.3172],[-79.7689,40.3163],[-79.7708,40.3219],[-79.7809,40.3241],[-79.7886,40.2977],[-79.7752,40.2864],[-79.7958,40.2811],[-79.7875,40.2625],[-79.8074,40.236],[-79.7826,40.2276],[-79.8714,40.1974],[-79.8545,40.1913],[-79.8504,40.1773],[-79.853,40.1691],[-79.8642,40.1618],[-79.8953,40.1646],[-79.9049,40.1556]]]},"properties":{"geoid":"42058","state":"42","district":"58","name":"State House District 58","chamber":"House"}},{"type":"Feature","geometry":{"type":"Polygon","coordinates":[[[-79.5499,40.2232],[-79.5369,40.2205],[-79.5342,40.2156],[-79.516,40.2154],[-79.5095,40.2032],[-79.4996,40.2009],[-79.4894,40.1902],[-79.4942,40.179],[-79.5073,40.1733],[-79.5165,40.1627],[-79.5188,40.1514],[-79.5021,40.141],[-79.4615,40.1441],[-79.4475,40.1332],[-79.4474,40.126],[-79.4379,40.116],[-79.4019,40.1028],[-79.3933,40.0906],[-79.3555,40.0743],[-79.3414,40.043],[-79.2892,40.0415],[-79.2781,40.0505],[-79.2788,40.0555],[-79.2672,40.0659],[-79.2677,40.0743],[-79.2589,40.0798],[-79.2561,40.0883],[-79.2267,40.0982],[-79.2145,40.1175],[-79.2029,40.1149],[-79.1971,40.1187],[-79.187,40.1096],[-79.1742,40.1206],[-79.1622,40.1428],[-79.1613,40.1609],[-79.14,40.1639],[-79.1433,40.1799],[-79.1267,40.1833],[-79.1262,40.2004],[-79.1146,40.205],[-79.1141,40.2106],[-79.107,40.2143],[-79.1091,40.2183],[-79.1032,40.2179],[-79.1003,40.2223],[-79.1046,40.2245],[-79.0983,40.2273],[-79.1024,40.2322],[-79.0954,40.233],[-79.0782,40.2524],[-79.0796,40.2579],[-79.0737,40.2666],[-79.0566,40.2786],[-79.0551,40.2892],[-79.0373,40.3073],[-79.0369,40.3141],[-79.02,40.3356],[-79.0099,40.3405],[-78.9738,40.3954],[-78.9889,40.412],[-79.0278,40.4196],[-79.0342,40.4121],[-79.0284,40.4047],[-79.0589,40.3803],[-79.0699,40.3804],[-79.083,40.3896],[-79.0996,40.3689],[-79.1093,40.3733],[-79.1216,40.3706],[-79.1287,40.3851],[-79.1153,40.3894],[-79.117,40.3942],[-79.1527,40.3992],[-79.1558,40.4118],[-79.1912,40.4152],[-79.2014,40.4111],[-79.2148,40.4245],[-79.2469,40.4322],[-79.2566,40.4202],[-79.2703,40.4174],[-79.2918,40.4005],[-79.3296,40.3946],[-79.3289,40.4028],[-79.3346,40.4067],[-79.3483,40.3938],[-79.3648,40.367],[-79.3854,40.3791],[-79.4008,40.3727],[-79.4061,40.3581],[-79.4153,40.3751],[-79.4271,40.3801],[-79.4402,40.368],[-79.4577,40.3604],[-79.4732,40.3613],[-79.4637,40.3378],[-79.4735,40.3319],[-79.4785,40.3122],[-79.5108,40.2665],[-79.5127,40.2562],[-79.5353,40.2508],[-79.545,40.2249],[-79.5499,40.2232]]]},"properties":{"geoid":"42059","state":"42","district":"59","name":"State House District 59","chamber":"House"}},{"type":"Feature","geometry":{"type":"Polygon","coordinates":[[[-79.7496,40.5953],[-79.7441,40.5836],[-79.7374,40.5823],[-79.7409,40.5795],[-79.7112,40.58],[-79.6987,40.5635],[-79.6712,40.5885],[-79.6216,40.5513],[-79.5659,40.5934],[-79.5707,40.5837],[-79.5606,40.5634],[-79.5262,40.5424],[-79.5113,40.5423],[-79.4971,40.5253],[-79.4865,40.5274],[-79.4819,40.5369],[-79.4769,40.5358],[-79.4766,40.5296],[-79.4606,40.5343],[-79.4502,40.5301],[-79.3374,40.6471],[-79.3449,40.6543],[-79.3896,40.6735],[-79.4046,40.6856],[-79.4247,40.6845],[-79.422,40.7012],[-79.5036,40.7109],[-79.4972,40.7146],[-79.5017,40.7158],[-79.496,40.7332],[-79.4641,40.808],[-79.5161,40.8149],[-79.5162,40.807],[-79.5295,40.82],[-79.5312,40.833],[-79.5259,40.8452],[-79.4831,40.8647],[-79.4803,40.8719],[-79.4866,40.8888],[-79.4835,40.8931],[-79.6145,40.8941],[-79.6091,40.8833],[-79.6112,40.8569],[-79.6014,40.8057],[-79.6924,40.8064],[-79.6924,40.6729],[-79.6959,40.664],[-79.6892,40.6438],[-79.7213,40.6082],[-79.7492,40.5989],[-79.7496,40.5953]]]},"properties":{"geoid":"42060","state":"42","district":"60","name":"State House District 60","chamber":"House"}},{"type":"Feature","geometry":{"type":"Polygon","coordinates":[[[-75.3852,40.227],[-75.3695,40.2169],[-75.3558,40.2292],[-75.2932,40.1931],[-75.3084,40.178],[-75.2759,40.1583],[-75.2883,40.145],[-75.2873,40.137],[-75.2604,40.122],[-75.2273,40.1565],[-75.2316,40.1597],[-75.221,40.1681],[-75.2187,40.1654],[-75.1955,40.1882],[-75.2674,40.2319],[-75.2796,40.223],[-75.3033,40.2434],[-75.2973,40.2497],[-75.337,40.2736],[-75.3852,40.227]]]},"properties":{"geoid":"42061","state":"42","district":"61","name":"State House District 61","chamber":"House"}},{"type":"Feature","geometry":{"type":"Polygon","coordinates":[[[-79.4598,40.5182],[-79.4517,40.4823],[-79.4295,40.4886],[-79.4213,40.4706],[-79.4066,40.4743],[-79.3923,40.4548],[-79.3712,40.4551],[-79.3667,40.4763],[-79.3621,40.4787],[-79.3573,40.4752],[-79.3625,40.4625],[-79.3579,40.4523],[-79.3464,40.4535],[-79.3454,40.4672],[-79.3403,40.4706],[-79.3286,40.4526],[-79.3016,40.4614],[-79.2976,40.4558],[-79.3017,40.4514],[-79.3013,40.4352],[-79.2894,40.4367],[-79.2838,40.4427],[-79.2732,40.4395],[-79.2694,40.4285],[-79.2729,40.4184],[-79.2615,40.4175],[-79.2469,40.4322],[-79.2148,40.4245],[-79.2007,40.4109],[-79.1912,40.4152],[-79.1558,40.4118],[-79.1527,40.3992],[-79.116,40.3935],[-79.1153,40.3894],[-79.1285,40.3857],[-79.1238,40.3722],[-79.1093,40.3733],[-79.1006,40.3687],[-79.0866,40.3886],[-79.0637,40.379],[-79.042,40.3916],[-79.028,40.4053],[-79.0343,40.4098],[-79.0278,40.4196],[-78.9889,40.412],[-78.9738,40.3954],[-78.9219,40.4835],[-78.8466,40.6356],[-78.8796,40.6473],[-78.9077,40.6407],[-79.0188,40.7095],[-79.0543,40.6503],[-79.0891,40.6468],[-79.0897,40.6701],[-79.1822,40.6724],[-79.1305,40.7651],[-79.2152,40.776],[-79.4598,40.5182]]]},"properties":{"geoid":"42062","state":"42","district":"62","name":"State House District 62","chamber":"House"}},{"type":"Feature","geometry":{"type":"Polygon","coordinates":[[[-79.7001,41.1762],[-79.6893,41.1695],[-79.6887,41.1472],[-79.6924,40.8064],[-79.6014,40.8057],[-79.6112,40.8569],[-79.6091,40.8833],[-79.6145,40.8941],[-79.4835,40.8931],[-79.4866,40.8888],[-79.4803,40.8719],[-79.4831,40.8647],[-79.5259,40.8452],[-79.5312,40.833],[-79.5295,40.82],[-79.5162,40.807],[-79.5161,40.8149],[-79.4641,40.808],[-79.496,40.7332],[-79.5017,40.7158],[-79.4972,40.7146],[-79.5036,40.7109],[-79.422,40.7012],[-79.4247,40.6845],[-79.4046,40.6856],[-79.3376,40.6467],[-79.2152,40.7759],[-79.2157,40.94],[-79.2102,41.0491],[-79.2152,41.0514],[-79.2113,41.0807],[-79.2072,41.4309],[-79.4003,41.4361],[-79.4004,41.3866],[-79.4778,41.3865],[-79.4781,41.3357],[-79.5414,41.336],[-79.5415,41.321],[-79.6042,41.3215],[-79.6046,41.2771],[-79.6276,41.2772],[-79.6329,41.2536],[-79.6504,41.2537],[-79.6496,41.2179],[-79.6689,41.1991],[-79.6663,41.1971],[-79.6706,41.1932],[-79.6654,41.189],[-79.6701,41.1831],[-79.6972,41.1846],[-79.7001,41.1762]]]},"properties":{"geoid":"42063","state":"42","district":"63","name":"State House District 63","chamber":"House"}},{"type":"Feature","geometry":{"type":"Polygon","coordinates":[[[-79.9998,41.3872],[-79.9998,41.1719],[-79.695,41.1729],[-79.7006,41.1751],[-79.6972,41.1846],[-79.6701,41.1831],[-79.6654,41.189],[-79.6706,41.1932],[-79.6663,41.1971],[-79.6689,41.1991],[-79.6496,41.2179],[-79.6504,41.2537],[-79.6329,41.2536],[-79.6276,41.2772],[-79.6046,41.2771],[-79.6042,41.3215],[-79.5415,41.321],[-79.5414,41.336],[-79.4781,41.3357],[-79.4782,41.4401],[-79.5216,41.4406],[-79.522,41.4652],[-79.5123,41.4652],[-79.5121,41.6246],[-79.6131,41.6239],[-79.6126,41.7746],[-79.7714,41.7746],[-79.7696,41.7488],[-79.7458,41.7484],[-79.7462,41.736],[-79.7549,41.736],[-79.7589,41.726],[-79.792,41.7271],[-79.7914,41.7143],[-79.9079,41.7121],[-79.902,41.7075],[-79.8965,41.6241],[-79.8742,41.6239],[-79.8772,41.5742],[-79.8927,41.5741],[-79.8928,41.5622],[-79.9086,41.5622],[-79.9095,41.5501],[-79.9254,41.5502],[-79.9233,41.5376],[-79.9433,41.5378],[-79.9422,41.5253],[-79.9592,41.5254],[-79.9581,41.5135],[-79.9815,41.5129],[-79.9818,41.5002],[-79.9987,41.501],[-79.9998,41.3872]]]},"properties":{"geoid":"42064","state":"42","district":"64","name":"State House District 64","chamber":"House"}},{"type":"Feature","geometry":{"type":"Polygon","coordinates":[[[-80.269,41.7559],[-80.1681,41.752],[-80.168,41.7621],[-80.1157,41.7617],[-80.1124,41.7559],[-80.121,41.7507],[-80.1236,41.7431],[-80.1368,41.7423],[-80.1509,41.7307],[-80.1521,41.7199],[-80.1452,41.7066],[-80.1477,41.6952],[-80.1622,41.6939],[-80.1723,41.6843],[-80.1398,41.6793],[-80.1398,41.6742],[-80.1262,41.6743],[-80.1266,41.6688],[-80.0578,41.6689],[-79.9194,41.6768],[-79.9002,41.6813],[-79.902,41.7075],[-79.9079,41.7121],[-79.7914,41.7143],[-79.792,41.7271],[-79.7589,41.726],[-79.7549,41.736],[-79.7462,41.736],[-79.7458,41.7484],[-79.7696,41.7488],[-79.7714,41.7746],[-79.6126,41.7746],[-79.6131,41.6239],[-79.5121,41.6246],[-79.5123,41.4652],[-79.522,41.4652],[-79.5216,41.4406],[-79.4782,41.4401],[-79.4778,41.3865],[-79.4004,41.3866],[-79.4003,41.4361],[-79.2072,41.4309],[-79.2089,41.3319],[-79.192,41.3243],[-79.186,41.3288],[-79.1866,41.338],[-79.1802,41.3393],[-79.1753,41.3362],[-79.173,41.3253],[-79.1668,41.3307],[-79.1661,41.344],[-79.1605,41.3417],[-79.1631,41.3331],[-79.1576,41.3288],[-79.1382,41.3418],[-79.1113,41.3251],[-79.1047,41.3294],[-79.105,41.3415],[-79.0951,41.3407],[-79.0936,41.4233],[-79.0652,41.4232],[-79.0635,41.4532],[-78.9767,41.4518],[-78.9767,41.437],[-78.959,41.4371],[-78.9486,41.8305],[-78.9214,41.8309],[-78.9215,41.8409],[-78.9156,41.8409],[-78.9189,41.9981],[-79.6108,41.9988],[-79.6121,41.8503],[-80.267,41.8495],[-80.269,41.7559]]]},"properties":{"geoid":"42065","state":"42","district":"65","name":"State House District 65","chamber":"House"}},{"type":"Feature","geometry":{"type":"Polygon","coordinates":[[[-79.2157,40.94],[-79.2152,40.776],[-79.1305,40.7651],[-79.1822,40.6724],[-79.0897,40.6701],[-79.0891,40.6468],[-79.0543,40.6503],[-79.0188,40.7095],[-78.9077,40.6407],[-78.8796,40.6473],[-78.8466,40.6356],[-78.8089,40.7211],[-78.7992,40.7171],[-78.8063,40.7297],[-78.8045,41.1322],[-78.7946,41.1424],[-78.7972,41.1454],[-78.7664,41.2028],[-78.7102,41.2019],[-78.7101,41.2302],[-78.7382,41.2307],[-78.7353,41.2629],[-78.9593,41.3622],[-78.9595,41.3715],[-78.9652,41.3701],[-78.9716,41.3765],[-78.9822,41.3674],[-78.9931,41.3685],[-79.0029,41.3593],[-79.0141,41.3576],[-79.0174,41.3501],[-79.0286,41.3575],[-79.0633,41.3501],[-79.0791,41.3536],[-79.0921,41.3406],[-79.105,41.3415],[-79.1047,41.3294],[-79.1113,41.3251],[-79.1382,41.3418],[-79.1576,41.3288],[-79.1631,41.3331],[-79.1605,41.3417],[-79.1661,41.344],[-79.1668,41.3307],[-79.173,41.3253],[-79.1753,41.3362],[-79.1802,41.3393],[-79.1866,41.338],[-79.186,41.3288],[-79.192,41.3243],[-79.2089,41.3319],[-79.2113,41.0807],[-79.2152,41.0514],[-79.2102,41.0491],[-79.2157,40.94]]]},"properties":{"geoid":"42066","state":"42","district":"66","name":"State House District 66","chamber":"House"}},{"type":"Feature","geometry":{"type":"Polygon","coordinates":[[[-78.9561,41.6234],[-78.676,41.625],[-78.4838,41.6315],[-78.4829,41.6023],[-78.4205,41.6019],[-78.42,41.405],[-78.254,41.4047],[-78.2544,41.3236],[-78.2347,41.3234],[-78.2369,41.2299],[-78.0934,41.2169],[-77.9891,41.3674],[-77.9892,41.4748],[-77.5981,41.4786],[-77.61,41.9994],[-78.9189,41.9981],[-78.9156,41.8409],[-78.9215,41.8409],[-78.9214,41.8309],[-78.9486,41.8305],[-78.9561,41.6234]]]},"properties":{"geoid":"42067","state":"42","district":"67","name":"State House District 67","chamber":"House"}},{"type":"Feature","geometry":{"type":"Polygon","coordinates":[[[-77.61,41.9994],[-77.5993,41.5423],[-76.9603,41.5514],[-76.963,41.5563],[-76.9472,41.5681],[-76.9266,41.5711],[-76.9173,41.5827],[-76.8829,41.5884],[-76.8747,41.5969],[-76.4695,41.5615],[-76.4934,41.6042],[-76.4034,41.681],[-76.4235,41.7483],[-76.4326,41.7532],[-76.4407,41.7661],[-76.4411,41.7578],[-76.4531,41.7566],[-76.4559,41.779],[-76.4428,41.7858],[-76.4413,41.7774],[-76.4388,41.7806],[-76.4448,41.7939],[-76.4942,41.8095],[-76.5207,41.7955],[-76.5487,41.7945],[-76.5548,41.9092],[-76.6337,41.9069],[-76.6381,42.0007],[-77.61,41.9994]]]},"properties":{"geoid":"42068","state":"42","district":"68","name":"State House District 68","chamber":"House"}},{"type":"Feature","geometry":{"type":"Polygon","coordinates":[[[-79.4175,39.8539],[-79.382,39.8369],[-79.3821,39.8271],[-79.3691,39.8247],[-79.364,39.8068],[-79.3688,39.8015],[-79.3671,39.7933],[-79.3513,39.7866],[-79.3586,39.7814],[-79.3801,39.7901],[-79.3831,39.7825],[-79.395,39.7834],[-79.3787,39.7689],[-79.3986,39.7583],[-79.3941,39.7433],[-79.408,39.742],[-79.41,39.735],[-79.3927,39.7327],[-79.3895,39.7271],[-79.3925,39.7216],[-78.8084,39.7229],[-78.767,39.7954],[-78.7572,39.8235],[-78.7632,40.057],[-78.752,40.0749],[-78.7398,40.0696],[-78.7063,40.1448],[-78.7491,40.169],[-78.7652,40.1679],[-78.7721,40.1552],[-78.7779,40.1562],[-78.7855,40.1453],[-78.7938,40.1437],[-78.8301,40.1541],[-78.8274,40.1588],[-78.8329,40.1669],[-78.8444,40.1632],[-78.8547,40.1771],[-78.8633,40.1707],[-78.9082,40.1717],[-78.9123,40.1919],[-78.9282,40.1966],[-78.9217,40.21],[-78.9118,40.2083],[-78.898,40.2161],[-78.8962,40.221],[-78.9061,40.2233],[-78.9041,40.2279],[-78.8983,40.227],[-78.8917,40.2425],[-78.8812,40.239],[-78.8911,40.25],[-78.8962,40.2716],[-78.9248,40.2785],[-78.9271,40.2847],[-79.0561,40.2849],[-79.0577,40.2775],[-79.0737,40.2666],[-79.0863,40.2424],[-79.0959,40.2326],[-79.1024,40.2322],[-79.0983,40.2273],[-79.1046,40.2245],[-79.1003,40.2223],[-79.1032,40.2179],[-79.1091,40.2183],[-79.107,40.2143],[-79.1141,40.2106],[-79.1146,40.205],[-79.1262,40.2004],[-79.1267,40.1833],[-79.1433,40.1799],[-79.14,40.1639],[-79.1613,40.1609],[-79.1676,40.1288],[-79.1836,40.1107],[-79.1922,40.1103],[-79.1971,40.1187],[-79.2029,40.1149],[-79.2138,40.118],[-79.2209,40.1127],[-79.2267,40.0982],[-79.2474,40.0935],[-79.2646,40.0785],[-79.2672,40.066],[-79.2788,40.0555],[-79.2782,40.0503],[-79.2939,40.0404],[-79.3385,39.982],[-79.3426,39.9821],[-79.3541,39.9581],[-79.3916,39.9195],[-79.3876,39.9157],[-79.3987,39.9006],[-79.4175,39.8539]]]},"properties":{"geoid":"42069","state":"42","district":"69","name":"State House District 69","chamber":"House"}},{"type":"Feature","geometry":{"type":"Polygon","coordinates":[[[-75.49,40.2246],[-75.4587,40.2021],[-75.3761,40.1559],[-75.3898,40.1423],[-75.3767,40.129],[-75.3879,40.1179],[-75.3475,40.1095],[-75.3655,40.1164],[-75.3623,40.1192],[-75.3651,40.121],[-75.3445,40.1418],[-75.3167,40.1248],[-75.2982,40.1432],[-75.2873,40.137],[-75.2883,40.145],[-75.2759,40.1583],[-75.3084,40.178],[-75.2932,40.1931],[-75.3558,40.2292],[-75.3695,40.2169],[-75.4592,40.2651],[-75.4646,40.2612],[-75.4669,40.2678],[-75.4717,40.2623],[-75.4655,40.2602],[-75.4797,40.2496],[-75.4706,40.2446],[-75.49,40.2246]]]},"properties":{"geoid":"42070","state":"42","district":"70","name":"State House District 70","chamber":"House"}},{"type":"Feature","geometry":{"type":"Polygon","coordinates":[[[-78.9298,40.2916],[-78.9231,40.2891],[-78.9256,40.279],[-78.8962,40.2716],[-78.8911,40.25],[-78.881,40.24],[-78.8851,40.2378],[-78.8917,40.2425],[-78.8983,40.227],[-78.9041,40.2279],[-78.9061,40.2233],[-78.8962,40.221],[-78.898,40.2161],[-78.9118,40.2083],[-78.9217,40.21],[-78.9282,40.1966],[-78.9123,40.1919],[-78.9082,40.1717],[-78.8633,40.1707],[-78.8547,40.1771],[-78.8444,40.1632],[-78.8329,40.1669],[-78.8274,40.1588],[-78.8301,40.1541],[-78.7938,40.1437],[-78.7855,40.1453],[-78.7779,40.1562],[-78.7721,40.1552],[-78.7652,40.1679],[-78.7491,40.169],[-78.7063,40.1448],[-78.677,40.2112],[-78.6438,40.2591],[-78.6517,40.2815],[-78.6427,40.2831],[-78.6364,40.3055],[-78.6252,40.3143],[-78.6022,40.3536],[-78.5615,40.3697],[-78.5529,40.4348],[-78.5577,40.4416],[-78.5405,40.475],[-78.5447,40.4867],[-78.5398,40.5063],[-78.5182,40.5288],[-78.4791,40.5473],[-78.4412,40.5972],[-78.4463,40.6242],[-78.4397,40.6448],[-78.4323,40.6478],[-78.4085,40.6443],[-78.3487,40.7234],[-78.6913,40.7243],[-78.6909,40.7167],[-78.6796,40.7109],[-78.6811,40.7029],[-78.6721,40.6983],[-78.6737,40.6855],[-78.6647,40.6712],[-78.6606,40.6445],[-78.6352,40.6386],[-78.6484,40.6275],[-78.6465,40.6198],[-78.6534,40.6146],[-78.6487,40.6109],[-78.6503,40.6066],[-78.641,40.6038],[-78.6527,40.5984],[-78.6444,40.5891],[-78.6491,40.5849],[-78.6445,40.5784],[-78.6561,40.5613],[-78.668,40.5578],[-78.6786,40.5358],[-78.6785,40.5257],[-78.6854,40.5184],[-78.6843,40.5117],[-78.6734,40.5052],[-78.6747,40.4852],[-78.6843,40.4732],[-78.6974,40.4335],[-78.7104,40.425],[-78.7251,40.4284],[-78.7518,40.4228],[-78.7109,40.3241],[-78.7274,40.3186],[-78.7452,40.331],[-78.767,40.335],[-78.7752,40.3484],[-78.7865,40.3496],[-78.7824,40.3555],[-78.7861,40.3704],[-78.7988,40.3668],[-78.859,40.3124],[-78.896,40.3207],[-78.8959,40.3131],[-78.8824,40.3131],[-78.8943,40.3042],[-78.8993,40.3089],[-78.9023,40.3049],[-78.9001,40.2994],[-78.8898,40.2994],[-78.8914,40.2917],[-78.9123,40.2899],[-78.9204,40.2956],[-78.9211,40.2915],[-78.9298,40.2916]]]},"properties":{"geoid":"42071","state":"42","district":"71","name":"State House District 71","chamber":"House"}},{"type":"Feature","geometry":{"type":"Polygon","coordinates":[[[-79.0563,40.2849],[-78.9271,40.2847],[-78.9231,40.2891],[-78.9288,40.2938],[-78.9211,40.2915],[-78.9204,40.2956],[-78.9123,40.2899],[-78.8914,40.2917],[-78.8898,40.2994],[-78.9001,40.2994],[-78.9023,40.3049],[-78.8993,40.3089],[-78.8943,40.3042],[-78.8824,40.3131],[-78.8959,40.3131],[-78.896,40.3207],[-78.859,40.3124],[-78.7988,40.3668],[-78.7861,40.3704],[-78.7824,40.3555],[-78.7865,40.3496],[-78.7752,40.3484],[-78.767,40.335],[-78.7452,40.331],[-78.7274,40.3186],[-78.7109,40.3241],[-78.7518,40.4228],[-78.7251,40.4284],[-78.7104,40.425],[-78.6974,40.4335],[-78.6843,40.4732],[-78.6747,40.4852],[-78.6734,40.5052],[-78.6843,40.5117],[-78.6854,40.5184],[-78.6778,40.5275],[-78.6781,40.5366],[-78.7162,40.539],[-78.752,40.5532],[-78.764,40.5721],[-78.7741,40.5692],[-78.7906,40.578],[-78.7976,40.5777],[-78.7998,40.5447],[-78.8532,40.5646],[-78.8484,40.5749],[-78.8753,40.5754],[-78.9219,40.4835],[-78.9752,40.3919],[-79.0099,40.3405],[-79.02,40.3356],[-79.0563,40.2849]]]},"properties":{"geoid":"42072","state":"42","district":"72","name":"State House District 72","chamber":"House"}},{"type":"Feature","geometry":{"type":"Polygon","coordinates":[[[-78.8753,40.5754],[-78.8484,40.5749],[-78.8532,40.5646],[-78.7998,40.5447],[-78.7976,40.5777],[-78.7906,40.578],[-78.7741,40.5692],[-78.764,40.5721],[-78.752,40.5532],[-78.7162,40.539],[-78.6777,40.5368],[-78.668,40.5578],[-78.6561,40.5613],[-78.6445,40.5784],[-78.6491,40.5849],[-78.6444,40.5891],[-78.6527,40.5984],[-78.641,40.6038],[-78.6503,40.6066],[-78.6487,40.6109],[-78.6534,40.6146],[-78.6465,40.6198],[-78.6484,40.6275],[-78.6352,40.6386],[-78.6606,40.6445],[-78.6647,40.6712],[-78.6737,40.6855],[-78.6721,40.6983],[-78.6811,40.7029],[-78.6796,40.7109],[-78.6909,40.7167],[-78.6913,40.7243],[-78.3484,40.7234],[-78.3664,40.7361],[-78.3752,40.7557],[-78.3523,40.7686],[-78.3516,40.7756],[-78.3418,40.7825],[-78.3439,40.7906],[-78.3393,40.7981],[-78.3132,40.8091],[-78.2994,40.8246],[-78.3023,40.8341],[-78.2944,40.8379],[-78.2895,40.8491],[-78.2777,40.851],[-78.2702,40.8469],[-78.2603,40.8548],[-78.2481,40.8564],[-78.249,40.8695],[-78.2356,40.8738],[-78.2495,40.8772],[-78.2421,40.8817],[-78.2329,40.8784],[-78.221,40.889],[-78.2291,40.8997],[-78.221,40.9119],[-78.1817,40.9223],[-78.1719,40.9364],[-78.1558,40.9414],[-78.1595,40.9543],[-78.1693,40.9532],[-78.1685,40.9605],[-78.1469,40.9566],[-78.1443,40.9486],[-78.1337,40.967],[-78.1299,40.9622],[-78.1364,40.956],[-78.1306,40.9513],[-78.1339,40.9467],[-78.1215,40.9471],[-78.1203,40.9419],[-78.109,40.9505],[-78.0781,40.9564],[-78.0853,40.969],[-78.0968,40.973],[-78.0917,40.9729],[-78.0905,40.9809],[-78.0821,40.9842],[-78.0866,40.9942],[-78.0619,40.9952],[-78.0648,41.0039],[-78.0557,41.0049],[-78.0603,41.0124],[-78.0694,41.0135],[-78.0679,41.0195],[-78.0756,41.0222],[-78.0713,41.0266],[-78.0803,41.0307],[-78.0577,41.0369],[-78.0641,41.0459],[-78.0594,41.0512],[-78.0714,41.0499],[-78.0761,41.0599],[-78.0904,41.0582],[-78.0851,41.0681],[-78.0972,41.0723],[-78.0927,41.0796],[-78.1122,41.1136],[-78.1003,41.1218],[-78.0892,41.116],[-78.083,41.1263],[-78.0704,41.1219],[-78.0697,41.1313],[-78.056,41.132],[-78.0527,41.1453],[-78.0434,41.1465],[-78.0382,41.1536],[-78.061,41.1745],[-78.0934,41.2169],[-78.2239,41.2292],[-78.4853,41.244],[-78.4861,41.1479],[-78.5695,41.1486],[-78.5694,41.1372],[-78.5792,41.137],[-78.5835,41.0528],[-78.496,41.0527],[-78.4999,41.0257],[-78.4899,41.0217],[-78.4898,40.9846],[-78.4956,40.9823],[-78.4889,40.9694],[-78.4916,40.9516],[-78.5032,40.9476],[-78.4832,40.9237],[-78.4841,40.9158],[-78.5043,40.9163],[-78.5144,40.9056],[-78.5119,40.8996],[-78.5152,40.8967],[-78.5566,40.8963],[-78.5642,40.8884],[-78.5512,40.8761],[-78.5597,40.8706],[-78.5735,40.873],[-78.5865,40.8659],[-78.5923,40.8707],[-78.6158,40.8556],[-78.6089,40.8495],[-78.6174,40.8448],[-78.6238,40.8501],[-78.6347,40.8426],[-78.6221,40.8309],[-78.6471,40.8156],[-78.6753,40.831],[-78.6753,40.8278],[-78.6944,40.8292],[-78.6957,40.8206],[-78.6784,40.8131],[-78.6885,40.8132],[-78.6885,40.8078],[-78.706,40.8078],[-78.7059,40.8133],[-78.7144,40.8132],[-78.7158,40.817],[-78.7159,40.8336],[-78.7057,40.8336],[-78.7056,40.8391],[-78.6956,40.8391],[-78.6957,40.8445],[-78.7846,40.845],[-78.7793,40.8391],[-78.8064,40.8457],[-78.8063,40.7297],[-78.7992,40.7171],[-78.8089,40.721],[-78.8753,40.5754]]]},"properties":{"geoid":"42073","state":"42","district":"73","name":"State House District 73","chamber":"House"}},{"type":"Feature","geometry":{"type":"Polygon","coordinates":[[[-75.9946,39.9524],[-75.9848,39.9379],[-75.8257,39.9752],[-75.8228,39.9693],[-75.8335,39.9595],[-75.8259,39.963],[-75.8196,39.9546],[-75.8146,39.955],[-75.8129,39.9615],[-75.8055,39.9618],[-75.8023,39.9559],[-75.7932,39.9629],[-75.8008,39.9643],[-75.7977,39.9812],[-75.7498,39.9868],[-75.7501,39.9906],[-75.7155,39.997],[-75.7459,39.996],[-75.7447,40.0118],[-75.7542,40.0157],[-75.8163,40.0044],[-75.825,40.0052],[-75.8391,40.0171],[-75.8431,40.0148],[-75.8479,40.0221],[-75.835,40.0295],[-75.8264,40.0413],[-75.8392,40.0414],[-75.8441,40.0568],[-75.8336,40.0733],[-75.8505,40.1063],[-75.8493,40.1229],[-75.8604,40.1298],[-75.8545,40.1493],[-75.8732,40.1372],[-75.943,40.1093],[-75.9361,40.0786],[-75.9359,40.0375],[-75.9946,39.9524]]]},"properties":{"geoid":"42074","state":"42","district":"74","name":"State House District 74","chamber":"House"}},{"type":"Feature","geometry":{"type":"Polygon","coordinates":[[[-79.0952,41.3721],[-79.0936,41.3403],[-79.076,41.3543],[-79.0633,41.3501],[-79.0286,41.3575],[-79.0174,41.3501],[-79.013,41.3582],[-79.0029,41.3593],[-78.9931,41.3685],[-78.9822,41.3674],[-78.9698,41.3759],[-78.9652,41.3701],[-78.9595,41.3715],[-78.9593,41.3622],[-78.7353,41.2629],[-78.7382,41.2307],[-78.7101,41.2302],[-78.7102,41.2019],[-78.7664,41.2028],[-78.7972,41.1454],[-78.7946,41.1424],[-78.8045,41.1322],[-78.8064,40.8457],[-78.7793,40.8391],[-78.7846,40.845],[-78.6957,40.8445],[-78.6956,40.8391],[-78.7056,40.8391],[-78.7057,40.8336],[-78.7159,40.8336],[-78.7158,40.817],[-78.7144,40.8132],[-78.7059,40.8133],[-78.706,40.8078],[-78.6885,40.8078],[-78.6885,40.8132],[-78.6784,40.8131],[-78.6957,40.8206],[-78.6944,40.8292],[-78.6753,40.8278],[-78.6753,40.831],[-78.6471,40.8156],[-78.6221,40.8309],[-78.6347,40.8426],[-78.6238,40.8501],[-78.6174,40.8448],[-78.6089,40.8495],[-78.6158,40.8556],[-78.5923,40.8707],[-78.5865,40.8659],[-78.5735,40.873],[-78.5597,40.8706],[-78.5512,40.8761],[-78.5642,40.8884],[-78.5566,40.8963],[-78.5152,40.8967],[-78.5119,40.8996],[-78.5144,40.9056],[-78.5043,40.9163],[-78.4841,40.9159],[-78.4832,40.9237],[-78.5032,40.9476],[-78.4916,40.9516],[-78.4889,40.9694],[-78.4956,40.9823],[-78.4898,40.9846],[-78.4899,41.0217],[-78.4999,41.0257],[-78.496,41.0527],[-78.5835,41.0528],[-78.5792,41.137],[-78.5694,41.1372],[-78.5695,41.1486],[-78.4861,41.1479],[-78.4853,41.244],[-78.2368,41.2302],[-78.2347,41.3234],[-78.2544,41.3236],[-78.254,41.4047],[-78.42,41.405],[-78.4205,41.6019],[-78.4829,41.6023],[-78.4838,41.6315],[-78.676,41.625],[-78.9561,41.6233],[-78.959,41.4371],[-78.9767,41.437],[-78.9767,41.4518],[-79.0635,41.4532],[-79.0652,41.4232],[-79.0936,41.4233],[-79.0952,41.3721]]]},"properties":{"geoid":"42075","state":"42","district":"75","name":"State House District 75","chamber":"House"}},{"type":"Feature","geometry":{"type":"Polygon","coordinates":[[[-78.0933,41.217],[-78.061,41.1745],[-78.0382,41.1536],[-78.0157,41.1529],[-78.0112,41.1442],[-78.0059,41.1436],[-78.0006,41.1489],[-78.0008,41.1617],[-77.9894,41.1619],[-77.9837,41.1707],[-77.9708,41.1747],[-77.9718,41.2059],[-77.9577,41.2178],[-77.9371,41.2103],[-77.9378,41.225],[-77.9218,41.2275],[-77.9116,41.2433],[-77.8984,41.2528],[-77.8977,41.1769],[-77.79,41.1771],[-77.7896,41.1421],[-77.778,41.1466],[-77.7467,41.1063],[-77.7287,41.1115],[-77.7164,41.1051],[-77.7066,41.1139],[-77.691,41.1063],[-77.6633,41.1088],[-77.659,41.101],[-77.6298,41.0946],[-77.5953,41.0777],[-77.5913,41.0707],[-77.5687,41.0661],[-77.5617,41.0576],[-77.5802,41.0473],[-77.5086,40.9629],[-77.3399,40.9872],[-77.1442,41.0443],[-77.204,40.9927],[-77.2792,40.9097],[-77.3642,40.8469],[-77.3571,40.8445],[-77.3566,40.8073],[-77.0741,40.8683],[-77.052,40.8694],[-77.0188,40.8583],[-77.0048,40.8721],[-76.9562,40.884],[-76.9526,40.9231],[-76.9553,40.9536],[-76.8934,40.9661],[-76.89,40.9548],[-76.8859,40.9586],[-76.8773,40.9546],[-76.8822,40.9722],[-76.8676,40.9985],[-76.8651,41.0199],[-76.9778,41.0195],[-76.9805,41.0263],[-77.0155,41.0304],[-77.0574,41.0244],[-77.062,41.0356],[-77.0588,41.0382],[-77.0581,41.0856],[-77.1138,41.069],[-77.1643,41.0687],[-77.2756,41.1791],[-77.2923,41.1853],[-77.2924,41.1971],[-77.3209,41.2189],[-77.3514,41.2202],[-77.3496,41.2289],[-77.3701,41.2327],[-77.4249,41.2731],[-77.4299,41.2826],[-77.4452,41.2878],[-77.4556,41.304],[-77.4713,41.3133],[-77.4763,41.3385],[-77.4999,41.354],[-77.5267,41.3586],[-77.5374,41.3648],[-77.5498,41.3949],[-77.5752,41.4205],[-77.5847,41.4413],[-77.5973,41.4411],[-77.5981,41.4786],[-77.9892,41.4748],[-77.9891,41.3674],[-78.0933,41.217]]]},"properties":{"geoid":"42076","state":"42","district":"76","name":"State House District 76","chamber":"House"}},{"type":"Feature","geometry":{"type":"Polygon","coordinates":[[[-78.377,40.7524],[-78.363,40.7332],[-78.1318,40.743],[-77.9443,40.6916],[-77.8314,40.7411],[-77.8552,40.7718],[-77.8513,40.7782],[-77.8603,40.7845],[-77.8541,40.79],[-77.8574,40.7917],[-77.8545,40.7962],[-77.8652,40.7917],[-77.8725,40.7968],[-77.878,40.7898],[-77.8863,40.7992],[-77.8742,40.8058],[-77.883,40.8158],[-77.8517,40.8381],[-77.929,40.8951],[-77.9616,40.9001],[-77.9755,40.9158],[-77.9641,40.9236],[-78.0628,41.0048],[-78.0616,40.9953],[-78.0869,40.994],[-78.0821,40.9842],[-78.0905,40.9809],[-78.0917,40.9729],[-78.0968,40.973],[-78.0844,40.9682],[-78.0777,40.9588],[-78.08,40.9554],[-78.109,40.9505],[-78.1203,40.9419],[-78.1215,40.9471],[-78.1339,40.9467],[-78.1306,40.9513],[-78.1364,40.956],[-78.1299,40.9622],[-78.1337,40.967],[-78.1443,40.9486],[-78.1469,40.9566],[-78.1685,40.9605],[-78.1693,40.9532],[-78.1595,40.9543],[-78.1558,40.9414],[-78.1719,40.9364],[-78.1817,40.9223],[-78.221,40.9119],[-78.2291,40.8997],[-78.221,40.889],[-78.2329,40.8784],[-78.2421,40.8817],[-78.2495,40.8772],[-78.2356,40.8738],[-78.249,40.8695],[-78.2481,40.8564],[-78.2603,40.8548],[-78.2702,40.8469],[-78.2777,40.851],[-78.2898,40.8489],[-78.2905,40.8426],[-78.3023,40.8341],[-78.2994,40.8246],[-78.3132,40.8091],[-78.3393,40.7981],[-78.3439,40.7906],[-78.3418,40.7825],[-78.3516,40.7756],[-78.3523,40.7686],[-78.3654,40.7645],[-78.377,40.7524]]]},"properties":{"geoid":"42077","state":"42","district":"77","name":"State House District 77","chamber":"House"}},{"type":"Feature","geometry":{"type":"Polygon","coordinates":[[[-78.8077,39.7242],[-78.0994,39.7221],[-78.0693,39.7483],[-78.0365,39.792],[-78.0027,39.8266],[-77.9751,39.8718],[-77.9565,39.9149],[-77.9555,39.9289],[-77.9378,39.9489],[-77.9324,39.9724],[-77.9198,39.9927],[-77.9195,40.0034],[-77.8838,40.0483],[-77.8645,40.0616],[-77.9256,40.104],[-78.0785,40.1333],[-78.2363,40.2246],[-78.2573,40.2979],[-78.2888,40.2421],[-78.4343,40.3023],[-78.4479,40.2444],[-78.5057,40.2873],[-78.6189,40.3265],[-78.6364,40.3055],[-78.6427,40.2831],[-78.6517,40.2815],[-78.6438,40.2591],[-78.677,40.2112],[-78.7398,40.0696],[-78.752,40.0749],[-78.7632,40.057],[-78.7572,39.8235],[-78.767,39.7954],[-78.8077,39.7242]]]},"properties":{"geoid":"42078","state":"42","district":"78","name":"State House District 78","chamber":"House"}},{"type":"Feature","geometry":{"type":"Polygon","coordinates":[[[-78.551,40.457],[-78.4643,40.4155],[-78.4557,40.4058],[-78.4342,40.4205],[-78.439,40.4204],[-78.4406,40.4284],[-78.4374,40.4262],[-78.4221,40.4337],[-78.4208,40.4291],[-78.4022,40.4406],[-78.3544,40.4856],[-78.3595,40.4922],[-78.3523,40.5071],[-78.3143,40.5331],[-78.3056,40.5529],[-78.3494,40.5521],[-78.4478,40.5917],[-78.4855,40.5414],[-78.4976,40.5392],[-78.5304,40.5191],[-78.5398,40.5063],[-78.5447,40.4867],[-78.5405,40.475],[-78.551,40.457]]]},"properties":{"geoid":"42079","state":"42","district":"79","name":"State House District 79","chamber":"House"}},{"type":"Feature","geometry":{"type":"Polygon","coordinates":[[[-78.6186,40.3268],[-78.5057,40.2873],[-78.4479,40.2444],[-78.4343,40.3023],[-78.2888,40.2421],[-78.2464,40.318],[-78.1569,40.4364],[-78.1301,40.482],[-78.1339,40.4983],[-78.1509,40.4868],[-78.1539,40.4922],[-78.1473,40.5333],[-78.1286,40.568],[-78.1357,40.5697],[-78.1497,40.5416],[-78.1662,40.5314],[-78.1768,40.5345],[-78.1971,40.5584],[-78.1783,40.5838],[-78.1793,40.5927],[-78.1842,40.5953],[-78.1664,40.6179],[-78.1759,40.6281],[-78.1599,40.6441],[-78.1336,40.6423],[-78.0975,40.6219],[-78.0513,40.6541],[-77.9441,40.6916],[-78.1318,40.743],[-78.3606,40.7332],[-78.3484,40.7234],[-78.4085,40.6443],[-78.4325,40.6478],[-78.4421,40.6414],[-78.441,40.6316],[-78.4463,40.6242],[-78.4412,40.5972],[-78.4478,40.5917],[-78.3494,40.5521],[-78.3056,40.5529],[-78.3098,40.5386],[-78.3515,40.5081],[-78.3593,40.4936],[-78.3544,40.4856],[-78.4022,40.4406],[-78.4208,40.4291],[-78.4221,40.4337],[-78.4374,40.4262],[-78.4406,40.4284],[-78.439,40.4204],[-78.4342,40.4205],[-78.4557,40.4058],[-78.4643,40.4155],[-78.5512,40.4567],[-78.5577,40.4416],[-78.5529,40.4348],[-78.5615,40.3697],[-78.6022,40.3536],[-78.6186,40.3268]]]},"properties":{"geoid":"42080","state":"42","district":"80","name":"State House District 80","chamber":"House"}},{"type":"Feature","geometry":{"type":"Polygon","coordinates":[[[-78.2569,40.2981],[-78.2363,40.2246],[-78.0785,40.1333],[-77.9256,40.104],[-77.8645,40.0616],[-77.8838,40.0483],[-77.9195,40.0034],[-77.9215,39.9882],[-77.9324,39.9724],[-77.9378,39.9489],[-77.944,39.9406],[-77.8854,39.9464],[-77.8538,39.9034],[-77.8008,39.8474],[-77.7491,39.8502],[-77.7493,39.8561],[-77.7556,39.8582],[-77.7566,39.8703],[-77.7403,39.8867],[-77.7463,39.9032],[-77.7408,39.9084],[-77.7428,39.9191],[-77.7367,39.9233],[-77.7382,39.9292],[-77.7324,39.9366],[-77.7396,39.9439],[-77.7418,39.9489],[-77.7385,39.9497],[-77.7546,39.9598],[-77.822,39.9831],[-77.7879,40.0162],[-77.6879,39.9693],[-77.6193,40.0349],[-77.5858,40.01],[-77.538,39.9816],[-77.5039,39.9674],[-77.471,39.9443],[-77.4541,39.9724],[-77.4954,40.0051],[-77.5092,40.0249],[-77.5078,40.029],[-77.5194,40.0393],[-77.5172,40.0444],[-77.5325,40.0487],[-77.5323,40.0672],[-77.542,40.0699],[-77.5403,40.0768],[-77.5457,40.0783],[-77.541,40.0806],[-77.5469,40.0863],[-77.543,40.0897],[-77.5539,40.0959],[-77.5605,40.0943],[-77.5579,40.1031],[-77.5646,40.1217],[-77.5822,40.1343],[-77.5928,40.1352],[-77.5933,40.1423],[-77.6089,40.1536],[-77.6136,40.1702],[-77.6276,40.1887],[-77.605,40.2055],[-77.6027,40.2282],[-77.6162,40.2326],[-77.6428,40.2181],[-77.6502,40.2275],[-77.6454,40.2389],[-77.65,40.248],[-77.6451,40.2551],[-77.6528,40.2575],[-77.6677,40.252],[-77.6709,40.2586],[-77.6564,40.2704],[-77.6718,40.2899],[-77.703,40.2636],[-77.7521,40.3785],[-77.7617,40.3687],[-77.8104,40.3686],[-77.8186,40.3605],[-77.8383,40.369],[-77.8557,40.3649],[-77.8726,40.3812],[-77.8703,40.3923],[-77.8877,40.3914],[-77.8891,40.399],[-77.9138,40.3987],[-77.9081,40.414],[-77.8965,40.4175],[-77.8359,40.4842],[-77.816,40.4997],[-77.8418,40.55],[-77.8301,40.5669],[-77.7725,40.6259],[-77.7516,40.6323],[-77.7207,40.658],[-77.6871,40.6768],[-77.6823,40.6851],[-77.7038,40.6799],[-77.7084,40.6905],[-77.7005,40.6949],[-77.7009,40.7052],[-77.6766,40.7165],[-77.6813,40.7298],[-77.7105,40.7146],[-77.7187,40.7274],[-77.7685,40.7195],[-77.8249,40.7435],[-77.9466,40.6905],[-78.0413,40.6587],[-78.0975,40.6219],[-78.1326,40.6422],[-78.16,40.6441],[-78.1759,40.6281],[-78.1664,40.6179],[-78.1842,40.5953],[-78.1793,40.5927],[-78.1783,40.5838],[-78.1971,40.5584],[-78.1768,40.5345],[-78.1662,40.5314],[-78.1497,40.5416],[-78.1357,40.5697],[-78.1286,40.568],[-78.1473,40.5333],[-78.1539,40.4922],[-78.1509,40.4868],[-78.1339,40.4983],[-78.1301,40.482],[-78.1569,40.4364],[-78.2142,40.3563],[-78.2357,40.3338],[-78.2569,40.2981]]]},"properties":{"geoid":"42081","state":"42","district":"81","name":"State House District 81","chamber":"House"}},{"type":"Feature","geometry":{"type":"Polygon","coordinates":[[[-78.1122,41.1138],[-78.0927,41.0796],[-78.0972,41.0723],[-78.0851,41.0681],[-78.0904,41.0582],[-78.0761,41.0599],[-78.0714,41.0499],[-78.0596,41.0518],[-78.0641,41.0459],[-78.0574,41.0372],[-78.0803,41.0307],[-78.0713,41.0266],[-78.0756,41.0222],[-78.0679,41.0195],[-78.0694,41.0135],[-78.0603,41.0124],[-78.0556,41.0055],[-78.0604,41.0042],[-77.9641,40.9236],[-77.9755,40.9158],[-77.9616,40.9001],[-77.929,40.8951],[-77.8517,40.8381],[-77.883,40.8158],[-77.8742,40.8058],[-77.8863,40.7992],[-77.878,40.7898],[-77.8725,40.7968],[-77.8652,40.7917],[-77.8545,40.7962],[-77.8574,40.7917],[-77.8541,40.79],[-77.8603,40.7845],[-77.8513,40.7782],[-77.8552,40.7718],[-77.8314,40.7411],[-77.8249,40.7435],[-77.7685,40.7195],[-77.7187,40.7274],[-77.7105,40.7146],[-77.699,40.7207],[-77.7257,40.7848],[-77.7514,40.8232],[-77.7291,40.8338],[-77.7539,40.866],[-77.7569,40.8646],[-77.7596,40.8734],[-77.8127,40.919],[-77.7302,40.9498],[-77.7105,40.929],[-77.6376,40.9632],[-77.5591,41.0218],[-77.5802,41.0473],[-77.5617,41.0576],[-77.5677,41.0655],[-77.5913,41.0707],[-77.5953,41.0777],[-77.6298,41.0946],[-77.659,41.101],[-77.6633,41.1088],[-77.691,41.1063],[-77.7066,41.1139],[-77.7164,41.1051],[-77.7287,41.1115],[-77.7467,41.1063],[-77.778,41.1466],[-77.7896,41.1421],[-77.79,41.1771],[-77.8977,41.1769],[-77.8984,41.2528],[-77.9116,41.2433],[-77.9218,41.2275],[-77.9378,41.225],[-77.9371,41.2103],[-77.9577,41.2178],[-77.9718,41.2059],[-77.9708,41.1747],[-77.9837,41.1707],[-77.9894,41.1619],[-78.0008,41.1617],[-78.0047,41.1441],[-78.0107,41.1439],[-78.0157,41.1529],[-78.0286,41.1503],[-78.0375,41.1539],[-78.0434,41.1465],[-78.0527,41.1453],[-78.056,41.132],[-78.0697,41.1313],[-78.0704,41.1219],[-78.083,41.1263],[-78.0892,41.116],[-78.1003,41.1218],[-78.1122,41.1138]]]},"properties":{"geoid":"42082","state":"42","district":"82","name":"State House District 82","chamber":"House"}},{"type":"Feature","geometry":{"type":"Polygon","coordinates":[[[-77.1805,41.0843],[-77.1643,41.0687],[-77.1138,41.069],[-77.0581,41.0856],[-77.0588,41.0382],[-77.062,41.0356],[-77.0574,41.0244],[-77.0155,41.0304],[-76.9805,41.0263],[-76.9778,41.0195],[-76.8645,41.0198],[-76.8563,41.0483],[-76.8579,41.0721],[-76.8896,41.1006],[-76.8975,41.136],[-76.8881,41.1538],[-76.8737,41.1641],[-76.8236,41.1782],[-76.8097,41.1868],[-76.8027,41.2049],[-76.8108,41.2201],[-76.8223,41.229],[-76.8694,41.2332],[-76.9068,41.2296],[-76.9148,41.2345],[-76.9434,41.2345],[-76.9336,41.2434],[-76.9361,41.2613],[-76.9228,41.2663],[-76.9127,41.2966],[-77.0547,41.2972],[-77.0519,41.2907],[-77.0632,41.2787],[-77.0407,41.2647],[-77.0397,41.2572],[-77.0467,41.2461],[-77.0951,41.2432],[-77.0896,41.2379],[-77.0937,41.2213],[-77.1394,41.2284],[-77.1649,41.1992],[-77.1775,41.1941],[-77.1774,41.1891],[-77.0799,41.207],[-77.0858,41.1931],[-77.0666,41.1488],[-77.1805,41.0843]]]},"properties":{"geoid":"42083","state":"42","district":"83","name":"State House District 83","chamber":"House"}},{"type":"Feature","geometry":{"type":"Polygon","coordinates":[[[-77.5995,41.5372],[-77.5973,41.4411],[-77.5847,41.4413],[-77.5752,41.4205],[-77.5498,41.3949],[-77.5379,41.3653],[-77.5267,41.3586],[-77.4999,41.354],[-77.4763,41.3385],[-77.4713,41.3133],[-77.4556,41.304],[-77.4452,41.2878],[-77.4299,41.2826],[-77.4249,41.2731],[-77.3701,41.2327],[-77.3496,41.2289],[-77.3514,41.2202],[-77.3209,41.2189],[-77.2924,41.1971],[-77.2923,41.1853],[-77.2756,41.1791],[-77.1805,41.0843],[-77.0666,41.1488],[-77.0858,41.1931],[-77.0799,41.207],[-77.1774,41.1891],[-77.1775,41.1941],[-77.1649,41.1992],[-77.1394,41.2284],[-77.0937,41.2213],[-77.0896,41.2379],[-77.0951,41.2432],[-77.0467,41.2461],[-77.0397,41.2572],[-77.0407,41.2647],[-77.0632,41.2787],[-77.0519,41.2907],[-77.0547,41.2972],[-76.9127,41.2966],[-76.9228,41.2663],[-76.9361,41.2613],[-76.9336,41.2434],[-76.9434,41.2345],[-76.9148,41.2345],[-76.9068,41.2296],[-76.8694,41.2332],[-76.8384,41.2274],[-76.8243,41.2293],[-76.8108,41.2201],[-76.8027,41.2049],[-76.8097,41.1868],[-76.8293,41.1762],[-76.8702,41.1659],[-76.881,41.158],[-76.7908,41.1757],[-76.73,41.1719],[-76.6788,41.1542],[-76.5926,41.1578],[-76.4079,41.3084],[-76.3103,41.3102],[-76.2281,41.5111],[-76.2201,41.5413],[-76.8747,41.5969],[-76.8829,41.5884],[-76.9173,41.5827],[-76.9266,41.5711],[-76.9472,41.5681],[-76.963,41.5563],[-76.9603,41.5514],[-77.5993,41.5423],[-77.5995,41.5372]]]},"properties":{"geoid":"42084","state":"42","district":"84","name":"State House District 84","chamber":"House"}},{"type":"Feature","geometry":{"type":"Polygon","coordinates":[[[-77.6164,40.6377],[-77.5787,40.6016],[-77.5695,40.6133],[-77.5589,40.6101],[-77.5651,40.6054],[-77.5631,40.597],[-77.5518,40.5897],[-77.5591,40.5828],[-77.5502,40.5754],[-77.4977,40.5968],[-77.4978,40.6095],[-77.4808,40.6195],[-77.3607,40.67],[-77.3196,40.5925],[-77.181,40.6471],[-77.1747,40.633],[-77.0719,40.653],[-77.0264,40.6559],[-77.0125,40.6621],[-77.0079,40.6587],[-77.0059,40.6423],[-76.9973,40.6357],[-76.9866,40.644],[-76.9675,40.6413],[-76.9655,40.6472],[-76.9452,40.6503],[-76.9399,40.6381],[-76.9276,40.6457],[-76.9102,40.6693],[-76.8796,40.6874],[-76.8634,40.7077],[-76.8554,40.7286],[-76.8593,40.777],[-76.8498,40.8091],[-76.8128,40.8471],[-76.7988,40.8786],[-76.804,40.8849],[-76.8246,40.8907],[-76.8515,40.9128],[-76.8773,40.9546],[-76.8859,40.9586],[-76.89,40.9548],[-76.8934,40.9661],[-76.9553,40.9536],[-76.9526,40.9231],[-76.9562,40.884],[-77.0048,40.8721],[-77.0199,40.8579],[-77.052,40.8694],[-77.0741,40.8683],[-77.3566,40.8073],[-77.3553,40.7594],[-77.5496,40.674],[-77.6164,40.6377]]]},"properties":{"geoid":"42085","state":"42","district":"85","name":"State House District 85","chamber":"House"}},{"type":"Feature","geometry":{"type":"Polygon","coordinates":[[[-77.752,40.3786],[-77.703,40.2636],[-77.6718,40.2899],[-77.6564,40.2704],[-77.6709,40.2586],[-77.6677,40.252],[-77.6528,40.2575],[-77.6451,40.2551],[-77.65,40.248],[-77.6454,40.2389],[-77.6502,40.2275],[-77.6428,40.2181],[-77.6162,40.2326],[-77.6027,40.2282],[-77.6048,40.206],[-77.6147,40.1986],[-77.6054,40.1854],[-77.5594,40.218],[-77.5294,40.2227],[-77.4195,40.2908],[-77.366,40.3136],[-77.3576,40.3125],[-77.3612,40.3052],[-77.4029,40.2801],[-77.4198,40.2641],[-77.4215,40.2558],[-77.3851,40.2627],[-77.3266,40.2926],[-77.3229,40.2912],[-77.3312,40.2764],[-77.3122,40.2677],[-77.2392,40.2841],[-77.1606,40.2897],[-77.0964,40.3004],[-77.0051,40.3056],[-76.9493,40.3169],[-76.915,40.3285],[-76.9327,40.3553],[-77.0082,40.3584],[-77.0208,40.3662],[-77.0293,40.3887],[-77.0122,40.4044],[-77.0163,40.4252],[-77.0032,40.4268],[-76.9811,40.4468],[-76.9564,40.4588],[-76.9494,40.4691],[-76.9531,40.4906],[-76.9691,40.4976],[-76.9847,40.5151],[-76.9807,40.5391],[-76.993,40.5641],[-76.9863,40.5762],[-76.9574,40.5947],[-76.9513,40.626],[-76.9399,40.6381],[-76.9407,40.6462],[-76.9452,40.6503],[-76.9655,40.6472],[-76.9675,40.6413],[-76.9866,40.644],[-76.9973,40.6357],[-77.0059,40.6423],[-77.0079,40.6587],[-77.0138,40.6622],[-77.0264,40.6559],[-77.0719,40.653],[-77.1747,40.633],[-77.181,40.6471],[-77.3196,40.5925],[-77.3607,40.67],[-77.3683,40.6676],[-77.4969,40.6102],[-77.4975,40.5817],[-77.6125,40.5142],[-77.6125,40.4909],[-77.7107,40.4176],[-77.752,40.3786]]]},"properties":{"geoid":"42086","state":"42","district":"86","name":"State House District 86","chamber":"House"}},{"type":"Feature","geometry":{"type":"Polygon","coordinates":[[[-77.2134,40.1229],[-77.1774,40.0374],[-77.0318,40.1465],[-76.9916,40.1553],[-76.9769,40.1523],[-76.9712,40.1572],[-76.9807,40.1606],[-76.978,40.1648],[-76.9499,40.1658],[-76.9291,40.1613],[-76.9059,40.1657],[-76.9285,40.1851],[-76.9258,40.1886],[-76.9142,40.1828],[-76.9135,40.1889],[-76.9084,40.1904],[-76.9184,40.1982],[-76.9313,40.1976],[-76.9258,40.2028],[-76.9346,40.2062],[-76.9407,40.219],[-76.965,40.2045],[-76.9766,40.2118],[-76.9875,40.2099],[-76.9857,40.1992],[-76.9905,40.2027],[-76.997,40.2],[-76.9977,40.2075],[-77.0193,40.2014],[-77.0225,40.2091],[-77.0307,40.2087],[-77.0323,40.2132],[-77.0137,40.2192],[-77.0048,40.2375],[-77.0147,40.3047],[-77.0839,40.3012],[-77.0961,40.2784],[-77.1009,40.2621],[-77.0988,40.2534],[-77.1081,40.2327],[-77.1024,40.2225],[-77.106,40.2189],[-77.1043,40.1949],[-77.1586,40.1992],[-77.1681,40.1915],[-77.1595,40.1531],[-77.169,40.1475],[-77.1958,40.1436],[-77.191,40.1249],[-77.2134,40.1229]]]},"properties":{"geoid":"42087","state":"42","district":"87","name":"State House District 87","chamber":"House"}},{"type":"Feature","geometry":{"type":"Polygon","coordinates":[[[-77.0323,40.2132],[-77.0307,40.2087],[-77.0225,40.2091],[-77.0193,40.2014],[-76.9977,40.2075],[-76.997,40.2],[-76.9905,40.2027],[-76.9857,40.1992],[-76.9875,40.2099],[-76.9766,40.2118],[-76.965,40.2045],[-76.9407,40.219],[-76.9346,40.2062],[-76.9258,40.2028],[-76.9179,40.2104],[-76.9113,40.2048],[-76.9054,40.2173],[-76.9,40.2122],[-76.9029,40.2246],[-76.897,40.2247],[-76.8882,40.2137],[-76.8798,40.2178],[-76.8667,40.2161],[-76.8586,40.2262],[-76.8789,40.244],[-76.8927,40.2346],[-76.9094,40.2352],[-76.9071,40.2383],[-76.9182,40.2328],[-76.9423,40.2305],[-76.9445,40.2504],[-76.9769,40.3099],[-77.0147,40.3047],[-77.0048,40.2375],[-77.0137,40.2192],[-77.0323,40.2132]]]},"properties":{"geoid":"42088","state":"42","district":"88","name":"State House District 88","chamber":"House"}},{"type":"Feature","geometry":{"type":"Polygon","coordinates":[[[-77.8208,39.9841],[-77.7611,39.9628],[-77.7385,39.9497],[-77.7418,39.9489],[-77.7396,39.9439],[-77.7324,39.9366],[-77.7382,39.9292],[-77.7367,39.9233],[-77.7428,39.9191],[-77.7408,39.9084],[-77.7465,39.9014],[-77.7396,39.8891],[-77.7566,39.8703],[-77.7556,39.8582],[-77.7315,39.85],[-77.4651,39.8499],[-77.471,39.9443],[-77.5039,39.9674],[-77.538,39.9816],[-77.5858,40.01],[-77.6193,40.0349],[-77.6879,39.9693],[-77.7879,40.0162],[-77.8208,39.9841]]]},"properties":{"geoid":"42089","state":"42","district":"89","name":"State House District 89","chamber":"House"}},{"type":"Feature","geometry":{"type":"Polygon","coordinates":[[[-78.099,39.7224],[-77.4591,39.72],[-77.4651,39.8499],[-77.7315,39.85],[-77.7493,39.8561],[-77.7511,39.8481],[-77.7642,39.851],[-77.7989,39.8467],[-77.8538,39.9034],[-77.8854,39.9464],[-77.944,39.9406],[-77.9555,39.9289],[-77.9565,39.9149],[-77.9751,39.8718],[-78.0027,39.8266],[-78.0365,39.792],[-78.0693,39.7483],[-78.099,39.7224]]]},"properties":{"geoid":"42090","state":"42","district":"90","name":"State House District 90","chamber":"House"}},{"type":"Feature","geometry":{"type":"Polygon","coordinates":[[[-77.4711,39.9441],[-77.4591,39.72],[-76.9993,39.7201],[-76.9997,39.8313],[-77.0156,39.825],[-77.0265,39.8269],[-77.0315,39.8333],[-77.0386,39.8277],[-77.0534,39.8301],[-77.0655,39.8235],[-77.0747,39.8297],[-77.0799,39.8379],[-77.0659,39.8577],[-77.0737,39.859],[-77.0734,39.8679],[-77.0654,39.8722],[-77.0797,39.8756],[-77.0785,39.8807],[-77.0662,39.8868],[-77.0826,39.8929],[-77.0844,39.914],[-77.116,39.9014],[-77.1393,39.9119],[-77.1536,39.929],[-77.2092,39.9116],[-77.222,39.9024],[-77.2191,39.8988],[-77.2282,39.8902],[-77.2634,39.8732],[-77.2922,39.9162],[-77.3031,39.9169],[-77.3114,39.9263],[-77.3052,39.9309],[-77.2939,39.9269],[-77.2945,39.9325],[-77.3239,39.9338],[-77.3433,39.9491],[-77.3548,39.9428],[-77.4214,39.9813],[-77.4711,39.9441]]]},"properties":{"geoid":"42091","state":"42","district":"91","name":"State House District 91","chamber":"House"}},{"type":"Feature","geometry":{"type":"Polygon","coordinates":[[[-77.1373,40.0701],[-77.0921,40.0537],[-77.0685,40.0289],[-77.0186,40.0139],[-76.9662,39.9352],[-76.9572,39.9531],[-76.9487,39.9489],[-76.944,39.9523],[-76.9611,39.9628],[-76.9369,39.9624],[-76.9327,39.967],[-76.8899,39.949],[-76.8286,39.9435],[-76.8494,39.9735],[-76.8428,39.9772],[-76.8384,39.99],[-76.8592,40.002],[-76.8548,40.0054],[-76.8792,40.0323],[-76.8989,40.045],[-76.8812,40.0517],[-76.8822,40.0611],[-76.871,40.0659],[-76.8741,40.0713],[-76.8699,40.0722],[-76.8639,40.0642],[-76.8602,40.0707],[-76.8645,40.0848],[-76.8494,40.0844],[-76.8452,40.0988],[-76.8346,40.082],[-76.83,40.0894],[-76.8328,40.0968],[-76.818,40.0984],[-76.8132,40.0939],[-76.8098,40.1002],[-76.8038,40.0979],[-76.7945,40.1046],[-76.7972,40.1105],[-76.7849,40.0995],[-76.7756,40.1046],[-76.7497,40.0977],[-76.7397,40.1067],[-76.7242,40.0831],[-76.7184,40.0814],[-76.7084,40.083],[-76.7132,40.0905],[-76.705,40.101],[-76.7109,40.1138],[-76.7435,40.1308],[-76.7527,40.1758],[-76.8006,40.2001],[-76.8247,40.2023],[-76.8407,40.222],[-76.859,40.2263],[-76.8667,40.2161],[-76.8798,40.2178],[-76.8882,40.2137],[-76.897,40.2247],[-76.9029,40.2246],[-76.9,40.2122],[-76.906,40.2171],[-76.9113,40.2048],[-76.9184,40.2103],[-76.9317,40.1987],[-76.9184,40.1982],[-76.9086,40.1907],[-76.9142,40.1828],[-76.9258,40.1886],[-76.9285,40.1851],[-76.9059,40.1657],[-76.9291,40.1613],[-76.9499,40.1658],[-76.978,40.1648],[-76.9807,40.1606],[-76.9712,40.1572],[-76.9769,40.1523],[-76.9916,40.1553],[-77.031,40.1469],[-77.1373,40.0701]]]},"properties":{"geoid":"42092","state":"42","district":"92","name":"State House District 92","chamber":"House"}},{"type":"Feature","geometry":{"type":"Polygon","coordinates":[[[-76.7739,39.8433],[-76.76,39.8335],[-76.7641,39.821],[-76.7409,39.8029],[-76.6463,39.8242],[-76.6535,39.8077],[-76.6688,39.7957],[-76.6702,39.7773],[-76.675,39.7894],[-76.6807,39.7905],[-76.6862,39.7844],[-76.684,39.7797],[-76.6961,39.7718],[-76.6841,39.7655],[-76.6764,39.7462],[-76.6722,39.7465],[-76.6725,39.7533],[-76.6778,39.7691],[-76.6682,39.7717],[-76.6533,39.7679],[-76.6486,39.7578],[-76.6349,39.7481],[-76.6377,39.7418],[-76.6144,39.7327],[-76.6089,39.735],[-76.6077,39.7261],[-76.6128,39.7239],[-76.6094,39.7213],[-76.4045,39.7212],[-76.4124,39.7419],[-76.4062,39.7856],[-76.4323,39.7996],[-76.4426,39.7934],[-76.4539,39.8013],[-76.462,39.7955],[-76.4645,39.8013],[-76.4716,39.8016],[-76.4697,39.8055],[-76.4758,39.8075],[-76.4768,39.813],[-76.4834,39.8105],[-76.4794,39.814],[-76.4839,39.82],[-76.4875,39.8164],[-76.4991,39.8256],[-76.5181,39.826],[-76.5366,39.8461],[-76.5652,39.8507],[-76.6154,39.8711],[-76.6085,39.8831],[-76.5981,39.8889],[-76.6011,39.8941],[-76.615,39.8873],[-76.6192,39.8918],[-76.6136,39.8944],[-76.6215,39.8996],[-76.6138,39.9069],[-76.6304,39.9168],[-76.644,39.935],[-76.6492,39.9534],[-76.6603,39.9609],[-76.6821,39.9506],[-76.6868,39.9425],[-76.6895,39.9464],[-76.7487,39.9136],[-76.764,39.9158],[-76.7445,39.9035],[-76.7434,39.8957],[-76.7484,39.8923],[-76.7414,39.8876],[-76.7601,39.8865],[-76.7456,39.8693],[-76.7583,39.8659],[-76.7529,39.8622],[-76.7608,39.8489],[-76.7739,39.8433]],[[-76.6225,39.8957],[-76.6217,39.896],[-76.622,39.8954],[-76.6225,39.8957]]]},"properties":{"geoid":"42093","state":"42","district":"93","name":"State House District 93","chamber":"House"}},{"type":"Feature","geometry":{"type":"MultiPolygon","coordinates":[[[[-76.695,39.9793],[-76.6815,39.9509],[-76.6603,39.9609],[-76.6492,39.9534],[-76.6423,39.9318],[-76.6243,39.9114],[-76.6138,39.9069],[-76.6215,39.8996],[-76.6136,39.8944],[-76.6192,39.8918],[-76.615,39.8873],[-76.601,39.894],[-76.5981,39.8889],[-76.6085,39.8831],[-76.6154,39.8711],[-76.6083,39.8662],[-76.5464,39.845],[-76.5372,39.8464],[-76.5181,39.826],[-76.4991,39.8256],[-76.4875,39.8164],[-76.4839,39.82],[-76.4794,39.814],[-76.4834,39.8105],[-76.4768,39.813],[-76.4758,39.8075],[-76.4697,39.8055],[-76.4716,39.8016],[-76.4645,39.8013],[-76.462,39.7955],[-76.4539,39.8013],[-76.4426,39.7934],[-76.4323,39.7996],[-76.4062,39.7856],[-76.4124,39.7419],[-76.4045,39.7212],[-76.2398,39.7213],[-76.2422,39.7329],[-76.2675,39.7594],[-76.2774,39.7777],[-76.3157,39.81],[-76.3334,39.8177],[-76.3505,39.8377],[-76.3521,39.849],[-76.3777,39.8667],[-76.3796,39.8882],[-76.3905,39.9118],[-76.4777,39.9498],[-76.4954,39.9761],[-76.4985,39.9967],[-76.512,40.0125],[-76.6161,39.9734],[-76.6216,39.98],[-76.664,39.9823],[-76.6687,39.988],[-76.6947,39.9828],[-76.695,39.9793]]],[[[-76.6225,39.8957],[-76.622,39.8954],[-76.6217,39.896],[-76.6225,39.8957]]]]},"properties":{"geoid":"42094","state":"42","district":"94","name":"State House District 94","chamber":"House"}},{"type":"Feature","geometry":{"type":"Polygon","coordinates":[[[-76.7725,39.9585],[-76.7657,39.9469],[-76.7488,39.9523],[-76.7444,39.9474],[-76.757,39.946],[-76.7594,39.9383],[-76.7503,39.9287],[-76.7482,39.9142],[-76.6805,39.9491],[-76.6973,39.9779],[-76.7358,39.9826],[-76.7398,39.9802],[-76.7319,39.9727],[-76.7431,39.973],[-76.7423,39.9862],[-76.7467,39.9926],[-76.7558,39.9894],[-76.7611,39.981],[-76.7574,39.9779],[-76.7627,39.9771],[-76.7513,39.971],[-76.7628,39.9653],[-76.7513,39.9562],[-76.7725,39.9585]]]},"properties":{"geoid":"42095","state":"42","district":"95","name":"State House District 95","chamber":"House"}},{"type":"Feature","geometry":{"type":"MultiPolygon","coordinates":[[[[-76.367,40.1088],[-76.3597,40.0936],[-76.3467,40.0906],[-76.3448,40.0837],[-76.3517,40.0801],[-76.3448,40.0715],[-76.3472,40.0631],[-76.3425,40.0636],[-76.3455,40.0585],[-76.3421,40.0531],[-76.3269,40.0503],[-76.3261,40.0385],[-76.2971,40.0389],[-76.2931,40.0477],[-76.2876,40.0447],[-76.2781,40.0497],[-76.2641,40.0459],[-76.2632,40.0396],[-76.2587,40.0411],[-76.2608,40.0447],[-76.254,40.0438],[-76.2617,40.0455],[-76.2553,40.0469],[-76.2544,40.0531],[-76.2649,40.0538],[-76.2881,40.0672],[-76.2848,40.0758],[-76.2714,40.0845],[-76.2811,40.0913],[-76.2845,40.1074],[-76.2842,40.1231],[-76.2795,40.1286],[-76.3633,40.1272],[-76.3668,40.1243],[-76.3585,40.1224],[-76.3471,40.1103],[-76.3559,40.1065],[-76.367,40.1088]],[[-76.3472,40.0999],[-76.3354,40.1041],[-76.3362,40.0953],[-76.3429,40.0883],[-76.3394,40.0956],[-76.3467,40.0936],[-76.3472,40.0999]],[[-76.3447,40.1083],[-76.3382,40.1076],[-76.3423,40.1067],[-76.3447,40.1083]],[[-76.2676,40.0473],[-76.2646,40.0501],[-76.2618,40.0486],[-76.2676,40.0473]]],[[[-76.2877,40.0438],[-76.2867,40.0432],[-76.2854,40.0445],[-76.2877,40.0438]]]]},"properties":{"geoid":"42096","state":"42","district":"96","name":"State House District 96","chamber":"House"}},{"type":"Feature","geometry":{"type":"MultiPolygon","coordinates":[[[[-76.5124,40.0129],[-76.4985,39.9967],[-76.4954,39.9761],[-76.4777,39.9498],[-76.4049,39.9152],[-76.3917,39.9128],[-76.3798,39.8879],[-76.3634,39.8868],[-76.3562,39.8892],[-76.3592,39.8938],[-76.3561,39.8982],[-76.3356,39.8965],[-76.3284,39.9037],[-76.3306,39.91],[-76.3163,39.9133],[-76.329,39.9261],[-76.3185,39.9417],[-76.3124,39.9404],[-76.3106,39.9349],[-76.3102,39.9419],[-76.3053,39.9364],[-76.2999,39.9399],[-76.2941,39.9296],[-76.2891,39.9293],[-76.2882,39.9342],[-76.2723,39.9335],[-76.2701,39.9376],[-76.2621,39.9337],[-76.2587,39.943],[-76.2453,39.9517],[-76.2507,39.9552],[-76.2399,39.9577],[-76.2395,39.9636],[-76.2295,39.9629],[-76.224,39.9726],[-76.2258,39.9792],[-76.2136,39.9817],[-76.2185,39.9897],[-76.2124,39.9881],[-76.2121,39.9945],[-76.2041,39.9915],[-76.1991,40.0009],[-76.1876,39.9995],[-76.1866,40.006],[-76.1819,40.0004],[-76.1789,40.005],[-76.1693,40.0028],[-76.1706,40.0099],[-76.1646,40.0072],[-76.1595,40.011],[-76.1548,40.0047],[-76.1464,40.0118],[-76.136,40.0101],[-76.2481,40.0866],[-76.2522,40.0952],[-76.2446,40.0967],[-76.2483,40.1057],[-76.2379,40.1027],[-76.2345,40.1109],[-76.2266,40.1067],[-76.2265,40.1151],[-76.2795,40.1286],[-76.2842,40.1231],[-76.2845,40.1074],[-76.2811,40.0913],[-76.2714,40.0845],[-76.2848,40.0758],[-76.2881,40.0672],[-76.2649,40.0538],[-76.2541,40.0528],[-76.2553,40.0469],[-76.2617,40.0455],[-76.254,40.0438],[-76.2608,40.0447],[-76.2587,40.0411],[-76.2632,40.0396],[-76.2641,40.0459],[-76.2781,40.0497],[-76.2744,40.0289],[-76.2637,40.0296],[-76.2695,40.0339],[-76.2613,40.037],[-76.2581,40.0288],[-76.2798,40.0241],[-76.2784,40.0206],[-76.284,40.0195],[-76.2791,40.0074],[-76.2904,40.0193],[-76.288,40.0225],[-76.2989,40.024],[-76.2944,40.0171],[-76.305,40.0209],[-76.3026,40.0064],[-76.3079,39.996],[-76.316,40.0066],[-76.3231,40.0001],[-76.3304,40.0119],[-76.327,39.9889],[-76.3424,39.9987],[-76.355,39.9932],[-76.3523,39.9871],[-76.356,39.9851],[-76.3672,39.9986],[-76.3622,39.9993],[-76.363,40.0069],[-76.3771,40.0066],[-76.3749,40.0125],[-76.3822,40.0159],[-76.3839,40.0205],[-76.3786,40.0218],[-76.3834,40.0358],[-76.3765,40.0352],[-76.3756,40.0401],[-76.3855,40.0413],[-76.4187,40.0373],[-76.4565,40.0207],[-76.489,40.0207],[-76.5124,40.0129]]],[[[-76.2675,40.0473],[-76.2618,40.0486],[-76.2646,40.0501],[-76.2675,40.0473]]],[[[-76.2832,40.1295],[-76.2828,40.1285],[-76.2807,40.1289],[-76.2832,40.1295]]]]},"properties":{"geoid":"42097","state":"42","district":"97","name":"State House District 97","chamber":"House"}},{"type":"Feature","geometry":{"type":"Polygon","coordinates":[[[-76.7216,40.1201],[-76.6932,40.0988],[-76.6638,40.0632],[-76.5712,40.0457],[-76.518,40.0557],[-76.5151,40.0638],[-76.5218,40.0775],[-76.5115,40.0743],[-76.513,40.0772],[-76.503,40.0804],[-76.5052,40.0899],[-76.4967,40.0918],[-76.5015,40.0967],[-76.4935,40.0994],[-76.4901,40.1081],[-76.4587,40.108],[-76.4756,40.1138],[-76.484,40.1094],[-76.5024,40.1175],[-76.4992,40.1189],[-76.5013,40.1306],[-76.496,40.1318],[-76.5052,40.1345],[-76.5056,40.141],[-76.4972,40.1459],[-76.4995,40.1576],[-76.5161,40.1578],[-76.5171,40.1693],[-76.5218,40.1707],[-76.5058,40.2063],[-76.4884,40.212],[-76.4703,40.2112],[-76.464,40.2172],[-76.4693,40.2274],[-76.4663,40.2284],[-76.4694,40.2437],[-76.4637,40.2442],[-76.4706,40.2491],[-76.4849,40.3301],[-76.5551,40.3212],[-76.5574,40.3163],[-76.5486,40.31],[-76.5551,40.2955],[-76.6048,40.2874],[-76.5664,40.196],[-76.5807,40.1947],[-76.586,40.1895],[-76.6081,40.1894],[-76.6384,40.1667],[-76.6662,40.1632],[-76.6772,40.1489],[-76.6832,40.1518],[-76.6901,40.1481],[-76.691,40.1567],[-76.6974,40.1566],[-76.6993,40.1453],[-76.7099,40.1376],[-76.7066,40.1351],[-76.7159,40.1315],[-76.7216,40.1201]]]},"properties":{"geoid":"42098","state":"42","district":"98","name":"State House District 98","chamber":"House"}},{"type":"Feature","geometry":{"type":"Polygon","coordinates":[[[-76.2167,40.2485],[-76.2005,40.2388],[-76.2009,40.2306],[-76.1854,40.22],[-76.1836,40.2074],[-76.1661,40.2115],[-76.1518,40.1962],[-76.1354,40.1909],[-76.1062,40.1696],[-76.094,40.1663],[-76.087,40.1771],[-76.0811,40.1746],[-76.0466,40.0532],[-76.0374,40.0703],[-76.0163,40.0758],[-76.014,40.0831],[-76.0051,40.0793],[-75.9988,40.0638],[-75.9977,40.0541],[-76.0031,40.0516],[-75.9367,40.0364],[-75.9361,40.0786],[-75.943,40.1093],[-75.8734,40.1371],[-75.9434,40.1827],[-75.9198,40.2028],[-75.9343,40.2447],[-75.9891,40.2533],[-75.9941,40.2633],[-75.9829,40.2668],[-75.9833,40.2715],[-75.9765,40.2737],[-75.967,40.2873],[-75.9689,40.2979],[-75.9785,40.2957],[-75.9752,40.3057],[-75.9844,40.3095],[-75.9818,40.313],[-76.0123,40.2963],[-76.0193,40.3095],[-76.033,40.3145],[-76.0372,40.3241],[-76.0459,40.3092],[-76.0551,40.3073],[-76.0768,40.2853],[-76.0918,40.2777],[-76.1512,40.316],[-76.2113,40.2927],[-76.2093,40.2618],[-76.2158,40.2577],[-76.2167,40.2485]]]},"properties":{"geoid":"42099","state":"42","district":"99","name":"State House District 99","chamber":"House"}},{"type":"Feature","geometry":{"type":"Polygon","coordinates":[[[-76.3817,39.8791],[-76.3773,39.8662],[-76.3521,39.849],[-76.3505,39.8377],[-76.3383,39.8221],[-76.3157,39.81],[-76.2774,39.7777],[-76.2675,39.7594],[-76.2422,39.7329],[-76.2398,39.7213],[-76.1355,39.7211],[-76.134,39.7272],[-76.1191,39.7235],[-76.1204,39.7358],[-76.1139,39.7372],[-76.1084,39.7346],[-76.1109,39.7279],[-76.102,39.7241],[-76.0925,39.7338],[-76.102,39.7395],[-76.1003,39.7457],[-76.094,39.7427],[-76.0868,39.7458],[-76.0819,39.7614],[-76.0667,39.76],[-76.0625,39.7648],[-76.0646,39.7712],[-76.0414,39.7966],[-76.0498,39.8027],[-76.039,39.8012],[-76.0352,39.8118],[-76.0296,39.8127],[-76.0376,39.8269],[-76.027,39.8242],[-76.0228,39.8308],[-76.0165,39.8313],[-76.0222,39.8508],[-76.0076,39.8523],[-76.0024,39.8744],[-75.9915,39.8687],[-75.9868,39.8736],[-75.9924,39.8822],[-75.9867,39.8929],[-75.995,39.8985],[-75.9974,39.9281],[-75.9817,39.9295],[-75.981,39.9335],[-75.9946,39.9526],[-75.9367,40.0364],[-76.0031,40.0516],[-75.9977,40.0541],[-75.9988,40.0638],[-76.0051,40.0793],[-76.014,40.0831],[-76.0159,40.0761],[-76.0374,40.0703],[-76.0457,40.0591],[-76.0616,40.017],[-76.0679,40.0196],[-76.0803,40.0143],[-76.0874,40.0197],[-76.101,40.0097],[-76.1176,40.0095],[-76.1226,40.0156],[-76.1269,40.0113],[-76.1311,40.0149],[-76.1413,40.0081],[-76.1462,40.0118],[-76.1519,40.0096],[-76.1544,40.0048],[-76.1607,40.011],[-76.1646,40.0072],[-76.171,40.0097],[-76.1693,40.0028],[-76.1789,40.005],[-76.1819,40.0004],[-76.1866,40.006],[-76.188,39.9993],[-76.1989,40.0009],[-76.2041,39.9915],[-76.2117,39.9947],[-76.2124,39.9881],[-76.2183,39.99],[-76.2136,39.9817],[-76.2258,39.9792],[-76.224,39.9726],[-76.2295,39.9629],[-76.2395,39.9636],[-76.2399,39.9577],[-76.2507,39.9552],[-76.2453,39.9517],[-76.2587,39.943],[-76.2619,39.9338],[-76.2701,39.9376],[-76.2723,39.9335],[-76.2882,39.9342],[-76.2891,39.9293],[-76.2941,39.9296],[-76.2999,39.9399],[-76.3053,39.9364],[-76.3102,39.9419],[-76.3106,39.9349],[-76.3124,39.9404],[-76.3185,39.9417],[-76.329,39.9261],[-76.3163,39.9133],[-76.3306,39.91],[-76.3284,39.9037],[-76.3356,39.8965],[-76.3556,39.8984],[-76.3592,39.8938],[-76.3568,39.8887],[-76.3798,39.8879],[-76.3817,39.8791]]]},"properties":{"geoid":"42100","state":"42","district":"100","name":"State House District 100","chamber":"House"}},{"type":"Feature","geometry":{"type":"Polygon","coordinates":[[[-76.4935,40.3765],[-76.4887,40.3458],[-76.4611,40.3396],[-76.475,40.331],[-76.4858,40.3337],[-76.4706,40.2491],[-76.4637,40.2442],[-76.4694,40.2437],[-76.4663,40.2284],[-76.4354,40.2382],[-76.3365,40.2513],[-76.3532,40.3894],[-76.4935,40.3765]]]},"properties":{"geoid":"42101","state":"42","district":"101","name":"State House District 101","chamber":"House"}},{"type":"Feature","geometry":{"type":"Polygon","coordinates":[[[-76.678,40.4747],[-76.6048,40.2874],[-76.5551,40.2955],[-76.5486,40.31],[-76.5574,40.3163],[-76.5551,40.3212],[-76.5256,40.3275],[-76.5237,40.3228],[-76.5088,40.329],[-76.5015,40.3261],[-76.4828,40.3342],[-76.475,40.331],[-76.4611,40.3396],[-76.4887,40.3458],[-76.4935,40.3765],[-76.4033,40.3866],[-76.3532,40.3894],[-76.3365,40.2513],[-76.3076,40.2551],[-76.1512,40.316],[-76.2055,40.3607],[-76.2319,40.3663],[-76.5354,40.5552],[-76.678,40.4747]]]},"properties":{"geoid":"42102","state":"42","district":"102","name":"State House District 102","chamber":"House"}},{"type":"Feature","geometry":{"type":"Polygon","coordinates":[[[-76.9742,40.3103],[-76.9445,40.2504],[-76.9423,40.2305],[-76.9182,40.2328],[-76.9071,40.2383],[-76.9094,40.2352],[-76.8927,40.2346],[-76.862,40.2518],[-76.8623,40.2555],[-76.8787,40.2581],[-76.8688,40.2631],[-76.871,40.2678],[-76.8579,40.2711],[-76.8611,40.2778],[-76.867,40.2762],[-76.8694,40.2811],[-76.8812,40.2831],[-76.8781,40.3086],[-76.8811,40.321],[-76.8889,40.3262],[-76.8952,40.3258],[-76.8935,40.2998],[-76.9216,40.3027],[-76.9119,40.3222],[-76.9142,40.3288],[-76.9742,40.3103]]]},"properties":{"geoid":"42103","state":"42","district":"103","name":"State House District 103","chamber":"House"}},{"type":"Feature","geometry":{"type":"Polygon","coordinates":[[[-76.8787,40.2581],[-76.8623,40.2555],[-76.862,40.2518],[-76.8787,40.2439],[-76.8729,40.2373],[-76.8594,40.2265],[-76.8385,40.2209],[-76.8247,40.2023],[-76.8006,40.2001],[-76.7564,40.1771],[-76.7331,40.185],[-76.7451,40.1876],[-76.7416,40.1966],[-76.7359,40.1979],[-76.7413,40.2046],[-76.7361,40.2102],[-76.7965,40.2133],[-76.8018,40.2175],[-76.7871,40.2413],[-76.7716,40.2523],[-76.737,40.2512],[-76.7257,40.2618],[-76.728,40.2663],[-76.7372,40.2634],[-76.7394,40.2704],[-76.7786,40.2758],[-76.8214,40.2669],[-76.8501,40.2732],[-76.871,40.2678],[-76.8688,40.2631],[-76.8787,40.2581]]]},"properties":{"geoid":"42104","state":"42","district":"104","name":"State House District 104","chamber":"House"}},{"type":"Feature","geometry":{"type":"Polygon","coordinates":[[[-76.9215,40.3028],[-76.8935,40.2998],[-76.8952,40.3258],[-76.8889,40.3262],[-76.8811,40.321],[-76.8781,40.3086],[-76.8812,40.2831],[-76.8694,40.2811],[-76.867,40.2762],[-76.8611,40.2778],[-76.8579,40.271],[-76.8424,40.273],[-76.8356,40.2672],[-76.8033,40.2688],[-76.7786,40.2758],[-76.7476,40.2723],[-76.7486,40.2821],[-76.7437,40.2812],[-76.7465,40.2857],[-76.7412,40.2858],[-76.7507,40.2909],[-76.7564,40.3008],[-76.7757,40.2939],[-76.7808,40.3033],[-76.8054,40.3068],[-76.7968,40.3163],[-76.8058,40.3411],[-76.8477,40.332],[-76.8549,40.3482],[-76.8876,40.3386],[-76.8967,40.348],[-76.8997,40.344],[-76.9102,40.3457],[-76.9212,40.3364],[-76.9118,40.3226],[-76.9215,40.3028]]]},"properties":{"geoid":"42105","state":"42","district":"105","name":"State House District 105","chamber":"House"}},{"type":"Feature","geometry":{"type":"Polygon","coordinates":[[[-76.8017,40.2177],[-76.7965,40.2133],[-76.7361,40.2102],[-76.7413,40.2046],[-76.7359,40.1979],[-76.7416,40.1966],[-76.7451,40.1876],[-76.7331,40.185],[-76.7564,40.1771],[-76.7497,40.1702],[-76.744,40.1316],[-76.7216,40.1201],[-76.7159,40.1315],[-76.7066,40.1351],[-76.7099,40.1376],[-76.6993,40.1453],[-76.6974,40.1566],[-76.691,40.1567],[-76.6901,40.1481],[-76.6832,40.1518],[-76.6772,40.1489],[-76.6662,40.1632],[-76.6384,40.1667],[-76.6081,40.1894],[-76.586,40.1895],[-76.5807,40.1947],[-76.5664,40.196],[-76.5694,40.1955],[-76.678,40.4747],[-76.7493,40.4442],[-76.6942,40.3164],[-76.7505,40.3079],[-76.7412,40.2859],[-76.7465,40.2857],[-76.7437,40.2812],[-76.7486,40.2821],[-76.747,40.2702],[-76.7391,40.2703],[-76.7372,40.2634],[-76.728,40.2663],[-76.7257,40.2618],[-76.737,40.2512],[-76.7716,40.2523],[-76.7871,40.2413],[-76.8017,40.2177]]]},"properties":{"geoid":"42106","state":"42","district":"106","name":"State House District 106","chamber":"House"}},{"type":"Feature","geometry":{"type":"Polygon","coordinates":[[[-76.9491,40.6282],[-76.937,40.6128],[-76.9187,40.6035],[-76.9207,40.61],[-76.8908,40.6101],[-76.8868,40.6177],[-76.8723,40.6164],[-76.8644,40.6276],[-76.8401,40.6254],[-76.8274,40.6339],[-76.8111,40.6338],[-76.8095,40.6427],[-76.8034,40.6472],[-76.7904,40.6408],[-76.7562,40.6481],[-76.7452,40.6546],[-76.724,40.6531],[-76.7162,40.659],[-76.7016,40.6581],[-76.4402,40.496],[-76.4159,40.496],[-76.3382,40.5155],[-76.2401,40.5205],[-76.2985,40.6224],[-76.2821,40.6289],[-76.3295,40.6927],[-76.3004,40.7153],[-76.3534,40.7308],[-76.3768,40.7536],[-76.3823,40.7448],[-76.3944,40.7531],[-76.4449,40.7502],[-76.4536,40.7446],[-76.4695,40.7432],[-76.3803,40.7754],[-76.4115,40.8335],[-76.5016,40.8248],[-76.5081,40.8466],[-76.498,40.8541],[-76.5099,40.8707],[-76.5038,40.8785],[-76.5066,40.8829],[-76.5713,40.8791],[-76.6425,40.8839],[-76.6427,40.8757],[-76.6502,40.876],[-76.6533,40.8653],[-76.6972,40.8608],[-76.6961,40.7855],[-76.7501,40.7763],[-76.7616,40.8171],[-76.7731,40.8176],[-76.7884,40.8278],[-76.797,40.8224],[-76.7889,40.819],[-76.7982,40.8136],[-76.8311,40.8095],[-76.8471,40.8126],[-76.8586,40.7818],[-76.8552,40.7311],[-76.8612,40.7116],[-76.8796,40.6874],[-76.9102,40.6693],[-76.9276,40.6457],[-76.9491,40.6282]]]},"properties":{"geoid":"42107","state":"42","district":"107","name":"State House District 107","chamber":"House"}},{"type":"Feature","geometry":{"type":"Polygon","coordinates":[[[-76.8979,41.1334],[-76.8896,41.1006],[-76.86,41.0757],[-76.857,41.0666],[-76.8563,41.0483],[-76.868,40.9967],[-76.8824,40.9714],[-76.8762,40.9511],[-76.8515,40.9128],[-76.8246,40.8907],[-76.804,40.8849],[-76.7987,40.8784],[-76.8128,40.8471],[-76.8471,40.8126],[-76.8311,40.8095],[-76.7982,40.8136],[-76.7889,40.819],[-76.797,40.8224],[-76.7884,40.8278],[-76.7731,40.8176],[-76.7616,40.8171],[-76.7501,40.7763],[-76.6961,40.7855],[-76.6972,40.8608],[-76.6533,40.8653],[-76.6502,40.876],[-76.6427,40.8757],[-76.6425,40.8839],[-76.5713,40.8791],[-76.528,40.8825],[-76.5247,40.9152],[-76.5282,40.9191],[-76.5201,40.9266],[-76.5294,40.9401],[-76.5124,40.9461],[-76.5149,40.9588],[-76.5652,40.9998],[-76.5623,41.0342],[-76.5699,41.0538],[-76.619,41.0638],[-76.6154,41.0795],[-76.6206,41.0853],[-76.6408,41.1557],[-76.6788,41.1542],[-76.73,41.1719],[-76.7908,41.1757],[-76.8842,41.1573],[-76.8979,41.1334]]]},"properties":{"geoid":"42108","state":"42","district":"108","name":"State House District 108","chamber":"House"}},{"type":"Feature","geometry":{"type":"Polygon","coordinates":[[[-76.6408,41.1557],[-76.6206,41.0853],[-76.6154,41.0795],[-76.619,41.0638],[-76.5699,41.0538],[-76.5623,41.0342],[-76.5652,40.9998],[-76.5149,40.9589],[-76.5124,40.9461],[-76.5294,40.9401],[-76.5201,40.9266],[-76.5282,40.9191],[-76.5247,40.9152],[-76.528,40.8826],[-76.5041,40.8808],[-76.5099,40.8707],[-76.498,40.8541],[-76.5081,40.8466],[-76.5016,40.8248],[-76.4115,40.8335],[-76.3803,40.7754],[-76.3072,40.8018],[-76.2846,40.8836],[-76.2078,40.9497],[-76.2314,41.0507],[-76.2281,41.0519],[-76.229,41.1385],[-76.2774,41.1318],[-76.3192,41.2081],[-76.3103,41.3102],[-76.4079,41.3084],[-76.5926,41.1578],[-76.6408,41.1557]]]},"properties":{"geoid":"42109","state":"42","district":"109","name":"State House District 109","chamber":"House"}},{"type":"Feature","geometry":{"type":"Polygon","coordinates":[[[-76.6381,42.0007],[-76.6337,41.9069],[-76.5548,41.9092],[-76.5487,41.7945],[-76.5207,41.7955],[-76.4942,41.8095],[-76.4553,41.7997],[-76.4448,41.7939],[-76.4388,41.782],[-76.4413,41.7774],[-76.4428,41.7858],[-76.4559,41.779],[-76.4531,41.7566],[-76.4411,41.7578],[-76.4407,41.7661],[-76.4326,41.7532],[-76.4235,41.7482],[-76.4034,41.681],[-76.4934,41.6042],[-76.4695,41.5615],[-76.2201,41.5413],[-76.2281,41.5111],[-76.2828,41.3772],[-76.0051,41.3846],[-75.8393,41.4246],[-75.7716,41.5058],[-75.8032,41.5242],[-75.7693,41.5685],[-75.7743,41.574],[-75.7286,41.6356],[-75.7188,41.6361],[-75.7199,41.6423],[-76.1142,41.6434],[-76.1455,41.9988],[-76.6381,42.0007]]]},"properties":{"geoid":"42110","state":"42","district":"110","name":"State House District 110","chamber":"House"}},{"type":"Feature","geometry":{"type":"Polygon","coordinates":[[[-76.1455,41.9988],[-76.1142,41.6434],[-75.4624,41.6416],[-75.4573,41.5465],[-75.3888,41.551],[-75.3349,41.5375],[-75.3362,41.5582],[-75.2738,41.5614],[-75.2214,41.5163],[-75.1869,41.5317],[-75.122,41.535],[-75.0696,41.6019],[-75.0745,41.6081],[-75.0597,41.6104],[-75.0597,41.6176],[-75.0443,41.6176],[-75.0495,41.6603],[-75.0595,41.6723],[-75.0513,41.68],[-75.0526,41.6881],[-75.069,41.7093],[-75.0497,41.7134],[-75.0548,41.7349],[-75.053,41.7521],[-75.0612,41.7648],[-75.0746,41.7713],[-75.0946,41.7684],[-75.1047,41.7741],[-75.1017,41.7875],[-75.0929,41.7965],[-75.0757,41.7996],[-75.0722,41.8141],[-75.0899,41.8117],[-75.113,41.8226],[-75.1166,41.8454],[-75.131,41.8453],[-75.1406,41.8522],[-75.1629,41.8506],[-75.1725,41.8723],[-75.1854,41.8601],[-75.2046,41.8699],[-75.215,41.8673],[-75.2245,41.8576],[-75.2411,41.8673],[-75.2583,41.8623],[-75.2643,41.8695],[-75.2575,41.8761],[-75.2596,41.8823],[-75.2717,41.8884],[-75.273,41.8966],[-75.2673,41.9061],[-75.2766,41.9222],[-75.2788,41.9387],[-75.2895,41.9432],[-75.2933,41.9543],[-75.3011,41.9534],[-75.3013,41.9481],[-75.3109,41.9491],[-75.328,41.9679],[-75.3416,41.9722],[-75.3375,41.9868],[-75.3455,41.995],[-75.3596,41.9996],[-76.1455,41.9988]]]},"properties":{"geoid":"42111","state":"42","district":"111","name":"State House District 111","chamber":"House"}},{"type":"Feature","geometry":{"type":"Polygon","coordinates":[[[-75.6515,41.4178],[-75.6181,41.4012],[-75.6251,41.3927],[-75.5822,41.3941],[-75.5432,41.4276],[-75.5243,41.4154],[-75.5284,41.4118],[-75.5275,41.3966],[-75.5243,41.3901],[-75.5161,41.3943],[-75.5152,41.3806],[-75.4939,41.3813],[-75.4932,41.3883],[-75.4482,41.3877],[-75.4624,41.6416],[-75.5313,41.6417],[-75.5704,41.5446],[-75.5853,41.5234],[-75.6321,41.4874],[-75.6045,41.4673],[-75.6142,41.4637],[-75.6255,41.4505],[-75.6364,41.4497],[-75.6223,41.4427],[-75.6515,41.4178]]]},"properties":{"geoid":"42112","state":"42","district":"112","name":"State House District 112","chamber":"House"}},{"type":"Feature","geometry":{"type":"Polygon","coordinates":[[[-75.7072,41.3832],[-75.6914,41.3715],[-75.6892,41.3756],[-75.6682,41.3691],[-75.6832,41.3389],[-75.6886,41.3394],[-75.6878,41.3178],[-75.695,41.3176],[-75.6941,41.3041],[-75.6908,41.3043],[-75.6897,41.2878],[-75.6793,41.288],[-75.6793,41.2649],[-75.6527,41.2583],[-75.6492,41.1872],[-75.6368,41.1714],[-75.616,41.1726],[-75.6117,41.1642],[-75.6008,41.1615],[-75.5963,41.1658],[-75.5983,41.1724],[-75.5767,41.1779],[-75.5697,41.1987],[-75.5547,41.2076],[-75.5439,41.2236],[-75.5294,41.2266],[-75.5167,41.2193],[-75.4961,41.2429],[-75.4775,41.2471],[-75.4705,41.2433],[-75.4557,41.2545],[-75.4513,41.2523],[-75.4404,41.2581],[-75.4482,41.3877],[-75.4932,41.3883],[-75.4939,41.3813],[-75.5152,41.3806],[-75.5161,41.3943],[-75.5243,41.3901],[-75.5275,41.3966],[-75.5284,41.4118],[-75.5243,41.4154],[-75.5432,41.4276],[-75.5822,41.3941],[-75.6251,41.3927],[-75.6181,41.4012],[-75.6497,41.4168],[-75.6645,41.4142],[-75.6797,41.4203],[-75.6846,41.4146],[-75.6942,41.4193],[-75.7005,41.4101],[-75.6937,41.4067],[-75.7017,41.4024],[-75.6781,41.3937],[-75.7072,41.3832]]]},"properties":{"geoid":"42113","state":"42","district":"113","name":"State House District 113","chamber":"House"}},{"type":"Feature","geometry":{"type":"Polygon","coordinates":[[[-75.7743,41.574],[-75.7694,41.5683],[-75.7549,41.5698],[-75.7357,41.5606],[-75.7417,41.5532],[-75.7377,41.5467],[-75.7286,41.5423],[-75.7251,41.5481],[-75.7106,41.5373],[-75.7217,41.5265],[-75.7096,41.5206],[-75.7201,41.509],[-75.7174,41.5013],[-75.7452,41.4904],[-75.6862,41.4581],[-75.72,41.4192],[-75.7005,41.4101],[-75.6942,41.4193],[-75.6846,41.4146],[-75.6797,41.4203],[-75.6645,41.4142],[-75.6506,41.416],[-75.6403,41.4304],[-75.6223,41.4427],[-75.6364,41.4497],[-75.6255,41.4505],[-75.6142,41.4637],[-75.6045,41.4673],[-75.6321,41.4874],[-75.5853,41.5234],[-75.5704,41.5446],[-75.5313,41.6417],[-75.7199,41.6423],[-75.7188,41.6361],[-75.7286,41.6356],[-75.7743,41.574]]]},"properties":{"geoid":"42114","state":"42","district":"114","name":"State House District 114","chamber":"House"}},{"type":"Feature","geometry":{"type":"Polygon","coordinates":[[[-75.5986,41.1631],[-75.3785,41.1116],[-75.3937,41.0752],[-75.2845,40.9995],[-75.2751,41.0069],[-75.2496,40.9738],[-75.2081,40.9878],[-75.2329,41.0031],[-75.2185,41.0096],[-75.2049,41.009],[-75.2087,41.0382],[-75.2204,41.0506],[-75.2147,41.0618],[-75.2255,41.0708],[-75.2235,41.0734],[-75.1284,41.0508],[-75.1154,41.0609],[-75.1144,41.0725],[-75.1031,41.082],[-75.1048,41.0887],[-75.0827,41.1417],[-75.1565,41.1503],[-75.1297,41.2521],[-75.5083,41.2329],[-75.5167,41.2193],[-75.5294,41.2266],[-75.544,41.2235],[-75.5547,41.2076],[-75.5697,41.1987],[-75.5767,41.1779],[-75.5983,41.1724],[-75.5986,41.1631]]]},"properties":{"geoid":"42115","state":"42","district":"115","name":"State House District 115","chamber":"House"}},{"type":"Feature","geometry":{"type":"Polygon","coordinates":[[[-76.3055,40.8079],[-76.3072,40.8018],[-76.1795,40.8477],[-76.1736,40.8276],[-76.2163,40.821],[-76.2106,40.8027],[-76.1995,40.8046],[-76.1918,40.7898],[-76.1849,40.7914],[-76.1805,40.7807],[-76.105,40.8012],[-76.1072,40.8072],[-76.0973,40.8088],[-76.08,40.8233],[-76.1074,40.8572],[-76.0981,40.8624],[-76.0966,40.8589],[-76.0357,40.8718],[-76.0272,40.8613],[-76.0011,40.8635],[-75.9766,40.8682],[-75.9579,40.8787],[-75.9976,40.9133],[-75.888,40.9523],[-75.9047,41.0113],[-75.9352,41.0107],[-75.9348,40.9989],[-75.9621,41.0049],[-76.0117,40.9946],[-76.022,40.9882],[-76.0161,40.9818],[-76.0381,40.9781],[-76.0367,40.9731],[-76.1185,40.9599],[-76.108,40.9232],[-76.2078,40.9497],[-76.2846,40.8836],[-76.3055,40.8079]]]},"properties":{"geoid":"42116","state":"42","district":"116","name":"State House District 116","chamber":"House"}},{"type":"Feature","geometry":{"type":"Polygon","coordinates":[[[-76.3202,41.2158],[-76.2774,41.1318],[-76.229,41.1385],[-76.2281,41.0519],[-76.2314,41.0507],[-76.2078,40.9497],[-76.108,40.9232],[-76.1185,40.9599],[-76.0367,40.9731],[-76.0381,40.9781],[-76.0161,40.9818],[-76.022,40.9882],[-76.0117,40.9946],[-75.9621,41.0049],[-75.9348,40.9989],[-75.9352,41.0107],[-75.9047,41.0113],[-75.888,40.9523],[-75.848,40.9664],[-75.8485,40.9722],[-75.8192,40.9826],[-75.8012,40.9834],[-75.7322,41.0081],[-75.7386,41.017],[-75.7401,41.0298],[-75.7577,41.0316],[-75.7704,41.0503],[-75.772,41.0768],[-75.7656,41.0847],[-75.7683,41.1051],[-75.7524,41.1204],[-75.7562,41.1243],[-75.769,41.1213],[-75.7703,41.1511],[-75.8121,41.1515],[-75.8125,41.1414],[-75.8358,41.1418],[-75.8366,41.1249],[-75.8556,41.1252],[-75.8553,41.119],[-75.9278,41.0885],[-75.9564,41.1102],[-75.9775,41.1472],[-75.9637,41.1524],[-75.9734,41.1684],[-76.0085,41.1652],[-76.0393,41.153],[-76.0439,41.1597],[-76.0906,41.1485],[-76.1081,41.1776],[-76.0399,41.2123],[-76.0769,41.2502],[-75.9711,41.3087],[-75.977,41.3157],[-75.9728,41.3181],[-75.9753,41.3218],[-75.9695,41.3168],[-75.963,41.3242],[-75.9578,41.3228],[-75.9602,41.3253],[-75.954,41.3304],[-75.9478,41.3287],[-75.9659,41.3414],[-75.9748,41.3363],[-75.9742,41.3407],[-75.9843,41.3458],[-75.9845,41.3409],[-75.9956,41.334],[-76.0083,41.3472],[-76.0254,41.3838],[-76.2828,41.3772],[-76.3108,41.3089],[-76.3202,41.2158]]]},"properties":{"geoid":"42117","state":"42","district":"117","name":"State House District 117","chamber":"House"}},{"type":"Feature","geometry":{"type":"Polygon","coordinates":[[[-75.8418,41.2979],[-75.7345,41.2549],[-75.6526,41.2583],[-75.6793,41.2649],[-75.6793,41.288],[-75.6897,41.2878],[-75.6908,41.3043],[-75.6941,41.3041],[-75.695,41.3176],[-75.6878,41.3178],[-75.6886,41.3394],[-75.6832,41.3389],[-75.6682,41.3691],[-75.6892,41.3756],[-75.6914,41.3715],[-75.7072,41.3832],[-75.6781,41.3937],[-75.7017,41.4024],[-75.6937,41.4067],[-75.72,41.4192],[-75.6862,41.4581],[-75.7454,41.4875],[-75.7448,41.4923],[-75.7174,41.5013],[-75.7201,41.509],[-75.7096,41.5206],[-75.7217,41.5265],[-75.7106,41.5373],[-75.7251,41.5481],[-75.7286,41.5423],[-75.7349,41.5443],[-75.7417,41.5532],[-75.7357,41.5606],[-75.7549,41.5698],[-75.7694,41.5683],[-75.8032,41.5242],[-75.7716,41.5058],[-75.8345,41.427],[-75.8301,41.3944],[-75.7953,41.3782],[-75.8074,41.3582],[-75.7941,41.3374],[-75.8051,41.3377],[-75.8102,41.3248],[-75.8042,41.319],[-75.8418,41.2979]]]},"properties":{"geoid":"42118","state":"42","district":"118","name":"State House District 118","chamber":"House"}},{"type":"Feature","geometry":{"type":"Polygon","coordinates":[[[-76.1081,41.1776],[-76.0906,41.1485],[-76.0439,41.1597],[-76.0393,41.153],[-76.0085,41.1652],[-75.9734,41.1684],[-75.9637,41.1524],[-75.9775,41.1472],[-75.9564,41.1102],[-75.9278,41.0885],[-75.8553,41.119],[-75.8556,41.1252],[-75.8366,41.1249],[-75.8358,41.1418],[-75.8125,41.1414],[-75.8121,41.1515],[-75.8485,41.1518],[-75.8504,41.1975],[-75.9291,41.2415],[-75.9132,41.2497],[-75.8927,41.2517],[-75.9061,41.2652],[-75.9003,41.2675],[-75.9064,41.2739],[-75.9098,41.2772],[-75.9135,41.2728],[-75.9284,41.2881],[-76.0092,41.2434],[-76.0268,41.2598],[-76.045,41.2628],[-76.0471,41.2668],[-76.0769,41.2502],[-76.0399,41.2123],[-76.1081,41.1776]]]},"properties":{"geoid":"42119","state":"42","district":"119","name":"State House District 119","chamber":"House"}},{"type":"Feature","geometry":{"type":"Polygon","coordinates":[[[-76.0471,41.2668],[-76.045,41.2628],[-76.0268,41.2598],[-76.0092,41.2434],[-75.9284,41.2881],[-75.9135,41.2728],[-75.9098,41.2772],[-75.9003,41.2675],[-75.9061,41.2652],[-75.8866,41.2508],[-75.8654,41.2686],[-75.8685,41.2846],[-75.8042,41.319],[-75.8102,41.3248],[-75.8051,41.3377],[-75.7941,41.3374],[-75.8074,41.3582],[-75.7953,41.3782],[-75.8301,41.3944],[-75.8345,41.427],[-76.0051,41.3846],[-76.0254,41.3838],[-76.0083,41.3472],[-75.9956,41.334],[-75.9845,41.3409],[-75.9843,41.3458],[-75.9742,41.3407],[-75.9748,41.3363],[-75.9659,41.3414],[-75.9478,41.3287],[-75.954,41.3304],[-75.9602,41.3253],[-75.9578,41.3228],[-75.963,41.3242],[-75.9695,41.3168],[-75.9753,41.3218],[-75.9728,41.3181],[-75.977,41.3157],[-75.9711,41.3087],[-76.0471,41.2668]]]},"properties":{"geoid":"42120","state":"42","district":"120","name":"State House District 120","chamber":"House"}},{"type":"Feature","geometry":{"type":"Polygon","coordinates":[[[-75.9289,41.2415],[-75.8504,41.1975],[-75.8485,41.1518],[-75.7703,41.1511],[-75.769,41.1213],[-75.7562,41.1243],[-75.7524,41.1204],[-75.7683,41.1051],[-75.7668,41.0936],[-75.7614,41.0917],[-75.7536,41.0961],[-75.7536,41.1034],[-75.7331,41.1029],[-75.7167,41.1181],[-75.7083,41.1159],[-75.7096,41.1221],[-75.6931,41.131],[-75.6664,41.1336],[-75.6569,41.1241],[-75.6567,41.116],[-75.6486,41.1254],[-75.6346,41.123],[-75.6251,41.1309],[-75.6282,41.1372],[-75.6153,41.1439],[-75.6156,41.1507],[-75.6033,41.1519],[-75.6008,41.16],[-75.6117,41.1642],[-75.616,41.1726],[-75.6318,41.1697],[-75.644,41.177],[-75.6492,41.1872],[-75.6526,41.2583],[-75.7345,41.2549],[-75.8418,41.2979],[-75.8699,41.2834],[-75.8654,41.2686],[-75.8781,41.2556],[-75.9019,41.2479],[-75.9132,41.2497],[-75.9289,41.2415]]]},"properties":{"geoid":"42121","state":"42","district":"121","name":"State House District 121","chamber":"House"}},{"type":"Feature","geometry":{"type":"Polygon","coordinates":[[[-75.9976,40.9133],[-75.886,40.8163],[-75.7578,40.7354],[-75.6881,40.7721],[-75.6026,40.788],[-75.5775,40.7994],[-75.5415,40.8068],[-75.4742,40.8147],[-75.4936,40.8464],[-75.5746,40.9513],[-75.4961,40.9874],[-75.5619,41.0495],[-75.5698,41.0501],[-75.5689,41.0566],[-75.5769,41.068],[-75.6056,41.085],[-75.6041,41.0934],[-75.6136,41.0948],[-75.6204,41.1093],[-75.625,41.1114],[-75.6297,41.107],[-75.6362,41.113],[-75.6459,41.1129],[-75.6493,41.1223],[-75.6567,41.116],[-75.6569,41.1241],[-75.6675,41.134],[-75.6969,41.1297],[-75.7034,41.1221],[-75.7096,41.122],[-75.7083,41.1159],[-75.7167,41.1181],[-75.733,41.1029],[-75.7522,41.1039],[-75.7553,41.0943],[-75.7674,41.093],[-75.7656,41.0845],[-75.772,41.0767],[-75.7703,41.0502],[-75.7577,41.0316],[-75.7401,41.0298],[-75.7386,41.017],[-75.7322,41.0081],[-75.8012,40.9834],[-75.8192,40.9826],[-75.8485,40.9722],[-75.848,40.9664],[-75.9976,40.9133]]]},"properties":{"geoid":"42122","state":"42","district":"122","name":"State House District 122","chamber":"House"}},{"type":"Feature","geometry":{"type":"Polygon","coordinates":[[[-76.4695,40.7432],[-76.4536,40.7446],[-76.4449,40.7502],[-76.3944,40.7531],[-76.3823,40.7448],[-76.3768,40.7536],[-76.3534,40.7308],[-76.3004,40.7153],[-76.3295,40.6927],[-76.2821,40.6289],[-76.2985,40.6224],[-76.2401,40.5205],[-76.2181,40.529],[-76.1716,40.5349],[-76.1554,40.545],[-76.2006,40.607],[-76.1552,40.6263],[-76.1335,40.6253],[-76.1371,40.6306],[-76.1277,40.6333],[-76.111,40.6287],[-76.1051,40.6406],[-76.1081,40.6446],[-76.1171,40.6426],[-76.1245,40.6616],[-76.1139,40.6602],[-76.1252,40.6858],[-76.0579,40.6988],[-76.0828,40.7714],[-76.2197,40.7686],[-76.2239,40.7721],[-76.1809,40.7816],[-76.1849,40.7914],[-76.1918,40.7898],[-76.1995,40.8046],[-76.2106,40.8027],[-76.2163,40.821],[-76.1736,40.8276],[-76.1795,40.8477],[-76.4695,40.7432]]]},"properties":{"geoid":"42123","state":"42","district":"123","name":"State House District 123","chamber":"House"}},{"type":"Feature","geometry":{"type":"Polygon","coordinates":[[[-76.2239,40.7721],[-76.2197,40.7686],[-76.0828,40.7714],[-76.0579,40.6988],[-76.1252,40.6858],[-76.1139,40.6602],[-76.1245,40.6616],[-76.1171,40.6426],[-76.1081,40.6446],[-76.1051,40.6406],[-76.111,40.6287],[-76.1277,40.6333],[-76.1371,40.6306],[-76.1335,40.6253],[-76.1552,40.6263],[-76.2006,40.607],[-76.1554,40.545],[-76.1716,40.5349],[-76.2036,40.5305],[-76.2087,40.507],[-76.2003,40.4814],[-76.2211,40.4772],[-76.2097,40.4562],[-76.1972,40.4683],[-76.1175,40.4692],[-76.1179,40.473],[-76.1064,40.4742],[-76.1066,40.4779],[-76.0656,40.4846],[-76.0482,40.4993],[-76.0015,40.5153],[-75.9965,40.524],[-75.9839,40.5309],[-75.8776,40.5384],[-75.8783,40.5286],[-75.8608,40.5232],[-75.8588,40.5322],[-75.8473,40.533],[-75.8449,40.5391],[-75.8256,40.536],[-75.8113,40.5191],[-75.8184,40.5131],[-75.7689,40.4814],[-75.7558,40.4861],[-75.7512,40.4786],[-75.7597,40.4756],[-75.7506,40.4698],[-75.6927,40.5264],[-75.6816,40.5284],[-75.6749,40.539],[-75.8915,40.6773],[-75.8078,40.7075],[-75.7777,40.7295],[-75.7578,40.7354],[-75.886,40.8163],[-75.9579,40.8787],[-75.9766,40.8682],[-76.0011,40.8635],[-76.0272,40.8613],[-76.0357,40.8718],[-76.0966,40.8589],[-76.0981,40.8624],[-76.1074,40.8572],[-76.08,40.8233],[-76.0973,40.8088],[-76.1072,40.8072],[-76.105,40.8012],[-76.2239,40.7721]]]},"properties":{"geoid":"42124","state":"42","district":"124","name":"State House District 124","chamber":"House"}},{"type":"Feature","geometry":{"type":"Polygon","coordinates":[[[-77.0293,40.3891],[-77.0208,40.3662],[-77.0092,40.3589],[-76.9368,40.3573],[-76.9212,40.3364],[-76.9093,40.3462],[-76.8997,40.344],[-76.8967,40.348],[-76.8876,40.3386],[-76.8549,40.3482],[-76.8477,40.332],[-76.8058,40.3411],[-76.7968,40.3163],[-76.8054,40.3068],[-76.7808,40.3033],[-76.7757,40.2939],[-76.7564,40.3008],[-76.7503,40.2905],[-76.7419,40.2866],[-76.7505,40.3079],[-76.6942,40.3164],[-76.7493,40.4442],[-76.6831,40.4718],[-76.5354,40.5552],[-76.7016,40.6581],[-76.7162,40.659],[-76.724,40.6531],[-76.7452,40.6546],[-76.7562,40.6481],[-76.7904,40.6408],[-76.8034,40.6472],[-76.8095,40.6427],[-76.8111,40.6338],[-76.8274,40.6339],[-76.8401,40.6254],[-76.8644,40.6276],[-76.8723,40.6164],[-76.8868,40.6177],[-76.8908,40.6101],[-76.9207,40.61],[-76.9187,40.6035],[-76.937,40.6128],[-76.9491,40.6282],[-76.9574,40.5947],[-76.9863,40.5762],[-76.993,40.5641],[-76.9807,40.5391],[-76.9847,40.5151],[-76.9691,40.4976],[-76.9531,40.4906],[-76.9494,40.4691],[-76.9564,40.4588],[-76.9811,40.4468],[-77.0032,40.4268],[-77.0163,40.4252],[-77.0122,40.4044],[-77.0293,40.3891]]]},"properties":{"geoid":"42125","state":"42","district":"125","name":"State House District 125","chamber":"House"}},{"type":"Feature","geometry":{"type":"Polygon","coordinates":[[[-75.9751,40.4045],[-75.9649,40.4015],[-75.9724,40.3931],[-75.9514,40.3818],[-75.9562,40.3726],[-75.9535,40.3684],[-75.9328,40.3676],[-75.9337,40.3535],[-75.9213,40.3533],[-75.9222,40.3494],[-75.9139,40.3487],[-75.914,40.3443],[-75.9045,40.3457],[-75.9064,40.3295],[-75.8996,40.3283],[-75.8998,40.3229],[-75.9106,40.3231],[-75.8958,40.309],[-75.8901,40.2955],[-75.8677,40.2888],[-75.8633,40.2979],[-75.8782,40.3038],[-75.8492,40.325],[-75.8461,40.3437],[-75.8576,40.3523],[-75.8443,40.3582],[-75.8534,40.3635],[-75.8641,40.3611],[-75.8986,40.3669],[-75.8842,40.4266],[-75.8886,40.4295],[-75.9456,40.4099],[-75.9622,40.408],[-75.9697,40.4117],[-75.9751,40.4045]]]},"properties":{"geoid":"42126","state":"42","district":"126","name":"State House District 126","chamber":"House"}},{"type":"Feature","geometry":{"type":"Polygon","coordinates":[[[-75.9785,40.2959],[-75.9689,40.2979],[-75.9654,40.2857],[-75.9295,40.3088],[-75.9141,40.2964],[-75.9227,40.3067],[-75.9217,40.3214],[-75.8998,40.3229],[-75.8996,40.3283],[-75.9064,40.3295],[-75.9045,40.3457],[-75.914,40.3443],[-75.9139,40.3487],[-75.9222,40.3494],[-75.9245,40.3438],[-75.9296,40.3438],[-75.9298,40.3353],[-75.9377,40.3354],[-75.9467,40.3269],[-75.9566,40.327],[-75.9603,40.3113],[-75.9698,40.3142],[-75.9785,40.2959]],[[-75.931,40.3142],[-75.9262,40.3133],[-75.929,40.3121],[-75.931,40.3142]]]},"properties":{"geoid":"42127","state":"42","district":"127","name":"State House District 127","chamber":"House"}},{"type":"Feature","geometry":{"type":"MultiPolygon","coordinates":[[[[-75.9942,40.2625],[-75.9855,40.2521],[-75.9343,40.2447],[-75.9198,40.2028],[-75.9434,40.1827],[-75.8734,40.1371],[-75.6959,40.2424],[-75.6388,40.3128],[-75.6738,40.3358],[-75.6954,40.3107],[-75.7849,40.3274],[-75.7994,40.3353],[-75.8198,40.3614],[-75.8302,40.3624],[-75.8576,40.3523],[-75.8461,40.3437],[-75.8481,40.3273],[-75.8782,40.3038],[-75.8633,40.2979],[-75.8677,40.2888],[-75.8888,40.2944],[-75.8986,40.3126],[-75.9162,40.3233],[-75.9217,40.3214],[-75.9227,40.3067],[-75.9141,40.2964],[-75.9295,40.3088],[-75.9737,40.2814],[-75.9829,40.2668],[-75.9942,40.2625]]],[[[-75.9309,40.3142],[-75.929,40.3121],[-75.9262,40.3133],[-75.9309,40.3142]]],[[[-75.9424,40.3315],[-75.9413,40.3286],[-75.9391,40.3304],[-75.9424,40.3315]]]]},"properties":{"geoid":"42128","state":"42","district":"128","name":"State House District 128","chamber":"House"}},{"type":"Feature","geometry":{"type":"Polygon","coordinates":[[[-76.0372,40.3242],[-76.033,40.3145],[-76.0193,40.3095],[-76.0157,40.2983],[-76.0092,40.2963],[-75.9818,40.313],[-75.9844,40.3095],[-75.9752,40.3057],[-75.9698,40.3142],[-75.9603,40.3113],[-75.9566,40.327],[-75.9467,40.3269],[-75.9377,40.3354],[-75.9298,40.3353],[-75.9296,40.3438],[-75.9238,40.3445],[-75.9213,40.3533],[-75.9337,40.3535],[-75.9328,40.3676],[-75.948,40.3708],[-75.9533,40.3683],[-75.9414,40.3644],[-75.9607,40.3546],[-75.9658,40.3565],[-75.9835,40.3408],[-75.9991,40.3444],[-76.0117,40.3289],[-76.0257,40.3348],[-76.0372,40.3242]]]},"properties":{"geoid":"42129","state":"42","district":"129","name":"State House District 129","chamber":"House"}},{"type":"Feature","geometry":{"type":"Polygon","coordinates":[[[-75.9482,40.4776],[-75.9155,40.4516],[-75.899,40.4256],[-75.8886,40.4295],[-75.8842,40.4266],[-75.8986,40.3669],[-75.8641,40.3611],[-75.8534,40.3635],[-75.8443,40.3582],[-75.8201,40.3615],[-75.7994,40.3353],[-75.7854,40.3275],[-75.6954,40.3107],[-75.6738,40.3358],[-75.6388,40.3128],[-75.5298,40.4471],[-75.6749,40.539],[-75.6816,40.5284],[-75.6927,40.5264],[-75.7501,40.4699],[-75.7597,40.4756],[-75.7512,40.4786],[-75.7558,40.4861],[-75.7689,40.4814],[-75.8184,40.5131],[-75.8113,40.5191],[-75.8256,40.536],[-75.8431,40.5392],[-75.8473,40.533],[-75.8588,40.5322],[-75.8577,40.5241],[-75.8746,40.5258],[-75.8832,40.5163],[-75.8844,40.5026],[-75.8929,40.4944],[-75.8966,40.4971],[-75.9482,40.4776]]]},"properties":{"geoid":"42130","state":"42","district":"130","name":"State House District 130","chamber":"House"}},{"type":"Feature","geometry":{"type":"MultiPolygon","coordinates":[[[[-75.5792,40.478],[-75.5298,40.4471],[-75.5693,40.3979],[-75.5371,40.3806],[-75.5453,40.3709],[-75.4972,40.3445],[-75.4906,40.3509],[-75.4887,40.3428],[-75.4738,40.339],[-75.482,40.3347],[-75.4754,40.3148],[-75.4432,40.3313],[-75.4295,40.3147],[-75.4102,40.3112],[-75.4058,40.3128],[-75.4093,40.3172],[-75.4003,40.315],[-75.4012,40.3208],[-75.3839,40.3236],[-75.3711,40.3353],[-75.3532,40.3402],[-75.4839,40.4186],[-75.4097,40.488],[-75.299,40.5586],[-75.3097,40.5685],[-75.3206,40.5907],[-75.3332,40.5894],[-75.3273,40.5733],[-75.3398,40.5725],[-75.3332,40.5674],[-75.3411,40.567],[-75.345,40.579],[-75.3637,40.5802],[-75.3675,40.6007],[-75.3906,40.6007],[-75.4038,40.5808],[-75.4309,40.5682],[-75.4487,40.5621],[-75.4504,40.5703],[-75.4542,40.5677],[-75.4627,40.5724],[-75.4579,40.5651],[-75.4819,40.5509],[-75.4845,40.531],[-75.4801,40.5289],[-75.4879,40.5294],[-75.5044,40.5167],[-75.51,40.5177],[-75.5164,40.5194],[-75.5129,40.5274],[-75.5169,40.5297],[-75.5071,40.536],[-75.5131,40.5374],[-75.5431,40.5103],[-75.5409,40.5055],[-75.5479,40.5057],[-75.5792,40.478]]],[[[-75.5055,40.5437],[-75.4833,40.5567],[-75.4877,40.5588],[-75.4915,40.5514],[-75.5055,40.5437]]]]},"properties":{"geoid":"42131","state":"42","district":"131","name":"State House District 131","chamber":"House"}},{"type":"Feature","geometry":{"type":"Polygon","coordinates":[[[-75.6389,40.6032],[-75.632,40.6],[-75.6241,40.5793],[-75.609,40.5586],[-75.6194,40.5534],[-75.6243,40.5404],[-75.6384,40.5407],[-75.6277,40.5272],[-75.5514,40.5788],[-75.5303,40.5654],[-75.5113,40.5825],[-75.4884,40.5935],[-75.4949,40.6022],[-75.4844,40.6051],[-75.4893,40.6154],[-75.4947,40.6164],[-75.5295,40.6547],[-75.6203,40.6207],[-75.6389,40.6032]]]},"properties":{"geoid":"42132","state":"42","district":"132","name":"State House District 132","chamber":"House"}},{"type":"Feature","geometry":{"type":"Polygon","coordinates":[[[-75.5475,40.691],[-75.5353,40.6613],[-75.4871,40.6122],[-75.4766,40.6181],[-75.4891,40.6244],[-75.4638,40.6191],[-75.4673,40.6224],[-75.4595,40.624],[-75.4626,40.6285],[-75.4237,40.6359],[-75.4196,40.6161],[-75.3953,40.6135],[-75.3974,40.6067],[-75.4064,40.6035],[-75.4053,40.5961],[-75.3943,40.593],[-75.3886,40.6144],[-75.3781,40.6154],[-75.383,40.6174],[-75.3875,40.6331],[-75.4301,40.6684],[-75.4304,40.6742],[-75.4815,40.6557],[-75.4858,40.6726],[-75.498,40.6792],[-75.5156,40.7022],[-75.5475,40.691]]]},"properties":{"geoid":"42133","state":"42","district":"133","name":"State House District 133","chamber":"House"}},{"type":"Feature","geometry":{"type":"Polygon","coordinates":[[[-75.5302,40.5655],[-75.5,40.5459],[-75.4877,40.5588],[-75.4833,40.5567],[-75.4977,40.545],[-75.5201,40.5405],[-75.5155,40.5353],[-75.5071,40.536],[-75.5169,40.5297],[-75.5129,40.5274],[-75.5164,40.5194],[-75.5044,40.5167],[-75.4879,40.5294],[-75.4801,40.5289],[-75.4845,40.531],[-75.4819,40.5509],[-75.4579,40.5651],[-75.4627,40.5724],[-75.4542,40.5677],[-75.4459,40.5713],[-75.4502,40.5861],[-75.4378,40.5886],[-75.4367,40.5965],[-75.4418,40.5999],[-75.4506,40.5972],[-75.4645,40.6042],[-75.4817,40.5995],[-75.4949,40.6022],[-75.4884,40.5935],[-75.5113,40.5825],[-75.5302,40.5655]]]},"properties":{"geoid":"42134","state":"42","district":"134","name":"State House District 134","chamber":"House"}},{"type":"Feature","geometry":{"type":"Polygon","coordinates":[[[-75.4304,40.6742],[-75.4301,40.6684],[-75.3875,40.6331],[-75.383,40.6174],[-75.3781,40.6154],[-75.3886,40.6144],[-75.3906,40.6007],[-75.3675,40.6007],[-75.3632,40.58],[-75.345,40.579],[-75.3482,40.5858],[-75.3436,40.5964],[-75.3308,40.5938],[-75.303,40.6062],[-75.3034,40.6173],[-75.3075,40.6148],[-75.3123,40.6201],[-75.3263,40.6164],[-75.3276,40.6223],[-75.3494,40.6228],[-75.3502,40.6291],[-75.3423,40.6297],[-75.3445,40.6451],[-75.3363,40.6521],[-75.3427,40.6672],[-75.3624,40.6727],[-75.373,40.6678],[-75.3743,40.6774],[-75.3933,40.6732],[-75.3958,40.6815],[-75.4077,40.6823],[-75.4304,40.6742]]]},"properties":{"geoid":"42135","state":"42","district":"135","name":"State House District 135","chamber":"House"}},{"type":"Feature","geometry":{"type":"Polygon","coordinates":[[[-75.3502,40.6291],[-75.347,40.6203],[-75.3276,40.6223],[-75.3263,40.6164],[-75.3123,40.6201],[-75.3075,40.6148],[-75.3034,40.6173],[-75.303,40.6062],[-75.3308,40.5938],[-75.3436,40.5964],[-75.3482,40.5857],[-75.343,40.5683],[-75.3332,40.5674],[-75.3398,40.5724],[-75.3273,40.5733],[-75.3281,40.5833],[-75.3334,40.5834],[-75.3338,40.5884],[-75.3206,40.5907],[-75.3097,40.5685],[-75.299,40.5586],[-75.2582,40.582],[-75.1968,40.6086],[-75.2018,40.6172],[-75.1907,40.62],[-75.1886,40.6246],[-75.2005,40.6492],[-75.1769,40.6767],[-75.1969,40.6813],[-75.202,40.6872],[-75.2031,40.6945],[-75.1929,40.7156],[-75.1979,40.7157],[-75.2119,40.7056],[-75.2457,40.6989],[-75.2434,40.6939],[-75.2524,40.6871],[-75.2481,40.6819],[-75.2633,40.6751],[-75.2567,40.6625],[-75.2639,40.6575],[-75.2658,40.6647],[-75.272,40.6611],[-75.2701,40.6462],[-75.2948,40.6401],[-75.3108,40.6304],[-75.3326,40.631],[-75.3393,40.6401],[-75.3423,40.6297],[-75.3502,40.6291]]]},"properties":{"geoid":"42136","state":"42","district":"136","name":"State House District 136","chamber":"House"}},{"type":"Feature","geometry":{"type":"Polygon","coordinates":[[[-75.4061,40.6828],[-75.3958,40.6815],[-75.3933,40.6732],[-75.3743,40.6774],[-75.373,40.6678],[-75.3624,40.6727],[-75.3427,40.6672],[-75.3363,40.6521],[-75.3445,40.6451],[-75.3429,40.6342],[-75.3364,40.6404],[-75.3326,40.631],[-75.3108,40.6304],[-75.2948,40.6401],[-75.2701,40.6462],[-75.272,40.6611],[-75.2658,40.6647],[-75.2639,40.6575],[-75.2567,40.6625],[-75.2633,40.6751],[-75.2481,40.6819],[-75.2524,40.6871],[-75.2434,40.6939],[-75.2457,40.6989],[-75.2334,40.7025],[-75.2526,40.7023],[-75.2457,40.711],[-75.2447,40.7211],[-75.2495,40.7274],[-75.2435,40.7289],[-75.2506,40.7465],[-75.2733,40.7496],[-75.2761,40.7585],[-75.3391,40.7529],[-75.346,40.7422],[-75.3834,40.738],[-75.3766,40.6938],[-75.4061,40.6828]]]},"properties":{"geoid":"42137","state":"42","district":"137","name":"State House District 137","chamber":"House"}},{"type":"Feature","geometry":{"type":"Polygon","coordinates":[[[-75.4425,40.8184],[-75.4352,40.7921],[-75.4145,40.7873],[-75.4024,40.7366],[-75.346,40.7422],[-75.3391,40.7529],[-75.2761,40.7585],[-75.2739,40.7499],[-75.2506,40.7465],[-75.2466,40.7406],[-75.2435,40.7288],[-75.2496,40.7264],[-75.2447,40.7211],[-75.2457,40.711],[-75.2527,40.7027],[-75.2459,40.7043],[-75.2406,40.6999],[-75.2119,40.7056],[-75.1872,40.7191],[-75.1821,40.7315],[-75.1963,40.7471],[-75.1949,40.7534],[-75.179,40.7619],[-75.1716,40.7777],[-75.1344,40.7738],[-75.1231,40.7867],[-75.1085,40.7911],[-75.1002,40.8077],[-75.0839,40.8245],[-75.097,40.8393],[-75.0958,40.8471],[-75.0643,40.8483],[-75.0639,40.8555],[-75.0508,40.8681],[-75.0753,40.8942],[-75.0793,40.9139],[-75.0955,40.9241],[-75.1178,40.953],[-75.1202,40.9687],[-75.1451,40.9516],[-75.1695,40.948],[-75.1768,40.9455],[-75.1781,40.9403],[-75.2182,40.9279],[-75.2218,40.9196],[-75.2411,40.9094],[-75.2325,40.8998],[-75.2672,40.8825],[-75.284,40.866],[-75.3833,40.831],[-75.4425,40.8184]]]},"properties":{"geoid":"42138","state":"42","district":"138","name":"State House District 138","chamber":"House"}},{"type":"Feature","geometry":{"type":"Polygon","coordinates":[[[-75.5056,41.2325],[-75.1297,41.2521],[-75.1157,41.2937],[-74.8388,41.2765],[-74.8225,41.2936],[-74.7922,41.3108],[-74.7962,41.3188],[-74.7932,41.3222],[-74.7666,41.3282],[-74.7557,41.3455],[-74.7209,41.3474],[-74.6985,41.3553],[-74.6897,41.3636],[-74.7085,41.3792],[-74.7164,41.393],[-74.7368,41.3993],[-74.7418,41.407],[-74.7347,41.423],[-74.7387,41.4308],[-74.7586,41.4233],[-74.7727,41.4263],[-74.7891,41.4214],[-74.8082,41.4429],[-74.832,41.4304],[-74.8577,41.4442],[-74.8926,41.4386],[-74.8964,41.4422],[-74.8902,41.4556],[-74.9066,41.4609],[-74.913,41.476],[-74.9434,41.4837],[-74.9574,41.4766],[-74.9825,41.4803],[-74.9842,41.5065],[-75.0036,41.5083],[-75.0032,41.5235],[-75.0245,41.5346],[-75.0247,41.5401],[-75.016,41.5442],[-75.0188,41.5524],[-75.0696,41.6019],[-75.122,41.535],[-75.1869,41.5317],[-75.2214,41.5163],[-75.2738,41.5614],[-75.3362,41.5582],[-75.3349,41.5375],[-75.3888,41.551],[-75.4573,41.5465],[-75.4404,41.2581],[-75.4513,41.2523],[-75.4557,41.2545],[-75.4705,41.2433],[-75.4775,41.2471],[-75.4953,41.2433],[-75.5056,41.2325]]]},"properties":{"geoid":"42139","state":"42","district":"139","name":"State House District 139","chamber":"House"}},{"type":"Feature","geometry":{"type":"Polygon","coordinates":[[[-74.8981,40.1648],[-74.8847,40.1342],[-74.8554,40.1542],[-74.8698,40.1657],[-74.8578,40.1667],[-74.8431,40.1755],[-74.8265,40.1663],[-74.8329,40.161],[-74.8232,40.1479],[-74.8288,40.1454],[-74.8156,40.1277],[-74.7868,40.1204],[-74.7587,40.1341],[-74.7412,40.1352],[-74.7244,40.1464],[-74.7216,40.154],[-74.7338,40.1745],[-74.7543,40.1852],[-74.7714,40.2151],[-74.7819,40.2219],[-74.8028,40.2077],[-74.8711,40.193],[-74.8698,40.1806],[-74.8854,40.1763],[-74.8981,40.1648]]]},"properties":{"geoid":"42140","state":"42","district":"140","name":"State House District 140","chamber":"House"}},{"type":"Feature","geometry":{"type":"Polygon","coordinates":[[[-74.915,40.0886],[-74.9097,40.0827],[-74.9091,40.0705],[-74.8634,40.0826],[-74.8537,40.0939],[-74.8382,40.1011],[-74.8262,40.1241],[-74.8156,40.1277],[-74.8288,40.1454],[-74.8232,40.1479],[-74.8329,40.161],[-74.8265,40.1663],[-74.8431,40.1755],[-74.8578,40.1667],[-74.8698,40.1657],[-74.8554,40.1542],[-74.8878,40.1321],[-74.8985,40.1322],[-74.9054,40.117],[-74.9026,40.104],[-74.9127,40.097],[-74.915,40.0886]]]},"properties":{"geoid":"42141","state":"42","district":"141","name":"State House District 141","chamber":"House"}},{"type":"Feature","geometry":{"type":"Polygon","coordinates":[[[-75.0288,40.147],[-74.9979,40.1278],[-74.9709,40.1558],[-74.9574,40.1458],[-74.9313,40.1535],[-74.9184,40.1455],[-74.9076,40.1466],[-74.8985,40.1322],[-74.8878,40.1321],[-74.8847,40.1342],[-74.8975,40.1672],[-74.8698,40.1806],[-74.8694,40.1927],[-74.8876,40.2247],[-74.9433,40.2142],[-74.9512,40.2082],[-74.9726,40.2075],[-74.968,40.1987],[-74.9579,40.2017],[-74.9718,40.1883],[-74.968,40.1738],[-74.9838,40.1632],[-75.0001,40.171],[-75.0288,40.147]]]},"properties":{"geoid":"42142","state":"42","district":"142","name":"State House District 142","chamber":"House"}},{"type":"Feature","geometry":{"type":"Polygon","coordinates":[[[-75.3226,40.3246],[-75.2284,40.2658],[-75.2136,40.2801],[-75.2234,40.2816],[-75.2183,40.2865],[-75.2258,40.2922],[-75.219,40.2964],[-75.2205,40.3018],[-75.2114,40.3024],[-75.2008,40.2923],[-75.1873,40.3052],[-75.1929,40.31],[-75.1734,40.3191],[-75.1511,40.3412],[-75.1319,40.3297],[-75.084,40.3803],[-75.0806,40.3783],[-75.0676,40.39],[-75.0639,40.3876],[-75.0412,40.4105],[-75.0601,40.4203],[-75.0706,40.4562],[-75.0627,40.4804],[-75.0686,40.5422],[-75.0839,40.5534],[-75.178,40.4666],[-75.194,40.4753],[-75.2015,40.4691],[-75.2162,40.4698],[-75.2187,40.4646],[-75.2291,40.4628],[-75.2408,40.4417],[-75.2551,40.4327],[-75.2447,40.3979],[-75.2753,40.3682],[-75.2827,40.3728],[-75.2789,40.3764],[-75.283,40.3791],[-75.2747,40.3837],[-75.2831,40.3889],[-75.3114,40.3753],[-75.3097,40.3701],[-75.3159,40.3698],[-75.3212,40.3609],[-75.3063,40.3497],[-75.2949,40.3525],[-75.3226,40.3246]]]},"properties":{"geoid":"42143","state":"42","district":"143","name":"State House District 143","chamber":"House"}},{"type":"Feature","geometry":{"type":"Polygon","coordinates":[[[-75.2284,40.2658],[-75.0712,40.171],[-75.0438,40.1981],[-75.1225,40.2449],[-75.1125,40.255],[-75.1172,40.2579],[-75.1121,40.2627],[-75.1167,40.2659],[-75.1258,40.2612],[-75.1435,40.2714],[-75.152,40.2629],[-75.1855,40.2831],[-75.1743,40.2937],[-75.1778,40.2959],[-75.1938,40.2881],[-75.1901,40.2811],[-75.1947,40.2788],[-75.1987,40.2853],[-75.2142,40.2795],[-75.2284,40.2658]]]},"properties":{"geoid":"42144","state":"42","district":"144","name":"State House District 144","chamber":"House"}},{"type":"Feature","geometry":{"type":"Polygon","coordinates":[[[-75.4839,40.4186],[-75.3172,40.3185],[-75.3228,40.3244],[-75.2949,40.3525],[-75.3063,40.3497],[-75.3223,40.3631],[-75.3097,40.3701],[-75.3114,40.3753],[-75.2831,40.3889],[-75.2747,40.3837],[-75.283,40.3791],[-75.2789,40.3764],[-75.2827,40.3728],[-75.2753,40.3682],[-75.2447,40.3979],[-75.2551,40.4327],[-75.2408,40.4417],[-75.2291,40.4628],[-75.2187,40.4646],[-75.2162,40.4698],[-75.2015,40.4691],[-75.194,40.4753],[-75.178,40.4666],[-75.0839,40.5534],[-75.0998,40.5674],[-75.1192,40.5736],[-75.1402,40.5754],[-75.1623,40.5642],[-75.1849,40.5683],[-75.1955,40.5786],[-75.1893,40.5899],[-75.1968,40.6086],[-75.2664,40.5776],[-75.4097,40.488],[-75.4839,40.4186]]]},"properties":{"geoid":"42145","state":"42","district":"145","name":"State House District 145","chamber":"House"}},{"type":"Feature","geometry":{"type":"Polygon","coordinates":[[[-75.6968,40.2419],[-75.6881,40.2362],[-75.6696,40.2449],[-75.6511,40.2421],[-75.62,40.2303],[-75.6124,40.223],[-75.6032,40.227],[-75.6073,40.2358],[-75.5978,40.2372],[-75.5772,40.1984],[-75.5666,40.1945],[-75.5624,40.1983],[-75.5645,40.2088],[-75.5585,40.2086],[-75.5396,40.175],[-75.4706,40.2446],[-75.5357,40.2805],[-75.5594,40.2578],[-75.6031,40.2823],[-75.629,40.2642],[-75.6345,40.2675],[-75.6402,40.2606],[-75.6508,40.2634],[-75.6486,40.2718],[-75.6645,40.2811],[-75.6968,40.2419]]]},"properties":{"geoid":"42146","state":"42","district":"146","name":"State House District 146","chamber":"House"}},{"type":"Feature","geometry":{"type":"Polygon","coordinates":[[[-75.6645,40.2811],[-75.6486,40.2718],[-75.6508,40.2634],[-75.6402,40.2606],[-75.6345,40.2675],[-75.629,40.2642],[-75.6031,40.2823],[-75.5594,40.2578],[-75.5357,40.2805],[-75.4797,40.2496],[-75.4655,40.2602],[-75.4717,40.2623],[-75.4669,40.2678],[-75.4646,40.2612],[-75.4592,40.2651],[-75.3858,40.2264],[-75.3177,40.2903],[-75.3434,40.3037],[-75.3339,40.3153],[-75.34,40.3146],[-75.3572,40.3293],[-75.3574,40.3376],[-75.3708,40.3354],[-75.3839,40.3236],[-75.4012,40.3208],[-75.4003,40.315],[-75.4093,40.3172],[-75.4058,40.3128],[-75.4104,40.3111],[-75.4295,40.3147],[-75.4432,40.3313],[-75.4754,40.3148],[-75.482,40.3347],[-75.4738,40.339],[-75.4887,40.3428],[-75.4906,40.3509],[-75.4972,40.3445],[-75.5453,40.3709],[-75.5371,40.3806],[-75.5693,40.3979],[-75.6645,40.2811]]]},"properties":{"geoid":"42147","state":"42","district":"147","name":"State House District 147","chamber":"House"}},{"type":"Feature","geometry":{"type":"Polygon","coordinates":[[[-75.3067,40.0651],[-75.2967,40.051],[-75.2827,40.0432],[-75.2935,40.0445],[-75.3015,40.0389],[-75.2871,40.0318],[-75.2851,40.0057],[-75.2735,40.0028],[-75.2793,39.9899],[-75.2868,39.99],[-75.2765,39.977],[-75.2084,40.0098],[-75.206,40.0117],[-75.2644,40.0541],[-75.1963,40.1278],[-75.2332,40.1505],[-75.2974,40.0829],[-75.29,40.0786],[-75.3067,40.0651]]]},"properties":{"geoid":"42148","state":"42","district":"148","name":"State House District 148","chamber":"House"}},{"type":"Feature","geometry":{"type":"Polygon","coordinates":[[[-75.4631,40.0977],[-75.4568,40.0947],[-75.4563,40.0878],[-75.4201,40.0972],[-75.3926,40.061],[-75.3667,40.0724],[-75.3207,40.0162],[-75.3114,40.0198],[-75.2868,39.99],[-75.2763,39.9941],[-75.2735,40.0028],[-75.2869,40.0093],[-75.2871,40.0318],[-75.3015,40.0389],[-75.2935,40.0445],[-75.2827,40.0432],[-75.2967,40.051],[-75.3065,40.0634],[-75.3056,40.069],[-75.3157,40.0746],[-75.3269,40.1052],[-75.3909,40.1178],[-75.4165,40.1079],[-75.4494,40.1075],[-75.4617,40.103],[-75.4631,40.0977]]]},"properties":{"geoid":"42149","state":"42","district":"149","name":"State House District 149","chamber":"House"}},{"type":"Feature","geometry":{"type":"Polygon","coordinates":[[[-75.5396,40.175],[-75.5289,40.1684],[-75.5243,40.1477],[-75.5185,40.1485],[-75.5114,40.1593],[-75.5016,40.1583],[-75.5108,40.1417],[-75.5056,40.1326],[-75.4926,40.1261],[-75.4724,40.1293],[-75.4616,40.1248],[-75.4716,40.1124],[-75.4631,40.1032],[-75.4334,40.1103],[-75.4165,40.1079],[-75.3879,40.1179],[-75.3767,40.129],[-75.3898,40.1423],[-75.3761,40.1559],[-75.4587,40.2021],[-75.4901,40.2245],[-75.5396,40.175]]]},"properties":{"geoid":"42150","state":"42","district":"150","name":"State House District 150","chamber":"House"}},{"type":"Feature","geometry":{"type":"Polygon","coordinates":[[[-75.2492,40.225],[-75.248,40.2202],[-75.1955,40.1882],[-75.2187,40.1654],[-75.221,40.1681],[-75.2316,40.1597],[-75.2206,40.1454],[-75.2131,40.1521],[-75.2139,40.1566],[-75.2027,40.1627],[-75.1785,40.1477],[-75.1727,40.153],[-75.1606,40.1411],[-75.1523,40.1424],[-75.1467,40.1374],[-75.133,40.1509],[-75.1432,40.1569],[-75.1069,40.1923],[-75.2284,40.2658],[-75.2438,40.2474],[-75.2401,40.2351],[-75.2492,40.225]]]},"properties":{"geoid":"42151","state":"42","district":"151","name":"State House District 151","chamber":"House"}},{"type":"Feature","geometry":{"type":"Polygon","coordinates":[[[-75.1517,40.1319],[-75.1435,40.1269],[-75.141,40.1336],[-75.1337,40.1344],[-75.1305,40.128],[-75.1188,40.1297],[-75.1149,40.1238],[-75.1065,40.126],[-75.1144,40.1341],[-75.1128,40.1388],[-75.0583,40.1059],[-75.0151,40.138],[-75.1069,40.1923],[-75.1432,40.1569],[-75.133,40.1509],[-75.1517,40.1319]]]},"properties":{"geoid":"42152","state":"42","district":"152","name":"State House District 152","chamber":"House"}},{"type":"Feature","geometry":{"type":"Polygon","coordinates":[[[-75.2332,40.1505],[-75.1382,40.0941],[-75.1314,40.1024],[-75.1218,40.1023],[-75.1231,40.0939],[-75.1317,40.0893],[-75.0967,40.069],[-75.0583,40.1059],[-75.1128,40.1388],[-75.1144,40.1341],[-75.1068,40.1258],[-75.13,40.1277],[-75.1337,40.1344],[-75.141,40.1336],[-75.1435,40.1269],[-75.1517,40.1319],[-75.1467,40.1374],[-75.1505,40.1414],[-75.1606,40.1411],[-75.1727,40.153],[-75.1785,40.1477],[-75.2027,40.1627],[-75.2139,40.1566],[-75.2131,40.1521],[-75.2206,40.1454],[-75.2273,40.1565],[-75.2332,40.1505]]]},"properties":{"geoid":"42153","state":"42","district":"153","name":"State House District 153","chamber":"House"}},{"type":"Feature","geometry":{"type":"Polygon","coordinates":[[[-75.2554,40.0678],[-75.2522,40.0653],[-75.2236,40.0929],[-75.1885,40.0727],[-75.1764,40.0846],[-75.1094,40.0458],[-75.0874,40.0636],[-75.1317,40.0893],[-75.1231,40.0939],[-75.1218,40.1023],[-75.1314,40.1024],[-75.1382,40.0941],[-75.1963,40.1278],[-75.2554,40.0678]]]},"properties":{"geoid":"42154","state":"42","district":"154","name":"State House District 154","chamber":"House"}},{"type":"Feature","geometry":{"type":"Polygon","coordinates":[[[-75.8479,40.0221],[-75.8414,40.0131],[-75.8391,40.0171],[-75.825,40.0052],[-75.8169,40.0044],[-75.7542,40.0157],[-75.7447,40.0118],[-75.7459,39.996],[-75.724,39.9991],[-75.7153,39.9954],[-75.7004,40.0026],[-75.6758,40.0054],[-75.6842,40.0164],[-75.6911,40.0144],[-75.6948,40.0213],[-75.7055,40.0203],[-75.7001,40.0138],[-75.7058,40.0134],[-75.7078,40.0283],[-75.6737,40.0319],[-75.6133,40.0505],[-75.6857,40.095],[-75.6685,40.1036],[-75.6732,40.1123],[-75.6974,40.1016],[-75.7151,40.1188],[-75.7197,40.1082],[-75.7382,40.0986],[-75.7502,40.1001],[-75.7653,40.1243],[-75.7778,40.1234],[-75.7795,40.1159],[-75.8336,40.0733],[-75.8441,40.0568],[-75.8392,40.0414],[-75.8264,40.0413],[-75.835,40.0295],[-75.8479,40.0221]]]},"properties":{"geoid":"42155","state":"42","district":"155","name":"State House District 155","chamber":"House"}},{"type":"Feature","geometry":{"type":"Polygon","coordinates":[[[-75.6953,39.9946],[-75.6827,39.9757],[-75.6647,39.9673],[-75.6551,39.9543],[-75.6762,39.9447],[-75.6601,39.9248],[-75.6334,39.9149],[-75.5083,39.9764],[-75.5371,40.0131],[-75.5481,40.016],[-75.5576,40.0125],[-75.5558,40.0002],[-75.5627,39.9961],[-75.578,40.0028],[-75.5843,40.0126],[-75.6418,39.9891],[-75.6563,40.0081],[-75.6638,40.0054],[-75.6631,40.0018],[-75.6953,39.9946]]]},"properties":{"geoid":"42156","state":"42","district":"156","name":"State House District 156","chamber":"House"}},{"type":"Feature","geometry":{"type":"MultiPolygon","coordinates":[[[[-75.554,40.1218],[-75.4964,40.0836],[-75.5304,40.0749],[-75.507,40.0454],[-75.5133,40.0428],[-75.5025,40.0367],[-75.5008,40.0278],[-75.515,40.0227],[-75.5306,40.0352],[-75.544,40.0294],[-75.5356,40.0103],[-75.5083,39.9764],[-75.5163,39.9727],[-75.5021,39.9544],[-75.4358,39.9851],[-75.4377,39.9939],[-75.4538,39.9936],[-75.4043,40.0274],[-75.415,40.0418],[-75.361,40.0655],[-75.3667,40.0724],[-75.3926,40.061],[-75.4201,40.0972],[-75.4563,40.0878],[-75.4568,40.0947],[-75.4629,40.0973],[-75.4617,40.103],[-75.4716,40.1119],[-75.4613,40.1243],[-75.4717,40.1292],[-75.4892,40.1259],[-75.5002,40.1297],[-75.5129,40.1167],[-75.5472,40.1286],[-75.554,40.1218]]],[[[-75.5463,40.1296],[-75.5371,40.1289],[-75.5349,40.1334],[-75.5417,40.1344],[-75.5463,40.1296]]]]},"properties":{"geoid":"42157","state":"42","district":"157","name":"State House District 157","chamber":"House"}},{"type":"Feature","geometry":{"type":"Polygon","coordinates":[[[-75.8907,39.9577],[-75.8804,39.9492],[-75.8737,39.9496],[-75.8691,39.942],[-75.8592,39.9425],[-75.8537,39.9329],[-75.8566,39.9275],[-75.8465,39.9222],[-75.8373,39.9074],[-75.8353,39.9008],[-75.8531,39.8892],[-75.849,39.8665],[-75.7858,39.8717],[-75.7805,39.8492],[-75.785,39.8488],[-75.7827,39.8302],[-75.7885,39.8289],[-75.7887,39.8222],[-75.7809,39.8194],[-75.7757,39.7744],[-75.7608,39.7757],[-75.7545,39.7556],[-75.7316,39.7803],[-75.7037,39.8012],[-75.6348,39.8302],[-75.6397,39.8703],[-75.6532,39.8782],[-75.6689,39.8762],[-75.6669,39.8856],[-75.6226,39.8968],[-75.6257,39.9123],[-75.6601,39.9248],[-75.6762,39.9447],[-75.6551,39.9543],[-75.6647,39.9673],[-75.6827,39.9757],[-75.6947,39.9944],[-75.709,39.9973],[-75.7977,39.9812],[-75.8008,39.9643],[-75.7932,39.9629],[-75.8023,39.9559],[-75.8055,39.9618],[-75.8129,39.9615],[-75.8146,39.955],[-75.8196,39.9546],[-75.8259,39.963],[-75.8335,39.9595],[-75.8228,39.9693],[-75.8257,39.9752],[-75.8907,39.9577]]]},"properties":{"geoid":"42158","state":"42","district":"158","name":"State House District 158","chamber":"House"}},{"type":"Feature","geometry":{"type":"Polygon","coordinates":[[[-75.4724,39.8269],[-75.4151,39.8019],[-75.3463,39.8442],[-75.3185,39.8499],[-75.3249,39.8639],[-75.3407,39.8669],[-75.3486,39.863],[-75.3562,39.874],[-75.3667,39.8702],[-75.3783,39.8751],[-75.3822,39.8677],[-75.3796,39.8619],[-75.365,39.8574],[-75.37,39.8523],[-75.3764,39.8558],[-75.3864,39.8501],[-75.3849,39.8432],[-75.3901,39.8392],[-75.3966,39.8446],[-75.4081,39.8437],[-75.4183,39.8562],[-75.4289,39.8512],[-75.4554,39.866],[-75.4688,39.8599],[-75.462,39.8452],[-75.4687,39.8434],[-75.4712,39.8309],[-75.4668,39.8287],[-75.4724,39.8269]]]},"properties":{"geoid":"42159","state":"42","district":"159","name":"State House District 159","chamber":"House"}},{"type":"Feature","geometry":{"type":"Polygon","coordinates":[[[-75.6689,39.8762],[-75.6532,39.8782],[-75.6397,39.8703],[-75.6348,39.8302],[-75.5535,39.8395],[-75.4727,39.8268],[-75.4668,39.8287],[-75.4712,39.8309],[-75.4687,39.8434],[-75.462,39.8452],[-75.4688,39.8599],[-75.4554,39.866],[-75.4679,39.8742],[-75.4503,39.8939],[-75.4581,39.9018],[-75.47,39.9008],[-75.4881,39.9171],[-75.4729,39.9241],[-75.4829,39.9376],[-75.493,39.933],[-75.5079,39.9517],[-75.5021,39.9544],[-75.5163,39.9727],[-75.6334,39.9149],[-75.6257,39.9123],[-75.6226,39.8968],[-75.6669,39.8856],[-75.6689,39.8762]]]},"properties":{"geoid":"42160","state":"42","district":"160","name":"State House District 160","chamber":"House"}},{"type":"Feature","geometry":{"type":"Polygon","coordinates":[[[-75.468,39.8736],[-75.4289,39.8512],[-75.4183,39.8562],[-75.4081,39.8437],[-75.3966,39.8446],[-75.3901,39.8392],[-75.3849,39.8432],[-75.3864,39.8501],[-75.3764,39.8558],[-75.37,39.8523],[-75.365,39.8574],[-75.3796,39.8619],[-75.3822,39.8677],[-75.3783,39.8751],[-75.3667,39.8702],[-75.3558,39.8738],[-75.3486,39.863],[-75.3302,39.8652],[-75.3394,39.8811],[-75.3317,39.886],[-75.3354,39.8858],[-75.3381,39.8966],[-75.3577,39.887],[-75.3553,39.8987],[-75.3619,39.9023],[-75.358,39.9135],[-75.3639,39.9195],[-75.361,39.9244],[-75.3656,39.9222],[-75.3649,39.9303],[-75.3811,39.919],[-75.3781,39.9127],[-75.3846,39.9135],[-75.392,39.901],[-75.4038,39.9143],[-75.4237,39.9027],[-75.4217,39.8936],[-75.4257,39.8901],[-75.4325,39.894],[-75.4349,39.8909],[-75.4532,39.893],[-75.468,39.8736]]]},"properties":{"geoid":"42161","state":"42","district":"161","name":"State House District 161","chamber":"House"}},{"type":"Feature","geometry":{"type":"Polygon","coordinates":[[[-75.3394,39.8811],[-75.3165,39.85],[-75.3133,39.8701],[-75.2884,39.8809],[-75.2725,39.8767],[-75.2619,39.8829],[-75.2651,39.8875],[-75.2513,39.9044],[-75.2649,39.9148],[-75.2851,39.9058],[-75.2998,39.9048],[-75.3138,39.9169],[-75.3389,39.8985],[-75.3354,39.8858],[-75.3317,39.886],[-75.3394,39.8811]]]},"properties":{"geoid":"42162","state":"42","district":"162","name":"State House District 162","chamber":"House"}},{"type":"Feature","geometry":{"type":"Polygon","coordinates":[[[-75.3317,39.9522],[-75.3277,39.9449],[-75.3082,39.9405],[-75.3138,39.9169],[-75.3028,39.906],[-75.2851,39.9058],[-75.265,39.9143],[-75.2631,39.9182],[-75.2753,39.9232],[-75.2707,39.9252],[-75.2751,39.9346],[-75.2822,39.9305],[-75.2897,39.9431],[-75.2785,39.948],[-75.2821,39.9515],[-75.2767,39.954],[-75.2846,39.9601],[-75.295,39.9567],[-75.2987,39.96],[-75.2941,39.9616],[-75.3024,39.9649],[-75.3317,39.9522]]]},"properties":{"geoid":"42163","state":"42","district":"163","name":"State House District 163","chamber":"House"}},{"type":"Feature","geometry":{"type":"Polygon","coordinates":[[[-75.3024,39.9649],[-75.2941,39.9616],[-75.2987,39.96],[-75.295,39.9567],[-75.2846,39.9601],[-75.2767,39.954],[-75.2821,39.9515],[-75.2785,39.948],[-75.2897,39.9431],[-75.2822,39.9305],[-75.2472,39.9439],[-75.2515,39.9493],[-75.2501,39.965],[-75.2654,39.9652],[-75.2803,39.975],[-75.3024,39.9649]]]},"properties":{"geoid":"42164","state":"42","district":"164","name":"State House District 164","chamber":"House"}},{"type":"Feature","geometry":{"type":"Polygon","coordinates":[[[-75.4318,39.9506],[-75.4175,39.9436],[-75.4093,39.92],[-75.392,39.901],[-75.3846,39.9135],[-75.3781,39.9127],[-75.3811,39.919],[-75.3649,39.9303],[-75.3656,39.9222],[-75.361,39.9244],[-75.3639,39.9195],[-75.358,39.9135],[-75.3619,39.9023],[-75.3553,39.8987],[-75.3573,39.8867],[-75.3396,39.8948],[-75.3103,39.9189],[-75.3082,39.9405],[-75.3277,39.9449],[-75.3325,39.9533],[-75.3411,39.9563],[-75.341,39.9645],[-75.3482,39.9596],[-75.3539,39.962],[-75.3513,39.9664],[-75.3741,39.9838],[-75.4141,39.9589],[-75.4239,39.9625],[-75.4318,39.9506]]]},"properties":{"geoid":"42165","state":"42","district":"165","name":"State House District 165","chamber":"House"}},{"type":"Feature","geometry":{"type":"Polygon","coordinates":[[[-75.378,39.9841],[-75.3606,39.9755],[-75.3513,39.9664],[-75.3539,39.962],[-75.3482,39.9596],[-75.341,39.9645],[-75.3411,39.9563],[-75.3317,39.9522],[-75.2765,39.977],[-75.3114,40.0198],[-75.3693,39.9951],[-75.378,39.9841]]]},"properties":{"geoid":"42166","state":"42","district":"166","name":"State House District 166","chamber":"House"}},{"type":"Feature","geometry":{"type":"Polygon","coordinates":[[[-75.7095,40.1153],[-75.7044,40.1119],[-75.7064,40.1071],[-75.6974,40.1016],[-75.6732,40.1123],[-75.6685,40.1036],[-75.6857,40.095],[-75.6133,40.0505],[-75.6737,40.0319],[-75.7078,40.0283],[-75.7058,40.0134],[-75.7001,40.0138],[-75.7055,40.0203],[-75.6948,40.0213],[-75.6911,40.0144],[-75.6842,40.0164],[-75.6758,40.0054],[-75.7004,40.0026],[-75.7077,39.9965],[-75.6836,39.9968],[-75.6631,40.0018],[-75.6638,40.0054],[-75.6563,40.0081],[-75.6418,39.9891],[-75.5843,40.0126],[-75.578,40.0028],[-75.5627,39.9961],[-75.5558,40.0002],[-75.5576,40.0125],[-75.5481,40.016],[-75.5371,40.0131],[-75.544,40.0294],[-75.5306,40.0352],[-75.515,40.0227],[-75.5008,40.0278],[-75.5025,40.0367],[-75.5133,40.0428],[-75.507,40.0454],[-75.5304,40.0749],[-75.4964,40.0836],[-75.554,40.1218],[-75.5812,40.094],[-75.6063,40.1082],[-75.5772,40.1379],[-75.593,40.1433],[-75.5949,40.1514],[-75.6006,40.1529],[-75.6153,40.143],[-75.6209,40.1522],[-75.6531,40.1583],[-75.6662,40.1493],[-75.6742,40.1504],[-75.7095,40.1153]]]},"properties":{"geoid":"42167","state":"42","district":"167","name":"State House District 167","chamber":"House"}},{"type":"Feature","geometry":{"type":"Polygon","coordinates":[[[-75.5079,39.9517],[-75.493,39.933],[-75.4829,39.9376],[-75.4729,39.9241],[-75.4881,39.9171],[-75.4821,39.9148],[-75.48,39.9077],[-75.47,39.9008],[-75.4581,39.9018],[-75.4501,39.8925],[-75.4325,39.894],[-75.4257,39.8901],[-75.4217,39.8936],[-75.4237,39.9027],[-75.4024,39.9147],[-75.4093,39.92],[-75.4175,39.9436],[-75.4318,39.9505],[-75.4239,39.9625],[-75.4135,39.9592],[-75.3723,39.988],[-75.3693,39.9951],[-75.3207,40.0162],[-75.3601,40.0662],[-75.415,40.0418],[-75.4043,40.0274],[-75.4538,39.9936],[-75.4377,39.9939],[-75.4358,39.9851],[-75.5079,39.9517]]]},"properties":{"geoid":"42168","state":"42","district":"168","name":"State House District 168","chamber":"House"}},{"type":"Feature","geometry":{"type":"Polygon","coordinates":[[[-76.9997,39.8219],[-76.9993,39.7201],[-76.6152,39.7212],[-76.6094,39.7213],[-76.6128,39.7239],[-76.6077,39.7261],[-76.6092,39.7352],[-76.6144,39.7327],[-76.6378,39.7419],[-76.6349,39.7481],[-76.6486,39.7578],[-76.6533,39.7679],[-76.6682,39.7717],[-76.6778,39.7691],[-76.6725,39.7533],[-76.6722,39.7465],[-76.6764,39.7462],[-76.6841,39.7655],[-76.6961,39.7718],[-76.684,39.7797],[-76.6862,39.7844],[-76.6807,39.7905],[-76.675,39.7894],[-76.6702,39.7773],[-76.6688,39.7957],[-76.6535,39.8077],[-76.6463,39.8242],[-76.7409,39.8029],[-76.7641,39.821],[-76.76,39.8335],[-76.7722,39.8417],[-76.8731,39.8105],[-76.8774,39.8166],[-76.8834,39.8063],[-76.8951,39.8047],[-76.915,39.789],[-76.9488,39.8164],[-76.9555,39.8287],[-76.9572,39.8557],[-76.9785,39.8477],[-76.9907,39.8343],[-76.9997,39.8313],[-76.9997,39.8219]]]},"properties":{"geoid":"42169","state":"42","district":"169","name":"State House District 169","chamber":"House"}},{"type":"Feature","geometry":{"type":"Polygon","coordinates":[[[-75.0442,40.1157],[-75.0308,40.1104],[-75.0292,40.116],[-75.023,40.113],[-75.0289,40.1025],[-75.0239,40.1007],[-75.0274,40.091],[-75.0154,40.0947],[-74.9876,40.0758],[-74.9818,40.0824],[-74.9711,40.074],[-74.9584,40.084],[-74.9558,40.0951],[-74.9618,40.0978],[-74.9656,40.1081],[-74.9633,40.1169],[-74.9825,40.12],[-74.9944,40.1262],[-74.9939,40.1319],[-74.9979,40.1278],[-75.0151,40.138],[-75.0442,40.1157]]]},"properties":{"geoid":"42170","state":"42","district":"170","name":"State House District 170","chamber":"House"}},{"type":"Feature","geometry":{"type":"Polygon","coordinates":[[[-77.9139,40.4001],[-77.8891,40.399],[-77.8877,40.3914],[-77.8703,40.3923],[-77.8726,40.3812],[-77.8557,40.3649],[-77.8383,40.369],[-77.8186,40.3605],[-77.8104,40.3686],[-77.7617,40.3687],[-77.7206,40.4096],[-77.6125,40.4909],[-77.6125,40.5142],[-77.4975,40.5817],[-77.4976,40.5969],[-77.5368,40.5788],[-77.554,40.5764],[-77.5591,40.5828],[-77.5518,40.5897],[-77.5607,40.5927],[-77.5651,40.6054],[-77.5589,40.6101],[-77.5695,40.6133],[-77.5787,40.6016],[-77.6165,40.6377],[-77.5496,40.674],[-77.3553,40.7594],[-77.3571,40.8445],[-77.3642,40.8469],[-77.2792,40.9097],[-77.204,40.9927],[-77.1442,41.0443],[-77.3399,40.9872],[-77.5086,40.9629],[-77.5591,41.0218],[-77.6376,40.9632],[-77.7105,40.929],[-77.7302,40.9498],[-77.8127,40.919],[-77.7596,40.8734],[-77.7569,40.8646],[-77.7539,40.866],[-77.7291,40.8338],[-77.7514,40.8232],[-77.7257,40.7848],[-77.7035,40.739],[-77.6999,40.7216],[-77.6813,40.7298],[-77.6766,40.7165],[-77.7009,40.7052],[-77.7005,40.6949],[-77.7084,40.6905],[-77.7038,40.6799],[-77.6827,40.6827],[-77.7516,40.6323],[-77.7725,40.6259],[-77.8216,40.5789],[-77.8418,40.55],[-77.816,40.4997],[-77.8359,40.4842],[-77.8965,40.4175],[-77.9081,40.414],[-77.9139,40.4001]]]},"properties":{"geoid":"42171","state":"42","district":"171","name":"State House District 171","chamber":"House"}},{"type":"Feature","geometry":{"type":"Polygon","coordinates":[[[-75.0967,40.069],[-75.0543,40.0444],[-75.0477,40.0554],[-75.0678,40.069],[-75.0415,40.0873],[-75.0288,40.0809],[-75.0174,40.0927],[-75.0274,40.091],[-75.0239,40.1007],[-75.0289,40.1025],[-75.023,40.113],[-75.0292,40.116],[-75.0308,40.1104],[-75.0443,40.1157],[-75.0967,40.069]]]},"properties":{"geoid":"42172","state":"42","district":"172","name":"State House District 172","chamber":"House"}},{"type":"Feature","geometry":{"type":"Polygon","coordinates":[[[-75.0543,40.0444],[-75.0409,40.0368],[-75.0452,40.0257],[-75.0355,40.0152],[-75.0149,40.0199],[-74.9748,40.0493],[-74.9852,40.0569],[-74.981,40.0649],[-75.0312,40.0542],[-75.041,40.0659],[-75.0543,40.0444]]]},"properties":{"geoid":"42173","state":"42","district":"173","name":"State House District 173","chamber":"House"}},{"type":"Feature","geometry":{"type":"Polygon","coordinates":[[[-75.0675,40.0691],[-75.0482,40.0554],[-75.0403,40.0656],[-75.0312,40.0542],[-74.9904,40.0604],[-74.971,40.0739],[-74.9813,40.0823],[-74.9876,40.0758],[-74.9972,40.08],[-75.0154,40.0947],[-75.0288,40.0809],[-75.0415,40.0873],[-75.0675,40.0691]]]},"properties":{"geoid":"42174","state":"42","district":"174","name":"State House District 174","chamber":"House"}},{"type":"Feature","geometry":{"type":"Polygon","coordinates":[[[-75.1632,39.9539],[-75.1567,39.9515],[-75.1529,39.9322],[-75.1359,39.9324],[-75.1349,39.9521],[-75.1192,39.9658],[-75.1221,39.9709],[-75.1176,39.9758],[-75.1286,39.9825],[-75.1334,39.9741],[-75.1465,39.9704],[-75.1482,39.9614],[-75.1614,39.9625],[-75.1632,39.9539]]]},"properties":{"geoid":"42175","state":"42","district":"175","name":"State House District 175","chamber":"House"}},{"type":"Feature","geometry":{"type":"Polygon","coordinates":[[[-75.6494,41.1223],[-75.6459,41.1129],[-75.6362,41.113],[-75.6297,41.107],[-75.625,41.1114],[-75.62,41.109],[-75.6136,41.0948],[-75.6041,41.0934],[-75.6056,41.085],[-75.5769,41.068],[-75.5689,41.0566],[-75.5698,41.0501],[-75.5619,41.0495],[-75.4961,40.9874],[-75.5746,40.9513],[-75.4936,40.8464],[-75.4742,40.8147],[-75.3833,40.831],[-75.284,40.866],[-75.2672,40.8825],[-75.2325,40.8998],[-75.2411,40.9094],[-75.2218,40.9196],[-75.217,40.9284],[-75.2751,41.0069],[-75.2845,40.9995],[-75.3937,41.0752],[-75.3785,41.1116],[-75.5981,41.1631],[-75.6033,41.1519],[-75.6156,41.1507],[-75.6153,41.1439],[-75.6282,41.1372],[-75.6251,41.1309],[-75.6342,41.1232],[-75.6412,41.1269],[-75.6494,41.1223]]]},"properties":{"geoid":"42176","state":"42","district":"176","name":"State House District 176","chamber":"House"}},{"type":"Feature","geometry":{"type":"Polygon","coordinates":[[[-75.1302,39.9872],[-75.1176,39.9758],[-75.1221,39.9709],[-75.1192,39.9658],[-75.0784,39.9774],[-75.0626,39.9882],[-75.0517,40.007],[-75.0355,40.0152],[-75.0425,40.0249],[-75.0575,40.0216],[-75.0624,40.0274],[-75.0847,40.0318],[-75.0906,40.0258],[-75.0756,40.0241],[-75.0706,40.0105],[-75.1164,39.9844],[-75.1247,39.9903],[-75.1302,39.9872]]]},"properties":{"geoid":"42177","state":"42","district":"177","name":"State House District 177","chamber":"House"}},{"type":"Feature","geometry":{"type":"Polygon","coordinates":[[[-75.1222,40.2452],[-75.0438,40.1981],[-75.0712,40.171],[-75.0293,40.1465],[-75.0001,40.171],[-74.9838,40.1632],[-74.9693,40.1728],[-74.9718,40.1883],[-74.9579,40.2017],[-74.968,40.1987],[-74.9726,40.2075],[-74.9478,40.2117],[-74.9549,40.2123],[-74.9654,40.2216],[-74.9628,40.2269],[-74.9742,40.232],[-74.9699,40.2403],[-74.9856,40.2463],[-74.955,40.2767],[-74.9992,40.3019],[-75.0496,40.2567],[-75.0573,40.2575],[-75.0549,40.269],[-75.0649,40.263],[-75.0891,40.2827],[-75.0955,40.2763],[-75.1127,40.2721],[-75.1165,40.2652],[-75.1121,40.2627],[-75.1172,40.2579],[-75.1125,40.255],[-75.1222,40.2452]]]},"properties":{"geoid":"42178","state":"42","district":"178","name":"State House District 178","chamber":"House"}},{"type":"Feature","geometry":{"type":"Polygon","coordinates":[[[-75.1333,40.0238],[-75.1128,40.027],[-75.11,40.0223],[-75.1194,40.013],[-75.1081,40.0115],[-75.1072,40.0167],[-75.0988,40.0163],[-75.0997,40.0121],[-75.0944,40.0114],[-75.0864,39.9989],[-75.0689,40.0128],[-75.0756,40.0241],[-75.0894,40.0251],[-75.0851,40.0313],[-75.1058,40.0419],[-75.1149,40.0344],[-75.1305,40.0364],[-75.1333,40.0238]]]},"properties":{"geoid":"42179","state":"42","district":"179","name":"State House District 179","chamber":"House"}},{"type":"Feature","geometry":{"type":"Polygon","coordinates":[[[-75.1375,40.0043],[-75.1319,40.0052],[-75.1309,39.9909],[-75.1176,39.9843],[-75.0864,39.9989],[-75.0944,40.0114],[-75.0997,40.0121],[-75.0988,40.0163],[-75.1072,40.0167],[-75.1081,40.0115],[-75.126,40.0139],[-75.125,40.0184],[-75.1342,40.0196],[-75.1375,40.0043]]]},"properties":{"geoid":"42180","state":"42","district":"180","name":"State House District 180","chamber":"House"}},{"type":"Feature","geometry":{"type":"Polygon","coordinates":[[[-75.1748,39.9824],[-75.1672,39.9734],[-75.1713,39.9623],[-75.1664,39.9548],[-75.1614,39.9625],[-75.1482,39.9614],[-75.1465,39.9704],[-75.1318,39.9768],[-75.145,39.9786],[-75.1464,39.9913],[-75.1415,39.9954],[-75.1477,40],[-75.1538,39.9977],[-75.1576,39.9802],[-75.1748,39.9824]]]},"properties":{"geoid":"42181","state":"42","district":"181","name":"State House District 181","chamber":"House"}},{"type":"Feature","geometry":{"type":"Polygon","coordinates":[[[-75.1883,39.9464],[-75.1662,39.9408],[-75.1676,39.9341],[-75.1529,39.9322],[-75.1567,39.9515],[-75.1631,39.9544],[-75.1802,39.9545],[-75.1883,39.9464]]]},"properties":{"geoid":"42182","state":"42","district":"182","name":"State House District 182","chamber":"House"}},{"type":"Feature","geometry":{"type":"Polygon","coordinates":[[[-75.7148,40.6625],[-75.6449,40.5976],[-75.6203,40.6207],[-75.5295,40.6547],[-75.5475,40.691],[-75.5156,40.7022],[-75.498,40.6792],[-75.4858,40.6726],[-75.4815,40.6557],[-75.3766,40.6938],[-75.3834,40.738],[-75.4024,40.7366],[-75.4145,40.7873],[-75.4352,40.7921],[-75.4433,40.8183],[-75.5775,40.7994],[-75.609,40.7874],[-75.6048,40.7776],[-75.6057,40.7585],[-75.6078,40.7673],[-75.6224,40.7737],[-75.617,40.7608],[-75.6105,40.7578],[-75.6245,40.7514],[-75.62,40.741],[-75.6029,40.7456],[-75.5902,40.7345],[-75.5806,40.7347],[-75.6051,40.7021],[-75.6386,40.6797],[-75.6331,40.6718],[-75.6766,40.6685],[-75.6786,40.6715],[-75.7148,40.6625]]]},"properties":{"geoid":"42183","state":"42","district":"183","name":"State House District 183","chamber":"House"}},{"type":"Feature","geometry":{"type":"Polygon","coordinates":[[[-75.1763,39.894],[-75.1743,39.8811],[-75.1396,39.8874],[-75.1293,39.9075],[-75.1359,39.9324],[-75.1676,39.9341],[-75.1763,39.894]]]},"properties":{"geoid":"42184","state":"42","district":"184","name":"State House District 184","chamber":"House"}},{"type":"Feature","geometry":{"type":"Polygon","coordinates":[[[-75.3165,39.85],[-75.2722,39.8491],[-75.2461,39.854],[-75.2214,39.8615],[-75.189,39.88],[-75.1743,39.8811],[-75.1763,39.894],[-75.1695,39.9255],[-75.1825,39.9273],[-75.184,39.9228],[-75.2085,39.921],[-75.2124,39.9252],[-75.2061,39.9354],[-75.2331,39.9265],[-75.2449,39.9155],[-75.26,39.9135],[-75.2513,39.9044],[-75.2651,39.8875],[-75.2619,39.8829],[-75.2725,39.8767],[-75.282,39.8816],[-75.2955,39.8753],[-75.3048,39.8763],[-75.3142,39.8689],[-75.3165,39.85]]]},"properties":{"geoid":"42185","state":"42","district":"185","name":"State House District 185","chamber":"House"}},{"type":"Feature","geometry":{"type":"Polygon","coordinates":[[[-75.2278,39.9381],[-75.2233,39.9313],[-75.2061,39.9354],[-75.2121,39.9236],[-75.2017,39.9198],[-75.184,39.9228],[-75.1825,39.9273],[-75.1695,39.9255],[-75.1662,39.9408],[-75.1883,39.9464],[-75.1939,39.9421],[-75.2032,39.9436],[-75.2056,39.9369],[-75.2176,39.9373],[-75.2235,39.9433],[-75.2278,39.9381]]]},"properties":{"geoid":"42186","state":"42","district":"186","name":"State House District 186","chamber":"House"}},{"type":"Feature","geometry":{"type":"Polygon","coordinates":[[[-75.8913,40.6773],[-75.5795,40.4781],[-75.5479,40.5057],[-75.5409,40.5055],[-75.5431,40.5103],[-75.5131,40.5374],[-75.5201,40.5405],[-75.5088,40.5405],[-75.5014,40.5468],[-75.5514,40.5788],[-75.6277,40.5272],[-75.6384,40.5407],[-75.6243,40.5404],[-75.6194,40.5534],[-75.609,40.5586],[-75.6241,40.5793],[-75.632,40.6],[-75.6389,40.6032],[-75.6449,40.5976],[-75.7148,40.6625],[-75.6786,40.6715],[-75.6766,40.6685],[-75.6331,40.6718],[-75.6386,40.6797],[-75.6051,40.7021],[-75.5806,40.7347],[-75.5902,40.7345],[-75.6029,40.7456],[-75.62,40.741],[-75.6245,40.7514],[-75.6105,40.7578],[-75.617,40.7608],[-75.6224,40.7737],[-75.6078,40.7673],[-75.6057,40.7585],[-75.6048,40.7776],[-75.6091,40.7875],[-75.6946,40.7702],[-75.7024,40.7622],[-75.7286,40.7539],[-75.7449,40.7403],[-75.7777,40.7295],[-75.8078,40.7075],[-75.8913,40.6773]]]},"properties":{"geoid":"42187","state":"42","district":"187","name":"State House District 187","chamber":"House"}},{"type":"Feature","geometry":{"type":"Polygon","coordinates":[[[-75.2401,39.9459],[-75.2364,39.9426],[-75.2247,39.9454],[-75.2176,39.9373],[-75.2056,39.9369],[-75.2039,39.9431],[-75.1915,39.9432],[-75.1802,39.9545],[-75.2249,39.96],[-75.2262,39.9535],[-75.2385,39.9535],[-75.2401,39.9459]]]},"properties":{"geoid":"42188","state":"42","district":"188","name":"State House District 188","chamber":"House"}},{"type":"Feature","geometry":{"type":"Polygon","coordinates":[[[-75.2495,40.9738],[-75.2175,40.9283],[-75.1292,40.9589],[-75.1202,40.9687],[-75.1355,40.9738],[-75.1297,40.9919],[-75.027,41.0396],[-75.0124,41.0673],[-74.9684,41.0878],[-74.9694,41.0961],[-74.9918,41.0891],[-74.9813,41.1093],[-74.9632,41.1147],[-74.9445,41.13],[-74.9238,41.138],[-74.8834,41.1796],[-74.8593,41.2194],[-74.8669,41.2314],[-74.8573,41.2489],[-74.8466,41.2536],[-74.8388,41.2765],[-75.1157,41.2937],[-75.1565,41.1503],[-75.0827,41.1417],[-75.1048,41.0887],[-75.103,41.0823],[-75.1144,41.0725],[-75.1154,41.0609],[-75.1284,41.0508],[-75.2235,41.0734],[-75.2255,41.0708],[-75.2147,41.0618],[-75.2204,41.0506],[-75.2087,41.0382],[-75.2049,41.009],[-75.2185,41.0096],[-75.2329,41.0031],[-75.2081,40.9878],[-75.2495,40.9738]]]},"properties":{"geoid":"42189","state":"42","district":"189","name":"State House District 189","chamber":"House"}},{"type":"Feature","geometry":{"type":"Polygon","coordinates":[[[-75.2387,39.9824],[-75.2302,39.9788],[-75.2277,39.9651],[-75.1896,39.9755],[-75.1828,39.9929],[-75.1546,39.9939],[-75.1496,40.0169],[-75.1673,40.0097],[-75.1817,40.0257],[-75.1797,40.0079],[-75.1928,40.0067],[-75.206,40.0117],[-75.2275,40.0007],[-75.2257,39.9896],[-75.2387,39.9824]]]},"properties":{"geoid":"42190","state":"42","district":"190","name":"State House District 190","chamber":"House"}},{"type":"Feature","geometry":{"type":"Polygon","coordinates":[[[-75.2753,39.9232],[-75.2585,39.9131],[-75.2541,39.9124],[-75.2529,39.9171],[-75.2449,39.9155],[-75.2227,39.9308],[-75.2284,39.9377],[-75.2228,39.9438],[-75.2364,39.9426],[-75.2403,39.9459],[-75.2388,39.9617],[-75.2477,39.9628],[-75.2516,39.9517],[-75.2472,39.9439],[-75.2733,39.9315],[-75.2707,39.9252],[-75.2753,39.9232]]]},"properties":{"geoid":"42191","state":"42","district":"191","name":"State House District 191","chamber":"House"}},{"type":"Feature","geometry":{"type":"Polygon","coordinates":[[[-75.2803,39.975],[-75.2654,39.9652],[-75.2349,39.9612],[-75.2336,39.9673],[-75.2279,39.9662],[-75.2302,39.9788],[-75.239,39.982],[-75.2257,39.9896],[-75.2265,39.999],[-75.2803,39.975]]]},"properties":{"geoid":"42192","state":"42","district":"192","name":"State House District 192","chamber":"House"}},{"type":"Feature","geometry":{"type":"Polygon","coordinates":[[[-77.5617,40.0973],[-77.543,40.0896],[-77.5469,40.0863],[-77.5409,40.0799],[-77.5457,40.0782],[-77.5403,40.0768],[-77.5419,40.0698],[-77.5323,40.0672],[-77.5325,40.0487],[-77.5172,40.0444],[-77.5194,40.0393],[-77.5078,40.029],[-77.4984,40.0086],[-77.4541,39.9724],[-77.4711,39.9441],[-77.4214,39.9813],[-77.3548,39.9428],[-77.3433,39.9491],[-77.3239,39.9338],[-77.2945,39.9325],[-77.2939,39.9269],[-77.3052,39.9309],[-77.3114,39.9263],[-77.3031,39.9169],[-77.2922,39.9162],[-77.2634,39.8732],[-77.2282,39.8902],[-77.2191,39.8988],[-77.222,39.9024],[-77.2092,39.9116],[-77.1536,39.929],[-77.1393,39.9119],[-77.116,39.9014],[-77.0844,39.914],[-77.0826,39.8929],[-77.0663,39.8868],[-77.0789,39.88],[-77.0765,39.8733],[-77.0654,39.8722],[-77.0733,39.8684],[-77.0738,39.8591],[-77.0659,39.8577],[-77.0799,39.8376],[-77.066,39.8235],[-77.0534,39.8301],[-77.0386,39.8277],[-77.0314,39.8334],[-77.0265,39.8269],[-77.0153,39.8251],[-76.9916,39.8337],[-76.9785,39.8477],[-76.9549,39.8569],[-76.9636,39.874],[-76.974,39.8744],[-76.984,39.8936],[-76.9816,39.9053],[-76.967,39.9162],[-76.9649,39.922],[-76.9702,39.9214],[-76.9726,39.9341],[-76.9662,39.9352],[-77.0186,40.0139],[-77.0685,40.0289],[-77.092,40.0536],[-77.1279,40.0687],[-77.1374,40.0699],[-77.1774,40.0374],[-77.2189,40.1375],[-77.237,40.1668],[-77.2425,40.1906],[-77.353,40.1466],[-77.4473,40.092],[-77.484,40.1242],[-77.5352,40.1009],[-77.5597,40.1007],[-77.5617,40.0973]]]},"properties":{"geoid":"42193","state":"42","district":"193","name":"State House District 193","chamber":"House"}},{"type":"Feature","geometry":{"type":"Polygon","coordinates":[[[-75.2639,40.0546],[-75.206,40.0117],[-75.1928,40.0067],[-75.1797,40.0079],[-75.1821,40.0116],[-75.1781,40.0143],[-75.1831,40.0186],[-75.1794,40.023],[-75.1878,40.0308],[-75.1975,40.0277],[-75.2179,40.055],[-75.2008,40.0707],[-75.1973,40.0677],[-75.1892,40.0732],[-75.2236,40.0929],[-75.2639,40.0546]]]},"properties":{"geoid":"42194","state":"42","district":"194","name":"State House District 194","chamber":"House"}},{"type":"Feature","geometry":{"type":"Polygon","coordinates":[[[-75.1937,39.9753],[-75.1678,39.9559],[-75.1713,39.9623],[-75.1672,39.9734],[-75.175,39.9825],[-75.1576,39.9802],[-75.1546,39.9939],[-75.1828,39.9929],[-75.1893,39.9757],[-75.1937,39.9753]]]},"properties":{"geoid":"42195","state":"42","district":"195","name":"State House District 195","chamber":"House"}},{"type":"Feature","geometry":{"type":"Polygon","coordinates":[[[-76.9842,39.8998],[-76.974,39.8744],[-76.9636,39.874],[-76.9549,39.8569],[-76.9555,39.8287],[-76.9488,39.8164],[-76.915,39.789],[-76.8951,39.8047],[-76.8834,39.8063],[-76.8774,39.8166],[-76.8731,39.8105],[-76.7722,39.8417],[-76.7608,39.8489],[-76.7529,39.8622],[-76.7583,39.8659],[-76.7456,39.8697],[-76.7602,39.8864],[-76.7414,39.8879],[-76.7484,39.8923],[-76.7434,39.8957],[-76.7445,39.9035],[-76.7642,39.9155],[-76.748,39.9145],[-76.7503,39.9287],[-76.7594,39.9383],[-76.757,39.946],[-76.7443,39.9471],[-76.7488,39.9523],[-76.7657,39.9469],[-76.7725,39.9585],[-76.7618,39.9597],[-76.7535,39.9545],[-76.7516,39.9587],[-76.7628,39.9653],[-76.7513,39.971],[-76.7568,39.9772],[-76.762,39.974],[-76.7574,39.9779],[-76.7686,39.9857],[-76.7917,39.9914],[-76.8069,40.0114],[-76.8263,40.0249],[-76.8447,40.0634],[-76.8407,40.0733],[-76.847,40.0838],[-76.8461,40.0948],[-76.8494,40.0844],[-76.8645,40.0848],[-76.8602,40.0707],[-76.8639,40.0642],[-76.8699,40.0722],[-76.8741,40.0713],[-76.871,40.0659],[-76.8822,40.0611],[-76.8812,40.0517],[-76.8989,40.045],[-76.8792,40.0323],[-76.8548,40.0054],[-76.8592,40.002],[-76.8384,39.99],[-76.8428,39.9772],[-76.8494,39.9735],[-76.8286,39.9435],[-76.8899,39.949],[-76.9327,39.967],[-76.9369,39.9624],[-76.9611,39.9628],[-76.9441,39.9518],[-76.949,39.9489],[-76.9567,39.9534],[-76.964,39.9449],[-76.9646,39.9358],[-76.9711,39.9362],[-76.9723,39.9256],[-76.965,39.9221],[-76.967,39.9162],[-76.9842,39.8998]]]},"properties":{"geoid":"42196","state":"42","district":"196","name":"State House District 196","chamber":"House"}},{"type":"Feature","geometry":{"type":"Polygon","coordinates":[[[-75.1537,39.998],[-75.1462,39.9997],[-75.1415,39.9954],[-75.1464,39.9913],[-75.145,39.9786],[-75.1318,39.9768],[-75.128,39.9828],[-75.1308,39.9869],[-75.1255,39.9898],[-75.1309,39.9909],[-75.1319,40.0052],[-75.1377,40.0036],[-75.1342,40.0196],[-75.1194,40.013],[-75.1114,40.0256],[-75.1395,40.0266],[-75.1493,40.018],[-75.1537,39.998]]]},"properties":{"geoid":"42197","state":"42","district":"197","name":"State House District 197","chamber":"House"}},{"type":"Feature","geometry":{"type":"Polygon","coordinates":[[[-75.1781,40.0228],[-75.1673,40.0097],[-75.1617,40.009],[-75.1619,40.014],[-75.142,40.0206],[-75.1395,40.0266],[-75.1332,40.0243],[-75.1305,40.0364],[-75.1239,40.0356],[-75.1275,40.0502],[-75.1186,40.0511],[-75.1467,40.0675],[-75.1506,40.0547],[-75.1416,40.0536],[-75.1467,40.0301],[-75.1592,40.0232],[-75.1655,40.0302],[-75.1746,40.0292],[-75.1781,40.0228]]]},"properties":{"geoid":"42198","state":"42","district":"198","name":"State House District 198","chamber":"House"}},{"type":"Feature","geometry":{"type":"Polygon","coordinates":[[[-77.6276,40.1887],[-77.6136,40.1702],[-77.6088,40.1533],[-77.5933,40.1423],[-77.5928,40.1352],[-77.5686,40.1261],[-77.5629,40.1193],[-77.5597,40.1007],[-77.5472,40.0984],[-77.484,40.1242],[-77.4473,40.092],[-77.353,40.1466],[-77.2425,40.1906],[-77.237,40.1668],[-77.2135,40.1229],[-77.1952,40.123],[-77.191,40.1249],[-77.1958,40.1436],[-77.169,40.1475],[-77.1595,40.1531],[-77.1681,40.1915],[-77.1586,40.1992],[-77.1043,40.1949],[-77.106,40.2189],[-77.1024,40.2225],[-77.1081,40.2327],[-77.0988,40.2534],[-77.1009,40.2621],[-77.0961,40.2784],[-77.0839,40.3012],[-77.1606,40.2897],[-77.2392,40.2841],[-77.3165,40.2675],[-77.3312,40.2764],[-77.3229,40.2912],[-77.3266,40.2926],[-77.3851,40.2627],[-77.4215,40.2558],[-77.4198,40.2641],[-77.4029,40.2801],[-77.3612,40.3052],[-77.3576,40.3125],[-77.366,40.3136],[-77.4195,40.2908],[-77.5294,40.2227],[-77.5594,40.218],[-77.5997,40.1881],[-77.6054,40.1854],[-77.6147,40.1985],[-77.6276,40.1887]]]},"properties":{"geoid":"42199","state":"42","district":"199","name":"State House District 199","chamber":"House"}},{"type":"Feature","geometry":{"type":"Polygon","coordinates":[[[-75.2179,40.0551],[-75.2058,40.0351],[-75.2013,40.0364],[-75.1975,40.0277],[-75.191,40.0276],[-75.1878,40.0308],[-75.1931,40.0354],[-75.1758,40.0522],[-75.1567,40.0644],[-75.1492,40.0584],[-75.1467,40.0675],[-75.1764,40.0846],[-75.2179,40.0551]]]},"properties":{"geoid":"42200","state":"42","district":"200","name":"State House District 200","chamber":"House"}},{"type":"Feature","geometry":{"type":"Polygon","coordinates":[[[-75.1929,40.0355],[-75.1781,40.0226],[-75.1746,40.0292],[-75.1655,40.0302],[-75.1592,40.0232],[-75.1467,40.0301],[-75.1416,40.0536],[-75.1506,40.0547],[-75.1471,40.0583],[-75.1567,40.0644],[-75.1929,40.0355]]]},"properties":{"geoid":"42201","state":"42","district":"201","name":"State House District 201","chamber":"House"}},{"type":"Feature","geometry":{"type":"Polygon","coordinates":[[[-75.0847,40.0318],[-75.0624,40.0274],[-75.0575,40.0216],[-75.0447,40.0252],[-75.0409,40.0368],[-75.066,40.0512],[-75.0847,40.0318]]]},"properties":{"geoid":"42202","state":"42","district":"202","name":"State House District 202","chamber":"House"}},{"type":"Feature","geometry":{"type":"Polygon","coordinates":[[[-75.1285,40.0456],[-75.1239,40.0356],[-75.1149,40.0344],[-75.1058,40.0419],[-75.0864,40.031],[-75.066,40.0512],[-75.0874,40.0636],[-75.1094,40.0458],[-75.1186,40.0511],[-75.1275,40.0502],[-75.1285,40.0456]]]},"properties":{"geoid":"42203","state":"42","district":"203","name":"State House District 203","chamber":"House"}}]}