{"type":"FeatureCollection","features":[{"type":"Feature","geometry":{"type":"Polygon","coordinates":[[[-95.8577,33.4619],[-95.8489,33.4578],[-95.8266,33.4591],[-95.8171,33.4695],[-95.7816,33.4863],[-95.7793,33.4918],[-95.7614,33.4955],[-95.7556,33.4908],[-95.7372,33.49],[-95.733,33.4846],[-95.7095,33.4831],[-95.7078,33.4878],[-95.6972,33.4768],[-95.6851,33.4787],[-95.6818,33.4703],[-95.6608,33.475],[-95.6435,33.4868],[-95.6363,33.4821],[-95.6218,33.4871],[-95.6095,33.4813],[-95.6037,33.4847],[-95.593,33.4801],[-95.5957,33.4771],[-95.5908,33.469],[-95.5622,33.4759],[-95.5621,33.4719],[-95.5492,33.4679],[-95.5465,33.4588],[-95.5268,33.4459],[-95.5048,33.4419],[-95.4921,33.4514],[-95.4938,33.4555],[-95.4817,33.4525],[-95.4738,33.4485],[-95.4642,33.4337],[-95.4447,33.4331],[-95.4328,33.4272],[-95.4299,33.4241],[-95.433,33.4217],[-95.426,33.4168],[-95.4164,33.4163],[-95.4152,33.4112],[-95.3998,33.4098],[-95.397,33.399],[-95.3881,33.4021],[-95.3859,33.3981],[-95.3796,33.3997],[-95.3728,33.3908],[-95.3688,33.3943],[-95.3539,33.3869],[-95.3364,33.388],[-95.3241,33.3794],[-95.3015,33.3783],[-95.2991,33.3827],[-95.2901,33.3756],[-95.2726,33.3734],[-95.271,33.3767],[-95.261,33.3669],[-95.2572,33.3705],[-95.241,33.3678],[-95.2344,33.3738],[-95.2282,33.3707],[-95.2297,33.3756],[-95.2067,33.3806],[-95.1962,33.3795],[-95.1988,33.3747],[-95.1917,33.3738],[-95.1858,33.3761],[-95.1882,33.3793],[-95.1831,33.3772],[-95.1801,33.3817],[-95.1768,33.3778],[-95.1662,33.3855],[-95.1577,33.3838],[-95.1605,33.3799],[-95.1432,33.3831],[-95.1455,33.3882],[-95.1401,33.3853],[-95.1233,33.3895],[-95.1196,33.3859],[-95.1015,33.3967],[-95.0948,33.3927],[-95.0933,33.3976],[-95.0748,33.3859],[-95.0583,33.3921],[-95.0591,33.3861],[-95.052,33.389],[-95.0498,33.3831],[-95.0397,33.3801],[-95.0412,33.3849],[-95.02,33.3809],[-95.0171,33.3909],[-95.0047,33.3954],[-94.9998,33.3942],[-95.0028,33.3902],[-94.9854,33.3887],[-94.983,33.3922],[-94.9793,33.3871],[-94.9615,33.3898],[-94.9552,33.3966],[-94.9525,33.3904],[-94.9357,33.3896],[-94.9355,33.3858],[-94.9319,33.3887],[-94.9274,33.3837],[-94.9105,33.3878],[-94.9083,33.3837],[-94.8898,33.3985],[-94.8762,33.3944],[-94.8576,33.3767],[-94.8576,33.3815],[-94.8511,33.3801],[-94.8499,33.3838],[-94.8463,33.3788],[-94.8453,33.3834],[-94.8374,33.3821],[-94.8398,33.3851],[-94.8354,33.3789],[-94.8349,33.3837],[-94.8302,33.3828],[-94.8127,33.3756],[-94.8151,33.3631],[-94.8088,33.3636],[-94.8198,32.9829],[-94.8155,32.9808],[-94.8185,32.9778],[-94.8043,32.9716],[-94.8025,32.9655],[-94.7846,32.9573],[-94.7866,32.9528],[-94.7739,32.9438],[-94.7756,32.9346],[-94.769,32.9259],[-94.7558,32.9184],[-94.7493,32.9214],[-94.7388,32.9183],[-94.7366,32.9124],[-94.7267,32.9131],[-94.72,32.9049],[-94.7217,32.9009],[-94.7067,32.8948],[-94.7059,32.8792],[-94.0431,32.8811],[-94.0433,33.5516],[-94.0618,33.5495],[-94.0734,33.5549],[-94.0719,33.5598],[-94.0556,33.5616],[-94.0563,33.5675],[-94.0682,33.5707],[-94.0711,33.5831],[-94.0751,33.5832],[-94.0726,33.5722],[-94.0919,33.5751],[-94.1207,33.567],[-94.1225,33.5535],[-94.1275,33.5506],[-94.1351,33.571],[-94.1449,33.5652],[-94.1514,33.5685],[-94.142,33.5811],[-94.157,33.5758],[-94.1618,33.5887],[-94.184,33.5946],[-94.1967,33.5812],[-94.2129,33.5834],[-94.2173,33.5802],[-94.2117,33.5738],[-94.2017,33.5775],[-94.1951,33.5743],[-94.1919,33.557],[-94.1994,33.556],[-94.2073,33.567],[-94.2238,33.5535],[-94.2367,33.5523],[-94.2521,33.56],[-94.2369,33.58],[-94.2367,33.5871],[-94.2429,33.5897],[-94.26,33.5804],[-94.2773,33.5573],[-94.2908,33.559],[-94.2903,33.5677],[-94.2807,33.5751],[-94.2874,33.5826],[-94.2998,33.5747],[-94.3095,33.5516],[-94.3202,33.549],[-94.3315,33.5531],[-94.3355,33.5647],[-94.3437,33.568],[-94.3525,33.5622],[-94.3473,33.5516],[-94.3535,33.5437],[-94.3868,33.5451],[-94.4015,33.5605],[-94.3956,33.5665],[-94.3789,33.5702],[-94.3826,33.5833],[-94.3981,33.5711],[-94.4096,33.5683],[-94.4307,33.5916],[-94.4511,33.5912],[-94.4575,33.6004],[-94.4712,33.6019],[-94.4703,33.6068],[-94.4529,33.6174],[-94.4527,33.6225],[-94.4606,33.6247],[-94.4627,33.6308],[-94.4485,33.6344],[-94.4487,33.6427],[-94.4592,33.645],[-94.466,33.6362],[-94.4917,33.6365],[-94.4884,33.6274],[-94.5045,33.6207],[-94.5115,33.6231],[-94.5175,33.6331],[-94.5198,33.6181],[-94.5277,33.6159],[-94.5354,33.6242],[-94.5185,33.6376],[-94.5218,33.6407],[-94.5377,33.6383],[-94.5534,33.6276],[-94.57,33.6285],[-94.5684,33.6372],[-94.543,33.6493],[-94.5481,33.6603],[-94.58,33.6445],[-94.5905,33.6451],[-94.5768,33.6588],[-94.5603,33.6666],[-94.5808,33.6664],[-94.5796,33.6776],[-94.5879,33.6863],[-94.593,33.684],[-94.59,33.6759],[-94.596,33.6639],[-94.6058,33.6642],[-94.622,33.6825],[-94.6287,33.6805],[-94.6387,33.664],[-94.6549,33.6599],[-94.671,33.6684],[-94.6618,33.6751],[-94.6518,33.6705],[-94.6453,33.6736],[-94.6504,33.6844],[-94.6386,33.6958],[-94.6437,33.7015],[-94.6479,33.7005],[-94.6471,33.6903],[-94.6514,33.6858],[-94.6669,33.6946],[-94.6848,33.6844],[-94.7162,33.6879],[-94.7144,33.6972],[-94.7035,33.6975],[-94.7016,33.7029],[-94.734,33.7157],[-94.7307,33.7074],[-94.7189,33.7033],[-94.7159,33.6949],[-94.7195,33.6889],[-94.7359,33.6916],[-94.7538,33.7087],[-94.7361,33.7161],[-94.7334,33.7252],[-94.7421,33.7267],[-94.7514,33.7135],[-94.7577,33.7178],[-94.7477,33.7251],[-94.7518,33.7343],[-94.7606,33.7271],[-94.7687,33.727],[-94.7886,33.7357],[-94.7768,33.7464],[-94.7589,33.7485],[-94.7578,33.7559],[-94.763,33.7598],[-94.7729,33.7597],[-94.7801,33.7445],[-94.8028,33.7327],[-94.817,33.74],[-94.8122,33.7509],[-94.8207,33.769],[-94.8309,33.76],[-94.823,33.7475],[-94.822,33.7329],[-94.8285,33.7351],[-94.8279,33.7409],[-94.8493,33.7396],[-94.8675,33.7449],[-94.8771,33.7531],[-94.8667,33.7618],[-94.8681,33.7689],[-94.8746,33.7696],[-94.8764,33.7573],[-94.8869,33.7691],[-94.9013,33.7709],[-94.9215,33.7905],[-94.9109,33.8159],[-94.918,33.8268],[-94.9266,33.8276],[-94.9233,33.8087],[-94.9422,33.8058],[-94.9535,33.816],[-94.9439,33.8302],[-94.9644,33.837],[-94.9702,33.8618],[-94.9885,33.851],[-95.0022,33.8637],[-95.0157,33.8577],[-95.0482,33.8635],[-95.0506,33.8783],[-95.0591,33.8875],[-95.0601,33.9019],[-95.0724,33.9027],[-95.0718,33.8956],[-95.076,33.9021],[-95.0746,33.9073],[-95.0637,33.9111],[-95.0673,33.9174],[-95.074,33.9156],[-95.0787,33.905],[-95.0824,33.8799],[-95.0896,33.8809],[-95.1004,33.8956],[-95.0797,33.9086],[-95.0768,33.9136],[-95.0801,33.921],[-95.1104,33.9054],[-95.1209,33.9045],[-95.1316,33.9139],[-95.1217,33.9258],[-95.1247,33.9347],[-95.157,33.9366],[-95.1715,33.9467],[-95.2145,33.9623],[-95.226,33.9622],[-95.2329,33.9497],[-95.2502,33.9385],[-95.2485,33.907],[-95.2575,33.8903],[-95.2621,33.8878],[-95.2667,33.8939],[-95.2687,33.9111],[-95.2846,33.9055],[-95.278,33.8893],[-95.2807,33.8755],[-95.3051,33.8746],[-95.3299,33.8863],[-95.3357,33.8743],[-95.3626,33.8669],[-95.4052,33.8646],[-95.4277,33.8705],[-95.4404,33.8663],[-95.4633,33.8724],[-95.4614,33.8871],[-95.4835,33.8768],[-95.505,33.8759],[-95.5086,33.8975],[-95.5326,33.8815],[-95.5445,33.8808],[-95.5512,33.8897],[-95.5478,33.9019],[-95.5542,33.927],[-95.5638,33.9329],[-95.5819,33.9342],[-95.5941,33.9431],[-95.6031,33.9292],[-95.6164,33.9276],[-95.6293,33.9059],[-95.6655,33.909],[-95.6846,33.8906],[-95.7006,33.8858],[-95.7122,33.8855],[-95.7352,33.8968],[-95.7562,33.8923],[-95.7621,33.8751],[-95.7516,33.856],[-95.7636,33.8468],[-95.772,33.8456],[-95.7999,33.8613],[-95.8199,33.8575],[-95.822,33.8386],[-95.8315,33.8348],[-95.8465,33.8399],[-95.8551,33.8274],[-95.8577,33.4619]]]},"properties":{"geoid":"48001","state":"48","district":"1","name":"State House District 1","chamber":"House"}},{"type":"Feature","geometry":{"type":"Polygon","coordinates":[[[-96.2973,32.8671],[-96.2973,32.8417],[-96.0768,32.8385],[-96.0759,32.3575],[-95.4492,32.3552],[-95.4545,32.3669],[-95.4704,32.3688],[-95.4937,32.3895],[-95.5069,32.4149],[-95.5248,32.4212],[-95.5249,32.4255],[-95.5397,32.4334],[-95.5528,32.4536],[-95.5729,32.4614],[-95.5943,32.4799],[-95.5926,32.6882],[-95.5938,32.6939],[-95.604,32.6963],[-95.6048,32.7047],[-95.6263,32.7087],[-95.6374,32.7247],[-95.6412,32.718],[-95.6485,32.7193],[-95.6594,32.7114],[-95.6641,32.7157],[-95.668,32.7133],[-95.6777,32.728],[-95.6882,32.7283],[-95.6912,32.7373],[-95.7018,32.7376],[-95.7023,32.7424],[-95.7318,32.7494],[-95.7335,32.7462],[-95.733,32.7522],[-95.7392,32.7568],[-95.7623,32.7554],[-95.7612,32.762],[-95.765,32.764],[-95.761,32.7697],[-95.7655,32.7716],[-95.7792,32.7737],[-95.7847,32.7701],[-95.7954,32.7758],[-95.8076,32.7739],[-95.8077,32.768],[-95.8158,32.7655],[-95.8148,32.771],[-95.8279,32.7668],[-95.8353,32.7719],[-95.8508,32.7708],[-95.8548,32.7786],[-95.8637,32.7769],[-95.8726,32.7884],[-95.8785,32.7878],[-95.8777,32.7912],[-95.8947,32.7991],[-95.8946,32.8036],[-95.8993,32.8022],[-95.9067,32.8069],[-95.905,32.8097],[-95.9224,32.8156],[-95.9222,32.821],[-95.9275,32.8224],[-95.9256,32.8293],[-95.9349,32.8403],[-95.9564,32.8449],[-95.9874,32.8761],[-95.9728,32.8982],[-95.9453,32.9799],[-95.6677,32.9796],[-95.6654,32.9604],[-95.309,32.9626],[-95.3086,33.3772],[-95.3158,33.3731],[-95.3142,33.3672],[-95.3359,33.3614],[-95.3445,33.3636],[-95.3449,33.3603],[-95.3697,33.37],[-95.3849,33.3655],[-95.391,33.3696],[-95.3983,33.3672],[-95.4003,33.3717],[-95.4125,33.3675],[-95.4183,33.371],[-95.4354,33.364],[-95.4409,33.3667],[-95.4413,33.3627],[-95.4562,33.3684],[-95.465,33.3568],[-95.4781,33.3565],[-95.4854,33.3499],[-95.4917,33.3544],[-95.4973,33.3518],[-95.4953,33.3493],[-95.5143,33.3462],[-95.5263,33.3491],[-95.531,33.3573],[-95.5395,33.3605],[-95.5471,33.3558],[-95.5521,33.3578],[-95.5571,33.3509],[-95.5669,33.3574],[-95.574,33.3538],[-95.5869,33.3587],[-95.6129,33.3483],[-95.6159,33.3383],[-95.6369,33.326],[-95.6439,33.3126],[-95.6501,33.31],[-95.6571,33.3132],[-95.6831,33.2998],[-95.6981,33.3084],[-95.7198,33.2994],[-95.721,33.3042],[-95.7299,33.3056],[-95.742,33.297],[-95.7581,33.2969],[-95.7565,33.2882],[-95.7743,33.2769],[-95.7718,33.2745],[-95.7771,33.2729],[-95.779,33.2602],[-95.7867,33.254],[-95.8039,33.252],[-95.81,33.2421],[-95.8222,33.2409],[-95.8341,33.2322],[-95.8442,33.2339],[-95.8475,33.2254],[-95.8602,33.2183],[-95.8587,33.4095],[-96.2954,33.3519],[-96.2973,32.8671]]]},"properties":{"geoid":"48002","state":"48","district":"2","name":"State House District 2","chamber":"House"}},{"type":"Feature","geometry":{"type":"Polygon","coordinates":[[[-95.8044,30.3123],[-95.8033,30.0901],[-95.789,30.0947],[-95.7611,30.0864],[-95.749,30.0958],[-95.734,30.0935],[-95.7145,30.1025],[-95.691,30.0988],[-95.6838,30.1074],[-95.669,30.1014],[-95.6616,30.1114],[-95.654,30.1092],[-95.6369,30.1264],[-95.6239,30.1267],[-95.6232,30.1358],[-95.6008,30.1327],[-95.5906,30.1359],[-95.5806,30.1499],[-95.5703,30.1526],[-95.5657,30.1607],[-95.5574,30.1609],[-95.5583,30.1807],[-95.5653,30.1865],[-95.5535,30.2051],[-95.5784,30.2059],[-95.5691,30.2122],[-95.5682,30.2209],[-95.5014,30.2311],[-95.5015,30.2472],[-95.4907,30.25],[-95.4568,30.2446],[-95.4512,30.2485],[-95.4482,30.2422],[-95.4342,30.2391],[-95.4325,30.2313],[-95.4264,30.2316],[-95.4257,30.2243],[-95.4149,30.2249],[-95.4059,30.2149],[-95.3976,30.2166],[-95.3929,30.1988],[-95.3815,30.1859],[-95.3815,30.168],[-95.3622,30.1511],[-95.3391,30.1454],[-95.3388,30.1333],[-95.3304,30.1304],[-95.3282,30.1184],[-95.3213,30.1188],[-95.3143,30.1116],[-95.311,30.0968],[-95.3148,30.0912],[-95.2805,30.077],[-95.2818,30.0705],[-95.269,30.0465],[-95.2713,30.0417],[-95.2637,30.0325],[-95.1729,30.1057],[-95.1716,30.1173],[-95.1871,30.129],[-95.1922,30.1489],[-95.2133,30.1501],[-95.2117,30.1545],[-95.2154,30.155],[-95.1913,30.1931],[-95.2193,30.1952],[-95.2322,30.2165],[-95.2427,30.2196],[-95.2446,30.2401],[-95.2704,30.2401],[-95.2707,30.2548],[-95.294,30.2601],[-95.3122,30.2571],[-95.334,30.2868],[-95.3517,30.2942],[-95.3637,30.3135],[-95.3764,30.3188],[-95.3988,30.3236],[-95.3957,30.3078],[-95.3909,30.305],[-95.3968,30.3039],[-95.3929,30.301],[-95.3978,30.2998],[-95.3957,30.2942],[-95.4214,30.2813],[-95.4107,30.2696],[-95.4296,30.2653],[-95.4319,30.2717],[-95.4608,30.2631],[-95.4608,30.2783],[-95.4835,30.2831],[-95.5071,30.2972],[-95.5095,30.3046],[-95.5056,30.3129],[-95.5383,30.3167],[-95.5393,30.2989],[-95.5439,30.2958],[-95.5727,30.2986],[-95.5645,30.2872],[-95.5588,30.288],[-95.5569,30.2799],[-95.5748,30.2799],[-95.5774,30.2723],[-95.5843,30.2799],[-95.6351,30.2789],[-95.6476,30.2826],[-95.6485,30.2758],[-95.6608,30.2757],[-95.6608,30.252],[-95.6691,30.2498],[-95.6746,30.2515],[-95.6765,30.2586],[-95.682,30.2585],[-95.6906,30.2778],[-95.7053,30.2805],[-95.6968,30.2989],[-95.6974,30.3337],[-95.7261,30.3271],[-95.7318,30.3058],[-95.7262,30.3],[-95.7448,30.3157],[-95.771,30.305],[-95.7936,30.3091],[-95.7981,30.32],[-95.7942,30.3245],[-95.8044,30.3123]]]},"properties":{"geoid":"48003","state":"48","district":"3","name":"State House District 3","chamber":"House"}},{"type":"Feature","geometry":{"type":"Polygon","coordinates":[[[-96.5296,32.5453],[-96.5197,32.5318],[-96.5122,32.5362],[-96.5072,32.5324],[-96.5094,32.5265],[-96.503,32.526],[-96.5076,32.5175],[-96.5019,32.5119],[-96.5133,32.5121],[-96.5005,32.4955],[-96.5067,32.4976],[-96.5087,32.4919],[-96.5018,32.4882],[-96.5102,32.4819],[-96.4928,32.4662],[-96.4935,32.4566],[-96.4982,32.4534],[-96.4843,32.4515],[-96.4774,32.4344],[-96.4503,32.4246],[-96.4344,32.4111],[-96.4398,32.4001],[-96.4345,32.3892],[-96.4389,32.3891],[-96.4374,32.3786],[-96.4486,32.376],[-96.4437,32.3701],[-96.4484,32.3706],[-96.4477,32.3667],[-96.4517,32.3712],[-96.4538,32.3679],[-96.45,32.3645],[-96.4537,32.3572],[-96.4484,32.3545],[-96.4493,32.351],[-96.4546,32.3523],[-96.4518,32.345],[-96.4363,32.3454],[-96.4302,32.3322],[-96.4175,32.3355],[-96.4056,32.3277],[-96.3857,32.3322],[-96.3672,32.3177],[-96.3461,32.3131],[-96.3454,32.309],[-96.331,32.3035],[-96.3234,32.3063],[-96.3101,32.2983],[-96.3049,32.3022],[-96.3034,32.2973],[-96.2992,32.3014],[-96.2966,32.2982],[-96.3004,32.2942],[-96.2889,32.2932],[-96.2937,32.29],[-96.2838,32.2789],[-96.2902,32.2689],[-96.2849,32.2658],[-96.2851,32.2546],[-96.2806,32.2541],[-96.2823,32.2581],[-96.2777,32.2606],[-96.2728,32.2525],[-96.2677,32.2592],[-96.2565,32.2451],[-96.2509,32.2473],[-96.2544,32.2506],[-96.2351,32.2509],[-96.2361,32.2422],[-96.2173,32.2335],[-96.2161,32.2244],[-96.2111,32.2264],[-96.2091,32.2187],[-96.2007,32.2143],[-96.1961,32.2198],[-96.1971,32.2074],[-96.1907,32.2026],[-96.1757,32.204],[-96.1559,32.215],[-96.1468,32.2119],[-96.1478,32.207],[-96.1607,32.204],[-96.1556,32.2004],[-96.1579,32.1913],[-96.1683,32.1869],[-96.1668,32.1828],[-96.1717,32.1853],[-96.1765,32.1814],[-96.1729,32.1707],[-96.1758,32.1682],[-96.1665,32.1661],[-96.1668,32.1583],[-96.1595,32.1549],[-96.1522,32.1584],[-96.1384,32.1514],[-96.1137,32.1609],[-96.1042,32.1524],[-96.1024,32.1423],[-96.1145,32.1271],[-96.1115,32.1158],[-96.1181,32.0976],[-96.1088,32.0855],[-96.1082,32.076],[-96.099,32.0816],[-96.0816,32.0815],[-96.0756,32.091],[-96.0756,32.1089],[-96.0699,32.1149],[-96.0518,32.1176],[-96.0588,32.1296],[-96.0534,32.1339],[-96.0553,32.1395],[-96.0392,32.1397],[-96.038,32.1348],[-96.0343,32.1399],[-96.0247,32.1391],[-96.0022,32.1234],[-95.9998,32.1138],[-95.9695,32.1125],[-95.9638,32.116],[-95.9762,32.157],[-95.9654,32.1658],[-95.9638,32.1763],[-95.951,32.1782],[-95.9524,32.185],[-95.909,32.1944],[-95.8972,32.1711],[-95.8661,32.1656],[-95.8258,32.1728],[-95.8156,32.1809],[-95.8058,32.1992],[-95.8054,32.2135],[-95.8123,32.2271],[-95.8526,32.2273],[-95.8442,32.2805],[-95.8478,32.3569],[-96.0759,32.3575],[-96.0768,32.8385],[-96.2973,32.8417],[-96.2974,32.8142],[-96.519,32.8136],[-96.5231,32.5452],[-96.5296,32.5453]]]},"properties":{"geoid":"48004","state":"48","district":"4","name":"State House District 4","chamber":"House"}},{"type":"Feature","geometry":{"type":"Polygon","coordinates":[[[-95.9873,32.8764],[-95.9564,32.8449],[-95.9349,32.8403],[-95.9256,32.8293],[-95.9275,32.8224],[-95.9222,32.821],[-95.9224,32.8156],[-95.905,32.8097],[-95.9067,32.8069],[-95.8993,32.8022],[-95.8946,32.8036],[-95.8947,32.7991],[-95.8777,32.7912],[-95.8785,32.7878],[-95.8726,32.7884],[-95.8637,32.7769],[-95.8548,32.7786],[-95.8508,32.7708],[-95.8353,32.7719],[-95.8279,32.7668],[-95.8148,32.771],[-95.8158,32.7655],[-95.8077,32.768],[-95.8076,32.7739],[-95.7954,32.7758],[-95.7847,32.7701],[-95.7792,32.7737],[-95.7655,32.7716],[-95.761,32.7697],[-95.765,32.764],[-95.7612,32.762],[-95.7623,32.7554],[-95.7392,32.7568],[-95.733,32.7522],[-95.7335,32.7462],[-95.7318,32.7494],[-95.7023,32.7424],[-95.7018,32.7376],[-95.6912,32.7373],[-95.6882,32.7283],[-95.6777,32.728],[-95.668,32.7133],[-95.6641,32.7157],[-95.6594,32.7114],[-95.6485,32.7193],[-95.6412,32.718],[-95.6374,32.7247],[-95.6263,32.7087],[-95.6048,32.7047],[-95.604,32.6963],[-95.5938,32.6939],[-95.5926,32.6882],[-95.5943,32.4996],[-95.4612,32.4707],[-95.4006,32.4687],[-95.4105,32.4521],[-95.4039,32.4483],[-95.4037,32.4305],[-95.3961,32.4135],[-95.3812,32.4146],[-95.3582,32.4264],[-95.3378,32.4105],[-95.3186,32.4107],[-95.3127,32.3978],[-95.3005,32.3968],[-95.2985,32.4008],[-95.2956,32.3913],[-95.2737,32.3874],[-95.2602,32.3973],[-95.245,32.3931],[-95.2334,32.3955],[-95.2307,32.3796],[-95.2256,32.3784],[-95.2254,32.3658],[-95.1795,32.3735],[-95.1753,32.3666],[-95.1827,32.3586],[-95.1826,32.3498],[-95.1942,32.3408],[-95.1564,32.3268],[-95.1057,32.3261],[-95.0938,32.3167],[-95.0949,32.2869],[-95.0565,32.2742],[-95.0451,32.2775],[-95.0118,32.2747],[-95.0014,32.2788],[-94.9938,32.276],[-94.9938,32.26],[-94.9854,32.263],[-94.9869,32.5372],[-94.9748,32.5359],[-94.8202,32.5906],[-94.7585,32.6598],[-94.747,32.6603],[-94.7461,32.6675],[-94.7277,32.6552],[-94.7039,32.6581],[-94.7018,32.6522],[-94.7021,32.8205],[-94.6724,32.8348],[-94.699,32.8451],[-94.6983,32.8602],[-94.7063,32.8614],[-94.7097,32.8705],[-94.7068,32.8949],[-94.7217,32.9009],[-94.72,32.9049],[-94.7268,32.9132],[-94.7366,32.9124],[-94.7388,32.9183],[-94.7493,32.9214],[-94.7558,32.9184],[-94.769,32.9259],[-94.7756,32.9346],[-94.7739,32.9438],[-94.7866,32.9528],[-94.7865,32.9594],[-94.8185,32.9778],[-94.8088,33.3636],[-94.8151,33.3631],[-94.8134,33.3759],[-94.8339,33.3839],[-94.8354,33.3789],[-94.8392,33.3852],[-94.8374,33.3821],[-94.8453,33.3834],[-94.8463,33.3788],[-94.8492,33.3838],[-94.8511,33.3801],[-94.8576,33.3815],[-94.8576,33.3767],[-94.8762,33.3944],[-94.8893,33.3985],[-94.9083,33.3837],[-94.9105,33.3878],[-94.9274,33.3837],[-94.9319,33.3887],[-94.9355,33.3858],[-94.9357,33.3896],[-94.9525,33.3904],[-94.9552,33.3966],[-94.9615,33.3898],[-94.9793,33.3871],[-94.983,33.3922],[-94.9854,33.3887],[-95.0028,33.3902],[-94.9998,33.3942],[-95.0047,33.3954],[-95.0171,33.3909],[-95.0152,33.3868],[-95.0209,33.3808],[-95.0323,33.3847],[-95.0341,33.3817],[-95.0415,33.3847],[-95.0391,33.3801],[-95.0467,33.382],[-95.052,33.389],[-95.0591,33.3861],[-95.0586,33.3922],[-95.0764,33.3862],[-95.0933,33.3976],[-95.0948,33.3927],[-95.1015,33.3967],[-95.1196,33.3859],[-95.1255,33.3895],[-95.1261,33.0346],[-95.1372,33.0309],[-95.1536,33.0124],[-95.1521,33.0027],[-95.1623,32.9942],[-95.1622,32.9809],[-95.1741,32.969],[-95.1729,32.9618],[-95.6654,32.9604],[-95.6677,32.9796],[-95.9453,32.9799],[-95.9728,32.8982],[-95.9873,32.8764]]]},"properties":{"geoid":"48005","state":"48","district":"5","name":"State House District 5","chamber":"House"}},{"type":"Feature","geometry":{"type":"Polygon","coordinates":[[[-95.5943,32.4996],[-95.5943,32.4799],[-95.5729,32.4614],[-95.5528,32.4536],[-95.5397,32.4334],[-95.5249,32.4255],[-95.5248,32.4212],[-95.5069,32.4149],[-95.4937,32.3895],[-95.471,32.3692],[-95.4628,32.3649],[-95.4565,32.3682],[-95.4491,32.3595],[-95.4476,32.3473],[-95.4526,32.3456],[-95.4531,32.3346],[-95.4587,32.3284],[-95.4577,32.3191],[-95.4506,32.3144],[-95.4555,32.3115],[-95.4538,32.3058],[-95.447,32.2958],[-95.4515,32.2947],[-95.4573,32.2731],[-95.4699,32.2621],[-95.4676,32.2466],[-95.4817,32.2414],[-95.4816,32.2365],[-95.4887,32.2325],[-95.4789,32.2122],[-95.4701,32.2121],[-95.4705,32.2041],[-95.4625,32.2015],[-95.4644,32.191],[-95.4683,32.1905],[-95.4616,32.1829],[-95.471,32.1787],[-95.4694,32.1704],[-95.479,32.1587],[-95.4762,32.1449],[-95.4599,32.1356],[-94.9853,32.138],[-94.9854,32.263],[-94.9938,32.26],[-94.9938,32.276],[-95.002,32.2788],[-95.0118,32.2747],[-95.0451,32.2775],[-95.0565,32.2742],[-95.0949,32.2869],[-95.0938,32.3167],[-95.1015,32.3238],[-95.1103,32.3276],[-95.1564,32.3268],[-95.1942,32.3408],[-95.1826,32.3498],[-95.1827,32.3586],[-95.1753,32.3666],[-95.1795,32.3735],[-95.2254,32.3658],[-95.2256,32.3784],[-95.2307,32.3796],[-95.2334,32.3955],[-95.245,32.3931],[-95.2602,32.3973],[-95.2737,32.3874],[-95.2956,32.3913],[-95.2985,32.4008],[-95.3005,32.3968],[-95.3127,32.3978],[-95.3186,32.4107],[-95.3378,32.4105],[-95.3582,32.4264],[-95.3812,32.4146],[-95.3961,32.4135],[-95.4037,32.4305],[-95.4039,32.4483],[-95.4105,32.4521],[-95.4006,32.4687],[-95.4612,32.4707],[-95.5943,32.4996]]]},"properties":{"geoid":"48006","state":"48","district":"6","name":"State House District 6","chamber":"House"}},{"type":"Feature","geometry":{"type":"Polygon","coordinates":[[[-94.987,32.4356],[-94.9864,32.3708],[-94.6397,32.3708],[-94.6008,32.36],[-94.5914,32.3657],[-94.5792,32.3949],[-94.5544,32.4076],[-94.5418,32.3993],[-94.526,32.4023],[-94.5274,32.3936],[-94.5211,32.3946],[-94.5154,32.3871],[-94.5072,32.3887],[-94.5017,32.3979],[-94.4796,32.3905],[-94.4739,32.3804],[-94.4773,32.3789],[-94.4643,32.377],[-94.4566,32.3693],[-94.4468,32.3721],[-94.4399,32.3618],[-94.4294,32.3626],[-94.422,32.3695],[-94.4195,32.3648],[-94.4091,32.3674],[-94.4101,32.3716],[-94.3991,32.3662],[-94.3838,32.3665],[-94.3795,32.3488],[-94.3829,32.3457],[-94.3721,32.3411],[-94.3724,32.3457],[-94.3675,32.3462],[-94.3506,32.3266],[-94.3487,32.3323],[-94.0429,32.3923],[-94.0431,32.8811],[-94.7059,32.8792],[-94.7097,32.8705],[-94.7063,32.8614],[-94.6983,32.8602],[-94.6977,32.8431],[-94.6724,32.8348],[-94.7021,32.8205],[-94.7018,32.6522],[-94.7039,32.6581],[-94.7277,32.6552],[-94.7461,32.6675],[-94.747,32.6603],[-94.7585,32.6598],[-94.8202,32.5906],[-94.9748,32.5359],[-94.9869,32.5372],[-94.987,32.4356]]]},"properties":{"geoid":"48007","state":"48","district":"7","name":"State House District 7","chamber":"House"}},{"type":"Feature","geometry":{"type":"Polygon","coordinates":[[[-96.8961,32.0741],[-96.7191,31.8149],[-96.4967,31.7962],[-96.0548,32.0125],[-96.049,31.9972],[-96.0648,31.9807],[-96.0609,31.9752],[-96.0545,31.9752],[-96.0541,31.9705],[-96.0464,31.9702],[-96.0429,31.9628],[-96.045,31.9598],[-96.0559,31.9636],[-96.0619,31.9554],[-96.054,31.9479],[-96.0462,31.9518],[-96.0415,31.9449],[-96.0374,31.9491],[-96.0408,31.9521],[-96.0219,31.9573],[-96.0145,31.9461],[-96.0209,31.9382],[-96.0105,31.9341],[-96.0134,31.9299],[-96.0063,31.9247],[-96.0083,31.9185],[-96.0043,31.9191],[-96.0014,31.9082],[-96.0083,31.9053],[-96.0138,31.9109],[-96.0237,31.8954],[-96.0276,31.8779],[-96.0192,31.8718],[-96.0069,31.8812],[-96.0047,31.8723],[-95.9941,31.8663],[-95.9891,31.8687],[-95.9909,31.8762],[-95.9876,31.8731],[-95.9703,31.8772],[-95.9681,31.8725],[-95.9754,31.8716],[-95.9804,31.862],[-95.9871,31.8595],[-95.9946,31.8436],[-95.9785,31.8343],[-95.973,31.8199],[-95.9834,31.79],[-95.9806,31.7846],[-95.9628,31.7894],[-95.9526,31.7758],[-95.939,31.7747],[-95.9347,31.7696],[-95.931,31.7744],[-95.9246,31.7659],[-95.8973,31.7668],[-95.8985,31.7619],[-95.9033,31.7622],[-95.9008,31.7524],[-95.8939,31.7587],[-95.8747,31.7547],[-95.8668,31.742],[-95.8756,31.7434],[-95.881,31.7351],[-95.8771,31.7326],[-95.87,31.7391],[-95.8666,31.7188],[-95.8752,31.7188],[-95.8749,31.7029],[-95.8809,31.7013],[-95.862,31.6873],[-95.8528,31.6978],[-95.8337,31.6951],[-95.8057,31.6711],[-95.7952,31.6752],[-95.7876,31.6926],[-95.7882,31.6875],[-95.7797,31.6839],[-95.7941,31.6603],[-95.7895,31.6475],[-95.7967,31.6311],[-95.7886,31.6271],[-95.7847,31.6107],[-95.772,31.5986],[-95.7611,31.5999],[-95.7487,31.6177],[-95.7573,31.6435],[-95.7541,31.6486],[-95.7357,31.6538],[-95.7185,31.6324],[-95.7101,31.6156],[-95.7112,31.6039],[-95.7219,31.5863],[-95.7295,31.5835],[-95.7182,31.5732],[-95.7222,31.5697],[-95.717,31.5678],[-95.7155,31.5544],[-95.7511,31.552],[-95.7541,31.546],[-95.7509,31.5407],[-95.7587,31.5336],[-95.737,31.5185],[-95.7339,31.5084],[-95.7393,31.5041],[-95.6472,31.527],[-95.6518,31.5418],[-95.4932,31.5649],[-95.2732,31.5929],[-95.2552,31.5748],[-95.2302,31.5735],[-95.2316,31.577],[-95.226,31.5774],[-95.2085,31.5702],[-95.1926,31.5733],[-95.1723,31.585],[-95.1616,31.5732],[-95.1497,31.5696],[-95.1474,31.5632],[-95.1397,31.563],[-95.1473,31.5538],[-95.1434,31.5396],[-95.1264,31.5383],[-95.1237,31.5311],[-95.1205,31.5347],[-95.1,31.5189],[-95.0966,31.5095],[-95.1007,31.5088],[-95.0944,31.4987],[-95.0983,31.4934],[-95.1056,31.4947],[-95.1111,31.4838],[-95.1062,31.4829],[-95.1035,31.4744],[-95.0978,31.4764],[-95.1007,31.4683],[-95.0883,31.466],[-95.0806,31.4699],[-95.0723,31.4635],[-95.0647,31.4713],[-95.0452,31.4451],[-95.0073,31.4446],[-95.0052,31.4399],[-95.0121,31.4356],[-95.0033,31.4257],[-94.8659,31.5269],[-94.8837,31.5294],[-94.8844,31.5409],[-94.894,31.5412],[-94.8933,31.5498],[-94.9006,31.5526],[-94.8896,31.5663],[-94.8917,31.5779],[-94.9127,31.569],[-94.9242,31.5795],[-94.9192,31.5872],[-94.9284,31.5984],[-94.9261,31.6098],[-94.9414,31.627],[-94.9418,31.6384],[-94.9542,31.6397],[-94.9484,31.6572],[-94.9522,31.6596],[-94.9519,31.6705],[-94.9571,31.6705],[-94.9507,31.6799],[-94.9652,31.6939],[-94.9658,31.6984],[-94.96,31.6988],[-94.9641,31.704],[-94.9597,31.7089],[-94.9629,31.7156],[-94.9544,31.7232],[-94.9651,31.7365],[-94.9728,31.7376],[-94.9673,31.7541],[-94.9438,31.7524],[-94.9381,31.7567],[-94.9302,31.7551],[-94.9261,31.7603],[-94.9386,31.7722],[-94.9493,31.7746],[-94.9514,31.7691],[-94.9586,31.7788],[-94.9749,31.782],[-94.9782,31.7934],[-94.9539,31.797],[-94.9543,31.8055],[-94.9467,31.8071],[-94.9423,31.8178],[-94.9483,31.8263],[-94.9406,31.827],[-94.9346,31.8346],[-94.9375,31.8456],[-94.985,31.8462],[-94.9853,32.138],[-95.4599,32.1356],[-95.4779,32.1462],[-95.4798,32.1519],[-95.4738,32.1689],[-95.4694,32.1704],[-95.471,32.1787],[-95.4616,32.1829],[-95.4683,32.1905],[-95.4644,32.191],[-95.4625,32.2015],[-95.4705,32.2041],[-95.4701,32.2121],[-95.4789,32.2122],[-95.4887,32.2325],[-95.4816,32.2365],[-95.4817,32.2414],[-95.4676,32.2466],[-95.4699,32.2621],[-95.4573,32.2731],[-95.4515,32.2947],[-95.447,32.2958],[-95.4538,32.3058],[-95.4555,32.3115],[-95.4506,32.3144],[-95.4577,32.3191],[-95.4587,32.3284],[-95.4531,32.3346],[-95.4526,32.3456],[-95.4476,32.3473],[-95.4492,32.3552],[-95.8478,32.3569],[-95.8442,32.2805],[-95.8526,32.2273],[-95.8107,32.2257],[-95.8051,32.2016],[-95.8158,32.1806],[-95.8279,32.1719],[-95.8676,32.1656],[-95.8974,32.1712],[-95.909,32.1944],[-95.9524,32.185],[-95.951,32.1782],[-95.9638,32.1763],[-95.9654,32.1658],[-95.9762,32.157],[-95.9638,32.116],[-95.9695,32.1125],[-95.9998,32.1138],[-96.0022,32.1234],[-96.0247,32.1391],[-96.0343,32.1399],[-96.038,32.1348],[-96.0392,32.1397],[-96.0553,32.1395],[-96.0534,32.1339],[-96.0588,32.1296],[-96.0519,32.1175],[-96.0699,32.1149],[-96.0756,32.1089],[-96.0756,32.091],[-96.0816,32.0815],[-96.099,32.0816],[-96.106,32.0753],[-96.1181,32.0976],[-96.1115,32.1158],[-96.1145,32.1271],[-96.1024,32.1423],[-96.1043,32.1524],[-96.1137,32.1609],[-96.1384,32.1514],[-96.1522,32.1584],[-96.1595,32.1549],[-96.1668,32.1583],[-96.1665,32.1661],[-96.1758,32.1682],[-96.1762,32.1818],[-96.1668,32.1828],[-96.1683,32.1869],[-96.1579,32.1913],[-96.1556,32.2004],[-96.1607,32.204],[-96.1478,32.207],[-96.1465,32.2117],[-96.1559,32.215],[-96.1757,32.204],[-96.1907,32.2026],[-96.1971,32.2074],[-96.1961,32.2198],[-96.2007,32.2143],[-96.2091,32.2187],[-96.2111,32.2264],[-96.2161,32.2244],[-96.2173,32.2335],[-96.2361,32.2422],[-96.2351,32.2509],[-96.2544,32.2506],[-96.2509,32.2473],[-96.2565,32.2451],[-96.2677,32.2592],[-96.2728,32.2525],[-96.2777,32.2606],[-96.2823,32.2581],[-96.2806,32.2541],[-96.2851,32.2546],[-96.2849,32.2658],[-96.2902,32.2689],[-96.2838,32.2789],[-96.2937,32.29],[-96.2889,32.2932],[-96.3004,32.2942],[-96.2987,32.3012],[-96.3034,32.2973],[-96.3049,32.3022],[-96.3101,32.2983],[-96.3234,32.3063],[-96.3263,32.303],[-96.339,32.306],[-96.3453,32.3128],[-96.3644,32.3164],[-96.3829,32.3289],[-96.8961,32.0741]]]},"properties":{"geoid":"48008","state":"48","district":"8","name":"State House District 8","chamber":"House"}},{"type":"Feature","geometry":{"type":"Polygon","coordinates":[[[-95.777,31.1207],[-95.7606,31.0889],[-95.7416,31.0908],[-95.7364,31.0838],[-95.729,31.088],[-95.7234,31.0798],[-95.7114,31.0818],[-95.707,31.0779],[-95.7041,31.0826],[-95.6985,31.0768],[-95.6924,31.082],[-95.6755,31.076],[-95.6635,31.0839],[-95.6484,31.0699],[-95.6549,31.0673],[-95.6475,31.0554],[-95.63,31.0517],[-95.6314,31.0368],[-95.6412,31.0423],[-95.6688,31.0269],[-95.6674,31.0204],[-95.6584,31.0163],[-95.67,30.9942],[-95.6813,30.9875],[-95.665,30.9709],[-95.6602,30.9572],[-95.6505,30.9473],[-95.6498,30.936],[-95.6374,30.9263],[-95.6179,30.9304],[-95.4348,31.0581],[-95.4343,30.9374],[-95.4114,30.931],[-95.4109,30.9126],[-95.4155,30.9079],[-95.4065,30.9062],[-95.3997,30.8929],[-95.3813,30.8871],[-95.3814,30.8793],[-95.3994,30.8815],[-95.3916,30.876],[-95.3984,30.8672],[-95.3974,30.8583],[-95.3833,30.853],[-95.354,30.8562],[-95.344,30.8758],[-95.3279,30.8593],[-95.3139,30.8731],[-95.3168,30.8798],[-95.3113,30.8858],[-95.3129,30.8979],[-95.2984,30.9026],[-95.2467,30.9044],[-95.2307,30.8867],[-95.2431,30.8669],[-95.231,30.8411],[-95.2076,30.8324],[-95.1884,30.8181],[-95.181,30.8188],[-95.174,30.8076],[-95.1319,30.7832],[-95.1395,30.7749],[-95.1316,30.7575],[-95.1356,30.7482],[-95.146,30.7424],[-95.1422,30.729],[-95.1471,30.7174],[-95.1381,30.7064],[-95.1349,30.6933],[-95.1099,30.6942],[-95.1195,30.6773],[-95.1107,30.672],[-95.115,30.661],[-95.1017,30.6587],[-95.0927,30.6626],[-95.09,30.6718],[-95.0793,30.6694],[-95.057,30.6801],[-95.0533,30.6784],[-95.0545,30.6714],[-95.0356,30.675],[-95.0327,30.6718],[-95.041,30.6638],[-95.0236,30.6602],[-95.0208,30.6544],[-95.0125,30.6583],[-95.0091,30.6546],[-95.0132,30.6485],[-95.0247,30.6485],[-95.0159,30.6271],[-95.0088,30.6276],[-95.0069,30.6081],[-95.0318,30.5973],[-95.029,30.5911],[-95.0359,30.5873],[-95.0297,30.5791],[-94.9657,30.5766],[-94.9494,30.5705],[-94.9373,30.558],[-94.9105,30.5615],[-94.8896,30.5564],[-94.8752,30.5461],[-94.842,30.5461],[-94.8304,30.5416],[-94.8336,30.5304],[-94.8526,30.5244],[-94.8671,30.5114],[-94.8644,30.4945],[-94.7773,30.489],[-94.5379,30.4911],[-94.5457,30.527],[-94.0717,30.526],[-94.067,30.5319],[-94.0736,30.5348],[-94.0706,30.541],[-94.0859,30.5473],[-94.0866,30.5597],[-94.0939,30.5673],[-94.0859,30.5697],[-94.0886,30.5753],[-94.0959,30.5768],[-94.0825,30.5921],[-94.0854,30.5975],[-94.0793,30.5981],[-94.0812,30.6072],[-94.0697,30.6107],[-94.0758,30.618],[-94.053,30.6294],[-94.0558,30.6332],[-94.0516,30.6418],[-94.0598,30.647],[-94.0531,30.649],[-94.0742,30.6678],[-94.0795,30.6608],[-94.0736,30.6614],[-94.0732,30.6559],[-94.0864,30.6573],[-94.0823,30.6669],[-94.0891,30.6733],[-94.0901,30.6876],[-94.1258,30.6841],[-94.123,30.7009],[-94.1375,30.7148],[-94.1295,30.7194],[-94.1383,30.7309],[-94.1283,30.7454],[-94.1299,30.7514],[-94.1399,30.7559],[-94.133,30.7652],[-94.1422,30.7719],[-94.1399,30.7794],[-94.1501,30.7902],[-94.1815,30.7974],[-94.1776,30.8119],[-94.1824,30.8108],[-94.1891,30.8182],[-94.1877,30.8243],[-94.1783,30.8231],[-94.1823,30.8258],[-94.1795,30.8295],[-94.1859,30.8314],[-94.1801,30.8343],[-94.191,30.8375],[-94.201,30.8635],[-94.193,30.8638],[-94.1949,30.8689],[-94.1899,30.872],[-94.1991,30.8746],[-94.1937,30.8776],[-94.2054,30.8872],[-94.2004,30.8926],[-94.2159,30.9015],[-94.205,30.9146],[-94.2081,30.9226],[-94.1995,30.9288],[-94.2066,30.9304],[-94.2034,30.9344],[-94.21,30.938],[-94.221,30.9353],[-94.2232,30.9476],[-94.2286,30.9397],[-94.2313,30.9469],[-94.227,30.9504],[-94.2337,30.9521],[-94.2279,30.9578],[-94.245,30.9668],[-94.2393,30.9729],[-94.2438,30.9819],[-94.2414,30.9925],[-94.2331,30.9863],[-94.2406,31.0052],[-94.2381,31.0134],[-94.2464,31.0115],[-94.2523,31.0189],[-94.2599,31.02],[-94.2812,31.0184],[-94.2863,31.0271],[-94.2831,31.0368],[-94.2926,31.0429],[-94.2992,31.0417],[-94.2985,31.0346],[-94.3242,31.0201],[-94.3374,31.0302],[-94.3378,31.0368],[-94.3534,31.0395],[-94.3547,31.0322],[-94.3747,31.0311],[-94.375,31.0353],[-94.383,31.0262],[-94.3845,31.0295],[-94.3862,31.026],[-94.4138,31.0265],[-94.436,31.0138],[-94.4322,31.0132],[-94.4343,31.0069],[-94.4503,31.0031],[-94.4506,31.0177],[-94.4423,31.03],[-94.4449,31.0344],[-94.4602,31.0312],[-94.0629,31.1149],[-94.0566,31.1117],[-94.0429,31.1188],[-94.0378,31.1294],[-94.0488,31.1503],[-94.0387,31.1761],[-94.0386,31.2177],[-94.029,31.2502],[-94.0384,31.2869],[-94.0473,31.2982],[-94.0417,31.3146],[-94.0438,31.3228],[-94.037,31.3323],[-94.0416,31.3405],[-94.0217,31.3659],[-94.0262,31.3815],[-94.0442,31.41],[-93.9832,31.4661],[-93.9845,31.5694],[-94.0907,31.6206],[-94.3991,31.6536],[-94.3953,31.6386],[-94.3786,31.6357],[-94.3746,31.639],[-94.3647,31.6315],[-94.3673,31.6241],[-94.3567,31.6226],[-94.3504,31.6065],[-94.34,31.6088],[-94.3365,31.601],[-94.3274,31.5965],[-94.328,31.592],[-94.3109,31.5892],[-94.3136,31.5757],[-94.3054,31.5711],[-94.3086,31.5517],[-94.3037,31.5466],[-94.3077,31.5382],[-94.3024,31.5339],[-94.3071,31.5308],[-94.3,31.5269],[-94.3094,31.5242],[-94.3066,31.5202],[-94.3101,31.517],[-94.306,31.5187],[-94.3106,31.5159],[-94.3043,31.5148],[-94.3021,31.5053],[-94.3054,31.4966],[-94.3116,31.4944],[-94.3076,31.4923],[-94.3161,31.4958],[-94.3139,31.4863],[-94.3191,31.4789],[-94.3118,31.4688],[-94.3135,31.4555],[-94.3169,31.4564],[-94.3156,31.4475],[-94.325,31.4394],[-94.3148,31.4357],[-94.3164,31.4304],[-94.3049,31.4218],[-94.3151,31.4097],[-94.3128,31.4043],[-94.3174,31.4021],[-94.3192,31.4057],[-94.3271,31.3993],[-94.323,31.3854],[-94.3278,31.3841],[-94.3246,31.3757],[-94.3312,31.363],[-94.3134,31.3375],[-94.3188,31.3326],[-94.3172,31.3239],[-94.3226,31.3218],[-94.3157,31.3105],[-94.3184,31.308],[-94.3149,31.3081],[-94.3255,31.2939],[-94.3201,31.2946],[-94.327,31.2914],[-94.3222,31.2855],[-94.3324,31.2777],[-94.3396,31.2633],[-94.3289,31.2507],[-94.3398,31.2408],[-94.3244,31.2296],[-94.328,31.2232],[-94.3339,31.2228],[-94.3354,31.2296],[-94.3487,31.2383],[-94.3505,31.2475],[-94.3572,31.2469],[-94.3543,31.2512],[-94.3594,31.2543],[-94.3576,31.2596],[-94.3727,31.2639],[-94.3763,31.274],[-94.383,31.2741],[-94.3826,31.2811],[-94.3874,31.2831],[-94.3854,31.29],[-94.3952,31.3019],[-94.4008,31.3006],[-94.4112,31.3094],[-94.4214,31.3076],[-94.4323,31.3149],[-94.4381,31.3126],[-94.4408,31.3189],[-94.4477,31.3178],[-94.4553,31.3364],[-94.4523,31.3404],[-94.4582,31.3412],[-94.456,31.3519],[-94.462,31.3549],[-94.4715,31.3737],[-94.4661,31.3785],[-94.4698,31.384],[-94.4735,31.3814],[-94.4744,31.3875],[-94.477,31.3841],[-94.4868,31.3898],[-94.4868,31.3951],[-94.4925,31.3947],[-94.4897,31.399],[-94.5022,31.4105],[-94.5045,31.4063],[-94.5113,31.4118],[-94.5198,31.4051],[-94.5175,31.4017],[-94.5376,31.3986],[-94.5463,31.4211],[-94.5449,31.4317],[-94.5554,31.4352],[-94.5815,31.4332],[-94.5829,31.4437],[-94.5873,31.4427],[-94.5884,31.4476],[-94.5953,31.4445],[-94.591,31.4475],[-94.5938,31.4493],[-94.6042,31.4405],[-94.6279,31.4389],[-94.6303,31.4441],[-94.6358,31.4409],[-94.6348,31.444],[-94.6603,31.4524],[-94.6644,31.4596],[-94.6741,31.4525],[-94.6955,31.4517],[-94.709,31.4576],[-94.7286,31.4572],[-94.7338,31.4653],[-94.7391,31.4631],[-94.7555,31.4717],[-94.7645,31.4692],[-94.7773,31.4805],[-94.7925,31.4793],[-94.8039,31.4905],[-94.8116,31.4877],[-94.81,31.4847],[-94.8192,31.4872],[-94.8228,31.4839],[-94.8264,31.4916],[-94.8364,31.496],[-94.8344,31.5023],[-94.8408,31.5021],[-94.84,31.5077],[-94.8511,31.5052],[-94.8517,31.5112],[-94.861,31.5146],[-94.8659,31.5269],[-95.0033,31.4257],[-95.0121,31.4356],[-95.0052,31.4399],[-95.0073,31.4446],[-95.0452,31.4451],[-95.0647,31.4713],[-95.0723,31.4635],[-95.0806,31.4699],[-95.0883,31.466],[-95.1007,31.4683],[-95.0978,31.4764],[-95.1035,31.4744],[-95.1062,31.4829],[-95.1111,31.4838],[-95.1056,31.4947],[-95.0983,31.4934],[-95.0944,31.4987],[-95.1007,31.5088],[-95.0966,31.5095],[-95.1,31.5189],[-95.1205,31.5347],[-95.1237,31.5311],[-95.1264,31.5383],[-95.1434,31.5396],[-95.1473,31.5538],[-95.1397,31.563],[-95.1474,31.5632],[-95.1497,31.5696],[-95.1616,31.5732],[-95.1723,31.585],[-95.1926,31.5733],[-95.2085,31.5702],[-95.226,31.5774],[-95.2316,31.577],[-95.2302,31.5735],[-95.2552,31.5748],[-95.2732,31.5929],[-95.6518,31.5418],[-95.6472,31.527],[-95.7434,31.4999],[-95.7404,31.4956],[-95.7446,31.49],[-95.7384,31.485],[-95.7299,31.4896],[-95.7219,31.4719],[-95.7365,31.4737],[-95.7462,31.4657],[-95.7468,31.4582],[-95.7214,31.4626],[-95.7121,31.4558],[-95.7113,31.4215],[-95.6984,31.4071],[-95.7008,31.3939],[-95.6928,31.3915],[-95.6914,31.3747],[-95.6746,31.3656],[-95.6649,31.3655],[-95.6613,31.3576],[-95.6726,31.3561],[-95.6774,31.3468],[-95.6575,31.3435],[-95.6561,31.3222],[-95.6594,31.3159],[-95.6627,31.321],[-95.6717,31.3172],[-95.6687,31.3077],[-95.6791,31.3021],[-95.6714,31.2956],[-95.6814,31.2885],[-95.6951,31.297],[-95.7074,31.2868],[-95.7041,31.2804],[-95.7252,31.2711],[-95.7281,31.2597],[-95.7221,31.2547],[-95.7277,31.252],[-95.7237,31.2461],[-95.725,31.2301],[-95.7479,31.2083],[-95.7443,31.1788],[-95.728,31.162],[-95.7437,31.1523],[-95.7494,31.1552],[-95.7565,31.142],[-95.7629,31.1442],[-95.7742,31.1383],[-95.7725,31.1281],[-95.777,31.1207]]]},"properties":{"geoid":"48009","state":"48","district":"9","name":"State House District 9","chamber":"House"}},{"type":"Feature","geometry":{"type":"Polygon","coordinates":[[[-97.0871,32.3088],[-97.087,32.2668],[-96.9407,32.0521],[-96.3829,32.3289],[-96.3908,32.3339],[-96.4056,32.3277],[-96.4175,32.3355],[-96.4302,32.3322],[-96.4363,32.3454],[-96.4518,32.345],[-96.4546,32.3523],[-96.4493,32.351],[-96.4484,32.3545],[-96.4537,32.3572],[-96.45,32.3645],[-96.4538,32.3679],[-96.4517,32.3712],[-96.4477,32.3667],[-96.4484,32.3706],[-96.4437,32.3701],[-96.4486,32.376],[-96.4374,32.3786],[-96.4389,32.3891],[-96.4345,32.3892],[-96.4398,32.4001],[-96.4344,32.4111],[-96.4503,32.4246],[-96.4774,32.4344],[-96.4843,32.4515],[-96.4982,32.4534],[-96.4935,32.4566],[-96.4928,32.4662],[-96.5102,32.4819],[-96.5018,32.4882],[-96.5087,32.4919],[-96.5067,32.4976],[-96.5005,32.4955],[-96.5133,32.5121],[-96.5019,32.5119],[-96.5076,32.5175],[-96.503,32.526],[-96.5094,32.5265],[-96.5072,32.5324],[-96.5122,32.5362],[-96.5197,32.5318],[-96.5297,32.5453],[-97.0871,32.5493],[-97.0871,32.3088]]]},"properties":{"geoid":"48010","state":"48","district":"10","name":"State House District 10","chamber":"House"}},{"type":"Feature","geometry":{"type":"Polygon","coordinates":[[[-94.986,32.364],[-94.985,31.8462],[-94.9369,31.8447],[-94.9347,31.834],[-94.9406,31.827],[-94.9483,31.8263],[-94.9423,31.8178],[-94.9467,31.8071],[-94.9543,31.8055],[-94.9539,31.797],[-94.9782,31.7934],[-94.9749,31.782],[-94.9586,31.7788],[-94.9514,31.7691],[-94.9493,31.7746],[-94.9386,31.7722],[-94.9261,31.7603],[-94.9302,31.7551],[-94.9381,31.7567],[-94.9438,31.7524],[-94.9673,31.7542],[-94.9728,31.7378],[-94.9651,31.7365],[-94.9544,31.7232],[-94.9629,31.7156],[-94.9597,31.7089],[-94.9641,31.704],[-94.9601,31.6985],[-94.9659,31.6978],[-94.9507,31.6797],[-94.9571,31.6705],[-94.9519,31.6705],[-94.9522,31.6596],[-94.9484,31.6572],[-94.9542,31.6397],[-94.9418,31.6384],[-94.9414,31.627],[-94.9261,31.6098],[-94.9284,31.5984],[-94.9192,31.5873],[-94.925,31.5826],[-94.9191,31.5726],[-94.9106,31.5693],[-94.8916,31.5778],[-94.8896,31.5663],[-94.9006,31.5526],[-94.8933,31.5498],[-94.894,31.5412],[-94.8844,31.5409],[-94.8837,31.5294],[-94.8641,31.5258],[-94.8612,31.5148],[-94.8517,31.5112],[-94.8511,31.5052],[-94.84,31.5077],[-94.8408,31.5021],[-94.8344,31.5023],[-94.8364,31.496],[-94.8264,31.4916],[-94.8228,31.4839],[-94.8192,31.4872],[-94.81,31.4847],[-94.8116,31.4877],[-94.8039,31.4905],[-94.7925,31.4793],[-94.7773,31.4805],[-94.7645,31.4692],[-94.7555,31.4717],[-94.7391,31.4631],[-94.7338,31.4653],[-94.7286,31.4572],[-94.709,31.4576],[-94.6955,31.4517],[-94.6741,31.4525],[-94.6644,31.4596],[-94.6603,31.4524],[-94.6348,31.444],[-94.6358,31.4409],[-94.6303,31.4441],[-94.6279,31.4389],[-94.6042,31.4405],[-94.5938,31.4493],[-94.591,31.4475],[-94.5953,31.4445],[-94.5884,31.4476],[-94.5873,31.4427],[-94.5829,31.4437],[-94.5815,31.4332],[-94.5554,31.4352],[-94.5449,31.4317],[-94.5463,31.4211],[-94.5376,31.3986],[-94.5175,31.4017],[-94.5198,31.4051],[-94.5113,31.4118],[-94.5045,31.4063],[-94.5022,31.4105],[-94.4897,31.399],[-94.4925,31.3947],[-94.4868,31.3951],[-94.4868,31.3898],[-94.477,31.3841],[-94.4744,31.3875],[-94.4735,31.3814],[-94.4698,31.384],[-94.4661,31.3785],[-94.4715,31.3737],[-94.462,31.3549],[-94.456,31.3519],[-94.4582,31.3412],[-94.4523,31.3404],[-94.4553,31.3364],[-94.4477,31.3178],[-94.4408,31.3189],[-94.4381,31.3126],[-94.4323,31.3149],[-94.4214,31.3076],[-94.4112,31.3094],[-94.4008,31.3006],[-94.3952,31.3019],[-94.3854,31.29],[-94.3874,31.2831],[-94.3826,31.2811],[-94.383,31.2741],[-94.3763,31.274],[-94.3727,31.2639],[-94.3576,31.2596],[-94.3594,31.2543],[-94.3543,31.2512],[-94.3572,31.2469],[-94.3505,31.2475],[-94.3487,31.2383],[-94.3354,31.2296],[-94.3339,31.2228],[-94.328,31.2232],[-94.3244,31.2296],[-94.3398,31.2408],[-94.3289,31.2507],[-94.3396,31.2633],[-94.3324,31.2777],[-94.3222,31.2855],[-94.327,31.2914],[-94.3201,31.2946],[-94.3255,31.2939],[-94.3149,31.3081],[-94.3184,31.308],[-94.3157,31.3105],[-94.3226,31.3218],[-94.3172,31.3239],[-94.3188,31.3326],[-94.3134,31.3375],[-94.3312,31.363],[-94.3246,31.3757],[-94.3278,31.3841],[-94.323,31.3854],[-94.3271,31.3993],[-94.3192,31.4057],[-94.3174,31.4021],[-94.3128,31.4043],[-94.3151,31.4097],[-94.3049,31.4218],[-94.3164,31.4304],[-94.3148,31.4357],[-94.325,31.4394],[-94.3156,31.4475],[-94.3169,31.4564],[-94.3135,31.4555],[-94.3118,31.4688],[-94.3191,31.4789],[-94.3139,31.4863],[-94.3161,31.4958],[-94.3076,31.4923],[-94.3116,31.4944],[-94.3054,31.4966],[-94.3021,31.5053],[-94.3043,31.5148],[-94.3106,31.5159],[-94.306,31.5187],[-94.3101,31.517],[-94.3066,31.5202],[-94.3094,31.5242],[-94.3,31.5269],[-94.3071,31.5308],[-94.3024,31.5339],[-94.3077,31.5382],[-94.3037,31.5466],[-94.3086,31.5517],[-94.3054,31.5711],[-94.3136,31.5757],[-94.3109,31.5892],[-94.328,31.592],[-94.3274,31.5965],[-94.3365,31.601],[-94.34,31.6088],[-94.3504,31.6065],[-94.3567,31.6226],[-94.3673,31.6241],[-94.3647,31.6315],[-94.3746,31.639],[-94.3786,31.6357],[-94.3953,31.6386],[-94.3991,31.6536],[-94.0907,31.6206],[-93.9845,31.5694],[-93.9832,31.4661],[-94.0442,31.41],[-94.0262,31.3815],[-94.0217,31.3659],[-94.0416,31.3405],[-94.037,31.3323],[-94.0438,31.3228],[-94.0417,31.3146],[-94.0473,31.2985],[-94.0384,31.2869],[-94.029,31.2502],[-94.0386,31.2177],[-94.0387,31.1761],[-94.0489,31.1488],[-94.039,31.1343],[-93.9111,31.1581],[-93.8657,30.9472],[-93.8752,30.6721],[-93.9015,30.2427],[-93.707,30.2437],[-93.7089,30.2517],[-93.703,30.2605],[-93.7073,30.2615],[-93.7055,30.2678],[-93.7104,30.2732],[-93.7041,30.2794],[-93.7094,30.2819],[-93.7051,30.2909],[-93.7129,30.2879],[-93.7155,30.2956],[-93.7376,30.2994],[-93.7345,30.3017],[-93.7385,30.3037],[-93.7424,30.3011],[-93.7409,30.3072],[-93.7562,30.326],[-93.7517,30.3293],[-93.7658,30.3327],[-93.7587,30.339],[-93.7657,30.3434],[-93.7595,30.3423],[-93.7637,30.346],[-93.7577,30.35],[-93.7625,30.353],[-93.7581,30.3547],[-93.7608,30.3599],[-93.7568,30.3562],[-93.751,30.3599],[-93.7592,30.368],[-93.7549,30.3661],[-93.7577,30.3904],[-93.7368,30.4055],[-93.7339,30.4149],[-93.7287,30.4135],[-93.7227,30.4196],[-93.7261,30.4307],[-93.7228,30.432],[-93.7181,30.4226],[-93.7127,30.4332],[-93.7023,30.4298],[-93.7042,30.4344],[-93.6976,30.4422],[-93.7075,30.445],[-93.7021,30.4498],[-93.7063,30.4581],[-93.699,30.4588],[-93.7119,30.4694],[-93.7105,30.4755],[-93.7174,30.4838],[-93.7098,30.4826],[-93.7171,30.4944],[-93.7087,30.4991],[-93.7151,30.5013],[-93.7068,30.5071],[-93.7118,30.5109],[-93.7077,30.5213],[-93.7165,30.5192],[-93.7403,30.5396],[-93.7288,30.5453],[-93.7314,30.5529],[-93.7239,30.5592],[-93.7278,30.5741],[-93.7215,30.5806],[-93.7151,30.579],[-93.7138,30.5876],[-93.6929,30.5944],[-93.6878,30.5901],[-93.6922,30.5857],[-93.6866,30.5857],[-93.6851,30.5921],[-93.6789,30.5936],[-93.6834,30.6082],[-93.6891,30.6114],[-93.682,30.6186],[-93.683,30.6413],[-93.655,30.6702],[-93.6486,30.6676],[-93.6453,30.6735],[-93.6382,30.6731],[-93.6299,30.6799],[-93.6204,30.6941],[-93.6247,30.6999],[-93.6164,30.7124],[-93.6172,30.7186],[-93.6054,30.7172],[-93.6136,30.7221],[-93.6098,30.7273],[-93.6177,30.7289],[-93.6091,30.73],[-93.619,30.7403],[-93.6084,30.7467],[-93.6143,30.7602],[-93.6092,30.7573],[-93.6059,30.7646],[-93.6037,30.7601],[-93.5921,30.7637],[-93.5927,30.7751],[-93.5832,30.7786],[-93.5894,30.7867],[-93.5819,30.789],[-93.5838,30.8018],[-93.563,30.806],[-93.5642,30.8175],[-93.5544,30.8235],[-93.5573,30.8284],[-93.5536,30.8351],[-93.5687,30.8442],[-93.5573,30.8521],[-93.5621,30.8593],[-93.5586,30.8694],[-93.5645,30.8686],[-93.5632,30.8749],[-93.5706,30.8752],[-93.5741,30.8845],[-93.5663,30.8948],[-93.5492,30.8974],[-93.5586,30.9132],[-93.5457,30.9271],[-93.5421,30.9258],[-93.5434,30.9202],[-93.532,30.9238],[-93.526,30.9375],[-93.5324,30.949],[-93.5318,30.9582],[-93.5431,30.9567],[-93.5498,30.9671],[-93.5735,30.9712],[-93.5643,30.9897],[-93.5734,30.9918],[-93.5782,31],[-93.5666,31.0131],[-93.5559,31.0037],[-93.5494,31.0101],[-93.5392,31.0082],[-93.5325,31.0197],[-93.5223,31.0201],[-93.508,31.0315],[-93.5234,31.0377],[-93.5189,31.0437],[-93.5316,31.0536],[-93.5189,31.0619],[-93.5287,31.0692],[-93.5276,31.0745],[-93.5522,31.0789],[-93.5493,31.0904],[-93.5558,31.087],[-93.5637,31.0945],[-93.5603,31.0977],[-93.5537,31.0939],[-93.5582,31.098],[-93.5491,31.1002],[-93.5459,31.1112],[-93.5394,31.1152],[-93.5379,31.1266],[-93.5447,31.1361],[-93.5487,31.1558],[-93.5365,31.1585],[-93.5431,31.1707],[-93.5328,31.1743],[-93.5325,31.1833],[-93.55,31.1866],[-93.5696,31.1776],[-93.5782,31.1679],[-93.5891,31.1659],[-93.6003,31.1762],[-93.6019,31.1994],[-93.6072,31.2048],[-93.6035,31.2167],[-93.5953,31.2203],[-93.5994,31.2249],[-93.5963,31.2295],[-93.6082,31.2278],[-93.6181,31.2327],[-93.6163,31.2446],[-93.6218,31.2491],[-93.6143,31.2516],[-93.6139,31.2594],[-93.6203,31.271],[-93.6425,31.2695],[-93.6486,31.2842],[-93.6587,31.2816],[-93.6689,31.298],[-93.6873,31.3061],[-93.6829,31.319],[-93.6736,31.3245],[-93.6773,31.3305],[-93.669,31.3388],[-93.6684,31.353],[-93.6459,31.359],[-93.6392,31.372],[-93.671,31.3662],[-93.6741,31.3977],[-93.7049,31.4109],[-93.7047,31.4189],[-93.6925,31.4382],[-93.7095,31.442],[-93.7039,31.4555],[-93.7091,31.4567],[-93.71,31.4528],[-93.7167,31.4575],[-93.7219,31.4534],[-93.7495,31.4687],[-93.7455,31.4804],[-93.7514,31.4791],[-93.7524,31.4827],[-93.7372,31.4846],[-93.7226,31.4928],[-93.7234,31.5009],[-93.7175,31.5015],[-93.7196,31.5069],[-93.711,31.5122],[-93.7427,31.5157],[-93.7427,31.5266],[-93.7474,31.5307],[-93.7581,31.5299],[-93.7539,31.5253],[-93.7601,31.5239],[-93.7877,31.5273],[-93.8034,31.5388],[-93.7995,31.543],[-93.8186,31.5548],[-93.8211,31.5605],[-93.8169,31.5631],[-93.823,31.5681],[-93.8184,31.5709],[-93.8349,31.5862],[-93.8381,31.6068],[-93.8279,31.6166],[-93.8271,31.6129],[-93.8187,31.6146],[-93.8272,31.6203],[-93.8172,31.6219],[-93.8208,31.629],[-93.816,31.6323],[-93.818,31.6479],[-93.8115,31.6474],[-93.8195,31.6526],[-93.8265,31.6669],[-93.8221,31.674],[-93.8167,31.668],[-93.8124,31.6702],[-93.8163,31.6754],[-93.8045,31.6841],[-93.7945,31.7033],[-93.8098,31.7031],[-93.8167,31.7079],[-93.8125,31.7152],[-93.8149,31.7287],[-93.8369,31.7502],[-93.8298,31.7606],[-93.8265,31.7592],[-93.8296,31.7642],[-93.8234,31.7751],[-93.8377,31.7808],[-93.8356,31.7945],[-93.8393,31.8003],[-93.8515,31.8001],[-93.8614,31.8123],[-93.8733,31.8149],[-93.8709,31.8194],[-93.8774,31.8325],[-93.8728,31.8363],[-93.8819,31.8422],[-93.879,31.8448],[-93.8841,31.8476],[-93.8829,31.8547],[-93.8894,31.8559],[-93.8817,31.8686],[-93.8854,31.8653],[-93.8934,31.8717],[-93.8921,31.8759],[-93.9017,31.8746],[-93.8965,31.8863],[-93.9006,31.8968],[-93.9062,31.8899],[-93.9197,31.891],[-93.921,31.8859],[-93.9262,31.8887],[-93.9255,31.8946],[-93.9312,31.8915],[-93.9216,31.9044],[-93.9287,31.9126],[-93.9535,31.9106],[-93.9598,31.9232],[-93.9717,31.9204],[-94.0068,31.9734],[-94.0165,31.9812],[-94.0185,31.9924],[-94.0229,31.9904],[-94.0286,31.9962],[-94.0422,31.9934],[-94.0429,32.3923],[-94.3487,32.3323],[-94.3506,32.3266],[-94.3675,32.3462],[-94.3724,32.3457],[-94.3721,32.3411],[-94.3829,32.3457],[-94.3795,32.3488],[-94.3838,32.3665],[-94.3991,32.3662],[-94.4101,32.3716],[-94.4091,32.3674],[-94.4195,32.3648],[-94.422,32.3695],[-94.4294,32.3626],[-94.4399,32.3618],[-94.4468,32.3721],[-94.4566,32.3693],[-94.4643,32.377],[-94.4773,32.3789],[-94.4739,32.3804],[-94.4796,32.3905],[-94.5017,32.3979],[-94.5072,32.3887],[-94.5154,32.3871],[-94.5211,32.3946],[-94.5274,32.3936],[-94.526,32.4023],[-94.5418,32.3993],[-94.5544,32.4076],[-94.5792,32.3949],[-94.5914,32.3657],[-94.6008,32.36],[-94.6397,32.3708],[-94.9854,32.3708],[-94.986,32.364]]]},"properties":{"geoid":"48011","state":"48","district":"11","name":"State House District 11","chamber":"House"}},{"type":"Feature","geometry":{"type":"Polygon","coordinates":[[[-96.8311,31.1023],[-96.8093,31.0805],[-96.8197,31.0693],[-96.8203,31.061],[-96.8113,31.0583],[-96.7916,31.0651],[-96.784,31.0482],[-96.7682,31.0489],[-96.7671,31.0428],[-96.7797,31.0334],[-96.7703,31.0269],[-96.7746,31.0183],[-96.7713,31.0021],[-96.7655,30.9997],[-96.7557,31.0054],[-96.7464,30.9996],[-96.748,30.9904],[-96.7563,30.9888],[-96.7596,30.9783],[-96.7724,30.9691],[-96.7712,30.9605],[-96.761,30.9561],[-96.7559,30.9455],[-96.7569,30.9279],[-96.7437,30.9157],[-96.7306,30.9161],[-96.734,30.9029],[-96.7262,30.8985],[-96.7158,30.8973],[-96.6976,30.9088],[-96.6849,30.906],[-96.6859,30.897],[-96.6972,30.8984],[-96.6822,30.882],[-96.695,30.8781],[-96.6949,30.8645],[-96.6787,30.8434],[-96.67,30.8417],[-96.6702,30.8339],[-96.648,30.8252],[-96.6413,30.8181],[-96.6362,30.7979],[-96.6475,30.7904],[-96.6483,30.781],[-96.6423,30.7769],[-96.6332,30.783],[-96.6252,30.7808],[-96.6125,30.7587],[-96.6148,30.7502],[-96.6257,30.75],[-96.6329,30.7413],[-96.6197,30.7292],[-96.597,30.7274],[-96.5962,30.7153],[-96.5704,30.7029],[-96.567,30.6957],[-96.4576,30.7445],[-96.4229,30.7935],[-96.4098,30.8264],[-96.3826,30.8703],[-96.3422,30.8366],[-96.338,30.8383],[-96.334,30.8276],[-96.3128,30.8095],[-96.3045,30.8131],[-96.3081,30.8071],[-96.3043,30.8038],[-96.2856,30.8321],[-96.2507,30.7992],[-96.2609,30.7898],[-96.2562,30.7846],[-96.2298,30.7771],[-96.2377,30.7703],[-96.2357,30.7758],[-96.2518,30.7766],[-96.2601,30.7654],[-96.2669,30.771],[-96.2645,30.7745],[-96.2764,30.7761],[-96.3039,30.7478],[-96.3348,30.7367],[-96.3426,30.7397],[-96.3793,30.7053],[-96.3765,30.7015],[-96.3825,30.6959],[-96.374,30.6885],[-96.3999,30.7063],[-96.4057,30.701],[-96.4157,30.7073],[-96.4222,30.7012],[-96.3958,30.68],[-96.4088,30.6739],[-96.4074,30.6681],[-96.3911,30.6761],[-96.3623,30.6759],[-96.3303,30.7052],[-96.3201,30.6973],[-96.3214,30.6929],[-96.3153,30.6936],[-96.3222,30.6874],[-96.3129,30.6795],[-96.2932,30.6901],[-96.2806,30.6788],[-96.2839,30.6754],[-96.2761,30.667],[-96.2842,30.6605],[-96.2739,30.6572],[-96.2958,30.6359],[-96.2758,30.6191],[-96.2773,30.6137],[-96.2689,30.6155],[-96.261,30.6105],[-96.264,30.6057],[-96.2598,30.5997],[-96.2326,30.5935],[-96.2252,30.5802],[-96.2113,30.5743],[-96.1965,30.5754],[-96.1975,30.5698],[-96.2063,30.568],[-96.2064,30.5583],[-96.2221,30.5601],[-96.2336,30.5469],[-96.2413,30.5455],[-96.2351,30.5356],[-96.2492,30.541],[-96.2444,30.5457],[-96.2497,30.5516],[-96.2587,30.553],[-96.2585,30.5268],[-96.2623,30.5235],[-96.281,30.5386],[-96.2883,30.5321],[-96.2824,30.5272],[-96.2967,30.5165],[-96.3017,30.5311],[-96.3044,30.5288],[-96.3161,30.5474],[-96.3011,30.5511],[-96.3009,30.5561],[-96.3204,30.5692],[-96.3238,30.5661],[-96.3208,30.5588],[-96.3305,30.5504],[-96.3345,30.561],[-96.3387,30.5573],[-96.3443,30.562],[-96.3289,30.5778],[-96.3309,30.5824],[-96.3423,30.5812],[-96.3768,30.5586],[-96.3765,30.5467],[-96.3594,30.5426],[-96.3547,30.5271],[-96.3567,30.52],[-96.369,30.5179],[-96.3711,30.5134],[-96.3647,30.5103],[-96.3559,30.5138],[-96.3537,30.5027],[-96.3418,30.4972],[-96.3299,30.4774],[-96.3407,30.4737],[-96.3225,30.4588],[-96.3213,30.45],[-96.3105,30.4556],[-96.2929,30.4443],[-96.2844,30.4476],[-96.2868,30.4357],[-96.2826,30.4266],[-96.288,30.4213],[-96.2811,30.4148],[-96.2725,30.4178],[-96.2723,30.4102],[-96.2769,30.407],[-96.2894,30.4124],[-96.2989,30.4105],[-96.2976,30.4004],[-96.3069,30.3946],[-96.2941,30.3802],[-96.313,30.3843],[-96.3407,30.3678],[-96.358,30.3731],[-96.3686,30.3625],[-96.3753,30.3633],[-96.378,30.3556],[-96.3841,30.3582],[-96.4061,30.3511],[-96.4119,30.3582],[-96.4227,30.3434],[-96.4488,30.3409],[-96.4551,30.3445],[-96.4586,30.3431],[-96.4565,30.3386],[-96.4783,30.3332],[-96.487,30.3379],[-96.496,30.3244],[-96.5074,30.3218],[-96.515,30.3261],[-96.5417,30.3178],[-96.5593,30.3238],[-96.5735,30.3107],[-96.5924,30.3063],[-96.6,30.3088],[-96.6065,30.3019],[-96.6397,30.2974],[-96.6579,30.2878],[-96.6615,30.2787],[-96.6842,30.2579],[-96.6855,30.249],[-96.7006,30.2495],[-96.7066,30.2446],[-96.7148,30.251],[-96.732,30.2437],[-96.7425,30.227],[-96.739,30.2223],[-96.744,30.2173],[-96.7416,30.1973],[-96.7946,30.1605],[-96.773,30.1495],[-96.7669,30.1387],[-96.7354,30.1474],[-96.715,30.145],[-96.702,30.1578],[-96.6871,30.1644],[-96.6834,30.151],[-96.6472,30.1452],[-96.6531,30.13],[-96.6406,30.1206],[-96.6337,30.1061],[-96.6343,30.0757],[-96.6239,30.0667],[-96.622,30.0443],[-96.5941,30.071],[-96.5859,30.0647],[-96.5188,30.0652],[-96.2889,30.0968],[-96.2712,30.0941],[-96.2679,30.0829],[-96.2595,30.0757],[-96.2431,30.0723],[-96.2289,30.0757],[-96.2141,30.0693],[-96.21,30.0623],[-96.2068,30.067],[-96.1902,30.0649],[-96.1629,30.0528],[-96.1574,30.0552],[-96.1554,30.067],[-96.1461,30.0702],[-96.1512,30.0764],[-96.137,30.067],[-96.1338,30.071],[-96.1423,30.0842],[-96.1521,30.085],[-96.1584,30.0917],[-96.154,30.108],[-96.1603,30.1081],[-96.1699,30.0988],[-96.1747,30.1027],[-96.1715,30.1093],[-96.175,30.1124],[-96.1887,30.1105],[-96.1912,30.1176],[-96.1787,30.1198],[-96.1922,30.1367],[-96.1878,30.1417],[-96.1718,30.1398],[-96.1826,30.1494],[-96.1807,30.1557],[-96.1588,30.1421],[-96.1525,30.1431],[-96.1501,30.1554],[-96.162,30.1649],[-96.1546,30.1771],[-96.16,30.1821],[-96.1593,30.2046],[-96.147,30.2182],[-96.1301,30.2108],[-96.1159,30.2279],[-96.0974,30.2145],[-96.0889,30.2287],[-95.8043,30.2456],[-95.8046,30.3417],[-95.8302,30.6303],[-95.599,30.509],[-95.3619,30.5089],[-95.3592,30.5044],[-95.3275,30.8595],[-95.344,30.8758],[-95.354,30.8562],[-95.3833,30.853],[-95.3984,30.8597],[-95.3916,30.876],[-95.3994,30.8815],[-95.3814,30.8793],[-95.3809,30.8862],[-95.3997,30.8929],[-95.4065,30.9062],[-95.4155,30.9079],[-95.4109,30.9126],[-95.4114,30.931],[-95.4343,30.9374],[-95.4348,31.0581],[-95.6179,30.9304],[-95.631,30.9259],[-95.6498,30.936],[-95.6505,30.9473],[-95.6602,30.9572],[-95.665,30.9709],[-95.6813,30.9875],[-95.67,30.9942],[-95.6584,31.0163],[-95.6674,31.0204],[-95.6688,31.0269],[-95.6412,31.0423],[-95.6314,31.0368],[-95.63,31.0517],[-95.6475,31.0554],[-95.6549,31.0673],[-95.6484,31.0699],[-95.6625,31.0836],[-95.6755,31.076],[-95.6924,31.082],[-95.6985,31.0768],[-95.7036,31.0825],[-95.707,31.0779],[-95.7114,31.0818],[-95.7234,31.0798],[-95.7284,31.0879],[-95.7364,31.0838],[-95.7416,31.0908],[-95.7595,31.0887],[-95.7644,31.0942],[-95.9758,31.0918],[-96.0175,31.07],[-96.0479,31.0687],[-96.1709,30.9944],[-96.1925,30.9913],[-96.241,30.9737],[-96.2352,30.9956],[-96.2464,30.9981],[-96.2472,31.0062],[-96.2608,31.0078],[-96.2584,31.023],[-96.2488,31.0335],[-96.2474,31.0433],[-96.24,31.0476],[-96.2466,31.0516],[-96.2416,31.0571],[-96.2434,31.0617],[-96.2555,31.0655],[-96.2529,31.073],[-96.2689,31.0777],[-96.2775,31.0877],[-96.2808,31.0961],[-96.2769,31.1162],[-96.2928,31.1331],[-96.2992,31.148],[-96.3018,31.1638],[-96.2968,31.1751],[-96.3015,31.179],[-96.2971,31.1814],[-96.3117,31.1981],[-96.3104,31.2172],[-96.3195,31.2224],[-96.314,31.2289],[-96.3311,31.2522],[-96.3249,31.262],[-96.3205,31.2582],[-96.3138,31.271],[-96.328,31.2865],[-96.3286,31.2986],[-96.3173,31.3017],[-96.326,31.311],[-96.3172,31.3233],[-96.3203,31.3309],[-96.3147,31.3424],[-96.3192,31.3571],[-96.8311,31.1023]]]},"properties":{"geoid":"48012","state":"48","district":"12","name":"State House District 12","chamber":"House"}},{"type":"Feature","geometry":{"type":"Polygon","coordinates":[[[-98.0045,32.0184],[-97.7664,31.6725],[-97.6898,31.711],[-97.6052,31.5878],[-97.4362,31.6662],[-97.442,31.6664],[-97.0373,31.8631],[-96.9839,31.7839],[-97.0037,31.7794],[-97.0863,31.7365],[-97.0838,31.7279],[-97.0892,31.7249],[-97.082,31.7155],[-97.0863,31.7028],[-97.0746,31.6904],[-97.0772,31.6785],[-97.0712,31.6765],[-97.0958,31.6614],[-97.0949,31.6401],[-97.0772,31.6495],[-97.0792,31.6548],[-97.0742,31.659],[-97.0592,31.64],[-97.0626,31.635],[-97.047,31.6392],[-97.0586,31.6302],[-97.0471,31.6261],[-97.0484,31.619],[-97.0606,31.6135],[-97.0685,31.6257],[-97.0802,31.62],[-97.0825,31.6129],[-97.0883,31.6209],[-97.1009,31.6146],[-97.1124,31.5992],[-97.1191,31.612],[-97.1287,31.6111],[-97.1381,31.5989],[-97.1553,31.5892],[-97.1457,31.5752],[-97.1616,31.5668],[-97.1576,31.5609],[-97.1689,31.5551],[-97.1635,31.5482],[-97.1474,31.5564],[-97.1434,31.5531],[-97.134,31.565],[-97.103,31.5518],[-97.1106,31.5422],[-97.1265,31.5351],[-97.1296,31.536],[-97.123,31.5505],[-97.128,31.5551],[-97.1542,31.5319],[-97.1341,31.5241],[-97.1339,31.5079],[-97.1499,31.5051],[-97.1567,31.5088],[-97.1619,31.503],[-97.1415,31.4991],[-97.1257,31.5014],[-97.1223,31.4891],[-97.1015,31.4995],[-97.0924,31.4822],[-97.094,31.4667],[-97.0666,31.4522],[-97.0473,31.4612],[-97.0231,31.4516],[-97.0188,31.4578],[-97.0027,31.4535],[-97.0026,31.4616],[-97.0084,31.4638],[-97.0388,31.4599],[-96.997,31.4796],[-96.993,31.4734],[-96.9408,31.498],[-96.9531,31.5113],[-96.9299,31.5223],[-96.9217,31.5067],[-96.8933,31.5199],[-96.8809,31.4901],[-96.8702,31.4867],[-97.2781,31.2798],[-97.0701,30.986],[-96.8297,31.1104],[-96.8305,31.1052],[-96.3192,31.3571],[-96.3147,31.3424],[-96.3203,31.3309],[-96.3172,31.3233],[-96.326,31.311],[-96.3173,31.3017],[-96.3286,31.2986],[-96.328,31.2865],[-96.3138,31.271],[-96.3205,31.2582],[-96.3249,31.262],[-96.3311,31.2522],[-96.314,31.2289],[-96.3195,31.2224],[-96.3104,31.2172],[-96.3117,31.1981],[-96.2971,31.1814],[-96.3015,31.179],[-96.2968,31.1751],[-96.3018,31.1638],[-96.2992,31.148],[-96.2928,31.1331],[-96.2769,31.1162],[-96.2808,31.0961],[-96.2775,31.0877],[-96.2689,31.0777],[-96.2529,31.073],[-96.2555,31.0655],[-96.2434,31.0617],[-96.2416,31.0571],[-96.2466,31.0516],[-96.24,31.0476],[-96.2474,31.0433],[-96.2488,31.0335],[-96.2584,31.023],[-96.2608,31.0078],[-96.2472,31.0062],[-96.2464,30.9981],[-96.2352,30.9956],[-96.241,30.9737],[-96.1925,30.9913],[-96.1709,30.9944],[-96.0479,31.0687],[-96.0175,31.07],[-95.9758,31.0918],[-95.7644,31.0942],[-95.777,31.1207],[-95.7725,31.1281],[-95.7756,31.1361],[-95.7629,31.1442],[-95.7565,31.142],[-95.7494,31.1552],[-95.7437,31.1523],[-95.728,31.162],[-95.7443,31.1788],[-95.7479,31.2083],[-95.725,31.2301],[-95.7237,31.2461],[-95.7277,31.252],[-95.7221,31.2547],[-95.7281,31.2597],[-95.7252,31.2711],[-95.7041,31.2804],[-95.7074,31.2868],[-95.6951,31.297],[-95.6814,31.2885],[-95.6714,31.2956],[-95.6791,31.3021],[-95.6687,31.3077],[-95.6717,31.3172],[-95.6627,31.321],[-95.6594,31.3159],[-95.6565,31.3204],[-95.6575,31.3435],[-95.6774,31.3468],[-95.6726,31.3561],[-95.6613,31.3576],[-95.6649,31.3655],[-95.6746,31.3656],[-95.6914,31.3747],[-95.6928,31.3915],[-95.7008,31.3939],[-95.6984,31.4071],[-95.7113,31.4215],[-95.7121,31.4558],[-95.7214,31.4626],[-95.7468,31.4582],[-95.7462,31.4657],[-95.7383,31.4727],[-95.7218,31.4728],[-95.7299,31.4896],[-95.7384,31.485],[-95.745,31.491],[-95.7404,31.4956],[-95.7432,31.5006],[-95.7339,31.5084],[-95.737,31.5185],[-95.7587,31.5336],[-95.7509,31.5407],[-95.7541,31.546],[-95.7511,31.552],[-95.7155,31.5544],[-95.717,31.5678],[-95.7222,31.5697],[-95.7182,31.5732],[-95.7295,31.5835],[-95.7219,31.5863],[-95.7112,31.6039],[-95.7101,31.6156],[-95.7185,31.6324],[-95.7357,31.6538],[-95.7541,31.6486],[-95.7573,31.6435],[-95.7487,31.6177],[-95.7611,31.5999],[-95.772,31.5986],[-95.7847,31.6107],[-95.7886,31.6271],[-95.7967,31.6311],[-95.7895,31.6475],[-95.7941,31.6603],[-95.7797,31.6839],[-95.7882,31.6875],[-95.7876,31.6926],[-95.7952,31.6752],[-95.8057,31.6711],[-95.8337,31.6951],[-95.8528,31.6978],[-95.862,31.6873],[-95.8809,31.7013],[-95.8749,31.7029],[-95.8752,31.7188],[-95.8666,31.7188],[-95.87,31.7391],[-95.8771,31.7326],[-95.881,31.7351],[-95.8756,31.7434],[-95.8668,31.742],[-95.8747,31.7547],[-95.8939,31.7587],[-95.9008,31.7524],[-95.9033,31.7622],[-95.8985,31.7619],[-95.8973,31.7668],[-95.9246,31.7659],[-95.931,31.7744],[-95.9347,31.7696],[-95.939,31.7747],[-95.9526,31.7758],[-95.9628,31.7894],[-95.9806,31.7846],[-95.9834,31.79],[-95.973,31.8199],[-95.9785,31.8343],[-95.9946,31.8436],[-95.9871,31.8595],[-95.9804,31.862],[-95.9754,31.8716],[-95.9681,31.8725],[-95.9703,31.8772],[-95.9876,31.8731],[-95.9909,31.8762],[-95.9891,31.8687],[-95.9941,31.8663],[-96.0047,31.8723],[-96.0069,31.8812],[-96.0192,31.8718],[-96.0276,31.8779],[-96.0237,31.8954],[-96.0138,31.9109],[-96.0083,31.9053],[-96.0014,31.9082],[-96.0043,31.9191],[-96.0083,31.9185],[-96.0063,31.9247],[-96.0134,31.9299],[-96.0105,31.9341],[-96.0209,31.9382],[-96.0145,31.9461],[-96.0219,31.9573],[-96.0408,31.9521],[-96.0374,31.9491],[-96.0415,31.9449],[-96.0462,31.9518],[-96.054,31.9479],[-96.0619,31.9554],[-96.0559,31.9636],[-96.045,31.9598],[-96.0429,31.9628],[-96.0464,31.9702],[-96.0541,31.9705],[-96.0545,31.9752],[-96.0609,31.9752],[-96.0648,31.9807],[-96.049,31.9972],[-96.0548,32.0125],[-96.4967,31.7962],[-96.7191,31.8149],[-96.8962,32.074],[-96.9407,32.0521],[-97.087,32.2668],[-97.476,32.1817],[-97.4718,32.1755],[-97.4945,32.1646],[-97.5118,32.1619],[-97.5135,32.1526],[-97.508,32.1394],[-97.5143,32.1338],[-97.5534,32.1493],[-97.5687,32.1505],[-97.5647,32.1624],[-97.5706,32.1787],[-97.6023,32.1765],[-97.5901,32.1878],[-97.5941,32.2016],[-97.6309,32.2074],[-98.0045,32.0184]]]},"properties":{"geoid":"48013","state":"48","district":"13","name":"State House District 13","chamber":"House"}},{"type":"Feature","geometry":{"type":"Polygon","coordinates":[[[-96.6018,30.6416],[-96.5703,30.6367],[-96.5666,30.6294],[-96.556,30.6324],[-96.5471,30.6277],[-96.5105,30.6278],[-96.5077,30.6163],[-96.4999,30.6128],[-96.4892,30.6218],[-96.4879,30.6051],[-96.4702,30.6071],[-96.4617,30.5983],[-96.4515,30.5968],[-96.4355,30.5732],[-96.4272,30.5755],[-96.4315,30.5892],[-96.4264,30.5909],[-96.4198,30.5836],[-96.4241,30.5778],[-96.4237,30.5605],[-96.4186,30.5449],[-96.3899,30.5327],[-96.3832,30.5344],[-96.3854,30.5441],[-96.3745,30.5376],[-96.3768,30.5586],[-96.3423,30.5812],[-96.3309,30.5824],[-96.3289,30.5778],[-96.3443,30.562],[-96.3387,30.5573],[-96.3345,30.561],[-96.3305,30.5504],[-96.3208,30.5588],[-96.3238,30.5661],[-96.3204,30.5692],[-96.3009,30.5561],[-96.3011,30.5511],[-96.3161,30.5474],[-96.3044,30.5288],[-96.3017,30.5311],[-96.2991,30.5167],[-96.2824,30.5272],[-96.2883,30.5321],[-96.281,30.5386],[-96.26,30.5254],[-96.2587,30.553],[-96.2497,30.5516],[-96.2444,30.5457],[-96.2492,30.541],[-96.2351,30.5356],[-96.2413,30.5455],[-96.2336,30.5469],[-96.2221,30.5601],[-96.2064,30.5582],[-96.2063,30.568],[-96.1975,30.5698],[-96.1967,30.5739],[-96.2131,30.5749],[-96.2285,30.5821],[-96.2332,30.5939],[-96.2599,30.5998],[-96.264,30.6057],[-96.261,30.6105],[-96.2689,30.6155],[-96.2768,30.6133],[-96.2758,30.6191],[-96.2951,30.6349],[-96.2739,30.6572],[-96.2842,30.6605],[-96.2761,30.667],[-96.2839,30.6754],[-96.2806,30.6788],[-96.2932,30.6901],[-96.3129,30.6795],[-96.3222,30.6874],[-96.3153,30.6936],[-96.3214,30.6929],[-96.3201,30.6973],[-96.3303,30.7052],[-96.3623,30.6759],[-96.3911,30.6761],[-96.4074,30.6681],[-96.4088,30.6739],[-96.3958,30.68],[-96.4222,30.7012],[-96.4157,30.7073],[-96.4057,30.701],[-96.3999,30.7063],[-96.374,30.6885],[-96.3825,30.6959],[-96.3765,30.7015],[-96.3793,30.7053],[-96.3426,30.7397],[-96.3348,30.7367],[-96.3039,30.7478],[-96.2764,30.7761],[-96.2645,30.7745],[-96.2669,30.771],[-96.2601,30.7654],[-96.2518,30.7766],[-96.2357,30.7758],[-96.2377,30.7703],[-96.2298,30.7771],[-96.2562,30.7846],[-96.2609,30.7898],[-96.2507,30.7992],[-96.2856,30.8321],[-96.3043,30.8038],[-96.3081,30.8071],[-96.3045,30.8131],[-96.3128,30.8095],[-96.334,30.8276],[-96.338,30.8383],[-96.3422,30.8366],[-96.3826,30.8703],[-96.4098,30.8264],[-96.4229,30.7935],[-96.4576,30.7445],[-96.567,30.6957],[-96.5721,30.6888],[-96.5811,30.6893],[-96.5837,30.6605],[-96.6018,30.6416]]]},"properties":{"geoid":"48014","state":"48","district":"14","name":"State House District 14","chamber":"House"}},{"type":"Feature","geometry":{"type":"Polygon","coordinates":[[[-95.5784,30.2059],[-95.5535,30.2051],[-95.5653,30.1865],[-95.5583,30.1807],[-95.5583,30.167],[-95.5371,30.1693],[-95.5248,30.1632],[-95.52,30.1528],[-95.501,30.1437],[-95.4958,30.1319],[-95.4976,30.1227],[-95.4883,30.1079],[-95.4747,30.1032],[-95.4551,30.1043],[-95.4242,30.1155],[-95.4106,30.0992],[-95.4127,30.095],[-95.3981,30.0854],[-95.3747,30.0863],[-95.3719,30.0787],[-95.3497,30.0765],[-95.3371,30.0631],[-95.3288,30.0622],[-95.3215,30.053],[-95.316,30.0538],[-95.3092,30.0446],[-95.3126,30.0351],[-95.3056,30.0298],[-95.2637,30.0325],[-95.2713,30.0417],[-95.269,30.0465],[-95.2818,30.0705],[-95.2805,30.077],[-95.3148,30.0912],[-95.311,30.0968],[-95.3143,30.1116],[-95.3213,30.1188],[-95.3282,30.1184],[-95.3304,30.1304],[-95.3388,30.1333],[-95.339,30.1452],[-95.3536,30.1467],[-95.3695,30.1551],[-95.3749,30.1655],[-95.3818,30.1685],[-95.3815,30.1859],[-95.3929,30.1988],[-95.3974,30.2162],[-95.4059,30.2149],[-95.4149,30.2249],[-95.4257,30.2243],[-95.4264,30.2316],[-95.4325,30.2313],[-95.4345,30.2394],[-95.4482,30.2422],[-95.4517,30.2486],[-95.4568,30.2446],[-95.4907,30.25],[-95.5015,30.2472],[-95.5014,30.2311],[-95.5606,30.2237],[-95.5682,30.2209],[-95.5691,30.2122],[-95.5784,30.2059]]]},"properties":{"geoid":"48015","state":"48","district":"15","name":"State House District 15","chamber":"House"}},{"type":"Feature","geometry":{"type":"Polygon","coordinates":[[[-95.8302,30.6303],[-95.8043,30.3144],[-95.7942,30.3245],[-95.7981,30.32],[-95.7936,30.3091],[-95.771,30.305],[-95.7448,30.3157],[-95.7262,30.3],[-95.7318,30.3058],[-95.7261,30.3271],[-95.6974,30.3337],[-95.6968,30.2989],[-95.7053,30.2805],[-95.6906,30.2778],[-95.682,30.2585],[-95.6765,30.2586],[-95.6746,30.2515],[-95.6691,30.2498],[-95.6608,30.252],[-95.6608,30.2757],[-95.6485,30.2758],[-95.6476,30.2826],[-95.6351,30.2789],[-95.5843,30.2799],[-95.5774,30.2723],[-95.5748,30.2799],[-95.5569,30.2799],[-95.5588,30.288],[-95.5645,30.2872],[-95.5727,30.2986],[-95.5439,30.2958],[-95.5393,30.2989],[-95.5383,30.3167],[-95.5056,30.3129],[-95.5095,30.3046],[-95.5071,30.2972],[-95.4835,30.2831],[-95.4608,30.2783],[-95.4608,30.2631],[-95.4319,30.2717],[-95.4296,30.2653],[-95.4107,30.2696],[-95.4214,30.2813],[-95.3957,30.2942],[-95.3978,30.2998],[-95.3929,30.301],[-95.3968,30.3039],[-95.3909,30.305],[-95.3974,30.3128],[-95.3973,30.3239],[-95.3637,30.3135],[-95.3578,30.2998],[-95.334,30.2868],[-95.3122,30.2571],[-95.294,30.2601],[-95.2648,30.2539],[-95.2389,30.2597],[-95.2272,30.2854],[-95.2289,30.3123],[-95.2223,30.3127],[-95.2276,30.3261],[-95.2206,30.3374],[-95.2112,30.3387],[-95.2029,30.3506],[-95.2174,30.3555],[-95.2366,30.3795],[-95.2646,30.3846],[-95.3084,30.4058],[-95.3308,30.4356],[-95.3303,30.4431],[-95.3507,30.4761],[-95.3533,30.4951],[-95.3619,30.5089],[-95.599,30.509],[-95.8302,30.6303]]]},"properties":{"geoid":"48016","state":"48","district":"16","name":"State House District 16","chamber":"House"}},{"type":"Feature","geometry":{"type":"Polygon","coordinates":[[[-97.8993,29.858],[-97.876,29.8606],[-97.8719,29.8523],[-97.8634,29.8562],[-97.8555,29.8439],[-97.8473,29.8424],[-97.8367,29.8269],[-97.8427,29.824],[-97.8406,29.8162],[-97.8464,29.8086],[-97.8419,29.8075],[-97.8424,29.7992],[-97.8303,29.7955],[-97.8296,29.78],[-97.8171,29.7904],[-97.8119,29.7839],[-97.8148,29.7802],[-97.8056,29.7771],[-97.8055,29.7732],[-97.8104,29.7729],[-97.8003,29.7662],[-97.8036,29.7537],[-97.7953,29.7525],[-97.7927,29.7594],[-97.7812,29.7595],[-97.7822,29.7479],[-97.7686,29.7416],[-97.7723,29.7338],[-97.7587,29.7255],[-97.7683,29.7189],[-97.7628,29.7128],[-97.7565,29.7178],[-97.7471,29.714],[-97.749,29.7111],[-97.7384,29.713],[-97.7368,29.7022],[-97.7436,29.6976],[-97.736,29.6913],[-97.7221,29.6855],[-97.7225,29.6821],[-97.7045,29.6826],[-97.7061,29.6745],[-97.6978,29.6665],[-97.6927,29.6734],[-97.6805,29.6636],[-97.6778,29.6688],[-97.6732,29.6632],[-97.665,29.6688],[-97.6567,29.6626],[-97.6526,29.6678],[-97.6476,29.6611],[-97.6485,29.657],[-97.6534,29.6604],[-97.6518,29.654],[-97.6313,29.6538],[-97.6341,29.6477],[-97.6294,29.6398],[-97.6172,29.645],[-97.6178,29.6334],[-97.6058,29.6351],[-97.6037,29.6418],[-97.5977,29.6307],[-97.3179,29.7847],[-97.0245,30.0514],[-97.0192,30.032],[-96.8459,30.116],[-96.7946,30.1605],[-96.7416,30.1973],[-96.744,30.2173],[-96.739,30.2223],[-96.7425,30.227],[-96.7344,30.2415],[-96.7148,30.251],[-96.7066,30.2446],[-96.7006,30.2495],[-96.6855,30.249],[-96.6842,30.2579],[-96.6615,30.2787],[-96.6579,30.2878],[-96.6328,30.3004],[-96.6228,30.2983],[-96.606,30.3021],[-96.6015,30.3085],[-96.5735,30.3107],[-96.5593,30.3238],[-96.5417,30.3178],[-96.515,30.3261],[-96.5074,30.3218],[-96.496,30.3244],[-96.487,30.3379],[-96.4783,30.3332],[-96.4565,30.3386],[-96.4586,30.3431],[-96.4551,30.3445],[-96.4488,30.3409],[-96.4227,30.3434],[-96.4119,30.3582],[-96.4061,30.3511],[-96.3841,30.3582],[-96.378,30.3556],[-96.3753,30.3633],[-96.3686,30.3625],[-96.3574,30.3733],[-96.3409,30.3678],[-96.313,30.3843],[-96.2953,30.3793],[-96.2949,30.3856],[-96.3069,30.3946],[-96.2976,30.4004],[-96.2989,30.4105],[-96.2894,30.4124],[-96.2769,30.407],[-96.272,30.417],[-96.2866,30.4179],[-96.2826,30.4266],[-96.2868,30.4357],[-96.2846,30.448],[-96.2929,30.4443],[-96.3105,30.4556],[-96.3209,30.4496],[-96.3225,30.4588],[-96.3407,30.4737],[-96.3299,30.4774],[-96.3418,30.4972],[-96.3537,30.5027],[-96.3559,30.5138],[-96.3647,30.5103],[-96.371,30.5133],[-96.3692,30.5178],[-96.3551,30.5224],[-96.3594,30.5426],[-96.3763,30.5469],[-96.3766,30.5359],[-96.3854,30.5441],[-96.3829,30.5351],[-96.388,30.5324],[-96.4165,30.5421],[-96.4237,30.5602],[-96.4241,30.5778],[-96.4198,30.5836],[-96.4261,30.5908],[-96.4315,30.5892],[-96.4272,30.5755],[-96.4355,30.5732],[-96.4515,30.5968],[-96.4617,30.5983],[-96.4702,30.6071],[-96.4879,30.6051],[-96.4892,30.6218],[-96.4999,30.6128],[-96.5077,30.6163],[-96.5105,30.6278],[-96.5471,30.6277],[-96.556,30.6324],[-96.5666,30.6294],[-96.5703,30.6367],[-96.6015,30.6401],[-96.5837,30.6605],[-96.5827,30.6872],[-96.569,30.6906],[-96.5679,30.6997],[-96.5962,30.7153],[-96.597,30.7274],[-96.6197,30.7292],[-96.6329,30.7413],[-96.6257,30.75],[-96.6148,30.7502],[-96.6125,30.7587],[-96.6252,30.7808],[-96.6332,30.783],[-96.6423,30.7769],[-96.6483,30.781],[-96.6475,30.7904],[-96.6362,30.7979],[-96.6413,30.8181],[-96.648,30.8252],[-96.6702,30.8339],[-96.67,30.8417],[-96.6787,30.8434],[-96.6949,30.8645],[-96.695,30.8781],[-96.6822,30.882],[-96.6972,30.8984],[-96.6859,30.897],[-96.6849,30.906],[-96.6976,30.9088],[-96.7158,30.8973],[-96.7262,30.8985],[-96.734,30.9029],[-96.7306,30.9161],[-96.7437,30.9157],[-96.7569,30.9279],[-96.7559,30.9455],[-96.761,30.9561],[-96.7712,30.9605],[-96.7724,30.9691],[-96.7596,30.9783],[-96.7563,30.9888],[-96.748,30.9904],[-96.7464,30.9996],[-96.7557,31.0054],[-96.7655,30.9997],[-96.7713,31.0021],[-96.7746,31.0183],[-96.7703,31.0269],[-96.7797,31.0334],[-96.7671,31.0428],[-96.7682,31.0489],[-96.784,31.0482],[-96.7916,31.0651],[-96.8113,31.0583],[-96.8203,31.061],[-96.8197,31.0693],[-96.8093,31.0805],[-96.8307,31.1004],[-96.8296,31.1104],[-97.259,30.8896],[-97.3155,30.7524],[-97.2699,30.7354],[-97.1552,30.4573],[-97.3345,30.4028],[-97.3695,30.4196],[-97.4925,30.21],[-97.6494,30.0679],[-97.6537,30.0716],[-97.7078,30.0241],[-97.7607,29.9881],[-97.7924,29.9452],[-97.8502,29.9154],[-97.8939,29.8837],[-97.8993,29.858]]]},"properties":{"geoid":"48017","state":"48","district":"17","name":"State House District 17","chamber":"House"}},{"type":"Feature","geometry":{"type":"Polygon","coordinates":[[[-95.3592,30.5044],[-95.3507,30.4761],[-95.3303,30.4431],[-95.3308,30.4356],[-95.3084,30.4058],[-95.2646,30.3846],[-95.2366,30.3795],[-95.2174,30.3555],[-95.2029,30.3506],[-95.2112,30.3387],[-95.2206,30.3374],[-95.2276,30.3261],[-95.2223,30.3127],[-95.2289,30.3123],[-95.2272,30.2854],[-95.2389,30.2597],[-95.2707,30.2548],[-95.2704,30.2401],[-95.2446,30.2401],[-95.2427,30.2196],[-95.2322,30.2165],[-95.2204,30.1961],[-95.2109,30.1917],[-95.1913,30.1931],[-95.2154,30.155],[-95.2117,30.1545],[-95.2133,30.1501],[-95.1922,30.1489],[-95.1871,30.129],[-95.1716,30.1173],[-95.1729,30.1057],[-95.0967,30.1672],[-95.0312,29.9933],[-95.0219,29.9969],[-94.9998,29.9915],[-94.9955,29.9779],[-94.986,29.9731],[-94.9822,29.965],[-94.9809,29.9559],[-94.9877,29.9528],[-94.9951,29.9362],[-94.9927,29.9263],[-94.9987,29.9199],[-94.9879,29.9047],[-94.9815,29.8843],[-94.4422,29.8895],[-94.4446,30.1137],[-94.4311,30.1136],[-94.4338,30.1108],[-94.4297,30.1064],[-94.4124,30.0982],[-94.3993,30.0974],[-94.3919,30.1059],[-94.3759,30.1092],[-94.3646,30.1014],[-94.3507,30.1092],[-94.3508,30.1038],[-94.3421,30.1031],[-94.3304,30.1148],[-94.3258,30.1113],[-94.3159,30.1177],[-94.301,30.114],[-94.2926,30.1177],[-94.2765,30.1401],[-94.2799,30.1514],[-94.2755,30.1703],[-94.2606,30.1673],[-94.2548,30.1726],[-94.2534,30.1682],[-94.2372,30.1647],[-94.2313,30.1726],[-94.2209,30.1707],[-94.2185,30.1801],[-94.2078,30.1838],[-94.2096,30.1877],[-94.1992,30.1845],[-94.1951,30.1891],[-94.1887,30.1792],[-94.1749,30.1876],[-94.1732,30.179],[-94.1655,30.1762],[-94.169,30.1734],[-94.1457,30.1702],[-94.1477,30.1665],[-94.1405,30.1686],[-94.1405,30.1652],[-94.138,30.1688],[-94.1276,30.1636],[-94.1222,30.1663],[-94.1159,30.1603],[-94.1103,30.1657],[-94.1149,30.1732],[-94.1105,30.1878],[-94.1051,30.1879],[-94.1075,30.1925],[-94.0979,30.1884],[-94.098,30.1988],[-94.0911,30.1984],[-94.0942,30.2004],[-94.0914,30.2056],[-94.0949,30.2031],[-94.1035,30.2138],[-94.105,30.2108],[-94.118,30.2162],[-94.1185,30.2442],[-94.0965,30.2587],[-94.1044,30.2662],[-94.1077,30.2614],[-94.1136,30.2629],[-94.1119,30.2731],[-94.1198,30.2775],[-94.1205,30.2841],[-94.1194,30.2883],[-94.1142,30.2861],[-94.1178,30.3006],[-94.1042,30.3079],[-94.105,30.3124],[-94.1018,30.3105],[-94.1049,30.3139],[-94.0998,30.3186],[-94.1059,30.3229],[-94.0982,30.3232],[-94.1028,30.3254],[-94.0966,30.3386],[-94.0896,30.3377],[-94.0829,30.3457],[-94.0846,30.3531],[-94.0853,30.349],[-94.0908,30.3504],[-94.0939,30.3611],[-94.0992,30.3615],[-94.1027,30.3687],[-94.099,30.3699],[-94.1022,30.3848],[-94.1086,30.3873],[-94.1036,30.3939],[-94.1169,30.3977],[-94.1133,30.4061],[-94.1179,30.4057],[-94.12,30.4112],[-94.1128,30.415],[-94.1174,30.4166],[-94.1144,30.4241],[-94.1194,30.4263],[-94.1143,30.4293],[-94.1165,30.434],[-94.1068,30.4375],[-94.1074,30.4503],[-94.0945,30.4656],[-94.1031,30.4687],[-94.0934,30.4741],[-94.0855,30.4898],[-94.0789,30.4901],[-94.0825,30.4922],[-94.0797,30.5027],[-94.0841,30.5056],[-94.0717,30.526],[-94.5457,30.527],[-94.5379,30.4911],[-94.7773,30.489],[-94.8644,30.4945],[-94.8671,30.5114],[-94.8526,30.5244],[-94.8336,30.5304],[-94.8304,30.5416],[-94.842,30.5461],[-94.8752,30.5461],[-94.8896,30.5564],[-94.9105,30.5615],[-94.9373,30.558],[-94.9494,30.5705],[-94.9657,30.5766],[-95.0297,30.5791],[-95.0359,30.5873],[-95.029,30.5911],[-95.0318,30.5973],[-95.0069,30.6081],[-95.0088,30.6276],[-95.0159,30.6271],[-95.0247,30.6485],[-95.0132,30.6485],[-95.0091,30.6546],[-95.0125,30.6583],[-95.0208,30.6544],[-95.0236,30.6602],[-95.041,30.6638],[-95.0327,30.6718],[-95.0356,30.675],[-95.0545,30.6714],[-95.0533,30.6784],[-95.057,30.6801],[-95.0793,30.6694],[-95.09,30.6718],[-95.0927,30.6626],[-95.1017,30.6587],[-95.115,30.661],[-95.1107,30.672],[-95.1195,30.6773],[-95.1099,30.6942],[-95.1349,30.6933],[-95.1381,30.7064],[-95.1471,30.7174],[-95.1422,30.729],[-95.146,30.7424],[-95.1356,30.7482],[-95.1316,30.7575],[-95.1395,30.7749],[-95.1319,30.7832],[-95.174,30.8076],[-95.181,30.8188],[-95.1884,30.8181],[-95.2076,30.8324],[-95.231,30.8411],[-95.2431,30.8669],[-95.2308,30.887],[-95.2513,30.9065],[-95.3129,30.8979],[-95.3113,30.8858],[-95.3168,30.8798],[-95.3139,30.8731],[-95.3275,30.8595],[-95.3592,30.5044]]]},"properties":{"geoid":"48018","state":"48","district":"18","name":"State House District 18","chamber":"House"}},{"type":"Feature","geometry":{"type":"Polygon","coordinates":[[[-99.304,30.4985],[-99.301,30.1343],[-98.9201,30.1383],[-98.9177,29.7814],[-98.781,29.7209],[-98.7598,29.7223],[-98.7382,29.7166],[-98.7288,29.7225],[-98.7341,29.7295],[-98.7172,29.7253],[-98.7,29.7326],[-98.7004,29.7374],[-98.6603,29.7416],[-98.6631,29.7475],[-98.6531,29.7488],[-98.6513,29.754],[-98.6461,29.7452],[-98.2976,30.038],[-98.173,30.3563],[-98.1259,30.3228],[-98.0605,30.3489],[-98.0367,30.3395],[-98.0031,30.3177],[-97.9912,30.3179],[-97.976,30.3254],[-97.9716,30.3208],[-97.9642,30.3273],[-97.9695,30.3395],[-97.957,30.3582],[-97.9635,30.3762],[-97.9663,30.3677],[-97.9668,30.3791],[-97.9597,30.3902],[-97.9693,30.3899],[-97.9709,30.3832],[-97.9735,30.3919],[-97.943,30.3958],[-97.9408,30.4042],[-97.952,30.4216],[-97.9489,30.4325],[-97.9387,30.4373],[-97.9234,30.4349],[-97.913,30.4263],[-97.9075,30.414],[-97.9058,30.4213],[-97.8798,30.429],[-97.8742,30.4233],[-97.8499,30.4401],[-97.8496,30.4318],[-97.8434,30.4265],[-97.8257,30.4556],[-97.8466,30.4734],[-97.8622,30.4973],[-97.8558,30.5074],[-97.8714,30.5227],[-97.8679,30.5465],[-97.8834,30.553],[-97.8887,30.5652],[-97.8962,30.5649],[-97.9025,30.5713],[-97.9218,30.5642],[-97.927,30.5677],[-97.9151,30.5806],[-97.9219,30.591],[-97.9171,30.6049],[-97.9348,30.6103],[-97.9567,30.6282],[-97.9779,30.6221],[-97.9924,30.6095],[-98.0063,30.6275],[-98.0127,30.6168],[-98.0365,30.6117],[-98.0499,30.6242],[-97.9629,30.7856],[-97.8285,30.9062],[-97.8544,30.952],[-97.9117,31.035],[-98.4397,31.0296],[-98.4423,31.0205],[-98.4592,31.0104],[-98.4419,30.9843],[-98.4528,30.9644],[-98.4459,30.9507],[-98.423,30.9479],[-98.4147,30.9402],[-98.4196,30.9254],[-98.4374,30.927],[-98.4458,30.9214],[-98.4486,30.8908],[-98.4574,30.8789],[-98.4508,30.8714],[-98.4324,30.8697],[-98.4215,30.8632],[-98.4216,30.835],[-98.41,30.836],[-98.4014,30.844],[-98.3766,30.8338],[-98.3876,30.8193],[-98.4033,30.8179],[-98.4126,30.795],[-98.425,30.7957],[-98.432,30.7904],[-98.4225,30.775],[-98.4301,30.7569],[-98.424,30.7505],[-98.3778,30.7472],[-98.3714,30.7421],[-98.3927,30.7212],[-98.4042,30.7211],[-98.4143,30.7037],[-98.4055,30.6902],[-98.4033,30.6769],[-98.4376,30.6738],[-98.4418,30.6664],[-98.4289,30.6615],[-98.4289,30.6548],[-98.4181,30.6452],[-98.4176,30.6273],[-98.4002,30.5984],[-98.4137,30.5859],[-98.4054,30.5662],[-98.3988,30.5637],[-98.3703,30.5744],[-98.352,30.5584],[-98.351,30.4861],[-98.4115,30.5021],[-99.304,30.4985]]]},"properties":{"geoid":"48019","state":"48","district":"19","name":"State House District 19","chamber":"House"}},{"type":"Feature","geometry":{"type":"Polygon","coordinates":[[[-98.0495,30.6248],[-98.0365,30.6117],[-98.0127,30.6168],[-98.0063,30.6275],[-97.9924,30.6095],[-97.9779,30.6221],[-97.9567,30.6282],[-97.9348,30.6103],[-97.9171,30.6049],[-97.9219,30.591],[-97.9151,30.5806],[-97.927,30.5677],[-97.9218,30.5642],[-97.9025,30.5713],[-97.8962,30.5649],[-97.8887,30.5652],[-97.8834,30.553],[-97.8679,30.5465],[-97.8714,30.5227],[-97.8558,30.5074],[-97.8622,30.4973],[-97.8466,30.4734],[-97.8256,30.456],[-97.8106,30.4639],[-97.8153,30.4753],[-97.802,30.4801],[-97.8029,30.4958],[-97.8145,30.518],[-97.8194,30.5551],[-97.8387,30.5875],[-97.8597,30.6048],[-97.8585,30.6214],[-97.8802,30.6655],[-97.8774,30.7071],[-97.848,30.704],[-97.8357,30.6907],[-97.8289,30.6963],[-97.8205,30.6876],[-97.8002,30.6882],[-97.7964,30.6859],[-97.8003,30.6821],[-97.7889,30.6766],[-97.7858,30.6686],[-97.7738,30.6702],[-97.7655,30.6615],[-97.7562,30.6667],[-97.7511,30.6602],[-97.7493,30.6665],[-97.74,30.6693],[-97.734,30.6594],[-97.7263,30.6623],[-97.7245,30.657],[-97.7207,30.6639],[-97.7047,30.6634],[-97.6946,30.652],[-97.6848,30.653],[-97.6834,30.6458],[-97.6926,30.6305],[-97.6869,30.6074],[-97.6223,30.6141],[-97.6101,30.6293],[-97.6158,30.6439],[-97.5855,30.6462],[-97.5994,30.6517],[-97.5971,30.6665],[-97.6159,30.6781],[-97.6339,30.6806],[-97.6393,30.6891],[-97.6361,30.6926],[-97.6502,30.7047],[-97.6319,30.7579],[-97.6234,30.7644],[-97.6253,30.7763],[-97.6216,30.7775],[-97.6146,30.805],[-97.6032,30.8024],[-97.6001,30.7952],[-97.5741,30.8034],[-97.5839,30.8167],[-97.5885,30.8155],[-97.5975,30.8361],[-97.5894,30.8568],[-97.6241,30.87],[-97.8281,30.9044],[-97.9629,30.7856],[-98.0495,30.6248]]]},"properties":{"geoid":"48020","state":"48","district":"20","name":"State House District 20","chamber":"House"}},{"type":"Feature","geometry":{"type":"Polygon","coordinates":[[[-94.4602,31.0312],[-94.4449,31.0344],[-94.4423,31.03],[-94.4506,31.0177],[-94.4503,31.0031],[-94.4343,31.0069],[-94.4322,31.0132],[-94.436,31.0138],[-94.4138,31.0265],[-94.3862,31.026],[-94.3845,31.0295],[-94.383,31.0262],[-94.375,31.0353],[-94.3747,31.0311],[-94.3547,31.0322],[-94.3534,31.0395],[-94.3378,31.0368],[-94.3374,31.0302],[-94.3242,31.0201],[-94.2985,31.0346],[-94.2992,31.0417],[-94.2926,31.0429],[-94.2831,31.0368],[-94.2863,31.0271],[-94.2812,31.0184],[-94.2599,31.02],[-94.2523,31.0189],[-94.2464,31.0115],[-94.2381,31.0134],[-94.2406,31.0052],[-94.2331,30.9863],[-94.2414,30.9925],[-94.2438,30.9819],[-94.2393,30.9729],[-94.245,30.9668],[-94.2279,30.9578],[-94.2337,30.9521],[-94.227,30.9504],[-94.2313,30.9469],[-94.2286,30.9397],[-94.2232,30.9476],[-94.221,30.9353],[-94.21,30.938],[-94.2034,30.9344],[-94.2066,30.9304],[-94.1995,30.9288],[-94.2081,30.9226],[-94.205,30.9146],[-94.2159,30.9015],[-94.2004,30.8926],[-94.2054,30.8872],[-94.1937,30.8776],[-94.1991,30.8746],[-94.1899,30.872],[-94.1949,30.8689],[-94.193,30.8638],[-94.201,30.8635],[-94.191,30.8375],[-94.1801,30.8343],[-94.1859,30.8314],[-94.1795,30.8295],[-94.1823,30.8258],[-94.1783,30.8231],[-94.1877,30.8243],[-94.1891,30.8182],[-94.1824,30.8108],[-94.1776,30.8119],[-94.1815,30.7974],[-94.1501,30.7902],[-94.1399,30.7794],[-94.1422,30.7719],[-94.133,30.7652],[-94.1399,30.7559],[-94.1299,30.7514],[-94.1283,30.7454],[-94.1383,30.7309],[-94.1295,30.7194],[-94.1375,30.7148],[-94.123,30.7009],[-94.1258,30.6841],[-94.0901,30.6876],[-94.0891,30.6733],[-94.0823,30.6669],[-94.0864,30.6573],[-94.0732,30.6559],[-94.0736,30.6614],[-94.0795,30.6608],[-94.0739,30.6676],[-94.0559,30.6546],[-94.0532,30.648],[-94.0595,30.6452],[-94.0542,30.6461],[-94.0511,30.6401],[-94.0558,30.6332],[-94.0532,30.6292],[-94.0758,30.618],[-94.0697,30.6107],[-94.0812,30.6072],[-94.0793,30.5981],[-94.0854,30.5975],[-94.0825,30.5921],[-94.0959,30.5768],[-94.0886,30.5753],[-94.0859,30.5697],[-94.0939,30.5673],[-94.0866,30.5597],[-94.0859,30.5473],[-94.0713,30.5418],[-94.0736,30.5348],[-94.067,30.5319],[-94.0783,30.511],[-94.0829,30.5106],[-94.0795,30.5002],[-94.0825,30.4922],[-94.0789,30.4901],[-94.0855,30.4898],[-94.0934,30.4741],[-94.1031,30.4687],[-94.0945,30.4656],[-94.1074,30.4503],[-94.1068,30.4375],[-94.1165,30.434],[-94.1143,30.4293],[-94.1194,30.4263],[-94.1144,30.4241],[-94.1174,30.4166],[-94.1128,30.415],[-94.12,30.4112],[-94.1179,30.4057],[-94.1133,30.4061],[-94.1169,30.3977],[-94.1036,30.3939],[-94.1086,30.3873],[-94.1022,30.3848],[-94.099,30.3699],[-94.1027,30.3687],[-94.0992,30.3615],[-94.0939,30.3611],[-94.0908,30.3504],[-94.0853,30.349],[-94.0846,30.3531],[-94.0829,30.3457],[-94.0896,30.3377],[-94.0963,30.3391],[-94.1028,30.3254],[-94.0988,30.3224],[-94.1059,30.3229],[-94.0998,30.3186],[-94.1049,30.3139],[-94.1018,30.3105],[-94.105,30.3124],[-94.1042,30.3079],[-94.1178,30.3006],[-94.1142,30.2861],[-94.1198,30.2881],[-94.1207,30.2811],[-94.1119,30.2731],[-94.1136,30.2629],[-94.1077,30.2614],[-94.1044,30.2662],[-94.0965,30.2587],[-94.1185,30.2442],[-94.118,30.2162],[-94.105,30.2108],[-94.1036,30.2138],[-94.0952,30.2033],[-94.0912,30.2046],[-94.0918,30.1973],[-94.0982,30.1985],[-94.0979,30.1884],[-94.1065,30.1932],[-94.1053,30.1875],[-94.111,30.1867],[-94.1149,30.1732],[-94.1103,30.1657],[-94.1159,30.1603],[-94.1135,30.1483],[-94.1009,30.143],[-94.1081,30.1354],[-94.0986,30.1362],[-94.0796,30.1271],[-94.0737,30.1141],[-94.0812,30.1043],[-94.0873,30.1049],[-94.0942,30.091],[-94.0864,30.089],[-94.0942,30.0847],[-94.0792,30.0769],[-94.0578,30.0748],[-94.0519,30.0787],[-94.043,30.0637],[-94.0275,30.066],[-94.0318,30.0588],[-94.0287,30.0518],[-94.0359,30.0414],[-94.0295,30.0255],[-94.001,30.031],[-93.9968,30.0131],[-93.9831,30.0218],[-93.9818,30.0089],[-93.9606,30.0134],[-93.9481,29.9972],[-93.9311,29.9911],[-93.9138,29.996],[-93.9035,29.9855],[-93.8602,29.9774],[-93.856,29.9687],[-93.8628,29.9612],[-93.8684,29.9366],[-93.9448,29.8534],[-93.9879,29.8836],[-93.9996,29.8852],[-93.9997,29.8799],[-94.0124,29.8776],[-94.0316,29.8863],[-94.0167,29.8911],[-94.0168,29.8966],[-94.0044,29.8946],[-94.0327,29.9406],[-94.0139,29.9437],[-94.0062,29.9335],[-93.9803,29.9612],[-93.9923,29.9715],[-93.9784,29.9863],[-94.0027,29.9857],[-94.037,30.0124],[-94.0443,30.0083],[-94.0356,29.9922],[-94.0483,29.9794],[-94.0709,29.9853],[-94.0705,29.9611],[-94.0796,29.9663],[-94.091,29.9552],[-94.0962,29.9475],[-94.0974,29.9307],[-94.1044,29.9336],[-94.1212,29.929],[-94.1229,29.9347],[-94.1345,29.9384],[-94.1471,29.9506],[-94.1632,29.9357],[-94.188,29.9342],[-94.1892,29.9174],[-94.2348,29.9177],[-94.2663,29.9315],[-94.3069,29.9284],[-94.3152,29.9311],[-94.321,29.9398],[-94.3026,29.9397],[-94.3026,29.9831],[-94.2783,29.9851],[-94.2786,30.0007],[-94.2998,30.0003],[-94.2995,30.0043],[-94.2856,30.0122],[-94.2531,30.0112],[-94.2518,30.015],[-94.2574,30.0165],[-94.2554,30.0235],[-94.2339,30.0236],[-94.2331,30.0382],[-94.2287,30.0295],[-94.2226,30.0383],[-94.2046,30.0383],[-94.204,30.0276],[-94.1892,30.0238],[-94.1893,30.0384],[-94.197,30.0384],[-94.2006,30.0502],[-94.2083,30.0536],[-94.2057,30.0574],[-94.2116,30.0765],[-94.1851,30.0784],[-94.1743,30.0731],[-94.1497,30.0863],[-94.136,30.0855],[-94.1379,30.1099],[-94.1452,30.1172],[-94.2123,30.1146],[-94.2133,30.1821],[-94.2204,30.1772],[-94.2209,30.1707],[-94.2313,30.1726],[-94.2372,30.1647],[-94.2534,30.1682],[-94.2548,30.1726],[-94.2606,30.1673],[-94.2755,30.1703],[-94.2792,30.1319],[-94.3008,30.114],[-94.3159,30.1177],[-94.3259,30.1113],[-94.3302,30.1149],[-94.3385,30.1043],[-94.3508,30.1038],[-94.3507,30.1092],[-94.3646,30.1014],[-94.3811,30.1084],[-94.3919,30.1059],[-94.4012,30.0972],[-94.4283,30.1054],[-94.4338,30.1108],[-94.4311,30.1136],[-94.4446,30.1137],[-94.4422,29.8871],[-94.358,29.8875],[-94.3549,29.5063],[-94.1252,29.5956],[-94.0336,29.625],[-93.875,29.6214],[-93.8486,29.6003],[-93.8144,29.5966],[-93.8374,29.6899],[-93.87,29.7355],[-93.8916,29.7446],[-93.8939,29.7673],[-93.9265,29.7896],[-93.928,29.8096],[-93.9137,29.8272],[-93.8636,29.8572],[-93.8406,29.88],[-93.8173,29.9184],[-93.8078,29.9545],[-93.7894,29.9878],[-93.7706,29.9965],[-93.7566,30.0142],[-93.7411,30.0216],[-93.7374,30.0373],[-93.7208,30.053],[-93.7188,30.0648],[-93.7138,30.0657],[-93.7111,30.0544],[-93.7002,30.057],[-93.7031,30.0663],[-93.717,30.0696],[-93.7341,30.0862],[-93.7311,30.0895],[-93.724,30.0826],[-93.7238,30.0941],[-93.7123,30.109],[-93.7024,30.1127],[-93.708,30.12],[-93.7009,30.1231],[-93.7012,30.1375],[-93.6928,30.1352],[-93.6882,30.1414],[-93.6933,30.1419],[-93.6977,30.1529],[-93.7095,30.1467],[-93.7,30.1755],[-93.7107,30.1799],[-93.7126,30.1925],[-93.7055,30.1929],[-93.7091,30.1972],[-93.7175,30.1931],[-93.7142,30.2087],[-93.7212,30.2092],[-93.7171,30.212],[-93.719,30.2194],[-93.7112,30.2221],[-93.7111,30.2352],[-93.7045,30.2338],[-93.7096,30.2378],[-93.7031,30.2385],[-93.7068,30.2437],[-93.9015,30.2427],[-93.8752,30.6721],[-93.8657,30.9472],[-93.9111,31.1581],[-94.039,31.1343],[-94.0423,31.1194],[-94.0566,31.1117],[-94.0629,31.1149],[-94.4602,31.0312]]]},"properties":{"geoid":"48021","state":"48","district":"21","name":"State House District 21","chamber":"House"}},{"type":"Feature","geometry":{"type":"Polygon","coordinates":[[[-94.321,29.9398],[-94.3152,29.9311],[-94.3069,29.9284],[-94.2659,29.9315],[-94.2283,29.917],[-94.1892,29.9174],[-94.188,29.9342],[-94.1632,29.9357],[-94.1471,29.9506],[-94.1345,29.9384],[-94.1229,29.9347],[-94.1212,29.929],[-94.1044,29.9336],[-94.0974,29.9307],[-94.0962,29.9475],[-94.091,29.9552],[-94.0796,29.9663],[-94.0705,29.9611],[-94.0709,29.9853],[-94.0483,29.9794],[-94.0356,29.9922],[-94.0443,30.0083],[-94.037,30.0124],[-94.0027,29.9857],[-93.9784,29.9863],[-93.9923,29.9715],[-93.9803,29.9612],[-94.0062,29.9335],[-94.0139,29.9437],[-94.0327,29.9406],[-94.0044,29.8946],[-94.0168,29.8966],[-94.0167,29.8911],[-94.0316,29.8863],[-94.0124,29.8776],[-93.9997,29.8799],[-93.9996,29.8852],[-93.9879,29.8836],[-93.9448,29.8534],[-93.8684,29.9366],[-93.8628,29.9612],[-93.856,29.9687],[-93.8602,29.9774],[-93.9035,29.9855],[-93.9138,29.996],[-93.9311,29.9911],[-93.9481,29.9972],[-93.9606,30.0134],[-93.9818,30.0089],[-93.9831,30.0218],[-93.9968,30.0131],[-94.001,30.031],[-94.0295,30.0255],[-94.0359,30.0414],[-94.0287,30.0518],[-94.0318,30.0588],[-94.0275,30.066],[-94.043,30.0637],[-94.0519,30.0787],[-94.0578,30.0748],[-94.0792,30.0769],[-94.0929,30.083],[-94.0937,30.0866],[-94.0864,30.089],[-94.0942,30.091],[-94.0873,30.1049],[-94.0787,30.1061],[-94.0743,30.1165],[-94.0796,30.1271],[-94.0986,30.1362],[-94.1081,30.1354],[-94.1009,30.143],[-94.1135,30.1483],[-94.1179,30.1641],[-94.166,30.1722],[-94.1749,30.1876],[-94.1876,30.1789],[-94.1943,30.1889],[-94.1992,30.1845],[-94.2037,30.1888],[-94.2133,30.1821],[-94.2123,30.1146],[-94.1452,30.1172],[-94.1369,30.1079],[-94.136,30.0855],[-94.1497,30.0863],[-94.1743,30.0731],[-94.1851,30.0784],[-94.2116,30.0765],[-94.2057,30.0574],[-94.2083,30.0536],[-94.2006,30.0502],[-94.197,30.0384],[-94.1893,30.0384],[-94.1892,30.0238],[-94.204,30.0276],[-94.2046,30.0383],[-94.2226,30.0383],[-94.2287,30.0295],[-94.2331,30.0382],[-94.2339,30.0236],[-94.2554,30.0235],[-94.2574,30.0165],[-94.2518,30.015],[-94.2531,30.0112],[-94.2893,30.0109],[-94.2998,30.0003],[-94.2786,30.0007],[-94.2783,29.9851],[-94.3026,29.9831],[-94.3026,29.9397],[-94.321,29.9398]]]},"properties":{"geoid":"48022","state":"48","district":"22","name":"State House District 22","chamber":"House"}},{"type":"Feature","geometry":{"type":"Polygon","coordinates":[[[-95.1299,29.0856],[-95.0916,29.0627],[-95.0002,29.1045],[-94.9122,29.1593],[-94.7727,29.2317],[-94.7133,29.2825],[-94.6923,29.2771],[-94.6662,29.281],[-94.6424,29.3001],[-94.6242,29.3352],[-94.6286,29.3583],[-94.6503,29.3828],[-94.4995,29.4523],[-94.3549,29.5063],[-94.358,29.8875],[-94.5002,29.8899],[-94.9815,29.8843],[-94.9763,29.877],[-94.9771,29.8682],[-94.968,29.8592],[-94.9526,29.855],[-94.9346,29.8343],[-94.9087,29.8261],[-94.9091,29.8138],[-94.9169,29.8033],[-94.9227,29.8027],[-94.9242,29.7959],[-94.917,29.7868],[-94.9214,29.7821],[-94.9163,29.7729],[-94.92,29.772],[-94.9134,29.7667],[-94.919,29.7654],[-94.9188,29.7555],[-94.9297,29.7505],[-94.929,29.7371],[-94.9455,29.7171],[-94.9425,29.7133],[-94.9326,29.7143],[-94.933,29.7052],[-94.9251,29.7031],[-94.9299,29.6974],[-94.9156,29.6978],[-94.9303,29.6737],[-94.9697,29.6828],[-95.0016,29.6644],[-95.013,29.6465],[-95.0137,29.6299],[-95.0029,29.6192],[-94.9982,29.6205],[-94.9827,29.601],[-95.0061,29.5771],[-95.0182,29.5546],[-95.0149,29.5395],[-95.0019,29.5253],[-95.0082,29.5211],[-95.0112,29.5262],[-95.0282,29.5148],[-95.0334,29.5298],[-95.0547,29.5254],[-95.0501,29.5142],[-95.0534,29.5117],[-95.0449,29.5023],[-95.0473,29.4924],[-95.0564,29.4853],[-95.0508,29.4794],[-95.047,29.482],[-95.0469,29.4755],[-95.0398,29.4745],[-95.0421,29.4717],[-95.0374,29.4718],[-95.0376,29.4772],[-95.0193,29.4774],[-95.0097,29.4635],[-95.0113,29.4508],[-95.0397,29.4522],[-95.0722,29.4432],[-95.0419,29.4118],[-95.0419,29.4],[-95.061,29.3927],[-95.0559,29.3872],[-95.0646,29.3881],[-95.0634,29.378],[-95.0308,29.3753],[-95.0307,29.3673],[-95.0045,29.3677],[-95.0009,29.3695],[-95.0041,29.3749],[-95.0004,29.3724],[-95.0014,29.3928],[-94.9948,29.3929],[-94.9948,29.3974],[-94.9556,29.3953],[-94.9518,29.3792],[-94.9719,29.379],[-94.9661,29.3705],[-94.9782,29.3661],[-94.9928,29.3683],[-94.9933,29.352],[-94.9774,29.3471],[-94.9706,29.3389],[-94.9635,29.3415],[-94.9305,29.3278],[-94.9308,29.3375],[-94.9003,29.3047],[-94.8861,29.2974],[-95.0507,29.1936],[-95.0565,29.1999],[-95.1299,29.0856]]]},"properties":{"geoid":"48023","state":"48","district":"23","name":"State House District 23","chamber":"House"}},{"type":"Feature","geometry":{"type":"Polygon","coordinates":[[[-95.233,29.4662],[-95.0507,29.1936],[-94.8861,29.2974],[-94.9003,29.3047],[-94.9308,29.3375],[-94.9305,29.3278],[-94.9635,29.3415],[-94.9706,29.3389],[-94.9774,29.3471],[-94.9933,29.352],[-94.9928,29.3683],[-94.9782,29.3661],[-94.9661,29.3705],[-94.9719,29.379],[-94.9518,29.3792],[-94.9556,29.3953],[-94.9948,29.3974],[-94.9948,29.3929],[-95.0014,29.3928],[-95.0004,29.3724],[-95.0041,29.3749],[-95.0009,29.3695],[-95.0045,29.3677],[-95.0307,29.3673],[-95.0308,29.3753],[-95.0633,29.3778],[-95.0646,29.3881],[-95.0559,29.3872],[-95.061,29.3927],[-95.0419,29.4],[-95.0419,29.4118],[-95.0722,29.4432],[-95.0397,29.4522],[-95.0113,29.4508],[-95.01,29.4656],[-95.0193,29.4774],[-95.0376,29.4772],[-95.0374,29.4718],[-95.0421,29.4717],[-95.0398,29.4745],[-95.0469,29.4755],[-95.047,29.482],[-95.0508,29.4794],[-95.0564,29.4853],[-95.0473,29.4924],[-95.0449,29.5023],[-95.0534,29.5117],[-95.0501,29.5142],[-95.0547,29.5254],[-95.0334,29.5298],[-95.0282,29.5148],[-95.0112,29.5262],[-95.0082,29.5211],[-95.0019,29.5253],[-95.0149,29.5395],[-95.0182,29.5546],[-95.0175,29.5485],[-95.0285,29.5474],[-95.0296,29.5522],[-95.0501,29.5585],[-95.0669,29.5582],[-95.0721,29.5493],[-95.0807,29.5462],[-95.0796,29.5344],[-95.09,29.5311],[-95.0967,29.5347],[-95.094,29.524],[-95.0981,29.5183],[-95.1032,29.5209],[-95.1043,29.5107],[-95.1187,29.5069],[-95.1251,29.5103],[-95.1296,29.5051],[-95.1417,29.5064],[-95.1489,29.4987],[-95.1616,29.4973],[-95.1709,29.5075],[-95.1675,29.5125],[-95.1831,29.5191],[-95.1899,29.5273],[-95.1883,29.5355],[-95.1995,29.5445],[-95.2,29.5526],[-95.1934,29.5599],[-95.1992,29.5587],[-95.2011,29.5632],[-95.2041,29.5582],[-95.2131,29.5589],[-95.233,29.4662]]]},"properties":{"geoid":"48024","state":"48","district":"24","name":"State House District 24","chamber":"House"}},{"type":"Feature","geometry":{"type":"Polygon","coordinates":[[[-95.8739,29.23],[-95.8447,29.2047],[-95.8578,29.1933],[-95.8384,29.1766],[-95.8397,29.1684],[-95.8469,29.1675],[-95.8505,29.1569],[-95.8482,29.1465],[-95.8399,29.1423],[-95.8378,29.1342],[-95.8408,29.1147],[-95.8464,29.1076],[-95.8419,29.0991],[-95.8291,29.0889],[-95.8059,29.0905],[-95.7934,29.0722],[-95.7809,29.0656],[-95.7708,29.0664],[-95.7651,29.0608],[-95.7675,29.0532],[-95.7759,29.0522],[-95.7775,29.0444],[-95.7855,29.0392],[-95.7793,29.0345],[-95.7841,29.0304],[-95.778,29.0248],[-95.782,29.0209],[-95.7761,29.0179],[-95.7793,29.0108],[-95.7852,29.0123],[-95.7844,29.0075],[-95.7677,29.0038],[-95.7726,29.0052],[-95.7783,28.9971],[-95.7672,28.9916],[-95.7694,28.9711],[-95.7649,28.9674],[-95.6991,28.9695],[-95.6842,28.9605],[-95.6762,28.9648],[-95.6689,28.9562],[-95.6551,28.9515],[-95.6458,28.9389],[-95.6516,28.92],[-95.6421,28.9043],[-95.5792,28.8596],[-95.5762,28.8524],[-95.5793,28.8406],[-95.5737,28.8328],[-95.5508,28.8287],[-95.5376,28.8329],[-95.5305,28.8291],[-95.5041,28.8377],[-95.5073,28.8258],[-95.4957,28.7648],[-95.4201,28.8056],[-95.378,28.8103],[-95.3298,28.8287],[-95.3154,28.8422],[-95.3081,28.8588],[-95.2272,28.9104],[-95.1808,28.9489],[-95.1395,28.9917],[-95.1065,29.0149],[-95.0938,29.0333],[-95.0873,29.058],[-95.1299,29.0856],[-95.0561,29.1993],[-95.0947,29.1774],[-95.1138,29.1728],[-95.1574,29.1467],[-95.1984,29.1089],[-95.2329,29.0239],[-95.2623,28.9857],[-95.2795,28.975],[-95.3022,29.003],[-95.3197,29.008],[-95.3221,29.0146],[-95.3261,29.0095],[-95.3305,29.0149],[-95.3393,28.9992],[-95.3374,28.9821],[-95.3502,28.9677],[-95.3512,28.9598],[-95.3584,28.9565],[-95.3728,28.9658],[-95.3773,28.9588],[-95.3749,28.97],[-95.3861,28.9787],[-95.3775,28.984],[-95.3887,29.0048],[-95.3797,29.0022],[-95.3842,29.0102],[-95.3769,29.0178],[-95.3701,29.0405],[-95.3764,29.0401],[-95.3781,29.0297],[-95.3888,29.0354],[-95.3817,29.0495],[-95.3905,29.0545],[-95.3898,29.0429],[-95.399,29.0361],[-95.4241,29.1246],[-95.4073,29.1232],[-95.391,29.1314],[-95.3932,29.1595],[-95.3827,29.1596],[-95.3771,29.1518],[-95.3267,29.1757],[-95.3193,29.1871],[-95.2985,29.1969],[-95.2931,29.2184],[-95.3088,29.2343],[-95.3339,29.2472],[-95.3393,29.2643],[-95.3305,29.2773],[-95.337,29.2855],[-95.356,29.297],[-95.368,29.2966],[-95.3796,29.3063],[-95.4058,29.3048],[-95.4255,29.3176],[-95.4275,29.4252],[-95.4108,29.4248],[-95.4149,29.4654],[-95.3915,29.4954],[-95.3864,29.5203],[-95.387,29.5414],[-95.4004,29.5411],[-95.3965,29.5693],[-95.4006,29.582],[-95.4135,29.5833],[-95.4242,29.5807],[-95.4626,29.4392],[-95.5506,29.4383],[-95.5564,29.4246],[-95.546,29.4086],[-95.5499,29.4026],[-95.5476,29.3952],[-95.5656,29.3908],[-95.5723,29.3838],[-95.5808,29.3621],[-95.5739,29.3555],[-95.5827,29.3504],[-95.5792,29.3406],[-95.5883,29.3359],[-95.5908,29.3275],[-95.605,29.3307],[-95.6258,29.313],[-95.6282,29.3094],[-95.6208,29.2998],[-95.6261,29.2931],[-95.6388,29.2972],[-95.6555,29.2912],[-95.6651,29.2989],[-95.7529,29.3245],[-95.784,29.2962],[-95.7978,29.308],[-95.8477,29.2626],[-95.8419,29.2587],[-95.8739,29.23]]]},"properties":{"geoid":"48025","state":"48","district":"25","name":"State House District 25","chamber":"House"}},{"type":"Feature","geometry":{"type":"Polygon","coordinates":[[[-95.8691,29.7719],[-95.8577,29.7627],[-95.8515,29.7667],[-95.8516,29.7465],[-95.8379,29.7466],[-95.8379,29.7343],[-95.8463,29.7343],[-95.8459,29.6947],[-95.813,29.6975],[-95.8125,29.6729],[-95.7917,29.6625],[-95.7873,29.6724],[-95.7788,29.6631],[-95.775,29.6708],[-95.7649,29.655],[-95.7648,29.647],[-95.7703,29.6468],[-95.7702,29.6269],[-95.8118,29.6317],[-95.8099,29.5572],[-95.7662,29.5583],[-95.7587,29.5523],[-95.7562,29.5574],[-95.7472,29.5466],[-95.6904,29.5616],[-95.6979,29.564],[-95.7,29.5746],[-95.7084,29.5739],[-95.7157,29.5811],[-95.715,29.6651],[-95.7418,29.6646],[-95.7424,29.6848],[-95.7673,29.6846],[-95.7755,29.7006],[-95.6827,29.7081],[-95.826,29.7886],[-95.8691,29.7719]]]},"properties":{"geoid":"48026","state":"48","district":"26","name":"State House District 26","chamber":"House"}},{"type":"Feature","geometry":{"type":"Polygon","coordinates":[[[-95.5905,29.6289],[-95.5826,29.6274],[-95.5803,29.5859],[-95.5847,29.5772],[-95.5817,29.5683],[-95.5892,29.5671],[-95.5885,29.5517],[-95.5634,29.5521],[-95.5642,29.5362],[-95.5703,29.5274],[-95.5658,29.5195],[-95.5678,29.5128],[-95.5535,29.509],[-95.5564,29.4946],[-95.5449,29.4889],[-95.5479,29.479],[-95.5438,29.4669],[-95.533,29.4584],[-95.5347,29.4406],[-95.5397,29.4387],[-95.5447,29.4443],[-95.5506,29.4383],[-95.4626,29.4392],[-95.4242,29.5807],[-95.5714,29.6487],[-95.5905,29.6289]]]},"properties":{"geoid":"48027","state":"48","district":"27","name":"State House District 27","chamber":"House"}},{"type":"Feature","geometry":{"type":"Polygon","coordinates":[[[-96.0889,29.6017],[-96.0621,29.5914],[-96.06,29.5687],[-96.0445,29.5621],[-96.0409,29.5408],[-96.0564,29.5394],[-96.0556,29.5258],[-96.0507,29.5236],[-96.0558,29.5183],[-96.0541,29.5121],[-96.0305,29.5078],[-96.0312,29.5133],[-96.0174,29.5185],[-96.0007,29.4942],[-95.9832,29.5032],[-95.9852,29.5055],[-95.9723,29.5172],[-95.9681,29.5136],[-95.9636,29.5177],[-95.9289,29.4907],[-95.9376,29.4853],[-95.9366,29.4816],[-95.9101,29.4593],[-95.9218,29.4484],[-95.9165,29.4446],[-95.9098,29.4148],[-95.9018,29.4081],[-95.9096,29.4042],[-95.9124,29.3915],[-95.9014,29.3829],[-95.8848,29.3982],[-95.8607,29.3782],[-95.8493,29.3887],[-95.8237,29.3673],[-95.8121,29.3779],[-95.7897,29.3593],[-95.7669,29.3804],[-95.7548,29.3704],[-95.7662,29.3599],[-95.7542,29.35],[-95.7499,29.3536],[-95.7095,29.32],[-95.6756,29.3512],[-95.6413,29.3518],[-95.6419,29.3867],[-95.6522,29.3885],[-95.6527,29.3972],[-95.6166,29.3987],[-95.6196,29.406],[-95.6332,29.4015],[-95.6275,29.4086],[-95.6332,29.4095],[-95.6295,29.4135],[-95.6333,29.4381],[-95.6448,29.4377],[-95.6458,29.4308],[-95.6606,29.4227],[-95.6655,29.4092],[-95.6902,29.4295],[-95.6739,29.4468],[-95.6945,29.4648],[-95.6806,29.493],[-95.7027,29.5375],[-95.6688,29.5332],[-95.6521,29.554],[-95.6439,29.5473],[-95.6382,29.5495],[-95.6384,29.5635],[-95.5851,29.5657],[-95.5828,29.5806],[-95.6225,29.5986],[-95.6174,29.6097],[-95.6265,29.6091],[-95.6338,29.6201],[-95.6491,29.6134],[-95.6515,29.6344],[-95.6628,29.6341],[-95.6638,29.618],[-95.674,29.6202],[-95.6739,29.6033],[-95.6841,29.6017],[-95.6772,29.5866],[-95.6904,29.5616],[-95.7472,29.5466],[-95.7562,29.5574],[-95.7587,29.5523],[-95.7662,29.5583],[-95.8099,29.5572],[-95.8118,29.6317],[-95.7702,29.6269],[-95.7703,29.6468],[-95.7648,29.647],[-95.7649,29.655],[-95.775,29.6708],[-95.7788,29.6631],[-95.7873,29.6724],[-95.7917,29.6625],[-95.8125,29.6729],[-95.813,29.6975],[-95.8459,29.6947],[-95.8463,29.7343],[-95.8379,29.7343],[-95.8379,29.7466],[-95.8516,29.7465],[-95.8515,29.7667],[-95.8577,29.7627],[-95.8691,29.7719],[-95.9509,29.7408],[-95.9713,29.7405],[-95.9709,29.7286],[-96.0327,29.7279],[-96.0321,29.7173],[-96.0128,29.7199],[-96.0071,29.7167],[-96.006,29.7039],[-96.0228,29.7045],[-96.0145,29.6936],[-96.0156,29.6814],[-96.0214,29.6789],[-96.0272,29.687],[-96.0359,29.6884],[-96.0566,29.6824],[-96.0601,29.6763],[-96.0461,29.6655],[-96.0309,29.6752],[-96.0168,29.6675],[-96.02,29.6592],[-96.0332,29.6582],[-96.0148,29.6417],[-96.0193,29.6363],[-96.0164,29.6271],[-96.0242,29.622],[-96.0248,29.6029],[-96.0889,29.6017]]]},"properties":{"geoid":"48028","state":"48","district":"28","name":"State House District 28","chamber":"House"}},{"type":"Feature","geometry":{"type":"Polygon","coordinates":[[[-95.4275,29.4252],[-95.4255,29.3176],[-95.4058,29.3048],[-95.3796,29.3063],[-95.368,29.2966],[-95.356,29.297],[-95.337,29.2855],[-95.3305,29.2773],[-95.3393,29.2643],[-95.3339,29.2472],[-95.3088,29.2343],[-95.2931,29.2184],[-95.2985,29.1969],[-95.3193,29.1871],[-95.3267,29.1757],[-95.3771,29.1518],[-95.3827,29.1596],[-95.3932,29.1595],[-95.391,29.1314],[-95.4073,29.1232],[-95.4241,29.1246],[-95.399,29.0361],[-95.3898,29.0429],[-95.3905,29.0545],[-95.3817,29.0495],[-95.3888,29.0354],[-95.3781,29.0297],[-95.3764,29.0401],[-95.3701,29.0405],[-95.3769,29.0178],[-95.3842,29.0102],[-95.3797,29.0022],[-95.3887,29.0048],[-95.3775,28.984],[-95.3859,28.9772],[-95.3749,28.97],[-95.3773,28.9588],[-95.3728,28.9658],[-95.3557,28.9562],[-95.3374,28.9821],[-95.3394,28.9991],[-95.3333,29.0141],[-95.3284,29.0149],[-95.3261,29.0095],[-95.3221,29.0146],[-95.3197,29.008],[-95.3022,29.003],[-95.2795,28.975],[-95.2623,28.9857],[-95.2329,29.0239],[-95.1984,29.1089],[-95.1574,29.1467],[-95.0571,29.2009],[-95.2331,29.4656],[-95.2146,29.5571],[-95.2337,29.5571],[-95.238,29.5614],[-95.2428,29.5551],[-95.2539,29.5538],[-95.2619,29.5933],[-95.3317,29.5991],[-95.3463,29.5856],[-95.3759,29.5884],[-95.4006,29.582],[-95.3965,29.5693],[-95.4004,29.5411],[-95.387,29.5414],[-95.3871,29.5123],[-95.3915,29.4954],[-95.4149,29.4654],[-95.4108,29.4248],[-95.4275,29.4252]]]},"properties":{"geoid":"48029","state":"48","district":"29","name":"State House District 29","chamber":"House"}},{"type":"Feature","geometry":{"type":"Polygon","coordinates":[[[-97.7785,28.668],[-97.7665,28.6647],[-97.7546,28.6542],[-97.7506,28.6392],[-97.7316,28.6281],[-97.7289,28.6105],[-97.713,28.5864],[-97.7127,28.5763],[-97.7017,28.561],[-97.6966,28.5415],[-97.6697,28.5355],[-97.6682,28.5305],[-97.6552,28.5286],[-97.6463,28.5209],[-97.6231,28.5296],[-97.61,28.5231],[-97.6072,28.5267],[-97.5866,28.5245],[-97.563,28.5164],[-97.5536,28.5022],[-97.5515,28.4505],[-97.5208,28.4464],[-97.5238,28.4403],[-97.5179,28.432],[-97.4987,28.4384],[-97.4852,28.4364],[-97.4701,28.425],[-97.4626,28.4097],[-97.4504,28.4092],[-97.4464,28.4029],[-97.4425,28.4089],[-97.4283,28.4129],[-97.4203,28.4041],[-97.4102,28.408],[-97.3989,28.4049],[-97.3997,28.3923],[-97.3898,28.3971],[-97.3869,28.3903],[-97.3756,28.3887],[-97.1608,28.5535],[-97.1557,28.5479],[-97.1488,28.5533],[-97.1518,28.5496],[-97.1478,28.5464],[-97.1395,28.5542],[-97.1234,28.5453],[-97.1228,28.5492],[-97.1191,28.5463],[-97.1043,28.5547],[-97.0989,28.5499],[-97.1026,28.5475],[-97.0941,28.5446],[-97.0949,28.5384],[-97.0821,28.5322],[-97.0773,28.5341],[-97.0828,28.5423],[-97.0797,28.5455],[-97.0774,28.5403],[-97.0721,28.5471],[-97.0717,28.5426],[-97.0621,28.544],[-97.0622,28.5408],[-97.0591,28.545],[-97.0628,28.5473],[-97.0559,28.5502],[-97.0508,28.5457],[-97.045,28.5501],[-97.0482,28.5474],[-97.0441,28.5422],[-97.0515,28.5351],[-97.0413,28.5315],[-97.0318,28.5415],[-97.0248,28.5391],[-97.0272,28.5326],[-97.0223,28.5168],[-97.0197,28.5203],[-97.0046,28.5089],[-96.9949,28.5091],[-96.9859,28.5],[-96.9691,28.5052],[-96.9532,28.5038],[-96.9155,28.4857],[-96.9099,28.4901],[-96.9158,28.4989],[-96.9017,28.5096],[-96.8911,28.5065],[-96.899,28.5178],[-96.8975,28.5237],[-96.902,28.5239],[-96.9059,28.5324],[-96.8951,28.5493],[-96.9018,28.5547],[-96.898,28.5599],[-96.9031,28.5608],[-96.9022,28.5658],[-96.9083,28.5673],[-96.9062,28.5719],[-96.915,28.5695],[-96.9304,28.5867],[-96.8538,28.6352],[-96.7228,28.6698],[-96.6657,28.7057],[-96.6598,28.7017],[-96.6434,28.7121],[-96.5882,28.7264],[-96.5805,28.7194],[-96.578,28.6968],[-96.5746,28.7055],[-96.4284,28.7035],[-96.4286,28.7137],[-96.4205,28.7136],[-96.4075,28.7303],[-96.3995,28.7302],[-96.4044,28.6744],[-96.3235,28.6756],[-96.3227,28.6429],[-96.3805,28.3809],[-96.3952,28.2797],[-96.3753,28.2908],[-96.3527,28.3129],[-96.3418,28.3424],[-96.3208,28.3629],[-96.3035,28.365],[-96.2823,28.375],[-96.2671,28.3882],[-96.2582,28.4079],[-96.1822,28.452],[-96.0783,28.5],[-95.7778,28.6253],[-95.5338,28.7503],[-95.4957,28.7648],[-95.5073,28.8258],[-95.5041,28.8377],[-95.5305,28.8291],[-95.5376,28.8329],[-95.5508,28.8287],[-95.5737,28.8328],[-95.5793,28.8406],[-95.5762,28.8524],[-95.5792,28.8596],[-95.6421,28.9043],[-95.6516,28.92],[-95.6458,28.9389],[-95.6551,28.9515],[-95.6689,28.9562],[-95.6762,28.9648],[-95.6842,28.9605],[-95.6991,28.9695],[-95.7649,28.9674],[-95.7694,28.9711],[-95.7672,28.9916],[-95.7783,28.9971],[-95.7726,29.0052],[-95.7677,29.0038],[-95.7844,29.0075],[-95.7852,29.0123],[-95.7793,29.0108],[-95.7761,29.0179],[-95.782,29.0209],[-95.778,29.0248],[-95.7841,29.0304],[-95.7793,29.0345],[-95.7855,29.0392],[-95.7775,29.0444],[-95.7759,29.0522],[-95.7675,29.0532],[-95.7651,29.0608],[-95.7708,29.0664],[-95.7809,29.0656],[-95.7934,29.0722],[-95.8059,29.0905],[-95.8291,29.0889],[-95.8419,29.0991],[-95.8464,29.1076],[-95.8408,29.1147],[-95.8378,29.1342],[-95.8399,29.1423],[-95.8482,29.1465],[-95.8505,29.1569],[-95.8469,29.1675],[-95.8397,29.1684],[-95.8384,29.1766],[-95.8578,29.1933],[-95.8447,29.2047],[-95.874,29.2297],[-95.9652,29.1469],[-96.3092,28.9633],[-96.6585,29.2639],[-96.5606,29.3354],[-96.7931,29.5774],[-96.8328,29.5769],[-96.8392,29.5846],[-96.8333,29.5958],[-96.8443,29.6089],[-96.843,29.6164],[-96.8591,29.6244],[-96.865,29.6327],[-97.1426,29.6281],[-97.2041,29.5806],[-97.2023,29.5075],[-97.2401,29.3845],[-97.7551,29.0071],[-97.5746,28.8133],[-97.7785,28.668]]]},"properties":{"geoid":"48030","state":"48","district":"30","name":"State House District 30","chamber":"House"}},{"type":"Feature","geometry":{"type":"Polygon","coordinates":[[[-99.4538,27.2651],[-99.4415,27.2499],[-99.4452,27.2233],[-99.4326,27.2097],[-99.4264,27.1767],[-99.43,27.1591],[-99.44,27.1511],[-99.4314,27.1376],[-99.4306,27.1266],[-99.4421,27.1069],[-99.4292,27.091],[-99.4345,27.0785],[-99.4523,27.0627],[-99.4443,27.0384],[-99.4457,27.0218],[-99.4322,27.0107],[-99.4155,27.0172],[-99.4037,26.9974],[-99.3874,26.9824],[-99.3784,26.98],[-99.3773,26.9738],[-99.393,26.9638],[-99.3883,26.9442],[-99.3734,26.9313],[-99.3247,26.916],[-99.3218,26.9068],[-99.3286,26.8786],[-99.3168,26.8658],[-99.2951,26.8654],[-99.2805,26.8581],[-99.2686,26.8432],[-99.2622,26.8157],[-99.2424,26.7883],[-99.24,26.7459],[-99.2089,26.7248],[-99.2099,26.6939],[-99.2005,26.6564],[-99.1781,26.6205],[-99.1674,26.56],[-99.1712,26.542],[-99.1667,26.5361],[-99.1278,26.5252],[-99.1049,26.5004],[-99.0916,26.4771],[-99.1024,26.4427],[-99.1138,26.434],[-99.1109,26.4263],[-99.082,26.3967],[-99.0621,26.3974],[-99.0371,26.4136],[-99.0219,26.4079],[-99.0106,26.3921],[-98.9891,26.3917],[-98.9752,26.4011],[-98.9619,26.3984],[-98.9534,26.3929],[-98.9561,26.3776],[-98.9467,26.37],[-98.9362,26.3715],[-98.9356,26.385],[-98.9259,26.3944],[-98.9174,26.3745],[-98.9017,26.3712],[-98.8967,26.3533],[-98.8619,26.366],[-98.8441,26.3587],[-98.8246,26.3708],[-98.814,26.3663],[-98.8066,26.3691],[-98.7982,26.3602],[-98.789,26.3304],[-98.7713,26.3251],[-98.7511,26.3316],[-98.7458,26.3168],[-98.7362,26.3092],[-98.7404,26.3028],[-98.7542,26.3079],[-98.751,26.2963],[-98.7278,26.2988],[-98.7162,26.2862],[-98.7025,26.287],[-98.701,26.278],[-98.7173,26.278],[-98.7199,26.2726],[-98.6807,26.2626],[-98.6785,26.2443],[-98.6676,26.2358],[-98.6343,26.2425],[-98.6322,26.2522],[-98.6237,26.2598],[-98.6166,26.2464],[-98.6116,26.2533],[-98.5864,26.2578],[-98.3968,26.6253],[-98.3207,26.7831],[-97.9855,26.7809],[-97.9853,26.6158],[-97.8617,26.598],[-97.2254,26.6002],[-97.2517,26.6619],[-97.2827,26.7634],[-97.3004,26.8346],[-97.316,26.9293],[-97.3232,27.0103],[-97.3198,27.11],[-97.3094,27.1961],[-97.2883,27.2776],[-97.4257,27.278],[-97.5089,27.2666],[-97.6505,27.2835],[-97.7291,27.2658],[-97.74,27.2783],[-97.7838,27.2839],[-97.7939,27.2804],[-97.7976,27.2714],[-97.8156,27.2716],[-97.8163,27.2541],[-97.8411,27.244],[-97.8554,27.2524],[-97.8563,27.2437],[-97.8777,27.2417],[-97.8848,27.2358],[-97.8967,27.2425],[-97.915,27.2375],[-97.9194,27.2432],[-97.9224,27.2371],[-97.9517,27.2335],[-97.959,27.213],[-97.9857,27.2093],[-97.9861,27.2605],[-98.2325,27.2625],[-98.2355,28.058],[-97.8831,28.0569],[-97.9012,28.0678],[-97.9011,28.0759],[-97.8954,28.0759],[-97.9088,28.0919],[-97.9073,28.0976],[-97.8965,28.101],[-97.8978,28.1133],[-97.9041,28.1142],[-97.8088,28.1834],[-98.0898,28.663],[-97.9151,28.7196],[-97.902,28.7129],[-97.8922,28.6992],[-97.8582,28.6843],[-97.8357,28.6804],[-97.834,28.6756],[-97.8297,28.678],[-97.8253,28.6703],[-97.7919,28.677],[-97.7785,28.668],[-97.5746,28.8133],[-97.7551,29.0071],[-97.6131,29.1098],[-97.8588,29.3529],[-97.8404,29.3768],[-98.0847,29.3796],[-98.1131,29.3653],[-98.1305,29.3978],[-98.1283,29.4117],[-98.1337,29.4142],[-98.1303,29.4182],[-98.1366,29.4297],[-98.1316,29.4346],[-98.1327,29.4407],[-98.1372,29.4404],[-98.4073,29.1144],[-98.0983,28.7869],[-98.335,28.6127],[-98.335,28.6483],[-99.3957,28.6408],[-99.3957,28.2523],[-99.3889,28.0304],[-98.8033,28.0575],[-98.7981,27.268],[-99.3336,27.2732],[-99.3706,27.3192],[-99.4538,27.2651]]]},"properties":{"geoid":"48031","state":"48","district":"31","name":"State House District 31","chamber":"House"}},{"type":"Feature","geometry":{"type":"Polygon","coordinates":[[[-97.6056,27.5923],[-97.5994,27.591],[-97.6029,27.5748],[-97.5931,27.5694],[-97.5863,27.571],[-97.573,27.5603],[-97.3252,27.5609],[-97.2421,27.5829],[-97.1651,27.5683],[-97.1253,27.6406],[-97.0467,27.755],[-97.0219,27.7834],[-97.0089,27.7868],[-96.9843,27.8038],[-96.9595,27.8753],[-96.8753,27.9699],[-96.8159,28.0228],[-96.854,28.0631],[-96.8304,28.1096],[-96.7905,28.3192],[-97.1238,28.2725],[-97.1175,28.2594],[-97.1255,28.2534],[-97.098,28.2322],[-97.1022,28.2265],[-97.075,28.2194],[-97.0547,28.2038],[-97.0432,28.209],[-97.0374,28.2013],[-97.0175,28.2029],[-97.0236,28.1877],[-97.1449,28.1026],[-97.2212,28.0744],[-97.2378,28.0615],[-97.2608,28.0758],[-97.1363,27.9045],[-97.1366,27.8945],[-97.1426,27.8947],[-97.187,27.8255],[-97.1607,27.8432],[-97.192,27.8225],[-97.2227,27.8248],[-97.2458,27.8366],[-97.2227,27.8319],[-97.2204,27.8375],[-97.2252,27.8443],[-97.2217,27.8545],[-97.2272,27.8469],[-97.2317,27.8486],[-97.2446,27.8595],[-97.243,27.867],[-97.2499,27.8761],[-97.2703,27.8814],[-97.2992,27.8771],[-97.3548,27.8503],[-97.3597,27.8516],[-97.3801,27.8368],[-97.3778,27.8321],[-97.3955,27.8119],[-97.3878,27.7962],[-97.3941,27.7831],[-97.3882,27.7727],[-97.3926,27.7608],[-97.3815,27.7442],[-97.3878,27.7393],[-97.376,27.7279],[-97.3981,27.6926],[-97.4125,27.6995],[-97.4189,27.6905],[-97.4285,27.6889],[-97.4622,27.7021],[-97.4647,27.7082],[-97.4949,27.7066],[-97.5019,27.711],[-97.5018,27.6955],[-97.5539,27.695],[-97.5538,27.6877],[-97.5867,27.6875],[-97.5861,27.6407],[-97.6007,27.6406],[-97.6008,27.6257],[-97.5983,27.6013],[-97.5868,27.5996],[-97.5868,27.5925],[-97.6056,27.5923]]]},"properties":{"geoid":"48032","state":"48","district":"32","name":"State House District 32","chamber":"House"}},{"type":"Feature","geometry":{"type":"Polygon","coordinates":[[[-96.732,33.0037],[-96.7281,32.9859],[-96.517,32.9829],[-96.519,32.8136],[-96.2974,32.8142],[-96.2972,32.9818],[-96.5085,32.9828],[-96.51,32.9934],[-96.5001,32.9923],[-96.4968,33.0051],[-96.547,33.0074],[-96.5646,32.9961],[-96.5784,32.9965],[-96.5783,33.0111],[-96.6429,33.0127],[-96.6621,33.0315],[-96.682,33.0312],[-96.6825,33.018],[-96.7092,33.0197],[-96.7087,32.9996],[-96.712,33.0038],[-96.732,33.0037]]]},"properties":{"geoid":"48033","state":"48","district":"33","name":"State House District 33","chamber":"House"}},{"type":"Feature","geometry":{"type":"Polygon","coordinates":[[[-97.9421,27.6359],[-97.9324,27.6359],[-97.9211,27.6229],[-97.8886,27.6202],[-97.8767,27.6085],[-97.8738,27.5878],[-97.8399,27.565],[-97.8407,27.5584],[-97.573,27.5603],[-97.6043,27.5786],[-97.5995,27.5791],[-97.5994,27.591],[-97.6056,27.5924],[-97.5868,27.5925],[-97.5868,27.5996],[-97.5983,27.6013],[-97.6008,27.6257],[-97.6007,27.6406],[-97.5861,27.6407],[-97.5867,27.6875],[-97.5538,27.6877],[-97.5539,27.695],[-97.5018,27.6955],[-97.5019,27.711],[-97.4949,27.7066],[-97.4647,27.7082],[-97.4622,27.7021],[-97.4285,27.6889],[-97.4189,27.6905],[-97.4125,27.6995],[-97.3981,27.6926],[-97.376,27.7279],[-97.3878,27.7393],[-97.3815,27.7442],[-97.3926,27.7608],[-97.3882,27.7727],[-97.3941,27.7831],[-97.3878,27.7962],[-97.3955,27.8119],[-97.3778,27.8321],[-97.3801,27.8368],[-97.3506,27.8635],[-97.3462,27.8619],[-97.3435,27.8716],[-97.3351,27.8703],[-97.3317,27.8747],[-97.3377,27.8832],[-97.3459,27.8834],[-97.4193,27.8687],[-97.4441,27.8692],[-97.4459,27.8654],[-97.4593,27.8783],[-97.4568,27.8667],[-97.4603,27.862],[-97.4686,27.8708],[-97.4704,27.8639],[-97.4812,27.8598],[-97.4855,27.8628],[-97.4844,27.8731],[-97.495,27.8823],[-97.5173,27.8713],[-97.5198,27.8611],[-97.5151,27.8519],[-97.4903,27.8465],[-97.4892,27.8388],[-97.501,27.8467],[-97.5069,27.843],[-97.5353,27.8477],[-97.5443,27.8589],[-97.5753,27.861],[-97.5919,27.857],[-97.609,27.8717],[-97.6096,27.8904],[-97.627,27.8954],[-97.6321,27.8934],[-97.6271,27.8757],[-97.6382,27.8656],[-97.6424,27.8718],[-97.6568,27.873],[-97.6753,27.8825],[-97.6713,27.8927],[-97.6822,27.9019],[-97.6898,27.9003],[-97.6865,27.9028],[-97.6917,27.9041],[-97.6874,27.9107],[-97.6911,27.9174],[-97.7082,27.9226],[-97.7164,27.9181],[-97.7159,27.9115],[-97.7252,27.9165],[-97.736,27.9119],[-97.73,27.9233],[-97.746,27.927],[-97.749,27.9329],[-97.763,27.9235],[-97.762,27.9269],[-97.7669,27.9277],[-97.762,27.9328],[-97.7643,27.9381],[-97.7759,27.9379],[-97.7786,27.9475],[-97.7955,27.9422],[-97.7967,27.9341],[-97.8065,27.9344],[-97.8096,27.9414],[-97.8055,27.9444],[-97.8096,27.9445],[-97.8105,27.9605],[-97.8176,27.9705],[-97.8071,27.9731],[-97.7985,27.9957],[-97.9343,27.8852],[-97.9336,27.7769],[-97.9421,27.6359]]]},"properties":{"geoid":"48034","state":"48","district":"34","name":"State House District 34","chamber":"House"}},{"type":"Feature","geometry":{"type":"Polygon","coordinates":[[[-98.5863,26.2582],[-98.5795,26.2532],[-98.5851,26.2446],[-98.58,26.2352],[-98.5659,26.2415],[-98.5628,26.2244],[-98.5458,26.2368],[-98.5471,26.2418],[-98.5584,26.2446],[-98.5545,26.2479],[-98.5436,26.2436],[-98.5351,26.2255],[-98.5227,26.2358],[-98.5271,26.2263],[-98.5238,26.2207],[-98.5137,26.2272],[-98.5008,26.2224],[-98.5065,26.2088],[-98.4838,26.212],[-98.4829,26.2011],[-98.4775,26.2035],[-98.4813,26.2199],[-98.4602,26.2263],[-98.4545,26.2167],[-98.4437,26.2241],[-98.4387,26.212],[-98.444,26.2006],[-98.4166,26.1838],[-98.4026,26.1814],[-98.4019,26.1711],[-98.3928,26.1672],[-98.3865,26.1577],[-98.3882,26.1636],[-98.3806,26.1695],[-98.3828,26.1811],[-98.3794,26.1851],[-98.3932,26.1881],[-98.3918,26.1964],[-98.4057,26.1967],[-98.401,26.224],[-98.4176,26.2297],[-98.4186,26.2465],[-98.4112,26.2461],[-98.4045,26.2535],[-98.3814,26.2558],[-98.3754,26.2958],[-98.3439,26.2913],[-98.3452,26.284],[-98.3388,26.2832],[-98.3351,26.3047],[-98.2874,26.2982],[-98.2971,26.2407],[-98.2812,26.2386],[-98.2714,26.296],[-98.2635,26.2949],[-98.2587,26.323],[-98.2945,26.3281],[-98.2952,26.3326],[-98.3031,26.3337],[-98.3015,26.3584],[-98.2581,26.3519],[-98.2453,26.4236],[-98.1936,26.4159],[-98.1822,26.4797],[-98.1904,26.4799],[-98.1951,26.4997],[-98.199,26.5003],[-98.1955,26.5192],[-98.1757,26.5164],[-98.1651,26.576],[-98.1482,26.5734],[-98.1388,26.578],[-98.1223,26.5647],[-98.1224,26.557],[-98.0486,26.5],[-98.072,26.3704],[-98.0277,26.364],[-98.0264,26.3711],[-98.0025,26.3677],[-98.0063,26.3461],[-97.9785,26.3421],[-97.975,26.3391],[-97.9771,26.3272],[-97.9691,26.326],[-97.9712,26.3146],[-97.9775,26.3146],[-97.9765,26.2646],[-98.0244,26.2638],[-98.0416,26.271],[-98.0713,26.2708],[-98.0776,26.2345],[-98.085,26.2351],[-98.0856,26.2315],[-98.0893,26.2102],[-98.0855,26.2094],[-98.084,26.1982],[-98.0561,26.1936],[-98.0546,26.2024],[-98.0223,26.2],[-98.0223,26.2275],[-97.8619,26.2301],[-97.8607,26.0528],[-97.8391,26.0532],[-97.8338,26.0457],[-97.8259,26.056],[-97.8183,26.0566],[-97.8134,26.044],[-97.8112,26.0554],[-97.8011,26.0602],[-97.7988,26.0528],[-97.7888,26.0496],[-97.7978,26.0426],[-97.7921,26.034],[-97.7768,26.0293],[-97.7692,26.0362],[-97.7767,26.0445],[-97.7679,26.0475],[-97.7625,26.041],[-97.7632,26.0267],[-97.7521,26.0316],[-97.7482,26.0263],[-97.7383,26.0291],[-97.7371,26.0215],[-97.7253,26.0249],[-97.7351,26.0284],[-97.7348,26.0321],[-97.7194,26.0309],[-97.7212,26.0233],[-97.7096,26.0261],[-97.7072,26.0378],[-97.6973,26.0311],[-97.6977,26.024],[-97.6912,26.0189],[-97.6932,26.0325],[-97.6755,26.0259],[-97.6747,26.033],[-97.6675,26.0288],[-97.6626,26.0381],[-97.6605,26.0315],[-97.6679,26.0193],[-97.6515,26.0159],[-97.6499,26.0244],[-97.6415,26.0254],[-97.6368,26.0153],[-97.6488,26.0126],[-97.6477,26.0084],[-97.635,26],[-97.6268,26.006],[-97.6274,25.9966],[-97.6177,26.0008],[-97.6207,25.9921],[-97.6311,25.9965],[-97.634,25.9893],[-97.6216,25.9892],[-97.6174,25.9799],[-97.6078,25.9767],[-97.6106,25.9662],[-97.6019,25.9572],[-97.5821,25.9624],[-97.5783,25.9422],[-97.573,25.9458],[-97.5741,25.9541],[-97.5659,25.948],[-97.5512,25.9565],[-97.5409,25.953],[-97.5395,25.9629],[-97.5314,25.9627],[-97.5307,25.9699],[-97.5237,25.9741],[-97.5258,25.9827],[-97.5198,25.983],[-97.5301,26.0045],[-97.5142,26.007],[-97.5123,26.0228],[-97.5336,26.0294],[-97.5305,26.0163],[-97.5693,26.0177],[-97.5815,25.9773],[-97.5922,25.9765],[-97.5973,25.9828],[-97.6022,25.9939],[-97.5915,25.9992],[-97.5801,26.0785],[-97.5958,26.0741],[-97.5925,26.0963],[-97.6078,26.1105],[-97.6134,26.1285],[-97.6452,26.1515],[-97.6549,26.1406],[-97.6608,26.1454],[-97.655,26.1525],[-97.6493,26.1522],[-97.6517,26.1562],[-97.6464,26.1623],[-97.6525,26.1666],[-97.6566,26.1621],[-97.6628,26.1668],[-97.6746,26.1532],[-97.6684,26.1488],[-97.6864,26.1394],[-97.72,26.0971],[-97.7196,26.0918],[-97.7294,26.0878],[-97.7717,26.0894],[-97.7771,26.1287],[-97.7895,26.1405],[-97.797,26.1352],[-97.7955,26.1273],[-97.8033,26.1293],[-97.8056,26.1242],[-97.8193,26.1223],[-97.8248,26.1306],[-97.8343,26.1308],[-97.838,26.1261],[-97.8405,26.1289],[-97.8364,26.1554],[-97.8319,26.1567],[-97.8321,26.1442],[-97.8239,26.1475],[-97.822,26.1595],[-97.8099,26.1631],[-97.81,26.1665],[-97.7826,26.1711],[-97.7862,26.182],[-97.8166,26.1664],[-97.8365,26.1656],[-97.837,26.2339],[-97.7848,26.235],[-97.758,26.2237],[-97.7457,26.2259],[-97.7557,26.2297],[-97.7555,26.2404],[-97.7786,26.2404],[-97.7788,26.2633],[-97.7435,26.2631],[-97.7801,26.3193],[-97.7842,26.3365],[-97.8619,26.3482],[-97.8619,26.4336],[-97.9085,26.4332],[-98.0042,26.4488],[-97.9844,26.5366],[-97.9639,26.5335],[-97.9701,26.5523],[-97.9574,26.6118],[-97.9853,26.6158],[-97.9855,26.7809],[-98.3207,26.7831],[-98.3968,26.6253],[-98.5863,26.2582]]]},"properties":{"geoid":"48035","state":"48","district":"35","name":"State House District 35","chamber":"House"}},{"type":"Feature","geometry":{"type":"Polygon","coordinates":[[[-98.4197,26.2401],[-98.416,26.2394],[-98.4176,26.2297],[-98.401,26.224],[-98.4057,26.1967],[-98.3918,26.1964],[-98.3932,26.1881],[-98.3794,26.1851],[-98.3828,26.1811],[-98.3806,26.1695],[-98.3882,26.1636],[-98.3865,26.1577],[-98.3656,26.1581],[-98.3672,26.1686],[-98.3597,26.1725],[-98.3584,26.1589],[-98.3518,26.1512],[-98.3462,26.166],[-98.3361,26.1661],[-98.3332,26.16],[-98.338,26.1494],[-98.3267,26.1429],[-98.3356,26.1384],[-98.322,26.119],[-98.3097,26.114],[-98.3057,26.1031],[-98.2977,26.1033],[-98.3036,26.11],[-98.2967,26.1203],[-98.2748,26.1158],[-98.2663,26.1209],[-98.272,26.1132],[-98.2704,26.1065],[-98.2882,26.1045],[-98.2674,26.0923],[-98.2493,26.0721],[-98.2228,26.0769],[-98.2032,26.0643],[-98.2006,26.0859],[-98.197,26.0853],[-98.1958,26.0917],[-98.1848,26.0904],[-98.1668,26.1971],[-98.1833,26.1994],[-98.19,26.1591],[-98.21,26.1637],[-98.2113,26.1563],[-98.196,26.1491],[-98.2406,26.1412],[-98.23,26.1648],[-98.235,26.1747],[-98.2324,26.1894],[-98.3043,26.1979],[-98.2874,26.2982],[-98.3351,26.3047],[-98.3388,26.2832],[-98.3452,26.284],[-98.3439,26.2913],[-98.3754,26.2958],[-98.3814,26.2558],[-98.4047,26.2535],[-98.4112,26.2461],[-98.4186,26.2465],[-98.4197,26.2401]]]},"properties":{"geoid":"48036","state":"48","district":"36","name":"State House District 36","chamber":"House"}},{"type":"Feature","geometry":{"type":"Polygon","coordinates":[[[-98.003,26.4559],[-98.0042,26.4488],[-97.9085,26.4332],[-97.8619,26.4336],[-97.8619,26.3482],[-97.7842,26.3365],[-97.7801,26.3193],[-97.7435,26.2631],[-97.7788,26.2633],[-97.7786,26.2404],[-97.7555,26.2404],[-97.7557,26.2297],[-97.7457,26.2259],[-97.758,26.2237],[-97.7848,26.235],[-97.837,26.2339],[-97.8365,26.1656],[-97.8166,26.1664],[-97.7862,26.182],[-97.7826,26.1711],[-97.81,26.1665],[-97.8099,26.1631],[-97.822,26.1595],[-97.8239,26.1475],[-97.8321,26.1442],[-97.8319,26.1567],[-97.8364,26.1554],[-97.8386,26.1261],[-97.8343,26.1308],[-97.8253,26.1306],[-97.8194,26.1223],[-97.8056,26.1242],[-97.8033,26.1293],[-97.7955,26.1273],[-97.797,26.1352],[-97.7895,26.1405],[-97.7771,26.1287],[-97.7717,26.0894],[-97.7294,26.0878],[-97.7196,26.0918],[-97.72,26.0971],[-97.6864,26.1394],[-97.6684,26.1488],[-97.6746,26.1532],[-97.6628,26.1668],[-97.6566,26.1621],[-97.6525,26.1666],[-97.6464,26.1623],[-97.6517,26.1562],[-97.6493,26.1522],[-97.655,26.1525],[-97.6608,26.1454],[-97.6549,26.1406],[-97.6452,26.1515],[-97.6134,26.1285],[-97.6078,26.1105],[-97.5925,26.0963],[-97.5958,26.0741],[-97.5801,26.0785],[-97.5915,25.9992],[-97.6022,25.9939],[-97.5973,25.9828],[-97.5922,25.9765],[-97.5815,25.9773],[-97.5693,26.0177],[-97.5305,26.0163],[-97.5336,26.0294],[-97.5275,26.0265],[-97.5278,26.0499],[-97.5154,26.0402],[-97.498,26.0449],[-97.5009,26.0216],[-97.4857,26.0182],[-97.4073,25.9474],[-97.4106,25.8498],[-97.4068,25.8446],[-97.4031,25.8515],[-97.3987,25.8503],[-97.4005,25.8415],[-97.4063,25.8379],[-97.3939,25.8371],[-97.3869,25.8439],[-97.3731,25.8398],[-97.3713,25.8493],[-97.364,25.8499],[-97.3767,25.8546],[-97.3615,25.8694],[-97.3566,25.8673],[-97.3593,25.8798],[-97.3743,25.8789],[-97.3564,25.8878],[-97.3664,25.8906],[-97.3661,25.9027],[-97.3752,25.9068],[-97.3682,25.9098],[-97.3689,25.9153],[-97.3543,25.92],[-97.3479,25.9313],[-97.3368,25.9297],[-97.3379,25.9204],[-97.3329,25.9261],[-97.3312,25.9184],[-97.3261,25.9176],[-97.318,25.9313],[-97.3053,25.9277],[-97.3029,25.9373],[-97.296,25.9332],[-97.277,25.9351],[-97.2783,25.9475],[-97.2896,25.9544],[-97.2845,25.9593],[-97.2764,25.9521],[-97.2472,25.9482],[-97.2397,25.9553],[-97.2207,25.9571],[-97.2087,25.964],[-97.2051,25.9581],[-97.1884,25.9539],[-97.1754,25.966],[-97.1687,25.9608],[-97.1582,25.9617],[-97.1581,25.9488],[-97.1463,25.9566],[-97.0897,25.9608],[-97.0979,26.0386],[-97.0913,26.0516],[-97.09,26.0753],[-97.0974,26.0935],[-97.1083,26.1045],[-97.1252,26.2483],[-97.1846,26.4759],[-97.2141,26.5768],[-97.2254,26.6002],[-97.8617,26.598],[-97.9574,26.6118],[-97.9701,26.5523],[-97.9639,26.5335],[-97.9844,26.5366],[-98.003,26.4559]]]},"properties":{"geoid":"48037","state":"48","district":"37","name":"State House District 37","chamber":"House"}},{"type":"Feature","geometry":{"type":"Polygon","coordinates":[[[-97.5841,25.935],[-97.5671,25.9338],[-97.568,25.9276],[-97.5615,25.9257],[-97.5572,25.9359],[-97.5522,25.9371],[-97.546,25.9338],[-97.5437,25.9234],[-97.5372,25.9308],[-97.543,25.92],[-97.5301,25.92],[-97.5333,25.9082],[-97.5237,25.899],[-97.5214,25.8863],[-97.5104,25.8877],[-97.4981,25.8991],[-97.4968,25.8797],[-97.4878,25.8854],[-97.4855,25.8784],[-97.4688,25.8888],[-97.4687,25.8834],[-97.4748,25.8795],[-97.4702,25.8753],[-97.4556,25.8842],[-97.4566,25.8684],[-97.4488,25.8723],[-97.4446,25.8675],[-97.4538,25.8539],[-97.4452,25.8564],[-97.4436,25.8482],[-97.436,25.8499],[-97.4254,25.8406],[-97.4123,25.8415],[-97.4141,25.8566],[-97.4078,25.8657],[-97.4073,25.9474],[-97.4857,26.0182],[-97.5009,26.0216],[-97.498,26.0449],[-97.5154,26.0402],[-97.5278,26.0499],[-97.5275,26.0265],[-97.5123,26.0228],[-97.5142,26.007],[-97.5301,26.0045],[-97.5205,25.9883],[-97.5198,25.983],[-97.5258,25.9827],[-97.5237,25.9741],[-97.5307,25.9699],[-97.5314,25.9627],[-97.5395,25.9629],[-97.5409,25.953],[-97.5519,25.9563],[-97.5841,25.935]]]},"properties":{"geoid":"48038","state":"48","district":"38","name":"State House District 38","chamber":"House"}},{"type":"Feature","geometry":{"type":"Polygon","coordinates":[[[-98.2034,26.0703],[-98.1997,26.0568],[-98.1926,26.053],[-98.1873,26.0643],[-98.1768,26.061],[-98.1806,26.0663],[-98.1762,26.0752],[-98.1679,26.063],[-98.158,26.0634],[-98.1618,26.0539],[-98.1513,26.0582],[-98.1465,26.049],[-98.1321,26.0742],[-98.1282,26.0726],[-98.13,26.0631],[-98.1052,26.0677],[-98.0935,26.0586],[-98.0816,26.0641],[-98.0859,26.0694],[-98.0804,26.0711],[-98.07,26.0505],[-98.0726,26.0437],[-98.0801,26.0417],[-98.0768,26.0363],[-98.0611,26.0464],[-98.0388,26.0413],[-98.0276,26.067],[-98.0209,26.0586],[-98.0121,26.0661],[-98.012,26.0561],[-98.0033,26.0647],[-97.9973,26.0648],[-97.9919,26.0582],[-97.9879,26.0658],[-97.9804,26.0674],[-97.9788,26.0589],[-97.9667,26.0517],[-97.9517,26.0622],[-97.9333,26.053],[-97.9312,26.0571],[-97.9373,26.0623],[-97.9334,26.0656],[-97.927,26.0549],[-97.891,26.0604],[-97.8872,26.0667],[-97.8766,26.0645],[-97.8687,26.0569],[-97.8618,26.0701],[-97.8619,26.2301],[-98.0223,26.2275],[-98.0223,26.2],[-98.0546,26.2024],[-98.0561,26.1936],[-98.084,26.1982],[-98.0855,26.2094],[-98.0893,26.2102],[-98.0856,26.2315],[-98.085,26.2351],[-98.0776,26.2345],[-98.0713,26.2708],[-98.0535,26.2709],[-98.0526,26.2764],[-98.094,26.283],[-98.1018,26.2375],[-98.1463,26.2436],[-98.1518,26.2111],[-98.1564,26.2117],[-98.1583,26.2014],[-98.1339,26.1928],[-98.1371,26.1739],[-98.1447,26.175],[-98.1448,26.1822],[-98.1457,26.1751],[-98.17,26.1785],[-98.1848,26.0904],[-98.1958,26.0917],[-98.2034,26.0703]]]},"properties":{"geoid":"48039","state":"48","district":"39","name":"State House District 39","chamber":"House"}},{"type":"Feature","geometry":{"type":"Polygon","coordinates":[[[-98.3029,26.3352],[-98.2952,26.3326],[-98.2947,26.3282],[-98.2476,26.3215],[-98.2437,26.3499],[-98.1879,26.3417],[-98.1942,26.306],[-98.1636,26.3015],[-98.165,26.2869],[-98.2146,26.294],[-98.2159,26.2863],[-98.2027,26.2845],[-98.2082,26.2522],[-98.1586,26.2453],[-98.1635,26.2166],[-98.2003,26.2216],[-98.2032,26.2037],[-98.2087,26.2012],[-98.2037,26.2005],[-98.2067,26.1835],[-98.1864,26.1806],[-98.1833,26.1994],[-98.1668,26.1971],[-98.17,26.1785],[-98.1457,26.1751],[-98.1448,26.1822],[-98.1447,26.175],[-98.1371,26.1739],[-98.1339,26.1928],[-98.1583,26.2014],[-98.1564,26.2117],[-98.1518,26.2111],[-98.1463,26.2436],[-98.1018,26.2375],[-98.094,26.283],[-98.0526,26.2764],[-98.0535,26.2709],[-98.0244,26.2638],[-97.9765,26.2646],[-97.9775,26.3146],[-97.9712,26.3146],[-97.9691,26.326],[-97.9771,26.3272],[-97.9751,26.3392],[-98.0063,26.3461],[-98.0025,26.3677],[-98.0264,26.3711],[-98.0277,26.364],[-98.072,26.3704],[-98.0486,26.5],[-98.1224,26.557],[-98.1223,26.5647],[-98.1388,26.578],[-98.1482,26.5734],[-98.1651,26.576],[-98.1757,26.5164],[-98.1955,26.5192],[-98.199,26.5003],[-98.1951,26.4997],[-98.1904,26.4799],[-98.1822,26.4797],[-98.1936,26.4159],[-98.2453,26.4236],[-98.2581,26.3519],[-98.3015,26.3584],[-98.3029,26.3352]]]},"properties":{"geoid":"48040","state":"48","district":"40","name":"State House District 40","chamber":"House"}},{"type":"Feature","geometry":{"type":"Polygon","coordinates":[[[-98.3043,26.198],[-98.2324,26.1894],[-98.235,26.1747],[-98.23,26.1648],[-98.2406,26.1412],[-98.196,26.1491],[-98.2113,26.1563],[-98.21,26.1637],[-98.19,26.1591],[-98.1864,26.1806],[-98.2067,26.1835],[-98.2037,26.2005],[-98.2084,26.2028],[-98.2032,26.2037],[-98.2003,26.2216],[-98.1635,26.2166],[-98.1586,26.2453],[-98.2082,26.2522],[-98.2027,26.2845],[-98.2159,26.2863],[-98.2146,26.294],[-98.165,26.2869],[-98.1636,26.3015],[-98.1942,26.306],[-98.1879,26.3417],[-98.2437,26.3499],[-98.2476,26.3215],[-98.2587,26.323],[-98.2635,26.2949],[-98.2714,26.296],[-98.2812,26.2386],[-98.2971,26.2407],[-98.3043,26.198]]]},"properties":{"geoid":"48041","state":"48","district":"41","name":"State House District 41","chamber":"House"}},{"type":"Feature","geometry":{"type":"Polygon","coordinates":[[[-99.7503,27.7425],[-99.7354,27.7173],[-99.7453,27.7137],[-99.7437,27.7079],[-99.7388,27.7078],[-99.7485,27.7033],[-99.7115,27.6584],[-99.6994,27.6554],[-99.6902,27.6689],[-99.6858,27.661],[-99.6689,27.66],[-99.6583,27.6502],[-99.6661,27.6361],[-99.6389,27.6268],[-99.6251,27.6314],[-99.6243,27.644],[-99.6161,27.6377],[-99.6006,27.6413],[-99.594,27.6386],[-99.5914,27.6275],[-99.5776,27.6186],[-99.5772,27.6113],[-99.5848,27.6039],[-99.5612,27.6076],[-99.5557,27.6146],[-99.5419,27.606],[-99.5297,27.5798],[-99.511,27.5645],[-99.5219,27.5441],[-99.5284,27.4986],[-99.5028,27.5004],[-99.5027,27.5097],[-99.4918,27.5093],[-99.4918,27.5038],[-99.4804,27.5038],[-99.4789,27.4893],[-99.4743,27.4966],[-99.4625,27.4948],[-99.4623,27.4736],[-99.4485,27.4703],[-99.4408,27.4824],[-99.4445,27.4888],[-99.4389,27.4889],[-99.4372,27.4953],[-99.4477,27.4972],[-99.4453,27.5282],[-99.4569,27.532],[-99.427,27.5324],[-99.3959,27.5599],[-99.3206,27.5812],[-99.3747,27.5974],[-99.3847,27.5937],[-99.4016,27.6054],[-99.3696,27.6162],[-99.364,27.6268],[-99.3224,27.6354],[-99.2938,27.6472],[-99.2312,27.699],[-99.2133,27.7174],[-99.2008,27.7505],[-99.2042,27.7731],[-99.2119,27.779],[-99.1904,27.796],[-99.189,27.8087],[-99.1708,27.8159],[-99.1728,27.8243],[-99.1425,27.8395],[-99.1432,27.8454],[-99.1283,27.8548],[-99.1258,27.8629],[-99.1176,27.8672],[-99.1194,27.8703],[-99.1076,27.8754],[-99.1219,27.8781],[-99.1502,27.8642],[-99.2231,27.8654],[-99.2391,27.8532],[-99.2589,27.8543],[-99.3665,27.8979],[-99.3911,27.8724],[-99.4004,27.8699],[-99.4112,27.8289],[-99.4413,27.828],[-99.4821,27.8143],[-99.5047,27.8001],[-99.6939,27.7324],[-99.7068,27.7182],[-99.7284,27.7099],[-99.7503,27.7425]]]},"properties":{"geoid":"48042","state":"48","district":"42","name":"State House District 42","chamber":"House"}},{"type":"Feature","geometry":{"type":"Polygon","coordinates":[[[-98.2355,28.058],[-98.2325,27.2625],[-97.9861,27.2605],[-97.9857,27.2093],[-97.959,27.213],[-97.9517,27.2335],[-97.9224,27.2371],[-97.9194,27.2432],[-97.915,27.2375],[-97.8967,27.2425],[-97.8848,27.2358],[-97.8777,27.2417],[-97.8563,27.2437],[-97.8554,27.2524],[-97.8411,27.244],[-97.8163,27.2541],[-97.8156,27.2716],[-97.7976,27.2714],[-97.7939,27.2804],[-97.7838,27.2839],[-97.74,27.2783],[-97.7291,27.2658],[-97.6505,27.2835],[-97.5089,27.2666],[-97.4257,27.278],[-97.2883,27.2776],[-97.2503,27.3923],[-97.1651,27.5683],[-97.2421,27.5829],[-97.3252,27.5609],[-97.8407,27.5584],[-97.8399,27.565],[-97.8738,27.5878],[-97.8767,27.6085],[-97.8886,27.6202],[-97.9211,27.6229],[-97.9324,27.6359],[-97.9421,27.6359],[-97.9336,27.7769],[-97.9343,27.8852],[-97.7985,27.9957],[-97.8071,27.9731],[-97.8176,27.9705],[-97.8105,27.9605],[-97.8096,27.9445],[-97.8055,27.9444],[-97.8096,27.9414],[-97.8065,27.9344],[-97.7967,27.9341],[-97.7955,27.9422],[-97.7786,27.9475],[-97.7759,27.9379],[-97.7643,27.9381],[-97.762,27.9328],[-97.7669,27.9277],[-97.762,27.9269],[-97.763,27.9235],[-97.749,27.9329],[-97.746,27.927],[-97.73,27.9233],[-97.736,27.9119],[-97.7252,27.9165],[-97.7159,27.9115],[-97.7164,27.9181],[-97.7082,27.9226],[-97.6911,27.9174],[-97.6874,27.9107],[-97.6917,27.9041],[-97.6865,27.9028],[-97.6898,27.9003],[-97.6822,27.9019],[-97.6713,27.8927],[-97.6753,27.8825],[-97.6568,27.873],[-97.6424,27.8718],[-97.6382,27.8656],[-97.6271,27.8757],[-97.6321,27.8934],[-97.627,27.8954],[-97.6096,27.8904],[-97.609,27.8717],[-97.5919,27.857],[-97.5753,27.861],[-97.5443,27.8589],[-97.5353,27.8477],[-97.5069,27.843],[-97.501,27.8467],[-97.4892,27.8388],[-97.4903,27.8465],[-97.5151,27.8519],[-97.5198,27.8611],[-97.5173,27.8713],[-97.495,27.8823],[-97.4844,27.8731],[-97.4855,27.8628],[-97.4808,27.8598],[-97.4704,27.8639],[-97.4686,27.8708],[-97.4603,27.862],[-97.4568,27.8667],[-97.4593,27.8783],[-97.4459,27.8654],[-97.4441,27.8692],[-97.4193,27.8687],[-97.3995,27.8755],[-97.378,27.8748],[-97.3377,27.8832],[-97.3319,27.8733],[-97.3437,27.8714],[-97.3438,27.8644],[-97.3506,27.8635],[-97.3599,27.8522],[-97.3548,27.8503],[-97.311,27.873],[-97.2687,27.8813],[-97.2499,27.876],[-97.243,27.867],[-97.2446,27.8595],[-97.2317,27.8486],[-97.2272,27.8469],[-97.2216,27.8543],[-97.2252,27.8443],[-97.2204,27.8375],[-97.2227,27.8319],[-97.2448,27.8358],[-97.2159,27.8227],[-97.185,27.8255],[-97.1605,27.8434],[-97.187,27.8255],[-97.1426,27.8947],[-97.1366,27.8945],[-97.1363,27.9044],[-97.2608,28.0758],[-97.2378,28.0615],[-97.2212,28.0744],[-97.1449,28.1026],[-97.0236,28.1877],[-97.0175,28.2029],[-97.0374,28.2013],[-97.0432,28.209],[-97.0547,28.2038],[-97.075,28.2194],[-97.1022,28.2265],[-97.098,28.2322],[-97.1255,28.2534],[-97.1175,28.2594],[-97.124,28.2723],[-96.7905,28.3192],[-96.8304,28.1096],[-96.854,28.0631],[-96.8159,28.0228],[-96.7307,28.0913],[-96.6188,28.1695],[-96.531,28.2212],[-96.3952,28.2797],[-96.3805,28.3809],[-96.3229,28.6419],[-96.3235,28.6756],[-96.4044,28.6744],[-96.3995,28.7302],[-96.4075,28.7303],[-96.4205,28.7136],[-96.4286,28.7137],[-96.4284,28.7035],[-96.5746,28.7055],[-96.578,28.6968],[-96.5805,28.7194],[-96.5854,28.7247],[-96.6116,28.7211],[-96.6434,28.7121],[-96.6598,28.7017],[-96.6657,28.7057],[-96.7228,28.6698],[-96.8538,28.6352],[-96.9304,28.5867],[-96.915,28.5695],[-96.9062,28.5719],[-96.9083,28.5673],[-96.9022,28.5658],[-96.9031,28.5608],[-96.898,28.5599],[-96.9018,28.5547],[-96.8951,28.5493],[-96.9059,28.5324],[-96.902,28.5239],[-96.8975,28.5237],[-96.899,28.5178],[-96.8911,28.5065],[-96.9017,28.5096],[-96.9158,28.4989],[-96.9099,28.4901],[-96.9153,28.4858],[-96.9532,28.5038],[-96.9691,28.5052],[-96.9859,28.5],[-96.9949,28.5091],[-97.0046,28.5089],[-97.0197,28.5203],[-97.0223,28.5168],[-97.0272,28.5326],[-97.0248,28.5391],[-97.0318,28.5415],[-97.0413,28.5315],[-97.0515,28.5351],[-97.0441,28.5422],[-97.0482,28.5474],[-97.045,28.5501],[-97.0508,28.5457],[-97.0559,28.5502],[-97.0628,28.5473],[-97.0591,28.545],[-97.0622,28.5408],[-97.0621,28.544],[-97.0717,28.5426],[-97.0721,28.5471],[-97.0774,28.5403],[-97.0797,28.5455],[-97.0828,28.5423],[-97.0773,28.5341],[-97.0821,28.5322],[-97.0949,28.5384],[-97.0941,28.5446],[-97.1026,28.5475],[-97.0989,28.5499],[-97.1043,28.5547],[-97.1191,28.5463],[-97.1228,28.5492],[-97.1234,28.5453],[-97.1395,28.5542],[-97.1478,28.5464],[-97.1518,28.5496],[-97.1488,28.5533],[-97.1557,28.5479],[-97.1608,28.5535],[-97.3756,28.3887],[-97.3869,28.3903],[-97.3898,28.3971],[-97.3997,28.3923],[-97.3989,28.4049],[-97.4102,28.408],[-97.4203,28.4041],[-97.4283,28.4129],[-97.4425,28.4089],[-97.4464,28.4029],[-97.4504,28.4092],[-97.4626,28.4097],[-97.4701,28.425],[-97.4852,28.4364],[-97.4987,28.4384],[-97.5179,28.432],[-97.5238,28.4403],[-97.5208,28.4464],[-97.5515,28.4505],[-97.5525,28.4947],[-97.5586,28.5142],[-97.5687,28.5152],[-97.5771,28.5225],[-97.6072,28.5267],[-97.61,28.5231],[-97.6231,28.5296],[-97.6463,28.5209],[-97.6552,28.5286],[-97.6682,28.5305],[-97.6697,28.5355],[-97.6966,28.5415],[-97.7017,28.561],[-97.7127,28.5763],[-97.713,28.5864],[-97.7289,28.6105],[-97.7316,28.6281],[-97.7506,28.6392],[-97.7546,28.6542],[-97.7665,28.6647],[-97.7919,28.677],[-97.8253,28.6703],[-97.8297,28.678],[-97.834,28.6756],[-97.8357,28.6804],[-97.8582,28.6843],[-97.8922,28.6992],[-97.902,28.7129],[-97.9181,28.7192],[-98.0898,28.663],[-97.8088,28.1834],[-97.9041,28.1142],[-97.8978,28.1133],[-97.8965,28.101],[-97.9073,28.0976],[-97.9088,28.0919],[-97.8954,28.0759],[-97.9011,28.0759],[-97.9012,28.0678],[-97.8831,28.0569],[-98.2355,28.058]]]},"properties":{"geoid":"48043","state":"48","district":"43","name":"State House District 43","chamber":"House"}},{"type":"Feature","geometry":{"type":"Polygon","coordinates":[[[-98.3121,29.5909],[-98.304,29.5845],[-98.3061,29.5786],[-98.2985,29.5611],[-98.2882,29.5596],[-98.2689,29.5447],[-98.2544,29.5407],[-98.2587,29.5548],[-98.2513,29.5498],[-98.2432,29.5571],[-98.2331,29.5546],[-98.2296,29.5467],[-98.2227,29.549],[-98.2219,29.5438],[-98.2297,29.5429],[-98.2223,29.5385],[-98.2191,29.5239],[-98.2048,29.5221],[-98.1969,29.5156],[-98.1994,29.5097],[-98.1909,29.5096],[-98.1863,29.5014],[-98.19,29.4928],[-98.1834,29.485],[-98.1769,29.4854],[-98.1837,29.4961],[-98.1728,29.4943],[-98.1702,29.4979],[-98.1646,29.4781],[-98.1509,29.4806],[-98.1495,29.4758],[-98.1435,29.4788],[-98.1424,29.4865],[-98.1356,29.4842],[-98.136,29.4791],[-98.1279,29.4826],[-98.1226,29.478],[-98.1171,29.4617],[-98.127,29.4557],[-98.1207,29.4467],[-98.1341,29.4419],[-98.1316,29.4335],[-98.1366,29.4297],[-98.1303,29.4182],[-98.1337,29.4142],[-98.1283,29.4117],[-98.1305,29.3978],[-98.1131,29.3653],[-98.0847,29.3796],[-97.8404,29.3768],[-97.8588,29.3529],[-97.6131,29.1098],[-97.2401,29.3845],[-97.2023,29.5075],[-97.2041,29.5806],[-97.1426,29.6281],[-97.1305,29.6433],[-97.3179,29.7847],[-97.5977,29.6307],[-97.6039,29.6418],[-97.6058,29.6351],[-97.618,29.6334],[-97.6169,29.6448],[-97.6294,29.6398],[-97.6341,29.6477],[-97.6313,29.6538],[-97.6518,29.654],[-97.6534,29.6604],[-97.6485,29.657],[-97.6476,29.6611],[-97.6526,29.6678],[-97.6567,29.6626],[-97.665,29.6688],[-97.6732,29.6632],[-97.6778,29.6688],[-97.6805,29.6636],[-97.6927,29.6734],[-97.6978,29.6665],[-97.7061,29.6745],[-97.7043,29.6824],[-97.7227,29.6822],[-97.7221,29.6855],[-97.7433,29.697],[-97.7368,29.7022],[-97.7384,29.713],[-97.749,29.7111],[-97.7471,29.714],[-97.7565,29.7178],[-97.7634,29.713],[-97.7685,29.7201],[-97.7587,29.7255],[-97.7723,29.7338],[-97.7686,29.7416],[-97.7822,29.7479],[-97.7808,29.7591],[-97.787,29.7609],[-97.7928,29.7593],[-97.7942,29.7528],[-97.8036,29.7537],[-97.8003,29.7662],[-97.8104,29.7729],[-97.8055,29.7732],[-97.8056,29.7771],[-97.8148,29.7802],[-97.8119,29.7839],[-97.8171,29.7904],[-97.8293,29.7796],[-97.8303,29.7955],[-97.8424,29.7992],[-97.8419,29.8075],[-97.8464,29.8086],[-97.8406,29.8162],[-97.8427,29.824],[-97.837,29.8277],[-97.8473,29.8424],[-97.8555,29.8439],[-97.8614,29.855],[-97.8689,29.8514],[-97.8753,29.8582],[-97.9436,29.8069],[-97.9992,29.7525],[-98.0899,29.6835],[-98.3121,29.5909]]]},"properties":{"geoid":"48044","state":"48","district":"44","name":"State House District 44","chamber":"House"}},{"type":"Feature","geometry":{"type":"Polygon","coordinates":[[[-98.1215,29.9175],[-98.1213,29.9128],[-98.0305,29.8485],[-97.9993,29.7524],[-97.9436,29.8069],[-97.8753,29.8582],[-97.8843,29.8625],[-97.8896,29.8564],[-97.8991,29.8574],[-97.8939,29.8837],[-97.8502,29.9154],[-97.7926,29.9451],[-97.7607,29.9881],[-97.7088,30.0235],[-97.9693,30.2107],[-97.9974,30.1968],[-98.0084,30.1669],[-98.0088,30.1535],[-98.0516,30.1492],[-98.0481,30.1435],[-98.0323,30.1458],[-98.0314,30.121],[-98.0217,30.1098],[-98.0148,30.0864],[-97.9899,30.0602],[-97.9886,30.0474],[-98.0155,30.0467],[-98.0104,30.0436],[-98.0082,30.0101],[-98.0002,29.9969],[-98.0054,29.9992],[-98.0074,29.9879],[-98.0295,29.9722],[-98.0107,29.9724],[-98.0107,29.9647],[-97.9671,29.9262],[-97.973,29.9189],[-97.9827,29.9227],[-97.9911,29.9188],[-97.9906,29.9292],[-98.0003,29.9254],[-98.0062,29.9331],[-98.0084,29.9248],[-98.0251,29.9208],[-98.0278,29.9144],[-98.0441,29.9174],[-98.0822,29.9038],[-98.1215,29.9175]]]},"properties":{"geoid":"48045","state":"48","district":"45","name":"State House District 45","chamber":"House"}},{"type":"Feature","geometry":{"type":"Polygon","coordinates":[[[-97.7344,30.2667],[-97.7175,30.2615],[-97.7048,30.2724],[-97.6948,30.2738],[-97.6944,30.2674],[-97.6902,30.274],[-97.6712,30.2626],[-97.6427,30.2625],[-97.6313,30.2711],[-97.648,30.2808],[-97.6474,30.2905],[-97.6353,30.3062],[-97.6228,30.2993],[-97.6179,30.3069],[-97.6041,30.2894],[-97.6092,30.2816],[-97.6156,30.2838],[-97.6142,30.276],[-97.6213,30.2627],[-97.6036,30.2533],[-97.6051,30.2463],[-97.5937,30.2392],[-97.5947,30.2079],[-97.5881,30.2062],[-97.5758,30.2143],[-97.5571,30.2075],[-97.5411,30.2256],[-97.5281,30.2186],[-97.519,30.2292],[-97.5132,30.2105],[-97.5291,30.2043],[-97.5228,30.1979],[-97.5133,30.1992],[-97.4913,30.2121],[-97.3695,30.4196],[-97.3735,30.4177],[-97.3834,30.4241],[-97.393,30.4388],[-97.4062,30.4423],[-97.4153,30.4383],[-97.4271,30.4522],[-97.4333,30.4529],[-97.4341,30.4597],[-97.4395,30.4603],[-97.4418,30.4553],[-97.4456,30.4614],[-97.4598,30.4583],[-97.5109,30.4853],[-97.524,30.4722],[-97.5441,30.4796],[-97.5501,30.4765],[-97.553,30.4903],[-97.5635,30.4918],[-97.5683,30.4997],[-97.5906,30.4972],[-97.5962,30.5015],[-97.6068,30.4903],[-97.6186,30.4904],[-97.6514,30.4749],[-97.6639,30.4816],[-97.6738,30.4801],[-97.6623,30.4518],[-97.6498,30.446],[-97.6366,30.4473],[-97.5759,30.4175],[-97.6132,30.3686],[-97.6217,30.3708],[-97.6285,30.3629],[-97.6187,30.362],[-97.6236,30.3468],[-97.6166,30.3435],[-97.6236,30.3309],[-97.6732,30.3257],[-97.663,30.3161],[-97.673,30.308],[-97.6996,30.3173],[-97.7104,30.3096],[-97.7344,30.2667]]]},"properties":{"geoid":"48046","state":"48","district":"46","name":"State House District 46","chamber":"House"}},{"type":"Feature","geometry":{"type":"Polygon","coordinates":[[[-98.1259,30.3228],[-97.8579,30.1306],[-97.8466,30.141],[-97.843,30.1617],[-97.8501,30.1694],[-97.8543,30.1659],[-97.8598,30.1691],[-97.8532,30.1782],[-97.8633,30.1818],[-97.8608,30.1883],[-97.8658,30.195],[-97.8813,30.1964],[-97.8904,30.2023],[-97.8818,30.2137],[-97.894,30.2192],[-97.8883,30.2292],[-97.8731,30.2226],[-97.86,30.2354],[-97.853,30.2496],[-97.864,30.2532],[-97.8684,30.2601],[-97.8499,30.2512],[-97.8389,30.257],[-97.8458,30.261],[-97.8368,30.2751],[-97.8441,30.2733],[-97.851,30.2853],[-97.8244,30.2838],[-97.8282,30.2957],[-97.8363,30.2974],[-97.8444,30.3095],[-97.8671,30.3177],[-97.8857,30.3311],[-97.8846,30.3426],[-97.8572,30.3547],[-97.8475,30.3467],[-97.8427,30.3262],[-97.8306,30.3252],[-97.8069,30.3515],[-97.7968,30.35],[-97.789,30.3688],[-97.7668,30.3851],[-97.7635,30.399],[-97.7541,30.4075],[-97.7368,30.4052],[-97.731,30.4121],[-97.716,30.4086],[-97.7086,30.4122],[-97.6958,30.4455],[-97.6946,30.4615],[-97.7467,30.4494],[-97.7547,30.4402],[-97.7536,30.4333],[-97.7763,30.4298],[-97.7794,30.4384],[-97.7888,30.4442],[-97.8119,30.447],[-97.8257,30.4556],[-97.8434,30.4265],[-97.8496,30.4318],[-97.8499,30.4401],[-97.8742,30.4233],[-97.8798,30.429],[-97.9058,30.4213],[-97.9075,30.414],[-97.9192,30.4325],[-97.9387,30.4373],[-97.9519,30.4267],[-97.9408,30.4042],[-97.943,30.3958],[-97.9735,30.3919],[-97.9709,30.3832],[-97.9693,30.3899],[-97.9597,30.3902],[-97.9668,30.3791],[-97.9663,30.3677],[-97.9635,30.3762],[-97.957,30.3582],[-97.9695,30.3395],[-97.9642,30.3273],[-97.9716,30.3208],[-97.976,30.3254],[-97.9912,30.3179],[-98.0031,30.3177],[-98.0367,30.3395],[-98.0605,30.3489],[-98.1259,30.3228]]]},"properties":{"geoid":"48047","state":"48","district":"47","name":"State House District 47","chamber":"House"}},{"type":"Feature","geometry":{"type":"Polygon","coordinates":[[[-97.894,30.2192],[-97.8818,30.2137],[-97.8904,30.2023],[-97.8813,30.1964],[-97.8658,30.195],[-97.8608,30.1883],[-97.8633,30.1818],[-97.8532,30.1782],[-97.8598,30.1691],[-97.8543,30.1659],[-97.8501,30.1694],[-97.843,30.1617],[-97.8466,30.141],[-97.8579,30.1306],[-97.7814,30.0757],[-97.7853,30.1128],[-97.7752,30.1266],[-97.7787,30.1297],[-97.7659,30.1452],[-97.7696,30.1593],[-97.7637,30.1652],[-97.7683,30.1666],[-97.7679,30.1893],[-97.7911,30.1986],[-97.7943,30.1937],[-97.8142,30.2032],[-97.829,30.1965],[-97.8384,30.2012],[-97.8303,30.2137],[-97.8363,30.2196],[-97.8237,30.2364],[-97.8009,30.2453],[-97.7899,30.2421],[-97.7895,30.2464],[-97.7967,30.2481],[-97.7957,30.2534],[-97.7837,30.2616],[-97.761,30.2673],[-97.7715,30.2738],[-97.7582,30.2989],[-97.7649,30.3053],[-97.7627,30.3105],[-97.7578,30.3091],[-97.7558,30.325],[-97.7646,30.3296],[-97.755,30.3362],[-97.7362,30.3787],[-97.746,30.3917],[-97.745,30.4079],[-97.7587,30.4037],[-97.7668,30.3851],[-97.789,30.3688],[-97.7968,30.35],[-97.8069,30.3515],[-97.8306,30.3252],[-97.8427,30.3262],[-97.8475,30.3467],[-97.8572,30.3547],[-97.8846,30.3426],[-97.8857,30.3311],[-97.8671,30.3177],[-97.8444,30.3095],[-97.8363,30.2974],[-97.8282,30.2957],[-97.8244,30.2838],[-97.851,30.2853],[-97.8441,30.2733],[-97.8368,30.2751],[-97.8458,30.261],[-97.8389,30.257],[-97.8499,30.2512],[-97.8684,30.2601],[-97.864,30.2532],[-97.853,30.2496],[-97.86,30.2354],[-97.8731,30.2226],[-97.8883,30.2292],[-97.894,30.2192]]]},"properties":{"geoid":"48048","state":"48","district":"48","name":"State House District 48","chamber":"House"}},{"type":"Feature","geometry":{"type":"Polygon","coordinates":[[[-97.8384,30.2012],[-97.829,30.1965],[-97.8142,30.2032],[-97.7943,30.1937],[-97.7857,30.2005],[-97.7596,30.2421],[-97.769,30.246],[-97.7546,30.2648],[-97.7366,30.2612],[-97.7094,30.3113],[-97.7185,30.3164],[-97.7191,30.3373],[-97.7001,30.3576],[-97.6877,30.3795],[-97.7163,30.3933],[-97.7172,30.3902],[-97.7297,30.3943],[-97.7292,30.4116],[-97.7368,30.4099],[-97.736,30.4054],[-97.745,30.4079],[-97.746,30.3917],[-97.7362,30.3787],[-97.755,30.3362],[-97.7646,30.3296],[-97.7558,30.325],[-97.7578,30.3091],[-97.7627,30.3105],[-97.7649,30.3053],[-97.7582,30.2989],[-97.7715,30.2738],[-97.761,30.2673],[-97.7837,30.2616],[-97.7957,30.2534],[-97.7967,30.2481],[-97.7895,30.2464],[-97.7899,30.2421],[-97.8009,30.2453],[-97.8237,30.2364],[-97.8363,30.2196],[-97.8303,30.2137],[-97.8384,30.2012]]]},"properties":{"geoid":"48049","state":"48","district":"49","name":"State House District 49","chamber":"House"}},{"type":"Feature","geometry":{"type":"Polygon","coordinates":[[[-97.7296,30.3944],[-97.7172,30.3902],[-97.7163,30.3933],[-97.6877,30.3795],[-97.7001,30.3576],[-97.7191,30.3373],[-97.7185,30.3164],[-97.7098,30.3091],[-97.6996,30.3173],[-97.673,30.308],[-97.663,30.3161],[-97.6732,30.3257],[-97.6236,30.3309],[-97.6166,30.3435],[-97.6236,30.3468],[-97.6187,30.362],[-97.6285,30.3629],[-97.6217,30.3708],[-97.6132,30.3686],[-97.5759,30.4176],[-97.6366,30.4473],[-97.6498,30.446],[-97.6623,30.4518],[-97.6742,30.4808],[-97.6829,30.4801],[-97.6888,30.4614],[-97.6946,30.4615],[-97.7062,30.4148],[-97.716,30.4086],[-97.7292,30.4116],[-97.7296,30.3944]]]},"properties":{"geoid":"48050","state":"48","district":"50","name":"State House District 50","chamber":"House"}},{"type":"Feature","geometry":{"type":"Polygon","coordinates":[[[-97.7911,30.1986],[-97.7679,30.1893],[-97.7683,30.1665],[-97.7639,30.1682],[-97.7696,30.1593],[-97.7659,30.1452],[-97.7787,30.1297],[-97.7752,30.1266],[-97.7853,30.1128],[-97.7814,30.0757],[-97.7088,30.0235],[-97.6537,30.0716],[-97.6494,30.0679],[-97.4913,30.2121],[-97.5133,30.1992],[-97.5237,30.1984],[-97.5285,30.2055],[-97.5132,30.2105],[-97.52,30.2293],[-97.5278,30.2186],[-97.5417,30.2253],[-97.5424,30.2196],[-97.5567,30.2076],[-97.5758,30.2143],[-97.588,30.2063],[-97.5939,30.2073],[-97.5937,30.2392],[-97.6051,30.2463],[-97.6036,30.2533],[-97.6213,30.2627],[-97.6142,30.276],[-97.6156,30.2838],[-97.6092,30.2816],[-97.6041,30.2894],[-97.6179,30.3069],[-97.6228,30.2993],[-97.6353,30.3062],[-97.6476,30.2902],[-97.648,30.2808],[-97.6313,30.2711],[-97.6427,30.2625],[-97.6712,30.2626],[-97.6902,30.274],[-97.6944,30.2674],[-97.6948,30.2738],[-97.7048,30.2724],[-97.7175,30.2615],[-97.7344,30.2667],[-97.7366,30.2612],[-97.7546,30.2648],[-97.769,30.246],[-97.7596,30.2421],[-97.7857,30.2005],[-97.7911,30.1986]]]},"properties":{"geoid":"48051","state":"48","district":"51","name":"State House District 51","chamber":"House"}},{"type":"Feature","geometry":{"type":"Polygon","coordinates":[[[-97.8803,30.6676],[-97.8585,30.6214],[-97.8585,30.6023],[-97.8387,30.5875],[-97.8194,30.5551],[-97.8157,30.5254],[-97.7688,30.5417],[-97.7671,30.5322],[-97.74,30.5196],[-97.7224,30.526],[-97.7244,30.5314],[-97.6922,30.5354],[-97.6927,30.5582],[-97.6505,30.5726],[-97.6456,30.5586],[-97.6512,30.5394],[-97.6442,30.5319],[-97.6475,30.523],[-97.6453,30.4963],[-97.5683,30.4997],[-97.5635,30.4918],[-97.553,30.4903],[-97.5501,30.4765],[-97.5441,30.4796],[-97.524,30.4722],[-97.5109,30.4853],[-97.4598,30.4583],[-97.4456,30.4614],[-97.4418,30.4553],[-97.4395,30.4603],[-97.4341,30.4597],[-97.4333,30.4529],[-97.4271,30.4522],[-97.4153,30.4383],[-97.4062,30.4423],[-97.393,30.4388],[-97.3768,30.4192],[-97.3695,30.4196],[-97.3345,30.4028],[-97.1552,30.4573],[-97.2699,30.7354],[-97.5894,30.8568],[-97.5975,30.8361],[-97.5885,30.8155],[-97.5839,30.8167],[-97.5741,30.8034],[-97.6001,30.7952],[-97.6032,30.8024],[-97.6146,30.805],[-97.6216,30.7775],[-97.6253,30.7763],[-97.6234,30.7644],[-97.6319,30.7579],[-97.6502,30.7047],[-97.6361,30.6926],[-97.6393,30.6891],[-97.6339,30.6806],[-97.6159,30.6781],[-97.5971,30.6665],[-97.5994,30.6517],[-97.5855,30.6462],[-97.6158,30.6439],[-97.6101,30.6293],[-97.6223,30.6141],[-97.6869,30.6074],[-97.6926,30.6305],[-97.6834,30.6458],[-97.6845,30.6528],[-97.6946,30.652],[-97.7047,30.6634],[-97.7207,30.6639],[-97.7245,30.657],[-97.7263,30.6623],[-97.734,30.6594],[-97.74,30.6693],[-97.7493,30.6665],[-97.7511,30.6602],[-97.7562,30.6667],[-97.7655,30.6615],[-97.7738,30.6702],[-97.7858,30.6686],[-97.7889,30.6766],[-97.8003,30.6821],[-97.7964,30.6859],[-97.8002,30.6882],[-97.8205,30.6876],[-97.8289,30.6963],[-97.8357,30.6907],[-97.8395,30.699],[-97.8596,30.7078],[-97.8774,30.7071],[-97.8803,30.6676]]]},"properties":{"geoid":"48052","state":"48","district":"52","name":"State House District 52","chamber":"House"}},{"type":"Feature","geometry":{"type":"Polygon","coordinates":[[[-103.5813,30.7705],[-103.5851,30.7665],[-102.567,30.0528],[-102.5669,30.2833],[-102.3431,30.2841],[-102.343,30.5988],[-102.1384,30.5975],[-102.1378,30.656],[-101.7684,30.6529],[-101.7607,30.6583],[-101.7516,30.6495],[-101.7365,30.6541],[-101.7227,30.6497],[-101.7116,30.6547],[-101.7032,30.646],[-101.6928,30.6458],[-101.6892,30.6389],[-101.6698,30.6379],[-101.6662,30.6287],[-101.6542,30.623],[-101.6525,30.6196],[-101.66,30.613],[-101.6582,30.5963],[-101.6635,30.5889],[-101.6485,30.567],[-101.6465,30.5511],[-101.6676,30.528],[-101.6797,30.5225],[-101.6751,30.502],[-101.6918,30.4914],[-101.6889,30.4676],[-101.7021,30.4574],[-101.7219,30.471],[-101.7318,30.4676],[-101.7318,30.46],[-101.7189,30.4548],[-101.7201,30.4428],[-101.7406,30.4217],[-101.7287,30.4083],[-101.7003,30.4013],[-101.6945,30.3933],[-101.6976,30.3808],[-101.6844,30.3688],[-101.6585,30.3579],[-101.6589,30.3426],[-101.6728,30.3395],[-101.6944,30.3468],[-101.7154,30.3398],[-101.7371,30.3269],[-101.7445,30.3013],[-101.7584,30.288],[-100.7004,30.2883],[-100.6999,29.6239],[-99.4118,29.6275],[-99.4139,29.0913],[-98.8049,29.0904],[-98.8066,29.6907],[-98.7788,29.7202],[-98.9177,29.7814],[-98.9201,30.1383],[-99.301,30.1343],[-99.304,30.4998],[-98.4115,30.5021],[-98.351,30.4861],[-98.352,30.5584],[-98.3703,30.5744],[-98.3988,30.5637],[-98.4054,30.5662],[-98.4137,30.5859],[-98.4002,30.5984],[-98.4176,30.6273],[-98.4181,30.6452],[-98.4289,30.6548],[-98.4289,30.6615],[-98.4418,30.6664],[-98.4376,30.6738],[-98.4033,30.6769],[-98.4055,30.6902],[-98.4143,30.7037],[-98.4042,30.7211],[-98.3927,30.7212],[-98.3714,30.7421],[-98.3778,30.7472],[-98.424,30.7505],[-98.4299,30.7561],[-98.4225,30.775],[-98.432,30.7904],[-98.425,30.7957],[-98.4126,30.795],[-98.4033,30.8179],[-98.3876,30.8193],[-98.3766,30.8338],[-98.4014,30.844],[-98.41,30.836],[-98.4216,30.835],[-98.4215,30.8632],[-98.4564,30.8765],[-98.4564,30.8831],[-98.4486,30.8908],[-98.4458,30.9214],[-99.0924,30.922],[-99.0906,31.4609],[-99.0965,31.4569],[-99.0944,31.4498],[-99.0979,31.4482],[-99.109,31.4558],[-99.1101,31.4664],[-99.1194,31.4677],[-99.1189,31.4609],[-99.1249,31.4564],[-99.1352,31.4657],[-99.1595,31.4682],[-99.1841,31.4537],[-99.1874,31.4685],[-99.194,31.4734],[-99.2095,31.4653],[-99.2188,31.475],[-99.24,31.4828],[-99.2712,31.4563],[-99.2714,31.4469],[-99.2895,31.4434],[-99.2884,31.4288],[-99.3035,31.4318],[-99.3043,31.4206],[-99.3144,31.4098],[-99.3202,31.4152],[-99.3462,31.4219],[-99.3413,31.4316],[-99.3439,31.4433],[-99.3573,31.4309],[-99.384,31.4438],[-99.4023,31.4462],[-99.4056,31.4494],[-99.3988,31.4601],[-99.424,31.4639],[-99.4416,31.4751],[-99.4495,31.4699],[-99.4498,31.4577],[-99.446,31.4502],[-99.4352,31.4494],[-99.4369,31.446],[-99.4688,31.4307],[-99.4713,31.4216],[-99.4777,31.425],[-99.4799,31.4342],[-99.4957,31.445],[-99.5124,31.4245],[-99.5367,31.4834],[-99.5726,31.4937],[-99.5911,31.4886],[-99.6019,31.492],[-99.6032,31.0873],[-100.2484,31.0887],[-101.2504,31.0794],[-101.7762,31.0798],[-101.7758,31.6513],[-102.7672,31.6517],[-102.7674,31.2938],[-102.7746,31.2952],[-102.7928,31.2819],[-102.8022,31.283],[-102.8102,31.2736],[-102.8175,31.274],[-102.8269,31.2669],[-102.8374,31.285],[-102.872,31.3003],[-102.8779,31.307],[-102.8729,31.3121],[-102.8756,31.3166],[-102.899,31.3239],[-102.9137,31.339],[-102.9273,31.3378],[-102.9334,31.35],[-102.9581,31.3509],[-102.9593,31.3548],[-102.9662,31.3513],[-102.9727,31.359],[-102.9789,31.353],[-102.9866,31.3581],[-102.996,31.3569],[-102.9986,31.3638],[-103.0113,31.3712],[-103.5813,30.7705]]]},"properties":{"geoid":"48053","state":"48","district":"53","name":"State House District 53","chamber":"House"}},{"type":"Feature","geometry":{"type":"Polygon","coordinates":[[[-97.9138,31.0659],[-97.9117,31.0349],[-97.8544,30.952],[-97.8281,30.9044],[-97.6241,30.87],[-97.3155,30.7524],[-97.259,30.8896],[-97.0701,30.986],[-97.2778,31.2795],[-97.3434,31.2442],[-97.4186,31.3202],[-97.9138,31.0659]],[[-97.7656,31.0579],[-97.722,31.0508],[-97.7091,31.0548],[-97.7149,31.0687],[-97.6964,31.0816],[-97.6947,31.0974],[-97.6849,31.1052],[-97.6843,31.116],[-97.6714,31.1158],[-97.6735,31.1337],[-97.6336,31.1112],[-97.6299,31.1209],[-97.5452,31.1018],[-97.5334,31.1359],[-97.5247,31.1429],[-97.4958,31.1184],[-97.4987,31.1168],[-97.4743,31.1055],[-97.472,31.1117],[-97.4764,31.1159],[-97.4659,31.1134],[-97.4673,31.1095],[-97.4533,31.0964],[-97.4333,31.147],[-97.4127,31.1777],[-97.368,31.1653],[-97.3671,31.1603],[-97.3602,31.1641],[-97.3389,31.1577],[-97.3277,31.1592],[-97.3241,31.1688],[-97.3161,31.1663],[-97.3202,31.1541],[-97.3148,31.1526],[-97.3195,31.1402],[-97.3089,31.1335],[-97.3119,31.123],[-97.2966,31.0872],[-97.3025,31.087],[-97.3054,31.0796],[-97.2981,31.079],[-97.3112,31.0458],[-97.3399,31.0538],[-97.3482,31.0328],[-97.3768,31.0331],[-97.3844,31.0061],[-97.4053,30.9837],[-97.41,30.9654],[-97.4198,30.968],[-97.4182,30.9724],[-97.4259,30.9761],[-97.427,30.9702],[-97.4524,30.9709],[-97.4591,30.9638],[-97.4674,30.971],[-97.4755,30.9659],[-97.4713,30.9761],[-97.4765,30.9776],[-97.473,30.9864],[-97.4766,30.9919],[-97.5129,31.0213],[-97.5327,31.0193],[-97.5356,31.0255],[-97.5449,31.0238],[-97.5502,31.0169],[-97.5635,31.0222],[-97.5789,31.0128],[-97.595,31.025],[-97.6098,31.01],[-97.6253,31.0239],[-97.6316,31.0107],[-97.6483,31.0143],[-97.6462,30.9959],[-97.6592,30.9998],[-97.6662,30.9867],[-97.6751,30.9881],[-97.681,30.9952],[-97.6934,30.9916],[-97.6926,30.997],[-97.7225,31.0062],[-97.7448,31.0001],[-97.7532,31.0061],[-97.7656,31.0579]]]},"properties":{"geoid":"48054","state":"48","district":"54","name":"State House District 54","chamber":"House"}},{"type":"Feature","geometry":{"type":"Polygon","coordinates":[[[-97.7656,31.0584],[-97.7532,31.0061],[-97.7448,31.0001],[-97.7225,31.0062],[-97.6926,30.997],[-97.6934,30.9916],[-97.681,30.9952],[-97.6751,30.9881],[-97.6662,30.9867],[-97.6592,30.9998],[-97.6462,30.9959],[-97.6483,31.0143],[-97.6316,31.0107],[-97.6253,31.0239],[-97.6098,31.01],[-97.595,31.025],[-97.5789,31.0128],[-97.5635,31.0222],[-97.5502,31.0169],[-97.5449,31.0238],[-97.5356,31.0255],[-97.5327,31.0193],[-97.5129,31.0213],[-97.4766,30.9919],[-97.473,30.9864],[-97.4765,30.9776],[-97.4713,30.9761],[-97.4755,30.9659],[-97.4674,30.971],[-97.4591,30.9638],[-97.4524,30.9709],[-97.427,30.9702],[-97.4259,30.9761],[-97.4182,30.9724],[-97.4198,30.968],[-97.41,30.9654],[-97.4053,30.9837],[-97.3844,31.0061],[-97.3768,31.0331],[-97.3482,31.0328],[-97.3399,31.0538],[-97.3112,31.0458],[-97.2981,31.079],[-97.3054,31.0796],[-97.3025,31.087],[-97.2966,31.0872],[-97.3119,31.123],[-97.3089,31.1335],[-97.3195,31.1402],[-97.3148,31.1526],[-97.3202,31.1541],[-97.3161,31.1663],[-97.3241,31.1688],[-97.3277,31.1592],[-97.3389,31.1577],[-97.3602,31.1641],[-97.3671,31.1603],[-97.368,31.1653],[-97.4127,31.1777],[-97.4333,31.147],[-97.4533,31.0964],[-97.4673,31.1095],[-97.4659,31.1134],[-97.4764,31.1159],[-97.472,31.1117],[-97.4743,31.1055],[-97.4987,31.1168],[-97.4958,31.1184],[-97.5247,31.1429],[-97.5334,31.1359],[-97.5452,31.1018],[-97.6299,31.1209],[-97.6336,31.1112],[-97.6735,31.1337],[-97.6714,31.1158],[-97.6843,31.116],[-97.6849,31.1052],[-97.6947,31.0974],[-97.6964,31.0816],[-97.7149,31.0687],[-97.7091,31.0548],[-97.722,31.0508],[-97.7656,31.0584]]]},"properties":{"geoid":"48055","state":"48","district":"55","name":"State House District 55","chamber":"House"}},{"type":"Feature","geometry":{"type":"Polygon","coordinates":[[[-97.6052,31.5878],[-97.4186,31.3202],[-97.3434,31.2442],[-96.8702,31.4867],[-96.8809,31.4901],[-96.8933,31.5199],[-96.9217,31.5067],[-96.9299,31.5223],[-96.9531,31.5113],[-96.9408,31.498],[-96.993,31.4734],[-96.997,31.4796],[-97.0388,31.4599],[-97.0084,31.4638],[-97.0026,31.4616],[-97.0027,31.4535],[-97.0188,31.4578],[-97.0231,31.4516],[-97.0473,31.4612],[-97.0666,31.4522],[-97.094,31.4667],[-97.0924,31.4822],[-97.1015,31.4995],[-97.1223,31.4891],[-97.1257,31.5014],[-97.1415,31.4991],[-97.1619,31.503],[-97.1567,31.5088],[-97.1499,31.5051],[-97.1339,31.5079],[-97.1341,31.5241],[-97.1542,31.5319],[-97.128,31.5551],[-97.123,31.5505],[-97.1296,31.536],[-97.1265,31.5351],[-97.1106,31.5422],[-97.103,31.5518],[-97.134,31.565],[-97.1434,31.5531],[-97.1474,31.5564],[-97.1635,31.5482],[-97.1689,31.5551],[-97.1576,31.5609],[-97.1616,31.5668],[-97.1457,31.5752],[-97.1553,31.5892],[-97.1381,31.5989],[-97.1287,31.6111],[-97.1191,31.612],[-97.1124,31.5992],[-97.1009,31.6146],[-97.0883,31.6209],[-97.0825,31.6129],[-97.0802,31.62],[-97.0685,31.6257],[-97.0606,31.6135],[-97.0484,31.619],[-97.0471,31.6261],[-97.0586,31.6302],[-97.047,31.6392],[-97.0626,31.635],[-97.0592,31.64],[-97.0742,31.659],[-97.0792,31.6548],[-97.0772,31.6495],[-97.0949,31.6401],[-97.0958,31.6614],[-97.0712,31.6765],[-97.0772,31.6785],[-97.0746,31.6904],[-97.0863,31.7028],[-97.082,31.7155],[-97.0892,31.7249],[-97.0838,31.7279],[-97.0863,31.7365],[-97.0037,31.7794],[-96.9839,31.7839],[-97.0373,31.8631],[-97.442,31.6664],[-97.4362,31.6662],[-97.6052,31.5878]]]},"properties":{"geoid":"48056","state":"48","district":"56","name":"State House District 56","chamber":"House"}},{"type":"Feature","geometry":{"type":"Polygon","coordinates":[[[-97.3952,33.0983],[-97.391,33.0921],[-97.3661,33.092],[-97.3631,33.0878],[-97.3296,33.084],[-97.3228,33.0897],[-97.3217,33.1014],[-97.3019,33.1061],[-97.294,33.1008],[-97.2949,33.0915],[-97.2769,33.0886],[-97.2702,33.1015],[-97.2241,33.1005],[-97.2145,33.1183],[-97.1571,33.1201],[-97.1487,33.134],[-97.1397,33.1284],[-97.1397,33.1176],[-97.1095,33.1177],[-97.0835,33.0914],[-97.0765,33.0928],[-97.0637,33.0843],[-97.0366,33.0815],[-97.0282,33.0884],[-97.0278,33.1021],[-97.0092,33.0862],[-96.9901,33.0795],[-96.9728,33.08],[-96.9629,33.083],[-96.9635,33.0996],[-96.9695,33.0996],[-96.9709,33.1177],[-96.9597,33.1319],[-96.9354,33.1462],[-96.9141,33.1443],[-96.914,33.1546],[-96.8908,33.1536],[-96.8803,33.2191],[-96.8981,33.2195],[-96.8971,33.231],[-96.9516,33.233],[-96.947,33.2214],[-96.9877,33.2258],[-97.0257,33.2377],[-97.0897,33.2331],[-97.0906,33.2129],[-97.0836,33.2101],[-97.0898,33.1735],[-97.0756,33.1635],[-97.1056,33.1585],[-97.1151,33.1759],[-97.1419,33.1772],[-97.1526,33.1681],[-97.1505,33.1545],[-97.1462,33.1545],[-97.144,33.1472],[-97.1709,33.133],[-97.1962,33.1309],[-97.2585,33.1316],[-97.2589,33.1415],[-97.2665,33.1417],[-97.2662,33.1771],[-97.2294,33.1769],[-97.2292,33.1999],[-97.2115,33.2018],[-97.2183,33.2214],[-97.3539,33.2244],[-97.3602,33.2233],[-97.3609,33.2168],[-97.3916,33.2189],[-97.3952,33.0983]]]},"properties":{"geoid":"48057","state":"48","district":"57","name":"State House District 57","chamber":"House"}},{"type":"Feature","geometry":{"type":"Polygon","coordinates":[[[-97.9456,32.2335],[-97.8649,32.0873],[-97.6309,32.2074],[-97.5941,32.2016],[-97.5901,32.1878],[-97.6023,32.1765],[-97.5706,32.1787],[-97.5647,32.1624],[-97.5687,32.1505],[-97.5534,32.1493],[-97.5143,32.1338],[-97.508,32.1394],[-97.5135,32.1526],[-97.5118,32.1619],[-97.4945,32.1646],[-97.4718,32.1755],[-97.476,32.1817],[-97.087,32.2653],[-97.0871,32.5493],[-97.617,32.5555],[-97.6152,32.3187],[-97.7828,32.3165],[-97.9456,32.2335]]]},"properties":{"geoid":"48058","state":"48","district":"58","name":"State House District 58","chamber":"House"}},{"type":"Feature","geometry":{"type":"Polygon","coordinates":[[[-98.5512,32.2614],[-98.3275,31.9413],[-98.2512,31.9801],[-98.1566,31.8417],[-98.4637,31.684],[-98.2711,31.4164],[-98.18,31.4637],[-97.9071,31.0694],[-97.4186,31.3202],[-97.6898,31.711],[-97.7664,31.6725],[-98.0055,32.0179],[-97.8649,32.0873],[-97.9456,32.2335],[-97.7828,32.3165],[-97.6152,32.3187],[-97.617,32.5555],[-98.0668,32.5588],[-98.0685,32.5116],[-98.4752,32.513],[-98.4747,32.2991],[-98.5512,32.2614]]]},"properties":{"geoid":"48059","state":"48","district":"59","name":"State House District 59","chamber":"House"}},{"type":"Feature","geometry":{"type":"Polygon","coordinates":[[[-99.0961,32.5901],[-99.096,32.5148],[-98.0685,32.5116],[-98.0668,32.5588],[-97.5506,32.5554],[-97.5442,32.9947],[-98.4266,33.0079],[-98.4272,32.9523],[-99.096,32.957],[-99.0961,32.5901]]]},"properties":{"geoid":"48060","state":"48","district":"60","name":"State House District 60","chamber":"House"}},{"type":"Feature","geometry":{"type":"Polygon","coordinates":[[[-96.8033,33.1532],[-96.7677,33.1526],[-96.7682,33.1123],[-96.7329,33.1253],[-96.7332,33.1521],[-96.7024,33.1516],[-96.6962,33.1593],[-96.6631,33.1592],[-96.6647,33.1677],[-96.6406,33.1719],[-96.638,33.2094],[-96.6301,33.239],[-96.5988,33.2653],[-96.6187,33.2505],[-96.6198,33.2867],[-96.5922,33.285],[-96.5867,33.3456],[-96.5785,33.3451],[-96.5787,33.35],[-96.5726,33.3518],[-96.5745,33.345],[-96.5517,33.3443],[-96.5493,33.3658],[-96.5648,33.3999],[-96.7273,33.4029],[-96.7133,33.3593],[-96.6902,33.3313],[-96.6857,33.3222],[-96.6881,33.3126],[-96.6703,33.294],[-96.6802,33.2909],[-96.7923,33.2937],[-96.8003,33.2627],[-96.6809,33.2608],[-96.6793,33.2182],[-96.8019,33.2189],[-96.8033,33.1532]]]},"properties":{"geoid":"48061","state":"48","district":"61","name":"State House District 61","chamber":"House"}},{"type":"Feature","geometry":{"type":"Polygon","coordinates":[[[-96.9451,33.8528],[-96.9439,33.4164],[-96.8411,33.4134],[-96.8412,33.4056],[-96.3846,33.3978],[-96.3845,33.3411],[-95.8587,33.4095],[-95.8602,33.2183],[-95.8475,33.2254],[-95.8442,33.2339],[-95.8341,33.2322],[-95.8222,33.2409],[-95.81,33.2421],[-95.8039,33.252],[-95.7867,33.254],[-95.779,33.2602],[-95.7771,33.2729],[-95.7718,33.2745],[-95.7743,33.2769],[-95.7565,33.2882],[-95.7581,33.2969],[-95.742,33.297],[-95.7299,33.3056],[-95.721,33.3042],[-95.7198,33.2994],[-95.6981,33.3084],[-95.6831,33.2998],[-95.6571,33.3132],[-95.6501,33.31],[-95.6439,33.3126],[-95.6369,33.326],[-95.6159,33.3383],[-95.6129,33.3483],[-95.5869,33.3587],[-95.574,33.3538],[-95.5669,33.3574],[-95.5571,33.3509],[-95.5521,33.3578],[-95.5471,33.3558],[-95.5395,33.3605],[-95.531,33.3573],[-95.5263,33.3491],[-95.5143,33.3462],[-95.4953,33.3493],[-95.4973,33.3518],[-95.4917,33.3544],[-95.4854,33.3499],[-95.4781,33.3565],[-95.465,33.3568],[-95.4562,33.3684],[-95.4413,33.3627],[-95.4409,33.3667],[-95.4354,33.364],[-95.4183,33.371],[-95.4125,33.3675],[-95.4003,33.3717],[-95.3983,33.3672],[-95.391,33.3696],[-95.3849,33.3655],[-95.3697,33.37],[-95.3449,33.3603],[-95.3445,33.3636],[-95.3359,33.3614],[-95.3142,33.3672],[-95.3158,33.3731],[-95.3086,33.3772],[-95.309,32.9626],[-95.1729,32.9618],[-95.1741,32.969],[-95.1622,32.9809],[-95.1623,32.9942],[-95.1521,33.0027],[-95.1536,33.0124],[-95.1372,33.0309],[-95.1261,33.0346],[-95.1255,33.3895],[-95.1401,33.3853],[-95.1455,33.3882],[-95.1429,33.3833],[-95.156,33.3801],[-95.1662,33.3855],[-95.1768,33.3778],[-95.1801,33.3817],[-95.1831,33.3772],[-95.1882,33.3793],[-95.1858,33.3761],[-95.1917,33.3738],[-95.1983,33.3742],[-95.1942,33.3778],[-95.2011,33.3809],[-95.2166,33.3759],[-95.2227,33.3783],[-95.2203,33.3756],[-95.2297,33.3756],[-95.2282,33.3707],[-95.2344,33.3738],[-95.241,33.3678],[-95.2572,33.3705],[-95.261,33.3669],[-95.271,33.3767],[-95.2726,33.3734],[-95.2901,33.3756],[-95.2991,33.3827],[-95.3015,33.3783],[-95.3185,33.382],[-95.3217,33.379],[-95.3364,33.388],[-95.3539,33.3869],[-95.3688,33.3943],[-95.3728,33.3908],[-95.3796,33.3997],[-95.397,33.399],[-95.3998,33.4098],[-95.4152,33.4112],[-95.4164,33.4163],[-95.426,33.4168],[-95.433,33.4217],[-95.4299,33.4241],[-95.4328,33.4272],[-95.4447,33.4331],[-95.4645,33.4338],[-95.4738,33.4485],[-95.4817,33.4525],[-95.4938,33.4555],[-95.4921,33.4514],[-95.5048,33.4419],[-95.5266,33.4458],[-95.5465,33.4588],[-95.5492,33.4679],[-95.5621,33.4719],[-95.5622,33.4759],[-95.5908,33.469],[-95.5957,33.4771],[-95.5932,33.4803],[-95.621,33.4871],[-95.6363,33.4821],[-95.6438,33.4867],[-95.6608,33.475],[-95.6818,33.4703],[-95.6851,33.4787],[-95.6972,33.4768],[-95.7078,33.4878],[-95.7095,33.4831],[-95.733,33.4846],[-95.7372,33.49],[-95.7556,33.4908],[-95.7614,33.4955],[-95.7793,33.4918],[-95.7816,33.4863],[-95.8171,33.4695],[-95.8266,33.4591],[-95.8489,33.4578],[-95.8575,33.4615],[-95.8551,33.8274],[-95.8465,33.8399],[-95.8568,33.8501],[-95.8672,33.8513],[-95.9245,33.8847],[-95.9323,33.8838],[-95.9441,33.86],[-95.9849,33.8525],[-95.9849,33.8658],[-96.0029,33.8736],[-96.0029,33.8667],[-95.9949,33.8618],[-95.9977,33.8522],[-96.0041,33.8452],[-96.0206,33.8406],[-96.0201,33.855],[-96.027,33.8575],[-96.035,33.8426],[-96.0488,33.8365],[-96.1001,33.848],[-96.0994,33.8305],[-96.1229,33.84],[-96.1481,33.8378],[-96.1508,33.817],[-96.1665,33.8179],[-96.1791,33.8102],[-96.1757,33.8023],[-96.1696,33.8009],[-96.1638,33.8131],[-96.1555,33.814],[-96.1598,33.8116],[-96.1691,33.7704],[-96.1866,33.755],[-96.229,33.748],[-96.2636,33.7675],[-96.2937,33.7694],[-96.3062,33.744],[-96.3064,33.7231],[-96.3122,33.7063],[-96.3211,33.6951],[-96.3469,33.6862],[-96.3622,33.6918],[-96.3696,33.7168],[-96.4082,33.7505],[-96.4235,33.7764],[-96.448,33.781],[-96.4592,33.7752],[-96.501,33.7728],[-96.5166,33.7883],[-96.5178,33.8069],[-96.532,33.824],[-96.5581,33.8171],[-96.5729,33.8191],[-96.6281,33.8446],[-96.6298,33.8509],[-96.6254,33.8565],[-96.5901,33.8807],[-96.5855,33.8913],[-96.5922,33.8955],[-96.6283,33.8945],[-96.6599,33.9167],[-96.6672,33.9169],[-96.6753,33.9091],[-96.6815,33.8947],[-96.6847,33.8629],[-96.7008,33.8379],[-96.7137,33.8313],[-96.7616,33.8244],[-96.7707,33.8296],[-96.7806,33.8601],[-96.7943,33.8689],[-96.8322,33.8748],[-96.8398,33.8684],[-96.8416,33.8529],[-96.8506,33.8472],[-96.8707,33.8565],[-96.883,33.868],[-96.8957,33.8964],[-96.9024,33.942],[-96.9127,33.9551],[-96.9236,33.9594],[-96.9446,33.9492],[-96.9451,33.8528]]]},"properties":{"geoid":"48062","state":"48","district":"62","name":"State House District 62","chamber":"House"}},{"type":"Feature","geometry":{"type":"Polygon","coordinates":[[[-97.2997,32.9913],[-96.8906,32.988],[-96.8857,33.0044],[-96.887,33.0117],[-96.917,33.0093],[-96.9235,33.0117],[-96.9214,33.0197],[-96.9384,33.024],[-96.9507,33.0131],[-96.9444,33.0258],[-96.9601,33.0265],[-96.9617,33.0457],[-96.9839,33.0417],[-96.9931,33.0547],[-97.0202,33.063],[-97.0189,33.0565],[-97.0235,33.0569],[-97.025,33.0521],[-97.0433,33.0606],[-97.0752,33.0592],[-97.0724,33.0504],[-97.0933,33.051],[-97.0952,33.0415],[-97.1107,33.0469],[-97.1426,33.0482],[-97.165,33.0435],[-97.202,33.0544],[-97.2211,33.0124],[-97.2735,33.0265],[-97.2997,32.9913]]]},"properties":{"geoid":"48063","state":"48","district":"63","name":"State House District 63","chamber":"House"}},{"type":"Feature","geometry":{"type":"Polygon","coordinates":[[[-97.9215,33.0083],[-97.9216,33.0013],[-97.3985,32.9908],[-97.3916,33.2189],[-97.3609,33.2168],[-97.3602,33.2233],[-97.3539,33.2244],[-97.2183,33.2214],[-97.2115,33.2018],[-97.2292,33.1999],[-97.2294,33.1769],[-97.2662,33.1771],[-97.2665,33.1417],[-97.2589,33.1415],[-97.2585,33.1316],[-97.1942,33.1309],[-97.1709,33.133],[-97.144,33.1472],[-97.1462,33.1545],[-97.1505,33.1545],[-97.1526,33.1681],[-97.1419,33.1772],[-97.1151,33.1759],[-97.1056,33.1585],[-97.0756,33.1635],[-97.0898,33.1735],[-97.0836,33.2102],[-97.0906,33.2129],[-97.0901,33.242],[-97.1109,33.2584],[-97.1314,33.2603],[-97.1293,33.3058],[-97.1511,33.3186],[-97.1491,33.3308],[-97.1644,33.3265],[-97.1764,33.3359],[-97.1811,33.334],[-97.187,33.3671],[-97.1792,33.3669],[-97.1779,33.3706],[-97.1758,33.4239],[-97.383,33.4329],[-97.9182,33.4339],[-97.9215,33.0083]]]},"properties":{"geoid":"48064","state":"48","district":"64","name":"State House District 64","chamber":"House"}},{"type":"Feature","geometry":{"type":"Polygon","coordinates":[[[-97.3985,32.9917],[-97.2997,32.9913],[-97.2694,33.0273],[-97.2211,33.0124],[-97.202,33.0544],[-97.165,33.0435],[-97.1426,33.0482],[-97.1107,33.0469],[-97.0952,33.0415],[-97.0933,33.051],[-97.0724,33.0504],[-97.0752,33.0592],[-97.0433,33.0606],[-97.025,33.0521],[-97.0235,33.0569],[-97.0189,33.0565],[-97.0202,33.063],[-96.9931,33.0547],[-96.9839,33.0417],[-96.9617,33.0457],[-96.9601,33.0265],[-96.9444,33.0258],[-96.9507,33.0131],[-96.9386,33.024],[-96.9214,33.0197],[-96.9235,33.0117],[-96.917,33.0093],[-96.887,33.0117],[-96.8906,32.988],[-96.8441,32.9874],[-96.8419,33.0851],[-96.8578,33.0796],[-96.862,33.0677],[-96.8765,33.0721],[-96.9186,33.0567],[-96.9173,33.065],[-96.9055,33.064],[-96.9081,33.0712],[-96.9004,33.0668],[-96.9054,33.0729],[-96.9015,33.0771],[-96.9151,33.0812],[-96.9302,33.0739],[-96.9358,33.0815],[-96.9439,33.0832],[-96.9901,33.0795],[-97.0153,33.0892],[-97.0278,33.1021],[-97.0282,33.0884],[-97.0366,33.0815],[-97.0634,33.0842],[-97.0765,33.0928],[-97.0835,33.0914],[-97.1095,33.1177],[-97.1397,33.1176],[-97.1397,33.1284],[-97.1487,33.134],[-97.1571,33.1201],[-97.2145,33.1183],[-97.2241,33.1005],[-97.2702,33.1015],[-97.2769,33.0886],[-97.2949,33.0915],[-97.294,33.1008],[-97.3019,33.1061],[-97.3217,33.1014],[-97.3228,33.0897],[-97.3296,33.084],[-97.3631,33.0878],[-97.3661,33.092],[-97.391,33.0921],[-97.3952,33.0983],[-97.3985,32.9917]]]},"properties":{"geoid":"48065","state":"48","district":"65","name":"State House District 65","chamber":"House"}},{"type":"Feature","geometry":{"type":"Polygon","coordinates":[[[-96.8436,33.0166],[-96.7903,33.0116],[-96.7677,32.9996],[-96.772,33.0717],[-96.7504,33.0718],[-96.7483,33.0939],[-96.7554,33.0927],[-96.7596,33.101],[-96.7715,33.0991],[-96.7717,33.0798],[-96.7961,33.077],[-96.8054,33.0883],[-96.8054,33.0973],[-96.7682,33.1125],[-96.7677,33.1526],[-96.8034,33.1529],[-96.8019,33.2189],[-96.6793,33.2182],[-96.6809,33.2608],[-96.8003,33.2627],[-96.7923,33.2937],[-96.6802,33.2909],[-96.6703,33.294],[-96.6881,33.3126],[-96.6857,33.3222],[-96.6902,33.3313],[-96.7133,33.3593],[-96.7273,33.4029],[-96.8341,33.4055],[-96.8436,33.0166]]]},"properties":{"geoid":"48066","state":"48","district":"66","name":"State House District 66","chamber":"House"}},{"type":"Feature","geometry":{"type":"Polygon","coordinates":[[[-96.7534,33.0433],[-96.7161,33.0411],[-96.7098,33.0493],[-96.7118,33.084],[-96.6985,33.1007],[-96.6778,33.1018],[-96.6846,33.0708],[-96.6621,33.1001],[-96.6396,33.1002],[-96.642,33.1149],[-96.6511,33.1182],[-96.6448,33.1296],[-96.6286,33.1295],[-96.6299,33.1393],[-96.6199,33.1456],[-96.6262,33.1472],[-96.6259,33.1564],[-96.5866,33.1527],[-96.5861,33.1679],[-96.5731,33.1674],[-96.581,33.1701],[-96.5854,33.1786],[-96.5848,33.1941],[-96.5686,33.1832],[-96.5527,33.186],[-96.5517,33.1912],[-96.5284,33.1813],[-96.5371,33.187],[-96.536,33.1908],[-96.5043,33.1907],[-96.4994,33.1653],[-96.4889,33.1716],[-96.485,33.1619],[-96.4808,33.1619],[-96.4805,33.1689],[-96.4798,33.1618],[-96.4779,33.1688],[-96.4644,33.168],[-96.463,33.1613],[-96.4539,33.161],[-96.4536,33.1659],[-96.4263,33.1619],[-96.4556,33.1229],[-96.4612,33.0977],[-96.424,33.0955],[-96.4068,33.1096],[-96.4092,33.1029],[-96.2962,33.1005],[-96.2954,33.3519],[-96.3845,33.3411],[-96.3846,33.3978],[-96.5648,33.3999],[-96.5493,33.3658],[-96.5517,33.3443],[-96.5745,33.345],[-96.5726,33.3518],[-96.5787,33.35],[-96.5785,33.3451],[-96.5867,33.3456],[-96.5922,33.285],[-96.6198,33.2867],[-96.6187,33.2505],[-96.5988,33.2653],[-96.6301,33.239],[-96.638,33.2094],[-96.6406,33.1719],[-96.6647,33.1677],[-96.6631,33.1592],[-96.6962,33.1593],[-96.7024,33.1516],[-96.7332,33.1521],[-96.7368,33.0723],[-96.7331,33.0589],[-96.7506,33.0577],[-96.7534,33.0433]]]},"properties":{"geoid":"48067","state":"48","district":"67","name":"State House District 67","chamber":"House"}},{"type":"Feature","geometry":{"type":"Polygon","coordinates":[[[-99.6123,32.9037],[-99.612,32.5147],[-99.1143,32.5148],[-99.1187,32.0796],[-99.1959,32.0792],[-99.2036,31.7486],[-99.2028,31.4672],[-99.1956,31.4735],[-99.1888,31.4705],[-99.1839,31.4537],[-99.1595,31.4682],[-99.1352,31.4657],[-99.1246,31.4564],[-99.1162,31.4682],[-99.1081,31.4651],[-99.109,31.4558],[-99.0979,31.4482],[-99.0944,31.4498],[-99.0965,31.4569],[-99.0906,31.4609],[-99.0924,30.922],[-98.4458,30.9214],[-98.4374,30.927],[-98.4196,30.9254],[-98.4145,30.9421],[-98.423,30.9479],[-98.4459,30.9507],[-98.4528,30.9644],[-98.4419,30.9843],[-98.4592,31.0104],[-98.4423,31.0205],[-98.4397,31.0296],[-97.9117,31.035],[-97.9138,31.0659],[-97.9071,31.0694],[-98.18,31.4637],[-98.2711,31.4164],[-98.4637,31.684],[-98.1566,31.8417],[-98.2512,31.9801],[-98.3275,31.9413],[-98.5512,32.2614],[-98.4747,32.2991],[-98.4752,32.513],[-99.096,32.5148],[-99.096,32.957],[-98.4272,32.9523],[-98.4266,33.0079],[-97.9216,33.0013],[-97.9182,33.4339],[-97.383,33.4329],[-96.9439,33.4164],[-96.9446,33.9492],[-96.9738,33.9357],[-96.9798,33.9416],[-96.9794,33.9562],[-96.9943,33.9492],[-96.9954,33.9338],[-96.9838,33.8909],[-97.0214,33.8464],[-97.041,33.8376],[-97.0638,33.86],[-97.088,33.8526],[-97.0905,33.8452],[-97.0872,33.8414],[-97.0519,33.833],[-97.0481,33.8175],[-97.0791,33.8123],[-97.0929,33.8038],[-97.0951,33.7922],[-97.0848,33.7616],[-97.0865,33.7433],[-97.0992,33.7262],[-97.1212,33.7172],[-97.1574,33.7255],[-97.1722,33.7375],[-97.1801,33.7545],[-97.1926,33.7597],[-97.1877,33.7698],[-97.1904,33.7812],[-97.2054,33.8015],[-97.205,33.8189],[-97.1958,33.8308],[-97.1716,33.8353],[-97.1666,33.8473],[-97.1808,33.8952],[-97.2109,33.9161],[-97.2422,33.9064],[-97.2542,33.8653],[-97.2706,33.8581],[-97.3092,33.8887],[-97.3143,33.8651],[-97.3328,33.8553],[-97.3342,33.8629],[-97.3233,33.8792],[-97.3325,33.8843],[-97.3472,33.8451],[-97.3747,33.8186],[-97.4268,33.8186],[-97.4531,33.8285],[-97.4632,33.842],[-97.4515,33.8709],[-97.4509,33.8914],[-97.4614,33.9052],[-97.4877,33.9175],[-97.5009,33.9195],[-97.555,33.8973],[-97.5874,33.9025],[-97.5971,33.9179],[-97.5915,33.9282],[-97.5955,33.9404],[-97.5896,33.9536],[-97.598,33.9552],[-97.6091,33.9681],[-97.6296,33.9792],[-97.6615,33.9908],[-97.6931,33.9837],[-97.7122,33.9516],[-97.7323,33.9365],[-97.7628,33.9344],[-97.7617,33.9156],[-97.7727,33.9144],[-97.7797,33.9197],[-97.7859,33.915],[-97.7808,33.8944],[-97.7853,33.8907],[-97.7924,33.8991],[-97.7989,33.8985],[-97.8054,33.8772],[-97.8176,33.881],[-97.8207,33.8689],[-97.8343,33.8576],[-97.8753,33.8497],[-97.9342,33.8781],[-97.9584,33.8791],[-97.9779,33.8898],[-97.9789,33.4671],[-98.4214,33.4668],[-98.4207,33.3962],[-99.4724,33.399],[-99.4713,32.957],[-99.612,32.957],[-99.6123,32.9037]]]},"properties":{"geoid":"48068","state":"48","district":"68","name":"State House District 68","chamber":"House"}},{"type":"Feature","geometry":{"type":"Polygon","coordinates":[[[-101.0418,33.9629],[-101.0412,33.8336],[-100.5187,33.8357],[-100.5192,32.9629],[-100.6559,32.9635],[-100.6606,32.5253],[-100.1465,32.5228],[-100.1442,32.96],[-99.4713,32.957],[-99.4724,33.399],[-98.4207,33.3962],[-98.4214,33.4668],[-97.9789,33.4671],[-97.9779,33.8899],[-97.9845,33.9007],[-97.9788,33.9125],[-97.9687,33.906],[-97.9572,33.9145],[-97.9534,33.9364],[-97.9712,33.9371],[-97.9742,33.9428],[-97.9604,33.9519],[-97.9457,33.9898],[-97.9583,33.9908],[-97.9742,34.0067],[-97.9909,33.9989],[-98.0277,33.9934],[-98.0882,34.0055],[-98.0824,34.0098],[-98.084,34.0144],[-98.1062,34.0349],[-98.1017,34.0391],[-98.089,34.0338],[-98.0825,34.0394],[-98.1019,34.051],[-98.1202,34.0721],[-98.1194,34.0845],[-98.1002,34.103],[-98.0905,34.1225],[-98.092,34.1319],[-98.1029,34.1326],[-98.1006,34.1435],[-98.1088,34.1538],[-98.1308,34.1505],[-98.1544,34.1227],[-98.1708,34.1142],[-98.2165,34.1218],[-98.2325,34.1346],[-98.2565,34.1295],[-98.2939,34.133],[-98.3254,34.151],[-98.3656,34.157],[-98.3844,34.1463],[-98.3869,34.1389],[-98.3801,34.1308],[-98.3894,34.1332],[-98.3984,34.1285],[-98.3998,34.1],[-98.4114,34.1003],[-98.4097,34.0925],[-98.4144,34.0851],[-98.4401,34.0843],[-98.449,34.0735],[-98.4651,34.0737],[-98.4715,34.0657],[-98.4836,34.0623],[-98.5041,34.0723],[-98.5363,34.1073],[-98.561,34.1239],[-98.5586,34.1283],[-98.5518,34.1271],[-98.5509,34.1326],[-98.5602,34.1332],[-98.5771,34.149],[-98.5998,34.1606],[-98.6167,34.1564],[-98.6481,34.1644],[-98.6901,34.1332],[-98.703,34.1359],[-98.7125,34.1312],[-98.7175,34.1364],[-98.7343,34.1358],[-98.742,34.1255],[-98.757,34.1246],[-98.7656,34.1364],[-98.7884,34.1467],[-98.7962,34.1428],[-98.813,34.1584],[-98.8311,34.1622],[-98.8371,34.1565],[-98.8556,34.1616],[-98.8601,34.1499],[-98.8681,34.1496],[-98.8749,34.1557],[-98.8729,34.1666],[-98.9183,34.1818],[-98.9513,34.2122],[-98.96,34.2133],[-98.9629,34.2038],[-98.9726,34.2026],[-98.9882,34.2213],[-99.0006,34.2177],[-99.0047,34.2141],[-99.0022,34.2094],[-99.013,34.2032],[-99.0361,34.2069],[-99.0445,34.1981],[-99.0794,34.2115],[-99.0889,34.2085],[-99.0962,34.2117],[-99.1082,34.2035],[-99.1266,34.2031],[-99.132,34.2074],[-99.1265,34.2154],[-99.1304,34.2195],[-99.1381,34.2192],[-99.1537,34.2073],[-99.1883,34.2139],[-99.1928,34.2179],[-99.19,34.2298],[-99.1969,34.2444],[-99.1916,34.2585],[-99.1993,34.2608],[-99.1954,34.2808],[-99.2074,34.2835],[-99.2114,34.2922],[-99.2133,34.3107],[-99.2056,34.3192],[-99.2108,34.3368],[-99.2069,34.3383],[-99.2326,34.3389],[-99.228,34.3495],[-99.2341,34.3535],[-99.2365,34.3658],[-99.2464,34.3644],[-99.2479,34.3685],[-99.2429,34.3727],[-99.2489,34.376],[-99.2586,34.3726],[-99.2598,34.3776],[-99.2744,34.3843],[-99.2589,34.3913],[-99.2613,34.4035],[-99.28,34.4007],[-99.2856,34.4124],[-99.2946,34.4154],[-99.3196,34.4089],[-99.3341,34.4275],[-99.3569,34.4421],[-99.3548,34.4518],[-99.359,34.4558],[-99.3783,34.4582],[-99.3952,34.442],[-99.3933,34.4276],[-99.3972,34.4186],[-99.3872,34.4108],[-99.3957,34.3977],[-99.3974,34.3779],[-99.4053,34.3729],[-99.4249,34.3858],[-99.431,34.3711],[-99.4383,34.3712],[-99.4538,34.3887],[-99.4551,34.3813],[-99.4611,34.3807],[-99.4664,34.3959],[-99.4872,34.398],[-99.499,34.4092],[-99.5143,34.414],[-99.5492,34.4127],[-99.5697,34.4184],[-99.5801,34.4167],[-99.5854,34.3889],[-99.6,34.3747],[-99.6242,34.3736],[-99.6465,34.3825],[-99.6627,34.3737],[-99.6783,34.3798],[-99.6945,34.3782],[-99.7127,34.3909],[-99.7203,34.4063],[-99.7542,34.4213],[-99.7672,34.4305],[-99.7656,34.4375],[-99.7937,34.4539],[-99.8143,34.4762],[-99.8218,34.4978],[-99.8531,34.5116],[-99.8887,34.5505],[-99.9303,34.5769],[-99.9538,34.5785],[-99.9716,34.5622],[-99.9975,34.5606],[-99.9977,34.3118],[-101.0415,34.3124],[-101.0418,33.9629]]]},"properties":{"geoid":"48069","state":"48","district":"69","name":"State House District 69","chamber":"House"}},{"type":"Feature","geometry":{"type":"Polygon","coordinates":[[[-96.8441,32.9889],[-96.7281,32.9859],[-96.7262,32.9912],[-96.7319,32.9958],[-96.7288,32.9976],[-96.7321,33.0037],[-96.712,33.0038],[-96.7087,32.9996],[-96.7092,33.0197],[-96.6825,33.018],[-96.682,33.0312],[-96.709,33.0286],[-96.6778,33.1018],[-96.6985,33.1007],[-96.7091,33.0899],[-96.7098,33.0493],[-96.7161,33.0411],[-96.7534,33.0411],[-96.7506,33.0577],[-96.7331,33.0589],[-96.7368,33.0723],[-96.7329,33.1253],[-96.8054,33.0973],[-96.8054,33.0883],[-96.7961,33.077],[-96.7717,33.0798],[-96.7715,33.0991],[-96.767,33.101],[-96.7596,33.101],[-96.7554,33.0927],[-96.7483,33.0939],[-96.7504,33.0718],[-96.772,33.0717],[-96.7677,32.9996],[-96.7903,33.0116],[-96.8436,33.0166],[-96.8441,32.9889]]]},"properties":{"geoid":"48070","state":"48","district":"70","name":"State House District 70","chamber":"House"}},{"type":"Feature","geometry":{"type":"Polygon","coordinates":[[[-100.6653,32.0879],[-100.3251,32.0814],[-99.1187,32.0796],[-99.1143,32.5148],[-99.612,32.5147],[-99.612,32.957],[-100.1442,32.96],[-100.1465,32.5228],[-100.6606,32.5253],[-100.6653,32.0879]]]},"properties":{"geoid":"48071","state":"48","district":"71","name":"State House District 71","chamber":"House"}},{"type":"Feature","geometry":{"type":"Polygon","coordinates":[[[-101.7762,31.0814],[-101.2504,31.0794],[-100.4914,31.0878],[-99.6032,31.0873],[-99.6019,31.492],[-99.5911,31.4886],[-99.5726,31.4937],[-99.5367,31.4834],[-99.5124,31.4245],[-99.4957,31.445],[-99.4799,31.4342],[-99.4777,31.425],[-99.4713,31.4216],[-99.4688,31.4307],[-99.4369,31.446],[-99.4352,31.4494],[-99.446,31.4502],[-99.4498,31.4577],[-99.4495,31.4699],[-99.4416,31.4751],[-99.424,31.4639],[-99.3988,31.4601],[-99.4056,31.4494],[-99.4023,31.4462],[-99.384,31.4438],[-99.3573,31.4309],[-99.3439,31.4433],[-99.3413,31.4316],[-99.3462,31.4219],[-99.3202,31.4152],[-99.3144,31.4098],[-99.3039,31.4213],[-99.3046,31.4307],[-99.2877,31.4293],[-99.2895,31.4434],[-99.2714,31.4469],[-99.2721,31.4552],[-99.2472,31.4797],[-99.2368,31.4828],[-99.2331,31.4779],[-99.2188,31.475],[-99.2095,31.4653],[-99.2028,31.4672],[-99.2036,31.7486],[-99.1959,32.0792],[-101.184,32.0872],[-101.1746,32.5241],[-101.6887,32.5252],[-101.695,32.0875],[-101.7761,32.0869],[-101.7762,31.0814]]]},"properties":{"geoid":"48072","state":"48","district":"72","name":"State House District 72","chamber":"House"}},{"type":"Feature","geometry":{"type":"Polygon","coordinates":[[[-98.6462,29.7441],[-98.6426,29.7402],[-98.6181,29.744],[-98.6141,29.7376],[-98.6007,29.7411],[-98.6047,29.7473],[-98.6011,29.75],[-98.5885,29.7476],[-98.5825,29.7412],[-98.5749,29.7502],[-98.5593,29.7515],[-98.5505,29.7607],[-98.5468,29.7533],[-98.534,29.7524],[-98.5265,29.7404],[-98.5231,29.7453],[-98.477,29.7334],[-98.4663,29.7385],[-98.4594,29.7318],[-98.4458,29.7358],[-98.444,29.7198],[-98.4383,29.7156],[-98.427,29.7174],[-98.4297,29.724],[-98.417,29.7314],[-98.4207,29.7435],[-98.4075,29.7487],[-98.4025,29.7482],[-98.3983,29.7376],[-98.3741,29.731],[-98.3751,29.7199],[-98.3526,29.7344],[-98.3386,29.7218],[-98.3413,29.7096],[-98.3546,29.7039],[-98.3802,29.7039],[-98.3763,29.6871],[-98.3843,29.6764],[-98.3785,29.6627],[-98.3638,29.6667],[-98.3566,29.6586],[-98.3429,29.6537],[-98.3477,29.6448],[-98.3405,29.6296],[-98.3453,29.6183],[-98.3286,29.6104],[-98.3255,29.6034],[-98.3125,29.602],[-98.3109,29.5945],[-98.0893,29.6839],[-97.9993,29.7524],[-98.0305,29.8485],[-98.1213,29.9128],[-98.1215,29.9175],[-98.0822,29.9038],[-98.0441,29.9174],[-98.0278,29.9144],[-98.0251,29.9208],[-98.0084,29.9248],[-98.0062,29.9331],[-98.0003,29.9254],[-97.9906,29.9292],[-97.9911,29.9188],[-97.9827,29.9227],[-97.973,29.9189],[-97.9671,29.9262],[-98.0107,29.9647],[-98.0107,29.9724],[-98.0295,29.9722],[-98.0074,29.9879],[-98.0054,29.9992],[-98.0002,29.9969],[-98.0082,30.0101],[-98.0104,30.0436],[-98.0155,30.0467],[-97.9886,30.0474],[-97.9899,30.0602],[-98.0148,30.0864],[-98.0217,30.1098],[-98.0314,30.121],[-98.0323,30.1458],[-98.0481,30.1435],[-98.0516,30.1492],[-98.0088,30.1535],[-98.0084,30.1669],[-97.9974,30.1968],[-97.9693,30.2107],[-98.173,30.3563],[-98.2976,30.038],[-98.6462,29.7441]]]},"properties":{"geoid":"48073","state":"48","district":"73","name":"State House District 73","chamber":"House"}},{"type":"Feature","geometry":{"type":"Polygon","coordinates":[[[-106.3885,31.8991],[-106.3585,31.8964],[-106.3217,31.8359],[-106.2697,31.8176],[-106.2687,31.8065],[-106.3025,31.8021],[-106.3024,31.7981],[-106.2852,31.798],[-106.2851,31.7915],[-106.2676,31.7924],[-106.2669,31.763],[-106.2121,31.8138],[-106.0646,31.8335],[-106.065,31.8629],[-106.0481,31.8742],[-106.0481,31.8846],[-106.0547,31.8846],[-106.0532,31.9355],[-105.9971,31.9334],[-105.9933,31.4784],[-105.9593,31.4784],[-105.9585,31.4235],[-105.9543,31.4235],[-105.9972,31.3872],[-105.9705,31.3662],[-105.9535,31.3645],[-105.9456,31.3522],[-105.9478,31.3395],[-105.9329,31.3134],[-105.908,31.3126],[-105.8945,31.2909],[-105.8694,31.289],[-105.7944,31.2024],[-105.7831,31.198],[-105.7726,31.1664],[-105.7423,31.1648],[-105.7194,31.149],[-105.7106,31.137],[-105.6487,31.1159],[-105.6418,31.0983],[-105.6271,31.0984],[-105.6044,31.0837],[-105.5957,31.0649],[-105.5851,31.0573],[-105.5812,31.0267],[-105.5692,31.0161],[-105.5701,31.0081],[-105.5579,30.9904],[-105.5326,30.9847],[-105.5158,30.9649],[-105.502,30.9678],[-105.4939,30.9563],[-105.4988,30.9503],[-105.4881,30.9437],[-105.4917,30.9424],[-105.4709,30.9338],[-105.4668,30.9242],[-105.4516,30.9248],[-105.4532,30.9161],[-105.4464,30.9193],[-105.4414,30.9086],[-105.4137,30.8995],[-105.4122,30.8886],[-105.4003,30.8895],[-105.3991,30.8843],[-105.4043,30.8796],[-105.3913,30.8738],[-105.3998,30.8521],[-105.3946,30.849],[-105.3873,30.8537],[-105.3702,30.8475],[-105.3616,30.8505],[-105.3519,30.8356],[-105.3392,30.8404],[-105.3371,30.8334],[-105.328,30.8313],[-105.3295,30.825],[-105.3186,30.8283],[-105.3167,30.8108],[-105.3095,30.817],[-105.3061,30.8098],[-105.3001,30.8248],[-105.2918,30.8262],[-105.2758,30.807],[-105.2668,30.8085],[-105.2572,30.7944],[-105.2382,30.8037],[-105.23,30.8038],[-105.2274,30.7992],[-105.215,30.8059],[-105.2096,30.7976],[-105.22,30.7889],[-105.2167,30.7834],[-105.2091,30.7827],[-105.1952,30.7923],[-105.1766,30.768],[-105.1671,30.7766],[-105.1562,30.7698],[-105.1614,30.7521],[-105.1438,30.7552],[-105.1277,30.7478],[-105.1183,30.7497],[-105.1204,30.7439],[-105.1109,30.7436],[-105.1118,30.7333],[-105.1034,30.7291],[-105.1055,30.7238],[-105.0982,30.7165],[-105.0876,30.7155],[-105.0875,30.7099],[-105.0802,30.7077],[-105.0809,30.6998],[-105.0682,30.7037],[-105.0626,30.6985],[-105.0618,30.6858],[-105.0567,30.6879],[-105.0553,30.6822],[-105.0458,30.6799],[-105.0472,30.6881],[-105.0408,30.6889],[-105.0273,30.6789],[-105.0066,30.6861],[-105.0015,30.6727],[-104.9861,30.6628],[-104.9839,30.635],[-104.9717,30.61],[-104.955,30.6094],[-104.9508,30.6041],[-104.931,30.5991],[-104.9265,30.6052],[-104.9227,30.6037],[-104.9199,30.5873],[-104.9096,30.5851],[-104.8988,30.5705],[-104.8979,30.5545],[-104.8877,30.5467],[-104.8893,30.5354],[-104.8806,30.5289],[-104.8814,30.524],[-104.8859,30.5245],[-104.881,30.521],[-104.8857,30.5183],[-104.872,30.5111],[-104.8739,30.4953],[-104.8666,30.4945],[-104.8717,30.4803],[-104.8659,30.4669],[-104.8696,30.4592],[-104.8644,30.4505],[-104.868,30.4414],[-104.8583,30.4376],[-104.8613,30.4261],[-104.8478,30.4198],[-104.8477,30.4138],[-104.8572,30.4089],[-104.8543,30.4004],[-104.8593,30.3903],[-104.8374,30.3738],[-104.8164,30.3752],[-104.8197,30.3687],[-104.8114,30.3667],[-104.811,30.3625],[-104.8141,30.3537],[-104.8226,30.3506],[-104.81,30.3415],[-104.8116,30.3328],[-104.7914,30.3255],[-104.7885,30.3179],[-104.7768,30.3103],[-104.7793,30.3033],[-104.7667,30.306],[-104.7581,30.2864],[-104.7632,30.2748],[-104.7585,30.2714],[-104.7486,30.2744],[-104.7507,30.2622],[-104.7366,30.2559],[-104.7375,30.2613],[-104.7337,30.2614],[-104.7063,30.2348],[-104.7113,30.2231],[-104.7025,30.2128],[-104.7051,30.2084],[-104.6863,30.1733],[-104.6901,30.1492],[-104.6853,30.1447],[-104.6967,30.1345],[-104.6951,30.1178],[-104.6855,30.11],[-104.6871,30.1059],[-104.6917,30.1087],[-104.6944,30.102],[-104.689,30.0953],[-104.6851,30.0998],[-104.6899,30.0893],[-104.685,30.0853],[-104.6908,30.078],[-104.688,30.0738],[-104.7037,30.0642],[-104.7073,30.0499],[-104.6957,30.0377],[-104.7009,30.0356],[-104.7038,30.0234],[-104.6895,30.0151],[-104.6941,30.0025],[-104.6888,30.0022],[-104.6875,29.9957],[-104.6932,29.9935],[-104.6857,29.9871],[-104.6931,29.9755],[-104.6802,29.977],[-104.6855,29.9708],[-104.6819,29.9691],[-104.6853,29.9567],[-104.6732,29.955],[-104.6807,29.9473],[-104.6778,29.9404],[-104.6823,29.9397],[-104.6793,29.9329],[-104.6833,29.9291],[-104.6785,29.9266],[-104.6772,29.913],[-104.6656,29.9089],[-104.6656,29.9017],[-104.6551,29.9054],[-104.6583,29.8908],[-104.6517,29.8924],[-104.6461,29.8785],[-104.6334,29.8708],[-104.6293,29.8522],[-104.6216,29.8496],[-104.6248,29.8428],[-104.6154,29.8466],[-104.6094,29.8398],[-104.6196,29.8302],[-104.6085,29.8279],[-104.6101,29.8194],[-104.6012,29.8162],[-104.5949,29.8053],[-104.5913,29.8098],[-104.586,29.802],[-104.5909,29.7981],[-104.5815,29.7951],[-104.5789,29.7828],[-104.5659,29.7715],[-104.5685,29.7662],[-104.5639,29.7613],[-104.5699,29.7526],[-104.5498,29.7409],[-104.5604,29.7352],[-104.5493,29.7306],[-104.5523,29.7173],[-104.5449,29.7161],[-104.5438,29.6963],[-104.5302,29.6905],[-104.5441,29.6815],[-104.5357,29.674],[-104.5363,29.6673],[-104.5309,29.6708],[-104.5254,29.6678],[-104.5176,29.6474],[-104.5099,29.6442],[-104.5159,29.641],[-104.5082,29.6325],[-104.498,29.6397],[-104.4861,29.6287],[-104.4769,29.6285],[-104.4734,29.6179],[-104.4655,29.6184],[-104.4665,29.6092],[-104.4564,29.6087],[-104.3982,29.5713],[-104.3943,29.5552],[-104.3805,29.5426],[-104.3704,29.5431],[-104.3362,29.5193],[-104.3215,29.5219],[-104.3209,29.5295],[-104.3155,29.5328],[-104.3115,29.5232],[-104.2968,29.5241],[-104.2919,29.5195],[-104.2622,29.5135],[-104.2607,29.5067],[-104.2371,29.4976],[-104.2307,29.4787],[-104.2155,29.4848],[-104.21,29.4822],[-104.2175,29.4561],[-104.1941,29.4417],[-104.1929,29.4353],[-104.1811,29.4265],[-104.1839,29.4172],[-104.1648,29.4015],[-104.1674,29.3947],[-104.1604,29.3898],[-104.1552,29.3946],[-104.1484,29.3851],[-104.1433,29.3883],[-104.1412,29.3778],[-104.1349,29.3842],[-104.1294,29.3786],[-104.1229,29.3803],[-104.1213,29.3714],[-104.1066,29.3733],[-104.0823,29.3461],[-104.0735,29.3466],[-104.0561,29.3377],[-104.0552,29.3304],[-104.0375,29.3197],[-103.9758,29.2962],[-103.9676,29.3],[-103.937,29.2927],[-103.9257,29.2944],[-103.9183,29.2898],[-103.9189,29.2848],[-103.8993,29.2874],[-103.8894,29.2788],[-103.8801,29.2851],[-103.8632,29.2792],[-103.8543,29.2815],[-103.8376,29.2783],[-103.8355,29.2727],[-103.8262,29.2692],[-103.8135,29.274],[-103.8076,29.2702],[-103.8064,29.2611],[-103.7994,29.2584],[-103.7836,29.2653],[-103.7751,29.248],[-103.7817,29.2413],[-103.782,29.2273],[-103.7771,29.2205],[-103.7697,29.2202],[-103.7684,29.2276],[-103.7585,29.2329],[-103.7543,29.2269],[-103.7574,29.2207],[-103.7422,29.2217],[-103.7425,29.209],[-103.7186,29.1808],[-103.7052,29.185],[-103.6982,29.1775],[-103.6596,29.1706],[-103.6506,29.1565],[-103.6122,29.1654],[-103.5922,29.1501],[-103.5537,29.158],[-103.5502,29.1436],[-103.5398,29.1462],[-103.5248,29.1371],[-103.5239,29.1212],[-103.5004,29.1162],[-103.4988,29.1085],[-103.4699,29.0853],[-103.4714,29.0667],[-103.4597,29.067],[-103.4617,29.0726],[-103.4499,29.0727],[-103.4497,29.0651],[-103.4342,29.0573],[-103.4289,29.0495],[-103.4321,29.0434],[-103.419,29.0423],[-103.4154,29.0379],[-103.4051,29.0396],[-103.4011,29.0311],[-103.3886,29.034],[-103.3865,29.0216],[-103.3746,29.0237],[-103.3596,29.0186],[-103.3535,29.0229],[-103.3443,29.046],[-103.3306,29.0432],[-103.3272,29.0327],[-103.342,29.0284],[-103.3388,29.0203],[-103.3264,29.0163],[-103.3143,29.0261],[-103.3077,29.0245],[-103.3162,29.0107],[-103.3087,29.0034],[-103.3017,29.0084],[-103.2869,29.0013],[-103.2816,28.9877],[-103.287,28.9782],[-103.2793,28.977],[-103.2666,28.9961],[-103.2504,28.9804],[-103.2376,28.9819],[-103.2279,28.9919],[-103.2198,28.9833],[-103.2148,28.9877],[-103.2024,28.9872],[-103.1763,28.9778],[-103.1703,28.9804],[-103.1641,28.9723],[-103.1539,28.9716],[-103.136,28.9834],[-103.1142,28.9866],[-103.1172,29.0005],[-103.0978,29.027],[-103.1065,29.0382],[-103.1006,29.0603],[-103.0924,29.0647],[-103.0905,29.0541],[-103.0859,29.0537],[-103.0874,29.0671],[-103.077,29.076],[-103.0802,29.0874],[-103.0758,29.0915],[-103.0642,29.0915],[-103.0542,29.1008],[-103.0454,29.0954],[-103.0339,29.101],[-103.0321,29.1068],[-103.037,29.1129],[-103.0276,29.116],[-103.0205,29.1256],[-103.0121,29.1262],[-103.0157,29.134],[-103.0088,29.1376],[-103.0081,29.1484],[-102.9963,29.1602],[-102.9956,29.1793],[-102.9755,29.1863],[-102.9509,29.1736],[-102.9434,29.1914],[-102.9383,29.1882],[-102.9325,29.1947],[-102.9178,29.1909],[-102.9123,29.2194],[-102.8951,29.2085],[-102.8788,29.2136],[-102.8675,29.2239],[-102.8717,29.2418],[-102.8878,29.2458],[-102.9064,29.2601],[-102.8993,29.2691],[-102.903,29.2792],[-102.8882,29.2934],[-102.893,29.3089],[-102.8873,29.3116],[-102.8799,29.3391],[-102.8844,29.3479],[-102.8775,29.3549],[-102.8621,29.3513],[-102.8394,29.3589],[-102.8453,29.3647],[-102.845,29.3744],[-102.834,29.3791],[-102.8256,29.3969],[-102.8124,29.4005],[-102.8259,29.4025],[-102.8334,29.4105],[-102.8269,29.4177],[-102.8325,29.4324],[-102.831,29.4443],[-102.8195,29.4507],[-102.8256,29.4579],[-102.814,29.4714],[-102.8143,29.4824],[-102.8007,29.4862],[-102.8073,29.4943],[-102.8043,29.5012],[-102.8083,29.5229],[-102.792,29.533],[-102.7915,29.5428],[-102.7803,29.5425],[-102.7712,29.5484],[-102.7778,29.561],[-102.7739,29.5731],[-102.7662,29.5722],[-102.7623,29.5798],[-102.7683,29.5952],[-102.7603,29.5986],[-102.7463,29.5926],[-102.7405,29.5975],[-102.7419,29.6332],[-102.7366,29.6418],[-102.7259,29.6432],[-102.7257,29.6514],[-102.6936,29.6767],[-102.6997,29.6863],[-102.697,29.6988],[-102.689,29.705],[-102.6914,29.7214],[-102.6818,29.7281],[-102.674,29.7446],[-102.6684,29.7459],[-102.6671,29.7391],[-102.6602,29.7356],[-102.6304,29.7342],[-102.6228,29.7363],[-102.6124,29.7483],[-102.5892,29.7491],[-102.5738,29.7549],[-102.5741,29.7674],[-102.5677,29.7715],[-102.548,29.7446],[-102.5135,29.7654],[-102.5107,29.7739],[-102.5184,29.7787],[-102.5176,29.7836],[-102.498,29.7814],[-102.4873,29.7866],[-102.4807,29.7761],[-102.472,29.7764],[-102.4655,29.7834],[-102.4577,29.7746],[-102.4474,29.7775],[-102.4393,29.7733],[-102.4337,29.7769],[-102.409,29.7645],[-102.3948,29.7692],[-102.3872,29.7614],[-102.385,29.7717],[-102.39,29.7819],[-102.3772,29.7899],[-102.3775,29.8],[-102.3629,29.8315],[-102.3646,29.8453],[-102.3523,29.8528],[-102.3497,29.8626],[-102.3409,29.8694],[-102.3333,29.8681],[-102.3319,29.8628],[-102.3235,29.8639],[-102.3243,29.8737],[-102.3159,29.88],[-102.2869,29.8712],[-102.2809,29.8628],[-102.2648,29.8675],[-102.2615,29.8532],[-102.2532,29.8531],[-102.2465,29.8641],[-102.2449,29.8489],[-102.2318,29.8483],[-102.2235,29.8405],[-102.2099,29.8444],[-102.1961,29.8366],[-102.187,29.8487],[-102.1785,29.8395],[-102.18,29.8264],[-102.1664,29.8254],[-102.1598,29.8147],[-102.1436,29.8033],[-102.1289,29.7985],[-102.1198,29.8025],[-102.1157,29.7923],[-102.0844,29.7951],[-102.0726,29.7865],[-102.0497,29.7853],[-102.0386,29.7916],[-102.0412,29.7991],[-102.0358,29.8041],[-102.0152,29.7975],[-101.997,29.8061],[-101.9873,29.7968],[-101.9816,29.815],[-101.9763,29.816],[-101.9667,29.8127],[-101.9634,29.8001],[-101.9575,29.7958],[-101.9459,29.8018],[-101.9356,29.7996],[-101.9335,29.7852],[-101.9293,29.7826],[-101.9116,29.798],[-101.8758,29.7938],[-101.8527,29.8078],[-101.8376,29.7934],[-101.8237,29.7874],[-101.8187,29.7915],[-101.8256,29.8071],[-101.8178,29.8116],[-101.8036,29.8034],[-101.814,29.7923],[-101.8051,29.7804],[-101.7885,29.7793],[-101.7849,29.7886],[-101.7738,29.7887],[-101.7539,29.7773],[-101.7413,29.7783],[-101.7334,29.7712],[-101.7197,29.7757],[-101.7089,29.7616],[-101.6896,29.771],[-101.6778,29.7603],[-101.6706,29.7689],[-101.6617,29.7709],[-101.6446,29.7542],[-101.6355,29.7584],[-101.6269,29.7708],[-101.6037,29.7744],[-101.5758,29.7693],[-101.5722,29.7733],[-101.5741,29.7882],[-101.5677,29.7987],[-101.5448,29.8119],[-101.535,29.7977],[-101.5394,29.7664],[-101.536,29.759],[-101.5032,29.7646],[-101.4763,29.7855],[-101.4583,29.7892],[-101.4528,29.7838],[-101.4552,29.7719],[-101.4489,29.7507],[-101.4381,29.7509],[-101.408,29.7713],[-101.3997,29.769],[-101.4002,29.7601],[-101.4146,29.7524],[-101.4156,29.7465],[-101.397,29.734],[-101.3969,29.7139],[-101.3728,29.6994],[-101.3727,29.6781],[-101.3613,29.6501],[-101.3571,29.6493],[-101.3479,29.6622],[-101.3141,29.6591],[-101.3036,29.6523],[-101.3,29.6407],[-101.3134,29.6023],[-101.312,29.5861],[-101.3055,29.5779],[-101.291,29.5715],[-101.2779,29.5908],[-101.2805,29.6152],[-101.2691,29.6301],[-101.2504,29.6242],[-101.2473,29.6185],[-101.2523,29.6042],[-101.241,29.565],[-101.2612,29.5368],[-101.2549,29.5203],[-101.2353,29.5249],[-101.1738,29.5146],[-101.1717,29.504],[-101.1468,29.4742],[-101.13,29.4784],[-101.1153,29.4685],[-101.0871,29.4694],[-101.0602,29.4587],[-101.057,29.4408],[-101.0434,29.4299],[-101.0366,29.4061],[-101.0193,29.3909],[-101.01,29.3683],[-100.9643,29.3473],[-100.949,29.3472],[-100.9406,29.3331],[-100.9195,29.3253],[-100.9047,29.3121],[-100.8868,29.3078],[-100.8781,29.2809],[-100.8558,29.2755],[-100.834,29.2614],[-100.8151,29.2639],[-100.8163,29.2539],[-100.7976,29.2468],[-100.7957,29.2277],[-100.7855,29.2281],[-100.7746,29.2106],[-100.7763,29.2009],[-100.7671,29.1953],[-100.766,29.1858],[-100.7759,29.1733],[-100.7726,29.1684],[-100.7637,29.1648],[-100.7597,29.1571],[-100.7397,29.1505],[-100.7378,29.1391],[-100.7275,29.1291],[-100.6845,29.1107],[-100.6726,29.096],[-100.664,29.0742],[-100.6602,29.0315],[-100.646,28.988],[-100.6515,28.9434],[-100.6297,28.9211],[-100.6406,28.9142],[-100.6316,28.9028],[-100.6224,28.9098],[-100.6142,28.9017],[-100.6011,28.9013],[-100.603,28.8872],[-100.5895,28.8864],[-100.5989,28.8756],[-100.5908,28.8727],[-100.591,28.8631],[-100.5729,28.8482],[-100.5747,28.8288],[-100.5473,28.8258],[-100.5452,28.8121],[-100.5354,28.8052],[-100.5324,28.7911],[-100.5378,28.7808],[-100.53,28.7704],[-100.5334,28.7592],[-100.5192,28.7562],[-100.5152,28.7429],[-100.5076,28.7406],[-100.5067,28.7167],[-100.512,28.7054],[-100.5004,28.662],[-100.4796,28.6552],[-100.4745,28.6471],[-100.4629,28.6414],[-100.4471,28.6422],[-100.4473,28.6093],[-100.4336,28.6061],[-100.4299,28.5964],[-100.3985,28.5852],[-100.3973,28.5756],[-100.4113,28.5507],[-100.3883,28.5149],[-100.3338,28.4993],[-100.3442,28.4862],[-100.3683,28.4772],[-100.3378,28.443],[-100.3371,28.4272],[-100.3496,28.4026],[-100.3444,28.3897],[-100.2865,28.3123],[-100.2935,28.2785],[-100.2516,28.2362],[-100.2203,28.2322],[-100.2122,28.1968],[-100.1137,28.1978],[-100.1121,29.6233],[-100.6999,29.6239],[-100.7004,30.2883],[-101.7584,30.288],[-101.7445,30.3013],[-101.7371,30.3269],[-101.7154,30.3398],[-101.6944,30.3468],[-101.6728,30.3395],[-101.6589,30.3426],[-101.6585,30.3579],[-101.6844,30.3688],[-101.6976,30.3808],[-101.6945,30.3933],[-101.7003,30.4013],[-101.7287,30.4083],[-101.7406,30.4217],[-101.7201,30.4428],[-101.7189,30.4548],[-101.7318,30.46],[-101.7318,30.4676],[-101.7219,30.471],[-101.7021,30.4574],[-101.6889,30.4676],[-101.6918,30.4914],[-101.6751,30.502],[-101.6797,30.5225],[-101.6676,30.528],[-101.6465,30.5511],[-101.6485,30.567],[-101.6635,30.5889],[-101.6582,30.5963],[-101.66,30.613],[-101.6525,30.6196],[-101.6542,30.623],[-101.6662,30.6287],[-101.6698,30.6379],[-101.6892,30.6389],[-101.6928,30.6458],[-101.7032,30.646],[-101.7116,30.6547],[-101.7227,30.6497],[-101.7365,30.6541],[-101.7516,30.6495],[-101.7607,30.6583],[-101.7684,30.6529],[-102.1378,30.656],[-102.1384,30.5975],[-102.343,30.5988],[-102.3431,30.2841],[-102.5669,30.2833],[-102.567,30.0528],[-103.5851,30.7665],[-103.011,31.3713],[-103.0106,31.3773],[-103.0355,31.3782],[-103.0578,31.3853],[-103.0664,31.3776],[-103.066,31.3658],[-103.0999,31.3653],[-103.107,31.361],[-103.128,31.3674],[-103.1302,31.3639],[-103.1425,31.3654],[-103.1586,31.3723],[-103.1937,31.3717],[-103.2126,31.3819],[-103.2449,31.3894],[-103.2578,31.4073],[-103.2597,31.4139],[-103.2552,31.4203],[-103.2617,31.4276],[-103.2747,31.4237],[-103.278,31.4145],[-103.2865,31.4209],[-103.3029,31.4212],[-103.33,31.4119],[-103.3492,31.4235],[-103.3583,31.4151],[-103.3618,31.419],[-103.3684,31.4139],[-103.3715,31.4164],[-103.3682,31.4182],[-103.381,31.4169],[-103.399,31.4339],[-103.4177,31.4261],[-103.4424,31.4338],[-103.4462,31.4243],[-103.4621,31.4297],[-103.4891,31.456],[-103.4889,31.469],[-103.4838,31.469],[-103.4809,31.4752],[-103.4951,31.4886],[-103.4957,31.4992],[-103.5038,31.5063],[-103.504,31.5151],[-103.4957,31.5217],[-103.5028,31.528],[-103.4975,31.5318],[-103.4953,31.5495],[-103.5056,31.5611],[-103.5025,31.5636],[-103.5087,31.5647],[-103.5073,31.5694],[-103.5118,31.5672],[-103.5152,31.5792],[-103.5137,31.5829],[-103.5102,31.5796],[-103.511,31.5861],[-103.5072,31.5875],[-103.5115,31.5897],[-103.5057,31.5902],[-103.5085,31.5926],[-103.5042,31.5966],[-103.5143,31.6132],[-103.5101,31.6145],[-103.5133,31.6234],[-103.5094,31.6259],[-103.5175,31.6252],[-103.5166,31.6286],[-103.5302,31.6325],[-103.5262,31.6344],[-103.5308,31.636],[-103.5314,31.6425],[-103.5516,31.6448],[-103.5622,31.6329],[-103.5728,31.6323],[-103.5875,31.638],[-103.5918,31.6448],[-103.5965,31.6427],[-103.5947,31.6461],[-103.6012,31.6501],[-103.6048,31.648],[-103.6115,31.6544],[-103.6162,31.6508],[-103.6214,31.6594],[-103.6192,31.6644],[-103.6323,31.6733],[-103.6354,31.6841],[-103.6356,31.6903],[-103.6208,31.6891],[-103.6257,31.705],[-103.6691,31.7153],[-103.6912,31.7476],[-103.7237,31.7455],[-103.7222,31.7397],[-103.7457,31.7388],[-103.7461,31.744],[-103.7516,31.7405],[-103.7583,31.7448],[-103.757,31.7514],[-103.7631,31.7491],[-103.7609,31.7532],[-103.7665,31.754],[-103.7661,31.7608],[-103.7709,31.7576],[-103.7705,31.7625],[-103.7817,31.7643],[-103.778,31.7687],[-103.7831,31.7747],[-103.7895,31.772],[-103.7913,31.7755],[-103.7972,31.7702],[-103.8095,31.7943],[-103.8084,31.8268],[-103.8213,31.8373],[-103.8131,31.8463],[-103.8127,31.854],[-103.8286,31.8623],[-103.8294,31.888],[-103.8385,31.8897],[-103.8482,31.8818],[-103.8575,31.8822],[-103.8644,31.8744],[-103.8719,31.8741],[-103.8766,31.8652],[-103.8832,31.8663],[-103.8815,31.8911],[-103.9122,31.9024],[-103.9188,31.9187],[-103.9157,31.9309],[-103.9224,31.9425],[-103.9336,31.9477],[-103.9409,31.9445],[-103.9486,31.9545],[-103.9411,31.9614],[-103.9481,31.9705],[-103.9501,31.9868],[-103.9763,31.98],[-103.9841,31.9934],[-103.9802,32.0001],[-104.7721,31.9975],[-106.3234,32.0016],[-106.3885,31.8991]]]},"properties":{"geoid":"48074","state":"48","district":"74","name":"State House District 74","chamber":"House"}},{"type":"Feature","geometry":{"type":"Polygon","coordinates":[[[-106.338,31.6712],[-106.3034,31.6222],[-106.3024,31.6099],[-106.2891,31.5878],[-106.2809,31.5623],[-106.2465,31.5416],[-106.2372,31.5137],[-106.2243,31.5],[-106.2185,31.4793],[-106.205,31.465],[-106.1751,31.4553],[-106.1574,31.4377],[-106.1325,31.425],[-106.1078,31.4224],[-106.0792,31.3982],[-106.0055,31.3927],[-105.9972,31.3872],[-105.9543,31.4235],[-105.9585,31.4235],[-105.9593,31.4784],[-105.9933,31.4784],[-105.9971,31.9334],[-106.0532,31.9355],[-106.0547,31.8846],[-106.0481,31.8846],[-106.0481,31.8742],[-106.065,31.8629],[-106.0646,31.8335],[-106.2121,31.8138],[-106.2672,31.7623],[-106.2674,31.7213],[-106.2981,31.6865],[-106.2899,31.6783],[-106.2995,31.665],[-106.3066,31.6628],[-106.3205,31.6846],[-106.3284,31.6894],[-106.338,31.6712]]]},"properties":{"geoid":"48075","state":"48","district":"75","name":"State House District 75","chamber":"House"}},{"type":"Feature","geometry":{"type":"Polygon","coordinates":[[[-95.7755,29.7006],[-95.7673,29.6846],[-95.7424,29.6848],[-95.7418,29.6646],[-95.715,29.6651],[-95.7157,29.5811],[-95.7084,29.5739],[-95.7,29.5746],[-95.6979,29.564],[-95.6896,29.5629],[-95.6796,29.5776],[-95.6771,29.5879],[-95.6841,29.6017],[-95.6739,29.6033],[-95.674,29.6202],[-95.6638,29.618],[-95.6628,29.6341],[-95.6515,29.6344],[-95.6491,29.6134],[-95.6338,29.6201],[-95.6265,29.6091],[-95.6174,29.6097],[-95.6225,29.5986],[-95.5813,29.5823],[-95.5826,29.6274],[-95.5903,29.631],[-95.5714,29.6487],[-95.6827,29.7081],[-95.7755,29.7006]]]},"properties":{"geoid":"48076","state":"48","district":"76","name":"State House District 76","chamber":"House"}},{"type":"Feature","geometry":{"type":"Polygon","coordinates":[[[-106.557,31.8248],[-106.5448,31.8103],[-106.5442,31.8035],[-106.5273,31.7899],[-106.5285,31.7814],[-106.5136,31.7707],[-106.5102,31.7613],[-106.4902,31.7487],[-106.4735,31.7503],[-106.4669,31.7596],[-106.4506,31.7642],[-106.3806,31.7316],[-106.3723,31.7124],[-106.3491,31.696],[-106.338,31.6712],[-106.3284,31.6894],[-106.3044,31.6618],[-106.2899,31.6783],[-106.2981,31.6865],[-106.2841,31.7014],[-106.3263,31.7409],[-106.4,31.782],[-106.4422,31.7776],[-106.4408,31.8156],[-106.4203,31.8489],[-106.4398,31.8485],[-106.4441,31.8563],[-106.4542,31.8561],[-106.4574,31.8385],[-106.4544,31.8273],[-106.4655,31.8218],[-106.4754,31.8241],[-106.478,31.836],[-106.4937,31.8507],[-106.4985,31.8416],[-106.494,31.8342],[-106.5258,31.8271],[-106.5506,31.8356],[-106.557,31.8248]]]},"properties":{"geoid":"48077","state":"48","district":"77","name":"State House District 77","chamber":"House"}},{"type":"Feature","geometry":{"type":"Polygon","coordinates":[[[-106.6456,31.8964],[-106.6292,31.8837],[-106.6359,31.8662],[-106.6148,31.8464],[-106.6017,31.8444],[-106.6053,31.8277],[-106.5881,31.8221],[-106.5772,31.8104],[-106.5665,31.8134],[-106.5465,31.8066],[-106.5448,31.8103],[-106.557,31.8244],[-106.5506,31.8356],[-106.5258,31.8271],[-106.5187,31.8312],[-106.5089,31.8296],[-106.494,31.8342],[-106.4985,31.8416],[-106.4937,31.8507],[-106.478,31.836],[-106.4741,31.823],[-106.4564,31.8253],[-106.4542,31.8561],[-106.4441,31.8563],[-106.4398,31.8485],[-106.4203,31.8489],[-106.4061,31.8712],[-106.409,32.0014],[-106.6185,32.0005],[-106.6194,31.9947],[-106.6395,31.9803],[-106.6301,31.9713],[-106.6196,31.9716],[-106.6251,31.9545],[-106.6144,31.956],[-106.6143,31.9516],[-106.6237,31.9455],[-106.6225,31.9349],[-106.6297,31.9266],[-106.6129,31.9204],[-106.6401,31.9053],[-106.6456,31.8964]]]},"properties":{"geoid":"48078","state":"48","district":"78","name":"State House District 78","chamber":"House"}},{"type":"Feature","geometry":{"type":"Polygon","coordinates":[[[-106.4423,31.8062],[-106.4422,31.7776],[-106.4013,31.7823],[-106.3725,31.7694],[-106.3255,31.7403],[-106.2841,31.7014],[-106.2686,31.7186],[-106.2676,31.7924],[-106.2851,31.7915],[-106.2852,31.798],[-106.3024,31.7981],[-106.3025,31.8021],[-106.2687,31.8065],[-106.2693,31.8171],[-106.3217,31.8359],[-106.3585,31.8964],[-106.3886,31.8989],[-106.3234,32.0016],[-106.409,32.0014],[-106.4061,31.8712],[-106.4395,31.819],[-106.4423,31.8062]]]},"properties":{"geoid":"48079","state":"48","district":"79","name":"State House District 79","chamber":"House"}},{"type":"Feature","geometry":{"type":"Polygon","coordinates":[[[-100.2122,28.1968],[-100.2081,28.1904],[-100.1952,28.1899],[-100.1776,28.1816],[-100.1666,28.1706],[-100.1411,28.1681],[-100.1196,28.1556],[-100.0834,28.144],[-100.0755,28.1249],[-100.0565,28.1042],[-100.0531,28.0847],[-100.0179,28.0648],[-100.0086,28.024],[-99.9914,27.9946],[-99.9628,27.9835],[-99.9318,27.981],[-99.9385,27.9541],[-99.9371,27.9405],[-99.9266,27.9357],[-99.926,27.9275],[-99.9175,27.918],[-99.9001,27.9121],[-99.8935,27.8992],[-99.9044,27.8753],[-99.9015,27.8642],[-99.8772,27.8422],[-99.8738,27.813],[-99.8768,27.7978],[-99.8509,27.794],[-99.8388,27.7642],[-99.826,27.7643],[-99.8191,27.776],[-99.8131,27.774],[-99.7963,27.7356],[-99.7888,27.7307],[-99.7707,27.7321],[-99.7455,27.7],[-99.7485,27.7033],[-99.7388,27.7078],[-99.7437,27.7079],[-99.7453,27.7137],[-99.7354,27.7173],[-99.7494,27.7433],[-99.7284,27.7099],[-99.7068,27.7182],[-99.6939,27.7324],[-99.5047,27.8001],[-99.4821,27.8143],[-99.4413,27.828],[-99.4112,27.8289],[-99.4004,27.8699],[-99.3911,27.8724],[-99.3665,27.8979],[-99.2589,27.8543],[-99.2391,27.8532],[-99.2231,27.8654],[-99.1502,27.8642],[-99.1219,27.8781],[-99.1076,27.8754],[-99.1194,27.8703],[-99.1176,27.8672],[-99.1258,27.8629],[-99.1283,27.8548],[-99.1432,27.8454],[-99.1425,27.8395],[-99.1728,27.8243],[-99.1708,27.8159],[-99.189,27.8087],[-99.1904,27.796],[-99.2119,27.779],[-99.2042,27.7731],[-99.2008,27.7505],[-99.2133,27.7174],[-99.2312,27.699],[-99.2938,27.6472],[-99.3224,27.6354],[-99.364,27.6268],[-99.3696,27.6162],[-99.4016,27.6054],[-99.3847,27.5937],[-99.3747,27.5974],[-99.3206,27.5812],[-99.3959,27.5599],[-99.427,27.5324],[-99.4569,27.532],[-99.4453,27.5282],[-99.4477,27.4972],[-99.4372,27.4953],[-99.4389,27.4889],[-99.4445,27.4888],[-99.4408,27.4824],[-99.4485,27.4703],[-99.4623,27.4736],[-99.4625,27.4948],[-99.4743,27.4966],[-99.4789,27.4893],[-99.4804,27.5038],[-99.5027,27.5097],[-99.5028,27.5004],[-99.4858,27.4932],[-99.4794,27.4816],[-99.4951,27.4515],[-99.4875,27.4124],[-99.4921,27.3805],[-99.5078,27.3542],[-99.5048,27.3383],[-99.538,27.317],[-99.5285,27.3054],[-99.501,27.306],[-99.492,27.3007],[-99.4876,27.2896],[-99.4967,27.2724],[-99.4879,27.2607],[-99.4633,27.2684],[-99.4538,27.2651],[-99.3706,27.3192],[-99.3336,27.2732],[-98.7981,27.268],[-98.8033,28.0575],[-99.3889,28.0304],[-99.3957,28.2523],[-99.3957,28.6408],[-98.335,28.6483],[-98.335,28.6127],[-98.0983,28.7869],[-98.4073,29.1144],[-98.8048,29.2507],[-98.8049,29.0904],[-99.4139,29.0913],[-99.4118,29.6275],[-100.1121,29.6233],[-100.1137,28.1978],[-100.2122,28.1968]]]},"properties":{"geoid":"48080","state":"48","district":"80","name":"State House District 80","chamber":"House"}},{"type":"Feature","geometry":{"type":"Polygon","coordinates":[[[-103.9841,31.9934],[-103.9745,31.9792],[-103.9501,31.9868],[-103.9481,31.9705],[-103.9411,31.9614],[-103.9486,31.9545],[-103.9409,31.9445],[-103.9336,31.9477],[-103.9224,31.9425],[-103.9157,31.9309],[-103.9188,31.9187],[-103.9122,31.9024],[-103.8815,31.8911],[-103.8832,31.8663],[-103.8766,31.8652],[-103.8719,31.8741],[-103.8644,31.8744],[-103.8575,31.8822],[-103.8482,31.8818],[-103.8385,31.8897],[-103.8294,31.888],[-103.8286,31.8623],[-103.8127,31.854],[-103.8131,31.8463],[-103.8213,31.8373],[-103.8084,31.8268],[-103.8095,31.7943],[-103.7972,31.7702],[-103.7913,31.7755],[-103.7895,31.772],[-103.7831,31.7747],[-103.778,31.7687],[-103.7817,31.7643],[-103.7705,31.7625],[-103.7709,31.7576],[-103.7661,31.7608],[-103.7665,31.754],[-103.7609,31.7532],[-103.7631,31.7491],[-103.757,31.7514],[-103.7583,31.7448],[-103.7516,31.7405],[-103.7461,31.744],[-103.7457,31.7388],[-103.7222,31.7397],[-103.7237,31.7455],[-103.6912,31.7476],[-103.6691,31.7153],[-103.6257,31.705],[-103.6208,31.6891],[-103.6356,31.6903],[-103.6354,31.6841],[-103.6323,31.6733],[-103.6192,31.6644],[-103.6214,31.6594],[-103.6162,31.6508],[-103.6115,31.6544],[-103.6048,31.648],[-103.6012,31.6501],[-103.5947,31.6461],[-103.5965,31.6427],[-103.5918,31.6448],[-103.5875,31.638],[-103.5728,31.6323],[-103.5622,31.6329],[-103.5516,31.6448],[-103.5314,31.6425],[-103.5308,31.636],[-103.5262,31.6344],[-103.5302,31.6325],[-103.5166,31.6286],[-103.5175,31.6252],[-103.5094,31.6259],[-103.5133,31.6234],[-103.5101,31.6145],[-103.5143,31.6132],[-103.5042,31.5966],[-103.5085,31.5926],[-103.5057,31.5902],[-103.5115,31.5897],[-103.5072,31.5875],[-103.511,31.5861],[-103.5102,31.5796],[-103.5137,31.5829],[-103.5152,31.5792],[-103.5118,31.5672],[-103.5073,31.5694],[-103.5087,31.5647],[-103.5025,31.5636],[-103.5056,31.5611],[-103.4953,31.5495],[-103.4975,31.5318],[-103.5028,31.528],[-103.4957,31.5217],[-103.504,31.5151],[-103.5038,31.5063],[-103.4957,31.4992],[-103.4951,31.4886],[-103.4809,31.4752],[-103.4838,31.469],[-103.4889,31.469],[-103.4891,31.456],[-103.4621,31.4297],[-103.4462,31.4243],[-103.4424,31.4338],[-103.4177,31.4261],[-103.399,31.4339],[-103.381,31.4169],[-103.3682,31.4182],[-103.3715,31.4164],[-103.3684,31.4139],[-103.3618,31.419],[-103.3583,31.4151],[-103.3492,31.4235],[-103.33,31.4119],[-103.3029,31.4212],[-103.2865,31.4209],[-103.278,31.4145],[-103.2747,31.4237],[-103.2617,31.4276],[-103.2552,31.4203],[-103.2597,31.4139],[-103.2578,31.4073],[-103.2449,31.3894],[-103.2126,31.3819],[-103.1937,31.3717],[-103.1586,31.3723],[-103.1425,31.3654],[-103.1302,31.3639],[-103.128,31.3674],[-103.107,31.361],[-103.0999,31.3653],[-103.066,31.3658],[-103.0664,31.3776],[-103.0578,31.3853],[-103.0355,31.3782],[-103.011,31.3775],[-103.011,31.3711],[-102.9986,31.3638],[-102.996,31.3569],[-102.9866,31.3581],[-102.9789,31.353],[-102.9727,31.359],[-102.9662,31.3513],[-102.9593,31.3548],[-102.9581,31.3509],[-102.9336,31.3501],[-102.9276,31.3379],[-102.914,31.3391],[-102.899,31.3239],[-102.8756,31.3166],[-102.8729,31.3121],[-102.8773,31.3052],[-102.8562,31.2907],[-102.8374,31.285],[-102.8269,31.2669],[-102.8175,31.274],[-102.8102,31.2736],[-102.8022,31.283],[-102.7928,31.2819],[-102.7746,31.2952],[-102.7674,31.2938],[-102.7672,31.6517],[-102.2873,31.6513],[-102.287,32.087],[-103.0645,32.0871],[-103.0645,32.0004],[-103.9802,32.0001],[-103.9841,31.9934]]]},"properties":{"geoid":"48081","state":"48","district":"81","name":"State House District 81","chamber":"House"}},{"type":"Feature","geometry":{"type":"Polygon","coordinates":[[[-102.2875,31.7466],[-102.2873,31.6513],[-101.7758,31.6513],[-101.7761,32.0869],[-101.695,32.0875],[-101.6887,32.5087],[-101.6913,32.9618],[-102.2085,32.959],[-102.2027,32.5233],[-102.211,32.5232],[-102.2112,32.0868],[-102.287,32.087],[-102.2875,31.7466]]]},"properties":{"geoid":"48082","state":"48","district":"82","name":"State House District 82","chamber":"House"}},{"type":"Feature","geometry":{"type":"Polygon","coordinates":[[[-102.5951,32.9711],[-102.595,32.9588],[-102.5885,32.9587],[-101.6913,32.9618],[-101.6887,32.5252],[-101.1746,32.5241],[-101.184,32.0872],[-100.6654,32.0854],[-100.6559,32.9635],[-100.5192,32.9629],[-100.5187,33.8357],[-101.0412,33.8336],[-101.0415,34.3124],[-101.5649,34.3125],[-101.5636,33.8305],[-101.8406,33.8273],[-101.8371,33.7809],[-101.9062,33.7808],[-101.9052,33.6504],[-101.8544,33.65],[-101.8553,33.6067],[-101.7829,33.6072],[-101.7831,33.5926],[-101.7318,33.5929],[-101.726,33.5348],[-101.7284,33.5202],[-101.7747,33.5198],[-101.7689,33.5136],[-101.7801,33.5196],[-101.8704,33.5197],[-101.8705,33.5632],[-101.8921,33.5633],[-101.8877,33.5343],[-101.8984,33.5293],[-101.9224,33.5352],[-101.9224,33.5197],[-101.9317,33.5197],[-101.9325,33.5342],[-101.9397,33.5342],[-101.9399,33.5537],[-101.9483,33.5525],[-101.9587,33.5416],[-101.957,33.4905],[-101.9397,33.4905],[-101.9396,33.4833],[-101.9308,33.4833],[-101.9309,33.4626],[-101.9267,33.4616],[-101.9531,33.4596],[-101.9531,33.476],[-101.9917,33.4761],[-101.9918,33.5615],[-102.0286,33.5614],[-102.0286,33.5777],[-102.0784,33.5776],[-102.0805,33.5824],[-102.0759,33.3896],[-102.5948,33.3885],[-102.5951,32.9711]]]},"properties":{"geoid":"48083","state":"48","district":"83","name":"State House District 83","chamber":"House"}},{"type":"Feature","geometry":{"type":"Polygon","coordinates":[[[-102.0858,33.8215],[-102.0805,33.5824],[-102.0784,33.5776],[-102.0286,33.5777],[-102.0286,33.5614],[-101.9918,33.5615],[-101.9917,33.4761],[-101.9531,33.476],[-101.9531,33.4596],[-101.9267,33.4616],[-101.9309,33.4626],[-101.9308,33.4833],[-101.9396,33.4833],[-101.9397,33.4905],[-101.957,33.4905],[-101.9587,33.5416],[-101.9483,33.5525],[-101.9399,33.5537],[-101.9397,33.5342],[-101.9325,33.5342],[-101.9317,33.5197],[-101.9224,33.5197],[-101.9224,33.5352],[-101.8984,33.5293],[-101.8877,33.5343],[-101.8921,33.5633],[-101.8705,33.5632],[-101.8704,33.5197],[-101.7801,33.5196],[-101.7689,33.5136],[-101.7747,33.5198],[-101.7284,33.5202],[-101.726,33.5348],[-101.7318,33.5929],[-101.7831,33.5926],[-101.7829,33.6072],[-101.8553,33.6067],[-101.8544,33.65],[-101.9052,33.6504],[-101.9062,33.7808],[-101.8371,33.7809],[-101.8406,33.8273],[-102.0857,33.8247],[-102.0858,33.8215]]]},"properties":{"geoid":"48084","state":"48","district":"84","name":"State House District 84","chamber":"House"}},{"type":"Feature","geometry":{"type":"Polygon","coordinates":[[[-97.3173,29.7852],[-97.1305,29.6433],[-97.1433,29.6281],[-96.865,29.6327],[-96.8591,29.6244],[-96.843,29.6164],[-96.8443,29.6089],[-96.8333,29.5958],[-96.8392,29.5846],[-96.8328,29.5769],[-96.7931,29.5774],[-96.5606,29.3354],[-96.6585,29.2639],[-96.3092,28.9633],[-95.9652,29.1469],[-95.8419,29.2587],[-95.8477,29.2626],[-95.7978,29.308],[-95.784,29.2962],[-95.7529,29.3245],[-95.6651,29.2989],[-95.6555,29.2912],[-95.6388,29.2972],[-95.6261,29.2931],[-95.6208,29.2998],[-95.6282,29.3094],[-95.6258,29.313],[-95.605,29.3307],[-95.5908,29.3275],[-95.5883,29.3359],[-95.5792,29.3406],[-95.5827,29.3504],[-95.5739,29.3555],[-95.5808,29.3621],[-95.5723,29.3838],[-95.5656,29.3908],[-95.5476,29.3952],[-95.5499,29.4026],[-95.546,29.4086],[-95.5564,29.4246],[-95.5501,29.4411],[-95.5434,29.4441],[-95.5383,29.4385],[-95.534,29.4425],[-95.533,29.4584],[-95.5438,29.4669],[-95.5479,29.479],[-95.5449,29.4889],[-95.5564,29.4946],[-95.5535,29.509],[-95.5678,29.5128],[-95.5658,29.5195],[-95.5703,29.5274],[-95.5642,29.5362],[-95.5634,29.5521],[-95.5885,29.5517],[-95.5892,29.5671],[-95.6384,29.5635],[-95.6382,29.5495],[-95.6439,29.5473],[-95.6521,29.554],[-95.6688,29.5332],[-95.7027,29.5376],[-95.6806,29.493],[-95.6945,29.4648],[-95.6739,29.4468],[-95.6902,29.4295],[-95.6655,29.4092],[-95.6606,29.4227],[-95.6458,29.4308],[-95.6448,29.4377],[-95.6333,29.4381],[-95.6295,29.4135],[-95.6332,29.4095],[-95.6275,29.4086],[-95.6332,29.4015],[-95.6196,29.406],[-95.6165,29.3991],[-95.6527,29.3972],[-95.6522,29.3885],[-95.6419,29.3867],[-95.6413,29.3518],[-95.6756,29.3512],[-95.7095,29.32],[-95.7499,29.3536],[-95.7542,29.35],[-95.7662,29.3599],[-95.7548,29.3704],[-95.7669,29.3804],[-95.7897,29.3593],[-95.8121,29.3779],[-95.8237,29.3673],[-95.8493,29.3887],[-95.8607,29.3782],[-95.8848,29.3982],[-95.9014,29.3829],[-95.9124,29.3915],[-95.9096,29.4042],[-95.9018,29.4081],[-95.9098,29.4148],[-95.9165,29.4446],[-95.9218,29.4484],[-95.9101,29.4593],[-95.9366,29.4816],[-95.9376,29.4853],[-95.9289,29.4907],[-95.9636,29.5177],[-95.9681,29.5136],[-95.9723,29.5172],[-95.9852,29.5055],[-95.9832,29.5032],[-96.0007,29.4942],[-96.0174,29.5185],[-96.0312,29.5133],[-96.0305,29.5078],[-96.0541,29.5121],[-96.0558,29.5183],[-96.0507,29.5236],[-96.0556,29.5258],[-96.0564,29.5394],[-96.0409,29.5408],[-96.0445,29.5621],[-96.06,29.5687],[-96.0621,29.5914],[-96.0889,29.6017],[-96.0248,29.6029],[-96.0242,29.622],[-96.0164,29.6271],[-96.0193,29.6363],[-96.0148,29.6417],[-96.0332,29.6582],[-96.02,29.6592],[-96.0168,29.6675],[-96.0309,29.6752],[-96.0461,29.6655],[-96.0601,29.6763],[-96.0566,29.6824],[-96.0359,29.6884],[-96.0272,29.687],[-96.0214,29.6789],[-96.0156,29.6814],[-96.0145,29.6936],[-96.0228,29.7045],[-96.006,29.7039],[-96.0071,29.7167],[-96.0128,29.7199],[-96.0321,29.7173],[-96.0327,29.7279],[-95.9709,29.7286],[-95.9713,29.7405],[-95.9509,29.7408],[-95.826,29.7886],[-95.9213,30.0541],[-95.9215,30.064],[-95.9251,30.0639],[-95.9607,30.1634],[-95.9468,30.1542],[-95.9409,30.1443],[-95.9244,30.1424],[-95.916,30.1313],[-95.8992,30.121],[-95.8735,30.122],[-95.8619,30.1056],[-95.8465,30.1005],[-95.8444,30.0879],[-95.8388,30.0831],[-95.8098,30.0852],[-95.8033,30.0901],[-95.8043,30.2456],[-96.0889,30.2287],[-96.0974,30.2145],[-96.1159,30.2279],[-96.1301,30.2108],[-96.147,30.2182],[-96.1593,30.2046],[-96.16,30.1821],[-96.1546,30.1771],[-96.162,30.1649],[-96.1501,30.1554],[-96.1525,30.1431],[-96.1588,30.1421],[-96.1807,30.1557],[-96.1826,30.1494],[-96.1718,30.1398],[-96.1878,30.1417],[-96.1922,30.1367],[-96.1787,30.1198],[-96.1912,30.1176],[-96.1887,30.1105],[-96.175,30.1124],[-96.1715,30.1093],[-96.1747,30.1027],[-96.1699,30.0988],[-96.1603,30.1081],[-96.154,30.108],[-96.1584,30.0917],[-96.1521,30.085],[-96.1423,30.0842],[-96.1338,30.071],[-96.137,30.067],[-96.1512,30.0764],[-96.1461,30.0702],[-96.1554,30.067],[-96.1574,30.0552],[-96.1629,30.0528],[-96.1902,30.0649],[-96.2068,30.067],[-96.21,30.0623],[-96.2141,30.0693],[-96.2289,30.0757],[-96.2431,30.0723],[-96.2595,30.0757],[-96.2679,30.0829],[-96.2712,30.0941],[-96.2889,30.0968],[-96.5188,30.0652],[-96.5859,30.0647],[-96.5941,30.071],[-96.622,30.0443],[-96.6239,30.0667],[-96.6343,30.0757],[-96.6337,30.1061],[-96.6406,30.1206],[-96.6531,30.13],[-96.6472,30.1452],[-96.6834,30.151],[-96.6871,30.1644],[-96.702,30.1578],[-96.715,30.145],[-96.7354,30.1474],[-96.7669,30.1387],[-96.773,30.1495],[-96.7946,30.1605],[-96.8459,30.116],[-97.0192,30.032],[-97.0245,30.0514],[-97.3173,29.7852]]]},"properties":{"geoid":"48085","state":"48","district":"85","name":"State House District 85","chamber":"House"}},{"type":"Feature","geometry":{"type":"Polygon","coordinates":[[[-103.0438,34.3835],[-103.0438,34.3127],[-102.5256,34.313],[-102.5252,34.7469],[-101.0907,34.7482],[-101.0863,35.1821],[-102.1675,35.1832],[-102.1627,35.6232],[-102.1625,36.5003],[-103.0417,36.5004],[-103.0438,34.3835]]]},"properties":{"geoid":"48086","state":"48","district":"86","name":"State House District 86","chamber":"House"}},{"type":"Feature","geometry":{"type":"Polygon","coordinates":[[[-102.1675,35.1844],[-101.0863,35.1821],[-101.0857,36.0576],[-100.0004,36.0557],[-100.0004,36.4997],[-102.1625,36.5003],[-102.1627,35.6232],[-102.1675,35.1844]]]},"properties":{"geoid":"48087","state":"48","district":"87","name":"State House District 87","chamber":"House"}},{"type":"Feature","geometry":{"type":"Polygon","coordinates":[[[-103.0649,32.6827],[-103.0645,32.0871],[-102.2112,32.0868],[-102.211,32.5232],[-102.2027,32.5233],[-102.2085,32.959],[-102.595,32.9588],[-102.5948,33.3885],[-102.0759,33.3896],[-102.0857,33.8247],[-101.5636,33.8305],[-101.5649,34.3125],[-99.9977,34.3118],[-100.0004,36.0557],[-101.0857,36.0576],[-101.0907,34.7482],[-102.5252,34.7469],[-102.5256,34.313],[-103.0438,34.3127],[-103.0437,34.0036],[-103.0646,32.9999],[-103.0649,32.6827]]]},"properties":{"geoid":"48088","state":"48","district":"88","name":"State House District 88","chamber":"House"}},{"type":"Feature","geometry":{"type":"Polygon","coordinates":[[[-96.709,33.0286],[-96.6621,33.0315],[-96.6429,33.0127],[-96.5783,33.0111],[-96.5784,32.9965],[-96.5646,32.9961],[-96.547,33.0074],[-96.4968,33.0051],[-96.5001,32.9923],[-96.51,32.9934],[-96.5085,32.9828],[-96.2972,32.9818],[-96.2962,33.1005],[-96.4092,33.1029],[-96.4068,33.1096],[-96.424,33.0955],[-96.4612,33.0977],[-96.4556,33.1229],[-96.4263,33.1619],[-96.4536,33.1659],[-96.4539,33.161],[-96.463,33.1613],[-96.4644,33.168],[-96.4779,33.1688],[-96.4798,33.1618],[-96.4805,33.1689],[-96.4808,33.1619],[-96.485,33.1619],[-96.4889,33.1716],[-96.4994,33.1653],[-96.5043,33.1907],[-96.536,33.1908],[-96.5371,33.187],[-96.5284,33.1813],[-96.5517,33.1912],[-96.5527,33.186],[-96.5686,33.1832],[-96.5848,33.1941],[-96.5854,33.1786],[-96.581,33.1701],[-96.5731,33.1674],[-96.5861,33.1679],[-96.5866,33.1527],[-96.6259,33.1564],[-96.6262,33.1472],[-96.6199,33.1456],[-96.6299,33.1393],[-96.6286,33.1295],[-96.6448,33.1296],[-96.6511,33.1182],[-96.642,33.1149],[-96.6396,33.1002],[-96.6621,33.1001],[-96.684,33.0709],[-96.6862,33.0754],[-96.709,33.0286]]]},"properties":{"geoid":"48089","state":"48","district":"89","name":"State House District 89","chamber":"House"}},{"type":"Feature","geometry":{"type":"Polygon","coordinates":[[[-97.4098,32.6438],[-97.4062,32.6156],[-97.3847,32.619],[-97.3844,32.628],[-97.3574,32.6255],[-97.3596,32.644],[-97.3644,32.6461],[-97.3606,32.6489],[-97.3677,32.6496],[-97.3619,32.6553],[-97.3665,32.6629],[-97.3329,32.6612],[-97.3269,32.6654],[-97.334,32.6352],[-97.3218,32.6396],[-97.3207,32.6671],[-97.3119,32.6695],[-97.3152,32.6844],[-97.3103,32.6748],[-97.3058,32.6955],[-97.3185,32.7027],[-97.3203,32.713],[-97.3262,32.7138],[-97.3264,32.7331],[-97.3403,32.7331],[-97.3424,32.75],[-97.3494,32.7469],[-97.3424,32.7581],[-97.347,32.7618],[-97.3436,32.7732],[-97.3378,32.7726],[-97.3396,32.7781],[-97.332,32.7738],[-97.3289,32.7614],[-97.3232,32.7627],[-97.3224,32.7571],[-97.3017,32.7622],[-97.3032,32.7486],[-97.2946,32.7493],[-97.2974,32.7416],[-97.2933,32.7363],[-97.2974,32.7308],[-97.293,32.7199],[-97.2996,32.7096],[-97.2806,32.6992],[-97.2802,32.6832],[-97.2633,32.6758],[-97.2629,32.7184],[-97.2569,32.7212],[-97.2574,32.7312],[-97.2619,32.7342],[-97.2537,32.7347],[-97.2537,32.741],[-97.2709,32.741],[-97.2709,32.7452],[-97.2894,32.7497],[-97.2617,32.7574],[-97.2543,32.7804],[-97.3016,32.781],[-97.302,32.7951],[-97.3085,32.7952],[-97.3086,32.7809],[-97.3224,32.7825],[-97.3085,32.801],[-97.2959,32.8002],[-97.2947,32.8097],[-97.2982,32.8094],[-97.2941,32.8127],[-97.3035,32.8169],[-97.3058,32.8242],[-97.3315,32.8249],[-97.3473,32.8424],[-97.4013,32.819],[-97.4021,32.8108],[-97.3884,32.8064],[-97.3911,32.7919],[-97.3815,32.7842],[-97.3727,32.785],[-97.3723,32.7752],[-97.3761,32.7761],[-97.3609,32.764],[-97.3613,32.7512],[-97.3524,32.7511],[-97.3619,32.7474],[-97.3615,32.7336],[-97.3437,32.7365],[-97.3438,32.7122],[-97.3501,32.7144],[-97.3463,32.7078],[-97.3812,32.6751],[-97.372,32.6718],[-97.3705,32.664],[-97.3769,32.6635],[-97.376,32.6429],[-97.3844,32.6396],[-97.3907,32.6427],[-97.3909,32.6488],[-97.4098,32.6438]]]},"properties":{"geoid":"48090","state":"48","district":"90","name":"State House District 90","chamber":"House"}},{"type":"Feature","geometry":{"type":"Polygon","coordinates":[[[-97.2986,32.8793],[-97.2971,32.8732],[-97.2904,32.8726],[-97.2936,32.8669],[-97.2901,32.8615],[-97.2936,32.7932],[-97.2906,32.781],[-97.2567,32.7804],[-97.2567,32.784],[-97.2432,32.787],[-97.2438,32.7909],[-97.2363,32.7941],[-97.2212,32.7945],[-97.2212,32.8005],[-97.2124,32.8042],[-97.2122,32.8195],[-97.2057,32.8239],[-97.2093,32.833],[-97.1927,32.8333],[-97.1924,32.8501],[-97.1857,32.8603],[-97.1866,32.9118],[-97.2144,32.9076],[-97.2142,32.9003],[-97.226,32.9003],[-97.226,32.8924],[-97.2544,32.8928],[-97.2587,32.8946],[-97.2552,32.9167],[-97.2725,32.9167],[-97.2725,32.9019],[-97.2896,32.9021],[-97.2897,32.8908],[-97.2979,32.8857],[-97.2986,32.8793]]]},"properties":{"geoid":"48091","state":"48","district":"91","name":"State House District 91","chamber":"House"}},{"type":"Feature","geometry":{"type":"Polygon","coordinates":[[[-97.1779,32.8398],[-97.1738,32.8393],[-97.1739,32.834],[-97.1626,32.84],[-97.0998,32.8373],[-97.0995,32.8088],[-97.123,32.8078],[-97.1219,32.8035],[-97.1101,32.8063],[-97.1076,32.7952],[-97.131,32.7972],[-97.1316,32.8027],[-97.1317,32.7939],[-97.1169,32.7907],[-97.1166,32.7826],[-97.1391,32.7827],[-97.1394,32.7793],[-97.1081,32.7853],[-97.1064,32.7778],[-97.1142,32.7774],[-97.1144,32.7596],[-97.1023,32.7571],[-97.1068,32.75],[-97.1028,32.746],[-97.0991,32.746],[-97.0996,32.7541],[-97.0973,32.7498],[-97.0895,32.7504],[-97.0884,32.7592],[-97.0634,32.7595],[-97.0634,32.7643],[-97.063,32.7598],[-97.0371,32.7597],[-97.037,32.7542],[-97.0404,32.7448],[-97.0457,32.7447],[-97.046,32.7378],[-97.058,32.7362],[-97.0842,32.7354],[-97.0835,32.7416],[-97.0972,32.7389],[-97.1113,32.7428],[-97.1129,32.7392],[-97.1129,32.7428],[-97.1197,32.7429],[-97.1197,32.7391],[-97.1317,32.7365],[-97.1319,32.7212],[-97.1233,32.7212],[-97.1233,32.7089],[-97.116,32.7083],[-97.1146,32.7273],[-97.1237,32.7261],[-97.1237,32.7294],[-97.1146,32.7307],[-97.1145,32.7391],[-97.0973,32.7369],[-97.0977,32.7062],[-97.0718,32.706],[-97.0722,32.6915],[-97.0628,32.6915],[-97.0628,32.6772],[-97.0366,32.6759],[-97.0338,32.8385],[-97.0416,32.8444],[-97.0469,32.8387],[-97.0622,32.8432],[-97.0653,32.8378],[-97.0652,32.8516],[-97.1509,32.8535],[-97.151,32.8492],[-97.1743,32.8487],[-97.1738,32.8405],[-97.1779,32.8398]]]},"properties":{"geoid":"48092","state":"48","district":"92","name":"State House District 92","chamber":"House"}},{"type":"Feature","geometry":{"type":"Polygon","coordinates":[[[-97.4657,32.9165],[-97.451,32.9054],[-97.4551,32.9054],[-97.4553,32.8983],[-97.4297,32.8924],[-97.4259,32.8876],[-97.4088,32.8885],[-97.4087,32.881],[-97.3817,32.8808],[-97.3639,32.8602],[-97.3427,32.8615],[-97.343,32.8375],[-97.3351,32.8284],[-97.3058,32.8242],[-97.3035,32.8169],[-97.2941,32.8127],[-97.2982,32.8094],[-97.2947,32.8097],[-97.2959,32.8002],[-97.3062,32.8025],[-97.3243,32.7845],[-97.3086,32.7809],[-97.3085,32.7952],[-97.302,32.7951],[-97.3016,32.781],[-97.2906,32.781],[-97.2936,32.7932],[-97.2901,32.8615],[-97.2936,32.8669],[-97.2904,32.8726],[-97.2971,32.8732],[-97.2979,32.8857],[-97.2897,32.8908],[-97.2896,32.9021],[-97.2725,32.9019],[-97.266,32.9339],[-97.2553,32.9346],[-97.254,32.957],[-97.2345,32.9909],[-97.4155,32.992],[-97.4208,32.942],[-97.4121,32.9246],[-97.4548,32.9239],[-97.4657,32.9165]]]},"properties":{"geoid":"48093","state":"48","district":"93","name":"State House District 93","chamber":"House"}},{"type":"Feature","geometry":{"type":"Polygon","coordinates":[[[-97.2584,32.7709],[-97.2574,32.7678],[-97.2412,32.7701],[-97.1932,32.7816],[-97.1761,32.7793],[-97.1746,32.7726],[-97.1633,32.764],[-97.1531,32.7786],[-97.1494,32.7761],[-97.1509,32.7516],[-97.1616,32.752],[-97.1544,32.757],[-97.1648,32.7572],[-97.1794,32.7307],[-97.2076,32.7272],[-97.1924,32.7162],[-97.2023,32.7125],[-97.1793,32.7069],[-97.1794,32.6987],[-97.1864,32.69],[-97.174,32.6898],[-97.1775,32.6775],[-97.1737,32.6584],[-97.1342,32.6631],[-97.1352,32.6787],[-97.1296,32.6896],[-97.1388,32.6889],[-97.1387,32.6922],[-97.128,32.6921],[-97.1127,32.7081],[-97.1233,32.7089],[-97.1233,32.7212],[-97.1319,32.7212],[-97.1317,32.7365],[-97.1197,32.7391],[-97.1197,32.7429],[-97.1129,32.7428],[-97.1129,32.7392],[-97.1113,32.7428],[-97.0972,32.7389],[-97.0835,32.7416],[-97.0842,32.7354],[-97.046,32.7378],[-97.0457,32.7447],[-97.0404,32.7448],[-97.037,32.7542],[-97.0371,32.7597],[-97.063,32.7598],[-97.0634,32.7643],[-97.0634,32.7595],[-97.0884,32.7592],[-97.0895,32.7504],[-97.0973,32.7498],[-97.0996,32.7541],[-97.0991,32.746],[-97.1028,32.746],[-97.1068,32.75],[-97.1023,32.7571],[-97.1144,32.7596],[-97.1142,32.7774],[-97.1064,32.7778],[-97.1081,32.7853],[-97.1394,32.7793],[-97.1391,32.7827],[-97.1166,32.7826],[-97.1169,32.7907],[-97.1317,32.7939],[-97.1316,32.8027],[-97.131,32.7972],[-97.1076,32.7952],[-97.1101,32.8063],[-97.1219,32.8035],[-97.123,32.8078],[-97.0995,32.8088],[-97.0998,32.8373],[-97.1626,32.84],[-97.1739,32.834],[-97.1738,32.8393],[-97.1779,32.8396],[-97.1738,32.8405],[-97.1743,32.8487],[-97.151,32.8492],[-97.1509,32.8535],[-97.0999,32.8518],[-97.0999,32.8667],[-97.1513,32.8646],[-97.1599,32.8678],[-97.1599,32.8606],[-97.1731,32.8601],[-97.1727,32.8673],[-97.1643,32.8749],[-97.1737,32.8749],[-97.1736,32.8804],[-97.1773,32.8804],[-97.1737,32.8806],[-97.1738,32.8892],[-97.186,32.8892],[-97.1861,32.8557],[-97.1924,32.8501],[-97.1918,32.8362],[-97.2093,32.833],[-97.2057,32.8239],[-97.2122,32.8195],[-97.2124,32.8042],[-97.2212,32.8005],[-97.2212,32.7945],[-97.2363,32.7941],[-97.2438,32.7909],[-97.2432,32.787],[-97.2567,32.784],[-97.2541,32.7755],[-97.2584,32.7709]]]},"properties":{"geoid":"48094","state":"48","district":"94","name":"State House District 94","chamber":"House"}},{"type":"Feature","geometry":{"type":"Polygon","coordinates":[[[-97.3714,32.615],[-97.3215,32.614],[-97.3201,32.6051],[-97.2848,32.604],[-97.2871,32.6165],[-97.2699,32.6165],[-97.27,32.6237],[-97.2615,32.6279],[-97.2661,32.6303],[-97.2529,32.6303],[-97.2526,32.6565],[-97.2428,32.6565],[-97.2447,32.6627],[-97.2313,32.6684],[-97.2339,32.6928],[-97.2178,32.6981],[-97.2153,32.7063],[-97.2233,32.7067],[-97.2142,32.7133],[-97.2239,32.71],[-97.2123,32.7195],[-97.2192,32.7266],[-97.2119,32.727],[-97.2102,32.7217],[-97.2072,32.7277],[-97.1794,32.7307],[-97.1648,32.7572],[-97.1544,32.757],[-97.1616,32.752],[-97.1509,32.7516],[-97.1494,32.7761],[-97.1531,32.7786],[-97.1633,32.764],[-97.1791,32.7803],[-97.2259,32.7767],[-97.2412,32.7701],[-97.2541,32.7708],[-97.2617,32.7574],[-97.2894,32.7497],[-97.2709,32.7452],[-97.2709,32.741],[-97.2537,32.741],[-97.2537,32.7347],[-97.2619,32.7342],[-97.2574,32.7312],[-97.2569,32.7212],[-97.2629,32.7184],[-97.2635,32.6756],[-97.2802,32.6832],[-97.2806,32.6992],[-97.2996,32.7096],[-97.293,32.7199],[-97.2974,32.7308],[-97.2933,32.7363],[-97.2974,32.7416],[-97.2946,32.7493],[-97.3032,32.7486],[-97.3017,32.7622],[-97.3224,32.7571],[-97.3232,32.7627],[-97.3289,32.7614],[-97.332,32.7738],[-97.3396,32.7781],[-97.3378,32.7726],[-97.3436,32.7732],[-97.347,32.7618],[-97.3424,32.7581],[-97.3494,32.7469],[-97.3424,32.75],[-97.3403,32.7331],[-97.3264,32.7331],[-97.3264,32.7141],[-97.3203,32.713],[-97.3174,32.7015],[-97.306,32.6966],[-97.3054,32.6843],[-97.3116,32.6806],[-97.3107,32.6747],[-97.3152,32.6844],[-97.3119,32.6695],[-97.3207,32.6671],[-97.3218,32.6396],[-97.3273,32.6352],[-97.334,32.6352],[-97.3269,32.6654],[-97.3329,32.6612],[-97.3665,32.6629],[-97.3619,32.6553],[-97.3677,32.6496],[-97.3606,32.6489],[-97.3644,32.6461],[-97.3596,32.644],[-97.357,32.6271],[-97.37,32.6244],[-97.3714,32.615]]]},"properties":{"geoid":"48095","state":"48","district":"95","name":"State House District 95","chamber":"House"}},{"type":"Feature","geometry":{"type":"Polygon","coordinates":[[[-97.3888,32.6139],[-97.3884,32.589],[-97.3797,32.5866],[-97.3765,32.5865],[-97.3763,32.607],[-97.3515,32.6068],[-97.3509,32.5996],[-97.3343,32.5995],[-97.3311,32.5878],[-97.339,32.5861],[-97.3448,32.5782],[-97.3345,32.578],[-97.3346,32.5718],[-97.3514,32.5639],[-97.3439,32.5575],[-97.3491,32.553],[-97.0669,32.549],[-97.066,32.569],[-97.0805,32.5836],[-97.0785,32.5902],[-97.0836,32.5868],[-97.1063,32.6131],[-97.1164,32.6082],[-97.1201,32.6136],[-97.1424,32.6111],[-97.1335,32.6444],[-97.1369,32.6597],[-97.1218,32.6595],[-97.1214,32.6629],[-97.1755,32.6589],[-97.1775,32.6829],[-97.174,32.6898],[-97.1864,32.69],[-97.1794,32.6987],[-97.1793,32.7069],[-97.1976,32.7092],[-97.2023,32.7125],[-97.1928,32.7172],[-97.2096,32.7268],[-97.2103,32.7217],[-97.2119,32.727],[-97.2193,32.7265],[-97.2123,32.7196],[-97.2239,32.71],[-97.2142,32.7133],[-97.2233,32.7067],[-97.2153,32.7063],[-97.2178,32.6981],[-97.2339,32.6928],[-97.2315,32.6681],[-97.2447,32.6627],[-97.2428,32.6565],[-97.2526,32.6565],[-97.2529,32.6303],[-97.2661,32.6303],[-97.2615,32.6279],[-97.27,32.6237],[-97.2699,32.6165],[-97.2871,32.6165],[-97.2848,32.604],[-97.3201,32.6051],[-97.3215,32.614],[-97.3715,32.6149],[-97.37,32.6244],[-97.3617,32.6249],[-97.3658,32.6292],[-97.3844,32.628],[-97.3888,32.6139]]]},"properties":{"geoid":"48096","state":"48","district":"96","name":"State House District 96","chamber":"House"}},{"type":"Feature","geometry":{"type":"Polygon","coordinates":[[[-97.5506,32.5561],[-97.3491,32.553],[-97.3439,32.5575],[-97.3514,32.5639],[-97.3346,32.5718],[-97.3345,32.578],[-97.3448,32.5782],[-97.339,32.5861],[-97.3311,32.5878],[-97.3343,32.5995],[-97.3509,32.5996],[-97.3515,32.6068],[-97.3761,32.607],[-97.3765,32.5865],[-97.3884,32.589],[-97.3886,32.6171],[-97.4062,32.6156],[-97.4098,32.6438],[-97.3909,32.6488],[-97.3907,32.6427],[-97.3844,32.6396],[-97.376,32.6429],[-97.3769,32.6635],[-97.3705,32.664],[-97.372,32.6718],[-97.3812,32.6751],[-97.3463,32.7078],[-97.3501,32.7144],[-97.3438,32.7114],[-97.3448,32.7237],[-97.3592,32.7263],[-97.4117,32.7104],[-97.4135,32.7344],[-97.4278,32.7346],[-97.4247,32.7248],[-97.4326,32.7216],[-97.4802,32.7245],[-97.4812,32.7381],[-97.4407,32.7365],[-97.4397,32.7443],[-97.4296,32.7542],[-97.4438,32.7531],[-97.4459,32.7655],[-97.4602,32.7655],[-97.4534,32.7758],[-97.4674,32.7784],[-97.4635,32.7854],[-97.4748,32.7743],[-97.4776,32.7609],[-97.4899,32.7592],[-97.5482,32.7761],[-97.5506,32.5561]]]},"properties":{"geoid":"48097","state":"48","district":"97","name":"State House District 97","chamber":"House"}},{"type":"Feature","geometry":{"type":"Polygon","coordinates":[[[-97.2668,32.9281],[-97.2669,32.9167],[-97.2552,32.9167],[-97.2587,32.8946],[-97.2544,32.8928],[-97.226,32.8924],[-97.226,32.9003],[-97.2142,32.9003],[-97.2144,32.9076],[-97.1866,32.9118],[-97.186,32.8892],[-97.1738,32.8892],[-97.1737,32.8806],[-97.1773,32.8804],[-97.1736,32.8804],[-97.1737,32.8749],[-97.1643,32.8749],[-97.1727,32.8673],[-97.1731,32.8601],[-97.1599,32.8606],[-97.1599,32.8678],[-97.1513,32.8646],[-97.102,32.8671],[-97.0999,32.8518],[-97.0652,32.8516],[-97.0653,32.8378],[-97.0622,32.8432],[-97.0469,32.8387],[-97.0416,32.8444],[-97.0338,32.8385],[-97.031,32.9897],[-97.2345,32.9909],[-97.254,32.957],[-97.2553,32.9346],[-97.2655,32.9343],[-97.2668,32.9281]]]},"properties":{"geoid":"48098","state":"48","district":"98","name":"State House District 98","chamber":"House"}},{"type":"Feature","geometry":{"type":"Polygon","coordinates":[[[-97.548,32.798],[-97.5482,32.7761],[-97.5446,32.7737],[-97.4997,32.7593],[-97.4776,32.7609],[-97.4748,32.7743],[-97.4635,32.7854],[-97.4674,32.7784],[-97.4534,32.7758],[-97.4602,32.7655],[-97.4459,32.7655],[-97.4438,32.7531],[-97.4296,32.7542],[-97.4397,32.7443],[-97.4407,32.7365],[-97.4812,32.7381],[-97.4802,32.7245],[-97.4326,32.7216],[-97.4247,32.7248],[-97.4278,32.7346],[-97.4135,32.7344],[-97.4117,32.7104],[-97.3592,32.7263],[-97.3437,32.7223],[-97.3437,32.7365],[-97.3615,32.7336],[-97.3619,32.7474],[-97.3524,32.7511],[-97.3613,32.7512],[-97.3609,32.764],[-97.3761,32.7761],[-97.3723,32.7752],[-97.3727,32.785],[-97.3815,32.7842],[-97.3911,32.7919],[-97.3884,32.8064],[-97.4022,32.814],[-97.4013,32.819],[-97.373,32.8326],[-97.3473,32.8424],[-97.343,32.8375],[-97.3427,32.8615],[-97.3639,32.8602],[-97.3817,32.8808],[-97.4087,32.881],[-97.4088,32.8885],[-97.4259,32.8876],[-97.4297,32.8924],[-97.4553,32.8983],[-97.4551,32.9054],[-97.451,32.9054],[-97.4657,32.9165],[-97.4548,32.9239],[-97.4121,32.9246],[-97.4208,32.942],[-97.4155,32.992],[-97.5442,32.9942],[-97.548,32.798]]]},"properties":{"geoid":"48099","state":"48","district":"99","name":"State House District 99","chamber":"House"}},{"type":"Feature","geometry":{"type":"Polygon","coordinates":[[[-96.882,32.7131],[-96.8809,32.7058],[-96.8322,32.705],[-96.8277,32.7204],[-96.8097,32.7203],[-96.8093,32.725],[-96.8028,32.7201],[-96.7854,32.7294],[-96.7742,32.7106],[-96.7647,32.7151],[-96.7533,32.7125],[-96.7473,32.7032],[-96.7357,32.7075],[-96.7319,32.7187],[-96.7345,32.7238],[-96.755,32.7284],[-96.7562,32.7351],[-96.7455,32.7397],[-96.7453,32.7472],[-96.7261,32.7449],[-96.7103,32.7344],[-96.7042,32.7492],[-96.6484,32.7488],[-96.6482,32.7622],[-96.644,32.7624],[-96.6706,32.7833],[-96.6734,32.7915],[-96.6842,32.7925],[-96.6743,32.7985],[-96.6736,32.8069],[-96.6654,32.8071],[-96.6654,32.8142],[-96.6844,32.815],[-96.6845,32.8187],[-96.7057,32.8085],[-96.7089,32.8111],[-96.7289,32.8043],[-96.7315,32.7929],[-96.718,32.7949],[-96.7171,32.7834],[-96.7001,32.778],[-96.7008,32.7635],[-96.7058,32.7633],[-96.7309,32.7664],[-96.7291,32.7837],[-96.7431,32.7855],[-96.7465,32.7915],[-96.7614,32.7902],[-96.772,32.7811],[-96.8062,32.7692],[-96.8114,32.7721],[-96.8098,32.7942],[-96.8156,32.7988],[-96.8209,32.819],[-96.8348,32.81],[-96.8427,32.8161],[-96.8497,32.8111],[-96.871,32.8174],[-96.8738,32.7676],[-96.8479,32.7654],[-96.85,32.7786],[-96.8464,32.7785],[-96.8441,32.7888],[-96.8358,32.7859],[-96.8351,32.7897],[-96.8247,32.7835],[-96.8155,32.7669],[-96.8065,32.7629],[-96.8125,32.7411],[-96.822,32.7334],[-96.8436,32.732],[-96.882,32.7131]]]},"properties":{"geoid":"48100","state":"48","district":"100","name":"State House District 100","chamber":"House"}},{"type":"Feature","geometry":{"type":"Polygon","coordinates":[[[-97.1423,32.6115],[-97.1201,32.6136],[-97.1164,32.6082],[-97.1063,32.6131],[-97.0836,32.5868],[-97.0785,32.5902],[-97.0805,32.5836],[-97.066,32.569],[-97.0669,32.549],[-97.0387,32.5487],[-97.0366,32.6759],[-97.0628,32.6772],[-97.0628,32.6915],[-97.0722,32.6915],[-97.0718,32.706],[-97.0977,32.7062],[-97.0973,32.7369],[-97.1145,32.7391],[-97.1146,32.7307],[-97.1237,32.7294],[-97.1237,32.7261],[-97.1146,32.7273],[-97.1134,32.7059],[-97.128,32.6921],[-97.1387,32.6922],[-97.1388,32.6889],[-97.1296,32.6896],[-97.1352,32.6787],[-97.1342,32.6631],[-97.1212,32.6623],[-97.1369,32.6597],[-97.1335,32.6444],[-97.1423,32.6115]]]},"properties":{"geoid":"48101","state":"48","district":"101","name":"State House District 101","chamber":"House"}},{"type":"Feature","geometry":{"type":"Polygon","coordinates":[[[-96.7884,32.9014],[-96.7748,32.9011],[-96.7826,32.8919],[-96.77,32.8877],[-96.7685,32.9053],[-96.7567,32.889],[-96.7494,32.9027],[-96.7384,32.9004],[-96.7409,32.8932],[-96.7301,32.8945],[-96.7335,32.8859],[-96.7116,32.8946],[-96.6679,32.8683],[-96.6649,32.9309],[-96.6483,32.9312],[-96.6483,32.9469],[-96.6562,32.9539],[-96.642,32.9662],[-96.6487,32.9704],[-96.6624,32.9589],[-96.7,32.9606],[-96.6999,32.9453],[-96.7348,32.9511],[-96.7786,32.9503],[-96.778,32.9348],[-96.7863,32.9332],[-96.7863,32.9249],[-96.7693,32.9244],[-96.7692,32.9212],[-96.777,32.9201],[-96.7737,32.9097],[-96.7865,32.9099],[-96.7884,32.9014]]]},"properties":{"geoid":"48102","state":"48","district":"102","name":"State House District 102","chamber":"House"}},{"type":"Feature","geometry":{"type":"Polygon","coordinates":[[[-96.9406,32.9117],[-96.9311,32.9094],[-96.9268,32.9027],[-96.9316,32.8716],[-96.925,32.8709],[-96.9269,32.866],[-96.9221,32.8616],[-96.9336,32.8571],[-96.9386,32.8373],[-96.9149,32.8369],[-96.9199,32.8237],[-96.9261,32.8238],[-96.9257,32.8013],[-96.9218,32.8012],[-96.9189,32.7857],[-96.9262,32.7814],[-96.9262,32.7496],[-96.8376,32.7495],[-96.8362,32.7586],[-96.8097,32.7588],[-96.8065,32.7629],[-96.8155,32.7669],[-96.8247,32.7835],[-96.8351,32.7897],[-96.8358,32.7859],[-96.8441,32.7888],[-96.8464,32.7785],[-96.85,32.7786],[-96.8479,32.7654],[-96.8738,32.7676],[-96.871,32.8174],[-96.8497,32.8111],[-96.8427,32.8161],[-96.8348,32.81],[-96.8209,32.819],[-96.8178,32.8073],[-96.8118,32.8033],[-96.8024,32.8145],[-96.8023,32.8227],[-96.8147,32.8198],[-96.8265,32.8299],[-96.8213,32.8512],[-96.8412,32.8507],[-96.8541,32.8601],[-96.8468,32.8634],[-96.8463,32.8803],[-96.8561,32.8804],[-96.8562,32.8837],[-96.8619,32.8808],[-96.8621,32.8852],[-96.8703,32.8867],[-96.8703,32.8953],[-96.8623,32.8952],[-96.864,32.9097],[-96.8434,32.9096],[-96.8433,32.916],[-96.8481,32.9215],[-96.856,32.9181],[-96.856,32.9242],[-96.8909,32.924],[-96.8906,32.9384],[-96.8732,32.9389],[-96.8707,32.9534],[-96.8864,32.9536],[-96.8899,32.9756],[-96.9232,32.9751],[-96.9027,32.9392],[-96.9111,32.9392],[-96.9111,32.9307],[-96.9205,32.9306],[-96.9195,32.9238],[-96.9247,32.924],[-96.9252,32.918],[-96.9406,32.9117]]]},"properties":{"geoid":"48103","state":"48","district":"103","name":"State House District 103","chamber":"House"}},{"type":"Feature","geometry":{"type":"Polygon","coordinates":[[[-97.0366,32.6765],[-96.9757,32.6709],[-96.9709,32.685],[-96.9732,32.6973],[-96.9697,32.6944],[-96.9631,32.6978],[-96.955,32.708],[-96.9328,32.7056],[-96.916,32.7205],[-96.903,32.7051],[-96.8913,32.7111],[-96.8913,32.7058],[-96.8809,32.7058],[-96.8785,32.7172],[-96.8432,32.7321],[-96.8217,32.7335],[-96.8125,32.7411],[-96.8103,32.7588],[-96.8362,32.7586],[-96.8376,32.7495],[-96.9262,32.7496],[-96.9261,32.7821],[-96.942,32.7776],[-96.9431,32.7731],[-96.9457,32.7769],[-96.9531,32.7746],[-96.9506,32.7788],[-96.9543,32.7786],[-96.9579,32.7719],[-96.9599,32.7831],[-96.9955,32.7778],[-96.995,32.8155],[-97.0342,32.8164],[-97.0366,32.6765]]]},"properties":{"geoid":"48104","state":"48","district":"104","name":"State House District 104","chamber":"House"}},{"type":"Feature","geometry":{"type":"Polygon","coordinates":[[[-97.0342,32.817],[-96.995,32.8155],[-96.9955,32.7778],[-96.9599,32.7831],[-96.9586,32.772],[-96.9515,32.7792],[-96.9531,32.7746],[-96.9462,32.777],[-96.9423,32.7733],[-96.942,32.7776],[-96.9189,32.7857],[-96.9218,32.8012],[-96.9257,32.8013],[-96.9261,32.8238],[-96.9199,32.8237],[-96.9149,32.8369],[-96.9386,32.8373],[-96.9334,32.8574],[-96.9222,32.861],[-96.927,32.8662],[-96.925,32.8709],[-96.931,32.8706],[-97.0321,32.9304],[-97.0342,32.817]]]},"properties":{"geoid":"48105","state":"48","district":"105","name":"State House District 105","chamber":"House"}},{"type":"Feature","geometry":{"type":"Polygon","coordinates":[[[-97.1875,33.3575],[-97.1821,33.3504],[-97.1811,33.334],[-97.1764,33.3359],[-97.1644,33.3265],[-97.1491,33.3308],[-97.1511,33.3186],[-97.1293,33.3058],[-97.1314,33.2603],[-97.1142,33.2595],[-97.1021,33.2537],[-97.0909,33.2441],[-97.09,33.2331],[-97.0257,33.2377],[-96.9877,33.2258],[-96.947,33.2214],[-96.9516,33.233],[-96.8971,33.231],[-96.8981,33.2195],[-96.8803,33.2191],[-96.8908,33.1536],[-96.914,33.1546],[-96.9141,33.1443],[-96.9354,33.1462],[-96.9597,33.1319],[-96.9709,33.1177],[-96.9695,33.0996],[-96.9635,33.0996],[-96.9629,33.083],[-96.9358,33.0815],[-96.9302,33.0739],[-96.9151,33.0812],[-96.9015,33.0771],[-96.9054,33.0729],[-96.9004,33.0668],[-96.9081,33.0712],[-96.9055,33.064],[-96.9173,33.065],[-96.9186,33.0567],[-96.8765,33.0721],[-96.862,33.0677],[-96.8578,33.0796],[-96.8419,33.0851],[-96.8341,33.4055],[-96.8412,33.4056],[-96.8411,33.4134],[-97.1758,33.4239],[-97.1779,33.3706],[-97.1792,33.3669],[-97.187,33.3671],[-97.1875,33.3575]]]},"properties":{"geoid":"48106","state":"48","district":"106","name":"State House District 106","chamber":"House"}},{"type":"Feature","geometry":{"type":"Polygon","coordinates":[[[-96.6866,32.8403],[-96.6733,32.8347],[-96.6789,32.8213],[-96.6862,32.8185],[-96.6844,32.815],[-96.6654,32.8142],[-96.6654,32.8071],[-96.6736,32.8069],[-96.6743,32.7985],[-96.6842,32.7925],[-96.6734,32.7915],[-96.6706,32.7833],[-96.644,32.7624],[-96.6482,32.7622],[-96.6484,32.7488],[-96.6618,32.7488],[-96.6623,32.7301],[-96.6681,32.7197],[-96.6426,32.7195],[-96.6384,32.7121],[-96.6397,32.7488],[-96.6226,32.7486],[-96.6207,32.7347],[-96.6136,32.7347],[-96.6174,32.7559],[-96.6052,32.7559],[-96.6056,32.7681],[-96.5972,32.7673],[-96.5959,32.7883],[-96.6111,32.7778],[-96.6153,32.7813],[-96.6073,32.788],[-96.6121,32.7927],[-96.6253,32.7926],[-96.6278,32.8104],[-96.6392,32.8176],[-96.6298,32.8231],[-96.6349,32.8438],[-96.6158,32.8549],[-96.6317,32.8704],[-96.631,32.8944],[-96.6222,32.8943],[-96.621,32.9081],[-96.6131,32.9125],[-96.6145,32.93],[-96.6649,32.9309],[-96.6655,32.8716],[-96.6866,32.8403]]]},"properties":{"geoid":"48107","state":"48","district":"107","name":"State House District 107","chamber":"House"}},{"type":"Feature","geometry":{"type":"Polygon","coordinates":[[[-96.8705,32.8873],[-96.8621,32.8852],[-96.8619,32.8808],[-96.8562,32.8837],[-96.8561,32.8804],[-96.8463,32.8803],[-96.8468,32.8634],[-96.8541,32.8601],[-96.8412,32.8507],[-96.8213,32.8512],[-96.8265,32.8299],[-96.8147,32.8198],[-96.8023,32.8227],[-96.8068,32.8075],[-96.8118,32.8033],[-96.8178,32.8073],[-96.8065,32.7775],[-96.791,32.8018],[-96.8014,32.8085],[-96.7912,32.8241],[-96.7861,32.8221],[-96.7811,32.8366],[-96.7701,32.8398],[-96.7702,32.8229],[-96.7529,32.823],[-96.7522,32.8144],[-96.7409,32.8208],[-96.7457,32.8313],[-96.7384,32.8334],[-96.7529,32.8425],[-96.7496,32.8569],[-96.7538,32.8596],[-96.7606,32.851],[-96.7716,32.851],[-96.7707,32.8718],[-96.7634,32.8731],[-96.7593,32.8834],[-96.7487,32.8802],[-96.7414,32.8724],[-96.7437,32.8651],[-96.7385,32.8672],[-96.7287,32.857],[-96.7006,32.8642],[-96.7005,32.8845],[-96.7116,32.8946],[-96.7335,32.8859],[-96.7301,32.8945],[-96.7409,32.8932],[-96.7384,32.9004],[-96.7494,32.9027],[-96.7567,32.889],[-96.7685,32.9053],[-96.77,32.8877],[-96.7817,32.8908],[-96.7748,32.9011],[-96.7883,32.8996],[-96.7865,32.9099],[-96.7737,32.9097],[-96.777,32.9201],[-96.7693,32.9244],[-96.7863,32.9249],[-96.7863,32.9332],[-96.778,32.9348],[-96.7786,32.9503],[-96.769,32.951],[-96.7976,32.9499],[-96.8042,32.9541],[-96.8036,32.925],[-96.8342,32.926],[-96.8481,32.9215],[-96.8434,32.9096],[-96.864,32.9097],[-96.8623,32.8952],[-96.8703,32.8953],[-96.8705,32.8873]]]},"properties":{"geoid":"48108","state":"48","district":"108","name":"State House District 108","chamber":"House"}},{"type":"Feature","geometry":{"type":"Polygon","coordinates":[[[-97.0386,32.5544],[-97.0387,32.5487],[-96.5231,32.5452],[-96.5206,32.6938],[-96.5322,32.694],[-96.5377,32.6835],[-96.5513,32.6952],[-96.5629,32.6811],[-96.5728,32.6825],[-96.5884,32.6698],[-96.5954,32.6731],[-96.598,32.6709],[-96.5912,32.6674],[-96.5946,32.661],[-96.5821,32.6524],[-96.6222,32.6177],[-96.6305,32.6207],[-96.6286,32.6296],[-96.6579,32.6432],[-96.6409,32.6609],[-96.6452,32.6644],[-96.6401,32.6808],[-96.6572,32.6831],[-96.6952,32.6767],[-96.6937,32.6806],[-96.6991,32.6805],[-96.7188,32.6694],[-96.7252,32.6717],[-96.7227,32.6639],[-96.7324,32.6591],[-96.7813,32.6479],[-96.7866,32.6804],[-96.8058,32.6624],[-96.8231,32.6623],[-96.8226,32.6043],[-96.8406,32.6043],[-96.8401,32.6188],[-96.8742,32.6186],[-96.8741,32.5753],[-96.8569,32.5752],[-96.8569,32.566],[-96.8612,32.5651],[-96.8997,32.5682],[-96.8997,32.5754],[-96.9083,32.5754],[-96.9084,32.6188],[-96.9156,32.6189],[-96.911,32.6233],[-96.9333,32.6224],[-96.9432,32.6267],[-96.949,32.6205],[-96.9532,32.6327],[-96.9576,32.6327],[-96.9758,32.6221],[-96.9726,32.6404],[-96.9972,32.6441],[-97.0113,32.6397],[-97.0151,32.6558],[-97.0278,32.6554],[-97.0279,32.6457],[-97.0371,32.6459],[-97.0386,32.5544]]]},"properties":{"geoid":"48109","state":"48","district":"109","name":"State House District 109","chamber":"House"}},{"type":"Feature","geometry":{"type":"Polygon","coordinates":[[[-96.8321,32.7051],[-96.8275,32.7057],[-96.8235,32.6989],[-96.8231,32.6623],[-96.8058,32.6624],[-96.7864,32.6804],[-96.7813,32.6479],[-96.7324,32.6591],[-96.7227,32.6639],[-96.7252,32.6717],[-96.7188,32.6694],[-96.6991,32.6805],[-96.6937,32.6806],[-96.6952,32.6767],[-96.6572,32.6831],[-96.6401,32.6808],[-96.6452,32.6644],[-96.6409,32.6609],[-96.6579,32.6432],[-96.6286,32.6296],[-96.6305,32.6207],[-96.6222,32.6177],[-96.5821,32.6524],[-96.5946,32.661],[-96.5912,32.6674],[-96.598,32.6709],[-96.5884,32.6698],[-96.5728,32.6825],[-96.5629,32.6811],[-96.5553,32.6921],[-96.563,32.7012],[-96.5736,32.7019],[-96.5849,32.7118],[-96.5783,32.7165],[-96.5992,32.7297],[-96.6002,32.7452],[-96.612,32.746],[-96.6131,32.735],[-96.6207,32.7347],[-96.6226,32.7486],[-96.6397,32.7488],[-96.6384,32.7121],[-96.6426,32.7195],[-96.6681,32.7197],[-96.6623,32.7301],[-96.6618,32.7488],[-96.7042,32.7492],[-96.7103,32.7344],[-96.7269,32.7452],[-96.7457,32.7468],[-96.7455,32.7397],[-96.7562,32.7351],[-96.755,32.7284],[-96.7345,32.7238],[-96.7319,32.7187],[-96.7357,32.7075],[-96.7473,32.7032],[-96.7533,32.7125],[-96.7647,32.7151],[-96.7742,32.7106],[-96.7854,32.7294],[-96.8028,32.7201],[-96.8093,32.725],[-96.8097,32.7203],[-96.8277,32.7204],[-96.8321,32.7051]]]},"properties":{"geoid":"48110","state":"48","district":"110","name":"State House District 110","chamber":"House"}},{"type":"Feature","geometry":{"type":"Polygon","coordinates":[[[-97.0371,32.646],[-97.0279,32.6457],[-97.0278,32.6554],[-97.0151,32.6558],[-97.0113,32.6397],[-96.9972,32.6441],[-96.9726,32.6404],[-96.9758,32.6221],[-96.9576,32.6327],[-96.9532,32.6327],[-96.949,32.6205],[-96.9432,32.6267],[-96.9333,32.6224],[-96.911,32.6233],[-96.9156,32.6189],[-96.9084,32.6188],[-96.9083,32.5754],[-96.8997,32.5754],[-96.8997,32.5682],[-96.8569,32.566],[-96.8569,32.5752],[-96.8741,32.5753],[-96.8742,32.6186],[-96.8401,32.6188],[-96.8406,32.6043],[-96.8226,32.6043],[-96.8235,32.6989],[-96.8275,32.7057],[-96.8913,32.7058],[-96.8913,32.7111],[-96.903,32.7051],[-96.9181,32.7205],[-96.9328,32.7056],[-96.955,32.708],[-96.9631,32.6978],[-96.9697,32.6944],[-96.9732,32.6973],[-96.9709,32.685],[-96.9757,32.6709],[-97.0366,32.6762],[-97.0371,32.646]]]},"properties":{"geoid":"48111","state":"48","district":"111","name":"State House District 111","chamber":"House"}},{"type":"Feature","geometry":{"type":"Polygon","coordinates":[[[-96.83,32.9873],[-96.8218,32.9732],[-96.8216,32.9614],[-96.8041,32.9707],[-96.8042,32.9541],[-96.7977,32.9499],[-96.7348,32.9511],[-96.6999,32.9453],[-96.7,32.9606],[-96.6624,32.9589],[-96.6487,32.9704],[-96.642,32.9662],[-96.6562,32.9539],[-96.6483,32.9469],[-96.6483,32.9312],[-96.6241,32.9311],[-96.6231,32.9394],[-96.6308,32.9334],[-96.6355,32.9394],[-96.6327,32.9478],[-96.6266,32.9528],[-96.6204,32.9475],[-96.6065,32.969],[-96.5871,32.9523],[-96.5896,32.9471],[-96.5839,32.9415],[-96.5748,32.9477],[-96.5497,32.9474],[-96.5448,32.9293],[-96.5558,32.9235],[-96.5563,32.9077],[-96.5929,32.9091],[-96.5924,32.894],[-96.6022,32.894],[-96.6216,32.8788],[-96.6055,32.865],[-96.5851,32.8821],[-96.5698,32.8678],[-96.5408,32.8725],[-96.5337,32.8698],[-96.5699,32.8505],[-96.5695,32.8437],[-96.5663,32.8485],[-96.5607,32.8473],[-96.5599,32.8337],[-96.5645,32.8299],[-96.5958,32.8332],[-96.5959,32.8175],[-96.6044,32.814],[-96.6045,32.8067],[-96.5992,32.8067],[-96.5981,32.7979],[-96.5796,32.796],[-96.5799,32.7794],[-96.5703,32.7797],[-96.5703,32.7646],[-96.5196,32.7543],[-96.517,32.9829],[-96.83,32.9873]]]},"properties":{"geoid":"48112","state":"48","district":"112","name":"State House District 112","chamber":"House"}},{"type":"Feature","geometry":{"type":"Polygon","coordinates":[[[-96.6392,32.8176],[-96.6278,32.8104],[-96.6253,32.7926],[-96.6121,32.7927],[-96.6073,32.788],[-96.6153,32.7813],[-96.6111,32.7778],[-96.5959,32.7883],[-96.5972,32.7673],[-96.6056,32.7681],[-96.6052,32.7559],[-96.6174,32.7559],[-96.6122,32.7425],[-96.612,32.746],[-96.6018,32.7466],[-96.5992,32.7297],[-96.5783,32.7165],[-96.5849,32.7118],[-96.5736,32.7019],[-96.563,32.7012],[-96.5553,32.6921],[-96.5513,32.6952],[-96.5377,32.6835],[-96.5322,32.694],[-96.5206,32.6938],[-96.5196,32.7543],[-96.5703,32.7646],[-96.5703,32.7797],[-96.5799,32.7794],[-96.5796,32.796],[-96.5981,32.7979],[-96.5992,32.8067],[-96.6045,32.8067],[-96.6044,32.814],[-96.5959,32.8175],[-96.5958,32.8332],[-96.5645,32.8299],[-96.5599,32.8337],[-96.5607,32.8473],[-96.5663,32.8485],[-96.5695,32.8437],[-96.5699,32.8505],[-96.5337,32.8698],[-96.5408,32.8725],[-96.5698,32.8678],[-96.5851,32.8821],[-96.6055,32.865],[-96.6216,32.8788],[-96.6022,32.894],[-96.5924,32.894],[-96.5929,32.9091],[-96.5563,32.9077],[-96.5558,32.9235],[-96.5448,32.9293],[-96.5497,32.9474],[-96.5748,32.9477],[-96.5839,32.9415],[-96.5896,32.9471],[-96.5871,32.9523],[-96.6065,32.969],[-96.6204,32.9475],[-96.6266,32.9528],[-96.6326,32.9479],[-96.6355,32.9394],[-96.6308,32.9334],[-96.6231,32.9394],[-96.6247,32.9316],[-96.6138,32.9289],[-96.6138,32.9108],[-96.621,32.9081],[-96.6222,32.8943],[-96.631,32.8944],[-96.6317,32.8704],[-96.6158,32.8549],[-96.6349,32.8438],[-96.6298,32.8231],[-96.6392,32.8176]]]},"properties":{"geoid":"48113","state":"48","district":"113","name":"State House District 113","chamber":"House"}},{"type":"Feature","geometry":{"type":"Polygon","coordinates":[[[-96.8121,32.777],[-96.8111,32.7714],[-96.8045,32.7691],[-96.7711,32.7815],[-96.7617,32.7901],[-96.7465,32.7915],[-96.7431,32.7855],[-96.7291,32.7837],[-96.7309,32.7664],[-96.7008,32.7635],[-96.7001,32.778],[-96.7171,32.7834],[-96.718,32.7949],[-96.7315,32.7929],[-96.7289,32.8043],[-96.7089,32.8111],[-96.7057,32.8085],[-96.6792,32.8209],[-96.6733,32.8347],[-96.6867,32.8402],[-96.6679,32.8683],[-96.7053,32.8883],[-96.7005,32.8845],[-96.7006,32.8642],[-96.7287,32.857],[-96.7385,32.8672],[-96.7437,32.8651],[-96.7414,32.8724],[-96.7487,32.8802],[-96.7593,32.8834],[-96.7634,32.8731],[-96.7707,32.8718],[-96.7716,32.851],[-96.7606,32.851],[-96.7538,32.8596],[-96.7496,32.8569],[-96.7529,32.8425],[-96.7384,32.8334],[-96.7457,32.8313],[-96.7409,32.8208],[-96.7522,32.8144],[-96.7529,32.823],[-96.7702,32.8229],[-96.7701,32.8398],[-96.7811,32.8366],[-96.7861,32.8221],[-96.7912,32.8241],[-96.8014,32.8085],[-96.791,32.8018],[-96.7931,32.7955],[-96.8033,32.7879],[-96.8056,32.7777],[-96.808,32.7842],[-96.8121,32.777]]]},"properties":{"geoid":"48114","state":"48","district":"114","name":"State House District 114","chamber":"House"}},{"type":"Feature","geometry":{"type":"Polygon","coordinates":[[[-97.0321,32.9338],[-97.0231,32.9229],[-96.9311,32.8737],[-96.9268,32.9026],[-96.9311,32.9094],[-96.9408,32.9116],[-96.9252,32.918],[-96.9247,32.924],[-96.9195,32.9238],[-96.9205,32.9306],[-96.9111,32.9307],[-96.9111,32.9392],[-96.9027,32.9392],[-96.9232,32.9751],[-96.8899,32.9756],[-96.8864,32.9536],[-96.8707,32.9534],[-96.8732,32.9389],[-96.8906,32.9384],[-96.8909,32.924],[-96.856,32.9242],[-96.856,32.9181],[-96.8355,32.9259],[-96.8036,32.925],[-96.8041,32.9707],[-96.8216,32.9614],[-96.8287,32.9872],[-97.031,32.9897],[-97.0321,32.9338]]]},"properties":{"geoid":"48115","state":"48","district":"115","name":"State House District 115","chamber":"House"}},{"type":"Feature","geometry":{"type":"Polygon","coordinates":[[[-98.6568,29.5635],[-98.6294,29.556],[-98.6347,29.5464],[-98.6316,29.5415],[-98.6149,29.5447],[-98.5999,29.5237],[-98.6187,29.5048],[-98.588,29.4781],[-98.5543,29.4567],[-98.5598,29.4573],[-98.5609,29.4486],[-98.5403,29.4466],[-98.5426,29.4295],[-98.5541,29.4308],[-98.5559,29.4162],[-98.5279,29.4208],[-98.5269,29.4281],[-98.5132,29.4269],[-98.5117,29.44],[-98.5149,29.4486],[-98.5239,29.4538],[-98.526,29.4664],[-98.5158,29.4664],[-98.5167,29.4744],[-98.5288,29.4837],[-98.5448,29.4876],[-98.5559,29.5249],[-98.5788,29.5445],[-98.5738,29.5416],[-98.5671,29.549],[-98.5527,29.5404],[-98.5488,29.5441],[-98.5749,29.5627],[-98.5885,29.5948],[-98.6014,29.6038],[-98.6084,29.6205],[-98.6287,29.6105],[-98.6294,29.5902],[-98.6568,29.5635]]]},"properties":{"geoid":"48116","state":"48","district":"116","name":"State House District 116","chamber":"House"}},{"type":"Feature","geometry":{"type":"Polygon","coordinates":[[[-98.8056,29.5227],[-98.8049,29.4039],[-98.797,29.4039],[-98.797,29.4087],[-98.7797,29.4082],[-98.7761,29.4008],[-98.768,29.4007],[-98.7736,29.411],[-98.7382,29.4077],[-98.7315,29.4009],[-98.735,29.3958],[-98.7286,29.386],[-98.7319,29.3792],[-98.7245,29.3771],[-98.7267,29.3557],[-98.7176,29.3556],[-98.7178,29.3433],[-98.7137,29.341],[-98.7099,29.352],[-98.6994,29.3389],[-98.6912,29.3362],[-98.6914,29.3403],[-98.6869,29.3278],[-98.6761,29.3279],[-98.6762,29.324],[-98.6708,29.3281],[-98.6512,29.3197],[-98.6259,29.3377],[-98.6162,29.3188],[-98.5905,29.3157],[-98.5718,29.3194],[-98.574,29.3066],[-98.5561,29.304],[-98.5531,29.3202],[-98.5326,29.3202],[-98.5341,29.3566],[-98.5257,29.3567],[-98.5126,29.3824],[-98.5508,29.3852],[-98.575,29.3549],[-98.5858,29.3657],[-98.5957,29.3664],[-98.6135,29.377],[-98.6209,29.3664],[-98.6266,29.367],[-98.6423,29.396],[-98.6353,29.3927],[-98.6263,29.4021],[-98.6071,29.4065],[-98.7009,29.382],[-98.694,29.3901],[-98.6937,29.4176],[-98.6986,29.4138],[-98.7096,29.4206],[-98.7111,29.4693],[-98.7107,29.4818],[-98.7004,29.5042],[-98.7189,29.5073],[-98.7231,29.5026],[-98.7581,29.5163],[-98.7709,29.5096],[-98.8056,29.5227]]]},"properties":{"geoid":"48117","state":"48","district":"117","name":"State House District 117","chamber":"House"}},{"type":"Feature","geometry":{"type":"Polygon","coordinates":[[[-98.8051,29.3028],[-98.8048,29.2507],[-98.4073,29.1144],[-98.1372,29.4404],[-98.1207,29.4466],[-98.1269,29.4571],[-98.1202,29.4575],[-98.1169,29.4639],[-98.1273,29.4825],[-98.1354,29.479],[-98.1356,29.4842],[-98.1428,29.4865],[-98.1435,29.4788],[-98.1495,29.4758],[-98.1509,29.4806],[-98.1661,29.4789],[-98.1698,29.4978],[-98.1728,29.4943],[-98.1838,29.496],[-98.1772,29.4847],[-98.1869,29.4874],[-98.1902,29.4947],[-98.1863,29.5014],[-98.1909,29.5096],[-98.1994,29.5097],[-98.1969,29.5156],[-98.2048,29.5221],[-98.219,29.5237],[-98.2223,29.5385],[-98.2297,29.5429],[-98.2219,29.5438],[-98.2216,29.5479],[-98.2299,29.5468],[-98.2335,29.5548],[-98.2449,29.5568],[-98.2513,29.5498],[-98.2585,29.5549],[-98.2552,29.5404],[-98.2842,29.5533],[-98.2885,29.5597],[-98.2985,29.5611],[-98.3061,29.5786],[-98.304,29.5845],[-98.3121,29.5908],[-98.3127,29.6021],[-98.3249,29.6031],[-98.3287,29.6082],[-98.3574,29.5998],[-98.362,29.6034],[-98.4183,29.6009],[-98.4093,29.5948],[-98.4015,29.5781],[-98.4057,29.5739],[-98.4005,29.5664],[-98.4025,29.5596],[-98.3947,29.5685],[-98.3896,29.5682],[-98.3918,29.5652],[-98.3848,29.5684],[-98.3797,29.5555],[-98.3566,29.5701],[-98.3362,29.5377],[-98.3259,29.5414],[-98.3199,29.5502],[-98.3081,29.5423],[-98.2876,29.5128],[-98.2881,29.504],[-98.2462,29.5237],[-98.2227,29.4858],[-98.2912,29.4622],[-98.2855,29.4477],[-98.2599,29.421],[-98.2702,29.4218],[-98.2732,29.4172],[-98.2591,29.4137],[-98.2646,29.3957],[-98.3071,29.4038],[-98.3129,29.3897],[-98.3213,29.3915],[-98.3239,29.3827],[-98.3286,29.3838],[-98.3353,29.3736],[-98.3465,29.376],[-98.3459,29.3798],[-98.3478,29.3763],[-98.3608,29.3791],[-98.3608,29.3636],[-98.3795,29.3674],[-98.3791,29.343],[-98.3892,29.343],[-98.4003,29.3534],[-98.4112,29.3316],[-98.4438,29.322],[-98.4779,29.322],[-98.5033,29.3862],[-98.5039,29.3567],[-98.5341,29.3566],[-98.5326,29.3202],[-98.5531,29.3202],[-98.5561,29.304],[-98.574,29.3066],[-98.5718,29.3194],[-98.5905,29.3157],[-98.6162,29.3188],[-98.6259,29.3377],[-98.6515,29.3196],[-98.6701,29.3279],[-98.6762,29.324],[-98.6761,29.3279],[-98.6869,29.3278],[-98.6914,29.3403],[-98.6912,29.3362],[-98.6994,29.3389],[-98.71,29.352],[-98.7157,29.3408],[-98.7176,29.3556],[-98.7267,29.3557],[-98.7245,29.3771],[-98.7319,29.3792],[-98.7286,29.386],[-98.735,29.3958],[-98.7315,29.4009],[-98.7382,29.4077],[-98.7736,29.411],[-98.768,29.4007],[-98.7761,29.4008],[-98.7797,29.4082],[-98.797,29.4087],[-98.797,29.4039],[-98.8049,29.4039],[-98.8051,29.3028]]]},"properties":{"geoid":"48118","state":"48","district":"118","name":"State House District 118","chamber":"House"}},{"type":"Feature","geometry":{"type":"Polygon","coordinates":[[[-98.5511,29.3837],[-98.5126,29.3824],[-98.5257,29.3567],[-98.5039,29.3567],[-98.5033,29.3862],[-98.4779,29.322],[-98.4296,29.3239],[-98.4112,29.3316],[-98.4003,29.3534],[-98.3892,29.343],[-98.3791,29.343],[-98.3795,29.3674],[-98.3608,29.3636],[-98.3608,29.3791],[-98.3478,29.3763],[-98.3459,29.3798],[-98.3465,29.376],[-98.3353,29.3736],[-98.3286,29.3838],[-98.3239,29.3827],[-98.3213,29.3915],[-98.3129,29.3897],[-98.3071,29.4038],[-98.2646,29.3957],[-98.2591,29.4137],[-98.2732,29.4172],[-98.2702,29.4218],[-98.2599,29.421],[-98.2855,29.4477],[-98.2912,29.4622],[-98.2227,29.4858],[-98.2462,29.5237],[-98.2881,29.504],[-98.2876,29.5128],[-98.3011,29.5339],[-98.3199,29.5502],[-98.335,29.5373],[-98.3566,29.5701],[-98.3797,29.5555],[-98.3848,29.5684],[-98.3918,29.5652],[-98.3896,29.5682],[-98.3947,29.5685],[-98.4224,29.5395],[-98.4157,29.5331],[-98.3966,29.5324],[-98.3863,29.5418],[-98.3792,29.5397],[-98.369,29.5456],[-98.3439,29.5216],[-98.3105,29.5058],[-98.3193,29.4989],[-98.3111,29.4941],[-98.3087,29.4848],[-98.3193,29.4613],[-98.3607,29.4452],[-98.3608,29.392],[-98.3687,29.3944],[-98.3666,29.3817],[-98.3779,29.3798],[-98.3747,29.3872],[-98.3863,29.3877],[-98.3839,29.3982],[-98.4269,29.3986],[-98.4234,29.3907],[-98.4368,29.3984],[-98.4368,29.409],[-98.4466,29.4045],[-98.4431,29.4134],[-98.4612,29.4134],[-98.4612,29.4025],[-98.4735,29.4025],[-98.4813,29.3941],[-98.537,29.4012],[-98.5401,29.3975],[-98.5491,29.3988],[-98.5511,29.3837]]]},"properties":{"geoid":"48119","state":"48","district":"119","name":"State House District 119","chamber":"House"}},{"type":"Feature","geometry":{"type":"Polygon","coordinates":[[[-98.4817,29.4264],[-98.4732,29.4205],[-98.4718,29.4087],[-98.4431,29.4134],[-98.4466,29.4045],[-98.4368,29.409],[-98.4368,29.3984],[-98.4232,29.3906],[-98.4269,29.3986],[-98.3839,29.3982],[-98.3863,29.3877],[-98.3747,29.3872],[-98.3779,29.3798],[-98.3666,29.3817],[-98.3687,29.3944],[-98.3608,29.392],[-98.3607,29.4452],[-98.3193,29.4613],[-98.3087,29.4848],[-98.3111,29.4941],[-98.3193,29.4989],[-98.3105,29.5059],[-98.3439,29.5216],[-98.369,29.5456],[-98.3895,29.5333],[-98.3946,29.5218],[-98.425,29.4979],[-98.4336,29.4938],[-98.4546,29.4957],[-98.4544,29.4916],[-98.4593,29.4918],[-98.4593,29.4844],[-98.4304,29.4848],[-98.4441,29.4635],[-98.4473,29.4626],[-98.4472,29.4683],[-98.4676,29.4684],[-98.4745,29.4519],[-98.4702,29.4483],[-98.4752,29.4443],[-98.4671,29.4403],[-98.4791,29.439],[-98.4817,29.4264]]]},"properties":{"geoid":"48120","state":"48","district":"120","name":"State House District 120","chamber":"House"}},{"type":"Feature","geometry":{"type":"Polygon","coordinates":[[[-98.501,29.6396],[-98.4957,29.6326],[-98.4926,29.6082],[-98.4831,29.6048],[-98.4751,29.6076],[-98.4709,29.6008],[-98.4933,29.5388],[-98.4869,29.5307],[-98.4882,29.5252],[-98.4841,29.5204],[-98.4693,29.5183],[-98.452,29.5355],[-98.4394,29.5261],[-98.4478,29.5204],[-98.446,29.5164],[-98.4643,29.517],[-98.4662,29.5072],[-98.477,29.5077],[-98.4922,29.4803],[-98.4923,29.4682],[-98.4767,29.4681],[-98.4773,29.48],[-98.4676,29.4684],[-98.4472,29.4683],[-98.4447,29.4634],[-98.4304,29.4848],[-98.4593,29.4844],[-98.4593,29.4918],[-98.4544,29.4916],[-98.4546,29.4957],[-98.4336,29.4938],[-98.425,29.4979],[-98.4037,29.5131],[-98.3896,29.5332],[-98.3792,29.5397],[-98.3863,29.5418],[-98.3898,29.5357],[-98.4047,29.5313],[-98.4144,29.5324],[-98.4224,29.5395],[-98.4005,29.5664],[-98.4092,29.5946],[-98.4183,29.6009],[-98.362,29.6034],[-98.3574,29.5998],[-98.3285,29.6085],[-98.3456,29.6191],[-98.3406,29.6285],[-98.3477,29.6444],[-98.3429,29.6537],[-98.3566,29.6586],[-98.3638,29.6667],[-98.3785,29.6627],[-98.3844,29.6769],[-98.3763,29.6871],[-98.3804,29.7037],[-98.3447,29.7072],[-98.3386,29.7218],[-98.3536,29.7345],[-98.3751,29.7199],[-98.375,29.7317],[-98.3988,29.7379],[-98.4033,29.7488],[-98.4161,29.7465],[-98.4218,29.7404],[-98.4171,29.731],[-98.4297,29.724],[-98.4279,29.7167],[-98.4439,29.7197],[-98.4488,29.7101],[-98.4725,29.7153],[-98.4841,29.7096],[-98.4745,29.6846],[-98.4765,29.6795],[-98.4692,29.6796],[-98.4688,29.6681],[-98.478,29.6662],[-98.4794,29.6599],[-98.4913,29.6613],[-98.4929,29.6456],[-98.501,29.6396]]]},"properties":{"geoid":"48121","state":"48","district":"121","name":"State House District 121","chamber":"House"}},{"type":"Feature","geometry":{"type":"Polygon","coordinates":[[[-98.8066,29.6907],[-98.8056,29.5227],[-98.7685,29.5099],[-98.7588,29.5151],[-98.7381,29.5558],[-98.7294,29.5567],[-98.7238,29.5552],[-98.728,29.5471],[-98.7234,29.5452],[-98.7256,29.541],[-98.7123,29.5389],[-98.7182,29.5257],[-98.695,29.5153],[-98.6809,29.5398],[-98.6421,29.5814],[-98.631,29.5877],[-98.6287,29.6105],[-98.6114,29.6198],[-98.6014,29.6038],[-98.5885,29.5948],[-98.5729,29.5601],[-98.5488,29.5441],[-98.5351,29.5577],[-98.5393,29.5662],[-98.5318,29.5737],[-98.538,29.5824],[-98.528,29.5934],[-98.5188,29.5809],[-98.5057,29.5743],[-98.5086,29.5682],[-98.5019,29.5574],[-98.4868,29.5682],[-98.4831,29.5654],[-98.4709,29.6008],[-98.4751,29.6076],[-98.4831,29.6048],[-98.4926,29.6082],[-98.4957,29.6326],[-98.5009,29.6402],[-98.4929,29.6456],[-98.4913,29.6613],[-98.4794,29.6599],[-98.478,29.6662],[-98.4688,29.6681],[-98.4692,29.6796],[-98.4765,29.6795],[-98.4745,29.6846],[-98.4841,29.7096],[-98.4725,29.7153],[-98.4488,29.7101],[-98.4427,29.7326],[-98.4468,29.736],[-98.4594,29.7318],[-98.466,29.7385],[-98.4764,29.7335],[-98.4907,29.7354],[-98.5218,29.7452],[-98.5265,29.7404],[-98.534,29.7524],[-98.5468,29.7533],[-98.5505,29.7607],[-98.5593,29.7515],[-98.5749,29.7502],[-98.5825,29.7412],[-98.5885,29.7476],[-98.603,29.7497],[-98.6005,29.7413],[-98.6142,29.7376],[-98.6192,29.7441],[-98.6435,29.7404],[-98.6513,29.754],[-98.6531,29.7488],[-98.6631,29.7475],[-98.6603,29.7416],[-98.7004,29.7374],[-98.7,29.7326],[-98.7172,29.7253],[-98.7341,29.7295],[-98.7288,29.7225],[-98.7382,29.7166],[-98.7598,29.7223],[-98.7788,29.7202],[-98.8066,29.6907]]]},"properties":{"geoid":"48122","state":"48","district":"122","name":"State House District 122","chamber":"House"}},{"type":"Feature","geometry":{"type":"Polygon","coordinates":[[[-98.5787,29.5447],[-98.5559,29.5249],[-98.5448,29.4876],[-98.5288,29.4837],[-98.5167,29.4744],[-98.5158,29.4664],[-98.526,29.4664],[-98.5239,29.4538],[-98.5149,29.4486],[-98.5117,29.44],[-98.5132,29.4269],[-98.5269,29.4281],[-98.5279,29.4208],[-98.5392,29.4217],[-98.5401,29.4145],[-98.5289,29.413],[-98.5308,29.3988],[-98.4818,29.3941],[-98.4735,29.4025],[-98.4612,29.4025],[-98.4612,29.4092],[-98.4733,29.4094],[-98.4732,29.4205],[-98.4817,29.4251],[-98.4791,29.439],[-98.4671,29.4403],[-98.4752,29.4443],[-98.4702,29.4483],[-98.4745,29.4519],[-98.4674,29.4683],[-98.4781,29.48],[-98.4767,29.4681],[-98.4923,29.4682],[-98.4922,29.4803],[-98.477,29.5077],[-98.4662,29.5072],[-98.4643,29.517],[-98.446,29.5164],[-98.4478,29.5204],[-98.4394,29.5264],[-98.452,29.5355],[-98.4693,29.5183],[-98.4841,29.5204],[-98.4933,29.5388],[-98.4822,29.5647],[-98.4868,29.5682],[-98.5019,29.5574],[-98.5086,29.5682],[-98.5057,29.5743],[-98.5188,29.5809],[-98.528,29.5934],[-98.538,29.5824],[-98.5318,29.5737],[-98.5393,29.5662],[-98.5351,29.5577],[-98.5413,29.5512],[-98.5527,29.5404],[-98.5671,29.549],[-98.5738,29.5416],[-98.5787,29.5447]]]},"properties":{"geoid":"48123","state":"48","district":"123","name":"State House District 123","chamber":"House"}},{"type":"Feature","geometry":{"type":"Polygon","coordinates":[[[-98.7112,29.4333],[-98.7096,29.4206],[-98.6986,29.4138],[-98.6938,29.4179],[-98.694,29.3901],[-98.7009,29.382],[-98.6071,29.4065],[-98.6263,29.4021],[-98.6353,29.3927],[-98.6423,29.396],[-98.6266,29.367],[-98.6209,29.3664],[-98.6135,29.377],[-98.5957,29.3664],[-98.5858,29.3657],[-98.575,29.3549],[-98.5508,29.3852],[-98.5491,29.3988],[-98.5308,29.3988],[-98.5289,29.413],[-98.5401,29.4145],[-98.5395,29.4199],[-98.5559,29.4162],[-98.5551,29.4222],[-98.5639,29.4234],[-98.5629,29.4317],[-98.633,29.439],[-98.6339,29.4482],[-98.6189,29.4661],[-98.6232,29.4668],[-98.63,29.4835],[-98.6508,29.4771],[-98.6714,29.4873],[-98.7048,29.4941],[-98.7107,29.4817],[-98.7112,29.4333]]]},"properties":{"geoid":"48124","state":"48","district":"124","name":"State House District 124","chamber":"House"}},{"type":"Feature","geometry":{"type":"Polygon","coordinates":[[[-98.7581,29.5163],[-98.7231,29.5026],[-98.7189,29.5073],[-98.7105,29.5041],[-98.7088,29.5074],[-98.7004,29.5042],[-98.7054,29.4943],[-98.6714,29.4873],[-98.6514,29.4772],[-98.63,29.4835],[-98.6232,29.4668],[-98.6189,29.4661],[-98.6339,29.4482],[-98.634,29.4403],[-98.6292,29.4363],[-98.5629,29.4317],[-98.5639,29.4234],[-98.5551,29.4222],[-98.5541,29.4308],[-98.5426,29.4295],[-98.5403,29.4466],[-98.5609,29.4486],[-98.5598,29.4573],[-98.5543,29.4567],[-98.588,29.4781],[-98.6187,29.5048],[-98.5999,29.5237],[-98.6149,29.5447],[-98.6316,29.5415],[-98.6347,29.5464],[-98.6294,29.556],[-98.6568,29.5635],[-98.6813,29.5394],[-98.695,29.5153],[-98.7182,29.5257],[-98.7123,29.5389],[-98.7256,29.541],[-98.7234,29.5452],[-98.728,29.5471],[-98.7238,29.5552],[-98.7381,29.5558],[-98.7581,29.5163]]]},"properties":{"geoid":"48125","state":"48","district":"125","name":"State House District 125","chamber":"House"}},{"type":"Feature","geometry":{"type":"Polygon","coordinates":[[[-95.6497,29.937],[-95.6287,29.9212],[-95.6287,29.9293],[-95.5979,29.9251],[-95.5471,29.9612],[-95.5342,29.9508],[-95.5207,29.9492],[-95.5025,29.9596],[-95.5131,29.9797],[-95.4865,29.9944],[-95.4965,30.0093],[-95.4954,30.0158],[-95.4857,30.0245],[-95.4804,30.0198],[-95.4725,30.0274],[-95.4676,30.0264],[-95.4613,30.0349],[-95.4428,30.0363],[-95.45,30.0464],[-95.4465,30.0473],[-95.4484,30.0624],[-95.4886,30.0405],[-95.4928,30.0505],[-95.4989,30.0448],[-95.4921,30.0384],[-95.5262,30.0231],[-95.5507,30.0717],[-95.5651,30.0825],[-95.5833,30.0613],[-95.5894,30.0619],[-95.591,30.0371],[-95.5856,30.0144],[-95.608,30.0127],[-95.6117,30.0005],[-95.6025,29.9966],[-95.6114,29.9907],[-95.6114,29.9843],[-95.5852,29.9668],[-95.5849,29.9525],[-95.6434,29.946],[-95.6497,29.937]]]},"properties":{"geoid":"48126","state":"48","district":"126","name":"State House District 126","chamber":"House"}},{"type":"Feature","geometry":{"type":"Polygon","coordinates":[[[-95.3824,30.0404],[-95.3801,30.0204],[-95.3107,30.0043],[-95.2678,30.005],[-95.2698,29.9997],[-95.264,29.9946],[-95.2576,29.995],[-95.2574,29.9992],[-95.2124,29.9993],[-95.2123,29.9739],[-95.2104,29.9644],[-95.2054,29.9632],[-95.2144,29.9561],[-95.1938,29.9449],[-95.2041,29.9342],[-95.1859,29.935],[-95.1702,29.9416],[-95.1723,29.9354],[-95.1481,29.9402],[-95.1543,29.9512],[-95.1293,29.9779],[-95.1315,29.9877],[-95.1099,29.9882],[-95.1029,30.0193],[-95.0994,30.0194],[-95.0991,30.046],[-95.0934,30.0479],[-95.1008,30.0655],[-95.092,30.0728],[-95.0919,30.0833],[-95.0726,30.1031],[-95.0967,30.1672],[-95.2641,30.0321],[-95.3056,30.0298],[-95.3126,30.0351],[-95.3092,30.0446],[-95.316,30.0538],[-95.3215,30.053],[-95.3288,30.0622],[-95.3371,30.0631],[-95.3503,30.0767],[-95.3815,30.0608],[-95.3721,30.0473],[-95.3533,30.0416],[-95.3675,30.0339],[-95.3824,30.0404]]]},"properties":{"geoid":"48127","state":"48","district":"127","name":"State House District 127","chamber":"House"}},{"type":"Feature","geometry":{"type":"Polygon","coordinates":[[[-95.1607,29.6395],[-95.1483,29.6373],[-95.1359,29.6423],[-95.1309,29.6407],[-95.1306,29.6333],[-95.1082,29.6349],[-95.1144,29.6413],[-95.1099,29.6505],[-95.0864,29.6511],[-95.0869,29.6644],[-95.036,29.6652],[-95.0356,29.6522],[-95.0152,29.6525],[-95.0147,29.658],[-95.0107,29.6505],[-95.0016,29.6644],[-94.9697,29.6828],[-94.9303,29.6737],[-94.9156,29.6978],[-94.9299,29.6974],[-94.9251,29.7031],[-94.933,29.7052],[-94.9326,29.7143],[-94.9425,29.7133],[-94.9455,29.7171],[-94.929,29.7371],[-94.9297,29.7505],[-94.9188,29.7555],[-94.919,29.7654],[-94.9134,29.7667],[-94.92,29.772],[-94.9163,29.7729],[-94.9214,29.7821],[-94.917,29.7868],[-94.9242,29.7959],[-94.9227,29.8027],[-94.9169,29.8033],[-94.9091,29.8138],[-94.9087,29.8261],[-94.9351,29.8346],[-94.9524,29.8548],[-94.9667,29.8584],[-94.9771,29.8682],[-94.9763,29.877],[-94.9861,29.8908],[-94.9878,29.9045],[-94.9987,29.9199],[-94.9927,29.9263],[-94.9951,29.9362],[-94.9877,29.9528],[-94.9809,29.9559],[-94.9822,29.965],[-94.986,29.9731],[-94.9955,29.9779],[-94.9998,29.9915],[-95.0219,29.9969],[-95.0312,29.9933],[-95.0726,30.1031],[-95.0919,30.0833],[-95.092,30.0728],[-95.1008,30.0655],[-95.0934,30.0479],[-95.0991,30.046],[-95.0994,30.0194],[-95.1029,30.0193],[-95.1099,29.9882],[-95.1315,29.9877],[-95.1293,29.9779],[-95.1543,29.9512],[-95.1404,29.9267],[-95.125,29.915],[-95.1251,29.906],[-95.1141,29.8918],[-95.0994,29.8907],[-95.0942,29.8762],[-95.0616,29.8887],[-95.0358,29.8884],[-95.0352,29.8635],[-95.0939,29.8648],[-95.0903,29.8486],[-95.101,29.8431],[-95.1064,29.845],[-95.0919,29.8316],[-95.0618,29.8307],[-95.0637,29.825],[-95.0777,29.8258],[-95.0796,29.8179],[-95.0886,29.8155],[-95.0898,29.8002],[-95.0701,29.8033],[-95.0572,29.799],[-95.0757,29.7801],[-95.0772,29.7696],[-95.0621,29.7607],[-95.0517,29.7427],[-95.0122,29.731],[-94.9992,29.7329],[-94.9882,29.7488],[-94.9771,29.7502],[-94.9729,29.7567],[-94.9638,29.7535],[-94.9403,29.7574],[-94.962,29.7215],[-94.9839,29.7136],[-95.0009,29.714],[-95.0259,29.6964],[-95.0341,29.7045],[-95.0557,29.7084],[-95.0576,29.7168],[-95.0511,29.7241],[-95.0583,29.7258],[-95.0485,29.7296],[-95.0604,29.7281],[-95.0553,29.7301],[-95.0686,29.7408],[-95.066,29.7467],[-95.0697,29.7528],[-95.0824,29.7617],[-95.0893,29.7576],[-95.0929,29.7047],[-95.1161,29.7112],[-95.1534,29.7121],[-95.1545,29.6837],[-95.1372,29.6735],[-95.1327,29.6635],[-95.1556,29.6657],[-95.1607,29.6395]]]},"properties":{"geoid":"48128","state":"48","district":"128","name":"State House District 128","chamber":"House"}},{"type":"Feature","geometry":{"type":"Polygon","coordinates":[[[-95.2621,29.5871],[-95.2524,29.5606],[-95.2538,29.5537],[-95.2428,29.5551],[-95.238,29.5614],[-95.2337,29.5571],[-95.2179,29.5594],[-95.2158,29.555],[-95.2011,29.5632],[-95.1992,29.5587],[-95.1934,29.5599],[-95.2,29.5526],[-95.1995,29.5445],[-95.1883,29.5355],[-95.1899,29.5273],[-95.1831,29.5191],[-95.1675,29.5125],[-95.1709,29.5075],[-95.1616,29.4973],[-95.1489,29.4987],[-95.1417,29.5064],[-95.1296,29.5051],[-95.1251,29.5103],[-95.1187,29.5069],[-95.1043,29.5107],[-95.1032,29.5209],[-95.0981,29.5183],[-95.094,29.524],[-95.0967,29.5347],[-95.09,29.5311],[-95.0796,29.5344],[-95.0807,29.5462],[-95.0721,29.5493],[-95.0669,29.5582],[-95.0501,29.5585],[-95.0296,29.5522],[-95.0285,29.5474],[-95.0175,29.5485],[-95.0209,29.553],[-95.0108,29.5701],[-94.9826,29.6018],[-94.9982,29.6205],[-95.0029,29.6192],[-95.015,29.6319],[-95.0131,29.6574],[-95.0175,29.6567],[-95.0152,29.6525],[-95.0356,29.6522],[-95.036,29.6652],[-95.0869,29.6644],[-95.0864,29.6511],[-95.1099,29.6505],[-95.1144,29.6413],[-95.1082,29.6349],[-95.1306,29.6333],[-95.1309,29.6407],[-95.1359,29.6423],[-95.1483,29.6373],[-95.1608,29.6394],[-95.1556,29.6657],[-95.1327,29.6635],[-95.1446,29.6779],[-95.1724,29.6759],[-95.1722,29.6653],[-95.1867,29.6651],[-95.1812,29.6304],[-95.198,29.623],[-95.177,29.6006],[-95.1844,29.5866],[-95.169,29.5696],[-95.1578,29.5802],[-95.1451,29.5667],[-95.1455,29.5588],[-95.1543,29.5533],[-95.163,29.5617],[-95.1737,29.5519],[-95.2191,29.5891],[-95.2174,29.586],[-95.2274,29.5844],[-95.2316,29.5771],[-95.2374,29.5879],[-95.2279,29.5966],[-95.2407,29.6071],[-95.2503,29.5983],[-95.2449,29.5941],[-95.2547,29.5853],[-95.2603,29.5899],[-95.2621,29.5871]]]},"properties":{"geoid":"48129","state":"48","district":"129","name":"State House District 129","chamber":"House"}},{"type":"Feature","geometry":{"type":"Polygon","coordinates":[[[-95.9607,30.1634],[-95.9214,30.0554],[-95.704,29.9737],[-95.6628,29.9456],[-95.6681,29.9417],[-95.6685,29.9138],[-95.6623,29.9064],[-95.6698,29.9029],[-95.6537,29.8998],[-95.6459,29.9211],[-95.6491,29.9422],[-95.6434,29.9421],[-95.6434,29.946],[-95.5849,29.9525],[-95.5852,29.9668],[-95.6114,29.9843],[-95.6114,29.9907],[-95.6025,29.9966],[-95.6117,30.0005],[-95.608,30.0127],[-95.5856,30.0144],[-95.591,30.0371],[-95.5928,30.1164],[-95.6195,30.116],[-95.6196,30.1355],[-95.6253,30.132],[-95.6239,30.1267],[-95.6369,30.1264],[-95.654,30.1092],[-95.6616,30.1114],[-95.669,30.1014],[-95.6838,30.1074],[-95.691,30.0988],[-95.7145,30.1025],[-95.734,30.0935],[-95.749,30.0958],[-95.7612,30.0864],[-95.7891,30.0947],[-95.817,30.0818],[-95.8284,30.0817],[-95.8439,30.0872],[-95.8465,30.1005],[-95.8619,30.1056],[-95.8735,30.122],[-95.8992,30.121],[-95.916,30.1313],[-95.9244,30.1424],[-95.9409,30.1443],[-95.9607,30.1634]]]},"properties":{"geoid":"48130","state":"48","district":"130","name":"State House District 130","chamber":"House"}},{"type":"Feature","geometry":{"type":"Polygon","coordinates":[[[-95.6045,29.6728],[-95.5978,29.661],[-95.4242,29.5807],[-95.3929,29.5816],[-95.3759,29.5884],[-95.3464,29.5856],[-95.3317,29.5991],[-95.3086,29.5949],[-95.2828,29.5977],[-95.2619,29.5933],[-95.2547,29.5853],[-95.2449,29.5941],[-95.2546,29.6017],[-95.2665,29.6016],[-95.2666,29.6118],[-95.2821,29.6117],[-95.2853,29.6208],[-95.3464,29.621],[-95.3465,29.625],[-95.3636,29.6288],[-95.3682,29.6211],[-95.3802,29.6212],[-95.3788,29.6322],[-95.3873,29.6322],[-95.3872,29.614],[-95.4196,29.6136],[-95.4237,29.6624],[-95.4823,29.6401],[-95.4804,29.6536],[-95.4868,29.653],[-95.4862,29.6446],[-95.493,29.6445],[-95.4928,29.6363],[-95.5075,29.6306],[-95.5083,29.6442],[-95.5211,29.6419],[-95.5192,29.6502],[-95.528,29.6511],[-95.5315,29.6562],[-95.528,29.6557],[-95.5282,29.6713],[-95.5086,29.6756],[-95.5057,29.6666],[-95.5059,29.6763],[-95.5252,29.6719],[-95.5305,29.6764],[-95.5502,29.6753],[-95.5488,29.6871],[-95.5568,29.7045],[-95.5575,29.6894],[-95.6043,29.6889],[-95.6045,29.6728]]]},"properties":{"geoid":"48131","state":"48","district":"131","name":"State House District 131","chamber":"House"}},{"type":"Feature","geometry":{"type":"Polygon","coordinates":[[[-95.9214,30.0554],[-95.826,29.7886],[-95.7294,29.7345],[-95.7264,29.7451],[-95.7096,29.7554],[-95.7017,29.7462],[-95.7019,29.7847],[-95.7519,29.7851],[-95.7522,29.8172],[-95.79,29.8169],[-95.7902,29.846],[-95.7569,29.8463],[-95.7572,29.8753],[-95.7238,29.8797],[-95.7188,29.8886],[-95.7261,29.9083],[-95.7043,29.9032],[-95.7037,29.9094],[-95.686,29.9085],[-95.6833,29.8856],[-95.6767,29.8907],[-95.6712,29.8877],[-95.6696,29.9058],[-95.6623,29.9064],[-95.6685,29.9138],[-95.6681,29.9417],[-95.6628,29.9456],[-95.7059,29.9748],[-95.9214,30.0554]]]},"properties":{"geoid":"48132","state":"48","district":"132","name":"State House District 132","chamber":"House"}},{"type":"Feature","geometry":{"type":"Polygon","coordinates":[[[-95.6666,29.7848],[-95.6468,29.7801],[-95.6465,29.748],[-95.654,29.7355],[-95.5886,29.7364],[-95.5844,29.7414],[-95.5762,29.7366],[-95.5389,29.7371],[-95.5384,29.7475],[-95.5253,29.7484],[-95.5212,29.7373],[-95.4609,29.7408],[-95.4613,29.7503],[-95.477,29.7501],[-95.4779,29.7638],[-95.4823,29.762],[-95.4828,29.7717],[-95.4889,29.7703],[-95.4882,29.7838],[-95.6666,29.7848]]]},"properties":{"geoid":"48133","state":"48","district":"133","name":"State House District 133","chamber":"House"}},{"type":"Feature","geometry":{"type":"Polygon","coordinates":[[[-95.4846,29.6992],[-95.4818,29.6665],[-95.4692,29.6658],[-95.4619,29.6707],[-95.4591,29.6814],[-95.4422,29.6909],[-95.4399,29.6795],[-95.4276,29.6777],[-95.4072,29.7008],[-95.3846,29.7057],[-95.3801,29.719],[-95.3903,29.725],[-95.3845,29.7322],[-95.3979,29.7344],[-95.3912,29.7379],[-95.3913,29.7447],[-95.3988,29.7515],[-95.3984,29.7617],[-95.3923,29.7625],[-95.3918,29.769],[-95.4095,29.7705],[-95.4097,29.7833],[-95.4183,29.7873],[-95.4275,29.803],[-95.4411,29.809],[-95.4502,29.8017],[-95.4563,29.7503],[-95.4613,29.7503],[-95.4609,29.7408],[-95.4766,29.7366],[-95.4764,29.7259],[-95.4604,29.7258],[-95.4763,29.7074],[-95.4741,29.702],[-95.4846,29.6992]]]},"properties":{"geoid":"48134","state":"48","district":"134","name":"State House District 134","chamber":"House"}},{"type":"Feature","geometry":{"type":"Polygon","coordinates":[[[-95.7902,29.846],[-95.79,29.8169],[-95.6868,29.8123],[-95.6832,29.8487],[-95.6454,29.8522],[-95.6453,29.8792],[-95.6574,29.8811],[-95.6563,29.8967],[-95.6413,29.8911],[-95.6341,29.9023],[-95.6206,29.8995],[-95.6207,29.8795],[-95.5892,29.8801],[-95.5851,29.8854],[-95.5871,29.8914],[-95.6198,29.9149],[-95.6307,29.9075],[-95.6416,29.9104],[-95.6431,29.9031],[-95.6536,29.9081],[-95.6537,29.8998],[-95.6698,29.9029],[-95.6685,29.8903],[-95.6833,29.8856],[-95.686,29.9085],[-95.7037,29.9094],[-95.7043,29.9032],[-95.7261,29.9083],[-95.7188,29.8886],[-95.7238,29.8797],[-95.7572,29.8753],[-95.7569,29.8463],[-95.7902,29.846]]]},"properties":{"geoid":"48135","state":"48","district":"135","name":"State House District 135","chamber":"House"}},{"type":"Feature","geometry":{"type":"Polygon","coordinates":[[[-97.8261,30.4559],[-97.8119,30.447],[-97.7888,30.4442],[-97.7794,30.4384],[-97.7763,30.4298],[-97.7536,30.4333],[-97.7547,30.4402],[-97.7467,30.4494],[-97.6888,30.4614],[-97.6829,30.4801],[-97.6639,30.4816],[-97.6514,30.4749],[-97.6186,30.4904],[-97.6068,30.4903],[-97.6035,30.4972],[-97.6453,30.4963],[-97.6475,30.523],[-97.6442,30.5319],[-97.6512,30.5394],[-97.6457,30.5591],[-97.6518,30.5724],[-97.6927,30.5582],[-97.6922,30.5354],[-97.7244,30.5314],[-97.7224,30.526],[-97.74,30.5196],[-97.7671,30.5322],[-97.7688,30.5417],[-97.8161,30.5253],[-97.8031,30.4963],[-97.802,30.4801],[-97.8153,30.4753],[-97.8106,30.4639],[-97.8261,30.4559]]]},"properties":{"geoid":"48136","state":"48","district":"136","name":"State House District 136","chamber":"House"}},{"type":"Feature","geometry":{"type":"Polygon","coordinates":[[[-95.5926,29.7363],[-95.5922,29.7154],[-95.5576,29.7183],[-95.5567,29.7005],[-95.5523,29.7006],[-95.5488,29.6871],[-95.534,29.6843],[-95.5179,29.7004],[-95.5087,29.6868],[-95.5025,29.6894],[-95.5036,29.6802],[-95.486,29.6752],[-95.4846,29.6992],[-95.4741,29.702],[-95.4763,29.7074],[-95.4604,29.7258],[-95.4764,29.7259],[-95.4766,29.7366],[-95.4684,29.7368],[-95.4707,29.7391],[-95.5212,29.7373],[-95.5253,29.7484],[-95.5384,29.7475],[-95.5389,29.7371],[-95.5762,29.7366],[-95.5844,29.7414],[-95.5926,29.7363]]]},"properties":{"geoid":"48137","state":"48","district":"137","name":"State House District 137","chamber":"House"}},{"type":"Feature","geometry":{"type":"Polygon","coordinates":[[[-95.6869,29.8298],[-95.6795,29.824],[-95.668,29.829],[-95.6617,29.8232],[-95.6455,29.8246],[-95.6448,29.7846],[-95.4882,29.7838],[-95.4889,29.7703],[-95.4828,29.7717],[-95.4823,29.762],[-95.4779,29.7638],[-95.477,29.7501],[-95.4563,29.7503],[-95.4522,29.7912],[-95.4744,29.7945],[-95.4808,29.8028],[-95.4849,29.7981],[-95.4848,29.8028],[-95.4956,29.803],[-95.4998,29.8082],[-95.5009,29.803],[-95.5164,29.8035],[-95.5263,29.8219],[-95.5369,29.8225],[-95.5296,29.8247],[-95.5316,29.8324],[-95.5503,29.8322],[-95.5462,29.8353],[-95.5488,29.8502],[-95.5637,29.8503],[-95.5637,29.8615],[-95.5525,29.8676],[-95.5592,29.8723],[-95.5503,29.8764],[-95.5487,29.8841],[-95.5247,29.8771],[-95.5252,29.9252],[-95.5153,29.9254],[-95.5218,29.9368],[-95.5541,29.9249],[-95.5561,29.9089],[-95.5521,29.9028],[-95.5587,29.9042],[-95.5702,29.9172],[-95.5706,29.9091],[-95.5846,29.91],[-95.5845,29.9021],[-95.5932,29.901],[-95.5926,29.9063],[-95.6031,29.907],[-95.604,29.9031],[-95.5871,29.8914],[-95.5851,29.884],[-95.5892,29.8801],[-95.6207,29.8795],[-95.6206,29.8995],[-95.6341,29.9023],[-95.6413,29.8911],[-95.6563,29.8967],[-95.6574,29.8811],[-95.6453,29.8792],[-95.6454,29.8522],[-95.6832,29.8487],[-95.6869,29.8298]]]},"properties":{"geoid":"48138","state":"48","district":"138","name":"State House District 138","chamber":"House"}},{"type":"Feature","geometry":{"type":"Polygon","coordinates":[[[-95.5164,29.9377],[-95.48,29.9113],[-95.4804,29.8997],[-95.4957,29.8997],[-95.4949,29.8892],[-95.4816,29.8658],[-95.5068,29.8656],[-95.5056,29.8486],[-95.4894,29.8415],[-95.4889,29.8506],[-95.4766,29.8494],[-95.463,29.8423],[-95.4611,29.8308],[-95.4521,29.8326],[-95.4545,29.8261],[-95.4487,29.8198],[-95.4295,29.8213],[-95.4296,29.8283],[-95.423,29.8288],[-95.4203,29.8193],[-95.3996,29.8192],[-95.3994,29.8129],[-95.3756,29.814],[-95.39,29.8415],[-95.4108,29.8388],[-95.4146,29.8685],[-95.4081,29.8699],[-95.4293,29.898],[-95.4313,29.8856],[-95.4504,29.8844],[-95.4701,29.9044],[-95.4726,29.9353],[-95.4583,29.9354],[-95.4617,29.9413],[-95.4514,29.9374],[-95.4537,29.9649],[-95.4234,29.968],[-95.4637,30.0071],[-95.4505,30.0143],[-95.4635,30.033],[-95.4676,30.0264],[-95.4725,30.0274],[-95.4804,30.0198],[-95.4857,30.0245],[-95.4954,30.0158],[-95.4965,30.0093],[-95.4865,29.9944],[-95.5131,29.9797],[-95.5025,29.9595],[-95.4832,29.9679],[-95.4713,29.9645],[-95.478,29.961],[-95.4697,29.9502],[-95.5122,29.9464],[-95.5164,29.9377]]]},"properties":{"geoid":"48139","state":"48","district":"139","name":"State House District 139","chamber":"House"}},{"type":"Feature","geometry":{"type":"Polygon","coordinates":[[[-95.4726,29.9353],[-95.4701,29.9044],[-95.4585,29.8921],[-95.4504,29.8844],[-95.4313,29.8856],[-95.4293,29.898],[-95.4081,29.8699],[-95.4095,29.8588],[-95.4007,29.856],[-95.4062,29.8549],[-95.3873,29.8455],[-95.3873,29.8416],[-95.3843,29.8455],[-95.3588,29.8465],[-95.3524,29.8197],[-95.3355,29.8199],[-95.3102,29.8817],[-95.3006,29.8818],[-95.3009,29.8993],[-95.3066,29.8912],[-95.3061,29.8947],[-95.3182,29.891],[-95.3001,29.9307],[-95.4726,29.9353]]]},"properties":{"geoid":"48140","state":"48","district":"140","name":"State House District 140","chamber":"House"}},{"type":"Feature","geometry":{"type":"Polygon","coordinates":[[[-95.4637,30.0071],[-95.4234,29.968],[-95.4537,29.9649],[-95.4514,29.9374],[-95.4628,29.9411],[-95.4576,29.9345],[-95.3001,29.9307],[-95.3182,29.891],[-95.3061,29.8947],[-95.3066,29.8912],[-95.3009,29.8993],[-95.3006,29.8818],[-95.3102,29.8817],[-95.3355,29.8199],[-95.3186,29.8233],[-95.302,29.839],[-95.302,29.834],[-95.2937,29.8314],[-95.2869,29.8313],[-95.287,29.837],[-95.2622,29.8366],[-95.2623,29.8481],[-95.2318,29.84],[-95.2284,29.8569],[-95.2383,29.8723],[-95.2349,29.8874],[-95.2409,29.8994],[-95.2367,29.9071],[-95.2444,29.9211],[-95.2867,29.9133],[-95.2955,29.9188],[-95.2932,29.9306],[-95.2681,29.9546],[-95.248,29.962],[-95.25,29.9872],[-95.2402,29.9993],[-95.2574,29.9992],[-95.2576,29.995],[-95.264,29.9946],[-95.2698,29.9997],[-95.2678,30.005],[-95.3107,30.0043],[-95.4,30.027],[-95.429,30.0212],[-95.4294,30.0356],[-95.4512,30.0377],[-95.4635,30.033],[-95.4505,30.0143],[-95.4637,30.0071]]]},"properties":{"geoid":"48141","state":"48","district":"141","name":"State House District 141","chamber":"House"}},{"type":"Feature","geometry":{"type":"Polygon","coordinates":[[[-95.3574,29.7638],[-95.3474,29.7667],[-95.3471,29.7601],[-95.3376,29.7622],[-95.32,29.7561],[-95.3125,29.7653],[-95.3119,29.7874],[-95.2776,29.7901],[-95.284,29.7819],[-95.2838,29.7679],[-95.2783,29.7664],[-95.2811,29.749],[-95.2649,29.746],[-95.2634,29.7796],[-95.2677,29.7917],[-95.2403,29.7951],[-95.2097,29.8068],[-95.1719,29.8066],[-95.1272,29.8205],[-95.1282,29.8682],[-95.1066,29.8776],[-95.1102,29.8744],[-95.0949,29.8701],[-95.0961,29.865],[-95.0352,29.8635],[-95.0358,29.8884],[-95.0616,29.8887],[-95.0942,29.8762],[-95.0974,29.8885],[-95.1037,29.8934],[-95.1141,29.8918],[-95.1251,29.906],[-95.125,29.915],[-95.1404,29.9267],[-95.1481,29.9402],[-95.1723,29.9354],[-95.1702,29.9416],[-95.1859,29.935],[-95.2041,29.9342],[-95.1938,29.9449],[-95.2144,29.9561],[-95.2054,29.9632],[-95.2104,29.9644],[-95.2123,29.9739],[-95.2124,29.9993],[-95.2402,29.9993],[-95.25,29.9872],[-95.248,29.962],[-95.2681,29.9546],[-95.2932,29.9306],[-95.2955,29.9188],[-95.2867,29.9133],[-95.2444,29.9211],[-95.2367,29.9071],[-95.2409,29.8994],[-95.2349,29.8874],[-95.2383,29.8723],[-95.2284,29.8569],[-95.2286,29.8447],[-95.2362,29.8381],[-95.2429,29.8448],[-95.2623,29.8481],[-95.2622,29.8366],[-95.287,29.837],[-95.2869,29.8313],[-95.2937,29.8314],[-95.302,29.834],[-95.302,29.839],[-95.3238,29.8208],[-95.3521,29.8197],[-95.3479,29.8031],[-95.3502,29.7935],[-95.3372,29.7939],[-95.3358,29.7792],[-95.3488,29.7746],[-95.3574,29.7638]]]},"properties":{"geoid":"48142","state":"48","district":"142","name":"State House District 142","chamber":"House"}},{"type":"Feature","geometry":{"type":"Polygon","coordinates":[[[-95.339,29.7458],[-95.2995,29.7327],[-95.2996,29.7282],[-95.2898,29.7234],[-95.2836,29.7225],[-95.2813,29.7274],[-95.2558,29.7268],[-95.243,29.7191],[-95.227,29.7258],[-95.2152,29.7245],[-95.2001,29.7409],[-95.1866,29.7458],[-95.1689,29.7469],[-95.1529,29.7363],[-95.1247,29.7343],[-95.1053,29.7425],[-95.0894,29.7611],[-95.0806,29.762],[-95.066,29.7467],[-95.0686,29.7408],[-95.0553,29.7301],[-95.0604,29.7281],[-95.0485,29.7296],[-95.0583,29.7258],[-95.0511,29.7241],[-95.0576,29.7168],[-95.0557,29.7084],[-95.0341,29.7045],[-95.0259,29.6964],[-95.0009,29.714],[-94.9839,29.7136],[-94.962,29.7215],[-94.9403,29.7574],[-94.9638,29.7535],[-94.9729,29.7567],[-94.9771,29.7502],[-94.9882,29.7488],[-94.9992,29.7329],[-95.0122,29.731],[-95.0503,29.7416],[-95.0621,29.7607],[-95.0772,29.7696],[-95.0757,29.7801],[-95.0572,29.799],[-95.0701,29.8033],[-95.0898,29.8002],[-95.0886,29.8155],[-95.0796,29.8179],[-95.0777,29.8258],[-95.0663,29.824],[-95.0614,29.8299],[-95.0659,29.833],[-95.0856,29.8299],[-95.103,29.8386],[-95.1061,29.8457],[-95.1007,29.8432],[-95.0893,29.8515],[-95.0949,29.8701],[-95.1102,29.8744],[-95.1066,29.8776],[-95.1282,29.8682],[-95.1272,29.8205],[-95.1719,29.8066],[-95.2097,29.8068],[-95.2403,29.7951],[-95.2677,29.7917],[-95.2634,29.7796],[-95.2649,29.746],[-95.2811,29.749],[-95.2783,29.7664],[-95.2838,29.7679],[-95.284,29.7819],[-95.2776,29.7901],[-95.3119,29.7874],[-95.3127,29.765],[-95.32,29.7561],[-95.3291,29.7596],[-95.339,29.7458]]]},"properties":{"geoid":"48143","state":"48","district":"143","name":"State House District 143","chamber":"House"}},{"type":"Feature","geometry":{"type":"Polygon","coordinates":[[[-95.2652,29.7027],[-95.2516,29.6875],[-95.2642,29.6784],[-95.2577,29.6724],[-95.2629,29.67],[-95.2443,29.6417],[-95.2161,29.616],[-95.223,29.6122],[-95.218,29.607],[-95.221,29.6051],[-95.2412,29.6083],[-95.2279,29.5966],[-95.2374,29.5879],[-95.233,29.5784],[-95.2208,29.5877],[-95.218,29.5854],[-95.2191,29.5891],[-95.1737,29.5519],[-95.163,29.5617],[-95.1543,29.5533],[-95.1455,29.5588],[-95.1451,29.5667],[-95.1578,29.5802],[-95.169,29.5696],[-95.1844,29.5866],[-95.177,29.6006],[-95.198,29.623],[-95.1812,29.6304],[-95.1867,29.6651],[-95.1722,29.6653],[-95.1724,29.6759],[-95.1454,29.6763],[-95.1545,29.6837],[-95.1534,29.7121],[-95.1161,29.7112],[-95.0929,29.7047],[-95.0864,29.759],[-95.0894,29.7611],[-95.1066,29.7416],[-95.1247,29.7343],[-95.1529,29.7363],[-95.1689,29.7469],[-95.1866,29.7458],[-95.2001,29.7409],[-95.2152,29.7245],[-95.2338,29.7236],[-95.255,29.7131],[-95.2652,29.7027]]]},"properties":{"geoid":"48144","state":"48","district":"144","name":"State House District 144","chamber":"House"}},{"type":"Feature","geometry":{"type":"Polygon","coordinates":[[[-95.4408,29.8089],[-95.4271,29.8028],[-95.4135,29.7833],[-95.3877,29.7816],[-95.3885,29.7769],[-95.3725,29.7784],[-95.3723,29.7636],[-95.3514,29.7532],[-95.3481,29.7446],[-95.3515,29.7387],[-95.3375,29.7286],[-95.3217,29.6777],[-95.2933,29.6805],[-95.2891,29.674],[-95.2725,29.6804],[-95.259,29.6705],[-95.2642,29.6784],[-95.2516,29.6875],[-95.2652,29.703],[-95.243,29.7191],[-95.2558,29.7268],[-95.2813,29.7274],[-95.2836,29.7225],[-95.2898,29.7234],[-95.2996,29.7282],[-95.2995,29.7327],[-95.3395,29.7452],[-95.3252,29.7596],[-95.3471,29.7601],[-95.3476,29.7667],[-95.3575,29.7634],[-95.3488,29.7746],[-95.3358,29.7792],[-95.3358,29.7887],[-95.3372,29.7939],[-95.3502,29.7935],[-95.3479,29.8031],[-95.3588,29.8465],[-95.3843,29.8455],[-95.3873,29.8416],[-95.3873,29.8455],[-95.4062,29.8549],[-95.4007,29.856],[-95.4028,29.8593],[-95.4095,29.8588],[-95.4097,29.8699],[-95.4146,29.8685],[-95.4108,29.8388],[-95.39,29.8415],[-95.3756,29.814],[-95.3994,29.8129],[-95.3996,29.8192],[-95.4104,29.8191],[-95.4103,29.8128],[-95.4408,29.8089]]]},"properties":{"geoid":"48145","state":"48","district":"145","name":"State House District 145","chamber":"House"}},{"type":"Feature","geometry":{"type":"Polygon","coordinates":[[[-95.5502,29.676],[-95.5305,29.6764],[-95.5252,29.6719],[-95.5059,29.6763],[-95.5057,29.6666],[-95.5086,29.6756],[-95.5282,29.6713],[-95.528,29.6557],[-95.5315,29.6562],[-95.528,29.6511],[-95.5192,29.6502],[-95.5211,29.6419],[-95.5083,29.6442],[-95.5075,29.6306],[-95.4928,29.6363],[-95.493,29.6445],[-95.4862,29.6446],[-95.4868,29.653],[-95.4804,29.6536],[-95.4823,29.6401],[-95.4237,29.6624],[-95.4196,29.6136],[-95.3872,29.614],[-95.3873,29.6322],[-95.3788,29.6322],[-95.3802,29.6212],[-95.3682,29.6211],[-95.3636,29.6288],[-95.3465,29.625],[-95.3464,29.621],[-95.3316,29.6209],[-95.3332,29.6423],[-95.3561,29.6484],[-95.3556,29.6691],[-95.3489,29.6669],[-95.3447,29.6773],[-95.356,29.6804],[-95.3485,29.7018],[-95.3594,29.7024],[-95.3575,29.7105],[-95.3821,29.7131],[-95.3919,29.7015],[-95.4047,29.7022],[-95.4121,29.6973],[-95.4276,29.6777],[-95.4399,29.6795],[-95.4422,29.6909],[-95.4591,29.6814],[-95.4619,29.6707],[-95.4692,29.6658],[-95.4818,29.6665],[-95.4799,29.6765],[-95.5036,29.6802],[-95.5025,29.6894],[-95.5087,29.6868],[-95.5179,29.7004],[-95.534,29.6843],[-95.5488,29.6871],[-95.5502,29.676]]]},"properties":{"geoid":"48146","state":"48","district":"146","name":"State House District 146","chamber":"House"}},{"type":"Feature","geometry":{"type":"Polygon","coordinates":[[[-95.4097,29.7833],[-95.4095,29.7705],[-95.3918,29.769],[-95.3923,29.7625],[-95.3984,29.7617],[-95.3988,29.7515],[-95.3913,29.7447],[-95.3912,29.7379],[-95.3979,29.7344],[-95.3845,29.7322],[-95.3903,29.725],[-95.3801,29.719],[-95.3821,29.7131],[-95.3575,29.7105],[-95.3594,29.7024],[-95.3485,29.7018],[-95.356,29.6804],[-95.345,29.6745],[-95.3489,29.6669],[-95.3556,29.6691],[-95.3561,29.6484],[-95.3332,29.6423],[-95.3316,29.6209],[-95.2853,29.6208],[-95.2821,29.6117],[-95.2666,29.6118],[-95.2665,29.6016],[-95.2503,29.5983],[-95.2388,29.6105],[-95.2326,29.6045],[-95.2279,29.609],[-95.218,29.607],[-95.223,29.6122],[-95.2161,29.616],[-95.2443,29.6417],[-95.2725,29.6804],[-95.2891,29.674],[-95.2933,29.6805],[-95.3217,29.6777],[-95.3375,29.7286],[-95.3515,29.7387],[-95.3481,29.7446],[-95.3514,29.7532],[-95.3723,29.7636],[-95.3725,29.7784],[-95.3885,29.7769],[-95.3877,29.7816],[-95.4097,29.7833]]]},"properties":{"geoid":"48147","state":"48","district":"147","name":"State House District 147","chamber":"House"}},{"type":"Feature","geometry":{"type":"Polygon","coordinates":[[[-95.6503,29.9353],[-95.6459,29.9272],[-95.6495,29.9079],[-95.6436,29.9034],[-95.6416,29.9104],[-95.6307,29.9075],[-95.6198,29.9149],[-95.6037,29.9035],[-95.6031,29.907],[-95.5926,29.9063],[-95.5904,29.9008],[-95.5845,29.9021],[-95.5846,29.91],[-95.5706,29.9091],[-95.5705,29.9172],[-95.5521,29.9028],[-95.5561,29.9089],[-95.5541,29.9249],[-95.5218,29.9368],[-95.5153,29.9254],[-95.5252,29.9252],[-95.5247,29.8771],[-95.5487,29.8841],[-95.5503,29.8764],[-95.5592,29.8723],[-95.5525,29.8676],[-95.5551,29.8632],[-95.5637,29.8615],[-95.5637,29.8503],[-95.5488,29.8502],[-95.5462,29.8353],[-95.5503,29.8322],[-95.5316,29.8324],[-95.5296,29.8247],[-95.5369,29.8225],[-95.5263,29.8219],[-95.5164,29.8035],[-95.5009,29.803],[-95.4998,29.8082],[-95.4956,29.803],[-95.4848,29.8028],[-95.4849,29.7981],[-95.4808,29.8028],[-95.4744,29.7945],[-95.457,29.7911],[-95.4522,29.7912],[-95.4502,29.8017],[-95.443,29.8082],[-95.4103,29.8128],[-95.4104,29.8191],[-95.4203,29.8193],[-95.4223,29.8287],[-95.4296,29.8283],[-95.4295,29.8213],[-95.4487,29.8198],[-95.4545,29.8261],[-95.4521,29.8326],[-95.4611,29.8308],[-95.463,29.8423],[-95.4776,29.8499],[-95.4889,29.8506],[-95.4889,29.8415],[-95.5056,29.8486],[-95.5068,29.8656],[-95.4816,29.8658],[-95.4949,29.8892],[-95.4957,29.8997],[-95.4804,29.8997],[-95.48,29.9113],[-95.5162,29.9371],[-95.5164,29.944],[-95.4981,29.9496],[-95.4697,29.9502],[-95.478,29.961],[-95.4713,29.9645],[-95.4907,29.9658],[-95.5197,29.9492],[-95.5342,29.9508],[-95.5471,29.9612],[-95.5979,29.9251],[-95.6287,29.9293],[-95.6287,29.9212],[-95.6503,29.9353]]]},"properties":{"geoid":"48148","state":"48","district":"148","name":"State House District 148","chamber":"House"}},{"type":"Feature","geometry":{"type":"Polygon","coordinates":[[[-95.7522,29.8173],[-95.7519,29.7851],[-95.7019,29.7847],[-95.7017,29.7462],[-95.7096,29.7554],[-95.7264,29.7451],[-95.7301,29.7347],[-95.5978,29.661],[-95.6043,29.6711],[-95.6043,29.6889],[-95.5575,29.6894],[-95.5576,29.7183],[-95.5922,29.7154],[-95.5926,29.7363],[-95.654,29.7355],[-95.6465,29.748],[-95.6468,29.7801],[-95.6666,29.7848],[-95.6448,29.7846],[-95.6455,29.8246],[-95.6617,29.8232],[-95.668,29.829],[-95.6795,29.824],[-95.6859,29.8289],[-95.6868,29.8123],[-95.7522,29.8173]]]},"properties":{"geoid":"48149","state":"48","district":"149","name":"State House District 149","chamber":"House"}},{"type":"Feature","geometry":{"type":"Polygon","coordinates":[[[-95.6198,30.1328],[-95.6195,30.116],[-95.5928,30.1164],[-95.594,30.0859],[-95.5894,30.0619],[-95.5833,30.0613],[-95.5651,30.0825],[-95.5507,30.0717],[-95.5262,30.0231],[-95.4921,30.0384],[-95.4989,30.0448],[-95.4928,30.0505],[-95.4886,30.0405],[-95.4485,30.0625],[-95.4465,30.0473],[-95.45,30.0464],[-95.4412,30.0342],[-95.4294,30.0356],[-95.429,30.0212],[-95.4012,30.0271],[-95.3801,30.0204],[-95.3824,30.0404],[-95.3675,30.0339],[-95.3533,30.0416],[-95.3721,30.0473],[-95.3815,30.0608],[-95.3536,30.0763],[-95.371,30.0783],[-95.3792,30.0875],[-95.3956,30.084],[-95.4127,30.095],[-95.4106,30.0992],[-95.4242,30.1155],[-95.4551,30.1043],[-95.4747,30.1032],[-95.4883,30.1079],[-95.4976,30.1227],[-95.4999,30.1426],[-95.52,30.1528],[-95.5248,30.1632],[-95.5371,30.1693],[-95.5525,30.1704],[-95.5575,30.1607],[-95.5657,30.1607],[-95.5703,30.1526],[-95.5806,30.1499],[-95.5906,30.1359],[-95.6008,30.1327],[-95.619,30.1359],[-95.6198,30.1328]]]},"properties":{"geoid":"48150","state":"48","district":"150","name":"State House District 150","chamber":"House"}}]}