{"type":"FeatureCollection","features":[{"type":"Feature","geometry":{"type":"Polygon","coordinates":[[[-96.3847,33.397],[-96.3845,33.3411],[-95.8587,33.4095],[-95.8625,32.9796],[-95.6677,32.9796],[-95.6346,32.7169],[-95.6288,32.7162],[-95.6256,32.7083],[-95.6048,32.7047],[-95.604,32.6963],[-95.5932,32.6932],[-95.5943,32.4799],[-95.5729,32.4614],[-95.5528,32.4536],[-95.5397,32.4334],[-95.5249,32.4255],[-95.5248,32.4212],[-95.5069,32.4149],[-95.4937,32.3895],[-95.471,32.3692],[-95.4628,32.3649],[-95.4565,32.3682],[-95.4491,32.3595],[-95.4476,32.3473],[-95.4526,32.3456],[-95.4531,32.3346],[-95.4587,32.3284],[-95.4577,32.3191],[-95.4506,32.3144],[-95.4555,32.3115],[-95.4538,32.3058],[-95.447,32.2958],[-95.4515,32.2947],[-95.4573,32.2731],[-95.4699,32.2621],[-95.4676,32.2466],[-95.4817,32.2414],[-95.4816,32.2365],[-95.4887,32.2325],[-95.4789,32.2122],[-95.4701,32.2121],[-95.4705,32.2041],[-95.4625,32.2015],[-95.4644,32.191],[-95.4683,32.1905],[-95.4616,32.1829],[-95.471,32.1787],[-95.4694,32.1704],[-95.479,32.1587],[-95.4786,32.1472],[-95.4599,32.1356],[-94.9853,32.138],[-94.985,31.8462],[-94.4525,31.8441],[-94.4643,31.8572],[-94.4593,31.8634],[-94.462,31.8714],[-94.4778,31.8864],[-94.4806,31.9023],[-94.5035,31.9147],[-94.5113,31.9241],[-94.5114,31.974],[-94.0156,31.9799],[-94.0185,31.9924],[-94.0229,31.9904],[-94.0286,31.9962],[-94.0409,31.9926],[-94.0427,31.9993],[-94.0433,33.5516],[-94.0618,33.5495],[-94.0734,33.5549],[-94.0719,33.5598],[-94.0556,33.5616],[-94.0563,33.5675],[-94.0682,33.5707],[-94.0726,33.5844],[-94.0726,33.5722],[-94.0919,33.5751],[-94.1207,33.567],[-94.1268,33.5506],[-94.1315,33.5531],[-94.1351,33.571],[-94.1449,33.5652],[-94.1514,33.5685],[-94.142,33.5811],[-94.157,33.5758],[-94.1618,33.5887],[-94.1838,33.5947],[-94.1967,33.5812],[-94.2173,33.5802],[-94.2117,33.5738],[-94.2017,33.5775],[-94.1945,33.5737],[-94.1898,33.5618],[-94.1954,33.5552],[-94.2058,33.5671],[-94.2283,33.5523],[-94.2507,33.5571],[-94.2511,33.5651],[-94.2369,33.58],[-94.2367,33.5871],[-94.2425,33.5897],[-94.26,33.5804],[-94.2773,33.5573],[-94.2908,33.559],[-94.2903,33.5677],[-94.2807,33.5751],[-94.2874,33.5826],[-94.2998,33.5747],[-94.3095,33.5516],[-94.3202,33.549],[-94.3315,33.5531],[-94.3355,33.5647],[-94.3437,33.568],[-94.3525,33.5622],[-94.3473,33.5516],[-94.3535,33.5437],[-94.3862,33.545],[-94.4015,33.5605],[-94.3956,33.5665],[-94.3789,33.5702],[-94.3826,33.5833],[-94.3981,33.5711],[-94.4096,33.5683],[-94.4307,33.5916],[-94.4511,33.5912],[-94.4575,33.6004],[-94.4712,33.6019],[-94.4703,33.6068],[-94.4529,33.6174],[-94.4527,33.6225],[-94.4606,33.6247],[-94.4627,33.6308],[-94.4485,33.6344],[-94.4487,33.6427],[-94.4592,33.645],[-94.466,33.6362],[-94.4917,33.6365],[-94.4884,33.6274],[-94.5045,33.6207],[-94.5115,33.6231],[-94.5175,33.6331],[-94.5198,33.6181],[-94.5277,33.6159],[-94.5354,33.6242],[-94.5185,33.6376],[-94.5218,33.6407],[-94.5377,33.6383],[-94.5534,33.6276],[-94.57,33.6285],[-94.5684,33.6372],[-94.543,33.6493],[-94.5481,33.6603],[-94.58,33.6445],[-94.5905,33.6451],[-94.5768,33.6588],[-94.5603,33.6666],[-94.5808,33.6664],[-94.5796,33.6776],[-94.5879,33.6863],[-94.593,33.684],[-94.59,33.6759],[-94.596,33.6639],[-94.6058,33.6642],[-94.622,33.6825],[-94.6287,33.6805],[-94.6387,33.664],[-94.6549,33.6599],[-94.671,33.6684],[-94.6618,33.6751],[-94.6518,33.6705],[-94.6453,33.6736],[-94.6504,33.6844],[-94.6386,33.6958],[-94.6437,33.7015],[-94.6479,33.7005],[-94.6471,33.6903],[-94.6514,33.6858],[-94.6669,33.6946],[-94.6848,33.6844],[-94.7162,33.6879],[-94.7144,33.6972],[-94.7035,33.6975],[-94.7016,33.7029],[-94.734,33.7157],[-94.7307,33.7074],[-94.7189,33.7033],[-94.7159,33.6949],[-94.7195,33.6889],[-94.7359,33.6916],[-94.7538,33.7087],[-94.7361,33.7161],[-94.7334,33.7252],[-94.7421,33.7267],[-94.7514,33.7135],[-94.7577,33.7178],[-94.7477,33.7251],[-94.7518,33.7343],[-94.7606,33.7271],[-94.7687,33.727],[-94.7886,33.7357],[-94.7768,33.7464],[-94.7589,33.7485],[-94.7578,33.7559],[-94.763,33.7598],[-94.7729,33.7597],[-94.7801,33.7445],[-94.8028,33.7327],[-94.817,33.74],[-94.8122,33.7509],[-94.8207,33.769],[-94.8309,33.76],[-94.823,33.7475],[-94.822,33.7329],[-94.8285,33.7351],[-94.8279,33.7409],[-94.8493,33.7396],[-94.8675,33.7449],[-94.8771,33.7531],[-94.8667,33.7618],[-94.8681,33.7689],[-94.8746,33.7696],[-94.8764,33.7573],[-94.8869,33.7691],[-94.9013,33.7709],[-94.9215,33.7905],[-94.9109,33.8159],[-94.918,33.8268],[-94.9266,33.8276],[-94.9233,33.8087],[-94.9422,33.8058],[-94.9535,33.816],[-94.9439,33.8302],[-94.9644,33.837],[-94.9702,33.8618],[-94.9885,33.851],[-95.0022,33.8637],[-95.0157,33.8577],[-95.0482,33.8635],[-95.0506,33.8783],[-95.0591,33.8875],[-95.0601,33.9019],[-95.0724,33.9027],[-95.0718,33.8956],[-95.076,33.9021],[-95.0746,33.9073],[-95.0637,33.9111],[-95.0673,33.9174],[-95.074,33.9156],[-95.0787,33.905],[-95.0824,33.8799],[-95.0896,33.8809],[-95.1004,33.8956],[-95.0797,33.9086],[-95.0768,33.9136],[-95.0801,33.921],[-95.1104,33.9054],[-95.1209,33.9045],[-95.1316,33.9139],[-95.1217,33.9258],[-95.1247,33.9347],[-95.157,33.9366],[-95.1715,33.9467],[-95.2145,33.9623],[-95.226,33.9622],[-95.2329,33.9497],[-95.2502,33.9385],[-95.2485,33.907],[-95.2575,33.8903],[-95.2621,33.8878],[-95.2667,33.8939],[-95.2687,33.9111],[-95.2846,33.9055],[-95.278,33.8893],[-95.2807,33.8755],[-95.3051,33.8746],[-95.3299,33.8863],[-95.3357,33.8743],[-95.3626,33.8669],[-95.4052,33.8646],[-95.4277,33.8705],[-95.4404,33.8663],[-95.4633,33.8724],[-95.4614,33.8871],[-95.4835,33.8768],[-95.505,33.8759],[-95.5086,33.8975],[-95.5326,33.8815],[-95.5445,33.8808],[-95.5512,33.8897],[-95.5478,33.9019],[-95.5542,33.927],[-95.5638,33.9329],[-95.5819,33.9342],[-95.5941,33.9431],[-95.6031,33.9292],[-95.6164,33.9276],[-95.6293,33.9059],[-95.6655,33.909],[-95.6846,33.8906],[-95.7006,33.8858],[-95.7122,33.8855],[-95.7352,33.8968],[-95.7562,33.8923],[-95.7621,33.8751],[-95.7516,33.856],[-95.7636,33.8468],[-95.772,33.8456],[-95.7999,33.8613],[-95.8156,33.8599],[-95.8209,33.8563],[-95.8203,33.8402],[-95.8371,33.8356],[-95.8568,33.8501],[-95.8672,33.8513],[-95.926,33.8851],[-95.9323,33.8838],[-95.9419,33.8615],[-95.9514,33.8573],[-95.9473,33.8589],[-95.9849,33.8525],[-95.9849,33.8658],[-96.0029,33.8736],[-96.0029,33.8667],[-95.9949,33.8618],[-95.9968,33.8539],[-96.0041,33.8452],[-96.0171,33.8415],[-96.0227,33.8411],[-96.0195,33.8535],[-96.027,33.8575],[-96.035,33.8426],[-96.0488,33.8365],[-96.1001,33.848],[-96.0994,33.8305],[-96.1229,33.84],[-96.1492,33.8371],[-96.1508,33.817],[-96.1665,33.8179],[-96.1791,33.8102],[-96.1757,33.8023],[-96.1696,33.8009],[-96.1638,33.8131],[-96.1555,33.814],[-96.1598,33.8116],[-96.1691,33.7704],[-96.1866,33.755],[-96.229,33.748],[-96.2636,33.7675],[-96.2937,33.7694],[-96.3062,33.744],[-96.31,33.7105],[-96.3216,33.6949],[-96.3426,33.6868],[-96.3578,33.6885],[-96.369,33.7159],[-96.3795,33.7258],[-96.3847,33.397]]]},"properties":{"geoid":"48001","state":"48","district":"1","name":"State Senate District 1","chamber":"Senate"}},{"type":"Feature","geometry":{"type":"Polygon","coordinates":[[[-96.9771,32.2134],[-96.9414,32.1618],[-96.9245,32.169],[-96.9009,32.1341],[-96.8954,32.1251],[-96.8956,32.1025],[-96.8854,32.1077],[-96.8708,32.0866],[-96.8962,32.074],[-96.7191,31.8149],[-96.4967,31.7962],[-96.0508,32.0168],[-96.0616,32.025],[-96.0665,32.0378],[-96.0668,32.0595],[-96.0623,32.0625],[-96.0689,32.0668],[-96.0702,32.0748],[-96.0625,32.0778],[-96.0657,32.0855],[-96.099,32.0816],[-96.1068,32.0754],[-96.1112,32.09],[-96.1177,32.0946],[-96.1115,32.1158],[-96.1145,32.1271],[-96.1024,32.1423],[-96.1044,32.1527],[-96.1137,32.1609],[-96.1384,32.1514],[-96.1522,32.1584],[-96.1595,32.1549],[-96.1668,32.1583],[-96.1665,32.1661],[-96.1758,32.1682],[-96.1762,32.1818],[-96.1668,32.1828],[-96.1683,32.1869],[-96.1579,32.1913],[-96.1556,32.2004],[-96.1607,32.204],[-96.1478,32.207],[-96.1465,32.2117],[-96.1559,32.215],[-96.1757,32.204],[-96.1907,32.2026],[-96.1971,32.2074],[-96.1961,32.2198],[-96.2007,32.2143],[-96.2091,32.2187],[-96.2111,32.2264],[-96.2161,32.2244],[-96.2173,32.2335],[-96.2361,32.2422],[-96.2351,32.2509],[-96.2544,32.2506],[-96.2509,32.2473],[-96.2565,32.2451],[-96.2677,32.2592],[-96.2728,32.2525],[-96.2777,32.2606],[-96.2823,32.2581],[-96.2806,32.2541],[-96.2851,32.2546],[-96.2849,32.2658],[-96.2902,32.2689],[-96.2838,32.2789],[-96.2937,32.29],[-96.2889,32.2932],[-96.3004,32.2942],[-96.2987,32.3012],[-96.3034,32.2973],[-96.3049,32.3022],[-96.3101,32.2983],[-96.3234,32.3063],[-96.3263,32.303],[-96.339,32.306],[-96.3461,32.3131],[-96.3672,32.3177],[-96.3908,32.3339],[-96.4056,32.3277],[-96.4175,32.3355],[-96.4302,32.3322],[-96.4363,32.3454],[-96.4518,32.345],[-96.4546,32.3523],[-96.4493,32.351],[-96.4484,32.3545],[-96.4529,32.3584],[-95.4655,32.3551],[-95.4492,32.3552],[-95.4491,32.3595],[-95.4565,32.3682],[-95.4628,32.3649],[-95.471,32.3692],[-95.4937,32.3895],[-95.5069,32.4149],[-95.5248,32.4212],[-95.5249,32.4255],[-95.5397,32.4334],[-95.5528,32.4536],[-95.5729,32.4614],[-95.5943,32.4799],[-95.5932,32.6932],[-95.604,32.6963],[-95.6051,32.7049],[-95.6263,32.7087],[-95.6371,32.7247],[-95.6412,32.718],[-95.6485,32.7193],[-95.6526,32.7138],[-95.668,32.7133],[-95.6777,32.728],[-95.6882,32.7283],[-95.6912,32.7373],[-95.7018,32.7376],[-95.7023,32.7424],[-95.7318,32.7494],[-95.7335,32.7462],[-95.733,32.7522],[-95.7392,32.7568],[-95.7623,32.7554],[-95.7612,32.762],[-95.765,32.764],[-95.7611,32.7699],[-95.77,32.7727],[-95.7847,32.7701],[-95.7954,32.7758],[-95.8076,32.7739],[-95.8077,32.768],[-95.8158,32.7655],[-95.8148,32.771],[-95.8279,32.7668],[-95.8353,32.7719],[-95.8506,32.7707],[-95.8548,32.7786],[-95.8637,32.7769],[-95.8726,32.7884],[-95.8785,32.7878],[-95.8777,32.7912],[-95.8947,32.7991],[-95.8946,32.8036],[-95.8993,32.8022],[-95.9067,32.8069],[-95.905,32.8097],[-95.9224,32.8156],[-95.9222,32.821],[-95.9275,32.8224],[-95.9256,32.8293],[-95.9344,32.8372],[-96.2973,32.8417],[-96.2972,32.9818],[-96.6134,32.9843],[-96.6147,33.0049],[-96.6648,33.0041],[-96.665,32.9973],[-96.7053,33.0042],[-96.7087,32.9996],[-96.712,33.0038],[-96.7366,33.004],[-96.7656,32.9994],[-96.7903,33.0116],[-96.8436,33.0166],[-96.8441,32.9874],[-96.8034,32.9869],[-96.8046,32.9624],[-96.7689,32.9622],[-96.7682,32.9865],[-96.7484,32.9862],[-96.7482,32.963],[-96.7278,32.9609],[-96.7332,32.9498],[-96.6999,32.9453],[-96.7,32.9531],[-96.6828,32.9531],[-96.683,32.9312],[-96.7059,32.9313],[-96.7059,32.9167],[-96.7002,32.9166],[-96.698,32.9023],[-96.692,32.9041],[-96.6937,32.89],[-96.6832,32.8859],[-96.6832,32.8788],[-96.6879,32.8787],[-96.6817,32.8737],[-96.6354,32.8446],[-96.6278,32.8104],[-96.6113,32.8112],[-96.6122,32.7927],[-96.5959,32.7904],[-96.5972,32.7673],[-96.5463,32.7622],[-96.5196,32.7543],[-96.5206,32.6938],[-96.5322,32.694],[-96.5377,32.6835],[-96.5521,32.6945],[-96.5629,32.6811],[-96.5747,32.6809],[-96.5884,32.6698],[-96.5954,32.6731],[-96.598,32.6709],[-96.5883,32.6661],[-96.5946,32.661],[-96.5821,32.6524],[-96.6222,32.6177],[-96.6027,32.6086],[-96.5953,32.6113],[-96.5983,32.6049],[-96.5888,32.606],[-96.5821,32.5785],[-96.5731,32.5775],[-96.5754,32.5698],[-96.5667,32.5664],[-96.5612,32.5553],[-96.5561,32.5517],[-96.55,32.5542],[-96.5415,32.5459],[-96.5294,32.5453],[-96.7425,32.5466],[-96.7459,32.5058],[-96.7404,32.4957],[-96.7536,32.4891],[-96.7556,32.4756],[-96.7508,32.4681],[-96.7613,32.4627],[-96.7654,32.4733],[-96.7771,32.4764],[-96.7797,32.4826],[-96.7844,32.482],[-96.7851,32.476],[-96.803,32.475],[-96.8044,32.4781],[-96.7973,32.4784],[-96.7947,32.481],[-96.7992,32.4824],[-96.788,32.4887],[-96.7971,32.5022],[-96.8045,32.5023],[-96.8054,32.5088],[-96.8148,32.4937],[-96.8226,32.4907],[-96.8246,32.4942],[-96.8504,32.4422],[-96.8625,32.427],[-96.8312,32.417],[-96.8203,32.401],[-96.7995,32.4084],[-96.7994,32.4121],[-96.8073,32.4122],[-96.8041,32.4233],[-96.7992,32.4191],[-96.7709,32.4202],[-96.7737,32.4017],[-96.7533,32.3977],[-96.7529,32.3871],[-96.8133,32.3905],[-96.8037,32.3614],[-96.8064,32.358],[-96.8479,32.383],[-96.8404,32.3887],[-96.8477,32.392],[-96.8496,32.3866],[-96.8665,32.4011],[-96.8727,32.3999],[-96.8555,32.3606],[-96.8547,32.3484],[-96.8821,32.2319],[-96.9231,32.2468],[-96.9263,32.2325],[-96.9316,32.2404],[-96.9483,32.224],[-96.9771,32.2134]]]},"properties":{"geoid":"48002","state":"48","district":"2","name":"State Senate District 2","chamber":"Senate"}},{"type":"Feature","geometry":{"type":"Polygon","coordinates":[[[-96.4546,32.3518],[-96.451,32.3444],[-96.4363,32.3454],[-96.4302,32.3322],[-96.4175,32.3355],[-96.4056,32.3277],[-96.3908,32.3339],[-96.3672,32.3177],[-96.3461,32.3131],[-96.339,32.306],[-96.3263,32.303],[-96.3234,32.3063],[-96.3101,32.2983],[-96.3049,32.3022],[-96.3034,32.2973],[-96.2992,32.3014],[-96.2966,32.2982],[-96.3004,32.2942],[-96.2889,32.2932],[-96.2937,32.29],[-96.2838,32.2789],[-96.2902,32.2689],[-96.2849,32.2658],[-96.2851,32.2546],[-96.2806,32.2541],[-96.2823,32.2581],[-96.2777,32.2606],[-96.2728,32.2525],[-96.2677,32.2592],[-96.2565,32.2451],[-96.2509,32.2473],[-96.2544,32.2506],[-96.2351,32.2509],[-96.2361,32.2422],[-96.2173,32.2335],[-96.2161,32.2244],[-96.2111,32.2264],[-96.2091,32.2187],[-96.2007,32.2143],[-96.1961,32.2198],[-96.1971,32.2074],[-96.1907,32.2026],[-96.1757,32.204],[-96.1559,32.215],[-96.1465,32.2117],[-96.1478,32.207],[-96.1607,32.204],[-96.1556,32.2004],[-96.1579,32.1913],[-96.1683,32.1869],[-96.1668,32.1828],[-96.1762,32.1818],[-96.1758,32.1682],[-96.1665,32.1661],[-96.1636,32.1562],[-96.1522,32.1584],[-96.1389,32.1514],[-96.1132,32.1607],[-96.1025,32.1493],[-96.1049,32.137],[-96.1145,32.1271],[-96.1115,32.1158],[-96.1181,32.0976],[-96.1088,32.0855],[-96.1089,32.0766],[-96.0672,32.086],[-96.063,32.0809],[-96.0702,32.0748],[-96.0689,32.0668],[-96.0623,32.0625],[-96.0668,32.0595],[-96.0665,32.0378],[-96.0616,32.025],[-96.0508,32.0168],[-96.0557,32.0141],[-96.049,31.9976],[-96.0649,31.9809],[-96.0613,31.9754],[-96.0545,31.9752],[-96.0541,31.9705],[-96.0464,31.9702],[-96.0429,31.963],[-96.045,31.9598],[-96.0559,31.9636],[-96.0619,31.9554],[-96.054,31.9479],[-96.0462,31.9518],[-96.0415,31.9449],[-96.0374,31.9491],[-96.0408,31.9521],[-96.0219,31.9573],[-96.0145,31.9461],[-96.0209,31.9382],[-96.0105,31.9341],[-96.0134,31.9299],[-96.0063,31.9247],[-96.0083,31.9185],[-96.0043,31.9191],[-96.0014,31.9082],[-96.0083,31.9053],[-96.0138,31.9109],[-96.0237,31.8954],[-96.0276,31.8779],[-96.0192,31.8718],[-96.0069,31.8812],[-96.0047,31.8723],[-95.9941,31.8663],[-95.9891,31.8687],[-95.9909,31.8762],[-95.9876,31.8731],[-95.9698,31.8767],[-95.9681,31.8711],[-95.9769,31.8705],[-95.9946,31.8436],[-95.9785,31.8343],[-95.973,31.8199],[-95.9836,31.788],[-95.9789,31.7841],[-95.9628,31.7894],[-95.9526,31.7758],[-95.939,31.7747],[-95.9347,31.7696],[-95.931,31.7744],[-95.9246,31.7659],[-95.8973,31.7668],[-95.9033,31.7618],[-95.9001,31.7521],[-95.8939,31.7587],[-95.8747,31.7547],[-95.8668,31.742],[-95.8756,31.7434],[-95.881,31.7351],[-95.8771,31.7326],[-95.87,31.7391],[-95.8666,31.7188],[-95.8752,31.7188],[-95.8749,31.7029],[-95.8809,31.7013],[-95.862,31.6873],[-95.8528,31.6978],[-95.8337,31.6951],[-95.8057,31.6711],[-95.7952,31.6752],[-95.7876,31.6926],[-95.7882,31.6875],[-95.7797,31.6839],[-95.7941,31.6603],[-95.7895,31.6475],[-95.7967,31.6311],[-95.7886,31.6271],[-95.7847,31.6107],[-95.772,31.5986],[-95.7611,31.5999],[-95.7487,31.6177],[-95.7573,31.6435],[-95.7541,31.6486],[-95.7357,31.6538],[-95.7185,31.6324],[-95.7101,31.6156],[-95.7112,31.6039],[-95.7219,31.5863],[-95.7295,31.5835],[-95.7182,31.5732],[-95.7222,31.5697],[-95.717,31.5678],[-95.7155,31.5544],[-95.7511,31.552],[-95.7541,31.546],[-95.7509,31.5407],[-95.7587,31.5336],[-95.737,31.5185],[-95.7339,31.5084],[-95.7432,31.5006],[-95.7404,31.4956],[-95.745,31.491],[-95.7384,31.485],[-95.7299,31.4896],[-95.7218,31.4728],[-95.7383,31.4727],[-95.7462,31.4657],[-95.7468,31.4582],[-95.7214,31.4626],[-95.7121,31.4558],[-95.7113,31.4215],[-95.6984,31.4071],[-95.7008,31.3939],[-95.6928,31.3915],[-95.6914,31.3747],[-95.6746,31.3656],[-95.6649,31.3655],[-95.6613,31.3576],[-95.6726,31.3561],[-95.6774,31.3468],[-95.6575,31.3435],[-95.6561,31.3222],[-95.6594,31.3159],[-95.6627,31.321],[-95.6717,31.3172],[-95.6687,31.3077],[-95.6791,31.3021],[-95.6714,31.2956],[-95.6814,31.2885],[-95.6951,31.297],[-95.7074,31.2868],[-95.7041,31.2804],[-95.7252,31.2711],[-95.7281,31.2597],[-95.7221,31.2547],[-95.7277,31.252],[-95.7237,31.2461],[-95.725,31.2301],[-95.7479,31.2083],[-95.7443,31.1788],[-95.728,31.162],[-95.7437,31.1523],[-95.7494,31.1552],[-95.7565,31.142],[-95.7629,31.1442],[-95.7742,31.1383],[-95.7725,31.1281],[-95.777,31.1207],[-95.7606,31.0889],[-95.7416,31.0908],[-95.7364,31.0838],[-95.729,31.088],[-95.7234,31.0798],[-95.7114,31.0818],[-95.707,31.0779],[-95.7041,31.0826],[-95.6985,31.0768],[-95.6924,31.082],[-95.6755,31.076],[-95.6635,31.0839],[-95.6484,31.0699],[-95.6549,31.0673],[-95.6475,31.0554],[-95.63,31.0517],[-95.6314,31.0368],[-95.6412,31.0423],[-95.6688,31.0269],[-95.6674,31.0204],[-95.6584,31.0163],[-95.67,30.9942],[-95.6813,30.9875],[-95.665,30.9709],[-95.6602,30.9572],[-95.6505,30.9473],[-95.6498,30.936],[-95.6374,30.9263],[-95.6179,30.9304],[-95.4348,31.0581],[-95.4343,30.9374],[-95.4114,30.931],[-95.4109,30.9126],[-95.4155,30.9079],[-95.4065,30.9062],[-95.3997,30.8929],[-95.3813,30.8871],[-95.3814,30.8793],[-95.3994,30.8815],[-95.3916,30.876],[-95.3984,30.8672],[-95.3974,30.8583],[-95.3833,30.853],[-95.354,30.8562],[-95.344,30.8758],[-95.3279,30.8593],[-95.3139,30.8731],[-95.3168,30.8798],[-95.3113,30.8858],[-95.3129,30.8979],[-95.2984,30.9026],[-95.2467,30.9044],[-95.2307,30.8867],[-95.2431,30.8669],[-95.231,30.8411],[-95.2076,30.8324],[-95.1884,30.8181],[-95.181,30.8188],[-95.174,30.8076],[-95.1319,30.7832],[-95.1395,30.7749],[-95.1316,30.7575],[-95.1356,30.7482],[-95.146,30.7424],[-95.1422,30.729],[-95.1471,30.7174],[-95.1381,30.7064],[-95.1349,30.6933],[-95.1099,30.6942],[-95.1195,30.6773],[-95.1107,30.672],[-95.115,30.661],[-95.1017,30.6587],[-95.0927,30.6626],[-95.09,30.6718],[-95.0793,30.6694],[-95.055,30.6803],[-95.0545,30.6714],[-95.0342,30.6742],[-95.0402,30.6633],[-95.0236,30.6602],[-95.0208,30.6544],[-95.0103,30.6567],[-95.0132,30.6485],[-95.0247,30.6485],[-95.0159,30.6271],[-95.0088,30.6276],[-95.0069,30.6081],[-95.0318,30.5973],[-95.029,30.5911],[-95.0359,30.5873],[-95.0297,30.5791],[-94.9657,30.5766],[-94.9494,30.5705],[-94.9373,30.558],[-94.9105,30.5615],[-94.8896,30.5564],[-94.8752,30.5461],[-94.842,30.5461],[-94.83,30.5411],[-94.8339,30.5301],[-94.8526,30.5244],[-94.8674,30.5108],[-94.8655,30.495],[-94.8505,30.4942],[-94.8426,30.4875],[-95.1659,30.345],[-95.0312,29.9933],[-95.0219,29.9969],[-94.9998,29.9915],[-94.9955,29.9779],[-94.986,29.9731],[-94.9822,29.965],[-94.9809,29.9559],[-94.9877,29.9528],[-94.9951,29.9362],[-94.9927,29.9263],[-94.9987,29.9199],[-94.9879,29.9047],[-94.9815,29.8843],[-94.4422,29.8895],[-94.4446,30.1137],[-94.4311,30.1136],[-94.4338,30.1108],[-94.4283,30.1054],[-94.4012,30.0972],[-94.3919,30.1059],[-94.3811,30.1084],[-94.3646,30.1014],[-94.3507,30.1092],[-94.3508,30.1038],[-94.3385,30.1043],[-94.3302,30.1149],[-94.3259,30.1113],[-94.3159,30.1177],[-94.3008,30.114],[-94.2792,30.1319],[-94.2755,30.1703],[-94.2606,30.1673],[-94.2548,30.1726],[-94.2534,30.1682],[-94.2372,30.1647],[-94.2313,30.1726],[-94.2209,30.1707],[-94.2204,30.1772],[-94.2133,30.1821],[-94.2123,30.1146],[-94.19,30.1138],[-94.1898,30.0766],[-94.2116,30.0765],[-94.2057,30.0574],[-94.2083,30.0536],[-94.2006,30.0502],[-94.197,30.0384],[-94.1893,30.0384],[-94.1892,30.0238],[-94.1686,30.0172],[-94.1839,30.0021],[-94.1551,30.0023],[-94.125,29.9905],[-94.1229,29.9704],[-94.1362,29.9438],[-94.1345,29.9384],[-94.1229,29.9347],[-94.1212,29.929],[-94.1044,29.9336],[-94.0974,29.9307],[-94.095,29.9504],[-94.0796,29.9663],[-94.0705,29.9598],[-94.0513,29.9603],[-94.0482,29.9648],[-94.0389,29.9497],[-94.0293,29.9544],[-94.032,29.9489],[-94.0275,29.943],[-94.0221,29.9395],[-94.0139,29.9437],[-94.004,29.9299],[-93.9848,29.9161],[-93.9618,29.9117],[-93.9396,29.9306],[-93.9301,29.9229],[-93.9241,29.9293],[-93.9177,29.9248],[-93.9124,29.9304],[-93.9058,29.926],[-93.9113,29.9201],[-93.9048,29.9155],[-93.8993,29.9214],[-93.89,29.9146],[-93.9143,29.8887],[-93.8684,29.9366],[-93.8628,29.9612],[-93.856,29.9687],[-93.8439,29.9548],[-93.8388,29.9369],[-93.8544,29.8651],[-93.8505,29.8689],[-93.819,29.9148],[-93.8078,29.9545],[-93.7894,29.9878],[-93.7706,29.9965],[-93.7566,30.0142],[-93.7411,30.0216],[-93.7374,30.0373],[-93.7208,30.053],[-93.7179,30.0656],[-93.7138,30.0657],[-93.7111,30.0544],[-93.6995,30.0586],[-93.7031,30.0663],[-93.717,30.0696],[-93.7341,30.0861],[-93.7311,30.0895],[-93.724,30.0826],[-93.7238,30.0941],[-93.7123,30.109],[-93.7024,30.1127],[-93.708,30.12],[-93.7009,30.1231],[-93.7012,30.1375],[-93.6928,30.1352],[-93.6882,30.1414],[-93.6933,30.1419],[-93.6977,30.1529],[-93.7095,30.1467],[-93.7,30.1755],[-93.7107,30.1799],[-93.7126,30.1925],[-93.7055,30.1929],[-93.7091,30.1972],[-93.7175,30.1931],[-93.7142,30.2087],[-93.7213,30.2096],[-93.7171,30.212],[-93.7185,30.22],[-93.7112,30.2221],[-93.7111,30.2352],[-93.7045,30.2338],[-93.7094,30.2385],[-93.7031,30.2385],[-93.7095,30.2449],[-93.7055,30.2465],[-93.7089,30.2517],[-93.703,30.2605],[-93.7073,30.2615],[-93.7055,30.2678],[-93.7104,30.2732],[-93.7041,30.2794],[-93.7094,30.2819],[-93.7046,30.2899],[-93.7084,30.2926],[-93.7129,30.2879],[-93.7155,30.2956],[-93.7376,30.2994],[-93.7345,30.3017],[-93.7385,30.3037],[-93.7424,30.3011],[-93.7409,30.3072],[-93.7562,30.326],[-93.7517,30.3293],[-93.7658,30.3327],[-93.7587,30.339],[-93.7657,30.3434],[-93.7595,30.3423],[-93.7637,30.346],[-93.7577,30.35],[-93.7625,30.353],[-93.7581,30.3547],[-93.7608,30.3599],[-93.7568,30.3562],[-93.751,30.3599],[-93.7592,30.368],[-93.7549,30.3661],[-93.7577,30.3904],[-93.7368,30.4055],[-93.7339,30.4149],[-93.7287,30.4135],[-93.7227,30.4196],[-93.7261,30.4307],[-93.7228,30.432],[-93.7181,30.4226],[-93.7127,30.4332],[-93.7023,30.4298],[-93.7042,30.4344],[-93.6976,30.4422],[-93.7075,30.445],[-93.7021,30.4498],[-93.7063,30.4581],[-93.699,30.4588],[-93.7119,30.4694],[-93.7105,30.4755],[-93.7174,30.4838],[-93.7098,30.4826],[-93.7171,30.4944],[-93.7087,30.4991],[-93.7151,30.5013],[-93.7068,30.5071],[-93.7118,30.5109],[-93.7077,30.5213],[-93.7165,30.5192],[-93.7403,30.5396],[-93.7288,30.5453],[-93.7314,30.5529],[-93.7239,30.5592],[-93.7278,30.5741],[-93.7215,30.5806],[-93.7151,30.579],[-93.7138,30.5876],[-93.6929,30.5944],[-93.6878,30.5901],[-93.6922,30.5857],[-93.6866,30.5857],[-93.6851,30.5921],[-93.6789,30.5936],[-93.6834,30.6082],[-93.6891,30.6114],[-93.682,30.6186],[-93.683,30.6413],[-93.655,30.6702],[-93.6486,30.6676],[-93.6453,30.6735],[-93.6382,30.6731],[-93.6299,30.6799],[-93.6204,30.6941],[-93.6247,30.6999],[-93.6164,30.7124],[-93.6172,30.7186],[-93.6054,30.7172],[-93.6136,30.7221],[-93.6098,30.7273],[-93.6177,30.7289],[-93.6091,30.73],[-93.619,30.7403],[-93.6084,30.7467],[-93.6143,30.7602],[-93.6092,30.7573],[-93.6059,30.7646],[-93.6037,30.7601],[-93.5921,30.7637],[-93.5927,30.7751],[-93.5832,30.7786],[-93.5894,30.7867],[-93.5819,30.789],[-93.5838,30.8018],[-93.563,30.806],[-93.5642,30.8175],[-93.5544,30.8235],[-93.5573,30.8284],[-93.5536,30.8351],[-93.5687,30.8442],[-93.5573,30.8521],[-93.5621,30.8593],[-93.5586,30.8694],[-93.5645,30.8686],[-93.5632,30.8749],[-93.5706,30.8752],[-93.5741,30.8845],[-93.5663,30.8948],[-93.5492,30.8974],[-93.5586,30.9132],[-93.5457,30.9271],[-93.5421,30.9258],[-93.5434,30.9202],[-93.532,30.9238],[-93.526,30.9375],[-93.5324,30.949],[-93.5318,30.9582],[-93.5431,30.9567],[-93.5498,30.9671],[-93.5735,30.9712],[-93.5643,30.9897],[-93.5734,30.9918],[-93.5782,31],[-93.5666,31.0131],[-93.5559,31.0037],[-93.5494,31.0101],[-93.5392,31.0082],[-93.5325,31.0197],[-93.5223,31.0201],[-93.508,31.0315],[-93.5234,31.0377],[-93.5189,31.0437],[-93.5316,31.0536],[-93.5189,31.0619],[-93.5287,31.0692],[-93.5276,31.0745],[-93.5522,31.0789],[-93.5493,31.0904],[-93.5558,31.087],[-93.5637,31.0945],[-93.5603,31.0977],[-93.5537,31.0939],[-93.5582,31.098],[-93.5491,31.1002],[-93.5459,31.1112],[-93.5394,31.1152],[-93.5379,31.1266],[-93.5447,31.1361],[-93.5487,31.1558],[-93.5365,31.1585],[-93.5431,31.1707],[-93.5328,31.1743],[-93.5325,31.1833],[-93.55,31.1866],[-93.5696,31.1776],[-93.5782,31.1679],[-93.5891,31.1659],[-93.6003,31.1762],[-93.6019,31.1994],[-93.6072,31.2048],[-93.6035,31.2167],[-93.5953,31.2203],[-93.5994,31.2249],[-93.5963,31.2295],[-93.6082,31.2278],[-93.6181,31.2327],[-93.6163,31.2446],[-93.6218,31.2491],[-93.6143,31.2516],[-93.6139,31.2594],[-93.6203,31.271],[-93.6425,31.2695],[-93.6486,31.2842],[-93.6587,31.2816],[-93.6689,31.298],[-93.6873,31.3061],[-93.6829,31.319],[-93.6736,31.3245],[-93.6773,31.3305],[-93.669,31.3388],[-93.6684,31.353],[-93.6459,31.359],[-93.6392,31.372],[-93.671,31.3662],[-93.6741,31.3977],[-93.7049,31.4109],[-93.7047,31.4189],[-93.6925,31.4382],[-93.7095,31.442],[-93.7039,31.4555],[-93.7091,31.4567],[-93.71,31.4528],[-93.7167,31.4575],[-93.7219,31.4534],[-93.7495,31.4687],[-93.7455,31.4804],[-93.7514,31.4791],[-93.7524,31.4827],[-93.7372,31.4846],[-93.7226,31.4928],[-93.7234,31.5009],[-93.7175,31.5015],[-93.7196,31.5069],[-93.711,31.5122],[-93.7427,31.5157],[-93.7427,31.5266],[-93.7474,31.5307],[-93.7581,31.5299],[-93.7539,31.5253],[-93.7601,31.5239],[-93.7877,31.5273],[-93.8034,31.5388],[-93.7995,31.543],[-93.8186,31.5548],[-93.8211,31.5605],[-93.8169,31.5631],[-93.823,31.5681],[-93.8184,31.5709],[-93.8349,31.5862],[-93.8381,31.6068],[-93.8279,31.6166],[-93.8271,31.6129],[-93.8187,31.6146],[-93.8272,31.6203],[-93.8172,31.6219],[-93.8208,31.629],[-93.816,31.6323],[-93.818,31.6479],[-93.8115,31.6474],[-93.8195,31.6526],[-93.8265,31.6669],[-93.8221,31.674],[-93.8167,31.668],[-93.8124,31.6702],[-93.8163,31.6754],[-93.8045,31.6841],[-93.7945,31.7033],[-93.8098,31.7031],[-93.8169,31.7083],[-93.8125,31.7152],[-93.8149,31.7287],[-93.8369,31.7502],[-93.8298,31.7606],[-93.8265,31.7592],[-93.8296,31.7642],[-93.8226,31.7736],[-93.8377,31.7808],[-93.8356,31.7945],[-93.8393,31.8003],[-93.8515,31.8001],[-93.8614,31.8123],[-93.8733,31.8149],[-93.8709,31.8194],[-93.8774,31.8325],[-93.8728,31.8363],[-93.8819,31.8422],[-93.879,31.8448],[-93.8841,31.8476],[-93.8829,31.8547],[-93.8894,31.8559],[-93.8817,31.8686],[-93.8854,31.8653],[-93.8934,31.8717],[-93.8921,31.8759],[-93.9017,31.8746],[-93.8965,31.8863],[-93.9006,31.8968],[-93.9058,31.8901],[-93.9159,31.8929],[-93.9221,31.886],[-93.9255,31.8946],[-93.9324,31.8932],[-93.9216,31.9044],[-93.9287,31.9126],[-93.9535,31.9106],[-93.9598,31.9232],[-93.9717,31.9204],[-94.0068,31.9734],[-94.0156,31.9799],[-94.5114,31.974],[-94.5113,31.9241],[-94.5035,31.9147],[-94.4806,31.9023],[-94.4778,31.8864],[-94.462,31.8714],[-94.4593,31.8634],[-94.4643,31.8572],[-94.4525,31.8441],[-94.9848,31.8461],[-94.9853,32.138],[-95.4599,32.1356],[-95.4779,32.1462],[-95.4798,32.1519],[-95.4738,32.1689],[-95.4694,32.1704],[-95.471,32.1787],[-95.4616,32.1829],[-95.4683,32.1905],[-95.4644,32.191],[-95.4625,32.2015],[-95.4705,32.2041],[-95.4701,32.2121],[-95.4789,32.2122],[-95.4887,32.2325],[-95.4816,32.2365],[-95.4817,32.2414],[-95.4676,32.2466],[-95.4699,32.2621],[-95.4573,32.2731],[-95.4515,32.2947],[-95.447,32.2958],[-95.4538,32.3058],[-95.4555,32.3115],[-95.4506,32.3144],[-95.4577,32.3191],[-95.4587,32.3284],[-95.4531,32.3346],[-95.4526,32.3456],[-95.4476,32.3473],[-95.4492,32.3552],[-96.1956,32.3582],[-96.1962,32.3548],[-96.2315,32.3547],[-96.2497,32.355],[-96.2497,32.3587],[-96.4524,32.3587],[-96.4493,32.351],[-96.4546,32.3518]]]},"properties":{"geoid":"48003","state":"48","district":"3","name":"State Senate District 3","chamber":"Senate"}},{"type":"Feature","geometry":{"type":"Polygon","coordinates":[[[-95.8302,30.6303],[-95.8175,30.5002],[-95.7879,30.4792],[-95.7816,30.4433],[-95.774,30.4343],[-95.7748,30.4271],[-95.7686,30.4265],[-95.7691,30.3715],[-95.7376,30.3906],[-95.7265,30.3884],[-95.7214,30.3843],[-95.7342,30.3804],[-95.733,30.3306],[-95.7143,30.3278],[-95.7085,30.3335],[-95.6974,30.3337],[-95.6966,30.3885],[-95.6542,30.3831],[-95.6339,30.3728],[-95.6295,30.3441],[-95.6113,30.3399],[-95.6051,30.3292],[-95.5881,30.33],[-95.5883,30.3195],[-95.5383,30.3167],[-95.5393,30.2989],[-95.5439,30.2958],[-95.5727,30.2986],[-95.5565,30.2824],[-95.5748,30.2799],[-95.5745,30.2723],[-95.5843,30.2799],[-95.6351,30.2789],[-95.6447,30.2833],[-95.6485,30.2758],[-95.6608,30.2757],[-95.6608,30.252],[-95.6476,30.2465],[-95.6362,30.2475],[-95.6203,30.2402],[-95.608,30.2464],[-95.5963,30.2442],[-95.5743,30.2569],[-95.558,30.2545],[-95.5447,30.2581],[-95.5424,30.2641],[-95.5334,30.2626],[-95.5207,30.2686],[-95.5186,30.2748],[-95.5147,30.2719],[-95.5143,30.2543],[-95.5348,30.2384],[-95.5416,30.2245],[-95.5682,30.2209],[-95.5692,30.2119],[-95.5902,30.1928],[-95.5803,30.1864],[-95.569,30.1882],[-95.5612,30.1842],[-95.5568,30.1659],[-95.5521,30.1706],[-95.5371,30.1693],[-95.5248,30.1632],[-95.52,30.1528],[-95.501,30.1437],[-95.4958,30.1319],[-95.4976,30.1227],[-95.4883,30.1079],[-95.4673,30.1035],[-95.4366,30.1104],[-95.4369,30.0831],[-95.4967,30.0835],[-95.4968,30.0741],[-95.4765,30.0706],[-95.4804,30.0574],[-95.4762,30.0472],[-95.4698,30.0506],[-95.4588,30.0356],[-95.4802,30.0198],[-95.4857,30.0245],[-95.5017,30.0085],[-95.5108,30.0094],[-95.4983,29.9879],[-95.4483,30.0154],[-95.4012,30.0271],[-95.3109,30.0045],[-95.1623,29.9986],[-95.1618,29.9944],[-95.1517,29.9925],[-95.156,29.9939],[-95.1607,29.9883],[-95.1583,29.9803],[-95.144,29.9898],[-95.1363,29.9863],[-95.1403,29.9843],[-95.1315,29.9877],[-95.1293,29.9779],[-95.1543,29.9512],[-95.1404,29.9267],[-95.125,29.915],[-95.1251,29.906],[-95.1132,29.891],[-95.0994,29.8907],[-95.0942,29.8762],[-95.0616,29.8887],[-95.0358,29.8884],[-95.0352,29.8635],[-95.0939,29.8648],[-95.0903,29.8486],[-95.101,29.8431],[-95.1063,29.8454],[-95.0919,29.8316],[-95.0614,29.8299],[-95.0663,29.824],[-95.0777,29.8258],[-95.0796,29.8179],[-95.0886,29.8155],[-95.0886,29.7988],[-95.0654,29.8029],[-95.0569,29.7983],[-95.0608,29.7925],[-95.0517,29.7906],[-95.0205,29.8],[-95.0413,29.8],[-95.0286,29.8102],[-95.0115,29.808],[-95.0048,29.8011],[-94.9098,29.8212],[-94.9091,29.8138],[-94.9169,29.8033],[-94.9227,29.8027],[-94.9242,29.7959],[-94.917,29.7868],[-94.9214,29.7821],[-94.9163,29.7729],[-94.92,29.772],[-94.9134,29.7667],[-94.919,29.7654],[-94.9188,29.7555],[-94.9297,29.7505],[-94.929,29.7371],[-94.9455,29.7171],[-94.9425,29.7133],[-94.9326,29.7143],[-94.933,29.7052],[-94.9251,29.7031],[-94.9299,29.6974],[-94.9158,29.6969],[-94.9303,29.6737],[-94.9697,29.6828],[-95.0071,29.6572],[-95.015,29.6319],[-95.0029,29.6192],[-94.9982,29.6205],[-94.9826,29.6018],[-95.0124,29.5677],[-95.0182,29.5546],[-95.0158,29.5416],[-95.0031,29.5261],[-94.9861,29.5151],[-94.9214,29.4978],[-94.9098,29.4964],[-94.8788,29.5135],[-94.7959,29.3547],[-94.7635,29.342],[-94.7432,29.3532],[-94.6262,29.3521],[-94.636,29.3706],[-94.6503,29.3828],[-94.6252,29.3977],[-94.4192,29.4835],[-94.1252,29.5956],[-94.0336,29.625],[-93.875,29.6214],[-93.8486,29.6003],[-93.8144,29.5966],[-93.8374,29.6899],[-93.87,29.7355],[-93.8916,29.7446],[-93.8939,29.7673],[-93.9224,29.785],[-93.9288,29.7971],[-93.9257,29.8147],[-93.9164,29.825],[-93.8544,29.8651],[-93.839,29.9264],[-93.8398,29.9439],[-93.8463,29.9585],[-93.856,29.9687],[-93.8601,29.9659],[-93.8684,29.9366],[-93.9143,29.8887],[-93.89,29.9146],[-93.8993,29.9214],[-93.9048,29.9155],[-93.9113,29.9201],[-93.9058,29.926],[-93.9124,29.9304],[-93.9177,29.9248],[-93.9241,29.9293],[-93.9301,29.9229],[-93.9396,29.9306],[-93.9618,29.9117],[-93.9848,29.9161],[-94.004,29.9299],[-94.0139,29.9437],[-94.0221,29.9395],[-94.0275,29.943],[-94.032,29.9489],[-94.0293,29.9544],[-94.0389,29.9497],[-94.0482,29.9648],[-94.0513,29.9603],[-94.0705,29.9598],[-94.0796,29.9663],[-94.095,29.9504],[-94.0974,29.9307],[-94.1044,29.9336],[-94.11,29.929],[-94.1217,29.9292],[-94.1229,29.9347],[-94.1361,29.9415],[-94.1229,29.9704],[-94.125,29.9905],[-94.1551,30.0023],[-94.1839,30.0021],[-94.1686,30.0172],[-94.1892,30.0238],[-94.1893,30.0384],[-94.197,30.0384],[-94.2006,30.0502],[-94.2083,30.0536],[-94.2057,30.0574],[-94.2116,30.0765],[-94.1898,30.0766],[-94.19,30.1138],[-94.2123,30.1146],[-94.2133,30.1821],[-94.2204,30.1772],[-94.2209,30.1707],[-94.2313,30.1726],[-94.2372,30.1647],[-94.2534,30.1682],[-94.2548,30.1726],[-94.2606,30.1673],[-94.2755,30.1703],[-94.2792,30.1319],[-94.3008,30.114],[-94.3159,30.1177],[-94.3259,30.1113],[-94.3302,30.1149],[-94.3385,30.1043],[-94.3508,30.1038],[-94.3507,30.1092],[-94.3646,30.1014],[-94.3811,30.1084],[-94.3919,30.1059],[-94.4012,30.0972],[-94.4283,30.1054],[-94.4338,30.1108],[-94.4311,30.1136],[-94.4446,30.1137],[-94.4422,29.8895],[-94.9815,29.8843],[-94.9879,29.9047],[-94.9987,29.9199],[-94.9927,29.9263],[-94.9951,29.9362],[-94.9877,29.9528],[-94.9809,29.9559],[-94.9822,29.965],[-94.986,29.9731],[-94.9955,29.9779],[-94.9998,29.9915],[-95.0219,29.9969],[-95.0312,29.9933],[-95.1659,30.345],[-95.2264,30.3197],[-95.2276,30.3261],[-95.2206,30.3374],[-95.2112,30.3387],[-95.2038,30.3521],[-95.2164,30.3546],[-95.2366,30.3795],[-95.2646,30.3846],[-95.3084,30.4058],[-95.3308,30.4356],[-95.3303,30.4431],[-95.3507,30.4761],[-95.3533,30.4951],[-95.3619,30.5089],[-95.599,30.509],[-95.8302,30.6303]]]},"properties":{"geoid":"48004","state":"48","district":"4","name":"State Senate District 4","chamber":"Senate"}},{"type":"Feature","geometry":{"type":"Polygon","coordinates":[[[-98.0034,30.7102],[-97.9565,30.6812],[-97.9249,30.6748],[-97.8755,30.6533],[-97.8713,30.6434],[-97.8815,30.6401],[-97.8743,30.6199],[-97.8973,30.6107],[-97.8871,30.6003],[-97.8779,30.6059],[-97.875,30.5991],[-97.8673,30.5989],[-97.8697,30.6049],[-97.8619,30.6086],[-97.8585,30.6214],[-97.8582,30.612],[-97.8459,30.6126],[-97.8425,30.6039],[-97.8481,30.6],[-97.837,30.5988],[-97.8406,30.5973],[-97.8351,30.5843],[-97.8275,30.5871],[-97.8183,30.5828],[-97.8117,30.5876],[-97.8133,30.5952],[-97.8028,30.5706],[-97.8441,30.558],[-97.8415,30.5482],[-97.8225,30.5594],[-97.8161,30.5253],[-97.7605,30.5441],[-97.7579,30.5392],[-97.7241,30.5314],[-97.722,30.526],[-97.7051,30.5205],[-97.7174,30.5154],[-97.7158,30.5075],[-97.7327,30.4855],[-97.7611,30.4775],[-97.7231,30.475],[-97.7211,30.4558],[-97.6888,30.4614],[-97.6829,30.4801],[-97.6639,30.4816],[-97.6514,30.4749],[-97.6186,30.4904],[-97.6068,30.4903],[-97.5962,30.5015],[-97.5906,30.4972],[-97.5721,30.5003],[-97.5635,30.4918],[-97.553,30.4903],[-97.5501,30.4765],[-97.5441,30.4796],[-97.524,30.4722],[-97.5109,30.4853],[-97.4598,30.4583],[-97.4456,30.4614],[-97.4418,30.4553],[-97.4395,30.4603],[-97.4341,30.4597],[-97.4333,30.4529],[-97.4271,30.4522],[-97.4153,30.4383],[-97.4062,30.4423],[-97.393,30.4388],[-97.3834,30.4241],[-97.3735,30.4177],[-97.3695,30.4196],[-97.4925,30.21],[-97.6494,30.0679],[-97.3158,29.7865],[-97.0245,30.0514],[-97.0818,30.2594],[-97.1996,30.3378],[-97.3345,30.4028],[-97.1552,30.4573],[-96.6213,30.7308],[-96.597,30.7274],[-96.5962,30.7153],[-96.5674,30.6983],[-96.569,30.6906],[-96.5827,30.6872],[-96.5837,30.6605],[-96.6015,30.6401],[-96.5703,30.6367],[-96.5666,30.6294],[-96.556,30.6324],[-96.5471,30.6277],[-96.5105,30.6278],[-96.5077,30.6163],[-96.4999,30.6128],[-96.4892,30.6218],[-96.4879,30.6051],[-96.4702,30.6071],[-96.4617,30.5983],[-96.4515,30.5968],[-96.4368,30.5738],[-96.4272,30.5756],[-96.4304,30.5909],[-96.4206,30.585],[-96.4237,30.5602],[-96.4135,30.5397],[-96.3875,30.5325],[-96.3829,30.5354],[-96.3854,30.5441],[-96.3769,30.5359],[-96.3763,30.5469],[-96.3591,30.5423],[-96.3553,30.522],[-96.3713,30.5141],[-96.365,30.5103],[-96.3559,30.5138],[-96.3537,30.5027],[-96.3418,30.4972],[-96.3299,30.4774],[-96.3405,30.4752],[-96.3396,30.4721],[-96.3225,30.4588],[-96.3209,30.4496],[-96.3105,30.4556],[-96.2929,30.4443],[-96.2844,30.4476],[-96.2868,30.4357],[-96.2826,30.4266],[-96.288,30.4213],[-96.2811,30.4148],[-96.2725,30.4178],[-96.2723,30.4102],[-96.2782,30.4071],[-96.2975,30.4118],[-96.2976,30.4004],[-96.3069,30.3946],[-96.2949,30.3856],[-96.2941,30.3802],[-96.2998,30.378],[-96.2906,30.3734],[-96.2868,30.3654],[-96.2697,30.3585],[-96.2624,30.3638],[-96.2629,30.37],[-96.2518,30.3654],[-96.2209,30.3764],[-96.2098,30.374],[-96.1995,30.3829],[-96.1979,30.396],[-96.1933,30.3996],[-96.1745,30.3909],[-96.1755,30.375],[-96.1591,30.3786],[-96.1508,30.3707],[-96.1555,30.3627],[-96.1526,30.3503],[-96.1605,30.3401],[-96.1546,30.3303],[-96.1398,30.3403],[-96.1497,30.3499],[-96.1416,30.3554],[-96.1473,30.3828],[-96.1294,30.3883],[-96.1215,30.384],[-96.1183,30.3993],[-96.1123,30.3944],[-96.1135,30.4012],[-96.1079,30.407],[-96.1119,30.4078],[-96.1122,30.4157],[-96.1056,30.4221],[-96.1013,30.4174],[-96.0879,30.4173],[-96.08,30.43],[-96.0868,30.4299],[-96.086,30.4356],[-96.0928,30.4401],[-96.1052,30.437],[-96.1053,30.4444],[-96.1202,30.4418],[-96.1265,30.4495],[-96.1231,30.4551],[-96.13,30.4526],[-96.1261,30.4573],[-96.1295,30.4662],[-96.1362,30.4663],[-96.1411,30.4753],[-96.1393,30.4792],[-96.1363,30.4767],[-96.1325,30.4919],[-96.1378,30.5012],[-96.1447,30.5031],[-96.1401,30.509],[-96.1526,30.5209],[-96.1484,30.5287],[-96.1612,30.5339],[-96.1598,30.5673],[-96.1846,30.5879],[-96.1825,30.5951],[-96.1883,30.5993],[-96.1815,30.6081],[-96.1804,30.6215],[-96.1736,30.6227],[-96.1691,30.6301],[-96.173,30.6357],[-96.1656,30.6431],[-96.1695,30.6503],[-96.164,30.659],[-96.1693,30.6637],[-96.1727,30.6798],[-96.1698,30.6882],[-96.1769,30.6968],[-96.1779,30.7095],[-96.1621,30.7278],[-96.1602,30.7352],[-96.1706,30.7506],[-96.1626,30.7695],[-96.1836,30.7951],[-96.1725,30.803],[-96.1755,30.8109],[-96.1684,30.823],[-95.8631,30.8641],[-95.8302,30.6303],[-95.599,30.509],[-95.3619,30.5089],[-95.3533,30.4951],[-95.3507,30.4761],[-95.3303,30.4431],[-95.3308,30.4356],[-95.3084,30.4058],[-95.2646,30.3846],[-95.2366,30.3795],[-95.2164,30.3546],[-95.2038,30.3521],[-95.2112,30.3387],[-95.2206,30.3374],[-95.2276,30.326],[-95.2258,30.3194],[-94.8426,30.4875],[-94.8505,30.4942],[-94.8655,30.495],[-94.8674,30.5108],[-94.8526,30.5244],[-94.8339,30.5301],[-94.8297,30.5395],[-94.842,30.5461],[-94.8752,30.5461],[-94.8896,30.5564],[-94.9105,30.5615],[-94.9373,30.558],[-94.9494,30.5705],[-94.9657,30.5766],[-95.0297,30.5791],[-95.0359,30.5873],[-95.029,30.5911],[-95.0318,30.5973],[-95.0069,30.6081],[-95.0088,30.6276],[-95.0159,30.6271],[-95.0247,30.6485],[-95.0132,30.6485],[-95.0103,30.6567],[-95.0208,30.6544],[-95.0236,30.6602],[-95.0402,30.6633],[-95.0342,30.6742],[-95.0545,30.6714],[-95.055,30.6803],[-95.0793,30.6694],[-95.09,30.6718],[-95.0927,30.6626],[-95.1017,30.6587],[-95.115,30.661],[-95.1107,30.672],[-95.1195,30.6773],[-95.1099,30.6942],[-95.1349,30.6933],[-95.1381,30.7064],[-95.1471,30.7174],[-95.1422,30.729],[-95.146,30.7424],[-95.1356,30.7482],[-95.1316,30.7575],[-95.1395,30.7749],[-95.1319,30.7832],[-95.174,30.8076],[-95.181,30.8188],[-95.1884,30.8181],[-95.2076,30.8324],[-95.231,30.8411],[-95.2431,30.8669],[-95.2307,30.8867],[-95.2467,30.9044],[-95.2984,30.9026],[-95.3129,30.8979],[-95.3113,30.8858],[-95.3168,30.8798],[-95.3139,30.8731],[-95.3279,30.8593],[-95.344,30.8758],[-95.354,30.8562],[-95.3833,30.853],[-95.3974,30.8583],[-95.3984,30.8672],[-95.3916,30.876],[-95.3994,30.8815],[-95.3814,30.8793],[-95.3813,30.8871],[-95.3997,30.8929],[-95.4065,30.9062],[-95.4155,30.9079],[-95.4109,30.9126],[-95.4114,30.931],[-95.4343,30.9374],[-95.4348,31.0581],[-95.6179,30.9304],[-95.6374,30.9263],[-95.6498,30.936],[-95.6505,30.9473],[-95.6602,30.9572],[-95.665,30.9709],[-95.6813,30.9875],[-95.67,30.9942],[-95.6584,31.0163],[-95.6674,31.0204],[-95.6688,31.0269],[-95.6412,31.0423],[-95.6314,31.0368],[-95.63,31.0517],[-95.6475,31.0554],[-95.6549,31.0673],[-95.6484,31.0699],[-95.6635,31.0839],[-95.6755,31.076],[-95.6924,31.082],[-95.6985,31.0768],[-95.7041,31.0826],[-95.707,31.0779],[-95.7114,31.0818],[-95.7234,31.0798],[-95.729,31.088],[-95.7364,31.0838],[-95.7416,31.0908],[-95.7606,31.0889],[-95.777,31.1207],[-95.7725,31.1281],[-95.7742,31.1383],[-95.7629,31.1442],[-95.7565,31.142],[-95.7494,31.1552],[-95.7437,31.1523],[-95.728,31.162],[-95.7443,31.1788],[-95.7479,31.2083],[-95.725,31.2301],[-95.7237,31.2461],[-95.7277,31.252],[-95.7221,31.2547],[-95.7281,31.2597],[-95.7252,31.2711],[-95.7041,31.2804],[-95.7074,31.2868],[-95.6951,31.297],[-95.6814,31.2885],[-95.6714,31.2956],[-95.6791,31.3021],[-95.6687,31.3077],[-95.6717,31.3172],[-95.6627,31.321],[-95.6594,31.3159],[-95.6561,31.3222],[-95.6575,31.3435],[-95.6774,31.3468],[-95.6726,31.3561],[-95.6613,31.3576],[-95.6649,31.3655],[-95.6746,31.3656],[-95.6914,31.3747],[-95.6928,31.3915],[-95.7008,31.3939],[-95.6984,31.4071],[-95.7113,31.4215],[-95.7121,31.4558],[-95.7214,31.4626],[-95.7471,31.4595],[-95.7365,31.4737],[-95.7218,31.4728],[-95.7299,31.4896],[-95.7384,31.485],[-95.745,31.491],[-95.7404,31.4956],[-95.7432,31.5006],[-95.7339,31.5084],[-95.737,31.5185],[-95.7587,31.5336],[-95.7509,31.5407],[-95.7541,31.546],[-95.7511,31.552],[-95.7157,31.554],[-95.717,31.5678],[-95.7222,31.5697],[-95.7182,31.5732],[-95.7295,31.5835],[-95.7159,31.5941],[-95.7101,31.6156],[-95.7185,31.6324],[-95.7394,31.6538],[-95.7568,31.6454],[-95.7489,31.6208],[-95.7533,31.6069],[-95.7614,31.5996],[-95.772,31.5986],[-95.7847,31.6107],[-95.7886,31.6271],[-95.7967,31.6311],[-95.7895,31.6475],[-95.7941,31.6603],[-95.7797,31.6839],[-95.7882,31.6875],[-95.7876,31.6926],[-95.7952,31.6752],[-95.8057,31.6711],[-95.8337,31.6951],[-95.8528,31.6978],[-95.862,31.6873],[-95.8809,31.7013],[-95.8749,31.7029],[-95.8752,31.7188],[-95.8666,31.7188],[-95.87,31.7391],[-95.8771,31.7326],[-95.881,31.7351],[-95.8756,31.7434],[-95.8668,31.742],[-95.8747,31.7547],[-95.8939,31.7587],[-95.9001,31.7521],[-95.9033,31.7618],[-95.8973,31.7668],[-95.9246,31.7659],[-95.931,31.7744],[-95.9347,31.7696],[-95.939,31.7747],[-95.9526,31.7758],[-95.9628,31.7894],[-95.9789,31.7841],[-95.9836,31.788],[-95.973,31.8199],[-95.9785,31.8343],[-95.9945,31.8441],[-95.9769,31.8705],[-95.9681,31.8725],[-95.9703,31.8772],[-95.9876,31.8731],[-95.9909,31.8762],[-95.9891,31.8687],[-95.9941,31.8663],[-96.0047,31.8723],[-96.0069,31.8812],[-96.0192,31.8718],[-96.0276,31.8779],[-96.0237,31.8954],[-96.0138,31.9109],[-96.0083,31.9053],[-96.0014,31.9082],[-96.0043,31.9191],[-96.0083,31.9185],[-96.0063,31.9247],[-96.0134,31.9299],[-96.0105,31.9341],[-96.0209,31.9382],[-96.0145,31.9461],[-96.0219,31.9573],[-96.0408,31.9521],[-96.0374,31.9491],[-96.0415,31.9449],[-96.0462,31.9518],[-96.054,31.9479],[-96.0619,31.9554],[-96.0559,31.9636],[-96.045,31.9598],[-96.0429,31.9628],[-96.0464,31.9702],[-96.0541,31.9705],[-96.0545,31.9752],[-96.0609,31.9752],[-96.0648,31.9807],[-96.049,31.9972],[-96.0548,32.0125],[-96.4967,31.7962],[-96.7191,31.8149],[-96.9322,31.7089],[-96.5969,31.2209],[-96.8305,31.1052],[-96.8297,31.1104],[-97.259,30.8896],[-97.3155,30.7524],[-97.6241,30.87],[-97.8281,30.9044],[-97.9629,30.7856],[-98.0034,30.7102]]]},"properties":{"geoid":"48005","state":"48","district":"5","name":"State Senate District 5","chamber":"Senate"}},{"type":"Feature","geometry":{"type":"Polygon","coordinates":[[[-95.4626,29.9412],[-95.4081,29.8699],[-95.4146,29.8685],[-95.4108,29.8388],[-95.3844,29.8416],[-95.3753,29.8132],[-95.3916,29.8139],[-95.3793,29.7889],[-95.3741,29.7868],[-95.3827,29.7691],[-95.3909,29.7689],[-95.3879,29.7616],[-95.367,29.7655],[-95.3667,29.7739],[-95.3513,29.7745],[-95.3451,29.7835],[-95.3459,29.7937],[-95.3399,29.7939],[-95.3355,29.8201],[-95.3102,29.8817],[-95.3006,29.8818],[-95.3009,29.8993],[-95.2876,29.8994],[-95.2914,29.9145],[-95.2577,29.9185],[-95.2574,29.8918],[-95.2803,29.8915],[-95.2804,29.8747],[-95.2479,29.875],[-95.2479,29.857],[-95.2624,29.8501],[-95.2616,29.8109],[-95.3158,29.7877],[-95.3118,29.7876],[-95.3125,29.7653],[-95.32,29.7561],[-95.3458,29.762],[-95.3477,29.7665],[-95.3627,29.7449],[-95.3375,29.7286],[-95.2974,29.5965],[-95.266,29.5946],[-95.2547,29.5853],[-95.2449,29.5941],[-95.2503,29.5983],[-95.2388,29.6105],[-95.2326,29.6045],[-95.2279,29.609],[-95.218,29.607],[-95.2167,29.5975],[-95.2297,29.5862],[-95.2183,29.5804],[-95.2136,29.5847],[-95.1737,29.5519],[-95.163,29.5617],[-95.1418,29.5404],[-95.1283,29.5492],[-95.1578,29.5802],[-95.169,29.5696],[-95.1978,29.5989],[-95.1853,29.6095],[-95.1997,29.6229],[-95.1812,29.6304],[-95.1867,29.6651],[-95.1722,29.6653],[-95.1724,29.6759],[-95.1439,29.6781],[-95.1642,29.6925],[-95.1566,29.6934],[-95.1597,29.6893],[-95.1536,29.6893],[-95.1531,29.7017],[-95.145,29.7012],[-95.1447,29.712],[-95.1161,29.7112],[-95.0929,29.7047],[-95.0873,29.7547],[-95.0904,29.7574],[-95.0865,29.7635],[-95.0704,29.7586],[-95.0595,29.7398],[-95.0483,29.7326],[-95.0234,29.7264],[-95.0171,29.7032],[-95.0049,29.7114],[-94.9948,29.7064],[-94.9926,29.7126],[-94.9891,29.7084],[-94.978,29.7102],[-94.9755,29.7165],[-94.961,29.7224],[-94.9403,29.7574],[-94.9638,29.7535],[-94.9772,29.7547],[-94.9774,29.7613],[-94.9955,29.7559],[-95.0028,29.7599],[-95.0084,29.7655],[-95.0029,29.7704],[-94.9905,29.7699],[-94.9907,29.7804],[-94.9976,29.8023],[-95.0048,29.8011],[-95.0115,29.808],[-95.0286,29.8102],[-95.0413,29.8],[-95.0205,29.8],[-95.0524,29.7905],[-95.0608,29.7925],[-95.0569,29.7983],[-95.0654,29.8029],[-95.0892,29.7992],[-95.0886,29.8155],[-95.0796,29.8179],[-95.0777,29.8258],[-95.0663,29.824],[-95.0614,29.8299],[-95.0919,29.8316],[-95.1063,29.8454],[-95.101,29.8431],[-95.0903,29.8486],[-95.0939,29.8648],[-95.0352,29.8635],[-95.0358,29.8884],[-95.0616,29.8887],[-95.0942,29.8762],[-95.0974,29.8885],[-95.1037,29.8934],[-95.1132,29.891],[-95.1251,29.906],[-95.125,29.915],[-95.1329,29.9195],[-95.1474,29.9128],[-95.1611,29.8845],[-95.1675,29.8364],[-95.2079,29.8181],[-95.2142,29.8066],[-95.2037,29.7963],[-95.2052,29.7888],[-95.2147,29.7865],[-95.2127,29.7803],[-95.2071,29.7755],[-95.1967,29.7766],[-95.197,29.7715],[-95.2137,29.7707],[-95.2187,29.7841],[-95.2344,29.7811],[-95.2277,29.7716],[-95.2591,29.7734],[-95.2559,29.7599],[-95.2517,29.7599],[-95.254,29.7304],[-95.2811,29.7486],[-95.2783,29.7664],[-95.2838,29.7679],[-95.2839,29.7824],[-95.2776,29.7901],[-95.2442,29.795],[-95.2406,29.8196],[-95.1852,29.8437],[-95.1872,29.8709],[-95.2024,29.8907],[-95.2018,29.929],[-95.2109,29.9346],[-95.2342,29.9344],[-95.236,29.9449],[-95.2496,29.9512],[-95.248,29.962],[-95.2668,29.9558],[-95.2894,29.9347],[-95.2877,29.9402],[-95.296,29.94],[-95.2906,29.9522],[-95.3319,29.9515],[-95.3317,29.9393],[-95.3497,29.9392],[-95.372,29.9492],[-95.3932,29.9482],[-95.3932,29.9609],[-95.3992,29.9609],[-95.3993,29.966],[-95.4295,29.9653],[-95.4251,29.9585],[-95.4364,29.96],[-95.4366,29.9654],[-95.4607,29.9648],[-95.4523,29.9591],[-95.455,29.9459],[-95.4512,29.946],[-95.4514,29.9374],[-95.4626,29.9412]]]},"properties":{"geoid":"48006","state":"48","district":"6","name":"State Senate District 6","chamber":"Senate"}},{"type":"Feature","geometry":{"type":"Polygon","coordinates":[[[-95.8155,29.8052],[-95.8154,29.8016],[-95.752,29.802],[-95.7519,29.7851],[-95.6177,29.7843],[-95.6182,29.7777],[-95.6089,29.7701],[-95.5978,29.7702],[-95.5949,29.7821],[-95.5902,29.7827],[-95.5851,29.7655],[-95.5583,29.7622],[-95.5578,29.7401],[-95.5443,29.7531],[-95.5442,29.7591],[-95.5297,29.7591],[-95.5244,29.7469],[-95.5125,29.7438],[-95.5011,29.7529],[-95.5009,29.7604],[-95.4875,29.7676],[-95.4882,29.7838],[-95.5521,29.785],[-95.5544,29.8127],[-95.5699,29.8129],[-95.5747,29.8672],[-95.5525,29.8676],[-95.5589,29.8721],[-95.5536,29.8724],[-95.5538,29.8803],[-95.5497,29.8805],[-95.5498,29.8996],[-95.5656,29.9095],[-95.5882,29.9111],[-95.5846,29.9125],[-95.5852,29.9668],[-95.5568,29.9675],[-95.5475,29.9611],[-95.5356,29.9674],[-95.4983,29.9879],[-95.5108,30.0094],[-95.5017,30.0085],[-95.4857,30.0245],[-95.4802,30.0198],[-95.4588,30.0356],[-95.4698,30.0506],[-95.4762,30.0472],[-95.4804,30.0574],[-95.4765,30.0706],[-95.4968,30.0741],[-95.4967,30.0835],[-95.4369,30.0831],[-95.4354,30.0895],[-95.4366,30.1104],[-95.4673,30.1035],[-95.4883,30.1079],[-95.4976,30.1227],[-95.4958,30.1319],[-95.501,30.1437],[-95.52,30.1528],[-95.5248,30.1632],[-95.5371,30.1693],[-95.5521,30.1706],[-95.5568,30.1659],[-95.5612,30.1842],[-95.569,30.1882],[-95.5803,30.1864],[-95.5902,30.1928],[-95.5692,30.2119],[-95.5682,30.2209],[-95.5416,30.2245],[-95.5348,30.2384],[-95.5143,30.2543],[-95.5168,30.2748],[-95.5334,30.2626],[-95.5424,30.2641],[-95.5447,30.2581],[-95.5583,30.2545],[-95.5743,30.2569],[-95.5963,30.2442],[-95.608,30.2464],[-95.6203,30.2402],[-95.6392,30.2471],[-95.6447,30.2223],[-95.6779,30.2232],[-95.6667,30.2085],[-95.68,30.2084],[-95.6834,30.1713],[-95.7205,30.1923],[-95.7271,30.1882],[-95.7269,30.1822],[-95.7367,30.1847],[-95.7376,30.1787],[-95.7492,30.175],[-95.7395,30.1526],[-95.744,30.1446],[-95.7502,30.1481],[-95.7555,30.1418],[-95.7939,30.1509],[-95.8039,30.1787],[-95.8033,30.0901],[-95.789,30.0947],[-95.7708,30.0874],[-95.7539,30.0899],[-95.7563,30.0785],[-95.7815,30.0669],[-95.7815,30.0627],[-95.7706,30.0627],[-95.7702,30.0372],[-95.7771,30.0371],[-95.7747,30.0346],[-95.7815,30.0329],[-95.7824,30.0269],[-95.782,30.0033],[-95.7681,29.9981],[-95.7696,29.9492],[-95.7435,29.9495],[-95.7433,29.9562],[-95.7179,29.9566],[-95.7196,29.9447],[-95.7107,29.9442],[-95.7045,29.9493],[-95.7011,29.9716],[-95.6734,29.9533],[-95.6825,29.9342],[-95.6732,29.9286],[-95.6728,29.9113],[-95.6685,29.9081],[-95.686,29.9085],[-95.6833,29.8856],[-95.6767,29.8907],[-95.6752,29.8874],[-95.6659,29.8903],[-95.6524,29.8884],[-95.6511,29.8827],[-95.6545,29.8791],[-95.8072,29.8749],[-95.8067,29.8185],[-95.809,29.8053],[-95.8155,29.8052]]]},"properties":{"geoid":"48007","state":"48","district":"7","name":"State Senate District 7","chamber":"Senate"}},{"type":"Feature","geometry":{"type":"Polygon","coordinates":[[[-96.8436,33.0166],[-96.7903,33.0116],[-96.7656,32.9994],[-96.7366,33.004],[-96.712,33.0038],[-96.7087,32.9996],[-96.7053,33.0042],[-96.665,32.9973],[-96.6648,33.0041],[-96.6147,33.0049],[-96.6134,32.9843],[-96.2972,32.9818],[-96.2973,32.8417],[-95.9344,32.8372],[-95.9256,32.8293],[-95.9275,32.8224],[-95.9222,32.821],[-95.9224,32.8156],[-95.905,32.8097],[-95.9067,32.8069],[-95.8993,32.8022],[-95.8946,32.8036],[-95.8947,32.7991],[-95.8777,32.7912],[-95.8785,32.7878],[-95.8726,32.7884],[-95.8637,32.7769],[-95.8548,32.7786],[-95.8506,32.7707],[-95.8353,32.7719],[-95.8279,32.7668],[-95.8148,32.771],[-95.8158,32.7655],[-95.8077,32.768],[-95.8076,32.7739],[-95.7954,32.7758],[-95.7847,32.7701],[-95.77,32.7727],[-95.7611,32.7699],[-95.765,32.764],[-95.7612,32.762],[-95.7623,32.7554],[-95.7392,32.7568],[-95.733,32.7522],[-95.7335,32.7462],[-95.7318,32.7494],[-95.7023,32.7424],[-95.7018,32.7376],[-95.6912,32.7373],[-95.6882,32.7283],[-95.6777,32.728],[-95.668,32.7133],[-95.6641,32.7157],[-95.6594,32.7114],[-95.6485,32.7193],[-95.6412,32.718],[-95.6396,32.7245],[-95.635,32.7204],[-95.6677,32.9796],[-95.8625,32.9796],[-95.8587,33.4095],[-96.3845,33.3411],[-96.3846,33.3978],[-96.8341,33.4055],[-96.8388,33.2194],[-96.7503,33.2186],[-96.7503,33.2107],[-96.7675,33.2108],[-96.7675,33.1965],[-96.7621,33.1964],[-96.7679,33.182],[-96.7416,33.1816],[-96.7415,33.189],[-96.7329,33.189],[-96.7329,33.1253],[-96.8419,33.0856],[-96.8436,33.0166]]]},"properties":{"geoid":"48008","state":"48","district":"8","name":"State Senate District 8","chamber":"Senate"}},{"type":"Feature","geometry":{"type":"Polygon","coordinates":[[[-97.5504,32.5804],[-97.5091,32.595],[-97.4868,32.6141],[-97.4781,32.61],[-97.4673,32.6139],[-97.4754,32.6059],[-97.48,32.5913],[-97.4717,32.6036],[-97.4662,32.6042],[-97.4571,32.5934],[-97.4545,32.5957],[-97.4537,32.5845],[-97.4547,32.5974],[-97.4629,32.6103],[-97.456,32.6068],[-97.4637,32.6197],[-97.4529,32.6335],[-97.4424,32.6276],[-97.4398,32.6331],[-97.4328,32.6295],[-97.4384,32.6366],[-97.4447,32.635],[-97.4479,32.6521],[-97.462,32.658],[-97.4634,32.6623],[-97.4526,32.6684],[-97.4513,32.6901],[-97.4583,32.6871],[-97.4531,32.6988],[-97.4645,32.706],[-97.4608,32.7029],[-97.4597,32.7163],[-97.4791,32.7182],[-97.4812,32.7381],[-97.4257,32.7343],[-97.4247,32.7248],[-97.4134,32.7295],[-97.4135,32.7344],[-97.3968,32.7326],[-97.3939,32.72],[-97.3851,32.7164],[-97.3518,32.7258],[-97.3524,32.7019],[-97.346,32.7081],[-97.3375,32.706],[-97.3367,32.7131],[-97.3316,32.7131],[-97.3316,32.7331],[-97.3264,32.7331],[-97.3224,32.7244],[-97.3069,32.7314],[-97.2973,32.7312],[-97.2938,32.7267],[-97.2374,32.7303],[-97.2344,32.7461],[-97.2223,32.7461],[-97.2142,32.7599],[-97.1316,32.7599],[-97.1319,32.7212],[-97.0996,32.721],[-97.0974,32.7389],[-97.0835,32.7416],[-97.0811,32.7499],[-97.0627,32.749],[-97.0634,32.7598],[-97.1144,32.76],[-97.1142,32.7742],[-97.1229,32.7733],[-97.123,32.7792],[-97.1394,32.7793],[-97.1391,32.7827],[-97.1166,32.7826],[-97.1169,32.7907],[-97.1317,32.7939],[-97.1316,32.8027],[-97.0995,32.8088],[-97.0996,32.8224],[-97.1078,32.8224],[-97.1175,32.8147],[-97.1347,32.8147],[-97.1346,32.8221],[-97.1246,32.8221],[-97.1255,32.8296],[-97.1212,32.8297],[-97.1245,32.8519],[-97.1509,32.8535],[-97.151,32.8492],[-97.1669,32.8491],[-97.1678,32.8607],[-97.1731,32.8601],[-97.1734,32.866],[-97.1643,32.8749],[-97.1737,32.8749],[-97.1736,32.8804],[-97.1773,32.8804],[-97.1737,32.8806],[-97.1738,32.8892],[-97.186,32.8892],[-97.1866,32.9118],[-97.1769,32.9119],[-97.1769,32.9226],[-97.1296,32.9139],[-97.1049,32.9277],[-97.1103,32.9276],[-97.1104,32.9319],[-97.0977,32.9361],[-97.0994,32.9415],[-97.1081,32.944],[-97.1053,32.9547],[-97.1167,32.9549],[-97.1158,32.9704],[-97.127,32.9701],[-97.1241,32.9903],[-97.5442,32.9942],[-97.5504,32.5804]]]},"properties":{"geoid":"48009","state":"48","district":"9","name":"State Senate District 9","chamber":"Senate"}},{"type":"Feature","geometry":{"type":"Polygon","coordinates":[[[-99.6316,32.0938],[-99.6313,32.0813],[-99.1959,32.0792],[-99.2036,31.7486],[-99.2028,31.4672],[-99.1956,31.4735],[-99.1888,31.4705],[-99.1839,31.4537],[-99.1595,31.4682],[-99.1352,31.4657],[-99.1246,31.4564],[-99.1162,31.4682],[-99.1075,31.4642],[-99.1079,31.4545],[-99.0963,31.4482],[-99.0969,31.4562],[-99.09,31.4612],[-99.0864,31.4558],[-99.0726,31.4671],[-99.063,31.4627],[-99.062,31.4711],[-99.0413,31.4906],[-99.019,31.4696],[-99.0101,31.4715],[-99.0061,31.4803],[-98.9916,31.4841],[-98.9409,31.5132],[-98.78,31.6107],[-98.7601,31.6879],[-98.6684,31.7005],[-98.9244,32.078],[-99.1187,32.0796],[-99.1143,32.5148],[-98.0685,32.5116],[-98.0668,32.5588],[-97.617,32.5555],[-97.6151,32.2035],[-97.5983,32.2039],[-97.5907,32.1966],[-97.5902,32.1874],[-97.6016,32.1799],[-97.6013,32.1754],[-97.5775,32.1809],[-97.5692,32.1776],[-97.5646,32.1617],[-97.5705,32.1545],[-97.5687,32.1505],[-97.5534,32.1493],[-97.5143,32.1338],[-97.508,32.1394],[-97.5135,32.1526],[-97.5118,32.1619],[-97.4945,32.1646],[-97.4718,32.1755],[-97.476,32.1817],[-97.087,32.2653],[-97.0871,32.5493],[-97.177,32.5506],[-97.1741,32.5621],[-97.1637,32.5651],[-97.1892,32.5779],[-97.1798,32.5824],[-97.1852,32.5885],[-97.1872,32.612],[-97.181,32.6085],[-97.1388,32.6175],[-97.1335,32.6456],[-97.1464,32.6488],[-97.1497,32.6627],[-97.1342,32.6631],[-97.1352,32.6787],[-97.1296,32.6896],[-97.1388,32.6889],[-97.1387,32.6922],[-97.128,32.6921],[-97.1127,32.7081],[-97.1319,32.709],[-97.1316,32.7599],[-97.2142,32.7599],[-97.2223,32.7461],[-97.2344,32.7461],[-97.2374,32.7303],[-97.2938,32.7267],[-97.2973,32.7312],[-97.3069,32.7314],[-97.3224,32.7244],[-97.3264,32.7331],[-97.3316,32.7331],[-97.3316,32.7131],[-97.3367,32.7131],[-97.3375,32.706],[-97.346,32.7081],[-97.3524,32.7019],[-97.3518,32.7258],[-97.3851,32.7164],[-97.3939,32.72],[-97.3968,32.7326],[-97.4135,32.7344],[-97.4134,32.7295],[-97.4247,32.7248],[-97.4257,32.7343],[-97.4812,32.7381],[-97.4791,32.7182],[-97.4597,32.7163],[-97.4608,32.7029],[-97.4645,32.706],[-97.4531,32.6988],[-97.4583,32.6871],[-97.4513,32.6901],[-97.4526,32.6684],[-97.4634,32.6623],[-97.462,32.658],[-97.4479,32.6521],[-97.4447,32.635],[-97.4384,32.6366],[-97.4328,32.6295],[-97.4398,32.6331],[-97.4424,32.6276],[-97.4529,32.6335],[-97.4637,32.6197],[-97.456,32.6068],[-97.4629,32.6103],[-97.4547,32.5974],[-97.4537,32.5845],[-97.4545,32.5957],[-97.4571,32.5934],[-97.4662,32.6042],[-97.4717,32.6036],[-97.48,32.5913],[-97.4754,32.6059],[-97.4673,32.6139],[-97.4781,32.61],[-97.4868,32.6141],[-97.5091,32.595],[-97.5354,32.5888],[-97.5502,32.5802],[-97.5496,32.6811],[-97.5641,32.6796],[-97.5716,32.6722],[-97.5873,32.6728],[-97.5951,32.6861],[-97.5923,32.7006],[-97.6029,32.7008],[-97.6027,32.7115],[-97.6162,32.7099],[-97.6163,32.7041],[-97.6079,32.7042],[-97.6077,32.7],[-97.6155,32.7018],[-97.6163,32.6917],[-97.6509,32.6922],[-97.6576,32.702],[-97.6754,32.7055],[-97.6762,32.7194],[-97.668,32.7249],[-97.674,32.7476],[-97.6994,32.7553],[-97.7334,32.7481],[-97.73,32.757],[-97.7422,32.757],[-97.7405,32.7654],[-97.7613,32.7646],[-97.759,32.7728],[-97.7414,32.7721],[-97.7325,32.7806],[-97.742,32.7725],[-97.7671,32.7774],[-97.7704,32.7622],[-97.7841,32.7644],[-97.7843,32.7608],[-97.773,32.7583],[-97.7906,32.7589],[-97.7711,32.7472],[-97.7715,32.7397],[-97.7879,32.7424],[-97.7974,32.739],[-97.7811,32.7154],[-97.8049,32.7117],[-97.8275,32.7143],[-97.8306,32.7212],[-97.8348,32.7165],[-97.8453,32.7168],[-97.8456,32.7227],[-97.85,32.7229],[-97.8499,32.7282],[-97.8332,32.7284],[-97.8219,32.7341],[-97.8209,32.7441],[-97.8257,32.7446],[-97.8209,32.7473],[-97.8198,32.757],[-97.8256,32.7585],[-97.8275,32.7657],[-97.8124,32.7663],[-97.8124,32.7712],[-97.8082,32.7711],[-97.8407,32.7883],[-97.8426,32.7937],[-97.8225,32.7825],[-97.8226,32.7892],[-97.8068,32.7891],[-97.8073,32.7801],[-97.7998,32.78],[-97.8001,32.7866],[-97.7973,32.7824],[-97.7764,32.8184],[-97.7542,32.8455],[-97.7514,32.858],[-97.727,32.9004],[-97.7393,32.9011],[-97.7386,32.9061],[-97.7567,32.9137],[-97.7711,32.9137],[-97.7711,32.925],[-97.7847,32.9249],[-97.7889,32.9],[-97.7944,32.8976],[-97.9101,32.8977],[-97.9123,32.8914],[-97.9208,32.8925],[-97.9223,32.8841],[-97.9747,32.912],[-98.044,32.9133],[-98.0578,32.9203],[-98.0561,33.0033],[-98.4266,33.0079],[-98.4272,32.9523],[-98.7503,32.9569],[-99.612,32.957],[-99.612,32.5147],[-99.6296,32.5147],[-99.6316,32.0938]]]},"properties":{"geoid":"48010","state":"48","district":"10","name":"State Senate District 10","chamber":"Senate"}},{"type":"Feature","geometry":{"type":"Polygon","coordinates":[[[-95.591,29.3265],[-95.5795,29.3175],[-95.584,29.3092],[-95.577,29.3033],[-95.5854,29.3023],[-95.5887,29.2954],[-95.5871,29.2799],[-95.5793,29.2713],[-95.5743,29.2767],[-95.5742,29.259],[-95.5701,29.2661],[-95.5637,29.2642],[-95.5686,29.2553],[-95.5612,29.2518],[-95.4593,29.2541],[-95.4776,29.1973],[-95.5056,29.1766],[-95.5086,29.1497],[-95.4926,29.1569],[-95.427,29.1645],[-95.4261,29.1699],[-95.4323,29.1734],[-95.4226,29.1736],[-95.4231,29.1791],[-95.4143,29.1757],[-95.4106,29.1812],[-95.4104,29.1702],[-95.402,29.1703],[-95.4022,29.1776],[-95.3876,29.1871],[-95.3883,29.1971],[-95.3948,29.203],[-95.3917,29.2069],[-95.409,29.2063],[-95.4117,29.2492],[-95.4468,29.2481],[-95.4496,29.261],[-95.4274,29.2973],[-95.4255,29.3176],[-95.4058,29.3048],[-95.3763,29.3052],[-95.368,29.2966],[-95.356,29.297],[-95.3316,29.2811],[-95.2913,29.3248],[-95.2579,29.3801],[-95.2535,29.3817],[-95.2519,29.3607],[-95.2373,29.3675],[-95.2283,29.3604],[-95.2244,29.3708],[-95.2069,29.3826],[-95.2136,29.3957],[-95.1922,29.3999],[-95.1922,29.4044],[-95.0561,29.1993],[-95.1299,29.0856],[-95.0916,29.0627],[-95.0002,29.1045],[-94.9122,29.1593],[-94.7727,29.2317],[-94.7133,29.2825],[-94.6923,29.2771],[-94.6662,29.281],[-94.6424,29.3001],[-94.629,29.3216],[-94.6239,29.3431],[-94.6262,29.3521],[-94.7432,29.3532],[-94.7635,29.342],[-94.7959,29.3547],[-94.8788,29.5135],[-94.9098,29.4964],[-94.9214,29.4978],[-94.9827,29.5135],[-95.0149,29.5395],[-95.0182,29.5546],[-95.0124,29.5677],[-94.9826,29.6018],[-94.9982,29.6205],[-95.0029,29.6192],[-95.015,29.6319],[-95.0071,29.6572],[-94.9697,29.6828],[-94.9303,29.6737],[-94.9158,29.6969],[-94.9299,29.6974],[-94.9251,29.7031],[-94.933,29.7052],[-94.9326,29.7143],[-94.9425,29.7133],[-94.9455,29.7171],[-94.929,29.7371],[-94.9297,29.7505],[-94.9188,29.7555],[-94.919,29.7654],[-94.9132,29.7674],[-94.92,29.772],[-94.9163,29.7729],[-94.9214,29.7821],[-94.917,29.7868],[-94.9242,29.7959],[-94.9227,29.8027],[-94.9169,29.8033],[-94.9085,29.8151],[-94.9098,29.8212],[-94.9178,29.8214],[-94.9408,29.8119],[-94.9976,29.8023],[-94.9905,29.7699],[-95.0036,29.7702],[-95.0084,29.7655],[-95.0028,29.7599],[-94.9955,29.7559],[-94.9774,29.7613],[-94.9772,29.7547],[-94.9638,29.7535],[-94.9403,29.7574],[-94.961,29.7224],[-94.9755,29.7165],[-94.978,29.7102],[-94.9891,29.7084],[-94.9926,29.7126],[-94.9948,29.7064],[-95.0049,29.7114],[-95.0171,29.7032],[-95.0234,29.7264],[-95.0483,29.7326],[-95.0595,29.7398],[-95.0704,29.7586],[-95.0865,29.7635],[-95.0904,29.7574],[-95.0873,29.7547],[-95.0929,29.7047],[-95.1161,29.7112],[-95.1447,29.712],[-95.145,29.7012],[-95.1531,29.7017],[-95.1536,29.6893],[-95.1597,29.6893],[-95.1566,29.6934],[-95.1643,29.6906],[-95.1442,29.6817],[-95.1441,29.6776],[-95.1724,29.6759],[-95.1722,29.6653],[-95.1867,29.6651],[-95.1812,29.6304],[-95.1997,29.6229],[-95.1853,29.6095],[-95.1978,29.5989],[-95.169,29.5696],[-95.1578,29.5802],[-95.1283,29.5492],[-95.1418,29.5404],[-95.163,29.5617],[-95.1737,29.5519],[-95.2136,29.5847],[-95.2183,29.5804],[-95.2232,29.5855],[-95.2254,29.5827],[-95.2299,29.5867],[-95.216,29.6008],[-95.218,29.607],[-95.2262,29.6089],[-95.2326,29.6045],[-95.2388,29.6105],[-95.2503,29.5983],[-95.2449,29.5941],[-95.2547,29.5853],[-95.2619,29.5933],[-95.2828,29.5977],[-95.3086,29.5949],[-95.3316,29.5991],[-95.3464,29.5856],[-95.3759,29.5884],[-95.3929,29.5816],[-95.4242,29.5807],[-95.4626,29.4392],[-95.5506,29.4383],[-95.5564,29.4246],[-95.546,29.4086],[-95.5499,29.4026],[-95.5476,29.3952],[-95.5656,29.3908],[-95.5723,29.3838],[-95.5808,29.3621],[-95.5741,29.3547],[-95.5821,29.3515],[-95.579,29.3411],[-95.5883,29.3359],[-95.591,29.3265]]]},"properties":{"geoid":"48011","state":"48","district":"11","name":"State Senate District 11","chamber":"Senate"}},{"type":"Feature","geometry":{"type":"Polygon","coordinates":[[[-97.9215,33.0083],[-97.9216,33.0013],[-97.3985,32.9908],[-97.1241,32.9903],[-97.127,32.9701],[-97.1158,32.9704],[-97.1167,32.9549],[-97.1053,32.9547],[-97.1081,32.944],[-97.0994,32.9415],[-97.0977,32.9361],[-97.1104,32.9319],[-97.1103,32.9276],[-97.1049,32.9277],[-97.1296,32.9139],[-97.1546,32.917],[-97.1679,32.9237],[-97.1769,32.9226],[-97.1769,32.9119],[-97.1866,32.9118],[-97.186,32.8892],[-97.1738,32.8892],[-97.1737,32.8806],[-97.1773,32.8804],[-97.1736,32.8804],[-97.1737,32.8749],[-97.1643,32.8749],[-97.1734,32.866],[-97.1731,32.8601],[-97.1678,32.8607],[-97.1669,32.8491],[-97.151,32.8492],[-97.1509,32.8535],[-97.0999,32.8518],[-97.0998,32.8814],[-97.0331,32.8785],[-97.0321,32.9304],[-96.9626,32.8905],[-96.9589,32.896],[-96.8982,32.8961],[-96.8981,32.9082],[-96.8818,32.9112],[-96.8855,32.9101],[-96.864,32.9077],[-96.8623,32.8952],[-96.8448,32.8951],[-96.8468,32.8879],[-96.8385,32.8836],[-96.8373,32.8654],[-96.8257,32.8601],[-96.8469,32.8557],[-96.8412,32.8507],[-96.8213,32.8512],[-96.8221,32.8367],[-96.8147,32.8198],[-96.812,32.8232],[-96.7997,32.8189],[-96.7982,32.8232],[-96.793,32.8222],[-96.7711,32.8437],[-96.7707,32.8802],[-96.8096,32.8802],[-96.8094,32.8949],[-96.7879,32.8948],[-96.7865,32.9099],[-96.7737,32.9097],[-96.7772,32.9194],[-96.7692,32.9212],[-96.7689,32.9622],[-96.8046,32.9624],[-96.8034,32.9869],[-96.8441,32.9874],[-96.8433,33.0259],[-96.8563,33.0311],[-96.853,33.042],[-96.8612,33.0383],[-96.8728,33.0432],[-96.8638,33.0449],[-96.864,33.0547],[-96.8789,33.0446],[-96.9186,33.0463],[-96.9222,33.0429],[-96.9185,33.0375],[-96.936,33.0393],[-96.9359,33.0339],[-96.9445,33.033],[-96.9447,33.02],[-96.951,33.0152],[-96.9511,33.0054],[-96.939,33.0035],[-96.9448,33.0016],[-96.9402,32.9977],[-96.9485,32.9936],[-96.9762,33.0098],[-97.0056,33.0418],[-97.0252,33.0806],[-97.0278,33.1003],[-97.0139,33.0884],[-96.9872,33.0792],[-96.9756,33.0996],[-96.9695,33.0996],[-96.9709,33.1177],[-96.9529,33.1355],[-96.9595,33.1395],[-96.962,33.1515],[-96.958,33.1519],[-96.9484,33.1706],[-96.956,33.2009],[-96.946,33.2214],[-96.97,33.2229],[-96.9698,33.2271],[-96.9762,33.2275],[-96.9769,33.1956],[-96.9978,33.1968],[-96.998,33.2048],[-97.011,33.1981],[-97.012,33.1885],[-97.0198,33.1883],[-97.0198,33.1774],[-97.0421,33.1811],[-97.0563,33.1754],[-97.0567,33.1702],[-97.0646,33.1705],[-97.0648,33.1631],[-97.0478,33.1621],[-97.0441,33.1538],[-97.0398,33.1537],[-97.038,33.1299],[-97.0616,33.1302],[-97.0594,33.1227],[-97.0803,33.1221],[-97.0846,33.1151],[-97.0965,33.1214],[-97.0964,33.1321],[-97.1147,33.1325],[-97.1316,33.1397],[-97.1419,33.1516],[-97.1463,33.1472],[-97.1591,33.1793],[-97.1763,33.175],[-97.1987,33.1905],[-97.2111,33.1929],[-97.2183,33.2214],[-97.1723,33.2192],[-97.1865,33.2444],[-97.1795,33.2466],[-97.1783,33.2595],[-97.1823,33.3578],[-97.1775,33.3718],[-97.1754,33.4239],[-97.383,33.4329],[-97.9182,33.4339],[-97.9215,33.0083]]]},"properties":{"geoid":"48012","state":"48","district":"12","name":"State Senate District 12","chamber":"Senate"}},{"type":"Feature","geometry":{"type":"Polygon","coordinates":[[[-95.6197,29.7359],[-95.6097,29.6812],[-95.6003,29.6818],[-95.5996,29.6772],[-95.5832,29.6686],[-95.5874,29.6649],[-95.5827,29.654],[-95.5979,29.6604],[-95.5978,29.633],[-95.5826,29.6274],[-95.5803,29.5859],[-95.5847,29.5772],[-95.5811,29.5688],[-95.5892,29.5671],[-95.5815,29.5345],[-95.5978,29.5285],[-95.5943,29.5237],[-95.5871,29.531],[-95.5819,29.5265],[-95.5843,29.5191],[-95.5918,29.5193],[-95.5944,29.5141],[-95.5828,29.5121],[-95.587,29.5028],[-95.5746,29.514],[-95.5714,29.5083],[-95.5538,29.5035],[-95.5321,29.5114],[-95.4948,29.5078],[-95.4878,29.5144],[-95.4886,29.5216],[-95.4631,29.5083],[-95.4677,29.5077],[-95.4654,29.4978],[-95.4752,29.4599],[-95.5325,29.4588],[-95.5347,29.4406],[-95.5397,29.4387],[-95.5447,29.4443],[-95.5508,29.4391],[-95.4626,29.4392],[-95.4242,29.5807],[-95.3929,29.5816],[-95.3759,29.5884],[-95.3464,29.5856],[-95.3317,29.5991],[-95.2974,29.5965],[-95.3375,29.7286],[-95.3627,29.7449],[-95.3477,29.7665],[-95.3458,29.762],[-95.32,29.7561],[-95.3125,29.7653],[-95.3118,29.7876],[-95.3158,29.7877],[-95.2616,29.8109],[-95.2624,29.8501],[-95.2479,29.857],[-95.2479,29.875],[-95.2804,29.8747],[-95.2803,29.8915],[-95.2574,29.8918],[-95.2577,29.9185],[-95.2914,29.9145],[-95.2876,29.8994],[-95.3009,29.8993],[-95.3006,29.8818],[-95.3102,29.8817],[-95.3355,29.8201],[-95.3399,29.7939],[-95.3459,29.7937],[-95.3451,29.7835],[-95.3513,29.7745],[-95.3667,29.7739],[-95.3667,29.7662],[-95.3746,29.7576],[-95.3709,29.7493],[-95.3937,29.7206],[-95.3994,29.7257],[-95.4186,29.7255],[-95.4184,29.7151],[-95.4018,29.7103],[-95.4276,29.6777],[-95.4399,29.6795],[-95.4398,29.668],[-95.4456,29.6646],[-95.4467,29.6747],[-95.4504,29.6747],[-95.4484,29.6645],[-95.464,29.6643],[-95.4862,29.6446],[-95.4933,29.6445],[-95.4927,29.6506],[-95.5006,29.6545],[-95.4949,29.6581],[-95.4972,29.6663],[-95.5024,29.6667],[-95.5058,29.6852],[-95.4741,29.702],[-95.4763,29.7074],[-95.468,29.713],[-95.4681,29.7166],[-95.4848,29.7164],[-95.4849,29.7242],[-95.5139,29.7217],[-95.514,29.7265],[-95.5251,29.729],[-95.5391,29.7246],[-95.5389,29.7371],[-95.6197,29.7359]]]},"properties":{"geoid":"48013","state":"48","district":"13","name":"State Senate District 13","chamber":"Senate"}},{"type":"Feature","geometry":{"type":"Polygon","coordinates":[[[-98.0114,30.2486],[-98.0061,30.2441],[-98.0108,30.2403],[-97.8135,30.0988],[-97.7961,30.1402],[-97.8048,30.1437],[-97.8016,30.1521],[-97.8045,30.1547],[-97.8144,30.1528],[-97.8131,30.148],[-97.825,30.1494],[-97.8187,30.1768],[-97.8041,30.1984],[-97.7943,30.1937],[-97.7857,30.2005],[-97.7815,30.2084],[-97.7925,30.2149],[-97.779,30.2119],[-97.7621,30.2382],[-97.7413,30.2338],[-97.736,30.2506],[-97.6822,30.2458],[-97.6597,30.2618],[-97.6427,30.2625],[-97.6408,30.2566],[-97.6262,30.2551],[-97.6259,30.2498],[-97.6332,30.2399],[-97.6501,30.2352],[-97.6588,30.2268],[-97.6506,30.2136],[-97.6385,30.2081],[-97.6069,30.2156],[-97.6034,30.2264],[-97.5965,30.2285],[-97.5921,30.2245],[-97.5953,30.2087],[-97.5908,30.2063],[-97.5762,30.2143],[-97.5567,30.2076],[-97.5424,30.2196],[-97.5417,30.2253],[-97.5278,30.2186],[-97.52,30.2293],[-97.5132,30.2105],[-97.5288,30.2054],[-97.5237,30.1984],[-97.5133,30.1992],[-97.4913,30.2121],[-97.3695,30.4196],[-97.3735,30.4177],[-97.3834,30.4241],[-97.393,30.4388],[-97.4062,30.4423],[-97.4153,30.4383],[-97.4271,30.4522],[-97.4333,30.4529],[-97.4341,30.4597],[-97.4395,30.4603],[-97.4418,30.4553],[-97.4456,30.4614],[-97.4598,30.4583],[-97.5109,30.4853],[-97.524,30.4722],[-97.5441,30.4796],[-97.5501,30.4765],[-97.553,30.4903],[-97.5635,30.4918],[-97.5721,30.5003],[-97.5906,30.4972],[-97.5962,30.5015],[-97.6068,30.4903],[-97.6186,30.4904],[-97.6514,30.4749],[-97.6639,30.4816],[-97.6829,30.4801],[-97.6888,30.4614],[-97.7467,30.4494],[-97.7547,30.4402],[-97.7536,30.4333],[-97.7763,30.4298],[-97.7794,30.4384],[-97.7888,30.4442],[-97.8119,30.447],[-97.8257,30.4556],[-97.8401,30.4355],[-97.854,30.4038],[-97.8455,30.3945],[-97.8399,30.3767],[-97.8503,30.3627],[-97.8632,30.3587],[-97.8632,30.3537],[-97.8744,30.3462],[-97.8999,30.3399],[-97.911,30.3304],[-97.9074,30.3278],[-97.9117,30.3211],[-97.9071,30.3099],[-97.9268,30.2957],[-97.9185,30.2887],[-97.9248,30.2886],[-97.9259,30.2821],[-97.933,30.2845],[-97.9326,30.2774],[-97.9419,30.281],[-97.9437,30.2752],[-97.9577,30.2769],[-97.9605,30.2739],[-97.9563,30.2694],[-97.9649,30.2712],[-97.9691,30.2647],[-97.9757,30.2725],[-97.9812,30.2654],[-97.9849,30.2734],[-98.0032,30.251],[-98.0114,30.2486]]]},"properties":{"geoid":"48014","state":"48","district":"14","name":"State Senate District 14","chamber":"Senate"}},{"type":"Feature","geometry":{"type":"Polygon","coordinates":[[[-95.5881,29.9113],[-95.5653,29.9094],[-95.5496,29.8988],[-95.5497,29.8805],[-95.5538,29.8803],[-95.5536,29.8724],[-95.5589,29.8721],[-95.5525,29.8676],[-95.5747,29.8672],[-95.5699,29.8129],[-95.5452,29.8127],[-95.5453,29.8322],[-95.5316,29.8324],[-95.5295,29.8219],[-95.5342,29.8219],[-95.5343,29.8154],[-95.5175,29.8174],[-95.5141,29.8148],[-95.5164,29.8035],[-95.5009,29.803],[-95.4998,29.8082],[-95.4956,29.803],[-95.4848,29.8028],[-95.4849,29.7981],[-95.4808,29.8028],[-95.4696,29.7903],[-95.4742,29.7841],[-95.4539,29.7809],[-95.4528,29.7573],[-95.4426,29.7536],[-95.4386,29.7596],[-95.4282,29.7605],[-95.4252,29.7566],[-95.4088,29.7606],[-95.4107,29.7426],[-95.4482,29.7416],[-95.4479,29.73],[-95.4677,29.7265],[-95.4764,29.726],[-95.4766,29.7366],[-95.4684,29.7368],[-95.4707,29.7391],[-95.5389,29.7371],[-95.5391,29.7246],[-95.533,29.7248],[-95.534,29.7289],[-95.5168,29.7281],[-95.5139,29.7217],[-95.4849,29.7242],[-95.4848,29.7164],[-95.4681,29.7166],[-95.4763,29.7074],[-95.4741,29.702],[-95.5058,29.6852],[-95.5024,29.6667],[-95.4972,29.6663],[-95.4949,29.6581],[-95.5006,29.6545],[-95.4927,29.6506],[-95.4933,29.6445],[-95.4862,29.6446],[-95.464,29.6643],[-95.4484,29.6645],[-95.4504,29.6747],[-95.4467,29.6747],[-95.4461,29.6645],[-95.4398,29.668],[-95.4399,29.6795],[-95.4276,29.6777],[-95.4018,29.7103],[-95.4184,29.7151],[-95.4186,29.7255],[-95.3994,29.7257],[-95.3937,29.7206],[-95.3709,29.7493],[-95.3745,29.7581],[-95.3673,29.7651],[-95.3913,29.7626],[-95.3904,29.7697],[-95.3827,29.7691],[-95.3741,29.7868],[-95.3793,29.7889],[-95.3916,29.8139],[-95.3753,29.8132],[-95.3844,29.8416],[-95.4108,29.8388],[-95.4146,29.8685],[-95.4081,29.8699],[-95.4628,29.9411],[-95.4514,29.9374],[-95.4512,29.946],[-95.455,29.9459],[-95.4523,29.9591],[-95.4607,29.9648],[-95.4366,29.9654],[-95.4364,29.96],[-95.4251,29.9585],[-95.4295,29.9653],[-95.3993,29.966],[-95.3992,29.9609],[-95.3932,29.9609],[-95.3932,29.9482],[-95.372,29.9492],[-95.3497,29.9392],[-95.3317,29.9393],[-95.3319,29.9515],[-95.2906,29.9522],[-95.296,29.94],[-95.2877,29.9402],[-95.2894,29.9347],[-95.2668,29.9558],[-95.248,29.962],[-95.2496,29.9512],[-95.236,29.9449],[-95.2342,29.9344],[-95.2109,29.9346],[-95.2012,29.9283],[-95.2024,29.8907],[-95.1872,29.8709],[-95.1852,29.8437],[-95.2406,29.8196],[-95.2442,29.795],[-95.2776,29.7901],[-95.2839,29.7824],[-95.2838,29.7679],[-95.2783,29.7664],[-95.2811,29.7486],[-95.2538,29.7304],[-95.2517,29.7599],[-95.2559,29.7599],[-95.2591,29.7734],[-95.2277,29.7716],[-95.2344,29.7811],[-95.2187,29.7841],[-95.2137,29.7707],[-95.1952,29.7742],[-95.2127,29.7803],[-95.2147,29.7865],[-95.2052,29.7888],[-95.2037,29.7963],[-95.2142,29.8066],[-95.2079,29.8181],[-95.1675,29.8364],[-95.1611,29.8845],[-95.1474,29.9128],[-95.1329,29.9195],[-95.1543,29.9512],[-95.1293,29.9779],[-95.1315,29.9877],[-95.1403,29.9843],[-95.1363,29.9863],[-95.1425,29.9899],[-95.1584,29.9803],[-95.1607,29.9883],[-95.156,29.9939],[-95.1517,29.9925],[-95.1618,29.9944],[-95.1623,29.9986],[-95.3109,30.0045],[-95.4025,30.027],[-95.4483,30.0154],[-95.5471,29.9612],[-95.5568,29.9675],[-95.5852,29.9668],[-95.5846,29.9125],[-95.5881,29.9113]]]},"properties":{"geoid":"48015","state":"48","district":"15","name":"State Senate District 15","chamber":"Senate"}},{"type":"Feature","geometry":{"type":"Polygon","coordinates":[[[-97.0352,32.7605],[-97.0199,32.7596],[-97.0158,32.7421],[-96.9981,32.745],[-96.9888,32.7349],[-96.9839,32.7351],[-96.9874,32.7454],[-96.958,32.7465],[-96.958,32.7389],[-96.9487,32.7367],[-96.9429,32.7422],[-96.9304,32.7434],[-96.9561,32.7184],[-96.9519,32.7162],[-96.941,32.7219],[-96.916,32.7205],[-96.9087,32.7112],[-96.9088,32.7205],[-96.8697,32.7204],[-96.8376,32.7333],[-96.8376,32.7413],[-96.8569,32.7413],[-96.8567,32.7554],[-96.8646,32.7597],[-96.8567,32.7664],[-96.8738,32.7676],[-96.8738,32.7788],[-96.8826,32.7789],[-96.8822,32.7898],[-96.8866,32.7916],[-96.8825,32.7927],[-96.8839,32.7981],[-96.8739,32.798],[-96.8703,32.8182],[-96.8462,32.8266],[-96.8448,32.8327],[-96.8498,32.8373],[-96.8416,32.8302],[-96.8318,32.8366],[-96.8265,32.8299],[-96.8337,32.8236],[-96.8311,32.8198],[-96.822,32.8109],[-96.8174,32.8159],[-96.8022,32.8066],[-96.8054,32.7996],[-96.7983,32.7921],[-96.7931,32.7955],[-96.793,32.8087],[-96.7847,32.8235],[-96.7529,32.823],[-96.7522,32.8144],[-96.7427,32.8161],[-96.7295,32.8111],[-96.7224,32.8156],[-96.7199,32.8381],[-96.7232,32.8528],[-96.7332,32.855],[-96.7124,32.8641],[-96.6832,32.8641],[-96.6832,32.8557],[-96.6916,32.8521],[-96.6858,32.847],[-96.68,32.8507],[-96.6905,32.8333],[-96.6839,32.8273],[-96.686,32.816],[-96.6654,32.8142],[-96.6683,32.7972],[-96.6558,32.7922],[-96.6684,32.7922],[-96.6684,32.784],[-96.639,32.7555],[-96.6391,32.7487],[-96.6656,32.7488],[-96.6676,32.7533],[-96.6698,32.7487],[-96.6801,32.7489],[-96.68,32.7634],[-96.7006,32.7635],[-96.7001,32.7344],[-96.7151,32.7361],[-96.705,32.7223],[-96.7003,32.724],[-96.6836,32.713],[-96.6763,32.679],[-96.6952,32.6767],[-96.6909,32.6719],[-96.6766,32.6754],[-96.6793,32.6699],[-96.6746,32.6657],[-96.683,32.6492],[-96.6684,32.6407],[-96.6506,32.6391],[-96.6289,32.6297],[-96.6305,32.6207],[-96.6222,32.6177],[-96.5821,32.6524],[-96.5946,32.661],[-96.5883,32.6661],[-96.598,32.6709],[-96.5954,32.6731],[-96.5884,32.6698],[-96.5747,32.6809],[-96.5629,32.6811],[-96.5521,32.6945],[-96.5377,32.6835],[-96.5322,32.694],[-96.5206,32.6938],[-96.5196,32.7543],[-96.5463,32.7622],[-96.5972,32.7673],[-96.5959,32.7904],[-96.6122,32.7927],[-96.6113,32.8112],[-96.6278,32.8104],[-96.6354,32.8446],[-96.6817,32.8737],[-96.6879,32.8787],[-96.6832,32.8788],[-96.6832,32.8859],[-96.6937,32.89],[-96.692,32.9041],[-96.698,32.9023],[-96.7002,32.9166],[-96.7059,32.9167],[-96.7059,32.9313],[-96.683,32.9312],[-96.6828,32.9531],[-96.7,32.9531],[-96.6999,32.9453],[-96.7332,32.9498],[-96.7278,32.9609],[-96.7482,32.963],[-96.7484,32.9862],[-96.7682,32.9865],[-96.7692,32.9212],[-96.7772,32.9194],[-96.7737,32.9097],[-96.7865,32.9099],[-96.7879,32.8948],[-96.8094,32.8949],[-96.8096,32.8802],[-96.7707,32.8802],[-96.7711,32.8437],[-96.7992,32.8189],[-96.8045,32.8232],[-96.8147,32.8198],[-96.8185,32.8231],[-96.8213,32.8512],[-96.8412,32.8507],[-96.8469,32.8557],[-96.8257,32.8601],[-96.8373,32.8654],[-96.8385,32.8836],[-96.8468,32.8879],[-96.8448,32.8951],[-96.8623,32.8952],[-96.864,32.9077],[-96.8855,32.9101],[-96.8818,32.9112],[-96.8981,32.9082],[-96.8982,32.8961],[-96.9589,32.896],[-96.9626,32.8905],[-97.0321,32.9304],[-97.0352,32.7605]]]},"properties":{"geoid":"48016","state":"48","district":"16","name":"State Senate District 16","chamber":"Senate"}},{"type":"Feature","geometry":{"type":"Polygon","coordinates":[[[-96.935,29.0659],[-96.9386,29.0632],[-96.8321,29.0213],[-96.8216,28.9968],[-96.8162,28.9935],[-96.8166,28.9851],[-96.8056,28.9727],[-96.8078,28.956],[-96.8017,28.9354],[-96.7933,28.9297],[-96.7921,28.9188],[-96.7751,28.9154],[-96.7722,28.9059],[-96.7628,28.905],[-96.7592,28.8968],[-96.747,28.8966],[-96.745,28.8908],[-96.7389,28.8936],[-96.7221,28.8618],[-96.7112,28.8512],[-96.7031,28.8516],[-96.7137,28.8451],[-96.7166,28.8349],[-96.7122,28.8305],[-96.7191,28.8297],[-96.7152,28.8238],[-96.7231,28.8212],[-96.7062,28.8149],[-96.7067,28.8042],[-96.7016,28.7982],[-96.7065,28.7961],[-96.6961,28.7966],[-96.6974,28.7738],[-96.6859,28.7719],[-96.6893,28.7681],[-96.6862,28.7637],[-96.6701,28.7612],[-96.6717,28.7511],[-96.6633,28.7423],[-96.6688,28.7363],[-96.6626,28.7322],[-96.6593,28.72],[-96.6558,28.7233],[-96.6455,28.7211],[-96.6423,28.7171],[-96.6511,28.7193],[-96.6449,28.7114],[-96.5881,28.7264],[-96.5805,28.7194],[-96.578,28.6968],[-96.5746,28.7055],[-96.4284,28.7035],[-96.4286,28.7137],[-96.4205,28.7136],[-96.4075,28.7303],[-96.3995,28.7302],[-96.4044,28.6744],[-96.3235,28.6756],[-96.3229,28.6419],[-96.3805,28.3809],[-96.3952,28.2797],[-96.3753,28.2908],[-96.3527,28.3129],[-96.3418,28.3424],[-96.3208,28.3629],[-96.3035,28.365],[-96.2823,28.375],[-96.2671,28.3882],[-96.2582,28.4079],[-96.1822,28.452],[-96.0783,28.5],[-95.7778,28.6253],[-95.4201,28.8056],[-95.378,28.8103],[-95.3298,28.8287],[-95.3154,28.8422],[-95.3081,28.8588],[-95.2272,28.9104],[-95.1808,28.9489],[-95.1395,28.9917],[-95.1054,29.016],[-95.0938,29.0333],[-95.0873,29.058],[-95.1299,29.0856],[-95.0561,29.1993],[-95.1922,29.4044],[-95.1922,29.3999],[-95.2136,29.3957],[-95.2069,29.3826],[-95.2244,29.3708],[-95.2283,29.3604],[-95.2373,29.3675],[-95.2519,29.3607],[-95.2535,29.3817],[-95.2579,29.3801],[-95.2913,29.3248],[-95.3316,29.2811],[-95.356,29.297],[-95.368,29.2966],[-95.3763,29.3052],[-95.4058,29.3048],[-95.4255,29.3176],[-95.4274,29.2973],[-95.4496,29.261],[-95.4468,29.2481],[-95.4117,29.2492],[-95.409,29.2063],[-95.3917,29.2069],[-95.3948,29.203],[-95.3883,29.1971],[-95.3876,29.1871],[-95.4022,29.1776],[-95.402,29.1703],[-95.4104,29.1702],[-95.4106,29.1812],[-95.4143,29.1757],[-95.4231,29.1791],[-95.4226,29.1736],[-95.4323,29.1734],[-95.4261,29.1699],[-95.427,29.1645],[-95.4926,29.1569],[-95.5086,29.1497],[-95.5056,29.1766],[-95.4776,29.1973],[-95.4593,29.2541],[-95.5612,29.2518],[-95.5686,29.2553],[-95.5637,29.2642],[-95.5701,29.2661],[-95.5742,29.259],[-95.5743,29.2767],[-95.5793,29.2713],[-95.5871,29.2799],[-95.5887,29.2954],[-95.5854,29.3023],[-95.577,29.3033],[-95.584,29.3092],[-95.5795,29.3175],[-95.591,29.3265],[-95.5883,29.3359],[-95.579,29.3411],[-95.5821,29.3515],[-95.5741,29.3547],[-95.5808,29.3621],[-95.5723,29.3838],[-95.5656,29.3908],[-95.5476,29.3952],[-95.5499,29.4026],[-95.546,29.4086],[-95.5564,29.4246],[-95.5501,29.4412],[-95.5446,29.4443],[-95.5397,29.4387],[-95.5347,29.4406],[-95.5325,29.4588],[-95.4752,29.4599],[-95.4654,29.4978],[-95.4677,29.5077],[-95.4627,29.5081],[-95.4886,29.5216],[-95.4878,29.5144],[-95.4948,29.5078],[-95.5321,29.5114],[-95.5538,29.5035],[-95.5714,29.5083],[-95.5746,29.514],[-95.581,29.5045],[-95.5885,29.5038],[-95.5828,29.5121],[-95.5945,29.5161],[-95.5843,29.5191],[-95.5818,29.5279],[-95.5873,29.5309],[-95.5943,29.5237],[-95.5978,29.5285],[-95.5815,29.5345],[-95.5892,29.5671],[-95.5811,29.5688],[-95.5847,29.5772],[-95.5803,29.5855],[-95.5826,29.6274],[-95.5978,29.633],[-95.5979,29.6604],[-95.5827,29.654],[-95.5874,29.6649],[-95.5832,29.6686],[-95.5996,29.6772],[-95.6003,29.6818],[-95.6097,29.6812],[-95.6197,29.7359],[-95.4707,29.7391],[-95.4684,29.7368],[-95.4766,29.7366],[-95.4764,29.726],[-95.4689,29.7263],[-95.4479,29.73],[-95.4482,29.7416],[-95.4107,29.7426],[-95.4088,29.7606],[-95.4252,29.7566],[-95.4282,29.7605],[-95.4386,29.7596],[-95.4426,29.7536],[-95.4528,29.7573],[-95.4539,29.7809],[-95.4742,29.7841],[-95.4696,29.7903],[-95.4808,29.8028],[-95.4849,29.7981],[-95.4848,29.8028],[-95.4956,29.803],[-95.4998,29.8082],[-95.5009,29.803],[-95.5164,29.8035],[-95.5141,29.8148],[-95.5175,29.8174],[-95.5343,29.8154],[-95.5342,29.8219],[-95.5295,29.8219],[-95.5316,29.8324],[-95.5453,29.8322],[-95.5452,29.8127],[-95.5544,29.8127],[-95.5521,29.785],[-95.4882,29.7838],[-95.4875,29.7676],[-95.5009,29.7604],[-95.5011,29.7529],[-95.5077,29.7462],[-95.5182,29.7426],[-95.5297,29.7591],[-95.5442,29.7591],[-95.5443,29.7531],[-95.5578,29.7401],[-95.5583,29.7622],[-95.5851,29.7655],[-95.5902,29.7827],[-95.5949,29.7821],[-95.5978,29.7702],[-95.6089,29.7701],[-95.6182,29.7777],[-95.6177,29.7843],[-95.7519,29.7851],[-95.752,29.802],[-95.8154,29.8016],[-95.8155,29.8052],[-95.809,29.8053],[-95.8067,29.8185],[-95.8072,29.8749],[-95.8569,29.8746],[-95.8689,29.9089],[-95.8542,29.9097],[-95.8353,29.9246],[-95.8296,29.9401],[-95.8083,29.9501],[-95.8091,29.9956],[-95.8151,29.9959],[-95.8152,30.0158],[-95.9214,30.0554],[-95.9023,30.0022],[-95.9348,30.0427],[-95.943,30.0318],[-95.9664,30.0314],[-95.9667,30.046],[-95.9899,30.0456],[-95.9897,30.0216],[-96.0914,30.0186],[-96.0848,30.0019],[-96.0916,29.9982],[-96.1011,30.0041],[-96.1045,29.9962],[-96.0957,29.9781],[-96.1029,29.9672],[-96.0928,29.9615],[-96.1077,29.9593],[-96.1228,29.9685],[-96.1259,29.9657],[-96.1195,29.955],[-96.1064,29.9555],[-96.1008,29.9435],[-96.1084,29.9406],[-96.1229,29.949],[-96.1311,29.9387],[-96.1312,29.9337],[-96.1197,29.9285],[-96.1133,29.9153],[-96.0561,29.9124],[-96.0233,29.9176],[-95.997,29.8618],[-95.9845,29.8816],[-95.9704,29.8785],[-95.9688,29.8741],[-95.8905,29.8744],[-95.89,29.8162],[-95.94,29.8158],[-95.9397,29.7867],[-95.9204,29.7866],[-95.9206,29.7526],[-95.9509,29.7408],[-95.9713,29.7405],[-95.9709,29.7286],[-96.0327,29.7279],[-96.0321,29.7173],[-96.0128,29.7199],[-96.0071,29.7167],[-96.006,29.7039],[-96.0228,29.7045],[-96.0145,29.6936],[-96.0156,29.6814],[-96.0214,29.6789],[-96.0272,29.687],[-96.0359,29.6884],[-96.0566,29.6824],[-96.0599,29.6757],[-96.0461,29.6655],[-96.0309,29.6752],[-96.0184,29.6697],[-96.0182,29.6603],[-96.0331,29.6579],[-96.0152,29.6427],[-96.0193,29.6362],[-96.015,29.6265],[-95.9808,29.637],[-95.959,29.6543],[-95.9548,29.6458],[-95.9298,29.6373],[-95.9271,29.655],[-95.9221,29.6596],[-95.9121,29.658],[-95.9027,29.6452],[-95.8882,29.6396],[-95.8822,29.6419],[-95.8786,29.6586],[-95.87,29.6589],[-95.8702,29.6745],[-95.8776,29.6817],[-95.8778,29.6921],[-95.7755,29.7006],[-95.7733,29.7141],[-95.7654,29.7132],[-95.7418,29.7237],[-95.7244,29.7168],[-95.7109,29.7239],[-95.688,29.7111],[-95.654,29.7355],[-95.6441,29.7356],[-95.6436,29.6859],[-95.6216,29.6736],[-95.619,29.6493],[-95.6393,29.6465],[-95.6364,29.638],[-95.6285,29.6389],[-95.6271,29.6346],[-95.6365,29.6314],[-95.6338,29.6201],[-95.649,29.6135],[-95.6309,29.6016],[-95.6292,29.6103],[-95.6182,29.6104],[-95.619,29.6021],[-95.6137,29.6072],[-95.6068,29.6006],[-95.6163,29.5963],[-95.6048,29.5921],[-95.6057,29.5868],[-95.6218,29.5745],[-95.6304,29.5788],[-95.6389,29.5749],[-95.6384,29.5635],[-95.6182,29.5638],[-95.6176,29.5428],[-95.6217,29.5387],[-95.6299,29.5469],[-95.6442,29.5516],[-95.6472,29.5614],[-95.6683,29.5683],[-95.6904,29.5616],[-95.697,29.5487],[-95.6648,29.5411],[-95.6688,29.5332],[-95.7027,29.5376],[-95.6806,29.493],[-95.6945,29.4648],[-95.705,29.4736],[-95.7273,29.4531],[-95.736,29.4555],[-95.7388,29.4632],[-95.7642,29.4644],[-95.7717,29.4691],[-95.7974,29.4457],[-95.819,29.4625],[-95.8313,29.4338],[-95.852,29.4511],[-95.8385,29.4635],[-95.8569,29.4788],[-95.8509,29.4844],[-95.8619,29.4886],[-95.8749,29.5044],[-95.8634,29.5149],[-95.8847,29.5328],[-95.8879,29.5459],[-95.9066,29.5438],[-95.9073,29.5494],[-96.0553,29.5329],[-96.0558,29.54],[-96.041,29.5407],[-96.0418,29.5531],[-96.0446,29.5622],[-96.06,29.5687],[-96.0623,29.5915],[-96.0934,29.6038],[-96.0948,29.6124],[-96.1103,29.6229],[-96.1222,29.6183],[-96.1292,29.6228],[-96.1422,29.6197],[-96.1563,29.6295],[-96.1654,29.6265],[-96.1993,29.6565],[-96.2089,29.6564],[-96.2247,29.6649],[-96.2404,29.6578],[-96.2598,29.6693],[-96.2661,29.6866],[-96.2778,29.7001],[-96.2705,29.7058],[-96.2701,29.7166],[-96.2819,29.727],[-96.2915,29.7281],[-96.2905,29.7342],[-96.2988,29.738],[-96.2972,29.7497],[-96.3118,29.7564],[-96.3141,29.7712],[-96.3196,29.7757],[-96.3147,29.786],[-96.3374,29.8013],[-96.3316,29.804],[-96.3309,29.8144],[-96.3432,29.8297],[-96.3597,29.8189],[-96.3799,29.8255],[-96.389,29.8213],[-96.408,29.8238],[-96.421,29.8293],[-96.4408,29.8536],[-96.4605,29.8547],[-96.4743,29.8674],[-96.4851,29.8673],[-96.5357,29.9073],[-96.5698,29.9615],[-96.717,29.7927],[-96.8742,29.6327],[-96.865,29.6327],[-96.8591,29.6244],[-96.843,29.6164],[-96.8443,29.6089],[-96.8333,29.5958],[-96.8392,29.5846],[-96.8328,29.5769],[-96.7931,29.5774],[-96.5606,29.3354],[-96.935,29.0659]]]},"properties":{"geoid":"48017","state":"48","district":"17","name":"State Senate District 17","chamber":"Senate"}},{"type":"Feature","geometry":{"type":"Polygon","coordinates":[[[-97.8582,29.3538],[-97.6131,29.1098],[-97.7551,29.0071],[-97.5746,28.8133],[-97.7785,28.6678],[-97.7665,28.6647],[-97.7546,28.6542],[-97.7506,28.6392],[-97.7316,28.6281],[-97.7289,28.6105],[-97.713,28.5864],[-97.7127,28.5763],[-97.7017,28.561],[-97.6966,28.5415],[-97.6697,28.5355],[-97.6682,28.5305],[-97.6552,28.5286],[-97.6463,28.5209],[-97.6231,28.5296],[-97.61,28.5231],[-97.6072,28.5267],[-97.5866,28.5245],[-97.563,28.5164],[-97.5536,28.5022],[-97.5515,28.4505],[-97.5208,28.4464],[-97.5238,28.4403],[-97.5179,28.432],[-97.4987,28.4384],[-97.4852,28.4364],[-97.4701,28.425],[-97.4626,28.4097],[-97.4504,28.4092],[-97.4464,28.4029],[-97.4425,28.4089],[-97.4283,28.4129],[-97.4203,28.4041],[-97.4102,28.408],[-97.3989,28.4049],[-97.3997,28.3923],[-97.3898,28.3971],[-97.3869,28.3903],[-97.3756,28.3887],[-97.5411,28.1647],[-97.5274,28.1606],[-97.5212,28.1513],[-97.4824,28.1686],[-97.4741,28.1788],[-97.473,28.156],[-97.4563,28.1606],[-97.4582,28.1558],[-97.4502,28.1478],[-97.4425,28.1542],[-97.4463,28.1327],[-97.4227,28.1429],[-97.4234,28.1351],[-97.4352,28.1294],[-97.428,28.1281],[-97.4267,28.1173],[-97.4181,28.1221],[-97.4056,28.1194],[-97.4044,28.109],[-97.4009,28.1195],[-97.3962,28.1186],[-97.4054,28.1235],[-97.4038,28.1301],[-97.39,28.1298],[-97.3848,28.124],[-97.379,28.1389],[-97.3457,28.1184],[-97.3415,28.1322],[-97.3253,28.1266],[-97.3307,28.1199],[-97.3253,28.1195],[-97.3177,28.1319],[-97.3274,28.1336],[-97.3172,28.1372],[-97.3089,28.1194],[-97.317,28.1157],[-97.3169,28.1101],[-97.3013,28.1038],[-97.2909,28.1151],[-97.2837,28.0909],[-97.2613,28.087],[-97.2594,28.0732],[-97.133,27.9],[-97.0957,27.9578],[-97.0572,27.8654],[-97.0653,27.8519],[-96.9843,27.8038],[-96.9595,27.8753],[-96.9385,27.9012],[-96.8442,28.0003],[-96.7463,28.0796],[-96.6407,28.1554],[-96.531,28.2212],[-96.3952,28.2797],[-96.3805,28.3809],[-96.3227,28.6429],[-96.3235,28.6756],[-96.4044,28.6744],[-96.3995,28.7302],[-96.4075,28.7303],[-96.4205,28.7136],[-96.4286,28.7137],[-96.4284,28.7035],[-96.5746,28.7055],[-96.578,28.6968],[-96.5805,28.7194],[-96.5881,28.7264],[-96.6449,28.7114],[-96.6511,28.7193],[-96.6423,28.7171],[-96.6455,28.7211],[-96.6558,28.7233],[-96.6593,28.72],[-96.6626,28.7322],[-96.6688,28.7363],[-96.6633,28.7423],[-96.6717,28.7511],[-96.6701,28.7612],[-96.6862,28.7637],[-96.6893,28.7681],[-96.6859,28.7719],[-96.6974,28.7738],[-96.6961,28.7966],[-96.7065,28.7961],[-96.7016,28.7982],[-96.7067,28.8042],[-96.7062,28.8149],[-96.7231,28.8212],[-96.7152,28.8238],[-96.7191,28.8297],[-96.7122,28.8305],[-96.7166,28.8349],[-96.7137,28.8451],[-96.7031,28.8516],[-96.7112,28.8512],[-96.7221,28.8618],[-96.7389,28.8936],[-96.745,28.8908],[-96.747,28.8966],[-96.7592,28.8968],[-96.7628,28.905],[-96.7722,28.9059],[-96.7751,28.9154],[-96.7921,28.9188],[-96.7933,28.9297],[-96.8017,28.9354],[-96.8078,28.956],[-96.8056,28.9727],[-96.8166,28.9851],[-96.8162,28.9935],[-96.8216,28.9968],[-96.8321,29.0213],[-96.9386,29.0632],[-96.5606,29.3354],[-96.7931,29.5774],[-96.8328,29.5769],[-96.8392,29.5846],[-96.8333,29.5958],[-96.8443,29.6089],[-96.843,29.6164],[-96.8591,29.6244],[-96.865,29.6327],[-96.8742,29.6327],[-96.717,29.7927],[-96.5698,29.9615],[-96.5357,29.9073],[-96.4851,29.8673],[-96.4743,29.8674],[-96.4605,29.8547],[-96.4408,29.8536],[-96.421,29.8293],[-96.408,29.8238],[-96.389,29.8213],[-96.3799,29.8255],[-96.3597,29.8189],[-96.3432,29.8297],[-96.3309,29.8144],[-96.3316,29.804],[-96.3374,29.8013],[-96.3147,29.786],[-96.3196,29.7757],[-96.3141,29.7712],[-96.3118,29.7564],[-96.2972,29.7497],[-96.2988,29.738],[-96.2905,29.7342],[-96.2915,29.7281],[-96.2819,29.727],[-96.2701,29.7166],[-96.2705,29.7058],[-96.2778,29.7001],[-96.2661,29.6866],[-96.2598,29.6693],[-96.2404,29.6578],[-96.2247,29.6649],[-96.2089,29.6564],[-96.1993,29.6565],[-96.1654,29.6265],[-96.1563,29.6295],[-96.1422,29.6197],[-96.1292,29.6228],[-96.1222,29.6183],[-96.1103,29.6229],[-96.0948,29.6124],[-96.0934,29.6038],[-96.0623,29.5915],[-96.06,29.5687],[-96.0446,29.5622],[-96.0418,29.5531],[-96.041,29.5407],[-96.0558,29.54],[-96.0553,29.5329],[-95.9073,29.5494],[-95.9066,29.5438],[-95.8879,29.5459],[-95.8847,29.5328],[-95.8634,29.5149],[-95.8749,29.5044],[-95.8619,29.4886],[-95.8509,29.4844],[-95.8569,29.4788],[-95.8385,29.4635],[-95.852,29.4511],[-95.8313,29.4338],[-95.819,29.4625],[-95.7974,29.4457],[-95.7717,29.4691],[-95.7642,29.4644],[-95.7388,29.4632],[-95.736,29.4555],[-95.7273,29.4531],[-95.705,29.4736],[-95.6945,29.4648],[-95.6806,29.493],[-95.7027,29.5376],[-95.6688,29.5332],[-95.6648,29.5411],[-95.697,29.5487],[-95.6904,29.5616],[-95.6683,29.5683],[-95.6472,29.5614],[-95.6442,29.5516],[-95.6299,29.5469],[-95.6217,29.5387],[-95.6176,29.5428],[-95.6182,29.5638],[-95.6384,29.5635],[-95.6389,29.5749],[-95.6304,29.5788],[-95.6218,29.5745],[-95.6057,29.5868],[-95.6048,29.5921],[-95.6163,29.5963],[-95.6068,29.6006],[-95.6137,29.6072],[-95.619,29.6021],[-95.6182,29.6104],[-95.6292,29.6103],[-95.6309,29.6016],[-95.649,29.6135],[-95.6338,29.6201],[-95.6365,29.6314],[-95.6271,29.6346],[-95.6285,29.6389],[-95.6364,29.638],[-95.6393,29.6465],[-95.619,29.6493],[-95.6216,29.6736],[-95.6436,29.6859],[-95.6441,29.7356],[-95.654,29.7355],[-95.688,29.7111],[-95.7109,29.7239],[-95.7244,29.7168],[-95.7418,29.7237],[-95.7654,29.7132],[-95.7733,29.7141],[-95.7755,29.7006],[-95.8778,29.6921],[-95.8776,29.6817],[-95.8702,29.6745],[-95.87,29.6589],[-95.8822,29.6546],[-95.8822,29.6419],[-95.889,29.6396],[-95.9027,29.6452],[-95.9112,29.6574],[-95.9221,29.6596],[-95.9271,29.655],[-95.9298,29.6373],[-95.9548,29.6458],[-95.959,29.6543],[-95.9823,29.6362],[-96.0153,29.6266],[-96.0193,29.6363],[-96.0152,29.6427],[-96.0331,29.6579],[-96.0182,29.6603],[-96.0184,29.6697],[-96.0309,29.6752],[-96.0461,29.6655],[-96.0587,29.6738],[-96.0595,29.6794],[-96.0345,29.6884],[-96.0259,29.6861],[-96.0214,29.6789],[-96.0156,29.6814],[-96.0145,29.6936],[-96.0228,29.7045],[-96.006,29.7039],[-96.0071,29.7167],[-96.0128,29.7199],[-96.0321,29.7173],[-96.0327,29.7279],[-95.9709,29.7286],[-95.9713,29.7405],[-95.9509,29.7408],[-95.9206,29.7526],[-95.9204,29.7866],[-95.9397,29.7867],[-95.94,29.8158],[-95.89,29.8162],[-95.8905,29.8744],[-95.9688,29.8741],[-95.9704,29.8785],[-95.9845,29.8816],[-95.9956,29.8614],[-96.0233,29.9176],[-96.0561,29.9124],[-96.1133,29.9153],[-96.1197,29.9285],[-96.1301,29.9324],[-96.1316,29.9375],[-96.1229,29.949],[-96.1084,29.9406],[-96.1014,29.9414],[-96.1064,29.9555],[-96.1195,29.955],[-96.126,29.965],[-96.1228,29.9685],[-96.1077,29.9593],[-96.0928,29.9615],[-96.1029,29.9672],[-96.0957,29.9781],[-96.1045,29.9962],[-96.1011,30.0041],[-96.0916,29.9982],[-96.0848,30.0019],[-96.0922,30.0179],[-96.0874,30.0205],[-95.9897,30.0216],[-95.9899,30.0456],[-95.9667,30.046],[-95.9664,30.0314],[-95.943,30.0318],[-95.9364,30.043],[-95.9274,30.0382],[-95.9161,30.0171],[-95.9075,30.0123],[-95.9082,30.0054],[-95.9023,30.0022],[-95.9214,30.0554],[-95.8152,30.0158],[-95.8151,29.9959],[-95.8091,29.9956],[-95.8083,29.9501],[-95.8296,29.9401],[-95.8353,29.9246],[-95.8542,29.9097],[-95.8689,29.9089],[-95.8569,29.8746],[-95.6545,29.8791],[-95.6524,29.8884],[-95.6752,29.8874],[-95.6767,29.8907],[-95.6833,29.8856],[-95.686,29.9085],[-95.6685,29.9081],[-95.6728,29.9113],[-95.6732,29.9286],[-95.6825,29.9342],[-95.6734,29.9533],[-95.7011,29.9716],[-95.7045,29.9493],[-95.7107,29.9442],[-95.7196,29.9447],[-95.7179,29.9566],[-95.7433,29.9562],[-95.7435,29.9495],[-95.7696,29.9492],[-95.7681,29.9981],[-95.782,30.0033],[-95.7824,30.0269],[-95.7815,30.0329],[-95.7747,30.0346],[-95.7771,30.0371],[-95.7702,30.0372],[-95.7706,30.0627],[-95.7815,30.0627],[-95.7815,30.0669],[-95.7563,30.0785],[-95.7539,30.0899],[-95.7708,30.0874],[-95.789,30.0947],[-95.8033,30.0901],[-95.8039,30.1787],[-95.7939,30.1509],[-95.7555,30.1418],[-95.7502,30.1481],[-95.744,30.1446],[-95.7395,30.1522],[-95.7492,30.175],[-95.7376,30.1787],[-95.7367,30.1847],[-95.7269,30.1822],[-95.7271,30.1882],[-95.7205,30.1923],[-95.6834,30.1713],[-95.68,30.2084],[-95.6667,30.2085],[-95.6779,30.2232],[-95.6447,30.2223],[-95.6388,30.2408],[-95.6432,30.2474],[-95.6608,30.252],[-95.6608,30.2757],[-95.6485,30.2758],[-95.6447,30.2833],[-95.6351,30.2789],[-95.5843,30.2799],[-95.5745,30.2723],[-95.5748,30.2799],[-95.5565,30.2824],[-95.5727,30.2986],[-95.5439,30.2958],[-95.5393,30.2989],[-95.5383,30.3167],[-95.5883,30.3195],[-95.5881,30.33],[-95.6051,30.3292],[-95.6113,30.3399],[-95.6295,30.3441],[-95.6339,30.3728],[-95.6542,30.3831],[-95.6966,30.3885],[-95.6974,30.3337],[-95.7085,30.3335],[-95.7143,30.3278],[-95.733,30.3306],[-95.7342,30.3804],[-95.7214,30.3843],[-95.7265,30.3884],[-95.7376,30.3906],[-95.7691,30.3715],[-95.7686,30.4265],[-95.7748,30.4271],[-95.774,30.4343],[-95.7816,30.4433],[-95.7879,30.4792],[-95.8175,30.5002],[-95.8301,30.629],[-95.8631,30.8641],[-96.1684,30.823],[-96.1741,30.8159],[-96.1725,30.803],[-96.1836,30.7951],[-96.1626,30.7695],[-96.1706,30.7506],[-96.1602,30.7352],[-96.1621,30.7278],[-96.1779,30.7095],[-96.1769,30.6968],[-96.1698,30.6882],[-96.1727,30.6798],[-96.1693,30.6637],[-96.164,30.6591],[-96.1695,30.6503],[-96.1656,30.6431],[-96.173,30.6357],[-96.1691,30.6301],[-96.1736,30.6227],[-96.1804,30.6215],[-96.1815,30.6081],[-96.1883,30.5993],[-96.1825,30.5951],[-96.1846,30.5879],[-96.1598,30.5673],[-96.1612,30.5339],[-96.1484,30.5287],[-96.1526,30.5209],[-96.1401,30.509],[-96.1447,30.5031],[-96.1378,30.5012],[-96.1325,30.4919],[-96.1363,30.4767],[-96.1393,30.4792],[-96.1411,30.4753],[-96.1362,30.4663],[-96.1295,30.4662],[-96.1261,30.4573],[-96.13,30.4526],[-96.1231,30.4551],[-96.1265,30.4495],[-96.1202,30.4418],[-96.1053,30.4444],[-96.1052,30.437],[-96.0928,30.4401],[-96.086,30.4356],[-96.0868,30.4299],[-96.08,30.43],[-96.0879,30.4173],[-96.1013,30.4174],[-96.1056,30.4221],[-96.1122,30.4157],[-96.1119,30.4078],[-96.1079,30.407],[-96.1135,30.4012],[-96.1123,30.3944],[-96.1183,30.3993],[-96.1215,30.384],[-96.1294,30.3883],[-96.1473,30.3828],[-96.1416,30.3554],[-96.1497,30.3499],[-96.1398,30.3403],[-96.1546,30.3303],[-96.1605,30.3401],[-96.1526,30.3503],[-96.1555,30.3627],[-96.1508,30.3707],[-96.1591,30.3786],[-96.1755,30.375],[-96.1745,30.3909],[-96.1933,30.3996],[-96.1979,30.396],[-96.1995,30.3829],[-96.2098,30.374],[-96.2209,30.3764],[-96.2518,30.3654],[-96.2629,30.37],[-96.2624,30.3638],[-96.2697,30.3585],[-96.2868,30.3654],[-96.2906,30.3734],[-96.2998,30.378],[-96.2941,30.3802],[-96.2949,30.3856],[-96.3069,30.3946],[-96.2976,30.4004],[-96.2975,30.4118],[-96.2782,30.4071],[-96.2723,30.4102],[-96.2725,30.4178],[-96.2811,30.4148],[-96.288,30.4213],[-96.2826,30.4266],[-96.2868,30.4357],[-96.2844,30.4476],[-96.2929,30.4443],[-96.3105,30.4556],[-96.3209,30.4496],[-96.3225,30.4588],[-96.3396,30.4721],[-96.3405,30.4752],[-96.3299,30.4774],[-96.3418,30.4972],[-96.3537,30.5027],[-96.3559,30.5138],[-96.365,30.5103],[-96.3713,30.5141],[-96.3553,30.522],[-96.3591,30.5423],[-96.3763,30.5469],[-96.3769,30.5359],[-96.3854,30.5441],[-96.3829,30.5354],[-96.3875,30.5325],[-96.4135,30.5397],[-96.4237,30.5602],[-96.4206,30.585],[-96.4304,30.5909],[-96.4272,30.5756],[-96.4368,30.5738],[-96.4515,30.5968],[-96.4617,30.5983],[-96.4702,30.6071],[-96.4879,30.6051],[-96.4892,30.6218],[-96.4999,30.6128],[-96.5077,30.6163],[-96.5105,30.6278],[-96.5471,30.6277],[-96.556,30.6324],[-96.5666,30.6294],[-96.5703,30.6367],[-96.6015,30.6401],[-96.5837,30.6605],[-96.5827,30.6872],[-96.569,30.6906],[-96.5674,30.6983],[-96.5962,30.7153],[-96.597,30.7274],[-96.6214,30.7308],[-97.1552,30.4573],[-97.3345,30.4028],[-97.1996,30.3378],[-97.0818,30.2594],[-97.0245,30.0514],[-97.3179,29.7847],[-97.5977,29.6307],[-97.6039,29.6418],[-97.6058,29.6351],[-97.6181,29.6335],[-97.617,29.6449],[-97.6294,29.6398],[-97.6332,29.6499],[-97.8582,29.3538]]]},"properties":{"geoid":"48018","state":"48","district":"18","name":"State Senate District 18","chamber":"Senate"}},{"type":"Feature","geometry":{"type":"Polygon","coordinates":[[[-103.3735,30.1586],[-103.3631,30.1562],[-103.3648,30.0957],[-103.3578,30.0955],[-103.3586,30.0774],[-103.3621,30.0773],[-103.3569,29.8968],[-103.3605,29.8845],[-103.3428,29.5339],[-103.3439,29.0478],[-103.3272,29.039],[-103.3301,29.0295],[-103.3421,29.0283],[-103.3376,29.0191],[-103.3257,29.0164],[-103.3148,29.0259],[-103.3091,29.0255],[-103.308,29.0189],[-103.3163,29.0116],[-103.3138,29.007],[-103.3083,29.0034],[-103.3006,29.0083],[-103.2869,29.0013],[-103.2816,28.9877],[-103.287,28.9782],[-103.2793,28.977],[-103.2673,28.9961],[-103.2504,28.9804],[-103.2376,28.9819],[-103.2279,28.9919],[-103.2198,28.9833],[-103.2148,28.9877],[-103.2024,28.9872],[-103.1763,28.9778],[-103.1703,28.9804],[-103.1639,28.9722],[-103.1539,28.9716],[-103.1346,28.9838],[-103.1168,28.9844],[-103.1138,28.9886],[-103.1172,29.0005],[-103.098,29.0263],[-103.1065,29.0382],[-103.1006,29.0603],[-103.0924,29.0647],[-103.0905,29.0541],[-103.0859,29.0537],[-103.0874,29.0671],[-103.077,29.076],[-103.0802,29.0874],[-103.0758,29.0915],[-103.0642,29.0915],[-103.0542,29.1008],[-103.0454,29.0954],[-103.0339,29.101],[-103.0321,29.1068],[-103.037,29.1129],[-103.0276,29.116],[-103.0205,29.1256],[-103.0121,29.1262],[-103.0157,29.134],[-103.0088,29.1376],[-103.0081,29.1484],[-102.9963,29.1602],[-102.9956,29.1793],[-102.9755,29.1863],[-102.9509,29.1736],[-102.9434,29.1914],[-102.9383,29.1882],[-102.9325,29.1947],[-102.9178,29.1909],[-102.9123,29.2194],[-102.8951,29.2085],[-102.8788,29.2136],[-102.8675,29.2239],[-102.8717,29.2418],[-102.8878,29.2458],[-102.9064,29.2601],[-102.8993,29.2691],[-102.903,29.2792],[-102.8882,29.2934],[-102.893,29.3089],[-102.8873,29.3116],[-102.8799,29.3391],[-102.8844,29.3479],[-102.8775,29.3549],[-102.8621,29.3513],[-102.8394,29.3589],[-102.8453,29.3647],[-102.845,29.3744],[-102.834,29.3791],[-102.8256,29.3969],[-102.8124,29.4005],[-102.8259,29.4025],[-102.8334,29.4105],[-102.8269,29.4177],[-102.8325,29.4324],[-102.831,29.4443],[-102.8195,29.4507],[-102.8256,29.4579],[-102.814,29.4714],[-102.8143,29.4824],[-102.8007,29.4862],[-102.8073,29.4943],[-102.8043,29.5012],[-102.8083,29.5229],[-102.792,29.533],[-102.7915,29.5428],[-102.7803,29.5425],[-102.7712,29.5484],[-102.7778,29.561],[-102.7739,29.5731],[-102.7662,29.5722],[-102.7623,29.5798],[-102.7683,29.5952],[-102.7603,29.5986],[-102.7463,29.5926],[-102.7405,29.5975],[-102.7419,29.6332],[-102.7366,29.6418],[-102.7259,29.6432],[-102.7257,29.6514],[-102.6936,29.6767],[-102.6997,29.6863],[-102.697,29.6988],[-102.689,29.705],[-102.6914,29.7214],[-102.6818,29.7281],[-102.674,29.7446],[-102.6684,29.7459],[-102.6671,29.7391],[-102.6602,29.7356],[-102.6304,29.7342],[-102.6228,29.7363],[-102.6124,29.7483],[-102.5892,29.7491],[-102.5738,29.7549],[-102.5741,29.7674],[-102.5677,29.7715],[-102.548,29.7446],[-102.5135,29.7654],[-102.5107,29.7739],[-102.5184,29.7787],[-102.5176,29.7836],[-102.498,29.7814],[-102.4873,29.7866],[-102.4807,29.7761],[-102.472,29.7764],[-102.4655,29.7834],[-102.4577,29.7746],[-102.4474,29.7775],[-102.4393,29.7733],[-102.4337,29.7769],[-102.409,29.7645],[-102.3948,29.7692],[-102.3872,29.7614],[-102.385,29.7717],[-102.39,29.7819],[-102.3772,29.7899],[-102.3775,29.8],[-102.3629,29.8315],[-102.3646,29.8453],[-102.3523,29.8528],[-102.3497,29.8626],[-102.3409,29.8694],[-102.3333,29.8681],[-102.3319,29.8628],[-102.3235,29.8639],[-102.3243,29.8737],[-102.3159,29.88],[-102.2869,29.8712],[-102.2809,29.8628],[-102.2648,29.8675],[-102.2615,29.8532],[-102.2532,29.8531],[-102.2465,29.8641],[-102.2449,29.8489],[-102.2318,29.8483],[-102.2235,29.8405],[-102.2099,29.8444],[-102.1961,29.8366],[-102.187,29.8487],[-102.1785,29.8395],[-102.18,29.8264],[-102.1664,29.8254],[-102.1598,29.8147],[-102.1436,29.8033],[-102.1289,29.7985],[-102.1198,29.8025],[-102.1157,29.7923],[-102.0844,29.7951],[-102.0726,29.7865],[-102.0497,29.7853],[-102.0386,29.7916],[-102.0412,29.7991],[-102.0358,29.8041],[-102.0152,29.7975],[-101.997,29.8061],[-101.9873,29.7968],[-101.9816,29.815],[-101.9763,29.816],[-101.9667,29.8127],[-101.9634,29.8001],[-101.9575,29.7958],[-101.9459,29.8018],[-101.9356,29.7996],[-101.9335,29.7852],[-101.9293,29.7826],[-101.9116,29.798],[-101.8758,29.7938],[-101.8527,29.8078],[-101.8376,29.7934],[-101.8237,29.7874],[-101.8187,29.7915],[-101.8256,29.8071],[-101.8178,29.8116],[-101.8036,29.8034],[-101.814,29.7923],[-101.8051,29.7804],[-101.7885,29.7793],[-101.7849,29.7886],[-101.7738,29.7887],[-101.7539,29.7773],[-101.7413,29.7783],[-101.7334,29.7712],[-101.7197,29.7757],[-101.7089,29.7616],[-101.6896,29.771],[-101.6778,29.7603],[-101.6706,29.7689],[-101.6617,29.7709],[-101.6446,29.7542],[-101.6355,29.7584],[-101.6269,29.7708],[-101.6037,29.7744],[-101.5758,29.7693],[-101.5722,29.7733],[-101.5741,29.7882],[-101.5677,29.7987],[-101.5439,29.8118],[-101.535,29.7977],[-101.5394,29.7664],[-101.536,29.759],[-101.5032,29.7646],[-101.4789,29.7841],[-101.4609,29.7897],[-101.4528,29.7838],[-101.4552,29.7719],[-101.4489,29.7507],[-101.4381,29.7509],[-101.409,29.771],[-101.4009,29.7701],[-101.4002,29.7601],[-101.4146,29.7524],[-101.4156,29.7465],[-101.397,29.734],[-101.3969,29.7139],[-101.3728,29.6994],[-101.3727,29.6781],[-101.3613,29.6501],[-101.3571,29.6493],[-101.346,29.6622],[-101.3141,29.6591],[-101.3025,29.6504],[-101.3,29.6407],[-101.3134,29.6023],[-101.312,29.5861],[-101.3055,29.5779],[-101.291,29.5715],[-101.2779,29.5908],[-101.2805,29.6152],[-101.2691,29.6301],[-101.2504,29.6242],[-101.2473,29.6185],[-101.2523,29.6042],[-101.241,29.565],[-101.2612,29.5368],[-101.2549,29.5203],[-101.2353,29.5249],[-101.1738,29.5146],[-101.1717,29.504],[-101.1468,29.4742],[-101.13,29.4784],[-101.1153,29.4685],[-101.0871,29.4694],[-101.0602,29.4587],[-101.057,29.4408],[-101.0434,29.4299],[-101.0366,29.4061],[-101.0193,29.3909],[-101.01,29.3683],[-100.9643,29.3473],[-100.949,29.3472],[-100.9406,29.3331],[-100.9195,29.3253],[-100.9047,29.3121],[-100.8868,29.3078],[-100.876,29.2796],[-100.8558,29.2755],[-100.834,29.2614],[-100.814,29.2631],[-100.8163,29.2539],[-100.7976,29.2468],[-100.7957,29.2277],[-100.7855,29.2281],[-100.7746,29.2106],[-100.7763,29.2009],[-100.7671,29.1953],[-100.766,29.1858],[-100.7759,29.1733],[-100.7726,29.1684],[-100.7637,29.1648],[-100.7597,29.1571],[-100.7397,29.1505],[-100.7378,29.1391],[-100.7275,29.1291],[-100.6918,29.1149],[-100.6752,29.1007],[-100.664,29.0742],[-100.6602,29.0315],[-100.646,28.988],[-100.6515,28.9434],[-100.6297,28.9211],[-100.6406,28.9142],[-100.6316,28.9028],[-100.6224,28.9098],[-100.6142,28.9017],[-100.6011,28.9013],[-100.603,28.8872],[-100.5895,28.8864],[-100.5989,28.8756],[-100.5908,28.8727],[-100.591,28.8631],[-100.5729,28.8482],[-100.5747,28.8288],[-100.5473,28.8258],[-100.5452,28.8121],[-100.5354,28.8052],[-100.5324,28.7911],[-100.5378,28.7808],[-100.53,28.7704],[-100.5334,28.7592],[-100.5192,28.7562],[-100.5152,28.7429],[-100.5076,28.7406],[-100.5067,28.7167],[-100.512,28.7054],[-100.5004,28.662],[-100.4796,28.6552],[-100.4745,28.6471],[-100.4629,28.6414],[-100.4471,28.6422],[-100.4473,28.6093],[-100.4336,28.6061],[-100.4299,28.5964],[-100.3985,28.5852],[-100.3973,28.5756],[-100.4113,28.5507],[-100.3883,28.5149],[-100.3338,28.4993],[-100.3442,28.4862],[-100.3682,28.4789],[-100.3378,28.443],[-100.3362,28.4302],[-100.3495,28.4037],[-100.3482,28.3982],[-100.3419,28.385],[-100.3181,28.3587],[-100.3091,28.3387],[-100.2886,28.317],[-100.286,28.3091],[-100.2944,28.2835],[-100.2914,28.2754],[-100.2516,28.2362],[-100.2203,28.2322],[-100.2122,28.1968],[-100.1137,28.1978],[-100.1143,28.6481],[-99.4123,28.6405],[-98.335,28.6483],[-98.335,28.6127],[-98.0983,28.7869],[-98.4073,29.1144],[-98.4313,29.1225],[-98.4259,29.1841],[-98.4127,29.2182],[-98.403,29.2357],[-98.3998,29.2236],[-98.3893,29.226],[-98.3941,29.2354],[-98.3874,29.2424],[-98.3954,29.2431],[-98.3956,29.272],[-98.3852,29.2626],[-98.37,29.2808],[-98.3849,29.2966],[-98.3803,29.3021],[-98.3739,29.2985],[-98.3512,29.3201],[-98.351,29.3405],[-98.3596,29.3472],[-98.3571,29.3531],[-98.3434,29.3587],[-98.3148,29.3527],[-98.3437,29.3605],[-98.3303,29.3697],[-98.3214,29.3914],[-98.3129,29.3897],[-98.3071,29.4038],[-98.2763,29.3961],[-98.2441,29.3998],[-98.2123,29.3888],[-98.2134,29.3848],[-98.2207,29.3865],[-98.2274,29.3632],[-98.2046,29.3582],[-98.1342,29.4418],[-98.1316,29.4335],[-98.1366,29.4297],[-98.127,29.4011],[-98.1305,29.3978],[-98.1131,29.3653],[-98.0847,29.3796],[-98.0684,29.3793],[-98.0585,29.4194],[-98.0637,29.4314],[-98.0599,29.4343],[-98.0609,29.4441],[-98.0674,29.4557],[-98.0648,29.4673],[-98.0497,29.4769],[-98.043,29.487],[-98.0393,29.4784],[-98.0296,29.4784],[-98.0114,29.4875],[-97.951,29.4989],[-97.9603,29.5254],[-97.9564,29.539],[-97.9515,29.5474],[-97.9471,29.5426],[-97.9393,29.5489],[-97.9395,29.5554],[-97.9212,29.5548],[-97.9246,29.5701],[-97.9306,29.5747],[-97.9249,29.5826],[-97.9363,29.5816],[-97.9372,29.5872],[-97.9184,29.5914],[-97.9196,29.598],[-97.8687,29.6103],[-97.8732,29.6195],[-97.8707,29.6243],[-97.8779,29.6286],[-97.8939,29.6205],[-97.8847,29.6162],[-97.8998,29.6134],[-97.9004,29.6164],[-97.9103,29.6109],[-97.9073,29.6185],[-97.9231,29.6187],[-97.9231,29.6286],[-97.9634,29.6309],[-97.9621,29.6463],[-97.955,29.6479],[-97.9576,29.6548],[-97.945,29.6549],[-97.9448,29.6805],[-97.9642,29.6803],[-97.967,29.6633],[-97.9728,29.6633],[-97.9732,29.6684],[-98.003,29.6698],[-98.003,29.6422],[-97.9908,29.6422],[-97.9912,29.6074],[-98.005,29.6074],[-98.0068,29.6235],[-98.0215,29.6228],[-98.0278,29.6147],[-98.0238,29.5971],[-98.0371,29.5964],[-98.024,29.5944],[-98.0236,29.5733],[-98.0001,29.5692],[-98.0208,29.5576],[-98.1863,29.5012],[-98.1909,29.5096],[-98.1998,29.5101],[-98.1969,29.5156],[-98.2048,29.5221],[-98.219,29.5237],[-98.2223,29.5385],[-98.2297,29.5429],[-98.2219,29.5438],[-98.2216,29.5479],[-98.2299,29.5468],[-98.2335,29.5548],[-98.2449,29.5568],[-98.2513,29.5498],[-98.2583,29.5551],[-98.2594,29.5475],[-98.253,29.543],[-98.2594,29.5411],[-98.2842,29.5533],[-98.2882,29.5596],[-98.2985,29.5611],[-98.3029,29.5747],[-98.3064,29.5729],[-98.3123,29.5803],[-98.3158,29.5727],[-98.3261,29.5684],[-98.3374,29.5812],[-98.3564,29.5699],[-98.3365,29.5379],[-98.3136,29.5316],[-98.3188,29.525],[-98.308,29.5198],[-98.3083,29.5094],[-98.303,29.5015],[-98.3095,29.4993],[-98.2993,29.4853],[-98.3314,29.4931],[-98.3472,29.4857],[-98.3458,29.467],[-98.3594,29.4631],[-98.3594,29.4724],[-98.3657,29.4766],[-98.3812,29.471],[-98.3812,29.4745],[-98.4119,29.4549],[-98.428,29.4564],[-98.4442,29.4367],[-98.461,29.4362],[-98.461,29.4294],[-98.4703,29.429],[-98.468,29.4251],[-98.4817,29.4276],[-98.4809,29.4222],[-98.4732,29.4205],[-98.4718,29.4087],[-98.4431,29.4134],[-98.4436,29.4074],[-98.4524,29.4025],[-98.4484,29.4004],[-98.449,29.3662],[-98.4608,29.3687],[-98.4612,29.3754],[-98.4755,29.3753],[-98.4811,29.3842],[-98.4856,29.3793],[-98.4961,29.3832],[-98.5511,29.3834],[-98.5505,29.3874],[-98.5615,29.3844],[-98.5624,29.3988],[-98.584,29.401],[-98.5878,29.4078],[-98.6317,29.4018],[-98.7009,29.382],[-98.7095,29.4088],[-98.7102,29.448],[-98.685,29.4502],[-98.6705,29.4464],[-98.6717,29.4599],[-98.6647,29.4644],[-98.667,29.4689],[-98.6507,29.47],[-98.6708,29.487],[-98.7054,29.4943],[-98.6907,29.5242],[-98.6828,29.5365],[-98.6708,29.5317],[-98.6453,29.5318],[-98.648,29.5362],[-98.6359,29.5364],[-98.6277,29.5471],[-98.6173,29.5471],[-98.6202,29.55],[-98.6149,29.5522],[-98.6147,29.5628],[-98.5911,29.5632],[-98.5939,29.5725],[-98.6315,29.5721],[-98.6311,29.5872],[-98.5986,29.5909],[-98.6132,29.6336],[-98.6228,29.6486],[-98.6267,29.6321],[-98.6472,29.6206],[-98.669,29.6209],[-98.6724,29.609],[-98.6846,29.6093],[-98.6878,29.5848],[-98.6927,29.5818],[-98.7024,29.585],[-98.7024,29.5794],[-98.7095,29.5796],[-98.7109,29.5874],[-98.7202,29.5908],[-98.7208,29.6038],[-98.7372,29.6014],[-98.7442,29.6157],[-98.7563,29.6016],[-98.7612,29.6053],[-98.7746,29.5978],[-98.7739,29.5758],[-98.7865,29.5781],[-98.7831,29.5878],[-98.7888,29.5952],[-98.7994,29.5956],[-98.7994,29.5787],[-98.7867,29.5762],[-98.7908,29.5665],[-98.8058,29.5721],[-98.8048,29.2507],[-98.6385,29.1938],[-98.6276,29.1459],[-98.6579,29.1462],[-98.6595,29.1028],[-98.5785,29.0624],[-98.5795,29.0693],[-98.5727,29.0661],[-98.5679,29.0717],[-98.5593,29.0603],[-98.5364,29.0725],[-98.5163,29.0716],[-98.5154,29.0626],[-98.5072,29.06],[-98.4756,29.058],[-98.4321,29.0474],[-98.431,28.9938],[-98.4513,28.9851],[-98.4536,28.976],[-98.4659,28.9667],[-98.4657,28.9604],[-98.4754,28.9607],[-98.475,28.9528],[-98.4852,28.9528],[-98.4865,28.9478],[-98.4863,28.9248],[-98.4918,28.9145],[-98.4647,28.9146],[-98.4646,28.8769],[-98.5395,28.8771],[-98.5395,28.8723],[-98.5549,28.8723],[-98.5552,28.8691],[-98.6227,28.8691],[-98.6214,28.8801],[-98.6312,28.875],[-98.6446,28.8923],[-98.6446,28.9197],[-98.6237,28.92],[-98.6223,28.9375],[-98.613,28.9605],[-98.7319,28.9969],[-98.8009,29.0315],[-98.8047,29.0343],[-98.8049,29.0904],[-99.4139,29.0913],[-99.4118,29.6275],[-99.6031,29.6272],[-99.6028,29.9077],[-99.6912,29.9086],[-99.6899,30.0739],[-99.7576,30.0741],[-99.7541,30.2907],[-100.9606,30.2878],[-100.9622,31.0825],[-101.8624,31.0798],[-102.3888,31.0872],[-102.363,31.0829],[-102.3564,31.0744],[-102.3476,31.0739],[-102.3494,31.0701],[-102.3299,31.0683],[-102.3186,31.061],[-102.3172,31.0524],[-102.3038,31.0519],[-102.2994,31.0418],[-102.2848,31.0338],[-102.266,31.0343],[-102.2469,31.0423],[-102.2259,31.0329],[-102.202,31.031],[-102.2019,31.0216],[-102.1917,31.0038],[-102.1854,31.0066],[-102.1861,31.015],[-102.1809,31.0167],[-102.1741,31.007],[-102.1519,31.0073],[-102.1394,30.9949],[-102.1263,31.0012],[-102.1099,30.9903],[-102.0972,30.9956],[-102.0791,30.9869],[-102.0492,31.0036],[-102.0466,30.9996],[-102.0279,30.9982],[-102.0263,30.9917],[-102.0117,30.9793],[-101.9931,30.9893],[-101.9841,30.9873],[-101.9611,30.9707],[-101.9523,30.9559],[-101.9362,30.9578],[-101.9374,30.9503],[-101.9215,30.9468],[-101.9194,30.9351],[-101.9079,30.928],[-101.8834,30.9256],[-101.8743,30.9118],[-101.8812,30.9086],[-101.8911,30.8902],[-101.8601,30.8736],[-101.8498,30.8566],[-101.8513,30.8469],[-101.845,30.8409],[-101.8464,30.826],[-101.8331,30.8088],[-101.8326,30.7922],[-101.8399,30.7853],[-101.835,30.7803],[-101.8388,30.7633],[-101.8334,30.7573],[-101.8158,30.752],[-101.8156,30.7407],[-101.808,30.7253],[-101.8101,30.7024],[-101.7798,30.686],[-101.7684,30.6529],[-102.1378,30.656],[-102.1384,30.5975],[-102.343,30.5988],[-102.3431,30.2841],[-102.5669,30.2833],[-102.567,30.0528],[-103.1316,30.4508],[-103.3693,30.3608],[-103.3735,30.1586]]]},"properties":{"geoid":"48019","state":"48","district":"19","name":"State Senate District 19","chamber":"Senate"}},{"type":"Feature","geometry":{"type":"Polygon","coordinates":[[[-98.5863,26.2582],[-98.5795,26.2532],[-98.5851,26.2446],[-98.58,26.2352],[-98.5659,26.2415],[-98.5628,26.2244],[-98.5458,26.2368],[-98.5471,26.2418],[-98.5584,26.2446],[-98.5545,26.2479],[-98.5436,26.2436],[-98.5351,26.2255],[-98.5227,26.2358],[-98.5271,26.2263],[-98.5238,26.2207],[-98.5137,26.2272],[-98.5008,26.2224],[-98.5065,26.2088],[-98.4838,26.212],[-98.4829,26.2011],[-98.4775,26.2035],[-98.4813,26.2199],[-98.4602,26.2263],[-98.4545,26.2167],[-98.4437,26.2241],[-98.4387,26.212],[-98.444,26.2006],[-98.4166,26.1838],[-98.4026,26.1814],[-98.4019,26.1711],[-98.3928,26.1672],[-98.3865,26.1577],[-98.3656,26.1581],[-98.3672,26.1686],[-98.3597,26.1725],[-98.3584,26.1589],[-98.3518,26.1512],[-98.3462,26.166],[-98.335,26.1654],[-98.338,26.1494],[-98.3267,26.1429],[-98.3356,26.1384],[-98.322,26.119],[-98.3097,26.114],[-98.3051,26.1028],[-98.2977,26.1033],[-98.3036,26.11],[-98.2967,26.1203],[-98.2748,26.1158],[-98.2663,26.1209],[-98.272,26.1132],[-98.2704,26.1065],[-98.2882,26.1045],[-98.2674,26.0923],[-98.2493,26.0721],[-98.2228,26.0769],[-98.2032,26.0643],[-98.2006,26.0859],[-98.197,26.0853],[-98.1958,26.0917],[-98.1848,26.0904],[-98.1622,26.2238],[-98.1665,26.2265],[-98.1618,26.2261],[-98.1604,26.2346],[-98.1531,26.2334],[-98.1513,26.2443],[-98.1257,26.2408],[-98.1168,26.2939],[-98.0973,26.2923],[-98.0896,26.2976],[-98.0844,26.3269],[-98.0798,26.3262],[-98.0406,26.5448],[-97.9639,26.5335],[-97.9701,26.5523],[-97.9574,26.6118],[-97.9853,26.6158],[-97.9861,27.2605],[-98.0581,27.261],[-98.0598,27.6359],[-97.9421,27.6359],[-97.9336,27.7769],[-97.934,27.862],[-97.9146,27.8536],[-97.9054,27.8424],[-97.882,27.8468],[-97.8814,27.8597],[-97.8593,27.8575],[-97.8523,27.8537],[-97.855,27.8453],[-97.8479,27.8427],[-97.8531,27.8388],[-97.8417,27.8308],[-97.8384,27.8373],[-97.847,27.8422],[-97.844,27.8474],[-97.8231,27.8375],[-97.8172,27.8684],[-97.8076,27.8758],[-97.7895,27.8646],[-97.7889,27.8678],[-97.7536,27.8625],[-97.7562,27.8544],[-97.7388,27.8518],[-97.7352,27.8638],[-97.7265,27.8624],[-97.7332,27.8252],[-97.7139,27.8223],[-97.718,27.8047],[-97.7513,27.8096],[-97.7501,27.7833],[-97.7716,27.7833],[-97.7672,27.7804],[-97.7783,27.7629],[-97.7734,27.7607],[-97.7733,27.7512],[-97.7652,27.7458],[-97.761,27.73],[-97.764,27.7243],[-97.75,27.7252],[-97.7442,27.6916],[-97.7474,27.6867],[-97.735,27.6778],[-97.7221,27.6778],[-97.7189,27.6824],[-97.7154,27.6794],[-97.7128,27.6867],[-97.6947,27.6868],[-97.6928,27.6961],[-97.6261,27.6973],[-97.6193,27.7027],[-97.6193,27.7485],[-97.5942,27.7485],[-97.5944,27.752],[-97.58,27.752],[-97.5799,27.7484],[-97.4534,27.7495],[-97.413,27.7285],[-97.4188,27.7192],[-97.4331,27.7262],[-97.4411,27.7135],[-97.4316,27.7089],[-97.432,27.7035],[-97.4274,27.7069],[-97.4124,27.6996],[-97.4189,27.6905],[-97.4294,27.6889],[-97.4234,27.6841],[-97.4235,27.675],[-97.4011,27.6569],[-97.397,27.6364],[-97.3732,27.6727],[-97.3642,27.6758],[-97.3338,27.6529],[-97.329,27.6579],[-97.3153,27.6594],[-97.317,27.6643],[-97.3077,27.6677],[-97.31,27.6789],[-97.2867,27.6705],[-97.2842,27.6655],[-97.2796,27.6671],[-97.2755,27.6649],[-97.2785,27.6537],[-97.2933,27.6199],[-97.3002,27.6139],[-97.2959,27.6108],[-97.303,27.6128],[-97.2956,27.6097],[-97.2998,27.6019],[-97.2939,27.5932],[-97.32,27.5712],[-97.3248,27.561],[-97.2732,27.5747],[-97.2424,27.6305],[-97.2252,27.6881],[-97.237,27.6868],[-97.2536,27.6983],[-97.307,27.7095],[-97.3432,27.7239],[-97.3698,27.7425],[-97.3776,27.7609],[-97.3918,27.7767],[-97.3941,27.7831],[-97.3878,27.797],[-97.3955,27.8119],[-97.3778,27.8321],[-97.3801,27.8368],[-97.3506,27.8635],[-97.3462,27.8619],[-97.3435,27.8716],[-97.3321,27.873],[-97.3366,27.8824],[-97.378,27.8748],[-97.3995,27.8755],[-97.4193,27.8687],[-97.4441,27.8692],[-97.4459,27.8654],[-97.4593,27.8783],[-97.4568,27.8667],[-97.4603,27.862],[-97.4686,27.8708],[-97.4704,27.8639],[-97.4808,27.8598],[-97.4855,27.8628],[-97.4844,27.8731],[-97.495,27.8823],[-97.5173,27.8713],[-97.5198,27.8611],[-97.5151,27.8519],[-97.4903,27.8465],[-97.4892,27.8388],[-97.501,27.8467],[-97.5069,27.843],[-97.5353,27.8477],[-97.5443,27.8589],[-97.5753,27.861],[-97.5919,27.857],[-97.609,27.8717],[-97.6096,27.8904],[-97.627,27.8954],[-97.6321,27.8934],[-97.6271,27.8757],[-97.6382,27.8656],[-97.6424,27.8718],[-97.6568,27.873],[-97.6753,27.8825],[-97.6713,27.8927],[-97.6822,27.9019],[-97.6898,27.9003],[-97.6865,27.9028],[-97.6917,27.9041],[-97.6874,27.9107],[-97.6911,27.9174],[-97.7082,27.9226],[-97.7164,27.9181],[-97.7159,27.9115],[-97.7252,27.9165],[-97.736,27.9119],[-97.73,27.9233],[-97.746,27.927],[-97.749,27.9329],[-97.763,27.9235],[-97.762,27.9269],[-97.7669,27.9277],[-97.762,27.9328],[-97.7643,27.9381],[-97.7759,27.9379],[-97.7786,27.9475],[-97.7955,27.9422],[-97.7967,27.9341],[-97.8068,27.9347],[-97.8096,27.9414],[-97.8055,27.9444],[-97.8096,27.9445],[-97.8105,27.9605],[-97.8176,27.9705],[-97.8116,27.9749],[-97.8081,27.9723],[-97.8026,27.9795],[-97.7966,28.011],[-97.789,28.0139],[-97.7961,28.0313],[-97.806,28.0414],[-97.8199,28.0407],[-97.8261,28.038],[-97.8235,28.0357],[-97.8533,28.0366],[-97.8781,28.0463],[-97.875,28.0504],[-97.8831,28.0569],[-98.2355,28.058],[-98.2325,27.2625],[-98.5366,27.2652],[-98.5311,27.2544],[-98.5124,27.2512],[-98.5062,27.2387],[-98.4929,27.235],[-98.4929,27.1421],[-98.4673,27.142],[-98.4665,27.0547],[-98.4179,27.0553],[-98.4226,26.7835],[-98.3207,26.7831],[-98.3968,26.6253],[-98.5863,26.2582]]]},"properties":{"geoid":"48020","state":"48","district":"20","name":"State Senate District 20","chamber":"Senate"}},{"type":"Feature","geometry":{"type":"Polygon","coordinates":[[[-100.2122,28.1968],[-100.2081,28.1904],[-100.1857,28.1858],[-100.1606,28.1682],[-100.1411,28.1681],[-100.1196,28.1556],[-100.0843,28.1448],[-100.0755,28.1249],[-100.0565,28.1042],[-100.0531,28.0847],[-100.0179,28.0648],[-100.0086,28.024],[-99.9914,27.9946],[-99.9628,27.9835],[-99.9318,27.981],[-99.9385,27.9541],[-99.9371,27.9405],[-99.9266,27.9357],[-99.926,27.9275],[-99.9175,27.918],[-99.9001,27.9121],[-99.8935,27.8992],[-99.9044,27.8753],[-99.9015,27.8642],[-99.8772,27.8422],[-99.8738,27.813],[-99.8768,27.7978],[-99.8509,27.794],[-99.8388,27.7642],[-99.826,27.7643],[-99.8191,27.776],[-99.8131,27.774],[-99.7963,27.7356],[-99.7888,27.7307],[-99.7707,27.7321],[-99.7115,27.6584],[-99.6994,27.6554],[-99.6902,27.6689],[-99.6858,27.661],[-99.6689,27.66],[-99.6583,27.6502],[-99.6661,27.6361],[-99.6389,27.6268],[-99.6251,27.6314],[-99.6243,27.644],[-99.6161,27.6377],[-99.5962,27.6399],[-99.5914,27.6275],[-99.5776,27.6186],[-99.5772,27.6113],[-99.5848,27.6039],[-99.5612,27.6076],[-99.5549,27.6145],[-99.5397,27.6033],[-99.5297,27.5798],[-99.5121,27.5683],[-99.5219,27.5441],[-99.5284,27.4986],[-99.4968,27.5001],[-99.4813,27.4885],[-99.4793,27.4786],[-99.4951,27.4515],[-99.4875,27.4116],[-99.4921,27.3805],[-99.5078,27.3542],[-99.5046,27.3387],[-99.538,27.317],[-99.5285,27.3054],[-99.501,27.306],[-99.492,27.3007],[-99.4876,27.2896],[-99.4967,27.2724],[-99.4891,27.2615],[-99.4812,27.2598],[-99.4615,27.2682],[-99.4524,27.264],[-99.4415,27.2499],[-99.4452,27.2233],[-99.4326,27.2097],[-99.4263,27.1763],[-99.43,27.1591],[-99.44,27.1511],[-99.4314,27.1376],[-99.4306,27.1266],[-99.4421,27.1069],[-99.4292,27.091],[-99.4345,27.0785],[-99.4523,27.0627],[-99.444,27.0365],[-99.4461,27.023],[-99.4322,27.0107],[-99.4155,27.0172],[-99.4037,26.9974],[-99.3766,26.9777],[-99.3937,26.9607],[-99.3883,26.9442],[-99.3791,26.9345],[-99.3247,26.916],[-99.3218,26.9068],[-99.3289,26.8798],[-99.3168,26.8658],[-99.2951,26.8654],[-99.2805,26.8581],[-99.2686,26.8432],[-99.2622,26.8157],[-99.2424,26.7883],[-99.24,26.7459],[-99.2089,26.7248],[-99.2099,26.6939],[-99.2005,26.6564],[-99.1781,26.6205],[-99.1674,26.56],[-99.1712,26.542],[-99.1667,26.5361],[-99.1278,26.5252],[-99.1049,26.5004],[-99.0916,26.4771],[-99.1024,26.4427],[-99.1138,26.434],[-99.1109,26.4263],[-99.082,26.3967],[-99.0621,26.3974],[-99.0371,26.4136],[-99.0219,26.4079],[-99.0106,26.3921],[-98.9891,26.3917],[-98.9752,26.4011],[-98.9619,26.3984],[-98.9534,26.3929],[-98.9561,26.3776],[-98.9467,26.37],[-98.9362,26.3715],[-98.9356,26.385],[-98.9259,26.3944],[-98.9174,26.3745],[-98.9017,26.3712],[-98.8967,26.3533],[-98.8619,26.366],[-98.8441,26.3587],[-98.8246,26.3708],[-98.814,26.3663],[-98.8066,26.3691],[-98.7982,26.3602],[-98.789,26.3304],[-98.7713,26.3251],[-98.7511,26.3316],[-98.7458,26.3168],[-98.7362,26.3092],[-98.7404,26.3028],[-98.7542,26.3079],[-98.751,26.2963],[-98.7278,26.2988],[-98.7162,26.2862],[-98.7025,26.287],[-98.701,26.278],[-98.7173,26.278],[-98.7199,26.2726],[-98.6807,26.2626],[-98.6785,26.2443],[-98.6676,26.2358],[-98.6343,26.2425],[-98.6322,26.2522],[-98.6237,26.2598],[-98.6166,26.2464],[-98.6116,26.2533],[-98.5864,26.2578],[-98.3968,26.6253],[-98.3207,26.7831],[-98.4226,26.7835],[-98.4179,27.0553],[-98.4665,27.0547],[-98.4673,27.142],[-98.4929,27.1421],[-98.4929,27.235],[-98.5062,27.2387],[-98.5124,27.2512],[-98.5311,27.2544],[-98.5366,27.2652],[-98.2325,27.2625],[-98.2355,28.058],[-97.8831,28.0569],[-97.9012,28.0678],[-97.9011,28.0759],[-97.8954,28.0759],[-97.9088,28.0919],[-97.9073,28.0976],[-97.8965,28.101],[-97.8978,28.1133],[-97.9041,28.1142],[-97.8088,28.1834],[-98.0898,28.663],[-97.9151,28.7196],[-97.902,28.7129],[-97.8922,28.6992],[-97.8582,28.6843],[-97.8357,28.6804],[-97.834,28.6756],[-97.8297,28.678],[-97.8253,28.6703],[-97.7919,28.677],[-97.7785,28.668],[-97.5746,28.8133],[-97.7551,29.0071],[-97.6131,29.1098],[-97.8588,29.3529],[-97.6332,29.6499],[-97.6294,29.6398],[-97.617,29.6449],[-97.6181,29.6335],[-97.6058,29.6351],[-97.6039,29.6418],[-97.5977,29.6307],[-97.3158,29.7865],[-97.6494,30.0679],[-97.4913,30.2121],[-97.5133,30.1992],[-97.5237,30.1984],[-97.5288,30.2054],[-97.5132,30.2105],[-97.52,30.2293],[-97.5278,30.2186],[-97.5417,30.2253],[-97.5424,30.2196],[-97.5567,30.2076],[-97.5762,30.2143],[-97.5908,30.2063],[-97.5953,30.2087],[-97.5921,30.2245],[-97.5965,30.2285],[-97.6034,30.2264],[-97.6069,30.2156],[-97.6385,30.2081],[-97.6506,30.2136],[-97.6588,30.2268],[-97.6501,30.2352],[-97.6332,30.2399],[-97.6259,30.2498],[-97.6262,30.2551],[-97.6408,30.2566],[-97.6427,30.2625],[-97.6597,30.2618],[-97.6822,30.2458],[-97.736,30.2506],[-97.7413,30.2338],[-97.7621,30.2382],[-97.779,30.2119],[-97.7925,30.2149],[-97.7815,30.2084],[-97.7857,30.2005],[-97.7943,30.1937],[-97.8041,30.1984],[-97.8168,30.1799],[-97.825,30.1494],[-97.8131,30.148],[-97.8144,30.1528],[-97.8045,30.1547],[-97.8016,30.1521],[-97.8048,30.1437],[-97.7961,30.1402],[-97.8072,30.1125],[-97.8155,30.0958],[-97.8201,30.0945],[-97.8176,30.092],[-97.8219,30.092],[-97.8191,30.0898],[-97.8327,30.0879],[-97.8383,30.0947],[-97.8413,30.0847],[-97.8401,30.0893],[-97.8487,30.0899],[-97.8484,30.0804],[-97.8566,30.0717],[-97.8571,30.0767],[-97.8649,30.0766],[-97.8574,30.0738],[-97.8569,30.06],[-97.8681,30.0506],[-97.8834,30.0465],[-97.8917,30.0123],[-97.9103,30.028],[-97.9268,30.0285],[-97.963,30.0437],[-97.9613,30.0264],[-97.9525,30.0365],[-97.9473,30.0282],[-97.9398,30.0263],[-97.9381,30.018],[-97.9436,30.0091],[-97.9549,30.0043],[-97.9657,30.012],[-97.9911,30.0027],[-97.9956,29.9941],[-98.0048,29.9995],[-98.0074,29.9879],[-98.0295,29.9722],[-98.0107,29.9724],[-98.0107,29.9647],[-97.9671,29.9262],[-97.9719,29.9194],[-97.9785,29.9183],[-97.9827,29.9227],[-97.9911,29.9188],[-97.9906,29.9292],[-98.0003,29.9254],[-98.0062,29.9331],[-98.0084,29.9248],[-98.0251,29.9208],[-98.0278,29.9144],[-98.0441,29.9174],[-98.0825,29.9038],[-98.1215,29.9175],[-98.1213,29.9128],[-98.0305,29.8485],[-98.0011,29.7511],[-97.9891,29.7432],[-97.951,29.74],[-97.9642,29.7107],[-97.9642,29.6803],[-97.9448,29.6805],[-97.945,29.6549],[-97.9576,29.6548],[-97.955,29.6479],[-97.9621,29.6463],[-97.9634,29.6309],[-97.9231,29.6286],[-97.9231,29.6187],[-97.9073,29.6185],[-97.9103,29.6109],[-97.9004,29.6164],[-97.8998,29.6134],[-97.8847,29.6162],[-97.8939,29.6205],[-97.8779,29.6286],[-97.8707,29.6243],[-97.8732,29.6195],[-97.8687,29.6103],[-97.9196,29.598],[-97.9184,29.5914],[-97.9372,29.5872],[-97.9363,29.5816],[-97.9249,29.5826],[-97.9306,29.5747],[-97.9246,29.5701],[-97.9212,29.5548],[-97.9395,29.5554],[-97.9393,29.5489],[-97.9471,29.5426],[-97.9515,29.5474],[-97.9564,29.539],[-97.9603,29.5254],[-97.951,29.4989],[-98.0114,29.4875],[-98.0296,29.4784],[-98.0393,29.4784],[-98.043,29.487],[-98.0497,29.4769],[-98.0648,29.4673],[-98.0674,29.4557],[-98.0609,29.4441],[-98.0599,29.4343],[-98.0637,29.4314],[-98.0585,29.4194],[-98.0684,29.3793],[-98.0847,29.3796],[-98.1131,29.3653],[-98.1305,29.3978],[-98.127,29.4011],[-98.1366,29.4297],[-98.1316,29.4335],[-98.1342,29.4418],[-98.2046,29.3582],[-98.2274,29.3632],[-98.2207,29.3865],[-98.2134,29.3848],[-98.2123,29.3888],[-98.2368,29.398],[-98.2763,29.3961],[-98.3028,29.4042],[-98.3071,29.4038],[-98.3129,29.3897],[-98.3214,29.3914],[-98.3303,29.3697],[-98.3437,29.3603],[-98.3148,29.3527],[-98.3434,29.3587],[-98.3571,29.353],[-98.3596,29.3472],[-98.351,29.3405],[-98.3512,29.3203],[-98.3739,29.2985],[-98.3803,29.3021],[-98.3849,29.2966],[-98.37,29.2808],[-98.3842,29.2632],[-98.3956,29.272],[-98.3954,29.2431],[-98.3874,29.2424],[-98.3941,29.2354],[-98.3893,29.226],[-98.3998,29.2236],[-98.403,29.2357],[-98.4127,29.2182],[-98.4259,29.1841],[-98.4313,29.1225],[-98.4073,29.1144],[-98.0983,28.7869],[-98.1238,28.7675],[-98.335,28.6127],[-98.335,28.6483],[-99.4123,28.6405],[-100.1143,28.6481],[-100.1137,28.1978],[-100.2122,28.1968]]]},"properties":{"geoid":"48021","state":"48","district":"21","name":"State Senate District 21","chamber":"Senate"}},{"type":"Feature","geometry":{"type":"Polygon","coordinates":[[[-99.1187,32.0799],[-98.9244,32.078],[-98.6684,31.7005],[-98.4928,31.7236],[-98.2711,31.4164],[-97.6898,31.711],[-97.4186,31.3202],[-97.3434,31.2442],[-97.2778,31.2795],[-97.0701,30.986],[-96.8297,31.1104],[-96.8305,31.1052],[-96.5969,31.2209],[-96.9322,31.7089],[-96.7191,31.8149],[-96.8962,32.074],[-96.8708,32.0866],[-96.8854,32.1077],[-96.8956,32.1025],[-96.8954,32.1251],[-96.9094,32.1472],[-96.9245,32.169],[-96.9414,32.1618],[-96.9791,32.2123],[-96.9483,32.224],[-96.9316,32.2404],[-96.9263,32.2325],[-96.9231,32.2468],[-96.8821,32.2319],[-96.8547,32.3484],[-96.8555,32.3606],[-96.8727,32.3999],[-96.8665,32.4011],[-96.8496,32.3866],[-96.8477,32.392],[-96.8404,32.3887],[-96.8479,32.383],[-96.8064,32.358],[-96.8037,32.3614],[-96.8133,32.3905],[-96.7529,32.3871],[-96.7533,32.3977],[-96.7737,32.4017],[-96.7709,32.4202],[-96.7992,32.4191],[-96.8041,32.4233],[-96.8073,32.4122],[-96.7994,32.4121],[-96.7995,32.4084],[-96.8203,32.401],[-96.8312,32.417],[-96.8625,32.427],[-96.8504,32.4422],[-96.8246,32.4942],[-96.8226,32.4907],[-96.8148,32.4937],[-96.8054,32.5088],[-96.8045,32.5023],[-96.7971,32.5022],[-96.788,32.4887],[-96.7992,32.4824],[-96.7947,32.481],[-96.7973,32.4784],[-96.8044,32.4781],[-96.803,32.475],[-96.7851,32.476],[-96.7844,32.482],[-96.7797,32.4826],[-96.7771,32.4764],[-96.7654,32.4733],[-96.7613,32.4627],[-96.7508,32.4681],[-96.7556,32.4756],[-96.7537,32.4889],[-96.7404,32.4957],[-96.7459,32.5058],[-96.7425,32.5466],[-97.055,32.5506],[-97.0468,32.56],[-97.0534,32.563],[-97.0535,32.5736],[-97.068,32.5949],[-97.0836,32.5868],[-97.1063,32.6131],[-97.0996,32.6165],[-97.0985,32.6233],[-97.0647,32.6382],[-97.0628,32.6775],[-97.0803,32.6777],[-97.0805,32.6915],[-97.066,32.6914],[-97.0721,32.6916],[-97.0718,32.706],[-97.0805,32.7061],[-97.0804,32.71],[-97.063,32.7122],[-97.0629,32.7061],[-97.0476,32.706],[-97.0457,32.7281],[-97.0567,32.728],[-97.0567,32.7352],[-97.0355,32.7397],[-97.0331,32.8785],[-97.0391,32.8776],[-97.0389,32.8812],[-97.0998,32.8814],[-97.0999,32.8518],[-97.1245,32.8519],[-97.1212,32.8297],[-97.1255,32.8296],[-97.1246,32.8221],[-97.1346,32.8221],[-97.1347,32.8147],[-97.1175,32.8147],[-97.1078,32.8224],[-97.0996,32.8224],[-97.0995,32.8088],[-97.1316,32.8027],[-97.1317,32.7939],[-97.1169,32.7907],[-97.1166,32.7826],[-97.1391,32.7827],[-97.1394,32.7793],[-97.123,32.7792],[-97.1229,32.7733],[-97.1142,32.7742],[-97.1144,32.76],[-97.0634,32.7598],[-97.0627,32.749],[-97.0811,32.7499],[-97.0835,32.7416],[-97.0974,32.7389],[-97.0996,32.721],[-97.1319,32.7212],[-97.1319,32.709],[-97.1127,32.7081],[-97.128,32.6921],[-97.1387,32.6922],[-97.1388,32.6889],[-97.1296,32.6896],[-97.1352,32.6787],[-97.1342,32.6631],[-97.1497,32.6627],[-97.1464,32.6488],[-97.1343,32.6486],[-97.1383,32.6183],[-97.181,32.6085],[-97.1872,32.612],[-97.1852,32.5885],[-97.1798,32.5824],[-97.1892,32.5779],[-97.1637,32.5651],[-97.1741,32.5621],[-97.177,32.5506],[-97.0871,32.5493],[-97.087,32.2653],[-97.476,32.1817],[-97.4718,32.1755],[-97.4945,32.1646],[-97.5118,32.1619],[-97.5135,32.1526],[-97.508,32.1394],[-97.5125,32.1342],[-97.5534,32.1493],[-97.5683,32.1502],[-97.5707,32.1539],[-97.5646,32.1617],[-97.5692,32.1776],[-97.5775,32.1809],[-97.6013,32.1754],[-97.6016,32.1799],[-97.5902,32.1874],[-97.5907,32.1966],[-97.5983,32.2039],[-97.6151,32.2035],[-97.617,32.5555],[-98.0668,32.5588],[-98.0685,32.5116],[-99.1143,32.5148],[-99.1187,32.0799]]]},"properties":{"geoid":"48022","state":"48","district":"22","name":"State Senate District 22","chamber":"Senate"}},{"type":"Feature","geometry":{"type":"Polygon","coordinates":[[[-97.1061,32.6132],[-97.0836,32.5868],[-97.068,32.5949],[-97.0535,32.5736],[-97.0534,32.563],[-97.0468,32.56],[-97.0542,32.5553],[-97.0527,32.5488],[-96.5294,32.5453],[-96.5415,32.5459],[-96.55,32.5542],[-96.5561,32.5517],[-96.5616,32.5556],[-96.5667,32.5664],[-96.5754,32.5698],[-96.5731,32.5775],[-96.5821,32.5785],[-96.5885,32.6057],[-96.5987,32.6052],[-96.5953,32.6113],[-96.6022,32.6085],[-96.617,32.6122],[-96.6305,32.6207],[-96.6288,32.6296],[-96.6506,32.6391],[-96.6684,32.6407],[-96.6831,32.6494],[-96.6746,32.6657],[-96.6793,32.6699],[-96.6766,32.6754],[-96.6909,32.6719],[-96.6952,32.6767],[-96.6763,32.679],[-96.6836,32.713],[-96.7003,32.724],[-96.705,32.7223],[-96.7151,32.7361],[-96.7001,32.7344],[-96.7006,32.7635],[-96.68,32.7634],[-96.6801,32.7489],[-96.6698,32.7487],[-96.6676,32.7533],[-96.6656,32.7488],[-96.6391,32.7487],[-96.639,32.7555],[-96.6684,32.784],[-96.6684,32.7922],[-96.6558,32.7922],[-96.6683,32.7972],[-96.6654,32.8142],[-96.686,32.816],[-96.6839,32.8273],[-96.6905,32.8333],[-96.68,32.8507],[-96.6858,32.847],[-96.6916,32.8521],[-96.6832,32.8557],[-96.6832,32.8641],[-96.7124,32.8641],[-96.7332,32.855],[-96.7232,32.8528],[-96.7199,32.8381],[-96.7224,32.8156],[-96.7295,32.8111],[-96.7427,32.8161],[-96.7522,32.8144],[-96.7529,32.823],[-96.7847,32.8235],[-96.793,32.8087],[-96.7931,32.7955],[-96.7983,32.7921],[-96.8054,32.7996],[-96.8022,32.8066],[-96.8174,32.8159],[-96.822,32.8109],[-96.8311,32.8198],[-96.8337,32.8236],[-96.8265,32.8299],[-96.8318,32.8366],[-96.8416,32.8302],[-96.8498,32.8373],[-96.8448,32.8327],[-96.8462,32.8266],[-96.8703,32.8182],[-96.8739,32.798],[-96.8839,32.7981],[-96.8825,32.7927],[-96.8866,32.7916],[-96.8822,32.7898],[-96.8826,32.7789],[-96.8738,32.7788],[-96.8738,32.7676],[-96.8567,32.7664],[-96.8646,32.7597],[-96.8567,32.7554],[-96.8569,32.7413],[-96.8376,32.7413],[-96.8376,32.7333],[-96.8697,32.7204],[-96.9088,32.7205],[-96.9087,32.7112],[-96.916,32.7205],[-96.941,32.7219],[-96.9519,32.7162],[-96.9561,32.7184],[-96.9304,32.7434],[-96.9429,32.7422],[-96.9487,32.7367],[-96.958,32.7389],[-96.958,32.7465],[-96.9874,32.7454],[-96.9839,32.7351],[-96.9888,32.7349],[-96.9981,32.745],[-97.0158,32.7421],[-97.0199,32.7596],[-97.0371,32.7594],[-97.0355,32.7397],[-97.0567,32.7352],[-97.0567,32.728],[-97.0457,32.7281],[-97.0476,32.706],[-97.0629,32.7061],[-97.063,32.7122],[-97.0804,32.71],[-97.0805,32.7061],[-97.0718,32.706],[-97.0721,32.6916],[-97.066,32.6914],[-97.0805,32.6915],[-97.0803,32.6777],[-97.0628,32.6775],[-97.0657,32.6355],[-97.0985,32.6233],[-97.0996,32.6165],[-97.1061,32.6132]]]},"properties":{"geoid":"48023","state":"48","district":"23","name":"State Senate District 23","chamber":"Senate"}},{"type":"Feature","geometry":{"type":"Polygon","coordinates":[[[-100.9608,30.5325],[-100.9606,30.2878],[-99.7541,30.2907],[-99.7576,30.0741],[-99.6899,30.0739],[-99.6912,29.9086],[-99.6028,29.9077],[-99.6031,29.6272],[-99.4118,29.6275],[-99.4139,29.0913],[-98.8049,29.0904],[-98.8047,29.0343],[-98.8009,29.0315],[-98.7319,28.9969],[-98.613,28.9605],[-98.6223,28.9375],[-98.6237,28.92],[-98.6446,28.9197],[-98.6446,28.8923],[-98.6312,28.875],[-98.6214,28.8801],[-98.6227,28.8691],[-98.5552,28.8691],[-98.5549,28.8723],[-98.5395,28.8723],[-98.5395,28.8771],[-98.4646,28.8769],[-98.4647,28.9146],[-98.4918,28.9145],[-98.4863,28.9248],[-98.4865,28.9478],[-98.4852,28.9528],[-98.475,28.9528],[-98.4754,28.9607],[-98.4657,28.9604],[-98.4659,28.9667],[-98.4536,28.976],[-98.4513,28.9851],[-98.431,28.9938],[-98.4321,29.0474],[-98.4756,29.058],[-98.5072,29.06],[-98.5154,29.0626],[-98.5163,29.0716],[-98.5364,29.0725],[-98.5593,29.0603],[-98.5679,29.0717],[-98.5727,29.0661],[-98.5795,29.0693],[-98.5785,29.0624],[-98.6595,29.1028],[-98.6579,29.1462],[-98.6276,29.1459],[-98.6385,29.1938],[-98.8048,29.2507],[-98.8066,29.6907],[-98.7788,29.7202],[-98.9177,29.7814],[-98.9201,30.1383],[-98.5879,30.139],[-98.5917,30.4999],[-98.4115,30.5021],[-98.1255,30.4262],[-98.0977,30.4676],[-98.0978,30.4981],[-98.1137,30.4856],[-98.1234,30.4865],[-98.0499,30.6242],[-98.0365,30.6117],[-98.0127,30.6168],[-98.0063,30.6275],[-97.9924,30.6095],[-97.9779,30.6221],[-97.9567,30.6282],[-97.9348,30.6103],[-97.9171,30.6049],[-97.9219,30.591],[-97.9151,30.5806],[-97.927,30.5677],[-97.9218,30.5642],[-97.9025,30.5713],[-97.8962,30.5649],[-97.8887,30.5652],[-97.8834,30.553],[-97.8679,30.5465],[-97.8714,30.5227],[-97.8558,30.5074],[-97.8622,30.4973],[-97.8466,30.4734],[-97.8231,30.4534],[-97.8119,30.447],[-97.7888,30.4442],[-97.7794,30.4384],[-97.7763,30.4298],[-97.7536,30.4333],[-97.7496,30.4476],[-97.7211,30.4558],[-97.7231,30.475],[-97.7611,30.4775],[-97.7327,30.4855],[-97.7158,30.5075],[-97.7174,30.5154],[-97.7051,30.5205],[-97.722,30.526],[-97.7241,30.5314],[-97.7579,30.5392],[-97.7605,30.5441],[-97.8161,30.5253],[-97.8225,30.5594],[-97.8415,30.5482],[-97.8441,30.558],[-97.8028,30.5706],[-97.8133,30.5952],[-97.8117,30.5876],[-97.8183,30.5828],[-97.8275,30.5871],[-97.8351,30.5843],[-97.8406,30.5973],[-97.837,30.5988],[-97.8481,30.6],[-97.8425,30.6039],[-97.8459,30.6126],[-97.8582,30.612],[-97.8585,30.6214],[-97.8619,30.6086],[-97.8697,30.6049],[-97.8673,30.5989],[-97.875,30.5991],[-97.8779,30.6059],[-97.8871,30.6003],[-97.8973,30.6107],[-97.8743,30.6199],[-97.8815,30.6401],[-97.8713,30.6434],[-97.8755,30.6533],[-97.9249,30.6748],[-97.9565,30.6812],[-98.0035,30.71],[-97.9629,30.7856],[-97.8281,30.9044],[-97.6241,30.87],[-97.3155,30.7524],[-97.259,30.8896],[-97.0701,30.986],[-97.2778,31.2795],[-97.3434,31.2442],[-97.4186,31.3202],[-97.6898,31.711],[-98.2711,31.4164],[-98.2668,31.4105],[-98.5627,31.2304],[-98.5688,31.1984],[-98.5563,31.192],[-98.5394,31.1925],[-98.5355,31.186],[-98.5444,31.1795],[-98.543,31.1749],[-98.5302,31.1736],[-98.5197,31.165],[-98.5039,31.1654],[-98.5113,31.1552],[-98.5276,31.1553],[-98.5278,31.1375],[-98.5477,31.1284],[-98.5271,31.0907],[-98.5183,31.0927],[-98.5122,31.1059],[-98.4989,31.1185],[-98.4882,31.1142],[-98.4808,31.1192],[-98.47,31.1069],[-98.4556,31.1109],[-98.4705,31.0944],[-98.4578,31.0887],[-98.4564,31.0787],[-98.4725,31.0763],[-98.484,31.063],[-98.4749,31.0528],[-98.4476,31.0414],[-98.4398,31.0299],[-98.4423,31.0205],[-98.4592,31.0104],[-98.4419,30.9843],[-98.4528,30.9644],[-98.4459,30.9507],[-98.4149,30.9435],[-98.4196,30.9254],[-98.4374,30.927],[-98.4458,30.9214],[-98.9646,30.9214],[-98.9642,30.4985],[-99.4845,30.4996],[-99.4839,30.7108],[-100.9606,30.7061],[-100.9608,30.5325]]]},"properties":{"geoid":"48024","state":"48","district":"24","name":"State Senate District 24","chamber":"Senate"}},{"type":"Feature","geometry":{"type":"Polygon","coordinates":[[[-98.9208,30.0313],[-98.9177,29.7814],[-98.7788,29.7202],[-98.8066,29.6907],[-98.8058,29.5721],[-98.7908,29.5665],[-98.7867,29.5762],[-98.7994,29.5787],[-98.7994,29.5956],[-98.7888,29.5952],[-98.7831,29.5878],[-98.7865,29.5781],[-98.7739,29.5758],[-98.7746,29.5978],[-98.7612,29.6053],[-98.7563,29.6016],[-98.7442,29.6157],[-98.7372,29.6014],[-98.7208,29.6038],[-98.7202,29.5908],[-98.7109,29.5874],[-98.7095,29.5796],[-98.7024,29.5794],[-98.7024,29.585],[-98.6927,29.5818],[-98.6878,29.5848],[-98.6846,29.6093],[-98.6724,29.609],[-98.669,29.6209],[-98.6472,29.6206],[-98.6267,29.6321],[-98.6228,29.6486],[-98.6014,29.6038],[-98.5879,29.5922],[-98.5689,29.5973],[-98.5701,29.592],[-98.5769,29.5917],[-98.5582,29.5645],[-98.528,29.5934],[-98.5188,29.5809],[-98.5057,29.5743],[-98.5086,29.5682],[-98.5019,29.5574],[-98.4868,29.5682],[-98.4802,29.5632],[-98.4959,29.5329],[-98.4893,29.5335],[-98.4841,29.5204],[-98.4643,29.517],[-98.4662,29.5072],[-98.477,29.5077],[-98.4839,29.4974],[-98.4922,29.4803],[-98.4923,29.4682],[-98.4767,29.4681],[-98.4742,29.4735],[-98.4676,29.4684],[-98.4376,29.4711],[-98.4304,29.4848],[-98.4422,29.4847],[-98.4421,29.4898],[-98.4293,29.4916],[-98.4305,29.4952],[-98.4154,29.5063],[-98.4177,29.5161],[-98.4111,29.5161],[-98.4111,29.5313],[-98.4224,29.5395],[-98.3519,29.5917],[-98.3448,29.5812],[-98.3418,29.5858],[-98.3261,29.5684],[-98.3158,29.5727],[-98.3123,29.5803],[-98.3064,29.5729],[-98.3029,29.5747],[-98.2985,29.5611],[-98.2882,29.5596],[-98.2842,29.5533],[-98.2594,29.5411],[-98.253,29.543],[-98.2598,29.5486],[-98.2579,29.5552],[-98.2513,29.5498],[-98.2484,29.5554],[-98.239,29.5566],[-98.2319,29.5535],[-98.2299,29.5468],[-98.2227,29.549],[-98.2219,29.5438],[-98.2297,29.5429],[-98.2223,29.5385],[-98.219,29.5237],[-98.2048,29.5221],[-98.1969,29.5156],[-98.1998,29.5101],[-98.1909,29.5096],[-98.1863,29.5012],[-98.0208,29.5576],[-98.0001,29.5692],[-98.0236,29.5733],[-98.024,29.5944],[-98.0371,29.5964],[-98.0238,29.5971],[-98.0278,29.6147],[-98.0215,29.6228],[-98.0068,29.6235],[-98.005,29.6074],[-97.9912,29.6074],[-97.9908,29.6422],[-98.003,29.6422],[-98.003,29.6698],[-97.9732,29.6684],[-97.9728,29.6633],[-97.967,29.6633],[-97.9642,29.7107],[-97.951,29.74],[-97.9891,29.7432],[-98.0011,29.7511],[-98.0305,29.8485],[-98.1213,29.9128],[-98.1215,29.9175],[-98.0825,29.9038],[-98.0441,29.9174],[-98.0278,29.9144],[-98.0251,29.9208],[-98.0084,29.9248],[-98.0062,29.9331],[-98.0003,29.9254],[-97.9906,29.9292],[-97.9911,29.9188],[-97.9827,29.9227],[-97.9785,29.9183],[-97.9719,29.9194],[-97.9671,29.9262],[-98.0107,29.9647],[-98.0107,29.9724],[-98.0291,29.9727],[-98.0074,29.9879],[-98.0048,29.9995],[-97.9956,29.9941],[-97.9911,30.0027],[-97.9657,30.012],[-97.9549,30.0043],[-97.9436,30.0091],[-97.9381,30.018],[-97.9398,30.0263],[-97.9473,30.0282],[-97.9525,30.0365],[-97.9613,30.0264],[-97.963,30.0437],[-97.9268,30.0285],[-97.9103,30.028],[-97.8917,30.0123],[-97.8834,30.0465],[-97.8681,30.0506],[-97.8569,30.06],[-97.8574,30.0738],[-97.8649,30.0766],[-97.8571,30.0767],[-97.8566,30.0717],[-97.8484,30.0804],[-97.8487,30.0899],[-97.8401,30.0893],[-97.8413,30.0847],[-97.8383,30.0947],[-97.8327,30.0879],[-97.8191,30.0898],[-97.8219,30.092],[-97.8155,30.0958],[-97.8159,30.1006],[-98.0113,30.2423],[-98.0061,30.2441],[-98.0114,30.2487],[-98.0032,30.251],[-97.9849,30.2734],[-97.9812,30.2654],[-97.9757,30.2725],[-97.9691,30.2647],[-97.9649,30.2712],[-97.9563,30.2694],[-97.9605,30.2739],[-97.9577,30.2769],[-97.9437,30.2752],[-97.9419,30.281],[-97.9326,30.2774],[-97.933,30.2845],[-97.9259,30.2821],[-97.9248,30.2886],[-97.9185,30.2887],[-97.9268,30.2957],[-97.9071,30.3099],[-97.9117,30.3211],[-97.9074,30.3278],[-97.911,30.3304],[-97.8999,30.3399],[-97.8744,30.3462],[-97.8632,30.3537],[-97.8632,30.3587],[-97.8503,30.3627],[-97.8399,30.3767],[-97.8455,30.3945],[-97.854,30.4038],[-97.8401,30.4355],[-97.8257,30.4556],[-97.8466,30.4734],[-97.8622,30.4973],[-97.8558,30.5074],[-97.8714,30.5227],[-97.8679,30.5465],[-97.8834,30.553],[-97.8887,30.5652],[-97.8962,30.5649],[-97.9025,30.5713],[-97.9218,30.5642],[-97.927,30.5677],[-97.9151,30.5806],[-97.9219,30.591],[-97.9171,30.6049],[-97.9348,30.6103],[-97.9567,30.6282],[-97.9779,30.6221],[-97.9924,30.6095],[-98.0063,30.6275],[-98.0127,30.6168],[-98.0365,30.6117],[-98.0499,30.6242],[-98.1234,30.4865],[-98.1137,30.4856],[-98.0978,30.4981],[-98.0977,30.4676],[-98.1255,30.4262],[-98.4115,30.5021],[-98.5917,30.4999],[-98.5879,30.139],[-98.9201,30.1383],[-98.9208,30.0313]]]},"properties":{"geoid":"48025","state":"48","district":"25","name":"State Senate District 25","chamber":"Senate"}},{"type":"Feature","geometry":{"type":"Polygon","coordinates":[[[-98.7112,29.4333],[-98.7095,29.4088],[-98.7009,29.382],[-98.6317,29.4018],[-98.5878,29.4078],[-98.584,29.401],[-98.5624,29.3988],[-98.5615,29.3844],[-98.5505,29.3874],[-98.5511,29.3834],[-98.4961,29.3832],[-98.4856,29.3793],[-98.4811,29.3842],[-98.4755,29.3753],[-98.4612,29.3754],[-98.4608,29.3687],[-98.4486,29.3662],[-98.4484,29.4004],[-98.4524,29.4025],[-98.4436,29.4074],[-98.4431,29.4134],[-98.4718,29.4087],[-98.4732,29.4205],[-98.4809,29.4222],[-98.4817,29.4276],[-98.468,29.4251],[-98.4703,29.429],[-98.461,29.4294],[-98.461,29.4362],[-98.4442,29.4367],[-98.428,29.4564],[-98.4119,29.4549],[-98.3812,29.4745],[-98.3812,29.471],[-98.3657,29.4766],[-98.3594,29.4724],[-98.3594,29.4631],[-98.3458,29.467],[-98.3472,29.4857],[-98.3314,29.4931],[-98.2989,29.4865],[-98.3067,29.4909],[-98.3048,29.4975],[-98.3095,29.4993],[-98.303,29.5015],[-98.3083,29.5094],[-98.308,29.5198],[-98.3188,29.525],[-98.3136,29.5316],[-98.3365,29.5379],[-98.3564,29.5699],[-98.3384,29.5807],[-98.3418,29.5858],[-98.3448,29.5812],[-98.3519,29.5917],[-98.4224,29.5395],[-98.4111,29.5313],[-98.4111,29.5161],[-98.4177,29.5161],[-98.4154,29.5063],[-98.4305,29.4952],[-98.4293,29.4916],[-98.4421,29.4898],[-98.4422,29.4847],[-98.4304,29.4848],[-98.4376,29.4711],[-98.4676,29.4684],[-98.4742,29.4735],[-98.4767,29.4681],[-98.4923,29.4682],[-98.4922,29.4803],[-98.4839,29.4974],[-98.477,29.5077],[-98.4662,29.5072],[-98.4643,29.517],[-98.4841,29.5204],[-98.4893,29.5335],[-98.4959,29.5329],[-98.4802,29.5632],[-98.4868,29.5682],[-98.5019,29.5574],[-98.5086,29.5682],[-98.5057,29.5743],[-98.5188,29.5809],[-98.528,29.5934],[-98.5582,29.5645],[-98.5769,29.5917],[-98.5701,29.592],[-98.5689,29.5973],[-98.5879,29.5922],[-98.6001,29.6042],[-98.5986,29.5909],[-98.6311,29.5872],[-98.6315,29.5721],[-98.5939,29.5725],[-98.5911,29.5632],[-98.6147,29.5628],[-98.6149,29.5522],[-98.6202,29.55],[-98.6173,29.5471],[-98.6277,29.5471],[-98.6359,29.5364],[-98.648,29.5362],[-98.6453,29.5318],[-98.6708,29.5317],[-98.6828,29.5365],[-98.7054,29.4943],[-98.6708,29.487],[-98.6507,29.47],[-98.667,29.4689],[-98.6647,29.4644],[-98.6717,29.4599],[-98.6705,29.4464],[-98.685,29.4502],[-98.7102,29.448],[-98.7112,29.4333]]]},"properties":{"geoid":"48026","state":"48","district":"26","name":"State Senate District 26","chamber":"Senate"}},{"type":"Feature","geometry":{"type":"Polygon","coordinates":[[[-98.2034,26.0703],[-98.1997,26.0568],[-98.1926,26.053],[-98.1873,26.0643],[-98.1768,26.061],[-98.1806,26.0663],[-98.1762,26.0752],[-98.1679,26.063],[-98.158,26.0634],[-98.1618,26.0539],[-98.1513,26.0582],[-98.1465,26.049],[-98.1321,26.0742],[-98.1282,26.0726],[-98.13,26.0631],[-98.1052,26.0677],[-98.0935,26.0586],[-98.0816,26.0641],[-98.0859,26.0694],[-98.0804,26.0711],[-98.07,26.0505],[-98.0726,26.0437],[-98.0801,26.0417],[-98.0768,26.0363],[-98.0611,26.0464],[-98.0388,26.0413],[-98.028,26.067],[-98.0209,26.0586],[-98.0121,26.0661],[-98.012,26.0561],[-98.0033,26.0647],[-97.9973,26.0648],[-97.9919,26.0582],[-97.9879,26.0658],[-97.9804,26.0674],[-97.9785,26.0586],[-97.9655,26.0517],[-97.9517,26.0622],[-97.9333,26.053],[-97.9312,26.0571],[-97.9373,26.0623],[-97.9334,26.0656],[-97.927,26.0549],[-97.891,26.0604],[-97.8872,26.0667],[-97.8766,26.0645],[-97.869,26.0568],[-97.8616,26.0701],[-97.8607,26.0528],[-97.8391,26.0532],[-97.8338,26.0457],[-97.8259,26.056],[-97.8183,26.0566],[-97.8134,26.044],[-97.8112,26.0554],[-97.8011,26.0602],[-97.7988,26.0528],[-97.7888,26.0496],[-97.7978,26.0426],[-97.7921,26.034],[-97.7768,26.0293],[-97.7692,26.0362],[-97.7767,26.0445],[-97.7679,26.0475],[-97.7625,26.041],[-97.7632,26.0267],[-97.7521,26.0316],[-97.7482,26.0263],[-97.7383,26.0291],[-97.7371,26.0215],[-97.7253,26.0249],[-97.7351,26.0284],[-97.7348,26.0321],[-97.7194,26.0309],[-97.7212,26.0233],[-97.7096,26.0261],[-97.7072,26.0378],[-97.6973,26.0311],[-97.6977,26.024],[-97.6912,26.0189],[-97.6932,26.0325],[-97.6755,26.0259],[-97.6747,26.033],[-97.6675,26.0288],[-97.6626,26.0381],[-97.6605,26.0315],[-97.6679,26.0193],[-97.6515,26.0159],[-97.6466,26.0272],[-97.6404,26.0244],[-97.6373,26.0145],[-97.6494,26.0108],[-97.635,26],[-97.6268,26.006],[-97.6274,25.9966],[-97.6186,26.0027],[-97.62,25.9926],[-97.6311,25.9965],[-97.6346,25.9904],[-97.6216,25.9892],[-97.6174,25.9799],[-97.6078,25.9767],[-97.6106,25.9662],[-97.6019,25.9572],[-97.5821,25.9624],[-97.578,25.9421],[-97.5728,25.9465],[-97.5745,25.954],[-97.5679,25.9524],[-97.5663,25.9449],[-97.5821,25.9386],[-97.5829,25.933],[-97.5671,25.9338],[-97.568,25.9276],[-97.5615,25.9257],[-97.5572,25.9359],[-97.5522,25.9371],[-97.546,25.9338],[-97.5437,25.9234],[-97.5372,25.9308],[-97.543,25.92],[-97.5301,25.92],[-97.5333,25.9082],[-97.5237,25.899],[-97.521,25.8862],[-97.5104,25.8877],[-97.4981,25.8991],[-97.4968,25.8797],[-97.4878,25.8854],[-97.4855,25.8784],[-97.4688,25.8888],[-97.4687,25.8834],[-97.4748,25.8795],[-97.4702,25.8753],[-97.4556,25.8842],[-97.4566,25.8684],[-97.4488,25.8723],[-97.4446,25.8675],[-97.454,25.8541],[-97.4452,25.8564],[-97.4441,25.8485],[-97.436,25.8499],[-97.4262,25.8409],[-97.4127,25.841],[-97.4141,25.8566],[-97.4086,25.8621],[-97.4083,25.8455],[-97.4023,25.852],[-97.3987,25.8503],[-97.4056,25.8376],[-97.3939,25.8371],[-97.3869,25.8439],[-97.3731,25.8398],[-97.3713,25.8493],[-97.364,25.8499],[-97.3767,25.8546],[-97.3615,25.8694],[-97.3566,25.8673],[-97.3593,25.8798],[-97.3743,25.8789],[-97.3564,25.8878],[-97.3664,25.8906],[-97.3661,25.9027],[-97.3752,25.9068],[-97.3682,25.9098],[-97.3689,25.9153],[-97.3543,25.92],[-97.3479,25.9313],[-97.3368,25.9297],[-97.3379,25.9204],[-97.3329,25.9261],[-97.3312,25.9184],[-97.3261,25.9176],[-97.318,25.9313],[-97.3053,25.9277],[-97.3029,25.9373],[-97.296,25.9332],[-97.277,25.9351],[-97.2783,25.9475],[-97.2896,25.9544],[-97.2845,25.9593],[-97.2764,25.9521],[-97.2472,25.9482],[-97.2397,25.9553],[-97.2207,25.9571],[-97.2087,25.964],[-97.2051,25.9581],[-97.1884,25.9539],[-97.1754,25.966],[-97.1687,25.9608],[-97.1582,25.9617],[-97.1581,25.9488],[-97.1463,25.9566],[-97.0897,25.9608],[-97.0979,26.0386],[-97.0913,26.0516],[-97.09,26.0753],[-97.0974,26.0935],[-97.1083,26.1045],[-97.1252,26.2483],[-97.2141,26.5768],[-97.2517,26.6619],[-97.3004,26.8346],[-97.3139,26.9131],[-97.3232,27.0103],[-97.3219,27.0793],[-97.3047,27.2169],[-97.2503,27.3923],[-97.1998,27.5003],[-97.1253,27.6406],[-97.0378,27.7657],[-97.0219,27.7834],[-97.0089,27.7868],[-96.9843,27.8038],[-97.0653,27.8519],[-97.0572,27.8654],[-97.0957,27.9578],[-97.133,27.9],[-97.2594,28.0732],[-97.2613,28.087],[-97.2837,28.0909],[-97.2909,28.1151],[-97.3013,28.1038],[-97.3169,28.1101],[-97.317,28.1157],[-97.3089,28.1194],[-97.3172,28.1372],[-97.3274,28.1336],[-97.3177,28.1319],[-97.3253,28.1195],[-97.3307,28.1199],[-97.3253,28.1266],[-97.3415,28.1322],[-97.3457,28.1184],[-97.379,28.1389],[-97.3848,28.124],[-97.39,28.1298],[-97.4038,28.1301],[-97.4054,28.1235],[-97.3962,28.1186],[-97.4009,28.1195],[-97.4044,28.109],[-97.4056,28.1194],[-97.4181,28.1221],[-97.4267,28.1173],[-97.428,28.1281],[-97.4352,28.1294],[-97.4234,28.1351],[-97.4227,28.1429],[-97.4463,28.1327],[-97.4425,28.1542],[-97.4502,28.1478],[-97.4582,28.1558],[-97.4563,28.1606],[-97.473,28.156],[-97.4741,28.1788],[-97.4824,28.1686],[-97.5212,28.1513],[-97.5274,28.1606],[-97.5411,28.1647],[-97.3763,28.3898],[-97.3869,28.3903],[-97.3898,28.3971],[-97.3997,28.3923],[-97.3989,28.4049],[-97.4102,28.408],[-97.4203,28.4041],[-97.4283,28.4129],[-97.4425,28.4089],[-97.4464,28.4029],[-97.4504,28.4092],[-97.4626,28.4097],[-97.4701,28.425],[-97.4852,28.4364],[-97.4987,28.4384],[-97.5179,28.432],[-97.5238,28.4403],[-97.5208,28.4464],[-97.5515,28.4505],[-97.5525,28.4947],[-97.5586,28.5142],[-97.5687,28.5152],[-97.5771,28.5225],[-97.6072,28.5267],[-97.61,28.5231],[-97.6231,28.5296],[-97.6463,28.5209],[-97.6552,28.5286],[-97.6682,28.5305],[-97.6697,28.5355],[-97.6966,28.5415],[-97.7017,28.561],[-97.7127,28.5763],[-97.713,28.5864],[-97.7289,28.6105],[-97.7316,28.6281],[-97.7506,28.6392],[-97.7546,28.6542],[-97.7665,28.6647],[-97.7919,28.677],[-97.8253,28.6703],[-97.8297,28.678],[-97.834,28.6756],[-97.8357,28.6804],[-97.8582,28.6843],[-97.8922,28.6992],[-97.902,28.7129],[-97.9151,28.7196],[-98.0898,28.663],[-97.8088,28.1834],[-97.9041,28.1142],[-97.8978,28.1133],[-97.8966,28.1002],[-97.9073,28.0976],[-97.9088,28.0919],[-97.8954,28.0759],[-97.9013,28.0755],[-97.8998,28.0653],[-97.884,28.06],[-97.8844,28.0542],[-97.875,28.0504],[-97.8781,28.0463],[-97.8606,28.0381],[-97.8389,28.0346],[-97.806,28.0414],[-97.7961,28.0313],[-97.789,28.0138],[-97.7966,28.011],[-97.8026,27.9795],[-97.8081,27.9723],[-97.8116,27.9749],[-97.8176,27.9705],[-97.8105,27.9605],[-97.8096,27.9445],[-97.8055,27.9444],[-97.8096,27.9414],[-97.8065,27.9344],[-97.7967,27.9341],[-97.7955,27.9422],[-97.7786,27.9475],[-97.7759,27.9379],[-97.7643,27.9381],[-97.762,27.9328],[-97.7669,27.9277],[-97.762,27.9269],[-97.763,27.9235],[-97.749,27.9329],[-97.746,27.927],[-97.73,27.9233],[-97.736,27.9119],[-97.7252,27.9165],[-97.7159,27.9115],[-97.7164,27.9181],[-97.7082,27.9226],[-97.6911,27.9174],[-97.6874,27.9107],[-97.6917,27.9041],[-97.6865,27.9028],[-97.6898,27.9003],[-97.6822,27.9019],[-97.6713,27.8927],[-97.6753,27.8825],[-97.6568,27.873],[-97.6424,27.8718],[-97.6382,27.8656],[-97.6271,27.8757],[-97.6321,27.8934],[-97.627,27.8954],[-97.6096,27.8904],[-97.609,27.8717],[-97.5919,27.857],[-97.5753,27.861],[-97.5443,27.8589],[-97.5353,27.8477],[-97.5069,27.843],[-97.501,27.8467],[-97.4892,27.8388],[-97.4903,27.8465],[-97.5151,27.8519],[-97.5198,27.8611],[-97.5173,27.8713],[-97.495,27.8823],[-97.4844,27.8731],[-97.4855,27.8628],[-97.4808,27.8598],[-97.4704,27.8639],[-97.4686,27.8708],[-97.4603,27.862],[-97.4568,27.8667],[-97.4593,27.8783],[-97.4459,27.8654],[-97.4441,27.8692],[-97.4193,27.8687],[-97.3995,27.8755],[-97.378,27.8748],[-97.3377,27.8832],[-97.3321,27.873],[-97.3435,27.8716],[-97.3462,27.8619],[-97.3506,27.8635],[-97.3801,27.8368],[-97.3778,27.8321],[-97.3955,27.8119],[-97.3878,27.797],[-97.3941,27.7831],[-97.3918,27.7767],[-97.3776,27.7609],[-97.3698,27.7425],[-97.3432,27.7239],[-97.307,27.7095],[-97.2536,27.6983],[-97.237,27.6868],[-97.2252,27.6881],[-97.2424,27.6305],[-97.2732,27.5747],[-97.3248,27.561],[-97.32,27.5712],[-97.2939,27.5932],[-97.2998,27.6019],[-97.2956,27.6097],[-97.303,27.6128],[-97.2959,27.6108],[-97.3002,27.6139],[-97.2933,27.6199],[-97.2785,27.6537],[-97.2755,27.6649],[-97.2796,27.6671],[-97.2842,27.6655],[-97.2867,27.6705],[-97.31,27.6789],[-97.3077,27.6677],[-97.317,27.6643],[-97.3153,27.6594],[-97.329,27.6579],[-97.3338,27.6529],[-97.3642,27.6758],[-97.3732,27.6727],[-97.397,27.6364],[-97.4011,27.6569],[-97.4235,27.675],[-97.4234,27.6841],[-97.4294,27.6889],[-97.4189,27.6905],[-97.4124,27.6996],[-97.4274,27.7069],[-97.432,27.7035],[-97.4316,27.7089],[-97.4411,27.7135],[-97.4331,27.7262],[-97.4188,27.7192],[-97.413,27.7285],[-97.4534,27.7495],[-97.5799,27.7484],[-97.58,27.752],[-97.5944,27.752],[-97.5942,27.7485],[-97.6193,27.7485],[-97.6193,27.7027],[-97.6261,27.6973],[-97.6928,27.6961],[-97.6947,27.6868],[-97.7128,27.6867],[-97.7154,27.6794],[-97.7189,27.6824],[-97.7221,27.6778],[-97.735,27.6778],[-97.7474,27.6867],[-97.7442,27.6916],[-97.75,27.7252],[-97.764,27.7243],[-97.761,27.73],[-97.7652,27.7458],[-97.7733,27.7512],[-97.7734,27.7607],[-97.7783,27.7629],[-97.7672,27.7804],[-97.7716,27.7833],[-97.7501,27.7833],[-97.7513,27.8096],[-97.718,27.8047],[-97.7139,27.8223],[-97.7332,27.8252],[-97.7265,27.8624],[-97.7352,27.8638],[-97.7388,27.8518],[-97.7562,27.8544],[-97.7536,27.8625],[-97.7889,27.8678],[-97.7895,27.8646],[-97.8076,27.8758],[-97.8172,27.8684],[-97.8231,27.8375],[-97.844,27.8474],[-97.847,27.8422],[-97.8384,27.8373],[-97.8417,27.8308],[-97.8531,27.8388],[-97.8479,27.8427],[-97.855,27.8453],[-97.8523,27.8537],[-97.8593,27.8575],[-97.8814,27.8597],[-97.882,27.8468],[-97.9054,27.8424],[-97.9146,27.8536],[-97.934,27.862],[-97.9336,27.7769],[-97.9421,27.6359],[-98.0598,27.6359],[-98.0581,27.261],[-97.9861,27.2605],[-97.9853,26.6158],[-97.9574,26.6118],[-97.9701,26.5523],[-97.9639,26.5335],[-98.0406,26.5448],[-98.0798,26.3262],[-98.0844,26.3269],[-98.0896,26.2976],[-98.0973,26.2923],[-98.1168,26.2939],[-98.1257,26.2408],[-98.1513,26.2443],[-98.1531,26.2334],[-98.1604,26.2346],[-98.1618,26.2261],[-98.1665,26.2265],[-98.1622,26.2238],[-98.1848,26.0904],[-98.1958,26.0917],[-98.2034,26.0703]]]},"properties":{"geoid":"48027","state":"48","district":"27","name":"State Senate District 27","chamber":"Senate"}},{"type":"Feature","geometry":{"type":"Polygon","coordinates":[[[-102.6156,33.913],[-102.6153,33.8215],[-102.5942,33.3751],[-102.595,32.9588],[-101.1826,32.9635],[-101.0387,32.9702],[-100.9902,32.965],[-100.6559,32.9635],[-100.6654,32.0854],[-100.2351,32.0824],[-100.2358,31.693],[-100.8149,31.6959],[-100.8611,31.7054],[-100.8653,31.5623],[-101.2676,31.5565],[-101.2679,31.5287],[-100.6931,31.524],[-100.6888,31.0866],[-100.1152,31.088],[-100.1162,30.7104],[-99.4839,30.7108],[-99.4845,30.4996],[-98.9642,30.4985],[-98.9646,30.9214],[-98.4458,30.9214],[-98.4402,30.9265],[-98.4182,30.927],[-98.416,30.9449],[-98.4459,30.9507],[-98.4528,30.9644],[-98.4419,30.9843],[-98.4592,31.0104],[-98.4423,31.0205],[-98.4398,31.0299],[-98.4476,31.0414],[-98.4749,31.0528],[-98.484,31.063],[-98.4725,31.0763],[-98.4564,31.0787],[-98.4578,31.0887],[-98.4705,31.0944],[-98.4556,31.1109],[-98.47,31.1069],[-98.4808,31.1192],[-98.4882,31.1142],[-98.4989,31.1185],[-98.5122,31.1059],[-98.5183,31.0927],[-98.5271,31.0907],[-98.5477,31.1284],[-98.5278,31.1375],[-98.5276,31.1553],[-98.5113,31.1552],[-98.5039,31.1654],[-98.5197,31.165],[-98.5302,31.1736],[-98.543,31.1749],[-98.5444,31.1795],[-98.5355,31.186],[-98.5394,31.1925],[-98.5563,31.192],[-98.5688,31.1984],[-98.5627,31.2304],[-98.2668,31.4105],[-98.4928,31.7236],[-98.7601,31.6879],[-98.78,31.6107],[-98.9409,31.5132],[-98.9916,31.4841],[-99.0061,31.4803],[-99.0101,31.4715],[-99.019,31.4696],[-99.0413,31.4906],[-99.062,31.4711],[-99.063,31.4627],[-99.0726,31.4671],[-99.0864,31.4558],[-99.09,31.4612],[-99.0969,31.4562],[-99.0963,31.4482],[-99.1079,31.4545],[-99.1075,31.4642],[-99.1162,31.4682],[-99.1246,31.4564],[-99.1352,31.4657],[-99.1595,31.4682],[-99.1841,31.4537],[-99.1888,31.4705],[-99.1956,31.4735],[-99.2028,31.4672],[-99.2036,31.7486],[-99.1959,32.0792],[-99.6313,32.0813],[-99.6316,32.0938],[-99.6296,32.5147],[-99.612,32.5147],[-99.612,32.957],[-98.9509,32.9569],[-98.9532,33.834],[-98.5963,33.8352],[-98.5934,33.8397],[-98.5866,33.8365],[-98.575,33.8417],[-98.5619,33.8389],[-98.5611,33.858],[-98.536,33.8578],[-98.536,33.8706],[-98.5185,33.8705],[-98.5185,33.8777],[-98.5294,33.878],[-98.5281,33.8861],[-98.5101,33.8928],[-98.5149,33.9096],[-98.5336,33.9093],[-98.5319,33.9364],[-98.5186,33.9362],[-98.514,33.9268],[-98.5027,33.9249],[-98.4901,33.9325],[-98.4901,33.9375],[-98.5116,33.9389],[-98.5142,33.9494],[-98.5315,33.9462],[-98.5278,33.9493],[-98.5282,33.9739],[-98.5417,33.9814],[-98.558,34.0353],[-98.5166,34.0352],[-98.5165,34.0497],[-98.4251,34.0444],[-98.4235,34.0828],[-98.4401,34.0843],[-98.449,34.0735],[-98.4651,34.0737],[-98.4715,34.0657],[-98.487,34.0629],[-98.5041,34.0723],[-98.5363,34.1073],[-98.561,34.1239],[-98.5586,34.1283],[-98.5518,34.1271],[-98.5509,34.1326],[-98.5602,34.1332],[-98.5771,34.149],[-98.5998,34.1606],[-98.6167,34.1564],[-98.6481,34.1644],[-98.6901,34.1332],[-98.703,34.1359],[-98.7125,34.1312],[-98.7175,34.1364],[-98.7343,34.1358],[-98.742,34.1255],[-98.757,34.1246],[-98.7656,34.1364],[-98.7884,34.1467],[-98.7962,34.1428],[-98.813,34.1584],[-98.8311,34.1622],[-98.8371,34.1565],[-98.8556,34.1616],[-98.8601,34.1499],[-98.8681,34.1496],[-98.8749,34.1557],[-98.8729,34.1666],[-98.9183,34.1818],[-98.9513,34.2122],[-98.96,34.2133],[-98.9629,34.2038],[-98.9726,34.2026],[-98.9882,34.2213],[-99.0006,34.2177],[-99.0047,34.2141],[-99.0022,34.2094],[-99.013,34.2032],[-99.0361,34.2069],[-99.0445,34.1981],[-99.0794,34.2115],[-99.0889,34.2085],[-99.0962,34.2117],[-99.1082,34.2035],[-99.1266,34.2031],[-99.132,34.2074],[-99.1265,34.2154],[-99.1304,34.2195],[-99.1381,34.2192],[-99.1537,34.2073],[-99.1883,34.2139],[-99.1928,34.2179],[-99.19,34.2298],[-99.1969,34.2444],[-99.1916,34.2585],[-99.1993,34.2608],[-99.1954,34.2808],[-99.2074,34.2835],[-99.2114,34.2922],[-99.2133,34.3107],[-99.2056,34.3192],[-99.2108,34.3368],[-99.2069,34.3383],[-99.2326,34.3389],[-99.228,34.3495],[-99.2341,34.3535],[-99.2365,34.3658],[-99.2464,34.3644],[-99.2479,34.3685],[-99.2429,34.3727],[-99.2489,34.376],[-99.2586,34.3726],[-99.2598,34.3776],[-99.2744,34.3843],[-99.2589,34.3913],[-99.2613,34.4035],[-99.28,34.4007],[-99.2856,34.4124],[-99.2946,34.4154],[-99.3196,34.4089],[-99.3341,34.4275],[-99.3569,34.4421],[-99.3548,34.4518],[-99.359,34.4558],[-99.3783,34.4582],[-99.3952,34.442],[-99.3933,34.4276],[-99.3972,34.4186],[-99.3872,34.4108],[-99.3957,34.3977],[-99.3974,34.3779],[-99.4053,34.3729],[-99.4249,34.3858],[-99.431,34.3711],[-99.4383,34.3712],[-99.4538,34.3887],[-99.4551,34.3813],[-99.4611,34.3807],[-99.4664,34.3959],[-99.4872,34.398],[-99.499,34.4092],[-99.5143,34.414],[-99.5492,34.4127],[-99.5697,34.4184],[-99.5801,34.4167],[-99.5854,34.3889],[-99.6,34.3747],[-99.6242,34.3736],[-99.6465,34.3825],[-99.6627,34.3737],[-99.6783,34.3798],[-99.6945,34.3782],[-99.7127,34.3909],[-99.7203,34.4063],[-99.7542,34.4213],[-99.7672,34.4305],[-99.7656,34.4375],[-99.7937,34.4539],[-99.8143,34.4762],[-99.8218,34.4978],[-99.8531,34.5116],[-99.877,34.5401],[-99.9232,34.5746],[-99.9538,34.5785],[-99.9716,34.5622],[-100.0003,34.5604],[-100.0004,35.6191],[-101.0859,35.6191],[-101.0907,34.7482],[-100.4159,34.7475],[-100.4178,34.3135],[-102.6152,34.3129],[-102.6156,33.913]]]},"properties":{"geoid":"48028","state":"48","district":"28","name":"State Senate District 28","chamber":"Senate"}},{"type":"Feature","geometry":{"type":"Polygon","coordinates":[[[-106.6456,31.8964],[-106.6292,31.8837],[-106.6359,31.8662],[-106.6148,31.8464],[-106.6017,31.8444],[-106.6028,31.825],[-106.5891,31.8227],[-106.5772,31.8104],[-106.5665,31.8134],[-106.5471,31.8073],[-106.5274,31.79],[-106.5285,31.7814],[-106.5136,31.7707],[-106.5102,31.7613],[-106.4912,31.7493],[-106.4735,31.7503],[-106.4669,31.7596],[-106.4521,31.7645],[-106.38,31.7311],[-106.3723,31.7124],[-106.3491,31.696],[-106.3342,31.6629],[-106.3034,31.6222],[-106.3024,31.6099],[-106.2891,31.5878],[-106.2809,31.5623],[-106.2465,31.5416],[-106.2372,31.5137],[-106.2252,31.5015],[-106.2194,31.481],[-106.2066,31.4663],[-106.1751,31.4553],[-106.1574,31.4377],[-106.1325,31.425],[-106.1078,31.4224],[-106.0806,31.3987],[-106.0052,31.3926],[-105.9705,31.3662],[-105.9539,31.3649],[-105.9456,31.3525],[-105.9479,31.3398],[-105.9381,31.3182],[-105.9314,31.3128],[-105.9074,31.3123],[-105.8939,31.2906],[-105.8694,31.289],[-105.7944,31.2024],[-105.7831,31.198],[-105.773,31.1668],[-105.7423,31.1648],[-105.7194,31.149],[-105.7106,31.137],[-105.6487,31.1159],[-105.6418,31.0983],[-105.6271,31.0984],[-105.6044,31.0837],[-105.5957,31.0649],[-105.5851,31.0573],[-105.5812,31.0267],[-105.5692,31.0161],[-105.5701,31.0081],[-105.5579,30.9904],[-105.5326,30.9847],[-105.5158,30.9649],[-105.502,30.9678],[-105.4939,30.9563],[-105.4988,30.9503],[-105.4881,30.9437],[-105.4917,30.9424],[-105.4709,30.9338],[-105.4668,30.9242],[-105.4516,30.9248],[-105.4532,30.9161],[-105.4464,30.9193],[-105.4414,30.9086],[-105.4137,30.8995],[-105.4122,30.8886],[-105.4003,30.8895],[-105.3991,30.8843],[-105.4043,30.8796],[-105.3913,30.8738],[-105.3998,30.8521],[-105.3946,30.849],[-105.3873,30.8537],[-105.3702,30.8475],[-105.3616,30.8505],[-105.3519,30.8356],[-105.3392,30.8404],[-105.3371,30.8334],[-105.328,30.8313],[-105.3295,30.825],[-105.3186,30.8283],[-105.3167,30.8108],[-105.3095,30.817],[-105.3061,30.8098],[-105.3001,30.8248],[-105.2918,30.8262],[-105.2758,30.807],[-105.2668,30.8085],[-105.2572,30.7944],[-105.2382,30.8037],[-105.23,30.8038],[-105.2274,30.7992],[-105.215,30.8059],[-105.2096,30.7976],[-105.22,30.7889],[-105.2167,30.7834],[-105.2091,30.7827],[-105.1952,30.7923],[-105.1766,30.768],[-105.1671,30.7766],[-105.1562,30.7698],[-105.1614,30.7521],[-105.1438,30.7552],[-105.1277,30.7478],[-105.1183,30.7497],[-105.1204,30.7439],[-105.1109,30.7436],[-105.1118,30.7333],[-105.1034,30.7291],[-105.1055,30.7238],[-105.0982,30.7165],[-105.0876,30.7155],[-105.0875,30.7099],[-105.0802,30.7077],[-105.0809,30.6998],[-105.0682,30.7037],[-105.0626,30.6985],[-105.0618,30.6858],[-105.0567,30.6879],[-105.0553,30.6822],[-105.0458,30.6799],[-105.0472,30.6881],[-105.0408,30.6889],[-105.0273,30.6789],[-105.0066,30.6861],[-105.0015,30.6727],[-104.9861,30.6628],[-104.9839,30.635],[-104.9717,30.61],[-104.955,30.6094],[-104.9508,30.6041],[-104.931,30.5991],[-104.9265,30.6052],[-104.9227,30.6037],[-104.9199,30.5873],[-104.9096,30.5851],[-104.8988,30.5705],[-104.8979,30.5545],[-104.8877,30.5467],[-104.8893,30.5354],[-104.8806,30.5289],[-104.8814,30.524],[-104.8859,30.5245],[-104.881,30.521],[-104.8857,30.5183],[-104.872,30.5111],[-104.8739,30.4953],[-104.8666,30.4945],[-104.8717,30.4803],[-104.8659,30.4669],[-104.8696,30.4592],[-104.8644,30.4505],[-104.868,30.4414],[-104.8583,30.4376],[-104.8613,30.4261],[-104.8478,30.4198],[-104.8477,30.4138],[-104.8572,30.4089],[-104.8543,30.4004],[-104.8593,30.3903],[-104.8374,30.3738],[-104.8164,30.3752],[-104.8197,30.3687],[-104.8114,30.3667],[-104.811,30.3625],[-104.8141,30.3537],[-104.8226,30.3506],[-104.81,30.3415],[-104.8116,30.3328],[-104.7914,30.3255],[-104.7885,30.3179],[-104.7768,30.3103],[-104.7793,30.3033],[-104.7667,30.306],[-104.7581,30.2864],[-104.7632,30.2748],[-104.7585,30.2714],[-104.7486,30.2744],[-104.7507,30.2622],[-104.7366,30.2559],[-104.7375,30.2613],[-104.7337,30.2614],[-104.7063,30.2348],[-104.7113,30.2231],[-104.7025,30.2128],[-104.7051,30.2084],[-104.6863,30.1733],[-104.6901,30.1492],[-104.6853,30.1447],[-104.6967,30.1345],[-104.6951,30.1178],[-104.6855,30.11],[-104.6871,30.1059],[-104.6917,30.1087],[-104.6944,30.102],[-104.689,30.0953],[-104.6851,30.0998],[-104.6899,30.0893],[-104.685,30.0853],[-104.6908,30.078],[-104.688,30.0738],[-104.7037,30.0642],[-104.7073,30.0499],[-104.6957,30.0377],[-104.7009,30.0356],[-104.7038,30.0234],[-104.6895,30.0151],[-104.6941,30.0025],[-104.6888,30.0022],[-104.6875,29.9957],[-104.6932,29.9935],[-104.6857,29.9871],[-104.6931,29.9755],[-104.6802,29.977],[-104.6855,29.9708],[-104.6819,29.9691],[-104.6853,29.9567],[-104.6732,29.955],[-104.6807,29.9473],[-104.6778,29.9404],[-104.6823,29.9397],[-104.6793,29.9329],[-104.6833,29.9291],[-104.6785,29.9266],[-104.6772,29.913],[-104.6656,29.9089],[-104.6656,29.9017],[-104.6551,29.9054],[-104.6583,29.8908],[-104.6517,29.8924],[-104.6461,29.8785],[-104.6334,29.8708],[-104.6293,29.8522],[-104.6216,29.8496],[-104.6248,29.8428],[-104.6154,29.8466],[-104.6094,29.8398],[-104.6196,29.8302],[-104.6085,29.8279],[-104.6101,29.8194],[-104.6012,29.8162],[-104.5949,29.8053],[-104.5913,29.8098],[-104.586,29.802],[-104.5909,29.7981],[-104.5815,29.7951],[-104.5789,29.7828],[-104.5659,29.7715],[-104.5685,29.7662],[-104.5639,29.7613],[-104.5699,29.7526],[-104.5498,29.7409],[-104.5604,29.7352],[-104.5493,29.7306],[-104.5523,29.7173],[-104.5449,29.7161],[-104.5438,29.6963],[-104.5302,29.6905],[-104.5441,29.6807],[-104.5359,29.6744],[-104.5356,29.6666],[-104.5312,29.6708],[-104.5254,29.6678],[-104.5176,29.6474],[-104.5099,29.6442],[-104.5159,29.641],[-104.5085,29.6327],[-104.498,29.6397],[-104.4861,29.6287],[-104.476,29.628],[-104.4734,29.6179],[-104.4654,29.6182],[-104.4665,29.6092],[-104.4564,29.6087],[-104.3989,29.5719],[-104.3943,29.5552],[-104.3816,29.5434],[-104.3704,29.5431],[-104.3382,29.5202],[-104.3215,29.5219],[-104.3209,29.5295],[-104.3155,29.5328],[-104.3115,29.5232],[-104.2968,29.5241],[-104.2919,29.5195],[-104.2622,29.5135],[-104.2607,29.5067],[-104.2371,29.4976],[-104.2307,29.4787],[-104.2155,29.4848],[-104.21,29.4822],[-104.2177,29.4566],[-104.1941,29.4417],[-104.1929,29.4353],[-104.1811,29.4265],[-104.1839,29.4172],[-104.1648,29.4015],[-104.1674,29.3947],[-104.1604,29.3898],[-104.1552,29.3946],[-104.1484,29.3851],[-104.1433,29.3883],[-104.1412,29.3778],[-104.1349,29.3842],[-104.1294,29.3786],[-104.1229,29.3803],[-104.1213,29.3714],[-104.1066,29.3733],[-104.0823,29.3461],[-104.0735,29.3466],[-104.0561,29.3377],[-104.0552,29.3304],[-104.0375,29.3197],[-103.9758,29.2962],[-103.9676,29.3],[-103.937,29.2927],[-103.9257,29.2944],[-103.9183,29.2898],[-103.9189,29.2848],[-103.8993,29.2874],[-103.8894,29.2788],[-103.8801,29.2851],[-103.8632,29.2792],[-103.8543,29.2815],[-103.8376,29.2783],[-103.8355,29.2727],[-103.8262,29.2692],[-103.8135,29.274],[-103.8076,29.2702],[-103.8064,29.2611],[-103.7994,29.2584],[-103.7836,29.2653],[-103.7751,29.248],[-103.7817,29.2413],[-103.782,29.2273],[-103.7771,29.2205],[-103.7697,29.2202],[-103.7684,29.2276],[-103.7585,29.2329],[-103.7543,29.2269],[-103.7574,29.2207],[-103.7422,29.2217],[-103.7425,29.209],[-103.7186,29.1808],[-103.7052,29.185],[-103.6982,29.1775],[-103.6596,29.1706],[-103.6506,29.1565],[-103.6122,29.1654],[-103.5922,29.1501],[-103.5537,29.158],[-103.5502,29.1436],[-103.5398,29.1462],[-103.5248,29.1371],[-103.5239,29.1212],[-103.5004,29.1162],[-103.4988,29.1085],[-103.4699,29.0853],[-103.4714,29.0667],[-103.4597,29.067],[-103.4617,29.0726],[-103.4499,29.0727],[-103.4497,29.0651],[-103.4342,29.0573],[-103.4289,29.0495],[-103.4321,29.0434],[-103.419,29.0423],[-103.4154,29.0379],[-103.4051,29.0396],[-103.4011,29.0311],[-103.3886,29.034],[-103.3865,29.0216],[-103.3824,29.0246],[-103.3585,29.0192],[-103.3436,29.0464],[-103.3428,29.5339],[-103.3605,29.8845],[-103.3569,29.8968],[-103.3621,30.0773],[-103.3586,30.0774],[-103.3578,30.0955],[-103.3648,30.0957],[-103.3631,30.1562],[-103.3735,30.1558],[-103.3693,30.3608],[-103.1316,30.4508],[-102.567,30.0528],[-102.5669,30.2833],[-102.3431,30.2841],[-102.343,30.5988],[-102.1384,30.5975],[-102.1378,30.656],[-101.7684,30.6529],[-101.7798,30.686],[-101.8101,30.7024],[-101.808,30.7253],[-101.8156,30.7407],[-101.8158,30.752],[-101.8334,30.7573],[-101.8388,30.7633],[-101.835,30.7803],[-101.8399,30.7853],[-101.8326,30.7922],[-101.8331,30.8088],[-101.8464,30.826],[-101.845,30.8409],[-101.8513,30.8469],[-101.8498,30.8566],[-101.8601,30.8736],[-101.8911,30.8902],[-101.8812,30.9086],[-101.8743,30.9118],[-101.8834,30.9256],[-101.9079,30.928],[-101.9194,30.9351],[-101.9215,30.9468],[-101.9374,30.9503],[-101.9362,30.9578],[-101.9523,30.9559],[-101.9611,30.9707],[-101.9841,30.9873],[-101.9931,30.9893],[-102.0117,30.9793],[-102.0263,30.9917],[-102.0279,30.9982],[-102.0466,30.9996],[-102.0492,31.0036],[-102.0791,30.9869],[-102.0972,30.9956],[-102.1099,30.9903],[-102.1263,31.0012],[-102.1394,30.9949],[-102.1519,31.0073],[-102.1741,31.007],[-102.1809,31.0167],[-102.1861,31.015],[-102.185,31.0072],[-102.19,31.0034],[-102.2019,31.0216],[-102.202,31.031],[-102.2259,31.0329],[-102.2469,31.0423],[-102.266,31.0343],[-102.2848,31.0338],[-102.2994,31.0418],[-102.3038,31.0519],[-102.3172,31.0524],[-102.3186,31.061],[-102.3299,31.0683],[-102.3494,31.0701],[-102.3477,31.074],[-102.3564,31.0744],[-102.3627,31.0796],[-102.3603,31.0816],[-102.3712,31.0853],[-102.4062,31.0879],[-102.4136,31.1089],[-102.4303,31.1293],[-102.4253,31.137],[-102.4302,31.1387],[-102.43,31.1462],[-102.4228,31.1489],[-102.4235,31.1633],[-102.4281,31.1668],[-102.4258,31.1726],[-102.4305,31.1747],[-102.4251,31.1783],[-102.4295,31.1936],[-102.4385,31.1977],[-102.4421,31.2127],[-102.4506,31.2133],[-102.4561,31.2237],[-102.4646,31.2178],[-102.4693,31.2197],[-102.4657,31.2199],[-102.4658,31.2267],[-102.4732,31.2269],[-102.4857,31.2383],[-102.4906,31.2351],[-102.491,31.2407],[-102.5015,31.2452],[-102.4982,31.2487],[-102.5113,31.2597],[-102.5332,31.2607],[-102.5407,31.2673],[-102.5499,31.2656],[-102.5498,31.2691],[-102.5606,31.2676],[-102.5747,31.2728],[-102.5748,31.2681],[-102.5789,31.2717],[-102.5805,31.2631],[-102.5836,31.2652],[-102.5887,31.2603],[-102.6041,31.2709],[-102.6086,31.2861],[-102.6357,31.2939],[-102.6352,31.3053],[-102.6478,31.3155],[-102.6652,31.3139],[-102.6662,31.3251],[-102.6761,31.3301],[-102.7076,31.3113],[-102.7249,31.3084],[-102.7295,31.303],[-102.7269,31.2998],[-102.7323,31.2983],[-102.73,31.2877],[-102.7392,31.2826],[-102.7537,31.2791],[-102.7556,31.2914],[-102.7744,31.2953],[-102.7871,31.2845],[-102.8022,31.283],[-102.8102,31.2736],[-102.8175,31.274],[-102.8269,31.2669],[-102.8374,31.285],[-102.8562,31.2907],[-102.8773,31.3052],[-102.8729,31.3121],[-102.8756,31.3166],[-102.899,31.3239],[-102.914,31.3391],[-102.9276,31.3379],[-102.9336,31.3501],[-102.9581,31.3509],[-102.9593,31.3548],[-102.9662,31.3513],[-102.9727,31.359],[-102.9789,31.353],[-102.9866,31.3581],[-102.996,31.3569],[-102.9986,31.3638],[-103.011,31.3711],[-103.011,31.3775],[-103.0355,31.3782],[-103.0578,31.3853],[-103.0664,31.3776],[-103.066,31.3658],[-103.0999,31.3653],[-103.107,31.361],[-103.128,31.3674],[-103.1302,31.3639],[-103.1425,31.3654],[-103.1586,31.3723],[-103.1937,31.3717],[-103.2126,31.3819],[-103.2449,31.3894],[-103.2578,31.4073],[-103.2597,31.4139],[-103.2552,31.4203],[-103.2617,31.4276],[-103.2747,31.4237],[-103.278,31.4145],[-103.2865,31.4209],[-103.3029,31.4212],[-103.33,31.4119],[-103.3492,31.4235],[-103.3583,31.4151],[-103.3618,31.419],[-103.3684,31.4139],[-103.3715,31.4164],[-103.3682,31.4182],[-103.381,31.4169],[-103.399,31.4339],[-103.4177,31.4261],[-103.4424,31.4338],[-103.4462,31.4243],[-103.4621,31.4297],[-103.4891,31.456],[-103.4889,31.469],[-103.4838,31.469],[-103.4809,31.4752],[-103.4951,31.4886],[-103.4957,31.4992],[-103.5038,31.5063],[-103.504,31.5151],[-103.4957,31.5217],[-103.5028,31.528],[-103.4975,31.5318],[-103.4953,31.5495],[-103.5056,31.5611],[-103.5025,31.5636],[-103.5087,31.5647],[-103.5073,31.5694],[-103.5118,31.5672],[-103.5152,31.5792],[-103.5137,31.5829],[-103.5102,31.5796],[-103.511,31.5861],[-103.5072,31.5875],[-103.5115,31.5897],[-103.5057,31.5902],[-103.5085,31.5926],[-103.5042,31.5966],[-103.5143,31.6132],[-103.5101,31.6145],[-103.5133,31.6234],[-103.5094,31.6259],[-103.5175,31.6252],[-103.5166,31.6286],[-103.5302,31.6325],[-103.5262,31.6344],[-103.5308,31.636],[-103.5314,31.6425],[-103.5516,31.6448],[-103.5622,31.6329],[-103.5728,31.6323],[-103.5875,31.638],[-103.5918,31.6448],[-103.5965,31.6427],[-103.5947,31.6461],[-103.6012,31.6501],[-103.6048,31.648],[-103.6115,31.6544],[-103.6162,31.6508],[-103.6214,31.6594],[-103.6192,31.6644],[-103.6323,31.6733],[-103.6354,31.6841],[-103.6356,31.6903],[-103.6208,31.6891],[-103.6257,31.705],[-103.6691,31.7153],[-103.6912,31.7476],[-103.7237,31.7455],[-103.7222,31.7397],[-103.7457,31.7388],[-103.7461,31.744],[-103.7516,31.7405],[-103.7583,31.7448],[-103.757,31.7514],[-103.7631,31.7491],[-103.7609,31.7532],[-103.7665,31.754],[-103.7661,31.7608],[-103.7709,31.7576],[-103.7705,31.7625],[-103.7817,31.7643],[-103.778,31.7687],[-103.7831,31.7747],[-103.7895,31.772],[-103.7913,31.7755],[-103.7972,31.7702],[-103.8095,31.7943],[-103.8084,31.8268],[-103.8213,31.8373],[-103.8131,31.8463],[-103.8127,31.854],[-103.8286,31.8623],[-103.8294,31.888],[-103.8385,31.8897],[-103.8482,31.8818],[-103.8575,31.8822],[-103.8644,31.8744],[-103.8719,31.8741],[-103.8766,31.8652],[-103.8832,31.8663],[-103.8815,31.8911],[-103.9122,31.9024],[-103.9188,31.9187],[-103.9157,31.9309],[-103.9224,31.9425],[-103.9336,31.9477],[-103.9409,31.9445],[-103.9486,31.9545],[-103.9411,31.9614],[-103.9481,31.9705],[-103.9501,31.9868],[-103.9763,31.98],[-103.9841,31.9934],[-103.9802,32.0001],[-106.6185,32.0005],[-106.6194,31.9947],[-106.6395,31.9803],[-106.6301,31.9713],[-106.6196,31.9716],[-106.6251,31.9545],[-106.6144,31.956],[-106.6143,31.9516],[-106.6237,31.9455],[-106.6225,31.9349],[-106.6297,31.9266],[-106.6129,31.9204],[-106.6401,31.9053],[-106.6456,31.8964]]]},"properties":{"geoid":"48029","state":"48","district":"29","name":"State Senate District 29","chamber":"Senate"}},{"type":"Feature","geometry":{"type":"Polygon","coordinates":[[[-98.9541,33.3698],[-98.9509,32.9569],[-98.4272,32.9523],[-98.4266,33.0079],[-98.0561,33.0033],[-98.0578,32.9203],[-98.044,32.9133],[-97.9747,32.912],[-97.9223,32.8841],[-97.9208,32.8925],[-97.9123,32.8914],[-97.9101,32.8977],[-97.7944,32.8976],[-97.7889,32.9],[-97.7847,32.9249],[-97.7711,32.925],[-97.7711,32.9137],[-97.7567,32.9137],[-97.7386,32.9061],[-97.7393,32.9011],[-97.727,32.9004],[-97.7514,32.858],[-97.7542,32.8455],[-97.7764,32.8184],[-97.7973,32.7824],[-97.8001,32.7866],[-97.7998,32.78],[-97.8073,32.7801],[-97.8068,32.7891],[-97.8226,32.7892],[-97.8225,32.7825],[-97.8426,32.7937],[-97.8407,32.7883],[-97.8082,32.7711],[-97.8124,32.7712],[-97.8124,32.7663],[-97.8275,32.7657],[-97.8256,32.7585],[-97.8198,32.757],[-97.8209,32.7473],[-97.8257,32.7446],[-97.8209,32.7441],[-97.8219,32.7341],[-97.8332,32.7284],[-97.8499,32.7282],[-97.8454,32.7168],[-97.8348,32.7165],[-97.8306,32.7212],[-97.8275,32.7143],[-97.7884,32.7119],[-97.7811,32.7154],[-97.7974,32.739],[-97.7879,32.7424],[-97.7715,32.7397],[-97.7711,32.7472],[-97.7906,32.7589],[-97.773,32.7583],[-97.7843,32.7608],[-97.7841,32.7644],[-97.7704,32.7622],[-97.7671,32.7774],[-97.742,32.7725],[-97.7325,32.7806],[-97.7414,32.7721],[-97.759,32.7728],[-97.7613,32.7646],[-97.7405,32.7654],[-97.7422,32.757],[-97.73,32.757],[-97.7334,32.7481],[-97.6994,32.7553],[-97.674,32.7476],[-97.668,32.7249],[-97.6762,32.7194],[-97.6754,32.7055],[-97.6576,32.702],[-97.6509,32.6922],[-97.6163,32.6917],[-97.6155,32.7018],[-97.6077,32.7],[-97.6079,32.7042],[-97.6163,32.7041],[-97.6162,32.7099],[-97.6027,32.7115],[-97.6029,32.7008],[-97.5923,32.7006],[-97.5951,32.6861],[-97.5884,32.6736],[-97.5716,32.6722],[-97.5641,32.6796],[-97.5496,32.6811],[-97.5442,32.9947],[-97.9216,33.0013],[-97.9182,33.4339],[-97.383,33.4329],[-97.1754,33.4239],[-97.1775,33.3718],[-97.1823,33.3578],[-97.1783,33.2595],[-97.1795,33.2466],[-97.1865,33.2444],[-97.1723,33.2192],[-97.2183,33.2214],[-97.2111,33.1929],[-97.1987,33.1905],[-97.1763,33.175],[-97.1591,33.1793],[-97.1463,33.1472],[-97.1419,33.1516],[-97.1316,33.1397],[-97.1147,33.1325],[-97.0964,33.1321],[-97.0965,33.1214],[-97.0846,33.1151],[-97.0803,33.1221],[-97.0594,33.1227],[-97.0616,33.1302],[-97.038,33.1299],[-97.0398,33.1537],[-97.0441,33.1538],[-97.0478,33.1621],[-97.0648,33.1631],[-97.0646,33.1705],[-97.0567,33.1702],[-97.0563,33.1754],[-97.0421,33.1811],[-97.0198,33.1774],[-97.0198,33.1883],[-97.012,33.1885],[-97.011,33.1981],[-96.998,33.2048],[-96.9978,33.1968],[-96.9769,33.1956],[-96.9762,33.2275],[-96.9698,33.2271],[-96.97,33.2229],[-96.946,33.2214],[-96.956,33.2009],[-96.9484,33.1706],[-96.958,33.1519],[-96.962,33.1515],[-96.9595,33.1395],[-96.9529,33.1355],[-96.9709,33.1177],[-96.9695,33.0996],[-96.9756,33.0996],[-96.9872,33.0792],[-97.0153,33.0892],[-97.0235,33.0999],[-97.0278,33.1003],[-97.0282,33.096],[-97.0256,33.0814],[-97.0061,33.0423],[-96.9762,33.0098],[-96.9442,32.9945],[-96.9397,32.9988],[-96.9446,33.002],[-96.939,33.0035],[-96.9511,33.0054],[-96.951,33.0152],[-96.9447,33.02],[-96.9445,33.033],[-96.9359,33.0339],[-96.936,33.0393],[-96.9185,33.0375],[-96.9222,33.0429],[-96.9186,33.0463],[-96.8789,33.0446],[-96.8648,33.0552],[-96.8638,33.0449],[-96.8728,33.0432],[-96.8612,33.0383],[-96.853,33.042],[-96.8563,33.0311],[-96.8433,33.0259],[-96.8419,33.0856],[-96.7329,33.1253],[-96.7329,33.189],[-96.7415,33.189],[-96.7416,33.1816],[-96.7679,33.182],[-96.7621,33.1964],[-96.7675,33.1965],[-96.7675,33.2108],[-96.7503,33.2107],[-96.7503,33.2186],[-96.8388,33.2194],[-96.8341,33.4055],[-96.3846,33.3978],[-96.3795,33.7258],[-96.4082,33.7505],[-96.4235,33.7764],[-96.448,33.781],[-96.4592,33.7752],[-96.501,33.7728],[-96.5166,33.7883],[-96.5178,33.8069],[-96.532,33.824],[-96.5581,33.8171],[-96.5729,33.8191],[-96.6281,33.8446],[-96.6298,33.8509],[-96.6254,33.8565],[-96.5901,33.8807],[-96.5855,33.8913],[-96.5922,33.8955],[-96.6283,33.8945],[-96.6599,33.9167],[-96.6672,33.9169],[-96.6753,33.9091],[-96.6868,33.8576],[-96.7081,33.8331],[-96.7662,33.8255],[-96.7835,33.8635],[-96.8282,33.8746],[-96.8398,33.8684],[-96.8424,33.8518],[-96.8561,33.8475],[-96.883,33.868],[-96.8957,33.8964],[-96.901,33.9388],[-96.9092,33.952],[-96.9207,33.9595],[-96.9729,33.9357],[-96.9798,33.9416],[-96.9794,33.9562],[-96.9943,33.9492],[-96.9954,33.9338],[-96.9838,33.8909],[-97.0214,33.8464],[-97.041,33.8376],[-97.0638,33.86],[-97.088,33.8526],[-97.0905,33.8452],[-97.0872,33.8414],[-97.0519,33.833],[-97.0481,33.8175],[-97.0791,33.8123],[-97.0929,33.8038],[-97.0951,33.7922],[-97.0848,33.7616],[-97.0865,33.7433],[-97.0973,33.7277],[-97.1207,33.7172],[-97.1574,33.7255],[-97.1722,33.7375],[-97.1801,33.7545],[-97.1926,33.7597],[-97.1877,33.7698],[-97.1904,33.7812],[-97.2054,33.8015],[-97.205,33.8189],[-97.1958,33.8308],[-97.1716,33.8353],[-97.1666,33.8473],[-97.1808,33.8952],[-97.2109,33.9161],[-97.2285,33.9133],[-97.245,33.9032],[-97.2492,33.8751],[-97.2556,33.8637],[-97.2709,33.858],[-97.3092,33.8887],[-97.3143,33.8651],[-97.3321,33.8551],[-97.3342,33.8629],[-97.3233,33.8792],[-97.3319,33.8845],[-97.3472,33.8451],[-97.3687,33.8214],[-97.4268,33.8186],[-97.4531,33.8285],[-97.4632,33.842],[-97.4515,33.8709],[-97.4508,33.8866],[-97.4614,33.9052],[-97.5003,33.9196],[-97.5515,33.8979],[-97.5811,33.8997],[-97.597,33.9163],[-97.5912,33.9296],[-97.5954,33.9414],[-97.5896,33.9536],[-97.598,33.9552],[-97.6091,33.9681],[-97.6338,33.9813],[-97.6713,33.9916],[-97.6931,33.9837],[-97.7122,33.9516],[-97.7323,33.9365],[-97.7628,33.9344],[-97.7594,33.9188],[-97.7638,33.9142],[-97.7835,33.9183],[-97.7861,33.9134],[-97.7797,33.8992],[-97.7847,33.8906],[-97.7924,33.8991],[-97.7981,33.8991],[-97.8054,33.8772],[-97.8176,33.881],[-97.8207,33.8689],[-97.8335,33.8581],[-97.8753,33.8497],[-97.9342,33.8781],[-97.9678,33.8822],[-97.9844,33.898],[-97.9788,33.9125],[-97.9687,33.906],[-97.9572,33.9145],[-97.9534,33.9364],[-97.9712,33.9371],[-97.9742,33.9428],[-97.9604,33.9519],[-97.9465,33.9907],[-97.9583,33.9908],[-97.9742,34.0067],[-97.9909,33.9989],[-98.0277,33.9934],[-98.0882,34.0055],[-98.0824,34.0098],[-98.084,34.0144],[-98.1062,34.0349],[-98.1017,34.0391],[-98.089,34.0338],[-98.0825,34.0394],[-98.1019,34.051],[-98.1202,34.0721],[-98.1194,34.0845],[-98.1002,34.103],[-98.0905,34.1225],[-98.092,34.1319],[-98.1029,34.1326],[-98.1006,34.1435],[-98.1088,34.1538],[-98.1308,34.1505],[-98.1544,34.1227],[-98.1708,34.1142],[-98.2165,34.1218],[-98.2325,34.1346],[-98.2565,34.1295],[-98.2939,34.133],[-98.3254,34.151],[-98.3656,34.157],[-98.3844,34.1463],[-98.3869,34.1389],[-98.3801,34.1308],[-98.3894,34.1332],[-98.3984,34.1285],[-98.3998,34.1],[-98.4114,34.1003],[-98.4111,34.0886],[-98.4235,34.0828],[-98.4249,34.0446],[-98.5165,34.0497],[-98.5166,34.0352],[-98.558,34.0353],[-98.5417,33.9814],[-98.5282,33.9739],[-98.5278,33.9493],[-98.5315,33.9462],[-98.5142,33.9494],[-98.5116,33.9389],[-98.4901,33.9375],[-98.4901,33.9325],[-98.5027,33.9249],[-98.514,33.9268],[-98.5186,33.9362],[-98.5319,33.9364],[-98.5336,33.9093],[-98.5149,33.9096],[-98.5101,33.8928],[-98.5281,33.8861],[-98.5294,33.878],[-98.5185,33.8777],[-98.5185,33.8705],[-98.536,33.8706],[-98.536,33.8578],[-98.5611,33.858],[-98.5619,33.8389],[-98.575,33.8417],[-98.5866,33.8365],[-98.5934,33.8397],[-98.5963,33.8352],[-98.9532,33.834],[-98.9541,33.3698]]]},"properties":{"geoid":"48030","state":"48","district":"30","name":"State Senate District 30","chamber":"Senate"}},{"type":"Feature","geometry":{"type":"Polygon","coordinates":[[[-103.9841,31.9934],[-103.9745,31.9792],[-103.9501,31.9868],[-103.9481,31.9705],[-103.9411,31.9614],[-103.9486,31.9545],[-103.9409,31.9445],[-103.9336,31.9477],[-103.9224,31.9425],[-103.9157,31.9309],[-103.9188,31.9187],[-103.9122,31.9024],[-103.8815,31.8911],[-103.8832,31.8663],[-103.8766,31.8652],[-103.8719,31.8741],[-103.8644,31.8744],[-103.8575,31.8822],[-103.8482,31.8818],[-103.8385,31.8897],[-103.8294,31.888],[-103.8286,31.8623],[-103.8127,31.854],[-103.8131,31.8463],[-103.8213,31.8373],[-103.8084,31.8268],[-103.8095,31.7943],[-103.7972,31.7702],[-103.7913,31.7755],[-103.7895,31.772],[-103.7831,31.7747],[-103.778,31.7687],[-103.7817,31.7643],[-103.7705,31.7625],[-103.7709,31.7576],[-103.7661,31.7608],[-103.7665,31.754],[-103.7609,31.7532],[-103.7631,31.7491],[-103.757,31.7514],[-103.7583,31.7448],[-103.7516,31.7405],[-103.7461,31.744],[-103.7457,31.7388],[-103.7222,31.7397],[-103.7237,31.7455],[-103.6912,31.7476],[-103.6691,31.7153],[-103.6257,31.705],[-103.6208,31.6891],[-103.6356,31.6903],[-103.6354,31.6841],[-103.6323,31.6733],[-103.6192,31.6644],[-103.6214,31.6594],[-103.6162,31.6508],[-103.6115,31.6544],[-103.6048,31.648],[-103.6012,31.6501],[-103.5947,31.6461],[-103.5965,31.6427],[-103.5918,31.6448],[-103.5875,31.638],[-103.5728,31.6323],[-103.5622,31.6329],[-103.5516,31.6448],[-103.5314,31.6425],[-103.5308,31.636],[-103.5262,31.6344],[-103.5302,31.6325],[-103.5166,31.6286],[-103.5175,31.6252],[-103.5094,31.6259],[-103.5133,31.6234],[-103.5101,31.6145],[-103.5143,31.6132],[-103.5042,31.5966],[-103.5085,31.5926],[-103.5057,31.5902],[-103.5115,31.5897],[-103.5072,31.5875],[-103.511,31.5861],[-103.5102,31.5796],[-103.5137,31.5829],[-103.5152,31.5792],[-103.5118,31.5672],[-103.5073,31.5694],[-103.5087,31.5647],[-103.5025,31.5636],[-103.5056,31.5611],[-103.4953,31.5495],[-103.4975,31.5318],[-103.5028,31.528],[-103.4957,31.5217],[-103.504,31.5151],[-103.5038,31.5063],[-103.4957,31.4992],[-103.4951,31.4886],[-103.4809,31.4752],[-103.4838,31.469],[-103.4889,31.469],[-103.4891,31.456],[-103.4762,31.4401],[-103.4542,31.4257],[-103.4431,31.4259],[-103.4426,31.4337],[-103.4182,31.4261],[-103.399,31.4339],[-103.381,31.4169],[-103.3682,31.4182],[-103.3715,31.4164],[-103.3684,31.4139],[-103.3618,31.419],[-103.3583,31.4151],[-103.3492,31.4235],[-103.33,31.4119],[-103.3029,31.4212],[-103.2865,31.4209],[-103.278,31.4145],[-103.2747,31.4237],[-103.2617,31.4276],[-103.2552,31.4203],[-103.2597,31.4139],[-103.2578,31.4073],[-103.2449,31.3894],[-103.2126,31.3819],[-103.1937,31.3717],[-103.1586,31.3723],[-103.1425,31.3654],[-103.1302,31.3639],[-103.128,31.3674],[-103.107,31.361],[-103.0999,31.3653],[-103.066,31.3658],[-103.0664,31.3776],[-103.0578,31.3853],[-103.0355,31.3782],[-103.011,31.3775],[-103.011,31.3711],[-102.9986,31.3638],[-102.996,31.3569],[-102.9866,31.3581],[-102.9789,31.353],[-102.9727,31.359],[-102.9662,31.3513],[-102.9593,31.3548],[-102.9581,31.3509],[-102.9336,31.3501],[-102.9276,31.3379],[-102.914,31.3391],[-102.899,31.3239],[-102.8756,31.3166],[-102.8729,31.3121],[-102.8773,31.3052],[-102.8562,31.2907],[-102.8374,31.285],[-102.8267,31.2669],[-102.8175,31.274],[-102.8102,31.2736],[-102.8022,31.283],[-102.7871,31.2845],[-102.7744,31.2953],[-102.7556,31.2914],[-102.7537,31.2791],[-102.7392,31.2826],[-102.73,31.2877],[-102.7323,31.2983],[-102.7269,31.2998],[-102.7295,31.303],[-102.7249,31.3084],[-102.7076,31.3113],[-102.6757,31.33],[-102.6662,31.3251],[-102.6652,31.3139],[-102.6478,31.3155],[-102.6352,31.3053],[-102.6357,31.2939],[-102.6086,31.2861],[-102.6041,31.2709],[-102.5988,31.2702],[-102.5965,31.264],[-102.5941,31.2674],[-102.5878,31.2602],[-102.5836,31.2652],[-102.5805,31.2631],[-102.5789,31.2717],[-102.5755,31.2678],[-102.5747,31.2728],[-102.567,31.2727],[-102.5606,31.2676],[-102.5407,31.2673],[-102.5332,31.2607],[-102.5208,31.2628],[-102.5024,31.2532],[-102.4982,31.2487],[-102.5018,31.2456],[-102.491,31.2407],[-102.4906,31.2351],[-102.4857,31.2383],[-102.4732,31.2269],[-102.4658,31.2267],[-102.4657,31.2199],[-102.4693,31.2197],[-102.4646,31.2178],[-102.4561,31.2237],[-102.4506,31.2133],[-102.4421,31.2127],[-102.4385,31.1977],[-102.4295,31.1936],[-102.4251,31.1783],[-102.4305,31.1747],[-102.4258,31.1726],[-102.4281,31.1668],[-102.4235,31.1633],[-102.4228,31.1489],[-102.43,31.1462],[-102.4302,31.1387],[-102.4253,31.137],[-102.4303,31.1293],[-102.4136,31.1089],[-102.4063,31.0881],[-102.3994,31.0863],[-101.8624,31.0798],[-100.9622,31.0825],[-100.9606,30.7061],[-100.1162,30.7104],[-100.1152,31.088],[-100.6888,31.0866],[-100.6931,31.524],[-101.2679,31.5287],[-101.2676,31.5565],[-100.8653,31.5623],[-100.8611,31.7054],[-100.8149,31.6959],[-100.2358,31.693],[-100.2351,32.0824],[-100.6654,32.0854],[-100.6559,32.9635],[-100.9902,32.965],[-101.0387,32.9702],[-101.1826,32.9635],[-102.595,32.9588],[-102.5942,33.3751],[-102.6154,33.8251],[-102.6152,34.3129],[-100.4178,34.3135],[-100.4159,34.7475],[-101.0907,34.7482],[-101.0859,35.6191],[-100.0004,35.6191],[-100.0004,36.4997],[-103.0417,36.5004],[-103.0437,34.0036],[-103.0646,32.9999],[-103.0645,32.0004],[-103.9802,32.0001],[-103.9841,31.9934]]]},"properties":{"geoid":"48031","state":"48","district":"31","name":"State Senate District 31","chamber":"Senate"}}]}