{"type":"FeatureCollection","features":[{"type":"Feature","geometry":{"type":"Polygon","coordinates":[[[-122.3134,47.7702],[-122.3068,47.7666],[-122.303,47.7502],[-122.2947,47.7428],[-122.2993,47.7374],[-122.2744,47.7337],[-122.2623,47.7043],[-122.2514,47.7118],[-122.2382,47.7117],[-122.2348,47.7189],[-122.2211,47.7204],[-122.2165,47.7262],[-122.2078,47.7253],[-122.2078,47.733],[-122.1875,47.733],[-122.1865,47.7408],[-122.1756,47.7339],[-122.1638,47.734],[-122.1533,47.7239],[-122.1501,47.7329],[-122.1392,47.7297],[-122.142,47.7472],[-122.1205,47.7475],[-122.1208,47.7535],[-122.1079,47.7492],[-122.1117,47.7615],[-122.0777,47.7547],[-122.0765,47.7685],[-122.0803,47.7734],[-122.0551,47.7757],[-122.0552,47.7885],[-122.0786,47.8073],[-122.077,47.8133],[-122.0938,47.8127],[-122.1083,47.8089],[-122.1154,47.7952],[-122.1349,47.7944],[-122.1389,47.7847],[-122.1542,47.7762],[-122.1694,47.7763],[-122.1738,47.7896],[-122.1866,47.7911],[-122.1861,47.814],[-122.2077,47.8094],[-122.2115,47.8357],[-122.223,47.8383],[-122.2276,47.8348],[-122.2277,47.842],[-122.2314,47.8421],[-122.2364,47.838],[-122.2463,47.8395],[-122.2465,47.8322],[-122.2539,47.8257],[-122.2641,47.8322],[-122.2683,47.8226],[-122.2619,47.8188],[-122.2709,47.8199],[-122.2715,47.8102],[-122.287,47.8065],[-122.2816,47.8041],[-122.2861,47.8001],[-122.2815,47.7992],[-122.2815,47.7936],[-122.2868,47.7909],[-122.2869,47.7773],[-122.2976,47.7774],[-122.2974,47.7701],[-122.3134,47.7702]]]},"properties":{"geoid":"53001","state":"53","district":"1","name":"Legislative (Senate) District 1","chamber":"Senate"}},{"type":"Feature","geometry":{"type":"Polygon","coordinates":[[[-122.8949,46.846],[-122.8934,46.8426],[-122.8737,46.8438],[-122.864,46.851],[-122.8617,46.8452],[-122.863,46.8072],[-122.8711,46.7998],[-122.88,46.7997],[-122.8767,46.7926],[-122.8555,46.7925],[-122.8624,46.7994],[-122.8447,46.7997],[-122.8449,46.7925],[-122.8242,46.793],[-122.8238,46.7782],[-122.7669,46.778],[-122.7883,46.7636],[-122.2031,46.7631],[-122.1779,46.7552],[-122.129,46.7547],[-122.1156,46.7489],[-122.0823,46.7522],[-122.0408,46.7424],[-122.0234,46.7423],[-122.0024,46.7533],[-121.9786,46.7443],[-121.9542,46.755],[-121.93,46.7399],[-121.8674,46.7291],[-121.8327,46.7296],[-121.8204,46.7453],[-121.8041,46.7512],[-121.8054,46.7561],[-121.7877,46.7698],[-121.7586,46.7838],[-121.4552,46.7838],[-121.4528,46.7892],[-121.4425,46.7928],[-121.4554,46.8024],[-121.4579,46.8118],[-121.4744,46.8202],[-121.4702,46.8264],[-121.4842,46.8343],[-121.4973,46.8629],[-121.5231,46.8728],[-121.5133,46.8848],[-121.5104,46.8966],[-121.4978,46.9074],[-121.7292,46.9074],[-121.7292,46.9962],[-121.9058,46.9962],[-121.9499,46.9851],[-121.9662,46.9875],[-122.031,47.0147],[-122.0372,47.0256],[-122.0559,47.0253],[-122.0566,47.0386],[-122.0652,47.0473],[-122.0616,47.0656],[-122.0716,47.0683],[-122.0777,47.0677],[-122.0775,47.0544],[-122.1046,47.0544],[-122.1052,47.025],[-122.2109,47.0241],[-122.2107,47.0382],[-122.2203,47.0356],[-122.22,47.0517],[-122.2948,47.0531],[-122.2948,47.0593],[-122.2779,47.0667],[-122.2868,47.0789],[-122.2727,47.0796],[-122.2722,47.0964],[-122.2936,47.0965],[-122.2938,47.0819],[-122.315,47.0819],[-122.3138,47.085],[-122.3223,47.086],[-122.3475,47.0785],[-122.3569,47.0928],[-122.3576,47.1109],[-122.3775,47.1185],[-122.3892,47.1186],[-122.3892,47.0968],[-122.4108,47.097],[-122.4133,47.0824],[-122.4003,47.0792],[-122.3978,47.0531],[-122.3767,47.0531],[-122.3768,47.0474],[-122.3905,47.0458],[-122.3843,47.0386],[-122.3739,47.0385],[-122.3758,47.0282],[-122.3695,47.0203],[-122.4098,47.0205],[-122.4432,47.0318],[-122.493,47.0336],[-122.5277,47.0067],[-122.5391,47.0084],[-122.5414,47.0044],[-122.5415,47.0086],[-122.5587,47.002],[-122.5584,46.9866],[-122.5685,46.9692],[-122.5633,46.9676],[-122.5723,46.9642],[-122.5872,46.9668],[-122.586,46.9711],[-122.5754,46.9713],[-122.5801,46.9775],[-122.5901,46.974],[-122.611,46.9767],[-122.6116,46.9672],[-122.6374,46.9771],[-122.6303,46.9983],[-122.6388,46.9984],[-122.6506,47.0073],[-122.6595,47.0029],[-122.6592,47.0099],[-122.6724,47.0154],[-122.6728,47.0242],[-122.6802,47.0293],[-122.6768,47.0427],[-122.6935,47.053],[-122.6899,47.0574],[-122.7029,47.0643],[-122.7039,47.0717],[-122.7595,47.0638],[-122.7431,47.0611],[-122.7701,47.0557],[-122.7758,47.0615],[-122.7885,47.0596],[-122.7966,47.0504],[-122.7913,47.0514],[-122.7913,47.0409],[-122.7825,47.0355],[-122.7766,47.0199],[-122.7714,47.0173],[-122.7701,47.0035],[-122.7598,47.0033],[-122.7597,46.9851],[-122.7228,46.9853],[-122.7196,46.9683],[-122.7386,46.9618],[-122.7383,46.9524],[-122.6965,46.9524],[-122.6964,46.9378],[-122.6753,46.938],[-122.6753,46.9234],[-122.6716,46.9233],[-122.6773,46.9162],[-122.6911,46.916],[-122.6975,46.8943],[-122.7031,46.8943],[-122.6977,46.8834],[-122.7112,46.8764],[-122.7934,46.8589],[-122.8261,46.8575],[-122.8522,46.864],[-122.8615,46.8564],[-122.8709,46.8578],[-122.8783,46.8489],[-122.8949,46.846]]]},"properties":{"geoid":"53002","state":"53","district":"2","name":"Legislative (Senate) District 2","chamber":"Senate"}},{"type":"Feature","geometry":{"type":"Polygon","coordinates":[[[-117.4807,47.6979],[-117.4668,47.6906],[-117.4773,47.6862],[-117.4748,47.6797],[-117.4805,47.6805],[-117.4742,47.6703],[-117.4643,47.6659],[-117.4664,47.6488],[-117.4629,47.646],[-117.473,47.632],[-117.4646,47.632],[-117.4646,47.6139],[-117.4299,47.6137],[-117.4473,47.5944],[-117.4374,47.5944],[-117.4316,47.5871],[-117.4001,47.5868],[-117.3886,47.5989],[-117.3953,47.6059],[-117.3576,47.604],[-117.3558,47.6093],[-117.3415,47.6128],[-117.3376,47.6244],[-117.3471,47.6228],[-117.3468,47.6673],[-117.3253,47.6715],[-117.3253,47.6787],[-117.3039,47.6887],[-117.3052,47.6941],[-117.327,47.6898],[-117.3433,47.6761],[-117.379,47.6772],[-117.3892,47.6862],[-117.4112,47.6862],[-117.4113,47.7151],[-117.4323,47.7154],[-117.4333,47.7226],[-117.4466,47.7308],[-117.4717,47.7263],[-117.4665,47.7224],[-117.4755,47.7194],[-117.4752,47.6974],[-117.4807,47.6979]]]},"properties":{"geoid":"53003","state":"53","district":"3","name":"Legislative (Senate) District 3","chamber":"Senate"}},{"type":"Feature","geometry":{"type":"Polygon","coordinates":[[[-117.3792,47.7358],[-117.3788,47.7185],[-117.3468,47.715],[-117.3426,47.7121],[-117.3468,47.7103],[-117.3466,47.7004],[-117.3351,47.7004],[-117.3333,47.6916],[-117.3453,47.6899],[-117.3467,47.6764],[-117.3345,47.6804],[-117.327,47.6898],[-117.3039,47.6938],[-117.3121,47.6821],[-117.3253,47.6787],[-117.3253,47.6715],[-117.3468,47.6673],[-117.3469,47.6428],[-117.3235,47.6379],[-117.3149,47.6399],[-117.3149,47.6461],[-117.2978,47.6426],[-117.3041,47.6497],[-117.3025,47.6535],[-117.2846,47.6555],[-117.2653,47.6279],[-117.2721,47.6279],[-117.2727,47.6173],[-117.2788,47.6094],[-117.2566,47.6003],[-117.2531,47.6066],[-117.2384,47.6125],[-117.2384,47.6205],[-117.2286,47.6206],[-117.2285,47.6279],[-117.2128,47.6279],[-117.2128,47.6333],[-117.192,47.63],[-117.189,47.6351],[-117.1752,47.6335],[-117.1728,47.6365],[-117.1804,47.6385],[-117.1781,47.6424],[-117.1643,47.6423],[-117.1657,47.6496],[-117.1536,47.6464],[-117.1429,47.6496],[-117.1429,47.6569],[-117.1216,47.6569],[-117.1215,47.6495],[-117.1108,47.6495],[-117.1108,47.6532],[-117.1002,47.6532],[-117.0997,47.6568],[-117.0683,47.6567],[-117.0686,47.6862],[-117.064,47.6892],[-117.0898,47.6821],[-117.0549,47.6972],[-117.0417,47.6977],[-117.0419,48.0455],[-117.3438,48.0466],[-117.3498,48.036],[-117.3501,47.9098],[-117.3581,47.8817],[-117.3473,47.8094],[-117.3543,47.7835],[-117.3704,47.7765],[-117.3535,47.7728],[-117.3571,47.7585],[-117.3627,47.7567],[-117.3597,47.7526],[-117.366,47.736],[-117.3792,47.7358]]]},"properties":{"geoid":"53004","state":"53","district":"4","name":"Legislative (Senate) District 4","chamber":"Senate"}},{"type":"Feature","geometry":{"type":"Polygon","coordinates":[[[-122.1642,47.4772],[-122.1433,47.47],[-122.1426,47.4661],[-122.1209,47.4632],[-122.1219,47.456],[-122.1094,47.4528],[-122.1119,47.4375],[-122.1167,47.4375],[-122.1104,47.427],[-122.0942,47.4198],[-122.073,47.4206],[-122.0555,47.4113],[-122.046,47.3998],[-122.048,47.3928],[-122.0579,47.3871],[-122.0494,47.3869],[-122.0481,47.3805],[-122.0625,47.3727],[-122.059,47.358],[-122.0657,47.358],[-122.0539,47.3436],[-122.0734,47.3445],[-122.074,47.3515],[-122.0814,47.3536],[-122.0905,47.3446],[-122.102,47.3436],[-122.0966,47.3136],[-122.0813,47.2977],[-122.0801,47.2573],[-122.0802,47.2501],[-122.1017,47.25],[-122.1016,47.2427],[-122.0451,47.2427],[-122.038,47.2373],[-122.0375,47.1948],[-122.0482,47.192],[-122.0482,47.1873],[-122.0375,47.1847],[-122.0374,47.1732],[-122.0124,47.176],[-122.0045,47.1702],[-121.9939,47.1726],[-121.9914,47.1632],[-121.9806,47.1646],[-121.9695,47.1563],[-121.9542,47.1557],[-121.9501,47.1445],[-121.9349,47.1382],[-121.9279,47.1477],[-121.9015,47.1557],[-121.8655,47.1526],[-121.8604,47.1466],[-121.8395,47.1434],[-121.7958,47.1732],[-121.7773,47.1733],[-121.7733,47.1665],[-121.7495,47.1621],[-121.7431,47.1645],[-121.7191,47.1511],[-121.6842,47.1498],[-121.6614,47.16],[-121.6208,47.1494],[-121.5891,47.1202],[-121.5315,47.1246],[-121.4906,47.1168],[-121.4719,47.0997],[-121.4409,47.0844],[-121.412,47.0907],[-121.3768,47.0887],[-121.3834,47.0951],[-121.393,47.092],[-121.4029,47.0986],[-121.3991,47.1046],[-121.4081,47.1181],[-121.394,47.1328],[-121.3647,47.1418],[-121.3351,47.1327],[-121.3155,47.1338],[-121.3034,47.1389],[-121.2976,47.1486],[-121.3178,47.173],[-121.3061,47.188],[-121.3112,47.2077],[-121.3283,47.2171],[-121.3651,47.2245],[-121.3584,47.2344],[-121.3607,47.2405],[-121.3398,47.2471],[-121.332,47.2574],[-121.3412,47.2813],[-121.3597,47.2855],[-121.3618,47.2919],[-121.3706,47.2852],[-121.3846,47.2851],[-121.4165,47.2935],[-121.4206,47.2868],[-121.4325,47.2932],[-121.4327,47.305],[-121.4453,47.3097],[-121.4304,47.3342],[-121.4384,47.3437],[-121.4641,47.3538],[-121.4613,47.3613],[-121.466,47.368],[-121.459,47.3731],[-121.4378,47.3718],[-121.4412,47.3844],[-121.4263,47.3895],[-121.4273,47.3956],[-121.4338,47.3991],[-121.4221,47.4089],[-121.4274,47.4207],[-121.4111,47.4234],[-121.4193,47.4286],[-121.4438,47.4199],[-121.4486,47.4025],[-121.4723,47.3959],[-121.5497,47.3984],[-121.5718,47.4063],[-121.5973,47.4249],[-121.6332,47.43],[-121.6605,47.4429],[-121.691,47.4445],[-121.6993,47.4498],[-121.7045,47.4613],[-121.7161,47.4672],[-121.7633,47.4818],[-121.7636,47.474],[-121.7692,47.4739],[-121.7745,47.4812],[-121.7854,47.4795],[-121.7853,47.4902],[-121.8017,47.4815],[-121.8069,47.4851],[-121.8048,47.5033],[-121.8097,47.5069],[-121.8052,47.5093],[-121.8102,47.511],[-121.7893,47.5105],[-121.7833,47.5231],[-121.8037,47.5266],[-121.8107,47.5351],[-121.8104,47.5433],[-121.844,47.548],[-121.8444,47.5322],[-121.8339,47.5313],[-121.8338,47.5153],[-121.905,47.5083],[-121.9272,47.5218],[-121.8948,47.5511],[-121.8873,47.5507],[-121.8889,47.5647],[-121.9313,47.5653],[-121.9431,47.5729],[-121.932,47.5729],[-121.9319,47.5783],[-121.9618,47.5905],[-121.9612,47.5946],[-121.9701,47.5946],[-121.9646,47.5876],[-121.9689,47.5802],[-121.9817,47.5876],[-121.9829,47.581],[-121.995,47.5861],[-121.9983,47.5785],[-122.0279,47.5792],[-122.0219,47.5731],[-122.034,47.5681],[-122.0342,47.5559],[-122.0307,47.5547],[-122.037,47.5506],[-122.0579,47.552],[-122.0613,47.5484],[-122.1002,47.5592],[-122.1005,47.5449],[-122.1118,47.5443],[-122.1083,47.5406],[-122.1111,47.5361],[-122.1322,47.536],[-122.1291,47.5272],[-122.143,47.5272],[-122.1431,47.5237],[-122.1378,47.5236],[-122.1378,47.5163],[-122.1432,47.5165],[-122.1433,47.5028],[-122.1486,47.502],[-122.1433,47.501],[-122.1431,47.4956],[-122.1352,47.4954],[-122.1351,47.4883],[-122.1247,47.4881],[-122.1203,47.4835],[-122.1297,47.4811],[-122.1269,47.4751],[-122.1376,47.4811],[-122.1642,47.4772]]]},"properties":{"geoid":"53005","state":"53","district":"5","name":"Legislative (Senate) District 5","chamber":"Senate"}},{"type":"Feature","geometry":{"type":"Polygon","coordinates":[[[-117.8221,47.5517],[-117.7686,47.5513],[-117.7674,47.5591],[-117.7096,47.561],[-117.7097,47.5474],[-117.7023,47.5505],[-117.6988,47.5474],[-117.6988,47.551],[-117.6933,47.551],[-117.6933,47.5618],[-117.6665,47.5656],[-117.6666,47.572],[-117.6471,47.5754],[-117.6118,47.5716],[-117.604,47.559],[-117.6075,47.5561],[-117.594,47.5437],[-117.5644,47.5437],[-117.5645,47.5764],[-117.5472,47.5752],[-117.5435,47.5861],[-117.54,47.5829],[-117.4975,47.5834],[-117.5023,47.5704],[-117.4998,47.5641],[-117.4681,47.5748],[-117.4349,47.6041],[-117.4299,47.6137],[-117.4646,47.6139],[-117.4646,47.632],[-117.473,47.632],[-117.4629,47.646],[-117.4664,47.6488],[-117.4643,47.6659],[-117.4742,47.6703],[-117.4805,47.6805],[-117.4748,47.6797],[-117.4773,47.6862],[-117.4668,47.6906],[-117.4807,47.6979],[-117.4752,47.6974],[-117.4771,47.7153],[-117.4665,47.7224],[-117.4717,47.7263],[-117.4677,47.73],[-117.4466,47.7308],[-117.4333,47.7226],[-117.4323,47.7154],[-117.4113,47.7151],[-117.4112,47.6862],[-117.3892,47.6862],[-117.379,47.6772],[-117.3467,47.6764],[-117.3453,47.6899],[-117.3333,47.6916],[-117.3351,47.7004],[-117.3466,47.7004],[-117.3468,47.7103],[-117.3426,47.7121],[-117.3468,47.715],[-117.3788,47.7185],[-117.3792,47.7312],[-117.3792,47.7367],[-117.366,47.736],[-117.3597,47.7526],[-117.3627,47.7567],[-117.3571,47.7585],[-117.3535,47.7728],[-117.3704,47.7765],[-117.3543,47.7835],[-117.3473,47.8094],[-117.3581,47.8812],[-117.3501,47.9104],[-117.3496,48.0033],[-117.3929,48.0031],[-117.3928,47.9705],[-117.4041,47.9706],[-117.4041,47.9596],[-117.4288,47.9598],[-117.4288,47.9544],[-117.4338,47.9544],[-117.4339,47.911],[-117.4655,47.9108],[-117.4655,47.9035],[-117.5354,47.9029],[-117.5353,47.7945],[-117.5533,47.8017],[-117.5678,47.8007],[-117.5758,47.7935],[-117.5865,47.7949],[-117.615,47.8178],[-117.6191,47.8278],[-117.6325,47.8351],[-117.6519,47.8353],[-117.6637,47.8486],[-117.6661,47.8792],[-117.6752,47.8891],[-117.6944,47.881],[-117.702,47.8639],[-117.6978,47.8563],[-117.7427,47.8305],[-117.7542,47.8268],[-117.7671,47.8318],[-117.7781,47.828],[-117.7924,47.811],[-117.8078,47.813],[-117.8209,47.8258],[-117.8221,47.5517]]]},"properties":{"geoid":"53006","state":"53","district":"6","name":"Legislative (Senate) District 6","chamber":"Senate"}},{"type":"Feature","geometry":{"type":"Polygon","coordinates":[[[-120.8856,48.9752],[-120.8797,48.966],[-120.8402,48.95],[-120.8329,48.9385],[-120.8201,48.9411],[-120.8151,48.9506],[-120.801,48.9536],[-120.7982,48.9595],[-120.7699,48.9553],[-120.7574,48.9443],[-120.7546,48.933],[-120.7721,48.9265],[-120.7679,48.9114],[-120.7721,48.9067],[-120.7627,48.8995],[-120.7662,48.8932],[-120.7631,48.8885],[-120.7702,48.8818],[-120.7623,48.873],[-120.7353,48.8644],[-120.7361,48.8582],[-120.7307,48.8538],[-120.7403,48.8434],[-120.7353,48.8314],[-120.7425,48.8209],[-120.7421,48.8113],[-120.7353,48.8038],[-120.7354,48.7865],[-120.7255,48.7734],[-120.7099,48.7718],[-120.6782,48.7351],[-120.656,48.7249],[-120.6598,48.7196],[-120.6782,48.7178],[-120.68,48.6943],[-120.7034,48.6969],[-120.7187,48.6745],[-120.7173,48.6645],[-120.7331,48.6662],[-120.7498,48.6593],[-120.7576,48.6446],[-120.7717,48.6426],[-120.7883,48.6251],[-120.7821,48.6127],[-120.7853,48.6052],[-120.7588,48.5819],[-120.7441,48.5788],[-120.7307,48.5823],[-120.7192,48.5964],[-120.6885,48.5757],[-120.6868,48.5643],[-120.7005,48.559],[-120.7087,48.5418],[-120.7021,48.5316],[-120.6513,48.5362],[-120.649,48.5269],[-120.6566,48.5211],[-120.6572,48.5073],[-120.6284,48.4969],[-120.6398,48.4955],[-120.6535,48.4808],[-120.6324,48.4688],[-120.6508,48.4607],[-120.6548,48.4532],[-120.6688,48.4497],[-120.6528,48.4379],[-120.6552,48.4301],[-120.6503,48.4148],[-120.6417,48.4111],[-120.6499,48.3981],[-120.6211,48.3988],[-120.5632,48.3708],[-120.5602,48.361],[-120.5669,48.3575],[-120.5697,48.3489],[-120.5857,48.3392],[-120.5868,48.3203],[-120.5653,48.3176],[-120.5472,48.3067],[-120.5103,48.3113],[-120.4988,48.2951],[-120.4763,48.2784],[-120.4645,48.2749],[-120.4691,48.269],[-120.3923,48.2427],[-120.385,48.2332],[-120.3914,48.2288],[-120.3829,48.2199],[-120.3555,48.2184],[-120.3463,48.2],[-120.3623,48.1648],[-120.3613,48.1576],[-120.3543,48.1554],[-120.3486,48.1443],[-120.3338,48.1388],[-120.3196,48.1244],[-120.291,48.1296],[-120.2445,48.101],[-120.2348,48.0887],[-120.2131,48.079],[-120.1865,48.0784],[-120.1703,48.0697],[-120.1434,48.0652],[-120.1317,48.0546],[-120.149,48.0522],[-120.1464,48.0373],[-120.1218,48.0322],[-120.1194,48.027],[-120.0902,48.018],[-120.0781,47.9998],[-120.0811,47.993],[-120.0638,47.9815],[-120.0701,47.9701],[-120.0666,47.9664],[-120.0486,47.9606],[-119.8706,47.9605],[-119.8606,47.9449],[-119.8671,47.9338],[-119.9144,47.9023],[-119.9084,47.8799],[-119.915,47.8677],[-119.9294,47.8561],[-119.9601,47.8458],[-119.9639,47.828],[-119.9781,47.8013],[-119.995,47.7814],[-120.0278,47.7782],[-120.0873,47.7632],[-120.1174,47.7749],[-120.1339,47.7761],[-120.1914,47.7595],[-120.2169,47.7392],[-120.2224,47.7217],[-120.2044,47.7008],[-120.199,47.6823],[-120.2046,47.6716],[-120.2168,47.6637],[-120.2209,47.6503],[-120.2369,47.6318],[-120.2336,47.5976],[-120.2384,47.5863],[-120.2536,47.5726],[-120.2594,47.5585],[-120.2928,47.5382],[-120.3081,47.5022],[-120.3091,47.5083],[-120.3194,47.501],[-120.3193,47.4877],[-120.3247,47.4774],[-120.3367,47.4695],[-120.3431,47.4707],[-120.3364,47.4637],[-120.3247,47.4298],[-120.3046,47.4213],[-120.2865,47.3931],[-120.2603,47.3839],[-120.2604,47.3985],[-120.2396,47.3986],[-120.2396,47.4204],[-120.2184,47.4204],[-120.2184,47.4059],[-120.1756,47.4059],[-120.1744,47.4345],[-120.0909,47.4348],[-120.0903,47.4205],[-120.07,47.4206],[-120.0695,47.3915],[-119.9621,47.3922],[-119.9623,47.4951],[-119.9409,47.4952],[-119.9412,47.5097],[-119.8545,47.51],[-119.8544,47.4954],[-119.7467,47.4972],[-119.7473,47.4393],[-119.5331,47.4412],[-119.5329,47.5278],[-119.5117,47.5276],[-119.5121,47.542],[-119.4905,47.542],[-119.4901,47.5565],[-119.4692,47.5566],[-119.4691,47.5708],[-119.4477,47.5705],[-119.4478,47.5849],[-119.4268,47.5848],[-119.4268,47.5991],[-119.4053,47.599],[-119.4052,47.6126],[-119.3418,47.6124],[-119.3415,47.6267],[-119.3203,47.6268],[-119.3201,47.6702],[-119.2988,47.6704],[-119.2986,47.7283],[-119.2772,47.7282],[-119.2772,47.7426],[-119.2558,47.7425],[-119.2559,47.7717],[-119.2342,47.772],[-119.2339,47.8007],[-119.2124,47.8007],[-119.2122,47.8877],[-119.1906,47.8878],[-119.1906,47.9025],[-119.1474,47.9027],[-119.1474,47.9174],[-119.1259,47.9173],[-119.1256,47.9468],[-119.104,47.9467],[-119.1039,47.9618],[-118.9822,47.962],[-118.9801,47.9466],[-118.9571,47.9409],[-118.8467,47.9577],[-118.8349,47.9532],[-118.8294,47.9331],[-118.8155,47.922],[-118.7303,47.9002],[-118.7117,47.9033],[-118.7085,47.932],[-118.6926,47.9422],[-118.662,47.9374],[-118.6474,47.9256],[-118.6343,47.9299],[-118.5704,47.9323],[-118.5335,47.9149],[-118.5346,47.9012],[-118.544,47.8886],[-118.5392,47.8777],[-118.4992,47.8738],[-118.4642,47.8819],[-118.457,47.8749],[-118.4562,47.8545],[-118.4458,47.8455],[-118.3878,47.8304],[-118.3681,47.833],[-118.3571,47.8416],[-118.3556,47.8603],[-118.3482,47.8749],[-118.3499,47.8826],[-118.3409,47.8943],[-118.3217,47.8963],[-118.3164,47.9095],[-118.27,47.9337],[-118.2609,47.9342],[-118.2527,47.9424],[-118.2313,47.94],[-118.2106,47.9452],[-118.2,47.9284],[-118.1902,47.9263],[-118.1876,47.9188],[-118.1773,47.9118],[-118.1785,47.902],[-118.1668,47.9028],[-118.1602,47.8972],[-118.1606,47.8851],[-118.1427,47.8836],[-118.1229,47.8573],[-118.1188,47.8331],[-118.0971,47.8284],[-118.0993,47.8236],[-118.0782,47.8001],[-118.0546,47.7991],[-118.0482,47.7923],[-118.036,47.8027],[-118.0134,47.8056],[-118.0042,47.8232],[-117.9901,47.8344],[-117.9346,47.8233],[-117.9129,47.8352],[-117.8863,47.8383],[-117.8805,47.8477],[-117.8298,47.8339],[-117.8078,47.813],[-117.7905,47.8114],[-117.779,47.8276],[-117.7655,47.8318],[-117.7518,47.8272],[-117.6978,47.8563],[-117.702,47.8639],[-117.6944,47.881],[-117.6752,47.8891],[-117.6661,47.8792],[-117.6637,47.8486],[-117.6519,47.8353],[-117.6325,47.8351],[-117.6191,47.8278],[-117.615,47.8178],[-117.5865,47.7949],[-117.5758,47.7935],[-117.5678,47.8007],[-117.5533,47.8017],[-117.5353,47.7945],[-117.5354,47.9029],[-117.4655,47.9035],[-117.4655,47.9108],[-117.4337,47.9111],[-117.4338,47.9544],[-117.4288,47.9544],[-117.4288,47.9598],[-117.4041,47.9596],[-117.4041,47.9706],[-117.3928,47.9705],[-117.3929,48.0031],[-117.3496,48.0033],[-117.3497,48.0366],[-117.3438,48.0466],[-117.0419,48.0455],[-117.0352,48.3709],[-117.0323,48.9992],[-120.8515,49.0003],[-120.8553,48.998],[-120.8512,48.9938],[-120.864,48.9805],[-120.8856,48.9752]]]},"properties":{"geoid":"53007","state":"53","district":"7","name":"Legislative (Senate) District 7","chamber":"Senate"}},{"type":"Feature","geometry":{"type":"Polygon","coordinates":[[[-119.8672,46.0151],[-119.8671,45.9965],[-119.747,45.9957],[-119.6866,45.9996],[-119.6867,46.0429],[-119.1199,46.0383],[-119.1188,46.1022],[-119.109,46.1106],[-119.0973,46.1103],[-119.0956,46.1249],[-119.1385,46.1259],[-119.138,46.1584],[-119.1207,46.1544],[-119.1277,46.1618],[-119.1169,46.1617],[-119.1031,46.169],[-119.0758,46.1688],[-119.0757,46.1834],[-119.0883,46.1835],[-119.0862,46.1908],[-119.0755,46.1915],[-119.1065,46.2064],[-119.1045,46.2185],[-119.1354,46.2258],[-119.1288,46.2415],[-119.1171,46.2476],[-119.2159,46.2752],[-119.2215,46.2736],[-119.222,46.2644],[-119.2329,46.2576],[-119.2368,46.2611],[-119.2338,46.2485],[-119.2427,46.2468],[-119.2577,46.2538],[-119.2691,46.2459],[-119.3146,46.2714],[-119.3411,46.2742],[-119.3412,46.286],[-119.3678,46.2861],[-119.3714,46.2921],[-119.3768,46.287],[-119.3869,46.2917],[-119.3914,46.2846],[-119.4048,46.2935],[-119.3988,46.2934],[-119.3988,46.3008],[-119.4153,46.3009],[-119.4446,46.3185],[-119.4668,46.3163],[-119.4665,46.3229],[-119.4717,46.3229],[-119.4721,46.3096],[-119.4785,46.3023],[-119.4713,46.2882],[-119.4785,46.2757],[-119.4741,46.2506],[-119.4336,46.2567],[-119.4333,46.2135],[-119.6221,46.2142],[-119.6217,46.2426],[-119.643,46.2429],[-119.6429,46.2287],[-119.6849,46.2285],[-119.6849,46.2142],[-119.7058,46.2143],[-119.7058,46.2021],[-119.7375,46.2001],[-119.7427,46.207],[-119.7479,46.2002],[-119.7583,46.1996],[-119.7584,46.1913],[-119.7894,46.1915],[-119.7895,46.186],[-119.8098,46.186],[-119.7919,46.1944],[-119.7924,46.1989],[-119.8429,46.1913],[-119.8667,46.196],[-119.8672,46.0151]]]},"properties":{"geoid":"53008","state":"53","district":"8","name":"Legislative (Senate) District 8","chamber":"Senate"}},{"type":"Feature","geometry":{"type":"Polygon","coordinates":[[[-119.1871,46.8115],[-119.1656,46.8115],[-119.1653,46.8191],[-119.144,46.8188],[-119.1437,46.8246],[-119.1335,46.8247],[-119.1322,46.7593],[-119.1209,46.7501],[-119.0808,46.7378],[-118.2102,46.7388],[-118.2335,46.7339],[-118.2399,46.7381],[-118.2494,46.7335],[-118.2175,46.6793],[-118.2307,46.6564],[-118.2146,46.6387],[-118.2154,46.6321],[-118.1982,46.6215],[-118.1995,46.6079],[-118.2083,46.6097],[-118.2157,46.5889],[-118.2286,46.5934],[-118.228,46.5604],[-118.2426,46.5599],[-118.2419,46.2951],[-118.1161,46.2955],[-118.1166,46.2081],[-117.9915,46.2077],[-117.9921,46.0383],[-117.997,46.0006],[-116.9161,45.9954],[-116.9223,46.0172],[-116.9299,46.0236],[-116.9316,46.0396],[-116.9423,46.051],[-116.9428,46.0611],[-116.9579,46.0755],[-116.9784,46.0797],[-116.9826,46.0901],[-116.9781,46.0963],[-116.9554,46.1019],[-116.9499,46.1245],[-116.9347,46.1373],[-116.935,46.1535],[-116.9232,46.1604],[-116.9223,46.1688],[-116.936,46.1752],[-116.9414,46.1847],[-116.9654,46.2031],[-116.9555,46.231],[-116.9678,46.2585],[-116.9912,46.277],[-116.9862,46.296],[-117.0206,46.3148],[-117.0243,46.3363],[-117.0566,46.3458],[-117.0628,46.3536],[-117.0628,46.3652],[-117.0469,46.3796],[-117.0346,46.4178],[-117.0398,46.4259],[-117.0417,47.6977],[-117.0549,47.6972],[-117.0898,47.6821],[-117.064,47.6892],[-117.0686,47.6862],[-117.0683,47.6567],[-117.0997,47.6568],[-117.1002,47.6532],[-117.1108,47.6532],[-117.1108,47.6495],[-117.1215,47.6495],[-117.1216,47.6569],[-117.1429,47.6569],[-117.1429,47.6496],[-117.1536,47.6464],[-117.1657,47.6496],[-117.1643,47.6423],[-117.1781,47.6424],[-117.1804,47.6385],[-117.1728,47.6365],[-117.1752,47.6335],[-117.189,47.6351],[-117.192,47.63],[-117.2128,47.6333],[-117.2128,47.6279],[-117.2285,47.6279],[-117.2286,47.6206],[-117.2384,47.6205],[-117.2384,47.6125],[-117.2532,47.6065],[-117.2547,47.6002],[-117.2785,47.6089],[-117.2721,47.6279],[-117.2653,47.6279],[-117.2818,47.6531],[-117.2898,47.6554],[-117.3041,47.6511],[-117.2978,47.6426],[-117.3149,47.6461],[-117.3149,47.6399],[-117.3254,47.6379],[-117.347,47.6428],[-117.3471,47.6228],[-117.3376,47.6244],[-117.3415,47.6128],[-117.3558,47.6093],[-117.3576,47.604],[-117.3953,47.6059],[-117.3886,47.5989],[-117.4001,47.5868],[-117.4316,47.5871],[-117.4374,47.5944],[-117.4473,47.595],[-117.4674,47.5751],[-117.4995,47.5641],[-117.5023,47.5704],[-117.4975,47.5834],[-117.54,47.5829],[-117.5435,47.5861],[-117.5472,47.5752],[-117.5645,47.5764],[-117.5644,47.5437],[-117.594,47.5437],[-117.6075,47.5561],[-117.604,47.559],[-117.6118,47.5716],[-117.6471,47.5754],[-117.6666,47.572],[-117.6665,47.5656],[-117.6933,47.5618],[-117.6933,47.551],[-117.6988,47.551],[-117.6988,47.5474],[-117.7023,47.5505],[-117.7097,47.5474],[-117.7096,47.561],[-117.7674,47.5591],[-117.7686,47.5513],[-117.8221,47.5513],[-117.8209,47.8258],[-117.84,47.838],[-117.8805,47.8477],[-117.8863,47.8383],[-117.9129,47.8352],[-117.9353,47.8232],[-117.9891,47.8347],[-118.0034,47.8242],[-118.0129,47.806],[-118.036,47.8027],[-118.0468,47.7923],[-118.0546,47.7991],[-118.0782,47.8001],[-118.0993,47.8236],[-118.0971,47.8284],[-118.1192,47.8335],[-118.1229,47.8573],[-118.1427,47.8836],[-118.1606,47.8851],[-118.1602,47.8972],[-118.1668,47.9028],[-118.1785,47.902],[-118.1773,47.9118],[-118.1876,47.9188],[-118.1902,47.9263],[-118.2,47.9284],[-118.2062,47.9422],[-118.2123,47.9455],[-118.2313,47.94],[-118.2527,47.9424],[-118.2609,47.9342],[-118.27,47.9337],[-118.3164,47.9095],[-118.3217,47.8963],[-118.3409,47.8943],[-118.3499,47.8826],[-118.3482,47.8749],[-118.3556,47.8603],[-118.3571,47.8416],[-118.3681,47.833],[-118.3835,47.8304],[-118.4165,47.835],[-118.4458,47.8455],[-118.4562,47.8545],[-118.457,47.8749],[-118.4642,47.8819],[-118.4992,47.8738],[-118.5392,47.8777],[-118.544,47.8886],[-118.5346,47.9012],[-118.5335,47.9149],[-118.5704,47.9323],[-118.6343,47.9299],[-118.6474,47.9256],[-118.662,47.9374],[-118.6926,47.9422],[-118.7085,47.932],[-118.7117,47.9033],[-118.7303,47.9002],[-118.8155,47.922],[-118.8294,47.9331],[-118.8349,47.9532],[-118.8467,47.9577],[-118.9524,47.9411],[-118.9735,47.9434],[-118.9827,46.9113],[-119.1361,46.9122],[-119.1445,46.898],[-119.1332,46.8871],[-119.1332,46.841],[-119.1622,46.8408],[-119.1753,46.8461],[-119.18,46.8188],[-119.1871,46.8115]]]},"properties":{"geoid":"53009","state":"53","district":"9","name":"Legislative (Senate) District 9","chamber":"Senate"}},{"type":"Feature","geometry":{"type":"Polygon","coordinates":[[[-122.8631,48.3704],[-122.8627,48.2437],[-122.8521,48.2265],[-122.8183,48.1988],[-122.766,48.1733],[-122.7033,48.1344],[-122.6565,48.1248],[-122.643,48.0991],[-122.638,48.0319],[-122.6263,47.9932],[-122.5829,47.9551],[-122.4996,47.9279],[-122.4729,47.8805],[-122.4336,47.8436],[-122.4296,47.8281],[-122.412,47.8506],[-122.3563,47.8943],[-122.3488,47.9147],[-122.3333,47.9332],[-122.3304,47.9477],[-122.3305,47.9732],[-122.3521,48.0134],[-122.34,48.0448],[-122.3425,48.0633],[-122.3585,48.0913],[-122.3906,48.1236],[-122.19,48.1229],[-122.1946,48.1294],[-122.1891,48.1295],[-122.2032,48.1483],[-122.2154,48.1518],[-122.2157,48.1555],[-122.1966,48.1558],[-122.1966,48.1632],[-122.1906,48.1633],[-122.1874,48.1451],[-122.1406,48.1491],[-122.0982,48.1443],[-122.1105,48.1644],[-122.0939,48.1662],[-122.1014,48.1911],[-122.1068,48.1898],[-122.1105,48.1977],[-122.1022,48.1989],[-122.1076,48.2073],[-122.1151,48.2064],[-122.117,48.1999],[-122.1276,48.2026],[-122.1313,48.2161],[-122.1364,48.2182],[-122.1505,48.214],[-122.1514,48.2101],[-122.2158,48.2099],[-122.2226,48.224],[-122.3219,48.3122],[-122.3341,48.3335],[-122.3357,48.3774],[-122.3315,48.3848],[-122.3263,48.3848],[-122.3253,48.412],[-122.3133,48.4137],[-122.3133,48.421],[-122.3328,48.4211],[-122.3398,48.4279],[-122.3411,48.4448],[-122.3469,48.4456],[-122.3475,48.4689],[-122.4333,48.446],[-122.467,48.4469],[-122.5385,48.4627],[-122.5399,48.4584],[-122.5657,48.4591],[-122.5686,48.448],[-122.5767,48.4474],[-122.5825,48.4546],[-122.6059,48.4448],[-122.6252,48.4455],[-122.6416,48.4564],[-122.6361,48.4584],[-122.6364,48.4661],[-122.6419,48.466],[-122.6421,48.4699],[-122.6366,48.47],[-122.6363,48.4843],[-122.6725,48.481],[-122.6856,48.4896],[-122.7509,48.4887],[-122.7558,48.4773],[-122.7337,48.415],[-122.7495,48.3803],[-122.7759,48.3695],[-122.8631,48.3704]]]},"properties":{"geoid":"53010","state":"53","district":"10","name":"Legislative (Senate) District 10","chamber":"Senate"}},{"type":"Feature","geometry":{"type":"Polygon","coordinates":[[[-122.3185,47.5318],[-122.309,47.526],[-122.3041,47.5129],[-122.308,47.513],[-122.2923,47.4888],[-122.2972,47.4887],[-122.288,47.467],[-122.2916,47.4597],[-122.2713,47.4563],[-122.2651,47.4478],[-122.2654,47.4388],[-122.2804,47.4193],[-122.2673,47.4194],[-122.2653,47.4287],[-122.2583,47.4302],[-122.2625,47.434],[-122.2485,47.4334],[-122.2456,47.4412],[-122.2155,47.4411],[-122.2212,47.4261],[-122.2203,47.4066],[-122.2074,47.4008],[-122.2075,47.4159],[-122.1868,47.4122],[-122.1868,47.4158],[-122.176,47.4158],[-122.1758,47.4303],[-122.1546,47.4304],[-122.1543,47.4401],[-122.1119,47.4375],[-122.1094,47.4528],[-122.1219,47.456],[-122.1209,47.4632],[-122.1426,47.4661],[-122.1438,47.4703],[-122.1642,47.4764],[-122.1564,47.4776],[-122.1564,47.4813],[-122.1376,47.4811],[-122.1269,47.4751],[-122.1297,47.4811],[-122.1203,47.4835],[-122.1247,47.4881],[-122.1351,47.4883],[-122.1352,47.4954],[-122.1431,47.4956],[-122.1433,47.501],[-122.1486,47.502],[-122.1433,47.5028],[-122.1436,47.5166],[-122.1699,47.5165],[-122.1726,47.5085],[-122.173,47.5136],[-122.1901,47.5235],[-122.1925,47.5385],[-122.2043,47.5393],[-122.2191,47.5237],[-122.2357,47.5178],[-122.2198,47.5098],[-122.2199,47.4935],[-122.233,47.4864],[-122.2322,47.4805],[-122.2524,47.4792],[-122.2703,47.4955],[-122.2701,47.5097],[-122.2913,47.5101],[-122.2937,47.5245],[-122.301,47.5245],[-122.3052,47.5317],[-122.3185,47.5318]]]},"properties":{"geoid":"53011","state":"53","district":"11","name":"Legislative (Senate) District 11","chamber":"Senate"}},{"type":"Feature","geometry":{"type":"Polygon","coordinates":[[[-122.074,47.8482],[-122.0427,47.8244],[-122.0154,47.8171],[-122.0049,47.8089],[-121.9978,47.7837],[-122.0004,47.7754],[-121.9574,47.7734],[-121.9575,47.7665],[-121.9847,47.7512],[-121.9751,47.7476],[-121.9714,47.7377],[-121.9695,47.7475],[-121.9595,47.7409],[-121.944,47.7417],[-121.9489,47.7235],[-121.9468,47.7138],[-121.9404,47.7119],[-121.9466,47.7041],[-121.9436,47.692],[-121.907,47.6776],[-121.9119,47.6514],[-121.9238,47.6515],[-121.9283,47.6385],[-121.9443,47.6298],[-121.9442,47.6154],[-121.9508,47.6153],[-121.9483,47.6194],[-121.9526,47.629],[-121.9683,47.6265],[-121.9577,47.6164],[-121.9596,47.594],[-121.9319,47.5783],[-121.932,47.5729],[-121.9427,47.5713],[-121.9193,47.5627],[-121.8889,47.5647],[-121.8873,47.5507],[-121.8948,47.5511],[-121.9088,47.5409],[-121.9219,47.5295],[-121.9272,47.5218],[-121.9246,47.5185],[-121.9002,47.5071],[-121.8338,47.5153],[-121.8339,47.5313],[-121.8444,47.5322],[-121.844,47.548],[-121.8104,47.5433],[-121.8107,47.5351],[-121.8037,47.5266],[-121.7833,47.5231],[-121.7893,47.5105],[-121.8102,47.511],[-121.8052,47.5093],[-121.8097,47.5069],[-121.8048,47.5033],[-121.8069,47.4851],[-121.8017,47.4815],[-121.7853,47.4902],[-121.7854,47.4795],[-121.7745,47.4812],[-121.7692,47.4739],[-121.7636,47.474],[-121.7633,47.4818],[-121.7161,47.4672],[-121.7045,47.4613],[-121.6993,47.4498],[-121.691,47.4445],[-121.6605,47.4429],[-121.6332,47.43],[-121.5973,47.4249],[-121.5718,47.4063],[-121.5497,47.3984],[-121.4751,47.3955],[-121.4491,47.4021],[-121.4426,47.4207],[-121.4261,47.4291],[-121.4109,47.4245],[-121.4013,47.4319],[-121.3857,47.4341],[-121.3793,47.4543],[-121.3639,47.4648],[-121.3481,47.4652],[-121.3387,47.4764],[-121.332,47.4737],[-121.3246,47.4794],[-121.3119,47.4793],[-121.2922,47.5021],[-121.2885,47.5093],[-121.2919,47.5136],[-121.2834,47.5149],[-121.279,47.5229],[-121.2623,47.5236],[-121.2556,47.5335],[-121.2426,47.536],[-121.2435,47.543],[-121.2346,47.5456],[-121.2287,47.5657],[-121.2169,47.5698],[-121.1798,47.565],[-121.1698,47.5785],[-121.1722,47.5902],[-121.1521,47.5956],[-121.1198,47.5913],[-121.116,47.5979],[-121.0929,47.5863],[-121.0858,47.574],[-121.0901,47.5698],[-121.075,47.5509],[-121.0472,47.5341],[-121.0308,47.5316],[-121.0235,47.5238],[-120.9965,47.5185],[-120.9913,47.511],[-120.9949,47.5047],[-120.9832,47.4929],[-120.9591,47.4845],[-120.9466,47.4727],[-120.9531,47.4627],[-120.9306,47.4577],[-120.9307,47.4532],[-120.9226,47.4483],[-120.9242,47.4335],[-120.9179,47.4293],[-120.9076,47.4252],[-120.8914,47.4277],[-120.872,47.4153],[-120.8615,47.4206],[-120.8433,47.4116],[-120.8286,47.4239],[-120.8135,47.4197],[-120.8033,47.423],[-120.7833,47.3996],[-120.7344,47.3938],[-120.7266,47.3881],[-120.7212,47.3701],[-120.7003,47.3652],[-120.6819,47.3504],[-120.6764,47.3514],[-120.6644,47.3433],[-120.6174,47.3453],[-120.6066,47.3394],[-120.5786,47.3372],[-120.5769,47.3263],[-120.5687,47.3186],[-120.5705,47.3111],[-120.5644,47.3082],[-120.5477,47.3074],[-120.5475,47.312],[-120.5288,47.3163],[-120.5321,47.3295],[-120.5305,47.3343],[-120.5247,47.3333],[-120.5153,47.3201],[-120.4976,47.3176],[-120.4879,47.3074],[-120.4599,47.3003],[-120.4268,47.2744],[-120.406,47.2741],[-120.3892,47.2609],[-120.0945,47.2622],[-120.086,47.3003],[-120.0903,47.3192],[-120.0833,47.3337],[-120.0863,47.3389],[-120.1012,47.3432],[-120.1296,47.3663],[-120.2365,47.3788],[-120.2865,47.3931],[-120.2966,47.4135],[-120.3299,47.4369],[-120.329,47.4462],[-120.3431,47.4707],[-120.3367,47.4695],[-120.3247,47.4774],[-120.3193,47.4877],[-120.3194,47.501],[-120.3091,47.5083],[-120.3081,47.5022],[-120.2928,47.5382],[-120.2594,47.5585],[-120.2536,47.5726],[-120.2384,47.5863],[-120.2336,47.5976],[-120.2369,47.6318],[-120.2209,47.6503],[-120.2168,47.6637],[-120.2046,47.6716],[-120.199,47.6823],[-120.2044,47.7008],[-120.2229,47.7233],[-120.2077,47.7501],[-120.1894,47.7603],[-120.1309,47.7766],[-120.0873,47.7632],[-120.0278,47.7782],[-119.995,47.7814],[-119.9781,47.8013],[-119.9639,47.828],[-119.9601,47.8458],[-119.9294,47.8561],[-119.915,47.8677],[-119.9084,47.8794],[-119.9157,47.8974],[-119.9126,47.9045],[-119.8893,47.9172],[-119.8597,47.9424],[-119.8706,47.9605],[-120.0486,47.9606],[-120.0698,47.9681],[-120.0638,47.9815],[-120.0811,47.993],[-120.0781,47.9998],[-120.0902,48.018],[-120.1194,48.027],[-120.1218,48.0322],[-120.1464,48.0373],[-120.149,48.0522],[-120.1317,48.0546],[-120.1434,48.0652],[-120.1703,48.0697],[-120.1865,48.0784],[-120.2131,48.079],[-120.2348,48.0887],[-120.2445,48.101],[-120.291,48.1296],[-120.3196,48.1244],[-120.3338,48.1388],[-120.3486,48.1443],[-120.3543,48.1554],[-120.3613,48.1576],[-120.3623,48.1648],[-120.3463,48.2],[-120.3555,48.2184],[-120.3829,48.2199],[-120.3914,48.2288],[-120.385,48.2332],[-120.3923,48.2427],[-120.4691,48.269],[-120.4645,48.2749],[-120.4763,48.2784],[-120.4988,48.2951],[-120.5103,48.3113],[-120.5472,48.3067],[-120.5653,48.3176],[-120.5868,48.3203],[-120.5857,48.3392],[-120.5697,48.3489],[-120.5669,48.3575],[-120.5602,48.361],[-120.5632,48.3708],[-120.6211,48.3988],[-120.6499,48.3981],[-120.6417,48.4111],[-120.6503,48.4148],[-120.6552,48.4301],[-120.6528,48.4379],[-120.6688,48.4497],[-120.6548,48.4532],[-120.6508,48.4607],[-120.6324,48.4688],[-120.6535,48.4808],[-120.6398,48.4955],[-120.6284,48.4969],[-120.6572,48.5073],[-120.6566,48.5211],[-120.649,48.5269],[-120.6513,48.5362],[-120.7018,48.5317],[-120.7095,48.5233],[-120.7879,48.5071],[-120.8168,48.5196],[-120.8104,48.5306],[-120.8265,48.542],[-120.8239,48.545],[-120.8386,48.5508],[-120.8587,48.5466],[-120.8579,48.5357],[-120.8632,48.5301],[-120.8854,48.5382],[-120.904,48.5334],[-120.9046,48.5237],[-120.9505,48.5296],[-120.9543,48.5224],[-120.9489,48.5102],[-120.9511,48.4996],[-121.0362,48.4953],[-121.0565,48.4764],[-121.0632,48.4598],[-121.0555,48.4502],[-121.041,48.4457],[-121.0371,48.433],[-121.0425,48.4306],[-121.0462,48.4189],[-121.0416,48.4113],[-121.0565,48.4121],[-121.0664,48.3935],[-121.059,48.3857],[-121.0618,48.3794],[-121.0431,48.3634],[-121.0405,48.3485],[-121.0607,48.3465],[-121.0653,48.3384],[-121.0695,48.339],[-121.0711,48.3323],[-121.0658,48.3263],[-121.0716,48.3178],[-121.0457,48.3089],[-121.0346,48.3115],[-121.0265,48.3025],[-121.0031,48.299],[-121.0025,48.2863],[-121.0121,48.2799],[-120.9999,48.2629],[-120.9825,48.2513],[-120.9731,48.2353],[-120.9598,48.2278],[-120.9648,48.2113],[-120.9523,48.2091],[-120.947,48.201],[-120.9193,48.1904],[-120.9074,48.1632],[-120.9319,48.1616],[-120.9332,48.1568],[-120.9556,48.152],[-120.9644,48.143],[-120.9652,48.134],[-120.9471,48.1133],[-120.9562,48.1081],[-120.9725,48.1085],[-120.9813,48.0944],[-120.9994,48.0897],[-121.0159,48.0748],[-121.0328,48.0778],[-121.0814,48.0618],[-121.097,48.0644],[-121.1052,48.0578],[-121.116,48.058],[-121.1316,48.0444],[-121.153,48.041],[-121.1482,48.0301],[-121.1301,48.021],[-121.1287,48.014],[-121.1179,48.0063],[-121.1182,47.9971],[-121.1359,47.9828],[-121.164,47.9861],[-121.1748,47.9794],[-121.1954,47.9794],[-121.1979,47.9746],[-121.2245,47.976],[-121.2387,47.9627],[-121.2517,47.9579],[-121.2699,47.9809],[-121.282,47.9817],[-121.3232,47.9712],[-121.3311,47.9649],[-121.3436,47.9709],[-121.378,47.9584],[-121.409,47.978],[-121.4192,47.976],[-121.4212,47.9714],[-121.4312,47.972],[-121.4368,47.9651],[-121.4516,47.9686],[-121.4514,47.9503],[-121.6868,47.9502],[-121.6871,47.9466],[-121.6999,47.9463],[-121.7121,47.9384],[-121.7121,47.9307],[-121.7183,47.9245],[-121.7074,47.929],[-121.706,47.9058],[-121.7261,47.8913],[-121.7334,47.8914],[-121.7347,47.8772],[-121.7992,47.882],[-121.8055,47.8801],[-121.8032,47.8711],[-121.8099,47.8692],[-121.8267,47.8752],[-121.8344,47.8841],[-121.8329,47.8903],[-121.8487,47.8953],[-121.846,47.8996],[-121.8795,47.9027],[-121.8961,47.9188],[-121.8966,47.9265],[-121.9053,47.9214],[-121.9274,47.9208],[-121.9281,47.9351],[-121.9388,47.9346],[-121.9388,47.9421],[-121.9479,47.9421],[-121.9462,47.9486],[-121.9523,47.9564],[-121.9695,47.9627],[-122.0002,47.9634],[-122.0017,47.9343],[-121.9918,47.9312],[-121.9898,47.9214],[-121.9731,47.9251],[-121.9445,47.9118],[-121.9434,47.9],[-121.9484,47.9007],[-121.9541,47.8935],[-121.9472,47.8891],[-121.9484,47.8813],[-121.9848,47.8775],[-121.9857,47.8886],[-121.9914,47.8849],[-122.0126,47.8862],[-122.0124,47.8631],[-122.0339,47.8628],[-122.0337,47.8477],[-122.074,47.8482]]]},"properties":{"geoid":"53012","state":"53","district":"12","name":"Legislative (Senate) District 12","chamber":"Senate"}},{"type":"Feature","geometry":{"type":"Polygon","coordinates":[[[-121.466,47.3678],[-121.4613,47.3613],[-121.4641,47.3538],[-121.4384,47.3437],[-121.4305,47.3345],[-121.4453,47.3098],[-121.4327,47.305],[-121.4328,47.2938],[-121.4275,47.2891],[-121.4194,47.2867],[-121.4163,47.2935],[-121.3726,47.285],[-121.3618,47.2919],[-121.3597,47.2855],[-121.3416,47.2817],[-121.332,47.2574],[-121.3398,47.2471],[-121.3607,47.2405],[-121.3584,47.2344],[-121.3651,47.2244],[-121.3252,47.2161],[-121.3093,47.2036],[-121.3118,47.1997],[-121.3061,47.188],[-121.3178,47.1734],[-121.2976,47.1487],[-121.3034,47.1389],[-121.3351,47.1327],[-121.3647,47.1418],[-121.394,47.1328],[-121.4081,47.1181],[-121.3991,47.1046],[-121.4025,47.098],[-121.393,47.092],[-121.3828,47.0948],[-121.3769,47.0899],[-121.3771,47.0822],[-121.3641,47.0717],[-121.3413,47.0794],[-121.3282,47.0751],[-121.3113,47.0769],[-121.3014,47.0852],[-121.281,47.0888],[-121.2188,47.0656],[-121.2126,47.0556],[-121.1947,47.0442],[-121.1814,47.0443],[-121.1358,47.0172],[-121.1228,47.0032],[-121.1238,46.9991],[-121.0901,46.991],[-121.09,46.9693],[-121.0688,46.9585],[-121.0688,46.9476],[-121.0583,46.9439],[-121.0583,46.9367],[-121.053,46.9367],[-121.053,46.933],[-121.0425,46.933],[-121.0424,46.9221],[-121.0319,46.9185],[-121.0266,46.9113],[-120.6346,46.9121],[-120.634,46.8258],[-120.5086,46.8249],[-120.51,46.7379],[-119.973,46.7371],[-119.9727,46.7232],[-119.9442,46.6732],[-119.9331,46.6646],[-119.908,46.6646],[-119.9153,46.6713],[-119.9066,46.6741],[-119.9166,46.6941],[-119.9165,46.7084],[-119.8745,46.7084],[-119.8747,46.7375],[-119.8321,46.7373],[-119.8338,46.7957],[-119.3694,46.7956],[-119.3694,46.7377],[-119.0808,46.7378],[-119.1209,46.7501],[-119.1322,46.7593],[-119.1335,46.8247],[-119.1437,46.8246],[-119.144,46.8188],[-119.1653,46.8191],[-119.1656,46.8115],[-119.1869,46.8142],[-119.18,46.8188],[-119.1753,46.8461],[-119.1622,46.8408],[-119.1332,46.841],[-119.1332,46.8871],[-119.1445,46.898],[-119.1361,46.9122],[-118.9827,46.9113],[-118.9728,47.941],[-118.9828,47.9498],[-118.9822,47.962],[-119.1039,47.9618],[-119.104,47.9467],[-119.1256,47.9468],[-119.1259,47.9173],[-119.1474,47.9174],[-119.1474,47.9027],[-119.1906,47.9025],[-119.1906,47.8878],[-119.2122,47.8877],[-119.2124,47.8007],[-119.2339,47.8007],[-119.2342,47.772],[-119.2559,47.7717],[-119.2558,47.7425],[-119.2772,47.7426],[-119.2772,47.7282],[-119.2986,47.7283],[-119.2988,47.6704],[-119.3201,47.6702],[-119.3203,47.6268],[-119.3415,47.6267],[-119.3418,47.6124],[-119.4052,47.6126],[-119.4053,47.599],[-119.4268,47.5991],[-119.4268,47.5848],[-119.4478,47.5849],[-119.4477,47.5705],[-119.4691,47.5708],[-119.4692,47.5566],[-119.4901,47.5565],[-119.4905,47.542],[-119.5121,47.542],[-119.5117,47.5276],[-119.5329,47.5278],[-119.5331,47.4412],[-119.7473,47.4393],[-119.7467,47.4972],[-119.8544,47.4954],[-119.8545,47.51],[-119.9412,47.5097],[-119.9409,47.4952],[-119.9623,47.4951],[-119.9621,47.3922],[-120.0695,47.3915],[-120.07,47.4206],[-120.0903,47.4205],[-120.0909,47.4348],[-120.1759,47.4344],[-120.1756,47.4059],[-120.2184,47.4059],[-120.2184,47.4204],[-120.2396,47.4204],[-120.2396,47.3986],[-120.2604,47.3985],[-120.2589,47.3834],[-120.1656,47.3677],[-120.1296,47.3663],[-120.1012,47.3432],[-120.0863,47.3389],[-120.0833,47.3337],[-120.0903,47.3192],[-120.086,47.3003],[-120.0945,47.2622],[-120.3892,47.2609],[-120.406,47.2741],[-120.4268,47.2744],[-120.4599,47.3003],[-120.4879,47.3074],[-120.4976,47.3176],[-120.5153,47.3201],[-120.5247,47.3333],[-120.5305,47.3343],[-120.5321,47.3295],[-120.5288,47.3163],[-120.5475,47.312],[-120.5477,47.3074],[-120.5644,47.3082],[-120.5705,47.3111],[-120.5687,47.3186],[-120.5769,47.3263],[-120.5786,47.3372],[-120.6066,47.3394],[-120.6174,47.3453],[-120.6644,47.3433],[-120.6764,47.3514],[-120.6819,47.3504],[-120.7003,47.3652],[-120.7212,47.3701],[-120.7266,47.3881],[-120.7344,47.3938],[-120.7833,47.3996],[-120.8033,47.423],[-120.8135,47.4197],[-120.8286,47.4239],[-120.8433,47.4116],[-120.8615,47.4206],[-120.872,47.4153],[-120.8914,47.4277],[-120.9076,47.4252],[-120.9179,47.4293],[-120.9242,47.4335],[-120.9226,47.4483],[-120.9307,47.4532],[-120.9306,47.4577],[-120.9531,47.4627],[-120.9466,47.4727],[-120.9591,47.4845],[-120.9832,47.4929],[-120.9949,47.5047],[-120.9913,47.511],[-120.9965,47.5185],[-121.0235,47.5238],[-121.0308,47.5316],[-121.0472,47.5341],[-121.075,47.5509],[-121.0901,47.5698],[-121.0858,47.574],[-121.0929,47.5863],[-121.116,47.5979],[-121.1198,47.5913],[-121.1521,47.5956],[-121.1722,47.5902],[-121.1698,47.5785],[-121.1798,47.565],[-121.2169,47.5698],[-121.2289,47.5656],[-121.2346,47.5456],[-121.2435,47.543],[-121.2426,47.536],[-121.2556,47.5335],[-121.2623,47.5236],[-121.279,47.5229],[-121.2834,47.5149],[-121.2919,47.5136],[-121.2885,47.5093],[-121.2922,47.5021],[-121.312,47.4792],[-121.3246,47.4794],[-121.332,47.4737],[-121.3387,47.4764],[-121.3481,47.4652],[-121.3639,47.4648],[-121.3793,47.4543],[-121.3853,47.445],[-121.3815,47.4384],[-121.3852,47.4344],[-121.4273,47.4208],[-121.4228,47.406],[-121.4338,47.3991],[-121.4261,47.3899],[-121.4405,47.3858],[-121.4378,47.3718],[-121.459,47.3731],[-121.466,47.3678]]]},"properties":{"geoid":"53013","state":"53","district":"13","name":"Legislative (Senate) District 13","chamber":"Senate"}},{"type":"Feature","geometry":{"type":"Polygon","coordinates":[[[-121.5223,46.3451],[-121.5223,46.044],[-121.4255,46.0444],[-121.4165,46.0128],[-121.442,45.9826],[-121.4464,45.9593],[-121.4558,45.9437],[-121.4485,45.9286],[-121.4536,45.9166],[-121.4521,45.9103],[-121.4017,45.8864],[-121.3845,45.8911],[-121.326,45.9253],[-121.3124,45.9229],[-121.2997,45.9305],[-121.2873,45.9468],[-121.282,45.9498],[-121.2694,45.9446],[-121.2467,45.9617],[-121.1946,45.9876],[-121.1572,45.984],[-121.0707,45.9898],[-121.0393,45.9968],[-121.0249,45.9922],[-120.979,46.0033],[-120.9305,46.0034],[-120.9155,46.008],[-120.9031,46.0043],[-120.8805,46.019],[-120.8544,46.0141],[-120.8403,45.9976],[-120.8234,45.9941],[-120.8181,46.0088],[-120.8106,46.0109],[-120.765,46.0017],[-120.7391,46.0046],[-120.7039,45.9998],[-120.6747,45.995],[-120.6531,45.985],[-120.657,45.9581],[-120.6969,45.9321],[-120.7125,45.8991],[-120.7487,45.8834],[-120.7565,45.8715],[-120.7921,45.8484],[-120.7914,45.8826],[-120.8057,45.8824],[-120.8125,45.8437],[-120.8069,45.8315],[-120.8111,45.8282],[-120.8035,45.8282],[-120.808,45.8093],[-120.8145,45.8099],[-120.8125,45.8045],[-120.8228,45.8053],[-120.8234,45.7808],[-120.885,45.781],[-120.885,45.7663],[-121.0316,45.767],[-121.0308,45.8211],[-121.0516,45.8202],[-121.0632,45.8251],[-121.0517,45.8252],[-121.0508,45.8687],[-121.0718,45.8687],[-121.0718,45.8829],[-121.0926,45.8831],[-121.0933,45.914],[-121.0995,45.9019],[-121.1091,45.898],[-121.1581,45.8983],[-121.1315,45.8791],[-121.1222,45.8653],[-121.1357,45.8651],[-121.1505,45.8577],[-121.1534,45.8493],[-121.1374,45.834],[-121.1586,45.8256],[-121.1801,45.8257],[-121.1753,45.823],[-121.1753,45.8109],[-121.1963,45.8113],[-121.1928,45.7976],[-121.2056,45.7925],[-121.2132,45.7722],[-121.2054,45.7672],[-121.2109,45.7604],[-121.2175,45.7605],[-121.2176,45.7678],[-121.2281,45.7677],[-121.2316,45.7508],[-121.2425,45.7453],[-121.251,45.7515],[-121.2476,45.7593],[-121.2713,45.7591],[-121.275,45.768],[-121.2925,45.7677],[-121.2867,45.7608],[-121.288,45.7459],[-121.2789,45.74],[-121.2938,45.7119],[-121.3433,45.7221],[-121.3434,45.7317],[-121.3567,45.7315],[-121.3623,45.7385],[-121.3625,45.7176],[-121.3836,45.7174],[-121.3835,45.6993],[-121.3377,45.7048],[-121.3123,45.6998],[-121.2873,45.6869],[-121.2158,45.6712],[-121.2004,45.6498],[-121.1965,45.6166],[-121.1837,45.6065],[-121.1318,45.6098],[-121.1172,45.6182],[-121.1201,45.6232],[-121.0849,45.6479],[-121.0645,45.6525],[-121.0074,45.6532],[-120.9835,45.6484],[-120.944,45.6564],[-120.9136,45.64],[-120.8958,45.6429],[-120.8554,45.6717],[-120.6895,45.7157],[-120.6351,45.7457],[-120.5911,45.7465],[-120.5593,45.7383],[-120.5057,45.6999],[-120.4826,45.6944],[-120.4037,45.6994],[-120.2834,45.7212],[-120.2108,45.7259],[-120.1706,45.762],[-120.1415,45.7732],[-120.0702,45.7852],[-119.9658,45.8244],[-119.9072,45.8282],[-119.8027,45.8476],[-119.7729,45.8457],[-119.67,45.8569],[-119.6236,45.9056],[-119.6007,45.9195],[-119.5716,45.9255],[-119.5245,45.9086],[-119.4881,45.9064],[-119.4504,45.9174],[-119.3645,45.9215],[-119.3226,45.9331],[-119.2571,45.9399],[-119.1955,45.9279],[-119.1263,45.9328],[-119.0272,45.9691],[-119.0087,45.9792],[-118.9617,46.0193],[-118.9411,46.0284],[-118.9477,46.0475],[-118.9423,46.0744],[-118.9687,46.1171],[-118.968,46.1308],[-119.0142,46.1762],[-119.0415,46.1927],[-119.0235,46.2166],[-119.0345,46.2247],[-119.0342,46.2408],[-119.0447,46.2408],[-119.0497,46.2481],[-119.0549,46.2482],[-119.0552,46.2408],[-119.0854,46.2442],[-119.0821,46.2489],[-119.0865,46.251],[-119.1069,46.2485],[-119.1072,46.2414],[-119.117,46.2486],[-119.1226,46.2415],[-119.1288,46.2415],[-119.1354,46.2258],[-119.1045,46.2185],[-119.1065,46.2064],[-119.0755,46.1915],[-119.0862,46.1908],[-119.0883,46.1835],[-119.0757,46.1834],[-119.0758,46.1688],[-119.1031,46.169],[-119.1169,46.1617],[-119.1277,46.1618],[-119.1207,46.1544],[-119.138,46.1584],[-119.1385,46.1259],[-119.0956,46.1249],[-119.0973,46.1103],[-119.109,46.1106],[-119.1188,46.1022],[-119.1199,46.0383],[-119.6867,46.0429],[-119.6866,45.9996],[-119.8671,45.9965],[-119.8665,46.2146],[-119.8736,46.2146],[-119.8735,46.2639],[-119.8836,46.2586],[-119.8893,46.2622],[-119.8893,46.2693],[-119.884,46.2729],[-119.8945,46.2774],[-119.8947,46.2729],[-119.9159,46.2728],[-119.9158,46.2819],[-119.9258,46.2845],[-119.9261,46.2801],[-119.9365,46.2802],[-119.9366,46.2729],[-119.9313,46.272],[-119.9366,46.2675],[-119.9245,46.2665],[-119.9366,46.2657],[-119.9367,46.2585],[-119.933,46.2581],[-119.9366,46.2512],[-120.0205,46.2512],[-120.02,46.273],[-119.9993,46.2728],[-119.9991,46.2956],[-120.0068,46.2984],[-120.007,46.2947],[-120.0148,46.2947],[-120.0148,46.2984],[-119.9991,46.3061],[-119.9966,46.3146],[-119.9848,46.3132],[-119.986,46.3022],[-119.9666,46.3022],[-119.9576,46.2968],[-119.9573,46.3021],[-119.9708,46.3068],[-119.9684,46.3133],[-119.9785,46.3126],[-119.9833,46.3169],[-119.9739,46.3171],[-119.9712,46.3244],[-119.9589,46.3316],[-119.9931,46.3293],[-119.9965,46.3419],[-120.0043,46.3324],[-120.0166,46.3383],[-120.0411,46.3294],[-120.0725,46.3312],[-120.0623,46.3275],[-120.0623,46.3166],[-120.1492,46.3195],[-120.1519,46.3152],[-120.1774,46.3309],[-120.1804,46.3425],[-120.1766,46.339],[-120.172,46.342],[-120.1831,46.349],[-120.1805,46.3536],[-120.1887,46.3516],[-120.2091,46.3607],[-120.2085,46.3472],[-120.2208,46.3509],[-120.222,46.3544],[-120.211,46.3563],[-120.2101,46.3621],[-120.2137,46.3663],[-120.2214,46.3645],[-120.2231,46.3761],[-120.2317,46.3843],[-120.2406,46.3815],[-120.2524,46.3948],[-120.263,46.3975],[-120.2687,46.3935],[-120.2905,46.406],[-120.3057,46.404],[-120.3217,46.4152],[-120.3271,46.4138],[-120.3411,46.4221],[-120.343,46.4286],[-120.3519,46.4276],[-120.3485,46.4436],[-120.3619,46.447],[-120.3834,46.4642],[-120.4034,46.4668],[-120.412,46.4789],[-120.4303,46.4852],[-120.432,46.4911],[-120.4492,46.4991],[-120.4587,46.5183],[-120.477,46.5185],[-120.4716,46.5563],[-120.4645,46.5572],[-120.4657,46.5666],[-120.4723,46.5666],[-120.4724,46.5704],[-120.4665,46.5704],[-120.4663,46.5781],[-120.4604,46.5827],[-120.47,46.5925],[-120.4707,46.6026],[-120.4869,46.6084],[-120.4885,46.6159],[-120.5305,46.6126],[-120.5304,46.6016],[-120.5204,46.5999],[-120.5184,46.5925],[-120.5199,46.5852],[-120.5303,46.5852],[-120.5303,46.5685],[-120.5201,46.5649],[-120.5203,46.5602],[-120.5282,46.5616],[-120.5283,46.5573],[-120.5523,46.5579],[-120.5525,46.5508],[-120.5695,46.5538],[-120.6615,46.531],[-120.7071,46.5308],[-120.7168,46.5266],[-120.8083,46.5287],[-120.8536,46.5229],[-120.8732,46.5267],[-120.9053,46.5165],[-120.9488,46.4928],[-120.9843,46.4857],[-121.0238,46.4673],[-121.0963,46.4641],[-121.1195,46.4537],[-121.1201,46.4449],[-121.1262,46.471],[-121.1399,46.4725],[-121.1536,46.4916],[-121.1876,46.499],[-121.2093,46.5126],[-121.2542,46.4958],[-121.2719,46.4785],[-121.2653,46.4701],[-121.3034,46.4554],[-121.319,46.4547],[-121.3627,46.468],[-121.3804,46.4681],[-121.406,46.4829],[-121.4068,46.4882],[-121.4232,46.4927],[-121.4364,46.4773],[-121.4254,46.4641],[-121.412,46.4595],[-121.4146,46.4514],[-121.4073,46.4299],[-121.3866,46.4106],[-121.3938,46.39],[-121.4457,46.388],[-121.4475,46.3846],[-121.458,46.3888],[-121.5223,46.3882],[-121.5223,46.3451]]]},"properties":{"geoid":"53014","state":"53","district":"14","name":"Legislative (Senate) District 14","chamber":"Senate"}},{"type":"Feature","geometry":{"type":"Polygon","coordinates":[[[-121.523,46.8729],[-121.4973,46.8629],[-121.4842,46.8343],[-121.4702,46.8264],[-121.4744,46.8202],[-121.4579,46.8118],[-121.4554,46.8024],[-121.4425,46.793],[-121.4533,46.7887],[-121.455,46.7806],[-121.4386,46.7626],[-121.442,46.7583],[-121.4243,46.7566],[-121.4303,46.7402],[-121.4127,46.7357],[-121.406,46.7274],[-121.3695,46.7264],[-121.3532,46.7123],[-121.3798,46.7018],[-121.3744,46.6926],[-121.3767,46.6865],[-121.3989,46.6881],[-121.4087,46.6837],[-121.4132,46.6759],[-121.4113,46.666],[-121.4163,46.6514],[-121.3952,46.6461],[-121.3977,46.6412],[-121.3864,46.636],[-121.3896,46.6287],[-121.3867,46.6212],[-121.4076,46.6021],[-121.4022,46.5937],[-121.4057,46.5823],[-121.4246,46.5703],[-121.4127,46.5587],[-121.4209,46.5523],[-121.4166,46.5482],[-121.4283,46.5396],[-121.4513,46.5339],[-121.456,46.5167],[-121.4501,46.5035],[-121.4068,46.4882],[-121.406,46.4829],[-121.3804,46.4681],[-121.3627,46.468],[-121.319,46.4547],[-121.2992,46.4565],[-121.2653,46.4701],[-121.2719,46.4785],[-121.2542,46.4958],[-121.2093,46.5126],[-121.1876,46.499],[-121.1536,46.4916],[-121.1399,46.4725],[-121.1262,46.471],[-121.1237,46.4502],[-121.119,46.4451],[-121.1195,46.4537],[-121.0963,46.4641],[-121.0238,46.4673],[-120.9843,46.4857],[-120.9488,46.4928],[-120.9053,46.5165],[-120.8732,46.5267],[-120.8536,46.5229],[-120.8083,46.5287],[-120.7168,46.5266],[-120.7071,46.5308],[-120.6615,46.531],[-120.5695,46.5538],[-120.5525,46.5508],[-120.5523,46.5579],[-120.5283,46.5573],[-120.5282,46.5616],[-120.5203,46.5602],[-120.5201,46.5649],[-120.5303,46.5685],[-120.5303,46.5852],[-120.5199,46.5852],[-120.5184,46.5925],[-120.5204,46.5999],[-120.5304,46.6016],[-120.5305,46.6126],[-120.4885,46.6159],[-120.4869,46.6084],[-120.4707,46.6026],[-120.47,46.5925],[-120.4604,46.5827],[-120.4663,46.5781],[-120.4665,46.5704],[-120.4724,46.5704],[-120.4723,46.5666],[-120.4657,46.5666],[-120.4645,46.5572],[-120.4716,46.5563],[-120.477,46.5185],[-120.4587,46.5183],[-120.4492,46.4991],[-120.432,46.4911],[-120.4303,46.4852],[-120.412,46.4789],[-120.4034,46.4668],[-120.3834,46.4642],[-120.3619,46.447],[-120.3485,46.4436],[-120.3519,46.4276],[-120.343,46.4286],[-120.3411,46.4221],[-120.3271,46.4138],[-120.3217,46.4152],[-120.3057,46.404],[-120.2905,46.406],[-120.2687,46.3935],[-120.263,46.3975],[-120.2524,46.3948],[-120.2406,46.3815],[-120.2317,46.3843],[-120.2231,46.3761],[-120.2214,46.3645],[-120.2137,46.3663],[-120.2101,46.3621],[-120.211,46.3563],[-120.222,46.3544],[-120.2208,46.3509],[-120.2085,46.3472],[-120.2091,46.3607],[-120.1887,46.3516],[-120.1805,46.3536],[-120.1831,46.349],[-120.172,46.342],[-120.1766,46.339],[-120.1804,46.3425],[-120.1774,46.3309],[-120.1519,46.3152],[-120.1492,46.3195],[-120.0623,46.3166],[-120.0623,46.3275],[-120.0725,46.3312],[-120.0411,46.3294],[-120.0166,46.3383],[-120.0043,46.3324],[-119.9965,46.3419],[-119.9931,46.3293],[-119.9589,46.3316],[-119.9712,46.3244],[-119.9739,46.3171],[-119.9833,46.3169],[-119.9785,46.3126],[-119.9684,46.3133],[-119.9708,46.3068],[-119.9573,46.3021],[-119.9576,46.2968],[-119.9666,46.3022],[-119.986,46.3022],[-119.9848,46.3132],[-119.9966,46.3146],[-119.9991,46.3061],[-120.0148,46.2984],[-120.0148,46.2947],[-120.007,46.2947],[-120.0068,46.2984],[-119.9991,46.2956],[-119.9993,46.2728],[-120.02,46.273],[-120.0205,46.2512],[-119.9366,46.2512],[-119.933,46.2581],[-119.9367,46.2585],[-119.9366,46.2657],[-119.9245,46.2665],[-119.9366,46.2675],[-119.9313,46.272],[-119.9366,46.2729],[-119.9365,46.2802],[-119.9261,46.2801],[-119.9234,46.2846],[-119.9158,46.2819],[-119.9159,46.2728],[-119.8947,46.2729],[-119.8945,46.2774],[-119.884,46.2729],[-119.8893,46.2693],[-119.8891,46.2614],[-119.8792,46.2584],[-119.8787,46.2639],[-119.8735,46.2639],[-119.8736,46.2146],[-119.8665,46.2146],[-119.8667,46.196],[-119.8429,46.1913],[-119.7924,46.1989],[-119.7919,46.1944],[-119.8098,46.186],[-119.7895,46.186],[-119.7894,46.1915],[-119.7584,46.1913],[-119.7583,46.1996],[-119.7479,46.2002],[-119.7427,46.207],[-119.7375,46.2001],[-119.7058,46.2021],[-119.7058,46.2143],[-119.6849,46.2142],[-119.6849,46.2285],[-119.6429,46.2287],[-119.643,46.2429],[-119.6217,46.2426],[-119.621,46.2593],[-119.6283,46.2594],[-119.6193,46.2659],[-119.6185,46.4039],[-119.6286,46.4112],[-119.6395,46.4114],[-119.6395,46.4187],[-119.7452,46.418],[-119.7506,46.4253],[-119.7768,46.4323],[-119.777,46.4466],[-119.7872,46.4465],[-119.7885,46.4764],[-119.8743,46.4764],[-119.8741,46.6286],[-119.9015,46.6356],[-119.9173,46.6554],[-119.9442,46.6732],[-119.9727,46.7232],[-119.973,46.7371],[-120.51,46.7379],[-120.5086,46.8249],[-120.634,46.8258],[-120.6346,46.9121],[-121.0266,46.9113],[-121.0319,46.9185],[-121.0424,46.9221],[-121.0425,46.933],[-121.053,46.933],[-121.053,46.9367],[-121.0583,46.9367],[-121.0583,46.9439],[-121.0688,46.9476],[-121.0688,46.9585],[-121.09,46.9693],[-121.0901,46.991],[-121.1235,46.999],[-121.1349,47.0165],[-121.1656,47.0355],[-121.1817,47.0444],[-121.1947,47.0442],[-121.2126,47.0556],[-121.2188,47.0656],[-121.2807,47.0887],[-121.3014,47.0852],[-121.3185,47.0756],[-121.3471,47.0787],[-121.3592,47.0707],[-121.3818,47.0861],[-121.3751,47.0729],[-121.3742,47.0564],[-121.3998,47.0335],[-121.3948,47.0228],[-121.4062,47.0122],[-121.4071,46.9975],[-121.4463,46.98],[-121.4421,46.9729],[-121.4584,46.9606],[-121.4527,46.9565],[-121.4495,46.9353],[-121.4564,46.9236],[-121.497,46.9083],[-121.5104,46.8966],[-121.5133,46.8848],[-121.523,46.8729]]]},"properties":{"geoid":"53015","state":"53","district":"15","name":"Legislative (Senate) District 15","chamber":"Senate"}},{"type":"Feature","geometry":{"type":"Polygon","coordinates":[[[-119.9331,46.6646],[-119.9173,46.6554],[-119.9015,46.6356],[-119.8741,46.6286],[-119.8743,46.4764],[-119.7885,46.4764],[-119.7872,46.4465],[-119.777,46.4466],[-119.7768,46.4323],[-119.7506,46.4253],[-119.7452,46.418],[-119.6395,46.4187],[-119.6395,46.4114],[-119.6286,46.4112],[-119.6185,46.4039],[-119.6193,46.2659],[-119.6283,46.2594],[-119.621,46.2593],[-119.6221,46.2142],[-119.4333,46.2135],[-119.4336,46.2567],[-119.4741,46.2506],[-119.4785,46.2757],[-119.4713,46.2882],[-119.4785,46.3023],[-119.4721,46.3096],[-119.4717,46.3229],[-119.4665,46.3229],[-119.4668,46.3163],[-119.4446,46.3185],[-119.4153,46.3009],[-119.3988,46.3008],[-119.3988,46.2934],[-119.4048,46.2935],[-119.3914,46.2846],[-119.3869,46.2917],[-119.3768,46.287],[-119.3714,46.2921],[-119.3678,46.2861],[-119.3412,46.286],[-119.3411,46.2742],[-119.3146,46.2714],[-119.2691,46.2459],[-119.2577,46.2538],[-119.2427,46.2468],[-119.2338,46.2485],[-119.2368,46.2611],[-119.2329,46.2576],[-119.222,46.2644],[-119.2215,46.2736],[-119.2159,46.2752],[-119.1588,46.2561],[-119.1119,46.2485],[-119.1122,46.2414],[-119.1072,46.2414],[-119.1069,46.2485],[-119.0873,46.251],[-119.0821,46.2489],[-119.0854,46.2442],[-119.0654,46.2448],[-119.0618,46.2409],[-119.055,46.2409],[-119.0549,46.2482],[-119.0497,46.2481],[-119.0447,46.2408],[-119.0342,46.2408],[-119.0345,46.2247],[-119.0235,46.2166],[-119.0415,46.1927],[-119.0142,46.1762],[-118.9747,46.1395],[-118.9668,46.1275],[-118.9687,46.1171],[-118.9423,46.0744],[-118.9477,46.0475],[-118.9413,46.0275],[-118.9617,46.0193],[-118.9873,45.9999],[-117.997,46.0006],[-117.9921,46.0383],[-117.9915,46.2077],[-118.1166,46.2081],[-118.1161,46.2955],[-118.2419,46.2951],[-118.2426,46.5599],[-118.228,46.5604],[-118.2286,46.5934],[-118.2157,46.5889],[-118.2083,46.6097],[-118.1995,46.6079],[-118.1982,46.6215],[-118.2154,46.6321],[-118.2146,46.6387],[-118.2307,46.6564],[-118.2175,46.6793],[-118.2494,46.7335],[-118.2399,46.7381],[-118.2335,46.7339],[-118.2102,46.7388],[-119.3694,46.7377],[-119.3694,46.7956],[-119.8338,46.7957],[-119.8321,46.7373],[-119.8747,46.7375],[-119.8745,46.7084],[-119.9165,46.7084],[-119.9166,46.6941],[-119.9066,46.6741],[-119.9153,46.6713],[-119.9071,46.6646],[-119.9331,46.6646]]]},"properties":{"geoid":"53016","state":"53","district":"16","name":"Legislative (Senate) District 16","chamber":"Senate"}},{"type":"Feature","geometry":{"type":"Polygon","coordinates":[[[-122.5589,45.621],[-122.5499,45.5972],[-122.4751,45.5785],[-122.4539,45.5673],[-122.4387,45.5636],[-122.3803,45.5759],[-122.3528,45.5694],[-122.3315,45.5482],[-122.2667,45.5438],[-122.2008,45.5651],[-122.1829,45.5768],[-122.1416,45.584],[-122.1018,45.5832],[-122.0443,45.6095],[-121.983,45.6229],[-121.9631,45.6329],[-121.9558,45.6436],[-121.935,45.6442],[-121.9081,45.6546],[-121.9008,45.662],[-121.9017,45.6707],[-121.867,45.6934],[-121.8112,45.7067],[-121.7351,45.694],[-121.7073,45.6948],[-121.6684,45.7051],[-121.6313,45.7047],[-121.5329,45.7265],[-121.4991,45.7207],[-121.4628,45.7013],[-121.4017,45.6929],[-121.3835,45.6993],[-121.3836,45.7174],[-121.3625,45.7176],[-121.3623,45.7385],[-121.3567,45.7315],[-121.3434,45.7317],[-121.3433,45.7221],[-121.2938,45.7119],[-121.2789,45.74],[-121.288,45.7459],[-121.2867,45.7608],[-121.2925,45.7677],[-121.275,45.768],[-121.2713,45.7591],[-121.2476,45.7593],[-121.251,45.7515],[-121.2425,45.7453],[-121.2316,45.7508],[-121.2281,45.7677],[-121.2176,45.7678],[-121.2175,45.7605],[-121.2109,45.7604],[-121.2054,45.7672],[-121.2132,45.7722],[-121.2056,45.7925],[-121.1928,45.7976],[-121.1963,45.8113],[-121.1753,45.8109],[-121.1753,45.823],[-121.1801,45.8257],[-121.1586,45.8256],[-121.1374,45.834],[-121.1534,45.8493],[-121.1505,45.8577],[-121.1357,45.8651],[-121.1222,45.8653],[-121.1315,45.8791],[-121.1581,45.8983],[-121.1091,45.898],[-121.0995,45.9019],[-121.0933,45.914],[-121.0926,45.8831],[-121.0718,45.8829],[-121.0718,45.8687],[-121.0508,45.8687],[-121.0517,45.8252],[-121.0632,45.8251],[-121.0516,45.8202],[-121.0308,45.8211],[-121.0316,45.767],[-120.885,45.7663],[-120.885,45.781],[-120.8234,45.7808],[-120.8228,45.8053],[-120.8125,45.8045],[-120.8145,45.8099],[-120.808,45.8093],[-120.8035,45.8282],[-120.8111,45.8282],[-120.8069,45.8315],[-120.8125,45.8437],[-120.8057,45.8824],[-120.7914,45.8826],[-120.7921,45.8484],[-120.7565,45.8715],[-120.7487,45.8834],[-120.7125,45.8991],[-120.6969,45.9321],[-120.657,45.9581],[-120.6531,45.985],[-120.6747,45.995],[-120.7039,45.9998],[-120.7391,46.0046],[-120.765,46.0017],[-120.8106,46.0109],[-120.8181,46.0088],[-120.8234,45.9941],[-120.8403,45.9976],[-120.8544,46.0141],[-120.8805,46.019],[-120.9031,46.0043],[-120.9155,46.008],[-120.9305,46.0034],[-120.979,46.0033],[-121.0249,45.9922],[-121.0393,45.9968],[-121.0707,45.9898],[-121.1572,45.984],[-121.1946,45.9876],[-121.2467,45.9617],[-121.2694,45.9446],[-121.282,45.9498],[-121.2873,45.9468],[-121.2997,45.9305],[-121.3124,45.9229],[-121.326,45.9253],[-121.372,45.8975],[-121.4009,45.8862],[-121.4521,45.9103],[-121.4533,45.915],[-121.4485,45.9286],[-121.4558,45.9437],[-121.4464,45.9593],[-121.442,45.9826],[-121.4165,46.0128],[-121.4255,46.0444],[-121.5223,46.044],[-121.5223,46.3886],[-122.241,46.3859],[-122.242,46.2116],[-122.2454,46.2117],[-122.2467,46.2006],[-122.2445,45.8666],[-122.2498,45.8666],[-122.2502,45.7509],[-122.3382,45.7519],[-122.3466,45.7367],[-122.344,45.7308],[-122.3491,45.7312],[-122.3569,45.7225],[-122.3464,45.716],[-122.3724,45.7156],[-122.3728,45.6942],[-122.4348,45.6941],[-122.4346,45.6977],[-122.4675,45.7011],[-122.4999,45.6938],[-122.506,45.6877],[-122.506,45.6606],[-122.5163,45.6618],[-122.5169,45.6564],[-122.5256,45.6547],[-122.5307,45.6429],[-122.5297,45.6284],[-122.5241,45.6284],[-122.5228,45.6207],[-122.5589,45.621]]]},"properties":{"geoid":"53017","state":"53","district":"17","name":"Legislative (Senate) District 17","chamber":"Senate"}},{"type":"Feature","geometry":{"type":"Polygon","coordinates":[[[-122.7345,45.7327],[-122.7247,45.7124],[-122.6928,45.6782],[-122.623,45.6787],[-122.6155,45.686],[-122.6179,45.6896],[-122.6065,45.6931],[-122.5917,45.6845],[-122.5726,45.6598],[-122.5316,45.6743],[-122.5163,45.6721],[-122.5111,45.6757],[-122.5059,45.6722],[-122.506,45.6937],[-122.5111,45.6938],[-122.5112,45.7011],[-122.5164,45.7011],[-122.5167,45.7533],[-122.5009,45.7547],[-122.5096,45.7595],[-122.5018,45.7631],[-122.5112,45.763],[-122.5112,45.7666],[-122.5008,45.7668],[-122.5008,45.7813],[-122.4865,45.7813],[-122.4847,45.8029],[-122.5157,45.7992],[-122.5167,45.8028],[-122.5425,45.8027],[-122.5477,45.807],[-122.5478,45.8204],[-122.5583,45.824],[-122.5998,45.8234],[-122.6001,45.8117],[-122.6122,45.8164],[-122.6409,45.816],[-122.6409,45.8088],[-122.6597,45.8087],[-122.6616,45.8141],[-122.6617,45.7959],[-122.6759,45.7938],[-122.6581,45.7363],[-122.6924,45.736],[-122.693,45.7235],[-122.7345,45.7327]]]},"properties":{"geoid":"53018","state":"53","district":"18","name":"Legislative (Senate) District 18","chamber":"Senate"}},{"type":"Feature","geometry":{"type":"MultiPolygon","coordinates":[[[[-124.2411,46.9029],[-124.2344,46.8912],[-124.2095,46.8748],[-124.1946,46.8441],[-124.1812,46.7937],[-124.1751,46.7937],[-124.1685,46.7304],[-124.1453,46.6705],[-124.1497,46.6501],[-124.1433,46.6312],[-124.1353,46.5423],[-124.1305,46.4083],[-124.1352,46.3494],[-124.1607,46.282],[-124.1595,46.2611],[-124.036,46.2642],[-124.0336,46.2759],[-124.0389,46.2846],[-124.0356,46.2968],[-124.0249,46.2991],[-124.0149,46.2932],[-124.0036,46.2747],[-123.9733,46.2685],[-123.9305,46.2388],[-123.8726,46.235],[-123.8151,46.2498],[-123.7794,46.2539],[-123.7414,46.2692],[-123.6881,46.2501],[-123.6488,46.2588],[-123.587,46.2559],[-123.5439,46.2596],[-123.5012,46.271],[-123.4796,46.2691],[-123.4476,46.2498],[-123.4276,46.2293],[-123.431,46.1816],[-123.3714,46.1464],[-123.2802,46.1448],[-123.1664,46.189],[-123.1159,46.1853],[-123.0413,46.1464],[-123.0042,46.1338],[-122.9627,46.1048],[-122.9304,46.0933],[-122.9135,46.0979],[-122.8667,46.0834],[-122.8704,46.0926],[-122.8676,46.0978],[-122.8573,46.0977],[-122.8672,46.105],[-122.8672,46.1122],[-122.8775,46.1122],[-122.8777,46.1195],[-122.8674,46.1194],[-122.8667,46.1377],[-122.8805,46.1413],[-122.8615,46.1473],[-122.8763,46.1606],[-122.876,46.1684],[-122.8833,46.1659],[-122.9043,46.1702],[-122.8926,46.1981],[-122.8808,46.2607],[-122.8945,46.2699],[-122.8997,46.279],[-122.8912,46.2899],[-122.9039,46.2863],[-122.9151,46.3164],[-122.9086,46.3311],[-122.908,46.3671],[-122.9003,46.3966],[-122.8896,46.4091],[-122.8838,46.4735],[-122.8768,46.4944],[-122.8759,46.5617],[-122.8872,46.5617],[-122.8873,46.5762],[-122.8978,46.5692],[-122.903,46.571],[-122.903,46.5671],[-122.9188,46.5727],[-122.9223,46.5835],[-122.9113,46.5836],[-122.9135,46.5971],[-122.9082,46.5971],[-122.9119,46.6105],[-122.9573,46.6447],[-122.9681,46.6338],[-122.9703,46.6521],[-122.986,46.6539],[-122.9843,46.6614],[-122.9913,46.6613],[-122.9898,46.6673],[-122.9981,46.6661],[-122.9912,46.6736],[-122.995,46.6773],[-122.9857,46.6785],[-122.9849,46.6856],[-122.9711,46.6882],[-122.9679,46.6846],[-122.9676,46.699],[-122.9633,46.7041],[-122.971,46.7027],[-122.976,46.71],[-122.9817,46.7062],[-123.0088,46.7099],[-123.0077,46.7177],[-123.0202,46.7354],[-123.0144,46.7356],[-123.0142,46.7441],[-123.006,46.7464],[-123.0285,46.7502],[-123.0331,46.7645],[-122.9918,46.7645],[-122.9925,46.7754],[-122.999,46.7756],[-123.0103,46.7962],[-123.007,46.8024],[-122.9894,46.8096],[-122.9891,46.8224],[-123.0231,46.8222],[-123.0235,46.8116],[-123.037,46.8115],[-123.0368,46.8025],[-123.0421,46.8026],[-123.0655,46.8156],[-123.0659,46.8075],[-123.0953,46.8073],[-123.0995,46.816],[-123.1181,46.8145],[-123.1181,46.8282],[-123.1226,46.8303],[-123.1185,46.8331],[-123.1224,46.8376],[-123.1281,46.8298],[-123.1339,46.8298],[-123.1289,46.8378],[-123.1326,46.8414],[-123.1605,46.8375],[-123.1584,46.9959],[-123.2031,46.997],[-123.2019,47.0851],[-123.3292,47.0838],[-123.3278,46.9971],[-123.3499,46.9971],[-123.3477,46.9751],[-123.3926,47.0003],[-123.4297,46.9955],[-123.49,47.0002],[-123.5859,46.9801],[-123.598,46.9718],[-123.602,46.9623],[-123.6077,46.9614],[-123.6057,46.9652],[-123.6117,46.9696],[-123.6071,46.9733],[-123.613,46.9732],[-123.6131,46.9768],[-123.6476,46.9766],[-123.6403,46.9711],[-123.6394,46.9587],[-123.6781,46.9573],[-123.7298,46.9631],[-123.7537,46.9783],[-123.7784,46.9817],[-123.7782,46.9948],[-123.8037,46.9948],[-123.8124,46.988],[-123.8311,46.9903],[-123.8331,46.9833],[-123.8268,46.9789],[-123.8224,46.9629],[-123.8522,46.9556],[-123.8523,46.9516],[-123.9223,46.952],[-124.0641,46.9368],[-124.1443,46.9159],[-124.2411,46.9029]]],[[[-123.3948,47.0029],[-123.3935,47.0012],[-123.3891,47.0043],[-123.3948,47.0029]]]]},"properties":{"geoid":"53019","state":"53","district":"19","name":"Legislative (Senate) District 19","chamber":"Senate"}},{"type":"Feature","geometry":{"type":"Polygon","coordinates":[[[-123.0331,46.7645],[-123.0285,46.7502],[-123.006,46.7464],[-123.0142,46.7441],[-123.0144,46.7356],[-123.0202,46.7354],[-123.0077,46.7177],[-123.0088,46.7099],[-122.9817,46.7062],[-122.976,46.71],[-122.971,46.7027],[-122.9633,46.7041],[-122.9676,46.699],[-122.9679,46.6846],[-122.9711,46.6882],[-122.9849,46.6856],[-122.9857,46.6785],[-122.995,46.6773],[-122.9912,46.6736],[-122.9981,46.6661],[-122.9898,46.6673],[-122.9913,46.6613],[-122.9843,46.6614],[-122.986,46.6539],[-122.9703,46.6521],[-122.9681,46.6338],[-122.9573,46.6447],[-122.9119,46.6105],[-122.9082,46.5971],[-122.9135,46.5971],[-122.9113,46.5836],[-122.9223,46.5835],[-122.9188,46.5727],[-122.903,46.5671],[-122.903,46.571],[-122.8978,46.5692],[-122.8873,46.5762],[-122.8872,46.5617],[-122.8759,46.5617],[-122.8768,46.4944],[-122.8838,46.4735],[-122.8896,46.4091],[-122.9003,46.3966],[-122.908,46.3671],[-122.9086,46.3311],[-122.9151,46.3164],[-122.9039,46.2863],[-122.8912,46.2899],[-122.8997,46.279],[-122.8945,46.2699],[-122.8808,46.2607],[-122.8926,46.1981],[-122.9043,46.1702],[-122.8833,46.1659],[-122.876,46.1684],[-122.8763,46.1606],[-122.8615,46.1473],[-122.8805,46.1413],[-122.8667,46.1377],[-122.8674,46.1194],[-122.8777,46.1195],[-122.8775,46.1122],[-122.8672,46.1122],[-122.8672,46.105],[-122.8573,46.0977],[-122.8676,46.0978],[-122.8704,46.0926],[-122.8667,46.0834],[-122.9135,46.0979],[-122.9304,46.0933],[-122.9041,46.0837],[-122.8845,46.0603],[-122.8781,46.0313],[-122.8562,46.0145],[-122.8376,45.9808],[-122.814,45.961],[-122.8062,45.9324],[-122.8115,45.9127],[-122.7981,45.8843],[-122.785,45.8682],[-122.7857,45.8442],[-122.796,45.825],[-122.7956,45.81],[-122.7695,45.7806],[-122.761,45.7504],[-122.743,45.7503],[-122.7432,45.7291],[-122.7353,45.7251],[-122.7338,45.733],[-122.693,45.7235],[-122.6924,45.736],[-122.6581,45.7363],[-122.6759,45.7938],[-122.6617,45.7959],[-122.6616,45.8141],[-122.6597,45.8087],[-122.6409,45.8088],[-122.6409,45.816],[-122.6122,45.8164],[-122.6001,45.8117],[-122.5998,45.8234],[-122.5532,45.8224],[-122.5478,45.8204],[-122.5477,45.807],[-122.5425,45.8027],[-122.5167,45.8028],[-122.5157,45.7992],[-122.4848,45.803],[-122.4865,45.7813],[-122.5008,45.7813],[-122.5008,45.7668],[-122.5112,45.7666],[-122.5112,45.763],[-122.5018,45.7631],[-122.5096,45.7595],[-122.5009,45.7547],[-122.5167,45.7533],[-122.5164,45.7011],[-122.5112,45.7011],[-122.5048,45.6864],[-122.4999,45.6938],[-122.4691,45.7011],[-122.4346,45.6977],[-122.4348,45.6941],[-122.3728,45.6942],[-122.3724,45.7156],[-122.3464,45.716],[-122.3569,45.7225],[-122.3491,45.7312],[-122.344,45.7308],[-122.3466,45.7367],[-122.3382,45.7519],[-122.2502,45.7509],[-122.2498,45.8666],[-122.2445,45.8666],[-122.2467,46.2006],[-122.2454,46.2117],[-122.242,46.2116],[-122.241,46.3859],[-121.458,46.3888],[-121.4475,46.3846],[-121.4457,46.388],[-121.3967,46.3881],[-121.3866,46.4099],[-121.4073,46.4299],[-121.4146,46.4514],[-121.412,46.4595],[-121.4254,46.4641],[-121.4359,46.4759],[-121.4318,46.4867],[-121.4232,46.4927],[-121.4501,46.5035],[-121.456,46.5167],[-121.4513,46.5339],[-121.4283,46.5396],[-121.4166,46.5482],[-121.4209,46.5523],[-121.4127,46.5587],[-121.4246,46.5703],[-121.4057,46.5823],[-121.4022,46.5937],[-121.4076,46.6021],[-121.3867,46.6212],[-121.3896,46.6287],[-121.3864,46.636],[-121.3977,46.6412],[-121.3952,46.6461],[-121.4163,46.6514],[-121.4113,46.666],[-121.4132,46.6759],[-121.4087,46.6837],[-121.3989,46.6881],[-121.3767,46.6865],[-121.3744,46.6926],[-121.3798,46.7018],[-121.3532,46.7123],[-121.3695,46.7264],[-121.406,46.7274],[-121.4127,46.7357],[-121.4294,46.7394],[-121.4243,46.7566],[-121.442,46.7583],[-121.4386,46.7626],[-121.447,46.7678],[-121.4552,46.7838],[-121.7586,46.7838],[-121.7877,46.7698],[-121.8054,46.7561],[-121.8041,46.7512],[-121.8204,46.7453],[-121.8327,46.7296],[-121.8451,46.7284],[-121.93,46.7399],[-121.9542,46.755],[-121.9786,46.7443],[-122.0024,46.7533],[-122.0234,46.7423],[-122.0408,46.7424],[-122.0823,46.7522],[-122.1156,46.7489],[-122.129,46.7547],[-122.1779,46.7552],[-122.2031,46.7631],[-122.7883,46.7636],[-122.7669,46.778],[-122.8238,46.7782],[-122.8242,46.793],[-122.8449,46.7925],[-122.8447,46.7997],[-122.8624,46.7994],[-122.8555,46.7925],[-122.8706,46.7902],[-122.88,46.796],[-122.88,46.7997],[-122.8711,46.7998],[-122.863,46.8072],[-122.864,46.851],[-122.8737,46.8438],[-122.9382,46.8328],[-122.9621,46.8222],[-122.9891,46.8224],[-122.9894,46.8096],[-123.007,46.8024],[-123.0103,46.7962],[-122.999,46.7756],[-122.9925,46.7754],[-122.9918,46.7645],[-123.0331,46.7645]]]},"properties":{"geoid":"53020","state":"53","district":"20","name":"Legislative (Senate) District 20","chamber":"Senate"}},{"type":"Feature","geometry":{"type":"Polygon","coordinates":[[[-122.4405,47.8035],[-122.383,47.8033],[-122.3668,47.7905],[-122.3561,47.7923],[-122.3562,47.7996],[-122.33,47.796],[-122.3256,47.8083],[-122.3358,47.8106],[-122.3378,47.8315],[-122.331,47.8307],[-122.3142,47.8504],[-122.2774,47.8475],[-122.2732,47.8365],[-122.2539,47.8257],[-122.2447,47.8402],[-122.2364,47.838],[-122.2277,47.842],[-122.2276,47.8348],[-122.2229,47.8347],[-122.2279,47.8674],[-122.223,47.871],[-122.2231,47.8783],[-122.2174,47.8787],[-122.2173,47.8928],[-122.2281,47.8965],[-122.2293,47.908],[-122.2628,47.899],[-122.2587,47.9005],[-122.2582,47.9229],[-122.263,47.9363],[-122.2763,47.9389],[-122.2719,47.9533],[-122.2911,47.9508],[-122.2911,47.9565],[-122.3099,47.9523],[-122.3287,47.9619],[-122.3333,47.9332],[-122.3488,47.9147],[-122.3563,47.8943],[-122.412,47.8506],[-122.4296,47.8281],[-122.4405,47.8035]]]},"properties":{"geoid":"53021","state":"53","district":"21","name":"Legislative (Senate) District 21","chamber":"Senate"}},{"type":"Feature","geometry":{"type":"Polygon","coordinates":[[[-123.0113,47.0683],[-123.009,47.0614],[-122.9904,47.0492],[-122.9906,47.0448],[-122.9821,47.0421],[-122.9948,47.0235],[-122.9517,47.0108],[-122.9554,47.0034],[-122.9658,47.0034],[-122.9659,46.9935],[-122.9711,46.9936],[-122.9635,46.9874],[-122.9678,46.9745],[-122.9494,46.9723],[-122.9341,46.9818],[-122.9355,46.9762],[-122.9312,46.9747],[-122.9352,46.96],[-122.9448,46.96],[-122.9501,46.9527],[-122.9502,46.9455],[-122.9412,46.9397],[-122.9395,46.9455],[-122.9291,46.9456],[-122.929,46.9673],[-122.9133,46.9672],[-122.9105,46.9582],[-122.9159,46.9528],[-122.902,46.9528],[-122.9019,46.9564],[-122.8761,46.9528],[-122.8792,46.9658],[-122.8636,46.9745],[-122.8662,46.9783],[-122.8622,46.9826],[-122.8757,46.9954],[-122.8772,47.0072],[-122.8391,47.0107],[-122.8336,46.9963],[-122.8073,46.9962],[-122.7965,46.9905],[-122.7844,46.9961],[-122.79,47.0046],[-122.7701,47.0035],[-122.7714,47.0173],[-122.7766,47.0199],[-122.7825,47.0355],[-122.7891,47.0373],[-122.7913,47.0514],[-122.7966,47.0504],[-122.7967,47.0541],[-122.7913,47.0541],[-122.7885,47.0596],[-122.7758,47.0615],[-122.7701,47.0557],[-122.7431,47.0611],[-122.7595,47.0638],[-122.7039,47.0717],[-122.7075,47.0853],[-122.6976,47.0888],[-122.6922,47.0999],[-122.6982,47.116],[-122.7169,47.1186],[-122.7556,47.1386],[-122.8057,47.1866],[-122.8206,47.1942],[-122.8773,47.159],[-122.9035,47.1575],[-122.9098,47.165],[-122.9518,47.1285],[-122.9533,47.1042],[-123.0062,47.0773],[-123.0113,47.0683]]]},"properties":{"geoid":"53022","state":"53","district":"22","name":"Legislative (Senate) District 22","chamber":"Senate"}},{"type":"Feature","geometry":{"type":"Polygon","coordinates":[[[-122.7687,47.6785],[-122.7663,47.6735],[-122.7208,47.672],[-122.7122,47.6647],[-122.7036,47.6666],[-122.7003,47.6608],[-122.7056,47.6572],[-122.7105,47.6355],[-122.7035,47.6342],[-122.7088,47.6139],[-122.6846,47.6108],[-122.6831,47.5949],[-122.699,47.5963],[-122.6994,47.5853],[-122.6893,47.5791],[-122.6843,47.5696],[-122.624,47.5749],[-122.6104,47.5637],[-122.5712,47.5876],[-122.5509,47.5946],[-122.5446,47.5911],[-122.5341,47.5711],[-122.5126,47.5619],[-122.4922,47.5619],[-122.4607,47.5733],[-122.4548,47.5762],[-122.4479,47.5923],[-122.4461,47.608],[-122.4549,47.6266],[-122.4527,47.6423],[-122.459,47.6809],[-122.4469,47.7045],[-122.4375,47.713],[-122.4271,47.7454],[-122.4294,47.7624],[-122.4429,47.7898],[-122.4296,47.8281],[-122.4327,47.842],[-122.4729,47.8805],[-122.4922,47.9196],[-122.5018,47.9297],[-122.5777,47.9525],[-122.6068,47.973],[-122.6172,47.9683],[-122.6321,47.9555],[-122.6371,47.9357],[-122.6263,47.9088],[-122.5975,47.8913],[-122.5979,47.8762],[-122.722,47.7877],[-122.7417,47.7498],[-122.7634,47.7234],[-122.7659,47.7099],[-122.7575,47.6924],[-122.7687,47.6785]]]},"properties":{"geoid":"53023","state":"53","district":"23","name":"Legislative (Senate) District 23","chamber":"Senate"}},{"type":"Feature","geometry":{"type":"Polygon","coordinates":[[[-124.849,48.1814],[-124.8431,48.1584],[-124.824,48.1293],[-124.8039,48.1143],[-124.7852,48.0871],[-124.7861,48.0613],[-124.8012,48.0378],[-124.797,48.0179],[-124.8034,47.9887],[-124.7952,47.9665],[-124.7582,47.944],[-124.7606,47.9273],[-124.7538,47.9105],[-124.7209,47.8883],[-124.7042,47.8547],[-124.6418,47.8194],[-124.5991,47.7716],[-124.5759,47.7564],[-124.5562,47.729],[-124.5403,47.7164],[-124.5594,47.6958],[-124.5666,47.6802],[-124.5655,47.6619],[-124.5546,47.6444],[-124.5376,47.6319],[-124.5149,47.6237],[-124.487,47.6212],[-124.4614,47.625],[-124.4532,47.5867],[-124.44,47.569],[-124.4171,47.4815],[-124.4206,47.456],[-124.4065,47.428],[-124.4217,47.4068],[-124.4136,47.3687],[-124.3914,47.3298],[-124.3596,47.3093],[-124.3591,47.2928],[-124.3513,47.2764],[-124.336,47.2616],[-124.3064,47.2481],[-124.2959,47.2125],[-124.2737,47.1651],[-124.2737,47.1481],[-124.2513,47.0967],[-124.2441,47.0586],[-124.2415,46.9998],[-124.2497,46.9464],[-124.2411,46.9029],[-124.1443,46.9159],[-124.0641,46.9368],[-123.9223,46.952],[-123.8523,46.9516],[-123.8522,46.9556],[-123.8224,46.9629],[-123.8268,46.9789],[-123.8331,46.9833],[-123.8311,46.9903],[-123.8124,46.988],[-123.8037,46.9948],[-123.7782,46.9948],[-123.7784,46.9817],[-123.7537,46.9783],[-123.7298,46.9631],[-123.6781,46.9573],[-123.6394,46.9587],[-123.6403,46.9711],[-123.6476,46.9766],[-123.6131,46.9768],[-123.613,46.9732],[-123.6071,46.9733],[-123.6117,46.9696],[-123.6057,46.9652],[-123.6077,46.9614],[-123.602,46.9623],[-123.598,46.9718],[-123.5859,46.9801],[-123.49,47.0002],[-123.4297,46.9955],[-123.3926,47.0003],[-123.3477,46.9751],[-123.3499,46.9971],[-123.3278,46.9971],[-123.3292,47.0838],[-123.4889,47.0826],[-123.4908,47.2582],[-123.505,47.2585],[-123.5059,47.6046],[-122.9506,47.6063],[-122.9316,47.6264],[-122.8969,47.6385],[-122.8588,47.663],[-122.7832,47.6728],[-122.7665,47.6799],[-122.7575,47.6924],[-122.7659,47.7099],[-122.7634,47.7234],[-122.7417,47.7498],[-122.722,47.7877],[-122.5994,47.8748],[-122.5955,47.8823],[-122.6008,47.8952],[-122.6263,47.9088],[-122.6371,47.9357],[-122.6321,47.9555],[-122.6068,47.973],[-122.6263,47.9932],[-122.6327,48.0072],[-122.6401,48.0461],[-122.643,48.0991],[-122.6502,48.1174],[-122.6626,48.1283],[-122.7033,48.1344],[-122.766,48.1733],[-122.8183,48.1988],[-122.8521,48.2265],[-122.8627,48.2437],[-122.8631,48.3704],[-123.2484,48.284],[-123.5412,48.2246],[-123.6791,48.24],[-124.0121,48.2967],[-124.7497,48.4998],[-124.763,48.4998],[-124.7702,48.4919],[-124.7723,48.4738],[-124.7653,48.4606],[-124.7458,48.4457],[-124.7736,48.4385],[-124.8012,48.4232],[-124.8125,48.4106],[-124.8179,48.391],[-124.7966,48.3441],[-124.7861,48.3319],[-124.7704,48.3235],[-124.7712,48.316],[-124.7614,48.2957],[-124.7769,48.2836],[-124.7887,48.2664],[-124.7902,48.2464],[-124.7805,48.2286],[-124.805,48.2243],[-124.8277,48.2138],[-124.8457,48.1949],[-124.849,48.1814]],[[-123.395,47.0028],[-123.3891,47.0043],[-123.3935,47.0012],[-123.395,47.0028]]]},"properties":{"geoid":"53024","state":"53","district":"24","name":"Legislative (Senate) District 24","chamber":"Senate"}},{"type":"Feature","geometry":{"type":"Polygon","coordinates":[[[-122.4157,47.1362],[-122.3576,47.1109],[-122.3569,47.0928],[-122.3475,47.0785],[-122.3223,47.086],[-122.3138,47.085],[-122.315,47.0819],[-122.2938,47.0819],[-122.2936,47.0965],[-122.2722,47.0964],[-122.2724,47.0899],[-122.2466,47.0833],[-122.2314,47.0861],[-122.2398,47.1091],[-122.2274,47.1138],[-122.2314,47.1199],[-122.2201,47.1218],[-122.22,47.1255],[-122.2307,47.1255],[-122.2327,47.1311],[-122.2209,47.1548],[-122.2124,47.1572],[-122.2295,47.1579],[-122.2293,47.1843],[-122.2415,47.1844],[-122.24,47.1891],[-122.2455,47.1951],[-122.2587,47.1997],[-122.2509,47.2038],[-122.3206,47.2206],[-122.3204,47.207],[-122.3943,47.2377],[-122.3962,47.1581],[-122.4154,47.159],[-122.4157,47.1362]]]},"properties":{"geoid":"53025","state":"53","district":"25","name":"Legislative (Senate) District 25","chamber":"Senate"}},{"type":"Feature","geometry":{"type":"Polygon","coordinates":[[[-122.8529,47.2578],[-122.8369,47.2267],[-122.8252,47.218],[-122.8206,47.1942],[-122.7924,47.1751],[-122.7595,47.1413],[-122.7502,47.1582],[-122.711,47.196],[-122.731,47.1995],[-122.7325,47.2058],[-122.7165,47.2192],[-122.7112,47.2305],[-122.6753,47.2513],[-122.6221,47.2092],[-122.6005,47.2097],[-122.5755,47.2295],[-122.5441,47.2779],[-122.5407,47.2903],[-122.5603,47.3161],[-122.5335,47.3321],[-122.5417,47.3492],[-122.5284,47.377],[-122.5398,47.3966],[-122.5245,47.4239],[-122.5192,47.4616],[-122.4879,47.5019],[-122.48,47.5217],[-122.4454,47.5419],[-122.4443,47.5556],[-122.4548,47.5762],[-122.4891,47.5626],[-122.5126,47.5619],[-122.5341,47.5711],[-122.5455,47.5924],[-122.5539,47.5944],[-122.6104,47.5637],[-122.624,47.5749],[-122.6843,47.5696],[-122.6987,47.5853],[-122.7143,47.5854],[-122.7167,47.5782],[-122.7358,47.5779],[-122.7362,47.5561],[-122.7414,47.5561],[-122.7414,47.5633],[-122.7466,47.5633],[-122.7466,47.5669],[-122.7625,47.5705],[-122.7783,47.5671],[-122.773,47.5598],[-122.7783,47.5599],[-122.7838,47.5455],[-122.7939,47.5492],[-122.7945,47.5456],[-122.8052,47.5457],[-122.8054,47.5386],[-122.8002,47.5384],[-122.8008,47.524],[-122.7685,47.5252],[-122.7687,47.5171],[-122.7741,47.5168],[-122.7795,47.5048],[-122.7784,47.4841],[-122.7935,47.4716],[-122.7987,47.472],[-122.7957,47.47],[-122.8007,47.4696],[-122.8006,47.462],[-122.7779,47.4616],[-122.7724,47.4692],[-122.7601,47.4642],[-122.7236,47.4653],[-122.7023,47.4741],[-122.6826,47.4757],[-122.6663,47.4844],[-122.6638,47.4904],[-122.669,47.4914],[-122.6531,47.494],[-122.6532,47.4857],[-122.6313,47.4838],[-122.6311,47.4469],[-122.6445,47.4469],[-122.6524,47.4397],[-122.6524,47.4286],[-122.6628,47.4286],[-122.6687,47.4142],[-122.6641,47.4033],[-122.8012,47.4036],[-122.8011,47.3565],[-122.8078,47.3462],[-122.8037,47.3334],[-122.8062,47.3207],[-122.8158,47.3039],[-122.8477,47.2759],[-122.8529,47.2578]]]},"properties":{"geoid":"53026","state":"53","district":"26","name":"Legislative (Senate) District 26","chamber":"Senate"}},{"type":"Feature","geometry":{"type":"Polygon","coordinates":[[[-122.5631,47.2506],[-122.5654,47.2468],[-122.56,47.2427],[-122.5522,47.2427],[-122.5615,47.2363],[-122.5584,47.2353],[-122.5524,47.2353],[-122.5515,47.2427],[-122.505,47.2429],[-122.5054,47.2065],[-122.4763,47.2065],[-122.4731,47.2148],[-122.436,47.2136],[-122.4312,47.2334],[-122.3996,47.241],[-122.3204,47.207],[-122.3204,47.2285],[-122.3288,47.2427],[-122.3373,47.2453],[-122.3403,47.261],[-122.337,47.2646],[-122.4373,47.3337],[-122.4632,47.3208],[-122.4841,47.3173],[-122.5139,47.3205],[-122.5335,47.3321],[-122.5603,47.3161],[-122.5407,47.2903],[-122.5441,47.2779],[-122.5631,47.2506]]]},"properties":{"geoid":"53027","state":"53","district":"27","name":"Legislative (Senate) District 27","chamber":"Senate"}},{"type":"Feature","geometry":{"type":"Polygon","coordinates":[[[-122.7597,47.1461],[-122.7556,47.1386],[-122.7226,47.1212],[-122.6982,47.116],[-122.6922,47.0992],[-122.6976,47.0888],[-122.7075,47.0853],[-122.7081,47.0776],[-122.7007,47.0683],[-122.7031,47.0646],[-122.6768,47.0427],[-122.6799,47.0282],[-122.6728,47.0242],[-122.6724,47.0154],[-122.6588,47.0095],[-122.6599,47.0032],[-122.6506,47.0073],[-122.6388,46.9984],[-122.6303,46.9983],[-122.6386,46.9791],[-122.6281,46.9711],[-122.6116,46.9672],[-122.611,46.9767],[-122.5901,46.974],[-122.5805,46.9776],[-122.5754,46.9713],[-122.586,46.9711],[-122.5871,46.9668],[-122.564,46.9669],[-122.5685,46.9692],[-122.5584,46.9866],[-122.5587,47.002],[-122.5415,47.0086],[-122.5414,47.0044],[-122.5391,47.0084],[-122.5277,47.0067],[-122.493,47.0336],[-122.4432,47.0318],[-122.4098,47.0205],[-122.3695,47.0203],[-122.3758,47.0282],[-122.3739,47.0385],[-122.3843,47.0386],[-122.3905,47.0458],[-122.3768,47.0474],[-122.3767,47.0531],[-122.4006,47.0559],[-122.4034,47.0823],[-122.428,47.0826],[-122.4292,47.0973],[-122.4513,47.0975],[-122.4496,47.1004],[-122.4584,47.1069],[-122.4586,47.1241],[-122.4696,47.1276],[-122.4638,47.136],[-122.4695,47.1426],[-122.4678,47.1601],[-122.4796,47.1631],[-122.4968,47.1594],[-122.4923,47.1808],[-122.5053,47.1808],[-122.5088,47.192],[-122.5212,47.1956],[-122.5213,47.1992],[-122.5087,47.1992],[-122.5052,47.1943],[-122.5083,47.2027],[-122.505,47.2429],[-122.5515,47.2427],[-122.5524,47.2353],[-122.5584,47.2353],[-122.5615,47.2363],[-122.5522,47.2427],[-122.5654,47.2468],[-122.5755,47.2295],[-122.6005,47.2097],[-122.6221,47.2092],[-122.6753,47.2513],[-122.7112,47.2305],[-122.7165,47.2192],[-122.7325,47.2058],[-122.731,47.1995],[-122.711,47.196],[-122.7597,47.1461]]]},"properties":{"geoid":"53028","state":"53","district":"28","name":"Legislative (Senate) District 28","chamber":"Senate"}},{"type":"Feature","geometry":{"type":"Polygon","coordinates":[[[-122.5215,47.1989],[-122.5088,47.192],[-122.5053,47.1808],[-122.4923,47.1808],[-122.4968,47.1594],[-122.4796,47.1631],[-122.4678,47.1601],[-122.4695,47.1426],[-122.4638,47.136],[-122.4696,47.1276],[-122.4586,47.1241],[-122.4586,47.1074],[-122.4496,47.1004],[-122.4513,47.0975],[-122.4292,47.0973],[-122.428,47.0826],[-122.4243,47.0825],[-122.4133,47.0824],[-122.4108,47.097],[-122.3892,47.0968],[-122.3892,47.1186],[-122.3769,47.1187],[-122.3886,47.1273],[-122.4157,47.136],[-122.4154,47.159],[-122.3962,47.1581],[-122.3943,47.2378],[-122.3996,47.241],[-122.4312,47.2334],[-122.436,47.2136],[-122.4731,47.2148],[-122.4763,47.2065],[-122.5054,47.2065],[-122.5052,47.1943],[-122.5087,47.1992],[-122.5215,47.1989]]]},"properties":{"geoid":"53029","state":"53","district":"29","name":"Legislative (Senate) District 29","chamber":"Senate"}},{"type":"Feature","geometry":{"type":"Polygon","coordinates":[[[-122.4373,47.3337],[-122.3348,47.2631],[-122.3349,47.2574],[-122.3194,47.2646],[-122.3138,47.2609],[-122.298,47.2621],[-122.2912,47.2572],[-122.2295,47.2576],[-122.23,47.2667],[-122.2081,47.2749],[-122.208,47.2841],[-122.2134,47.2841],[-122.2134,47.3028],[-122.271,47.3033],[-122.2708,47.3434],[-122.2655,47.3471],[-122.2447,47.3449],[-122.2434,47.3537],[-122.3095,47.3579],[-122.3076,47.3615],[-122.3198,47.3677],[-122.3299,47.3653],[-122.3297,47.3502],[-122.3735,47.3655],[-122.4373,47.3337]]]},"properties":{"geoid":"53030","state":"53","district":"30","name":"Legislative (Senate) District 30","chamber":"Senate"}},{"type":"Feature","geometry":{"type":"Polygon","coordinates":[[[-122.3403,47.261],[-122.3373,47.2453],[-122.3288,47.2427],[-122.3206,47.2206],[-122.2509,47.2038],[-122.2587,47.1997],[-122.2455,47.1951],[-122.24,47.1891],[-122.2415,47.1844],[-122.2293,47.1843],[-122.2295,47.1579],[-122.2126,47.1582],[-122.2209,47.1548],[-122.2327,47.1311],[-122.2307,47.1255],[-122.22,47.1255],[-122.2201,47.1218],[-122.2314,47.1199],[-122.2274,47.1138],[-122.2398,47.1091],[-122.2316,47.0859],[-122.2533,47.0836],[-122.2724,47.0899],[-122.2727,47.0796],[-122.2868,47.0789],[-122.2779,47.0667],[-122.2948,47.0593],[-122.2948,47.0531],[-122.22,47.0517],[-122.2203,47.0356],[-122.2107,47.0382],[-122.2109,47.0241],[-122.1052,47.025],[-122.1046,47.0544],[-122.0775,47.0544],[-122.0777,47.0677],[-122.0716,47.0683],[-122.0616,47.0656],[-122.0652,47.0473],[-122.0566,47.0386],[-122.0559,47.0253],[-122.0372,47.0256],[-122.031,47.0147],[-121.9662,46.9875],[-121.9499,46.9851],[-121.9058,46.9962],[-121.7292,46.9962],[-121.7292,46.9074],[-121.4978,46.9074],[-121.4754,46.9133],[-121.4568,46.9231],[-121.4495,46.9344],[-121.4577,46.964],[-121.4421,46.9729],[-121.4462,46.98],[-121.4091,46.9952],[-121.4062,47.0122],[-121.3948,47.0228],[-121.3998,47.0335],[-121.3741,47.057],[-121.3815,47.088],[-121.412,47.0907],[-121.4418,47.0844],[-121.4719,47.0997],[-121.4898,47.1164],[-121.5125,47.123],[-121.5891,47.1202],[-121.6208,47.1494],[-121.6614,47.16],[-121.6842,47.1498],[-121.7191,47.1511],[-121.7431,47.1645],[-121.7495,47.1621],[-121.7733,47.1665],[-121.7773,47.1733],[-121.7958,47.1732],[-121.8395,47.1434],[-121.8604,47.1466],[-121.8655,47.1526],[-121.9015,47.1557],[-121.9279,47.1477],[-121.9329,47.1386],[-121.9438,47.1401],[-121.9506,47.1452],[-121.9521,47.1545],[-121.9695,47.1563],[-121.9806,47.1646],[-121.9912,47.1631],[-121.9939,47.1726],[-122.0045,47.1702],[-122.0124,47.176],[-122.0374,47.1732],[-122.0375,47.1847],[-122.0481,47.1849],[-122.0482,47.192],[-122.0375,47.1949],[-122.0376,47.2365],[-122.0451,47.2427],[-122.1016,47.2427],[-122.1017,47.25],[-122.0802,47.2501],[-122.0813,47.2977],[-122.0864,47.3011],[-122.1702,47.2994],[-122.1771,47.303],[-122.1952,47.3014],[-122.2029,47.3064],[-122.2134,47.3039],[-122.2134,47.2841],[-122.208,47.2841],[-122.2081,47.2749],[-122.23,47.2667],[-122.2295,47.2576],[-122.2912,47.2572],[-122.3173,47.2645],[-122.324,47.2645],[-122.3313,47.2574],[-122.337,47.2646],[-122.3403,47.261]]]},"properties":{"geoid":"53031","state":"53","district":"31","name":"Legislative (Senate) District 31","chamber":"Senate"}},{"type":"Feature","geometry":{"type":"Polygon","coordinates":[[[-122.4429,47.7932],[-122.4274,47.754],[-122.4333,47.7293],[-122.3447,47.7065],[-122.345,47.7287],[-122.3342,47.7287],[-122.3343,47.7341],[-122.2924,47.7338],[-122.2993,47.7374],[-122.2947,47.7428],[-122.303,47.7502],[-122.3068,47.7666],[-122.3139,47.7695],[-122.2974,47.7701],[-122.2976,47.7774],[-122.2869,47.7773],[-122.2868,47.7909],[-122.2815,47.7936],[-122.2815,47.7992],[-122.2861,47.8001],[-122.2816,47.8041],[-122.287,47.8065],[-122.2715,47.8102],[-122.2709,47.8199],[-122.2619,47.8188],[-122.2683,47.8226],[-122.264,47.8318],[-122.2732,47.8365],[-122.2774,47.8475],[-122.3142,47.8504],[-122.331,47.8307],[-122.3378,47.8315],[-122.3358,47.8106],[-122.3256,47.8083],[-122.33,47.796],[-122.3562,47.7996],[-122.3561,47.7923],[-122.3668,47.7905],[-122.383,47.8033],[-122.4406,47.8031],[-122.4429,47.7932]]]},"properties":{"geoid":"53032","state":"53","district":"32","name":"Legislative (Senate) District 32","chamber":"Senate"}},{"type":"Feature","geometry":{"type":"Polygon","coordinates":[[[-122.4101,47.4767],[-122.4041,47.4453],[-122.3522,47.3975],[-122.3484,47.3885],[-122.351,47.3781],[-122.3735,47.3655],[-122.3297,47.3502],[-122.3299,47.3653],[-122.3198,47.3677],[-122.3076,47.3615],[-122.3095,47.3579],[-122.2127,47.3539],[-122.2041,47.3509],[-122.2042,47.3461],[-122.1971,47.3508],[-122.197,47.3616],[-122.2125,47.3758],[-122.2073,47.3761],[-122.2074,47.4008],[-122.2203,47.4066],[-122.2212,47.4261],[-122.2155,47.4411],[-122.2456,47.4412],[-122.2485,47.4334],[-122.2625,47.434],[-122.2583,47.4302],[-122.2653,47.4287],[-122.2673,47.4194],[-122.2805,47.4193],[-122.2654,47.4388],[-122.2651,47.4478],[-122.2713,47.4563],[-122.2916,47.4597],[-122.288,47.467],[-122.2964,47.4958],[-122.3104,47.4958],[-122.3116,47.4886],[-122.35,47.4884],[-122.3553,47.4811],[-122.3667,47.4811],[-122.3801,47.4932],[-122.4077,47.4822],[-122.4101,47.4767]]]},"properties":{"geoid":"53033","state":"53","district":"33","name":"Legislative (Senate) District 33","chamber":"Senate"}},{"type":"Feature","geometry":{"type":"Polygon","coordinates":[[[-122.5417,47.3492],[-122.5348,47.3334],[-122.5204,47.3228],[-122.5005,47.3178],[-122.4716,47.3186],[-122.351,47.3781],[-122.348,47.3823],[-122.3522,47.3975],[-122.4041,47.4453],[-122.4101,47.4767],[-122.4077,47.4822],[-122.3801,47.4932],[-122.3667,47.4811],[-122.3553,47.4811],[-122.35,47.4884],[-122.3116,47.4886],[-122.3104,47.4958],[-122.2968,47.493],[-122.301,47.5072],[-122.308,47.513],[-122.3041,47.5129],[-122.309,47.526],[-122.3185,47.5318],[-122.3052,47.5317],[-122.301,47.5245],[-122.2914,47.5245],[-122.2972,47.5364],[-122.3216,47.5586],[-122.3209,47.5937],[-122.3291,47.5924],[-122.329,47.6017],[-122.3248,47.6017],[-122.3277,47.6043],[-122.3349,47.6082],[-122.3927,47.6086],[-122.4469,47.5981],[-122.4548,47.5748],[-122.4443,47.5556],[-122.445,47.5427],[-122.48,47.5217],[-122.4879,47.5019],[-122.5189,47.4624],[-122.5245,47.4239],[-122.5398,47.3966],[-122.5284,47.375],[-122.5417,47.3492]]]},"properties":{"geoid":"53034","state":"53","district":"34","name":"Legislative (Senate) District 34","chamber":"Senate"}},{"type":"Feature","geometry":{"type":"Polygon","coordinates":[[[-123.5061,47.4318],[-123.505,47.2585],[-123.4908,47.2582],[-123.4889,47.0826],[-123.2019,47.0851],[-123.2031,46.997],[-123.1584,46.9959],[-123.159,46.8361],[-123.1516,46.8407],[-123.1326,46.8414],[-123.1289,46.8378],[-123.1339,46.8298],[-123.1281,46.8298],[-123.1224,46.8376],[-123.1185,46.8331],[-123.1226,46.8303],[-123.1181,46.8282],[-123.118,46.8144],[-123.0995,46.816],[-123.0953,46.8073],[-123.0659,46.8075],[-123.0655,46.8156],[-123.0368,46.8025],[-123.037,46.8115],[-123.0235,46.8116],[-123.0231,46.8222],[-122.9621,46.8222],[-122.939,46.8325],[-122.8934,46.8426],[-122.8912,46.849],[-122.8783,46.8489],[-122.8709,46.8578],[-122.8615,46.8564],[-122.8526,46.8639],[-122.8261,46.8575],[-122.7934,46.8589],[-122.7112,46.8764],[-122.6977,46.8834],[-122.7031,46.8943],[-122.6975,46.8943],[-122.6911,46.916],[-122.6773,46.9162],[-122.6716,46.9233],[-122.6753,46.9234],[-122.6753,46.938],[-122.6964,46.9378],[-122.6965,46.9524],[-122.7383,46.9524],[-122.7386,46.9618],[-122.7196,46.9683],[-122.7228,46.9853],[-122.7597,46.9851],[-122.7598,47.0033],[-122.79,47.0046],[-122.7844,46.9961],[-122.7965,46.9905],[-122.8073,46.9962],[-122.8336,46.9963],[-122.8391,47.0107],[-122.8772,47.0072],[-122.8757,46.9954],[-122.8622,46.9826],[-122.8662,46.9783],[-122.8636,46.9745],[-122.8792,46.9658],[-122.8761,46.9528],[-122.9019,46.9564],[-122.902,46.9528],[-122.9159,46.9528],[-122.9105,46.9582],[-122.9133,46.9672],[-122.929,46.9673],[-122.9291,46.9456],[-122.9395,46.9455],[-122.9444,46.9401],[-122.9502,46.9455],[-122.9501,46.9527],[-122.9448,46.96],[-122.9352,46.96],[-122.9312,46.9747],[-122.9355,46.9762],[-122.9341,46.9818],[-122.9494,46.9723],[-122.9678,46.9745],[-122.9635,46.9874],[-122.9711,46.9936],[-122.9659,46.9935],[-122.9658,47.0034],[-122.9554,47.0034],[-122.9517,47.0108],[-122.9948,47.0235],[-122.9821,47.0421],[-122.9906,47.0448],[-122.9904,47.0492],[-123.0113,47.0655],[-123.0062,47.0773],[-122.9533,47.1042],[-122.9518,47.1285],[-122.9098,47.165],[-122.9035,47.1575],[-122.8773,47.159],[-122.8206,47.1942],[-122.8243,47.2161],[-122.8488,47.2454],[-122.8526,47.2635],[-122.8463,47.2778],[-122.8158,47.3039],[-122.8062,47.3207],[-122.8037,47.3334],[-122.8078,47.3462],[-122.8011,47.3565],[-122.8012,47.4036],[-122.6641,47.4033],[-122.6687,47.4142],[-122.6628,47.4286],[-122.6524,47.4286],[-122.6524,47.4397],[-122.6445,47.4469],[-122.6311,47.4469],[-122.6313,47.4838],[-122.6532,47.4857],[-122.6531,47.494],[-122.669,47.4914],[-122.6638,47.4904],[-122.6663,47.4844],[-122.6826,47.4757],[-122.7023,47.4741],[-122.7236,47.4653],[-122.7601,47.4642],[-122.7724,47.4692],[-122.7779,47.4616],[-122.8006,47.462],[-122.8007,47.4696],[-122.7957,47.47],[-122.7987,47.472],[-122.7935,47.4716],[-122.7784,47.4841],[-122.7795,47.5048],[-122.7741,47.5168],[-122.7687,47.5171],[-122.7685,47.5252],[-122.8008,47.524],[-122.8002,47.5384],[-122.8054,47.5386],[-122.8052,47.5457],[-122.7945,47.5456],[-122.7939,47.5492],[-122.7838,47.5455],[-122.7783,47.5599],[-122.773,47.5598],[-122.7783,47.5671],[-122.7625,47.5705],[-122.7466,47.5669],[-122.7466,47.5633],[-122.7414,47.5633],[-122.7414,47.5561],[-122.7362,47.5561],[-122.7358,47.5779],[-122.7167,47.5782],[-122.7143,47.5854],[-122.6994,47.5855],[-122.699,47.5963],[-122.6831,47.5949],[-122.6863,47.6139],[-122.7088,47.6139],[-122.7035,47.6342],[-122.7105,47.6355],[-122.7056,47.6572],[-122.7003,47.6608],[-122.7036,47.6666],[-122.7122,47.6647],[-122.7208,47.672],[-122.7663,47.6735],[-122.7705,47.6775],[-122.7877,47.672],[-122.8497,47.666],[-122.8969,47.6385],[-122.9316,47.6264],[-122.9506,47.6063],[-123.5059,47.6046],[-123.5061,47.4318]]]},"properties":{"geoid":"53035","state":"53","district":"35","name":"Legislative (Senate) District 35","chamber":"Senate"}},{"type":"Feature","geometry":{"type":"Polygon","coordinates":[[[-122.4598,47.6724],[-122.4528,47.6438],[-122.4549,47.6266],[-122.4465,47.6115],[-122.4469,47.5981],[-122.4008,47.6075],[-122.3897,47.619],[-122.3436,47.6186],[-122.3436,47.6254],[-122.3381,47.6264],[-122.3429,47.6464],[-122.3608,47.6531],[-122.3472,47.665],[-122.3501,47.7087],[-122.3784,47.7122],[-122.4333,47.7293],[-122.4375,47.713],[-122.4576,47.6852],[-122.4598,47.6724]]]},"properties":{"geoid":"53036","state":"53","district":"36","name":"Legislative (Senate) District 36","chamber":"Senate"}},{"type":"Feature","geometry":{"type":"Polygon","coordinates":[[[-122.329,47.5942],[-122.3209,47.5937],[-122.3216,47.5586],[-122.2958,47.5346],[-122.2913,47.5101],[-122.2701,47.5097],[-122.2703,47.4955],[-122.2537,47.4795],[-122.2322,47.4805],[-122.233,47.4864],[-122.2256,47.4872],[-122.2276,47.4909],[-122.2193,47.4947],[-122.2224,47.4957],[-122.2181,47.5005],[-122.2198,47.5098],[-122.2542,47.5306],[-122.2404,47.56],[-122.2458,47.569],[-122.2654,47.5805],[-122.2641,47.6098],[-122.2825,47.6115],[-122.2851,47.6182],[-122.2985,47.6176],[-122.2993,47.6214],[-122.3277,47.6043],[-122.3248,47.6017],[-122.329,47.6017],[-122.329,47.5942]]]},"properties":{"geoid":"53037","state":"53","district":"37","name":"Legislative (Senate) District 37","chamber":"Senate"}},{"type":"Feature","geometry":{"type":"Polygon","coordinates":[[[-122.3906,48.1236],[-122.3585,48.0913],[-122.3425,48.0633],[-122.34,48.0448],[-122.3521,48.0134],[-122.3315,47.9758],[-122.3287,47.9619],[-122.3099,47.9523],[-122.2911,47.9565],[-122.2911,47.9508],[-122.2719,47.9533],[-122.2763,47.9389],[-122.263,47.9363],[-122.2582,47.9229],[-122.2616,47.8981],[-122.2293,47.908],[-122.2281,47.8965],[-122.221,47.8913],[-122.207,47.91],[-122.1989,47.9089],[-122.196,47.9158],[-122.1853,47.9162],[-122.1851,47.9217],[-122.1742,47.9216],[-122.1708,47.9405],[-122.1787,47.9475],[-122.1915,47.9484],[-122.1862,47.9599],[-122.1871,47.9753],[-122.1521,47.9903],[-122.1539,48.0101],[-122.1492,48.0215],[-122.1094,48.0215],[-122.1109,48.0534],[-122.1195,48.0536],[-122.1259,48.0634],[-122.1294,48.0606],[-122.1406,48.0668],[-122.1405,48.092],[-122.1653,48.0941],[-122.1622,48.105],[-122.1658,48.1065],[-122.1761,48.1072],[-122.1752,48.0999],[-122.184,48.1038],[-122.1843,48.1229],[-122.3906,48.1236]]]},"properties":{"geoid":"53038","state":"53","district":"38","name":"Legislative (Senate) District 38","chamber":"Senate"}},{"type":"Feature","geometry":{"type":"Polygon","coordinates":[[[-122.3564,48.6451],[-122.324,48.5945],[-122.3235,48.5839],[-122.335,48.5692],[-122.3316,48.5604],[-122.3404,48.53],[-122.3348,48.5076],[-122.2859,48.5075],[-122.286,48.4928],[-122.2804,48.4967],[-122.2804,48.4925],[-122.303,48.4842],[-122.303,48.479],[-122.3112,48.4754],[-122.3064,48.4726],[-122.3135,48.45],[-122.2919,48.4538],[-122.2918,48.45],[-122.2973,48.45],[-122.2958,48.4428],[-122.2822,48.4392],[-122.2854,48.4355],[-122.2618,48.4299],[-122.2565,48.4213],[-122.2701,48.4145],[-122.2699,48.4036],[-122.2643,48.4035],[-122.2644,48.399],[-122.2922,48.3991],[-122.2921,48.3845],[-122.3315,48.3848],[-122.3357,48.3777],[-122.3362,48.3559],[-122.3325,48.3291],[-122.3201,48.3104],[-122.2223,48.2237],[-122.2158,48.2099],[-122.1514,48.2101],[-122.1505,48.214],[-122.1334,48.2176],[-122.1276,48.2026],[-122.117,48.1999],[-122.1151,48.2064],[-122.1074,48.2071],[-122.1022,48.1989],[-122.1105,48.1977],[-122.1068,48.1898],[-122.1014,48.1911],[-122.0939,48.1662],[-122.1105,48.1644],[-122.0982,48.1443],[-122.1406,48.1491],[-122.1874,48.1451],[-122.1906,48.1633],[-122.1966,48.1632],[-122.1966,48.1558],[-122.2157,48.1555],[-122.2154,48.1518],[-122.2032,48.1483],[-122.1891,48.1295],[-122.1949,48.1264],[-122.1843,48.1229],[-122.184,48.1038],[-122.1752,48.0999],[-122.1761,48.1072],[-122.1658,48.1065],[-122.1622,48.105],[-122.1653,48.0941],[-122.1405,48.092],[-122.1406,48.0668],[-122.1294,48.0606],[-122.1259,48.0634],[-122.1195,48.0536],[-122.1109,48.0534],[-122.1094,48.0215],[-122.1492,48.0215],[-122.1542,48.0067],[-122.1514,47.9915],[-122.1861,47.9766],[-122.1862,47.9599],[-122.1915,47.9484],[-122.1798,47.9478],[-122.1719,47.9418],[-122.1597,47.9505],[-122.1358,47.9563],[-122.1265,47.9638],[-122.1351,47.9745],[-122.109,47.971],[-122.1091,47.9637],[-122.102,47.9637],[-122.1024,47.9706],[-122.0712,47.971],[-122.059,47.9788],[-122.064,47.9726],[-122.0485,47.9755],[-122.0468,47.9608],[-122.0432,47.963],[-122.045,47.9349],[-122.0262,47.9356],[-122.0202,47.926],[-122.0018,47.9219],[-122.0002,47.9634],[-121.9695,47.9627],[-121.9522,47.9563],[-121.9462,47.9486],[-121.9479,47.9421],[-121.9388,47.9421],[-121.9388,47.9346],[-121.9281,47.9351],[-121.9274,47.9208],[-121.9053,47.9214],[-121.8966,47.9265],[-121.8961,47.9188],[-121.8795,47.9027],[-121.846,47.8996],[-121.8487,47.8953],[-121.8329,47.8903],[-121.8344,47.8841],[-121.8263,47.8749],[-121.8163,47.8732],[-121.8166,47.8691],[-121.8032,47.8711],[-121.8055,47.8801],[-121.7992,47.882],[-121.7347,47.8772],[-121.7334,47.8914],[-121.7261,47.8913],[-121.706,47.9058],[-121.7074,47.929],[-121.7183,47.9245],[-121.7121,47.9307],[-121.7121,47.9384],[-121.6999,47.9463],[-121.6871,47.9466],[-121.6868,47.9502],[-121.4514,47.9503],[-121.4516,47.9686],[-121.4368,47.9651],[-121.4312,47.972],[-121.4212,47.9714],[-121.4192,47.976],[-121.409,47.978],[-121.378,47.9584],[-121.3436,47.9709],[-121.3311,47.9649],[-121.3232,47.9712],[-121.282,47.9817],[-121.2699,47.9809],[-121.2517,47.9579],[-121.2387,47.9627],[-121.2245,47.976],[-121.1979,47.9746],[-121.1954,47.9794],[-121.1748,47.9794],[-121.164,47.9861],[-121.1356,47.983],[-121.1182,47.9971],[-121.1179,48.0063],[-121.1287,48.014],[-121.1301,48.021],[-121.1482,48.0301],[-121.153,48.041],[-121.1316,48.0444],[-121.116,48.058],[-121.1052,48.0578],[-121.097,48.0644],[-121.0814,48.0618],[-121.0328,48.0778],[-121.0159,48.0748],[-120.9994,48.0897],[-120.9813,48.0944],[-120.9725,48.1085],[-120.9562,48.1081],[-120.9471,48.1133],[-120.9652,48.134],[-120.9644,48.143],[-120.9556,48.152],[-120.9332,48.1568],[-120.9319,48.1616],[-120.9074,48.1632],[-120.9193,48.1904],[-120.947,48.201],[-120.9523,48.2091],[-120.9648,48.2113],[-120.9598,48.2278],[-120.9731,48.2353],[-120.9825,48.2513],[-120.9999,48.2629],[-121.0121,48.2799],[-121.0025,48.2863],[-121.0031,48.299],[-121.0265,48.3025],[-121.0346,48.3115],[-121.0457,48.3089],[-121.0716,48.3178],[-121.0658,48.3263],[-121.0711,48.3323],[-121.0695,48.339],[-121.0653,48.3384],[-121.0607,48.3465],[-121.0405,48.3485],[-121.0431,48.3634],[-121.0618,48.3794],[-121.059,48.3857],[-121.0664,48.3935],[-121.0565,48.4121],[-121.0416,48.4113],[-121.0462,48.4189],[-121.0425,48.4306],[-121.0371,48.433],[-121.041,48.4457],[-121.0555,48.4502],[-121.0632,48.4598],[-121.0528,48.482],[-121.0362,48.4953],[-120.9519,48.4992],[-120.9487,48.5082],[-120.9543,48.5224],[-120.9505,48.5296],[-120.9046,48.5237],[-120.904,48.5334],[-120.8854,48.5382],[-120.8632,48.5301],[-120.8579,48.5357],[-120.8587,48.5466],[-120.8447,48.5506],[-120.8239,48.545],[-120.8265,48.542],[-120.8093,48.5286],[-120.8168,48.5196],[-120.8018,48.5105],[-120.7656,48.5089],[-120.7465,48.5174],[-120.7036,48.5264],[-120.7021,48.5316],[-120.7087,48.5418],[-120.7005,48.559],[-120.6861,48.5665],[-120.6885,48.5757],[-120.7177,48.596],[-120.7226,48.5961],[-120.7307,48.5823],[-120.7441,48.5788],[-120.7605,48.5828],[-120.7837,48.6019],[-120.7821,48.6127],[-120.7883,48.6251],[-120.7717,48.6426],[-120.7563,48.6455],[-120.7519,48.657],[-120.9084,48.657],[-120.9084,48.6409],[-122.3564,48.6451]]]},"properties":{"geoid":"53039","state":"53","district":"39","name":"Legislative (Senate) District 39","chamber":"Senate"}},{"type":"Feature","geometry":{"type":"Polygon","coordinates":[[[-123.2679,48.694],[-123.2189,48.5487],[-123.1599,48.4535],[-123.1151,48.4228],[-123.2479,48.2846],[-122.8629,48.3704],[-122.7639,48.3715],[-122.7485,48.3814],[-122.7337,48.4126],[-122.7558,48.4773],[-122.7509,48.4887],[-122.6856,48.4896],[-122.6725,48.481],[-122.6363,48.4843],[-122.6366,48.47],[-122.6421,48.4699],[-122.6419,48.466],[-122.6364,48.4661],[-122.6361,48.4584],[-122.6416,48.4564],[-122.6252,48.4455],[-122.6059,48.4448],[-122.5825,48.4546],[-122.5767,48.4474],[-122.5686,48.448],[-122.5657,48.4591],[-122.5399,48.4584],[-122.5385,48.4627],[-122.467,48.4469],[-122.4333,48.446],[-122.3475,48.4689],[-122.3469,48.4456],[-122.3411,48.4448],[-122.3398,48.4279],[-122.3328,48.4211],[-122.3133,48.421],[-122.3133,48.4137],[-122.3253,48.412],[-122.3263,48.3848],[-122.2921,48.3845],[-122.2922,48.3991],[-122.2644,48.399],[-122.2643,48.4035],[-122.2699,48.4036],[-122.2701,48.4145],[-122.2565,48.4213],[-122.2618,48.4299],[-122.2854,48.4355],[-122.2822,48.4392],[-122.2958,48.4428],[-122.2973,48.45],[-122.2918,48.45],[-122.2919,48.4538],[-122.3135,48.45],[-122.3064,48.4726],[-122.3112,48.4754],[-122.303,48.479],[-122.303,48.4842],[-122.2804,48.4925],[-122.2804,48.4967],[-122.286,48.4928],[-122.2859,48.5075],[-122.3348,48.5076],[-122.3404,48.53],[-122.3316,48.5604],[-122.335,48.5692],[-122.3235,48.5839],[-122.324,48.5945],[-122.3564,48.6451],[-122.2103,48.6457],[-122.2056,48.6661],[-122.192,48.6857],[-122.1774,48.6892],[-122.1728,48.695],[-122.1796,48.7065],[-122.1916,48.7089],[-122.1897,48.7132],[-122.2034,48.7199],[-122.2035,48.7289],[-122.2123,48.7296],[-122.2122,48.734],[-122.3035,48.7315],[-122.3503,48.7563],[-122.3437,48.7676],[-122.3553,48.7676],[-122.3551,48.8037],[-122.396,48.8041],[-122.4263,48.7856],[-122.4282,48.7718],[-122.4343,48.7749],[-122.4453,48.7711],[-122.4453,48.7564],[-122.4618,48.7564],[-122.4651,48.7491],[-122.4756,48.7494],[-122.489,48.7423],[-122.4973,48.7429],[-122.5019,48.7506],[-122.5152,48.7563],[-122.5147,48.7357],[-122.5315,48.7359],[-122.5315,48.7246],[-122.5937,48.7246],[-122.5978,48.6719],[-122.5749,48.6491],[-122.5659,48.6299],[-122.5916,48.6257],[-122.6211,48.6279],[-122.6609,48.6453],[-122.7137,48.6451],[-122.7042,48.6572],[-122.706,48.6707],[-122.7489,48.7226],[-122.81,48.7707],[-123.0085,48.8312],[-123.0085,48.7671],[-123.2679,48.694]]]},"properties":{"geoid":"53040","state":"53","district":"40","name":"Legislative (Senate) District 40","chamber":"Senate"}},{"type":"Feature","geometry":{"type":"Polygon","coordinates":[[[-122.2668,47.5874],[-122.2642,47.5785],[-122.2476,47.5705],[-122.2404,47.56],[-122.2421,47.5499],[-122.2547,47.5364],[-122.2512,47.526],[-122.2357,47.5178],[-122.2191,47.5237],[-122.2043,47.5393],[-122.1943,47.5394],[-122.1901,47.5235],[-122.1841,47.5166],[-122.1752,47.5155],[-122.1714,47.5084],[-122.1699,47.5165],[-122.1378,47.5163],[-122.1378,47.5236],[-122.1431,47.5237],[-122.143,47.5272],[-122.1291,47.5272],[-122.1322,47.536],[-122.1111,47.5361],[-122.1083,47.5406],[-122.1118,47.5443],[-122.1005,47.5449],[-122.1002,47.5592],[-122.0613,47.5484],[-122.0579,47.552],[-122.037,47.5506],[-122.0307,47.5547],[-122.0342,47.5559],[-122.034,47.5681],[-122.0219,47.5731],[-122.0277,47.5793],[-121.9983,47.5785],[-121.995,47.5861],[-121.9829,47.581],[-121.9817,47.5876],[-121.9689,47.5802],[-121.9646,47.5876],[-121.9707,47.6011],[-122.0028,47.5987],[-122.0053,47.6094],[-121.9922,47.6083],[-121.9921,47.6127],[-122.014,47.613],[-122.0139,47.6167],[-122.0682,47.613],[-122.082,47.6175],[-122.0897,47.6113],[-122.1057,47.62],[-122.1072,47.6168],[-122.1324,47.617],[-122.1299,47.6064],[-122.1576,47.6026],[-122.1638,47.5975],[-122.1838,47.6032],[-122.1884,47.61],[-122.2177,47.6111],[-122.2204,47.5968],[-122.2331,47.6065],[-122.2637,47.6131],[-122.2668,47.5874]]]},"properties":{"geoid":"53041","state":"53","district":"41","name":"Legislative (Senate) District 41","chamber":"Senate"}},{"type":"Feature","geometry":{"type":"Polygon","coordinates":[[[-123.3222,49.0021],[-123.0085,48.8312],[-122.81,48.7707],[-122.7489,48.7226],[-122.706,48.6707],[-122.7042,48.6572],[-122.7137,48.6451],[-122.6609,48.6453],[-122.6324,48.631],[-122.6078,48.6261],[-122.5659,48.6299],[-122.5749,48.6491],[-122.5978,48.6719],[-122.5937,48.7246],[-122.5315,48.7246],[-122.5315,48.7359],[-122.5147,48.7357],[-122.5152,48.7563],[-122.5019,48.7506],[-122.4973,48.7429],[-122.489,48.7423],[-122.4756,48.7494],[-122.4651,48.7491],[-122.4618,48.7564],[-122.4453,48.7564],[-122.4453,48.7711],[-122.4343,48.7749],[-122.4282,48.7718],[-122.4263,48.7856],[-122.396,48.8041],[-122.3551,48.8037],[-122.3553,48.7676],[-122.3437,48.7676],[-122.3503,48.7563],[-122.3013,48.7306],[-122.2122,48.734],[-122.2123,48.7296],[-122.204,48.7294],[-122.2034,48.7199],[-122.1897,48.7132],[-122.1916,48.7089],[-122.1796,48.7065],[-122.1728,48.695],[-122.1774,48.6892],[-122.192,48.6857],[-122.2056,48.6661],[-122.2103,48.6457],[-120.9084,48.6409],[-120.9084,48.657],[-120.7519,48.657],[-120.7331,48.6662],[-120.7173,48.6645],[-120.7187,48.6745],[-120.7034,48.6969],[-120.68,48.6943],[-120.6782,48.7178],[-120.6598,48.7196],[-120.6559,48.7243],[-120.6679,48.7336],[-120.6782,48.7351],[-120.7099,48.7718],[-120.7255,48.7734],[-120.7354,48.7865],[-120.7353,48.8038],[-120.7421,48.8113],[-120.7425,48.8209],[-120.7353,48.8314],[-120.7403,48.8434],[-120.7307,48.8538],[-120.7361,48.8582],[-120.7353,48.8644],[-120.7623,48.873],[-120.7702,48.8818],[-120.7631,48.8885],[-120.7662,48.8932],[-120.7627,48.8995],[-120.7721,48.9067],[-120.7679,48.9114],[-120.7721,48.9265],[-120.7553,48.9322],[-120.7562,48.9429],[-120.7699,48.9553],[-120.7982,48.9595],[-120.801,48.9536],[-120.8151,48.9506],[-120.8201,48.9411],[-120.8318,48.9383],[-120.849,48.9559],[-120.8807,48.9667],[-120.8856,48.9752],[-120.864,48.9805],[-120.8512,48.9938],[-120.8553,48.998],[-120.8515,49.0003],[-121.7596,48.9973],[-122.0981,49.0024],[-123.3222,49.0021]]]},"properties":{"geoid":"53042","state":"53","district":"42","name":"Legislative (Senate) District 42","chamber":"Senate"}},{"type":"Feature","geometry":{"type":"Polygon","coordinates":[[[-122.4009,47.6095],[-122.3349,47.6082],[-122.3292,47.6037],[-122.2993,47.6214],[-122.2985,47.6176],[-122.2851,47.6182],[-122.2825,47.6115],[-122.2641,47.6098],[-122.2582,47.645],[-122.2394,47.6588],[-122.277,47.6683],[-122.2885,47.6611],[-122.2985,47.6685],[-122.3009,47.6612],[-122.3544,47.6614],[-122.3608,47.6531],[-122.3429,47.6464],[-122.3383,47.6395],[-122.3381,47.6264],[-122.3436,47.6254],[-122.3436,47.6186],[-122.3897,47.619],[-122.4009,47.6095]]]},"properties":{"geoid":"53043","state":"53","district":"43","name":"Legislative (Senate) District 43","chamber":"Senate"}},{"type":"Feature","geometry":{"type":"Polygon","coordinates":[[[-122.2279,47.8664],[-122.2277,47.8477],[-122.2231,47.8465],[-122.223,47.8383],[-122.2144,47.8383],[-122.2091,47.8321],[-122.2077,47.8094],[-122.1861,47.814],[-122.1866,47.7911],[-122.1738,47.7896],[-122.1694,47.7763],[-122.1542,47.7762],[-122.1389,47.7847],[-122.1337,47.7949],[-122.1151,47.7954],[-122.1062,47.8101],[-122.077,47.8133],[-122.0786,47.8073],[-122.0552,47.7885],[-122.0551,47.7757],[-122.0004,47.7754],[-121.9978,47.7837],[-122.0049,47.8089],[-122.0154,47.8171],[-122.0427,47.8244],[-122.074,47.8482],[-122.0337,47.8477],[-122.0339,47.8628],[-122.0124,47.8631],[-122.0126,47.8862],[-121.9914,47.8849],[-121.9857,47.8886],[-121.9848,47.8775],[-121.9484,47.8813],[-121.9472,47.8891],[-121.9541,47.8935],[-121.9484,47.9007],[-121.9434,47.9],[-121.9436,47.9101],[-121.9727,47.925],[-121.9898,47.9214],[-121.9918,47.9312],[-121.999,47.9343],[-122.0018,47.9219],[-122.0202,47.926],[-122.0262,47.9356],[-122.045,47.9349],[-122.0432,47.963],[-122.0468,47.9608],[-122.0485,47.9755],[-122.064,47.9726],[-122.0563,47.9784],[-122.0712,47.971],[-122.1024,47.9706],[-122.102,47.9637],[-122.1091,47.9637],[-122.109,47.971],[-122.1351,47.9745],[-122.1265,47.9638],[-122.1719,47.9418],[-122.1742,47.9216],[-122.1851,47.9217],[-122.1853,47.9162],[-122.196,47.9158],[-122.1989,47.9089],[-122.2109,47.9072],[-122.2189,47.8928],[-122.2174,47.8787],[-122.2231,47.8783],[-122.2279,47.8664]]]},"properties":{"geoid":"53044","state":"53","district":"44","name":"Legislative (Senate) District 44","chamber":"Senate"}},{"type":"Feature","geometry":{"type":"Polygon","coordinates":[[[-122.2623,47.7043],[-122.2328,47.6841],[-122.2297,47.6687],[-122.2228,47.668],[-122.197,47.6793],[-122.1943,47.6896],[-122.1704,47.6895],[-122.1702,47.6968],[-122.1646,47.6969],[-122.1648,47.6881],[-122.1588,47.6866],[-122.1337,47.6894],[-122.1324,47.6822],[-122.1107,47.6871],[-122.1023,47.6804],[-122.0894,47.689],[-122.0803,47.688],[-122.079,47.6645],[-122.0982,47.6484],[-122.0807,47.6337],[-122.082,47.6175],[-122.0682,47.613],[-122.0139,47.6167],[-122.014,47.613],[-121.9921,47.6127],[-121.9922,47.6083],[-122.0053,47.6094],[-122.0028,47.5987],[-121.9707,47.6011],[-121.9708,47.5945],[-121.9612,47.5946],[-121.9618,47.5905],[-121.9565,47.5905],[-121.9617,47.5988],[-121.9575,47.6154],[-121.9681,47.6267],[-121.9526,47.629],[-121.9483,47.6194],[-121.9508,47.6153],[-121.9442,47.6154],[-121.9443,47.6298],[-121.9283,47.6385],[-121.9238,47.6515],[-121.9119,47.6514],[-121.9069,47.6736],[-121.9089,47.6793],[-121.9437,47.6922],[-121.9466,47.7041],[-121.9404,47.7119],[-121.9468,47.7138],[-121.9489,47.7235],[-121.944,47.7417],[-121.9595,47.7409],[-121.9695,47.7475],[-121.9714,47.7377],[-121.9751,47.7476],[-121.9847,47.7512],[-121.957,47.7669],[-121.9604,47.7763],[-122.0746,47.776],[-122.0804,47.7731],[-122.0765,47.7685],[-122.0777,47.7547],[-122.1117,47.7615],[-122.1079,47.7492],[-122.1208,47.7535],[-122.1205,47.7475],[-122.142,47.7472],[-122.1392,47.7297],[-122.1501,47.7329],[-122.1533,47.7239],[-122.1638,47.734],[-122.1756,47.7339],[-122.1865,47.7408],[-122.1875,47.733],[-122.2078,47.733],[-122.2078,47.7253],[-122.2165,47.7262],[-122.2211,47.7204],[-122.2348,47.7189],[-122.2382,47.7117],[-122.2514,47.7118],[-122.2623,47.7043]]]},"properties":{"geoid":"53045","state":"53","district":"45","name":"Legislative (Senate) District 45","chamber":"Senate"}},{"type":"Feature","geometry":{"type":"Polygon","coordinates":[[[-122.3515,47.665],[-122.35,47.6614],[-122.3009,47.6612],[-122.2985,47.6685],[-122.289,47.6611],[-122.2741,47.6683],[-122.2394,47.6588],[-122.2302,47.666],[-122.23,47.6772],[-122.2328,47.6841],[-122.2607,47.7023],[-122.2719,47.7204],[-122.2744,47.7337],[-122.3343,47.7341],[-122.3342,47.7287],[-122.345,47.7287],[-122.3447,47.7065],[-122.3501,47.708],[-122.3472,47.665],[-122.3515,47.665]]]},"properties":{"geoid":"53046","state":"53","district":"46","name":"Legislative (Senate) District 46","chamber":"Senate"}},{"type":"Feature","geometry":{"type":"Polygon","coordinates":[[[-122.2712,47.3082],[-122.271,47.3033],[-122.2187,47.3009],[-122.2029,47.3064],[-122.1952,47.3014],[-122.1771,47.303],[-122.1702,47.2994],[-122.0864,47.3011],[-122.0966,47.3136],[-122.102,47.3436],[-122.0905,47.3446],[-122.0814,47.3536],[-122.074,47.3515],[-122.0734,47.3445],[-122.0539,47.3436],[-122.0657,47.358],[-122.059,47.358],[-122.0625,47.3727],[-122.0481,47.3805],[-122.0494,47.3869],[-122.0579,47.3871],[-122.048,47.3928],[-122.046,47.3998],[-122.0555,47.4113],[-122.073,47.4206],[-122.0942,47.4198],[-122.1102,47.4269],[-122.1188,47.4392],[-122.1543,47.4401],[-122.1546,47.4304],[-122.1758,47.4303],[-122.176,47.4158],[-122.1868,47.4158],[-122.1868,47.4122],[-122.2075,47.4159],[-122.2073,47.3761],[-122.2125,47.3758],[-122.197,47.3616],[-122.1971,47.3508],[-122.2042,47.3461],[-122.2087,47.3534],[-122.2434,47.3537],[-122.2447,47.3449],[-122.2655,47.3471],[-122.2708,47.3434],[-122.2712,47.3082]]]},"properties":{"geoid":"53047","state":"53","district":"47","name":"Legislative (Senate) District 47","chamber":"Senate"}},{"type":"Feature","geometry":{"type":"Polygon","coordinates":[[[-122.2627,47.6211],[-122.2637,47.6131],[-122.2331,47.6065],[-122.2204,47.5968],[-122.2177,47.6111],[-122.1884,47.61],[-122.1838,47.6032],[-122.164,47.5975],[-122.1576,47.6026],[-122.1299,47.6064],[-122.1324,47.617],[-122.101,47.62],[-122.0897,47.6113],[-122.0809,47.6185],[-122.0795,47.6305],[-122.0982,47.6484],[-122.079,47.6645],[-122.0803,47.688],[-122.0894,47.689],[-122.1023,47.6804],[-122.1107,47.6871],[-122.1324,47.6822],[-122.1337,47.6894],[-122.1648,47.6881],[-122.1646,47.6969],[-122.1702,47.6968],[-122.1704,47.6895],[-122.1943,47.6896],[-122.197,47.6793],[-122.2214,47.668],[-122.2297,47.6687],[-122.2534,47.6514],[-122.2627,47.6211]]]},"properties":{"geoid":"53048","state":"53","district":"48","name":"Legislative (Senate) District 48","chamber":"Senate"}},{"type":"Feature","geometry":{"type":"Polygon","coordinates":[[[-122.7741,45.6842],[-122.7638,45.6571],[-122.675,45.618],[-122.6439,45.6097],[-122.6026,45.6076],[-122.5499,45.5972],[-122.5589,45.621],[-122.5228,45.6207],[-122.5241,45.6284],[-122.5297,45.6284],[-122.5282,45.6502],[-122.5169,45.6564],[-122.5163,45.6618],[-122.506,45.6606],[-122.5059,45.6722],[-122.5163,45.6757],[-122.5163,45.6721],[-122.5316,45.6743],[-122.5726,45.6598],[-122.5917,45.6845],[-122.6065,45.6931],[-122.6179,45.6896],[-122.6155,45.686],[-122.623,45.6787],[-122.6928,45.6782],[-122.7247,45.7124],[-122.7345,45.7327],[-122.7353,45.7251],[-122.7426,45.7281],[-122.743,45.7503],[-122.761,45.7504],[-122.7601,45.7344],[-122.7741,45.6842]]]},"properties":{"geoid":"53049","state":"53","district":"49","name":"Legislative (Senate) District 49","chamber":"Senate"}}]}