{"type":"FeatureCollection","features":[{"type":"Feature","geometry":{"type":"MultiPolygon","coordinates":[[[[-87.9138,44.5779],[-87.896,44.5747],[-87.8961,44.5549],[-87.8891,44.5547],[-87.9007,44.5386],[-87.9069,44.5387],[-87.9069,44.5316],[-87.8792,44.5275],[-87.8792,44.5239],[-87.8868,44.5226],[-87.8872,44.4148],[-87.7653,44.4145],[-87.766,44.3272],[-87.5436,44.3275],[-87.5171,44.3767],[-87.5172,44.397],[-87.5026,44.433],[-87.499,44.4608],[-87.4923,44.4656],[-87.4837,44.5114],[-87.4718,44.5437],[-87.4523,44.5723],[-87.4375,44.6051],[-87.4319,44.6076],[-87.4358,44.6101],[-87.4317,44.6088],[-87.405,44.6277],[-87.3824,44.6573],[-87.377,44.674],[-87.344,44.7185],[-87.3352,44.7499],[-87.319,44.7715],[-87.3203,44.7863],[-87.3108,44.7917],[-87.3144,44.7932],[-87.3068,44.803],[-87.2826,44.8147],[-87.2671,44.847],[-87.2049,44.8754],[-87.2062,44.886],[-87.2171,44.8977],[-87.2154,44.9076],[-87.1717,44.9314],[-87.1751,44.9399],[-87.1882,44.9482],[-87.1894,44.9685],[-87.1643,45.0043],[-87.139,45.0128],[-87.1249,45.0426],[-87.1242,45.0576],[-87.0908,45.0511],[-87.0911,45.0559],[-87.0797,45.0581],[-87.0838,45.0659],[-87.0799,45.0736],[-87.0829,45.0708],[-87.0851,45.0792],[-87.097,45.0834],[-87.0907,45.0945],[-87.0818,45.096],[-87.0758,45.0875],[-87.0667,45.0843],[-87.0663,45.0785],[-87.0566,45.0936],[-87.0477,45.088],[-87.0486,45.0948],[-87.0534,45.0962],[-87.0486,45.1088],[-87.051,45.1166],[-87.0575,45.1248],[-87.075,45.1279],[-87.0842,45.1454],[-87.0777,45.1475],[-87.0796,45.1558],[-87.0691,45.1579],[-87.0468,45.1349],[-87.032,45.1416],[-87.0316,45.1504],[-87.0453,45.1583],[-87.0463,45.1725],[-87.0382,45.1994],[-87.0412,45.2111],[-87.0327,45.2133],[-87.0316,45.2187],[-87.0378,45.2211],[-87.0321,45.2232],[-87.041,45.2294],[-87.0222,45.2332],[-87.0083,45.2242],[-87.0028,45.2116],[-86.9818,45.2182],[-86.9782,45.2276],[-86.986,45.2359],[-86.9727,45.2462],[-86.9819,45.2483],[-86.9851,45.261],[-86.9704,45.2778],[-86.9754,45.288],[-86.984,45.2955],[-87.0075,45.2945],[-87.0164,45.2993],[-87.0231,45.2939],[-87.0235,45.2864],[-87.0434,45.2848],[-87.0524,45.2866],[-87.0592,45.2985],[-87.0681,45.2955],[-87.0783,45.265],[-87.0748,45.2539],[-87.1062,45.2583],[-87.1172,45.2404],[-87.1234,45.2228],[-87.1194,45.1915],[-87.1457,45.1921],[-87.1494,45.1854],[-87.1668,45.1835],[-87.1754,45.173],[-87.1699,45.1537],[-87.1751,45.1501],[-87.1867,45.1505],[-87.196,45.1633],[-87.2231,45.1652],[-87.2222,45.1749],[-87.2384,45.1666],[-87.258,45.1772],[-87.267,45.1737],[-87.2708,45.1666],[-87.2679,45.1573],[-87.2402,45.1543],[-87.2395,45.1285],[-87.2487,45.1323],[-87.2576,45.1218],[-87.263,45.0839],[-87.2815,45.0737],[-87.2821,45.048],[-87.2936,45.0459],[-87.3019,45.0537],[-87.3098,45.0431],[-87.3213,45.0384],[-87.3298,45.0188],[-87.3426,45.0122],[-87.3472,45.0006],[-87.3609,44.9872],[-87.3755,44.956],[-87.3939,44.9338],[-87.3984,44.9247],[-87.3952,44.9207],[-87.4114,44.9058],[-87.3936,44.8986],[-87.384,44.8872],[-87.3846,44.8378],[-87.3756,44.8293],[-87.3526,44.8215],[-87.3461,44.8277],[-87.343,44.8175],[-87.3301,44.8061],[-87.3416,44.8062],[-87.3377,44.8082],[-87.3774,44.8245],[-87.3829,44.8333],[-87.3901,44.8311],[-87.4048,44.8594],[-87.4199,44.8757],[-87.4205,44.8875],[-87.4336,44.8929],[-87.4609,44.8773],[-87.4871,44.8542],[-87.4992,44.8568],[-87.4988,44.8644],[-87.5148,44.87],[-87.504,44.861],[-87.5036,44.8552],[-87.5187,44.8493],[-87.5306,44.851],[-87.5334,44.8579],[-87.5324,44.8504],[-87.5413,44.832],[-87.5539,44.8267],[-87.5527,44.8233],[-87.5605,44.8249],[-87.555,44.8363],[-87.5651,44.8257],[-87.5686,44.8291],[-87.5649,44.8294],[-87.5588,44.8463],[-87.5506,44.8471],[-87.5498,44.8512],[-87.5812,44.8519],[-87.6152,44.8342],[-87.646,44.7988],[-87.6615,44.7884],[-87.6642,44.779],[-87.72,44.7255],[-87.7196,44.6935],[-87.7485,44.6676],[-87.756,44.6491],[-87.7752,44.6393],[-87.8092,44.6362],[-87.8408,44.6191],[-87.857,44.6195],[-87.8677,44.6077],[-87.8802,44.6029],[-87.8884,44.5913],[-87.9138,44.5779]]],[[[-86.765,45.392],[-86.764,45.3945],[-86.7644,45.3952],[-86.765,45.392]]],[[[-86.7808,45.3682],[-86.7803,45.3682],[-86.7803,45.3691],[-86.7808,45.3682]]],[[[-86.834,45.403],[-86.8057,45.4069],[-86.8097,45.4221],[-86.8301,45.428],[-86.8291,45.408],[-86.834,45.403]]],[[[-86.852,45.3575],[-86.8508,45.3574],[-86.8516,45.3583],[-86.852,45.3575]]],[[[-86.8597,45.4108],[-86.8596,45.4107],[-86.8596,45.4108],[-86.8597,45.4108]]],[[[-86.8962,45.2937],[-86.896,45.2934],[-86.8957,45.2934],[-86.8962,45.2937]]],[[[-86.9203,45.2842],[-86.9193,45.2835],[-86.9187,45.2856],[-86.9203,45.2842]]],[[[-86.934,45.3352],[-86.9183,45.3171],[-86.9074,45.3123],[-86.9012,45.2986],[-86.9047,45.2969],[-86.8977,45.2949],[-86.8989,45.309],[-86.909,45.3168],[-86.9186,45.3363],[-86.9227,45.3309],[-86.9309,45.3337],[-86.9309,45.3393],[-86.934,45.3352]]],[[[-86.9567,45.3478],[-86.954,45.3396],[-86.9408,45.3337],[-86.9362,45.3383],[-86.9399,45.3465],[-86.9344,45.3438],[-86.934,45.3515],[-86.9202,45.3544],[-86.903,45.3341],[-86.8913,45.3383],[-86.8803,45.3312],[-86.8718,45.3319],[-86.8652,45.339],[-86.8695,45.3499],[-86.8641,45.3642],[-86.8488,45.3704],[-86.8376,45.394],[-86.8607,45.4117],[-86.8774,45.4137],[-86.9155,45.4077],[-86.9235,45.3978],[-86.9286,45.3985],[-86.9275,45.4107],[-86.9365,45.421],[-86.9428,45.4157],[-86.9551,45.3839],[-86.9436,45.3568],[-86.948,45.3558],[-86.9433,45.3529],[-86.9529,45.3523],[-86.9556,45.357],[-86.9567,45.3478]]],[[[-86.9605,45.3112],[-86.9565,45.3037],[-86.9441,45.3022],[-86.9477,45.3129],[-86.9563,45.315],[-86.9605,45.3112]]],[[[-86.963,45.2536],[-86.9625,45.2531],[-86.9608,45.2544],[-86.963,45.2536]]],[[[-87.1439,45.2224],[-87.1407,45.2211],[-87.1421,45.2224],[-87.1439,45.2224]]],[[[-87.1492,45.224],[-87.1449,45.2229],[-87.1474,45.2245],[-87.1492,45.224]]],[[[-87.319,45.1031],[-87.3178,45.1013],[-87.3148,45.1013],[-87.319,45.1031]]],[[[-87.3776,45.1836],[-87.3764,45.1777],[-87.3268,45.1564],[-87.3383,45.171],[-87.3346,45.1929],[-87.3374,45.202],[-87.3323,45.2064],[-87.3354,45.2114],[-87.353,45.198],[-87.3652,45.2031],[-87.3766,45.1982],[-87.3776,45.1836]]],[[[-87.5209,44.8702],[-87.515,44.8702],[-87.515,44.872],[-87.5209,44.8702]]]]},"properties":{"geoid":"55001","state":"55","district":"1","name":"Assembly District 1","chamber":"Assembly"}},{"type":"Feature","geometry":{"type":"Polygon","coordinates":[[[-88.3551,44.2563],[-88.354,44.2439],[-88.0432,44.241],[-88.0437,44.1535],[-87.964,44.1534],[-87.9636,44.1458],[-87.9547,44.145],[-87.9335,44.1459],[-87.9336,44.1498],[-87.9438,44.1533],[-87.6606,44.1537],[-87.6605,44.1971],[-87.6001,44.1976],[-87.6001,44.2405],[-87.5128,44.2404],[-87.5415,44.2941],[-87.5436,44.3275],[-87.766,44.3272],[-87.7653,44.4145],[-87.8872,44.4148],[-87.8871,44.4439],[-87.9128,44.4405],[-87.9124,44.4441],[-87.9249,44.4442],[-87.9193,44.4405],[-87.9277,44.4406],[-87.9278,44.4442],[-87.9793,44.4449],[-87.9863,44.4345],[-88.0168,44.4451],[-88.0136,44.4427],[-88.0169,44.4375],[-88.0468,44.4395],[-88.0463,44.4338],[-88.0342,44.4281],[-88.0571,44.4309],[-88.0375,44.4209],[-88.0422,44.4113],[-88.0528,44.4151],[-88.0648,44.4047],[-88.0648,44.3962],[-88.0597,44.3974],[-88.0597,44.3938],[-88.0698,44.3866],[-88.0699,44.3647],[-88.0496,44.3647],[-88.0496,44.3574],[-88.1915,44.3569],[-88.1926,44.3161],[-88.2214,44.3097],[-88.2421,44.2854],[-88.2499,44.2929],[-88.2567,44.2931],[-88.2736,44.2753],[-88.2738,44.2643],[-88.2785,44.2607],[-88.2931,44.2601],[-88.293,44.2749],[-88.297,44.2715],[-88.3386,44.279],[-88.3549,44.2768],[-88.3551,44.2563]]]},"properties":{"geoid":"55002","state":"55","district":"2","name":"Assembly District 2","chamber":"Assembly"}},{"type":"Feature","geometry":{"type":"Polygon","coordinates":[[[-88.4044,44.2095],[-88.3789,44.2088],[-88.3446,44.1995],[-88.3139,44.1849],[-88.3003,44.1742],[-88.2976,44.1656],[-88.2941,44.1673],[-88.2975,44.1652],[-88.2945,44.1605],[-88.3199,44.1248],[-88.3282,44.1009],[-88.3251,44.0868],[-88.3303,44.0694],[-88.3212,44.0345],[-88.3277,43.9833],[-88.3195,43.9677],[-88.3149,43.9377],[-88.1617,43.9377],[-88.1623,43.8915],[-88.0418,43.8917],[-88.0418,43.9065],[-88.0468,43.9065],[-88.0468,43.9196],[-88.0519,43.9251],[-88.0456,43.9279],[-88.042,43.9213],[-88.0421,43.9792],[-87.8016,43.9792],[-87.8015,44.1531],[-87.9438,44.1533],[-87.9336,44.1498],[-87.9335,44.1459],[-87.9543,44.145],[-87.9636,44.1458],[-87.964,44.1534],[-88.0437,44.1535],[-88.0432,44.241],[-88.4041,44.2441],[-88.4044,44.2095]]]},"properties":{"geoid":"55003","state":"55","district":"3","name":"Assembly District 3","chamber":"Assembly"}},{"type":"Feature","geometry":{"type":"MultiPolygon","coordinates":[[[[-88.3666,44.9413],[-88.2452,44.9395],[-88.2482,44.8527],[-88.1269,44.8501],[-88.1298,44.5903],[-88.1945,44.5866],[-88.0971,44.5469],[-88.1215,44.542],[-88.1214,44.5341],[-88.1298,44.5333],[-88.1298,44.5166],[-88.1198,44.5166],[-88.1196,44.5239],[-88.0995,44.524],[-88.0944,44.5377],[-88.0768,44.5301],[-88.0668,44.5448],[-88.053,44.54],[-88.0393,44.5597],[-88.0492,44.5651],[-88.0407,44.5648],[-88.0428,44.57],[-88.0363,44.5768],[-88.0165,44.5822],[-88.0135,44.6236],[-88.0082,44.6253],[-88.0056,44.621],[-88.0098,44.6371],[-88.0029,44.6436],[-88.0036,44.6606],[-87.9937,44.6775],[-87.9822,44.6554],[-87.9783,44.6563],[-87.9884,44.6724],[-87.9901,44.6872],[-87.9899,44.706],[-87.986,44.7018],[-87.9832,44.7213],[-87.9659,44.7432],[-87.9343,44.7659],[-87.9077,44.8153],[-87.8999,44.8189],[-87.9029,44.8275],[-87.8672,44.842],[-87.8486,44.8701],[-87.8329,44.8809],[-87.8341,44.8883],[-87.8309,44.8864],[-87.8286,44.8948],[-87.8223,44.8982],[-87.8299,44.8955],[-87.8212,44.8991],[-87.8311,44.8958],[-87.8404,44.907],[-87.8444,44.9212],[-87.8393,44.9328],[-87.8135,44.9543],[-87.7626,44.9656],[-87.7601,44.9905],[-87.9444,44.9931],[-87.943,45.0204],[-88.3648,45.0278],[-88.3654,45.0099],[-88.356,45.0086],[-88.3563,44.9985],[-88.3657,44.9989],[-88.3666,44.9413]]],[[[-87.9794,44.653],[-87.9771,44.6529],[-87.9786,44.6557],[-87.9794,44.653]]],[[[-87.9906,44.6044],[-87.9804,44.5849],[-87.9804,44.5963],[-87.9906,44.6044]]],[[[-88.0058,44.6171],[-87.9959,44.6059],[-87.9915,44.6044],[-88.0058,44.6171]]]]},"properties":{"geoid":"55004","state":"55","district":"4","name":"Assembly District 4","chamber":"Assembly"}},{"type":"Feature","geometry":{"type":"Polygon","coordinates":[[[-88.4929,44.5069],[-88.4931,44.5017],[-88.3714,44.5013],[-88.375,44.3288],[-88.343,44.3287],[-88.3432,44.307],[-88.3535,44.3072],[-88.3555,44.277],[-88.3236,44.2791],[-88.297,44.2715],[-88.293,44.2749],[-88.2931,44.2601],[-88.2738,44.2643],[-88.2736,44.2753],[-88.2567,44.2931],[-88.2499,44.2929],[-88.2421,44.2854],[-88.2214,44.3097],[-88.1926,44.3161],[-88.1915,44.3569],[-88.1441,44.3572],[-88.139,44.3675],[-88.1216,44.3789],[-88.0891,44.4167],[-88.1094,44.4006],[-88.1141,44.4032],[-88.1241,44.3958],[-88.1408,44.4069],[-88.132,44.4099],[-88.1341,44.413],[-88.1286,44.413],[-88.1331,44.4155],[-88.1086,44.4307],[-88.1118,44.4307],[-88.0908,44.4509],[-88.0993,44.4521],[-88.1095,44.4452],[-88.1329,44.4454],[-88.1215,44.4597],[-88.1298,44.4597],[-88.1298,44.4637],[-88.1246,44.4637],[-88.1267,44.4689],[-88.1176,44.4673],[-88.1266,44.4742],[-88.1223,44.4778],[-88.1208,44.4742],[-88.1095,44.4742],[-88.1066,44.4855],[-88.1297,44.4886],[-88.1297,44.4936],[-88.1499,44.5006],[-88.1379,44.4991],[-88.1398,44.5239],[-88.1299,44.5238],[-88.1298,44.5333],[-88.1214,44.5341],[-88.1223,44.5416],[-88.0971,44.5469],[-88.1945,44.5866],[-88.4888,44.5895],[-88.4929,44.5069]]]},"properties":{"geoid":"55005","state":"55","district":"5","name":"Assembly District 5","chamber":"Assembly"}},{"type":"Feature","geometry":{"type":"Polygon","coordinates":[[[-88.9933,44.8703],[-88.9917,44.8558],[-88.9816,44.8557],[-88.9817,44.7679],[-88.8581,44.7678],[-88.8598,44.5904],[-88.2452,44.5847],[-88.1298,44.5903],[-88.1269,44.8501],[-88.2482,44.8527],[-88.2452,44.9395],[-88.3666,44.941],[-88.3657,44.9989],[-88.3563,44.9985],[-88.356,45.0057],[-88.356,45.0096],[-88.3654,45.0099],[-88.3616,45.1145],[-88.9825,45.118],[-88.9815,44.8702],[-88.9933,44.8703]]]},"properties":{"geoid":"55006","state":"55","district":"6","name":"Assembly District 6","chamber":"Assembly"}},{"type":"Feature","geometry":{"type":"Polygon","coordinates":[[[-88.0083,42.9596],[-87.9686,42.9594],[-87.9688,42.9449],[-87.9627,42.9432],[-87.9294,42.9448],[-87.9292,42.9593],[-87.9487,42.9594],[-87.9485,42.9739],[-87.9561,42.975],[-87.9533,42.9811],[-87.9583,42.9778],[-87.9609,42.9933],[-87.9779,42.9884],[-87.9764,43.0102],[-87.9821,43.0102],[-87.9826,43.0183],[-87.9695,43.0207],[-87.9679,43.0388],[-87.9887,43.037],[-87.9851,43.0321],[-87.9937,43.0296],[-87.9924,43.0241],[-88,43.0242],[-87.9975,42.9991],[-88.0019,42.999],[-88.0021,42.9868],[-87.9981,42.9705],[-88.0081,42.9699],[-88.0083,42.9596]]]},"properties":{"geoid":"55007","state":"55","district":"7","name":"Assembly District 7","chamber":"Assembly"}},{"type":"Feature","geometry":{"type":"Polygon","coordinates":[[[-87.948,43.0068],[-87.9481,43.0032],[-87.9383,43.003],[-87.9384,42.9957],[-87.919,42.992],[-87.9265,42.9811],[-87.9095,42.981],[-87.904,43.0262],[-87.9132,43.0326],[-87.933,43.0328],[-87.933,43.023],[-87.9436,43.0224],[-87.9422,43.017],[-87.9479,43.017],[-87.948,43.0068]]]},"properties":{"geoid":"55008","state":"55","district":"8","name":"Assembly District 8","chamber":"Assembly"}},{"type":"Feature","geometry":{"type":"Polygon","coordinates":[[[-87.9827,43.0118],[-87.9764,43.0102],[-87.9779,42.9884],[-87.9605,42.9929],[-87.9583,42.9778],[-87.9533,42.9811],[-87.9561,42.975],[-87.9485,42.9739],[-87.9487,42.9594],[-87.9265,42.9593],[-87.9291,42.9738],[-87.9193,42.9738],[-87.9192,42.9816],[-87.9265,42.9811],[-87.919,42.992],[-87.9287,42.9919],[-87.9336,42.9972],[-87.9384,42.9957],[-87.9383,43.003],[-87.9481,43.0032],[-87.9479,43.017],[-87.9422,43.017],[-87.9436,43.0224],[-87.933,43.023],[-87.9329,43.0355],[-87.9685,43.0336],[-87.9695,43.0207],[-87.9826,43.0183],[-87.9827,43.0118]]]},"properties":{"geoid":"55009","state":"55","district":"9","name":"Assembly District 9","chamber":"Assembly"}},{"type":"Feature","geometry":{"type":"Polygon","coordinates":[[[-87.9571,43.0902],[-87.9371,43.0896],[-87.9375,43.0696],[-87.9198,43.0712],[-87.917,43.0676],[-87.9053,43.0675],[-87.9052,43.0729],[-87.8978,43.0711],[-87.8975,43.082],[-87.8704,43.0829],[-87.8764,43.0989],[-87.9071,43.1003],[-87.912,43.1061],[-87.9122,43.1325],[-87.9078,43.1429],[-87.9083,43.1499],[-87.9143,43.1503],[-87.9133,43.1622],[-87.9152,43.1426],[-87.9197,43.1406],[-87.9281,43.1442],[-87.9351,43.159],[-87.9465,43.1602],[-87.9454,43.1484],[-87.9548,43.1485],[-87.946,43.1282],[-87.9458,43.1123],[-87.9385,43.1154],[-87.94,43.119],[-87.9331,43.1153],[-87.9208,43.1187],[-87.931,43.108],[-87.9251,43.1003],[-87.9313,43.1043],[-87.9546,43.1046],[-87.9571,43.0902]]]},"properties":{"geoid":"55010","state":"55","district":"10","name":"Assembly District 10","chamber":"Assembly"}},{"type":"Feature","geometry":{"type":"Polygon","coordinates":[[[-88.0252,43.1488],[-88.0179,43.1487],[-88.0158,43.1279],[-88.0059,43.1295],[-88.006,43.1195],[-88.0153,43.1172],[-88.0136,43.105],[-87.9938,43.1048],[-87.9948,43.1121],[-87.9862,43.112],[-87.9865,43.1047],[-87.9313,43.1043],[-87.9251,43.1003],[-87.931,43.108],[-87.9208,43.1187],[-87.9331,43.1153],[-87.94,43.119],[-87.9385,43.1154],[-87.9458,43.1123],[-87.946,43.1282],[-87.9548,43.1485],[-87.9454,43.1484],[-87.9451,43.1587],[-87.9508,43.163],[-87.9603,43.1623],[-87.9575,43.1558],[-87.9652,43.1559],[-87.9655,43.1486],[-87.9753,43.1486],[-87.9749,43.1631],[-88.0046,43.1633],[-88.005,43.1561],[-88.0249,43.1559],[-88.0252,43.1488]]]},"properties":{"geoid":"55011","state":"55","district":"11","name":"Assembly District 11","chamber":"Assembly"}},{"type":"Feature","geometry":{"type":"Polygon","coordinates":[[[-88.066,43.1047],[-88.0376,43.1044],[-88.0427,43.0907],[-88.0477,43.0897],[-88.0382,43.0892],[-88.0355,43.0823],[-88.0232,43.0832],[-88.0227,43.0897],[-88.0176,43.0897],[-88.0172,43.105],[-88.0136,43.105],[-88.0153,43.1172],[-88.006,43.1195],[-88.0059,43.1295],[-88.0158,43.1279],[-88.0179,43.1487],[-88.0252,43.1486],[-88.0249,43.1559],[-88.005,43.1561],[-88.0046,43.1633],[-87.9948,43.1632],[-87.9946,43.1705],[-87.9847,43.1704],[-87.9844,43.1849],[-87.9937,43.1858],[-87.9942,43.1926],[-88.0634,43.1921],[-88.066,43.1047]]]},"properties":{"geoid":"55012","state":"55","district":"12","name":"Assembly District 12","chamber":"Assembly"}},{"type":"Feature","geometry":{"type":"Polygon","coordinates":[[[-88.146,43.0907],[-88.146,43.0613],[-88.1075,43.0605],[-88.1071,43.0359],[-88.0582,43.036],[-88.0583,43.04],[-88.0473,43.0411],[-88.047,43.0351],[-88.0334,43.0352],[-88.0315,43.0388],[-88.0193,43.0386],[-88.0206,43.0458],[-88.0032,43.0523],[-87.9876,43.05],[-87.9892,43.0676],[-88.0384,43.0676],[-88.0352,43.0719],[-88.0384,43.0752],[-88.0339,43.0761],[-88.0387,43.0789],[-88.0382,43.0892],[-88.0477,43.0902],[-88.0427,43.0907],[-88.0376,43.1044],[-88.066,43.1042],[-88.0661,43.0983],[-88.0712,43.0964],[-88.0763,43.0966],[-88.0761,43.1046],[-88.1391,43.1046],[-88.146,43.0907]]]},"properties":{"geoid":"55013","state":"55","district":"13","name":"Assembly District 13","chamber":"Assembly"}},{"type":"Feature","geometry":{"type":"Polygon","coordinates":[[[-88.0686,42.982],[-88.0474,42.9808],[-88.0422,42.9881],[-88.0021,42.9883],[-88.0019,42.999],[-87.9975,42.9991],[-88,43.0242],[-87.9924,43.0241],[-87.9937,43.0296],[-87.9847,43.0332],[-87.9899,43.0369],[-88.0161,43.036],[-88.0162,43.0313],[-88.0236,43.0312],[-88.0219,43.0389],[-88.047,43.0351],[-88.0473,43.0411],[-88.0669,43.0364],[-88.0686,42.982]]]},"properties":{"geoid":"55014","state":"55","district":"14","name":"Assembly District 14","chamber":"Assembly"}},{"type":"Feature","geometry":{"type":"Polygon","coordinates":[[[-88.3046,43.0339],[-88.2856,43.0321],[-88.2858,43.0373],[-88.2911,43.0374],[-88.2866,43.0396],[-88.2924,43.0432],[-88.2901,43.0466],[-88.2824,43.0521],[-88.2708,43.0469],[-88.2655,43.0594],[-88.2516,43.0596],[-88.2492,43.0474],[-88.2314,43.0484],[-88.2221,43.0431],[-88.2218,43.0147],[-88.2014,43.0207],[-88.1965,43.0165],[-88.0673,43.0164],[-88.0669,43.0364],[-88.1071,43.0359],[-88.1075,43.0605],[-88.146,43.0613],[-88.1459,43.0974],[-88.1398,43.0973],[-88.1391,43.1046],[-88.3037,43.105],[-88.3046,43.0339]]]},"properties":{"geoid":"55015","state":"55","district":"15","name":"Assembly District 15","chamber":"Assembly"}},{"type":"Feature","geometry":{"type":"Polygon","coordinates":[[[-87.9577,43.0462],[-87.9378,43.0486],[-87.9366,43.0402],[-87.9416,43.0375],[-87.933,43.0328],[-87.9108,43.0321],[-87.9133,43.0465],[-87.898,43.0568],[-87.8978,43.0711],[-87.9052,43.0729],[-87.9053,43.0675],[-87.9375,43.0696],[-87.9371,43.0896],[-87.9571,43.0899],[-87.9577,43.0462]]]},"properties":{"geoid":"55016","state":"55","district":"16","name":"Assembly District 16","chamber":"Assembly"}},{"type":"Feature","geometry":{"type":"Polygon","coordinates":[[[-88.0389,43.0823],[-88.0339,43.0761],[-88.0384,43.0752],[-88.0374,43.0671],[-88.0024,43.0695],[-87.9892,43.0676],[-87.9875,43.0607],[-87.9776,43.0607],[-87.9748,43.0825],[-87.9672,43.0825],[-87.967,43.0969],[-87.9568,43.0965],[-87.9546,43.1046],[-87.9865,43.1047],[-87.9862,43.112],[-87.9948,43.1121],[-87.9938,43.1048],[-88.0172,43.105],[-88.0176,43.0897],[-88.0227,43.0897],[-88.0232,43.0832],[-88.0389,43.0823]]]},"properties":{"geoid":"55017","state":"55","district":"17","name":"Assembly District 17","chamber":"Assembly"}},{"type":"Feature","geometry":{"type":"Polygon","coordinates":[[[-88.0236,43.0359],[-88.0236,43.0312],[-88.0162,43.0313],[-88.0161,43.036],[-87.9968,43.0341],[-87.9764,43.0388],[-87.9679,43.0388],[-87.9685,43.0336],[-87.9622,43.0323],[-87.9329,43.0361],[-87.9416,43.0375],[-87.9366,43.0402],[-87.9378,43.0486],[-87.9577,43.0459],[-87.9568,43.0965],[-87.967,43.0969],[-87.9672,43.0825],[-87.9748,43.0825],[-87.9776,43.0607],[-87.9875,43.0607],[-87.9876,43.05],[-88.0032,43.0523],[-88.0206,43.0458],[-88.0193,43.0386],[-88.0236,43.0359]]]},"properties":{"geoid":"55018","state":"55","district":"18","name":"Assembly District 18","chamber":"Assembly"}},{"type":"Feature","geometry":{"type":"Polygon","coordinates":[[[-87.9134,43.0452],[-87.9108,43.032],[-87.9038,43.0253],[-87.9077,43.0196],[-87.9029,43.0173],[-87.9089,43.0078],[-87.9068,42.9952],[-87.8929,42.9974],[-87.8886,42.9882],[-87.8713,42.9881],[-87.8878,43.0006],[-87.8844,43.0049],[-87.8916,43.0072],[-87.8912,43.0145],[-87.8938,43.0123],[-87.893,43.0181],[-87.8973,43.0201],[-87.8947,43.0249],[-87.8988,43.0258],[-87.894,43.0304],[-87.8949,43.0353],[-87.8983,43.0303],[-87.897,43.0366],[-87.8938,43.0352],[-87.895,43.0425],[-87.8818,43.0461],[-87.8899,43.0459],[-87.8868,43.053],[-87.8802,43.0447],[-87.882,43.0533],[-87.8639,43.0742],[-87.8708,43.0819],[-87.8975,43.082],[-87.898,43.0568],[-87.9134,43.0452]]]},"properties":{"geoid":"55019","state":"55","district":"19","name":"Assembly District 19","chamber":"Assembly"}},{"type":"Feature","geometry":{"type":"MultiPolygon","coordinates":[[[[-87.9109,42.9937],[-87.9095,42.981],[-87.9006,42.9783],[-87.9029,42.9824],[-87.8944,42.9824],[-87.8941,42.9662],[-87.8897,42.9592],[-87.8833,42.9591],[-87.8878,42.93],[-87.8814,42.93],[-87.8821,42.8936],[-87.8474,42.8931],[-87.8393,42.9131],[-87.846,42.9293],[-87.845,42.9611],[-87.8533,42.9762],[-87.8713,42.9881],[-87.8886,42.9882],[-87.8929,42.9974],[-87.9109,42.9937]]],[[[-87.8431,42.9048],[-87.8429,42.9045],[-87.8428,42.9046],[-87.8431,42.9048]]]]},"properties":{"geoid":"55020","state":"55","district":"20","name":"Assembly District 20","chamber":"Assembly"}},{"type":"Feature","geometry":{"type":"Polygon","coordinates":[[[-87.9647,42.9388],[-87.9637,42.9304],[-87.9494,42.9304],[-87.9519,42.8435],[-87.8264,42.8422],[-87.826,42.8481],[-87.8341,42.8542],[-87.8436,42.8736],[-87.8435,42.8903],[-87.8821,42.8936],[-87.8814,42.93],[-87.8878,42.93],[-87.8833,42.9591],[-87.8897,42.9592],[-87.8941,42.9662],[-87.8944,42.9824],[-87.9029,42.9824],[-87.9006,42.9783],[-87.9192,42.9816],[-87.9193,42.9738],[-87.9291,42.9738],[-87.9294,42.9448],[-87.9645,42.9449],[-87.9647,42.9388]]]},"properties":{"geoid":"55021","state":"55","district":"21","name":"Assembly District 21","chamber":"Assembly"}},{"type":"Feature","geometry":{"type":"Polygon","coordinates":[[[-88.1822,43.2507],[-88.1822,43.2362],[-88.0839,43.2355],[-88.0837,43.221],[-88.0638,43.2211],[-88.0634,43.1921],[-87.984,43.1925],[-87.9838,43.2071],[-88.0037,43.2071],[-88.0036,43.2218],[-87.9897,43.2217],[-87.9888,43.2435],[-87.9689,43.2433],[-87.9642,43.233],[-87.9323,43.2416],[-87.9474,43.2555],[-87.9475,43.2664],[-87.9423,43.2673],[-87.9496,43.2754],[-87.9417,43.28],[-87.9028,43.2803],[-87.8888,43.3071],[-87.8771,43.3694],[-87.8709,43.3817],[-87.8642,43.3835],[-87.8704,43.3872],[-87.864,43.3898],[-87.8552,43.4058],[-87.8102,43.4559],[-87.9205,43.4558],[-87.9206,43.387],[-87.9156,43.3829],[-87.9206,43.385],[-87.9202,43.3683],[-87.9487,43.3679],[-87.9477,43.3604],[-87.9529,43.3601],[-87.9511,43.3678],[-88.0624,43.3673],[-88.0633,43.2789],[-88.1817,43.2808],[-88.1822,43.2507]]]},"properties":{"geoid":"55022","state":"55","district":"22","name":"Assembly District 22","chamber":"Assembly"}},{"type":"Feature","geometry":{"type":"Polygon","coordinates":[[[-88.0037,43.2084],[-87.9838,43.2071],[-87.984,43.1925],[-87.9942,43.1926],[-87.9937,43.1858],[-87.9844,43.1849],[-87.9847,43.1704],[-87.9946,43.1705],[-87.9948,43.1632],[-87.9749,43.1631],[-87.9753,43.1486],[-87.9655,43.1486],[-87.9652,43.1559],[-87.9575,43.1558],[-87.9581,43.1631],[-87.9351,43.159],[-87.9283,43.1444],[-87.9214,43.1405],[-87.9152,43.1426],[-87.9154,43.1623],[-87.9117,43.1619],[-87.9143,43.1503],[-87.9083,43.1499],[-87.9078,43.1429],[-87.9122,43.1325],[-87.912,43.1061],[-87.9071,43.1003],[-87.8764,43.0989],[-87.8938,43.1146],[-87.9012,43.1297],[-87.8809,43.1706],[-87.8964,43.1976],[-87.8968,43.2145],[-87.9111,43.2394],[-87.9113,43.2537],[-87.9028,43.2803],[-87.9417,43.28],[-87.9488,43.2764],[-87.949,43.2708],[-87.9423,43.2673],[-87.9475,43.2664],[-87.9474,43.2555],[-87.9323,43.2416],[-87.9642,43.233],[-87.9689,43.2433],[-87.9888,43.2435],[-87.9897,43.2217],[-88.0036,43.2218],[-88.0037,43.2084]]]},"properties":{"geoid":"55023","state":"55","district":"23","name":"Assembly District 23","chamber":"Assembly"}},{"type":"Feature","geometry":{"type":"Polygon","coordinates":[[[-88.1857,43.1047],[-88.0761,43.1046],[-88.0763,43.0966],[-88.0661,43.0983],[-88.0638,43.2211],[-88.0837,43.221],[-88.0839,43.2355],[-88.1822,43.2362],[-88.1822,43.2071],[-88.1686,43.2111],[-88.1623,43.2084],[-88.1622,43.2214],[-88.157,43.2213],[-88.1426,43.2091],[-88.1427,43.1961],[-88.1364,43.192],[-88.1822,43.1926],[-88.1857,43.1047]]]},"properties":{"geoid":"55024","state":"55","district":"24","name":"Assembly District 24","chamber":"Assembly"}},{"type":"Feature","geometry":{"type":"Polygon","coordinates":[[[-87.9224,43.979],[-87.9223,43.892],[-87.8015,43.8919],[-87.8001,43.745],[-87.795,43.7449],[-87.795,43.7603],[-87.7798,43.7602],[-87.7801,43.7901],[-87.7641,43.7899],[-87.7793,43.805],[-87.7242,43.8057],[-87.7296,43.829],[-87.7282,43.8512],[-87.736,43.8804],[-87.719,43.9378],[-87.6989,43.9659],[-87.6955,43.9896],[-87.6834,44.0203],[-87.6551,44.0529],[-87.6542,44.0819],[-87.6437,44.0914],[-87.6578,44.0926],[-87.6519,44.0924],[-87.6486,44.0997],[-87.6437,44.0926],[-87.6476,44.1038],[-87.6186,44.1237],[-87.5607,44.1426],[-87.5295,44.1675],[-87.5171,44.1828],[-87.5076,44.2069],[-87.5071,44.224],[-87.5128,44.2404],[-87.6001,44.2405],[-87.6001,44.1976],[-87.6605,44.1971],[-87.6606,44.1537],[-87.8015,44.1531],[-87.8016,43.9792],[-87.9224,43.979]]]},"properties":{"geoid":"55025","state":"55","district":"25","name":"Assembly District 25","chamber":"Assembly"}},{"type":"Feature","geometry":{"type":"Polygon","coordinates":[[[-87.8004,43.6886],[-87.7965,43.6304],[-87.7925,43.6392],[-87.7877,43.6379],[-87.7954,43.6304],[-87.7416,43.6295],[-87.7073,43.6775],[-87.7029,43.6868],[-87.7029,43.7083],[-87.7096,43.7375],[-87.7041,43.7468],[-87.6947,43.7486],[-87.7029,43.7486],[-87.7023,43.7531],[-87.6926,43.7495],[-87.7027,43.755],[-87.6952,43.7645],[-87.7054,43.7733],[-87.7242,43.8057],[-87.7793,43.805],[-87.764,43.7933],[-87.7641,43.7899],[-87.7801,43.7901],[-87.7797,43.7585],[-87.7747,43.7603],[-87.7747,43.7538],[-87.764,43.7537],[-87.7573,43.7357],[-87.7499,43.7356],[-87.7499,43.732],[-87.76,43.7319],[-87.7616,43.7121],[-87.7681,43.7177],[-87.8002,43.7177],[-87.8004,43.6886]]]},"properties":{"geoid":"55026","state":"55","district":"26","name":"Assembly District 26","chamber":"Assembly"}},{"type":"Feature","geometry":{"type":"Polygon","coordinates":[[[-88.4022,43.8065],[-88.4021,43.7946],[-88.384,43.7944],[-88.3949,43.8034],[-88.382,43.8047],[-88.3814,43.7963],[-88.3715,43.7997],[-88.3664,43.7908],[-88.3216,43.7903],[-88.2812,43.7901],[-88.2813,43.8046],[-88.1612,43.8045],[-88.16,43.6305],[-87.8052,43.6303],[-87.8093,43.6194],[-87.8013,43.6186],[-87.8026,43.6158],[-87.7703,43.6157],[-87.7694,43.6303],[-87.7954,43.6304],[-87.7877,43.6379],[-87.7925,43.6392],[-87.7962,43.6304],[-87.7992,43.6317],[-87.8002,43.7177],[-87.7681,43.7177],[-87.7616,43.7121],[-87.76,43.7319],[-87.7499,43.732],[-87.7499,43.7356],[-87.7573,43.7357],[-87.764,43.7537],[-87.7747,43.7538],[-87.7747,43.7603],[-87.795,43.7603],[-87.795,43.7449],[-87.8001,43.745],[-87.8015,43.8919],[-87.9223,43.892],[-87.9224,43.979],[-88.0421,43.9792],[-88.042,43.9213],[-88.0456,43.9279],[-88.0519,43.9251],[-88.0468,43.9196],[-88.0468,43.9065],[-88.0418,43.9065],[-88.0418,43.8917],[-88.1623,43.8915],[-88.1617,43.9377],[-88.3149,43.9377],[-88.3189,43.9252],[-88.3329,43.916],[-88.3707,43.8644],[-88.3747,43.8528],[-88.3876,43.8416],[-88.389,43.8185],[-88.4022,43.8065]]]},"properties":{"geoid":"55027","state":"55","district":"27","name":"Assembly District 27","chamber":"Assembly"}},{"type":"Feature","geometry":{"type":"Polygon","coordinates":[[[-92.7924,45.0789],[-92.6194,45.0789],[-92.6193,44.9493],[-92.497,44.9492],[-92.4971,44.7757],[-92.1363,44.7715],[-92.1352,44.6844],[-91.9741,44.6838],[-91.9751,44.8149],[-92.0144,44.8148],[-92.0153,45.0312],[-92.1125,45.0316],[-92.1119,45.0678],[-92.1364,45.0678],[-92.1361,45.1214],[-92.1571,45.1216],[-92.1565,45.2096],[-92.758,45.2096],[-92.7639,45.2049],[-92.7668,45.1855],[-92.7524,45.1739],[-92.7491,45.1487],[-92.7522,45.1425],[-92.7396,45.1156],[-92.7924,45.0789]]]},"properties":{"geoid":"55028","state":"55","district":"28","name":"Assembly District 28","chamber":"Assembly"}},{"type":"Feature","geometry":{"type":"Polygon","coordinates":[[[-92.8084,44.7519],[-92.7923,44.7394],[-92.732,44.7143],[-92.661,44.6609],[-92.632,44.6492],[-92.6202,44.6342],[-92.6216,44.6149],[-92.6016,44.612],[-92.5862,44.6001],[-92.5772,44.605],[-92.5689,44.6034],[-92.5498,44.5811],[-92.5489,44.5683],[-92.5192,44.5753],[-92.4937,44.5661],[-92.481,44.5684],[-92.4589,44.5627],[-92.4386,44.5526],[-92.4157,44.5605],[-92.3361,44.554],[-92.3141,44.538],[-92.303,44.5186],[-92.3022,44.5003],[-92.291,44.4855],[-92.2309,44.4445],[-92.1954,44.4338],[-92.1245,44.4221],[-92.0786,44.4049],[-92.0565,44.4027],[-92.0381,44.3887],[-91.9636,44.3621],[-91.9413,44.341],[-91.9256,44.3335],[-91.9186,44.3227],[-91.9136,44.3104],[-91.9246,44.2918],[-91.8964,44.2747],[-91.896,44.2629],[-91.887,44.2518],[-91.8927,44.2311],[-91.8774,44.2129],[-91.8752,44.2006],[-91.8292,44.1783],[-91.8081,44.1593],[-91.7517,44.1348],[-91.7216,44.1303],[-91.7106,44.1205],[-91.7075,44.1039],[-91.6815,44.0974],[-91.6479,44.0641],[-91.6105,44.0493],[-91.5956,44.0333],[-91.5826,44.0274],[-91.5071,44.019],[-91.4809,44.0081],[-91.4635,44.009],[-91.4341,43.9979],[-91.4252,43.9843],[-91.4009,43.9842],[-91.4059,43.9922],[-91.4058,44.0132],[-91.4109,44.0132],[-91.4112,44.0639],[-91.3913,44.0637],[-91.3963,44.0773],[-91.3963,44.0917],[-91.3913,44.0917],[-91.3924,44.1648],[-91.3837,44.1649],[-91.3837,44.1721],[-91.3738,44.1721],[-91.3736,44.1866],[-91.3633,44.1866],[-91.3637,44.2153],[-91.3535,44.2152],[-91.3545,44.2473],[-91.1655,44.2474],[-91.1659,44.5098],[-91.5289,44.5094],[-91.5291,44.5962],[-91.6502,44.5966],[-91.6504,44.6836],[-92.1352,44.6844],[-92.1363,44.7715],[-92.7755,44.7758],[-92.7767,44.7648],[-92.7994,44.7685],[-92.8064,44.7646],[-92.8084,44.7519]]]},"properties":{"geoid":"55029","state":"55","district":"29","name":"Assembly District 29","chamber":"Assembly"}},{"type":"Feature","geometry":{"type":"Polygon","coordinates":[[[-92.806,44.7663],[-92.7767,44.7648],[-92.7755,44.7758],[-92.4971,44.7757],[-92.497,44.9492],[-92.6193,44.9493],[-92.6194,45.0789],[-92.7926,45.0788],[-92.8022,45.0676],[-92.7971,45.0506],[-92.7621,45.0243],[-92.7712,45.0014],[-92.7694,44.9721],[-92.7546,44.9558],[-92.7506,44.9373],[-92.7587,44.909],[-92.7746,44.8981],[-92.7634,44.8741],[-92.7695,44.862],[-92.7659,44.8356],[-92.7808,44.8123],[-92.7856,44.7919],[-92.806,44.7663]]]},"properties":{"geoid":"55030","state":"55","district":"30","name":"Assembly District 30","chamber":"Assembly"}},{"type":"Feature","geometry":{"type":"Polygon","coordinates":[[[-88.8946,42.6477],[-88.8946,42.4942],[-88.4225,42.4945],[-88.4233,42.5494],[-88.4287,42.5457],[-88.4823,42.5456],[-88.4828,42.5658],[-88.4403,42.5746],[-88.4329,42.5865],[-88.4415,42.5914],[-88.4521,42.5811],[-88.4626,42.5828],[-88.4652,42.5974],[-88.4607,42.5991],[-88.465,42.5991],[-88.4649,42.605],[-88.4588,42.6064],[-88.4614,42.6117],[-88.4537,42.6122],[-88.477,42.6335],[-88.4557,42.6405],[-88.46,42.6465],[-88.4575,42.6514],[-88.4429,42.6476],[-88.4429,42.6522],[-88.4329,42.6521],[-88.438,42.66],[-88.4331,42.6621],[-88.4332,42.6696],[-88.4235,42.6694],[-88.426,42.7563],[-88.5439,42.757],[-88.5414,42.843],[-88.6593,42.8425],[-88.6591,42.6691],[-88.8944,42.6699],[-88.8946,42.6477]]]},"properties":{"geoid":"55031","state":"55","district":"31","name":"Assembly District 31","chamber":"Assembly"}},{"type":"Feature","geometry":{"type":"Polygon","coordinates":[[[-88.4237,42.5798],[-88.4149,42.5675],[-88.4235,42.5673],[-88.4233,42.56],[-88.419,42.5594],[-88.4233,42.5548],[-88.4225,42.4945],[-87.8005,42.4919],[-87.811,42.5159],[-87.8233,42.5148],[-87.824,42.5221],[-87.8538,42.5225],[-87.8541,42.5312],[-87.8663,42.531],[-87.8648,42.5372],[-87.9124,42.5342],[-87.9132,42.5377],[-87.9334,42.5318],[-87.9326,42.538],[-87.9435,42.545],[-87.9334,42.5509],[-87.9338,42.5675],[-87.9526,42.5675],[-87.9534,42.6696],[-88.1883,42.6697],[-88.1882,42.6115],[-88.3059,42.6108],[-88.3056,42.5817],[-88.4237,42.5798]]]},"properties":{"geoid":"55032","state":"55","district":"32","name":"Assembly District 32","chamber":"Assembly"}},{"type":"Feature","geometry":{"type":"Polygon","coordinates":[[[-88.544,42.7694],[-88.5439,42.757],[-88.426,42.7563],[-88.4235,42.6694],[-88.4332,42.6696],[-88.4331,42.6621],[-88.438,42.66],[-88.4329,42.6521],[-88.4429,42.6522],[-88.4429,42.6476],[-88.4575,42.6514],[-88.46,42.6465],[-88.4557,42.6405],[-88.477,42.6335],[-88.4537,42.6122],[-88.4614,42.6117],[-88.4588,42.6064],[-88.4649,42.605],[-88.465,42.5991],[-88.4607,42.5991],[-88.4652,42.5974],[-88.4626,42.5828],[-88.4521,42.5811],[-88.4415,42.5914],[-88.4329,42.5865],[-88.4403,42.5746],[-88.4828,42.5658],[-88.4823,42.5456],[-88.4255,42.5467],[-88.419,42.5594],[-88.4233,42.56],[-88.4235,42.5673],[-88.4149,42.5675],[-88.4237,42.5824],[-88.3056,42.5817],[-88.3059,42.6108],[-88.1882,42.6115],[-88.1883,42.6697],[-87.9533,42.6696],[-87.954,42.757],[-88.1996,42.7564],[-88.2074,42.7529],[-88.2042,42.7563],[-88.217,42.7562],[-88.2207,42.7466],[-88.2255,42.7459],[-88.2293,42.756],[-88.3081,42.7555],[-88.3064,42.8407],[-88.3279,42.8185],[-88.3313,42.8245],[-88.3264,42.8244],[-88.3263,42.8353],[-88.3361,42.8363],[-88.3361,42.8281],[-88.3532,42.8283],[-88.3438,42.8429],[-88.5414,42.843],[-88.544,42.7694]]]},"properties":{"geoid":"55033","state":"55","district":"33","name":"Assembly District 33","chamber":"Assembly"}},{"type":"Feature","geometry":{"type":"Polygon","coordinates":[[[-90.0453,45.8062],[-90.0434,45.5551],[-89.7959,45.5556],[-89.7958,45.645],[-89.6728,45.645],[-89.6723,45.5557],[-89.4283,45.5554],[-89.4248,45.4672],[-89.3443,45.47],[-89.0465,45.4644],[-89.0478,45.9823],[-88.9332,45.9823],[-88.9328,46.0737],[-89.0916,46.1384],[-89.9292,46.2997],[-89.9288,45.982],[-90.044,45.9819],[-90.0453,45.8062]]]},"properties":{"geoid":"55034","state":"55","district":"34","name":"Assembly District 34","chamber":"Assembly"}},{"type":"Feature","geometry":{"type":"Polygon","coordinates":[[[-90.0465,45.3021],[-90.0437,45.1202],[-89.8445,45.1201],[-89.8445,45.0328],[-89.727,45.0323],[-89.7271,44.973],[-89.6609,44.9735],[-89.6608,44.9772],[-89.6661,44.9772],[-89.6627,44.9808],[-89.6662,44.9808],[-89.6666,44.9881],[-89.6575,44.9887],[-89.6661,45],[-89.6586,44.999],[-89.6584,44.9954],[-89.6492,44.999],[-89.6461,44.9887],[-89.6312,44.9936],[-89.6337,44.9882],[-89.6213,44.9886],[-89.6274,45.0013],[-89.6109,45.0034],[-89.6108,45.0323],[-89.4922,45.0323],[-89.4918,44.9457],[-88.9813,44.9427],[-88.9825,45.118],[-88.6412,45.1173],[-88.6382,45.2048],[-88.6801,45.205],[-88.6792,45.2771],[-88.5553,45.2764],[-88.5544,45.3777],[-88.926,45.3786],[-88.9231,45.4651],[-89.3443,45.47],[-89.4248,45.4672],[-89.4283,45.5554],[-89.6723,45.5557],[-89.6728,45.645],[-89.7958,45.645],[-89.7959,45.5556],[-90.0434,45.5551],[-90.0422,45.375],[-90.0465,45.3021]]]},"properties":{"geoid":"55035","state":"55","district":"35","name":"Assembly District 35","chamber":"Assembly"}},{"type":"Feature","geometry":{"type":"MultiPolygon","coordinates":[[[[-89.0479,45.9391],[-89.0465,45.4644],[-88.9231,45.4651],[-88.926,45.3786],[-88.5544,45.3777],[-88.5553,45.2764],[-88.6792,45.2771],[-88.6801,45.205],[-88.6382,45.2048],[-88.6412,45.1173],[-88.3616,45.1145],[-88.3648,45.0278],[-87.943,45.0204],[-87.9444,44.9931],[-87.7601,44.9905],[-87.7626,44.9656],[-87.6956,44.9744],[-87.6565,44.9714],[-87.63,44.977],[-87.6234,45.0021],[-87.6249,45.0483],[-87.6016,45.0823],[-87.5939,45.0846],[-87.578,45.071],[-87.5896,45.0895],[-87.5901,45.0946],[-87.5849,45.0964],[-87.6612,45.1083],[-87.6839,45.1441],[-87.7361,45.1722],[-87.7418,45.1971],[-87.7262,45.2094],[-87.727,45.2189],[-87.7214,45.2268],[-87.725,45.2321],[-87.7113,45.24],[-87.7104,45.2593],[-87.6988,45.2694],[-87.6982,45.2815],[-87.6875,45.2981],[-87.6719,45.3081],[-87.6617,45.3207],[-87.6616,45.3276],[-87.6481,45.3394],[-87.6477,45.3507],[-87.6564,45.3584],[-87.6574,45.3688],[-87.6735,45.3769],[-87.675,45.3825],[-87.694,45.3899],[-87.7189,45.3775],[-87.7388,45.3569],[-87.7509,45.355],[-87.7541,45.3494],[-87.8326,45.3522],[-87.8501,45.3404],[-87.8504,45.3475],[-87.8635,45.353],[-87.8692,45.366],[-87.8758,45.365],[-87.8704,45.3563],[-87.8811,45.3513],[-87.8881,45.3547],[-87.8849,45.3628],[-87.8715,45.3715],[-87.8754,45.3794],[-87.8594,45.3882],[-87.8591,45.399],[-87.8493,45.4039],[-87.8617,45.4345],[-87.8312,45.4572],[-87.813,45.4642],[-87.7928,45.5],[-87.8022,45.5131],[-87.8034,45.5383],[-87.8337,45.5616],[-87.8293,45.5688],[-87.7924,45.5631],[-87.7868,45.5828],[-87.7772,45.5885],[-87.7747,45.602],[-87.7808,45.6146],[-87.7959,45.6188],[-87.8102,45.6387],[-87.8241,45.6471],[-87.8247,45.6532],[-87.8242,45.662],[-87.7816,45.6733],[-87.7808,45.6803],[-87.8091,45.6997],[-87.8051,45.705],[-87.8101,45.7102],[-87.8373,45.7169],[-87.8555,45.7269],[-87.8643,45.7371],[-87.8622,45.745],[-87.8769,45.7544],[-87.8984,45.7525],[-87.9067,45.7595],[-87.9635,45.7582],[-87.967,45.764],[-87.9897,45.772],[-87.9809,45.777],[-87.9914,45.7954],[-88.0397,45.7896],[-88.0409,45.7843],[-88.05,45.7812],[-88.0722,45.7801],[-88.0948,45.7858],[-88.1032,45.7913],[-88.1076,45.803],[-88.1301,45.8097],[-88.1345,45.8225],[-88.1052,45.8424],[-88.0825,45.865],[-88.0748,45.8649],[-88.0758,45.8696],[-88.0698,45.8729],[-88.0818,45.8802],[-88.1013,45.8823],[-88.1066,45.9022],[-88.0949,45.9153],[-88.1011,45.9207],[-88.1267,45.9218],[-88.1268,45.926],[-88.1477,45.9374],[-88.1701,45.9395],[-88.1921,45.9527],[-88.2099,45.9442],[-88.2371,45.9483],[-88.2448,45.9529],[-88.2469,45.9635],[-88.2938,45.9509],[-88.3203,45.9637],[-88.3273,45.955],[-88.3303,45.9658],[-88.3805,45.9918],[-88.3886,45.9826],[-88.4164,45.9751],[-88.4348,45.9883],[-88.45,45.9901],[-88.4587,45.9995],[-88.4708,46.001],[-88.4752,45.9931],[-88.4894,45.9914],[-88.498,45.9958],[-88.5064,46.0176],[-88.5147,46.02],[-88.5337,46.0211],[-88.5394,46.0145],[-88.5492,46.0129],[-88.5657,46.0157],[-88.5883,46.0051],[-88.5935,46.0148],[-88.6012,46.0178],[-88.6127,46.0045],[-88.616,45.9879],[-88.6385,45.9851],[-88.6708,45.9885],[-88.6635,45.9927],[-88.6789,46.0136],[-88.7037,46.0183],[-88.7183,46.0132],[-88.7213,46.0222],[-88.739,46.0275],[-88.759,46.0196],[-88.7706,46.0256],[-88.7698,46.0189],[-88.7802,46.0154],[-88.7839,46.0238],[-88.7787,46.0317],[-88.7893,46.0285],[-88.7965,46.0337],[-88.8007,46.03],[-88.7965,46.0236],[-88.816,46.0206],[-88.8191,46.0263],[-88.8391,46.03],[-88.8508,46.0403],[-88.9328,46.0737],[-88.9332,45.9823],[-89.0478,45.9823],[-89.0479,45.9391]]],[[[-87.5063,45.0596],[-87.4902,45.0549],[-87.4963,45.061],[-87.5063,45.0596]]]]},"properties":{"geoid":"55036","state":"55","district":"36","name":"Assembly District 36","chamber":"Assembly"}},{"type":"Feature","geometry":{"type":"Polygon","coordinates":[[[-89.0171,43.5492],[-89.0079,43.5473],[-89.0134,43.5456],[-89.0145,43.5378],[-89.0067,43.5317],[-89.0047,43.3716],[-88.8838,43.3719],[-88.8839,43.3937],[-88.7633,43.3933],[-88.7648,43.4588],[-88.6279,43.4585],[-88.6212,43.4673],[-88.6246,43.4585],[-88.5218,43.4572],[-88.5213,43.5439],[-88.4004,43.5435],[-88.4018,43.7184],[-88.7651,43.7203],[-88.7653,43.6476],[-88.7732,43.6476],[-88.7733,43.6424],[-88.7654,43.6425],[-88.7654,43.6331],[-89.0068,43.633],[-89.0071,43.5493],[-89.0171,43.5492]]]},"properties":{"geoid":"55037","state":"55","district":"37","name":"Assembly District 37","chamber":"Assembly"}},{"type":"Feature","geometry":{"type":"Polygon","coordinates":[[[-88.8936,43.088],[-88.8156,43.0864],[-88.8161,43.072],[-88.8086,43.0693],[-88.8187,43.0212],[-88.8274,43.0222],[-88.8268,42.995],[-88.835,42.9938],[-88.8327,42.98],[-88.8181,42.9766],[-88.8126,42.9907],[-88.8139,42.9864],[-88.8093,42.9855],[-88.7982,42.9907],[-88.8221,42.9482],[-88.7774,42.9464],[-88.7772,42.9754],[-88.6602,42.9744],[-88.6561,43.2845],[-88.5374,43.283],[-88.5363,43.3706],[-88.4015,43.37],[-88.4007,43.4568],[-88.6246,43.4585],[-88.6212,43.4673],[-88.6279,43.4585],[-88.7648,43.4588],[-88.7633,43.3933],[-88.8839,43.3937],[-88.8838,43.3719],[-88.891,43.3719],[-88.8936,43.088]]]},"properties":{"geoid":"55038","state":"55","district":"38","name":"Assembly District 38","chamber":"Assembly"}},{"type":"Feature","geometry":{"type":"Polygon","coordinates":[[[-89.7176,43.982],[-89.7175,43.7309],[-89.599,43.7308],[-89.5995,43.6426],[-89.2453,43.6431],[-89.2463,43.556],[-89.1276,43.5567],[-89.1264,43.4568],[-89.0061,43.4588],[-89.0067,43.5317],[-89.0145,43.5386],[-89.0134,43.5456],[-89.0079,43.5473],[-89.0171,43.5491],[-89.0071,43.5493],[-89.0068,43.633],[-88.7654,43.6331],[-88.7654,43.6425],[-88.7733,43.6424],[-88.7732,43.6476],[-88.7653,43.6476],[-88.7651,43.7203],[-88.5232,43.7193],[-88.524,43.8937],[-88.7648,43.8949],[-88.7649,43.9749],[-88.7851,43.9751],[-88.785,43.9826],[-88.9265,43.9834],[-88.9265,43.9902],[-88.9315,43.988],[-88.9316,43.9979],[-88.9409,43.998],[-88.9508,43.9833],[-89.7176,43.982]]]},"properties":{"geoid":"55039","state":"55","district":"39","name":"Assembly District 39","chamber":"Assembly"}},{"type":"Feature","geometry":{"type":"Polygon","coordinates":[[[-90.1933,43.1652],[-90.1825,43.1571],[-90.159,43.1668],[-90.1137,43.1603],[-90.0862,43.1622],[-90.0587,43.1453],[-90.0518,43.1493],[-90.0493,43.1664],[-90.0001,43.1946],[-89.9053,43.188],[-89.8513,43.1984],[-89.837,43.2068],[-89.8059,43.2387],[-89.7596,43.241],[-89.749,43.2488],[-89.7314,43.2525],[-89.7133,43.2819],[-89.727,43.3003],[-89.7236,43.3145],[-89.7038,43.3303],[-89.6793,43.3602],[-89.6314,43.3654],[-89.568,43.3907],[-89.5043,43.4329],[-89.4835,43.4552],[-89.4477,43.4678],[-89.3639,43.4684],[-89.3638,43.4555],[-89.2449,43.4566],[-89.2453,43.6431],[-89.6597,43.6428],[-89.6594,43.5673],[-89.719,43.5683],[-89.7185,43.5541],[-89.7581,43.5541],[-89.7585,43.5109],[-89.8372,43.5113],[-89.8367,43.3805],[-90.1919,43.3801],[-90.1933,43.1652]]]},"properties":{"geoid":"55040","state":"55","district":"40","name":"Assembly District 40","chamber":"Assembly"}},{"type":"Feature","geometry":{"type":"Polygon","coordinates":[[[-90.6859,43.5058],[-90.685,43.4987],[-90.6701,43.5],[-90.6668,43.1718],[-90.6086,43.1854],[-90.5882,43.201],[-90.5454,43.2115],[-90.4393,43.1996],[-90.3366,43.2098],[-90.295,43.2076],[-90.2796,43.1941],[-90.2601,43.1977],[-90.2209,43.1742],[-90.1938,43.1645],[-90.1919,43.3801],[-89.8367,43.3805],[-89.8372,43.5113],[-89.7585,43.5109],[-89.7581,43.5541],[-89.7185,43.5541],[-89.719,43.5683],[-89.6594,43.5673],[-89.6597,43.6428],[-89.5995,43.6426],[-89.599,43.7308],[-89.7175,43.7309],[-89.7167,43.8944],[-89.8375,43.8943],[-89.8373,43.8546],[-89.8577,43.8548],[-89.8577,43.8474],[-89.8777,43.8474],[-89.8778,43.8185],[-89.9137,43.8184],[-89.9018,43.8133],[-89.8898,43.7967],[-89.8651,43.7834],[-89.849,43.7631],[-89.8508,43.7675],[-89.8779,43.7675],[-89.8778,43.7735],[-89.9207,43.7675],[-89.9513,43.7851],[-89.955,43.7844],[-89.9551,43.731],[-90.2614,43.7315],[-90.2661,43.7292],[-90.2614,43.7244],[-90.268,43.723],[-90.2691,43.7315],[-90.3122,43.7315],[-90.3111,43.554],[-90.6717,43.5529],[-90.6707,43.513],[-90.6806,43.5131],[-90.6859,43.5058]]]},"properties":{"geoid":"55041","state":"55","district":"41","name":"Assembly District 41","chamber":"Assembly"}},{"type":"Feature","geometry":{"type":"Polygon","coordinates":[[[-89.7272,43.3013],[-89.7205,43.2931],[-89.4816,43.2941],[-89.4815,43.2067],[-89.362,43.2068],[-89.363,43.1438],[-89.3551,43.1436],[-89.3627,43.1366],[-89.3496,43.1362],[-89.355,43.1215],[-89.325,43.1211],[-89.3247,43.1168],[-89.2754,43.156],[-89.2752,43.1651],[-89.2948,43.1648],[-89.2948,43.172],[-89.3047,43.1714],[-89.3044,43.1773],[-89.2924,43.1902],[-89.2965,43.1947],[-89.2641,43.195],[-89.2638,43.2023],[-89.254,43.2023],[-89.2501,43.2096],[-89.2442,43.206],[-89.2454,43.2821],[-89.0091,43.2848],[-89.0088,43.3716],[-89.0045,43.375],[-89.0061,43.4588],[-89.1264,43.4568],[-89.1276,43.5567],[-89.2463,43.556],[-89.2449,43.4566],[-89.3638,43.4555],[-89.3639,43.4684],[-89.4477,43.4678],[-89.4835,43.4552],[-89.5043,43.4329],[-89.568,43.3907],[-89.6314,43.3654],[-89.6558,43.3598],[-89.6776,43.3612],[-89.7053,43.3288],[-89.7197,43.3197],[-89.7272,43.3013]]]},"properties":{"geoid":"55042","state":"55","district":"42","name":"Assembly District 42","chamber":"Assembly"}},{"type":"Feature","geometry":{"type":"Polygon","coordinates":[[[-89.132,42.8468],[-89.1311,42.7596],[-89.0136,42.7602],[-89.0134,42.7446],[-89.0063,42.7444],[-89.0051,42.7368],[-89.0088,42.7356],[-88.9957,42.7275],[-88.9968,42.7202],[-88.9848,42.717],[-88.9834,42.6661],[-88.962,42.6709],[-88.6591,42.6691],[-88.6601,42.9018],[-88.6686,42.8951],[-88.6735,42.8991],[-88.6981,42.894],[-88.7146,42.9058],[-88.7153,42.9016],[-88.7223,42.904],[-88.7276,42.911],[-88.7629,42.9143],[-88.7709,42.9069],[-88.7736,42.9135],[-88.7778,42.9123],[-88.7771,42.8427],[-89.0531,42.8475],[-89.0545,42.8548],[-89.0405,42.8548],[-89.0482,42.8603],[-89.0583,42.8546],[-89.0584,42.8603],[-89.0674,42.856],[-89.0555,42.8475],[-89.132,42.8468]]]},"properties":{"geoid":"55043","state":"55","district":"43","name":"Assembly District 43","chamber":"Assembly"}},{"type":"Feature","geometry":{"type":"Polygon","coordinates":[[[-89.2503,42.8408],[-89.2486,42.6352],[-89.2436,42.6324],[-89.2436,42.6277],[-89.2486,42.6273],[-89.2479,42.5854],[-88.894,42.5823],[-88.8944,42.6699],[-88.962,42.6709],[-88.9834,42.6661],[-88.9848,42.717],[-88.9968,42.7202],[-88.9957,42.7275],[-89.0088,42.7356],[-89.0051,42.7368],[-89.0063,42.7444],[-89.0134,42.7446],[-89.0136,42.7602],[-89.1311,42.7596],[-89.132,42.8471],[-89.2503,42.8459],[-89.2503,42.8408]]]},"properties":{"geoid":"55044","state":"55","district":"44","name":"Assembly District 44","chamber":"Assembly"}},{"type":"Feature","geometry":{"type":"Polygon","coordinates":[[[-89.3692,42.8317],[-89.367,42.6293],[-89.3596,42.6284],[-89.3595,42.6245],[-89.367,42.6263],[-89.3669,42.6098],[-89.3611,42.6077],[-89.3669,42.6077],[-89.3658,42.5001],[-88.8946,42.4942],[-88.894,42.5823],[-89.2479,42.5854],[-89.2486,42.6273],[-89.2436,42.6277],[-89.2436,42.6324],[-89.2486,42.6352],[-89.2503,42.8459],[-89.3691,42.845],[-89.3692,42.8317]]]},"properties":{"geoid":"55045","state":"55","district":"45","name":"Assembly District 45","chamber":"Assembly"}},{"type":"Feature","geometry":{"type":"Polygon","coordinates":[[[-89.2471,43.0201],[-89.1302,43.0215],[-89.1317,42.934],[-89.0879,42.9343],[-89.0834,42.9059],[-89.0323,42.8476],[-88.7771,42.8427],[-88.7774,42.9464],[-88.8221,42.9482],[-88.7982,42.9907],[-88.8093,42.9855],[-88.8139,42.9864],[-88.8126,42.9907],[-88.8181,42.9766],[-88.8327,42.98],[-88.835,42.9919],[-88.8268,42.995],[-88.8274,43.0222],[-88.8187,43.0212],[-88.8086,43.0714],[-88.8161,43.072],[-88.8156,43.0864],[-88.8936,43.0879],[-88.8905,43.1979],[-89.1267,43.1956],[-89.1296,43.1087],[-89.1989,43.1086],[-89.1937,43.1192],[-89.2016,43.1227],[-89.2086,43.1225],[-89.214,43.1152],[-89.1991,43.1149],[-89.2071,43.1122],[-89.2019,43.1082],[-89.247,43.1072],[-89.2471,43.0201]]]},"properties":{"geoid":"55046","state":"55","district":"46","name":"Assembly District 46","chamber":"Assembly"}},{"type":"Feature","geometry":{"type":"Polygon","coordinates":[[[-89.4869,43.0085],[-89.4855,42.9434],[-89.3682,42.943],[-89.3689,42.9175],[-89.3652,42.9102],[-89.369,42.91],[-89.3691,42.8595],[-89.3562,42.8529],[-89.3635,42.8497],[-89.363,42.8451],[-89.0555,42.8475],[-89.0674,42.856],[-89.063,42.8603],[-89.0584,42.8603],[-89.059,42.8546],[-89.0532,42.8602],[-89.0405,42.8548],[-89.0545,42.8548],[-89.0531,42.8475],[-89.0323,42.8476],[-89.0834,42.9059],[-89.0879,42.9343],[-89.1317,42.934],[-89.1302,43.0215],[-89.2668,43.0194],[-89.2671,43.0151],[-89.2837,43.0157],[-89.3071,43.0086],[-89.3046,43.0186],[-89.3653,43.0182],[-89.3648,43.0285],[-89.3817,43.0268],[-89.3796,43.031],[-89.3897,43.0329],[-89.3951,43.0236],[-89.4051,43.0246],[-89.4081,43.0314],[-89.4169,43.0315],[-89.4136,43.0268],[-89.4304,43.0232],[-89.4353,43.0246],[-89.4349,43.0316],[-89.445,43.0317],[-89.4471,43.0279],[-89.4579,43.0318],[-89.4583,43.0226],[-89.4616,43.0226],[-89.4612,43.0311],[-89.468,43.0318],[-89.4664,43.0271],[-89.4839,43.0267],[-89.4869,43.0085]]]},"properties":{"geoid":"55047","state":"55","district":"47","name":"Assembly District 47","chamber":"Assembly"}},{"type":"Feature","geometry":{"type":"Polygon","coordinates":[[[-89.3245,43.117],[-89.3163,43.1065],[-89.2667,43.1056],[-89.2666,43.0849],[-89.2552,43.0856],[-89.2554,43.0923],[-89.2522,43.0863],[-89.247,43.0881],[-89.247,43.1072],[-89.2019,43.1082],[-89.2071,43.1122],[-89.1991,43.1149],[-89.214,43.1152],[-89.2086,43.1225],[-89.1937,43.1192],[-89.1989,43.1086],[-89.1296,43.1087],[-89.1267,43.1956],[-88.8906,43.1979],[-88.891,43.3719],[-89.0088,43.3716],[-89.0091,43.2848],[-89.2454,43.2821],[-89.2442,43.206],[-89.2501,43.2096],[-89.254,43.2023],[-89.2638,43.2023],[-89.2641,43.195],[-89.2965,43.1947],[-89.2924,43.1902],[-89.3044,43.1773],[-89.3047,43.1714],[-89.2948,43.172],[-89.2948,43.1648],[-89.2752,43.1651],[-89.2754,43.156],[-89.3245,43.117]]]},"properties":{"geoid":"55048","state":"55","district":"48","name":"Assembly District 48","chamber":"Assembly"}},{"type":"Feature","geometry":{"type":"Polygon","coordinates":[[[-91.2151,43.3672],[-91.204,43.3499],[-91.1373,43.3298],[-91.1072,43.3136],[-91.0737,43.2747],[-91.0726,43.2621],[-91.0579,43.2554],[-91.0664,43.2393],[-91.1222,43.1973],[-91.1462,43.1524],[-91.1753,43.1347],[-91.1795,43.0674],[-91.1566,42.9782],[-91.1459,42.9608],[-91.1499,42.942],[-91.1438,42.9229],[-91.1456,42.908],[-91.1174,42.8958],[-91.1006,42.8831],[-91.0977,42.8599],[-91.0914,42.8499],[-91.0941,42.8308],[-91.0787,42.8277],[-91.0695,42.7696],[-91.0603,42.7618],[-91.0658,42.7534],[-91.0563,42.7473],[-91.0537,42.7382],[-91.0354,42.7373],[-91.0268,42.7242],[-91.0001,42.7162],[-90.9777,42.6968],[-90.9492,42.6856],[-90.9212,42.6854],[-90.8874,42.6725],[-90.7092,42.6361],[-90.694,42.6145],[-90.687,42.5918],[-90.6615,42.568],[-90.6541,42.5499],[-90.6447,42.5413],[-90.6358,42.5179],[-90.6428,42.5085],[-90.4264,42.5072],[-90.4262,42.5254],[-90.446,42.5255],[-90.4457,42.5436],[-90.4344,42.5467],[-90.4359,42.5399],[-90.4261,42.5399],[-90.4259,42.5948],[-90.4407,42.595],[-90.4407,42.6131],[-90.4258,42.613],[-90.4274,42.8562],[-90.5464,42.8568],[-90.5471,43.0314],[-90.6659,43.032],[-90.6666,43.1622],[-90.6567,43.1677],[-90.6667,43.1677],[-90.6686,43.423],[-91.1881,43.423],[-91.1881,43.4344],[-91.1834,43.437],[-91.2016,43.4367],[-91.1963,43.4405],[-91.198,43.4442],[-91.2059,43.4386],[-91.2032,43.4367],[-91.209,43.4367],[-91.2018,43.4229],[-91.2055,43.4229],[-91.1977,43.3953],[-91.2061,43.375],[-91.2151,43.3672]]]},"properties":{"geoid":"55049","state":"55","district":"49","name":"Assembly District 49","chamber":"Assembly"}},{"type":"Feature","geometry":{"type":"Polygon","coordinates":[[[-89.8386,42.772],[-89.8376,42.5057],[-89.3658,42.5001],[-89.3669,42.6077],[-89.3611,42.6077],[-89.3669,42.6098],[-89.367,42.6263],[-89.3595,42.6245],[-89.3596,42.6284],[-89.367,42.6293],[-89.3691,42.845],[-89.3561,42.8501],[-89.3691,42.8595],[-89.369,42.91],[-89.3652,42.9102],[-89.3689,42.9175],[-89.3682,42.943],[-89.6029,42.9444],[-89.6016,43.0311],[-89.7205,43.032],[-89.7205,43.0173],[-89.7161,43.0173],[-89.7201,43.0137],[-89.7115,43.0137],[-89.7124,43.0096],[-89.7023,43.0056],[-89.7205,43.0007],[-89.7206,42.9447],[-89.8386,42.9447],[-89.8386,42.772]]]},"properties":{"geoid":"55050","state":"55","district":"50","name":"Assembly District 50","chamber":"Assembly"}},{"type":"Feature","geometry":{"type":"Polygon","coordinates":[[[-90.6667,43.1677],[-90.6569,43.1704],[-90.6569,43.1651],[-90.6666,43.1622],[-90.6659,43.032],[-90.5471,43.0314],[-90.5464,42.8568],[-90.4274,42.8562],[-90.4258,42.613],[-90.4407,42.6131],[-90.4407,42.595],[-90.4259,42.5948],[-90.4261,42.5399],[-90.4359,42.5399],[-90.4344,42.5467],[-90.4457,42.5436],[-90.446,42.5255],[-90.4262,42.5254],[-90.4264,42.5071],[-89.8376,42.5057],[-89.8386,42.9447],[-89.7206,42.9447],[-89.7205,43.0007],[-89.7023,43.0056],[-89.7124,43.0096],[-89.7115,43.0137],[-89.7201,43.0137],[-89.7161,43.0173],[-89.7205,43.0173],[-89.7196,43.1189],[-89.838,43.1186],[-89.8381,43.2061],[-89.8589,43.1956],[-89.8801,43.1959],[-89.9053,43.188],[-90.0001,43.1946],[-90.0493,43.1664],[-90.0518,43.1493],[-90.0587,43.1453],[-90.0879,43.1624],[-90.1137,43.1603],[-90.159,43.1668],[-90.1833,43.1571],[-90.2587,43.1972],[-90.2796,43.1941],[-90.295,43.2076],[-90.3366,43.2098],[-90.4393,43.1996],[-90.5454,43.2115],[-90.5823,43.2033],[-90.6086,43.1854],[-90.6666,43.1718],[-90.6667,43.1677]]]},"properties":{"geoid":"55051","state":"55","district":"51","name":"Assembly District 51","chamber":"Assembly"}},{"type":"Feature","geometry":{"type":"Polygon","coordinates":[[[-88.4961,44.2849],[-88.4763,44.2759],[-88.476,44.2622],[-88.4459,44.2619],[-88.4467,44.255],[-88.4509,44.255],[-88.4501,44.2441],[-88.4249,44.2454],[-88.3995,44.2592],[-88.3905,44.2499],[-88.3819,44.2499],[-88.382,44.244],[-88.354,44.2439],[-88.3574,44.2873],[-88.3533,44.2872],[-88.3535,44.3072],[-88.3432,44.307],[-88.343,44.3287],[-88.3952,44.329],[-88.3951,44.3163],[-88.375,44.3128],[-88.3749,44.2982],[-88.3955,44.2985],[-88.3958,44.2872],[-88.4032,44.2873],[-88.4055,44.2986],[-88.4201,44.2988],[-88.4181,44.2947],[-88.43,44.2913],[-88.43,44.2875],[-88.4464,44.2878],[-88.4463,44.281],[-88.4567,44.2849],[-88.4559,44.2952],[-88.4635,44.295],[-88.4664,44.288],[-88.4961,44.2849]]]},"properties":{"geoid":"55052","state":"55","district":"52","name":"Assembly District 52","chamber":"Assembly"}},{"type":"Feature","geometry":{"type":"Polygon","coordinates":[[[-88.5287,44.1411],[-88.5236,44.138],[-88.5234,44.1267],[-88.4678,44.1276],[-88.4698,44.1316],[-88.4599,44.1459],[-88.4369,44.1607],[-88.4341,44.1693],[-88.4459,44.1726],[-88.4395,44.1884],[-88.4167,44.2062],[-88.4045,44.2087],[-88.4041,44.2441],[-88.382,44.244],[-88.3819,44.2499],[-88.3905,44.2499],[-88.3995,44.2592],[-88.4249,44.2454],[-88.4422,44.2425],[-88.4616,44.2213],[-88.4608,44.2156],[-88.4673,44.2144],[-88.4746,44.2021],[-88.4745,44.1927],[-88.4952,44.1927],[-88.4953,44.1999],[-88.5238,44.1998],[-88.5236,44.1394],[-88.5287,44.1411]]]},"properties":{"geoid":"55053","state":"55","district":"53","name":"Assembly District 53","chamber":"Assembly"}},{"type":"Feature","geometry":{"type":"MultiPolygon","coordinates":[[[[-88.6433,44.0975],[-88.643,44.0692],[-88.5828,44.0452],[-88.5833,44.0327],[-88.5948,44.0327],[-88.5978,44.0252],[-88.6029,44.0252],[-88.6032,43.9964],[-88.5823,43.9964],[-88.5821,44.0108],[-88.5694,44.0106],[-88.569,44.0062],[-88.5626,44.0044],[-88.5334,44.0043],[-88.5302,44.0114],[-88.5195,44.007],[-88.5146,44.023],[-88.5203,44.0249],[-88.5207,44.0321],[-88.5136,44.0364],[-88.5125,44.032],[-88.5084,44.0393],[-88.5124,44.0411],[-88.5073,44.0446],[-88.5098,44.048],[-88.522,44.0451],[-88.517,44.0577],[-88.5238,44.0536],[-88.5222,44.0589],[-88.5273,44.0655],[-88.5234,44.0665],[-88.5279,44.0665],[-88.5091,44.0649],[-88.5136,44.0739],[-88.5108,44.085],[-88.4996,44.0913],[-88.4835,44.0918],[-88.4866,44.0969],[-88.4775,44.1021],[-88.4854,44.103],[-88.4832,44.1105],[-88.4704,44.1152],[-88.4628,44.1262],[-88.5234,44.1267],[-88.5236,44.138],[-88.5287,44.1411],[-88.5236,44.1394],[-88.5237,44.1563],[-88.544,44.1561],[-88.5433,44.0975],[-88.6433,44.0975]]],[[[-88.5172,44.0627],[-88.5146,44.0624],[-88.5162,44.0633],[-88.5172,44.0627]]]]},"properties":{"geoid":"55054","state":"55","district":"54","name":"Assembly District 54","chamber":"Assembly"}},{"type":"Feature","geometry":{"type":"MultiPolygon","coordinates":[[[[-88.8868,44.2412],[-88.8861,44.1485],[-88.7649,44.1481],[-88.7647,44.0695],[-88.7848,44.0694],[-88.7847,44.0334],[-88.7646,44.0333],[-88.7646,43.9969],[-88.745,43.9969],[-88.7449,43.975],[-88.7649,43.9749],[-88.7648,43.8949],[-88.4674,43.8935],[-88.4647,43.9021],[-88.4736,43.9099],[-88.468,43.9205],[-88.4752,43.9221],[-88.4704,43.9284],[-88.4777,43.9221],[-88.4742,43.9275],[-88.4807,43.9255],[-88.4729,43.9339],[-88.4787,43.9341],[-88.478,43.9445],[-88.4894,43.9492],[-88.4922,43.94],[-88.4977,43.9487],[-88.504,43.9464],[-88.5146,43.956],[-88.5285,43.9761],[-88.5276,43.9893],[-88.5362,43.9921],[-88.5374,44.0021],[-88.5334,44.0043],[-88.5626,44.0044],[-88.569,44.0062],[-88.5694,44.0106],[-88.5821,44.0108],[-88.5823,43.9964],[-88.6032,43.9964],[-88.6029,44.0252],[-88.5978,44.0252],[-88.5948,44.0327],[-88.5833,44.0327],[-88.5828,44.0452],[-88.643,44.0692],[-88.6433,44.0975],[-88.5433,44.0975],[-88.544,44.1561],[-88.5237,44.1563],[-88.5238,44.1998],[-88.4953,44.1999],[-88.4952,44.1927],[-88.4745,44.1927],[-88.4746,44.2021],[-88.4673,44.2144],[-88.4608,44.2156],[-88.4616,44.2213],[-88.4391,44.2443],[-88.4516,44.2475],[-88.4459,44.2619],[-88.476,44.2622],[-88.4763,44.2759],[-88.4962,44.2833],[-88.4968,44.2441],[-88.8868,44.2412]]],[[[-88.4942,43.9449],[-88.4913,43.9471],[-88.4917,43.9481],[-88.4942,43.9449]]]]},"properties":{"geoid":"55055","state":"55","district":"55","name":"Assembly District 55","chamber":"Assembly"}},{"type":"Feature","geometry":{"type":"Polygon","coordinates":[[[-88.8599,44.3299],[-88.738,44.3306],[-88.7386,44.316],[-88.6161,44.3161],[-88.6184,44.2437],[-88.4968,44.2441],[-88.4961,44.2871],[-88.4664,44.288],[-88.4635,44.295],[-88.4559,44.2952],[-88.4567,44.2849],[-88.4463,44.281],[-88.4464,44.2878],[-88.43,44.2875],[-88.43,44.2913],[-88.4181,44.2947],[-88.4201,44.2988],[-88.4055,44.2986],[-88.4032,44.2873],[-88.3958,44.2872],[-88.3955,44.2985],[-88.3749,44.2982],[-88.375,44.3128],[-88.3951,44.3163],[-88.3952,44.329],[-88.375,44.3288],[-88.3714,44.5013],[-88.4931,44.5017],[-88.4888,44.5895],[-88.8598,44.5904],[-88.8599,44.3299]]]},"properties":{"geoid":"55056","state":"55","district":"56","name":"Assembly District 56","chamber":"Assembly"}},{"type":"Feature","geometry":{"type":"Polygon","coordinates":[[[-89.718,44.04],[-89.7176,43.982],[-88.9508,43.9833],[-88.9409,43.998],[-88.9316,43.9979],[-88.9315,43.988],[-88.9265,43.9902],[-88.9265,43.9834],[-88.785,43.9826],[-88.7851,43.9751],[-88.7449,43.9747],[-88.745,43.9969],[-88.7646,43.9969],[-88.7646,44.0333],[-88.7847,44.0334],[-88.7848,44.0694],[-88.7647,44.0695],[-88.7649,44.1481],[-88.8861,44.1485],[-88.8867,44.2426],[-88.6184,44.2437],[-88.6161,44.3161],[-88.7386,44.316],[-88.738,44.3306],[-88.8599,44.3298],[-88.8593,44.503],[-89.1027,44.5038],[-89.1028,44.4175],[-89.3455,44.4178],[-89.3457,44.3312],[-89.4878,44.3386],[-89.4875,44.244],[-89.598,44.2457],[-89.5977,44.1561],[-89.7173,44.1558],[-89.718,44.04]]]},"properties":{"geoid":"55057","state":"55","district":"57","name":"Assembly District 57","chamber":"Assembly"}},{"type":"Feature","geometry":{"type":"Polygon","coordinates":[[[-88.3261,43.3527],[-88.3262,43.3464],[-88.3188,43.3463],[-88.3192,43.3288],[-88.3093,43.3282],[-88.3094,43.3247],[-88.2993,43.3286],[-88.3004,43.2814],[-88.1892,43.2808],[-88.1916,43.2881],[-88.1872,43.2881],[-88.1888,43.2808],[-88.0633,43.2789],[-88.0624,43.3673],[-88.0401,43.3673],[-88.041,43.4279],[-88.0325,43.4247],[-88.0395,43.4293],[-88.0287,43.4327],[-88.041,43.4324],[-88.0407,43.4545],[-88.1616,43.4549],[-88.1616,43.4411],[-88.1665,43.4411],[-88.1666,43.4485],[-88.1765,43.4459],[-88.1766,43.4521],[-88.1717,43.454],[-88.1817,43.4539],[-88.1816,43.4487],[-88.1865,43.4472],[-88.1937,43.4524],[-88.1866,43.4413],[-88.2009,43.4421],[-88.2011,43.4271],[-88.2082,43.4272],[-88.2086,43.4163],[-88.2165,43.4151],[-88.2159,43.4201],[-88.2212,43.42],[-88.2212,43.4134],[-88.2261,43.4136],[-88.2262,43.4273],[-88.2315,43.4274],[-88.2315,43.4238],[-88.2409,43.4238],[-88.2405,43.4275],[-88.2817,43.4275],[-88.281,43.3694],[-88.2986,43.3695],[-88.2989,43.3502],[-88.3039,43.3483],[-88.3063,43.3537],[-88.3185,43.3536],[-88.3166,43.3576],[-88.3261,43.3527]]]},"properties":{"geoid":"55058","state":"55","district":"58","name":"Assembly District 58","chamber":"Assembly"}},{"type":"Feature","geometry":{"type":"Polygon","coordinates":[[[-88.5218,43.4574],[-88.4007,43.4568],[-88.4015,43.3701],[-88.3981,43.37],[-88.281,43.3694],[-88.2817,43.4275],[-88.2405,43.4275],[-88.2409,43.4238],[-88.2315,43.4238],[-88.2315,43.4274],[-88.2262,43.4273],[-88.2261,43.4136],[-88.2212,43.4134],[-88.2212,43.42],[-88.2159,43.4201],[-88.2165,43.4151],[-88.2086,43.4163],[-88.2082,43.4272],[-88.2011,43.4271],[-88.2009,43.4421],[-88.1866,43.4413],[-88.1937,43.4524],[-88.1865,43.4472],[-88.1816,43.4487],[-88.1817,43.4539],[-88.1717,43.454],[-88.1766,43.4521],[-88.1765,43.4459],[-88.1666,43.4485],[-88.1665,43.4411],[-88.1616,43.4411],[-88.1616,43.4549],[-88.0407,43.4545],[-88.041,43.4324],[-88.0287,43.4327],[-88.0395,43.4293],[-88.0325,43.4247],[-88.041,43.4279],[-88.0401,43.3673],[-87.9511,43.3678],[-87.9529,43.3601],[-87.9477,43.3604],[-87.9487,43.3679],[-87.9202,43.3683],[-87.9206,43.385],[-87.9156,43.3829],[-87.9206,43.387],[-87.9205,43.4558],[-87.8102,43.4559],[-87.8043,43.4631],[-87.7911,43.4929],[-87.7941,43.5251],[-87.7904,43.5615],[-87.7416,43.6295],[-87.7694,43.6303],[-87.7703,43.6157],[-87.8004,43.6151],[-87.8093,43.6194],[-87.8052,43.6303],[-88.16,43.6305],[-88.1612,43.8045],[-88.2813,43.8046],[-88.2807,43.7177],[-88.4018,43.7184],[-88.4004,43.5435],[-88.5213,43.5439],[-88.5218,43.4574]]]},"properties":{"geoid":"55059","state":"55","district":"59","name":"Assembly District 59","chamber":"Assembly"}},{"type":"Feature","geometry":{"type":"Polygon","coordinates":[[[-88.5243,43.8355],[-88.5232,43.7193],[-88.2807,43.7177],[-88.2812,43.7901],[-88.3664,43.7908],[-88.3715,43.7997],[-88.3814,43.7963],[-88.382,43.8047],[-88.3949,43.8034],[-88.384,43.7944],[-88.4021,43.7946],[-88.4022,43.8065],[-88.4212,43.8043],[-88.4221,43.7997],[-88.4389,43.7948],[-88.4378,43.798],[-88.4687,43.8073],[-88.4564,43.7986],[-88.4609,43.7959],[-88.465,43.7991],[-88.4619,43.8004],[-88.4663,43.7993],[-88.4706,43.8085],[-88.4589,43.8704],[-88.4638,43.878],[-88.4615,43.8886],[-88.4676,43.8934],[-88.524,43.8937],[-88.5243,43.8355]]]},"properties":{"geoid":"55060","state":"55","district":"60","name":"Assembly District 60","chamber":"Assembly"}},{"type":"Feature","geometry":{"type":"Polygon","coordinates":[[[-88.0695,42.93],[-88.0285,42.9303],[-88.0288,42.9197],[-88.0165,42.9196],[-88.0164,42.9248],[-88.0066,42.9213],[-87.9792,42.9256],[-87.9795,42.916],[-87.971,42.9161],[-87.9596,42.9234],[-87.9593,42.9282],[-87.9637,42.9304],[-87.9645,42.9449],[-87.9688,42.9449],[-87.9686,42.9594],[-88.0083,42.9593],[-88.0081,42.9699],[-87.9981,42.9705],[-88.0021,42.9883],[-88.0422,42.9881],[-88.0474,42.9808],[-88.0686,42.981],[-88.0695,42.93]]]},"properties":{"geoid":"55061","state":"55","district":"61","name":"Assembly District 61","chamber":"Assembly"}},{"type":"Feature","geometry":{"type":"Polygon","coordinates":[[[-87.9003,42.7573],[-87.8463,42.7554],[-87.8461,42.7189],[-87.8417,42.7171],[-87.8476,42.7154],[-87.8162,42.717],[-87.8161,42.7091],[-87.8085,42.7074],[-87.7998,42.7125],[-87.8001,42.7199],[-87.7938,42.72],[-87.7938,42.7155],[-87.7781,42.7189],[-87.7812,42.7494],[-87.7782,42.7624],[-87.7573,42.7816],[-87.7763,42.795],[-87.782,42.77],[-87.7868,42.7736],[-87.8028,42.77],[-87.8091,42.7846],[-87.8191,42.7846],[-87.8217,42.7553],[-87.8364,42.7553],[-87.8363,42.7697],[-87.851,42.77],[-87.846,42.7771],[-87.8559,42.7773],[-87.8558,42.7846],[-87.895,42.7852],[-87.8952,42.7634],[-87.9003,42.7573]]]},"properties":{"geoid":"55062","state":"55","district":"62","name":"Assembly District 62","chamber":"Assembly"}},{"type":"Feature","geometry":{"type":"Polygon","coordinates":[[[-88.0718,42.7571],[-87.9008,42.7563],[-87.8952,42.7634],[-87.895,42.7852],[-87.8558,42.7846],[-87.8559,42.7773],[-87.846,42.7771],[-87.851,42.77],[-87.8363,42.7697],[-87.8364,42.7553],[-87.8217,42.7553],[-87.8191,42.7846],[-87.8091,42.7846],[-87.8028,42.77],[-87.7868,42.7736],[-87.782,42.77],[-87.7763,42.795],[-87.8152,42.8257],[-87.8263,42.8422],[-87.9519,42.8435],[-87.9494,42.9304],[-87.9593,42.9304],[-87.9596,42.9234],[-87.9795,42.916],[-87.9792,42.9256],[-88.0066,42.9213],[-88.0164,42.9248],[-88.0165,42.9196],[-88.0288,42.9197],[-88.0285,42.9303],[-88.0695,42.93],[-88.0718,42.7571]]]},"properties":{"geoid":"55063","state":"55","district":"63","name":"Assembly District 63","chamber":"Assembly"}},{"type":"Feature","geometry":{"type":"Polygon","coordinates":[[[-87.9534,42.6696],[-87.9526,42.5675],[-87.9191,42.567],[-87.9186,42.5743],[-87.9119,42.5741],[-87.9117,42.567],[-87.8803,42.5667],[-87.8795,42.5738],[-87.8696,42.5736],[-87.8682,42.5831],[-87.8406,42.5808],[-87.8291,42.5847],[-87.8259,42.5908],[-87.8357,42.5948],[-87.8359,42.6024],[-87.826,42.6026],[-87.8152,42.5961],[-87.8198,42.6221],[-87.8056,42.6679],[-87.9534,42.6696]]]},"properties":{"geoid":"55064","state":"55","district":"64","name":"Assembly District 64","chamber":"Assembly"}},{"type":"Feature","geometry":{"type":"Polygon","coordinates":[[[-87.9435,42.5451],[-87.9326,42.538],[-87.9334,42.5318],[-87.9132,42.5377],[-87.9124,42.5342],[-87.8648,42.5372],[-87.8663,42.531],[-87.8541,42.5312],[-87.8538,42.5225],[-87.824,42.5221],[-87.8233,42.5148],[-87.811,42.5159],[-87.8139,42.5786],[-87.8074,42.5882],[-87.8186,42.5876],[-87.8172,42.595],[-87.8161,42.5884],[-87.8085,42.5889],[-87.8205,42.5962],[-87.8205,42.6007],[-87.8359,42.6024],[-87.8357,42.5948],[-87.8259,42.5908],[-87.8291,42.5847],[-87.8406,42.5808],[-87.8682,42.5831],[-87.8696,42.5736],[-87.8795,42.5738],[-87.8803,42.5667],[-87.9117,42.567],[-87.9119,42.5741],[-87.9193,42.5742],[-87.9191,42.567],[-87.9339,42.5678],[-87.9334,42.5509],[-87.9435,42.5451]]]},"properties":{"geoid":"55065","state":"55","district":"65","name":"Assembly District 65","chamber":"Assembly"}},{"type":"Feature","geometry":{"type":"Polygon","coordinates":[[[-87.954,42.7569],[-87.9533,42.6696],[-87.8056,42.6679],[-87.7824,42.7075],[-87.7804,42.72],[-87.7938,42.7155],[-87.7938,42.72],[-87.8001,42.7199],[-87.7998,42.7125],[-87.8085,42.7074],[-87.8161,42.7091],[-87.8162,42.717],[-87.8476,42.7154],[-87.8417,42.7171],[-87.8461,42.7189],[-87.8463,42.7554],[-87.954,42.7569]]]},"properties":{"geoid":"55066","state":"55","district":"66","name":"Assembly District 66","chamber":"Assembly"}},{"type":"Feature","geometry":{"type":"Polygon","coordinates":[[[-92.157,45.1237],[-92.1361,45.1214],[-92.1364,45.0678],[-92.1119,45.0678],[-92.1125,45.0316],[-92.0153,45.0312],[-92.0146,44.9444],[-91.651,44.9428],[-91.6515,45.1129],[-91.5301,45.1142],[-91.5302,45.1204],[-91.5435,45.1202],[-91.5428,45.196],[-91.537,45.1971],[-91.5425,45.2015],[-91.5403,45.6376],[-92.1549,45.6397],[-92.157,45.1237]]]},"properties":{"geoid":"55067","state":"55","district":"67","name":"Assembly District 67","chamber":"Assembly"}},{"type":"Feature","geometry":{"type":"Polygon","coordinates":[[[-91.6518,45.0803],[-91.651,44.9431],[-91.4333,44.9443],[-91.433,44.948],[-91.4204,44.9444],[-91.4179,44.9552],[-91.4039,44.9517],[-91.4075,44.9661],[-91.3985,44.9662],[-91.3987,44.959],[-91.3874,44.9518],[-91.3874,44.9554],[-91.3784,44.9554],[-91.3783,44.9662],[-91.3707,44.9568],[-91.368,44.9659],[-91.347,44.9666],[-91.3421,44.9775],[-91.3283,44.9785],[-91.2706,44.9463],[-91.2663,44.9533],[-91.2606,44.9538],[-91.252,44.9436],[-91.2404,44.9494],[-91.2272,44.9491],[-91.2179,44.9427],[-91.2013,44.9442],[-91.1989,44.9491],[-91.184,44.9449],[-91.176,44.9517],[-91.1656,44.9518],[-91.1657,44.9663],[-91.1469,44.9663],[-91.1367,44.966],[-91.1366,44.9593],[-91.1193,44.9464],[-91.111,44.9521],[-91.111,44.962],[-91.0958,44.9619],[-91.0961,44.9727],[-91.0858,44.9728],[-91.0855,44.9838],[-91.0702,44.9875],[-91.0703,45.0056],[-91.0857,45.0129],[-91.0858,45.0165],[-91.0807,45.0164],[-91.0857,45.0311],[-90.4338,45.031],[-90.4331,45.2041],[-90.0454,45.2081],[-90.044,45.9819],[-90.677,45.9816],[-90.6787,45.6383],[-91.5403,45.6376],[-91.5425,45.2015],[-91.537,45.1971],[-91.5428,45.196],[-91.5435,45.1202],[-91.5302,45.1204],[-91.5301,45.1142],[-91.6515,45.1129],[-91.6518,45.0803]]]},"properties":{"geoid":"55068","state":"55","district":"68","name":"Assembly District 68","chamber":"Assembly"}},{"type":"Feature","geometry":{"type":"Polygon","coordinates":[[[-91.111,44.9601],[-91.1109,44.9443],[-90.9227,44.9444],[-90.9229,44.5098],[-90.8015,44.5097],[-90.8019,44.4224],[-90.3161,44.4245],[-90.3169,44.7721],[-90.1988,44.7717],[-90.1981,44.8588],[-90.0791,44.8587],[-90.0792,44.9453],[-89.9639,44.9443],[-89.9639,45.0329],[-89.8445,45.0328],[-89.8445,45.1201],[-90.0437,45.1202],[-90.0454,45.2081],[-90.4331,45.2041],[-90.4338,45.031],[-91.0857,45.0311],[-91.0807,45.0164],[-91.0858,45.0165],[-91.0857,45.0129],[-91.0703,45.0056],[-91.0702,44.9875],[-91.0855,44.9838],[-91.0858,44.9728],[-91.0961,44.9727],[-91.0958,44.9619],[-91.111,44.9601]]]},"properties":{"geoid":"55069","state":"55","district":"69","name":"Assembly District 69","chamber":"Assembly"}},{"type":"Feature","geometry":{"type":"Polygon","coordinates":[[[-91.1662,44.3053],[-91.1655,44.2474],[-91.1536,44.2476],[-91.1518,44.071],[-90.9129,44.0715],[-90.9132,44.0288],[-90.7917,44.029],[-90.7917,43.9859],[-90.6714,43.9858],[-90.6701,43.899],[-90.5517,43.8992],[-90.5525,43.7256],[-90.2691,43.7315],[-90.268,43.723],[-90.2614,43.7244],[-90.2661,43.7292],[-90.2614,43.7315],[-89.9551,43.731],[-89.955,43.7844],[-89.9513,43.7851],[-89.9207,43.7675],[-89.8778,43.7735],[-89.8779,43.7675],[-89.8508,43.7675],[-89.849,43.7631],[-89.8651,43.7834],[-89.8898,43.7967],[-89.9018,43.8133],[-89.9134,43.818],[-89.9223,43.8385],[-89.9584,43.862],[-90.072,43.862],[-90.0723,43.8941],[-90.3122,43.8945],[-90.3127,44.2488],[-90.318,44.2487],[-90.3161,44.4245],[-90.8019,44.4224],[-90.8015,44.5097],[-90.9229,44.5098],[-90.9222,44.5963],[-91.1656,44.597],[-91.1662,44.3053]]]},"properties":{"geoid":"55070","state":"55","district":"70","name":"Assembly District 70","chamber":"Assembly"}},{"type":"Feature","geometry":{"type":"Polygon","coordinates":[[[-89.727,44.5257],[-89.7247,44.2477],[-89.7171,44.2476],[-89.7173,44.1558],[-89.5977,44.1561],[-89.598,44.2457],[-89.4875,44.244],[-89.4878,44.3386],[-89.3457,44.3312],[-89.3455,44.4178],[-89.2237,44.4174],[-89.2233,44.504],[-89.3453,44.5041],[-89.3452,44.5475],[-89.4894,44.5562],[-89.4894,44.599],[-89.6384,44.5988],[-89.6571,44.5907],[-89.6584,44.5791],[-89.65,44.5727],[-89.6497,44.5633],[-89.6385,44.5581],[-89.6444,44.549],[-89.6224,44.5463],[-89.6242,44.5394],[-89.6073,44.5336],[-89.6073,44.5262],[-89.727,44.5257]]]},"properties":{"geoid":"55071","state":"55","district":"71","name":"Assembly District 71","chamber":"Assembly"}},{"type":"Feature","geometry":{"type":"Polygon","coordinates":[[[-90.318,44.2488],[-90.3127,44.2488],[-90.3122,43.8945],[-90.0723,43.8941],[-90.072,43.862],[-89.9584,43.862],[-89.9223,43.8385],[-89.9152,43.8201],[-89.9067,43.8184],[-89.8778,43.8185],[-89.8777,43.8474],[-89.8577,43.8474],[-89.8577,43.8548],[-89.8373,43.8546],[-89.8375,43.8943],[-89.7167,43.8944],[-89.7171,44.2476],[-89.7247,44.2477],[-89.7264,44.4493],[-89.7504,44.4491],[-89.7573,44.4418],[-89.7888,44.4332],[-89.7895,44.4263],[-89.8049,44.4236],[-89.8224,44.4235],[-89.8225,44.4272],[-89.8374,44.4272],[-89.8373,44.4236],[-90.316,44.4246],[-90.318,44.2488]]]},"properties":{"geoid":"55072","state":"55","district":"72","name":"Assembly District 72","chamber":"Assembly"}},{"type":"Feature","geometry":{"type":"MultiPolygon","coordinates":[[[[-92.2923,46.6651],[-92.2919,46.5328],[-92.1827,46.5328],[-92.1823,46.5039],[-92.0565,46.5034],[-92.0561,46.5757],[-91.9314,46.576],[-91.9307,46.5036],[-91.9257,46.5036],[-91.9257,46.475],[-91.7386,46.474],[-91.7384,46.4886],[-91.7178,46.4891],[-91.7161,46.4747],[-91.6755,46.4745],[-91.6762,46.5028],[-91.5534,46.5028],[-91.5518,46.461],[-91.4271,46.4596],[-91.4272,46.5029],[-90.7991,46.5016],[-90.7988,46.4573],[-90.7587,46.4576],[-90.7591,46.4431],[-90.7381,46.4431],[-90.7377,46.4576],[-90.6959,46.4578],[-90.6955,46.4143],[-90.5488,46.414],[-90.5499,46.5836],[-90.6529,46.6386],[-90.7539,46.7037],[-90.7594,46.7033],[-90.6902,46.6602],[-90.7143,46.6673],[-90.7541,46.669],[-90.7637,46.66],[-90.7417,46.6645],[-90.7203,46.6615],[-90.7434,46.6602],[-90.7402,46.6545],[-90.7928,46.6259],[-90.8248,46.6192],[-90.8669,46.6019],[-90.8762,46.6039],[-90.8772,46.5985],[-90.8825,46.6031],[-90.8784,46.5984],[-90.8883,46.5958],[-90.8856,46.5932],[-90.8895,46.5909],[-90.8955,46.5925],[-90.893,46.5899],[-90.897,46.5872],[-90.9032,46.5886],[-90.9067,46.5831],[-90.9445,46.5877],[-90.9481,46.5984],[-90.9515,46.597],[-90.9213,46.6283],[-90.911,46.6636],[-90.8839,46.6677],[-90.8814,46.675],[-90.8538,46.6934],[-90.853,46.7001],[-90.8744,46.73],[-90.8851,46.7565],[-90.8624,46.7682],[-90.8593,46.7739],[-90.8638,46.7803],[-90.8569,46.789],[-90.8358,46.7896],[-90.8254,46.8043],[-90.8126,46.808],[-90.8119,46.8136],[-90.7983,46.8242],[-90.7851,46.8423],[-90.7888,46.853],[-90.7702,46.8744],[-90.7769,46.8849],[-90.7584,46.8834],[-90.7511,46.8876],[-90.7514,46.8945],[-90.7618,46.9046],[-90.7827,46.9109],[-90.7836,46.9222],[-90.7928,46.9344],[-90.8034,46.9382],[-90.814,46.9315],[-90.8248,46.933],[-90.8306,46.9362],[-90.8285,46.9459],[-90.8329,46.955],[-90.856,46.9624],[-90.8796,46.9582],[-90.8828,46.9501],[-90.9082,46.9415],[-90.9205,46.9315],[-90.9715,46.9429],[-90.9955,46.9176],[-91.0348,46.9033],[-91.0381,46.8918],[-91.0498,46.8832],[-91.0651,46.8785],[-91.0913,46.8829],[-91.0973,46.8613],[-91.1077,46.8571],[-91.1355,46.8592],[-91.1338,46.8713],[-91.1392,46.8734],[-91.1504,46.857],[-91.1909,46.8485],[-91.2048,46.8599],[-91.1937,46.8738],[-91.1815,46.8805],[-91.1809,46.8856],[-91.1871,46.8864],[-91.2047,46.8692],[-91.2321,46.8608],[-91.2572,46.8366],[-91.3138,46.8276],[-91.3382,46.8178],[-91.3698,46.7936],[-91.3886,46.7891],[-91.4078,46.7948],[-91.4394,46.7759],[-91.4928,46.7666],[-91.5118,46.7573],[-91.5894,46.7545],[-91.7911,46.6944],[-91.834,46.6895],[-91.8665,46.6921],[-91.9482,46.6801],[-91.9882,46.6935],[-92.0088,46.7064],[-92.0064,46.7103],[-92.017,46.7044],[-91.9734,46.6853],[-91.983,46.6803],[-91.9924,46.68],[-91.99,46.6841],[-92.0038,46.6817],[-92.0149,46.684],[-92.0129,46.6974],[-92.0143,46.6878],[-92.0182,46.7006],[-92.0185,46.6918],[-92.0236,46.6942],[-92.0238,46.7025],[-92.0246,46.6958],[-92.0245,46.7029],[-92.0248,46.6947],[-92.0302,46.6965],[-92.0263,46.6995],[-92.0349,46.6968],[-92.0276,46.7022],[-92.0343,46.7],[-92.0314,46.7034],[-92.0369,46.7068],[-92.0406,46.7038],[-92.0392,46.7084],[-92.0483,46.7095],[-92.0452,46.7125],[-92.0496,46.7105],[-92.0635,46.7207],[-92.0494,46.7149],[-92.0638,46.7207],[-92.0706,46.7254],[-92.0691,46.7291],[-92.0748,46.7286],[-92.0714,46.731],[-92.0783,46.7309],[-92.0769,46.7349],[-92.1011,46.7491],[-92.0989,46.7379],[-92.1011,46.7429],[-92.1047,46.7359],[-92.1064,46.7451],[-92.11,46.7392],[-92.1147,46.7426],[-92.1113,46.7438],[-92.1224,46.7406],[-92.1225,46.7334],[-92.1247,46.7399],[-92.1272,46.7312],[-92.1433,46.7316],[-92.135,46.7289],[-92.139,46.7284],[-92.1343,46.7228],[-92.1467,46.7158],[-92.1673,46.7199],[-92.1915,46.7162],[-92.2047,46.704],[-92.2052,46.6983],[-92.183,46.6957],[-92.1759,46.6865],[-92.2041,46.6669],[-92.2016,46.6566],[-92.2071,46.6519],[-92.2425,46.6492],[-92.2566,46.6587],[-92.2706,46.6507],[-92.2744,46.6574],[-92.2862,46.6603],[-92.2874,46.6673],[-92.2923,46.6651]]],[[[-90.4445,46.9065],[-90.4419,46.907],[-90.4428,46.9075],[-90.4445,46.9065]]],[[[-90.4698,46.9892],[-90.4597,46.997],[-90.4333,47.0009],[-90.4218,47.0125],[-90.4096,47.0169],[-90.4033,47.0267],[-90.4073,47.0382],[-90.3946,47.059],[-90.3934,47.0758],[-90.4088,47.0738],[-90.4173,47.0775],[-90.4491,47.0659],[-90.4571,47.044],[-90.4573,47.0135],[-90.4698,46.9892]]],[[[-90.5171,46.8762],[-90.5002,46.8711],[-90.4842,46.8723],[-90.4487,46.8971],[-90.451,46.8997],[-90.4966,46.8862],[-90.5171,46.8762]]],[[[-90.5756,47.0334],[-90.57,47.0263],[-90.5645,46.9953],[-90.5522,47],[-90.5465,47.0053],[-90.5457,47.0177],[-90.5669,47.0317],[-90.5627,47.0407],[-90.5756,47.0334]]],[[[-90.5909,47.0656],[-90.5894,47.0589],[-90.5835,47.0693],[-90.5867,47.0757],[-90.5909,47.0656]]],[[[-90.6273,47.0029],[-90.6177,46.9897],[-90.6025,46.9992],[-90.6105,47.0085],[-90.6273,47.0029]]],[[[-90.6521,47.0309],[-90.6419,47.0254],[-90.6371,47.0377],[-90.6453,47.0404],[-90.6521,47.0309]]],[[[-90.6548,46.9195],[-90.6433,46.9077],[-90.6362,46.9066],[-90.615,46.9122],[-90.6087,46.9211],[-90.5901,46.9155],[-90.5675,46.9249],[-90.5514,46.9171],[-90.5521,46.908],[-90.5443,46.9085],[-90.5384,46.9122],[-90.5458,46.9187],[-90.5449,46.931],[-90.5249,46.9336],[-90.5226,46.944],[-90.5077,46.9582],[-90.5296,46.9687],[-90.5525,46.9605],[-90.5986,46.9534],[-90.6368,46.9422],[-90.6548,46.9195]]],[[[-90.6785,46.9564],[-90.6722,46.9499],[-90.6613,46.9534],[-90.6367,46.9689],[-90.6341,46.9797],[-90.6547,46.9766],[-90.6785,46.9564]]],[[[-90.693,47.0261],[-90.6789,47.0193],[-90.6696,47.0419],[-90.6468,47.0546],[-90.6573,47.0529],[-90.6655,47.0453],[-90.688,47.0439],[-90.693,47.0261]]],[[[-90.7028,46.8845],[-90.6854,46.8799],[-90.6732,46.8838],[-90.6674,46.8914],[-90.6779,46.8959],[-90.7028,46.8845]]],[[[-90.7119,46.9883],[-90.7068,46.9834],[-90.695,46.9836],[-90.67,46.9999],[-90.6792,47.0065],[-90.6955,47.0083],[-90.7032,47.0042],[-90.7119,46.9883]]],[[[-90.732,47.0778],[-90.7296,47.0643],[-90.722,47.0632],[-90.723,47.0758],[-90.7292,47.0808],[-90.732,47.0778]]],[[[-90.7637,46.8319],[-90.7494,46.8343],[-90.7328,46.8476],[-90.7206,46.8652],[-90.7264,46.8723],[-90.7351,46.8731],[-90.749,46.863],[-90.7637,46.8319]]],[[[-90.7649,46.9471],[-90.7541,46.9296],[-90.7367,46.914],[-90.6893,46.9184],[-90.6937,46.9358],[-90.7153,46.9586],[-90.7428,46.9635],[-90.7649,46.9471]]],[[[-90.7766,47.024],[-90.7661,47.0018],[-90.7481,46.9996],[-90.7391,47.012],[-90.7457,47.0266],[-90.7593,47.0349],[-90.7766,47.024]]],[[[-90.7917,46.7851],[-90.7821,46.7695],[-90.7893,46.7596],[-90.7882,46.753],[-90.7656,46.7544],[-90.7181,46.7852],[-90.6989,46.7819],[-90.6572,46.7887],[-90.6529,46.7979],[-90.6694,46.799],[-90.6745,46.8036],[-90.6736,46.8199],[-90.6147,46.8377],[-90.5793,46.8411],[-90.5688,46.8481],[-90.6032,46.8732],[-90.621,46.8737],[-90.657,46.8436],[-90.7167,46.819],[-90.7282,46.8105],[-90.7326,46.8005],[-90.7917,46.7851]]],[[[-90.8059,46.9719],[-90.7897,46.97],[-90.7845,46.9782],[-90.7964,46.9804],[-90.8059,46.9719]]],[[[-90.8108,46.7287],[-90.7852,46.726],[-90.7653,46.7115],[-90.7818,46.7286],[-90.8108,46.7287]]],[[[-90.8785,46.989],[-90.859,46.976],[-90.8512,46.985],[-90.8694,46.9856],[-90.8765,46.9918],[-90.8785,46.989]]],[[[-90.9834,46.9831],[-90.9795,46.9716],[-90.9721,46.9716],[-90.9658,46.9622],[-90.934,46.9624],[-90.9309,46.9686],[-90.9347,46.9819],[-90.9236,46.9887],[-90.9313,47.0018],[-90.9377,47.0036],[-90.9376,46.9968],[-90.9447,46.9918],[-90.9714,46.9891],[-90.9834,46.9831]]],[[[-91.0402,46.9432],[-91.0353,46.9399],[-91.0321,46.9462],[-91.0402,46.9432]],[[-92.1115,46.7489],[-92.1122,46.7489],[-92.1088,46.7489],[-92.1115,46.7489]]]]},"properties":{"geoid":"55073","state":"55","district":"73","name":"Assembly District 73","chamber":"Assembly"}},{"type":"Feature","geometry":{"type":"Polygon","coordinates":[[[-92.4646,45.9836],[-92.0334,45.9839],[-92.0314,45.6399],[-90.6787,45.6383],[-90.677,45.9816],[-89.9288,45.982],[-89.9292,46.2997],[-90.1213,46.3373],[-90.118,46.3415],[-90.1237,46.3463],[-90.1169,46.3507],[-90.1187,46.3593],[-90.134,46.3718],[-90.1322,46.3811],[-90.1584,46.4095],[-90.1573,46.4211],[-90.1674,46.4417],[-90.1784,46.4405],[-90.1783,46.4574],[-90.1908,46.4598],[-90.1936,46.4634],[-90.1888,46.4689],[-90.2042,46.4783],[-90.2168,46.5018],[-90.2309,46.5015],[-90.2312,46.5099],[-90.2615,46.5026],[-90.2666,46.5079],[-90.2726,46.5045],[-90.2704,46.5117],[-90.2776,46.5148],[-90.2718,46.5193],[-90.2769,46.5244],[-90.2845,46.5187],[-90.2946,46.5217],[-90.3166,46.5169],[-90.3094,46.5373],[-90.3322,46.5534],[-90.3435,46.5525],[-90.3394,46.5493],[-90.3468,46.5493],[-90.3507,46.5403],[-90.3682,46.5411],[-90.3933,46.5324],[-90.4176,46.5658],[-90.4394,46.5615],[-90.5057,46.5897],[-90.537,46.5811],[-90.5499,46.5836],[-90.5488,46.414],[-90.6955,46.4143],[-90.6959,46.4578],[-90.7377,46.4576],[-90.7381,46.4431],[-90.7591,46.4431],[-90.7587,46.4576],[-90.7988,46.4573],[-90.7991,46.5016],[-91.4272,46.5029],[-91.4271,46.4596],[-91.5518,46.461],[-91.5534,46.5028],[-91.6762,46.5028],[-91.6755,46.4745],[-91.7161,46.4747],[-91.7178,46.4891],[-91.7384,46.4886],[-91.7386,46.474],[-91.9257,46.475],[-91.9257,46.5036],[-91.9307,46.5036],[-91.9314,46.576],[-92.0561,46.5757],[-92.0567,46.5034],[-92.1823,46.5039],[-92.1827,46.5328],[-92.2919,46.5328],[-92.294,46.0744],[-92.3329,46.0627],[-92.3509,46.0161],[-92.3713,46.014],[-92.41,46.0273],[-92.4207,46.0268],[-92.4423,46.0162],[-92.4534,45.9929],[-92.4646,45.9836]]]},"properties":{"geoid":"55074","state":"55","district":"74","name":"Assembly District 74","chamber":"Assembly"}},{"type":"Feature","geometry":{"type":"Polygon","coordinates":[[[-92.8894,45.6412],[-92.8825,45.6102],[-92.8864,45.5987],[-92.8837,45.5755],[-92.8711,45.5676],[-92.8233,45.5609],[-92.7702,45.5669],[-92.7261,45.5411],[-92.7267,45.5145],[-92.7129,45.5048],[-92.6802,45.4643],[-92.6535,45.4553],[-92.6466,45.4416],[-92.6504,45.3985],[-92.6641,45.3933],[-92.6792,45.3727],[-92.7027,45.3585],[-92.699,45.3364],[-92.7087,45.3225],[-92.7371,45.3005],[-92.762,45.2882],[-92.7519,45.2659],[-92.7603,45.2517],[-92.7517,45.2187],[-92.758,45.2096],[-92.1565,45.2096],[-92.1549,45.6397],[-92.0314,45.6399],[-92.0334,45.9839],[-92.4645,45.9833],[-92.4616,45.9789],[-92.4728,45.973],[-92.5195,45.9839],[-92.5305,45.9819],[-92.5498,45.968],[-92.5519,45.9517],[-92.6143,45.9345],[-92.6388,45.9342],[-92.6391,45.9246],[-92.6595,45.9229],[-92.6762,45.9121],[-92.6774,45.9058],[-92.7077,45.8949],[-92.7222,45.883],[-92.7382,45.862],[-92.74,45.8463],[-92.7651,45.8302],[-92.7578,45.8066],[-92.7765,45.79],[-92.7846,45.7642],[-92.8098,45.7442],[-92.8692,45.7176],[-92.8701,45.6968],[-92.8894,45.6412]]]},"properties":{"geoid":"55075","state":"55","district":"75","name":"Assembly District 75","chamber":"Assembly"}},{"type":"Feature","geometry":{"type":"Polygon","coordinates":[[[-89.3966,43.1457],[-89.3743,43.1241],[-89.383,43.1145],[-89.3727,43.1123],[-89.3671,43.1045],[-89.3764,43.0878],[-89.3905,43.0795],[-89.3889,43.0714],[-89.3951,43.067],[-89.3894,43.0639],[-89.3453,43.0897],[-89.3114,43.084],[-89.3165,43.0985],[-89.3133,43.1015],[-89.325,43.1211],[-89.355,43.1215],[-89.3496,43.1362],[-89.3724,43.1409],[-89.3705,43.1449],[-89.3755,43.1483],[-89.3966,43.1457]]]},"properties":{"geoid":"55076","state":"55","district":"76","name":"Assembly District 76","chamber":"Assembly"}},{"type":"Feature","geometry":{"type":"Polygon","coordinates":[[[-89.4838,43.0938],[-89.47,43.0807],[-89.4609,43.0811],[-89.4636,43.0753],[-89.4362,43.0742],[-89.438,43.0553],[-89.4586,43.0396],[-89.4436,43.0349],[-89.4451,43.0317],[-89.4349,43.0316],[-89.4353,43.0246],[-89.4298,43.0232],[-89.4089,43.0317],[-89.4002,43.05],[-89.404,43.0567],[-89.3989,43.063],[-89.3894,43.0639],[-89.3951,43.067],[-89.3889,43.0714],[-89.3905,43.0795],[-89.3764,43.0878],[-89.3671,43.1045],[-89.3727,43.1123],[-89.3827,43.1141],[-89.3797,43.119],[-89.4227,43.1191],[-89.4232,43.1044],[-89.483,43.1045],[-89.4838,43.0938]]]},"properties":{"geoid":"55077","state":"55","district":"77","name":"Assembly District 77","chamber":"Assembly"}},{"type":"Feature","geometry":{"type":"Polygon","coordinates":[[[-89.409,43.0315],[-89.4048,43.0307],[-89.4051,43.0246],[-89.3978,43.0236],[-89.3897,43.0329],[-89.3796,43.031],[-89.3817,43.0268],[-89.3648,43.0285],[-89.3653,43.0182],[-89.3046,43.0186],[-89.3073,43.0086],[-89.2837,43.0157],[-89.2671,43.0151],[-89.2668,43.0194],[-89.2471,43.0199],[-89.247,43.0881],[-89.2522,43.0863],[-89.2554,43.0923],[-89.2552,43.0856],[-89.2666,43.0849],[-89.2667,43.1056],[-89.3163,43.1065],[-89.3114,43.084],[-89.3481,43.0891],[-89.3894,43.0639],[-89.3989,43.063],[-89.409,43.0315]]]},"properties":{"geoid":"55078","state":"55","district":"78","name":"Assembly District 78","chamber":"Assembly"}},{"type":"Feature","geometry":{"type":"Polygon","coordinates":[[[-89.5233,43.0644],[-89.5179,43.047],[-89.5056,43.0444],[-89.4968,43.0354],[-89.4969,43.0318],[-89.508,43.0306],[-89.5055,43.0215],[-89.5114,43.0158],[-89.484,43.0157],[-89.4839,43.0267],[-89.4664,43.0271],[-89.468,43.0318],[-89.4627,43.0318],[-89.4583,43.0226],[-89.4579,43.0318],[-89.4471,43.0279],[-89.4436,43.0349],[-89.4583,43.0414],[-89.438,43.0553],[-89.4362,43.0742],[-89.4636,43.0753],[-89.4609,43.0811],[-89.47,43.0807],[-89.4733,43.0877],[-89.4858,43.0946],[-89.4838,43.0884],[-89.4911,43.0902],[-89.4873,43.0854],[-89.4922,43.0861],[-89.4924,43.0825],[-89.5023,43.0825],[-89.5022,43.0862],[-89.5213,43.0838],[-89.5233,43.0644]]]},"properties":{"geoid":"55079","state":"55","district":"79","name":"Assembly District 79","chamber":"Assembly"}},{"type":"Feature","geometry":{"type":"Polygon","coordinates":[[[-89.7205,43.0381],[-89.7205,43.032],[-89.6016,43.0311],[-89.6029,42.9444],[-89.4855,42.9434],[-89.484,43.0157],[-89.5114,43.0158],[-89.5055,43.0215],[-89.508,43.0306],[-89.4969,43.0318],[-89.4968,43.0354],[-89.5056,43.0444],[-89.5179,43.047],[-89.5233,43.0633],[-89.5209,43.087],[-89.5339,43.0861],[-89.5367,43.0821],[-89.5612,43.0856],[-89.5612,43.0893],[-89.5364,43.0894],[-89.5348,43.0964],[-89.5433,43.0961],[-89.5412,43.1024],[-89.5465,43.1017],[-89.5462,43.1075],[-89.5385,43.1057],[-89.5412,43.1111],[-89.5528,43.1111],[-89.5553,43.1065],[-89.5759,43.111],[-89.5762,43.1182],[-89.6254,43.1186],[-89.623,43.1229],[-89.6353,43.1223],[-89.6318,43.1282],[-89.6453,43.1224],[-89.6453,43.1172],[-89.6504,43.1224],[-89.6551,43.1187],[-89.7196,43.1189],[-89.7205,43.0381]]]},"properties":{"geoid":"55080","state":"55","district":"80","name":"Assembly District 80","chamber":"Assembly"}},{"type":"Feature","geometry":{"type":"Polygon","coordinates":[[[-89.8382,43.2034],[-89.838,43.1186],[-89.6551,43.1187],[-89.6504,43.1224],[-89.6453,43.1172],[-89.6453,43.1224],[-89.6318,43.1282],[-89.6353,43.1223],[-89.623,43.1229],[-89.6254,43.1186],[-89.5762,43.1182],[-89.5759,43.111],[-89.5553,43.1065],[-89.5528,43.1111],[-89.5412,43.1111],[-89.5385,43.1057],[-89.5462,43.1075],[-89.5465,43.1017],[-89.5412,43.1024],[-89.5433,43.0961],[-89.5348,43.0964],[-89.5364,43.0894],[-89.5612,43.0893],[-89.5513,43.082],[-89.5367,43.0821],[-89.5309,43.087],[-89.4924,43.0825],[-89.4922,43.0861],[-89.4873,43.0854],[-89.4911,43.0902],[-89.4838,43.0884],[-89.483,43.1045],[-89.4232,43.1044],[-89.4227,43.1191],[-89.3797,43.119],[-89.3743,43.1241],[-89.3966,43.1457],[-89.3755,43.1483],[-89.3705,43.1449],[-89.3724,43.1409],[-89.3552,43.1403],[-89.3551,43.1436],[-89.363,43.1438],[-89.362,43.2068],[-89.4815,43.2067],[-89.4816,43.2941],[-89.7205,43.2931],[-89.7134,43.281],[-89.7317,43.2522],[-89.749,43.2488],[-89.7596,43.241],[-89.8059,43.2387],[-89.8382,43.2034]]]},"properties":{"geoid":"55081","state":"55","district":"81","name":"Assembly District 81","chamber":"Assembly"}},{"type":"Feature","geometry":{"type":"Polygon","coordinates":[[[-88.3068,42.93],[-88.2579,42.9302],[-88.2575,42.9701],[-88.2489,42.9675],[-88.2476,42.9714],[-88.2484,42.9557],[-88.243,42.9547],[-88.2462,42.9592],[-88.2406,42.9592],[-88.2404,42.9664],[-88.2336,42.9665],[-88.2327,42.9727],[-88.2234,42.9778],[-88.224,42.9846],[-88.2171,42.9879],[-88.2212,42.9885],[-88.2176,42.9975],[-88.222,42.9974],[-88.2217,43.008],[-88.1997,43.0096],[-88.2006,43.0139],[-88.2218,43.0147],[-88.2221,43.0431],[-88.2314,43.0484],[-88.2483,43.047],[-88.2515,43.0596],[-88.2655,43.0594],[-88.2708,43.0469],[-88.2824,43.0521],[-88.2921,43.0448],[-88.2865,43.0423],[-88.2911,43.0374],[-88.2858,43.0373],[-88.2856,43.0321],[-88.3047,43.0319],[-88.3068,42.93]]]},"properties":{"geoid":"55082","state":"55","district":"82","name":"Assembly District 82","chamber":"Assembly"}},{"type":"Feature","geometry":{"type":"Polygon","coordinates":[[[-88.2602,42.9547],[-88.2579,42.9302],[-88.1888,42.9302],[-88.1889,42.9229],[-88.1615,42.9234],[-88.1589,42.93],[-88.1467,42.9299],[-88.1389,42.9261],[-88.1444,42.9141],[-88.1294,42.9084],[-88.0954,42.9239],[-88.0696,42.9133],[-88.0673,43.0164],[-88.2111,43.0192],[-88.2153,43.0131],[-88.2006,43.0139],[-88.1997,43.0096],[-88.2217,43.008],[-88.222,42.9974],[-88.2176,42.9975],[-88.2212,42.9885],[-88.2171,42.9879],[-88.224,42.9846],[-88.2247,42.9759],[-88.2327,42.9727],[-88.2336,42.9665],[-88.2404,42.9664],[-88.2406,42.9592],[-88.2462,42.9592],[-88.243,42.9547],[-88.2484,42.9557],[-88.2476,42.9714],[-88.2489,42.9675],[-88.2575,42.9701],[-88.2602,42.9547]]]},"properties":{"geoid":"55083","state":"55","district":"83","name":"Assembly District 83","chamber":"Assembly"}},{"type":"Feature","geometry":{"type":"Polygon","coordinates":[[[-88.4243,42.8788],[-88.4241,42.8426],[-88.3438,42.8429],[-88.3532,42.8283],[-88.3361,42.8281],[-88.3361,42.8363],[-88.3263,42.8353],[-88.3264,42.8244],[-88.3313,42.8245],[-88.3279,42.8185],[-88.3064,42.8407],[-88.3081,42.7555],[-88.2293,42.756],[-88.2255,42.7459],[-88.2207,42.7466],[-88.217,42.7562],[-88.2042,42.7563],[-88.2074,42.7529],[-88.1996,42.7564],[-88.0718,42.7571],[-88.0696,42.9133],[-88.0954,42.9239],[-88.1294,42.9084],[-88.1444,42.9141],[-88.1389,42.9261],[-88.1467,42.9299],[-88.1589,42.93],[-88.1615,42.9234],[-88.1889,42.9229],[-88.1888,42.9302],[-88.2875,42.93],[-88.2876,42.9221],[-88.2975,42.922],[-88.2975,42.9147],[-88.3066,42.9146],[-88.3061,42.8757],[-88.3109,42.8753],[-88.3147,42.8858],[-88.3273,42.8752],[-88.3356,42.8826],[-88.3553,42.8829],[-88.3553,42.8765],[-88.3853,42.8934],[-88.3903,42.8757],[-88.4243,42.8788]]]},"properties":{"geoid":"55084","state":"55","district":"84","name":"Assembly District 84","chamber":"Assembly"}},{"type":"Feature","geometry":{"type":"Polygon","coordinates":[[[-89.7703,44.9443],[-89.6559,44.9447],[-89.6445,44.9354],[-89.6441,44.9298],[-89.6191,44.919],[-89.6142,44.9292],[-89.6174,44.9307],[-89.5947,44.9294],[-89.5952,44.9241],[-89.5898,44.9214],[-89.5926,44.9129],[-89.6087,44.909],[-89.6092,44.8945],[-89.5826,44.8911],[-89.5825,44.8873],[-89.593,44.8874],[-89.5923,44.8585],[-89.4907,44.8584],[-89.4922,45.0323],[-89.6108,45.0323],[-89.6109,45.0034],[-89.6274,45.0013],[-89.6213,44.9886],[-89.6337,44.9882],[-89.6312,44.9936],[-89.6461,44.9887],[-89.6492,44.999],[-89.6584,44.9954],[-89.6586,44.999],[-89.6661,45],[-89.6575,44.9887],[-89.6666,44.9881],[-89.6662,44.9808],[-89.6627,44.9808],[-89.6661,44.9772],[-89.6608,44.9772],[-89.6609,44.9735],[-89.7271,44.973],[-89.7271,44.9695],[-89.7424,44.9695],[-89.7423,44.9659],[-89.763,44.9678],[-89.768,44.9587],[-89.7473,44.9623],[-89.7421,44.9514],[-89.7472,44.9497],[-89.7418,44.951],[-89.7703,44.9443]]]},"properties":{"geoid":"55085","state":"55","district":"85","name":"Assembly District 85","chamber":"Assembly"}},{"type":"Feature","geometry":{"type":"Polygon","coordinates":[[[-90.3169,44.7573],[-90.316,44.4246],[-89.8373,44.4236],[-89.8374,44.4272],[-89.8273,44.4272],[-89.8038,44.4237],[-89.7895,44.4263],[-89.7888,44.4332],[-89.7573,44.4418],[-89.7504,44.4491],[-89.7264,44.4493],[-89.727,44.5257],[-89.6073,44.5262],[-89.6073,44.5336],[-89.6242,44.5394],[-89.6224,44.5463],[-89.6444,44.549],[-89.6385,44.5581],[-89.6497,44.5633],[-89.65,44.5727],[-89.6584,44.5791],[-89.6571,44.5907],[-89.6362,44.6026],[-89.6445,44.6208],[-89.6375,44.6394],[-89.6507,44.6656],[-89.6588,44.6676],[-89.6774,44.6563],[-89.678,44.6645],[-89.6679,44.6753],[-89.6697,44.6823],[-89.7267,44.6848],[-89.7274,44.7717],[-89.8087,44.7714],[-89.8091,44.8151],[-89.8453,44.8153],[-89.8454,44.8581],[-89.7274,44.8582],[-89.727,44.9442],[-89.7703,44.9442],[-89.7418,44.951],[-89.7472,44.9497],[-89.7421,44.9514],[-89.7473,44.9623],[-89.768,44.9587],[-89.763,44.9678],[-89.7271,44.9695],[-89.727,45.0323],[-89.9639,45.0329],[-89.9639,44.9443],[-90.0792,44.9453],[-90.0791,44.8587],[-90.1981,44.8588],[-90.1988,44.7717],[-90.3169,44.7721],[-90.3169,44.7573]]]},"properties":{"geoid":"55086","state":"55","district":"86","name":"Assembly District 86","chamber":"Assembly"}},{"type":"Feature","geometry":{"type":"Polygon","coordinates":[[[-89.8454,44.8581],[-89.8453,44.8153],[-89.8091,44.8151],[-89.8087,44.7714],[-89.7274,44.7717],[-89.7267,44.6848],[-89.6697,44.6823],[-89.6679,44.6753],[-89.678,44.6645],[-89.6774,44.6563],[-89.6588,44.6676],[-89.6507,44.6656],[-89.6375,44.6394],[-89.6445,44.6212],[-89.6363,44.6034],[-89.639,44.5988],[-89.4894,44.599],[-89.4894,44.5562],[-89.3452,44.5475],[-89.3453,44.5041],[-89.2233,44.504],[-89.2237,44.4174],[-89.1028,44.4175],[-89.1027,44.5038],[-88.8593,44.503],[-88.8581,44.7678],[-88.9817,44.7679],[-88.9816,44.8557],[-88.9917,44.8558],[-88.9936,44.8696],[-88.9815,44.8702],[-88.9813,44.9427],[-89.4918,44.9457],[-89.4907,44.8584],[-89.5667,44.8583],[-89.5923,44.8585],[-89.593,44.8874],[-89.5825,44.8873],[-89.5826,44.8911],[-89.6092,44.8945],[-89.6087,44.909],[-89.5926,44.9129],[-89.5898,44.9214],[-89.5952,44.9241],[-89.5941,44.9291],[-89.6174,44.9307],[-89.6142,44.9292],[-89.6191,44.919],[-89.6441,44.9298],[-89.6527,44.9439],[-89.727,44.9442],[-89.7274,44.8582],[-89.8454,44.8581]]]},"properties":{"geoid":"55087","state":"55","district":"87","name":"Assembly District 87","chamber":"Assembly"}},{"type":"Feature","geometry":{"type":"Polygon","coordinates":[[[-88.1441,44.3586],[-88.0496,44.3574],[-88.0496,44.3647],[-88.0699,44.3647],[-88.0698,44.3866],[-88.0597,44.3938],[-88.0597,44.3974],[-88.0648,44.3962],[-88.0648,44.4047],[-88.0528,44.4151],[-88.0422,44.4113],[-88.0375,44.4209],[-88.0571,44.4309],[-88.0342,44.4281],[-88.0463,44.4338],[-88.0468,44.4395],[-88.0169,44.4375],[-88.0136,44.4427],[-88.0168,44.4451],[-87.9863,44.4345],[-87.9793,44.4449],[-87.9278,44.4442],[-87.9277,44.4406],[-87.9193,44.4405],[-87.9249,44.4442],[-87.9124,44.4441],[-87.9128,44.4405],[-87.8871,44.4439],[-87.8872,44.4729],[-87.9568,44.4734],[-87.9786,44.4877],[-87.9818,44.4788],[-87.9867,44.4778],[-87.9828,44.4735],[-87.9885,44.4757],[-87.99,44.486],[-88.0241,44.4986],[-88.0578,44.4621],[-88.071,44.4661],[-88.079,44.4572],[-88.0951,44.4549],[-88.0908,44.4509],[-88.0988,44.4393],[-88.1312,44.4172],[-88.1286,44.413],[-88.1341,44.413],[-88.132,44.4099],[-88.1408,44.4069],[-88.1241,44.3958],[-88.1141,44.4032],[-88.1094,44.4006],[-88.0891,44.4167],[-88.1441,44.3586]]]},"properties":{"geoid":"55088","state":"55","district":"88","name":"Assembly District 88","chamber":"Assembly"}},{"type":"Feature","geometry":{"type":"Polygon","coordinates":[[[-88.1499,44.5013],[-88.1297,44.4936],[-88.1297,44.4886],[-88.1066,44.4855],[-88.1095,44.4742],[-88.1208,44.4742],[-88.1223,44.4778],[-88.1266,44.4742],[-88.1176,44.4673],[-88.1267,44.4689],[-88.1246,44.4637],[-88.1298,44.4637],[-88.1298,44.4597],[-88.1215,44.4597],[-88.1329,44.4454],[-88.1095,44.4452],[-88.095,44.4505],[-88.0951,44.4549],[-88.079,44.4572],[-88.071,44.4661],[-88.0578,44.4621],[-88.0263,44.4919],[-88.0157,44.5183],[-88.0269,44.5217],[-88.0236,44.5266],[-88.0263,44.5311],[-88.0475,44.5481],[-88.053,44.54],[-88.0668,44.5448],[-88.0768,44.5301],[-88.0944,44.5377],[-88.0995,44.524],[-88.1196,44.5239],[-88.1198,44.5166],[-88.1298,44.5166],[-88.1299,44.5238],[-88.1398,44.5239],[-88.1398,44.5059],[-88.1359,44.5022],[-88.1499,44.5013]]]},"properties":{"geoid":"55089","state":"55","district":"89","name":"Assembly District 89","chamber":"Assembly"}},{"type":"Feature","geometry":{"type":"MultiPolygon","coordinates":[[[[-88.0475,44.5481],[-88.0263,44.5311],[-88.0236,44.5266],[-88.0269,44.5217],[-88.0157,44.5183],[-88.0238,44.4985],[-87.99,44.486],[-87.9885,44.4757],[-87.9825,44.4735],[-87.9867,44.4778],[-87.9818,44.4788],[-87.9786,44.4877],[-87.9568,44.4734],[-87.8872,44.4729],[-87.8868,44.5226],[-87.8792,44.5239],[-87.8792,44.5275],[-87.9069,44.5316],[-87.9069,44.5387],[-87.9007,44.5386],[-87.8891,44.5547],[-87.8961,44.5549],[-87.896,44.5747],[-87.9008,44.5745],[-87.9243,44.5402],[-87.9438,44.5295],[-87.9709,44.5302],[-87.9993,44.5405],[-87.9959,44.5374],[-88.0012,44.5398],[-88.0062,44.5329],[-88.0101,44.5342],[-88.0139,44.5376],[-88.008,44.5362],[-88.0065,44.5406],[-88.0325,44.561],[-88.0393,44.5597],[-88.0475,44.5481]]],[[[-87.9895,44.5388],[-87.9804,44.5368],[-87.9839,44.5401],[-87.9895,44.5388]]]]},"properties":{"geoid":"55090","state":"55","district":"90","name":"Assembly District 90","chamber":"Assembly"}},{"type":"Feature","geometry":{"type":"Polygon","coordinates":[[[-91.5148,44.8574],[-91.4941,44.8353],[-91.4967,44.8303],[-91.5068,44.8354],[-91.5124,44.8315],[-91.5056,44.8128],[-91.477,44.8001],[-91.4822,44.7941],[-91.4784,44.7944],[-91.4783,44.7762],[-91.4834,44.778],[-91.4835,44.7712],[-91.4593,44.7712],[-91.4588,44.7644],[-91.4329,44.7659],[-91.4281,44.7601],[-91.4229,44.7601],[-91.4228,44.7647],[-91.4136,44.7598],[-91.4178,44.7567],[-91.4073,44.76],[-91.414,44.7634],[-91.4123,44.7667],[-91.4072,44.765],[-91.3521,44.7208],[-91.3294,44.6832],[-91.2857,44.6835],[-91.2865,44.5968],[-90.9223,44.5963],[-90.9227,44.9444],[-91.1109,44.9443],[-91.111,44.9521],[-91.1198,44.9464],[-91.1366,44.9593],[-91.1367,44.966],[-91.1657,44.9663],[-91.1656,44.9518],[-91.176,44.9517],[-91.184,44.9449],[-91.1989,44.9491],[-91.2013,44.9442],[-91.2179,44.9427],[-91.2277,44.949],[-91.2268,44.8569],[-91.5148,44.8574]]]},"properties":{"geoid":"55091","state":"55","district":"91","name":"Assembly District 91","chamber":"Assembly"}},{"type":"Feature","geometry":{"type":"Polygon","coordinates":[[[-92.0147,44.8517],[-92.0144,44.8148],[-91.8324,44.8141],[-91.8336,44.8574],[-91.2268,44.8569],[-91.2277,44.949],[-91.2408,44.9494],[-91.252,44.9436],[-91.2556,44.9513],[-91.2651,44.9537],[-91.2706,44.9463],[-91.3283,44.9785],[-91.3421,44.9775],[-91.347,44.9666],[-91.368,44.9659],[-91.3707,44.9568],[-91.3783,44.9662],[-91.3784,44.9554],[-91.3874,44.9554],[-91.3874,44.9518],[-91.3987,44.959],[-91.3985,44.9662],[-91.4075,44.9661],[-91.4039,44.9517],[-91.4179,44.9552],[-91.4204,44.9444],[-91.433,44.948],[-91.4333,44.9443],[-91.651,44.9428],[-92.0146,44.9444],[-92.0147,44.8517]]]},"properties":{"geoid":"55092","state":"55","district":"92","name":"Assembly District 92","chamber":"Assembly"}},{"type":"Feature","geometry":{"type":"Polygon","coordinates":[[[-91.9751,44.8149],[-91.9741,44.6838],[-91.6504,44.6836],[-91.6502,44.5966],[-91.5291,44.5962],[-91.5289,44.5094],[-91.166,44.5099],[-91.1656,44.597],[-91.2865,44.5968],[-91.2857,44.6835],[-91.3294,44.6832],[-91.3521,44.7208],[-91.4072,44.765],[-91.4123,44.7667],[-91.414,44.7634],[-91.4073,44.76],[-91.4178,44.7567],[-91.4136,44.7598],[-91.4228,44.7647],[-91.4229,44.7601],[-91.4281,44.7601],[-91.4329,44.7659],[-91.4588,44.7644],[-91.4593,44.7712],[-91.4835,44.7712],[-91.4834,44.778],[-91.4783,44.7762],[-91.4784,44.7944],[-91.4822,44.7941],[-91.477,44.8001],[-91.5056,44.8128],[-91.5124,44.8315],[-91.5068,44.8354],[-91.4967,44.8303],[-91.4941,44.8353],[-91.5148,44.8574],[-91.8336,44.8574],[-91.8324,44.8141],[-91.9751,44.8149]]]},"properties":{"geoid":"55093","state":"55","district":"93","name":"Assembly District 93","chamber":"Assembly"}},{"type":"Feature","geometry":{"type":"Polygon","coordinates":[[[-91.4252,43.9843],[-91.406,43.9639],[-91.3858,43.9542],[-91.3666,43.9375],[-91.3574,43.9172],[-91.3477,43.912],[-91.2903,43.9122],[-91.2896,43.8978],[-91.2551,43.898],[-91.2552,43.8873],[-91.2404,43.8821],[-91.2429,43.8698],[-91.2293,43.8698],[-91.2334,43.8528],[-91.2426,43.8528],[-91.2425,43.8447],[-91.2481,43.8414],[-91.2202,43.8481],[-91.2097,43.8405],[-91.214,43.8475],[-91.2098,43.8478],[-91.2048,43.8583],[-91.1747,43.8556],[-91.1779,43.8628],[-91.1647,43.8642],[-91.164,43.8682],[-91.157,43.864],[-91.1497,43.8672],[-91.1496,43.8628],[-91.0312,43.8629],[-91.0324,43.9853],[-90.9722,43.9853],[-90.9727,44.0069],[-90.9528,44.007],[-90.9531,44.0711],[-91.1518,44.071],[-91.1536,44.2476],[-91.3545,44.2473],[-91.3535,44.2152],[-91.3637,44.2153],[-91.3633,44.1866],[-91.3736,44.1866],[-91.3738,44.1721],[-91.3837,44.1721],[-91.3837,44.1649],[-91.3924,44.1648],[-91.3913,44.0917],[-91.3963,44.0917],[-91.3963,44.0773],[-91.3913,44.0637],[-91.4112,44.0639],[-91.4109,44.0132],[-91.4058,44.0132],[-91.4059,43.9922],[-91.4009,43.9842],[-91.4252,43.9843]]]},"properties":{"geoid":"55094","state":"55","district":"94","name":"Assembly District 94","chamber":"Assembly"}},{"type":"Feature","geometry":{"type":"Polygon","coordinates":[[[-91.3477,43.912],[-91.3393,43.8987],[-91.319,43.8867],[-91.311,43.8674],[-91.2841,43.8471],[-91.2731,43.8187],[-91.262,43.8097],[-91.239,43.8087],[-91.2376,43.7978],[-91.2283,43.8015],[-91.2028,43.7908],[-91.2143,43.8059],[-91.2041,43.8118],[-91.1952,43.8116],[-91.2026,43.8076],[-91.1944,43.8052],[-91.1929,43.8119],[-91.0312,43.8122],[-91.0309,43.725],[-90.6071,43.726],[-90.607,43.7296],[-90.5998,43.73],[-90.5872,43.7295],[-90.5872,43.7258],[-90.5525,43.7256],[-90.5517,43.8992],[-90.6701,43.899],[-90.6714,43.9858],[-90.7917,43.9859],[-90.7917,44.029],[-90.9132,44.0288],[-90.9129,44.0715],[-90.9531,44.0711],[-90.9528,44.007],[-90.9727,44.0069],[-90.9722,43.9853],[-91.0324,43.9853],[-91.0312,43.8629],[-91.1496,43.8628],[-91.1497,43.8672],[-91.157,43.864],[-91.164,43.8682],[-91.1647,43.8642],[-91.1779,43.8628],[-91.1747,43.8556],[-91.2048,43.8583],[-91.2098,43.8478],[-91.214,43.8475],[-91.2097,43.8405],[-91.2202,43.8481],[-91.2481,43.8414],[-91.2425,43.8447],[-91.2426,43.8528],[-91.2334,43.8528],[-91.2293,43.8698],[-91.2429,43.8698],[-91.2404,43.8821],[-91.2552,43.8873],[-91.2551,43.898],[-91.2896,43.8978],[-91.2903,43.9122],[-91.3477,43.912]]]},"properties":{"geoid":"55095","state":"55","district":"95","name":"Assembly District 95","chamber":"Assembly"}},{"type":"Feature","geometry":{"type":"Polygon","coordinates":[[[-91.2733,43.6683],[-91.2717,43.6549],[-91.2624,43.6418],[-91.2687,43.6153],[-91.2319,43.5818],[-91.2328,43.5648],[-91.2432,43.5507],[-91.2432,43.5403],[-91.2329,43.524],[-91.2174,43.5125],[-91.216,43.4811],[-91.2322,43.46],[-91.2323,43.451],[-91.2055,43.4229],[-91.2018,43.4229],[-91.209,43.4367],[-91.1962,43.4443],[-91.2016,43.4367],[-91.1834,43.437],[-91.1881,43.4344],[-91.1881,43.423],[-90.6686,43.423],[-90.6703,43.5023],[-90.685,43.4987],[-90.686,43.5057],[-90.6806,43.5131],[-90.6707,43.513],[-90.6717,43.5529],[-90.3111,43.554],[-90.3122,43.7315],[-90.4329,43.7259],[-90.5872,43.7258],[-90.5872,43.7295],[-90.5998,43.73],[-90.607,43.7296],[-90.6071,43.726],[-91.0309,43.725],[-91.0312,43.8122],[-91.1929,43.8119],[-91.1944,43.8052],[-91.2026,43.8076],[-91.1952,43.8116],[-91.2041,43.8118],[-91.2143,43.8072],[-91.2023,43.7915],[-91.2073,43.7898],[-91.2283,43.8015],[-91.2376,43.7978],[-91.239,43.8087],[-91.262,43.8097],[-91.2731,43.8187],[-91.2624,43.7922],[-91.244,43.773],[-91.2554,43.7449],[-91.2559,43.7298],[-91.2685,43.7098],[-91.2733,43.6683]]]},"properties":{"geoid":"55096","state":"55","district":"96","name":"Assembly District 96","chamber":"Assembly"}},{"type":"Feature","geometry":{"type":"Polygon","coordinates":[[[-88.7778,42.9156],[-88.7709,42.9069],[-88.7629,42.9143],[-88.7276,42.911],[-88.7223,42.904],[-88.7153,42.9016],[-88.7146,42.9058],[-88.6981,42.894],[-88.6735,42.8991],[-88.6686,42.8951],[-88.6601,42.9018],[-88.6593,42.8425],[-88.4241,42.8426],[-88.4243,42.8788],[-88.3903,42.8757],[-88.3853,42.8934],[-88.3553,42.8765],[-88.3553,42.8829],[-88.3356,42.8826],[-88.3273,42.8752],[-88.3147,42.8858],[-88.3109,42.8753],[-88.3061,42.8757],[-88.3066,42.9146],[-88.2975,42.9147],[-88.2975,42.922],[-88.2876,42.9221],[-88.2875,42.9296],[-88.3068,42.93],[-88.3037,43.105],[-88.328,43.1052],[-88.3249,43.1033],[-88.3334,43.0828],[-88.3435,43.083],[-88.3629,43.0725],[-88.3595,43.1056],[-88.3981,43.0994],[-88.3906,43.0968],[-88.3904,43.0919],[-88.3976,43.0892],[-88.3977,43.08],[-88.4134,43.0798],[-88.4127,43.106],[-88.4219,43.1031],[-88.455,43.1098],[-88.4836,43.107],[-88.4773,43.105],[-88.4667,43.0874],[-88.4521,43.0835],[-88.4517,43.0698],[-88.4463,43.0698],[-88.4472,43.0625],[-88.4713,43.0693],[-88.4716,43.0575],[-88.4816,43.0577],[-88.4808,43.0815],[-88.4886,43.079],[-88.5056,43.0848],[-88.5056,43.0771],[-88.5206,43.0774],[-88.5207,43.0846],[-88.54,43.0805],[-88.5396,43.1076],[-88.6569,43.1079],[-88.6602,42.9744],[-88.7772,42.9754],[-88.7778,42.9156]]]},"properties":{"geoid":"55097","state":"55","district":"97","name":"Assembly District 97","chamber":"Assembly"}},{"type":"Feature","geometry":{"type":"Polygon","coordinates":[[[-88.4193,43.275],[-88.418,43.1947],[-88.3001,43.1931],[-88.3015,43.1571],[-88.3264,43.1559],[-88.3267,43.1525],[-88.3274,43.1306],[-88.3028,43.1268],[-88.3037,43.105],[-88.1857,43.1047],[-88.1822,43.1926],[-88.1364,43.192],[-88.1427,43.1961],[-88.1426,43.2091],[-88.157,43.2213],[-88.1622,43.2214],[-88.1623,43.2084],[-88.1686,43.2111],[-88.1822,43.2071],[-88.1817,43.2808],[-88.1888,43.2808],[-88.1872,43.2881],[-88.1916,43.2881],[-88.1892,43.2808],[-88.3004,43.2814],[-88.2993,43.3286],[-88.3094,43.3247],[-88.3093,43.3282],[-88.3192,43.3288],[-88.3188,43.3463],[-88.3262,43.3464],[-88.3261,43.3537],[-88.3166,43.3576],[-88.3185,43.3536],[-88.3063,43.3537],[-88.3064,43.3483],[-88.2989,43.3502],[-88.2986,43.3695],[-88.4184,43.3702],[-88.4193,43.275]]]},"properties":{"geoid":"55098","state":"55","district":"98","name":"Assembly District 98","chamber":"Assembly"}},{"type":"Feature","geometry":{"type":"Polygon","coordinates":[[[-88.6568,43.1148],[-88.6569,43.1079],[-88.5396,43.1076],[-88.54,43.0805],[-88.5207,43.0846],[-88.5206,43.0774],[-88.5056,43.0771],[-88.5056,43.0848],[-88.4886,43.079],[-88.4808,43.0815],[-88.4816,43.0577],[-88.4716,43.0575],[-88.4713,43.0693],[-88.4472,43.0625],[-88.4463,43.0698],[-88.4517,43.0698],[-88.4521,43.0835],[-88.4667,43.0874],[-88.4773,43.105],[-88.4836,43.107],[-88.455,43.1098],[-88.4219,43.1031],[-88.4127,43.106],[-88.4134,43.0798],[-88.3977,43.08],[-88.3976,43.0892],[-88.3904,43.0919],[-88.3906,43.0968],[-88.3981,43.0994],[-88.3595,43.1056],[-88.3629,43.0725],[-88.3435,43.083],[-88.3334,43.0828],[-88.3249,43.1033],[-88.328,43.1052],[-88.3037,43.105],[-88.3028,43.1268],[-88.3274,43.1306],[-88.3267,43.1525],[-88.3264,43.1559],[-88.3015,43.1571],[-88.3001,43.1931],[-88.418,43.1947],[-88.4184,43.3702],[-88.5363,43.3706],[-88.5374,43.283],[-88.6561,43.2845],[-88.6568,43.1148]]]},"properties":{"geoid":"55099","state":"55","district":"99","name":"Assembly District 99","chamber":"Assembly"}},{"type":"Feature","geometry":{"type":"MultiPolygon","coordinates":[[[[-88.0493,44.5648],[-88.0407,44.5596],[-88.0317,44.5608],[-88.0065,44.5406],[-88.008,44.5362],[-88.0139,44.5376],[-88.0062,44.5329],[-88.0013,44.5397],[-87.9959,44.5374],[-87.9997,44.5405],[-87.9578,44.5289],[-87.9289,44.5359],[-87.9001,44.5716],[-87.9039,44.5777],[-87.9137,44.578],[-87.8884,44.5913],[-87.863,44.6158],[-87.8399,44.6194],[-87.8092,44.6362],[-87.767,44.6415],[-87.7546,44.6504],[-87.7485,44.6676],[-87.7196,44.6935],[-87.72,44.7255],[-87.6642,44.779],[-87.6615,44.7884],[-87.646,44.7988],[-87.6152,44.8342],[-87.5789,44.8527],[-87.5498,44.8512],[-87.5506,44.8471],[-87.5588,44.8463],[-87.5649,44.8294],[-87.5686,44.8291],[-87.5651,44.8257],[-87.555,44.8363],[-87.5605,44.8249],[-87.5527,44.8233],[-87.5539,44.8267],[-87.5413,44.832],[-87.5324,44.8504],[-87.5334,44.8579],[-87.5306,44.851],[-87.5187,44.8493],[-87.5036,44.8552],[-87.504,44.861],[-87.5148,44.87],[-87.4988,44.8644],[-87.4992,44.8568],[-87.4871,44.8542],[-87.4609,44.8773],[-87.4336,44.8929],[-87.4205,44.8875],[-87.4199,44.8757],[-87.4048,44.8594],[-87.3901,44.8311],[-87.3829,44.8333],[-87.3774,44.8245],[-87.3377,44.8082],[-87.3416,44.8062],[-87.331,44.8054],[-87.343,44.8175],[-87.3461,44.8277],[-87.3526,44.8215],[-87.3756,44.8293],[-87.3846,44.8378],[-87.384,44.8872],[-87.3936,44.8986],[-87.4114,44.9058],[-87.3952,44.9207],[-87.3984,44.9247],[-87.3939,44.9338],[-87.3755,44.956],[-87.3609,44.9872],[-87.3472,45.0006],[-87.3426,45.0122],[-87.3298,45.0188],[-87.3213,45.0384],[-87.3098,45.0431],[-87.3019,45.0537],[-87.2936,45.0459],[-87.2821,45.048],[-87.2815,45.0737],[-87.263,45.0839],[-87.2576,45.1218],[-87.2487,45.1323],[-87.2395,45.1285],[-87.2402,45.1543],[-87.2679,45.1573],[-87.2708,45.1666],[-87.267,45.1737],[-87.258,45.1772],[-87.2384,45.1666],[-87.2222,45.1749],[-87.2231,45.1652],[-87.196,45.1633],[-87.1867,45.1505],[-87.1751,45.1501],[-87.1699,45.1537],[-87.1754,45.173],[-87.1668,45.1835],[-87.1494,45.1854],[-87.1457,45.1921],[-87.1194,45.1915],[-87.1234,45.2228],[-87.1172,45.2404],[-87.1062,45.2583],[-87.0748,45.2539],[-87.0783,45.265],[-87.0681,45.2955],[-87.0592,45.2985],[-87.0524,45.2866],[-87.0434,45.2848],[-87.0235,45.2864],[-87.0231,45.2939],[-87.0164,45.2993],[-87.0075,45.2945],[-86.984,45.2955],[-86.9753,45.2878],[-86.9704,45.2778],[-86.9851,45.261],[-86.9819,45.2483],[-86.9727,45.2462],[-86.986,45.2359],[-86.9782,45.2276],[-86.9818,45.2182],[-87.0028,45.2116],[-87.0083,45.2242],[-87.0222,45.2332],[-87.041,45.2294],[-87.0321,45.2232],[-87.0378,45.2211],[-87.0316,45.2187],[-87.0327,45.2133],[-87.0412,45.2111],[-87.0382,45.1994],[-87.0463,45.1725],[-87.0453,45.1583],[-87.0316,45.1504],[-87.032,45.1416],[-87.0468,45.1349],[-87.0691,45.1579],[-87.0796,45.1558],[-87.0777,45.1475],[-87.0842,45.1454],[-87.075,45.1279],[-87.0575,45.1248],[-87.051,45.1166],[-87.0486,45.1088],[-87.0534,45.0962],[-87.0486,45.0948],[-87.0477,45.088],[-87.0566,45.0936],[-87.0663,45.0785],[-87.0667,45.0843],[-87.0758,45.0875],[-87.0818,45.096],[-87.0907,45.0945],[-87.097,45.0834],[-87.0851,45.0792],[-87.0829,45.0708],[-87.0799,45.0736],[-87.0838,45.0659],[-87.0797,45.0581],[-87.0911,45.0559],[-87.0908,45.0511],[-87.1242,45.0576],[-87.1249,45.0426],[-87.139,45.0128],[-87.1643,45.0043],[-87.1894,44.9685],[-87.1882,44.9482],[-87.1751,44.9399],[-87.1717,44.9314],[-87.2154,44.9076],[-87.2171,44.8977],[-87.2062,44.886],[-87.2049,44.8754],[-87.2676,44.8467],[-87.2826,44.8147],[-87.3046,44.8048],[-87.3144,44.7932],[-87.3108,44.7917],[-87.318,44.7896],[-87.319,44.7715],[-87.3352,44.7499],[-87.3484,44.7104],[-87.377,44.674],[-87.3824,44.6573],[-87.4021,44.6308],[-87.4212,44.6148],[-87.4355,44.6104],[-87.4319,44.6076],[-87.4375,44.6051],[-87.4523,44.5723],[-87.4702,44.5473],[-87.4837,44.5114],[-87.4923,44.4656],[-87.499,44.4608],[-87.5026,44.433],[-87.5172,44.397],[-87.5171,44.3767],[-87.5325,44.3534],[-87.5331,44.3412],[-87.5454,44.3217],[-87.5406,44.2917],[-87.5088,44.2312],[-87.5095,44.2001],[-87.5248,44.1726],[-87.5607,44.1426],[-87.6161,44.1251],[-87.6476,44.1038],[-87.6437,44.0926],[-87.6486,44.0997],[-87.6519,44.0924],[-87.6578,44.0926],[-87.6437,44.0914],[-87.6542,44.0819],[-87.6551,44.0529],[-87.6834,44.0203],[-87.6955,43.9896],[-87.6989,43.9659],[-87.719,43.9378],[-87.7361,43.8797],[-87.7282,43.8512],[-87.7262,43.8096],[-87.7054,43.7733],[-87.6952,43.7645],[-87.7027,43.755],[-87.6926,43.7495],[-87.7023,43.7531],[-87.7029,43.7486],[-87.6947,43.7486],[-87.7041,43.7468],[-87.7096,43.7375],[-87.7029,43.7083],[-87.7034,43.6849],[-87.7888,43.5653],[-87.7941,43.5251],[-87.7911,43.4929],[-87.8127,43.4501],[-87.8704,43.3872],[-87.8642,43.3835],[-87.8709,43.3817],[-87.8771,43.3694],[-87.8888,43.3071],[-87.9016,43.2842],[-87.912,43.2479],[-87.909,43.2327],[-87.8968,43.2145],[-87.8968,43.1986],[-87.8809,43.1706],[-87.9008,43.1366],[-87.9005,43.126],[-87.8764,43.0991],[-87.8638,43.0741],[-87.882,43.0533],[-87.8802,43.0447],[-87.8868,43.053],[-87.8899,43.0459],[-87.8818,43.0461],[-87.895,43.0425],[-87.8973,43.0201],[-87.893,43.0181],[-87.8938,43.0123],[-87.8912,43.0145],[-87.8916,43.0072],[-87.8844,43.0049],[-87.8878,43.0006],[-87.8546,42.978],[-87.8453,42.9621],[-87.846,42.9293],[-87.8393,42.913],[-87.8479,42.8971],[-87.8435,42.8902],[-87.8465,42.884],[-87.8343,42.8546],[-87.825,42.8462],[-87.828,42.8451],[-87.8237,42.8347],[-87.7948,42.8072],[-87.7573,42.7816],[-87.7782,42.7624],[-87.7812,42.7494],[-87.7781,42.7189],[-87.7852,42.7],[-87.8043,42.6735],[-87.8197,42.6228],[-87.8161,42.5951],[-87.8085,42.5889],[-87.8161,42.5884],[-87.8172,42.595],[-87.8189,42.5878],[-87.8074,42.5882],[-87.8092,42.5825],[-87.8135,42.5842],[-87.81,42.5829],[-87.8139,42.5786],[-87.8135,42.5324],[-87.8021,42.4931],[-87.0199,42.4935],[-87.1472,43.3799],[-87.1251,43.6704],[-87.1141,43.7341],[-87.0132,44.1319],[-86.8477,44.5003],[-86.8552,44.5003],[-86.6863,44.881],[-86.4999,45.0808],[-86.2495,45.2361],[-86.7542,45.4436],[-87.1011,45.4442],[-87.1712,45.3525],[-87.3154,45.2407],[-87.4057,45.202],[-87.4425,45.0764],[-87.5854,45.0969],[-87.5902,45.0953],[-87.5849,45.0964],[-87.5901,45.0946],[-87.5896,45.0895],[-87.578,45.071],[-87.5939,45.0846],[-87.6016,45.0823],[-87.6249,45.0483],[-87.6234,45.0021],[-87.6303,44.9768],[-87.6565,44.9714],[-87.6956,44.9744],[-87.7757,44.9649],[-87.7825,44.9635],[-87.7795,44.9604],[-87.8135,44.9543],[-87.8287,44.9438],[-87.8321,44.9354],[-87.8406,44.9307],[-87.8443,44.9174],[-87.833,44.897],[-87.8212,44.899],[-87.8299,44.8955],[-87.8223,44.8982],[-87.8286,44.8948],[-87.8309,44.8864],[-87.8341,44.8883],[-87.8329,44.8809],[-87.8486,44.8701],[-87.867,44.8422],[-87.9031,44.8274],[-87.8999,44.8189],[-87.9077,44.8153],[-87.9343,44.7659],[-87.9659,44.7432],[-87.9832,44.7213],[-87.986,44.7018],[-87.9899,44.706],[-87.9901,44.6872],[-87.9884,44.6724],[-87.9783,44.6563],[-87.9822,44.6554],[-87.9937,44.6775],[-88.0036,44.6606],[-88.0029,44.6436],[-88.0098,44.6371],[-88.0056,44.621],[-88.0082,44.6253],[-88.0135,44.6236],[-88.0154,44.584],[-88.0395,44.5746],[-88.0407,44.5648],[-88.0493,44.5648]],[[-86.8597,45.4107],[-86.8596,45.4108],[-86.8596,45.4108],[-86.8597,45.4107]],[[-87.8431,42.9048],[-87.8428,42.9046],[-87.8429,42.9045],[-87.8431,42.9048]],[[-86.8962,45.2937],[-86.8957,45.2934],[-86.896,45.2934],[-86.8962,45.2937]],[[-86.7808,45.368],[-86.7803,45.3691],[-86.7803,45.3682],[-86.7808,45.368]],[[-87.1439,45.2224],[-87.1421,45.2224],[-87.1407,45.2211],[-87.1439,45.2224]],[[-86.852,45.3574],[-86.8516,45.3583],[-86.8508,45.3574],[-86.852,45.3574]],[[-86.765,45.392],[-86.7644,45.3952],[-86.764,45.3945],[-86.765,45.392]],[[-87.1492,45.2239],[-87.1474,45.2245],[-87.1449,45.2229],[-87.1492,45.2239]],[[-86.963,45.2536],[-86.9608,45.2544],[-86.9625,45.2531],[-86.963,45.2536]],[[-86.9203,45.2842],[-86.9187,45.2856],[-86.9193,45.2835],[-86.9203,45.2842]],[[-87.319,45.103],[-87.3148,45.1013],[-87.3178,45.1013],[-87.319,45.103]],[[-87.9794,44.6527],[-87.9786,44.6557],[-87.9771,44.6529],[-87.9794,44.6527]],[[-87.5209,44.8702],[-87.515,44.872],[-87.515,44.8702],[-87.5209,44.8702]],[[-87.9895,44.5384],[-87.9847,44.5402],[-87.9804,44.5368],[-87.9895,44.5384]],[[-88.0058,44.6171],[-87.9915,44.6044],[-87.9959,44.6059],[-88.0058,44.6171]],[[-87.5063,45.0596],[-87.4963,45.061],[-87.4902,45.0549],[-87.5063,45.0596]],[[-87.9906,44.6042],[-87.9804,44.5963],[-87.9804,44.5849],[-87.9906,44.6042]],[[-86.9605,45.3112],[-86.9563,45.315],[-86.9477,45.3129],[-86.9441,45.3022],[-86.9565,45.3037],[-86.9605,45.3112]],[[-86.934,45.3351],[-86.9309,45.3393],[-86.9309,45.3337],[-86.9227,45.3309],[-86.9186,45.3363],[-86.909,45.3168],[-86.8989,45.309],[-86.8977,45.2949],[-86.9047,45.2969],[-86.9012,45.2986],[-86.9074,45.3123],[-86.9183,45.3171],[-86.934,45.3351]],[[-86.834,45.403],[-86.8291,45.408],[-86.8301,45.428],[-86.8097,45.4221],[-86.8057,45.4069],[-86.834,45.403]],[[-87.3776,45.1836],[-87.3766,45.1982],[-87.3652,45.2031],[-87.353,45.198],[-87.3354,45.2114],[-87.3323,45.2064],[-87.3374,45.202],[-87.3346,45.1929],[-87.3383,45.171],[-87.3268,45.1564],[-87.3764,45.1777],[-87.3776,45.1836]],[[-86.9567,45.3477],[-86.9556,45.357],[-86.9529,45.3523],[-86.9433,45.3529],[-86.948,45.3558],[-86.9436,45.3568],[-86.9551,45.3839],[-86.9428,45.4157],[-86.9365,45.421],[-86.9275,45.4107],[-86.9286,45.3985],[-86.9235,45.3978],[-86.9155,45.4077],[-86.8774,45.4137],[-86.8607,45.4117],[-86.8376,45.394],[-86.8488,45.3704],[-86.8641,45.3642],[-86.8695,45.3499],[-86.8652,45.339],[-86.8718,45.3319],[-86.8803,45.3312],[-86.8913,45.3383],[-86.903,45.3341],[-86.9202,45.3544],[-86.934,45.3515],[-86.9344,45.3438],[-86.9399,45.3465],[-86.9362,45.3383],[-86.9408,45.3337],[-86.954,45.3396],[-86.9567,45.3477]]],[[[-92.101,46.7491],[-92.0769,46.7349],[-92.0783,46.7309],[-92.0714,46.731],[-92.0748,46.7286],[-92.0691,46.7291],[-92.0706,46.7254],[-92.0638,46.7207],[-92.0494,46.7149],[-92.0635,46.7207],[-92.0496,46.7105],[-92.0452,46.7125],[-92.0483,46.7095],[-92.0392,46.7084],[-92.0406,46.7038],[-92.0369,46.7068],[-92.0314,46.7034],[-92.0343,46.7],[-92.0276,46.7022],[-92.0349,46.6968],[-92.0263,46.6995],[-92.0302,46.6965],[-92.0248,46.6947],[-92.0245,46.7029],[-92.0246,46.6958],[-92.0238,46.7025],[-92.0236,46.6942],[-92.0185,46.6918],[-92.0182,46.7006],[-92.0143,46.6878],[-92.0129,46.6974],[-92.0149,46.684],[-92.0038,46.6817],[-91.99,46.6841],[-91.9924,46.68],[-91.983,46.6803],[-91.9734,46.6853],[-92.017,46.7044],[-92.0064,46.7103],[-92.0088,46.7064],[-91.9882,46.6935],[-91.9482,46.6801],[-91.8665,46.6921],[-91.8389,46.6894],[-91.7966,46.6933],[-91.7296,46.7151],[-91.6479,46.734],[-91.5894,46.7545],[-91.5118,46.7573],[-91.4928,46.7666],[-91.4394,46.7759],[-91.4078,46.7948],[-91.3886,46.7891],[-91.3698,46.7936],[-91.3382,46.8178],[-91.3138,46.8276],[-91.2572,46.8366],[-91.2321,46.8608],[-91.2047,46.8692],[-91.1871,46.8864],[-91.1809,46.8856],[-91.1815,46.8805],[-91.1937,46.8738],[-91.2048,46.8599],[-91.1909,46.8485],[-91.1504,46.857],[-91.1392,46.8734],[-91.1338,46.8713],[-91.1355,46.8592],[-91.1077,46.8571],[-91.0973,46.8613],[-91.0913,46.8829],[-91.0651,46.8785],[-91.0498,46.8832],[-91.0381,46.8918],[-91.0348,46.9033],[-90.9955,46.9176],[-90.9715,46.9429],[-90.9205,46.9315],[-90.9082,46.9415],[-90.8828,46.9501],[-90.8796,46.9582],[-90.856,46.9624],[-90.8329,46.955],[-90.8285,46.9459],[-90.8306,46.9362],[-90.8248,46.933],[-90.814,46.9315],[-90.8034,46.9382],[-90.7928,46.9344],[-90.7836,46.9222],[-90.7827,46.9109],[-90.7618,46.9046],[-90.7514,46.8945],[-90.7511,46.8876],[-90.7584,46.8834],[-90.7769,46.8849],[-90.7702,46.8744],[-90.7888,46.853],[-90.7851,46.8423],[-90.7983,46.8242],[-90.8119,46.8136],[-90.8126,46.808],[-90.8254,46.8043],[-90.8358,46.7896],[-90.8569,46.789],[-90.8638,46.7803],[-90.8593,46.7739],[-90.8624,46.7682],[-90.8851,46.7565],[-90.8744,46.73],[-90.853,46.7001],[-90.8538,46.6934],[-90.8814,46.675],[-90.8839,46.6677],[-90.911,46.6636],[-90.9213,46.6283],[-90.9385,46.6084],[-90.9517,46.6008],[-90.9457,46.5887],[-90.9067,46.5831],[-90.9032,46.5886],[-90.897,46.5872],[-90.893,46.5899],[-90.8955,46.5925],[-90.8895,46.5909],[-90.8856,46.5932],[-90.8883,46.5958],[-90.8784,46.5984],[-90.8825,46.6031],[-90.8772,46.5985],[-90.8762,46.6039],[-90.8669,46.6019],[-90.8248,46.6192],[-90.7928,46.6259],[-90.7402,46.6545],[-90.7434,46.6602],[-90.7203,46.6615],[-90.7417,46.6645],[-90.7637,46.66],[-90.7541,46.669],[-90.7143,46.6673],[-90.6902,46.6602],[-90.705,46.6664],[-90.7013,46.6668],[-90.7582,46.7053],[-90.6529,46.6386],[-90.5615,46.588],[-90.5375,46.5811],[-90.5046,46.5895],[-90.4362,46.5612],[-90.4164,46.5691],[-90.0001,47.215],[-89.9571,47.2911],[-90.6547,47.3098],[-91.5002,46.9133],[-91.9813,46.7231],[-92.0203,46.704],[-92.034,46.7089],[-92.0895,46.7492],[-92.101,46.7491]],[[-90.4445,46.9065],[-90.4428,46.9075],[-90.4419,46.907],[-90.4445,46.9065]],[[-91.0402,46.9425],[-91.0321,46.9462],[-91.0353,46.9399],[-91.0402,46.9425]],[[-90.5909,47.0656],[-90.5867,47.0757],[-90.5835,47.0693],[-90.5894,47.0589],[-90.5909,47.0656]],[[-90.8108,46.7287],[-90.7818,46.7286],[-90.7653,46.7115],[-90.7852,46.726],[-90.8108,46.7287]],[[-90.8785,46.9889],[-90.8765,46.9918],[-90.8694,46.9856],[-90.8512,46.985],[-90.859,46.976],[-90.8785,46.9889]],[[-90.8059,46.9715],[-90.7964,46.9804],[-90.7845,46.9782],[-90.7897,46.97],[-90.8059,46.9715]],[[-90.732,47.0776],[-90.7292,47.0808],[-90.723,47.0758],[-90.722,47.0632],[-90.7296,47.0643],[-90.732,47.0776]],[[-90.6521,47.0307],[-90.6453,47.0404],[-90.6371,47.0377],[-90.6419,47.0254],[-90.6521,47.0307]],[[-90.6273,47.0028],[-90.6105,47.0085],[-90.6025,46.9992],[-90.6177,46.9897],[-90.6273,47.0028]],[[-90.7028,46.8845],[-90.6779,46.8959],[-90.6674,46.8914],[-90.6732,46.8838],[-90.6854,46.8799],[-90.7028,46.8845]],[[-90.693,47.0261],[-90.688,47.0439],[-90.6655,47.0453],[-90.6573,47.0529],[-90.6468,47.0546],[-90.6696,47.0419],[-90.6789,47.0193],[-90.693,47.0261]],[[-90.7119,46.9883],[-90.7032,47.0042],[-90.6955,47.0083],[-90.6792,47.0065],[-90.67,46.9999],[-90.695,46.9836],[-90.7068,46.9834],[-90.7119,46.9883]],[[-90.6785,46.9563],[-90.6547,46.9766],[-90.6341,46.9797],[-90.6367,46.9689],[-90.6613,46.9534],[-90.6722,46.9499],[-90.6785,46.9563]],[[-90.5756,47.0329],[-90.5624,47.0405],[-90.5669,47.0317],[-90.5457,47.0177],[-90.5509,47.001],[-90.5645,46.9953],[-90.57,47.0263],[-90.5756,47.0329]],[[-90.5171,46.8761],[-90.4966,46.8862],[-90.451,46.8997],[-90.4487,46.8971],[-90.4755,46.8749],[-90.5002,46.8711],[-90.5171,46.8761]],[[-90.7766,47.024],[-90.7593,47.0349],[-90.7457,47.0266],[-90.7391,47.012],[-90.7481,46.9996],[-90.7661,47.0018],[-90.7766,47.024]],[[-90.7637,46.8319],[-90.749,46.863],[-90.7351,46.8731],[-90.7264,46.8723],[-90.7206,46.8652],[-90.7328,46.8476],[-90.7494,46.8343],[-90.7637,46.8319]],[[-90.9834,46.9831],[-90.9714,46.9891],[-90.9447,46.9918],[-90.9376,46.9968],[-90.9377,47.0036],[-90.9313,47.0018],[-90.9236,46.9887],[-90.9347,46.9819],[-90.9309,46.9686],[-90.934,46.9624],[-90.9658,46.9622],[-90.9721,46.9716],[-90.9795,46.9716],[-90.9834,46.9831]],[[-90.7649,46.9467],[-90.7428,46.9635],[-90.7153,46.9586],[-90.6937,46.9358],[-90.6893,46.9184],[-90.7367,46.914],[-90.7649,46.9467]],[[-90.4698,46.9892],[-90.4573,47.0135],[-90.4571,47.044],[-90.4491,47.0659],[-90.4173,47.0775],[-90.4088,47.0738],[-90.3934,47.0758],[-90.3946,47.059],[-90.4073,47.0382],[-90.4033,47.0267],[-90.4096,47.0169],[-90.4218,47.0125],[-90.4333,47.0009],[-90.4597,46.997],[-90.4698,46.9892]],[[-90.6548,46.9195],[-90.6368,46.9422],[-90.5986,46.9534],[-90.5525,46.9605],[-90.5296,46.9687],[-90.5077,46.9582],[-90.5226,46.944],[-90.5249,46.9336],[-90.5449,46.931],[-90.5458,46.9187],[-90.5384,46.9122],[-90.5443,46.9085],[-90.5521,46.908],[-90.5514,46.9171],[-90.5675,46.9249],[-90.5901,46.9155],[-90.6087,46.9211],[-90.615,46.9122],[-90.6362,46.9066],[-90.6433,46.9077],[-90.6548,46.9195]],[[-90.7917,46.7849],[-90.7326,46.8005],[-90.7282,46.8105],[-90.7167,46.819],[-90.657,46.8436],[-90.621,46.8737],[-90.6032,46.8732],[-90.5688,46.8481],[-90.5793,46.8411],[-90.6147,46.8377],[-90.6736,46.8199],[-90.6745,46.8036],[-90.6694,46.799],[-90.6529,46.7979],[-90.6572,46.7887],[-90.6989,46.7819],[-90.7181,46.7852],[-90.7656,46.7544],[-90.7882,46.753],[-90.7893,46.7596],[-90.7821,46.7695],[-90.7917,46.7849]]],[[[-88.5376,44.0007],[-88.5345,43.9894],[-88.5276,43.9893],[-88.5285,43.9761],[-88.5146,43.956],[-88.504,43.9464],[-88.4977,43.9487],[-88.4922,43.94],[-88.4894,43.9492],[-88.478,43.9445],[-88.4787,43.9341],[-88.4729,43.9339],[-88.4807,43.9255],[-88.4742,43.9275],[-88.4777,43.9221],[-88.4704,43.9284],[-88.4752,43.922],[-88.4677,43.9189],[-88.4736,43.9099],[-88.4647,43.9021],[-88.4681,43.8908],[-88.4615,43.8886],[-88.4638,43.878],[-88.4589,43.8704],[-88.4662,43.8162],[-88.47,43.8137],[-88.4677,43.8011],[-88.461,43.7959],[-88.4564,43.7986],[-88.4687,43.8073],[-88.4378,43.798],[-88.4389,43.7948],[-88.4221,43.7997],[-88.4212,43.8043],[-88.3955,43.8097],[-88.389,43.8186],[-88.3878,43.8413],[-88.3747,43.8528],[-88.3432,43.902],[-88.3154,43.9334],[-88.3195,43.9677],[-88.3277,43.9833],[-88.3212,44.0345],[-88.3303,44.0694],[-88.3251,44.0868],[-88.3282,44.1009],[-88.3199,44.1248],[-88.2945,44.1605],[-88.2975,44.1652],[-88.2941,44.1674],[-88.2976,44.1656],[-88.3003,44.1742],[-88.3231,44.19],[-88.3789,44.2088],[-88.4044,44.2093],[-88.4267,44.1997],[-88.4462,44.1788],[-88.4445,44.1704],[-88.4339,44.1691],[-88.4383,44.1579],[-88.4581,44.1475],[-88.4691,44.1329],[-88.4629,44.1257],[-88.4704,44.1152],[-88.4832,44.1105],[-88.4854,44.103],[-88.4775,44.1021],[-88.4866,44.0969],[-88.4835,44.0918],[-88.5093,44.0869],[-88.5136,44.0741],[-88.5092,44.0648],[-88.5148,44.0623],[-88.5279,44.0665],[-88.5234,44.0665],[-88.5273,44.0655],[-88.5222,44.0589],[-88.5238,44.0536],[-88.517,44.0577],[-88.522,44.0451],[-88.5098,44.048],[-88.5073,44.0444],[-88.5124,44.0411],[-88.5084,44.0393],[-88.5125,44.032],[-88.5136,44.0364],[-88.5207,44.0321],[-88.5203,44.0249],[-88.5146,44.023],[-88.5186,44.0081],[-88.5306,44.0113],[-88.5376,44.0007]],[[-88.4942,43.9449],[-88.4917,43.9481],[-88.4913,43.9471],[-88.4942,43.9449]]],[[[-92.1433,46.7316],[-92.1272,46.7312],[-92.1247,46.7399],[-92.1225,46.7334],[-92.1224,46.7406],[-92.1113,46.7438],[-92.1147,46.7426],[-92.11,46.7392],[-92.1064,46.7451],[-92.1043,46.7359],[-92.098,46.7434],[-92.1035,46.7461],[-92.1011,46.7491],[-92.1166,46.7486],[-92.1379,46.7395],[-92.1433,46.7316]]],[[[-92.1453,46.7188],[-92.1345,46.7225],[-92.1349,46.7281],[-92.139,46.7284],[-92.135,46.7289],[-92.1433,46.7315],[-92.1453,46.7188]]]]},"properties":{"geoid":"55ZZZ","state":"55","district":"State House Districts not defined","name":"State House Districts not defined","chamber":"Assembly"}}]}