{"type":"FeatureCollection","features":[{"type":"Feature","geometry":{"type":"Polygon","coordinates":[[[-80.6679,40.5829],[-80.6644,40.57],[-80.6275,40.5358],[-80.618,40.502],[-80.5954,40.4753],[-80.6026,40.4517],[-80.5955,40.4466],[-80.596,40.4361],[-80.5891,40.4301],[-80.561,40.4419],[-80.5598,40.433],[-80.5532,40.4325],[-80.5399,40.4162],[-80.5465,40.4135],[-80.5383,40.404],[-80.5477,40.4068],[-80.549,40.3973],[-80.5592,40.3917],[-80.569,40.3949],[-80.5706,40.387],[-80.5656,40.3816],[-80.58,40.3756],[-80.5685,40.3683],[-80.5714,40.3644],[-80.5664,40.3518],[-80.519,40.3498],[-80.519,40.6388],[-80.5511,40.6288],[-80.5767,40.6142],[-80.5988,40.6253],[-80.6272,40.6199],[-80.6679,40.5829]]]},"properties":{"geoid":"54001","state":"54","district":"1","name":"Delegate District 1","chamber":"House"}},{"type":"Feature","geometry":{"type":"Polygon","coordinates":[[[-80.6322,40.3937],[-80.6314,40.3857],[-80.6097,40.3749],[-80.6103,40.3585],[-80.591,40.3626],[-80.5985,40.3414],[-80.5806,40.3379],[-80.5833,40.3332],[-80.5734,40.3381],[-80.5679,40.3232],[-80.5755,40.3048],[-80.57,40.3044],[-80.5715,40.3],[-80.588,40.2684],[-80.557,40.2801],[-80.5351,40.2713],[-80.5191,40.257],[-80.519,40.3498],[-80.5655,40.3513],[-80.5705,40.3588],[-80.5685,40.3683],[-80.58,40.3755],[-80.5656,40.3816],[-80.5706,40.387],[-80.569,40.3949],[-80.559,40.3918],[-80.549,40.3973],[-80.5477,40.4068],[-80.5373,40.4054],[-80.5465,40.4135],[-80.5402,40.4168],[-80.5532,40.4325],[-80.5598,40.433],[-80.563,40.4387],[-80.5593,40.441],[-80.5662,40.4423],[-80.5895,40.4301],[-80.5961,40.4365],[-80.5955,40.4466],[-80.6026,40.4517],[-80.6122,40.4348],[-80.6123,40.4028],[-80.6322,40.3937]]]},"properties":{"geoid":"54002","state":"54","district":"2","name":"Delegate District 2","chamber":"House"}},{"type":"Feature","geometry":{"type":"Polygon","coordinates":[[[-80.7106,40.1293],[-80.6994,40.1301],[-80.6978,40.1221],[-80.6858,40.1237],[-80.6834,40.1346],[-80.6759,40.1382],[-80.6677,40.1364],[-80.6535,40.1219],[-80.6305,40.1272],[-80.6263,40.1239],[-80.6287,40.1129],[-80.6038,40.115],[-80.5921,40.1242],[-80.5941,40.1272],[-80.5849,40.1302],[-80.5759,40.128],[-80.5707,40.1179],[-80.5573,40.1262],[-80.5483,40.1256],[-80.5409,40.1162],[-80.5416,40.1055],[-80.519,40.1026],[-80.5191,40.257],[-80.5351,40.2713],[-80.557,40.2801],[-80.588,40.2684],[-80.5715,40.3],[-80.57,40.3044],[-80.5755,40.3048],[-80.5679,40.3232],[-80.5734,40.3381],[-80.5833,40.3332],[-80.5806,40.3379],[-80.5985,40.3414],[-80.5919,40.3631],[-80.6118,40.3552],[-80.6108,40.3409],[-80.5999,40.3177],[-80.6149,40.292],[-80.6193,40.2652],[-80.6521,40.245],[-80.6615,40.2298],[-80.6681,40.1997],[-80.7056,40.1535],[-80.7106,40.1293]]]},"properties":{"geoid":"54003","state":"54","district":"3","name":"Delegate District 3","chamber":"House"}},{"type":"Feature","geometry":{"type":"Polygon","coordinates":[[[-80.7215,40.0336],[-80.5191,40.0164],[-80.519,40.1026],[-80.5416,40.1055],[-80.5409,40.1162],[-80.548,40.1255],[-80.5573,40.1262],[-80.5707,40.1179],[-80.5759,40.128],[-80.5849,40.1302],[-80.5941,40.1272],[-80.5921,40.1242],[-80.6038,40.115],[-80.6298,40.1129],[-80.6263,40.1239],[-80.6306,40.1273],[-80.6535,40.1219],[-80.6678,40.1364],[-80.6794,40.1373],[-80.6853,40.1239],[-80.6978,40.1221],[-80.6945,40.1154],[-80.6988,40.1075],[-80.6947,40.1061],[-80.7055,40.0912],[-80.6997,40.0783],[-80.7029,40.0751],[-80.6842,40.0835],[-80.6766,40.0789],[-80.6741,40.0815],[-80.6653,40.0779],[-80.6725,40.074],[-80.6674,40.0677],[-80.686,40.0575],[-80.6884,40.0629],[-80.7068,40.063],[-80.7145,40.0499],[-80.7123,40.0445],[-80.7215,40.0336]]]},"properties":{"geoid":"54004","state":"54","district":"4","name":"Delegate District 4","chamber":"House"}},{"type":"Feature","geometry":{"type":"Polygon","coordinates":[[[-80.7392,40.0749],[-80.7313,40.0489],[-80.7339,40.0333],[-80.7193,40.0324],[-80.7068,40.063],[-80.6884,40.0629],[-80.686,40.0575],[-80.6781,40.0648],[-80.6747,40.0607],[-80.6674,40.0677],[-80.6725,40.074],[-80.665,40.0769],[-80.6842,40.0835],[-80.7029,40.0751],[-80.6997,40.0783],[-80.7055,40.0912],[-80.6947,40.1061],[-80.6988,40.1075],[-80.6945,40.1154],[-80.6994,40.1301],[-80.7106,40.1293],[-80.7096,40.1002],[-80.7314,40.0863],[-80.7392,40.0749]]]},"properties":{"geoid":"54005","state":"54","district":"5","name":"Delegate District 5","chamber":"House"}},{"type":"Feature","geometry":{"type":"Polygon","coordinates":[[[-80.7644,39.9481],[-80.7557,39.9168],[-80.7605,39.9087],[-80.7549,39.9048],[-80.7401,39.9072],[-80.7388,39.9116],[-80.7146,39.9186],[-80.7248,39.9205],[-80.7188,39.9257],[-80.7299,39.9323],[-80.719,39.9381],[-80.7331,39.9336],[-80.7517,39.9375],[-80.7231,39.9586],[-80.6999,39.9615],[-80.684,39.9808],[-80.6897,39.9928],[-80.6741,39.9863],[-80.6594,39.9961],[-80.6483,39.985],[-80.6337,39.9845],[-80.6404,39.9771],[-80.6326,39.9784],[-80.6207,39.9687],[-80.6057,39.9682],[-80.5989,39.9584],[-80.5888,39.9658],[-80.5647,39.9673],[-80.5443,39.9771],[-80.537,39.9827],[-80.5377,39.9909],[-80.5317,39.9984],[-80.519,40.0032],[-80.5191,40.0164],[-80.7339,40.0333],[-80.7422,40.0086],[-80.7401,39.9708],[-80.7584,39.9593],[-80.7644,39.9481]]]},"properties":{"geoid":"54006","state":"54","district":"6","name":"Delegate District 6","chamber":"House"}},{"type":"Feature","geometry":{"type":"Polygon","coordinates":[[[-80.8718,39.6378],[-80.8622,39.6312],[-80.8498,39.6303],[-80.8507,39.6345],[-80.8585,39.6358],[-80.856,39.64],[-80.8405,39.6393],[-80.846,39.642],[-80.8402,39.6481],[-80.8412,39.6552],[-80.8233,39.6641],[-80.7968,39.6554],[-80.7693,39.6658],[-80.7713,39.674],[-80.7451,39.6674],[-80.7238,39.6823],[-80.7109,39.6724],[-80.6869,39.6708],[-80.6699,39.6783],[-80.6602,39.6764],[-80.6524,39.6824],[-80.6348,39.683],[-80.6342,39.6904],[-80.6255,39.6953],[-80.606,39.6794],[-80.5927,39.6844],[-80.5832,39.6781],[-80.5899,39.6501],[-80.58,39.6349],[-80.5786,39.6381],[-80.5732,39.6345],[-80.5621,39.6447],[-80.5543,39.6597],[-80.5636,39.6714],[-80.5458,39.6696],[-80.5202,39.6534],[-80.5034,39.6576],[-80.4898,39.6525],[-80.4856,39.6601],[-80.4627,39.6649],[-80.4614,39.6519],[-80.4668,39.6436],[-80.4821,39.643],[-80.4786,39.6415],[-80.4817,39.6346],[-80.4673,39.6227],[-80.4463,39.6178],[-80.4405,39.6191],[-80.4434,39.6295],[-80.4333,39.6391],[-80.4183,39.6421],[-80.4178,39.6482],[-80.4313,39.6647],[-80.4279,39.6687],[-80.4323,39.6737],[-80.4246,39.6805],[-80.4702,39.6908],[-80.4583,39.7213],[-80.5193,39.7214],[-80.519,40.0032],[-80.5317,39.9984],[-80.5377,39.9909],[-80.537,39.9827],[-80.5443,39.9771],[-80.5647,39.9673],[-80.5888,39.9658],[-80.5989,39.9584],[-80.6057,39.9682],[-80.6207,39.9687],[-80.6326,39.9784],[-80.6404,39.9771],[-80.6337,39.9845],[-80.6483,39.985],[-80.6594,39.9961],[-80.6741,39.9863],[-80.6887,39.9932],[-80.684,39.9808],[-80.6999,39.9615],[-80.7231,39.9586],[-80.7517,39.9375],[-80.7331,39.9336],[-80.719,39.9381],[-80.7299,39.9323],[-80.7188,39.9257],[-80.7248,39.9205],[-80.7185,39.9223],[-80.7155,39.9174],[-80.7544,39.9048],[-80.787,39.9184],[-80.8064,39.9167],[-80.8092,39.9039],[-80.794,39.8828],[-80.7908,39.8673],[-80.8243,39.8472],[-80.827,39.8417],[-80.8222,39.8117],[-80.8261,39.7986],[-80.863,39.7752],[-80.8703,39.7632],[-80.8606,39.7482],[-80.8458,39.7385],[-80.8297,39.714],[-80.8339,39.7035],[-80.8637,39.6917],[-80.8663,39.6545],[-80.8718,39.6378]]]},"properties":{"geoid":"54007","state":"54","district":"7","name":"Delegate District 7","chamber":"House"}},{"type":"Feature","geometry":{"type":"Polygon","coordinates":[[[-81.0285,39.5469],[-81.0132,39.5481],[-81.0143,39.5341],[-81.0068,39.5353],[-81.0072,39.5312],[-80.9977,39.5272],[-80.988,39.5366],[-80.9803,39.5349],[-80.9808,39.5299],[-80.9653,39.5311],[-80.9732,39.5218],[-80.9628,39.5148],[-80.9586,39.5027],[-80.9389,39.5015],[-80.932,39.5066],[-80.9222,39.5022],[-80.9186,39.5074],[-80.9117,39.5031],[-80.9057,39.5072],[-80.902,39.5035],[-80.9149,39.4916],[-80.9046,39.4899],[-80.889,39.4783],[-80.8682,39.4828],[-80.8566,39.4755],[-80.8457,39.4789],[-80.8366,39.4691],[-80.8402,39.465],[-80.8366,39.4563],[-80.8118,39.4314],[-80.82,39.4241],[-80.8069,39.4266],[-80.8024,39.4214],[-80.8061,39.4169],[-80.803,39.4115],[-80.7921,39.4132],[-80.7954,39.407],[-80.7882,39.4017],[-80.7672,39.4059],[-80.7713,39.3975],[-80.7556,39.3959],[-80.751,39.4],[-80.7482,39.3924],[-80.7324,39.4011],[-80.7339,39.3951],[-80.8294,39.3432],[-80.9138,39.2729],[-80.813,39.1094],[-80.701,39.0903],[-80.6876,39.1097],[-80.6812,39.112],[-80.6817,39.1212],[-80.6644,39.1297],[-80.6629,39.1378],[-80.6569,39.1411],[-80.6443,39.1369],[-80.6296,39.1392],[-80.6171,39.1541],[-80.5998,39.1597],[-80.5897,39.171],[-80.5918,39.1827],[-80.5756,39.1752],[-80.5615,39.1787],[-80.5544,39.1922],[-80.5479,39.1866],[-80.5382,39.1954],[-80.5284,39.1961],[-80.5324,39.2007],[-80.5256,39.209],[-80.5293,39.212],[-80.5461,39.2165],[-80.5544,39.2142],[-80.5662,39.221],[-80.5654,39.2314],[-80.5515,39.2267],[-80.5471,39.2348],[-80.5874,39.2611],[-80.5881,39.267],[-80.5775,39.2763],[-80.5778,39.2822],[-80.6043,39.286],[-80.5926,39.3038],[-80.5862,39.3035],[-80.5824,39.3164],[-80.5651,39.3199],[-80.5448,39.3518],[-80.5335,39.355],[-80.5326,39.3612],[-80.5441,39.3665],[-80.5382,39.3867],[-80.548,39.4013],[-80.5391,39.4103],[-80.5379,39.4225],[-80.5437,39.4232],[-80.5459,39.4319],[-80.5582,39.4329],[-80.5595,39.4393],[-80.5794,39.4349],[-80.5777,39.4448],[-80.5831,39.4514],[-80.5965,39.4497],[-80.5988,39.441],[-80.6331,39.4568],[-80.6495,39.4696],[-80.6711,39.4642],[-80.6722,39.4776],[-80.6802,39.478],[-80.686,39.4705],[-80.7145,39.4759],[-80.7012,39.4786],[-80.697,39.4866],[-80.6992,39.4971],[-80.6923,39.5273],[-80.6959,39.5307],[-80.6886,39.5428],[-80.6909,39.5536],[-80.7056,39.5682],[-80.6914,39.5627],[-80.6825,39.5664],[-80.6751,39.5771],[-80.6603,39.5796],[-80.6582,39.6006],[-80.6649,39.6102],[-80.6626,39.6149],[-80.6449,39.6208],[-80.631,39.6197],[-80.6136,39.6422],[-80.616,39.6511],[-80.5865,39.6643],[-80.5832,39.6781],[-80.5927,39.6844],[-80.606,39.6794],[-80.6255,39.6953],[-80.6342,39.6904],[-80.6348,39.683],[-80.6524,39.6824],[-80.6602,39.6764],[-80.6699,39.6783],[-80.6869,39.6708],[-80.7109,39.6724],[-80.7238,39.6823],[-80.7451,39.6674],[-80.7713,39.674],[-80.7693,39.6658],[-80.7968,39.6554],[-80.8233,39.6641],[-80.8412,39.6552],[-80.8402,39.6481],[-80.846,39.642],[-80.8405,39.6393],[-80.856,39.64],[-80.8585,39.6358],[-80.8507,39.6345],[-80.8498,39.6303],[-80.854,39.6284],[-80.8558,39.6331],[-80.8622,39.6312],[-80.872,39.6371],[-80.8804,39.6207],[-80.888,39.6179],[-80.9333,39.6148],[-81.0285,39.5469]]]},"properties":{"geoid":"54008","state":"54","district":"8","name":"Delegate District 8","chamber":"House"}},{"type":"Feature","geometry":{"type":"Polygon","coordinates":[[[-81.3715,39.3425],[-81.3672,39.3285],[-81.3616,39.3255],[-81.3664,39.3242],[-81.3636,39.3205],[-81.3556,39.3209],[-81.3577,39.325],[-81.3491,39.3288],[-81.341,39.319],[-81.3354,39.3241],[-81.328,39.3221],[-81.324,39.3163],[-81.3283,39.312],[-81.3242,39.2985],[-81.2656,39.2955],[-81.2603,39.2913],[-81.2603,39.2814],[-81.2395,39.2683],[-81.2503,39.2708],[-81.2676,39.2605],[-81.2666,39.2553],[-81.2775,39.2426],[-81.2773,39.2337],[-81.2913,39.2241],[-81.3016,39.2025],[-81.2953,39.1868],[-81.2959,39.1816],[-81.3017,39.1797],[-81.2976,39.1785],[-81.3168,39.1676],[-81.319,39.1631],[-81.3106,39.1579],[-81.3292,39.151],[-81.324,39.1426],[-81.2998,39.1299],[-81.2873,39.1324],[-81.2872,39.1257],[-81.2774,39.1183],[-81.2764,39.108],[-81.2634,39.107],[-81.2635,39.0986],[-81.258,39.0947],[-81.2572,39.0718],[-81.2739,39.0592],[-81.2537,39.0561],[-81.2503,39.0351],[-81.2411,39.0381],[-81.2282,39.0323],[-81.2247,39.0409],[-81.2107,39.0452],[-81.2028,39.0381],[-81.1794,39.0414],[-81.1738,39.0339],[-81.1629,39.0305],[-81.1555,39.0402],[-81.1296,39.0452],[-81.1248,39.0398],[-81.116,39.0425],[-81.1122,39.0307],[-81.1025,39.0215],[-81.094,39.0221],[-81.0921,39.015],[-81.0814,39.0167],[-81.0764,39.0104],[-81.0597,39.0079],[-81.0396,39.0128],[-81.0072,39.0088],[-80.9983,39.0113],[-80.9903,39.0206],[-80.9821,39.0202],[-80.9821,39.0261],[-80.9672,39.029],[-80.9602,39.038],[-80.9116,39.0462],[-80.8981,39.0556],[-80.8975,39.0628],[-80.8855,39.0638],[-80.8774,39.0687],[-80.877,39.0739],[-80.8629,39.0713],[-80.8518,39.0797],[-80.8546,39.0839],[-80.835,39.0824],[-80.8281,39.0921],[-80.8188,39.0916],[-80.8177,39.097],[-80.8109,39.0991],[-80.8089,39.1043],[-80.9138,39.2729],[-80.8294,39.3432],[-80.7339,39.3951],[-80.7324,39.4011],[-80.7482,39.3924],[-80.751,39.4],[-80.7556,39.3959],[-80.7713,39.3975],[-80.7672,39.4059],[-80.7882,39.4017],[-80.7954,39.407],[-80.7921,39.4132],[-80.803,39.4115],[-80.8061,39.4169],[-80.8024,39.4214],[-80.8069,39.4266],[-80.82,39.4241],[-80.8118,39.4314],[-80.8366,39.4563],[-80.8402,39.465],[-80.8366,39.4691],[-80.8457,39.4789],[-80.8566,39.4755],[-80.8682,39.4828],[-80.889,39.4783],[-80.9046,39.4899],[-80.9149,39.4916],[-80.902,39.5035],[-80.9057,39.5072],[-80.9117,39.5031],[-80.9186,39.5074],[-80.9222,39.5022],[-80.932,39.5066],[-80.9389,39.5015],[-80.9586,39.5027],[-80.9628,39.5148],[-80.9732,39.5218],[-80.9649,39.5308],[-80.9808,39.5299],[-80.9803,39.5349],[-80.988,39.5366],[-80.9979,39.5273],[-81.0072,39.5312],[-81.0068,39.5353],[-81.0143,39.5341],[-81.0148,39.5486],[-81.0287,39.5467],[-81.0706,39.516],[-81.1008,39.4872],[-81.1338,39.4454],[-81.1635,39.4412],[-81.1851,39.4315],[-81.2082,39.4071],[-81.2173,39.3876],[-81.2444,39.3904],[-81.2703,39.386],[-81.3449,39.3468],[-81.3715,39.3425]]]},"properties":{"geoid":"54009","state":"54","district":"9","name":"Delegate District 9","chamber":"House"}},{"type":"Feature","geometry":{"type":"Polygon","coordinates":[[[-81.5368,39.355],[-81.5208,39.3418],[-81.5269,39.31],[-81.5327,39.3028],[-81.5249,39.2988],[-81.5047,39.3021],[-81.5059,39.289],[-81.4967,39.2884],[-81.4941,39.2768],[-81.4995,39.2676],[-81.4867,39.2644],[-81.4838,39.2526],[-81.4751,39.2459],[-81.4837,39.2334],[-81.4948,39.2278],[-81.4882,39.2249],[-81.4898,39.215],[-81.4951,39.2122],[-81.4729,39.207],[-81.4591,39.2162],[-81.4328,39.2149],[-81.4031,39.1919],[-81.3999,39.1831],[-81.4312,39.1366],[-81.4031,39.1373],[-81.2954,39.1866],[-81.3016,39.2025],[-81.2913,39.2241],[-81.2773,39.2337],[-81.2775,39.2426],[-81.2666,39.2553],[-81.268,39.26],[-81.2503,39.2708],[-81.2395,39.2683],[-81.2603,39.2814],[-81.2603,39.2913],[-81.2656,39.2955],[-81.3242,39.2985],[-81.3283,39.312],[-81.324,39.3163],[-81.328,39.3221],[-81.3354,39.3241],[-81.341,39.319],[-81.3491,39.3288],[-81.3577,39.325],[-81.3556,39.3209],[-81.3638,39.3206],[-81.3664,39.3242],[-81.3616,39.3255],[-81.3672,39.3285],[-81.3713,39.3419],[-81.3841,39.3432],[-81.3938,39.3517],[-81.4067,39.3881],[-81.4356,39.4085],[-81.4561,39.4093],[-81.4677,39.4038],[-81.4988,39.3761],[-81.5368,39.355]]]},"properties":{"geoid":"54010","state":"54","district":"10","name":"Delegate District 10","chamber":"House"}},{"type":"Feature","geometry":{"type":"Polygon","coordinates":[[[-81.565,39.2886],[-81.565,39.2834],[-81.5482,39.2821],[-81.5326,39.2878],[-81.5149,39.2859],[-81.5171,39.2962],[-81.5103,39.3015],[-81.5249,39.2988],[-81.5327,39.3028],[-81.5269,39.31],[-81.5208,39.3418],[-81.5368,39.355],[-81.5575,39.3388],[-81.565,39.2886]]]},"properties":{"geoid":"54011","state":"54","district":"11","name":"Delegate District 11","chamber":"House"}},{"type":"Feature","geometry":{"type":"Polygon","coordinates":[[[-81.5702,39.2677],[-81.5637,39.2613],[-81.5362,39.2569],[-81.5217,39.2473],[-81.5105,39.2309],[-81.5249,39.2227],[-81.5165,39.2082],[-81.4993,39.1991],[-81.4971,39.2063],[-81.487,39.2061],[-81.4951,39.2122],[-81.4898,39.215],[-81.4882,39.2249],[-81.4948,39.2278],[-81.4837,39.2334],[-81.4751,39.2459],[-81.4838,39.2526],[-81.4867,39.2644],[-81.4995,39.2676],[-81.4941,39.2768],[-81.4967,39.2884],[-81.5059,39.289],[-81.5049,39.3023],[-81.5171,39.2962],[-81.515,39.2859],[-81.565,39.2834],[-81.5702,39.2677]]]},"properties":{"geoid":"54012","state":"54","district":"12","name":"Delegate District 12","chamber":"House"}},{"type":"Feature","geometry":{"type":"Polygon","coordinates":[[[-81.697,39.2494],[-81.6914,39.2279],[-81.6806,39.2245],[-81.6649,39.2288],[-81.6651,39.2251],[-81.6568,39.2226],[-81.6523,39.2284],[-81.6454,39.227],[-81.6477,39.2231],[-81.643,39.2164],[-81.6218,39.2051],[-81.6193,39.2217],[-81.6031,39.2224],[-81.5994,39.237],[-81.6224,39.2457],[-81.5916,39.2553],[-81.5809,39.2575],[-81.5751,39.2535],[-81.5809,39.2495],[-81.576,39.2421],[-81.5503,39.2278],[-81.5557,39.2167],[-81.5521,39.2134],[-81.5429,39.216],[-81.5461,39.2206],[-81.5383,39.2301],[-81.5261,39.2305],[-81.529,39.2237],[-81.525,39.2189],[-81.5243,39.2236],[-81.5105,39.2304],[-81.5217,39.2473],[-81.5362,39.2569],[-81.5631,39.2611],[-81.5702,39.2677],[-81.6058,39.2759],[-81.6776,39.2742],[-81.6935,39.2617],[-81.697,39.2494]]]},"properties":{"geoid":"54013","state":"54","district":"13","name":"Delegate District 13","chamber":"House"}},{"type":"Feature","geometry":{"type":"Polygon","coordinates":[[[-81.7564,39.178],[-81.7428,39.1427],[-81.7424,39.1113],[-81.7473,39.0954],[-81.5322,39.0058],[-81.5128,39.0142],[-81.4966,39.0032],[-81.484,39.0076],[-81.4655,39.0063],[-81.4313,39.0164],[-81.4184,39.0135],[-81.4127,39.0213],[-81.4287,39.0443],[-81.4164,39.0448],[-81.399,39.0557],[-81.4058,39.0594],[-81.4022,39.0632],[-81.4066,39.07],[-81.38,39.0682],[-81.3662,39.0802],[-81.3758,39.087],[-81.3926,39.0821],[-81.3936,39.1078],[-81.4021,39.1187],[-81.3965,39.1398],[-81.4078,39.1357],[-81.4323,39.137],[-81.3999,39.1831],[-81.4035,39.1927],[-81.4254,39.2129],[-81.4589,39.2162],[-81.4695,39.2073],[-81.497,39.2063],[-81.4993,39.1991],[-81.5165,39.2082],[-81.5283,39.2209],[-81.5261,39.2305],[-81.5318,39.228],[-81.5343,39.2314],[-81.546,39.2208],[-81.5429,39.216],[-81.5521,39.2134],[-81.5557,39.2167],[-81.5503,39.2278],[-81.576,39.2421],[-81.5809,39.2495],[-81.5751,39.2535],[-81.5809,39.2575],[-81.6221,39.2461],[-81.5994,39.237],[-81.6031,39.2224],[-81.6193,39.2217],[-81.6218,39.2051],[-81.643,39.2164],[-81.6477,39.2231],[-81.6454,39.227],[-81.6523,39.2284],[-81.6568,39.2226],[-81.6651,39.2251],[-81.6649,39.2288],[-81.6806,39.2245],[-81.6914,39.2279],[-81.7009,39.2208],[-81.7256,39.2159],[-81.7369,39.1926],[-81.752,39.1855],[-81.7564,39.178]]]},"properties":{"geoid":"54014","state":"54","district":"14","name":"Delegate District 14","chamber":"House"}},{"type":"Feature","geometry":{"type":"Polygon","coordinates":[[[-81.5502,38.9656],[-81.5388,38.9447],[-81.5338,38.9459],[-81.5194,38.9361],[-81.5162,38.9308],[-81.5198,38.9248],[-81.5144,38.9251],[-81.5129,38.9188],[-81.5026,38.9179],[-81.5115,38.9043],[-81.5268,38.902],[-81.5302,38.8948],[-81.5214,38.824],[-81.5292,38.7483],[-81.5466,38.6724],[-81.5075,38.5827],[-81.4717,38.5463],[-81.4654,38.5499],[-81.3493,38.5413],[-81.3035,38.5348],[-81.2743,38.5218],[-81.2206,38.5318],[-81.1941,38.5276],[-81.1308,38.5659],[-81.0837,38.612],[-81.0847,38.6235],[-81.0966,38.6286],[-81.1021,38.639],[-81.1237,38.6309],[-81.1316,38.6383],[-81.1586,38.644],[-81.1625,38.6522],[-81.1583,38.6584],[-81.1662,38.6608],[-81.1619,38.6728],[-81.174,38.6809],[-81.1667,38.6951],[-81.1722,38.7074],[-81.1714,38.7206],[-81.1759,38.7231],[-81.1689,38.7305],[-81.1718,38.7398],[-81.1888,38.7522],[-81.204,38.7761],[-81.2122,38.7797],[-81.2074,38.7845],[-81.2203,38.7848],[-81.2231,38.7871],[-81.2191,38.7895],[-81.2276,38.7928],[-81.2177,38.7986],[-81.2259,38.8041],[-81.2208,38.811],[-81.227,38.8138],[-81.2208,38.8177],[-81.2246,38.8255],[-81.2152,38.8245],[-81.215,38.8309],[-81.2208,38.8436],[-81.2284,38.8466],[-81.2281,38.8523],[-81.2388,38.8473],[-81.2463,38.8525],[-81.2455,38.8586],[-81.2354,38.8625],[-81.2433,38.8651],[-81.2378,38.8686],[-81.2424,38.8729],[-81.2372,38.8741],[-81.2412,38.8782],[-81.2386,38.8819],[-81.26,38.893],[-81.2489,38.8968],[-81.26,38.9014],[-81.2583,38.907],[-81.2629,38.911],[-81.2708,38.9061],[-81.2705,38.9144],[-81.2794,38.913],[-81.274,38.9187],[-81.2775,38.9243],[-81.2664,38.9262],[-81.2727,38.9363],[-81.1625,39.0306],[-81.1738,39.0339],[-81.1794,39.0414],[-81.2028,39.0381],[-81.2107,39.0452],[-81.2247,39.0409],[-81.2282,39.0323],[-81.242,39.0382],[-81.2491,39.0345],[-81.2534,39.038],[-81.2489,39.0409],[-81.2537,39.0561],[-81.2737,39.0587],[-81.2724,39.0639],[-81.2618,39.0655],[-81.2572,39.0718],[-81.258,39.0947],[-81.2635,39.0987],[-81.261,39.1034],[-81.2764,39.108],[-81.2774,39.1183],[-81.2872,39.1257],[-81.2873,39.1324],[-81.2998,39.1299],[-81.324,39.1426],[-81.3292,39.1502],[-81.3106,39.1579],[-81.3189,39.1634],[-81.2978,39.1782],[-81.302,39.1821],[-81.2961,39.1814],[-81.298,39.1856],[-81.3974,39.14],[-81.3955,39.1327],[-81.4021,39.1187],[-81.3936,39.1078],[-81.3926,39.0821],[-81.3758,39.087],[-81.3662,39.0802],[-81.38,39.0682],[-81.4066,39.07],[-81.4022,39.0632],[-81.4058,39.0594],[-81.399,39.0557],[-81.4164,39.0448],[-81.4287,39.0443],[-81.4127,39.0213],[-81.4184,39.0135],[-81.4313,39.0164],[-81.4655,39.0063],[-81.484,39.0076],[-81.4966,39.0032],[-81.5124,39.0142],[-81.5283,39.0106],[-81.5372,38.9912],[-81.5296,38.9775],[-81.5502,38.9656]]]},"properties":{"geoid":"54015","state":"54","district":"15","name":"Delegate District 15","chamber":"House"}},{"type":"Feature","geometry":{"type":"Polygon","coordinates":[[[-81.871,38.8266],[-81.7913,38.7331],[-81.8135,38.7148],[-81.7728,38.6808],[-81.7477,38.6841],[-81.6437,38.567],[-81.6352,38.5638],[-81.6328,38.5544],[-81.5782,38.5771],[-81.5222,38.6127],[-81.5466,38.6724],[-81.5292,38.7483],[-81.5214,38.824],[-81.5302,38.8948],[-81.5268,38.902],[-81.5115,38.9043],[-81.5026,38.9179],[-81.5129,38.9188],[-81.5144,38.9251],[-81.5198,38.9248],[-81.5162,38.9308],[-81.5194,38.9361],[-81.5338,38.9459],[-81.5388,38.9447],[-81.55,38.9602],[-81.5453,38.9715],[-81.5296,38.9775],[-81.5372,38.9902],[-81.5322,39.0058],[-81.6031,39.034],[-81.6276,39.0048],[-81.6469,39.0031],[-81.6869,38.9861],[-81.7042,38.9537],[-81.7038,38.9426],[-81.7254,38.9195],[-81.7246,38.9008],[-81.737,38.8915],[-81.7477,38.8932],[-81.7537,38.885],[-81.7628,38.8827],[-81.7669,38.8738],[-81.7768,38.8724],[-81.7717,38.8658],[-81.7838,38.8604],[-81.7976,38.8426],[-81.8077,38.8457],[-81.8042,38.8478],[-81.8108,38.8598],[-81.8239,38.8543],[-81.826,38.8587],[-81.8186,38.8674],[-81.8278,38.87],[-81.8286,38.8637],[-81.8413,38.8639],[-81.8498,38.8547],[-81.861,38.8545],[-81.871,38.8266]]]},"properties":{"geoid":"54016","state":"54","district":"16","name":"Delegate District 16","chamber":"House"}},{"type":"Feature","geometry":{"type":"Polygon","coordinates":[[[-82.0988,38.9586],[-82.0873,38.9502],[-82.0961,38.9368],[-82.0696,38.9314],[-82.0697,38.918],[-82.0651,38.9143],[-82.0781,38.8968],[-82.0514,38.8899],[-82.0468,38.8674],[-82.0527,38.8643],[-82.0299,38.8623],[-82.0465,38.8285],[-82.0607,38.8297],[-82.0717,38.8108],[-82.0391,38.7975],[-82.0145,38.7801],[-81.99,38.7746],[-81.9629,38.7502],[-81.9481,38.7555],[-81.9368,38.7528],[-81.9338,38.7644],[-81.9183,38.7645],[-81.9154,38.7715],[-81.8994,38.7644],[-81.8919,38.7687],[-81.8844,38.7659],[-81.8677,38.7831],[-81.8338,38.751],[-81.8365,38.7578],[-81.8278,38.7656],[-81.8277,38.7738],[-81.8712,38.8266],[-81.8611,38.8543],[-81.8498,38.8547],[-81.8413,38.8639],[-81.8287,38.8637],[-81.8268,38.8699],[-81.8186,38.8674],[-81.826,38.8587],[-81.8239,38.8543],[-81.8108,38.8598],[-81.8042,38.8478],[-81.8077,38.8457],[-81.7976,38.8426],[-81.7838,38.8604],[-81.7717,38.8658],[-81.7768,38.8724],[-81.7669,38.8738],[-81.7628,38.8827],[-81.7537,38.885],[-81.7477,38.8932],[-81.737,38.8915],[-81.7246,38.9008],[-81.7254,38.9195],[-81.7038,38.9426],[-81.7042,38.9537],[-81.6869,38.9861],[-81.6469,39.0031],[-81.6276,39.0048],[-81.6016,39.0345],[-81.7473,39.0954],[-81.7756,39.0784],[-81.8107,39.0833],[-81.8139,39.0687],[-81.8081,39.0538],[-81.7643,39.0153],[-81.7652,39.0026],[-81.7751,38.9914],[-81.7816,38.9623],[-81.7561,38.9335],[-81.7627,38.9241],[-81.7741,38.923],[-81.7934,38.9302],[-81.8142,38.9462],[-81.8274,38.9459],[-81.8445,38.9287],[-81.8453,38.9101],[-81.856,38.8927],[-81.8909,38.8739],[-81.9103,38.8793],[-81.928,38.8935],[-81.9267,38.9013],[-81.8985,38.9296],[-81.9332,38.9877],[-81.9514,38.996],[-81.9794,38.9932],[-81.9898,39.0161],[-82.0035,39.0285],[-82.0219,39.0295],[-82.0377,39.0239],[-82.0511,38.9949],[-82.0902,38.9753],[-82.0988,38.9586]]]},"properties":{"geoid":"54017","state":"54","district":"17","name":"Delegate District 17","chamber":"House"}},{"type":"Feature","geometry":{"type":"Polygon","coordinates":[[[-82.2217,38.7866],[-82.2196,38.7723],[-82.1989,38.7577],[-82.1883,38.7341],[-82.1869,38.7223],[-82.1931,38.7377],[-82.1825,38.7088],[-82.1909,38.6804],[-82.172,38.6256],[-82.1732,38.6124],[-82.1812,38.5998],[-82.1938,38.5931],[-82.219,38.5917],[-82.0551,38.4745],[-82.0578,38.5135],[-82.0141,38.5156],[-82.0088,38.5289],[-82.0178,38.5341],[-82.0202,38.5485],[-82.0029,38.5536],[-81.9995,38.5601],[-81.9841,38.5681],[-82.0005,38.5837],[-82.0021,38.6006],[-81.9772,38.6247],[-81.9573,38.6566],[-81.7728,38.6808],[-81.8135,38.7148],[-81.7913,38.7331],[-81.8302,38.7785],[-81.8276,38.7663],[-81.8365,38.7578],[-81.8338,38.751],[-81.8677,38.7831],[-81.8844,38.7659],[-81.8919,38.7687],[-81.8994,38.7644],[-81.9154,38.7715],[-81.9183,38.7645],[-81.9338,38.7644],[-81.9368,38.7528],[-81.9481,38.7555],[-81.9629,38.7502],[-81.99,38.7746],[-82.0145,38.7801],[-82.0391,38.7975],[-82.0717,38.8108],[-82.0607,38.8297],[-82.0465,38.8285],[-82.0299,38.8623],[-82.0527,38.8643],[-82.0468,38.8674],[-82.0514,38.8899],[-82.0781,38.8968],[-82.0651,38.9143],[-82.0697,38.918],[-82.0696,38.9314],[-82.0961,38.9368],[-82.0873,38.9499],[-82.0957,38.9579],[-82.1091,38.9456],[-82.1113,38.9333],[-82.1115,38.9366],[-82.1294,38.9079],[-82.1433,38.8979],[-82.1454,38.8842],[-82.1392,38.865],[-82.1449,38.8405],[-82.1636,38.8234],[-82.1912,38.8151],[-82.2114,38.8012],[-82.2217,38.7866]]]},"properties":{"geoid":"54018","state":"54","district":"18","name":"Delegate District 18","chamber":"House"}},{"type":"Feature","geometry":{"type":"Polygon","coordinates":[[[-82.0038,38.5927],[-81.9895,38.5721],[-81.9264,38.5264],[-81.9168,38.525],[-81.8839,38.5434],[-81.8729,38.5394],[-81.8508,38.5188],[-81.8415,38.5014],[-81.8503,38.4979],[-81.8724,38.5063],[-81.8628,38.486],[-81.8721,38.4775],[-81.8676,38.471],[-81.8748,38.4672],[-81.8698,38.4586],[-81.8623,38.461],[-81.8608,38.4532],[-81.9035,38.4537],[-81.9027,38.4488],[-81.8966,38.4509],[-81.89,38.4444],[-81.8644,38.4438],[-81.8517,38.4333],[-81.8508,38.4219],[-81.7231,38.4678],[-81.722,38.4747],[-81.7272,38.4768],[-81.7339,38.4954],[-81.7317,38.5036],[-81.7424,38.5087],[-81.7423,38.5179],[-81.7541,38.524],[-81.7508,38.5265],[-81.7554,38.5339],[-81.7472,38.5536],[-81.7513,38.5795],[-81.7559,38.5809],[-81.7505,38.591],[-81.739,38.5993],[-81.7288,38.5962],[-81.6963,38.6264],[-81.7477,38.6841],[-81.9558,38.6574],[-81.9772,38.6247],[-82.0008,38.6035],[-82.0038,38.5927]]]},"properties":{"geoid":"54019","state":"54","district":"19","name":"Delegate District 19","chamber":"House"}},{"type":"Feature","geometry":{"type":"Polygon","coordinates":[[[-82.0222,38.5433],[-82.017,38.5332],[-82.0088,38.5289],[-82.0141,38.5156],[-81.9743,38.5164],[-81.9543,38.5135],[-81.9524,38.5094],[-81.9576,38.502],[-81.9505,38.4801],[-81.9662,38.4766],[-81.9711,38.466],[-81.9669,38.4585],[-81.9727,38.4552],[-81.9703,38.4457],[-81.9766,38.442],[-81.9298,38.4405],[-81.9251,38.4323],[-81.915,38.4313],[-81.8983,38.4209],[-81.8987,38.4084],[-81.8797,38.4085],[-81.8508,38.4219],[-81.8517,38.4333],[-81.8659,38.4447],[-81.9028,38.4489],[-81.9035,38.4537],[-81.888,38.4557],[-81.8608,38.4532],[-81.8623,38.461],[-81.8698,38.4586],[-81.8748,38.4672],[-81.8676,38.471],[-81.8721,38.4775],[-81.8628,38.486],[-81.8724,38.5063],[-81.8503,38.4979],[-81.8415,38.5014],[-81.847,38.5142],[-81.8729,38.5394],[-81.888,38.5432],[-81.9121,38.527],[-81.9242,38.5254],[-81.9521,38.5413],[-81.9841,38.5681],[-81.9995,38.5601],[-82.0029,38.5536],[-82.0176,38.5506],[-82.0222,38.5433]]]},"properties":{"geoid":"54020","state":"54","district":"20","name":"Delegate District 20","chamber":"House"}},{"type":"Feature","geometry":{"type":"Polygon","coordinates":[[[-82.0578,38.5135],[-82.0431,38.3373],[-82.0491,38.2909],[-82.0283,38.2794],[-82.0189,38.2818],[-82.0165,38.272],[-82.0018,38.2716],[-81.9968,38.2667],[-81.9918,38.2691],[-81.9912,38.2758],[-81.9821,38.2767],[-81.9152,38.3256],[-81.9002,38.3986],[-81.8797,38.4085],[-81.8987,38.4084],[-81.8983,38.4209],[-81.915,38.4313],[-81.9251,38.4323],[-81.9298,38.4405],[-81.9766,38.442],[-81.9703,38.4457],[-81.9727,38.4552],[-81.9669,38.4585],[-81.9711,38.466],[-81.9662,38.4766],[-81.9505,38.4801],[-81.9576,38.5019],[-81.9525,38.5074],[-81.9543,38.5135],[-81.9848,38.5172],[-82.0578,38.5135]]]},"properties":{"geoid":"54021","state":"54","district":"21","name":"Delegate District 21","chamber":"House"}},{"type":"Feature","geometry":{"type":"Polygon","coordinates":[[[-82.3114,38.4807],[-82.3076,38.4793],[-82.3103,38.4667],[-82.283,38.4706],[-82.2564,38.4477],[-82.2394,38.4412],[-82.2362,38.4339],[-82.2444,38.4345],[-82.2408,38.4276],[-82.2035,38.4311],[-82.2002,38.426],[-82.2103,38.4116],[-82.2071,38.407],[-82.1569,38.405],[-82.165,38.3978],[-82.1766,38.3987],[-82.1747,38.3892],[-82.1879,38.3753],[-82.1728,38.3635],[-82.1831,38.3494],[-82.1647,38.3365],[-82.1255,38.3468],[-82.1165,38.3444],[-82.1103,38.3585],[-82.1026,38.3571],[-82.1036,38.3618],[-82.0972,38.3675],[-82.0791,38.3688],[-82.0647,38.3768],[-82.0471,38.3744],[-82.0551,38.4745],[-82.219,38.5917],[-82.2621,38.5982],[-82.2913,38.579],[-82.2957,38.5385],[-82.304,38.5177],[-82.3042,38.4963],[-82.3114,38.4807]]]},"properties":{"geoid":"54022","state":"54","district":"22","name":"Delegate District 22","chamber":"House"}},{"type":"Feature","geometry":{"type":"Polygon","coordinates":[[[-82.3445,38.3081],[-82.3316,38.3113],[-82.3303,38.324],[-82.3173,38.3263],[-82.3144,38.3314],[-82.2862,38.3212],[-82.289,38.314],[-82.2788,38.3111],[-82.2762,38.3039],[-82.2926,38.3041],[-82.3054,38.296],[-82.3026,38.2876],[-82.3114,38.275],[-82.3115,38.2564],[-82.2903,38.2336],[-82.2642,38.2292],[-82.2574,38.235],[-82.26,38.2462],[-82.2452,38.2541],[-82.2478,38.2619],[-82.2434,38.2696],[-82.216,38.2807],[-82.2076,38.2887],[-82.212,38.2912],[-82.2065,38.3018],[-82.2208,38.3106],[-82.1975,38.3107],[-82.1968,38.3228],[-82.1831,38.3297],[-82.1787,38.3393],[-82.164,38.3369],[-82.1831,38.3494],[-82.1728,38.3635],[-82.1879,38.3753],[-82.1747,38.3892],[-82.1766,38.3987],[-82.165,38.3978],[-82.1569,38.405],[-82.2071,38.407],[-82.2103,38.4116],[-82.2002,38.426],[-82.2035,38.4311],[-82.2224,38.4306],[-82.2719,38.415],[-82.3117,38.426],[-82.3115,38.4228],[-82.3215,38.423],[-82.3247,38.4195],[-82.3208,38.4151],[-82.2955,38.4157],[-82.2976,38.4095],[-82.3176,38.4113],[-82.3123,38.3998],[-82.3214,38.3882],[-82.3077,38.3914],[-82.2916,38.3794],[-82.3027,38.364],[-82.3003,38.3602],[-82.311,38.3605],[-82.3406,38.3447],[-82.3345,38.327],[-82.3445,38.3081]]]},"properties":{"geoid":"54023","state":"54","district":"23","name":"Delegate District 23","chamber":"House"}},{"type":"Feature","geometry":{"type":"Polygon","coordinates":[[[-82.4272,38.4048],[-82.4184,38.3978],[-82.4158,38.402],[-82.4058,38.3971],[-82.4008,38.409],[-82.3894,38.414],[-82.354,38.4139],[-82.3131,38.4277],[-82.2707,38.4152],[-82.2371,38.426],[-82.2444,38.4345],[-82.2362,38.434],[-82.2394,38.4412],[-82.2564,38.4477],[-82.283,38.4706],[-82.3103,38.4667],[-82.3076,38.4793],[-82.3115,38.48],[-82.3181,38.4579],[-82.3303,38.4445],[-82.3818,38.4348],[-82.409,38.438],[-82.4062,38.4285],[-82.4163,38.4267],[-82.4206,38.416],[-82.4186,38.4061],[-82.4272,38.4048]]]},"properties":{"geoid":"54024","state":"54","district":"24","name":"Delegate District 24","chamber":"House"}},{"type":"Feature","geometry":{"type":"Polygon","coordinates":[[[-82.4771,38.4057],[-82.4352,38.4092],[-82.4281,38.4045],[-82.4186,38.4061],[-82.4206,38.416],[-82.4163,38.4267],[-82.4062,38.4285],[-82.408,38.4358],[-82.4712,38.4219],[-82.4664,38.4137],[-82.4771,38.4057]]]},"properties":{"geoid":"54025","state":"54","district":"25","name":"Delegate District 25","chamber":"House"}},{"type":"Feature","geometry":{"type":"Polygon","coordinates":[[[-82.4635,38.4052],[-82.4591,38.405],[-82.4545,38.3908],[-82.4038,38.3918],[-82.3795,38.3863],[-82.3704,38.3738],[-82.3755,38.3655],[-82.3709,38.3593],[-82.3764,38.3254],[-82.3439,38.3052],[-82.3345,38.327],[-82.3406,38.3447],[-82.311,38.3605],[-82.3003,38.3602],[-82.3027,38.364],[-82.2916,38.3794],[-82.3077,38.3914],[-82.3217,38.3888],[-82.3123,38.3998],[-82.3176,38.4113],[-82.2964,38.4106],[-82.2955,38.4157],[-82.3208,38.4151],[-82.3245,38.4188],[-82.3215,38.423],[-82.3115,38.4228],[-82.313,38.4262],[-82.2991,38.4223],[-82.3055,38.4274],[-82.335,38.4227],[-82.354,38.4139],[-82.3894,38.414],[-82.4008,38.409],[-82.4025,38.3982],[-82.407,38.3969],[-82.4158,38.402],[-82.4184,38.3978],[-82.4352,38.4092],[-82.4635,38.4052]]]},"properties":{"geoid":"54026","state":"54","district":"26","name":"Delegate District 26","chamber":"House"}},{"type":"Feature","geometry":{"type":"Polygon","coordinates":[[[-82.5971,38.4108],[-82.5946,38.3982],[-82.5876,38.3997],[-82.5738,38.391],[-82.5754,38.3857],[-82.5687,38.3811],[-82.5618,38.3817],[-82.5393,38.3677],[-82.4999,38.3747],[-82.4923,38.3857],[-82.4786,38.3917],[-82.3762,38.3256],[-82.3709,38.3593],[-82.3755,38.3655],[-82.3704,38.3737],[-82.3766,38.3836],[-82.4038,38.3918],[-82.4545,38.3908],[-82.4591,38.405],[-82.4635,38.4051],[-82.4601,38.4066],[-82.477,38.4055],[-82.4664,38.4137],[-82.4712,38.4219],[-82.541,38.4038],[-82.5734,38.4057],[-82.5888,38.4136],[-82.5935,38.4218],[-82.5971,38.4108]]]},"properties":{"geoid":"54027","state":"54","district":"27","name":"Delegate District 27","chamber":"House"}},{"type":"Feature","geometry":{"type":"Polygon","coordinates":[[[-82.6125,38.2353],[-82.6086,38.2235],[-82.5983,38.2174],[-82.6006,38.1922],[-82.5831,38.1905],[-82.5788,38.1939],[-82.5754,38.189],[-82.5647,38.19],[-82.5586,38.1785],[-82.5495,38.1806],[-82.538,38.1739],[-82.5142,38.1784],[-82.4925,38.1702],[-82.4914,38.1747],[-82.477,38.1804],[-82.4744,38.1982],[-82.4514,38.2043],[-82.4454,38.2137],[-82.4375,38.2087],[-82.4339,38.1877],[-82.3939,38.2115],[-82.3768,38.2091],[-82.3834,38.2163],[-82.3822,38.225],[-82.3766,38.2379],[-82.3716,38.2396],[-82.3704,38.2508],[-82.3732,38.2625],[-82.3831,38.2648],[-82.3815,38.2699],[-82.3615,38.2716],[-82.3501,38.2854],[-82.3279,38.2963],[-82.3375,38.3063],[-82.3509,38.309],[-82.4786,38.3917],[-82.4923,38.3857],[-82.4999,38.3747],[-82.5393,38.3677],[-82.5618,38.3817],[-82.5687,38.3811],[-82.5754,38.3857],[-82.5738,38.391],[-82.5902,38.4],[-82.5992,38.3925],[-82.5927,38.3768],[-82.5981,38.3459],[-82.5767,38.3285],[-82.5718,38.3172],[-82.583,38.2968],[-82.5745,38.2645],[-82.5833,38.2468],[-82.6046,38.2477],[-82.6125,38.2353]]]},"properties":{"geoid":"54028","state":"54","district":"28","name":"Delegate District 28","chamber":"House"}},{"type":"Feature","geometry":{"type":"Polygon","coordinates":[[[-82.6446,38.1659],[-82.6366,38.138],[-82.6218,38.1333],[-82.6192,38.1205],[-82.6062,38.1208],[-82.587,38.1087],[-82.5834,38.09],[-82.5498,38.0695],[-82.5371,38.0447],[-82.5387,38.0374],[-82.5263,38.027],[-82.5251,38.0175],[-82.5155,38.0066],[-82.5192,38.0011],[-82.4887,37.9989],[-82.4836,37.9838],[-82.4646,37.9839],[-82.4689,37.9732],[-82.4844,37.9709],[-82.4845,37.9636],[-82.4718,37.9587],[-82.4856,37.9458],[-82.4972,37.9462],[-82.4893,37.9382],[-82.5024,37.9335],[-82.4959,37.927],[-82.4807,37.9262],[-82.4883,37.9177],[-82.4756,37.9118],[-82.4744,37.9],[-82.4684,37.9032],[-82.468,37.9139],[-82.463,37.9148],[-82.4199,37.8849],[-82.4176,37.8703],[-82.4075,37.8673],[-82.4246,37.8614],[-82.4147,37.856],[-82.4205,37.8464],[-82.4129,37.8448],[-82.3993,37.8295],[-82.4013,37.8095],[-82.3861,37.8179],[-82.3766,37.8022],[-82.3401,37.7856],[-82.3375,37.7749],[-82.3239,37.775],[-82.3334,37.7644],[-82.312,37.765],[-82.3105,37.7618],[-82.3176,37.7589],[-82.2893,37.769],[-82.264,37.7671],[-82.2495,37.778],[-82.2258,37.7721],[-82.2043,37.7734],[-82.1934,37.7683],[-82.1778,37.7771],[-82.1551,37.7768],[-82.1458,37.7879],[-82.1349,37.7861],[-82.1099,37.7964],[-82.1016,37.7946],[-82.1058,37.8011],[-82.1229,37.8047],[-82.1249,37.8108],[-82.1335,37.8104],[-82.1336,37.8263],[-82.1462,37.8379],[-82.1348,37.8466],[-82.1128,37.8531],[-82.1123,37.8597],[-82.1199,37.8582],[-82.1288,37.8779],[-82.1185,37.8818],[-82.1202,37.8924],[-82.1279,37.9008],[-82.1444,37.9009],[-82.1598,37.9075],[-82.1635,37.9235],[-82.1733,37.9293],[-82.1722,37.9365],[-82.1858,37.9425],[-82.1811,37.9509],[-82.1972,37.9627],[-82.1907,37.9748],[-82.3064,37.9436],[-82.2435,38.0008],[-82.2175,38.0201],[-82.2039,38.0236],[-82.2064,38.029],[-82.1918,38.0495],[-82.2078,38.0505],[-82.2118,38.0572],[-82.2069,38.0582],[-82.2058,38.0668],[-82.2278,38.0689],[-82.2279,38.0762],[-82.2354,38.0762],[-82.2409,38.0972],[-82.2463,38.1021],[-82.253,38.1009],[-82.2686,38.1151],[-82.2569,38.1326],[-82.2857,38.1449],[-82.2717,38.1694],[-82.2775,38.1739],[-82.2713,38.1785],[-82.2782,38.2022],[-82.2664,38.2106],[-82.27,38.218],[-82.2648,38.2292],[-82.2698,38.2318],[-82.2754,38.2281],[-82.2994,38.24],[-82.3114,38.2562],[-82.3089,38.264],[-82.3134,38.2681],[-82.3026,38.2876],[-82.3028,38.299],[-82.2926,38.3041],[-82.2762,38.3039],[-82.2788,38.3111],[-82.289,38.314],[-82.2866,38.3215],[-82.2967,38.3221],[-82.2987,38.3284],[-82.313,38.3315],[-82.3173,38.3263],[-82.3303,38.324],[-82.3294,38.3134],[-82.344,38.3051],[-82.3372,38.3062],[-82.3283,38.293],[-82.3501,38.2854],[-82.3616,38.2716],[-82.3812,38.2704],[-82.3831,38.2648],[-82.3732,38.2625],[-82.3704,38.2508],[-82.3716,38.2396],[-82.3766,38.2379],[-82.3822,38.2252],[-82.3834,38.2163],[-82.3775,38.2086],[-82.3939,38.2115],[-82.4339,38.1877],[-82.4375,38.2087],[-82.4454,38.2137],[-82.4514,38.2043],[-82.4744,38.1982],[-82.477,38.1804],[-82.4914,38.1747],[-82.4927,38.1702],[-82.5142,38.1784],[-82.538,38.1739],[-82.5495,38.1806],[-82.5586,38.1785],[-82.5648,38.19],[-82.5987,38.1941],[-82.6125,38.1706],[-82.6372,38.1714],[-82.6446,38.1659]]]},"properties":{"geoid":"54029","state":"54","district":"29","name":"Delegate District 29","chamber":"House"}},{"type":"Feature","geometry":{"type":"Polygon","coordinates":[[[-82.2863,38.149],[-82.2825,38.1414],[-82.2569,38.1326],[-82.2686,38.1151],[-82.253,38.1009],[-82.2463,38.1021],[-82.2409,38.0972],[-82.2354,38.0762],[-82.2279,38.0762],[-82.2278,38.0689],[-82.2058,38.0668],[-82.2069,38.0582],[-82.2118,38.0572],[-82.2078,38.0505],[-82.1926,38.0511],[-82.1944,38.0452],[-82.1706,38.0349],[-82.1686,38.0478],[-82.1545,38.0472],[-82.1528,38.0532],[-82.1476,38.0542],[-82.1416,38.0467],[-82.1475,38.0597],[-82.1284,38.0642],[-82.1227,38.0638],[-82.1255,38.0562],[-82.1172,38.0459],[-82.0946,38.0462],[-82.0871,38.0276],[-82.0958,38.02],[-82.0689,38.0057],[-82.0446,38.0148],[-82.0179,38.0169],[-82.0129,38.0223],[-81.9984,38.0204],[-81.9888,38.0249],[-81.9723,38.0187],[-81.9668,38.0235],[-81.9433,38.0211],[-81.9267,38.0287],[-81.9085,38.028],[-81.9052,38.0298],[-81.9177,38.0354],[-81.9509,38.0379],[-81.9712,38.0482],[-81.9698,38.0625],[-81.9732,38.0645],[-81.9663,38.0689],[-81.9689,38.0777],[-81.9621,38.0857],[-81.9641,38.0897],[-81.9461,38.1068],[-81.9536,38.1187],[-81.9458,38.1258],[-81.9456,38.1357],[-81.934,38.139],[-81.9344,38.1462],[-81.9276,38.1525],[-81.9038,38.1416],[-81.8885,38.1421],[-81.8788,38.1372],[-81.8782,38.1495],[-81.8883,38.1521],[-81.8869,38.1677],[-81.8721,38.1637],[-81.872,38.1768],[-81.8512,38.1731],[-81.8492,38.1814],[-81.8388,38.1806],[-81.8425,38.1855],[-81.8518,38.1848],[-81.8449,38.1989],[-81.8388,38.2018],[-81.8407,38.2089],[-81.8308,38.211],[-81.8364,38.2186],[-81.8344,38.2226],[-81.8186,38.2173],[-81.8201,38.2291],[-81.8092,38.2201],[-81.802,38.2211],[-81.8101,38.2279],[-81.8077,38.2338],[-81.8129,38.2411],[-81.8208,38.2427],[-81.8029,38.2494],[-81.8105,38.257],[-81.8018,38.2622],[-81.8082,38.2694],[-81.8065,38.2937],[-81.8128,38.3114],[-81.8306,38.3225],[-81.8457,38.3132],[-81.8858,38.3147],[-81.9152,38.3256],[-81.9821,38.2767],[-81.9912,38.2758],[-81.9918,38.2691],[-81.9974,38.2666],[-82.0018,38.2716],[-82.0165,38.272],[-82.0189,38.2818],[-82.0283,38.2794],[-82.0489,38.2903],[-82.0431,38.3373],[-82.0471,38.3744],[-82.0647,38.3768],[-82.0791,38.3688],[-82.0972,38.3675],[-82.1036,38.3618],[-82.1026,38.3571],[-82.1103,38.3585],[-82.1165,38.3444],[-82.1255,38.3468],[-82.1685,38.3353],[-82.1776,38.3398],[-82.1831,38.3297],[-82.1968,38.3228],[-82.1975,38.3107],[-82.2208,38.3106],[-82.2065,38.3018],[-82.212,38.2912],[-82.2076,38.2887],[-82.216,38.2807],[-82.2426,38.2703],[-82.2478,38.2619],[-82.2452,38.2541],[-82.26,38.2462],[-82.2574,38.235],[-82.27,38.218],[-82.2664,38.2106],[-82.2778,38.2057],[-82.2713,38.1785],[-82.2775,38.1739],[-82.2717,38.1694],[-82.28,38.1525],[-82.2863,38.149]]]},"properties":{"geoid":"54030","state":"54","district":"30","name":"Delegate District 30","chamber":"House"}},{"type":"Feature","geometry":{"type":"Polygon","coordinates":[[[-82.306,37.9439],[-82.1907,37.9748],[-82.1972,37.9627],[-82.1811,37.9509],[-82.1858,37.9425],[-82.1722,37.9365],[-82.1733,37.9293],[-82.1635,37.9235],[-82.1598,37.9075],[-82.1444,37.9009],[-82.1279,37.9008],[-82.1202,37.8924],[-82.1185,37.8818],[-82.1288,37.8779],[-82.1199,37.8582],[-82.1123,37.8597],[-82.1128,37.8531],[-82.1348,37.8466],[-82.1462,37.8379],[-82.1336,37.8263],[-82.1335,37.8104],[-82.1249,37.8108],[-82.1226,37.8046],[-82.1058,37.8011],[-82.1019,37.7943],[-82.0782,37.8061],[-82.0945,37.8176],[-82.1048,37.8132],[-82.0978,37.8294],[-82.1029,37.831],[-82.0978,37.8295],[-82.082,37.8441],[-82.0738,37.8444],[-82.0868,37.8509],[-82.0724,37.8548],[-82.0573,37.8713],[-82.054,37.8671],[-82.031,37.8774],[-82.0244,37.8705],[-82.0161,37.8728],[-82.0114,37.8842],[-81.9951,37.8922],[-81.9921,37.9018],[-81.9788,37.9073],[-81.9715,37.916],[-81.9327,37.9059],[-81.9288,37.893],[-81.9427,37.8784],[-81.9502,37.8792],[-81.9541,37.8662],[-81.9673,37.8588],[-81.9687,37.8637],[-81.9835,37.8608],[-81.9739,37.8439],[-81.9656,37.8467],[-81.9585,37.8407],[-81.9497,37.8423],[-81.9648,37.8367],[-81.9607,37.8322],[-81.9322,37.8355],[-81.9246,37.8205],[-81.9353,37.8153],[-81.9318,37.812],[-81.912,37.8115],[-81.8866,37.7963],[-81.8893,37.7851],[-81.8857,37.7814],[-81.8936,37.7792],[-81.8665,37.7743],[-81.8636,37.7798],[-81.8417,37.7832],[-81.8383,37.7894],[-81.8329,37.7873],[-81.8137,37.8033],[-81.8092,37.7984],[-81.8005,37.803],[-81.7925,37.798],[-81.7736,37.7988],[-81.7711,37.7897],[-81.758,37.8074],[-81.7346,37.7991],[-81.72,37.8083],[-81.7327,37.8063],[-81.7241,37.8133],[-81.7326,37.8168],[-81.7306,37.8247],[-81.7447,37.8291],[-81.7504,37.8383],[-81.7459,37.8441],[-81.7623,37.849],[-81.7672,37.8559],[-81.7744,37.8538],[-81.7716,37.8619],[-81.7822,37.8672],[-81.7591,37.8851],[-81.757,37.8925],[-81.7596,37.9034],[-81.7644,37.9053],[-81.7606,37.9113],[-81.7725,37.9129],[-81.7739,37.9229],[-81.7821,37.929],[-81.7805,37.9337],[-81.8011,37.9363],[-81.8149,37.9478],[-81.861,37.9483],[-81.8526,37.9546],[-81.8504,37.9644],[-81.8086,37.9784],[-81.8183,37.9797],[-81.8155,37.9945],[-81.8104,37.9985],[-81.8218,38.0106],[-81.8297,38.0117],[-81.8253,38.0183],[-81.8359,38.0311],[-81.8301,38.0494],[-81.8435,38.069],[-81.8731,38.0505],[-81.889,38.0241],[-81.8877,38.0338],[-81.9021,38.0245],[-81.9055,38.0294],[-81.9267,38.0287],[-81.9433,38.0211],[-81.9634,38.0239],[-81.9723,38.0187],[-81.9888,38.0249],[-81.9984,38.0204],[-82.0129,38.0223],[-82.0275,38.0144],[-82.0446,38.0148],[-82.0672,38.0056],[-82.0958,38.02],[-82.0871,38.0276],[-82.0946,38.0462],[-82.1172,38.0459],[-82.1255,38.0562],[-82.1227,38.0638],[-82.1416,38.0634],[-82.1478,38.0584],[-82.1416,38.0467],[-82.1476,38.0542],[-82.1528,38.0532],[-82.1545,38.0472],[-82.1686,38.0478],[-82.1706,38.0349],[-82.1944,38.0452],[-82.2064,38.029],[-82.2039,38.0236],[-82.2175,38.0201],[-82.2435,38.0008],[-82.306,37.9439]]]},"properties":{"geoid":"54031","state":"54","district":"31","name":"Delegate District 31","chamber":"House"}},{"type":"Feature","geometry":{"type":"Polygon","coordinates":[[[-81.9731,38.0649],[-81.9712,38.0482],[-81.9621,38.0428],[-81.933,38.0339],[-81.9177,38.0354],[-81.9021,38.0245],[-81.8877,38.0338],[-81.889,38.0241],[-81.8731,38.0505],[-81.8435,38.069],[-81.8301,38.0494],[-81.8359,38.0311],[-81.8253,38.0183],[-81.8297,38.0117],[-81.8218,38.0106],[-81.8104,37.9985],[-81.8155,37.9945],[-81.8183,37.9797],[-81.8086,37.9784],[-81.8504,37.9644],[-81.8526,37.9546],[-81.861,37.9483],[-81.8149,37.9478],[-81.8011,37.9363],[-81.78,37.9332],[-81.7821,37.929],[-81.7739,37.9229],[-81.7725,37.9129],[-81.7606,37.9113],[-81.7644,37.9053],[-81.7596,37.9034],[-81.757,37.8925],[-81.7591,37.8851],[-81.7822,37.8672],[-81.7716,37.8619],[-81.7744,37.8538],[-81.7672,37.8559],[-81.7623,37.849],[-81.7459,37.8441],[-81.7504,37.8383],[-81.7447,37.8291],[-81.7306,37.8247],[-81.7326,37.8168],[-81.7231,37.8096],[-81.7079,37.8125],[-81.6986,37.8241],[-81.6909,37.8217],[-81.6799,37.8306],[-81.6675,37.8292],[-81.6587,37.8344],[-81.6547,37.8286],[-81.648,37.8303],[-81.6501,37.8258],[-81.644,37.8232],[-81.6464,37.8178],[-81.6354,37.8111],[-81.6323,37.8034],[-81.6204,37.8012],[-81.6075,37.7887],[-81.5969,37.7867],[-81.5832,37.7764],[-81.5827,37.7688],[-81.5765,37.7633],[-81.5357,37.7829],[-81.5304,37.7897],[-81.52,37.7861],[-81.5142,37.7912],[-81.5211,37.8001],[-81.5168,37.8186],[-81.542,37.8289],[-81.5523,37.8247],[-81.5614,37.8417],[-81.5627,37.8653],[-81.5676,37.8675],[-81.5581,37.8772],[-81.5634,37.8863],[-81.5538,37.8943],[-81.5642,37.9027],[-81.5619,37.9194],[-81.5715,37.9277],[-81.5588,37.9362],[-81.5616,37.9443],[-81.5549,37.9461],[-81.5558,37.9543],[-81.5444,37.9611],[-81.5414,37.9695],[-81.5262,37.9713],[-81.5076,37.9882],[-81.4891,37.981],[-81.482,37.9869],[-81.4566,37.9873],[-81.4558,37.9993],[-81.4656,38.0052],[-81.4634,38.0139],[-81.4685,38.0159],[-81.4604,38.0301],[-81.4762,38.0475],[-81.4737,38.0536],[-81.4781,38.0601],[-81.4877,38.0609],[-81.4915,38.0679],[-81.5053,38.0607],[-81.5165,38.0637],[-81.5179,38.0694],[-81.5392,38.0783],[-81.5348,38.0959],[-81.521,38.1008],[-81.5158,38.1124],[-81.5332,38.1213],[-81.546,38.1193],[-81.5462,38.1246],[-81.539,38.1304],[-81.5448,38.1376],[-81.5557,38.1415],[-81.5695,38.1373],[-81.5743,38.1449],[-81.5813,38.1437],[-81.5897,38.1576],[-81.5993,38.1618],[-81.5959,38.1676],[-81.6067,38.1701],[-81.602,38.1762],[-81.6248,38.1788],[-81.6334,38.1716],[-81.6346,38.1775],[-81.6419,38.1763],[-81.6393,38.1803],[-81.6485,38.185],[-81.6448,38.195],[-81.6525,38.2031],[-81.6431,38.2107],[-81.6437,38.2207],[-81.6598,38.2235],[-81.687,38.2181],[-81.6963,38.2277],[-81.7058,38.2271],[-81.7081,38.2231],[-81.7257,38.2213],[-81.7272,38.2137],[-81.721,38.2146],[-81.7244,38.2056],[-81.7314,38.205],[-81.737,38.1982],[-81.7533,38.2029],[-81.7551,38.2182],[-81.7651,38.2278],[-81.7839,38.2306],[-81.7896,38.2097],[-81.8109,38.2082],[-81.8143,38.1993],[-81.8128,38.1899],[-81.8018,38.1784],[-81.8191,38.185],[-81.8285,38.2058],[-81.8399,38.2096],[-81.8388,38.2018],[-81.8449,38.1989],[-81.8518,38.1848],[-81.8425,38.1855],[-81.8388,38.1806],[-81.8492,38.1814],[-81.8512,38.1731],[-81.872,38.1768],[-81.8721,38.1637],[-81.8862,38.1681],[-81.8882,38.1627],[-81.8886,38.1658],[-81.8881,38.1513],[-81.8782,38.1495],[-81.8788,38.1372],[-81.8885,38.1421],[-81.9038,38.1416],[-81.9276,38.1525],[-81.9324,38.1501],[-81.9331,38.1403],[-81.9439,38.1375],[-81.9458,38.1258],[-81.9536,38.1187],[-81.9458,38.1094],[-81.947,38.1045],[-81.9641,38.0897],[-81.9621,38.0857],[-81.9689,38.0777],[-81.9663,38.0689],[-81.9731,38.0649]]]},"properties":{"geoid":"54032","state":"54","district":"32","name":"Delegate District 32","chamber":"House"}},{"type":"Feature","geometry":{"type":"Polygon","coordinates":[[[-82.117,37.7481],[-82.1056,37.7505],[-82.0912,37.7422],[-82.094,37.7347],[-82.0852,37.7298],[-82.092,37.7225],[-82.0856,37.7217],[-82.0883,37.7176],[-82.0838,37.7139],[-82.0859,37.7071],[-82.0808,37.7059],[-82.0826,37.7016],[-82.0569,37.7058],[-82.0557,37.7015],[-82.0413,37.7016],[-82.0318,37.6858],[-82.024,37.6823],[-82.0226,37.6682],[-82.001,37.6625],[-82.0004,37.6453],[-81.9934,37.6406],[-81.9873,37.6506],[-81.9918,37.6583],[-81.9854,37.6589],[-81.9799,37.6678],[-81.9666,37.6645],[-81.9554,37.675],[-81.9448,37.6712],[-81.9302,37.682],[-81.9134,37.68],[-81.9117,37.6701],[-81.9023,37.6612],[-81.8748,37.6701],[-81.8688,37.68],[-81.8503,37.6644],[-81.8337,37.6717],[-81.8144,37.6553],[-81.793,37.6709],[-81.78,37.6725],[-81.7777,37.678],[-81.7651,37.6777],[-81.7556,37.6857],[-81.7469,37.6796],[-81.7369,37.6826],[-81.7332,37.6932],[-81.7164,37.7009],[-81.7017,37.7014],[-81.7645,37.7517],[-81.7619,37.7566],[-81.7549,37.7555],[-81.7433,37.7644],[-81.7406,37.7598],[-81.7078,37.7634],[-81.6938,37.7741],[-81.6751,37.7727],[-81.6697,37.7789],[-81.6657,37.775],[-81.6571,37.7798],[-81.638,37.7776],[-81.6275,37.7857],[-81.6237,37.7825],[-81.6075,37.7887],[-81.6179,37.7999],[-81.6323,37.8034],[-81.6354,37.8111],[-81.6464,37.8178],[-81.644,37.8232],[-81.6501,37.8258],[-81.648,37.8303],[-81.6547,37.8286],[-81.6592,37.8344],[-81.6675,37.8292],[-81.6799,37.8306],[-81.6909,37.8217],[-81.6995,37.8237],[-81.7133,37.81],[-81.7231,37.8096],[-81.7245,37.8132],[-81.7327,37.8063],[-81.72,37.8083],[-81.7346,37.7991],[-81.758,37.8074],[-81.771,37.7898],[-81.7736,37.7988],[-81.7925,37.798],[-81.8005,37.803],[-81.8092,37.7984],[-81.8137,37.8033],[-81.8329,37.7873],[-81.8383,37.7894],[-81.8417,37.7832],[-81.8636,37.7798],[-81.8665,37.7743],[-81.8936,37.7792],[-81.8857,37.7814],[-81.8893,37.7851],[-81.8866,37.7963],[-81.912,37.8115],[-81.9318,37.812],[-81.9353,37.8153],[-81.9246,37.8205],[-81.9322,37.8355],[-81.9607,37.8322],[-81.9648,37.8367],[-81.9497,37.8423],[-81.9585,37.8407],[-81.9656,37.8467],[-81.9739,37.8439],[-81.9835,37.8608],[-81.9687,37.8637],[-81.9673,37.8588],[-81.9541,37.8662],[-81.9502,37.8792],[-81.9427,37.8784],[-81.9288,37.893],[-81.9327,37.9059],[-81.9715,37.916],[-81.9788,37.9073],[-81.9921,37.9018],[-81.9951,37.8922],[-82.0114,37.8842],[-82.0161,37.8728],[-82.0244,37.8705],[-82.031,37.8774],[-82.054,37.8671],[-82.0573,37.8713],[-82.0724,37.8548],[-82.0868,37.8509],[-82.0738,37.8444],[-82.082,37.8441],[-82.0978,37.8295],[-82.1029,37.831],[-82.0978,37.8294],[-82.1048,37.8132],[-82.0945,37.8176],[-82.0782,37.8061],[-82.1065,37.7911],[-82.0999,37.787],[-82.1041,37.771],[-82.1004,37.7669],[-82.1106,37.7666],[-82.1093,37.7593],[-82.117,37.7481]]]},"properties":{"geoid":"54033","state":"54","district":"33","name":"Delegate District 33","chamber":"House"}},{"type":"Feature","geometry":{"type":"Polygon","coordinates":[[[-82.3342,37.7428],[-82.3189,37.7337],[-82.3077,37.708],[-82.2968,37.703],[-82.3029,37.6936],[-82.2959,37.6862],[-82.3045,37.6765],[-82.295,37.6781],[-82.294,37.6699],[-82.2879,37.6681],[-82.2829,37.6761],[-82.2581,37.6569],[-82.2361,37.6596],[-82.2168,37.6416],[-82.2205,37.6348],[-82.2145,37.6254],[-82.1872,37.627],[-82.1911,37.6446],[-82.1751,37.6478],[-82.1776,37.6408],[-82.1724,37.6326],[-82.1817,37.6271],[-82.1812,37.6215],[-82.1767,37.6182],[-82.1642,37.6203],[-82.1688,37.6091],[-82.1567,37.609],[-82.1569,37.5927],[-82.1484,37.5907],[-82.1399,37.595],[-82.1273,37.5865],[-82.1262,37.5737],[-82.1449,37.5677],[-82.1344,37.5629],[-82.1332,37.5528],[-82.1234,37.5515],[-82.118,37.559],[-82.1048,37.5602],[-82.104,37.5529],[-82.0752,37.5559],[-82.0639,37.5431],[-82.0648,37.5372],[-82.0503,37.5354],[-82.0462,37.5279],[-82.042,37.5342],[-82.043,37.5481],[-82.0296,37.5378],[-82.0196,37.5406],[-82.0108,37.5329],[-81.9983,37.5433],[-81.9941,37.5377],[-81.9701,37.5467],[-81.9649,37.5429],[-81.9677,37.5331],[-81.9575,37.5355],[-81.9542,37.5281],[-81.9439,37.5312],[-81.9476,37.5254],[-81.9434,37.5129],[-81.9335,37.5195],[-81.9264,37.5146],[-81.9258,37.5077],[-81.9132,37.5051],[-81.9035,37.5129],[-81.8883,37.5032],[-81.8782,37.506],[-81.8761,37.5115],[-81.8636,37.5128],[-81.8386,37.4817],[-81.8293,37.4853],[-81.8196,37.4803],[-81.8057,37.4937],[-81.8112,37.5077],[-81.8179,37.5066],[-81.829,37.5137],[-81.8233,37.5227],[-81.8251,37.5344],[-81.8346,37.5361],[-81.8427,37.549],[-81.8559,37.5489],[-81.8578,37.5543],[-81.8532,37.5639],[-81.8343,37.5692],[-81.8381,37.5752],[-81.8279,37.5877],[-81.83,37.5969],[-81.813,37.6015],[-81.8197,37.6081],[-81.8177,37.6127],[-81.8119,37.6138],[-81.8113,37.607],[-81.8015,37.6153],[-81.8015,37.6251],[-81.7955,37.6315],[-81.8024,37.6423],[-81.7997,37.6565],[-81.8029,37.6605],[-81.8166,37.656],[-81.8343,37.6719],[-81.8503,37.6644],[-81.8706,37.6801],[-81.8748,37.6701],[-81.9023,37.6612],[-81.9117,37.6701],[-81.9134,37.68],[-81.9276,37.6823],[-81.9448,37.6712],[-81.9554,37.675],[-81.9666,37.6645],[-81.9799,37.6678],[-81.9854,37.6589],[-81.9918,37.6583],[-81.9873,37.6506],[-81.9934,37.6406],[-82.0004,37.6453],[-82.001,37.6625],[-82.0226,37.6682],[-82.024,37.6823],[-82.0318,37.6858],[-82.0413,37.7016],[-82.0557,37.7015],[-82.0569,37.7058],[-82.0826,37.7016],[-82.0808,37.7059],[-82.0859,37.7071],[-82.0838,37.7139],[-82.0883,37.7176],[-82.0856,37.7217],[-82.092,37.7225],[-82.0852,37.7298],[-82.094,37.7347],[-82.0912,37.7422],[-82.1056,37.7505],[-82.117,37.7476],[-82.1093,37.7593],[-82.111,37.7662],[-82.1004,37.7669],[-82.1041,37.771],[-82.0999,37.787],[-82.1068,37.7883],[-82.1019,37.7943],[-82.1079,37.7966],[-82.1346,37.7862],[-82.1464,37.7877],[-82.1554,37.7767],[-82.1778,37.7771],[-82.1938,37.7683],[-82.2043,37.7734],[-82.2258,37.7721],[-82.2493,37.778],[-82.2643,37.767],[-82.29,37.7688],[-82.3189,37.7589],[-82.3213,37.7516],[-82.3342,37.7428]]]},"properties":{"geoid":"54034","state":"54","district":"34","name":"Delegate District 34","chamber":"House"}},{"type":"Feature","geometry":{"type":"Polygon","coordinates":[[[-81.8576,37.5548],[-81.8559,37.5489],[-81.8427,37.549],[-81.8346,37.5361],[-81.8246,37.5338],[-81.8233,37.5227],[-81.829,37.5137],[-81.8179,37.5066],[-81.7952,37.5097],[-81.7929,37.5035],[-81.7799,37.501],[-81.7762,37.5051],[-81.763,37.5026],[-81.7522,37.5066],[-81.7359,37.4956],[-81.7076,37.4953],[-81.7018,37.5017],[-81.6849,37.5057],[-81.6888,37.5136],[-81.6821,37.5176],[-81.6721,37.5164],[-81.6544,37.5233],[-81.6465,37.5133],[-81.6411,37.5154],[-81.6339,37.51],[-81.6284,37.512],[-81.6302,37.5162],[-81.6175,37.5213],[-81.6128,37.5105],[-81.6034,37.5089],[-81.6076,37.5024],[-81.5959,37.4907],[-81.5872,37.4945],[-81.583,37.4874],[-81.5757,37.4909],[-81.5706,37.4873],[-81.5534,37.4918],[-81.5346,37.4853],[-81.5273,37.4756],[-81.5193,37.4783],[-81.4991,37.4737],[-81.4914,37.481],[-81.4612,37.4836],[-81.4502,37.4762],[-81.4551,37.4662],[-81.439,37.4586],[-81.4322,37.4487],[-81.4261,37.4613],[-81.4169,37.4556],[-81.4033,37.4588],[-81.3996,37.4646],[-81.393,37.4598],[-81.3854,37.4613],[-81.3741,37.4432],[-81.3464,37.4335],[-81.3291,37.4352],[-81.2929,37.4132],[-81.2826,37.4209],[-81.2943,37.4419],[-81.3056,37.4501],[-81.3074,37.4595],[-81.2968,37.4621],[-81.2948,37.4694],[-81.2781,37.4725],[-81.2585,37.4988],[-81.2221,37.5104],[-81.2454,37.5303],[-81.2531,37.533],[-81.2642,37.5276],[-81.2751,37.5341],[-81.2774,37.5419],[-81.3016,37.5454],[-81.3122,37.5534],[-81.3165,37.5601],[-81.3103,37.5766],[-81.3132,37.5866],[-81.3209,37.5914],[-81.3965,37.7057],[-81.4109,37.6976],[-81.4326,37.7003],[-81.4324,37.7068],[-81.4382,37.7089],[-81.4413,37.7024],[-81.4557,37.703],[-81.4605,37.6962],[-81.4904,37.686],[-81.4937,37.6978],[-81.459,37.7272],[-81.4916,37.7301],[-81.4954,37.7264],[-81.5179,37.7272],[-81.5314,37.7204],[-81.5319,37.7113],[-81.5774,37.6952],[-81.5821,37.6864],[-81.6103,37.6905],[-81.6214,37.6666],[-81.6358,37.6821],[-81.6374,37.696],[-81.6565,37.6883],[-81.657,37.6934],[-81.5654,37.7665],[-81.5772,37.7637],[-81.5841,37.7773],[-81.6049,37.7891],[-81.6237,37.7825],[-81.6275,37.7857],[-81.638,37.7776],[-81.6571,37.7798],[-81.6657,37.775],[-81.6697,37.7789],[-81.6751,37.7727],[-81.6938,37.7741],[-81.7078,37.7634],[-81.7406,37.7598],[-81.7433,37.7644],[-81.7549,37.7555],[-81.7619,37.7566],[-81.7645,37.7517],[-81.7017,37.7014],[-81.7164,37.7009],[-81.7332,37.6932],[-81.7369,37.6826],[-81.7469,37.6796],[-81.7556,37.6857],[-81.7651,37.6777],[-81.7777,37.678],[-81.78,37.6725],[-81.793,37.6709],[-81.8023,37.6629],[-81.8024,37.6423],[-81.7955,37.6315],[-81.8015,37.6251],[-81.8015,37.6153],[-81.8113,37.607],[-81.8119,37.6138],[-81.8177,37.6127],[-81.8197,37.6081],[-81.813,37.6015],[-81.83,37.5969],[-81.8279,37.5877],[-81.8381,37.5752],[-81.8343,37.5692],[-81.8532,37.5639],[-81.8576,37.5548]]]},"properties":{"geoid":"54035","state":"54","district":"35","name":"Delegate District 35","chamber":"House"}},{"type":"Feature","geometry":{"type":"Polygon","coordinates":[[[-81.9965,37.4769],[-81.987,37.4549],[-81.9762,37.4572],[-81.9688,37.4515],[-81.9704,37.4477],[-81.9576,37.4491],[-81.9356,37.4384],[-81.9389,37.422],[-81.923,37.4114],[-81.93,37.4053],[-81.9288,37.3938],[-81.9367,37.3807],[-81.9311,37.3758],[-81.9334,37.3693],[-81.926,37.3655],[-81.9285,37.3605],[-81.9177,37.3492],[-81.8996,37.3416],[-81.8973,37.3325],[-81.8777,37.3317],[-81.8725,37.3224],[-81.8603,37.3157],[-81.8657,37.3095],[-81.8596,37.3048],[-81.8545,37.3066],[-81.8536,37.2877],[-81.8344,37.2854],[-81.8258,37.2791],[-81.8033,37.2859],[-81.7824,37.2823],[-81.7732,37.2739],[-81.7571,37.2761],[-81.7576,37.2686],[-81.7461,37.2637],[-81.7409,37.2543],[-81.7444,37.2433],[-81.7401,37.2378],[-81.7231,37.2405],[-81.7157,37.2288],[-81.6951,37.2136],[-81.6836,37.2116],[-81.6782,37.2015],[-81.5563,37.2074],[-81.5456,37.2202],[-81.5076,37.2337],[-81.4991,37.258],[-81.4923,37.251],[-81.4801,37.2511],[-81.4477,37.2722],[-81.4167,37.2732],[-81.4023,37.2958],[-81.4051,37.2988],[-81.3968,37.3045],[-81.3987,37.3102],[-81.3943,37.3164],[-81.3863,37.3206],[-81.3749,37.3188],[-81.3686,37.3252],[-81.3692,37.3324],[-81.3622,37.3377],[-81.3112,37.4245],[-81.3291,37.4352],[-81.3464,37.4335],[-81.3741,37.4432],[-81.3854,37.4613],[-81.393,37.4598],[-81.3983,37.4645],[-81.4169,37.4556],[-81.4265,37.4612],[-81.4322,37.4487],[-81.439,37.4586],[-81.4554,37.4665],[-81.4507,37.4768],[-81.4658,37.4847],[-81.4803,37.4792],[-81.4914,37.481],[-81.4991,37.4737],[-81.5193,37.4783],[-81.5273,37.4756],[-81.5346,37.4853],[-81.5534,37.4918],[-81.5706,37.4873],[-81.5757,37.4909],[-81.583,37.4874],[-81.5872,37.4945],[-81.5959,37.4907],[-81.6076,37.5024],[-81.6034,37.5089],[-81.6128,37.5105],[-81.6175,37.5213],[-81.6302,37.5162],[-81.6284,37.512],[-81.6339,37.51],[-81.6411,37.5154],[-81.6465,37.5133],[-81.6544,37.5233],[-81.6721,37.5164],[-81.6821,37.5176],[-81.6888,37.5136],[-81.6849,37.5057],[-81.7018,37.5017],[-81.7076,37.4953],[-81.7359,37.4956],[-81.7522,37.5066],[-81.763,37.5026],[-81.7762,37.5051],[-81.7799,37.501],[-81.7929,37.5035],[-81.7952,37.5097],[-81.8112,37.5077],[-81.8057,37.4937],[-81.8196,37.4803],[-81.8293,37.4853],[-81.8386,37.4817],[-81.8636,37.5128],[-81.8761,37.5115],[-81.8782,37.506],[-81.8883,37.5032],[-81.9035,37.5129],[-81.9152,37.5049],[-81.9319,37.5122],[-81.9531,37.5013],[-81.9533,37.4918],[-81.965,37.4935],[-81.9776,37.4846],[-81.9909,37.4844],[-81.9965,37.4769]]]},"properties":{"geoid":"54036","state":"54","district":"36","name":"Delegate District 36","chamber":"House"}},{"type":"Feature","geometry":{"type":"Polygon","coordinates":[[[-81.3621,37.3377],[-81.3201,37.2993],[-81.2251,37.2349],[-81.1611,37.2648],[-81.1041,37.2806],[-81.0529,37.2886],[-81.0534,37.2982],[-81.0489,37.3028],[-81.0546,37.3143],[-81.1201,37.3045],[-81.1608,37.2909],[-81.174,37.2954],[-81.1981,37.2895],[-81.1987,37.304],[-81.2104,37.2986],[-81.213,37.3063],[-81.2067,37.3102],[-81.2099,37.3179],[-81.2282,37.326],[-81.2205,37.3393],[-81.2216,37.3475],[-81.2309,37.3575],[-81.1985,37.3557],[-81.1612,37.3749],[-81.1795,37.3743],[-81.1859,37.3789],[-81.1805,37.3827],[-81.1857,37.3865],[-81.1924,37.3818],[-81.2003,37.3843],[-81.2018,37.3786],[-81.217,37.3736],[-81.2279,37.3749],[-81.2299,37.3789],[-81.2212,37.3874],[-81.2307,37.3971],[-81.2269,37.4086],[-81.2311,37.4069],[-81.2353,37.4137],[-81.2626,37.4238],[-81.2699,37.4317],[-81.2711,37.4361],[-81.2656,37.4373],[-81.2752,37.448],[-81.2737,37.4646],[-81.2842,37.4657],[-81.2782,37.4724],[-81.2948,37.4694],[-81.2968,37.4621],[-81.3075,37.4591],[-81.3056,37.4501],[-81.2878,37.4336],[-81.2828,37.4194],[-81.2929,37.4132],[-81.3112,37.4245],[-81.3621,37.3377]]]},"properties":{"geoid":"54037","state":"54","district":"37","name":"Delegate District 37","chamber":"House"}},{"type":"Feature","geometry":{"type":"Polygon","coordinates":[[[-81.2309,37.3575],[-81.2216,37.3475],[-81.2205,37.3393],[-81.2282,37.326],[-81.2099,37.318],[-81.2067,37.3102],[-81.2129,37.3065],[-81.211,37.2998],[-81.1987,37.304],[-81.1981,37.2895],[-81.174,37.2954],[-81.1594,37.2911],[-81.1201,37.3045],[-81.0592,37.315],[-81.061,37.3435],[-81.0558,37.35],[-81.0588,37.3577],[-81.0781,37.3521],[-81.0892,37.3591],[-81.0719,37.3648],[-81.0685,37.3736],[-81.0721,37.3699],[-81.0777,37.3788],[-81.0903,37.378],[-81.0944,37.3823],[-81.0974,37.3757],[-81.1077,37.3881],[-81.1112,37.3869],[-81.1061,37.3808],[-81.1093,37.3767],[-81.116,37.3769],[-81.1219,37.3841],[-81.1553,37.3712],[-81.1638,37.3749],[-81.1985,37.3557],[-81.2309,37.3575]]]},"properties":{"geoid":"54038","state":"54","district":"38","name":"Delegate District 38","chamber":"House"}},{"type":"Feature","geometry":{"type":"Polygon","coordinates":[[[-81.2842,37.4658],[-81.2737,37.4646],[-81.2752,37.448],[-81.2661,37.4397],[-81.271,37.4337],[-81.2626,37.4238],[-81.2353,37.4137],[-81.2311,37.4069],[-81.2269,37.4086],[-81.2307,37.3971],[-81.2212,37.3874],[-81.2299,37.3789],[-81.2278,37.3748],[-81.217,37.3736],[-81.2018,37.3786],[-81.2003,37.3843],[-81.1924,37.3818],[-81.1857,37.3865],[-81.1805,37.3829],[-81.1859,37.379],[-81.1815,37.3753],[-81.1587,37.3751],[-81.1554,37.3712],[-81.1219,37.3841],[-81.116,37.3769],[-81.1093,37.3767],[-81.1061,37.3808],[-81.1112,37.3869],[-81.1077,37.3881],[-81.0974,37.3757],[-81.0944,37.3823],[-81.0903,37.378],[-81.0777,37.3788],[-81.0721,37.3699],[-81.0685,37.3736],[-81.0719,37.3648],[-81.0892,37.3591],[-81.0781,37.3521],[-81.0588,37.3577],[-81.0571,37.3549],[-81.061,37.3434],[-81.0599,37.3134],[-81.0497,37.3096],[-81.0529,37.2886],[-80.9796,37.3023],[-80.9822,37.296],[-80.977,37.2918],[-80.9442,37.2966],[-80.8992,37.3157],[-80.869,37.3386],[-80.8495,37.3469],[-80.8762,37.3766],[-80.8822,37.3786],[-80.8882,37.3745],[-80.9022,37.3928],[-80.8982,37.3995],[-80.9063,37.4061],[-80.9314,37.4025],[-80.9234,37.3831],[-80.938,37.3848],[-80.9358,37.3812],[-80.9521,37.3641],[-80.9527,37.3601],[-80.9464,37.3602],[-80.9603,37.3521],[-80.9677,37.359],[-80.9744,37.3586],[-80.978,37.3656],[-80.97,37.3756],[-80.9742,37.3787],[-80.9689,37.3963],[-80.985,37.404],[-80.9981,37.4341],[-81.0185,37.4488],[-81.0322,37.4493],[-81.0548,37.4596],[-81.0631,37.4551],[-81.0642,37.4674],[-81.0796,37.4867],[-81.1033,37.4934],[-81.1156,37.5053],[-81.1336,37.5044],[-81.1281,37.5211],[-81.1456,37.535],[-81.1427,37.5388],[-81.1472,37.5544],[-81.1579,37.5513],[-81.1661,37.5563],[-81.1893,37.5457],[-81.2023,37.5494],[-81.2,37.5394],[-81.2104,37.5306],[-81.207,37.5247],[-81.214,37.5082],[-81.2276,37.51],[-81.2594,37.4983],[-81.2842,37.4658]]]},"properties":{"geoid":"54039","state":"54","district":"39","name":"Delegate District 39","chamber":"House"}},{"type":"Feature","geometry":{"type":"Polygon","coordinates":[[[-80.9472,37.489],[-80.8574,37.4272],[-80.8377,37.4257],[-80.8086,37.4065],[-80.8057,37.398],[-80.7842,37.3946],[-80.7701,37.3724],[-80.7163,37.3887],[-80.6344,37.4312],[-80.6227,37.4333],[-80.5614,37.4698],[-80.5114,37.4817],[-80.493,37.4577],[-80.4973,37.4448],[-80.4949,37.4351],[-80.4755,37.423],[-80.372,37.4741],[-80.3632,37.48],[-80.3668,37.4849],[-80.3271,37.4954],[-80.2998,37.5083],[-80.2824,37.5335],[-80.2917,37.5365],[-80.3093,37.5274],[-80.3304,37.5363],[-80.3122,37.5462],[-80.3285,37.5643],[-80.2589,37.5955],[-80.2403,37.607],[-80.221,37.6278],[-80.2675,37.6462],[-80.2794,37.6571],[-80.2961,37.6918],[-80.3183,37.6858],[-80.3363,37.6876],[-80.3479,37.694],[-80.3398,37.7043],[-80.3517,37.7088],[-80.3617,37.6896],[-80.3695,37.6917],[-80.3775,37.6858],[-80.3853,37.6928],[-80.3808,37.7073],[-80.3934,37.7022],[-80.391,37.7137],[-80.3946,37.7169],[-80.4153,37.7003],[-80.4222,37.7019],[-80.4517,37.6839],[-80.4745,37.697],[-80.4799,37.6925],[-80.4959,37.6912],[-80.5009,37.695],[-80.5067,37.6912],[-80.6202,37.7167],[-80.6312,37.7232],[-80.6462,37.7185],[-80.6633,37.7324],[-80.6868,37.7262],[-80.7114,37.7345],[-80.7403,37.7128],[-80.7355,37.6871],[-80.8104,37.6682],[-80.8284,37.6655],[-80.8298,37.6691],[-80.8527,37.6544],[-80.8567,37.6719],[-80.8518,37.6764],[-80.8613,37.6851],[-80.8556,37.6906],[-80.8546,37.7025],[-80.8664,37.6937],[-80.8779,37.7086],[-80.8911,37.709],[-80.89,37.7015],[-80.8774,37.6876],[-80.8931,37.6771],[-80.8982,37.6651],[-80.8871,37.6508],[-80.8862,37.6408],[-80.8917,37.6309],[-80.9127,37.6163],[-80.8955,37.5994],[-80.8793,37.5677],[-80.909,37.5509],[-80.9115,37.5421],[-80.9045,37.54],[-80.9059,37.5269],[-80.9121,37.5191],[-80.9391,37.5108],[-80.9373,37.5002],[-80.9267,37.4894],[-80.9472,37.489]]]},"properties":{"geoid":"54040","state":"54","district":"40","name":"Delegate District 40","chamber":"House"}},{"type":"Feature","geometry":{"type":"Polygon","coordinates":[[[-81.2045,37.5527],[-81.1904,37.5457],[-81.1661,37.5563],[-81.1579,37.5513],[-81.1472,37.5544],[-81.1427,37.5388],[-81.1456,37.535],[-81.1281,37.5211],[-81.1336,37.5044],[-81.1156,37.5053],[-81.1033,37.4934],[-81.0796,37.4867],[-81.0642,37.4674],[-81.0631,37.4551],[-81.0548,37.4596],[-81.0322,37.4493],[-81.0185,37.4488],[-80.9984,37.4345],[-80.985,37.404],[-80.9689,37.3963],[-80.9742,37.3787],[-80.97,37.3756],[-80.978,37.3656],[-80.9744,37.3586],[-80.9677,37.359],[-80.9603,37.3521],[-80.9459,37.3606],[-80.9527,37.3601],[-80.9521,37.3641],[-80.9358,37.3812],[-80.938,37.3848],[-80.9234,37.3831],[-80.9285,37.3918],[-80.9263,37.3969],[-80.931,37.3991],[-80.9275,37.4056],[-80.9048,37.4055],[-80.8982,37.3993],[-80.9022,37.3928],[-80.8882,37.3745],[-80.8822,37.3786],[-80.8762,37.3766],[-80.8832,37.3839],[-80.863,37.4115],[-80.8653,37.4201],[-80.8595,37.4295],[-80.9473,37.4889],[-80.9267,37.4894],[-80.9373,37.5002],[-80.9391,37.5108],[-80.9121,37.5191],[-80.9059,37.5269],[-80.9045,37.54],[-80.9115,37.5421],[-80.909,37.5509],[-80.8793,37.5677],[-80.8955,37.5994],[-80.9127,37.6163],[-80.8917,37.6309],[-80.8862,37.6408],[-80.8871,37.6508],[-80.8982,37.6651],[-80.8931,37.6771],[-80.8774,37.6876],[-80.89,37.7015],[-80.8911,37.709],[-80.8779,37.7086],[-80.8664,37.6937],[-80.8546,37.7025],[-80.8556,37.6906],[-80.8613,37.6851],[-80.8518,37.6764],[-80.8567,37.6719],[-80.8527,37.6544],[-80.8298,37.6691],[-80.8284,37.6655],[-80.8104,37.6682],[-80.7355,37.6871],[-80.7403,37.7126],[-80.7325,37.7217],[-80.7115,37.7345],[-80.6868,37.7262],[-80.6633,37.7324],[-80.6682,37.763],[-80.7514,37.8358],[-80.8063,37.8689],[-80.9451,37.8191],[-80.9263,37.8097],[-80.9214,37.7934],[-80.9011,37.7813],[-80.966,37.7828],[-80.9894,37.7673],[-81.0317,37.7652],[-81.0399,37.7688],[-81.0534,37.7625],[-81.0902,37.7719],[-81.1088,37.7638],[-81.126,37.764],[-81.1329,37.751],[-81.1289,37.7474],[-81.1384,37.7473],[-81.1315,37.7444],[-81.1369,37.7353],[-81.1317,37.7237],[-81.1441,37.7206],[-81.1517,37.7132],[-81.1515,37.7063],[-81.1435,37.7019],[-81.1207,37.7085],[-81.1049,37.7013],[-81.0998,37.6764],[-81.086,37.6671],[-81.0948,37.658],[-81.0732,37.6535],[-81.0655,37.6418],[-81.0689,37.6402],[-81.0667,37.6338],[-81.0743,37.6318],[-81.0692,37.6288],[-81.0641,37.6115],[-81.0771,37.5997],[-81.0874,37.598],[-81.0939,37.5887],[-81.1089,37.5939],[-81.1194,37.5884],[-81.1357,37.5979],[-81.1725,37.5863],[-81.1787,37.5795],[-81.1844,37.5821],[-81.1989,37.5755],[-81.1988,37.5594],[-81.2045,37.5527]]]},"properties":{"geoid":"54041","state":"54","district":"41","name":"Delegate District 41","chamber":"House"}},{"type":"Feature","geometry":{"type":"Polygon","coordinates":[[[-81.366,37.6617],[-81.3209,37.5914],[-81.3109,37.5823],[-81.3166,37.5604],[-81.3116,37.5527],[-81.3016,37.5454],[-81.2774,37.5419],[-81.2751,37.5341],[-81.2642,37.5276],[-81.2531,37.533],[-81.2454,37.5303],[-81.2153,37.5079],[-81.207,37.5247],[-81.2104,37.5306],[-81.2,37.5395],[-81.2045,37.5527],[-81.1988,37.5594],[-81.1989,37.5755],[-81.1357,37.5979],[-81.1194,37.5884],[-81.1089,37.5939],[-81.0938,37.5887],[-81.0874,37.598],[-81.0771,37.5997],[-81.064,37.6116],[-81.0692,37.6288],[-81.0743,37.6318],[-81.0667,37.6338],[-81.0689,37.6402],[-81.0655,37.6418],[-81.0732,37.6535],[-81.0948,37.658],[-81.086,37.6671],[-81.0998,37.6764],[-81.1049,37.7013],[-81.1207,37.7085],[-81.1435,37.7019],[-81.1515,37.7063],[-81.1517,37.7132],[-81.1441,37.7206],[-81.1317,37.7237],[-81.1369,37.7353],[-81.1315,37.7444],[-81.1384,37.7473],[-81.1289,37.7474],[-81.1329,37.751],[-81.1259,37.7642],[-81.1392,37.7519],[-81.1471,37.751],[-81.1599,37.7606],[-81.1691,37.7564],[-81.1851,37.7639],[-81.2019,37.7649],[-81.2052,37.7692],[-81.2013,37.7724],[-81.2331,37.7854],[-81.2389,37.7847],[-81.2384,37.7798],[-81.2542,37.7812],[-81.2612,37.7759],[-81.2596,37.791],[-81.2712,37.7867],[-81.2676,37.771],[-81.285,37.7622],[-81.27,37.7479],[-81.2707,37.7426],[-81.2878,37.7311],[-81.2769,37.7231],[-81.2802,37.7166],[-81.318,37.6811],[-81.3378,37.6772],[-81.3513,37.6639],[-81.366,37.6617]]]},"properties":{"geoid":"54042","state":"54","district":"42","name":"Delegate District 42","chamber":"House"}},{"type":"Feature","geometry":{"type":"Polygon","coordinates":[[[-81.657,37.6934],[-81.6531,37.688],[-81.6374,37.696],[-81.6358,37.6821],[-81.6214,37.6666],[-81.6103,37.6905],[-81.5821,37.6864],[-81.5774,37.6952],[-81.5319,37.7113],[-81.5314,37.7204],[-81.5179,37.7272],[-81.4599,37.7276],[-81.4937,37.6978],[-81.4905,37.6861],[-81.4605,37.6962],[-81.4557,37.703],[-81.4413,37.7024],[-81.4382,37.7089],[-81.4324,37.7068],[-81.4326,37.7003],[-81.4109,37.6976],[-81.3965,37.7057],[-81.366,37.6617],[-81.3513,37.6639],[-81.3388,37.6767],[-81.3086,37.6874],[-81.3115,37.6882],[-81.2988,37.702],[-81.2802,37.7166],[-81.2769,37.7231],[-81.2878,37.7311],[-81.2707,37.7426],[-81.27,37.7479],[-81.285,37.7622],[-81.2674,37.7712],[-81.2709,37.7876],[-81.2591,37.7906],[-81.2611,37.7758],[-81.2542,37.7812],[-81.2384,37.7798],[-81.2363,37.7856],[-81.2212,37.7801],[-81.2124,37.7991],[-81.2153,37.8178],[-81.212,37.8257],[-81.1915,37.822],[-81.2029,37.8325],[-81.2018,37.8365],[-81.2125,37.8396],[-81.2155,37.8355],[-81.2513,37.8496],[-81.2671,37.8786],[-81.2672,37.8869],[-81.3004,37.8933],[-81.2942,37.9054],[-81.3014,37.9272],[-81.2957,37.9429],[-81.3222,37.9523],[-81.3285,37.9667],[-81.3429,37.9698],[-81.347,37.9767],[-81.3863,37.9672],[-81.4114,37.9743],[-81.4181,37.9676],[-81.4309,37.9719],[-81.4379,37.9679],[-81.4431,37.9742],[-81.4596,37.9796],[-81.4558,37.9858],[-81.4596,37.9897],[-81.4828,37.9867],[-81.4887,37.981],[-81.5072,37.9884],[-81.5262,37.9713],[-81.5414,37.9695],[-81.5444,37.9611],[-81.5558,37.9543],[-81.5549,37.9461],[-81.5616,37.9443],[-81.5588,37.9362],[-81.5715,37.9277],[-81.5619,37.9194],[-81.5642,37.9027],[-81.5538,37.8943],[-81.5634,37.8863],[-81.5581,37.8772],[-81.5676,37.8675],[-81.5627,37.8653],[-81.5614,37.8417],[-81.5523,37.8247],[-81.542,37.8289],[-81.5168,37.8186],[-81.5211,37.8001],[-81.5142,37.7912],[-81.52,37.7861],[-81.5299,37.7899],[-81.5357,37.7829],[-81.5589,37.774],[-81.657,37.6934]]]},"properties":{"geoid":"54043","state":"54","district":"43","name":"Delegate District 43","chamber":"House"}},{"type":"Feature","geometry":{"type":"Polygon","coordinates":[[[-81.2212,37.7805],[-81.2013,37.7724],[-81.2052,37.7692],[-81.2013,37.7647],[-81.1851,37.7639],[-81.1691,37.7564],[-81.1519,37.7621],[-81.1661,37.7798],[-81.1525,37.7974],[-81.1713,37.8008],[-81.1743,37.8057],[-81.185,37.8046],[-81.189,37.8139],[-81.2037,37.8259],[-81.212,37.8257],[-81.215,37.8205],[-81.2123,37.7996],[-81.2212,37.7805]]]},"properties":{"geoid":"54044","state":"54","district":"44","name":"Delegate District 44","chamber":"House"}},{"type":"Feature","geometry":{"type":"Polygon","coordinates":[[[-81.2674,37.8806],[-81.2511,37.8494],[-81.2155,37.8355],[-81.2125,37.8396],[-81.2018,37.8365],[-81.2029,37.8325],[-81.1915,37.822],[-81.2021,37.8227],[-81.189,37.8139],[-81.185,37.8046],[-81.1743,37.8057],[-81.1713,37.8008],[-81.1525,37.7974],[-81.1661,37.7798],[-81.1519,37.7621],[-81.1573,37.7576],[-81.1471,37.751],[-81.1392,37.7519],[-81.1263,37.7643],[-81.1088,37.7638],[-81.0904,37.7719],[-81.0534,37.7625],[-81.0399,37.7688],[-81.0317,37.7652],[-80.9886,37.7674],[-80.9657,37.7828],[-80.9011,37.7813],[-80.9214,37.7934],[-80.9263,37.8097],[-80.9451,37.8191],[-80.8963,37.8366],[-80.9037,37.8471],[-80.9184,37.8508],[-80.9176,37.856],[-80.9246,37.8529],[-80.9364,37.8561],[-80.9538,37.8748],[-80.9726,37.868],[-80.9778,37.8706],[-80.9835,37.8615],[-80.9954,37.8567],[-81.0195,37.8571],[-81.0259,37.85],[-81.0459,37.8551],[-81.0516,37.8688],[-81.0674,37.8698],[-81.071,37.8636],[-81.0742,37.8753],[-81.0625,37.8821],[-81.0649,37.8942],[-81.0277,37.9042],[-81.0258,37.9101],[-81.0576,37.9205],[-81.0652,37.9179],[-81.0672,37.9303],[-81.0817,37.9295],[-81.0923,37.9388],[-81.1174,37.9255],[-81.1298,37.9348],[-81.147,37.9336],[-81.1495,37.9706],[-81.1742,37.983],[-81.2013,37.9717],[-81.2143,37.972],[-81.2215,37.9661],[-81.251,37.9708],[-81.2027,37.9008],[-81.1857,37.8953],[-81.1908,37.8826],[-81.2672,37.8869],[-81.2674,37.8806]]]},"properties":{"geoid":"54045","state":"54","district":"45","name":"Delegate District 45","chamber":"House"}},{"type":"Feature","geometry":{"type":"Polygon","coordinates":[[[-80.4699,37.747],[-80.4618,37.7434],[-80.4538,37.7481],[-80.4419,37.7433],[-80.4453,37.7295],[-80.4376,37.7053],[-80.4388,37.6912],[-80.4222,37.7019],[-80.4153,37.7003],[-80.3946,37.7169],[-80.391,37.7137],[-80.3934,37.7022],[-80.3808,37.7073],[-80.3853,37.6928],[-80.3775,37.6858],[-80.3695,37.6917],[-80.3617,37.6896],[-80.3517,37.7088],[-80.3398,37.7043],[-80.3479,37.694],[-80.3363,37.6876],[-80.3183,37.6858],[-80.2875,37.6962],[-80.2522,37.7273],[-80.2628,37.7383],[-80.2574,37.7561],[-80.2494,37.7573],[-80.2484,37.7683],[-80.242,37.7677],[-80.2298,37.7785],[-80.2166,37.776],[-80.2159,37.782],[-80.2235,37.7824],[-80.2295,37.7923],[-80.2277,37.7979],[-80.2186,37.8098],[-80.2065,37.816],[-80.193,37.8347],[-80.1794,37.8398],[-80.1828,37.8514],[-80.1767,37.8528],[-80.1622,37.8751],[-80.149,37.8869],[-80.1415,37.8824],[-80.1298,37.8942],[-80.1177,37.8977],[-80.119,37.9036],[-80.1029,37.9189],[-80.0966,37.9181],[-80.0745,37.9422],[-79.9994,37.9949],[-79.9955,38.0071],[-79.9716,38.0352],[-79.9739,38.04],[-79.9544,38.0804],[-79.9264,38.1065],[-79.9384,38.111],[-79.9432,38.1231],[-79.9617,38.1298],[-79.9628,38.1369],[-79.9734,38.1369],[-79.9831,38.1496],[-79.9772,38.1617],[-80.0057,38.1825],[-80.0159,38.1988],[-80.0366,38.2009],[-80.0381,38.212],[-80.0444,38.2149],[-80.0513,38.2093],[-80.0773,38.2125],[-80.0725,38.2137],[-80.0754,38.2199],[-80.0678,38.2272],[-80.0763,38.2245],[-80.0864,38.2307],[-80.0766,38.2313],[-80.0924,38.2436],[-80.0891,38.249],[-80.093,38.2543],[-80.0921,38.2718],[-80.1048,38.2823],[-80.109,38.3048],[-80.1238,38.3113],[-80.1366,38.3091],[-80.1372,38.3152],[-80.1491,38.3233],[-80.1554,38.3403],[-80.1802,38.3411],[-80.2049,38.332],[-80.222,38.3311],[-80.2298,38.3343],[-80.2367,38.3474],[-80.2577,38.351],[-80.2736,38.3711],[-80.3303,38.3358],[-80.3522,38.3453],[-80.3633,38.1143],[-80.2943,38.067],[-80.3227,38.0387],[-80.3531,38.0197],[-80.3646,38],[-80.3618,37.9931],[-80.3801,37.9767],[-80.3859,37.9765],[-80.3753,37.9493],[-80.385,37.9314],[-80.3847,37.9087],[-80.4031,37.9],[-80.4139,37.8874],[-80.4094,37.8663],[-80.4202,37.8269],[-80.4485,37.7984],[-80.4461,37.7919],[-80.466,37.7676],[-80.4613,37.7593],[-80.4631,37.7499],[-80.4699,37.747]]]},"properties":{"geoid":"54046","state":"54","district":"46","name":"Delegate District 46","chamber":"House"}},{"type":"Feature","geometry":{"type":"Polygon","coordinates":[[[-80.8109,37.9491],[-80.7489,37.8651],[-80.8063,37.8689],[-80.7514,37.8358],[-80.6682,37.763],[-80.6633,37.7317],[-80.6563,37.7281],[-80.6574,37.7246],[-80.6462,37.7185],[-80.63,37.723],[-80.6202,37.7167],[-80.5067,37.6912],[-80.5009,37.695],[-80.4959,37.6912],[-80.4799,37.6925],[-80.4745,37.697],[-80.4507,37.6839],[-80.4388,37.6912],[-80.4376,37.7053],[-80.4453,37.7295],[-80.4406,37.7395],[-80.4489,37.7473],[-80.4693,37.7452],[-80.4614,37.7575],[-80.4661,37.7673],[-80.4461,37.7919],[-80.4484,37.7986],[-80.4213,37.8243],[-80.4094,37.8663],[-80.4138,37.8876],[-80.4031,37.9],[-80.3847,37.9087],[-80.385,37.9314],[-80.3753,37.9493],[-80.3859,37.9764],[-80.3801,37.9767],[-80.3618,37.9931],[-80.3646,38],[-80.3531,38.0197],[-80.3227,38.0387],[-80.2943,38.067],[-80.3756,38.1194],[-80.3707,38.1321],[-80.3973,38.1259],[-80.4051,38.1172],[-80.4248,38.1103],[-80.427,38.0963],[-80.4321,38.0927],[-80.4395,38.0974],[-80.4476,38.0947],[-80.4736,38.0662],[-80.4751,38.0708],[-80.4906,38.0651],[-80.4993,38.0722],[-80.5313,38.0765],[-80.5499,38.072],[-80.5677,38.0587],[-80.5826,38.0561],[-80.587,38.0408],[-80.6018,38.0401],[-80.611,38.0285],[-80.6261,38.0202],[-80.728,38.0129],[-80.7372,38.0009],[-80.7515,38.002],[-80.7465,37.9909],[-80.7489,37.9865],[-80.7603,37.9781],[-80.7699,37.9853],[-80.8109,37.9491]]]},"properties":{"geoid":"54047","state":"54","district":"47","name":"Delegate District 47","chamber":"House"}},{"type":"Feature","geometry":{"type":"Polygon","coordinates":[[[-80.8942,38.081],[-80.867,38.0589],[-80.8407,38.0529],[-80.8273,38.0632],[-80.8006,38.0639],[-80.8143,38.0554],[-80.8125,38.0471],[-80.8299,38.0431],[-80.8283,38.0317],[-80.8233,38.0273],[-80.7984,38.0263],[-80.7967,38.0175],[-80.786,38.0062],[-80.7889,37.9924],[-80.7638,37.9838],[-80.7603,37.9781],[-80.7466,37.9891],[-80.7515,38.002],[-80.7372,38.0009],[-80.728,38.0129],[-80.6272,38.0199],[-80.611,38.0285],[-80.6018,38.0401],[-80.587,38.0408],[-80.5828,38.0559],[-80.5675,38.0588],[-80.5499,38.072],[-80.5194,38.0771],[-80.5096,38.0716],[-80.4992,38.0722],[-80.4907,38.0651],[-80.4776,38.0707],[-80.4737,38.0661],[-80.4477,38.0946],[-80.4395,38.0974],[-80.4309,38.0932],[-80.4253,38.1099],[-80.4051,38.1172],[-80.3973,38.1259],[-80.3701,38.1321],[-80.3762,38.1202],[-80.3634,38.1143],[-80.3522,38.3453],[-80.3303,38.3358],[-80.2455,38.3885],[-80.1839,38.5254],[-80.2801,38.6949],[-80.3053,38.6846],[-80.3184,38.6843],[-80.3206,38.6942],[-80.3326,38.7038],[-80.3313,38.7181],[-80.3449,38.7203],[-80.3533,38.7307],[-80.3684,38.7333],[-80.3947,38.726],[-80.401,38.7301],[-80.4069,38.7228],[-80.4137,38.7245],[-80.4123,38.7284],[-80.4269,38.7311],[-80.4361,38.7256],[-80.4452,38.7268],[-80.4573,38.7392],[-80.5087,38.6456],[-80.6783,38.5035],[-80.6407,38.4242],[-80.6617,38.4125],[-80.6398,38.3819],[-80.6512,38.361],[-80.6603,38.3649],[-80.6757,38.3578],[-80.6787,38.3392],[-80.69,38.3434],[-80.6981,38.3381],[-80.6725,38.309],[-80.6946,38.2971],[-80.7151,38.3008],[-80.7067,38.284],[-80.696,38.2829],[-80.6941,38.2751],[-80.6827,38.2705],[-80.6881,38.2417],[-80.6809,38.2303],[-80.6875,38.2263],[-80.6959,38.2325],[-80.6995,38.2269],[-80.7161,38.2207],[-80.7097,38.2122],[-80.6827,38.2056],[-80.6907,38.1949],[-80.6854,38.1904],[-80.6833,38.176],[-80.6897,38.1664],[-80.7112,38.1709],[-80.7144,38.1455],[-80.7203,38.1406],[-80.7101,38.1254],[-80.7187,38.1165],[-80.7163,38.1099],[-80.6995,38.0972],[-80.7081,38.0814],[-80.8822,38.1035],[-80.8834,38.0841],[-80.8942,38.081]]]},"properties":{"geoid":"54048","state":"54","district":"48","name":"Delegate District 48","chamber":"House"}},{"type":"Feature","geometry":{"type":"Polygon","coordinates":[[[-81.2316,38.2635],[-81.2206,38.2619],[-81.2207,38.2544],[-81.1924,38.2495],[-81.1937,38.2415],[-81.1856,38.2372],[-81.1946,38.233],[-81.1928,38.229],[-81.1764,38.2337],[-81.1544,38.2263],[-81.1434,38.2363],[-81.1336,38.2355],[-81.1108,38.2135],[-81.0845,38.2043],[-81.0836,38.1994],[-81.0747,38.1961],[-81.0654,38.2002],[-81.0714,38.206],[-81.0696,38.2109],[-81.0512,38.2126],[-81.0597,38.2218],[-81.0383,38.2285],[-81.0384,38.24],[-81.0284,38.2371],[-81.0274,38.2301],[-81.0349,38.2205],[-81.0207,38.2148],[-81.017,38.2039],[-81.0073,38.2063],[-81.0116,38.214],[-81.0078,38.2214],[-80.9835,38.2225],[-80.9691,38.2153],[-80.9649,38.201],[-80.9568,38.2026],[-80.9441,38.1936],[-80.9485,38.1854],[-80.9415,38.1818],[-80.951,38.1765],[-80.9407,38.1551],[-80.9279,38.1512],[-80.9197,38.1415],[-80.9085,38.1433],[-80.9103,38.1324],[-80.9027,38.1226],[-80.8879,38.1357],[-80.8828,38.134],[-80.8878,38.1216],[-80.8764,38.1107],[-80.8822,38.1035],[-80.712,38.0791],[-80.6995,38.0971],[-80.7036,38.104],[-80.7163,38.1099],[-80.7187,38.1165],[-80.7101,38.1254],[-80.7203,38.1406],[-80.7144,38.1455],[-80.7112,38.1709],[-80.6897,38.1664],[-80.6833,38.176],[-80.6854,38.1904],[-80.6907,38.1949],[-80.6827,38.2056],[-80.7097,38.2122],[-80.7161,38.2207],[-80.6995,38.2269],[-80.6959,38.2325],[-80.6875,38.2263],[-80.6809,38.2303],[-80.6881,38.2417],[-80.6827,38.2705],[-80.6941,38.2751],[-80.696,38.2829],[-80.7067,38.284],[-80.7151,38.3008],[-80.6946,38.2971],[-80.6725,38.309],[-80.6981,38.3381],[-80.69,38.3434],[-80.6787,38.3392],[-80.6756,38.3579],[-80.6603,38.3649],[-80.6512,38.361],[-80.6403,38.3775],[-80.6617,38.4125],[-80.6407,38.4242],[-80.6783,38.5035],[-80.6508,38.5266],[-80.6885,38.5317],[-80.6972,38.5373],[-80.7009,38.5334],[-80.7164,38.5369],[-80.7191,38.5323],[-80.7239,38.5362],[-80.7373,38.5324],[-80.7363,38.5245],[-80.7505,38.5255],[-80.7603,38.5415],[-80.7773,38.548],[-80.7797,38.5562],[-80.7852,38.5576],[-80.8812,38.507],[-80.8646,38.5001],[-80.8253,38.4944],[-80.8174,38.4786],[-80.9114,38.4148],[-81.2316,38.2635]]]},"properties":{"geoid":"54049","state":"54","district":"49","name":"Delegate District 49","chamber":"House"}},{"type":"Feature","geometry":{"type":"Polygon","coordinates":[[[-81.3808,37.9691],[-81.347,37.9767],[-81.3429,37.9698],[-81.3285,37.9667],[-81.3222,37.9523],[-81.2971,37.9446],[-81.3014,37.9272],[-81.2942,37.9054],[-81.3004,37.8935],[-81.2951,37.8893],[-81.1908,37.8826],[-81.1857,37.8953],[-81.2027,37.9008],[-81.251,37.9708],[-81.2215,37.9661],[-81.2143,37.972],[-81.2013,37.9717],[-81.1742,37.983],[-81.1495,37.9706],[-81.147,37.9336],[-81.1298,37.9348],[-81.1174,37.9255],[-81.0923,37.9388],[-81.0817,37.9295],[-81.0672,37.9303],[-81.0652,37.9179],[-81.0576,37.9205],[-81.0258,37.9101],[-81.0277,37.9042],[-81.0649,37.8942],[-81.0625,37.8821],[-81.0742,37.8753],[-81.071,37.8636],[-81.0674,37.8698],[-81.0516,37.8688],[-81.0459,37.8551],[-81.0259,37.85],[-81.0195,37.8571],[-80.9954,37.8567],[-80.9835,37.8615],[-80.9778,37.8706],[-80.9726,37.868],[-80.9538,37.8748],[-80.9369,37.8564],[-80.9246,37.8529],[-80.9176,37.856],[-80.9184,37.8509],[-80.9037,37.8471],[-80.8963,37.8366],[-80.8614,37.8491],[-80.858,37.8591],[-80.86,37.8669],[-80.8726,37.876],[-80.8705,37.8812],[-80.8748,37.8866],[-80.883,37.8905],[-80.918,37.8909],[-80.9169,37.8948],[-80.9659,37.8995],[-80.9671,37.9104],[-80.9755,37.922],[-81.0079,37.9362],[-81.0062,37.943],[-81.0166,37.9409],[-81.0183,37.9323],[-81.0265,37.9364],[-81.0288,37.9597],[-81.0624,37.9618],[-81.0776,37.9682],[-81.0704,37.979],[-81.0634,37.9793],[-81.0691,37.981],[-81.0684,37.9879],[-81.0824,37.9857],[-81.0801,37.9932],[-81.0911,37.9965],[-81.1092,37.9903],[-81.1226,37.9949],[-81.1272,37.9907],[-81.1284,37.9992],[-81.1177,38.006],[-81.1133,38.0153],[-81.1065,38.0105],[-81.0972,38.0127],[-81.0971,38.0199],[-81.109,38.0206],[-81.1323,38.0075],[-81.1395,38.0167],[-81.1818,38.0226],[-81.1982,38.035],[-81.2026,38.0473],[-81.1906,38.0569],[-81.1943,38.0611],[-81.1861,38.0724],[-81.1894,38.0869],[-81.1854,38.0932],[-81.19,38.0949],[-81.187,38.0903],[-81.1947,38.0896],[-81.2155,38.1041],[-81.238,38.0995],[-81.249,38.1024],[-81.2528,38.1101],[-81.2641,38.1115],[-81.2675,38.1205],[-81.2638,38.1314],[-81.2822,38.1388],[-81.2597,38.15],[-81.2284,38.146],[-81.2314,38.1508],[-81.221,38.1629],[-81.2204,38.1781],[-81.1934,38.1727],[-81.1977,38.1832],[-81.1759,38.2051],[-81.1766,38.2102],[-81.191,38.2198],[-81.1948,38.2328],[-81.1856,38.2372],[-81.1937,38.2415],[-81.1923,38.2494],[-81.2207,38.2544],[-81.2204,38.2616],[-81.2257,38.2635],[-81.2315,38.2634],[-81.315,38.1805],[-81.3087,38.1742],[-81.3145,38.1719],[-81.3157,38.1634],[-81.3298,38.1597],[-81.3308,38.1684],[-81.3808,37.9691]]]},"properties":{"geoid":"54050","state":"54","district":"50","name":"Delegate District 50","chamber":"House"}},{"type":"Feature","geometry":{"type":"Polygon","coordinates":[[[-81.2813,38.1393],[-81.2638,38.1314],[-81.2675,38.1205],[-81.2641,38.1115],[-81.2528,38.1101],[-81.249,38.1024],[-81.238,38.0995],[-81.2155,38.1041],[-81.1947,38.0896],[-81.187,38.0903],[-81.19,38.0949],[-81.1855,38.0932],[-81.1894,38.0869],[-81.1861,38.0724],[-81.1943,38.0611],[-81.1906,38.057],[-81.1986,38.0528],[-81.2028,38.0411],[-81.1825,38.0229],[-81.1395,38.0167],[-81.1323,38.0075],[-81.109,38.0206],[-81.0971,38.0199],[-81.0972,38.0127],[-81.1065,38.0105],[-81.1133,38.0153],[-81.1177,38.006],[-81.1284,37.9992],[-81.1272,37.9907],[-81.1226,37.9949],[-81.1092,37.9903],[-81.0911,37.9965],[-81.0801,37.9932],[-81.0824,37.9857],[-81.0678,37.9876],[-81.0691,37.981],[-81.0634,37.9793],[-81.0704,37.979],[-81.0776,37.9682],[-81.0624,37.9618],[-81.0288,37.9597],[-81.0272,37.9369],[-81.0183,37.9323],[-81.0166,37.9409],[-81.0062,37.943],[-81.0079,37.9362],[-80.9755,37.922],[-80.9671,37.9104],[-80.9659,37.8995],[-80.9169,37.8948],[-80.918,37.8909],[-80.8829,37.8905],[-80.8748,37.8866],[-80.8705,37.8812],[-80.8726,37.876],[-80.86,37.8669],[-80.8614,37.8491],[-80.8064,37.8689],[-80.7489,37.8651],[-80.8109,37.9491],[-80.7699,37.9853],[-80.7889,37.9924],[-80.786,38.0062],[-80.7967,38.0175],[-80.7984,38.0263],[-80.8233,38.0273],[-80.8283,38.0317],[-80.8299,38.0431],[-80.8125,38.0471],[-80.8143,38.0554],[-80.8001,38.0635],[-80.8273,38.0632],[-80.8407,38.0529],[-80.867,38.0589],[-80.8933,38.079],[-80.8834,38.0841],[-80.8822,38.1035],[-80.8765,38.11],[-80.8878,38.1216],[-80.8826,38.1337],[-80.8875,38.1359],[-80.9027,38.1226],[-80.9103,38.1324],[-80.9085,38.1433],[-80.9197,38.1415],[-80.9279,38.1512],[-80.9407,38.1551],[-80.951,38.1765],[-80.9415,38.1818],[-80.9485,38.1854],[-80.9441,38.1936],[-80.9568,38.2026],[-80.9655,38.2014],[-80.9694,38.2157],[-80.9841,38.2226],[-81.0072,38.2216],[-81.0116,38.214],[-81.0073,38.2063],[-81.017,38.2039],[-81.0207,38.2148],[-81.0348,38.2201],[-81.0273,38.2341],[-81.0377,38.2402],[-81.0383,38.2285],[-81.0597,38.2218],[-81.0512,38.2126],[-81.0696,38.2109],[-81.0714,38.206],[-81.0654,38.2002],[-81.0742,38.1961],[-81.0831,38.199],[-81.0845,38.2043],[-81.1108,38.2135],[-81.1336,38.2355],[-81.1434,38.2363],[-81.1544,38.2263],[-81.1755,38.2336],[-81.1889,38.2316],[-81.191,38.2198],[-81.1758,38.2056],[-81.1977,38.1832],[-81.1934,38.1727],[-81.2204,38.1781],[-81.221,38.1629],[-81.2314,38.1508],[-81.2284,38.146],[-81.2597,38.15],[-81.2813,38.1393]]]},"properties":{"geoid":"54051","state":"54","district":"51","name":"Delegate District 51","chamber":"House"}},{"type":"Feature","geometry":{"type":"Polygon","coordinates":[[[-81.5852,38.2558],[-81.5717,38.2334],[-81.5608,38.2384],[-81.5285,38.2124],[-81.5345,38.2087],[-81.5538,38.2131],[-81.5695,38.2004],[-81.569,38.1957],[-81.5735,38.1972],[-81.5747,38.1861],[-81.5741,38.1686],[-81.5619,38.1569],[-81.567,38.1521],[-81.5662,38.1415],[-81.5435,38.1365],[-81.5391,38.1298],[-81.5462,38.1246],[-81.546,38.1193],[-81.5332,38.1213],[-81.5159,38.1126],[-81.521,38.1008],[-81.5348,38.0959],[-81.5394,38.0786],[-81.5179,38.0694],[-81.5165,38.0637],[-81.5053,38.0607],[-81.4915,38.0679],[-81.4877,38.0609],[-81.477,38.0589],[-81.4762,38.0475],[-81.4604,38.0301],[-81.4685,38.0159],[-81.4634,38.0139],[-81.4656,38.0052],[-81.4537,37.9932],[-81.4585,37.9786],[-81.4431,37.9742],[-81.4379,37.9679],[-81.4309,37.9719],[-81.4181,37.9676],[-81.4126,37.9743],[-81.3976,37.9673],[-81.3808,37.9691],[-81.331,38.1678],[-81.3298,38.1597],[-81.3157,38.1634],[-81.3145,38.1719],[-81.3087,38.1742],[-81.315,38.1805],[-81.2981,38.1974],[-81.3355,38.1971],[-81.3391,38.2019],[-81.343,38.1968],[-81.3674,38.1953],[-81.3721,38.2094],[-81.3531,38.2192],[-81.4022,38.2137],[-81.4128,38.2228],[-81.4062,38.2303],[-81.4123,38.2366],[-81.4272,38.2228],[-81.4417,38.2227],[-81.4501,38.2276],[-81.4555,38.2247],[-81.4507,38.2192],[-81.4562,38.2157],[-81.4785,38.2038],[-81.4986,38.2008],[-81.5286,38.2255],[-81.5253,38.228],[-81.5379,38.24],[-81.5415,38.2378],[-81.5591,38.2507],[-81.5612,38.2696],[-81.5512,38.2991],[-81.5709,38.3217],[-81.5784,38.316],[-81.5681,38.3076],[-81.5646,38.293],[-81.5702,38.2814],[-81.5713,38.2582],[-81.5852,38.2558]]]},"properties":{"geoid":"54052","state":"54","district":"52","name":"Delegate District 52","chamber":"House"}},{"type":"Feature","geometry":{"type":"Polygon","coordinates":[[[-81.6917,38.388],[-81.6796,38.3812],[-81.6787,38.3913],[-81.669,38.3935],[-81.6605,38.3851],[-81.6619,38.3794],[-81.6313,38.378],[-81.6243,38.3607],[-81.6197,38.3598],[-81.6318,38.3578],[-81.631,38.3544],[-81.6185,38.3495],[-81.6095,38.3386],[-81.5875,38.3319],[-81.5635,38.3163],[-81.5595,38.305],[-81.5512,38.2991],[-81.5612,38.2696],[-81.5591,38.2507],[-81.5415,38.2378],[-81.5379,38.24],[-81.5253,38.228],[-81.5286,38.2255],[-81.4975,38.2004],[-81.4782,38.2039],[-81.4562,38.2157],[-81.4507,38.2192],[-81.4555,38.2247],[-81.4501,38.2276],[-81.4417,38.2227],[-81.4272,38.2228],[-81.4123,38.2366],[-81.4062,38.2303],[-81.4128,38.2228],[-81.4022,38.2137],[-81.3531,38.2192],[-81.3721,38.2094],[-81.3674,38.1953],[-81.343,38.1968],[-81.3391,38.2019],[-81.3355,38.1971],[-81.2981,38.1974],[-81.2315,38.2634],[-81.2571,38.3836],[-81.2671,38.3821],[-81.2674,38.3768],[-81.2809,38.3768],[-81.2963,38.3875],[-81.3074,38.3801],[-81.3188,38.385],[-81.3314,38.3807],[-81.3318,38.3852],[-81.337,38.3819],[-81.343,38.3877],[-81.3531,38.3868],[-81.3741,38.373],[-81.3667,38.3642],[-81.3693,38.3485],[-81.3786,38.3437],[-81.3838,38.3273],[-81.3912,38.3354],[-81.4092,38.3314],[-81.4152,38.3344],[-81.4132,38.3309],[-81.4154,38.3352],[-81.4243,38.3343],[-81.4346,38.3564],[-81.4397,38.3574],[-81.447,38.3694],[-81.4552,38.3638],[-81.4659,38.3658],[-81.4709,38.3566],[-81.4789,38.3613],[-81.4951,38.3554],[-81.527,38.3616],[-81.533,38.3667],[-81.5283,38.3811],[-81.5418,38.388],[-81.5617,38.3814],[-81.5764,38.3863],[-81.5818,38.3822],[-81.5865,38.3941],[-81.5911,38.392],[-81.594,38.3965],[-81.5839,38.4169],[-81.6004,38.4082],[-81.6224,38.4065],[-81.6303,38.4129],[-81.6475,38.4135],[-81.6522,38.4104],[-81.6498,38.4023],[-81.6583,38.399],[-81.6678,38.4018],[-81.6917,38.388]]]},"properties":{"geoid":"54053","state":"54","district":"53","name":"Delegate District 53","chamber":"House"}},{"type":"Feature","geometry":{"type":"Polygon","coordinates":[[[-81.7072,38.3725],[-81.6798,38.3724],[-81.6271,38.3391],[-81.5965,38.3347],[-81.6095,38.3386],[-81.6185,38.3495],[-81.6313,38.3547],[-81.6318,38.3578],[-81.6197,38.3598],[-81.6243,38.3607],[-81.6292,38.3763],[-81.6619,38.3794],[-81.6605,38.3851],[-81.669,38.3935],[-81.6787,38.3913],[-81.6796,38.3812],[-81.6917,38.3879],[-81.7072,38.3725]]]},"properties":{"geoid":"54054","state":"54","district":"54","name":"Delegate District 54","chamber":"House"}},{"type":"Feature","geometry":{"type":"Polygon","coordinates":[[[-81.9144,38.3295],[-81.9152,38.3256],[-81.8858,38.3147],[-81.8457,38.3132],[-81.8306,38.3225],[-81.8128,38.3114],[-81.8065,38.2937],[-81.8082,38.2694],[-81.8018,38.2624],[-81.8105,38.257],[-81.8028,38.25],[-81.8208,38.2427],[-81.8129,38.2411],[-81.8077,38.2338],[-81.8101,38.2279],[-81.8017,38.2215],[-81.8092,38.2201],[-81.8204,38.2291],[-81.8183,38.2175],[-81.8331,38.2229],[-81.8365,38.2191],[-81.8209,38.1867],[-81.81,38.1802],[-81.8015,38.1792],[-81.8145,38.1941],[-81.8113,38.208],[-81.7896,38.2097],[-81.7839,38.2306],[-81.7651,38.2278],[-81.7551,38.2182],[-81.7533,38.2029],[-81.737,38.1982],[-81.7314,38.205],[-81.7244,38.2056],[-81.721,38.2146],[-81.7268,38.2135],[-81.7282,38.2175],[-81.7225,38.2226],[-81.7081,38.2231],[-81.6995,38.2284],[-81.687,38.2181],[-81.6585,38.2234],[-81.6437,38.2207],[-81.6431,38.2107],[-81.6525,38.2031],[-81.6448,38.195],[-81.6485,38.185],[-81.6393,38.1803],[-81.6419,38.1763],[-81.6346,38.1775],[-81.6334,38.1716],[-81.6248,38.1788],[-81.602,38.1762],[-81.6067,38.1701],[-81.5959,38.1676],[-81.5993,38.1618],[-81.5897,38.1576],[-81.5813,38.1437],[-81.5743,38.1449],[-81.5665,38.1374],[-81.5583,38.1426],[-81.5662,38.1416],[-81.567,38.1521],[-81.5619,38.1569],[-81.5741,38.1686],[-81.5735,38.1972],[-81.569,38.1957],[-81.5695,38.2004],[-81.5538,38.2131],[-81.5345,38.2087],[-81.5285,38.2124],[-81.5521,38.2334],[-81.561,38.2384],[-81.5717,38.2334],[-81.5816,38.2442],[-81.5802,38.2507],[-81.5852,38.2558],[-81.5713,38.2582],[-81.5702,38.2814],[-81.5646,38.293],[-81.5681,38.3076],[-81.5784,38.316],[-81.5709,38.3217],[-81.5894,38.3326],[-81.6174,38.3351],[-81.6371,38.3466],[-81.6495,38.3336],[-81.6555,38.3351],[-81.6593,38.3244],[-81.6798,38.3221],[-81.6855,38.3296],[-81.6908,38.326],[-81.6974,38.3302],[-81.7045,38.3097],[-81.7251,38.3049],[-81.7267,38.3097],[-81.7386,38.3092],[-81.7376,38.3139],[-81.7581,38.313],[-81.7598,38.3195],[-81.7732,38.3238],[-81.8025,38.321],[-81.8021,38.3329],[-81.8125,38.3395],[-81.8254,38.3384],[-81.8389,38.3546],[-81.8516,38.3479],[-81.8461,38.3607],[-81.8582,38.3637],[-81.8697,38.3511],[-81.9094,38.355],[-81.9144,38.3295]]]},"properties":{"geoid":"54055","state":"54","district":"55","name":"Delegate District 55","chamber":"House"}},{"type":"Feature","geometry":{"type":"Polygon","coordinates":[[[-81.9094,38.355],[-81.8697,38.3511],[-81.8582,38.3637],[-81.8491,38.3628],[-81.8458,38.3598],[-81.8519,38.3481],[-81.8374,38.3539],[-81.8254,38.3384],[-81.8125,38.3395],[-81.8021,38.3329],[-81.8025,38.321],[-81.7732,38.3238],[-81.7598,38.3195],[-81.7581,38.313],[-81.7376,38.3139],[-81.7386,38.3092],[-81.7267,38.3097],[-81.7251,38.3049],[-81.7045,38.3097],[-81.6974,38.3302],[-81.6908,38.326],[-81.6855,38.3296],[-81.6798,38.3221],[-81.6593,38.3244],[-81.6555,38.3351],[-81.6495,38.3336],[-81.6371,38.3466],[-81.6467,38.3542],[-81.6645,38.341],[-81.6844,38.3455],[-81.6853,38.3407],[-81.6858,38.3452],[-81.6951,38.3391],[-81.71,38.3448],[-81.7123,38.355],[-81.7206,38.352],[-81.7203,38.3473],[-81.733,38.335],[-81.7395,38.3506],[-81.7538,38.3557],[-81.7771,38.3736],[-81.7951,38.3752],[-81.7962,38.3637],[-81.7995,38.3679],[-81.8193,38.3643],[-81.8258,38.3707],[-81.8264,38.3673],[-81.8563,38.3655],[-81.865,38.3719],[-81.853,38.3877],[-81.8744,38.3856],[-81.8737,38.3819],[-81.8942,38.3697],[-81.9036,38.3828],[-81.9094,38.355]]]},"properties":{"geoid":"54056","state":"54","district":"56","name":"Delegate District 56","chamber":"House"}},{"type":"Feature","geometry":{"type":"Polygon","coordinates":[[[-81.7536,38.3557],[-81.7395,38.3506],[-81.7328,38.335],[-81.7206,38.352],[-81.7123,38.355],[-81.7099,38.3447],[-81.6925,38.339],[-81.6858,38.3452],[-81.6853,38.3407],[-81.6844,38.3455],[-81.6645,38.341],[-81.6467,38.3542],[-81.6802,38.3725],[-81.707,38.3715],[-81.7074,38.3775],[-81.7374,38.3628],[-81.7463,38.3699],[-81.7507,38.3632],[-81.748,38.3597],[-81.7536,38.3557]]]},"properties":{"geoid":"54057","state":"54","district":"57","name":"Delegate District 57","chamber":"House"}},{"type":"Feature","geometry":{"type":"Polygon","coordinates":[[[-81.8697,38.3857],[-81.8516,38.3861],[-81.865,38.3719],[-81.8509,38.3644],[-81.8405,38.3694],[-81.8264,38.3673],[-81.8258,38.3707],[-81.8193,38.3643],[-81.7995,38.3679],[-81.7962,38.3637],[-81.7951,38.3752],[-81.7813,38.3744],[-81.7521,38.3556],[-81.7462,38.3693],[-81.7682,38.3876],[-81.7715,38.3969],[-81.7866,38.4007],[-81.7956,38.4107],[-81.8185,38.4081],[-81.8248,38.414],[-81.8347,38.4118],[-81.8384,38.4203],[-81.8441,38.4133],[-81.836,38.4002],[-81.8415,38.3971],[-81.8403,38.3861],[-81.8573,38.397],[-81.8697,38.3857]]]},"properties":{"geoid":"54058","state":"54","district":"58","name":"Delegate District 58","chamber":"House"}},{"type":"Feature","geometry":{"type":"Polygon","coordinates":[[[-81.9035,38.383],[-81.8943,38.3697],[-81.8738,38.3818],[-81.8744,38.3856],[-81.8642,38.3881],[-81.8582,38.397],[-81.8403,38.3861],[-81.8415,38.3971],[-81.836,38.4002],[-81.8441,38.4133],[-81.8384,38.4203],[-81.8347,38.4118],[-81.8248,38.414],[-81.8112,38.4069],[-81.8041,38.4123],[-81.7935,38.4088],[-81.7777,38.4249],[-81.7442,38.4264],[-81.7428,38.4326],[-81.7357,38.4336],[-81.7261,38.4442],[-81.7222,38.4655],[-81.8461,38.425],[-81.9002,38.3986],[-81.9035,38.383]]]},"properties":{"geoid":"54059","state":"54","district":"59","name":"Delegate District 59","chamber":"House"}},{"type":"Feature","geometry":{"type":"Polygon","coordinates":[[[-81.7945,38.4108],[-81.7868,38.4008],[-81.7715,38.3969],[-81.7681,38.3874],[-81.7374,38.3628],[-81.7282,38.3651],[-81.726,38.3713],[-81.7021,38.3767],[-81.6911,38.389],[-81.6678,38.4018],[-81.6583,38.399],[-81.6498,38.4023],[-81.6522,38.4104],[-81.6477,38.4134],[-81.6303,38.4129],[-81.6224,38.4065],[-81.6004,38.4082],[-81.583,38.4164],[-81.5771,38.4292],[-81.5813,38.4332],[-81.5623,38.4434],[-81.5608,38.4497],[-81.5633,38.4536],[-81.5772,38.4522],[-81.5904,38.4606],[-81.5796,38.465],[-81.582,38.4724],[-81.5783,38.4769],[-81.5837,38.4818],[-81.5712,38.4807],[-81.557,38.487],[-81.5541,38.5037],[-81.5626,38.5154],[-81.5493,38.5186],[-81.5403,38.5341],[-81.5269,38.5425],[-81.521,38.5396],[-81.5115,38.5531],[-81.5012,38.5574],[-81.508,38.5648],[-81.5292,38.5665],[-81.5322,38.5713],[-81.5268,38.5834],[-81.5127,38.5819],[-81.5088,38.5854],[-81.5222,38.6127],[-81.5782,38.5771],[-81.6328,38.5544],[-81.6352,38.5638],[-81.6437,38.567],[-81.6963,38.6264],[-81.7288,38.5962],[-81.739,38.5993],[-81.7505,38.591],[-81.7559,38.5809],[-81.7513,38.5795],[-81.7472,38.5536],[-81.7554,38.5339],[-81.7508,38.5265],[-81.7541,38.524],[-81.7423,38.5179],[-81.7424,38.5087],[-81.7317,38.5036],[-81.7339,38.4954],[-81.7272,38.4768],[-81.722,38.4747],[-81.7272,38.4661],[-81.7222,38.4655],[-81.7216,38.4566],[-81.7262,38.444],[-81.7357,38.4336],[-81.7428,38.4326],[-81.7442,38.4264],[-81.7777,38.4249],[-81.7945,38.4108]]]},"properties":{"geoid":"54060","state":"54","district":"60","name":"Delegate District 60","chamber":"House"}},{"type":"Feature","geometry":{"type":"Polygon","coordinates":[[[-81.594,38.3966],[-81.5911,38.392],[-81.5865,38.3941],[-81.5818,38.3822],[-81.5764,38.3863],[-81.5617,38.3814],[-81.5418,38.388],[-81.5283,38.3811],[-81.533,38.3667],[-81.5066,38.3565],[-81.4951,38.3554],[-81.4789,38.3613],[-81.4709,38.3566],[-81.4659,38.3658],[-81.4552,38.3638],[-81.447,38.3694],[-81.4397,38.3574],[-81.4346,38.3564],[-81.4243,38.3343],[-81.4154,38.3352],[-81.4132,38.3309],[-81.4152,38.3344],[-81.4092,38.3314],[-81.3912,38.3354],[-81.3837,38.3273],[-81.3786,38.3437],[-81.3693,38.3485],[-81.3667,38.3642],[-81.3741,38.373],[-81.3531,38.3868],[-81.343,38.3877],[-81.337,38.3819],[-81.3318,38.3852],[-81.3314,38.3807],[-81.3188,38.385],[-81.3074,38.3801],[-81.2963,38.3875],[-81.2809,38.3768],[-81.2674,38.3768],[-81.2671,38.3821],[-81.2571,38.3836],[-81.2839,38.472],[-81.1941,38.5276],[-81.2206,38.5318],[-81.2743,38.5218],[-81.3035,38.5348],[-81.3493,38.5413],[-81.4654,38.5499],[-81.4717,38.5463],[-81.5088,38.5854],[-81.5127,38.5819],[-81.5265,38.5835],[-81.5322,38.5717],[-81.5295,38.5665],[-81.508,38.5648],[-81.5012,38.5574],[-81.5115,38.5531],[-81.521,38.5396],[-81.5269,38.5425],[-81.5403,38.5341],[-81.5493,38.5186],[-81.5626,38.5154],[-81.5541,38.5037],[-81.557,38.487],[-81.5712,38.4807],[-81.5837,38.4818],[-81.5783,38.4769],[-81.582,38.4724],[-81.5796,38.465],[-81.5904,38.4606],[-81.577,38.4522],[-81.5631,38.4535],[-81.5609,38.447],[-81.5813,38.4332],[-81.5771,38.4291],[-81.594,38.3966]]]},"properties":{"geoid":"54061","state":"54","district":"61","name":"Delegate District 61","chamber":"House"}},{"type":"Feature","geometry":{"type":"Polygon","coordinates":[[[-81.2839,38.472],[-81.2544,38.3751],[-81.2314,38.2637],[-80.9114,38.4148],[-80.8174,38.4786],[-80.8253,38.4944],[-80.8787,38.504],[-80.8915,38.5369],[-80.9177,38.5448],[-80.9128,38.5477],[-80.913,38.5632],[-80.925,38.5718],[-80.9263,38.5793],[-80.9551,38.5922],[-80.9577,38.5973],[-80.97,38.5932],[-80.9711,38.6107],[-80.979,38.6145],[-80.976,38.6251],[-81.0317,38.6678],[-80.9849,38.7179],[-80.83,38.8043],[-80.8337,38.8112],[-80.8276,38.8192],[-80.8307,38.8308],[-80.8645,38.8265],[-80.8925,38.8425],[-80.8652,38.855],[-80.8722,38.8565],[-80.871,38.8645],[-80.8757,38.8679],[-80.8687,38.8743],[-80.8738,38.8705],[-80.8856,38.8779],[-80.8774,38.8864],[-80.8822,38.8921],[-80.8709,38.9019],[-80.8629,38.9267],[-80.8635,38.9308],[-80.8733,38.933],[-80.8728,38.9467],[-80.8624,38.9469],[-80.8532,38.957],[-80.8375,38.9574],[-80.834,38.9642],[-80.8222,38.9544],[-80.8253,38.9465],[-80.8221,38.9428],[-80.8107,38.9483],[-80.8101,38.9566],[-80.8036,38.9608],[-80.7811,38.9554],[-80.7678,38.9609],[-80.7549,38.9586],[-80.7531,38.9672],[-80.7259,38.987],[-80.7259,38.9947],[-80.719,38.9976],[-80.7164,39.0064],[-80.7283,39.0957],[-80.813,39.1094],[-80.8089,39.1043],[-80.811,39.0989],[-80.8177,39.097],[-80.8188,39.0916],[-80.8281,39.0921],[-80.835,39.0824],[-80.8546,39.0839],[-80.8518,39.0797],[-80.859,39.0736],[-80.877,39.0739],[-80.8774,39.0687],[-80.8855,39.0638],[-80.8975,39.0628],[-80.8981,39.0556],[-80.9116,39.0462],[-80.9602,39.038],[-80.9672,39.029],[-80.9821,39.0261],[-80.9821,39.0202],[-80.9903,39.0206],[-80.9983,39.0113],[-81.0072,39.0088],[-81.0384,39.0128],[-81.0597,39.0079],[-81.075,39.01],[-81.081,39.0166],[-81.0939,39.0156],[-81.0943,39.0223],[-81.1025,39.0215],[-81.1122,39.0307],[-81.116,39.0425],[-81.1248,39.0398],[-81.1287,39.0451],[-81.1361,39.0452],[-81.1552,39.0403],[-81.2727,38.9363],[-81.2664,38.9262],[-81.2775,38.9243],[-81.274,38.9187],[-81.2794,38.913],[-81.2705,38.9144],[-81.2708,38.9061],[-81.2629,38.911],[-81.2583,38.907],[-81.26,38.9014],[-81.2489,38.8968],[-81.26,38.893],[-81.2386,38.8819],[-81.2412,38.8782],[-81.2372,38.8741],[-81.2424,38.8729],[-81.2378,38.8686],[-81.2433,38.8651],[-81.2354,38.8625],[-81.2455,38.8586],[-81.2463,38.8525],[-81.2388,38.8473],[-81.2281,38.8523],[-81.2284,38.8466],[-81.2208,38.8436],[-81.215,38.8309],[-81.2152,38.8245],[-81.2246,38.8255],[-81.2208,38.8177],[-81.227,38.8138],[-81.2208,38.811],[-81.2259,38.8041],[-81.2177,38.7986],[-81.2276,38.7928],[-81.2191,38.7895],[-81.2231,38.7871],[-81.2203,38.7848],[-81.2074,38.7845],[-81.2122,38.7797],[-81.204,38.7761],[-81.1888,38.7522],[-81.1718,38.7398],[-81.1689,38.7305],[-81.1759,38.7231],[-81.1714,38.7206],[-81.1722,38.7074],[-81.1667,38.6951],[-81.174,38.6809],[-81.1619,38.6728],[-81.1662,38.6608],[-81.1583,38.6584],[-81.1625,38.6522],[-81.1586,38.644],[-81.1316,38.6383],[-81.1237,38.6309],[-81.1021,38.639],[-81.0826,38.6173],[-81.1308,38.5659],[-81.2839,38.472]]]},"properties":{"geoid":"54062","state":"54","district":"62","name":"Delegate District 62","chamber":"House"}},{"type":"Feature","geometry":{"type":"Polygon","coordinates":[[[-81.0287,38.6711],[-81.0317,38.6678],[-80.976,38.6251],[-80.979,38.6145],[-80.9711,38.6107],[-80.97,38.5932],[-80.9577,38.5973],[-80.9551,38.5922],[-80.9263,38.5793],[-80.925,38.5718],[-80.913,38.5632],[-80.9128,38.5477],[-80.9177,38.5448],[-80.8915,38.5369],[-80.8812,38.507],[-80.7852,38.5576],[-80.7797,38.5562],[-80.7773,38.548],[-80.7603,38.5415],[-80.7505,38.5255],[-80.7363,38.5245],[-80.7373,38.5324],[-80.7239,38.5362],[-80.7191,38.5323],[-80.7164,38.5369],[-80.7009,38.5334],[-80.6972,38.5373],[-80.6885,38.5317],[-80.6522,38.5261],[-80.5087,38.6456],[-80.4511,38.7491],[-80.4498,38.7689],[-80.4421,38.7718],[-80.4461,38.7775],[-80.4585,38.7761],[-80.4637,38.7838],[-80.4584,38.7877],[-80.4631,38.7959],[-80.4745,38.7943],[-80.4855,38.8003],[-80.4736,38.8328],[-80.4798,38.8332],[-80.4904,38.8451],[-80.5007,38.8447],[-80.5072,38.854],[-80.5238,38.8628],[-80.5415,38.8539],[-80.558,38.8676],[-80.5836,38.8589],[-80.5933,38.8704],[-80.591,38.8837],[-80.5992,38.8918],[-80.5971,38.8961],[-80.7167,39.0083],[-80.719,38.9976],[-80.7259,38.9947],[-80.7259,38.987],[-80.7531,38.9672],[-80.7548,38.9587],[-80.7678,38.9609],[-80.7811,38.9554],[-80.8036,38.9608],[-80.8101,38.9566],[-80.8107,38.9483],[-80.8221,38.9428],[-80.8253,38.9465],[-80.8222,38.9544],[-80.834,38.9642],[-80.8375,38.9574],[-80.8532,38.957],[-80.8624,38.9469],[-80.8728,38.9467],[-80.8733,38.933],[-80.8635,38.9308],[-80.8629,38.9267],[-80.8709,38.9019],[-80.8822,38.8921],[-80.8774,38.8864],[-80.8856,38.8779],[-80.8738,38.8705],[-80.8687,38.8743],[-80.8757,38.8679],[-80.871,38.8645],[-80.8722,38.8565],[-80.8652,38.855],[-80.8925,38.8425],[-80.8645,38.8265],[-80.8307,38.8308],[-80.8276,38.8192],[-80.8337,38.8112],[-80.83,38.8043],[-80.9849,38.7179],[-81.0287,38.6711]]]},"properties":{"geoid":"54063","state":"54","district":"63","name":"Delegate District 63","chamber":"House"}},{"type":"Feature","geometry":{"type":"Polygon","coordinates":[[[-80.7219,39.0407],[-80.7168,39.0084],[-80.5971,38.8961],[-80.5992,38.8918],[-80.591,38.8837],[-80.5933,38.8704],[-80.5836,38.8589],[-80.558,38.8676],[-80.5415,38.8539],[-80.5238,38.8628],[-80.5072,38.854],[-80.5007,38.8447],[-80.4908,38.8453],[-80.4798,38.8332],[-80.4738,38.8332],[-80.4855,38.8003],[-80.4745,38.7943],[-80.4631,38.7959],[-80.4584,38.7877],[-80.4637,38.7838],[-80.4585,38.7761],[-80.4441,38.7758],[-80.4422,38.7716],[-80.4494,38.7694],[-80.4532,38.761],[-80.4508,38.7501],[-80.4573,38.7392],[-80.4447,38.7267],[-80.4361,38.7256],[-80.4269,38.7311],[-80.4123,38.7284],[-80.4137,38.7245],[-80.4069,38.7228],[-80.4019,38.7299],[-80.3931,38.7276],[-80.4095,38.7683],[-80.3944,38.8357],[-80.3729,38.8226],[-80.3361,38.8276],[-80.3374,38.8369],[-80.3173,38.837],[-80.3093,38.8583],[-80.2976,38.8572],[-80.293,38.8631],[-80.3021,38.8685],[-80.2908,38.8778],[-80.296,38.8849],[-80.2724,38.8822],[-80.2629,38.8713],[-80.2564,38.8705],[-80.2482,38.882],[-80.2593,38.8969],[-80.2319,38.9122],[-80.2313,38.9241],[-80.2217,38.9374],[-80.238,38.9418],[-80.2383,38.9365],[-80.249,38.9296],[-80.2681,38.9287],[-80.2731,38.9341],[-80.2905,38.9393],[-80.3002,38.9365],[-80.3031,38.9422],[-80.3189,38.9419],[-80.3219,38.9457],[-80.3175,38.9586],[-80.3199,38.9695],[-80.3345,38.9966],[-80.318,39.0134],[-80.3051,39.0615],[-80.3002,39.1039],[-80.4326,39.1341],[-80.4543,39.1247],[-80.4433,39.1112],[-80.4562,39.1005],[-80.4665,39.1002],[-80.4656,39.0956],[-80.4781,39.0928],[-80.4848,39.0989],[-80.5125,39.0883],[-80.5289,39.0891],[-80.5327,39.079],[-80.5412,39.0737],[-80.5655,39.0766],[-80.5848,39.065],[-80.6181,39.075],[-80.6624,39.0745],[-80.6747,39.0562],[-80.6843,39.0602],[-80.6844,39.067],[-80.7007,39.0632],[-80.7077,39.0465],[-80.7022,39.0423],[-80.7219,39.0407]]]},"properties":{"geoid":"54064","state":"54","district":"64","name":"Delegate District 64","chamber":"House"}},{"type":"Feature","geometry":{"type":"Polygon","coordinates":[[[-80.4095,38.7683],[-80.3931,38.7276],[-80.3679,38.7333],[-80.3532,38.7306],[-80.3449,38.7203],[-80.3333,38.72],[-80.3326,38.7038],[-80.3206,38.6942],[-80.3217,38.6871],[-80.3177,38.6842],[-80.3053,38.6846],[-80.2801,38.6949],[-80.2368,38.7438],[-80.1261,38.7458],[-80.0984,38.8405],[-80.1094,38.8973],[-80.1028,38.9002],[-80.1015,38.9086],[-80.0912,38.9128],[-80.0884,38.924],[-80.0973,38.928],[-80.0876,38.9359],[-80.0981,38.9438],[-80.1016,38.9572],[-80.1161,38.9623],[-80.1309,38.9605],[-80.1333,38.9704],[-80.1513,38.962],[-80.1728,38.971],[-80.175,38.9808],[-80.1952,38.9922],[-80.1885,39.0052],[-80.1955,39.009],[-80.1927,39.0118],[-80.1985,39.0205],[-80.2066,39.0185],[-80.2076,39.0283],[-80.2432,39.0385],[-80.2442,39.0546],[-80.2535,39.0666],[-80.265,39.1018],[-80.3002,39.1039],[-80.3051,39.0615],[-80.318,39.0134],[-80.3345,38.9966],[-80.3199,38.9695],[-80.3175,38.9586],[-80.3228,38.9477],[-80.3189,38.9419],[-80.3092,38.9443],[-80.3002,38.9365],[-80.2905,38.9393],[-80.2692,38.929],[-80.262,38.9315],[-80.2552,38.9281],[-80.2383,38.9365],[-80.2381,38.9418],[-80.2263,38.9373],[-80.222,38.9404],[-80.2313,38.9241],[-80.2295,38.9149],[-80.2593,38.8969],[-80.2482,38.882],[-80.2569,38.8702],[-80.2724,38.8822],[-80.296,38.8849],[-80.2908,38.8778],[-80.3021,38.8685],[-80.293,38.8631],[-80.2976,38.8572],[-80.3093,38.8583],[-80.3173,38.837],[-80.3374,38.8369],[-80.3361,38.8276],[-80.3729,38.8226],[-80.3942,38.8359],[-80.4095,38.7683]]]},"properties":{"geoid":"54065","state":"54","district":"65","name":"Delegate District 65","chamber":"House"}},{"type":"Feature","geometry":{"type":"Polygon","coordinates":[[[-80.28,38.6949],[-80.1839,38.5254],[-80.2455,38.3885],[-80.2736,38.3711],[-80.2726,38.3671],[-80.2573,38.3507],[-80.2367,38.3474],[-80.2298,38.3343],[-80.222,38.3311],[-80.2049,38.332],[-80.1802,38.3411],[-80.1541,38.3396],[-80.1491,38.3233],[-80.1372,38.3152],[-80.1366,38.3091],[-80.1238,38.3113],[-80.109,38.3048],[-80.1048,38.2823],[-80.0921,38.2718],[-80.093,38.2543],[-80.0891,38.249],[-80.0924,38.2436],[-80.0766,38.2313],[-80.0864,38.2307],[-80.0763,38.2245],[-80.0678,38.2272],[-80.0754,38.2199],[-80.0725,38.2137],[-80.0773,38.2125],[-80.0513,38.2093],[-80.0444,38.2149],[-80.0381,38.212],[-80.0366,38.2009],[-80.0159,38.1988],[-80.0057,38.1825],[-79.9772,38.1617],[-79.9831,38.1496],[-79.9734,38.1369],[-79.9635,38.1373],[-79.9612,38.1294],[-79.9432,38.1231],[-79.9452,38.1324],[-79.9327,38.1362],[-79.9187,38.1548],[-79.9195,38.1626],[-79.9149,38.1677],[-79.9212,38.1808],[-79.9146,38.1882],[-79.8973,38.1934],[-79.8903,38.2059],[-79.8746,38.213],[-79.8452,38.2411],[-79.8351,38.2419],[-79.8309,38.2497],[-79.8196,38.2482],[-79.812,38.2604],[-79.8063,38.2592],[-79.7889,38.2687],[-79.7865,38.2746],[-79.7917,38.2847],[-79.8028,38.2921],[-79.8101,38.305],[-79.7966,38.3235],[-79.7731,38.3355],[-79.7644,38.3565],[-79.7422,38.3532],[-79.726,38.3632],[-79.7268,38.3708],[-79.7317,38.3734],[-79.7295,38.3812],[-79.7066,38.4157],[-79.6897,38.4315],[-79.6884,38.4569],[-79.6991,38.4703],[-79.6934,38.4802],[-79.6976,38.4872],[-79.683,38.5013],[-79.6804,38.5106],[-79.6705,38.5077],[-79.6622,38.5152],[-79.673,38.5287],[-79.6669,38.5383],[-79.6709,38.541],[-79.6696,38.5508],[-79.6651,38.5609],[-79.6592,38.5627],[-79.6629,38.5704],[-79.6434,38.6025],[-79.6271,38.6079],[-79.6192,38.6208],[-79.6343,38.6363],[-79.6179,38.6584],[-79.6268,38.6642],[-79.6307,38.6599],[-79.6361,38.6616],[-79.6275,38.6792],[-79.6437,38.6807],[-79.6614,38.6901],[-79.6786,38.6819],[-79.6786,38.6648],[-79.686,38.6645],[-79.6978,38.6661],[-79.7019,38.6799],[-79.7102,38.6857],[-79.7334,38.6781],[-79.7438,38.6859],[-79.7377,38.6915],[-79.7372,38.7074],[-79.7306,38.712],[-79.7509,38.7219],[-79.7547,38.734],[-79.7679,38.7356],[-79.7205,38.7969],[-79.7305,38.8071],[-79.7387,38.8079],[-79.7415,38.8228],[-79.7447,38.8146],[-79.7525,38.8151],[-79.7533,38.8316],[-79.7681,38.8334],[-79.7756,38.8413],[-79.7743,38.8377],[-79.791,38.8409],[-79.7974,38.8283],[-79.8156,38.8233],[-79.8373,38.8213],[-79.8417,38.8271],[-79.8535,38.8187],[-79.8746,38.8255],[-79.8839,38.8072],[-79.8938,38.8004],[-79.8999,38.8035],[-79.8892,38.8202],[-79.8928,38.828],[-79.8884,38.8461],[-79.8838,38.8507],[-79.8763,38.8424],[-79.8602,38.8614],[-79.8586,38.8721],[-79.848,38.8852],[-79.8437,38.9071],[-79.8506,38.9129],[-79.8642,38.9081],[-79.8752,38.9151],[-79.8647,38.9237],[-79.863,38.9193],[-79.8514,38.9226],[-79.8508,38.9296],[-79.858,38.9526],[-79.8724,38.9552],[-79.8689,38.9776],[-79.8741,38.9909],[-79.8879,39.0002],[-79.896,38.9734],[-80.0851,38.9472],[-80.0821,38.9448],[-80.0903,38.9401],[-80.0875,38.9343],[-80.0973,38.928],[-80.0884,38.924],[-80.0905,38.9142],[-80.1015,38.9086],[-80.1028,38.9002],[-80.1094,38.8973],[-80.0984,38.8405],[-80.1261,38.7458],[-80.2368,38.7438],[-80.28,38.6949]]]},"properties":{"geoid":"54066","state":"54","district":"66","name":"Delegate District 66","chamber":"House"}},{"type":"Feature","geometry":{"type":"Polygon","coordinates":[[[-79.8999,38.8037],[-79.8938,38.8004],[-79.8839,38.8072],[-79.8746,38.8255],[-79.8535,38.8187],[-79.8417,38.8271],[-79.8373,38.8213],[-79.8156,38.8233],[-79.7974,38.8283],[-79.791,38.8409],[-79.7743,38.8377],[-79.7756,38.8413],[-79.7681,38.8334],[-79.7533,38.8316],[-79.7525,38.8151],[-79.7447,38.8146],[-79.7415,38.8228],[-79.7387,38.8079],[-79.7305,38.8071],[-79.7205,38.7969],[-79.7679,38.7356],[-79.7547,38.734],[-79.7509,38.7219],[-79.7308,38.7124],[-79.7372,38.7074],[-79.7377,38.6915],[-79.7439,38.6864],[-79.7399,38.6802],[-79.7254,38.6791],[-79.7102,38.6857],[-79.7019,38.6799],[-79.6978,38.6661],[-79.684,38.6644],[-79.6786,38.6648],[-79.6786,38.6819],[-79.6614,38.6901],[-79.6437,38.6807],[-79.6275,38.6792],[-79.6361,38.6616],[-79.6307,38.6599],[-79.6268,38.6642],[-79.6179,38.6584],[-79.6343,38.6363],[-79.6192,38.6208],[-79.6271,38.6079],[-79.6434,38.6025],[-79.6491,38.5915],[-79.5375,38.5513],[-79.5227,38.5642],[-79.5139,38.5657],[-79.5095,38.5633],[-79.5124,38.5405],[-79.472,38.5194],[-79.4198,38.5706],[-79.4266,38.5735],[-79.4231,38.581],[-79.4296,38.5883],[-79.4186,38.6023],[-79.4164,38.6133],[-79.401,38.6137],[-79.3812,38.6234],[-79.3515,38.6256],[-79.3389,38.6387],[-79.3226,38.6457],[-79.3151,38.6567],[-79.3248,38.6652],[-79.3203,38.6705],[-79.3303,38.672],[-79.3291,38.6781],[-79.3136,38.6874],[-79.3156,38.694],[-79.3015,38.7078],[-79.3071,38.7119],[-79.3062,38.7166],[-79.3019,38.7237],[-79.2974,38.723],[-79.2847,38.7501],[-79.2612,38.7712],[-79.2255,38.7783],[-79.2261,38.7869],[-79.2329,38.7939],[-79.2384,38.7926],[-79.2382,38.8016],[-79.2476,38.8083],[-79.2468,38.8144],[-79.2551,38.8253],[-79.2162,38.8688],[-79.3622,38.9665],[-79.4725,38.978],[-79.4956,38.9774],[-79.5038,38.9699],[-79.5088,38.9752],[-79.7857,39.0374],[-79.777,39.0465],[-79.7753,39.0766],[-79.7994,39.108],[-79.8216,39.1183],[-79.8261,39.1149],[-79.8271,39.1028],[-79.8381,39.0951],[-79.8493,39.0951],[-79.8548,39.0884],[-79.8873,39.0032],[-79.8841,38.9947],[-79.8755,38.993],[-79.8689,38.9776],[-79.8724,38.9552],[-79.858,38.9526],[-79.8508,38.9296],[-79.8514,38.9226],[-79.863,38.9193],[-79.8647,38.9237],[-79.8752,38.9151],[-79.8642,38.9081],[-79.8506,38.9129],[-79.8437,38.9071],[-79.848,38.8852],[-79.8586,38.8721],[-79.8602,38.8614],[-79.8763,38.8424],[-79.8838,38.8507],[-79.8884,38.8461],[-79.8928,38.828],[-79.8892,38.8202],[-79.8999,38.8037]]]},"properties":{"geoid":"54067","state":"54","district":"67","name":"Delegate District 67","chamber":"House"}},{"type":"Feature","geometry":{"type":"Polygon","coordinates":[[[-80.265,39.1018],[-80.2535,39.0666],[-80.2442,39.0546],[-80.2432,39.0385],[-80.2076,39.0283],[-80.2066,39.0185],[-80.1985,39.0205],[-80.1927,39.0118],[-80.1955,39.009],[-80.1885,39.0052],[-80.1952,38.9922],[-80.175,38.9808],[-80.1728,38.971],[-80.1513,38.962],[-80.1333,38.9704],[-80.1309,38.9605],[-80.1161,38.9623],[-80.1016,38.9572],[-80.0981,38.9438],[-80.0896,38.9375],[-80.0821,38.9448],[-80.0851,38.9472],[-79.896,38.9734],[-79.8548,39.0884],[-79.8241,39.1068],[-79.8252,39.1162],[-79.8309,39.1194],[-79.8286,39.125],[-79.8381,39.131],[-79.833,39.1542],[-79.8275,39.1604],[-79.8286,39.178],[-79.8222,39.1865],[-79.8268,39.1948],[-79.8142,39.2094],[-79.8167,39.2186],[-79.8089,39.2238],[-79.8093,39.2358],[-79.8503,39.2465],[-79.8526,39.2707],[-79.8593,39.2739],[-79.862,39.2855],[-79.8722,39.2947],[-79.8871,39.298],[-79.8887,39.3029],[-79.8929,39.2989],[-79.9032,39.3033],[-79.9086,39.2993],[-79.9076,39.2894],[-79.916,39.2947],[-79.9323,39.2895],[-79.936,39.2968],[-79.9415,39.2969],[-79.95,39.282],[-79.9561,39.282],[-79.9611,39.2688],[-80.0234,39.2479],[-80.15,39.2383],[-80.1664,39.2423],[-80.2247,39.171],[-80.2272,39.1128],[-80.2404,39.1131],[-80.2488,39.1008],[-80.265,39.1018]]]},"properties":{"geoid":"54068","state":"54","district":"68","name":"Delegate District 68","chamber":"House"}},{"type":"Feature","geometry":{"type":"Polygon","coordinates":[[[-80.7288,39.0871],[-80.7215,39.0408],[-80.7022,39.0423],[-80.7077,39.0465],[-80.7007,39.0632],[-80.6844,39.067],[-80.6843,39.0602],[-80.6747,39.0562],[-80.6624,39.0745],[-80.6181,39.075],[-80.5848,39.065],[-80.5655,39.0766],[-80.5412,39.0737],[-80.5327,39.079],[-80.5289,39.0891],[-80.5125,39.0883],[-80.4848,39.0989],[-80.4781,39.0928],[-80.4656,39.0956],[-80.4665,39.1002],[-80.4562,39.1005],[-80.4433,39.1112],[-80.4543,39.1247],[-80.4415,39.127],[-80.4335,39.1343],[-80.3013,39.104],[-80.2488,39.1008],[-80.2404,39.1131],[-80.2272,39.1128],[-80.2247,39.171],[-80.2033,39.197],[-80.2169,39.2046],[-80.2267,39.2218],[-80.2546,39.2326],[-80.2608,39.2284],[-80.2742,39.2297],[-80.2789,39.2372],[-80.2942,39.2326],[-80.2984,39.2391],[-80.3045,39.2381],[-80.3044,39.2452],[-80.3131,39.2458],[-80.3188,39.2518],[-80.3472,39.2538],[-80.3557,39.2598],[-80.3531,39.268],[-80.3627,39.2666],[-80.3665,39.2715],[-80.3695,39.2706],[-80.3628,39.2635],[-80.3674,39.2668],[-80.3798,39.2616],[-80.3792,39.2716],[-80.3728,39.2686],[-80.3656,39.2757],[-80.3687,39.2954],[-80.3558,39.3],[-80.3573,39.3045],[-80.353,39.3053],[-80.3447,39.3286],[-80.3503,39.355],[-80.3962,39.3407],[-80.4015,39.3427],[-80.4009,39.348],[-80.3854,39.3577],[-80.3874,39.3624],[-80.4165,39.37],[-80.4165,39.3629],[-80.4273,39.369],[-80.4495,39.3699],[-80.4508,39.3455],[-80.4449,39.3406],[-80.4451,39.3325],[-80.4642,39.3349],[-80.4584,39.3275],[-80.4822,39.3144],[-80.4936,39.3186],[-80.5089,39.3122],[-80.5384,39.3181],[-80.5265,39.2885],[-80.5438,39.2868],[-80.5541,39.2769],[-80.5612,39.2802],[-80.5798,39.2777],[-80.5881,39.267],[-80.5841,39.2573],[-80.5471,39.2348],[-80.5515,39.2267],[-80.5654,39.2314],[-80.5662,39.221],[-80.5544,39.2142],[-80.5461,39.2165],[-80.5293,39.212],[-80.5256,39.209],[-80.5324,39.2007],[-80.5288,39.1957],[-80.5382,39.1954],[-80.5479,39.1866],[-80.5544,39.1922],[-80.5615,39.1787],[-80.5756,39.1752],[-80.5918,39.1827],[-80.5897,39.171],[-80.6048,39.1555],[-80.6171,39.1541],[-80.6296,39.1392],[-80.6443,39.1369],[-80.6569,39.1411],[-80.6629,39.1378],[-80.6644,39.1297],[-80.6817,39.1212],[-80.6812,39.112],[-80.6876,39.1097],[-80.6994,39.0913],[-80.7283,39.0957],[-80.7288,39.0871]],[[-80.3901,39.2551],[-80.3851,39.2551],[-80.3845,39.2478],[-80.3901,39.2551]]]},"properties":{"geoid":"54069","state":"54","district":"69","name":"Delegate District 69","chamber":"House"}},{"type":"Feature","geometry":{"type":"MultiPolygon","coordinates":[[[[-80.3809,39.268],[-80.3798,39.2616],[-80.3674,39.2668],[-80.3628,39.2635],[-80.3695,39.2706],[-80.3665,39.2715],[-80.3627,39.2666],[-80.3541,39.2686],[-80.3541,39.2576],[-80.3424,39.2517],[-80.3253,39.2542],[-80.3204,39.2497],[-80.3141,39.264],[-80.3186,39.2792],[-80.3088,39.2933],[-80.339,39.2996],[-80.341,39.295],[-80.3542,39.308],[-80.3577,39.2983],[-80.3687,39.2954],[-80.3656,39.2757],[-80.3728,39.2686],[-80.3777,39.2719],[-80.3809,39.268]],[[-80.3334,39.2884],[-80.3327,39.2924],[-80.3283,39.2928],[-80.3334,39.2884]]],[[[-80.3901,39.2553],[-80.3845,39.2478],[-80.3851,39.2551],[-80.3901,39.2553]]]]},"properties":{"geoid":"54070","state":"54","district":"70","name":"Delegate District 70","chamber":"House"}},{"type":"Feature","geometry":{"type":"Polygon","coordinates":[[[-80.3188,39.2785],[-80.314,39.2699],[-80.3187,39.2506],[-80.3044,39.2452],[-80.3045,39.2381],[-80.2984,39.2391],[-80.2926,39.2323],[-80.2789,39.2372],[-80.2742,39.2297],[-80.2682,39.2289],[-80.2546,39.2326],[-80.233,39.2245],[-80.2255,39.2206],[-80.2168,39.2044],[-80.2033,39.197],[-80.1664,39.2423],[-80.1876,39.2671],[-80.1995,39.2707],[-80.2025,39.2783],[-80.2023,39.3616],[-80.2086,39.3617],[-80.2176,39.353],[-80.2211,39.3379],[-80.2887,39.329],[-80.2905,39.3239],[-80.2854,39.317],[-80.2887,39.3109],[-80.2805,39.3072],[-80.3088,39.2933],[-80.3188,39.2785]]]},"properties":{"geoid":"54071","state":"54","district":"71","name":"Delegate District 71","chamber":"House"}},{"type":"Feature","geometry":{"type":"MultiPolygon","coordinates":[[[[-80.7145,39.4759],[-80.686,39.4705],[-80.6802,39.478],[-80.6722,39.4776],[-80.6711,39.4642],[-80.6495,39.4696],[-80.6331,39.4568],[-80.5988,39.441],[-80.5965,39.4497],[-80.5831,39.4514],[-80.5777,39.4448],[-80.5794,39.4349],[-80.5595,39.4393],[-80.5582,39.4329],[-80.5459,39.4319],[-80.5437,39.4232],[-80.5379,39.4225],[-80.5391,39.4103],[-80.548,39.4013],[-80.5382,39.3867],[-80.5441,39.3665],[-80.5326,39.3612],[-80.5335,39.355],[-80.5448,39.3518],[-80.5651,39.3199],[-80.5824,39.3164],[-80.5862,39.3035],[-80.5926,39.3038],[-80.6037,39.291],[-80.6025,39.284],[-80.58,39.2836],[-80.5763,39.2763],[-80.5612,39.2802],[-80.5541,39.2769],[-80.5438,39.2868],[-80.5265,39.2885],[-80.5394,39.3132],[-80.5347,39.3197],[-80.5092,39.3122],[-80.4936,39.3186],[-80.4822,39.3144],[-80.4584,39.3275],[-80.4642,39.3349],[-80.4451,39.3325],[-80.4449,39.3406],[-80.4508,39.3455],[-80.4495,39.3699],[-80.4273,39.369],[-80.4165,39.3629],[-80.4165,39.37],[-80.3874,39.3624],[-80.3854,39.3577],[-80.4009,39.348],[-80.4015,39.3427],[-80.3962,39.3407],[-80.3503,39.355],[-80.3447,39.3286],[-80.3547,39.3092],[-80.3514,39.3026],[-80.341,39.295],[-80.339,39.2996],[-80.3046,39.292],[-80.2805,39.3072],[-80.2887,39.3109],[-80.2854,39.317],[-80.2905,39.3239],[-80.2887,39.329],[-80.2211,39.3379],[-80.2176,39.353],[-80.2086,39.3617],[-80.2023,39.3616],[-80.1989,39.3753],[-80.2051,39.3819],[-80.1973,39.3932],[-80.2825,39.4357],[-80.2898,39.4322],[-80.2908,39.4358],[-80.4941,39.4696],[-80.4899,39.4825],[-80.4753,39.4818],[-80.4674,39.5032],[-80.4859,39.5204],[-80.4863,39.5368],[-80.4946,39.5457],[-80.4982,39.5633],[-80.491,39.5702],[-80.4929,39.5757],[-80.4803,39.5834],[-80.4788,39.5973],[-80.4618,39.6014],[-80.451,39.5957],[-80.4467,39.6044],[-80.4494,39.6127],[-80.4376,39.6142],[-80.4338,39.6203],[-80.4414,39.6278],[-80.4437,39.6176],[-80.4673,39.6227],[-80.4791,39.6305],[-80.4786,39.6416],[-80.4821,39.643],[-80.4668,39.6436],[-80.4609,39.653],[-80.4633,39.6651],[-80.4858,39.66],[-80.4898,39.6525],[-80.5034,39.6576],[-80.5202,39.6534],[-80.5458,39.6696],[-80.5636,39.6714],[-80.5543,39.6597],[-80.5734,39.6344],[-80.5786,39.6381],[-80.5822,39.6355],[-80.5866,39.6416],[-80.5899,39.6501],[-80.5865,39.6643],[-80.616,39.6512],[-80.6136,39.6422],[-80.631,39.6197],[-80.6449,39.6208],[-80.6627,39.6148],[-80.6649,39.6102],[-80.6582,39.6006],[-80.6603,39.5796],[-80.6751,39.5771],[-80.6825,39.5664],[-80.6914,39.5627],[-80.7056,39.5682],[-80.6909,39.5536],[-80.6886,39.5428],[-80.6959,39.5307],[-80.6923,39.5273],[-80.6992,39.4971],[-80.697,39.4866],[-80.7012,39.4786],[-80.7145,39.4759]]],[[[-80.3339,39.2885],[-80.3283,39.2928],[-80.3327,39.2924],[-80.3339,39.2885]]]]},"properties":{"geoid":"54072","state":"54","district":"72","name":"Delegate District 72","chamber":"House"}},{"type":"Feature","geometry":{"type":"Polygon","coordinates":[[[-80.2051,39.3819],[-80.1989,39.3756],[-80.2023,39.3735],[-80.2025,39.2783],[-80.1995,39.2707],[-80.1876,39.2671],[-80.1644,39.2416],[-80.15,39.2383],[-80.0234,39.2479],[-79.9611,39.2688],[-79.9561,39.282],[-79.95,39.282],[-79.9423,39.2902],[-79.9426,39.2965],[-79.936,39.2968],[-79.9323,39.2895],[-79.916,39.2947],[-79.9083,39.2893],[-79.905,39.303],[-79.8953,39.2998],[-79.8947,39.4356],[-79.968,39.463],[-79.9966,39.4872],[-80.0116,39.4874],[-80.0186,39.5035],[-80.032,39.5055],[-80.026,39.4951],[-80.0306,39.4915],[-80.0287,39.4749],[-80.0456,39.4793],[-80.0511,39.4733],[-80.0713,39.4693],[-80.0637,39.46],[-80.0649,39.454],[-80.0572,39.4485],[-80.047,39.4498],[-80.0423,39.4381],[-80.0094,39.4219],[-80.025,39.4014],[-80.0873,39.3862],[-80.0983,39.4026],[-80.1108,39.4102],[-80.1206,39.4012],[-80.1973,39.3932],[-80.2051,39.3819]]]},"properties":{"geoid":"54073","state":"54","district":"73","name":"Delegate District 73","chamber":"House"}},{"type":"Feature","geometry":{"type":"Polygon","coordinates":[[[-80.4982,39.5633],[-80.4946,39.5457],[-80.4863,39.5368],[-80.4859,39.5204],[-80.4674,39.5032],[-80.4753,39.4818],[-80.4899,39.4825],[-80.4941,39.4696],[-80.2908,39.4358],[-80.2898,39.4322],[-80.2825,39.4357],[-80.1963,39.3927],[-80.1206,39.4012],[-80.1104,39.4102],[-80.0981,39.4025],[-80.0873,39.3862],[-80.025,39.4014],[-80.0093,39.4218],[-80.0423,39.4381],[-80.047,39.4498],[-80.0572,39.4485],[-80.0647,39.4539],[-80.0637,39.46],[-80.0712,39.4672],[-80.051,39.4734],[-80.0458,39.4793],[-80.0282,39.4754],[-80.0306,39.4915],[-80.026,39.4949],[-80.0298,39.5048],[-80.0471,39.5143],[-80.0386,39.517],[-80.111,39.5717],[-80.1107,39.5768],[-80.131,39.5832],[-80.1354,39.5894],[-80.1333,39.5946],[-80.1422,39.5963],[-80.1462,39.6066],[-80.1532,39.6065],[-80.1535,39.6104],[-80.1706,39.5927],[-80.1434,39.5588],[-80.1372,39.5312],[-80.1323,39.5381],[-80.1103,39.5412],[-80.1077,39.5307],[-80.1254,39.5268],[-80.1336,39.5188],[-80.1298,39.5061],[-80.1059,39.494],[-80.1048,39.4863],[-80.1411,39.4612],[-80.1454,39.457],[-80.1419,39.4553],[-80.1538,39.4456],[-80.1667,39.4434],[-80.1695,39.4352],[-80.1908,39.4505],[-80.1937,39.4573],[-80.2084,39.4572],[-80.2129,39.4712],[-80.2198,39.4724],[-80.2394,39.461],[-80.2363,39.458],[-80.2678,39.4497],[-80.2852,39.4686],[-80.3304,39.4915],[-80.3392,39.4893],[-80.3298,39.4789],[-80.3403,39.4688],[-80.3412,39.4747],[-80.3458,39.4739],[-80.3583,39.4876],[-80.3549,39.4989],[-80.3487,39.5003],[-80.343,39.5123],[-80.3635,39.5212],[-80.3655,39.5772],[-80.3847,39.6001],[-80.4117,39.6152],[-80.4466,39.6102],[-80.451,39.5957],[-80.4618,39.6014],[-80.4788,39.5973],[-80.4803,39.5834],[-80.4929,39.5757],[-80.491,39.5702],[-80.4982,39.5633]]]},"properties":{"geoid":"54074","state":"54","district":"74","name":"Delegate District 74","chamber":"House"}},{"type":"Feature","geometry":{"type":"Polygon","coordinates":[[[-80.3634,39.5276],[-80.3616,39.5185],[-80.343,39.5123],[-80.3487,39.5003],[-80.3549,39.4989],[-80.3584,39.4878],[-80.3458,39.4739],[-80.3412,39.4747],[-80.3425,39.4706],[-80.33,39.4784],[-80.3392,39.4893],[-80.3304,39.4915],[-80.2852,39.4686],[-80.2678,39.4497],[-80.2363,39.458],[-80.2394,39.461],[-80.2196,39.4724],[-80.2129,39.4712],[-80.2084,39.4572],[-80.1937,39.4573],[-80.1908,39.4505],[-80.1695,39.4352],[-80.1667,39.4434],[-80.1538,39.4456],[-80.1419,39.4553],[-80.1454,39.457],[-80.1411,39.4612],[-80.1048,39.4863],[-80.1059,39.494],[-80.1288,39.5057],[-80.1212,39.4874],[-80.142,39.4816],[-80.1461,39.4677],[-80.1554,39.4649],[-80.156,39.4687],[-80.1734,39.4728],[-80.1751,39.4835],[-80.1676,39.4896],[-80.1794,39.4916],[-80.1685,39.4938],[-80.1746,39.5001],[-80.2044,39.5001],[-80.2099,39.5085],[-80.2234,39.5122],[-80.2311,39.507],[-80.2446,39.5129],[-80.2535,39.5048],[-80.2565,39.5122],[-80.2636,39.5122],[-80.2511,39.5181],[-80.2549,39.5412],[-80.2666,39.5475],[-80.2718,39.5429],[-80.2822,39.5471],[-80.2885,39.5749],[-80.3065,39.592],[-80.3431,39.5741],[-80.3441,39.5855],[-80.3493,39.5892],[-80.3634,39.5843],[-80.3634,39.5276]]]},"properties":{"geoid":"54075","state":"54","district":"75","name":"Delegate District 75","chamber":"House"}},{"type":"Feature","geometry":{"type":"Polygon","coordinates":[[[-80.4498,39.6114],[-80.4476,39.6074],[-80.4116,39.6152],[-80.3847,39.6001],[-80.3634,39.5716],[-80.3634,39.5843],[-80.352,39.5897],[-80.3441,39.5855],[-80.3431,39.5741],[-80.3151,39.5905],[-80.3016,39.5897],[-80.2885,39.5749],[-80.2822,39.5471],[-80.2718,39.5429],[-80.2666,39.5475],[-80.2549,39.5412],[-80.2511,39.5181],[-80.2634,39.5114],[-80.2565,39.5122],[-80.2528,39.5046],[-80.2446,39.5129],[-80.2311,39.507],[-80.2192,39.5119],[-80.2096,39.5083],[-80.2044,39.5001],[-80.1746,39.5001],[-80.1685,39.4938],[-80.1794,39.4916],[-80.1676,39.4896],[-80.1751,39.4835],[-80.1734,39.4728],[-80.156,39.4687],[-80.157,39.4652],[-80.1461,39.4677],[-80.142,39.4816],[-80.1216,39.4869],[-80.1333,39.5202],[-80.1254,39.5268],[-80.1077,39.5307],[-80.1103,39.5412],[-80.1323,39.5381],[-80.1389,39.5329],[-80.1434,39.5588],[-80.1706,39.5927],[-80.1545,39.6104],[-80.3226,39.6108],[-80.3301,39.6148],[-80.3475,39.6117],[-80.3603,39.6206],[-80.3677,39.6336],[-80.3853,39.6326],[-80.3958,39.6373],[-80.4037,39.6318],[-80.4159,39.6423],[-80.4333,39.6391],[-80.4434,39.6295],[-80.4347,39.6222],[-80.4355,39.6167],[-80.4498,39.6114]]]},"properties":{"geoid":"54076","state":"54","district":"76","name":"Delegate District 76","chamber":"House"}},{"type":"Feature","geometry":{"type":"Polygon","coordinates":[[[-80.4703,39.6926],[-80.4246,39.6805],[-80.4323,39.6737],[-80.4279,39.6687],[-80.4313,39.6647],[-80.4178,39.6482],[-80.4183,39.6421],[-80.4119,39.6414],[-80.4037,39.6318],[-80.3958,39.6373],[-80.3853,39.6326],[-80.3677,39.6336],[-80.3603,39.6206],[-80.3475,39.6117],[-80.3301,39.6148],[-80.3226,39.6108],[-80.1535,39.6104],[-80.1532,39.6065],[-80.1462,39.6066],[-80.1422,39.5963],[-80.1333,39.5946],[-80.1354,39.5894],[-80.131,39.5832],[-80.1107,39.5768],[-80.111,39.5717],[-80.0432,39.523],[-80.0384,39.5164],[-80.0471,39.5143],[-80.0419,39.5094],[-80.0159,39.5021],[-80.0176,39.4946],[-80.0115,39.4874],[-79.9968,39.4873],[-79.968,39.463],[-79.8947,39.4356],[-79.8997,39.4819],[-79.9184,39.4886],[-79.923,39.4851],[-79.935,39.4899],[-79.9503,39.4861],[-79.952,39.4995],[-79.9642,39.5071],[-79.9691,39.5253],[-79.978,39.5343],[-79.9933,39.5376],[-79.9851,39.5435],[-79.9822,39.5667],[-79.976,39.5749],[-79.9792,39.5885],[-79.9643,39.5957],[-79.9715,39.6145],[-79.9603,39.6309],[-79.9741,39.6274],[-79.9765,39.631],[-79.9792,39.6242],[-79.9744,39.6193],[-79.9855,39.6127],[-79.9861,39.6286],[-79.9933,39.6164],[-80.0136,39.6378],[-80.0077,39.6429],[-80.0027,39.6401],[-80.0106,39.6549],[-79.9927,39.658],[-79.9691,39.6839],[-79.9406,39.6856],[-79.9364,39.7036],[-79.9163,39.7208],[-80.4583,39.7213],[-80.4703,39.6926]]]},"properties":{"geoid":"54077","state":"54","district":"77","name":"Delegate District 77","chamber":"House"}},{"type":"Feature","geometry":{"type":"Polygon","coordinates":[[[-79.9933,39.5376],[-79.978,39.5343],[-79.9691,39.5253],[-79.9642,39.5071],[-79.952,39.4995],[-79.9503,39.4861],[-79.935,39.4899],[-79.923,39.4851],[-79.9184,39.4886],[-79.8997,39.4819],[-79.7937,39.6181],[-79.805,39.6166],[-79.8102,39.6271],[-79.8356,39.6415],[-79.8442,39.6569],[-79.8625,39.667],[-79.865,39.6595],[-79.8581,39.6526],[-79.8595,39.6435],[-79.8947,39.6465],[-79.902,39.6286],[-79.9245,39.6107],[-79.9288,39.6177],[-79.9322,39.6122],[-79.9513,39.6058],[-79.9686,39.6159],[-79.9717,39.6075],[-79.9643,39.5957],[-79.9792,39.5885],[-79.976,39.5749],[-79.9822,39.5667],[-79.9851,39.5435],[-79.9933,39.5376]]]},"properties":{"geoid":"54078","state":"54","district":"78","name":"Delegate District 78","chamber":"House"}},{"type":"Feature","geometry":{"type":"Polygon","coordinates":[[[-79.9715,39.6145],[-79.9695,39.6103],[-79.9686,39.6159],[-79.9476,39.6062],[-79.9288,39.6177],[-79.9245,39.6107],[-79.9035,39.6272],[-79.9177,39.6242],[-79.9183,39.6306],[-79.9419,39.631],[-79.9373,39.6384],[-79.9432,39.6417],[-79.9535,39.6372],[-79.9626,39.6429],[-79.9651,39.6404],[-79.959,39.6327],[-79.9715,39.6145]]]},"properties":{"geoid":"54079","state":"54","district":"79","name":"Delegate District 79","chamber":"House"}},{"type":"Feature","geometry":{"type":"Polygon","coordinates":[[[-80.0133,39.6401],[-80.0132,39.6343],[-79.9945,39.622],[-79.9933,39.6164],[-79.9861,39.6286],[-79.9825,39.613],[-79.9742,39.6198],[-79.9792,39.6242],[-79.9765,39.631],[-79.9721,39.6275],[-79.959,39.6327],[-79.9651,39.6404],[-79.9604,39.6488],[-79.9548,39.6472],[-79.9556,39.6581],[-79.9634,39.6579],[-79.9596,39.6699],[-79.9701,39.6713],[-79.9731,39.6808],[-79.9927,39.658],[-80.0106,39.6549],[-80.0027,39.6401],[-80.0133,39.6401]]]},"properties":{"geoid":"54080","state":"54","district":"80","name":"Delegate District 80","chamber":"House"}},{"type":"Feature","geometry":{"type":"Polygon","coordinates":[[[-79.9634,39.658],[-79.9556,39.6581],[-79.9548,39.6473],[-79.9604,39.6488],[-79.9626,39.6429],[-79.9535,39.6372],[-79.9432,39.6417],[-79.9373,39.6384],[-79.9419,39.631],[-79.9183,39.6306],[-79.9177,39.6242],[-79.9025,39.628],[-79.8947,39.6466],[-79.9512,39.6688],[-79.963,39.6636],[-79.9634,39.658]]]},"properties":{"geoid":"54081","state":"54","district":"81","name":"Delegate District 81","chamber":"House"}},{"type":"Feature","geometry":{"type":"Polygon","coordinates":[[[-79.9729,39.681],[-79.968,39.6704],[-79.9432,39.6671],[-79.9292,39.657],[-79.8845,39.6434],[-79.8787,39.6471],[-79.8595,39.6435],[-79.8581,39.6526],[-79.865,39.6595],[-79.8592,39.6681],[-79.8442,39.6569],[-79.8391,39.6442],[-79.8103,39.6272],[-79.8072,39.6185],[-79.8009,39.6159],[-79.7893,39.6238],[-79.7854,39.6573],[-79.7638,39.6969],[-79.7638,39.7208],[-79.9163,39.7208],[-79.9364,39.7036],[-79.9406,39.6856],[-79.9729,39.681]]]},"properties":{"geoid":"54082","state":"54","district":"82","name":"Delegate District 82","chamber":"House"}},{"type":"Feature","geometry":{"type":"Polygon","coordinates":[[[-79.8997,39.4819],[-79.895,39.4388],[-79.8922,39.4426],[-79.8789,39.4385],[-79.863,39.4439],[-79.8427,39.4383],[-79.8244,39.4459],[-79.8227,39.458],[-79.7946,39.4682],[-79.7853,39.4809],[-79.7876,39.4871],[-79.7802,39.4995],[-79.7818,39.5095],[-79.7535,39.5093],[-79.745,39.4925],[-79.7321,39.4983],[-79.7278,39.5053],[-79.7103,39.5031],[-79.6923,39.5092],[-79.6824,39.4977],[-79.6601,39.4861],[-79.644,39.4892],[-79.6456,39.4987],[-79.6412,39.4991],[-79.6328,39.4881],[-79.6112,39.4835],[-79.5977,39.5012],[-79.5765,39.4979],[-79.5616,39.5058],[-79.561,39.5143],[-79.5045,39.5276],[-79.5019,39.5338],[-79.4897,39.5317],[-79.4788,39.5356],[-79.4767,39.7211],[-79.7638,39.7208],[-79.7638,39.6969],[-79.7854,39.6573],[-79.7893,39.6238],[-79.8997,39.4819]]]},"properties":{"geoid":"54083","state":"54","district":"83","name":"Delegate District 83","chamber":"House"}},{"type":"Feature","geometry":{"type":"Polygon","coordinates":[[[-79.8955,39.2996],[-79.8887,39.3029],[-79.8871,39.298],[-79.8722,39.2947],[-79.862,39.2855],[-79.8593,39.2739],[-79.8526,39.2707],[-79.8503,39.2465],[-79.8172,39.2399],[-79.8093,39.2358],[-79.8097,39.2305],[-79.6873,39.2714],[-79.5076,39.2162],[-79.4872,39.1949],[-79.4826,39.5214],[-79.4788,39.5356],[-79.4897,39.5317],[-79.5019,39.5338],[-79.5045,39.5276],[-79.561,39.5143],[-79.5616,39.5058],[-79.5765,39.4979],[-79.5977,39.5012],[-79.6112,39.4835],[-79.6328,39.4881],[-79.6412,39.4991],[-79.6456,39.4987],[-79.644,39.4892],[-79.6601,39.4861],[-79.6824,39.4977],[-79.6923,39.5092],[-79.7103,39.5031],[-79.7278,39.5053],[-79.7321,39.4983],[-79.745,39.4925],[-79.7535,39.5093],[-79.7818,39.5095],[-79.7802,39.4995],[-79.7876,39.4872],[-79.7863,39.4793],[-79.7969,39.4666],[-79.8228,39.458],[-79.8244,39.4459],[-79.8432,39.4382],[-79.863,39.4439],[-79.8789,39.4385],[-79.8922,39.4426],[-79.895,39.4389],[-79.8955,39.2996]]]},"properties":{"geoid":"54084","state":"54","district":"84","name":"Delegate District 84","chamber":"House"}},{"type":"Feature","geometry":{"type":"Polygon","coordinates":[[[-79.8381,39.1311],[-79.8292,39.1258],[-79.8309,39.1194],[-79.8251,39.1158],[-79.8212,39.1183],[-79.816,39.1125],[-79.7994,39.108],[-79.7796,39.0844],[-79.774,39.0631],[-79.7792,39.0558],[-79.777,39.0465],[-79.7857,39.0374],[-79.5088,38.9752],[-79.5038,38.9699],[-79.4956,38.9774],[-79.4725,38.978],[-79.3622,38.9665],[-79.1343,38.8133],[-79.083,38.8693],[-79.0808,38.877],[-79.0861,38.8939],[-79.0745,38.8986],[-79.0461,38.9284],[-79.0826,39.0021],[-79.0827,39.0161],[-79.0778,39.0218],[-79.0897,39.0382],[-79.0729,39.0652],[-79.0779,39.0722],[-79.0684,39.0761],[-79.066,39.0871],[-79.0574,39.0909],[-79.051,39.1005],[-79.053,39.1045],[-79.0371,39.1193],[-79.0389,39.1304],[-79.0288,39.1418],[-79.0361,39.15],[-79.0016,39.1952],[-78.9971,39.2129],[-78.9799,39.2376],[-79.1345,39.3125],[-79.2721,39.328],[-79.2825,39.3228],[-79.2904,39.2995],[-79.3139,39.3047],[-79.346,39.294],[-79.3449,39.285],[-79.3513,39.2851],[-79.3575,39.2763],[-79.3873,39.2678],[-79.4122,39.2402],[-79.4252,39.2345],[-79.4257,39.2253],[-79.4533,39.2105],[-79.4674,39.2088],[-79.4729,39.2021],[-79.4869,39.2059],[-79.4872,39.1949],[-79.5076,39.2162],[-79.6873,39.2714],[-79.8088,39.231],[-79.809,39.2236],[-79.8167,39.2186],[-79.8142,39.2094],[-79.8268,39.1948],[-79.8222,39.1865],[-79.8286,39.178],[-79.8275,39.1604],[-79.833,39.1542],[-79.8381,39.1311]]]},"properties":{"geoid":"54085","state":"54","district":"85","name":"Delegate District 85","chamber":"House"}},{"type":"Feature","geometry":{"type":"Polygon","coordinates":[[[-79.5375,38.5513],[-79.5215,38.5341],[-79.4766,38.4572],[-79.3123,38.4119],[-79.2907,38.421],[-79.2829,38.4181],[-79.2797,38.4237],[-79.2828,38.4317],[-79.2673,38.4383],[-79.2545,38.4559],[-79.2427,38.4542],[-79.2399,38.4701],[-79.2257,38.4765],[-79.2106,38.4929],[-79.2059,38.5245],[-79.171,38.5681],[-79.1583,38.5931],[-79.1515,38.6202],[-79.1298,38.655],[-79.1205,38.6602],[-79.1064,38.6562],[-79.0928,38.6598],[-79.0845,38.6851],[-79.093,38.7017],[-79.0855,38.7246],[-79.0724,38.7478],[-79.0573,38.7607],[-79.0513,38.7736],[-79.055,38.7857],[-79.0466,38.7921],[-79.0273,38.7921],[-79.0241,38.8092],[-79.0186,38.8188],[-79.0066,38.8237],[-78.9998,38.8462],[-78.9938,38.85],[-78.8693,38.763],[-78.786,38.8872],[-78.7591,38.9005],[-78.7391,38.9271],[-78.7171,38.936],[-78.7193,38.9052],[-78.7043,38.9152],[-78.6974,38.9144],[-78.6883,38.9248],[-78.6805,38.9253],[-78.6707,38.9338],[-78.6466,38.9681],[-78.6384,38.9668],[-78.6278,38.9818],[-78.6205,38.9826],[-78.6187,38.9741],[-78.6112,38.9761],[-78.6017,38.9646],[-78.5705,39.0016],[-78.5505,39.0181],[-78.5719,39.032],[-78.5227,39.0711],[-78.5081,39.0886],[-78.5613,39.1314],[-78.6023,39.1404],[-78.6236,39.1185],[-78.6399,39.127],[-78.6569,39.1257],[-78.6914,39.1466],[-78.733,39.1499],[-78.899,39.1989],[-78.9799,39.2376],[-78.9971,39.2129],[-79.0016,39.1952],[-79.0361,39.15],[-79.0288,39.1418],[-79.0389,39.1304],[-79.0371,39.1193],[-79.053,39.1045],[-79.051,39.1005],[-79.0574,39.0909],[-79.066,39.0871],[-79.0684,39.0761],[-79.0779,39.0722],[-79.0729,39.0652],[-79.0897,39.0382],[-79.0778,39.0218],[-79.0827,39.0161],[-79.0826,39.0021],[-79.046,38.9287],[-79.0745,38.8986],[-79.0861,38.8939],[-79.0808,38.877],[-79.083,38.8693],[-79.1343,38.8133],[-79.2162,38.8688],[-79.2551,38.8253],[-79.2468,38.8144],[-79.2476,38.8083],[-79.2382,38.8016],[-79.2384,38.7926],[-79.2329,38.7939],[-79.2261,38.7869],[-79.2255,38.7783],[-79.2612,38.7712],[-79.2847,38.7501],[-79.2974,38.723],[-79.3019,38.7237],[-79.3062,38.7166],[-79.3071,38.7119],[-79.3015,38.7078],[-79.3156,38.694],[-79.3136,38.6874],[-79.3291,38.6781],[-79.3303,38.672],[-79.3203,38.6705],[-79.3248,38.6652],[-79.3151,38.6567],[-79.326,38.6417],[-79.3389,38.6387],[-79.3515,38.6256],[-79.3812,38.6234],[-79.401,38.6137],[-79.4164,38.6133],[-79.4186,38.6023],[-79.4296,38.5883],[-79.4231,38.581],[-79.4266,38.5735],[-79.4198,38.5706],[-79.472,38.5194],[-79.5124,38.5405],[-79.511,38.5645],[-79.5227,38.5642],[-79.5375,38.5513]]]},"properties":{"geoid":"54086","state":"54","district":"86","name":"Delegate District 86","chamber":"House"}},{"type":"Feature","geometry":{"type":"Polygon","coordinates":[[[-79.0501,39.4193],[-79.0431,39.4145],[-79.0233,39.4141],[-79.0084,39.4],[-79.0126,39.395],[-78.9999,39.3792],[-78.9814,39.3958],[-78.9817,39.3903],[-78.9721,39.3903],[-78.9907,39.3696],[-78.9822,39.3634],[-78.9528,39.3578],[-78.9336,39.3431],[-78.9353,39.3458],[-78.9104,39.3419],[-78.894,39.3587],[-78.8644,39.3273],[-78.8509,39.3309],[-78.8413,39.3516],[-78.8342,39.3523],[-78.8107,39.3766],[-78.7914,39.4126],[-78.8173,39.4169],[-78.8342,39.4349],[-78.8334,39.442],[-78.8178,39.4439],[-78.8058,39.4567],[-78.8053,39.4725],[-78.7872,39.4865],[-78.7826,39.498],[-78.8147,39.5084],[-78.8152,39.5132],[-78.7989,39.522],[-78.7981,39.5313],[-78.8113,39.5429],[-78.7981,39.5637],[-78.7395,39.5451],[-78.7246,39.5639],[-78.7332,39.5862],[-78.7402,39.5864],[-78.7448,39.5801],[-78.757,39.5808],[-78.7782,39.6019],[-78.7627,39.6099],[-78.752,39.6102],[-78.7468,39.6057],[-78.7336,39.6138],[-78.7344,39.6193],[-78.7472,39.6268],[-78.7634,39.6188],[-78.778,39.6223],[-78.766,39.6484],[-78.776,39.6453],[-78.7812,39.6368],[-78.7949,39.6371],[-78.8016,39.6277],[-78.7965,39.6059],[-78.809,39.6082],[-78.8119,39.598],[-78.8257,39.5892],[-78.8261,39.5772],[-78.8151,39.5716],[-78.8156,39.5631],[-78.8219,39.5606],[-78.8392,39.567],[-78.851,39.5601],[-78.8521,39.551],[-78.8614,39.541],[-78.8707,39.5388],[-78.8694,39.5318],[-78.8751,39.5227],[-78.8931,39.524],[-78.8924,39.5133],[-78.9055,39.5115],[-78.9041,39.5041],[-78.9167,39.4863],[-78.9343,39.4863],[-78.9425,39.4806],[-78.9385,39.4746],[-78.9425,39.4689],[-78.9589,39.4628],[-78.9543,39.4547],[-78.9605,39.451],[-78.956,39.4478],[-78.9562,39.4406],[-78.9655,39.4384],[-78.9901,39.4524],[-78.9983,39.4382],[-79.0334,39.4371],[-79.0501,39.4193]]]},"properties":{"geoid":"54087","state":"54","district":"87","name":"Delegate District 87","chamber":"House"}},{"type":"Feature","geometry":{"type":"Polygon","coordinates":[[[-79.2714,39.3282],[-79.1345,39.3125],[-78.8997,39.1991],[-78.733,39.1499],[-78.6914,39.1466],[-78.6683,39.1335],[-78.656,39.1344],[-78.6372,39.1633],[-78.6258,39.1646],[-78.6221,39.1794],[-78.6127,39.1819],[-78.6131,39.1865],[-78.6046,39.1889],[-78.5998,39.1982],[-78.5815,39.2045],[-78.5712,39.2232],[-78.5725,39.2285],[-78.5514,39.249],[-78.5417,39.2668],[-78.5593,39.2735],[-78.5638,39.2836],[-78.6449,39.2894],[-78.6512,39.2924],[-78.6497,39.298],[-78.6562,39.3021],[-78.6591,39.315],[-78.6822,39.3121],[-78.6909,39.3166],[-78.6956,39.3268],[-78.7113,39.3305],[-78.7228,39.3241],[-78.7493,39.3373],[-78.7556,39.3342],[-78.7673,39.3427],[-78.7603,39.3562],[-78.735,39.3794],[-78.7319,39.4079],[-78.715,39.427],[-78.6811,39.4114],[-78.6714,39.4145],[-78.6837,39.422],[-78.6823,39.4258],[-78.6563,39.4181],[-78.657,39.4278],[-78.6722,39.4355],[-78.6729,39.44],[-78.6619,39.4424],[-78.6558,39.4363],[-78.648,39.4384],[-78.6555,39.4507],[-78.6158,39.4818],[-78.62,39.4887],[-78.6162,39.492],[-78.5801,39.4878],[-78.5827,39.495],[-78.6026,39.504],[-78.5935,39.5141],[-78.5751,39.5035],[-78.5654,39.5091],[-78.5687,39.5146],[-78.5884,39.519],[-78.5908,39.5367],[-78.6026,39.532],[-78.6231,39.5397],[-78.6547,39.5346],[-78.6896,39.5458],[-78.695,39.5538],[-78.7245,39.5639],[-78.7419,39.5443],[-78.7502,39.5514],[-78.7854,39.5573],[-78.7981,39.5637],[-78.8054,39.5556],[-78.8113,39.5424],[-78.7981,39.5313],[-78.7989,39.522],[-78.8152,39.5132],[-78.8147,39.5086],[-78.7826,39.4978],[-78.7872,39.4865],[-78.8053,39.4725],[-78.8058,39.4567],[-78.8178,39.4439],[-78.8334,39.442],[-78.8342,39.4349],[-78.8173,39.4169],[-78.7914,39.4126],[-78.8107,39.3766],[-78.8342,39.3523],[-78.8413,39.3516],[-78.8521,39.3302],[-78.8644,39.3273],[-78.894,39.3587],[-78.9104,39.3419],[-78.9353,39.3458],[-78.9336,39.3431],[-78.9528,39.3578],[-78.962,39.3567],[-78.9907,39.3696],[-78.9721,39.3903],[-78.9817,39.3903],[-78.9814,39.3958],[-78.9999,39.3792],[-79.0126,39.395],[-79.0084,39.4],[-79.0233,39.4141],[-79.0431,39.4145],[-79.0507,39.4191],[-79.0334,39.4371],[-78.9983,39.4382],[-78.9901,39.4524],[-79.018,39.4677],[-79.0309,39.4653],[-79.037,39.4767],[-79.0482,39.4835],[-79.0569,39.4707],[-79.0663,39.48],[-79.0693,39.474],[-79.083,39.4715],[-79.1039,39.4756],[-79.1044,39.4708],[-79.0945,39.4648],[-79.1079,39.4612],[-79.1083,39.4571],[-79.1018,39.4572],[-79.1028,39.4505],[-79.1169,39.4389],[-79.1108,39.4319],[-79.124,39.4332],[-79.129,39.4295],[-79.1274,39.4182],[-79.1418,39.4171],[-79.1438,39.4052],[-79.15,39.4061],[-79.1512,39.417],[-79.1595,39.417],[-79.1594,39.4095],[-79.1667,39.4009],[-79.1629,39.3878],[-79.1792,39.3965],[-79.177,39.389],[-79.1856,39.3852],[-79.1977,39.3884],[-79.2143,39.3635],[-79.231,39.3649],[-79.235,39.3587],[-79.2565,39.3571],[-79.2538,39.3371],[-79.2687,39.3362],[-79.2714,39.3282]]]},"properties":{"geoid":"54088","state":"54","district":"88","name":"Delegate District 88","chamber":"House"}},{"type":"Feature","geometry":{"type":"Polygon","coordinates":[[[-78.7673,39.3427],[-78.7556,39.3342],[-78.7493,39.3373],[-78.7228,39.3241],[-78.7113,39.3305],[-78.6956,39.3268],[-78.6909,39.3166],[-78.6822,39.3121],[-78.6591,39.315],[-78.6562,39.3021],[-78.6497,39.298],[-78.6512,39.2924],[-78.6449,39.2894],[-78.5638,39.2836],[-78.5593,39.2735],[-78.5417,39.2668],[-78.5514,39.249],[-78.5725,39.2285],[-78.5712,39.2232],[-78.5815,39.2045],[-78.5998,39.1982],[-78.6046,39.1889],[-78.6131,39.1865],[-78.6127,39.1819],[-78.6221,39.1794],[-78.6258,39.1646],[-78.6372,39.1633],[-78.656,39.1344],[-78.6683,39.1335],[-78.6569,39.1257],[-78.6399,39.127],[-78.6236,39.1185],[-78.6023,39.1404],[-78.5624,39.1318],[-78.5081,39.0886],[-78.4843,39.1074],[-78.4599,39.1134],[-78.4394,39.1321],[-78.4273,39.1527],[-78.4037,39.1675],[-78.4263,39.1828],[-78.4249,39.1933],[-78.4387,39.1981],[-78.4056,39.2312],[-78.3997,39.2439],[-78.4194,39.2575],[-78.4029,39.2786],[-78.3934,39.283],[-78.3672,39.3101],[-78.3641,39.3188],[-78.36,39.3178],[-78.3474,39.3434],[-78.3393,39.3486],[-78.3404,39.3536],[-78.3669,39.3593],[-78.3432,39.3888],[-78.3509,39.391],[-78.3494,39.3973],[-78.3599,39.409],[-78.3467,39.4276],[-78.3532,39.4368],[-78.3461,39.4456],[-78.3451,39.4595],[-78.3498,39.4618],[-78.3471,39.466],[-78.3074,39.4408],[-78.3122,39.463],[-78.2658,39.559],[-78.2511,39.5748],[-78.2658,39.5823],[-78.2483,39.6039],[-78.2837,39.6025],[-78.2945,39.6119],[-78.2768,39.6044],[-78.2735,39.6119],[-78.2821,39.6206],[-78.352,39.6405],[-78.359,39.6385],[-78.3535,39.6306],[-78.356,39.6259],[-78.3738,39.6304],[-78.3824,39.6278],[-78.3834,39.6229],[-78.372,39.6119],[-78.3756,39.6083],[-78.4205,39.6241],[-78.4301,39.6234],[-78.4335,39.6182],[-78.4256,39.6077],[-78.397,39.5902],[-78.3953,39.5841],[-78.4109,39.579],[-78.445,39.5915],[-78.4568,39.5876],[-78.4582,39.5806],[-78.4494,39.5703],[-78.4258,39.5588],[-78.4185,39.5462],[-78.4256,39.5455],[-78.4377,39.5534],[-78.4346,39.5422],[-78.4384,39.5386],[-78.4504,39.5498],[-78.4609,39.5509],[-78.4605,39.5462],[-78.4485,39.5404],[-78.4624,39.5364],[-78.4618,39.5223],[-78.4711,39.516],[-78.5231,39.5249],[-78.5661,39.5194],[-78.5873,39.5279],[-78.5884,39.519],[-78.5687,39.5146],[-78.5665,39.5065],[-78.5758,39.5037],[-78.5909,39.5146],[-78.603,39.5053],[-78.5824,39.4948],[-78.5801,39.4878],[-78.5911,39.4862],[-78.6119,39.4927],[-78.6194,39.4898],[-78.6158,39.4818],[-78.6555,39.4507],[-78.648,39.4384],[-78.6558,39.4363],[-78.6619,39.4424],[-78.6735,39.4394],[-78.657,39.4278],[-78.6568,39.4178],[-78.6823,39.4258],[-78.6837,39.422],[-78.6714,39.4145],[-78.6811,39.4114],[-78.715,39.427],[-78.7319,39.4079],[-78.735,39.3794],[-78.7603,39.3562],[-78.7673,39.3427]]]},"properties":{"geoid":"54089","state":"54","district":"89","name":"Delegate District 89","chamber":"House"}},{"type":"Feature","geometry":{"type":"Polygon","coordinates":[[[-78.3122,39.4628],[-78.3074,39.4408],[-78.2288,39.3912],[-78.1987,39.4458],[-78.1686,39.4606],[-78.1693,39.4518],[-78.1486,39.4526],[-78.1323,39.4416],[-78.123,39.4598],[-78.116,39.4566],[-78.0957,39.4908],[-78.0919,39.5124],[-78.0983,39.515],[-78.087,39.5376],[-78.0945,39.5419],[-78.0931,39.5504],[-78.0739,39.5529],[-78.0781,39.5616],[-78.0732,39.5693],[-78.0583,39.565],[-78.0502,39.5764],[-78.04,39.5789],[-78.0391,39.5616],[-78.0224,39.5543],[-78.0178,39.556],[-78.0314,39.5626],[-78.0135,39.5601],[-78.0051,39.5645],[-78.0176,39.5748],[-78.0024,39.5883],[-78.0019,39.5924],[-78.0091,39.5959],[-77.9874,39.594],[-77.9918,39.6002],[-78.0108,39.6036],[-78.0373,39.637],[-78.08,39.6702],[-78.1053,39.6817],[-78.1828,39.6951],[-78.2022,39.6769],[-78.2326,39.6736],[-78.2238,39.6605],[-78.2541,39.6402],[-78.2647,39.6197],[-78.2821,39.6206],[-78.2735,39.6119],[-78.2768,39.6044],[-78.2944,39.6122],[-78.2837,39.6025],[-78.2483,39.6039],[-78.2658,39.5823],[-78.2511,39.5748],[-78.2658,39.559],[-78.3122,39.4628]]]},"properties":{"geoid":"54090","state":"54","district":"90","name":"Delegate District 90","chamber":"House"}},{"type":"Feature","geometry":{"type":"Polygon","coordinates":[[[-78.2289,39.3915],[-78.0332,39.2646],[-78.026,39.2726],[-78.0353,39.2787],[-78.0262,39.2802],[-78.0272,39.2884],[-78.0203,39.2881],[-78.0059,39.3068],[-77.9968,39.3116],[-78.0014,39.3132],[-78.005,39.3251],[-78.0227,39.3275],[-78.0186,39.3389],[-78.0234,39.346],[-78.0352,39.3564],[-78.049,39.36],[-78.0378,39.3748],[-78.0531,39.4023],[-78.0706,39.4107],[-78.0824,39.4085],[-78.0764,39.4103],[-78.0897,39.4201],[-78.0647,39.4563],[-78.0862,39.4389],[-78.1059,39.4415],[-78.1171,39.4356],[-78.1486,39.4526],[-78.1693,39.4518],[-78.1685,39.4606],[-78.1786,39.4569],[-78.1987,39.4458],[-78.2289,39.3915]]]},"properties":{"geoid":"54091","state":"54","district":"91","name":"Delegate District 91","chamber":"House"}},{"type":"Feature","geometry":{"type":"Polygon","coordinates":[[[-78.0982,39.5151],[-78.0919,39.5124],[-78.0957,39.491],[-78.0861,39.4908],[-78.0832,39.4859],[-78.0622,39.4894],[-78.025,39.4681],[-78.0168,39.4847],[-78.002,39.486],[-77.9893,39.4705],[-77.9903,39.4649],[-77.9758,39.4591],[-77.9721,39.4624],[-77.9628,39.46],[-77.9546,39.4718],[-77.9574,39.4758],[-77.963,39.4691],[-77.9701,39.4734],[-77.9632,39.5005],[-77.9687,39.5068],[-77.9642,39.5193],[-77.9668,39.5264],[-77.9308,39.598],[-77.9356,39.602],[-77.938,39.5886],[-77.9441,39.5845],[-77.951,39.5895],[-77.9513,39.6056],[-77.9587,39.6089],[-77.9762,39.5999],[-77.9916,39.6],[-77.9879,39.5928],[-78.0088,39.5962],[-78.0024,39.5883],[-78.0176,39.5748],[-78.0051,39.5645],[-78.0135,39.5601],[-78.0314,39.5626],[-78.0178,39.556],[-78.0227,39.5542],[-78.0391,39.5616],[-78.04,39.5789],[-78.0502,39.5764],[-78.0583,39.565],[-78.0732,39.5693],[-78.0781,39.5616],[-78.0739,39.5529],[-78.0931,39.5504],[-78.0945,39.5419],[-78.087,39.5376],[-78.0982,39.5151]]]},"properties":{"geoid":"54092","state":"54","district":"92","name":"Delegate District 92","chamber":"House"}},{"type":"Feature","geometry":{"type":"Polygon","coordinates":[[[-78.1322,39.4417],[-78.1171,39.4356],[-78.1059,39.4415],[-78.087,39.4387],[-78.0647,39.4563],[-78.0897,39.4201],[-78.0764,39.4103],[-78.0824,39.4085],[-78.0706,39.4107],[-78.0531,39.4024],[-78.0378,39.3748],[-78.0298,39.3842],[-78.0249,39.406],[-78.0096,39.4174],[-77.9894,39.4434],[-77.9674,39.4451],[-77.9694,39.4422],[-77.9594,39.4359],[-77.9462,39.4521],[-77.9621,39.4624],[-77.9758,39.4591],[-77.9903,39.4649],[-77.9893,39.4705],[-78.002,39.486],[-78.0168,39.4847],[-78.025,39.4681],[-78.0616,39.4892],[-78.083,39.4858],[-78.0912,39.492],[-78.1011,39.4846],[-78.116,39.4566],[-78.123,39.4598],[-78.1322,39.4417]]]},"properties":{"geoid":"54093","state":"54","district":"93","name":"Delegate District 93","chamber":"House"}},{"type":"Feature","geometry":{"type":"Polygon","coordinates":[[[-77.9701,39.4737],[-77.963,39.4691],[-77.9574,39.4758],[-77.9548,39.4712],[-77.9621,39.4624],[-77.9481,39.4535],[-77.9421,39.4704],[-77.9444,39.4764],[-77.941,39.4754],[-77.9479,39.4837],[-77.9361,39.505],[-77.9398,39.5067],[-77.9047,39.5575],[-77.8893,39.5686],[-77.8842,39.5789],[-77.8761,39.5809],[-77.8629,39.6086],[-77.8851,39.6158],[-77.8812,39.601],[-77.8903,39.5975],[-77.9201,39.6037],[-77.9333,39.618],[-77.9442,39.6174],[-77.9308,39.598],[-77.9668,39.5264],[-77.9642,39.5193],[-77.9687,39.5068],[-77.9632,39.5005],[-77.9701,39.4737]]]},"properties":{"geoid":"54094","state":"54","district":"94","name":"Delegate District 94","chamber":"House"}},{"type":"Feature","geometry":{"type":"Polygon","coordinates":[[[-77.9483,39.4529],[-77.9244,39.45],[-77.9147,39.473],[-77.9211,39.4834],[-77.9107,39.4831],[-77.9051,39.4951],[-77.9077,39.5013],[-77.8978,39.5024],[-77.8871,39.5238],[-77.8706,39.515],[-77.8651,39.5163],[-77.8653,39.5384],[-77.8867,39.5522],[-77.8886,39.5582],[-77.876,39.5639],[-77.8361,39.5667],[-77.8298,39.5878],[-77.8341,39.6034],[-77.8633,39.6084],[-77.8761,39.5809],[-77.8842,39.5789],[-77.8893,39.5686],[-77.9054,39.5566],[-77.9398,39.5067],[-77.9361,39.505],[-77.9479,39.4837],[-77.941,39.4754],[-77.9444,39.4764],[-77.9421,39.4704],[-77.9483,39.4529]]]},"properties":{"geoid":"54095","state":"54","district":"95","name":"Delegate District 95","chamber":"House"}},{"type":"Feature","geometry":{"type":"Polygon","coordinates":[[[-78.049,39.36],[-78.0352,39.3564],[-78.0234,39.346],[-78.0186,39.3389],[-78.0227,39.3275],[-78.005,39.3251],[-78.0014,39.3132],[-77.9968,39.3116],[-77.988,39.3203],[-77.9956,39.3269],[-77.9881,39.3255],[-77.9882,39.3319],[-77.9769,39.3401],[-77.9816,39.3493],[-77.9666,39.3459],[-77.9685,39.3574],[-77.9619,39.3596],[-77.9671,39.367],[-77.9439,39.3727],[-77.9468,39.3806],[-77.9311,39.3803],[-77.9506,39.3927],[-77.9377,39.3915],[-77.9451,39.4041],[-77.9303,39.4062],[-77.946,39.4139],[-77.9352,39.4164],[-77.938,39.4246],[-77.9377,39.4182],[-77.9586,39.4185],[-77.9677,39.422],[-77.9602,39.4365],[-77.9694,39.4422],[-77.9674,39.4451],[-77.9894,39.4434],[-78.0096,39.4174],[-78.0249,39.406],[-78.0303,39.3831],[-78.049,39.36]]]},"properties":{"geoid":"54096","state":"54","district":"96","name":"Delegate District 96","chamber":"House"}},{"type":"Feature","geometry":{"type":"Polygon","coordinates":[[[-77.9676,39.4222],[-77.941,39.418],[-77.938,39.4246],[-77.9352,39.4164],[-77.946,39.4139],[-77.9303,39.4062],[-77.9448,39.4045],[-77.9362,39.3938],[-77.9496,39.3939],[-77.9443,39.387],[-77.9309,39.3812],[-77.9184,39.3909],[-77.921,39.3851],[-77.9164,39.3814],[-77.9011,39.3849],[-77.8837,39.3746],[-77.8781,39.3854],[-77.8731,39.3842],[-77.8763,39.3789],[-77.8646,39.3767],[-77.8668,39.3689],[-77.8741,39.3688],[-77.8652,39.3627],[-77.8539,39.3645],[-77.8497,39.3542],[-77.8316,39.3545],[-77.8261,39.3571],[-77.8279,39.3669],[-77.8097,39.4],[-77.8298,39.4045],[-77.8175,39.4166],[-77.8208,39.4412],[-77.8161,39.4505],[-77.806,39.443],[-77.8058,39.4369],[-77.7858,39.4445],[-77.7989,39.4596],[-77.7777,39.4626],[-77.7954,39.4712],[-77.7978,39.4792],[-77.7655,39.4947],[-77.7816,39.4991],[-77.7916,39.491],[-77.8029,39.4895],[-77.8454,39.4981],[-77.8466,39.5046],[-77.8251,39.5179],[-77.8243,39.5277],[-77.8323,39.5323],[-77.8403,39.5297],[-77.8419,39.5184],[-77.8508,39.5154],[-77.8703,39.5149],[-77.8858,39.5245],[-77.8921,39.5102],[-77.8975,39.5092],[-77.8978,39.5024],[-77.9077,39.5013],[-77.9051,39.4951],[-77.9107,39.4831],[-77.9211,39.4834],[-77.9147,39.473],[-77.9244,39.45],[-77.9496,39.4518],[-77.9676,39.4222]]]},"properties":{"geoid":"54097","state":"54","district":"97","name":"Delegate District 97","chamber":"House"}},{"type":"Feature","geometry":{"type":"Polygon","coordinates":[[[-78.0355,39.2782],[-78.026,39.2726],[-78.0332,39.2646],[-77.8609,39.1534],[-77.8553,39.1647],[-77.8589,39.178],[-77.8404,39.1904],[-77.8508,39.202],[-77.8285,39.2102],[-77.8292,39.218],[-77.8412,39.2278],[-77.8544,39.2288],[-77.8447,39.2462],[-77.8511,39.2518],[-77.8628,39.2577],[-77.8732,39.2556],[-77.8736,39.2507],[-77.8873,39.2612],[-77.9238,39.2639],[-77.9181,39.2711],[-77.9223,39.273],[-77.9191,39.2836],[-77.9228,39.3039],[-77.8634,39.2911],[-77.8413,39.3041],[-77.8373,39.2963],[-77.8321,39.2992],[-77.8335,39.3045],[-77.8269,39.3039],[-77.8376,39.3104],[-77.8411,39.3061],[-77.8424,39.3097],[-77.8373,39.3119],[-77.84,39.3232],[-77.8526,39.3251],[-77.8547,39.3544],[-77.8497,39.3543],[-77.8539,39.3645],[-77.8652,39.3627],[-77.8741,39.3688],[-77.8668,39.3689],[-77.8646,39.3767],[-77.8763,39.3789],[-77.8731,39.3842],[-77.8781,39.3854],[-77.8837,39.3746],[-77.9011,39.3849],[-77.9164,39.3814],[-77.921,39.3851],[-77.9184,39.3909],[-77.9318,39.3796],[-77.9471,39.3805],[-77.9439,39.3727],[-77.9672,39.3668],[-77.9619,39.3596],[-77.9685,39.3574],[-77.9666,39.3459],[-77.9823,39.3483],[-77.9769,39.3401],[-77.9882,39.3319],[-77.9879,39.3256],[-77.996,39.326],[-77.989,39.3191],[-78.0059,39.3068],[-78.0203,39.2881],[-78.0272,39.2884],[-78.0262,39.2802],[-78.0355,39.2782]]]},"properties":{"geoid":"54098","state":"54","district":"98","name":"Delegate District 98","chamber":"House"}},{"type":"Feature","geometry":{"type":"Polygon","coordinates":[[[-77.9238,39.2639],[-77.8873,39.2612],[-77.8736,39.2507],[-77.8732,39.2556],[-77.8628,39.2577],[-77.8447,39.2462],[-77.8544,39.2288],[-77.8367,39.2314],[-77.8238,39.2261],[-77.8127,39.2274],[-77.808,39.2374],[-77.8153,39.2544],[-77.8295,39.2606],[-77.8092,39.2938],[-77.8162,39.3033],[-77.7907,39.3146],[-77.7989,39.3151],[-77.8004,39.3457],[-77.8328,39.3384],[-77.8316,39.3545],[-77.8547,39.3544],[-77.8526,39.3251],[-77.84,39.3232],[-77.8373,39.3119],[-77.8424,39.3097],[-77.8411,39.3061],[-77.8376,39.3104],[-77.8269,39.3039],[-77.8335,39.3045],[-77.8321,39.2992],[-77.8373,39.2963],[-77.8413,39.3041],[-77.8634,39.2911],[-77.9228,39.3039],[-77.9191,39.2836],[-77.9223,39.273],[-77.9181,39.2711],[-77.9238,39.2639]]]},"properties":{"geoid":"54099","state":"54","district":"99","name":"Delegate District 99","chamber":"House"}},{"type":"Feature","geometry":{"type":"Polygon","coordinates":[[[-77.8609,39.1534],[-77.8283,39.1324],[-77.8245,39.1361],[-77.8216,39.1519],[-77.806,39.1717],[-77.7927,39.2114],[-77.7714,39.2365],[-77.7672,39.249],[-77.7709,39.2494],[-77.7701,39.2564],[-77.7584,39.2651],[-77.7384,39.3082],[-77.7195,39.3213],[-77.7557,39.3339],[-77.7609,39.34],[-77.7437,39.3592],[-77.753,39.3817],[-77.7357,39.3895],[-77.7529,39.423],[-77.7614,39.4279],[-77.7964,39.4316],[-77.8058,39.4369],[-77.812,39.4503],[-77.8161,39.4505],[-77.8221,39.4346],[-77.8175,39.4166],[-77.8298,39.4046],[-77.8097,39.3998],[-77.8279,39.3669],[-77.826,39.3572],[-77.8314,39.3561],[-77.8328,39.3384],[-77.8004,39.3457],[-77.7989,39.3151],[-77.7907,39.3146],[-77.8162,39.3033],[-77.8092,39.2938],[-77.8295,39.2606],[-77.8153,39.2544],[-77.8081,39.2353],[-77.8144,39.2266],[-77.8409,39.2292],[-77.8389,39.2227],[-77.8278,39.216],[-77.8282,39.2113],[-77.8508,39.202],[-77.8404,39.1904],[-77.8589,39.178],[-77.8553,39.1647],[-77.8609,39.1534]]]},"properties":{"geoid":"54100","state":"54","district":"100","name":"Delegate District 100","chamber":"House"}}]}